<?xml version="1.0"?>
<VTKFile type="PolyData" version="0.1" byte_order="LittleEndian" header_type="UInt32" compressor="vtkZLibDataCompressor">
  <PolyData>
    <Piece NumberOfPoints="686" NumberOfVerts="686" NumberOfLines="0" NumberOfStrips="0" NumberOfPolys="0">
      <PointData>
        <DataArray type="Float64" Name="density" format="ascii" RangeMin="500" RangeMax="999.9824706290993">
          614.5884373699969 506.23556341282324 603.4099162954656 537.3019400768229 694.2573060900572 906.815931635596
          843.9875710007608 500 500 500 526.0312986719116 763.325881542178
          632.1088750098473 858.7783796870945 500 546.9229665378992 500 500
          954.3008572168357 681.7510143185826 834.5651117840722 500 500 500
          500 502.70870238905957 988.0522581233892 914.3729644363685 500 500
          500 500 759.5202002243711 768.5801039474787 948.6445325821439 500
          500 500 500 654.5251496162448 843.175155518618 921.9342890221303
          500 500 565.4429380674331 970.1158541842937 672.6189888679546 692.7974298162604
          918.47150232651 500 500 500 500 609.8375857146908
          500 750.0325016709359 500 500 841.4194257561926 904.1526280111456
          877.2251016561219 893.0070373023467 951.1890875963813 500 500 644.8233233576168
          764.1511653963511 853.9265557005015 734.3907251767054 896.0057912961826 879.4541038447097 527.3628683365522
          500 916.2378192557787 909.942991646474 874.4480360692522 948.0534390605834 606.3936259719885
          509.7557426721754 571.7599359756794 680.9331336058515 896.9516747329146 898.8829067350794 904.9488091048075
          801.9049590907671 849.7875013888228 973.3207964151665 791.8002778120896 980.7071585631253 968.0860864552792
          891.3208707281321 500 500 500 500 641.3482886826463
          670.1214319575561 712.1028211762837 500 500 500 623.2101120819141
          610.069356454349 687.8235155492922 860.7395093324247 559.9916605176892 688.1497500246926 644.0184951448426
          680.7150785072089 727.5602774055882 947.9342846071668 881.831320171785 920.8302995996288 919.7805806599996
          823.8333364461839 895.3943412044723 901.1127796436035 904.0564450974844 894.5609756662027 823.608396394847
          959.6313063884468 944.8478093216561 910.7556658760684 987.6127024013749 786.0465281220511 843.1498102962489
          819.0197733404891 809.3242313280048 973.8840446522894 877.1732245840084 800.4551750851491 845.9662998129701
          946.8664339125504 530.8580870170076 655.9256011448438 500 843.8121029499691 968.4415271279858
          887.2151409616007 842.3765455394685 500 500 500 500
          520.4470260762656 692.5342129392192 881.0556463229531 500 500 500
          769.4085883914777 500 681.2898505847181 743.0078328530301 748.2538060625415 684.7439864685764
          501.279551741907 754.1209529654851 866.529337657609 789.1631055218234 823.3937937314415 884.5551948909202
          950.9839445040675 901.2577526290004 786.1430553095742 966.3506661505595 954.686329318625 815.725367691391
          925.0401343702091 893.9251667630248 845.3924861549314 707.0176330301197 878.7824034081802 916.894597339166
          835.6155262321827 982.7125203340584 942.2937300947494 867.001476673794 850.0224890647884 829.4229635105562
          933.4356890906281 689.7292248732927 999.8097628432733 813.7702386641132 500 551.4998864813274
          941.4206370233867 742.0925904412926 884.038765108853 500 500 500
          720.1523032942772 593.8126727692387 747.3195646516492 656.8435674628311 500 500
          500 901.1794660155509 563.9960282507127 861.290065414357 500 852.0220088091056
          505.95627291469424 935.6497720765487 695.1792847023942 913.4108950155132 500 903.7175257720626
          696.0996396328463 783.9971842771591 624.2135349756597 762.3126590419809 861.9744056532305 693.914189639973
          954.5331710907941 813.2267502965608 745.1491004316589 857.6221576058441 941.1518129533576 976.0477653825216
          887.4315100656358 640.9336574875275 866.1928044707925 965.7963289122598 797.7052702361026 895.615436150483
          881.5459231194451 939.9297696051258 962.1809338235527 854.594770925242 964.0003489477393 888.5395410608837
          846.941665060513 517.7420671021689 700.2112412678509 737.7507178884085 500 500
          500 892.6788148944382 860.8760890057423 961.3031604965098 902.4794334908189 500
          500 500 949.0007678878474 546.3012314537539 843.3132158072971 519.1025482388519
          887.5000199241736 808.4945908146373 999.9824706290993 835.2680223502355 658.7000920774392 744.915232409639
          758.393137235019 730.0800997141978 887.2331070208585 890.8387630568999 635.3245343714403 850.3989430127797
          861.7552155693537 949.7226520918093 500 706.3244758774345 829.2525496256661 750.2371316646618
          811.6566879808536 911.8789201013308 681.8470591302765 914.5310027567622 834.8675251273746 885.5798615880119
          908.3501286214671 703.9124172509731 831.4151468932079 697.5945220639416 524.3701701211894 938.942625018659
          972.3946683493805 683.6404620528776 650.2350458482803 500 816.411154011723 526.1184728114704
          500 685.0423473622742 955.3212428779453 895.7867916261716 867.6493134651818 662.5474879801225
          504.5743132069197 500 676.3964717335673 849.327592190138 976.1509276789122 910.5920213067118
          500 920.3367649201695 987.8158169593617 500 799.6300572326751 711.8696260704154
          999.9071209414706 769.7445169575432 660.4826788144733 849.7123482664032 913.164141368272 953.444267823403
          788.4360234309995 857.831259232957 873.7081348161882 565.027672165774 652.7086333187824 643.3222626393862
          737.2176576508563 783.0568973560787 703.8434786824682 809.1438718979633 810.0744436109306 870.9995400866934
          812.5959326731316 712.432182134543 880.9570234695624 811.3166068754845 658.4579905837629 857.751154793795
          673.2396861384932 841.1822149689452 556.4911898008206 805.2590364276808 611.5764340045622 787.5893644516037
          508.7350276152368 577.4307096062929 680.6706242359928 704.8439082721696 724.4931210400136 879.4638826501945
          843.7936754409267 500 500 765.3116399526999 749.3076599507668 877.0393416059372
          980.5972228175049 686.4498277803203 945.3489223548323 974.941223626524 671.490446773275 842.2084609725713
          847.6383045274812 654.7228435756202 914.4212285601665 910.6416123965325 721.8447200216694 899.622603828462
          867.143219194557 991.3827621698856 671.6422085784448 715.98612475687 873.90969915669 932.3107919104764
          746.7012524533937 765.8050980666906 500 500 817.1979083350606 948.1358259369781
          834.3794301139953 851.9094008695018 953.485401091861 894.1347848204128 834.6560194125115 770.5159066863475
          868.8869676345763 606.8331577940816 500 791.3061768131961 706.5455514974359 903.3928723651006
          858.0556157968513 500 500 500 730.2823426533763 587.0620552927389
          974.0672399364586 843.1594755085446 500 500 500 950.1894465124495
          711.2998224887292 999.8306945301556 752.1801485703716 607.6873392086172 515.9716456539167 923.989967991707
          779.4695780155356 500 688.9680663905054 669.1116776611096 922.7555146985273 544.5401184184271
          817.7103992119597 827.4665136844058 771.1597956848466 683.3618902674289 689.0556303191986 879.0653197914255
          703.7729609481903 928.3659486844466 805.6271446639615 863.9662298254601 763.9330235429496 682.4195718914249
          915.6079187325672 770.0752491010832 859.0153295239772 915.3075710214592 817.6474982860813 738.291300174562
          806.828490231544 696.8333289553947 720.6978775606705 984.8712482808046 909.5906715399539 820.1935211989023
          986.3842875607419 911.5680195500098 500 500 500 999.4134844212065
          776.5867498526364 910.0114544377423 939.2663243072957 500 500 500
          898.9187842703277 608.4030417337689 747.3466609706331 500 957.0873130295333 976.0694139789256
          963.6927944463712 500 604.4791020500041 873.3251003252293 830.1150596684528 828.5459447375669
          741.4919300681785 765.9716648511322 935.6794406091485 893.6204543839217 838.6413809271312 874.558210495137
          623.2980033810195 879.5041495959828 898.2426734182212 956.0405505614739 939.0815797441172 752.9050462923154
          911.9488766399007 965.1920733040729 819.2555639684475 930.3122247429586 978.7179463076835 778.6070244259806
          856.5577841944128 889.0602965511385 576.871037842412 992.8865592312266 835.1651438572778 522.1834044143468
          597.6788438635715 932.6516915813406 978.3047112142465 500 500 500
          802.3602244807817 807.4628820276864 777.4568954879085 995.1461691220896 500 500
          500 994.2807503223376 704.0499775237846 644.9403622756123 649.7746399369385 635.9487720445327
          943.5755559859198 982.8605651827742 508.2400078846965 884.8603603445922 588.8484288934675 906.1574737489226
          771.3148063471975 919.3626180645308 948.8987472812283 696.2623891847832 666.2620900094109 844.7013747948585
          864.6678739621407 702.0015751238917 831.6967309447316 932.3314699957964 904.8756929123623 628.1242139370236
          740.2418623579025 828.1647818708993 880.016789661308 897.4049499640141 813.2592415248979 807.8781989623437
          884.132265681756 816.7327636034087 937.1254752962874 766.9391191174079 834.1864570826642 771.1007738951686
          680.6733719205209 635.6803389808288 938.1027107077987 864.4777235268057 500 500
          583.3768139017274 792.1948320727729 733.270429940119 700.807776395941 847.4975657399242 500
          500 500 585.9796083692572 500 671.2189815462685 866.8115937491309
          901.3636743803129 795.6321210867188 897.5890936299503 984.1432210025231 603.5392630705834 631.9284434324537
          978.9680605227837 956.2780447213785 871.0009976655903 952.2089050998236 889.0687851530477 730.9222419813068
          844.5996550786281 932.975507457131 941.8385379785583 836.5280730924209 982.5397151203506 993.3572896500208
          735.516281680779 957.5994508950834 878.4215838804209 970.2894653642244 797.987878193591 941.0150360322989
          951.4470454360267 845.3693366174775 975.1420241663071 929.1042596432721 500 814.1500835831314
          631.6756816336324 738.7622511682358 704.2744978324014 677.2658188985798 906.9507248044083 500
          500 500 500 629.9687004443957 627.1751597401515 795.8679264915897
          500 500 500 853.3911604688791 768.2599471418345 500
          829.4937876774407 776.5044201821685 500 844.030297243122 829.1492180734002 959.6431219402207
          980.1696452565035 921.7839271444678 832.1540180961792 604.0980379639266 891.0795310026613 779.6443859638265
          821.5871202562514 901.2973265526438 938.5732544601369 847.3959418271519 877.9107009781412 895.3632890773368
          952.4900245632587 862.5085216807961 946.0769742675559 851.7840759961111 869.8830136535747 872.7493290765323
          841.6629282616972 800.9321632685846 976.8982944342871 866.9066428699806 788.187372660642 631.6485835881608
          816.1213959824239 605.6951354620884 819.1132973567703 632.820117728631 854.0990687556333 817.409312259125
          500 500 500 500 660.546906695673 762.6525342115568
          795.088258095357 500 500 500 809.2871611471046 930.1710608874129
          984.9589979057932 907.6148690509717 500 500 500 500
          666.3675781739478 698.929579507739 916.6517816874473 500 500 500
          500 588.1959231841762 881.5061630220168 897.2588214779837 500 500
          500 500 693.6494978404548 796.3710478165254 848.4380172983573 500
          500 500 554.5976238980674 684.9257478111668 706.8996437056859 974.925285413196
          500 500 500 500 640.3096994364665 833.4126593714185
          803.4904335735027 536.2477785096635 500 676.0259995868821 980.6154923863154 977.9599226569869
          959.6291348452099 779.6324146681186
        </DataArray>
        <DataArray type="Float64" Name="pressure" format="ascii" RangeMin="0" RangeMax="0">
          0 0 0 0 0 0
          0 0 0 0 0 0
          0 0 0 0 0 0
          0 0 0 0 0 0
          0 0 0 0 0 0
          0 0 0 0 0 0
          0 0 0 0 0 0
          0 0 0 0 0 0
          0 0 0 0 0 0
          0 0 0 0 0 0
          0 0 0 0 0 0
          0 0 0 0 0 0
          0 0 0 0 0 0
          0 0 0 0 0 0
          0 0 0 0 0 0
          0 0 0 0 0 0
          0 0 0 0 0 0
          0 0 0 0 0 0
          0 0 0 0 0 0
          0 0 0 0 0 0
          0 0 0 0 0 0
          0 0 0 0 0 0
          0 0 0 0 0 0
          0 0 0 0 0 0
          0 0 0 0 0 0
          0 0 0 0 0 0
          0 0 0 0 0 0
          0 0 0 0 0 0
          0 0 0 0 0 0
          0 0 0 0 0 0
          0 0 0 0 0 0
          0 0 0 0 0 0
          0 0 0 0 0 0
          0 0 0 0 0 0
          0 0 0 0 0 0
          0 0 0 0 0 0
          0 0 0 0 0 0
          0 0 0 0 0 0
          0 0 0 0 0 0
          0 0 0 0 0 0
          0 0 0 0 0 0
          0 0 0 0 0 0
          0 0 0 0 0 0
          0 0 0 0 0 0
          0 0 0 0 0 0
          0 0 0 0 0 0
          0 0 0 0 0 0
          0 0 0 0 0 0
          0 0 0 0 0 0
          0 0 0 0 0 0
          0 0 0 0 0 0
          0 0 0 0 0 0
          0 0 0 0 0 0
          0 0 0 0 0 0
          0 0 0 0 0 0
          0 0 0 0 0 0
          0 0 0 0 0 0
          0 0 0 0 0 0
          0 0 0 0 0 0
          0 0 0 0 0 0
          0 0 0 0 0 0
          0 0 0 0 0 0
          0 0 0 0 0 0
          0 0 0 0 0 0
          0 0 0 0 0 0
          0 0 0 0 0 0
          0 0 0 0 0 0
          0 0 0 0 0 0
          0 0 0 0 0 0
          0 0 0 0 0 0
          0 0 0 0 0 0
          0 0 0 0 0 0
          0 0 0 0 0 0
          0 0 0 0 0 0
          0 0 0 0 0 0
          0 0 0 0 0 0
          0 0 0 0 0 0
          0 0 0 0 0 0
          0 0 0 0 0 0
          0 0 0 0 0 0
          0 0 0 0 0 0
          0 0 0 0 0 0
          0 0 0 0 0 0
          0 0 0 0 0 0
          0 0 0 0 0 0
          0 0 0 0 0 0
          0 0 0 0 0 0
          0 0 0 0 0 0
          0 0 0 0 0 0
          0 0 0 0 0 0
          0 0 0 0 0 0
          0 0 0 0 0 0
          0 0 0 0 0 0
          0 0 0 0 0 0
          0 0 0 0 0 0
          0 0 0 0 0 0
          0 0 0 0 0 0
          0 0 0 0 0 0
          0 0 0 0 0 0
          0 0 0 0 0 0
          0 0 0 0 0 0
          0 0 0 0 0 0
          0 0 0 0 0 0
          0 0 0 0 0 0
          0 0 0 0 0 0
          0 0 0 0 0 0
          0 0 0 0 0 0
          0 0 0 0 0 0
          0 0 0 0 0 0
          0 0 0 0 0 0
          0 0 0 0 0 0
          0 0 0 0 0 0
          0 0 0 0 0 0
          0 0 0 0 0 0
          0 0
        </DataArray>
        <DataArray type="Float64" Name="velocity" NumberOfComponents="3" format="ascii" RangeMin="1.1665592518071168e-45" RangeMax="0.9232065462211648">
          -1.1054637791085483e-36 -1.254096046036859e-36 0 -1.082746537705878e-36 -1.2283157506653715e-36 0
          -1.11526475137067e-36 -1.2652182271863499e-36 0 -2.100052229341847e-7 -2.0512092091886965e-7 -0.7342713167029042
          -2.0518946738678581e-7 -2.0070976889585178e-7 -0.6620043433108018 -2.761211636044407e-7 -2.583294305257431e-7 -0.8791845753728895
          -2.9950485716881096e-7 -2.5675289429415187e-7 -0.8823494047212541 -3.085603939419581e-41 -9.086606590622101e-42 0
          -3.9658520190992594e-41 -1.1680490004890325e-41 0 -1.0462480685763245e-40 -3.082441204316088e-41 0
          -3.1806308457735136e-7 -1.3039107318374502e-7 -0.513117547037401 -3.610761670711729e-7 -1.5108108201511423e-7 -0.6711127225426649
          -4.105845673508116e-7 -2.0182803177132269e-7 -0.9151189936674453 -3.107628794317382e-7 -2.1029099066172078e-7 -0.7834598120266995
          -2.718627920274621e-38 -6.676983753829043e-39 0 -4.518719193647347e-38 -1.1095574131754474e-38 0
          -4.660175577410819e-38 -1.1442836159219005e-38 0 -3.019460781909063e-7 -8.849957851762667e-8 -0.010782601705664353
          -3.5019533736328875e-7 1.3122282886649885e-8 -0.7422567106058022 -3.424013678966415e-7 -6.105466585430412e-8 -0.6116484691976137
          -2.2657498233751178e-7 -3.637755974609475e-8 -0.14854665820966795 -1.1001341211968263e-38 -2.702116024365493e-39 0
          -3.166970769858066e-38 -7.771559081156372e-39 0 -3.00670432953006e-38 -7.377480732444744e-39 0
          -3.0458276849324824e-33 -1.57063109887904e-34 0 -2.1004994106001382e-7 -3.963877066684862e-9 -0.06277560706208375
          -3.3519906343914775e-7 1.3621242855798103e-8 -0.6710425175443716 -3.062712594294917e-7 2.7070825940756625e-8 -0.5284826712351816
          -3.889095741640624e-39 -9.551839466027915e-40 0 -1.84181983633939e-38 -4.513366802189355e-39 0
          -1.6808524889317975e-38 -4.1175630592596916e-39 0 -2.910868358499526e-7 8.108869623320773e-8 -0.5256479522681173
          -3.128715544213546e-7 2.4130798884917013e-8 -0.6297351881765809 -3.558402470624844e-7 7.93676901785857e-8 -0.7778673230202238
          -3.9103063531873363e-7 1.064854549887922e-7 -0.8529758561328649 -4.2746053103058446e-39 1.2106367120023774e-39 0
          -1.5325772714226836e-38 4.340530930182615e-39 0 -1.7730636908924965e-38 5.021632337527225e-39 0
          -2.617824566393067e-7 1.021563705908509e-7 -0.510060907183935 -3.211446568373577e-7 1.5271769437903807e-7 -0.7076337761475772
          -3.922974028776529e-7 2.1771493558187997e-7 -0.9190179166422082 -2.0840855687866735e-7 1.2136708766563264e-7 -0.11756645220259418
          -2.0377536984185883e-37 2.1239454142308644e-37 0 -2.026398917227939e-37 2.112090168907594e-37 0
          -2.8191621606960267e-7 2.203535079000059e-7 -0.5866380417022725 -3.1319719499877303e-7 2.434275029547699e-7 -0.7030906147055619
          -1.7804052877993582e-7 1.3230820053104628e-7 0.028608217060378843 -1.9447870281251898e-7 1.4472168604846854e-7 -0.06775090082262725
          -3.557778203044101e-7 2.544045086921386e-7 -0.790410842056368 -4.300252665804004e-44 -2.3624056744869056e-43 0
          -4.40022135300634e-46 -1.7601936698007418e-45 0 -3.865703473801468e-46 -1.499634887477633e-45 0
          -3.100756198173769e-31 -1.0816609573888339e-30 0 -3.168728436222318e-31 -1.0983725922763904e-30 0
          -2.010154495231137e-7 -2.8724390936161876e-7 -0.5121225816317555 -2.1851938204409993e-7 -2.573247558890546e-7 -0.6417604441879057
          -1.2020261203256639e-36 -1.3636790878884997e-36 0 -1.5307256412441338e-7 -1.4972214229400382e-7 -0.3600075641713887
          -2.0665431647423736e-7 -1.983786488490767e-7 -0.5916396787106476 -2.1847726970439003e-7 -2.0283729334771707e-7 -0.5956763566052559
          -3.3092552518279615e-7 -1.2814996898328472e-7 -0.5624817349440479 -2.892573849495694e-7 -2.886716849315405e-7 -0.8844861463933312
          -1.597538465888009e-7 -1.8961353075612877e-7 -0.20033877584865703 -3.072709717813721e-7 -8.778535532581683e-8 -0.319881913275872
          -3.4224574255484284e-7 -1.0227294024415587e-7 -0.13719579295864523 -3.18560339509742e-7 -1.1762609538349537e-7 -0.4769985262313483
          -3.9538461974508164e-7 -1.3689438525819976e-7 -0.7445709256941252 -3.939744080087742e-7 -1.4228876934124162e-7 -0.9198865938307913
          -2.41341762315766e-7 -5.118015168722307e-8 -0.1958427206944021 -1.9279182825953035e-7 -5.1828873661439224e-8 -0.018307654848143916
          -2.9706179002255503e-7 2.5105991301394523e-8 -0.5591416002693027 -4.759026923940052e-38 -1.1686301316035679e-38 0
          -2.5107324296940464e-7 2.880672021542047e-8 0.02971880355054112 -3.559416775262154e-7 -3.0293578342226437e-9 -0.710964959344429
          -2.641651261151454e-7 -2.85102722534581e-8 -0.36704659626823577 -2.1598600992608502e-7 -7.422613838237965e-9 -0.10806254782631419
          -2.477480323594577e-7 2.8377074511139822e-8 -0.28115465811567564 -2.969023860971519e-7 1.0363708787959955e-7 -0.6266654807575525
          -3.819967828150654e-7 1.2594354397821687e-7 -0.9120018984699062 -2.9257124431725237e-7 9.753431114410046e-8 -0.6020150172178345
          -3.0774909891275227e-7 1.195878523087043e-7 -0.663895515067351 -2.0085505288027588e-7 3.925584395338485e-8 -0.01988224926267506
          -1.8842266030212292e-7 7.003311182999892e-8 0.028599240565460895 -3.679083096405265e-7 1.4154822067201918e-7 -0.7871769409637304
          -3.5821506539956247e-7 2.7663691843935965e-7 -0.8513984453008694 -2.161604387695683e-7 1.680615860613757e-7 -0.23714396054903542
          -3.0357686714226616e-7 2.3594607504347184e-7 -0.6660522175020541 -3.506550476349561e-7 2.45483497473725e-7 -0.7939594741061308
          -3.897359673430416e-7 2.075605171769275e-7 -0.8857579345966409 -3.9060833694475596e-7 2.6837480374441545e-7 -0.884885235743984
          -1.8845852923536914e-7 1.8063063968586443e-7 -0.01697040895630907 -2.1907356876743793e-44 1.1892554120480579e-43 0
          -1.0707038637652342e-44 5.591680150559561e-44 0 -3.4746019893977727e-46 1.1136120949996505e-45 0
          -2.5051445878968245e-30 3.546281222558497e-30 0 -3.5877592940228707e-7 4.1523197429456593e-7 -0.855677339196543
          -1.8247034556053837e-7 2.0883589307143798e-7 -0.01821948562984241 -1.956975146780032e-7 1.9247896807559298e-7 -0.06844505143008364
          2.3648123459758407e-36 -1.552646870155246e-35 0 7.89303237659963e-37 -5.1848555336956004e-36 0
          -8.613112623672526e-32 -4.877781064757545e-31 0 -4.487596567088566e-31 -2.3030853742369938e-30 0
          -5.019810996215651e-31 -2.037799257074361e-30 0 -8.343688211825482e-31 -3.7361299913372984e-30 0
          -2.283193741694091e-7 -4.385867054254207e-7 -0.8893326084677259 -1.2320442825199355e-30 -6.827866975908124e-30 0
          -4.973198215721649e-31 -1.924618493314893e-30 0 -6.472812861604424e-31 -2.54843278005308e-30 0
          -4.0567087664013535e-31 -1.4671079992122819e-30 0 -1.1990938333578086e-7 -1.8042754106564527e-7 0.028576390913397833
          -2.7123252733397576e-7 -3.6018098864445615e-7 -0.9210821994253054 -1.9920466202260067e-7 -2.297240103435332e-7 -0.44236397424047635
          -2.2423250931875505e-7 -1.4686605367864033e-7 -0.36154458880770923 -2.228573969487414e-7 -1.1520082361502109e-7 -0.28119637796315544
          -2.2027692520780114e-7 -1.9212308032330023e-7 -0.4411140686176472 -1.9646617563985515e-7 -1.4114287521310494e-7 -0.239069047185692
          -2.6961055052620776e-7 -1.6406054276920418e-7 -0.564679473891228 -2.813870571917368e-7 -1.3725377093051594e-7 -0.6002841380295307
          -3.5396235089514667e-7 -1.1558367294352758e-7 -0.8141703968256435 -2.514810494882167e-7 -3.527072138034955e-10 -0.4451350198304037
          -2.020890937995816e-7 -1.8773540709081302e-8 -0.06365237880241575 -2.5049179555842057e-7 9.897303786216511e-9 -0.3219171721144525
          -2.705104193461351e-7 -3.0162796902099484e-8 -0.3635235231879826 -3.2412564290242313e-7 -1.3591656060664603e-7 -0.7122028137262081
          -3.0442967147361917e-7 8.196170024326426e-8 -0.6405178288044179 -3.414570521552274e-7 -3.954353873070269e-9 -0.7449372481099672
          -2.7110758831319576e-7 1.1981723612692834e-7 -0.6015229257077784 -3.8562001279486337e-7 1.9548997737244442e-7 -0.883777936978088
          -2.636565821624137e-7 1.571435674711021e-7 -0.379323203825013 -3.059579404293744e-7 1.267232225088705e-7 -0.6094649848585272
          -3.464082027305936e-7 1.9008451106372157e-7 -0.7510150051547182 -2.475821728905454e-7 6.588272110908804e-8 -0.4468264862578657
          -3.312972925738187e-7 2.1440117357043384e-7 -0.6780656850842698 -2.929785852529944e-7 5.13972952329478e-7 -0.7755821927057733
          -2.4036758174415088e-30 3.349864276801781e-30 0 -2.4768193991578565e-30 3.4650060226452654e-30 0
          -3.336178566559559e-7 3.954675595852602e-7 -0.7564442068854665 -3.229861887211581e-7 3.974748814105935e-7 -0.7176033241558845
          -2.92437082535348e-7 2.4361322198244597e-7 -0.5349995085629953 -1.8974448428647334e-7 1.7107124073820468e-7 -0.01650546214678184
          1.8155932563356677e-37 3.82844380584892e-37 0 6.447126957883648e-38 1.3799603501338288e-37 0
          -1.4186956128294833e-31 2.6126276443418753e-31 0 -6.736434411017961e-31 1.0089351626700495e-30 0
          -2.0736944941852293e-30 2.8867611005721784e-30 0 -2.884658104415652e-7 4.086728951683081e-7 -0.6053138778148094
          -2.938088941471454e-7 2.887810889274306e-7 -0.5766743146009132 2.0769367926780914e-35 -1.3610682859905643e-34 0
          1.1855963639331456e-35 -7.770832052727633e-35 0 -5.870477793083624e-32 -7.71697201363725e-31 0
          -2.2756571479880854e-31 -4.044339595329054e-30 0 -2.031557153096557e-31 -1.6038318543319057e-30 0
          -1.4650966716853806e-30 -1.4057150510769092e-29 0 -1.1863015733990539e-7 -2.621612124922774e-7 -0.15406703265079774
          -3.069669236839e-32 -2.5371927874242535e-29 0 -6.340985856722573e-31 -4.909073358582386e-30 0
          -3.950147936575608e-31 -1.9958761809992613e-30 0 -1.8561185247530386e-7 -3.9111725524456045e-7 -0.6816593320371928
          -1.507882998036566e-7 -2.919008432229791e-7 -0.3743747826714592 -2.1298217050854125e-7 -3.547430788198923e-7 -0.7100148461567392
          -4.058634751151505e-31 -6.361681997403593e-30 0 -1.9364310557843757e-7 -1.0626073507249896e-7 -0.15486860719654064
          -1.6724448810651218e-7 -2.3282698208549743e-7 -0.3333022872792715 -1.1716659205822127e-7 -1.8946640328039069e-7 0.02855826422753965
          -3.624059013062029e-31 -1.2863795190418671e-30 0 -3.152420215447101e-7 -1.5102121187745118e-7 -0.7064732008054873
          -2.5004601124943185e-7 -7.206089878699337e-8 -0.45495848004301376 -2.5457950918661625e-7 -2.782916445244639e-7 -0.7070979415996695
          -2.085088555765367e-7 -1.0202299379810868e-8 -0.24245656752133143 -2.8416906278545907e-7 -1.1181066609980499e-7 -0.565636032828198
          -3.632657897114418e-7 1.0533175437445298e-7 -0.7842069737940572 -4.1455681532151e-7 -1.5900118899779997e-7 -0.8502209464491138
          -3.610764378348119e-7 -4.3311721516812565e-8 -0.8141631192631105 -3.390142204826267e-7 1.2719268704298446e-7 -0.9177148970767007
          -2.1392691936829207e-7 -6.364770020220177e-8 -0.24436589396141759 -1.259594633073681e-7 1.3155956412088926e-7 -0.016423238133668114
          -2.2683979804614635e-7 2.8647183850199576e-7 -0.6907203285725132 -1.8176203317309412e-7 2.0994585940623683e-7 -0.019195124449538532
          -2.404799909578463e-7 7.705078470625695e-8 -0.25224427939159677 -3.885015638419168e-7 1.5863671143495007e-7 -0.9175653875692651
          -2.5056207094599163e-7 1.16860453618832e-7 -0.5978814897615538 -3.618265090625862e-7 2.979776109181125e-7 -0.9183575280734131
          -3.4298807778177033e-31 8.94815068077084e-31 0 -8.483703863163856e-31 1.1218775395028714e-30 0
          -6.5695453109431335e-31 1.0133108771900832e-30 0 -2.1333891422241248e-30 2.9154317591188024e-30 0
          -3.5731879687127794e-7 4.4807534101682034e-7 -0.8529181770913258 -3.0521024094554313e-7 3.399890717475065e-7 -0.7599592283292923
          -2.0556464429605703e-7 1.5775986325429722e-7 -0.15448378219119763 9.72043314720032e-37 1.9845225980840137e-36 0
          8.605055356329457e-37 1.755029018953805e-36 0 -8.847254074211184e-32 2.493557112393495e-31 0
          -3.0905590550803965e-31 6.608891094919569e-31 0 -2.3691208414433108e-31 4.7190304020628766e-31 0
          -9.606999744428537e-31 1.1023265175233173e-30 0 -3.012513154453587e-7 4.034523614638981e-7 -0.8864227108717928
          1.0966593777338058e-34 -7.179625025332933e-34 0 1.0726301001726875e-34 -7.021514056525677e-34 0
          8.172536442577599e-32 -1.5719741312189337e-30 0 4.456130169179127e-31 -8.151882769824597e-30 0
          -2.524344990409651e-32 -1.844443612381826e-30 0 2.662935326961846e-31 -6.706871056168054e-30 0
          -1.3397420875671427e-7 -4.794940120700076e-7 -0.6907344443582494 6.78661166626405e-30 -6.517177072687914e-29 0
          4.536067551687687e-30 -6.028250748876305e-29 0 6.08537229487509e-31 -1.5614411810366866e-29 0
          -1.267036991181623e-30 -1.374731305880219e-29 0 -1.4931057205057013e-7 -3.123551672456415e-7 -0.40756296668081127
          -1.1238146727854435e-30 -2.465391765613528e-29 0 -1.7812730460095162e-7 -4.071282019263898e-7 -0.7135588429784832
          -1.2900001220884883e-7 -3.258045261605292e-7 -0.7845600701247181 -1.2991384347416051e-7 -3.121788039464813e-7 -0.32792503261913536
          -1.9248193668570954e-7 -4.710577971971941e-7 -0.8181788357649886 -2.564155250790476e-7 -2.0350739893346507e-7 -0.6020724554311685
          -1.5043291041392774e-7 -2.688890993431654e-7 -0.32473947053662233 -1.610143479273707e-7 -2.547930428725915e-7 -0.36805972935887993
          -3.234378243574537e-7 -9.275230651793994e-8 -0.7850106079793737 -1.873660391940399e-7 6.343521963477372e-8 -0.29208240214248493
          -1.5677183271144758e-7 -1.0241786984079422e-7 0.028473169300845882 -3.109780417282467e-7 -1.917633049995406e-8 -0.7100517029437821
          -3.2444874602611585e-7 -2.123563607709691e-7 -0.8130865868164261 -2.5270944828234986e-7 4.451536859988698e-8 -0.5201186892883665
          -1.7827139151691505e-7 5.917132171902063e-8 -0.1542946133936805 -2.1600297115453076e-7 -1.5798137663879146e-7 -0.49098343656056825
          -8.391131610689079e-8 2.756311710748574e-7 -0.49389753258268054 -1.516808950857835e-7 1.351098024825013e-7 -0.017595276446158936
          -1.458917245169057e-7 3.956860487023896e-7 -0.8207171548759101 -2.313749449260411e-7 2.0034893850916887e-7 -0.4956193343768129
          -2.0303365544878048e-7 1.4690730183193036e-7 -0.4601710083225826 -1.27229150024153e-7 1.6564088183998475e-7 -0.01774350406549083
          -1.276722434470349e-7 1.634757724597665e-7 -0.11303182762081335 1.3301680809111235e-31 4.748420665140269e-31 0
          -1.8633439450128753e-31 8.707073134391489e-31 0 -7.368449034754067e-32 3.6453166773310993e-31 0
          -2.9204255002236654e-7 4.4084586314605776e-7 -0.674541058921529 -1.8130118234367122e-7 4.292782119269322e-7 -0.5786114834924275
          -1.5557081309529147e-7 3.715634073348385e-7 -0.5440177597453032 -2.2095395251955798e-7 4.483730367965145e-7 -0.8855134197575886
          4.368058946775487e-36 8.765202288828511e-36 0 6.270987770040036e-36 1.2551929874811314e-35 0
          -4.6260084563961616e-33 9.034661965175355e-32 0 -5.820703594569037e-32 3.3978252019224034e-31 0
          -1.0178424964096776e-31 3.42563140239178e-31 0 -3.512184620990224e-31 9.06449534076636e-31 0
          -7.436073236361214e-31 9.356052196236866e-31 0 4.668260332278553e-34 -3.0540817371080146e-33 0
          6.672144125782311e-34 -4.364512873046632e-33 0 2.3391792843028224e-31 -2.0174158857445774e-30 0
          2.0372690575038998e-30 -2.0889462174128375e-29 0 4.3052589456672615e-31 -3.736731468336074e-30 0
          3.675333266516872e-30 -3.1232225191239665e-29 0 -7.527032211119204e-8 -3.660348207748597e-7 -0.2914556897979894
          2.296698263971893e-29 -1.7858753016752933e-28 0 5.647872387181782e-30 -5.889559120132377e-29 0
          1.285234393206195e-30 -1.8800250069220407e-29 0 -1.1948138463821468e-7 -3.218288636022071e-7 -0.3288319194971327
          -1.241400381132954e-7 -6.043976800592724e-7 -0.9204187844947835 -1.1560559720250663e-7 -5.437407738334985e-7 -0.8326051299449415
          -7.88217712525813e-8 -2.681799332963055e-7 -0.02095623593518913 1.6036199040072447e-8 -3.591443147031929e-7 -0.8512620396131828
          -1.2435605572086516e-7 -3.6341381022148514e-7 -0.49616461998716677 -1.1623023124131808e-7 -2.2547825970454632e-7 -0.06196194904771814
          -1.9804187240161922e-7 -2.182286309171988e-7 -0.48394770532942744 3.019895679647557e-8 -5.181440450663056e-7 -0.7486651774969567
          -8.83859906251008e-8 -2.707063819498607e-7 -0.24885830346035143 -2.846305610861034e-7 -2.659702006965967e-8 -0.7501330851060841
          -2.3044795446912526e-8 -1.2946123178786872e-8 -0.14234789599190967 -2.6170378721691544e-7 -1.31793644183841e-7 -0.7505271032607251
          -1.639580219856945e-7 -3.692501202359347e-7 -0.6774976836235332 -2.4702148720697334e-7 2.1927664627385525e-7 -0.4601134821244118
          -2.637703279324246e-7 8.811889745656078e-8 -0.6805064711464025 -2.6971259795805456e-7 2.3087358725061323e-8 -0.6802521265168671
          -1.4110540315029948e-7 3.227707945963185e-8 -0.06454974341388019 -5.558550169717777e-8 3.1147659402205045e-7 -0.6731103485992869
          -1.6868945902438121e-7 3.198457115378224e-7 -0.8172824576999121 -1.7966425935121022e-7 2.6211542259275253e-7 -0.019206994864908095
          -3.6150121196538304e-7 -7.685780651107319e-9 -0.9178610008288083 -8.26309547797477e-8 3.979473511967638e-7 -0.6807710321674438
          -1.9823872452725129e-7 2.651228487646719e-7 -0.8186749152672157 -1.6335737422095583e-7 2.82678251897349e-7 -0.8522810596245814
          2.520858829666901e-31 7.235559799689564e-31 0 4.6916279754528714e-32 8.333993653195489e-31 0
          5.743814958552334e-32 2.860435843762313e-31 0 4.793877449521115e-32 8.91129990160264e-31 0
          -4.125449539887644e-8 4.2589850154147273e-7 -0.4421736472886283 -1.4624180380542364e-7 5.423650335360253e-7 -0.7767120081186517
          -9.77073793355262e-8 2.911086168655077e-7 -0.30145670694048254 3.466002202467258e-35 6.907422515139318e-35 0
          2.2699080357875129e-35 4.526578831817559e-35 0 1.6205778423688773e-32 6.423287173830022e-32 0
          3.713746097572922e-32 1.6962621317977805e-31 0 2.1761810781364445e-32 1.1575994674003405e-31 0
          1.6613148283373632e-31 7.062407567181391e-31 0 -1.43942052592022e-7 5.490077580780053e-7 -0.8838171046958391
          3.0488064141666275e-33 -1.993250599276005e-32 0 2.484318149438484e-33 -1.624542877682176e-32 0
          5.746354699336538e-31 -4.3420098220497044e-30 0 4.654374053530452e-30 -3.5639763441508066e-29 0
          1.2259174474943092e-30 -9.07283903666711e-30 0 1.4431435073502514e-29 -1.0777789463841463e-28 0
          -4.596238253249871e-8 -3.6343580663676587e-7 -0.27585237897566955 5.68328766858844e-29 -4.168673963836586e-28 0
          5.919192714181544e-30 -5.121656029435648e-29 0 2.5475929178602863e-29 -2.0398890240146377e-28 0
          2.286693301031617e-30 -1.80646855741173e-29 0 -8.678918783200342e-8 -5.778763064812259e-7 -0.9232065462209799
          2.3097891536358982e-29 -1.7362469339152806e-28 0 -2.1193781820674947e-8 -3.8262304121785517e-7 -0.4647286516473218
          6.237644611565335e-8 -3.310679543180077e-7 -0.6104300344730409 -6.83114047663948e-8 -2.2724481202143748e-7 0.028602079261217498
          5.875888361513992e-30 -3.828940754233043e-29 0 1.1260912836739712e-29 -9.007216783103848e-29 0
          -7.852615943129451e-9 -3.9194188622851616e-7 -0.6815383131180105 -4.0763803007354873e-8 -2.37642915303107e-7 -0.020587554505844066
          -7.40027191875469e-8 -3.654180011826748e-7 -0.713450423880718 1.265239597949239e-7 -2.5511104589129725e-8 -0.360933196606382
          -1.7737387316605718e-8 -2.5834694865132257e-7 -0.6080999022362549 -1.1696748629046603e-7 -1.0749225239033309e-7 -0.2894610393952177
          -2.3725753468807144e-7 2.2916547811331468e-7 -0.8860243930565499 3.599543175930795e-8 2.1037061599373477e-7 -0.3617441652524416
          -1.558199430902358e-7 -6.237029423188962e-8 -0.4165639509838241 -5.190991020512151e-8 3.3579587328545025e-7 -0.8161226223458534
          2.7198794925316084e-8 3.0869692886328204e-7 -0.4828539985039296 -8.683247151073814e-8 2.4980711741266477e-7 -0.4173245309229124
          4.277604163430932e-8 5.150302219505995e-7 -0.4771575334382889 -4.4572571419978255e-8 2.78242931191125e-7 -0.06763726577644527
          6.303579509799551e-8 6.919713190776497e-7 -0.8163680115824745 -4.918093204658068e-8 3.546528772163519e-7 -0.6332718604434852
          -6.179649752246282e-8 1.8171560418854263e-7 -0.2031876759088257 3.3822482251838405e-8 3.6189826677043606e-7 -0.017475212651767203
          1.5027872377353654e-31 3.5299983290673314e-31 0 1.166297166228052e-31 3.1784750451176306e-31 0
          -1.5612307222326375e-8 4.099462440237218e-7 -0.3503800486246998 -1.1792444867235326e-7 4.624412313605573e-7 -0.8852843794724262
          -3.590112463687661e-9 4.437862988569613e-7 -0.4303544515676255 -3.2630093809861616e-8 3.6516253055120297e-7 -0.5993613540977614
          1.2593721566142717e-34 2.5317802090493795e-34 0 1.0671628037768753e-34 2.148635765431027e-34 0
          1.6168275631123562e-32 4.388410495595923e-32 0 3.6408182601609007e-32 9.131347454898658e-32 0
          1.6184179001586306e-32 4.230566085652778e-32 0 2.506050791113778e-32 4.4988540609421416e-32 0
          3.828087696209187e-8 5.339424565981969e-7 -0.5584973182299946 8.08949356518577e-33 -5.284129218084176e-32 0
          1.4428674774456306e-32 -9.431325231182696e-32 0 8.796040308834063e-31 -6.135601281589239e-30 0
          6.729110564473227e-30 -4.7386693851661795e-29 0 1.9956525727884935e-30 -1.3714396200075233e-29 0
          2.252214434293287e-29 -1.5284543381771538e-28 0 9.199606269878331e-29 -6.679480258353278e-28 0
          4.041936257810322e-29 -2.8462817269786895e-28 0 2.061814455226242e-29 -1.4936267417579786e-28 0
          6.764588183401926e-29 -5.016941460462701e-28 0 1.0747913068044443e-30 -7.539223984987654e-30 0
          3.521078448716271e-8 -4.2550943936877774e-7 -0.48087890987765464 -7.652890628779012e-9 -4.0319546945938306e-7 -0.40949736563042305
          8.343131116201572e-8 -4.2090869494924653e-7 -0.4889746281537549 5.987049165984039e-8 -3.465599204607467e-7 -0.24310363316711348
          -3.4246254565962536e-8 -3.241395508226351e-7 -0.1641390613689881 5.473413488934908e-29 -4.063436190108307e-28 0
          1.5581446764791735e-30 -1.194161935457289e-29 0 3.07286235265401e-29 -1.8976209410195517e-28 0
          4.015490587670788e-8 -5.340696751925517e-7 -0.8496070471296472 1.733452420332421e-7 -2.9079697517271205e-7 -0.7456769532779911
          3.3411520098702037e-7 -1.2480455321484625e-8 -0.8212749506620759 -3.5419440120254887e-7 -7.789489575337407e-8 -0.9200528149490355
          1.2952382640496607e-7 1.64218184220834e-7 -0.27520393061878795 9.348337091563022e-8 2.784472363160286e-7 -0.43711316240939074
          1.7269568268608256e-8 -1.1752207053331999e-7 -0.4427061153613815 9.701937000917465e-8 8.85271452976267e-8 -0.400581519621895
          -1.365832165846772e-7 -2.1595706665993342e-8 -0.016939707227286438 1.4264395422535952e-8 3.3484843373069434e-7 -0.3223365206176667
          1.9927789454985713e-7 7.648302303910952e-8 -0.3322108857810411 4.6348917131944185e-8 3.602125152347258e-7 -0.5621367037277981
          3.518184179543183e-32 1.0173524078464242e-31 0 9.23576702618858e-34 1.6825154566338883e-33 0
          -8.231009663644157e-9 2.097224558291004e-7 0.028463072425301397 3.900356067108655e-8 2.671237117435818e-7 -0.6736068621291078
          2.013077075203527e-33 2.9717104259466354e-33 0 3.833381460062704e-33 6.106499913270384e-33 0
          2.3986440165225e-31 5.367720214456912e-31 0 3.669836103815168e-32 6.679384550876734e-32 0
          -1.002129151301527e-9 3.444380863648116e-7 -0.32592729251238844 4.0841130116051994e-8 5.637605146319323e-7 -0.8200240471506529
          5.710771214838182e-9 2.617493567364104e-7 0.028512747015672454 2.1197198623665866e-34 4.254476084388581e-34 0
          8.346269115500291e-34 1.7368917213931506e-33 0 6.612064589576626e-33 1.4998280608112135e-32 0
          4.5998821533905454e-32 8.731058414787855e-32 0 9.39822140254067e-33 1.8834943177759847e-32 0
          1.2247566230496147e-32 2.1218404167777205e-32 0 3.374725026578332e-8 4.742143327931182e-7 -0.4470848131201709
          2.0254947545666479e-32 -1.319731454479068e-31 0 1.266827099573589e-31 -8.279542830583362e-31 0
          7.595411954097666e-31 -4.9977605172461106e-30 0 1.0841842720552393e-29 -7.079364526882123e-29 0
          3.6829373462872715e-30 -2.363985576808823e-29 0 1.9487496091594763e-29 -1.2421291043204906e-28 0
          1.116672605970967e-7 -5.737377543048823e-7 -0.8525097266962747 7.841280150830336e-29 -4.793567878985765e-28 0
          1.1034119265177281e-28 -7.591396143390022e-28 0 3.5432072456033216e-29 -2.349902928987015e-28 0
          4.044203048283419e-30 -2.60054353726359e-29 0 1.7043993790772407e-7 -5.949994619474215e-7 -0.9207583911199468
          1.3230303612656675e-7 -4.0151555064046577e-7 -0.4661521821505552 1.77058790006549e-7 -5.007774244348183e-7 -0.8201537166503085
          1.8825907612649813e-7 -1.922084165215957e-7 -0.1530200185328591 1.0969103109900384e-7 -1.4196645835128424e-7 -0.5241734496204977
          1.448798772783045e-7 -2.903887824988166e-7 -0.20126814062703732 1.2122801813029483e-7 -2.35632753398177e-7 0.028558803047927673
          2.436133688035768e-7 -2.799381028631359e-7 -0.7784501556155315 1.2488901912467898e-7 -3.537741291522183e-7 -0.34048153101618295
          2.0522611354510062e-7 -1.529129391814146e-7 -0.5297296787503563 4.611257714022827e-7 -7.827174913555063e-8 -0.9197286986199006
          5.923185473767192e-8 -1.6867247958859026e-7 -0.021673536397345865 3.797565491892596e-7 5.461064485243298e-8 -0.853411484615099
          2.7752667017735807e-7 -1.869777569428539e-7 -0.4505118066365423 4.732519121009544e-7 1.385880895024678e-7 -0.9198717963227532
          2.177110537296077e-7 -7.715306311958311e-8 -0.16312847241945336 2.3675984967011026e-7 -3.987921374103987e-8 -0.6810762371558263
          1.8375969387554696e-7 1.9813536006799515e-7 -0.234565150972847 9.211939049724201e-8 1.5107107448453336e-7 -0.27059906118936783
          5.450104937444173e-8 3.089984045486688e-7 -0.06659057329785707 4.74623993618693e-8 4.641991069784577e-7 -0.492063479710276
          2.917228426455029e-33 7.372278655879279e-33 0 1.375642253339942e-7 5.028855210991076e-7 -0.8848594631015543
          2.9559015672127174e-7 1.339518539488712e-7 -0.917681202219365 1.6741283812580718e-33 2.3695014480430148e-33 0
          4.3931153064247294e-8 4.915246873985942e-7 -0.41898296924281075 2.007584020950665e-33 3.0266329050376393e-33 0
          8.383270235594326e-33 1.4204826986415992e-32 0 6.241433327172782e-8 7.07082993416616e-7 -0.8867355004562888
          7.375816899608338e-8 5.227671625158352e-7 -0.5697948699944078 5.104900554324039e-8 3.6595841854887757e-7 -0.4050903592573828
          8.286538287702504e-35 1.6471161393820828e-34 0 1.0672847079359162e-33 2.1690886973542085e-33 0
          2.4793722424026317e-33 4.938832960732095e-33 0 1.1488889608992109e-32 1.9660378676563255e-32 0
          5.8854600320818e-33 1.0307508179843927e-32 0 8.136573153590213e-33 1.4079466866744245e-32 0
          6.10057049563716e-8 5.955066771008638e-7 -0.7155701070304891 6.897863643412497e-33 -4.47920751129012e-32 0
          1.5883874957671807e-31 -1.0281032762818317e-30 0 4.436704808232739e-31 -2.8497870349136965e-30 0
          1.414252045143971e-29 -8.678986664599557e-29 0 8.18248026987582e-30 -4.9676465479548294e-29 0
          8.304369844333953e-30 -4.837306711058061e-29 0 2.026604312558971e-28 -1.1665151580599761e-27 0
          2.989539867123247e-29 -1.6712138058976434e-28 0 2.8116876311625184e-29 -1.6641555117780782e-28 0
          2.9052182950219584e-29 -1.7564147484453964e-28 0 9.25283826955106e-29 -5.193703217249919e-28 0
          4.4097569763148193e-29 -2.427347580201894e-28 0 1.8443844806362587e-7 -2.8999409488236263e-7 -0.33194026117133923
          1.3839294246452874e-7 -2.426402495508501e-7 -0.10749851453038012 4.501351164451746e-7 -2.461221936108903e-7 -0.9222376143368151
          1.9631497769815483e-7 -3.0181703105155753e-7 -0.49498752029230747 2.1333638321276053e-7 -3.3588244144225303e-7 -0.5310732544802601
          3.461369119705086e-7 -1.8380402019869883e-7 -0.6094858086299112 2.2413544441324065e-7 -3.210722082980015e-7 -0.5295504639192137
          1.8832484172781112e-7 -1.862916471333937e-7 -0.11082548030695621 2.5675542294378163e-7 -2.616304054732036e-7 -0.6017011130230896
          4.2996221750053894e-7 -8.438438367620096e-8 -0.7901183430928889 3.502934510804367e-7 -2.2750285091698904e-7 -0.74829757705374
          2.940038538913077e-7 -4.2342103243979317e-7 -0.8872100803898697 3.59192124462482e-7 6.116868950347609e-8 -0.49671416440124777
          4.4190595115930016e-7 -4.58213662381059e-9 -0.9195801013246936 2.560969215614065e-7 2.479204803731594e-7 -0.7146803006637875
          2.713508184698054e-7 -1.2714133931349658e-7 -0.24559853960488387 2.037343792086656e-7 1.460603168009441e-7 -0.14939601285071746
          3.4150485345353697e-7 1.218752106678211e-7 -0.676130701072936 3.7272962403047597e-7 1.5850395095778103e-7 -0.74172608945927
          2.525426045710477e-7 3.7735855719411114e-7 -0.7382094155246447 1.229756061758393e-7 2.5278061982764334e-7 -0.27588301091580164
          3.475841238348703e-7 1.4828960045862077e-8 -0.5329424062867619 2.955668867623486e-7 5.2110751844026946e-8 -0.32964977307356147
          3.692011409354425e-8 3.3971540489965236e-7 0.02859067086558896 3.6898106701787074e-33 6.032405380808327e-33 0
          2.7921389911608796e-33 4.7164935123608524e-33 0 7.150149343705585e-8 3.9214700146759205e-7 -0.11855423967767309
          2.0638221990543534e-7 7.253753022988136e-7 -0.8213681095881753 1.3228486204226983e-7 5.984678199233975e-7 -0.8126110536205924
          2.202642803467888e-7 3.2531551146966243e-7 -0.5529894590464945 1.315553574811923e-35 2.6558936493509605e-35 0
          5.620725127943162e-34 1.0936098183170951e-33 0 9.286930052605022e-34 1.7105089290327583e-33 0
          1.7707482813557736e-33 3.087868678271462e-33 0 2.0683780097333813e-33 3.585972125569525e-33 0
          1.5994995566404866e-33 2.9187474701272903e-33 0 8.965834461818368e-8 5.669512815001669e-7 -0.7093117437024616
          9.313715103988706e-34 -6.050868894174956e-33 0 1.2049816178738026e-31 -7.497770624193766e-31 0
          3.9006503494466133e-31 -2.3094999530543887e-30 0 1.4179576925306e-29 -8.151786687080513e-29 0
          6.992605210393999e-30 -3.9817266368542314e-29 0 7.295753841599182e-30 -4.1054863787773517e-29 0
          2.8268640604184977e-7 -4.6957497750871046e-7 -0.8905680508358641 4.91136781156299e-29 -2.7107021460324888e-28 0
          3.1962512480900856e-29 -1.8027830844920071e-28 0 1.8883966778485438e-29 -1.056426961312166e-28 0
          2.787002056283832e-29 -1.526511218746659e-28 0 1.5801499298327065e-7 -1.898286955707329e-7 -0.016998048024152477
          1.2066760064841988e-7 -2.686236483553777e-7 -0.06561404645278524 2.7795347813257097e-7 -2.87000100486319e-7 -0.6329966329342811
          2.031677745407662e-7 -1.1391068284722111e-7 0.028564557399148097 1.8469347350758134e-7 -2.718260918578992e-7 -0.32698921138433423
          2.077496226711047e-7 -9.75424211295842e-8 0.028602392873090215 2.0002227841725348e-7 -2.481781227434622e-7 -0.29335893035218497
          8.81276490138981e-31 -4.727311622620831e-30 0 2.7773111339961453e-7 -2.7518420892281256e-7 -0.60143000972086
          2.5968489856532216e-7 -2.1304920803505086e-7 -0.44373351260429095 4.648848550501279e-7 -3.509804065718362e-8 -0.8525187771926849
          3.356489675297612e-7 -8.255717876352331e-8 -0.4597558490966055 4.6138506593018593e-7 -1.8908329936717393e-7 -0.9225937332521237
          2.4567757195307845e-7 4.38863644578475e-9 -0.11164022842413701 4.3390805115729404e-7 -1.0388586280001368e-7 -0.8232323906024076
          2.878971233299054e-7 -1.0009507170088036e-8 -0.25021637679034475 2.576963897909372e-7 -3.307785211841813e-8 -0.1617006133164244
          3.782822616356896e-7 1.1176279497773941e-7 -0.6787781597986673 3.1565743770892245e-7 2.4888932764478704e-7 -0.7088621869800277
          4.568660373867353e-7 1.0213409311348992e-8 -0.8203602728969379 2.389407182062245e-7 3.4715687318749766e-7 -0.5571319561262522
          1.7220048981616534e-7 2.427281284200826e-7 -0.27871715707910727 2.5702250904883135e-7 1.538656151393343e-8 -0.11328089578410204
          2.5748303491656736e-7 6.501784667893126e-8 -0.10965242455489 2.647845362309269e-33 6.548215094508411e-33 0
          1.7376658672906723e-33 3.0053955693356903e-33 0 2.25324573180444e-33 5.409215271036199e-33 0
          1.3822616950464133e-7 4.429084612261644e-7 -0.21057347788044933 2.053790947986488e-33 5.19313140351807e-33 0
          1.8260550936517547e-7 4.203651736175742e-7 -0.6654356531624617 2.0580632087066877e-7 2.0224743678940722e-7 -0.15510457553619983
          1.7087353487233732e-36 3.590329116975619e-36 0 2.0259400269604692e-34 3.908140420880034e-34 0
          5.94122727969673e-34 1.1052688112828726e-33 0 7.489064128894117e-34 1.439554356343778e-33 0
          6.8480176221889204e-34 1.3482456118659138e-33 0 1.4897348165014166e-33 2.9894534518231485e-33 0
          1.5542634016713045e-7 5.752098008455825e-7 -0.7765793120893584 9.721276258301816e-35 -6.320870766385193e-34 0
          4.7573954684633314e-32 -2.8583690913636505e-31 0 2.038976445631365e-30 -1.1475109481024246e-29 0
          1.3067310914269276e-29 -7.228906553921439e-29 0 4.522338669678241e-30 -2.4805002815343692e-29 0
          2.7703629989750565e-7 -3.453965764592424e-7 -0.6773077707839554 2.482386408660791e-7 -2.528644292294903e-7 -0.5240608559835316
          3.361911703983637e-30 -1.824281178454387e-29 0 2.65557910004427e-29 -1.4671454934902276e-28 0
          3.580575535721338e-30 -1.9430981651305878e-29 0 2.108702070111423e-30 -1.1408368521080289e-29 0
          7.850106200176954e-31 -4.208146239618223e-30 0 3.110974361791727e-7 -3.878093907670228e-7 -0.8130182989116668
          2.5624303177159186e-7 -2.392075453466537e-7 -0.5997950471377592 2.1863073721038495e-7 -8.42118898300065e-8 -0.15821272963788025
          1.7744051518315523e-7 -1.8372131146775465e-7 -0.1072927690734311 2.114521878772566e-7 -1.0243435683473696e-7 -0.11003722716954592
          3.416585834688281e-7 -1.4905362841358923e-7 -0.8844453820132964 2.430636758187048e-7 -8.089817881563995e-8 -0.06922618029641368
          2.304683264714626e-7 -1.5509303087461425e-7 -0.32579784470832085 2.0245170296539645e-7 -7.288519652387244e-8 0.02862334594818845
          3.2017753570829525e-7 -2.0242391966059578e-8 -0.5277554750125089 2.1617742256571789e-7 -5.438357734121638e-8 -0.019488298617170552
          2.840556869175254e-7 -4.444934251180865e-8 -0.40547317562250057 3.4322430406594376e-7 1.737560341573382e-8 -0.6402918430996068
          3.6039280223487076e-7 -1.7354941088034375e-7 -0.659098910366805 2.388389496853358e-7 -2.9634698886897054e-8 -0.1069235303368518
          4.5220541256536826e-7 -3.340868326922092e-8 -0.8540533090291199 4.800110938716358e-7 1.1302490686921409e-7 -0.7860212696177036
          4.121597684981522e-7 2.5726413237646053e-7 -0.8534546987651841 3.188669679870826e-7 6.631272351461231e-8 -0.2873875974744148
          3.2136749587447553e-7 1.1845033138864367e-7 -0.2797455536598724 4.5284271770516666e-7 3.507406931163621e-8 -0.8195131805170348
          3.23413752483705e-7 5.061151272684683e-8 -0.3275164394286618 4.702692779871021e-7 3.2519683845970415e-8 -0.8193063233424883
          1.3033310136726083e-33 3.336401994964124e-33 0 2.6751734606589067e-33 6.757988476218079e-33 0
          1.0455433105056046e-33 2.644352140314526e-33 0 3.9265776257952465e-7 4.519079547908592e-7 -0.7534810950405173
          2.455004546749984e-7 6.296916940307793e-7 -0.6544674603057624 3.264233170027589e-7 7.092988628297703e-7 -0.8876206833480724
          3.1296951673168863e-7 2.1213387872263323e-7 -0.32752449588420857 1.994599693326169e-37 4.509139692086697e-37 0
          3.767005310131647e-35 7.708337016728134e-35 0 4.167051484604443e-34 8.133410343209666e-34 0
          1.2086860447924832e-33 2.9382235137429516e-33 0 9.996327743015392e-34 2.5306439159871506e-33 0
          3.7488479734846815e-7 7.175686846919643e-7 -0.9213499644538597 3.596488989666509e-7 3.4152071482323307e-7 -0.6425711492820156
          2.54454800556906e-44 -1.0724262903560808e-43 0 1.3490711168449107e-45 -5.913932889440691e-45 0
          5.96170772707459e-31 -3.241253205067869e-30 0 1.2723754377686625e-30 -6.857437370903595e-30 0
          1.241777121843697e-30 -6.686449355303643e-30 0 2.2625752470468541e-7 -2.722099711071283e-7 -0.44528189900419995
          2.0853806943688487e-7 -2.2202314204795608e-7 -0.3700353687777031 1.7796524566325224e-7 -1.6849208367877825e-7 -0.42709739170938416
          1.98406061559827e-31 -1.0395329747063253e-30 0 2.3287342134477136e-7 -1.7973751901748278e-7 -0.6050709093662467
          2.975309494200917e-7 -2.9356365657934636e-7 -0.9185772824101323 1.6275555756548456e-7 -1.561277157399355e-7 -0.061667223978370225
          2.2163274149781e-7 -1.771390719715791e-7 -0.43954907111646235 2.5231132830901987e-7 -1.5139555153674336e-7 -0.521289491702903
          2.908732222646055e-7 -3.7054397771310034e-8 -0.8490444099476736 2.421076515778379e-7 -3.965829094758451e-8 -0.6219447173048849
          3.1267451345423885e-7 -7.135236188378927e-8 -0.8168019144647891 3.0542248300553197e-7 -1.0111282374285635e-7 -0.8521900060158185
          2.898768721602258e-7 -6.1175090115304e-8 -0.7837706479156343 2.3629027627374657e-7 -5.2891910164680734e-8 -0.2866654956753594
          3.068403327747973e-7 -1.0331889281206512e-7 -0.7496605409383391 3.213746460004152e-7 -1.7695783112846352e-9 -0.8497919751917662
          2.5848257023534427e-7 -3.7216715872218625e-9 -0.60449144296225 2.1594166019864222e-7 -3.700799260156443e-9 -0.410678941397594
          3.540059721776508e-7 3.753303149798023e-9 -0.7470941129780887 3.256704130464626e-7 -3.612473700018115e-8 -0.918457228107019
          3.2738281131978913e-7 -6.142223933473036e-8 -0.5345056432908423 2.11713552499071e-7 -2.1838722993819494e-8 -0.15123821640811916
          3.7894531752819677e-7 4.718082145319266e-8 -0.8844681178870686 2.9222361583750853e-7 3.413732164208293e-8 -0.6028203058324786
          2.8966480884775153e-7 4.291739421711128e-8 -0.5266080974954289 4.4519068201294453e-7 9.353958055494953e-8 -0.8185797701762058
          2.2786555860352836e-7 2.5076616826258425e-8 -0.15399331618886747 2.2921688128036213e-7 1.1265654699093971e-8 0.028582892058767104
          4.2779677800355083e-7 7.916492630245232e-8 -0.7869911315160836 2.6381083880989595e-7 1.5147673131933937e-7 -0.9194606293739134
          1.6365641826460865e-7 1.2380317654360072e-7 -0.5983689948163876 3.9813489620405215e-7 5.241316833733963e-7 -0.7573624925038343
          5.269826346079478e-7 2.0197480352830856e-7 -0.8872699944215047 3.72720174500183e-7 1.273288769007755e-7 -0.8536905342219788
          2.826350427317237e-7 1.455803924007358e-7 -0.24112723013349133 2.6719338537244885e-7 1.4272754219925543e-7 -0.06164949823079516
          8.150332051661379e-36 2.1007659501482291e-35 0 3.7971742396971996e-35 9.758146277984128e-35 0
          2.2881096617447458e-34 5.855636240129861e-34 0 8.324822804131267e-34 2.119439815594698e-33 0
          2.0765780918827754e-7 3.37342690238016e-7 -0.06644444804192508 2.3614651461454891e-7 3.4492626447398985e-7 -0.1612313087045799
          2.559710448151622e-7 2.391194711520637e-7 -0.10787659098792401 5.582910335047599e-33 -2.7338987985706847e-32 0
          1.7076798695433218e-33 -7.531391934928649e-33 0 1.7063569215233246e-7 -1.6796725443449921e-7 -0.41560218321103115
          1.7055021599839926e-7 -1.6542552386988582e-7 -0.38618833988748597 2.483644032000766e-7 -2.393705665333097e-7 -0.8517670528851299
          1.5717952885439908e-7 -1.4799194485169684e-7 -0.2748493208065985 1.5702921130260842e-7 -1.319092715207214e-7 -0.15260274215667383
          2.705242326768097e-41 -6.361393776294977e-42 0 2.7249597643335664e-41 -6.407776808879591e-42 0
          1.310298660122306e-7 -4.320782798970465e-8 -0.04898405711014685 1.7237649105817146e-7 -5.4331660624013954e-8 -0.13888202347078224
          1.716837207123996e-7 -6.292957136041522e-8 -0.15308981845336395 2.1907926013348807e-7 -9.032992389510432e-8 -0.4543536168650739
          2.409508735502473e-7 -9.547874874030639e-8 -0.49172608342936935 8.77001740044763e-44 -7.576807925644657e-48 0
          6.865602873687034e-44 -1.0463044566781742e-46 0 3.3005082206823345e-30 -1.9420488027559138e-31 0
          2.8519319779055563e-7 -1.8982030428431932e-8 -0.8867243761167933 1.8882259384490033e-7 -1.569690934699383e-8 -0.34746053440944524
          2.9140710857934076e-7 -2.061390791695652e-8 -0.8513372990786158 3.6670351686097846e-7 -7.760508530458193e-8 -0.8858277723826398
          9.130086858631834e-44 5.878580733555736e-46 0 7.683684907147802e-44 4.434777942272328e-46 0
          1.6689870897907765e-30 -9.820460982112219e-32 0 2.9426304734338565e-7 1.3832836647691268e-9 -0.9224276374455413
          1.7941983975407026e-7 1.110952486010715e-9 -0.2587387019281432 2.548761614495448e-7 -1.631835433410162e-9 -0.6906859749424151
          2.304960947264448e-7 -3.216046293479353e-8 -0.3286089501778601 9.312263357589518e-44 1.2481240556604874e-45 0
          7.926555559308553e-44 1.0826658828092226e-45 0 8.636253803886157e-31 -5.081635026041317e-32 0
          1.448806043807123e-7 1.2454753063536933e-8 0.028580620979574742 1.905061803896777e-7 1.918543477474993e-8 -0.24763169206336344
          2.3999901165398905e-7 2.2359204520856796e-8 -0.5371000420075963 2.4461020125611175e-7 7.67885591037162e-9 -0.2842157228402998
          3.242879560578512e-41 7.578459170472121e-42 0 3.2487623682417184e-41 7.592210744652693e-42 0
          1.9301459055152237e-38 4.561919001657858e-39 0 1.6217678430159346e-7 4.622695032671836e-8 -0.2468160146519639
          2.278554788875606e-7 5.6915564271855104e-8 -0.15439681706819788 2.6354894395702217e-7 7.128858301768695e-8 -0.2815874759006963
          3.570605969343296e-7 1.0565055988194082e-7 -0.5357197552701202 1.6832285691136385e-7 1.397168459533977e-7 -0.618878311193133
          7.203294229159407e-38 7.086317723483135e-38 0 1.6807115503475885e-7 1.3891461913822534e-7 -0.620225943890987
          1.0016571979546894e-7 7.832031690012643e-8 -0.016598122164639784 1.1839867743405276e-7 9.021204417820757e-8 -0.194841766019806
          1.342117339812554e-7 9.98220854862713e-8 -0.3236751162637269 2.9008140961448714e-7 8.914887516212108e-8 -0.45120294609667344
          <InformationKey name="L2_NORM_RANGE" location="vtkDataArray" length="2">
            <Value index="0">
              1.1665592518e-45
            </Value>
            <Value index="1">
              0.92320654622
            </Value>
          </InformationKey>
        </DataArray>
        <DataArray type="Float64" Name="speed" format="ascii" RangeMin="1.1665592518071168e-45" RangeMax="0.9232065462211648">
          1.671767645220542e-36 1.637406378467698e-36 1.686592015887201e-36 0.734271316702963 0.6620043433108641 0.8791845753729708
          0.8823494047213423 3.2166155916256153e-41 4.1342859969935677e-41 1.090710529324965e-40 0.5131175470375161 0.671112722542779
          0.9151189936675597 0.7834598120267893 2.799421170418213e-38 4.652949688549138e-38 4.798606194090484e-38 0.010782601710255248
          0.7422567106058849 0.6116484691977127 0.1485466582098452 1.1328324654214502e-38 3.2609316402915337e-38 3.095891332845961e-38
          3.0498746050926134e-33 0.06277560706243529 0.6710425175444554 0.5284826712352709 4.004677522534732e-39 1.896313557522676e-38
          1.7305514569113565e-38 0.5256479522682042 0.6297351881766591 0.7778673230203091 0.8529758561329611 4.442734721693706e-39
          1.5928575518357306e-38 1.842802964316672e-38 0.5100609071840124 0.7076337761476665 0.9190179166423177 0.11756645220284155
          2.9433967211456484e-37 2.9269809451615283e-37 0.5866380417023817 0.7030906147056738 0.028608217061238804 0.06775090082306094
          0.790410842056489 2.4012251666067214e-43 1.8143597313545988e-45 1.5486579445486535e-45 1.125227673293036e-30 1.1431669827672583e-30
          0.5121225816318755 0.6417604441879945 1.8178249224525385e-36 0.36000756417145235 0.591639678710717 0.5956763566053305
          0.5624817349441598 0.8844861463934256 0.20033877584881046 0.3198819132760316 0.13719579295911022 0.4769985262314692
          0.7445709256942428 0.9198865938308867 0.1958427206945575 0.018307654849232392 0.5591416002693822 4.900411579375562e-38
          0.02971880355161565 0.7109649593445181 0.36704659626833197 0.1080625478265303 0.2811546581157862 0.6266654807576314
          0.9120018984699949 0.6020150172179135 0.663895515067433 0.019882249263728356 0.028599240566167344 0.7871769409638291
          0.8513984453009896 0.23714396054919348 0.666052217502165 0.7939594741062461 0.8857579345967509 0.8848852357441109
          0.0169704089583168 1.2092649269775822e-43 5.693267398431554e-44 1.1665592518071168e-45 4.341872858080915e-30 0.855677339196719
          0.018219485631953004 0.06844505143063405 1.5705526663310845e-35 5.244590213379344e-36 4.953241888540062e-31 2.3463988302319375e-30
          2.0987164735881057e-30 3.8281638734426714e-30 0.8893326084678633 6.938133794817365e-30 1.9878338335329388e-30 2.6293502425242984e-30
          1.5221612074634672e-30 0.028576390914219006 0.9210821994254158 0.4423639742405808 0.3615445888078086 0.28119637796326735
          0.441114068617744 0.2390690471858144 0.5646794738913161 0.6002841380296123 0.8141703968257287 0.44513501983047477
          0.06365237880273933 0.3219171721145501 0.3635235231880845 0.7122028137262948 0.6405178288044955 0.7449372481100455
          0.6015229257078515 0.8837779369781938 0.3793232038251372 0.6094649848586172 0.7510150051548221 0.44682648625793914
          0.6780656850843846 0.7755821927059989 4.123014444353285e-30 4.259213668391461e-30 0.7564442068856435 0.7176033241560672
          0.5349995085631307 0.016505462148759014 4.237140645175059e-37 1.5231365756399457e-37 2.9729649257670365e-31 1.2131552448930468e-30
          3.554377372619687e-30 0.6053138778150161 0.5766743146010603 1.3768237154905097e-34 7.860755022888746e-35 7.739268838491878e-31
          4.05073683629266e-30 1.6166474141360253e-30 1.41332936267453e-29 0.15406703265106647 2.537194644371393e-29 4.9498567914935586e-30
          2.034590478963401e-30 0.6816593320373302 0.37437478267160335 0.7100148461568597 6.374615517544686e-30 0.15486860719669815
          0.3333022872793948 0.028558264228408497 1.3364543779388605e-30 0.7064732008055737 0.45495848004308814 0.7070979415997701
          0.2424565675214213 0.5656360328282803 0.7842069737941485 0.8502209464492297 0.8141631192631917 0.9177148970767722
          0.2443658939615195 0.016423238134678077 0.6907203285726098 0.019195124451547238 0.25224427939172317 0.917565387569361
          0.5978814897616177 0.9183575280735327 9.58297880389094e-31 1.406535291423443e-30 1.2076374413527783e-30 3.6126294543224804e-30
          0.8529181770915183 0.7599592283294296 0.15448378219141495 2.2097959516656804e-36 1.9546346549227297e-36 2.645858295393888e-31
          7.295820500632304e-31 5.2803391460165485e-31 1.4622134564179008e-30 0.8864227108719358 7.262897307215519e-34 7.102970855760577e-34
          1.5740971076817489e-30 8.164053138840402e-30 1.8446163479214804e-30 6.712155511430037e-30 0.6907344443584288 6.552417719884448e-29
          6.045292894447917e-29 1.5626265508540313e-29 1.3805578549040812e-29 0.4075629666809583 2.4679518131727508e-29 0.7135588429786215
          0.7845600701247963 0.3279250326193097 0.8181788357651469 0.6020724554312574 0.3247394705367685 0.36805972935900333
          0.7850106079794458 0.29208240214255193 0.028473169301461668 0.7100517029438503 0.8130865868165186 0.5201186892884297
          0.15429461339379483 0.4909834365606412 0.4938975325827646 0.01759527644733146 0.8207171548760185 0.49561933437690736
          0.46017100832265084 0.01774350406672013 0.11303182762100367 4.931211406602432e-31 8.904222213369238e-31 3.7190420930403472e-31
          0.6745410589217363 0.5786114834926152 0.5440177597454523 0.8855134197577297 9.793299246249445e-36 1.4031259073731498e-35
          9.046497464067112e-32 3.447320989721919e-31 3.5736471359872895e-31 9.721137618339496e-31 1.1951188136550951e-30 3.0895536574456773e-33
          4.415217739969557e-33 2.0309319174447213e-30 2.0988570583462873e-29 3.7614511311919966e-30 3.144773386138135e-29 0.291455689798229
          1.8005829118069335e-28 5.91657766403462e-29 1.8844129858146862e-29 0.3288319194973119 0.9204187844949904 0.8326051299451271
          0.020956235937053334 0.8512620396132587 0.4961646199873154 0.06196194904823741 0.48394770532951714 0.7486651774971367
          0.24885830346051435 0.7501330851061386 0.1423478959919121 0.7505271032607823 0.6774976836236537 0.46011348212453035
          0.6805064711464593 0.6802521265169209 0.06454974341404249 0.6731103485993613 0.8172824576999922 0.019206994867536922
          0.9178610008288794 0.6807710321675652 0.8186749152672826 0.852281059624644 7.662118170192447e-31 8.34718898444879e-31
          2.917534458932938e-31 8.924185035414353e-31 0.44217364728883535 0.7767120081188549 0.3014567069406389 7.728237643225101e-35
          5.063832383836529e-35 6.62456720553624e-32 1.7364401286953525e-31 1.177876974804221e-31 7.255175229023388e-31 0.8838171046960213
          2.0164325322273465e-32 1.6434287109893692e-32 4.3798693151830425e-30 3.5942397471465816e-29 9.155287093987906e-30 1.087397852258773e-28
          0.2758523789759128 4.207236647017651e-28 5.155747172595911e-29 2.0557357629439415e-28 1.820883936841403e-29 0.9232065462211648
          1.7515435121265908e-28 0.4647286516474798 0.6104300344731338 0.028602079262201808 3.873764053191219e-29 9.077336380072853e-29
          0.6815383131181232 0.02058755450725598 0.7134504238808155 0.3609331966064051 0.60809990223631 0.2894610393952613
          0.8860243930566113 0.3617441652525045 0.4165639509838579 0.8161226223459241 0.48285399850402905 0.41732453092299615
          0.4771575334385688 0.06763726577703227 0.8163680115827702 0.6332718604435864 0.20318767590891634 0.017475212655547252
          3.8365684778351657e-31 3.385698257728693e-31 0.35038004862493993 0.8852843794725549 0.43035445156785435 0.5993613540978735
          2.8277074204714675e-34 2.3990565025139146e-34 4.676780735366615e-32 9.830415247872556e-32 4.529565752324315e-32 5.149755181491407e-32
          0.5584973182302512 5.345691784495501e-32 9.541056659186846e-32 6.1983309316126265e-30 4.7862090250844945e-29 1.3858834450411596e-29
          1.5449586928047468e-28 6.742535433866034e-28 2.8748377617623585e-28 1.507790314391346e-28 5.062341172878398e-28 7.615449733863099e-30
          0.4808789098778442 0.4094973656306216 0.4889746281539432 0.24310363316736788 0.16413906136931172 4.100133683587702e-28
          1.204284383533849e-29 1.9223397374500461e-28 0.849607047129816 0.7456769532780679 0.821274950662144 0.920052814949107
          0.27520393061886744 0.43711316240948944 0.4427061153613974 0.4005815196219165 0.016939707227850834 0.32233652061784096
          0.33221088578110963 0.5621367037279155 1.0764674268006425e-31 1.919336392462839e-33 0.02846307242607523 0.6736068621291619
          3.5893651480993015e-33 7.210003787039482e-33 5.879278307640194e-31 7.62114656776499e-32 0.3259272925125704 0.8200240471508478
          0.02851274701687447 4.753291390978026e-34 1.9270171076893952e-33 1.639108963237056e-32 9.868652231562255e-32 2.1049504745732514e-32
          2.4499460279719115e-32 0.4470848131204237 1.3351844074693227e-31 8.375898780649057e-31 5.055147180376513e-30 7.161903213549378e-29
          2.3925024727943167e-29 1.2573229347275967e-28 0.8525097266964751 4.857278019063984e-28 7.671167661149016e-28 2.3764652220292873e-28
          2.631802133930451e-29 0.9207583911201549 0.4661521821507469 0.8201537166504804 0.15302001853309563 0.5241734496205285
          0.20126814062729895 0.02855880304915705 0.77845015561562 0.3404815310163896 0.5297296787504181 0.9197286986200195
          0.021673536398083143 0.8534114846151852 0.45051180663666657 0.9198717963228854 0.1631284724196169 0.6810762371558686
          0.23456515097300265 0.27059906118942567 0.06659057329859629 0.4920634797104972 7.92847490202564e-33 0.8848594631017078
          0.9176812022194224 2.9012485155897478e-33 0.41898296924310136 3.631927909944389e-33 1.6494130154603904e-32 0.8867355004565729
          0.5697948699946523 0.4050903592575513 1.8438163532598716e-34 2.4174454336724193e-33 5.526242641289867e-33 2.2771145648681578e-32
          1.1869429837476684e-32 1.6261463954253135e-32 0.7155701070307394 4.532008953833713e-32 1.0403009636968197e-30 2.8841167868025305e-30
          8.793458840040751e-29 5.034584596476317e-29 4.908071087704638e-29 1.1839885406457772e-27 1.6977423453498703e-28 1.6877409282036388e-28
          1.7802796695951477e-28 5.275481330579878e-28 2.4670784018781327e-28 0.33194026117151715 0.10749851453074304 0.9222376143369577
          0.4949875202924384 0.5310732544804091 0.6094858086300372 0.5295504639193584 0.1108254803072728 0.6017011130232013
          0.7901183430930104 0.7482975770538566 0.8872100803900195 0.49671416440138144 0.9195801013247998 0.7146803006638764
          0.2455985396050667 0.1493960128509278 0.6761307010730333 0.7417260894593806 0.7382094155247844 0.27588301091594486
          0.5329424062868755 0.3296497730736981 0.028590670867631052 7.071394308067532e-33 5.4809991058294206e-33 0.1185542396783432
          0.8213681095885215 0.8126110536208235 0.5529894590466341 2.963857669467816e-35 1.2295966592173495e-33 1.9463585215269504e-33
          3.5595621149481816e-33 4.139732319427216e-33 3.328285688769456e-33 0.7093117437026939 6.122129308082011e-33 7.593980842248468e-31
          2.3422085228784824e-30 8.274190607513812e-29 4.0426615350433186e-29 4.1698079868860226e-29 0.8905680508360327 2.7548360136875136e-28
          1.830897886322361e-28 1.0731720946410927e-28 1.55174427840953e-28 0.01699804802594691 0.06561404645344607 0.6329966329344072
          0.02856455740009775 0.3269892113844994 0.02860239287401102 0.29335893035235816 4.808754873086969e-30 0.6014300097209871
          0.44373351260441807 0.8525187771928123 0.45975584909673545 0.9225937332522585 0.11164022842440742 0.8232323906025285
          0.25021637679051056 0.16170061331663313 0.6787781597987819 0.7088621869801417 0.8203602728970651 0.5571319561264116
          0.27871715707926614 0.11328089578439467 0.10965242455521158 7.063299936053296e-33 3.4715825201958896e-33 5.859754788069732e-33
          0.21057347788096048 5.584502756041651e-33 0.6654356531626195 0.15510457553646823 3.976209207295274e-36 4.402044359403589e-34
          1.2548310488208283e-33 1.6227068620472507e-33 1.5121903595294451e-33 3.3400811014276055e-33 0.776579312089587 6.395188767053336e-34
          2.8976890756077706e-31 1.1654851459685449e-29 7.346062626375448e-29 2.5213879346750187e-29 0.6773077707841002 0.5240608559836514
          1.8550003560961245e-29 1.4909852120777735e-28 1.975812665969099e-29 1.1601616125922624e-29 4.2807401751979244e-30 0.8130182989118188
          0.5997950471378617 0.15821272963805372 0.10729276907373513 0.11003722716979678 0.8844453820133749 0.06922618029688767
          0.3257978447084393 0.02862334594899721 0.5277554750126063 0.019488298618445428 0.4054731756226025 0.6402918430996991
          0.6590989103669264 0.10692353033712265 0.8540533090292403 0.7860212696178582 0.8534546987653224 0.28738759747459935
          0.2797455536600821 0.8195131805171606 0.3275164394288254 0.819306323342624 3.5819338356817055e-33 7.268215825724364e-33
          2.8435469147051246e-33 0.7534810950407551 0.6544674603061114 0.8876206833484158 0.3275244958844268 4.9305951668504045e-37
          8.579556432008663e-35 9.13874618787359e-34 3.1771180921690766e-33 2.720923430194347e-33 0.9213499644542155 0.642571149282207
          1.1022002512127094e-43 6.065854853119509e-45 3.2956246645504614e-30 6.974481095429409e-30 6.800780499426144e-30 0.4452818990043406
          0.37003536877782844 0.4270973917094545 1.058297581385058e-30 0.6050709093663182 0.9185772824102274 0.06166722397878264
          0.4395490711165539 0.521289491702986 0.8490444099477242 0.6219447173049333 0.8168019144648521 0.8521900060158792
          0.7837706479156903 0.2866654956754617 0.749660540938409 0.8497919751918269 0.6044914429623053 0.41067894139765077
          0.7470941129781726 0.9184572281070774 0.5345056432909461 0.15123821640826893 0.8844681178871511 0.6028203058325504
          0.5266080974955104 0.8185797701763322 0.1539933161890381 0.028582892059688413 0.7869911315162038 0.9194606293739637
          0.5983689948164228 0.7573624925041202 0.8872699944216842 0.8536905342220696 0.2411272301337009 0.061649498231539396
          2.2533301362262877e-35 1.0470909749833367e-34 6.28680535732512e-34 2.277070899012573e-33 0.06644444804310592 0.1612313087051218
          0.10787659098849271 2.7903210422670087e-32 7.72256660795825e-33 0.41560218321110015 0.3861883398875591 0.8517670528851997
          0.2748493208066833 0.15260274215681163 2.7790302902826575e-41 2.7992859363703805e-41 0.04898405711034115 0.13888202347089984
          0.15308981845347314 0.4543536168651357 0.4917260834294377 8.770017433177336e-44 6.865610846420096e-44 3.30621687889868e-30
          0.8867243761168394 0.3474605344094969 0.851337299078666 0.885827772382719 9.130276108492327e-44 7.683812886703492e-44
          1.671873814400598e-30 0.9224276374455883 0.2587387019282054 0.6906859749424621 0.32860895017794256 9.31309975130126e-44
          7.927294916233615e-44 8.651191242280859e-31 0.028580620979944668 0.24763169206343746 0.5371000420076504 0.28421572284040514
          3.330254986994692e-41 3.336296384498196e-41 1.9833240447173662e-38 0.24681601465202152 0.15439681706837652 0.28158747590082867
          0.5357197552702496 0.6188783111931716 1.010462006361409e-37 0.6202259438910253 0.016598122165126804 0.19484176601986283
          0.32367511626377016 0.45120294609677547
        </DataArray>
        <DataArray type="Float64" Name="radius" format="ascii" RangeMin="0.22" RangeMax="0.22">
          0.22 0.22 0.22 0.22 0.22 0.22
          0.22 0.22 0.22 0.22 0.22 0.22
          0.22 0.22 0.22 0.22 0.22 0.22
          0.22 0.22 0.22 0.22 0.22 0.22
          0.22 0.22 0.22 0.22 0.22 0.22
          0.22 0.22 0.22 0.22 0.22 0.22
          0.22 0.22 0.22 0.22 0.22 0.22
          0.22 0.22 0.22 0.22 0.22 0.22
          0.22 0.22 0.22 0.22 0.22 0.22
          0.22 0.22 0.22 0.22 0.22 0.22
          0.22 0.22 0.22 0.22 0.22 0.22
          0.22 0.22 0.22 0.22 0.22 0.22
          0.22 0.22 0.22 0.22 0.22 0.22
          0.22 0.22 0.22 0.22 0.22 0.22
          0.22 0.22 0.22 0.22 0.22 0.22
          0.22 0.22 0.22 0.22 0.22 0.22
          0.22 0.22 0.22 0.22 0.22 0.22
          0.22 0.22 0.22 0.22 0.22 0.22
          0.22 0.22 0.22 0.22 0.22 0.22
          0.22 0.22 0.22 0.22 0.22 0.22
          0.22 0.22 0.22 0.22 0.22 0.22
          0.22 0.22 0.22 0.22 0.22 0.22
          0.22 0.22 0.22 0.22 0.22 0.22
          0.22 0.22 0.22 0.22 0.22 0.22
          0.22 0.22 0.22 0.22 0.22 0.22
          0.22 0.22 0.22 0.22 0.22 0.22
          0.22 0.22 0.22 0.22 0.22 0.22
          0.22 0.22 0.22 0.22 0.22 0.22
          0.22 0.22 0.22 0.22 0.22 0.22
          0.22 0.22 0.22 0.22 0.22 0.22
          0.22 0.22 0.22 0.22 0.22 0.22
          0.22 0.22 0.22 0.22 0.22 0.22
          0.22 0.22 0.22 0.22 0.22 0.22
          0.22 0.22 0.22 0.22 0.22 0.22
          0.22 0.22 0.22 0.22 0.22 0.22
          0.22 0.22 0.22 0.22 0.22 0.22
          0.22 0.22 0.22 0.22 0.22 0.22
          0.22 0.22 0.22 0.22 0.22 0.22
          0.22 0.22 0.22 0.22 0.22 0.22
          0.22 0.22 0.22 0.22 0.22 0.22
          0.22 0.22 0.22 0.22 0.22 0.22
          0.22 0.22 0.22 0.22 0.22 0.22
          0.22 0.22 0.22 0.22 0.22 0.22
          0.22 0.22 0.22 0.22 0.22 0.22
          0.22 0.22 0.22 0.22 0.22 0.22
          0.22 0.22 0.22 0.22 0.22 0.22
          0.22 0.22 0.22 0.22 0.22 0.22
          0.22 0.22 0.22 0.22 0.22 0.22
          0.22 0.22 0.22 0.22 0.22 0.22
          0.22 0.22 0.22 0.22 0.22 0.22
          0.22 0.22 0.22 0.22 0.22 0.22
          0.22 0.22 0.22 0.22 0.22 0.22
          0.22 0.22 0.22 0.22 0.22 0.22
          0.22 0.22 0.22 0.22 0.22 0.22
          0.22 0.22 0.22 0.22 0.22 0.22
          0.22 0.22 0.22 0.22 0.22 0.22
          0.22 0.22 0.22 0.22 0.22 0.22
          0.22 0.22 0.22 0.22 0.22 0.22
          0.22 0.22 0.22 0.22 0.22 0.22
          0.22 0.22 0.22 0.22 0.22 0.22
          0.22 0.22 0.22 0.22 0.22 0.22
          0.22 0.22 0.22 0.22 0.22 0.22
          0.22 0.22 0.22 0.22 0.22 0.22
          0.22 0.22 0.22 0.22 0.22 0.22
          0.22 0.22 0.22 0.22 0.22 0.22
          0.22 0.22 0.22 0.22 0.22 0.22
          0.22 0.22 0.22 0.22 0.22 0.22
          0.22 0.22 0.22 0.22 0.22 0.22
          0.22 0.22 0.22 0.22 0.22 0.22
          0.22 0.22 0.22 0.22 0.22 0.22
          0.22 0.22 0.22 0.22 0.22 0.22
          0.22 0.22 0.22 0.22 0.22 0.22
          0.22 0.22 0.22 0.22 0.22 0.22
          0.22 0.22 0.22 0.22 0.22 0.22
          0.22 0.22 0.22 0.22 0.22 0.22
          0.22 0.22 0.22 0.22 0.22 0.22
          0.22 0.22 0.22 0.22 0.22 0.22
          0.22 0.22 0.22 0.22 0.22 0.22
          0.22 0.22 0.22 0.22 0.22 0.22
          0.22 0.22 0.22 0.22 0.22 0.22
          0.22 0.22 0.22 0.22 0.22 0.22
          0.22 0.22 0.22 0.22 0.22 0.22
          0.22 0.22 0.22 0.22 0.22 0.22
          0.22 0.22 0.22 0.22 0.22 0.22
          0.22 0.22 0.22 0.22 0.22 0.22
          0.22 0.22 0.22 0.22 0.22 0.22
          0.22 0.22 0.22 0.22 0.22 0.22
          0.22 0.22 0.22 0.22 0.22 0.22
          0.22 0.22 0.22 0.22 0.22 0.22
          0.22 0.22 0.22 0.22 0.22 0.22
          0.22 0.22 0.22 0.22 0.22 0.22
          0.22 0.22 0.22 0.22 0.22 0.22
          0.22 0.22 0.22 0.22 0.22 0.22
          0.22 0.22 0.22 0.22 0.22 0.22
          0.22 0.22 0.22 0.22 0.22 0.22
          0.22 0.22 0.22 0.22 0.22 0.22
          0.22 0.22 0.22 0.22 0.22 0.22
          0.22 0.22 0.22 0.22 0.22 0.22
          0.22 0.22 0.22 0.22 0.22 0.22
          0.22 0.22 0.22 0.22 0.22 0.22
          0.22 0.22 0.22 0.22 0.22 0.22
          0.22 0.22 0.22 0.22 0.22 0.22
          0.22 0.22 0.22 0.22 0.22 0.22
          0.22 0.22 0.22 0.22 0.22 0.22
          0.22 0.22 0.22 0.22 0.22 0.22
          0.22 0.22 0.22 0.22 0.22 0.22
          0.22 0.22 0.22 0.22 0.22 0.22
          0.22 0.22 0.22 0.22 0.22 0.22
          0.22 0.22 0.22 0.22 0.22 0.22
          0.22 0.22 0.22 0.22 0.22 0.22
          0.22 0.22 0.22 0.22 0.22 0.22
          0.22 0.22 0.22 0.22 0.22 0.22
          0.22 0.22 0.22 0.22 0.22 0.22
          0.22 0.22 0.22 0.22 0.22 0.22
          0.22 0.22
        </DataArray>
      </PointData>
      <CellData>
      </CellData>
      <Points>
        <DataArray type="Float32" Name="Points" NumberOfComponents="3" format="ascii" RangeMin="0.4094751736717217" RangeMax="2.824631704043657">
          -1.6070251 -1.1297604 0 -1.6703342 -1.1650221 0
          -1.5937063 -1.087887 0 -1.4777727 -0.9829967 0.37001252
          -1.4107314 -0.9047048 0.3763274 -1.3111985 -0.7754007 0.35716027
          -1.2687285 -0.67926526 0.35714638 -2.5755258 -0.7009826 0
          -2.4868805 -0.7329873 0 -2.2496257 -0.722348 0
          -1.649237 -0.60196775 0.38620964 -1.544164 -0.5940013 0.3759433
          -1.4498916 -0.6036555 0.3525858 -1.2160858 -0.5392732 0.36679834
          -2.7862678 -0.24416012 0 -2.5505292 -0.27897245 0
          -2.4395323 -0.28670782 0 -1.9362378 -0.30690783 0.39995688
          -1.5734649 -0.022441037 0.3702006 -1.5089972 -0.25620383 0.3801196
          -1.368372 -0.22737095 0.39867344 -2.824387 -0.037174217 0
          -2.5422301 -0.060319345 0 -2.4538343 -0.05697546 0
          -2.0487416 -0.063807584 0 -1.6741574 -0.1093168 0.3996802
          -1.4782041 -0.019879812 0.37596652 -1.3086483 0.007623742 0.38530207
          -2.786135 0.17003132 0 -2.5055583 0.1591975 0
          -2.416706 0.17085038 0 -1.8661097 0.19353345 0.3859237
          -1.6213473 0.051479883 0.379019 -1.4908258 0.15645568 0.3669966
          -1.3280098 0.16868599 0.36052054 -2.585925 0.61636823 0
          -2.3369744 0.5825462 0 -2.1792595 0.5910975 0
          -1.6751908 0.48758933 0.3863845 -1.499101 0.4586537 0.37321836
          -1.4011841 0.4599399 0.35313252 -1.3516692 0.4646712 0.39917004
          -1.619192 1.0593895 0 -1.6848168 1.0992204 0
          -1.574313 0.98487645 0.38162848 -1.4937662 0.8976463 0.3733989
          -1.3677557 0.70811033 0.4 -1.3341991 0.6886311 0.3996496
          -1.2405193 0.55734175 0.36695844 -1.14743 -2.1280756 0
          -1.1908215 -1.7988576 0 -1.1626816 -1.5692697 0
          -1.1155005 -1.2346581 0 -1.1179378 -1.065591 0
          -1.1163498 -0.96471053 0.38629407 -1.1870286 -0.8371625 0.37847114
          -1.4477605 -1.0512145 0 -1.5424376 -0.9619343 0.39324042
          -1.3495971 -0.8299094 0.38173604 -1.3157992 -0.7753203 0.3816966
          -1.5074413 -0.49043775 0.38361037 -1.150224 -0.67642605 0.35670012
          -1.027796 -0.6747268 0.397821 -1.7341758 -0.33690685 0.39452592
          -1.9361145 -0.4766591 0.39878416 -1.6600688 -0.47113818 0.38800007
          -1.5682418 -0.41399288 0.36931524 -1.1971966 -0.3113526 0.35268292
          -1.4260856 -0.28865176 0.39783895 -1.1783799 -0.23700222 0.39992678
          -1.5747716 0.051345002 0.383752 -2.546988 -0.32036397 0
          -1.9197707 -0.020594824 0.4 -1.3766065 -0.06680524 0.37246713
          -1.2258259 -0.12764916 0.39291662 -1.5330377 -0.113923594 0.39923862
          -1.2250462 0.034187 0.3957846 -1.6100106 0.29186523 0.37921095
          -1.8148123 0.31866097 0.3516272 -1.7716569 0.29249838 0.3811731
          -1.559679 0.32212344 0.37642252 -1.3636713 0.10316836 0.39992046
          -1.350357 0.2527814 0.4 -1.2432399 0.23934013 0.36698633
          -1.3805877 0.89653176 0.3603957 -1.5265101 0.87304664 0.3969325
          -1.4654199 0.9207186 0.37631127 -1.3304087 0.61812323 0.3670431
          -1.2996422 0.38026324 0.35709697 -1.1685327 0.4802715 0.35693297
          -0.9929996 0.62565786 0.39993212 -1.1501797 2.0520961 0
          -1.1919311 1.8005738 0 -1.1820291 1.46106 0
          -1.1347297 1.1443489 0 -1.1000034 0.8943021 0.36074507
          -1.1044403 0.87487507 0.3999271 -1.1183313 0.730194 0.3996327
          -0.67665505 -2.328239 0 -0.7747113 -2.0882652 0
          -0.7995504 -1.7198544 0 -0.80777925 -1.3767853 0
          -0.91773915 -1.2859608 0 -0.85698813 -1.1295993 0
          -0.84277153 -0.8699445 0.35631293 -0.78136504 -1.0902091 0
          -0.9537147 -1.232284 0 -0.91896737 -1.0429547 0
          -1.0390152 -1.0379784 0 -1.0186137 -0.864081 0.4
          -1.0319722 -0.742487 0.353006 -0.9351706 -0.5999542 0.38969693
          -0.9421747 -0.40991488 0.39317065 -1.1910813 -0.41857702 0.39579898
          -0.9799898 -0.5205965 0.38972014 -1.1693869 -0.5355972 0.39692616
          -1.197911 -0.48352587 0.3832596 -0.8013788 -0.28125274 0.38093737
          -1.0047396 -0.22933501 0.36366457 -0.868809 -0.019593675 0.38974497
          -1.1248436 -0.089621514 0.3996726 -1.1258488 -0.007823272 0.39449802
          -1.3715999 -0.17142369 0.39293277 -1.1249144 -0.32350996 0.37297037
          -0.9642224 0.13687882 0.37834093 -1.0256683 -0.035057712 0.36989692
          -0.8128475 0.23068838 0.38098723 -1.0393852 0.31286335 0.35674426
          -1.2024953 0.41136587 0.39279276 -1.4335223 0.3158079 0.38110644
          -1.04712 0.34807572 0.3701401 -0.8793839 0.14496152 0.38980392
          -1.1285857 0.43069926 0.37595037 -0.70786643 0.97096515 0.367138
          -0.9614444 1.0737206 0 -1.0182267 1.0100716 0
          -1.020057 0.8566227 0.3700765 -0.91841817 0.8154784 0.37314856
          -1.0460933 0.56280893 0.38542676 -1.0926385 0.6409327 0.39993396
          -0.6937153 2.1621563 0 -0.77592653 1.9703232 0
          -0.8026056 1.6244307 0 -0.8256087 1.3799466 0
          -0.9136788 1.1778595 0 -0.8788352 0.96569234 0.38127297
          -0.9440062 0.61469376 0.3830691 -0.49723884 -2.2972252 0
          -0.5639376 -2.126871 0 -0.60294825 -1.7447906 0
          -0.6061638 -1.4489199 0 -0.69610685 -1.5836378 0
          -0.63149285 -1.1508646 0 -0.7132201 -0.9519801 0.39862898
          -0.50774735 -1.1551841 0 -0.68783134 -1.3487533 0
          -0.8339241 -1.4473562 0 -0.78537506 -0.9493805 0.37538788
          -0.83538055 -0.8710303 0.39284196 -0.7243606 -0.62592286 0.372554
          -0.5905117 -1.3747007 0 -0.7566485 -0.31300896 0.39862084
          -1.0094967 -0.75679195 0.3943322 -0.8768652 -0.75271434 0.4
          -1.0655795 -1.1261345 0 -1.0220022 -0.33330286 0.37318712
          -0.6346126 -0.16466463 0.38939914 -0.8777559 -0.5527146 0.37267333
          -0.6405378 -0.052081205 0.3968717 -0.9660397 -0.25914258 0.38340425
          -1.1230978 0.15593894 0.36671564 -1.4469254 -0.4680288 0.35972747
          -1.0326912 -0.09652664 0.36365688 -0.7307219 0.19465683 0.35237974
          -0.78632283 -0.17641124 0.39683226 -0.55363834 0.3802875 0.39993432
          -0.6038972 0.5027493 0.37524715 -0.84728664 0.70779955 0.3999232
          -1.1623919 0.17544113 0.3967365 -0.9918067 0.22769266 0.35298914
          -0.6841224 0.22311524 0.38108432 -0.8467902 0.43810385 0.35231006
          -0.53708804 1.0627311 0 -0.6461485 1.1177886 0
          -0.7078771 1.2966684 0 -0.86262363 1.0937784 0
          -0.8659916 0.78604305 0.36043462 -0.78272814 0.6280758 0.36962128
          -1.3961371 0.8605466 0.3986149 -0.51465094 2.1952462 0
          -0.5594776 2.0401506 0 -0.5886907 1.6007411 0
          -0.5873661 1.3230759 0 -0.64595675 1.4750592 0
          -0.63864005 1.0390518 0 -0.69902945 0.65044194 0.3565044
          -0.34430516 -2.3033595 0 -0.39339486 -2.1505744 0
          -0.42180958 -1.7091529 0 -0.43919837 -1.4604336 0
          -0.52919143 -1.631468 0 -0.46589303 -1.4770129 0
          -0.4417576 -0.97125643 0.37496474 -0.31604373 -1.2021242 0
          -0.39703432 -1.0481807 0 -0.46449676 -1.322709 0
          -0.6187171 -1.1830484 0 -0.66651154 -0.75303406 0.39122728
          -0.5569404 -1.0084565 0 -0.5188306 -0.65923345 0.372238
          -0.27607435 -0.3905741 0.36628503 -0.59921116 -0.8334679 0.3943844
          -0.6225479 -0.94114673 0.36278024 -0.7570524 -0.41889384 0.38085383
          -0.767526 -0.709937 0.39448547 -0.5884593 -0.54208815 0.3929999
          -0.6131572 -0.16093388 0.36663938 -0.46052507 0.0815099 0.39556715
          -0.64656484 -0.34453806 0.4 -0.8185713 -0.048952714 0.37262633
          -0.8689768 -0.39410862 0.3631972 -0.7525224 0.0788485 0.385769
          -0.63095844 0.13691543 0.39862537 -0.5006118 -0.32721126 0.38767782
          -0.22925167 0.40371397 0.38755155 -0.7007144 0.419081 0.3999296
          -0.37245274 0.5420144 0.36345622 -0.74572456 0.41831073 0.3875195
          -0.59195036 0.28012994 0.3892643 -0.5874418 0.4983295 0.39992902
          -0.5227971 0.43189216 0.39919063 -0.30126643 1.2890593 0
          -0.472965 1.1762102 0 -0.47336683 1.4156674 0
          -0.7804176 0.8848714 0.3762146 -0.58489233 0.86283803 0.3832183
          -0.5356944 0.71983993 0.38519388 -0.5533488 0.6604548 0.35649016
          -0.357958 2.260059 0 -0.40221146 2.0131497 0
          -0.41822764 1.7012193 0 -0.4644177 1.4251565 0
          -0.51151925 1.4517765 0 -0.5276682 1.1794506 0
          -0.5759285 1.0428973 0 -0.20862536 -2.3198855 0
          -0.25452554 -2.1199193 0 -0.26558706 -1.8217283 0
          -0.33861846 -1.4128088 0 -0.30140543 -1.6986132 0
          -0.25037423 -1.4410769 0 -0.27990493 -0.9914477 0.395646
          -0.15413158 -1.2104998 0 -0.35311005 -1.1859155 0
          -0.41821504 -1.3353775 0 -0.49719846 -0.76278806 0.3944049
          -0.29650417 -0.92142415 0.35204646 -0.29622865 -0.7981322 0.36264727
          -0.41010794 -0.78836286 0.39991617 -0.06255317 -0.38041654 0.3593005
          -0.40695143 -0.65963686 0.38736594 -0.6519256 -0.65998435 0.39968506
          -0.5368696 -0.4216051 0.38777828 0.028149206 -0.72063446 0.36940134
          -0.3225011 -0.5128002 0.3967774 -0.45567727 -0.09057545 0.36976224
          -0.11764679 -0.016272295 0.39873558 -0.43073282 -0.24753207 0.3693114
          -0.43204698 -0.55070007 0.3752952 -0.83583254 0.46647927 0.3894271
          -0.5318233 0.10464875 0.37531856 -0.4502021 -0.007252734 0.37557295
          -0.3509596 0.025555497 0.39966533 -0.11380992 0.3234742 0.37572742
          -0.37472567 0.41081348 0.36391637 -0.8324101 0.9107943 0.39992318
          -0.7476298 -0.024671137 0.35245794 -0.23528278 0.61166334 0.37549078
          -0.41670915 0.31350592 0.36395454 -0.29269722 0.23114853 0.3601136
          -0.24225913 1.0591707 0 -0.3959559 1.1411253 0
          -0.3363427 1.3998007 0 -0.3846063 1.0354966 0
          -0.28936622 0.87323856 0.38968068 -0.46222347 0.9374914 0.36682957
          -0.41431114 0.634736 0.3954499 -0.21035764 2.1424823 0
          -0.2732041 2.0030415 0 -0.28298607 1.6710644 0
          -0.2972631 1.4970347 0 -0.29635432 1.5621186 0
          -0.33213073 1.1707348 0 -0.42498693 0.78852445 0.3556151
          -0.062801376 -2.2315943 0 -0.12292624 -2.0944886 0
          -0.12991513 -1.7719718 0 -0.115348786 -1.498881 0
          -0.06814391 -1.6585815 0 -0.06775431 -1.3717372 0
          -0.123774245 -0.9526531 0.39587682 0.013662101 -1.1511788 0
          -0.2629499 -1.3169458 0 -0.21232113 -1.0557749 0
          -0.17974037 -1.5542479 0 -0.20891535 -0.7265112 0.3524277
          -0.06851397 -1.2782028 0 -0.10082357 -0.63272214 0.3891845
          0.056550846 -0.46329612 0.38100353 -0.32931915 -0.5685679 0.4
          0.18888614 -1.5553436 0 -0.18741123 -1.3022623 0
          -0.07532831 -0.51837885 0.37563938 -0.20009616 -0.54826033 0.39991766
          -0.21087466 -0.4500004 0.37302655 0.13119136 -0.043734726 0.39317036
          -0.11057855 -0.32883042 0.3806836 -0.26682284 -0.2286637 0.3956563
          -0.42523888 0.23988076 0.35647777 0.06474553 0.27204716 0.39309838
          -0.28588244 -0.15553045 0.3909833 -0.09632553 0.275415 0.36298645
          0.107547335 0.4273768 0.38767904 -0.25143898 0.38006574 0.39122668
          -0.0046190214 0.9572091 0.38800195 -0.28251925 0.72105604 0.3996509
          0.042822428 0.9471199 0.36335194 -0.10996369 0.48149845 0.37865508
          -0.18254527 0.22042905 0.39777502 0.05383402 0.95843124 0.3999301
          -0.18613733 1.2991204 0 -0.25005478 1.3454775 0
          -0.22317474 0.9273734 0.3934038 -0.3051855 0.6075702 0.35657868
          -0.17382589 0.85989344 0.38997638 -0.06564054 0.52092963 0.38105696
          -0.061040986 2.140387 0 -0.13538991 2.0660253 0
          -0.1371364 1.680789 0 -0.13089281 1.5192462 0
          -0.097025834 1.6359326 0 0.051595822 1.3588839 0
          0.0032194406 0.8530733 0.38333964 0.08942751 -2.2726333 0
          0.014244167 -2.1186152 0 0.015065271 -1.7625191 0
          0.03265089 -1.5136639 0 0.052552503 -1.6509783 0
          0.11572945 -1.359339 0 0.06745375 -1.0256617 0
          0.084045775 -1.2529913 0 0.026219467 -1.3442292 0
          -0.050985336 -1.0295261 0 0.00866725 -1.7331587 0
          0.07009176 -0.82086396 0.38776878 -0.043519575 -0.84655946 0.39116856
          0.18433009 -0.77318144 0.38756603 0.15318875 -0.7526575 0.3968736
          -0.15705083 -0.76655865 0.39852 -0.030258695 -1.132167 0
          -0.14599793 -1.6118348 0 0.30210578 -1.3051702 0
          0.043559283 -0.6318494 0.35936028 0.16810592 -0.35906073 0.36986256
          0.32668516 -0.016500358 0.36342883 -0.5534556 -0.14378406 0.3526932
          0.2748181 0.26991042 0.39593163 0.24733648 0.40581504 0.3896839
          -0.04952069 -0.1626605 0.38952973 0.08207219 0.08822253 0.39134493
          -0.3362723 -0.1139904 0.39993224 0.119479775 0.5957616 0.39458603
          0.31384212 0.13358834 0.39435628 0.16704464 0.4768532 0.38304326
          -0.22238393 1.5431767 0 0.4706361 1.4572872 0
          -0.005012824 0.45334816 0.4 0.043877635 0.25619128 0.37509254
          0.27057838 1.0964127 0 0.17835958 1.1049687 0
          -0.13579045 1.1415554 0 0.0518682 1.3060656 0
          0.0040078987 0.64966 0.3945212 0.18199192 0.6756483 0.36295876
          0.079087 0.63529605 0.4 0.09419657 2.1202092 0
          0.026622755 1.9594483 0 0.018820586 1.737775 0
          0.0012504505 1.356461 0 0.08622656 1.5909543 0
          0.13593297 1.4493494 0 0.074861355 0.8107852 0.38966596
          0.24987426 -2.2222855 0 0.17587207 -2.0312662 0
          0.17410302 -1.8377453 0 0.2017834 -1.47678 0
          0.23672603 -1.6442293 0 0.23566705 -1.4024881 0
          0.17658074 -0.86338305 0.3595225 0.27430508 -1.1841671 0
          0.12472785 -1.0069529 0 0.16497056 -1.2771602 0
          0.22396973 -1.6233068 0 0.30528057 -0.95184225 0.3526302
          0.35648993 -0.83994824 0.38894978 0.27400365 -0.65717536 0.36254987
          0.42833158 -0.4153458 0.3986229 0.07994825 -0.18627198 0.3854328
          0.5615813 -0.8721273 0.39776823 0.5523423 -0.8119688 0.4
          0.2581655 -0.33598232 0.36657494 0.36173734 -0.79020107 0.3941336
          0.24900448 -0.2188549 0.3855103 0.47449198 -0.07548007 0.3528338
          0.08039941 -0.367426 0.3999133 0.402342 0.07818806 0.36029783
          0.8132974 -0.452983 0.38961852 0.79487586 0.31356153 0.35278064
          0.37640432 -0.15135276 0.39853698 0.22942327 -0.06664284 0.37481648
          0.4976208 0.4126193 0.3969674 0.16660747 0.21808426 0.3960093
          0.38073882 0.67506117 0.39965728 0.2806737 0.73558676 0.3875798
          0.7032537 1.0791122 0 0.34864244 0.55512893 0.3557015
          0.29069605 0.13633822 0.3522089 0.34463924 1.0567908 0
          0.2278478 0.92582315 0.39124164 0.32116476 1.1350332 0
          0.21962954 1.2801199 0 0.21860036 0.8708977 0.35611168
          0.4395974 0.81245226 0.38333145 0.26159245 0.5985692 0.39143896
          0.260061 2.1516664 0 0.17796662 1.9048166 0
          0.18146077 1.7587087 0 0.18070114 1.3447628 0
          0.20321025 1.5309002 0 0.20230381 1.476797 0
          0.3164236 0.83224714 0.37277386 0.41676503 -2.2378068 0
          0.3315907 -1.9901291 0 0.3378749 -1.84927 0
          0.34882745 -1.4363844 0 0.40098175 -1.5384614 0
          0.50593394 -1.4967715 0 0.34991372 -1.0057992 0
          0.55396557 -1.2357148 0 0.41551328 -1.2908956 0
          0.3603761 -1.295544 0 0.5128907 -1.0483979 0
          0.6942974 -1.0358206 0 0.68529904 -0.8071414 0.39427987
          0.36293188 -0.58753633 0.39925382 0.63065284 -0.3142147 0.35266864
          0.3095226 -0.51336694 0.38735807 0.54522765 -0.6739051 0.38521817
          0.5040109 -0.27118847 0.3805726 0.67288953 -0.72967947 0.38536566
          0.53837216 -0.4641233 0.39922678 0.3617711 -0.37813973 0.38085082
          0.81885886 -0.105130106 0.3668827 0.42369518 -0.2849759 0.36955467
          0.4750342 -0.5650802 0.3559508 0.9196383 0.27275535 0.38733193
          0.45354035 -0.00071998866 0.3531289 0.39620528 0.3154986 0.37208393
          0.57624066 -0.25238943 0.39677653 0.54266137 0.34474686 0.39867607
          0.50012696 0.1962006 0.37558556 0.57965547 0.26166013 0.37005365
          0.6261793 0.5619835 0.37021795 0.36974314 0.4576375 0.39586812
          0.5460813 0.0572851 0.385283 0.635095 0.16576217 0.3943359
          0.3610127 0.96069974 0.4 0.27758163 1.2216156 0
          0.34596777 1.330828 0 0.51300055 0.9570219 0.39916444
          0.66249317 0.96028143 0.36333022 0.5182199 0.7607613 0.36385962
          0.66458195 0.58275014 0.38383862 0.4204997 2.184685 0
          0.3304121 1.9010912 0 0.36260086 1.7048244 0
          0.3804832 1.5034606 0 0.36866954 1.4875609 0
          0.4693405 1.2548704 0 0.46072286 0.7827029 0.37333646
          0.58622485 -2.2571518 0 0.5030488 -1.9608893 0
          0.53501934 -1.7718698 0 0.5158013 -1.3744543 0
          0.5983598 -1.49206 0 0.64686865 -1.4752195 0
          0.68955153 -0.8982311 0.35614994 0.6326901 -1.0416311 0
          0.52525944 -1.2352561 0 0.59903574 -1.2927977 0
          0.783225 -1.0752349 0 0.78456837 -0.7097121 0.399932
          0.51894563 -0.9351594 0.39966336 0.72178006 -0.58228314 0.37830663
          0.716353 -0.3456863 0.4 0.46930268 -0.57413906 0.39435884
          0.9721872 -0.39817062 0.4 0.8732085 -0.8614717 0.3955753
          1.118943 -1.0461134 0 0.6475942 -0.5265706 0.38078776
          0.739221 -0.49793214 0.38979664 0.7768464 0.015713304 0.3601037
          0.5624935 -0.11964387 0.38917172 0.9668258 -0.33376974 0.35366246
          1.1925213 0.12767361 0.39922035 0.861845 -0.1452694 0.3637446
          0.6526026 0.019711692 0.3967236 0.97326976 -0.011723858 0.3985293
          0.7012896 0.2706527 0.37572294 0.62081194 0.39746237 0.37293783
          0.9528099 0.14450543 0.3638447 0.7278106 0.64106536 0.38374078
          0.53385687 0.49570525 0.39580244 0.75620586 0.123601794 0.39920703
          0.8923226 0.3317946 0.39923647 0.6482898 1.0845126 0
          0.4364673 1.1780586 0 0.62994194 1.169387 0
          0.70096564 0.9052279 0.39767307 0.8222009 1.1204457 0
          0.5859857 0.64291394 0.376297 0.7689415 0.5388272 0.39861587
          0.5913358 2.2172368 0 0.5101245 1.8652273 0
          0.5226817 1.6203371 0 0.5584498 1.4656439 0
          0.5875217 1.4758627 0 0.5218013 1.269679 0
          0.5776237 0.76272035 0.36720046 0.7799739 -2.2651312 0
          0.70661384 -1.9310827 0 0.73532563 -1.6458944 0
          0.7358924 -1.3126451 0 0.87664866 -1.3790654 0
          0.9166809 -0.9500561 0.37535286 0.8797767 -0.6639849 0.38534427
          0.96624297 -1.1708709 0 0.6708144 -1.2247223 0
          0.96130455 -1.1576575 0 1.0094905 -1.1718082 0
          1.1795138 -1.1413065 0 0.9261498 -0.9757312 0.36304328
          1.0176604 -0.6971955 0.3806344 1.1060265 -0.37276015 0.39857373
          0.84502417 -0.6540991 0.39924294 1.0319065 -0.44125533 0.39923266
          1.2203636 -0.48200592 0.35609928 0.6663048 -0.1885061 0.39964148
          1.0098561 -0.5496899 0.3943919 1.0391244 -0.31428978 0.4
          1.2143258 -0.00090795016 0.38529235 1.0136526 -0.18731625 0.39992204
          1.1418865 -0.11371435 0.39128098 1.3142338 0.121338986 0.37833726
          0.8286401 -0.34133998 0.37782896 1.0610044 -0.026720218 0.39925376
          1.0412581 0.050764672 0.360264 1.0803868 0.3584074 0.36647764
          0.81081235 0.44717014 0.3596503 1.1676753 0.3513542 0.39570796
          1.0735654 0.4576436 0.39578214 0.8221761 0.16821268 0.36365682
          1.013824 0.29186365 0.39439583 1.0943189 0.21412803 0.3637983
          0.9869193 1.0736568 0 0.73131114 1.090216 0
          0.90705115 1.2937957 0 0.92405385 0.7042561 0.36941218
          0.79238415 0.9411419 0.37808642 0.82284445 0.86532474 0.35642618
          0.9815795 0.5665971 0.39430186 0.77380663 2.211186 0
          0.69769937 1.8762951 0 0.65964335 1.6016382 0
          0.75219893 1.3439934 0 0.92733985 1.2948573 0
          0.9278662 0.94919765 0.35319325 0.89196914 0.63309664 0.37802604
          1.1830434 -2.1013703 0 1.096423 -1.8272778 0
          1.0850679 -1.4790105 0 1.0457652 -1.2137395 0
          1.054619 -1.048704 0 1.056415 -0.99976754 0.38973066
          1.0304725 -0.8089833 0.39287385 1.3796705 -0.8507296 0.39011118
          1.3418466 -1.1016889 0 1.2412944 -0.6965963 0.3803892
          1.1504791 -0.82788265 0.35222596 1.0303978 -0.72635216 0.3996863
          1.1044313 -0.6453013 0.3897268 1.142076 -0.5556243 0.38560182
          1.5411421 -0.2887654 0.36058402 1.5867922 -0.37074402 0.3802496
          1.3571736 -0.32570258 0.36395693 1.4179075 -0.5067867 0.3596626
          1.4366034 -0.33917636 0.36722922 1.2055702 -0.24192016 0.39567006
          1.2598276 -0.41531333 0.36991265 1.4987245 -0.028255701 0.35972196
          1.5075911 -0.042722553 0.380836 1.5307316 -0.052123714 0.39134696
          1.3353462 0.050276235 0.3695632 1.4681109 -0.20889463 0.35285634
          1.0672754 -0.123325594 0.38514426 1.2787205 -0.10518418 0.39865267
          1.4875945 0.21551995 0.35592344 1.5099204 0.20542926 0.38079375
          1.4885081 0.25842398 0.3854849 1.2897204 0.35718668 0.3631002
          1.3884668 0.20044065 0.3986259 1.1449549 0.18187468 0.4
          1.2936695 0.32526302 0.36629945 1.3636347 0.7487896 0.353166
          1.3587604 0.8753472 0.3811137 1.0861481 0.8064136 0.36963797
          1.1443645 0.50724506 0.3562984 1.4168471 0.6020491 0.35972616
          0.9119843 0.46157244 0.3968355 1.0970092 0.55679 0.39968714
          1.1683689 1.9268223 0 1.1056595 1.7433432 0
          1.048007 1.5295793 0 1.0192734 1.3027599 0
          1.0098392 0.9119408 0.39965832 1.020785 0.8354857 0.3985196
          1.0299255 0.6804777 0.39924058 1.5995406 -1.1498915 0
          1.6296792 -1.2014319 0 1.4116881 -0.9919998 0.39048466
          1.349349 -0.9176078 0.39192575 1.2781467 -0.86809486 0.35955232
          1.2749904 -0.8285471 0.3958992 1.2343739 -0.7312996 0.3986378
          2.5009596 -0.66965103 0 2.4031992 -0.6983497 0
          1.847923 -0.6346142 0.39976558 1.6153089 -0.58429354 0.39877877
          1.4377792 -0.5710294 0.3986387 1.3995378 -0.5857588 0.3892616
          1.2706523 -0.47832367 0.38758054 2.669177 -0.24185975 0
          2.439968 -0.26604712 0 2.00655 -0.2671197 0
          1.7857983 -0.26746964 0.3565578 1.7009372 -0.2776376 0.39409658
          1.5807027 -0.18810244 0.36008233 1.2577497 -0.25154278 0.35642695
          2.6988876 -0.041359 0 2.4861207 -0.0517963 0
          2.0485055 -0.06588642 0 1.8079504 -0.05260963 0.35309404
          1.7040364 -0.04570228 0.39665008 1.6661587 -0.064321466 0.37487495
          1.3120563 -0.17728138 0.3943714 2.6735432 0.1598692 0
          2.46492 0.16252735 0 2.0522983 0.11023409 0
          1.7437413 0.1650702 0.4 1.6763507 0.18060827 0.39681062
          1.6706927 0.16462457 0.38512608 1.348106 0.079041846 0.3957078
          2.4950871 0.5832343 0 2.4424944 0.6076261 0
          2.1670485 0.5376278 0 1.7145451 0.4648826 0.3963871
          1.4723216 0.43385166 0.3986251 1.407345 0.4722635 0.395752
          1.2783271 0.4926822 0.38510036 1.5625926 0.99806017 0.37941608
          1.634214 1.0736839 0 1.5274041 0.9813738 0.37931588
          1.4403822 0.8926048 0.3999336 1.4362503 0.8666304 0.39787054
          1.4348832 0.8501438 0.39446726 1.3978062 0.54516983 0.38943005
          <InformationKey name="L2_NORM_RANGE" location="vtkDataArray" length="2">
            <Value index="0">
              0.40947517367
            </Value>
            <Value index="1">
              2.824631704
            </Value>
          </InformationKey>
        </DataArray>
      </Points>
      <Verts>
        <DataArray type="Int64" Name="connectivity" format="ascii" RangeMin="0" RangeMax="685">
          0 1 2 3 4 5
          6 7 8 9 10 11
          12 13 14 15 16 17
          18 19 20 21 22 23
          24 25 26 27 28 29
          30 31 32 33 34 35
          36 37 38 39 40 41
          42 43 44 45 46 47
          48 49 50 51 52 53
          54 55 56 57 58 59
          60 61 62 63 64 65
          66 67 68 69 70 71
          72 73 74 75 76 77
          78 79 80 81 82 83
          84 85 86 87 88 89
          90 91 92 93 94 95
          96 97 98 99 100 101
          102 103 104 105 106 107
          108 109 110 111 112 113
          114 115 116 117 118 119
          120 121 122 123 124 125
          126 127 128 129 130 131
          132 133 134 135 136 137
          138 139 140 141 142 143
          144 145 146 147 148 149
          150 151 152 153 154 155
          156 157 158 159 160 161
          162 163 164 165 166 167
          168 169 170 171 172 173
          174 175 176 177 178 179
          180 181 182 183 184 185
          186 187 188 189 190 191
          192 193 194 195 196 197
          198 199 200 201 202 203
          204 205 206 207 208 209
          210 211 212 213 214 215
          216 217 218 219 220 221
          222 223 224 225 226 227
          228 229 230 231 232 233
          234 235 236 237 238 239
          240 241 242 243 244 245
          246 247 248 249 250 251
          252 253 254 255 256 257
          258 259 260 261 262 263
          264 265 266 267 268 269
          270 271 272 273 274 275
          276 277 278 279 280 281
          282 283 284 285 286 287
          288 289 290 291 292 293
          294 295 296 297 298 299
          300 301 302 303 304 305
          306 307 308 309 310 311
          312 313 314 315 316 317
          318 319 320 321 322 323
          324 325 326 327 328 329
          330 331 332 333 334 335
          336 337 338 339 340 341
          342 343 344 345 346 347
          348 349 350 351 352 353
          354 355 356 357 358 359
          360 361 362 363 364 365
          366 367 368 369 370 371
          372 373 374 375 376 377
          378 379 380 381 382 383
          384 385 386 387 388 389
          390 391 392 393 394 395
          396 397 398 399 400 401
          402 403 404 405 406 407
          408 409 410 411 412 413
          414 415 416 417 418 419
          420 421 422 423 424 425
          426 427 428 429 430 431
          432 433 434 435 436 437
          438 439 440 441 442 443
          444 445 446 447 448 449
          450 451 452 453 454 455
          456 457 458 459 460 461
          462 463 464 465 466 467
          468 469 470 471 472 473
          474 475 476 477 478 479
          480 481 482 483 484 485
          486 487 488 489 490 491
          492 493 494 495 496 497
          498 499 500 501 502 503
          504 505 506 507 508 509
          510 511 512 513 514 515
          516 517 518 519 520 521
          522 523 524 525 526 527
          528 529 530 531 532 533
          534 535 536 537 538 539
          540 541 542 543 544 545
          546 547 548 549 550 551
          552 553 554 555 556 557
          558 559 560 561 562 563
          564 565 566 567 568 569
          570 571 572 573 574 575
          576 577 578 579 580 581
          582 583 584 585 586 587
          588 589 590 591 592 593
          594 595 596 597 598 599
          600 601 602 603 604 605
          606 607 608 609 610 611
          612 613 614 615 616 617
          618 619 620 621 622 623
          624 625 626 627 628 629
          630 631 632 633 634 635
          636 637 638 639 640 641
          642 643 644 645 646 647
          648 649 650 651 652 653
          654 655 656 657 658 659
          660 661 662 663 664 665
          666 667 668 669 670 671
          672 673 674 675 676 677
          678 679 680 681 682 683
          684 685
        </DataArray>
        <DataArray type="Int64" Name="offsets" format="ascii" RangeMin="1" RangeMax="686">
          1 2 3 4 5 6
          7 8 9 10 11 12
          13 14 15 16 17 18
          19 20 21 22 23 24
          25 26 27 28 29 30
          31 32 33 34 35 36
          37 38 39 40 41 42
          43 44 45 46 47 48
          49 50 51 52 53 54
          55 56 57 58 59 60
          61 62 63 64 65 66
          67 68 69 70 71 72
          73 74 75 76 77 78
          79 80 81 82 83 84
          85 86 87 88 89 90
          91 92 93 94 95 96
          97 98 99 100 101 102
          103 104 105 106 107 108
          109 110 111 112 113 114
          115 116 117 118 119 120
          121 122 123 124 125 126
          127 128 129 130 131 132
          133 134 135 136 137 138
          139 140 141 142 143 144
          145 146 147 148 149 150
          151 152 153 154 155 156
          157 158 159 160 161 162
          163 164 165 166 167 168
          169 170 171 172 173 174
          175 176 177 178 179 180
          181 182 183 184 185 186
          187 188 189 190 191 192
          193 194 195 196 197 198
          199 200 201 202 203 204
          205 206 207 208 209 210
          211 212 213 214 215 216
          217 218 219 220 221 222
          223 224 225 226 227 228
          229 230 231 232 233 234
          235 236 237 238 239 240
          241 242 243 244 245 246
          247 248 249 250 251 252
          253 254 255 256 257 258
          259 260 261 262 263 264
          265 266 267 268 269 270
          271 272 273 274 275 276
          277 278 279 280 281 282
          283 284 285 286 287 288
          289 290 291 292 293 294
          295 296 297 298 299 300
          301 302 303 304 305 306
          307 308 309 310 311 312
          313 314 315 316 317 318
          319 320 321 322 323 324
          325 326 327 328 329 330
          331 332 333 334 335 336
          337 338 339 340 341 342
          343 344 345 346 347 348
          349 350 351 352 353 354
          355 356 357 358 359 360
          361 362 363 364 365 366
          367 368 369 370 371 372
          373 374 375 376 377 378
          379 380 381 382 383 384
          385 386 387 388 389 390
          391 392 393 394 395 396
          397 398 399 400 401 402
          403 404 405 406 407 408
          409 410 411 412 413 414
          415 416 417 418 419 420
          421 422 423 424 425 426
          427 428 429 430 431 432
          433 434 435 436 437 438
          439 440 441 442 443 444
          445 446 447 448 449 450
          451 452 453 454 455 456
          457 458 459 460 461 462
          463 464 465 466 467 468
          469 470 471 472 473 474
          475 476 477 478 479 480
          481 482 483 484 485 486
          487 488 489 490 491 492
          493 494 495 496 497 498
          499 500 501 502 503 504
          505 506 507 508 509 510
          511 512 513 514 515 516
          517 518 519 520 521 522
          523 524 525 526 527 528
          529 530 531 532 533 534
          535 536 537 538 539 540
          541 542 543 544 545 546
          547 548 549 550 551 552
          553 554 555 556 557 558
          559 560 561 562 563 564
          565 566 567 568 569 570
          571 572 573 574 575 576
          577 578 579 580 581 582
          583 584 585 586 587 588
          589 590 591 592 593 594
          595 596 597 598 599 600
          601 602 603 604 605 606
          607 608 609 610 611 612
          613 614 615 616 617 618
          619 620 621 622 623 624
          625 626 627 628 629 630
          631 632 633 634 635 636
          637 638 639 640 641 642
          643 644 645 646 647 648
          649 650 651 652 653 654
          655 656 657 658 659 660
          661 662 663 664 665 666
          667 668 669 670 671 672
          673 674 675 676 677 678
          679 680 681 682 683 684
          685 686
        </DataArray>
      </Verts>
      <Lines>
        <DataArray type="Int64" Name="connectivity" format="ascii" RangeMin="1e+299" RangeMax="-1e+299">
        </DataArray>
        <DataArray type="Int64" Name="offsets" format="ascii" RangeMin="1e+299" RangeMax="-1e+299">
        </DataArray>
      </Lines>
      <Strips>
        <DataArray type="Int64" Name="connectivity" format="ascii" RangeMin="1e+299" RangeMax="-1e+299">
        </DataArray>
        <DataArray type="Int64" Name="offsets" format="ascii" RangeMin="1e+299" RangeMax="-1e+299">
        </DataArray>
      </Strips>
      <Polys>
        <DataArray type="Int64" Name="connectivity" format="ascii" RangeMin="1e+299" RangeMax="-1e+299">
        </DataArray>
        <DataArray type="Int64" Name="offsets" format="ascii" RangeMin="1e+299" RangeMax="-1e+299">
        </DataArray>
      </Polys>
    </Piece>
  </PolyData>
</VTKFile>
