<?xml version="1.0"?>
<VTKFile type="PolyData" version="0.1" byte_order="LittleEndian" header_type="UInt32" compressor="vtkZLibDataCompressor">
  <PolyData>
    <Piece NumberOfPoints="686" NumberOfVerts="686" NumberOfLines="0" NumberOfStrips="0" NumberOfPolys="0">
      <PointData>
        <DataArray type="Float64" Name="density" format="ascii" RangeMin="500" RangeMax="1183.7061487073222">
          524.846219595087 500 500 673.8103343769177 747.3466814411673 899.4296957175341
          965.702919481573 500 500 500 573.7563844338476 950.1767138153543
          823.4326025432517 894.3273388054965 500 500 500 500
          947.9088102587782 642.7963612056553 862.3089466820359 500 500 500
          500 525.2754261552814 948.7221490835294 909.1690637990428 500 500
          500 500 741.2068877548835 729.2916195461864 987.978772201495 500
          500 500 500 631.7609894602595 863.4022550764414 944.3445477251902
          500 500 584.1718848463651 846.674597096798 750.1248367373299 789.3590485659828
          845.1470958856485 500 500 500 500 622.412051600624
          701.3864616270662 825.5646431986722 510.26474344385343 555.5676828683594 802.5263146925437 895.3944181241877
          1025.9779585057972 1033.232588368313 975.627179785366 500 500 716.8498168375664
          912.4133848254982 896.319205298084 714.8111190595016 985.7314702641526 864.0006675522015 500
          500 917.2529908536914 960.219324236485 879.6656900757627 951.2159021918596 605.653036449894
          538.6632666372576 591.1805239956631 664.0686284770248 959.5443918549089 947.9089776886436 981.3302076851803
          720.7384720524366 750.9885898667596 843.4255018353049 818.0501696766448 1005.7346551239996 935.2810109157418
          860.3880951730897 500 500 500 500 749.0532255499086
          759.9255733650532 697.1274765564052 500 500 500 611.8357210169204
          534.8471130103028 500 914.6709475032726 506.3202952070599 500 638.0701384829547
          757.552970779295 817.7516069377511 944.2658012096022 886.786636172748 965.5639683110384 860.7014935226027
          868.6384855315299 975.5863275483658 942.5077907756811 914.4828174055614 1015.5772623845156 957.0553625398712
          990.1750338379379 930.6653590104089 921.0743781596976 993.0174389664982 986.3814207311813 995.0504067830695
          843.5206296004159 964.0298888432906 975.6379231682226 879.4026930689523 819.1784489958943 922.3665624339769
          946.7475643276706 863.65952309604 674.7301190285114 709.9278800148062 913.3174104621893 941.9614927814958
          810.9660653383386 793.7965029484652 500 500 500 500
          500 928.8119876760588 850.9043952602553 500 500 500
          664.5199298903445 500 500 887.7953715179847 550.9566024575329 588.8324978803432
          500 876.3626653992137 917.0369668759362 857.4455684130634 588.592296595075 895.4539455805373
          935.1563567673317 921.4105373244139 608.8053288441236 998.5101749281885 868.8606620327209 883.5470680705151
          868.6664687100384 1007.203496398865 974.7720698477832 861.851341794069 999.4981070319687 928.2606804057094
          853.4402747445346 967.4841579786038 992.2865220217898 918.6026571330638 960.362319058666 934.7778811440045
          954.2424546000833 805.4379499024783 896.3399896985413 500 500 574.1926077810668
          995.4885000766063 786.2421031223312 670.6959305388673 500 500 500
          581.051161634348 558.4018537023954 841.5126820710636 850.9258412163663 500 500
          500 790.7510161095248 548.9652197451765 743.7726975948573 801.309229218159 565.6411294476851
          758.7415626074932 717.0311186520563 500 897.2975154073168 778.5235624122174 912.0231068261353
          999.5163010712481 837.7119614961139 814.4352606953563 825.5453588193128 892.4257354753169 800.5097942859661
          902.1019214271848 852.8314042814059 864.0985907514382 903.1036512564807 975.0452430676083 912.6221686159407
          907.3955405906096 694.6231423778396 791.5944790427906 984.6161804301036 836.6194864086353 926.3950449082271
          927.1465456561151 1006.1434491072328 1004.888805592373 500 500 885.864282000506
          960.5881924408652 967.5582110870237 889.6770529751701 964.3442891729504 500 500
          500 906.6804508218586 841.0246294220262 500 995.9122024016606 500
          500 500 978.8404890156377 500 1031.552893593987 805.6197642090399
          585.4465493974401 500 805.884331258525 850.4018099813767 823.5525091139795 771.582350601271
          819.9224855437942 927.1734375763009 874.2237542374824 902.7931980671823 729.7650768495228 893.8491491234946
          847.52897205334 973.7659856907468 500 670.0979111302003 802.9281041654868 838.8671723671714
          855.2172604378891 972.750157136952 673.7669785768545 914.7159302359951 814.9969102333442 993.7954660716515
          895.4967838565938 684.2973028963987 893.2570641591249 876.4772167941945 686.3924678983605 572.1406360168218
          932.9751173894122 986.5414935007905 932.581365916842 857.7811843847434 935.1165608620021 526.1190063748567
          500 559.9899874441112 925.2005346845829 827.7896762920657 500 989.466993761226
          504.57494259102486 500 599.2911849644009 1077.0033002297873 699.3888411197008 1100.3510810458292
          874.2966875262329 704.8897875365652 964.8006914825919 684.7001709469167 848.1092032488116 844.3922767837562
          500 870.7112775808091 636.8917140411716 892.2708452630184 626.1177211087897 597.258382890295
          823.516532988467 981.6871261542541 1010.9576957986637 541.8856131705409 949.4202002773213 812.2385130562694
          869.3016456798249 865.9677175995679 1039.6198729602072 819.8768427205736 833.1435003159949 573.5194580488948
          886.4764637975879 821.4743978732693 747.8543346923908 765.2779263470704 792.4665481564753 875.3533491954173
          500 682.962529536894 844.6980739225195 756.3487298624019 716.2863856071491 769.7163324505799
          508.73384026275755 577.4298830944842 598.2640361119164 576.972594132835 637.598258386932 876.4121438944709
          901.4738400484267 500 500 744.4968093845911 910.0651230695959 721.8021814430961
          1183.7061487073222 947.2682524956058 1031.7813246380197 1145.8258212884475 983.5403864867646 795.4913081183062
          971.5614624075339 833.5272317290174 948.0785768715267 963.5588372624584 839.363902435297 746.6281543687461
          785.5295011167395 500 726.5902795549024 712.8226699786248 858.8424494615717 845.3806066471662
          766.4491399857097 986.1926907900587 820.0140911526471 566.6206462318431 836.1145981571618 963.5237161291883
          622.4941547433912 930.5409438208802 500 677.6872389047076 782.4903965808168 830.9258743756333
          825.0888384413383 628.9993561959033 500 789.6435835503167 727.5321326388545 964.5170131627341
          879.7873217158672 500 500 500 683.1837191181012 547.087707297153
          1016.9844895289061 942.2513217620896 500 500 500 844.3316683432606
          530.271527189036 899.0518669205783 907.1136915338811 500 766.2253783033206 1009.091292094121
          556.1060389804566 709.6804423633222 812.0307128869292 715.3231973573304 937.7384022023186 522.0474327802572
          924.8608231438984 944.9571692165181 856.7831423374589 780.4502361507776 814.7862660094031 917.8822262818805
          672.4878763152568 955.1073651445867 861.6015920272729 928.5912222614038 997.5604166337213 700.753325231136
          925.4507154293916 1010.6133579046733 847.2455120858745 905.1044168599544 882.9443121811157 911.7102748377355
          1020.5987157652647 798.7855840008588 904.6310333920316 704.9583135586008 937.8465303122481 853.2299979887018
          876.0845814092803 974.1454957870736 500 500 500 1080.9889539935746
          789.2668881760667 973.6559344110693 855.0739321636695 500 500 500
          781.7415820742999 561.0073838416564 843.095376505042 597.1226956529249 500 779.605151604887
          764.5855152040218 640.5875746117357 827.1505679924071 971.4520808381596 827.2315022688244 836.2401268639494
          695.9973117081113 825.0117841220863 965.317925202349 935.0140549235555 962.9256983895795 933.9246596725669
          630.0697584106383 500 879.7655659288063 884.0621249007658 877.3793820976629 1075.9262914063543
          862.5589882376304 964.9926574680686 999.8040590675255 811.2661603759345 810.098623934143 942.3662085114023
          761.9400959393539 936.2158936847112 812.9314734314977 944.6936089186138 1001.1984964767596 716.271050662124
          959.6131599662762 939.388242230071 967.9689679469941 500 500 500
          632.2966628219611 675.1590408940813 758.7004849576907 895.1621024700605 500 500
          500 1039.5137786504663 765.8293613696817 697.5082288872065 985.8399964941128 817.3107815562697
          804.1953690424386 924.881378802152 657.6897950970133 940.1848830949413 928.3111723833448 946.4856008256953
          873.4499904389407 931.8469356582428 971.4276187283048 837.6670970661787 763.0138456743805 975.5766904411045
          912.5510462839889 710.1833604490063 758.2114890205316 939.080299227382 861.7040205148825 662.1127680633494
          695.5639791601945 917.6063237673409 1000.101682469952 955.8151581882153 959.2521795266485 899.4455833008418
          862.4793770652138 932.2447066772897 974.8237851957141 772.1298311639185 500 500
          1017.8726674481534 500.17488380167214 963.0949538621945 995.5913365969782 500 500
          510.9067287879591 620.5739184982118 604.5074395958325 504.4445085458828 1007.3478382125106 500
          500 500 556.358648466169 500 854.2590986787183 844.4850564527384
          659.2849402507318 555.6313787527182 618.2537619551235 667.2300733864574 500 862.3385926390932
          924.8067457601294 953.4299574683926 883.6723024740523 965.6280877568265 973.9455622358457 676.8453618682813
          871.3426093979452 999.7521708727854 856.4981809724012 842.4358071956707 962.8832054660218 928.1596652380612
          824.3545883341003 975.2783775204299 984.5632643700407 978.2769143934482 984.9736173671023 976.1701387456893
          936.8711309174728 907.6120504293314 869.6506455676572 966.9837412166158 500 769.7138790915808
          595.8848107046355 1044.6733200671836 659.0031962403408 1063.4135436946322 936.8419314796979 500
          500 500 500 599.6427814279257 768.7602017731028 959.5997315504169
          500 500 500 549.2154555890996 817.0937974641815 858.9441798027051
          857.1138425157137 779.3439057956545 500 832.1467468154891 848.6220798871559 913.4909138420711
          936.2029900601665 1005.7553865665094 845.5264442570475 614.5886483966306 842.802551812235 749.4289899774109
          815.5778644127593 903.20206987643 902.6754574709807 846.6044439539914 872.5327741947904 879.9406958203961
          916.5962314001241 884.9216649495052 885.0369663533585 881.2476993975381 860.5948071071634 841.1053804621191
          760.2494374181763 874.4908784739356 974.5601193771098 917.0814523733001 840.8218446405733 653.5142079862982
          821.8206444856017 566.9506342301338 848.0817193600149 633.0917940713464 971.0686447120769 840.795877215072
          500 500 500 500 708.5319345811015 825.118691638534
          844.7130458493533 500 500 500 809.5155194185844 938.9688297384647
          963.6494067691668 875.969689246715 500 500 500 500
          653.1965167664704 670.9052422952353 899.2010831389168 500 500 500
          500 598.1518233379509 907.7993557797979 895.1143830564303 500 500
          500 500 707.9291146797212 794.7438883164059 858.6372814204324 500
          500 500 565.2040370355016 683.9537092618169 677.4370795050594 953.9934189041564
          500 500 500 500 605.8309782325297 787.7918977693502
          794.8821216454738 546.708682462889 500 673.5116703964135 987.7581732913983 984.4432128240122
          953.2817128687657 743.7579311676477
        </DataArray>
        <DataArray type="Float64" Name="pressure" format="ascii" RangeMin="0" RangeMax="22044.737844878662">
          0 0 0 0 0 0
          0 0 0 0 0 0
          0 0 0 0 0 0
          0 0 0 0 0 0
          0 0 0 0 0 0
          0 0 0 0 0 0
          0 0 0 0 0 0
          0 0 0 0 0 0
          0 0 0 0 0 0
          0 0 0 0 0 0
          3117.355020695668 3987.91060419755 0 0 0 0
          0 0 0 0 0 0
          0 0 0 0 0 0
          0 0 0 0 0 0
          0 0 0 0 688.1586148799488 0
          0 0 0 0 0 0
          0 0 0 0 0 0
          0 0 0 0 0 0
          0 0 0 0 0 0
          0 0 0 0 1869.2714861418744 0
          0 0 0 0 0 0
          0 0 0 0 0 0
          0 0 0 0 0 0
          0 0 0 0 0 0
          0 0 0 0 0 0
          0 0 0 0 0 0
          0 0 0 0 0 0
          0 0 0 0 0 0
          0 864.4195678638016 0 0 0 0
          0 0 0 0 0 0
          0 0 0 0 0 0
          0 0 0 0 0 0
          0 0 0 0 0 0
          0 0 0 0 0 0
          0 0 0 0 0 0
          0 0 0 0 0 0
          0 0 0 0 0 0
          0 0 0 0 0 0
          0 737.2138928679306 586.6566710847655 0 0 0
          0 0 0 0 0 0
          0 0 0 0 0 0
          0 0 0 0 3786.3472312784324 0
          0 0 0 0 0 0
          0 0 0 0 0 0
          0 0 0 0 0 0
          0 0 0 0 0 0
          0 0 0 0 0 0
          0 0 0 0 0 0
          0 0 0 0 0 0
          0 0 0 9240.39602757448 0 12042.129725499508
          0 0 0 0 0 0
          0 0 0 0 0 0
          0 0 1314.9234958396482 0 0 0
          0 0 4754.384755224864 0 0 0
          0 0 0 0 0 0
          0 0 0 0 0 0
          0 0 0 0 0 0
          0 0 0 0 0 0
          22044.737844878662 0 3813.7589565623603 17499.0985546137 0 0
          0 0 0 0 0 0
          0 0 0 0 0 0
          0 0 0 0 0 0
          0 0 0 0 0 0
          0 0 0 0 0 0
          0 0 0 0 0 0
          2038.138743468735 0 0 0 0 0
          0 0 0 0 0 1090.9550512945134
          0 0 0 0 0 0
          0 0 0 0 0 0
          0 0 0 0 0 0
          0 1273.602948560797 0 0 0 0
          2471.8458918317674 0 0 0 0 0
          0 0 0 0 0 9718.674479228948
          0 0 0 0 0 0
          0 0 0 0 0 0
          0 0 0 0 0 0
          0 0 0 0 0 0
          0 0 0 0 0 9111.154968762512
          0 0 0 0 0 0
          0 0 0 0 143.81957721115214 0
          0 0 0 0 0 0
          0 0 0 0 0 0
          0 4741.653438055955 0 0 0 0
          0 0 0 0 0 0
          0 0 0 0 0 0
          0 0 0 0 0 0
          0 0 12.201896394244613 0 0 0
          0 0 0 0 0 0
          2144.7200937784055 0 0 0 0 0
          0 0 0 0 881.7405855012748 0
          0 0 0 0 0 0
          0 0 0 0 0 0
          0 0 0 0 0 0
          0 0 0 0 0 0
          0 0 0 0 0 0
          0 0 0 0 0 0
          0 5360.798408062028 0 7609.625243355858 0 0
          0 0 0 0 0 0
          0 0 0 0 0 0
          0 0 0 0 0 0
          0 690.6463879811281 0 0 0 0
          0 0 0 0 0 0
          0 0 0 0 0 0
          0 0 0 0 0 0
          0 0 0 0 0 0
          0 0 0 0 0 0
          0 0 0 0 0 0
          0 0 0 0 0 0
          0 0 0 0 0 0
          0 0 0 0 0 0
          0 0 0 0 0 0
          0 0 0 0 0 0
          0 0 0 0 0 0
          0 0 0 0 0 0
          0 0
        </DataArray>
        <DataArray type="Float64" Name="velocity" NumberOfComponents="3" format="ascii" RangeMin="9.42177477523311e-8" RangeMax="3.6180970767579304">
          -0.00700607494025069 -0.006944636755742912 0 -0.0050563624312731535 -0.005012020618649298 0
          -0.3151691994095273 -0.31240522776547885 -2.562242788937756 -0.09305692618059619 -0.09324337190395139 -0.30080590061649776
          -0.07846069296177033 -0.0733288480862555 -0.23964271980854956 -0.10396610626633651 -0.0861729257208366 -0.5678203926096724
          -0.1885952522809265 -0.11829792045816495 -0.5266728623558441 -0.000030737484126333044 -0.000008378830129299209 0
          -0.0003665639018304024 -0.0001077378226583196 0 -0.01423676973471158 -0.004194700623620685 0
          -0.1731085317120138 -0.09738533641971484 -0.08728651648558192 -0.2580933720856654 -0.2345407079934892 -0.2620493777294106
          -0.16186076914764533 -0.37285651909124834 -0.6062387086664426 0.0340738603765853 -0.14166328642922174 -0.3640425628844053
          -0.00008275865849379615 -0.000005132312195703511 0 -0.011968402908536862 -0.0026202546775682158 0
          -0.036912518778959534 -0.007200947036859304 0 -0.24755260947914678 -0.05703584346126262 -0.2568308486705179
          -0.11875538451218202 0.09338135036428626 -0.3237434244098788 -0.15545621956207117 -0.004312636382336679 -0.060762251294200244
          -0.3529071028538532 -0.047308028385420496 -0.8490017710507181 -0.00005411819883908255 3.59754798785393e-7 0
          -0.001528087481289224 -0.00003087035775268521 0 -0.006789720880843299 -0.00014199302397716388 0
          -0.2552289472182778 -0.0153373653575154 -0.12438581934436324 -0.18750540164010038 -0.013283666989200948 -0.7649479296486942
          -0.16048938032279225 0.03513552008798332 -0.19250954232325096 -0.08791141313520001 0.04608394658100186 0.0365962949014041
          -0.000046789800974331046 0.0000014767016723804191 0 -0.0016472039961322868 0.000048767235319005834 0
          -0.007828879405616546 0.00030082994117260607 0 -0.16681475086696343 0.04038605670230679 -0.22931589746255793
          -0.11777750369123352 -0.007190451159987804 -0.1837954373017679 -0.16894032158073316 0.03297339202335093 -0.37395732723920316
          -0.21108149409695023 0.04230402932867158 -0.5694301845940304 -0.000021021780272167967 0.000005005722553647128 0
          -0.0023514726512485844 0.000665901064556481 0 -0.5300016625507302 0.15010596711559837 -2.7198998849146996
          -0.0906144823605314 0.04137312672979307 -0.04605272937272719 -0.12285278238516388 0.06849647397080919 -0.27707784177809375
          -0.1814236991837968 0.1234997575002574 -0.611523646236805 -0.20835420529239196 0.18702905882584617 -0.8095672279995126
          -0.2237375966011449 0.23366081733330915 -1.9649214545486666 -0.27529621865991827 0.28435564052556245 -2.485075698457162
          -0.088090385933955 0.09193404848106101 -0.3997909228994411 -0.09583491637911667 0.09678591753225581 -0.33044115926104695
          -0.15174617895361303 0.10359752505509814 -0.6220429014751931 -0.18382402333775252 0.12602671383185904 -0.7442626122670744
          -0.12663380865466847 0.07706000203066146 -0.36885744768063783 -0.0000035931501081891035 -0.00001973948710588639 0
          -4.38492525005342e-8 -1.8160045869159095e-7 0 -2.5218104685033345e-8 -9.078012551002886e-8 0
          -0.0005155773910120052 -0.0013836031359320635 0 -0.1544073713091518 -0.2924776072408444 -1.5868617427905032
          -0.10985326007345216 -0.1816549193106537 -0.7061794961862423 -0.10709895469630454 -0.12880690271964862 -0.14494315644144323
          -0.19074482441585455 -0.22030730372154783 -1.4692594186871153 -0.15549995122730842 -0.14132201681665013 -1.0138278370093259
          -0.06521937336923023 -0.05556483243126664 -0.2273272330336092 -0.09392006720839274 -0.0770737463866694 -0.1319127387967543
          -0.21819078429488717 0.014026355994125638 -0.13738943888811894 -0.05080521587666272 -0.1586327598491817 -0.555079706105525
          -0.1880326545835969 -0.33432862565947685 -0.8869376870350718 -0.1600658962975311 -0.050116540528918986 -0.04690049103616495
          -0.2964085816067 -0.1164758420842574 -0.3766357829876564 -0.21250103833691247 -0.07413700275813498 -0.13674866537072988
          -0.24361491346876865 0.01870187410909253 -0.32764489658160634 -0.15389792874262154 -0.1944547367367135 -0.6172157028015064
          -0.3345939536926054 0.051016295114207334 -0.899536990091596 -0.18278118651781092 -0.22262399762319685 -0.6937536876796264
          -0.08885196205878393 0.04076329646500439 -0.05001714964285296 -2.3438445502936274 -0.5760385800418016 -2.6954032602203646
          -0.2259601249381716 0.0045840518784977455 -0.08290596129507466 -0.10068353111432814 0.009077440430686883 -0.25083480883479903
          -0.2108289780365526 0.18046773530301577 -1.1047253437290834 -0.2908700122005587 -0.04925424946574691 -0.7922341943398572
          -0.28783644093081817 0.014222361806927897 -1.024125580777645 -0.13145775019231506 0.06064976098888148 -0.233300739329537
          -0.21697517509035005 0.09071486043583324 -0.6124304732491821 -0.14383624866319825 0.0580578124336668 -0.0959895874604101
          -0.1338721346860275 0.06792158110210764 -0.27685473357044066 -0.2470767939609322 -0.01766758443797842 -0.695612805444304
          -0.2739349937091573 0.06655171811786888 -0.6421843191255188 -0.37070178466479237 0.05299932580465243 -0.36163157578696176
          -0.12927906648880447 0.12354411564877918 -0.4907266190306595 -0.137840141022507 0.13561026438006407 -0.9165448519795194
          -0.09034363995605875 0.09725495926890759 -0.19621020667595587 -0.13731212568403778 0.07789227925866475 -0.3735892472158216
          -0.23326459964721524 0.09333251889287124 -0.5592004734402667 -0.2236744799545125 0.20117993396909603 -0.5331872083809573
          -0.20267681041333405 0.29020485466556756 -0.7073981015566658 -0.000002337239547470853 0.000012787713792539442 0
          -3.8791238843671496e-7 0.0000018215389990858777 0 -2.9032634787715265e-8 9.304977475970138e-8 0
          -0.003055660239899797 0.007716217287309861 0 -0.09539340603484862 0.14527781556028002 -0.4757110850951424
          -0.12255154808329184 0.19055789488943342 -0.6885178916998161 -0.18425496888433274 0.18087505857181382 -0.7705918041951103
          3.706164429584341e-7 -0.0000267386981695406 0 -2.6938597266139345e-8 -0.000003603561132547252 0
          -0.00002789341795258942 -0.00016039059947863514 0 -0.0008491352647828335 -0.006888253963058208 0
          -0.00048667756527739117 -0.001943171498515816 0 -0.17127341622632988 -0.4541726113856765 -2.341478260879226
          -0.10707537722488115 -0.27773436150177877 -0.5582964279972156 -0.12945511925003977 -0.373357620436501 -1.65463190563186
          -0.0005901591343450489 -0.001657380847751998 0 -0.05790245209037535 -0.12646297997445963 -0.07173310910986204
          -0.07614760120043085 -0.15263148505115856 -0.3170919058381781 -0.11023221970937763 -0.16992773881546908 -0.6346131918851595
          -0.15831867569933109 -0.20442668102649253 -0.6092996973399585 -0.34009566201412367 -0.42472009162923585 -1.1571744385109413
          -0.3155955802735152 -0.010918629465437167 -1.1176093773024582 -0.16722472766025406 -0.10157041701246346 -0.966242266476072
          -0.11079795223685847 -0.207417476976306 -1.1864720698721183 -0.21657339352680366 -0.2400605313068923 -0.9319234624531062
          -0.38856507707926935 -0.06891685893748223 -0.01118274747884853 0.009097405338410521 -0.19866315158510892 -0.05731393496222063
          -0.2022353295666773 -0.325941611082687 -0.4501214610615149 0.1439682184145148 -0.22973944639576063 -1.212554232384797
          -0.3762712014760587 0.17745058211626152 -0.7392732119865065 -0.4934731049798336 0.056357904132375715 -1.0619319556624518
          -0.4949919124336742 -0.10464599686998165 -1.0998397642409277 -0.19995455789889197 -0.1427061189572878 -0.24009912509778586
          -0.1480451503148701 0.4745040356704031 -0.2409012171437168 -0.43370788194910337 -0.3533610023210162 -0.30966297356162076
          -0.09149715501058395 -0.024646607413098022 -0.06473215244720454 0.05591975924273898 0.31958038274542233 -0.6148862874377489
          -0.44847347370094937 0.4149458777804841 -1.0392621288859833 -0.1846080613689438 0.033243122845916066 -0.05506491694514098
          -0.45436083195030347 0.004922178130641698 -0.2914070987662233 -0.15721343502045662 0.09806410078988143 -1.2123103648090952
          -0.2940101710983841 0.1821820293094725 -0.1923376454271431 -0.02029750319768131 0.3821351291205585 -0.29907621001094303
          -0.16640206999121068 0.29023279826257425 -1.139108796733159 -0.07313610733588818 0.11992511843603083 -0.06215438034269231
          -0.11327020515160033 0.15549989116779664 -0.28722686716857854 -0.11569997330471121 0.19674782053054127 -0.327300937044231
          -0.273782263143001 0.30797416530233557 0.037517032984489725 -0.31386564285494156 0.1511133421901446 -0.6996008768679832
          8.685489143636475e-8 0.000014128999295925352 0 -1.1200936727670935e-8 0.000003348949112347775 0
          -0.00004746740637031102 0.0002753610716040909 0 -0.0026944881340819965 0.010588252076156964 0
          -0.11233152518087239 0.2967967781865615 0 -0.13731192083747704 0.19231732259096024 -0.011994994117292622
          -0.1901257914935145 0.2204650350219319 -0.01301368636000471 5.117024449781025e-7 -0.000022240787165835587 0
          1.428034263199021e-7 -0.000008427021385757019 0 -0.00004770024918791067 -0.00031273613871177946 0
          -0.0017717750470703966 -0.02004419554510834 0 -0.00033672824801440795 -0.002090446390877577 0
          -0.13008653023106545 -0.5815367352685862 -2.1628864009188535 -0.18465851738220007 -0.31526739357278233 -0.8702189628629263
          -0.11484271337522858 -0.552903596501786 -1.4751469921699802 -0.008848232309902442 -0.05984028811224971 0
          -0.0005270492103905424 -0.0029602533269818708 0 -0.08285682244654982 -0.14540539871158717 -0.16347835543680456
          -0.16909689748003104 -0.3324919771179148 -1.0353053259765301 0.0046720399943713554 -0.24722826039095142 -0.24821688402531694
          -0.0703880483686016 -1.1515232289108557 -2.904960781924779 -0.7903564277422491 -0.0036539743054481593 -0.8828522113071818
          -0.30306479899146643 -0.3047200911995345 -0.9839963422712121 -0.1778033036238912 -0.2550691060161095 -0.6627186569162701
          -0.24369495917633377 -0.49198442115861113 -1.618427169784622 -0.15174055224122987 0.006167832307145528 -0.2432759528469865
          0.05345878161317792 -0.024154957102390073 -1.130391275580624 -0.2195117308151188 -0.09407087961111478 -0.24909896202798026
          -0.2563100636011251 -0.10465845739146287 -0.9236982890904794 -0.25593264725832116 -0.22921179788665139 -0.009653924977355711
          -0.5662392832750345 0.1136836486537595 -0.37413640189470554 -0.2930661079389073 -0.08015092290576314 -0.4886645847235443
          -0.2649916473245969 0.2190274646871981 -0.46817400074881266 -0.07760333431458012 0.03673578668349451 -0.6080915461702814
          -0.11881801322481006 -0.10802320729073783 -0.9208463300106142 -0.16423932412827652 0.38708840510190706 -0.7180232912910284
          -0.02898150594952248 0.05603070838551913 -0.1965274518187216 -0.28086565974754246 0.3200318179322974 -0.6841669723370521
          -0.4432870930093812 -0.18900952301604196 -0.9054246704872501 -0.14325313420213012 0.13621476944303496 -0.607350874082015
          -0.1840579487888196 0.0050152880953192765 -0.06216658798106952 -0.07362363872530128 0.2280310585604107 -0.5875113382235271
          -0.12184237351582629 0.2886414655690502 0.03803644964846647 -0.07733653466971768 0.5414551195055006 -2.25536000231996
          -0.015504563849161775 0.06532056471296088 0 -0.17955208013844692 0.5002131722961934 -1.482530232847468
          -0.25345863313172884 0.15916475094563254 -0.4866926169762073 -0.2692866817416169 0.16305972510537178 -0.29513275745414946
          -1.1602952317970552 0.7358664789708664 -2.1850089709772327 2.972982652026524e-7 0.000019088378969607588 0
          7.773817000648533e-8 0.000007624553891804756 0 -0.00008759668592641146 0.0006571381825493791 0
          -0.0019807797156542423 0.009211179524434539 0 -0.0007908317101339697 0.004073717735255703 0
          -0.024243629481284962 0.7021287731221099 -0.9988712754068715 -0.3098611345543597 -0.2806996273961281 -0.5388828887501544
          7.455070847274438e-7 -0.000028294822223722414 0 2.831847259711525e-7 -0.000012072370568919775 0
          -0.0000672351118441567 -0.0006118291544931483 0 -0.005785611268819878 -0.013855839854164904 0
          -0.00024029097507870652 -0.001894154561693829 0 -0.0035226391385056936 -0.024564862348904957 0
          -0.12735404510932793 -0.40557160347319576 -1.2141772072958696 -0.008762446978020118 -0.90959675754551 -2.389797993913579
          -0.043120869581376876 -0.3620370962330058 -1.0222479278316856 -0.013397021928888822 -0.11444436263764061 0
          -0.17624576794584695 -0.752495301727724 -2.6851580178134022 -0.14342555939478366 -0.33337746197954704 -1.120139628604306
          -0.09838433302560444 -0.3935171104708764 -1.0376793409358116 -0.12106666621748263 -0.23429342312287738 -0.2533660630146635
          -0.024184153204537626 -0.13306859671624907 -0.2859318613631466 -0.15455909902899945 -0.44693214364181955 -1.0479808246928222
          -0.10194683302007566 -0.28583071758934403 -0.3270111947274135 -0.24493900667435387 0.021413056637252813 -0.061121768490188945
          -0.2411941583464661 -0.3759200575959957 -1.0517939619078767 -0.047396401085343286 -0.37987185314732236 -1.0646364253087055
          -0.1480276431138121 -0.009981317801804605 -0.3548444393757409 -0.33387032106439674 0.006335331027724831 -0.9738607774527619
          -0.24999948863704208 -0.13286250612305162 -0.6414655275253853 -0.17246621383301397 0.10342213425461604 -0.24201717252033847
          -0.33664540132861526 -0.15068610972888508 -0.4245491366097851 -0.06982586844587886 -0.010098762301777885 0.03703631761778017
          -0.3483966607715209 -0.1062446420663132 -0.8441560734573309 0.15773126436691254 -0.07138860927144944 -1.194687261295315
          -0.033411629052118995 0.24371499176752157 -1.102276689740187 -0.13337287757576155 0.027489242071385502 -0.7785008595984981
          0.018706916197472 0.23250393774839406 -0.4418550433411273 -0.025390657524475956 0.15987950207487472 0.0547597199166877
          -0.38929360406928076 0.2711968055595174 -1.1093859227804983 -0.44667958482147346 -0.3292022279733745 -0.7229861511787317
          -0.05470964241550656 0.02299591764805521 -0.8122726837225975 -0.19772264890301414 1.0314664940291685 -2.557919017547079
          -0.1572360027469916 0.6645895100837992 -2.3315062684675913 -0.0012293387778210142 0.010021590295533888 0
          -0.7280206592043433 0.71831900389307 -0.3123867479235041 0.505140950515513 0.8918159552841045 -1.2575245407856972
          -0.3215626392637283 0.23748100390222135 -1.2913027046126215 -0.23007808493717297 0.594136963322 -0.5544981971744011
          5.22037217141422e-7 0.000025728335421796253 0 1.0974250048276649e-7 0.00000707893024311607 0
          -0.00001732639175244287 0.0001656871346879074 0 -0.0005011851957926097 0.003912107633873606 0
          -0.00039463647269055355 0.002743174261402854 0 -0.14503075311508554 0.6625301801294695 -2.632045362923722
          -0.09517339206395875 0.6541611144645882 -0.8725603834753328 5.372916627119106e-7 -0.000022327011227496717 0
          2.3848308481460616e-7 -0.000010494922771799078 0 -0.0000067949473319674054 -0.00014260144325029805 0
          -0.09616598971772129 -0.0025429059711137843 0 -0.00020141588265840536 -0.0008766192549728677 0
          -0.14077373062802223 -0.03493256688991279 0 -0.055514765987140405 -0.4141208255662273 -0.9583733382659979
          -0.02203651345747721 -1.0731349008188715 -2.6272702469260367 -0.08756073329803044 -0.8626905254310517 -2.3285602653418884
          -0.012815884002812609 -0.032344351242881784 0 -0.1762909554065726 -0.2884067942213413 -0.9973529527454625
          -0.05443372938997582 -0.2933056143320454 -0.5559353276938788 -0.06097750734967286 -0.2686765250839642 -0.3937913947805936
          -0.15260809675150921 -0.42358405010126543 -0.7124810570727096 0.024960240064149406 -0.14881430307092802 -0.39580652692225315
          -0.20406911845937242 -0.3278521556626034 -1.184896160162272 -0.15156173112070473 -0.4098730507162354 -0.7592759288294457
          -0.18700851866392906 -0.22582573131748918 -1.2034105545402298 0.005434751440809083 -0.2987227457271955 -0.3398799993587661
          -0.24497174569329389 -0.21527285313852726 -0.9522658813830654 -0.1676328102621677 0.01571416624324371 -0.345679218372198
          -0.09171873319171206 0.02298110071749365 -0.8335693990558839 -0.19275171117191278 -0.07280185182617828 -0.26610535697954785
          0.06449925038954654 -0.17243021499237984 -0.20911096652318117 -0.3685968059892942 0.49689919326751475 -1.5764125316331798
          -0.17393801278658594 -0.06011099819386716 -0.20514614970902784 -0.1129930960910475 -0.022374418996335764 -0.15231886126210095
          -0.26996525659797105 0.010833097575522012 -0.7593100066089433 -0.01758402563743093 0.10633698727656869 -0.15445243593240898
          -0.04675742548447479 0.2037923131189854 -0.4068070802429099 -0.19666740434598762 0.2819168986735021 -0.7290872629163776
          -0.1040422159357807 -0.11108392644213758 -0.5870687863441542 -0.04567934330652137 0.20634132783326908 -0.19917090830038064
          -0.08932564007190856 0.0695974160169697 -0.4431314956996954 -0.03841204239821916 0.15740213968295325 -0.4596365230810111
          -0.1026865714279997 0.5248399155002323 -1.0440037155062654 -0.12682085328720272 0.5072440586792044 -1.1120130991973496
          -0.0029976023153643846 0.0203334202482934 0 -0.06851536526807836 0.4999622144368215 -0.7707185341394182
          -0.13808084467330106 0.42874079717931196 -1.162052244808877 -0.30537155148278855 0.9518380129992132 -0.9699815615882545
          0.2767439752156034 0.3387538349764246 -0.9795222747706008 3.320337130991574e-7 0.000015962879851592585 0
          1.2602790541221512e-7 0.00000712456499778491 0 -0.000055190117175011534 0.0005090624912778477 0
          -0.0013006198779640142 0.007518379975004805 0 -0.0006520774483584485 0.004029026065096707 0
          -0.2087816752387294 0.7809784214627431 -2.2336690995861948 -0.01853985367836346 0.24853308128281065 -0.5122857861226092
          3.988898577125541e-7 -0.00001816624031275775 0 1.6993049284878535e-7 -0.00000844095044373636 0
          0.000003336371170906871 -0.00022576574480595213 0 -0.13461846667763105 -0.24490959003861038 0
          0.0025351387477106566 -0.014624510305966594 0 -0.9874133768109837 -0.007771187110746718 0
          -0.0017331177394011702 -0.47723841351743557 -0.8693833931557307 0.014194567913021846 -0.49080406078026345 -1.1498200606532145
          -0.14317225365634018 -0.005773526553932772 0 -0.005106453676371768 -0.4332385233323861 -1.2602526570099835
          -0.15619056828958094 -0.2577402915876359 0 -0.08338360322250188 -0.33965345966916016 -0.6035189766447767
          0.030660144191023593 -1.3514102632165184 -2.908098501682436 0.13824472313281327 -0.3994895649825489 -1.1560370267961348
          0.01171108293352534 -0.1372519479818696 -0.10226305627257622 -0.24378820360959316 -0.21420482952461908 -0.6382826032935527
          0.5124307715472838 -1.7105680535137793 -2.19651815674517 0.013844540613240995 -1.4850116432616947 -2.801772471867561
          0.02774444707560451 -0.1535146280504962 -0.19784367689841748 -0.052067492115748806 -0.05484701009255667 -0.698628186874672
          -0.061953878079245024 -0.15664101529388674 -0.15535614273419213 0.4369576843349781 -0.03995060516463417 -1.5452880859860056
          -0.0847712119770918 -0.4306682548968459 -1.3159293174317288 -0.09711218559162998 -0.21588196670352205 -1.3361949668384352
          -0.06380236606198436 0.1324737295831795 -0.5503260003653299 0.31956449547564686 0.24964515998192607 -1.4942486346708823
          -0.19394445837410912 -0.06060374970706979 -0.9512955620066363 -0.05755254241924812 0.3205109855611085 -0.44395101086219635
          0.2701787364817516 0.2517525035531294 -1.2065934663161617 -0.1703662651338689 0.7737967986536549 -1.1688645669384687
          0.19490161286499907 1.139317569484615 -1.9394084095565858 0.11824355041045767 0.12803294412613975 -0.743653718344677
          0.164800430084736 0.9885452307154724 -1.4207859643957135 -0.038392787806657225 0.13150443894809616 -0.15174340357487076
          -0.06177881972744962 0.1824043523540985 -0.8400449419773874 0.07858405326248354 0.3619358743164105 -0.6976600185529355
          -0.1999526215522111 1.1056184478724616 -2.381552758776073 -0.0101124781096016 0.054654472434489586 0
          0.09914231856886437 0.5344265111911689 -1.0275312752525136 -0.16745223187812652 0.1418194562372635 -0.5468699179643322
          0.02685158694465754 0.556562730539979 -1.1793481505992494 0.03311263240085938 0.05681239751417807 -0.05688311550226305
          4.119930053366758e-7 0.00001960436921705533 0 1.8544976340812795e-7 0.000010489527385130066 0
          -0.00023590483620312147 0.0008263148804072298 0 -0.0020491040213534008 0.006039337244319374 0
          -0.0004901949726346484 0.0018634065789724461 0 -0.19144898988026945 0.2228783366110247 0
          0.016504879092529214 0.24034202189161075 0.03811604613513967 6.277478404724785e-7 -0.00002644062852793387 0
          2.389915122745145e-7 -0.000011071681873342667 0 0.000009781667012891524 -0.0003280124775951605 0
          0.01749747346847565 -0.8026970345529134 0 0.0002430904612147072 -0.0036253746070319974 0
          0.651147672305312 -0.10709259275175283 0 0.018126139397104807 -0.5380217249818321 -1.1345671248839226
          0.13268332613356537 0.11699237272414292 -1.6109501681521297 -0.44743549182957 0.1370311970789296 0
          -0.0016182119828187316 -0.42831408068310234 -1.1458184419457234 0.000007814269721166019 -0.0006378598884015503 0
          0.03161825586232715 -0.45287140046560864 -1.2093941810647575 -0.022520053747266545 -0.48494887313895113 -1.0683662974454335
          0.15041441894028304 -0.3959606708570008 -1.163006966164199 0.11196619823857258 -0.4226376252016653 -0.9230717645564832
          -0.16394496264575492 -0.9597608391390867 -1.5406943291533817 -0.09315904559832724 -1.0630617792507753 -1.5772396830850772
          -0.42003747554729265 -1.4751052394760882 -2.4430588061147533 0.1450816387115736 -1.2848721145935544 -2.6961336285889517
          -0.07514670957905577 -0.29342613783904903 -0.4832299279768297 0.06175051144179024 -0.05906320311551652 -0.3476954970365415
          0.20818560392904964 -0.007751405719089277 -0.3899530176654546 -0.6005859381763368 -0.1902505907270154 -1.6441722338189109
          0.415872344983855 0.4394705155701636 -1.2736044066853172 0.05949749958015707 0.23627188361205112 -1.18809246954166
          -0.04162204726443115 -0.16524862154061945 -1.031760116451463 0.19157987146225983 0.20380663338293825 -1.088103203885225
          -0.367905954096368 0.005109246826312662 -0.661841026357463 0.0027066884942741104 0.24710954501977808 -1.003982344069368
          0.6528656236711536 0.19365598393657701 -1.2113885201563734 0.10288898460414328 0.12847035828088724 -0.0145319431729162
          -0.379822059706932 1.7513928128339176 -2.724373443335464 0.30324203172331365 1.4098674338540556 -2.817690186291489
          -0.007637921223133429 0.12893879455838306 -0.6628034521283553 0.07675265859460235 0.1752247989066228 -0.1720642962161513
          0.259867695943088 0.4761599552163805 -1.1154852861188507 0.2393650650313575 0.46151071069337063 -1.0935577243026722
          -0.14779354818832122 0.59041435491753 -1.3617315929479739 -0.20513678685406306 -0.06520989333786029 0
          0.15382297832414088 0.24466999268999823 -1.0350213993127884 0.12062644504903738 0.12937667482914403 -0.43004610350532185
          0.11511278256636669 0.38380069918455095 -0.6511872157485674 4.924078302383277e-7 0.000021018493777206424 0
          -0.000005110539212385588 0.00003280886367948718 0 -0.0007501880296455475 0.0018263701322850478 0
          -0.14669200166567897 -0.015360119315323566 0 -0.04024830972814492 0.09163554546666 0
          -0.27524633465599 0.1759260814166141 0 0.0626470714449499 0.41711242754648725 -1.18736601197304
          7.668994763400132e-7 -0.00002586845702099418 0 4.99200331522129e-7 -0.00002348924155296543 0
          0.000014181705905110753 -0.0004134780324780804 0 0.3055156211653742 -0.2789466355868085 0
          0.0011817104605759974 -0.004049090955430451 0 0.41608109221822176 -0.2631197387062709 0
          0.050221541539556665 -0.28882060195538767 -0.4774228956381864 0.008802431641239452 -1.0059175336323 -2.548506021498724
          -0.008471557560894048 -0.3849961099831821 -1.0056633544881648 1.0490957934350797 0.002570064727000345 0
          0.0018769281581135474 -0.009141677224723683 0 0.036221660090559146 -0.39314779525390803 -0.48691086283615814
          0.11753667449081612 -0.40394889146498825 -1.1583745972711146 0.12378878716290172 -0.3194221803069092 -0.4433004625102331
          0.14533578631393804 -0.004392774746988917 -0.8403622331711673 0.09439049274890769 -0.05419143598703387 -1.1990038250972572
          0.609088802351871 -0.8273373761739043 -1.6315625740871211 0.16301197040872398 -0.2443882707967185 -0.6352612652253717
          0.08184321861706065 0.026344255732934217 -0.35041019749905344 0.12595494795482973 -0.45798884317076494 -1.0251284192680135
          0.19430387798045154 0.009029871643209028 -1.184657979432799 0.11402598265581598 -0.06727563981226643 -0.5900015221545443
          0.08499393380511258 -0.4087424209909569 -0.6956570376687714 0.17668519242262537 0.048958126929139874 -0.4766671642182415
          0.7495752330469246 -0.6322914104976606 -1.9282238217495433 0.7965854184853381 0.6255641817258886 -1.4615918972124766
          0.1912605519912338 -0.029088669879342662 -0.6759976290288655 0.1744685623090501 -0.03729758622139231 -0.17776754578189496
          0.12062267428520192 0.2164167387451372 -0.9094598710636145 0.14599464742105225 0.18747203996841147 -0.8674589628017285
          -0.3252162206563046 0.6306772566481913 -0.8220841978158383 0.01755094033133609 0.427098482109478 -1.2207342153559644
          0.36097285893886505 0.608305665726519 -0.7000881936051566 0.0019029644137414838 0.2872769757786434 -0.5190300953204645
          0.02525303638983286 -0.0030453435224569655 -0.3417006187532291 0.016389049661771325 0.48821663979631463 -1.1745109500578583
          0.14740358490043728 0.4044649611157314 -1.0500266514877603 0.14257849698589806 0.5574249777037432 -1.3328364945956341
          0.410104077153077 0.7878368912231792 -2.548129687471581 0.14993828776345763 0.38173776248783065 -0.543241574928345
          0.02844760155010976 0.25033969444809373 -0.009365617692135536 -0.05232609452325188 0.4522482885166485 -1.2102299674832269
          0.0000010130562886498603 0.000030305479912791153 0 -0.000007223321226779845 0.000056990673376209076 0
          -0.00030346351278983183 0.0022259848290880776 0 0.1424982760351924 -0.2625360857389327 0
          0.07104285105327054 0.26855800754436066 0 0.18838821009278472 0.2986951314386522 0
          0.06938212406327826 0.21104353933903303 -0.2522937716038844 0.0000012539472531035055 -0.00003226655928994851 0
          5.155395668364412e-7 -0.00002284361031086754 0 0.000006815221756913644 -0.00017226080484653616 0
          -0.0573020799361902 -0.035319650266471804 0 -0.028984013100600527 -0.05152613881978903 0
          -0.024942547602401395 -0.1938176443598103 0 0.0015126032486962968 -0.48066769922995095 -1.0915577028255001
          0.25210890660444724 -1.0181148000986042 -2.3103767954930396 -0.07862079157176997 -0.1629770923066708 0
          -0.10001774176520543 0.01250007429932378 0 0.12992925401099714 -0.3943475344633612 -1.1846897289133826
          0.19895261652204677 -0.44941802051685653 -1.133824419775811 0.011530806168104153 -0.49479585112799696 -1.0769788400118108
          0.11944084394570557 -0.18139350868255855 -0.8118966027025425 0.20150608040895568 0.03822559966760301 -0.6094513744625502
          0.41968602512660913 -0.3012162156862019 -1.3190705259682918 0.12886291359139027 -0.4114229600743729 -1.2307204162569274
          0.2620055357115798 0.06304916488338401 -0.013247403845773588 0.15590305937048493 -0.23535437632104803 0.053026320070123395
          -0.034793953966937324 0.049744684909122386 -0.8145586104793935 0.037495276493838284 -0.14320349390794915 -0.01344582047192041
          0.22352206583312947 -0.03363526919643609 -0.36062580966671093 0.7432362494621937 -0.18356512165453787 -0.8797763057380735
          0.03872395409961202 -0.5582667654986689 -1.2899737349295979 0.6973473772034392 0.5546434424828728 -1.697463523275357
          0.18809880837390403 -0.011748404884589139 -0.5903279531896688 -0.02964217344297703 0.1727222797271154 -0.08033300235567942
          0.21089156641449366 -0.08908742570209056 -0.9356910375239674 0.20805252002848024 0.28200337713665174 -0.8090318379609116
          0.1309300317028905 0.04283728762959704 -0.15072952843200477 0.40878776349361556 0.3202725873705844 -1.1222933808449373
          0.43955702914953465 0.5084588972707675 -1.0936287512060194 -0.21361893239517243 0.08463633616291044 -0.981500837028971
          0.22217193530511414 -0.36031276522853295 -1.2011768701133205 0.3123858636598471 -0.07932579728875518 -1.0235959893187572
          -0.05252388746850021 0.2697196021757865 -0.5271860598371465 0.13115143474257177 -0.038638249950769546 0
          0.14301842680501156 -0.037284912794396684 0 0.07544093517642414 0.35093697395899043 -0.7036036073239103
          0.04815200196728443 0.5179469391024197 -0.24540917150239583 -0.08345087133192053 0.4552605404417771 -0.45675966012036906
          0.10101163959271525 0.21658548826636032 -0.01127229269851554 0.0000011437946251662114 0.00002793805613615067 0
          0.000006161346550452372 0.000038468369423277456 0 0.0010544119932827576 0.0013749919696980264 0
          0.04823166380838983 0.03041039002622048 0 0.08614127233441692 0.04823760565049349 0
          0.018692146193326525 0.02917663588443662 0 -0.009915936648709005 0.19846848250635368 -0.2805930358683217
          0.0000014300845933492537 -0.00002782533761007481 0 1.5263892602677878e-7 -0.000007125031617221817 0
          -0.0000029802805784547395 -0.00004634670216051174 0 -0.10003046721297694 -0.09108909783075204 0
          0.07553747263956034 -0.1440852584389816 0 0.10300215685128865 -0.1313107648095321 0
          0.014078297246992642 -0.266216170541706 -0.39759614642412155 0.0985157581140297 -0.24264019976821763 -0.48260959153874805
          -0.014576878904016082 0.17612849288065507 0 0.1773104227376115 0.1471914104959739 0
          0.08715053734880328 -0.20636643478065247 -0.10124568366628622 0.2228513817208841 -0.1363974847438452 -0.6897363163179808
          0.13644372412659772 -0.3320791932880644 -0.7086141746445708 0.14583766577544696 -0.06351080369619498 -0.12056728304413906
          0.17996622472930462 0.028405535119362762 -0.6593050529644529 0.1256236165459856 -0.3402158026549355 -1.0337073331485422
          0.25308222060076724 -0.07617339468114344 -0.10613637601018056 0.2875158795591468 -0.32497043033527995 -0.9681406226505203
          0.329568373975478 -0.41675754154789035 -0.5614105604837895 0.17736849232514368 -0.10892174238935774 -0.062168688340549526
          0.20242941066869738 -0.1605547032146503 -1.3867152770921003 0.12867748294237302 0.01193007851699405 -0.4527783633566574
          0.2637608692367403 -0.09323004359801289 -1.1326137198000907 0.2312909022415901 -0.16266695665577888 0.05207819574000128
          0.6056256614226926 0.13763592000216457 -0.7919933450009267 0.18369492232817636 -0.04496811759597178 -0.4159128478451473
          0.23478609235507275 -0.24340598265991426 -0.9181719492848707 0.19973712975394425 -0.2622209415689119 -0.8333170770765271
          0.21793657292571592 0.0049715192142482795 -0.17753674951013232 0.05646817199006845 0.08327597820153973 -0.21291369810798247
          0.09941358947717724 0.1967652869556738 -0.4255324746808302 0.11224844261584022 -0.107800051329438 0.04156897709569237
          0.31565849070670976 0.037740731073385395 -0.9618149830222735 0.37089670927286705 -0.10008458479899385 -0.8073839672820359
          0.49365860277413076 0.024053886118914136 -1.137197541421971 0.11944903526189365 0.2979478253745814 -0.3355796797534338
          0.0519917363126149 1.065708863759076 -2.4453047325537165 0.13803691605798468 0.7028394664618308 -2.421321227357366
          0.05563451746234216 0.933502493092911 -0.8440688749361358 0.2429947988660859 0.4675352268830449 -1.497824482687581
          0.15804931626540084 0.1087026626314781 -0.20105800772443744 0.3939953199811836 0.14327435660329446 -0.9142030282512834
          0.0000015846761295805093 0.00003075960098690186 0 0.000010863945866323526 0.000022466343300520588 0
          0.0011081103544368293 0.0009990379815625278 0 0.0012842875575380117 0.004612351168603061 0
          0.0009202218141779076 0.0033181729860707805 0 0.0031196857729104107 0.1235038164094069 0
          -0.5184024852252411 0.1804085396391518 -0.3958961499597559 0.000002110831954682684 -0.000030830077380089594 0
          2.0224089013762682e-8 -9.390094714002043e-7 0 0.0014556371377980918 -0.00279107641474341 0
          0.05706429505074422 -0.005489386287386765 0 0.060849959454196675 -0.1603470775344377 0
          0.20357160855684098 -0.2674052842958529 -0.10614992866847944 0.055178256955719616 -0.07310828888218383 0.03827547128870486
          0.40197452331337324 -0.6019414015944159 -2.8167248420968036 0.06576091376957283 -0.05297212244894473 0
          0.4179533129644049 -0.566317840174199 -2.794090795161754 0.3098056247526139 -0.40367957817615213 0
          0.6318214416730978 -0.8746029109019235 -2.5220889400494966 0.16356945266077905 -0.2459635648656675 -0.2924702158123218
          0.3354754590174625 -0.14908115101681207 -0.11041986409143292 0.41012385405161905 -0.1922306386223583 -1.1281678971663802
          0.25110504228557173 -0.28036121492258265 -0.8185972721559767 0.1833555019982843 -0.09701133989879532 -0.05658370183250219
          0.17013620489750342 -0.07098711551252126 -0.5213547169155895 0.18177688540578538 -0.014762689566340475 -0.7566318784814383
          0.19702942606368318 -0.059702514004362356 -0.05714961203046623 0.5133650241804057 -0.07504046356208433 -1.0114264576412686
          0.36254888402578916 0.20834214103537885 -1.2035318294221313 0.30421890072726054 0.04566774397303916 -0.6861303113647074
          0.15694385517055212 0.0035611645085179998 -1.149306682231565 0.10596748042338681 -0.001240573578006865 -0.15332823117106778
          0.09644198277290568 -0.12080629351543087 -0.11528717781305658 0.4614585838444096 -0.1192593417308954 -0.8005045757381671
          0.43464589037916873 -0.04226292448938571 -0.475650843984384 0.23847916458523521 0.10390405827099132 -0.33127781597029254
          0.06680254509746876 0.24274281131965653 -0.45015432493158986 0.22261645796994348 0.11397610991769826 -1.1293440039990077
          0.39591493005860995 0.1229386814349035 -0.9853174850321875 0.08009128085351133 0.049033090658970276 -0.43362978294552534
          0.49634820212536457 0.21535224622318505 -1.0491045702752977 0.4279511016059966 0.14474719629308844 -0.4076983951531584
          0.251428417338947 0.3385410619198034 -1.671242019993963 0.10907309589703088 0.3050278977051017 -0.8360827908365217
          0.007462399656306231 0.01724076764235626 0 0.5941658763924687 -0.22790823072515362 -0.25060316099968377
          0.15576588878161327 0.9928850417613715 -1.6567432576761296 0.16488352148256236 0.6456045994354624 -0.41707140724306
          0.4542111302263047 0.3703033083791551 -1.051025201853363 0.0000017474323654934428 0.000027540483661142187 0
          1.6507376638489062e-7 0.0000017326774794387308 0 0.00006312357803724357 0.00039795750698871647 0
          0.002530958953909306 0.006649044058247616 0 0.045396058585397435 0.09978362209241862 0
          0.289820820129489 0.3980058120889141 -0.5609966196053982 0.30498490108408755 -0.09321381372977051 -0.11326359917336935
          0.000002126140869397818 -0.000008960842398541569 0 1.1272395847790866e-7 -4.941488385204899e-7 0
          0.0008614347959559135 -0.002314223092297779 0 0.01974155772660893 -0.028790844531481185 0
          0.16782635718884248 -0.25769193661618134 -0.8008358609837999 0.19385319478878216 -0.29849617652734045 -1.00359004336151
          0.2270955898501967 -0.20089130442206904 -1.0490739881060704 0.1043002058926774 -0.0808788807892628 -0.6282366996919451
          0.2411351610745225 -0.3004320116520427 -2.6323240084041335 0.07279995678024084 -0.058374523844179266 -0.06457771941649337
          0.12542400141137824 -0.12618006759450967 -0.589417518779058 0.23597046409877084 -0.16147535170570962 -0.7615787867270083
          0.21354040343988698 -0.13462509426203323 -1.173920045427948 0.12345355037876782 -0.06629278180915199 -0.04789787192236297
          0.15568574293540027 -0.03847577545206528 -0.4912938832861999 0.11636065701140012 -0.038932359572365655 -0.059709739073131686
          0.11273950341339553 -0.0391673236350424 -0.3999128205929673 0.11734784145221214 -0.06696961601692768 -0.5097614932999258
          0.17094221609983204 -0.043771996514924354 -0.39831548119083576 0.3186541851488867 -0.09891272773741147 -0.9927196414554352
          0.1282473402353424 -0.054988206797595446 -0.3348432484464529 0.13695419626244892 0.014725192105475784 -0.471969597320169
          0.09724436381875141 0.016506611387536164 -0.0589332232453146 0.19234583043028772 0.04093905977553562 -1.0970897177451782
          0.1260319425877204 -0.03383900511173677 -0.34137752839108076 0.18606117389046398 -0.02211097094960674 -0.5767713516213364
          0.04013800681969823 0.0007347873179012197 0.03763204055652668 0.33142785157582966 -0.010837602728444027 -0.8551328672049787
          0.174142989897285 0.04682570113794304 -0.5267305438852 0.12873418015391547 0.029567753481981714 -0.06476323098066412
          0.11439718502385969 0.042197029329143834 0.036711730326602666 0.10762403294530037 0.05515126112215989 -0.42243266560678205
          0.2785020278796018 0.2814985504496689 -0.8639864617424885 0.4347451746697973 0.11565101834587482 -0.6544739191331027
          0.11071047429153193 0.057941198250060534 -0.33623125650503494 0.11392379086397288 0.08848285899006256 -0.5752400386953975
          0.06589271834125875 0.06459142000009574 -0.05835649675289713 0.11432512602210873 0.1045871126816055 -0.281051925320442
          0.1414780304739821 0.07117487511407965 -0.5484211171291984 0.17245888313940091 0.0860160279079467 -0.5080268891912796
          0.04582509708300865 -0.10862575459109718 -0.9855884425967434 0.32369584974316207 0.15462365031077596 -0.8401583314384501
          9.833058800618738e-7 0.000004080782979720051 0 0.0000015415111091538275 0.000004056162015382266 0
          0.00016237797025184684 0.00036392789252650735 0 0.004108461904262514 0.009183123848889538 0
          0.1650164983565667 0.20342833915068706 -0.7308770656677428 0.2702296768540565 0.21723703794369828 -0.8366851621385683
          0.36807168313994865 0.1257422088450797 -0.8500249434265199 0.029341294824191653 -0.030601012992855735 0
          0.009785511542027966 -0.0102233813594805 0 0.08533253309834837 -0.09249704822055814 -0.7199534742723007
          0.080593721620689 -0.08598048620081256 -0.5463506096577564 0.06195720041902678 -0.08578566354579766 -0.479003633687713
          0.0806057924638931 -0.08279553050337966 -0.945858533758221 0.10182629180156882 -0.08209996191544734 -0.8202234819862241
          0.0007034059073688185 -0.00016526925536100194 0 0.0038338928858597807 -0.0009016807644473502 0
          0.08902121877466283 -0.0288009463448577 -0.2758032089842998 0.08797328926896429 -0.037595834702182744 -0.34975755300096095
          0.13035432278611322 -0.0700503833829515 -0.8317186137972514 0.16505013631270737 -0.0915544340686778 -1.1285102238062408
          0.1756364621352489 -0.07191640400419616 -1.1974857656360727 0.000010358565304650167 -1.751260613616009e-7 0
          0.0000017162446648258251 -3.422150287265761e-8 0 0.10860431887890028 -0.005880331033457361 -0.260294318602104
          0.13388717627272703 -0.012416981273633141 -0.5438070922041635 0.20826040052317465 -0.03131096111703832 -0.9984596197459095
          0.15491675646803688 0.0017764238870185364 -0.46039052902152167 0.18599946723833297 -0.06026506861452623 -0.5468708570313123
          0.000012096048258864042 6.640943171050284e-8 0 0.000002745878945585651 6.2363362001207825e-9 0
          0.2336542905949788 -0.0034135161635794205 -1.5352176246553375 0.12948146515826064 0.002002729772681436 -0.5962343858186503
          0.1705064478978286 0.012070503036978285 -0.9356262157156537 0.10913792215590816 0.009389567888227111 -0.16340516823732193
          0.22939188874729366 -0.031020133233776198 -0.9891769039899192 0.000012097312490007765 3.3811797372288525e-7 0
          0.000002503789972545761 7.013635929781576e-8 0 0.23873236843993662 0.0014304257365930035 -1.533032180549379
          0.1298407279382714 0.011511921880924201 -0.6715016599260039 0.16149792648163577 0.019898987195196165 -0.9374435756136823
          0.19243983813872312 0.02245365297742694 -1.1900229769916841 0.15777141940898784 -0.14217381037547358 -0.9613541855410889
          0.0009928934862994596 0.00023192588635246285 0 0.004431309627241132 0.0010356855421643826 0
          0.5979168448729419 0.14131823963375864 -2.8961026514095245 0.08930166218606611 0.024784427809913533 -0.5124553970270347
          0.1444682530271135 0.05547547031034489 -0.8287694907060386 0.1570562231713305 0.06978017332224101 -0.9615240873061994
          0.15691258826714552 0.0890606323292436 -1.18784935548013 0.12114268000791796 0.11833265365483187 -0.973176327762564
          0.25263275000803503 0.24853746924626222 -2.2926926810914168 0.09589316108868629 0.09380048036042382 -0.7288651434910046
          0.11005152395049361 0.10579310708694652 -0.8310954851058288 0.11689085072725174 0.10958183107822231 -0.8661202554609606
          0.13210708665022144 0.1206016776761866 -1.0470823315096918 0.17987381391791427 0.08045687913802893 -1.1220063829995812
          <InformationKey name="L2_NORM_RANGE" location="vtkDataArray" length="2">
            <Value index="0">
              9.4217747752e-08
            </Value>
            <Value index="1">
              3.6180970768
            </Value>
          </InformationKey>
        </DataArray>
        <DataArray type="Float64" Name="speed" format="ascii" RangeMin="9.42177477523311e-8" RangeMax="3.6180970767579304">
          0.009864738503256138 0.007119490973247754 2.6003878095497934 0.32838713092918526 0.26260585191297114 0.5836563395037139
          0.5717926819308993 0.00003185902893611524 0.000382068753703158 0.0148418706974897 0.21695484198620246 0.4362240350886322
          0.7298946939822659 0.39211796984368996 0.00008291764700090654 0.012251873438637526 0.03760834589336113 0.3612443310670647
          0.3572572221735044 0.1669649251053546 0.9206440571913077 0.00005411939457441966 0.0015283992703023067 0.006791205464320578
          0.28433937878568444 0.7877055709633638 0.2530835234734859 0.10578958120920502 0.000046813097772383337 0.0016479257410802327
          0.007834657069788874 0.2864331955479801 0.2184124669898007 0.41166996421067154 0.6087657703702085 0.00002160954659624773
          0.0024439410503012344 2.7751196276249503 0.1097432180662852 0.3107357454343104 0.6497137205222868 0.8566156900028863
          1.99137445304377 2.51639570921775 0.41957665258793664 0.35741181396777794 0.6486113792558996 0.776917524692258
          0.3975301021518084 0.000020063850051857806 1.8681938748923207e-7 9.42177477523311e-8 0.0014765424761529168 1.6209611277831573
          0.737397945001463 0.22151731960386034 1.4978792125920213 1.0353738601895592 0.2429376219207446 0.17933854037369204
          0.2582243499976021 0.5795334352630903 0.9663282929772014 0.17416203619489568 0.4932333951245167 0.26334992681392855
          0.40871648414953793 0.6651709862098399 0.9611048708428636 0.7511754692691133 0.10980907411860352 3.6180970767579304
          0.240733026425456 0.2704397801463622 1.1390502827104156 0.8453794200057805 1.0639009810627287 0.2745701523569926
          0.6560323902625524 0.18241046273419723 0.31493433144889704 0.738401151645893 0.701334593253165 0.5205824990292806
          0.5222919108783112 0.9367200830410837 0.23689437643542358 0.4055745956827955 0.6130485315432068 0.6122027752271382
          0.7910175859212997 0.000012999550482311504 0.00000186238565992478 9.747386555148009e-8 0.008299220971072167 0.5064647885996558
          0.7248365887791975 0.81269761231629 0.00002674126654348266 0.000003603661821540404 0.00016279799496982076 0.006940394322910257
          0.0020031900871331533 2.3912607114676407 0.6326898240695052 1.7011646844949988 0.0017593177877649135 0.15649670349456618
          0.36005847323120993 0.6661534973230007 0.6618921303122302 1.278712202451155 1.161365793792795 0.9858523097695459
          1.2095512261007082 0.986414939741714 0.394787799219534 0.2069654505526779 0.5913936016463766 1.2424954034594915
          0.8482886349082387 1.1723444021078924 1.2106259889169726 0.34350320447575905 0.5523629629334101 0.6394198010862001
          0.11475816394685971 0.6952293053291514 1.2055597499240918 0.19549267663297176 0.5398018994589303 1.2263886221904623
          0.395760081818614 0.4856807850209389 1.1872209469511348 0.1536036823254138 0.34570164701915795 0.39902643032293067
          0.4137781312120459 0.7815294433782214 0.000014129266254000082 0.0000033489678436913254 0.00027942239427518605 0.010925719579641011
          0.317343188191245 0.23661021967892026 0.2914138025058758 0.00002224667285569223 0.000008428231264896262 0.0003163529772721321
          0.020122349809800107 0.002117392742535957 2.2434761115496897 0.9438078940219747 1.5795410359810644 0.060490919123179596
          0.003006805718712223 0.2339511822939498 1.1004552665058773 0.3503644705287377 3.1256611090448447 1.1849492231364578
          1.073755748748995 0.7320316126017591 1.7090179658762485 0.28678637796006223 1.1319124255846713 0.34508697923809756
          0.9642959974382618 0.34370447551719746 0.6881343946626798 0.5754172316051535 0.5808446422377112 0.614123052851592
          0.9347431182277224 0.8320873967263608 0.2064035059964952 0.805847584442196 1.0256811788009004 0.6387104258749347
          0.1943377634126596 0.6344983659463078 0.31560454865492615 2.3207333595435142 0.06713544275993749 1.5749120796182345
          0.5713531307971793 0.4315172481342317 2.581094477746785 0.00001909069401425338 0.000007624950181615026 0.000662950805376682
          0.009421746999007637 0.0041497699912513555 1.2211946578860124 0.6820564282486835 0.000028304641765714588 0.000012075691480919167
          0.0006155123675057204 0.015015245446484053 0.001909335291741557 0.024816152979879467 1.2864422525190646 2.5570642333597555
          1.0853207334232844 0.11522583189588574 2.79416988217766 1.1774651633120292 1.114142543763239 0.36571150880878966
          0.3163054758312697 1.1497393900518393 0.446126302023892 0.2533564812049173 1.1426990198776337 1.1313707446029893
          0.3846119940755548 1.0295214138461484 0.701163470850772 0.3146633829386794 0.5623863434482064 0.07968265637473493
          0.9193843774828044 1.2071674024731602 1.1293924184767419 0.7903211823670797 0.4996437822170089 0.1708940244671802
          1.2065796049902693 0.9113757365626722 0.81443776307562 2.7651341874352253 2.4294698716750838 0.010096709656229273
          1.069383818776253 1.6223042404756558 1.351762713320845 0.844631817434973 0.00002573363103863379 0.000007079780844299883
          0.00016659060733501118 0.003944080721726397 0.002771415337693132 2.7180218820715525 1.094690075338738 0.000022333475159132406
          0.00001049763202668914 0.0001427632408090829 0.09619960472458712 0.0008994607695593233 0.14504319172042923 1.0454938559883427
          2.8380720698501807 2.484772571889282 0.03479086000800291 1.0530763943139576 0.6309162407737655 0.48060065973427335
          0.8428178542139191 0.42359357541964954 1.2462384007278455 0.8760518318818562 1.2386147140078627 0.4525298104016275
          1.0065604136526969 0.38450203655055715 0.8389150136043981 0.3365492427598581 0.27860317418039365 1.693472433653866
          0.27559518707054464 0.19096881914555433 0.8059468232517345 0.18834093497200724 0.45739432031900457 0.8060542429866423
          0.6064768596659134 0.29040040752400864 0.4573711761485899 0.4873568014586186 1.173006916793254 1.228801528596193
          0.020553189500288904 0.921229412257556 1.2462946724178012 1.3928788954056575 1.0727559253162584 0.000015966332689225004
          0.000007125679577458173 0.0005120454755779025 0.007630049116192397 0.0040814526864691595 2.3754567411662393 0.569692149612054
          0.00001817061914793909 0.000008442660763409418 0.00022579039594361927 0.27946885132965477 0.014842615340952115 0.9874439569182547
          0.9917595430993892 1.2502704842221926 0.14328861722378503 1.3326509120805412 0.30137277834984005 0.697533119731211
          3.206912321760042 1.2309041893371155 0.17156042482607065 0.7160454447017021 2.8307808771152994 3.1710219545191505
          0.25194962960421 0.7027094433313873 0.2291510893855936 1.6063758394107837 1.3872026790027099 1.3570013962935081
          0.569630351739517 1.5482968561896655 0.9727540869644834 0.550574324728132 1.2618413789573533 1.412101457313377
          2.2577280929935992 0.7638028703815808 1.7386815727873457 0.20443454734243588 0.8618372670443226 0.7898750103855847
          2.6332806052480313 0.05558213355575291 1.1624377044888177 0.5892535237932094 1.3043562170931045 0.08694701699924631
          0.000019608697831194017 0.000010491166588046428 0.0008593296069183443 0.0063774933665939485 0.0019268043984156978 0.29381536490910876
          0.24390475906341516 0.000026448079406705662 0.000011074260988772292 0.00032815829483294603 0.8028877199570442 0.00363351537958022
          0.6598955330739243 1.2558019327701482 1.6206333714257724 0.4679487881399562 1.2232560942927517 0.0006379077519852799
          1.2917919742190507 1.1734944004539531 1.2377376756151215 1.021381649681216 1.822569020642914 1.9043276955867994
          2.884597593864488 2.990164138631787 0.5703131504885641 0.3580415426805597 0.4421138834738391 1.7607387912090187
          1.4100185552346942 1.2128182351958094 1.0457382271101567 1.1234805620328618 0.7572413351320642 1.0339492253517624
          1.3896756130308312 0.16523302781850857 3.260958791619092 3.165289859834209 0.6752717725005576 0.25729520552386015
          1.2403898362587824 1.2108493989031852 1.4915579018634855 0.21525201859667753 1.0746135170464008 0.46500399393459463
          0.7645905566766392 0.00002102426089387556 0.000033204504919972894 0.0019744391456629836 0.14749398841330633 0.1000849620519736
          0.32666577853237455 1.2600577285041799 0.000025879822322686718 0.00002349454553092163 0.00041372116712143646 0.4137040249759049
          0.004218006303691759 0.4922961224693575 0.5602429514309238 2.7398595783154547 1.0768716518462533 1.0490989414902108
          0.009332369570036927 0.6268647269711201 1.2324046755709626 0.5602405672218572 0.8528484450322342 1.2039337396441603
          1.9280748782987007 0.6998967098760253 0.3608041556787392 1.129825962427017 1.2005207469319041 0.6046732444696503
          0.811315628814894 0.510711406625787 2.1632620193931404 1.7782378211023993 0.7031355089283917 0.2518564859308714
          0.9426045254696379 0.899413839670352 1.0859750552060434 1.2934114478647065 0.9952189038954257 0.5932317607263233
          0.3426460313799295 1.2720456203016595 1.1348461087065722 1.4517246140011384 2.6984879516951334 0.6806736502739632
          0.25212485685682395 1.2930286573888246 0.000030322407486684845 0.000057446611922888844 0.002246574851396014 0.2987155084492972
          0.2777957704897143 0.3531414720011187 0.3361627609155885 0.00003229091562847558 0.0000228494269748663 0.00017239556877707827
          0.06731274812366089 0.05911866031205336 0.19541599204283144 1.1927036277505345 2.537313063877179 0.18094961034528034
          0.10079583585297526 1.2553411260601837 1.2357655585369793 1.1852591765590978 0.8404438194635986 0.6430372265631438
          1.4166208458007228 1.3040503232495462 0.2698102882483488 0.2872442114207449 0.8168175333668356 0.14864025872877282
          0.4256106434829813 1.1662343780479143 1.406127150328046 1.9171085325646422 0.6196824017560275 0.19278235299952387
          0.9632909944070187 0.8816712939872141 0.2041986707951726 1.2366181296146035 1.283652864894948 1.0080378220906718
          1.2735821649658434 1.0731385088978265 0.5945019463713165 0.13672458884302122 0.147798630331496 0.7898772883372491
          0.5751637231923753 0.6502734768715934 0.23924817584146238 0.000027961460026459013 0.000038958665754880765 0.0017327399020951114
          0.05701828842812095 0.09872783497213287 0.03465072020673865 0.3438321045594743 0.00002786206300794646 0.00000712666641482181
          0.000046442425361747615 0.13528975613277885 0.16268519131193362 0.16688906875790793 0.4786981758504798 0.5490825429619302
          0.17673067476528603 0.23044369667054204 0.24583126331961144 0.7375657246830634 0.7943724120181874 0.19959638445025282
          0.6840159861678643 1.0954811436146703 0.2848120902525718 1.0609276256263214 0.7729708784841798 0.2172290814895937
          1.4105795754754997 0.47085928653233505 1.166651394140172 0.2875207100695804 1.0064688503745522 0.4568910735524831
          0.9784736634225687 0.8961428982851994 0.2811411802787471 0.23549052175266072 0.47924683299055487 0.16108551701842483
          1.0129919580644893 0.89411977032605 1.2399579241839234 0.46438636945312717 2.667949354464785 2.525041384188095
          1.2597517095760982 1.5878015750057908 0.277885187991828 1.0057470011344702 0.000030800393687566335 0.00002495519787706069
          0.0014919736747726635 0.004787815559622256 0.0034434111216610137 0.12354321149707168 0.6767733294208595 0.00003090225368485641
          9.392272361658428e-7 0.00314785435334514 0.05732771695655201 0.17150481870610035 0.3524411911739161 0.09926970155251165
          2.90823929628078 0.08444254577258543 2.8813788781632197 0.5088582582260345 2.7431845011657496 0.41568241269324874
          0.3833556045989744 1.2156960961869234 0.9009759414519966 0.21501664004228124 0.5529884624798674 0.7783010809483758
          0.21366109395174943 1.136731365996437 1.2741024313106593 0.751937155999569 1.1599784072949717 0.18638721094573982
          0.19283762589859169 0.9316514321201451 0.6457142790685 0.42120464933390783 0.5157766655573758 1.1567050273771466
          1.0689775945015974 0.4436819197417337 1.1804060856666956 0.6085325608469582 1.7236229834406531 0.896645633324528
          0.01878647059796379 0.6839423912907677 1.9377517746390327 0.7860918732619113 1.2033645607000845 0.000027595864910555237
          0.0000017405230811749228 0.00040293270340454907 0.007114459931357517 0.1096246932628386 0.7464060164855113 0.33842761095546664
          0.000009209623851603492 5.068429396036592e-7 0.0024693518235779813 0.03490905083655173 0.857851325464931 1.064834261124996
          1.0920100529036283 0.6419511485672456 2.6603637429405276 0.11347995676010339 0.6156830361735312 0.8134854623950288
          1.2007546347875933 0.14808686017270367 0.5168056845705351 0.13645799376430148 0.41734223240076485 0.5273634661353767
          0.4356517548229449 1.0472900763173325 0.36275485412938 0.49165901186798056 0.11490021460421611 1.1145756025866602
          0.3654692130806503 0.6064427817337222 0.055025175877127 0.9171772429619466 0.5567436511349048 0.14710886197957912
          0.12733835388115008 0.4394018104678531 0.9504090800874221 0.7941754439470875 0.35869966465479636 0.5930505447077474
          0.1091759249161651 0.32093439096702175 0.5708306383399018 0.5433526880140733 0.9926147652858216 0.9135389965742117
          0.000004197580276937788 0.000004339205779249769 0.00039850986961666927 0.010060279461467269 0.7763986212111403 0.9056809976200461
          0.9347888913877682 0.04239497114221286 0.014151811281971502 0.7308695849816528 0.558915897649551 0.49055311214973346
          0.9528907385074744 0.8305874775423608 0.0007225605838190531 0.003938497538557133 0.29124162131900566 0.36260597387932636
          0.8447811303633304 1.1441849007611011 1.2124323877632486 0.00001036004557461357 0.0000017165858151580922 0.2821038969400219
          0.5601839973845929 1.0204285290873105 0.485758989962224 0.580771396143284 0.000012096230557218556 0.0000027458860274417375
          1.5529002333242206 0.6101351518955578 0.951112275892124 0.196724424117353 1.0159005043191847 0.000012102036739534894
          0.000002504772112491724 1.5515098634745166 0.6840362696965061 0.951460985752242 1.205691479443659 0.9845339421250942
          0.0010196210530860328 0.00455073066163317 2.9605550097468676 0.5207682677287421 0.8430939880369249 0.976762253721828
          1.2014738648435677 0.9878007545846098 2.319921099935536 0.7411062176608626 0.8449989495817312 0.8808155003211264
          1.062251597297595 1.1391778710218219
        </DataArray>
        <DataArray type="Float64" Name="radius" format="ascii" RangeMin="0.22" RangeMax="0.22">
          0.22 0.22 0.22 0.22 0.22 0.22
          0.22 0.22 0.22 0.22 0.22 0.22
          0.22 0.22 0.22 0.22 0.22 0.22
          0.22 0.22 0.22 0.22 0.22 0.22
          0.22 0.22 0.22 0.22 0.22 0.22
          0.22 0.22 0.22 0.22 0.22 0.22
          0.22 0.22 0.22 0.22 0.22 0.22
          0.22 0.22 0.22 0.22 0.22 0.22
          0.22 0.22 0.22 0.22 0.22 0.22
          0.22 0.22 0.22 0.22 0.22 0.22
          0.22 0.22 0.22 0.22 0.22 0.22
          0.22 0.22 0.22 0.22 0.22 0.22
          0.22 0.22 0.22 0.22 0.22 0.22
          0.22 0.22 0.22 0.22 0.22 0.22
          0.22 0.22 0.22 0.22 0.22 0.22
          0.22 0.22 0.22 0.22 0.22 0.22
          0.22 0.22 0.22 0.22 0.22 0.22
          0.22 0.22 0.22 0.22 0.22 0.22
          0.22 0.22 0.22 0.22 0.22 0.22
          0.22 0.22 0.22 0.22 0.22 0.22
          0.22 0.22 0.22 0.22 0.22 0.22
          0.22 0.22 0.22 0.22 0.22 0.22
          0.22 0.22 0.22 0.22 0.22 0.22
          0.22 0.22 0.22 0.22 0.22 0.22
          0.22 0.22 0.22 0.22 0.22 0.22
          0.22 0.22 0.22 0.22 0.22 0.22
          0.22 0.22 0.22 0.22 0.22 0.22
          0.22 0.22 0.22 0.22 0.22 0.22
          0.22 0.22 0.22 0.22 0.22 0.22
          0.22 0.22 0.22 0.22 0.22 0.22
          0.22 0.22 0.22 0.22 0.22 0.22
          0.22 0.22 0.22 0.22 0.22 0.22
          0.22 0.22 0.22 0.22 0.22 0.22
          0.22 0.22 0.22 0.22 0.22 0.22
          0.22 0.22 0.22 0.22 0.22 0.22
          0.22 0.22 0.22 0.22 0.22 0.22
          0.22 0.22 0.22 0.22 0.22 0.22
          0.22 0.22 0.22 0.22 0.22 0.22
          0.22 0.22 0.22 0.22 0.22 0.22
          0.22 0.22 0.22 0.22 0.22 0.22
          0.22 0.22 0.22 0.22 0.22 0.22
          0.22 0.22 0.22 0.22 0.22 0.22
          0.22 0.22 0.22 0.22 0.22 0.22
          0.22 0.22 0.22 0.22 0.22 0.22
          0.22 0.22 0.22 0.22 0.22 0.22
          0.22 0.22 0.22 0.22 0.22 0.22
          0.22 0.22 0.22 0.22 0.22 0.22
          0.22 0.22 0.22 0.22 0.22 0.22
          0.22 0.22 0.22 0.22 0.22 0.22
          0.22 0.22 0.22 0.22 0.22 0.22
          0.22 0.22 0.22 0.22 0.22 0.22
          0.22 0.22 0.22 0.22 0.22 0.22
          0.22 0.22 0.22 0.22 0.22 0.22
          0.22 0.22 0.22 0.22 0.22 0.22
          0.22 0.22 0.22 0.22 0.22 0.22
          0.22 0.22 0.22 0.22 0.22 0.22
          0.22 0.22 0.22 0.22 0.22 0.22
          0.22 0.22 0.22 0.22 0.22 0.22
          0.22 0.22 0.22 0.22 0.22 0.22
          0.22 0.22 0.22 0.22 0.22 0.22
          0.22 0.22 0.22 0.22 0.22 0.22
          0.22 0.22 0.22 0.22 0.22 0.22
          0.22 0.22 0.22 0.22 0.22 0.22
          0.22 0.22 0.22 0.22 0.22 0.22
          0.22 0.22 0.22 0.22 0.22 0.22
          0.22 0.22 0.22 0.22 0.22 0.22
          0.22 0.22 0.22 0.22 0.22 0.22
          0.22 0.22 0.22 0.22 0.22 0.22
          0.22 0.22 0.22 0.22 0.22 0.22
          0.22 0.22 0.22 0.22 0.22 0.22
          0.22 0.22 0.22 0.22 0.22 0.22
          0.22 0.22 0.22 0.22 0.22 0.22
          0.22 0.22 0.22 0.22 0.22 0.22
          0.22 0.22 0.22 0.22 0.22 0.22
          0.22 0.22 0.22 0.22 0.22 0.22
          0.22 0.22 0.22 0.22 0.22 0.22
          0.22 0.22 0.22 0.22 0.22 0.22
          0.22 0.22 0.22 0.22 0.22 0.22
          0.22 0.22 0.22 0.22 0.22 0.22
          0.22 0.22 0.22 0.22 0.22 0.22
          0.22 0.22 0.22 0.22 0.22 0.22
          0.22 0.22 0.22 0.22 0.22 0.22
          0.22 0.22 0.22 0.22 0.22 0.22
          0.22 0.22 0.22 0.22 0.22 0.22
          0.22 0.22 0.22 0.22 0.22 0.22
          0.22 0.22 0.22 0.22 0.22 0.22
          0.22 0.22 0.22 0.22 0.22 0.22
          0.22 0.22 0.22 0.22 0.22 0.22
          0.22 0.22 0.22 0.22 0.22 0.22
          0.22 0.22 0.22 0.22 0.22 0.22
          0.22 0.22 0.22 0.22 0.22 0.22
          0.22 0.22 0.22 0.22 0.22 0.22
          0.22 0.22 0.22 0.22 0.22 0.22
          0.22 0.22 0.22 0.22 0.22 0.22
          0.22 0.22 0.22 0.22 0.22 0.22
          0.22 0.22 0.22 0.22 0.22 0.22
          0.22 0.22 0.22 0.22 0.22 0.22
          0.22 0.22 0.22 0.22 0.22 0.22
          0.22 0.22 0.22 0.22 0.22 0.22
          0.22 0.22 0.22 0.22 0.22 0.22
          0.22 0.22 0.22 0.22 0.22 0.22
          0.22 0.22 0.22 0.22 0.22 0.22
          0.22 0.22 0.22 0.22 0.22 0.22
          0.22 0.22 0.22 0.22 0.22 0.22
          0.22 0.22 0.22 0.22 0.22 0.22
          0.22 0.22 0.22 0.22 0.22 0.22
          0.22 0.22 0.22 0.22 0.22 0.22
          0.22 0.22 0.22 0.22 0.22 0.22
          0.22 0.22 0.22 0.22 0.22 0.22
          0.22 0.22 0.22 0.22 0.22 0.22
          0.22 0.22 0.22 0.22 0.22 0.22
          0.22 0.22 0.22 0.22 0.22 0.22
          0.22 0.22 0.22 0.22 0.22 0.22
          0.22 0.22 0.22 0.22 0.22 0.22
          0.22 0.22
        </DataArray>
      </PointData>
      <CellData>
      </CellData>
      <Points>
        <DataArray type="Float32" Name="Points" NumberOfComponents="3" format="ascii" RangeMin="0.3928619337696952" RangeMax="2.824629555275499">
          -1.6062806 -1.1289989 0 -1.669833 -1.1645197 0
          -1.5811495 -1.0754067 0.058283847 -1.4610459 -0.9663293 0.41155055
          -1.3950518 -0.88970387 0.41166195 -1.2874836 -0.75468856 0.40729243
          -1.215818 -0.65633225 0.40812305 -2.5755248 -0.7009823 0
          -2.4868703 -0.73298424 0 -2.2493117 -0.72225547 0
          -1.6102482 -0.5799693 0.4108269 -1.4975431 -0.5505545 0.41197112
          -1.4263316 -0.5531128 0.40640447 -1.2035555 -0.5323417 0.41148522
          -2.7861686 -0.24413611 0 -2.5460742 -0.27788568 0
          -2.4340348 -0.28539595 0 -1.8924232 -0.29610947 0.41206297
          -1.550909 -0.03356582 0.4115469 -1.4765539 -0.2555501 0.41024414
          -1.3261162 -0.22156233 0.39417517 -2.824385 -0.037173975 0
          -2.5417068 -0.060199544 0 -2.4530926 -0.05682593 0
          -1.975061 -0.059838336 0.41155893 -1.6474698 -0.10858616 0.39885134
          -1.4481106 -0.02395737 0.41148043 -1.2670346 0.0110976165 0.40820312
          -2.786134 0.1700313 0 -2.5055068 0.15919854 0
          -2.4165313 0.1708454 0 -1.8357996 0.18567741 0.41161054
          -1.598684 0.05081773 0.41149533 -1.4583782 0.15036356 0.41075554
          -1.2881141 0.15282455 0.407716 -2.585922 0.6163674 0
          -2.3363833 0.5823788 0 -2.1491966 0.5825831 0.108008385
          -1.6555538 0.47869027 0.41026038 -1.4749495 0.44570246 0.41161373
          -1.37084 0.44011343 0.40576997 -1.3206309 0.43892673 0.39511704
          -1.5925448 1.031586 0.25120655 -1.6652843 1.0790341 0.13854267
          -1.5569537 0.9678405 0.41037712 -1.4726806 0.8784296 0.41150892
          -1.3402712 0.68909675 0.40565553 -1.3051018 0.6685335 0.40012094
          -1.2156311 0.5389314 0.41112232 -1.1474298 -2.1280751 0
          -1.1908215 -1.7988576 0 -1.1626816 -1.5692697 0
          -1.1148913 -1.2334408 0 -1.092907 -1.0177714 0.31096998
          -1.0992821 -0.93497866 0.40264836 -1.1661128 -0.79972255 0.4113031
          -1.417122 -1.0163249 0.32644328 -1.5248461 -0.94539183 0.3817076
          -1.3337415 -0.81544465 0.41163418 -1.2900687 -0.75323546 0.41136238
          -1.4695686 -0.49157047 0.41120088 -1.1524509 -0.6474671 0.40762714
          -1.0149552 -0.63685197 0.390935 -1.700417 -0.32783338 0.4101802
          -1.888246 -0.45873228 0.41145805 -1.6159234 -0.45807585 0.41110075
          -1.5238166 -0.41739416 0.41121197 -1.1672703 -0.28837746 0.4061445
          -1.3861241 -0.2919956 0.38956863 -1.1470348 -0.21374823 0.40310505
          -1.5543101 0.04510149 0.41008493 -2.4001374 -0.28427643 0.13359214
          -1.8765689 -0.021318864 0.4107932 -1.3479819 -0.06388175 0.41126844
          -1.1988956 -0.1313453 0.37336645 -1.4972091 -0.10996518 0.39718804
          -1.2052449 0.033451196 0.38002542 -1.585259 0.28138903 0.41131452
          -1.7843055 0.30645502 0.4049867 -1.7446088 0.28188825 0.41059434
          -1.5346769 0.31055543 0.41145474 -1.3136754 0.1041655 0.402416
          -1.3080407 0.23671433 0.40482536 -1.1944352 0.22283725 0.41125196
          -1.3536421 0.87362695 0.40903625 -1.5057461 0.8542023 0.38800576
          -1.4441533 0.90077776 0.41132462 -1.3040406 0.601414 0.4108861
          -1.2652322 0.36598805 0.40758145 -1.1347367 0.4494843 0.40785718
          -0.9608311 0.5879179 0.4021151 -1.1501797 2.052096 0
          -1.1919311 1.8005738 0 -1.1820291 1.46106 0
          -1.1344535 1.1437746 0 -1.0813458 0.8685773 0.4093857
          -1.0841101 0.8467834 0.40261385 -1.0907308 0.7036122 0.3983827
          -0.67665505 -2.3282382 0 -0.7747113 -2.088265 0
          -0.7995491 -1.7198472 0 -0.8077039 -1.3762958 0
          -0.917428 -1.2851714 0 -0.8437813 -1.0942537 0.15208156
          -0.82556134 -0.82932174 0.40727666 -0.7614685 -1.0329986 0.30741715
          -0.9530666 -1.2307829 0 -0.8983949 -0.99955875 0.4098812
          -1.0159966 -0.9924477 0.41089746 -1.00266 -0.834697 0.40537542
          -1.0195841 -0.7065191 0.40644386 -0.904889 -0.5572825 0.36754754
          -0.9018664 -0.3904609 0.3718035 -1.1650878 -0.4056194 0.3842593
          -0.9577769 -0.48554713 0.36819577 -1.1429088 -0.5212679 0.38774094
          -1.13928 -0.47712153 0.40883422 -0.7971465 -0.25970986 0.40988332
          -0.9704142 -0.20081714 0.41238707 -0.86848766 -0.0055340747 0.36878392
          -1.0820196 -0.09983423 0.40006983 -1.0890164 -0.008276884 0.37806773
          -1.32449 -0.16221768 0.37296557 -1.078998 -0.30334046 0.4112894
          -0.9359114 0.07909728 0.41966155 -0.9675853 0.0020995417 0.4123005
          -0.792674 0.22960931 0.40976706 -1.0312274 0.27285075 0.40968862
          -1.1607295 0.37266552 0.37643644 -1.396231 0.3063408 0.40974844
          -0.985495 0.33721682 0.41122502 -0.86081874 0.13531736 0.3649748
          -1.082449 0.39954978 0.41129497 -0.6916572 0.8999474 0.4110904
          -0.92885536 1.0140256 0.3703954 -0.99823266 0.978287 0.40963075
          -0.99584204 0.8269232 0.41113496 -0.88369846 0.77578264 0.41140231
          -0.99862033 0.513167 0.40812987 -1.0522037 0.61597574 0.40222198
          -0.6937153 2.1621559 0 -0.77592653 1.9703231 0
          -0.8025997 1.624421 0 -0.8255054 1.379592 0
          -0.9105357 1.1698252 0 -0.8508419 0.9212221 0.4087565
          -0.90664035 0.5775185 0.40867722 -0.49723884 -2.2972248 0
          -0.5639376 -2.126871 0 -0.60294414 -1.7447773 0
          -0.6054971 -1.447553 0 -0.69606704 -1.5834378 0
          -0.61777234 -1.0912114 0.21518289 -0.6916868 -0.9110732 0.39371037
          -0.4884336 -1.0658764 0.33810037 -0.6873679 -1.3461856 0
          -0.8338883 -1.4471551 0 -0.769344 -0.91823 0.41080093
          -0.81693256 -0.83431447 0.37849012 -0.71766126 -0.5848287 0.4110913
          -0.5865403 -1.3340806 0.053838953 -0.6828533 -0.30903703 0.39604887
          -0.98561436 -0.7198676 0.38240626 -0.853183 -0.71558076 0.4041975
          -1.031113 -1.0568533 0.30912334 -0.9819208 -0.32290748 0.41105768
          -0.6217137 -0.15754867 0.36969158 -0.8454064 -0.52399224 0.4109312
          -0.60546327 -0.043455735 0.38841477 -0.9290663 -0.23841326 0.40861616
          -1.0550001 0.13487811 0.4121204 -1.4127485 -0.45938373 0.40968034
          -0.9923163 -0.12045964 0.41011384 -0.7147818 0.19010009 0.40621948
          -0.7678291 -0.16499892 0.38846347 -0.5346406 0.34330088 0.4016743
          -0.5949167 0.48519298 0.41116104 -0.8090256 0.6730205 0.40246
          -1.1194168 0.1776845 0.38871685 -0.9661047 0.20761995 0.40607783
          -0.65354216 0.22216843 0.40955943 -0.8204178 0.40623823 0.40626165
          -0.4941365 0.93998706 0.40805477 -0.63797987 1.0664052 0.19252521
          -0.70734024 1.2944801 0 -0.8330319 1.0148858 0.3270588
          -0.8294306 0.7586922 0.4090316 -0.7412476 0.602034 0.41094694
          -1.2881662 0.7905543 0.43270883 -0.51465094 2.195246 0
          -0.5594776 2.0401506 0 -0.5884791 1.6007042 0
          -0.5868193 1.3218342 0 -0.6456814 1.4749204 0
          -0.60899454 0.9299934 0.38287166 -0.65652454 0.66765016 0.40924796
          -0.34430516 -2.3033588 0 -0.39339486 -2.1505742 0
          -0.4217683 -1.7090814 0 -0.42961147 -1.4538555 0
          -0.5290857 -1.631323 0 -0.4615897 -1.4729825 0
          -0.4297643 -0.92916346 0.36167794 -0.30312896 -1.1454769 0.18235417
          -0.38672665 -0.9851085 0.3835729 -0.450677 -1.3217391 0
          -0.60946125 -1.144137 0.087696776 -0.6508182 -0.71610785 0.36956635
          -0.5431051 -0.95841944 0.38171706 -0.49977905 -0.6188575 0.41079035
          -0.22554968 -0.3442003 0.41093063 -0.58210343 -0.78665704 0.37771034
          -0.60582197 -0.8951008 0.41027048 -0.7253099 -0.4110503 0.40949103
          -0.7436465 -0.66906375 0.37691614 -0.5787747 -0.5043767 0.37826455
          -0.5763959 -0.15208751 0.41081417 -0.42411304 0.07370455 0.38341624
          -0.61342 -0.32643613 0.40528956 -0.79173625 -0.05864937 0.410956
          -0.837231 -0.37122285 0.4102959 -0.73578066 0.07983649 0.40797862
          -0.5919887 0.14484194 0.39405385 -0.49748346 -0.31424204 0.3624731
          -0.22576463 0.35762858 0.37015972 -0.69379616 0.41060004 0.3991433
          -0.37059262 0.50608766 0.4103219 -0.71999604 0.3948227 0.40790448
          -0.5597917 0.26260513 0.36830837 -0.54233664 0.5176886 0.40088356
          -0.5163713 0.42077464 0.3960291 -0.2914271 1.242519 0.12563974
          -0.45907706 1.1162214 0.18549278 -0.45950362 1.415877 0
          -0.6871717 0.78177005 0.41883478 -0.58220315 0.79566175 0.3629828
          -0.5070502 0.707557 0.3592475 -0.52401555 0.5939121 0.40855578
          -0.35795802 2.2600586 0 -0.40221146 2.0131497 0
          -0.41799915 1.7003313 0 -0.44859838 1.4247822 0
          -0.5048229 1.4508536 0 -0.5200014 1.144264 0.08112028
          -0.5300652 0.91481555 0.39271763 -0.20862538 -2.319885 0
          -0.25452554 -2.119919 0 -0.26558554 -1.8215997 0
          -0.2804216 -1.3942312 0 -0.30132183 -1.6974494 0
          -0.22726776 -1.3959653 0 -0.27133578 -0.939786 0.3866218
          -0.15058322 -1.1813797 0.14710113 -0.33731988 -1.1230348 0.18288341
          -0.39952987 -1.3383251 0 -0.47872296 -0.7263873 0.38233384
          -0.2871169 -0.8734789 0.407157 -0.28506827 -0.75134784 0.4103362
          -0.39100844 -0.7341306 0.40152392 -0.10373068 -0.3290968 0.40988111
          -0.3886714 -0.6248683 0.36198482 -0.63272154 -0.6096729 0.39963695
          -0.5183553 -0.3998268 0.36111286 0.026942052 -0.6699617 0.41114533
          -0.29241073 -0.4744841 0.38552937 -0.4289967 -0.082505465 0.41074225
          -0.11500267 -0.03663521 0.39615208 -0.38336742 -0.22922178 0.4104104
          -0.43267575 -0.5181204 0.41092893 -0.79426783 0.42415157 0.36899975
          -0.49980238 0.10636442 0.41087234 -0.4271684 -0.026992401 0.4108543
          -0.32022542 0.014195405 0.39883378 -0.11943632 0.29939568 0.41074485
          -0.35535967 0.3727464 0.41069293 -0.8032376 0.8616019 0.40180293
          -0.72951066 -0.012514092 0.40655133 -0.22967345 0.5768492 0.41085204
          -0.3947141 0.29804564 0.41033685 -0.2753702 0.22016713 0.40972763
          -0.23678334 0.96400756 0.38180393 -0.37529087 1.029364 0.37732014
          -0.31763816 1.4171385 0 -0.3966698 0.91359216 0.3996414
          -0.30116317 0.8272833 0.36901647 -0.43667972 0.81993103 0.45944378
          -0.43173805 0.59963095 0.3833888 -0.21035764 2.1424818 0
          -0.2732041 2.0030413 0 -0.28353086 1.6652063 0
          -0.29872006 1.4742873 0 -0.29834798 1.5344119 0
          -0.31265616 1.094257 0.1973436 -0.42896998 0.7718053 0.40674567
          -0.06280139 -2.231594 0 -0.12292624 -2.0944884 0
          -0.12990274 -1.771208 0 -0.13282642 -1.4390246 0
          -0.06902509 -1.6535455 0 -0.05433563 -1.3656412 0
          -0.11544489 -0.89346284 0.3939409 0.0019874196 -1.0433549 0.3744904
          -0.23043215 -1.360498 0 -0.19776268 -0.9825589 0.36204937
          -0.16606289 -1.4943173 0 -0.19718398 -0.67472833 0.40592507
          -0.08104149 -1.2087181 0.21013838 -0.10775271 -0.58844864 0.3677785
          0.05002958 -0.4322127 0.41047764 -0.2993807 -0.53051615 0.4046449
          0.1286355 -1.3805872 0.1319583 -0.19162613 -1.193753 0.24743402
          -0.08489756 -0.47687128 0.41080517 -0.1928002 -0.52002585 0.40184844
          -0.20532432 -0.3579782 0.4106875 0.096714735 -0.041471247 0.3807902
          -0.17296396 -0.23426263 0.48880816 -0.19241078 -0.22938554 0.5155485
          -0.40748385 0.22188486 0.4081674 0.07542932 0.24129905 0.3871859
          -0.2093751 -0.20690262 0.3978676 -0.09798068 0.2348989 0.40951136
          0.1347841 0.37868717 0.3628974 -0.22035533 0.2644034 0.524773
          -0.02052143 0.8614791 0.36969554 -0.2953412 0.6979591 0.40003493
          0.02081433 0.8177732 0.4684105 -0.106662035 0.45071083 0.41060165
          -0.17998974 0.20563078 0.3936888 0.041539222 0.8989634 0.40325296
          -0.17324327 1.2095588 0.18397835 -0.2669063 1.3623115 0
          -0.23743406 0.86431897 0.3816952 -0.28801507 0.5819411 0.40674427
          -0.1787228 0.803112 0.36641806 -0.068307474 0.50132155 0.40944138
          -0.061040994 2.1403866 0 -0.13538991 2.066025 0
          -0.13749678 1.6797969 0 -0.13917044 1.5143206 0
          -0.097461775 1.6348978 0 0.06361187 1.3528582 0
          -0.0028419138 0.7990294 0.40779483 0.08942749 -2.2726328 0
          0.014244159 -2.118615 0 0.0150386905 -1.7622339 0
          0.018942079 -1.4651968 0 0.05218922 -1.6492332 0
          0.094370104 -1.3454303 0 0.05005609 -0.9532567 0.37066576
          0.06744275 -1.2977358 0.028256524 0.0049856296 -1.3526615 0
          -0.031140056 -0.9608476 0.37116224 0.008612111 -1.7325984 0
          0.06628756 -0.77547264 0.36282927 -0.040717874 -0.7952815 0.37678558
          0.17211832 -0.7320768 0.36453012 0.14157036 -0.70282483 0.38761625
          -0.14109929 -0.66906995 0.41907308 -0.024591468 -0.9386481 0.47437403
          -0.12367808 -1.3806586 0.097946614 0.30762073 -1.21457 0.18287092
          0.049175527 -0.58543754 0.40882376 0.15700959 -0.34127966 0.41070873
          0.30375174 -0.011948763 0.41001236 -0.47589225 -0.11594814 0.45787334
          0.23594575 0.22761191 0.511925 0.24966975 0.34257582 0.36805063
          -0.10755583 -0.1890313 0.38083765 0.07410674 0.083850175 0.3765871
          -0.2724807 -0.13920014 0.4034122 0.14521663 0.56473607 0.38181135
          0.23706043 0.13087094 0.52692974 0.20207049 0.39957133 0.4085202
          -0.22562465 1.3974009 0.18162487 0.33139053 1.2404513 0.122859366
          -0.001585668 0.42783502 0.4035237 0.058431312 0.22684255 0.41034025
          0.22660534 1.0174636 0.37281182 0.14445904 1.0202111 0.37497884
          -0.111696795 1.0355664 0.3496098 0.06608626 1.3081352 0
          -0.004931457 0.6172221 0.37960708 0.18761009 0.62533766 0.41004202
          0.07974678 0.58395153 0.40421855 0.09419657 2.1202087 0
          0.026623046 1.9594461 0 0.018833565 1.7376624 0
          0.008295247 1.3556614 0 0.08716927 1.5885584 0
          0.14718522 1.4368683 0 0.06840149 0.7611597 0.36544988
          0.24987423 -2.2222848 0 0.1758719 -2.0312645 0
          0.17409176 -1.8376806 0 0.19183023 -1.4461496 0
          0.23618513 -1.6418839 0 0.2121121 -1.3917978 0
          0.16828771 -0.81587374 0.40935782 0.28065404 -1.1258699 0.14541201
          0.117348626 -0.9527279 0.38255742 0.12541805 -1.304673 0
          0.22335586 -1.6197095 0 0.297776 -0.8938275 0.4091654
          0.34392634 -0.7959155 0.36596066 0.25596872 -0.6090117 0.40966618
          0.40494412 -0.39630806 0.3950281 0.06298822 -0.17907913 0.36132482
          0.51223826 -0.79093266 0.40646592 0.53328353 -0.7744436 0.40488875
          0.25335056 -0.3142623 0.41062105 0.34726155 -0.7398819 0.3799237
          0.27212015 -0.20160244 0.36166453 0.4137518 -0.10107761 0.40608254
          0.065302104 -0.3204318 0.40196112 0.34418446 0.09713562 0.4087859
          0.75731736 -0.40751678 0.36477837 0.7053087 0.26111892 0.44597518
          0.34654474 -0.17656602 0.4032159 0.21708788 -0.069603965 0.4102151
          0.4586019 0.37340406 0.3897447 0.1673472 0.21848485 0.39479688
          0.3908717 0.59527177 0.40142223 0.27148226 0.6647678 0.35805306
          0.65131104 0.96535116 0.40236428 0.31759182 0.5173679 0.40850812
          0.29295826 0.17063619 0.41019195 0.3302084 0.9866945 0.36655688
          0.21261537 0.87422615 0.3783135 0.28445897 1.0538245 0.3512087
          0.26044527 1.2603985 0.015799806 0.20010543 0.81057066 0.407604
          0.4377724 0.7617867 0.40846476 0.2587779 0.5641832 0.3601543
          0.260061 2.1516657 0 0.17796695 1.9048115 0
          0.18147083 1.7585802 0 0.20157161 1.3394699 0
          0.20177385 1.5208529 0 0.20057502 1.4582822 0
          0.30609933 0.7865029 0.41056198 0.416765 -2.237806 0
          0.33159047 -1.9901274 0 0.33786985 -1.8492432 0
          0.3476426 -1.4202639 0 0.4022136 -1.5293525 0
          0.5067733 -1.4747808 0 0.34509042 -0.95145637 0.37408677
          0.523546 -1.1620233 0.188101 0.39345 -1.2947178 0
          0.38053766 -1.2984458 0 0.496148 -0.9811348 0.36436298
          0.6682189 -0.956421 0.3690062 0.67506206 -0.7743691 0.37680617
          0.34649837 -0.55822825 0.396992 0.59714663 -0.3124747 0.40565374
          0.27864265 -0.48254162 0.36330414 0.53049624 -0.6364895 0.36064872
          0.43002093 -0.25335935 0.40837443 0.6456791 -0.69339865 0.40771854
          0.532271 -0.45834666 0.39641914 0.34901106 -0.33158284 0.40830028
          0.7838412 -0.09848688 0.410681 0.2985322 -0.21540892 0.57945806
          0.4652142 -0.49872783 0.44421062 0.8490667 0.25796098 0.3677508
          0.40413576 0.007977623 0.40564123 0.3247799 0.27490386 0.40922984
          0.52926224 -0.23858427 0.38644797 0.49788195 0.30920374 0.395942
          0.41550577 0.2044057 0.41046807 0.5074952 0.22553396 0.46292773
          0.58377755 0.49302533 0.45995313 0.34643647 0.39716506 0.38657007
          0.5041311 0.081628606 0.36135805 0.5994691 0.17387532 0.38207752
          0.36228952 0.9134585 0.407855 0.29692248 1.2517246 0
          0.32444116 1.2823 0 0.5046614 0.90169096 0.40090615
          0.6564516 0.86932266 0.4105689 0.52861613 0.6952598 0.40926254
          0.6654804 0.5323843 0.40823445 0.42049968 2.1846845 0
          0.3304107 1.9010855 0 0.36248985 1.7045513 0
          0.37584475 1.4915352 0 0.36196348 1.4694376 0
          0.42704245 1.260688 0 0.46356532 0.74198854 0.41083768
          0.58622485 -2.2571511 0 0.5030487 -1.9608886 0
          0.535019 -1.7718582 0 0.5198111 -1.3635907 0
          0.58943135 -1.4776813 0 0.63667357 -1.4655355 0
          0.6710236 -0.855967 0.40977955 0.61457145 -0.9721618 0.40857038
          0.51699436 -1.2538517 0 0.5806311 -1.3055978 0
          0.7479411 -0.9980538 0.4104125 0.75382644 -0.68897194 0.40329218
          0.5034162 -0.8850188 0.40196255 0.6953938 -0.56553966 0.4101746
          0.6876794 -0.34294936 0.40396154 0.45412746 -0.53676516 0.379912
          0.9315043 -0.38071516 0.41021883 0.8367054 -0.82426447 0.38448268
          1.0631849 -0.97410303 0.40731505 0.61790097 -0.5046977 0.40926987
          0.71590525 -0.48000124 0.37135553 0.7512656 0.017760782 0.40927428
          0.51295626 -0.1177982 0.3666577 0.92464477 -0.31144425 0.40761238
          1.125645 0.117191084 0.39714205 0.83067524 -0.13761574 0.41006768
          0.6195878 0.040735237 0.38782918 0.9429729 0.011103892 0.3944329
          0.6822914 0.27522087 0.41000798 0.61480993 0.37919703 0.41055828
          0.9266351 0.1267502 0.41035154 0.715705 0.6304514 0.40750813
          0.50331604 0.47906545 0.38404754 0.7104419 0.13628633 0.39646834
          0.80314523 0.38980174 0.37004948 0.61634654 0.9947239 0.41080654
          0.3933827 1.1442487 0.15836744 0.6184102 1.1171252 0.14400882
          0.7020458 0.79203546 0.39888203 0.78217185 1.0426426 0.32493025
          0.5700466 0.61343855 0.41062778 0.73756385 0.49290726 0.3891736
          0.5913357 2.217236 0 0.51012117 1.865221 0
          0.5222263 1.6196344 0 0.5570571 1.4640213 0
          0.5865748 1.4747092 0 0.4981072 1.2666603 0
          0.6387114 0.7234244 0.412397 0.77997386 -2.2651305 0
          0.70661384 -1.9310826 0 0.7351349 -1.6456368 0
          0.73120743 -1.3127563 0 0.8750407 -1.3753756 0
          0.88049585 -0.9031648 0.41014108 0.8620098 -0.64512885 0.4074249
          0.9492919 -1.1456182 0.058690593 0.66539174 -1.22556 0
          0.9421744 -1.1315925 0.06982908 1.001616 -1.1613833 0
          1.11996 -1.0589037 0.2230468 0.8961836 -0.9325782 0.41052014
          0.97067916 -0.6680994 0.4100209 1.0678777 -0.36389425 0.3707279
          0.8132343 -0.6208229 0.39657086 1.0023122 -0.4276551 0.40921125
          1.1768824 -0.48721054 0.40783238 0.6356528 -0.1847868 0.39848712
          0.98849297 -0.53299004 0.4091303 0.98707753 -0.30701828 0.37966165
          1.1799536 -0.012328764 0.35923076 0.97324944 -0.18859604 0.40265504
          1.1191537 -0.1128435 0.3706173 1.2891734 0.12011109 0.4102008
          0.80507135 -0.3222477 0.40992475 1.0072333 -0.015293426 0.39651603
          0.982127 0.055633493 0.40939188 1.0637827 0.34289923 0.41091043
          0.80323714 0.40000975 0.40924644 1.1666759 0.34841067 0.3674518
          1.0297154 0.43772486 0.3822269 0.79537207 0.17043453 0.40960592
          0.97035307 0.28427473 0.37693906 1.0354983 0.21015085 0.41014734
          0.9494378 1.0218942 0.29503515 0.70269614 1.0086102 0.3945011
          0.9066503 1.2929842 0 0.8365742 0.7175945 0.40999475
          0.77188665 0.79015565 0.5146033 0.80139333 0.763784 0.40858743
          0.9340143 0.54694605 0.37664977 0.77380663 2.2111852 0
          0.69769925 1.876295 0 0.65955263 1.6015126 0
          0.7518922 1.343317 0 0.926202 1.292445 0
          0.882721 0.8780387 0.40662438 0.848994 0.6304866 0.40986055
          1.1830434 -2.1013703 0 1.096423 -1.8272778 0
          1.085033 -1.4789246 0 1.0438291 -1.2110044 0
          1.0133059 -0.9878301 0.39683655 1.0299331 -0.961896 0.3819773
          1.0040536 -0.78327537 0.3761259 1.3648766 -0.83813494 0.40491214
          1.3270483 -1.0831196 0.10292492 1.221071 -0.6758994 0.40900674
          1.1302143 -0.8065194 0.40579653 1.0011826 -0.70108175 0.3990577
          1.0930701 -0.60781604 0.3649016 1.1349523 -0.52663666 0.4090382
          1.5171238 -0.28354082 0.40850484 1.5646769 -0.36446762 0.40888673
          1.3354075 -0.32005635 0.41021922 1.3974191 -0.4978763 0.4079353
          1.4097141 -0.33273852 0.41016 1.1701835 -0.23303808 0.38211796
          1.2281115 -0.4158247 0.41070217 1.4767553 -0.030093575 0.40852335
          1.4877907 -0.044884276 0.40881866 1.5101808 -0.05503357 0.37083274
          1.3108969 0.052895848 0.41043165 1.4416076 -0.2057928 0.40566152
          1.0484755 -0.12135527 0.40734828 1.2406437 -0.10365258 0.3934831
          1.4611646 0.20866747 0.40748832 1.4857945 0.19972944 0.40871048
          1.464412 0.25061172 0.40727293 1.2277062 0.34792492 0.40943414
          1.353402 0.1746559 0.3927278 1.0888001 0.1790502 0.40341175
          1.2330146 0.32637247 0.41054624 1.346616 0.7357729 0.4062525
          1.345722 0.8629429 0.40867516 1.0558151 0.7811486 0.41073212
          1.1114756 0.48049796 0.40673265 1.3913428 0.58897173 0.40825492
          0.8565333 0.45272356 0.38362306 1.0240223 0.539861 0.39409977
          1.1683689 1.9268222 0 1.1056595 1.743343 0
          1.047999 1.5295622 0 1.0190642 1.3023633 0
          0.9790348 0.87423587 0.4002194 0.97808135 0.79969364 0.39399174
          0.965283 0.6356535 0.39354858 1.5988868 -1.1492057 0
          1.6294446 -1.2011867 0 1.3995689 -0.9790825 0.3998388
          1.3365548 -0.90409946 0.40718737 1.2664236 -0.8535232 0.40887663
          1.263569 -0.8166392 0.3839964 1.2181677 -0.7153898 0.39499167
          2.500942 -0.66964686 0 2.4031162 -0.69833016 0
          1.8324877 -0.6295524 0.41163635 1.5995618 -0.577693 0.41072586
          1.4190586 -0.56250834 0.3937593 1.3801913 -0.5768376 0.36637968
          1.2316775 -0.48018023 0.3602853 2.6691768 -0.24185975 0
          2.439968 -0.26604712 0 1.9845046 -0.2658934 0.41104746
          1.7648618 -0.2655328 0.40667868 1.6778207 -0.27444938 0.37895763
          1.5570823 -0.18767582 0.40882412 1.2284266 -0.24416187 0.4066786
          2.698887 -0.041359 0 2.4861207 -0.0517963 0
          2.0101726 -0.06537573 0.3230525 1.7882144 -0.05297962 0.40529805
          1.6833755 -0.046969183 0.38518256 1.6460742 -0.06561608 0.41001534
          1.285218 -0.17392312 0.3811114 2.673543 0.1598692 0
          2.46492 0.16252735 0 2.0127082 0.11005099 0.32839924
          1.724574 0.1631804 0.4035052 1.6563954 0.17792381 0.38659704
          1.6519908 0.16218993 0.35947362 1.3255484 0.08858363 0.38414052
          2.495062 0.58322847 0 2.4423988 0.6076037 0
          2.1418033 0.53166103 0.06615078 1.7006189 0.46096182 0.40831444
          1.450117 0.42560747 0.39467 1.3841739 0.4626582 0.38418597
          1.2447584 0.4657848 0.36013258 1.5482544 0.98415446 0.3847765
          1.6125185 1.0523406 0.17322308 1.5139729 0.96835035 0.40109673
          1.425995 0.87896085 0.39460164 1.4217343 0.8531714 0.3919338
          1.4202335 0.83688265 0.3762224 1.3768796 0.5356643 0.36785316
          <InformationKey name="L2_NORM_RANGE" location="vtkDataArray" length="2">
            <Value index="0">
              0.39286193377
            </Value>
            <Value index="1">
              2.8246295553
            </Value>
          </InformationKey>
        </DataArray>
      </Points>
      <Verts>
        <DataArray type="Int64" Name="connectivity" format="ascii" RangeMin="0" RangeMax="685">
          0 1 2 3 4 5
          6 7 8 9 10 11
          12 13 14 15 16 17
          18 19 20 21 22 23
          24 25 26 27 28 29
          30 31 32 33 34 35
          36 37 38 39 40 41
          42 43 44 45 46 47
          48 49 50 51 52 53
          54 55 56 57 58 59
          60 61 62 63 64 65
          66 67 68 69 70 71
          72 73 74 75 76 77
          78 79 80 81 82 83
          84 85 86 87 88 89
          90 91 92 93 94 95
          96 97 98 99 100 101
          102 103 104 105 106 107
          108 109 110 111 112 113
          114 115 116 117 118 119
          120 121 122 123 124 125
          126 127 128 129 130 131
          132 133 134 135 136 137
          138 139 140 141 142 143
          144 145 146 147 148 149
          150 151 152 153 154 155
          156 157 158 159 160 161
          162 163 164 165 166 167
          168 169 170 171 172 173
          174 175 176 177 178 179
          180 181 182 183 184 185
          186 187 188 189 190 191
          192 193 194 195 196 197
          198 199 200 201 202 203
          204 205 206 207 208 209
          210 211 212 213 214 215
          216 217 218 219 220 221
          222 223 224 225 226 227
          228 229 230 231 232 233
          234 235 236 237 238 239
          240 241 242 243 244 245
          246 247 248 249 250 251
          252 253 254 255 256 257
          258 259 260 261 262 263
          264 265 266 267 268 269
          270 271 272 273 274 275
          276 277 278 279 280 281
          282 283 284 285 286 287
          288 289 290 291 292 293
          294 295 296 297 298 299
          300 301 302 303 304 305
          306 307 308 309 310 311
          312 313 314 315 316 317
          318 319 320 321 322 323
          324 325 326 327 328 329
          330 331 332 333 334 335
          336 337 338 339 340 341
          342 343 344 345 346 347
          348 349 350 351 352 353
          354 355 356 357 358 359
          360 361 362 363 364 365
          366 367 368 369 370 371
          372 373 374 375 376 377
          378 379 380 381 382 383
          384 385 386 387 388 389
          390 391 392 393 394 395
          396 397 398 399 400 401
          402 403 404 405 406 407
          408 409 410 411 412 413
          414 415 416 417 418 419
          420 421 422 423 424 425
          426 427 428 429 430 431
          432 433 434 435 436 437
          438 439 440 441 442 443
          444 445 446 447 448 449
          450 451 452 453 454 455
          456 457 458 459 460 461
          462 463 464 465 466 467
          468 469 470 471 472 473
          474 475 476 477 478 479
          480 481 482 483 484 485
          486 487 488 489 490 491
          492 493 494 495 496 497
          498 499 500 501 502 503
          504 505 506 507 508 509
          510 511 512 513 514 515
          516 517 518 519 520 521
          522 523 524 525 526 527
          528 529 530 531 532 533
          534 535 536 537 538 539
          540 541 542 543 544 545
          546 547 548 549 550 551
          552 553 554 555 556 557
          558 559 560 561 562 563
          564 565 566 567 568 569
          570 571 572 573 574 575
          576 577 578 579 580 581
          582 583 584 585 586 587
          588 589 590 591 592 593
          594 595 596 597 598 599
          600 601 602 603 604 605
          606 607 608 609 610 611
          612 613 614 615 616 617
          618 619 620 621 622 623
          624 625 626 627 628 629
          630 631 632 633 634 635
          636 637 638 639 640 641
          642 643 644 645 646 647
          648 649 650 651 652 653
          654 655 656 657 658 659
          660 661 662 663 664 665
          666 667 668 669 670 671
          672 673 674 675 676 677
          678 679 680 681 682 683
          684 685
        </DataArray>
        <DataArray type="Int64" Name="offsets" format="ascii" RangeMin="1" RangeMax="686">
          1 2 3 4 5 6
          7 8 9 10 11 12
          13 14 15 16 17 18
          19 20 21 22 23 24
          25 26 27 28 29 30
          31 32 33 34 35 36
          37 38 39 40 41 42
          43 44 45 46 47 48
          49 50 51 52 53 54
          55 56 57 58 59 60
          61 62 63 64 65 66
          67 68 69 70 71 72
          73 74 75 76 77 78
          79 80 81 82 83 84
          85 86 87 88 89 90
          91 92 93 94 95 96
          97 98 99 100 101 102
          103 104 105 106 107 108
          109 110 111 112 113 114
          115 116 117 118 119 120
          121 122 123 124 125 126
          127 128 129 130 131 132
          133 134 135 136 137 138
          139 140 141 142 143 144
          145 146 147 148 149 150
          151 152 153 154 155 156
          157 158 159 160 161 162
          163 164 165 166 167 168
          169 170 171 172 173 174
          175 176 177 178 179 180
          181 182 183 184 185 186
          187 188 189 190 191 192
          193 194 195 196 197 198
          199 200 201 202 203 204
          205 206 207 208 209 210
          211 212 213 214 215 216
          217 218 219 220 221 222
          223 224 225 226 227 228
          229 230 231 232 233 234
          235 236 237 238 239 240
          241 242 243 244 245 246
          247 248 249 250 251 252
          253 254 255 256 257 258
          259 260 261 262 263 264
          265 266 267 268 269 270
          271 272 273 274 275 276
          277 278 279 280 281 282
          283 284 285 286 287 288
          289 290 291 292 293 294
          295 296 297 298 299 300
          301 302 303 304 305 306
          307 308 309 310 311 312
          313 314 315 316 317 318
          319 320 321 322 323 324
          325 326 327 328 329 330
          331 332 333 334 335 336
          337 338 339 340 341 342
          343 344 345 346 347 348
          349 350 351 352 353 354
          355 356 357 358 359 360
          361 362 363 364 365 366
          367 368 369 370 371 372
          373 374 375 376 377 378
          379 380 381 382 383 384
          385 386 387 388 389 390
          391 392 393 394 395 396
          397 398 399 400 401 402
          403 404 405 406 407 408
          409 410 411 412 413 414
          415 416 417 418 419 420
          421 422 423 424 425 426
          427 428 429 430 431 432
          433 434 435 436 437 438
          439 440 441 442 443 444
          445 446 447 448 449 450
          451 452 453 454 455 456
          457 458 459 460 461 462
          463 464 465 466 467 468
          469 470 471 472 473 474
          475 476 477 478 479 480
          481 482 483 484 485 486
          487 488 489 490 491 492
          493 494 495 496 497 498
          499 500 501 502 503 504
          505 506 507 508 509 510
          511 512 513 514 515 516
          517 518 519 520 521 522
          523 524 525 526 527 528
          529 530 531 532 533 534
          535 536 537 538 539 540
          541 542 543 544 545 546
          547 548 549 550 551 552
          553 554 555 556 557 558
          559 560 561 562 563 564
          565 566 567 568 569 570
          571 572 573 574 575 576
          577 578 579 580 581 582
          583 584 585 586 587 588
          589 590 591 592 593 594
          595 596 597 598 599 600
          601 602 603 604 605 606
          607 608 609 610 611 612
          613 614 615 616 617 618
          619 620 621 622 623 624
          625 626 627 628 629 630
          631 632 633 634 635 636
          637 638 639 640 641 642
          643 644 645 646 647 648
          649 650 651 652 653 654
          655 656 657 658 659 660
          661 662 663 664 665 666
          667 668 669 670 671 672
          673 674 675 676 677 678
          679 680 681 682 683 684
          685 686
        </DataArray>
      </Verts>
      <Lines>
        <DataArray type="Int64" Name="connectivity" format="ascii" RangeMin="1e+299" RangeMax="-1e+299">
        </DataArray>
        <DataArray type="Int64" Name="offsets" format="ascii" RangeMin="1e+299" RangeMax="-1e+299">
        </DataArray>
      </Lines>
      <Strips>
        <DataArray type="Int64" Name="connectivity" format="ascii" RangeMin="1e+299" RangeMax="-1e+299">
        </DataArray>
        <DataArray type="Int64" Name="offsets" format="ascii" RangeMin="1e+299" RangeMax="-1e+299">
        </DataArray>
      </Strips>
      <Polys>
        <DataArray type="Int64" Name="connectivity" format="ascii" RangeMin="1e+299" RangeMax="-1e+299">
        </DataArray>
        <DataArray type="Int64" Name="offsets" format="ascii" RangeMin="1e+299" RangeMax="-1e+299">
        </DataArray>
      </Polys>
    </Piece>
  </PolyData>
</VTKFile>
