<?xml version="1.0"?>
<VTKFile type="PolyData" version="0.1" byte_order="LittleEndian" header_type="UInt32" compressor="vtkZLibDataCompressor">
  <PolyData>
    <Piece NumberOfPoints="686" NumberOfVerts="686" NumberOfLines="0" NumberOfStrips="0" NumberOfPolys="0">
      <PointData>
        <DataArray type="Float64" Name="density" format="ascii" RangeMin="500" RangeMax="999.9824706290993">
          614.5884373699969 506.23556341282324 603.4099162954656 537.3015645642924 694.2577235173034 906.7921322372642
          843.958104970487 500 500 500 526.0314806722093 763.3258330050752
          632.1093992264944 858.7788737334274 500 546.9229665378992 500 500
          954.2998418242914 681.7497640177623 834.5657341263233 500 500 500
          500 502.9592744731305 988.0523580279515 914.374027786652 500 500
          500 500 759.5201012394011 768.5810870723885 948.6453156609668 500
          500 500 500 654.5252648273072 843.175513551969 921.9346557676695
          500 500 565.442929228757 970.1158706132404 672.6190645972038 692.7975006626813
          918.4718586046768 500 500 500 500 609.8375857146908
          500 750.1333191714881 500 500 841.4263778882389 904.1634935332452
          877.2258247173231 892.9783739778638 951.2556278313648 500 500 644.815653728964
          764.1357108024355 853.9275491432775 734.3917822795601 896.006903863019 879.4542196558054 527.3628683365522
          500 916.2386247163381 909.9443237491337 874.4478516782412 948.0548253776568 606.394334403287
          509.7721145418242 571.7643710785569 680.9333462875343 896.952370216795 898.8836203331902 904.9497821890241
          801.9050021329871 849.7874877315086 973.3208129927178 791.8005521196162 980.7078091486561 968.0866324977682
          891.3215305643937 500 500 500 500 641.34834286617
          670.1214080968458 712.1034470670469 500 500 500 623.2101120819141
          610.069356454349 687.8235155492922 860.7486290081265 559.9916605176892 688.1497500246926 644.0184951448426
          680.7150785072089 730.1166246692069 948.2769416378311 881.8424361006888 920.8316891213343 919.781292636753
          823.837176413465 895.3957567310104 901.1133022833342 904.0574788290872 894.5622511799058 823.6095477418911
          959.6324310783749 944.8490723776425 910.7563480203497 987.6135591617248 786.0479495050097 843.1509851789558
          819.0212599223879 809.3254266668398 973.8845635680725 877.1738050031119 800.4562684998945 845.9675620934519
          946.8671296514622 530.8588077789216 655.9256011448438 500 843.8124796464991 968.4424951018904
          887.2157814682215 842.3769751808215 500 500 500 500
          520.4470260762656 692.5349465010091 881.056438722591 500 500 500
          769.4085883914777 500 681.2898505847181 743.0084912220092 748.2538060625415 684.7439864685764
          501.279551741907 754.1242093166225 866.5636567214864 789.1639049936588 823.3937937314415 884.5560948830152
          950.9783884069631 901.2615732319135 786.1430553095742 966.3515524738275 954.6874986800929 815.727551939558
          925.041517844343 893.9262749863316 845.3937724413736 707.0178320674353 878.783518210558 916.8956837746573
          835.6170267716574 982.714038930875 942.2957733846903 867.0028263830105 850.0236030076857 829.4238798834117
          933.4369735569312 689.7302667444422 999.8097628432733 813.7702386641132 500 551.4998864813274
          941.422005471633 742.0941137856427 884.03884296124 500 500 500
          720.1523032942772 593.8126727692387 747.3195646516492 656.8452895205462 500 500
          500 901.1794660155509 563.9960282507127 861.290065414357 500 852.0220088091056
          505.95627291469424 935.6497720765487 695.1792847023942 913.4116074354246 500 903.7185200028504
          696.1025194932583 783.9978324495344 624.2137655749652 762.3139515995238 861.9754551655215 693.9156805029493
          954.5343611068221 813.2282805534325 745.1505720488956 857.6232469451879 941.1529210567065 976.0493252443827
          887.4326083037095 640.9353244338369 866.194465497248 965.798177955797 797.7071306748345 895.6172011285607
          881.5479749085569 939.9317230947565 962.1825104030104 854.594770925242 964.0003489477393 888.5395410608837
          846.9427215908092 517.7435421170533 700.2129224843385 737.7526992245229 500 500
          500 892.6788148944382 860.8760890057423 961.3031604965098 902.4794334908189 500
          500 500 949.0007678878474 546.3012314537539 843.3132158072971 519.1028796985908
          887.5000199241736 808.4945908146373 999.9824706290993 835.2688128149813 658.7005954114928 744.9161416501345
          758.3940547713518 730.0822907331419 887.2342501920273 890.8394148700387 635.3261429324132 850.4001801371933
          861.7564942120187 949.7247913989615 500 706.3267278365852 829.2541163984788 750.2383014624925
          811.6580000830521 911.8805167454788 681.8489175212753 914.5327366101718 834.8692383451496 885.580653788375
          908.3513135962572 703.913404151011 831.4165815437212 697.596323368451 524.3701701211894 938.942625018659
          972.3946683493805 683.6404620528776 650.2361026536081 500 816.4129339796883 526.1184728114704
          500 685.0423473622742 955.3212428779453 895.7867916261716 867.6493134651818 662.5494141234022
          504.5743132069197 500 676.3964717335673 849.327592190138 976.1509276789122 910.5920213067118
          500 920.3367649201695 987.8158169593617 500 799.6300572326751 711.8708228163676
          999.9071209414706 769.7460887667704 660.4846544593175 849.7137105026901 913.164141368272 953.444267823403
          788.438281196188 857.8331419868497 873.7101078505852 565.0299084551045 652.7113384732334 643.3249249918128
          737.2195684489083 783.0591511140419 703.8454416372624 809.1454224151039 810.0767389982923 871.0011860644668
          812.5963238283508 712.433965283027 880.9572640706183 811.3179247259037 658.459246831686 857.751109528586
          673.2396861384932 841.1822149689452 556.4917470271414 805.2600386860312 611.5773691543245 787.5907553686068
          508.7350276152368 577.4307096062929 680.6706242359928 704.8439082721696 724.4931210400136 879.4638826501945
          843.7943443795294 500 500 765.3116399526999 749.3076599507668 877.0393416059372
          980.5972228175049 686.4498277803203 945.3489223548323 974.941223626524 671.490446773275 842.2084609725713
          847.639261776508 654.723915882982 914.422369334772 910.6426983094677 721.8457174430212 899.622603828462
          867.143219194557 991.3827621698856 671.6435713002635 715.9881067398444 873.9124049211531 932.3121359480112
          746.7043976693061 765.807788818615 500 500 817.1996961860358 948.1374839337549
          834.3822915395946 851.9115239190601 953.485401091861 894.1347848204128 834.6578707262853 770.517998354462
          868.8869676345763 606.8331577940816 500 791.3061768131961 706.5471273771356 903.3946042401394
          858.057103883964 500 500 500 730.2823426533763 587.0620552927389
          974.0672399364586 843.1608375959755 500 500 500 950.1894465124495
          711.2998224887292 999.8306945301556 752.1809582234814 607.6873392086172 515.9716456539167 923.989967991707
          779.4695780155356 500 688.9687924366107 669.1134460859271 922.7577014481643 544.5425805404303
          817.7110731568347 827.467277259965 771.1620467886389 683.3630017293941 689.0586999707053 879.067667428557
          703.7750763103102 928.3685804174238 812.2312957608667 863.9680570808644 763.9361199230202 682.4222182737849
          915.6101987899112 770.077991815614 859.0174351199045 915.309291340348 817.6474982860813 738.2936202807385
          806.8313332453887 696.8333289553947 720.6981311566665 984.8712482808046 909.5906715399539 820.1938947702913
          986.3855605996779 911.5700182577464 500 500 500 999.4134844212065
          776.5867498526364 910.0114544377423 939.2672972568828 500 500 500
          898.9187842703277 608.4030417337689 747.3466609706331 500 957.0873130295333 976.0694139789256
          963.6927944463712 500 604.4791020500041 873.3261268062079 830.1164637409972 828.5734271030642
          741.4933492395556 765.9729040298344 935.6795771973631 893.6217212928507 838.6385367571997 874.560348716968
          623.2761116316694 879.5067867928761 898.2437716444884 956.0421596153096 939.0838976848042 752.9080963003773
          911.9387090800611 965.1944506712954 819.2583126676471 930.3144340093429 978.7199121752114 778.6097836069341
          856.5595622021006 889.0617227769876 576.8712097852239 992.8865592312266 835.1651438572778 522.1844638867476
          597.6799466524878 932.6536849117795 978.3067196619016 500 500 500
          802.3602244807817 807.4628820276864 777.4568954879085 995.1474820619409 500 500
          500 994.2807503223376 704.0499775237846 644.9403622756123 649.775292969832 635.9487720445327
          943.5755559859198 982.8605651827742 508.2400078846965 884.8611628624724 588.8488702418842 906.1618548473948
          770.472265077515 919.3638192596301 987.6435817737246 696.2633353341894 666.2620900094109 844.6994779005844
          864.9646418563673 702.0037413031405 831.6990398153358 958.9226924674689 904.8754742991756 626.4024691599282
          740.2407956737434 828.1352253232357 880.0184631570579 897.4075978227787 813.2602847537349 807.8806921266588
          884.1343407994781 816.7325473727396 937.1274460700814 766.9391191174079 834.1864570826642 771.1007738951686
          680.6745908797848 635.6803389808288 938.1056731833079 864.4806382662579 500 500
          583.3768139017274 792.1948320727729 733.270429940119 700.807776395941 847.5003161077256 500
          500 500 585.9796083692572 500 671.2190428478733 866.8136303225198
          901.3636743803129 795.6321210867188 897.5890936299503 984.1432210025231 603.5392630705834 631.9282989901391
          978.971751043922 985.7318858568033 871.000094083459 985.3987409402971 888.2669339831635 730.8838153001938
          853.5970145316918 973.8473210013202 941.83876969938 856.195000076483 983.9188068952992 993.3569734564661
          737.9187124172992 957.587789030921 878.4284141590872 970.2910700775219 797.9910113134429 941.0150907676176
          951.4488054834446 845.3703354889346 975.1434782080626 929.1050958296137 500 814.1500835831314
          631.6756816336324 738.7646808371896 704.2755040794191 677.2676638548504 906.9532988527577 500
          500 500 500 629.9687004443957 627.1761023348245 795.8704813775681
          500 500 500 853.3911604688791 768.2599471418345 500
          829.4998602247761 777.4591205479464 500 844.1931844999916 829.7467540198046 959.6487266968875
          980.1725846182973 922.6359822371554 832.1434337002864 604.199637824685 891.0759370069163 779.835404609746
          821.5779609874219 906.3317067714255 938.3836590799434 847.3957390913129 877.9108641962441 895.363836335805
          952.4898540002498 862.5060569374273 948.6329044677528 851.7737107760283 869.881338545451 872.7486771641212
          841.6625610259762 800.9309017888588 976.8970945576369 866.9070432713837 788.1865148016842 631.7049574736619
          815.7063292153074 605.6962416657487 819.114430630252 632.8199291669927 854.1022998710966 817.4111040571034
          500 500 500 500 660.5477701775937 762.6538983787672
          795.0908142424238 500 500 500 811.1007557559097 934.4414757305411
          984.2914196752404 907.4339751276435 500 500 500 500
          666.3221346654093 698.9297789559804 916.6202281311898 500 500 500
          500 588.2022115176419 881.5025082470413 895.85614107585 500 500
          500 500 693.6497647285702 796.3711635066692 848.4250367034095 500
          500 500 554.5975211840936 684.9251646621597 706.899219073406 974.9248228479579
          500 500 500 500 640.2919324343507 833.4112806493079
          803.4894076867826 532.3202142580136 500 669.6422198792543 976.2257087528943 974.7126847181737
          957.2967311905496 779.6315773375135
        </DataArray>
        <DataArray type="Float64" Name="pressure" format="ascii" RangeMin="0" RangeMax="0">
          0 0 0 0 0 0
          0 0 0 0 0 0
          0 0 0 0 0 0
          0 0 0 0 0 0
          0 0 0 0 0 0
          0 0 0 0 0 0
          0 0 0 0 0 0
          0 0 0 0 0 0
          0 0 0 0 0 0
          0 0 0 0 0 0
          0 0 0 0 0 0
          0 0 0 0 0 0
          0 0 0 0 0 0
          0 0 0 0 0 0
          0 0 0 0 0 0
          0 0 0 0 0 0
          0 0 0 0 0 0
          0 0 0 0 0 0
          0 0 0 0 0 0
          0 0 0 0 0 0
          0 0 0 0 0 0
          0 0 0 0 0 0
          0 0 0 0 0 0
          0 0 0 0 0 0
          0 0 0 0 0 0
          0 0 0 0 0 0
          0 0 0 0 0 0
          0 0 0 0 0 0
          0 0 0 0 0 0
          0 0 0 0 0 0
          0 0 0 0 0 0
          0 0 0 0 0 0
          0 0 0 0 0 0
          0 0 0 0 0 0
          0 0 0 0 0 0
          0 0 0 0 0 0
          0 0 0 0 0 0
          0 0 0 0 0 0
          0 0 0 0 0 0
          0 0 0 0 0 0
          0 0 0 0 0 0
          0 0 0 0 0 0
          0 0 0 0 0 0
          0 0 0 0 0 0
          0 0 0 0 0 0
          0 0 0 0 0 0
          0 0 0 0 0 0
          0 0 0 0 0 0
          0 0 0 0 0 0
          0 0 0 0 0 0
          0 0 0 0 0 0
          0 0 0 0 0 0
          0 0 0 0 0 0
          0 0 0 0 0 0
          0 0 0 0 0 0
          0 0 0 0 0 0
          0 0 0 0 0 0
          0 0 0 0 0 0
          0 0 0 0 0 0
          0 0 0 0 0 0
          0 0 0 0 0 0
          0 0 0 0 0 0
          0 0 0 0 0 0
          0 0 0 0 0 0
          0 0 0 0 0 0
          0 0 0 0 0 0
          0 0 0 0 0 0
          0 0 0 0 0 0
          0 0 0 0 0 0
          0 0 0 0 0 0
          0 0 0 0 0 0
          0 0 0 0 0 0
          0 0 0 0 0 0
          0 0 0 0 0 0
          0 0 0 0 0 0
          0 0 0 0 0 0
          0 0 0 0 0 0
          0 0 0 0 0 0
          0 0 0 0 0 0
          0 0 0 0 0 0
          0 0 0 0 0 0
          0 0 0 0 0 0
          0 0 0 0 0 0
          0 0 0 0 0 0
          0 0 0 0 0 0
          0 0 0 0 0 0
          0 0 0 0 0 0
          0 0 0 0 0 0
          0 0 0 0 0 0
          0 0 0 0 0 0
          0 0 0 0 0 0
          0 0 0 0 0 0
          0 0 0 0 0 0
          0 0 0 0 0 0
          0 0 0 0 0 0
          0 0 0 0 0 0
          0 0 0 0 0 0
          0 0 0 0 0 0
          0 0 0 0 0 0
          0 0 0 0 0 0
          0 0 0 0 0 0
          0 0 0 0 0 0
          0 0 0 0 0 0
          0 0 0 0 0 0
          0 0 0 0 0 0
          0 0 0 0 0 0
          0 0 0 0 0 0
          0 0 0 0 0 0
          0 0 0 0 0 0
          0 0 0 0 0 0
          0 0 0 0 0 0
          0 0 0 0 0 0
          0 0 0 0 0 0
          0 0 0 0 0 0
          0 0
        </DataArray>
        <DataArray type="Float64" Name="velocity" NumberOfComponents="3" format="ascii" RangeMin="4.847735720332606e-37" RangeMax="0.9232065012065473">
          -4.459345366536829e-28 -5.058863999058187e-28 0 -4.232979092004416e-28 -4.8019777057361265e-28 0
          -4.557382079793162e-28 -5.170110105688844e-28 0 -0.000004600156107541946 -0.000004500732524407552 -0.7342713478564341
          -0.000004532378612979789 -0.0000044652009888120215 -0.6619695575745458 -0.0000062015651333152645 -0.000005898197971921533 -0.8790523045856556
          -0.000006791777894975896 -0.000005864719934759589 -0.8823193002954741 -1.0331101165205227e-32 -3.0418597104813983e-33 0
          -1.4740944873213808e-32 -4.341351342088862e-33 0 -4.7708600244746945e-32 -1.405607708526858e-32 0
          -0.000007335603671824055 -0.0000031338305012468707 -0.5131091326644899 -0.000008321573703993419 -0.000003644035991535592 -0.6711074643665701
          -0.0000094207250775369 -0.000004781369688948946 -0.9151156961568738 -0.000007083804972418666 -0.000004721911392492997 -0.783459109883964
          -1.094423664281785e-29 -2.688104482698786e-30 0 -2.0817894921300983e-29 -5.1122219517378784e-30 0
          -2.1546639911840446e-29 -5.2911292226027254e-30 0 -0.000007514098346795532 -0.000002188941333695683 -0.1705223028705302
          -0.000007763450363763382 3.6023582320060217e-7 -0.7422915094450157 -0.00000777812620181864 -0.0000013654966009855333 -0.6116358148892423
          -0.000005183741920544364 -8.355417176794456e-7 -0.14854677795243978 -3.585680710307396e-30 -8.807365291167042e-31 0
          -1.2661897663213087e-29 -3.106924209996377e-30 0 -1.1780388165950614e-29 -2.8901707209640273e-30 0
          -1.2657194774592134e-24 -6.526890485593697e-26 0 -0.00000466106815672255 -5.914902585133017e-8 -0.061915215042601134
          -0.000007556111813136453 3.358508110025953e-7 -0.671057098686952 -0.000007077963931007475 6.075017517204809e-7 -0.5284828422496837
          -9.681611058130722e-31 -2.3776909816943182e-31 0 -5.900266947660476e-30 -1.4444366079213129e-30 0
          -5.144608029167467e-30 -1.258583462300156e-30 0 -0.00000644910386362014 0.0000017899633845837147 -0.521312683288164
          -0.0000069084037722075564 5.971458096232653e-7 -0.6297658796717233 -0.000008072079367173247 0.0000018561299039489999 -0.7778686512553877
          -0.000009107580842588993 0.000002562215308331175 -0.8529759310645089 -1.3155200702466674e-30 3.7257524914104337e-31 0
          -6.324724163822857e-30 1.79127426571234e-30 0 -7.872975029234122e-30 2.229767015655884e-30 0
          -0.000005760705533184309 0.0000023003728615438643 -0.5100595868663576 -0.0000072043845987017 0.000003506048138773753 -0.707633673624614
          -0.00000889799654141084 0.000005052254397642166 -0.9190178876784911 -0.000004742069068938828 0.0000028335665614844008 -0.11756644192257593
          -8.536558072937376e-29 8.897754198275433e-29 0 -8.352372152623479e-29 8.705450248621897e-29 0
          -0.000006392445147170057 0.000005047357978451348 -0.5866380394784433 -0.000007129042257441238 0.000005577209933732371 -0.7030906196277141
          -0.000004070479697994393 0.000003034873443114137 0.02860821695139322 -0.0000044418983033073045 0.0000033182927200454483 -0.06775089765296577
          -0.000008123621777317633 0.000005909127506048 -0.7904108080915367 -1.7870063969901475e-35 -9.817176758390826e-35 0
          -1.8711404071956189e-37 -7.5222508910531636e-37 0 -1.5638346257850299e-37 -6.0242426237842356e-37 0
          -6.78348667744493e-23 -2.1939914781883793e-22 0 -7.141771543096397e-23 -2.30788191338324e-22 0
          -0.000004859823336848511 -0.00000739855786332784 -0.6624681417975284 -0.000004808010507310879 -0.0000059070014664306734 -0.6411304207774529
          -5.47321750218408e-28 -6.209449256235331e-28 0 -0.000003345724021550566 -0.0000032745914768997167 -0.3600066443043528
          -0.000004613580637893191 -0.000004488434881849617 -0.5917669618563062 -0.000004916359216225368 -0.00000463696110699819 -0.5957276584858093
          -0.0000076061327552872655 -0.0000030183827524749562 -0.5624771291403258 -0.0000064358060416806465 -0.000006623014785127969 -0.8844273921050608
          -0.0000035233010497586613 -0.0000044008302568646046 -0.2003128598131334 -0.0000069135778777020136 -0.000001962030559574141 -0.3103093212787875
          -0.000008493181520412774 -0.0000025712770193935552 -0.2916058521597155 -0.0000073260937998529555 -0.000002766091348577883 -0.47674342568106887
          -0.000009074936102794047 -0.0000031829527199799108 -0.7444759109077161 -0.000009093864291878652 -0.0000032907600334547746 -0.9198865821080418
          -0.0000055139423349693685 -0.0000011548759595909479 -0.19584265624361044 -0.0000044401935944837665 -0.0000012267697236171082 -0.01830764850594471
          -0.000006591789696776656 6.155376542447494e-7 -0.5591620315594161 -2.234965609894211e-29 -5.488731769215321e-30 0
          -0.000006461276149690074 6.092733078575509e-7 -0.13110696998028917 -0.000008133257503908677 -8.875388244193185e-8 -0.710965615681449
          -0.000006054609241996092 -7.058049735571052e-7 -0.3670465534591591 -0.000004837178484512191 -1.4474490318605593e-7 -0.10806330903355986
          -0.000005692344468785559 6.60937141028126e-7 -0.2811546471667799 -0.0000066119457001055805 0.000002358812143755742 -0.6266659072773919
          -0.000008443306583434851 0.000002824796521804941 -0.9119559683204428 -0.000006470489275025435 0.0000021902349536387283 -0.6020384740932943
          -0.000006889752256845186 0.0000027342538181447768 -0.6638949310346901 -0.000004656970613431616 9.247756293889584e-7 -0.01988227109330724
          -0.000004359978741106202 0.00000166260683606375 0.02859924060631814 -0.00000853744391311279 0.000003434679840878312 -0.7871769197160472
          -0.000008239576257570926 0.000006378478826548227 -0.8513984531571178 -0.000004913446414074669 0.0000038464973903568385 -0.2371439590888418
          -0.000006920296200839962 0.0000054128413328625376 -0.6660522214107351 -0.000007972210033610981 0.000005642329020374158 -0.793959454740641
          -0.000008940993568058362 0.000004900841337327287 -0.885757904259156 -0.0000089836238508575 0.000006355264673823484 -0.8848852178718296
          -0.000004406023738736232 0.000004135271820402348 -0.016970407858181453 -9.526122217279375e-36 5.179640964885657e-35 0
          -4.027065920166e-36 2.0860805907991273e-35 0 -1.4439002692618794e-37 4.627709328232939e-37 0
          -1.067162459988094e-21 1.5309505666494107e-21 0 -0.000008079042287851411 0.000009417942438243324 -0.8556773207478852
          -0.000004109306786992353 0.0000047302312907842016 -0.018219481150708722 -0.000004472389123894404 0.000004382350963749098 -0.06844504506462135
          1.8697680107679513e-29 -1.2597627443671905e-28 0 5.954577285971766e-30 -4.0211463835506455e-29 0
          -1.6158681603691217e-23 -6.035201807682424e-23 0 -1.421122646638122e-22 -5.106561891810754e-22 0
          -1.5606477733316299e-22 -5.222922614004017e-22 0 -3.5153699615785677e-22 -1.2069307029990097e-21 0
          -0.000005030440519882419 -0.000010037164026819871 -0.889280884625185 -6.831957986876803e-22 -2.4670551697140536e-21 0
          -1.5439965151601657e-22 -5.111174366973183e-22 0 -2.320610490177064e-22 -7.704934569232525e-22 0
          -1.1046142951033382e-22 -3.6069561611571274e-22 0 -0.000002592532255480513 -0.000004139394031022726 0.02857038005349222
          -0.000005918567267460421 -0.000008335552435856467 -0.9208236491530074 -0.000004469216324751183 -0.00000537081901224238 -0.44235411314162465
          -0.000005184072884344777 -0.000003433343710245989 -0.3615443458475077 -0.0000051400196191531385 -0.000002601897935567763 -0.281196300026677
          -0.000005014288152359956 -0.000004477078669508422 -0.44110886091707796 -0.0000044811836543378075 -0.000003184217961132398 -0.2390678081319166
          -0.0000062262182829609765 -0.000003678244132302405 -0.5646795445775674 -0.000006473692669711909 -0.0000031879319773375992 -0.6002840660844191
          -0.000008145181866675695 -0.000002749116585908978 -0.8141703515081644 -0.000005582221990116204 -8.259295860855616e-8 -0.445134998948425
          -0.000004624951919708703 -4.6716340141758217e-7 -0.06365237554379548 -0.000005713599704605411 2.1882488575190872e-7 -0.3219171680910746
          -0.000006186029316550458 -7.029250724187467e-7 -0.36352391901020203 -0.000007517845062543162 -0.000003157543343087763 -0.7122027790591411
          -0.000006840479008283204 0.0000019940111954548524 -0.64051777466729 -0.000007746473160735881 -1.384502908152626e-7 -0.7449372214801899
          -0.0000060860540889066 0.000002614997576718454 -0.6015228954073136 -0.000008843906545825014 0.000004781125643643999 -0.8837779101207568
          -0.000006065655356250469 0.000003767282166374505 -0.37932318279194593 -0.0000069864173177199125 0.0000029499978759244227 -0.6094649487668953
          -0.000007997143765300215 0.000004610867546875413 -0.7510149519228309 -0.000005496754433234511 0.0000014961961227357285 -0.44682643367638536
          -0.00000765337339739245 0.000005141582719904214 -0.6780656686687822 -0.000006990742919384138 0.000012785241402690783 -0.77558215219877
          -1.074783378603551e-21 1.5071712538726615e-21 0 -1.175296434773359e-21 1.6622748910264358e-21 0
          -0.000007651844082592733 0.000009105055577664146 -0.7564441761379074 -0.000007570342604501348 0.00000928740604437328 -0.7176032813708012
          -0.000006810316290564387 0.000005662677006797069 -0.5349994641309638 -0.00000437760712755988 0.000003927479581908441 -0.01650546572523398
          3.165558487886063e-30 8.944318171173228e-30 0 1.0150228318840153e-30 2.9858851547059765e-30 0
          -3.129056382177665e-23 5.831188442059604e-23 0 -2.30425337374013e-22 3.400602859912402e-22 0
          -8.991599946311985e-22 1.2495514090918022e-21 0 -0.0000068045891061076495 0.000009870808677885849 -0.6053138333297652
          -0.000006907331137378879 0.000006577934150224089 -0.5766742255307643 2.576533729014458e-28 -1.711503259654972e-27 0
          1.4525489028310017e-28 -9.653035012977386e-28 0 -1.5333890182980827e-23 -8.058599508937531e-23 0
          -1.2406578931389935e-22 -7.09615639210376e-22 0 -6.453983031230429e-23 -2.704267576502065e-22 0
          -1.1259534564105304e-21 -4.78519704895323e-21 0 -0.000002645359894106436 -0.00000599236920903592 -0.1540660796008287
          -8.611463495147552e-22 -6.898421144063248e-21 0 -3.1629482923948704e-22 -1.2770088638740391e-21 0
          -1.1547590970565482e-22 -4.1308038733218673e-22 0 -0.000004118946872423228 -0.000008925533920047024 -0.681630699389336
          -0.000003324924889736548 -0.000006677096318825932 -0.37433232783766024 -0.000004739914312520481 -0.000008165988619619044 -0.7100145886927343
          -2.7174555542413313e-22 -1.3881449586273597e-21 0 -0.0000045126386060196896 -0.000002443290066733152 -0.1548685780800243
          -0.0000036552934778259616 -0.000005393842574928718 -0.3341631024918762 -0.000002581884492103478 -0.000004370458542142619 0.028556901402712474
          -8.962558285903683e-23 -2.911721400578227e-22 0 -0.00000731164744962142 -0.0000035266846707409693 -0.706473121192016
          -0.0000059422055825871435 -0.0000016838647489205316 -0.45495837622521856 -0.0000057631388908610735 -0.000006491365271244049 -0.7070940012856319
          -0.000004890640150323551 -2.742297430795165e-7 -0.24245650127827492 -0.000006550644669194417 -0.000002635154239899777 -0.565635963811622
          -0.000008354938475749229 0.000002611358043707421 -0.7842069312550459 -0.000009514776313794314 -0.000003715935307607701 -0.8502158166280448
          -0.00000822099606485275 -0.0000010413698829727975 -0.8141630747638957 -0.00000756618292047247 0.00000260884169116494 -0.917714861726924
          -0.000004903337080774825 -0.000001514464975487691 -0.2443658481036307 -0.0000028276412667136602 0.0000028163591158653706 -0.01642323213162556
          -0.00000513962150244056 0.0000062230469253094315 -0.6907201801663174 -0.000004308685371313564 0.000004808581270077524 -0.019195113672876615
          -0.000005548767030156753 0.0000018940232136494894 -0.2522442251047623 -0.000008813799562980778 0.000003902252904078998 -0.917565379057935
          -0.0000056415401267426905 0.0000023895760013050285 -0.5978814710918358 -0.000008455929560924753 0.000006666510188726247 -0.9183574942063448
          9.330581484877564e-24 3.110621851699432e-22 0 -4.65078157412044e-22 4.6128151435534405e-22 0
          -2.5782104289950634e-22 3.792408792970069e-22 0 -9.631842492652569e-22 1.2827780203003163e-21 0
          -0.000008443318287930748 0.00001046911663867286 -0.8529181317599251 -0.000007196662547853438 0.000007598629993744341 -0.75995912031835
          -0.000004789532917655917 0.0000036721745172656096 -0.1544837812541245 2.5505445418481525e-29 6.265882083968867e-29 0
          2.3341764607950695e-29 5.675990549976543e-29 0 -1.79538269198085e-23 6.284512544579549e-23 0
          -9.974307568173759e-23 2.503440494379052e-22 0 -6.923970430978433e-23 1.4484123513717287e-22 0
          -5.924321438488932e-22 4.250533273040166e-22 0 -0.000007056413461534775 0.000009019399236087458 -0.8864226835544676
          1.928942574693338e-27 -1.2731325176582642e-26 0 2.0616801773328852e-27 -1.3592319232461894e-26 0
          -1.1192867793003827e-24 -1.4627634623707693e-22 0 -1.4645874465842138e-24 -1.1799278139625826e-21 0
          -2.5241466020535602e-23 -2.210274600418772e-22 0 -2.7958821119628404e-23 -9.730501082674006e-22 0
          -0.0000030785678568579714 -0.000011056103200342896 -0.6907344045566187 1.327287278637315e-21 -1.572767465861846e-20 0
          3.403369065064067e-22 -1.6742939822438603e-20 0 -1.3611569063033876e-22 -3.0218573445214586e-21 0
          -1.0001643209947116e-21 -4.440535497353123e-21 0 -0.0000033215174203422665 -0.000007151450411125557 -0.4075621683980714
          -1.6617048079125679e-21 -8.664822291008242e-21 0 -0.00000404096204754438 -0.00000932864675348553 -0.7135587544594737
          -0.0000031558621769422595 -0.000007687707280902397 -0.7845599383182762 -0.0000029142267375785475 -0.000007148437107663747 -0.32792458548025955
          -0.00000431738172580107 -0.000010786738116386959 -0.8181775363560851 -0.0000059034992301439976 -0.000004681076626775849 -0.6020723293700282
          -0.0000033375933592936314 -0.000006187353634432717 -0.3247385854835665 -0.0000036729171108266614 -0.000005838381601634845 -0.36805966710497545
          -0.0000077578535614741 -0.0000021574341177162785 -0.7850105265467179 -0.000004508925002268559 0.0000016221124086308475 -0.2920823342873481
          -0.000003686951183145678 -0.0000023456286767910274 0.028473167722244667 -0.000006959880198359085 -5.398033040347152e-7 -0.7100516647583581
          -0.0000074754946982635745 -0.000004945083693638961 -0.8130863887756278 -0.000005616789403852526 8.637423841021866e-7 -0.5201186231925448
          -0.00000406699035112346 0.000001231743277596738 -0.15429459313772914 -0.000005235845036537558 -0.000003583906000115835 -0.4909834038264509
          -0.0000019175572809809528 0.000006354702556707207 -0.4938974325168708 -0.000003458361823866613 0.000002898109506241446 -0.017595266606285704
          -0.0000030981036657056255 0.000008861238094164468 -0.8207170735323943 -0.000005347144070280713 0.0000043322055897290655 -0.4956192147889307
          -0.000004607976871004035 0.0000031193956650527977 -0.4601708621630169 -0.000002884371941959371 0.0000035836125180112776 -0.017743495735043604
          -0.000002831243148527837 0.0000035585668543320305 -0.11303177886241947 8.519495283372526e-23 1.90914862096052e-22 0
          -1.7196356265842454e-23 4.1551810237506057e-22 0 -1.1104915287171052e-23 1.2124171537622933e-22 0
          -0.000007004332340386849 0.000010768342525875611 -0.6745410175596593 -0.000004184249952575966 0.000010397949147952813 -0.5786113946212642
          -0.000003478969623778133 0.000008522887149889341 -0.5440176324944539 -0.000004976484713650545 0.000010092452667437494 -0.8855133589805704
          1.625784514883998e-28 3.6447906547887835e-28 0 2.5650274665022827e-28 5.630489060861702e-28 0
          3.4144015855055114e-25 1.7640673555512874e-23 0 -6.33796744258124e-24 1.1010627299394394e-22 0
          -2.2927013408099054e-23 1.0363872819361221e-22 0 -1.2702219338359774e-22 4.27326732062489e-22 0
          -5.122763188084959e-22 3.5032937994340483e-22 0 1.1255303297114132e-26 -7.401082292587154e-26 0
          1.8808842994683156e-26 -1.2353403521493017e-25 0 1.8426875417418514e-23 -1.7120440224652203e-22 0
          2.724982714518178e-22 -3.540244897225232e-21 0 4.552917130226952e-23 -4.233470686555874e-22 0
          6.646245942011465e-22 -5.9863042356978705e-21 0 -0.0000017606246090664251 -0.00000849604997132002 -0.29145566326324396
          7.110184715420272e-21 -5.718199862944118e-20 0 9.638703173784823e-22 -1.428457975584517e-20 0
          4.9559671049155197e-23 -3.3949126023400855e-21 0 -0.000002714396283207538 -0.000007370387655639361 -0.32883189269226865
          -0.000002903228451563529 -0.000014020077587326925 -0.9204187585194434 -0.000002702866401292291 -0.000012602891778852102 -0.8326050768242292
          -0.0000018168457786816095 -0.0000061721822720809755 -0.020956227675095675 6.550698904135358e-7 -0.00000860137256593762 -0.851261969993032
          -0.000002880301494906998 -0.000008371960861968648 -0.496164542293362 -0.000002590679275887752 -0.000005172637403891255 -0.06196190599227836
          -0.000004670216546287333 -0.000004994503518906251 -0.4839477689635653 6.747417564606836e-7 -0.000012023360479348738 -0.7486651134039204
          -0.0000021094385749066662 -0.000006394506892995183 -0.2488582239496946 -0.000007095711452942112 -2.514117473905879e-7 -0.7501329670195059
          -5.972823028031034e-7 1.0622893013179552e-7 -0.14234802076134775 -0.000006588219487118591 -0.000002763620888236956 -0.7505269313049449
          -0.0000038112901412296645 -0.00000855075896314931 -0.677497598619356 -0.000005795754136102703 0.000004890789961399975 -0.46011340329381156
          -0.000006206607065990921 0.000002056295684517658 -0.680506432747669 -0.000006629335479509367 9.499720916170907e-7 -0.6802520217685347
          -0.0000034988923478131596 0.000001048498657392567 -0.06454972715378404 -0.0000013874649536232374 0.0000071791163934386064 -0.6731102361759511
          -0.000003782511674967523 0.000007237787716755379 -0.817282400925168 -0.0000042684606928767545 0.0000063709969669463305 -0.01920698469678243
          -0.00000814454303186435 -3.652055405646534e-7 -0.9178609717420155 -0.0000016513548611347213 0.000008977293538248139 -0.6807709638668643
          -0.000004539696888534614 0.000005970864996613947 -0.818674868991373 -0.00000383075871327406 0.00000654545965568547 -0.8522810111780189
          1.7906579081815e-22 3.3124272357795606e-22 0 1.1828516959349518e-22 3.929829219012289e-22 0
          3.29593186877071e-23 9.364604407466833e-23 0 1.3659476525171243e-22 4.421194257627319e-22 0
          -4.939962201431462e-7 0.00001007856773815957 -0.44217363900827755 -0.0000031467953511625107 0.000013236239212409175 -0.7767120212430443
          -0.00000203263862689231 0.000006508516309225949 -0.30145656138689864 1.977401713752431e-27 4.090163535375232e-27 0
          1.210415817767451e-27 2.5295556062449163e-27 0 4.436029409892109e-24 1.2483355949836632e-23 0
          1.645217074205838e-23 4.779702550595737e-23 0 8.443391925167958e-24 2.8986760340709114e-23 0
          1.4812774940925723e-22 3.2291347140351473e-22 0 -0.0000029632216866916934 0.000012847708627888286 -0.883817054671313
          1.1013080236533833e-25 -7.220751702501407e-25 0 8.965566570813733e-26 -5.879262742578322e-25 0
          5.73680905086155e-23 -4.4520982464096725e-22 0 8.873896389669342e-22 -6.988095989691053e-21 0
          1.5862395975565398e-22 -1.1988525687807072e-21 0 3.788531486147115e-21 -2.907592163292045e-20 0
          -0.0000010983369924894263 -0.000008478121302531687 -0.2758523793398808 2.3940650580628946e-20 -1.8191411699123847e-19 0
          1.1728383267720483e-21 -1.0953346330901596e-20 0 8.48135609687346e-21 -7.117416069894458e-20 0
          3.60346765727091e-22 -2.9473070118676638e-21 0 -0.0000020380728797720858 -0.00001349237156464775 -0.9232065011057043
          6.866977407723787e-21 -5.3281990734196476e-20 0 -4.438047791478864e-7 -0.000009006575253193985 -0.4647285294723563
          0.0000016263098990242912 -0.000007906791926273974 -0.6104298743004517 -0.0000016147714725550377 -0.000005328226362113612 0.028602078252170465
          1.115525949435379e-21 -7.293577307066482e-21 0 2.810081068206907e-21 -2.3332308889805686e-20 0
          -7.955899483575685e-9 -0.00000935235913045823 -0.6815382092089438 -9.225167103441122e-7 -0.000005653433463230259 -0.020587538378047488
          -0.0000016768857516007127 -0.000008827131684524535 -0.7134503061151871 0.0000028786771695030916 -4.5885282661601667e-7 -0.3609331578905187
          -2.713706500116173e-7 -0.000006102741235622354 -0.6080997085143119 -0.0000030324339660995037 -0.00000221695009364748 -0.2894610058978625
          -0.000005516054366605061 0.000005222547406058821 -0.8860243580442467 5.571493997066617e-7 0.0000048685665420051765 -0.3617441034479859
          -0.000004058904640800709 -9.50406658046769e-7 -0.4165638623912395 -0.0000013496576629528165 0.00000773905943529295 -0.8161225841877666
          2.8165900961395103e-7 0.000007180742971478161 -0.4828539430115509 -0.0000019988014627766363 0.000005787581592430217 -0.4173244362273524
          0.0000013231952687498294 0.00001223069873928814 -0.47715749875400965 -7.398503906546301e-7 0.000006358409955949834 -0.06763722913089484
          0.0000018460017466886494 0.000016446489590821404 -0.8163679837572481 -0.0000012378039623969434 0.000008126435111333993 -0.633271833370334
          -0.000001457156535282705 0.0000042155930034349405 -0.20318765201342992 9.706078048263925e-7 0.000008545380853400832 -0.017475209899438886
          7.389218338907393e-23 1.2865811813884752e-22 0 5.74426254282712e-23 1.0975194052701282e-22 0
          8.892879016991549e-8 0.00000972005178251361 -0.3503801118114212 -0.000002372529594364863 0.000010381819308499872 -0.8852843331593621
          3.751739560607464e-7 0.000010454166934056885 -0.4303545033784664 -9.405654490700003e-7 0.000008350770272323359 -0.5993612505762712
          9.819139422013044e-27 1.9574663255117366e-26 0 8.48143587877657e-27 1.6853624259762764e-26 0
          3.814048184057831e-24 8.300935772702995e-24 0 1.1997944803386208e-23 2.303912857012504e-23 0
          3.819236584604863e-24 8.061481842461219e-24 0 6.688729615474888e-24 1.0768677726072574e-23 0
          0.000001125136593678669 0.000012554896001768449 -0.5584972850835656 3.6021220718349616e-25 -2.3582280101647542e-24 0
          7.820957571473693e-25 -5.120316757190968e-24 0 9.920350957536241e-23 -6.992830096640568e-22 0
          1.439667371143946e-21 -1.0317288522402418e-20 0 2.854439982131995e-22 -1.9834035126622785e-21 0
          6.6867367018667074e-21 -4.562586825036045e-20 0 4.469884950925317e-20 -3.376257329064352e-19 0
          1.5062083095014625e-20 -1.0867689378262253e-19 0 5.740470187270408e-21 -4.280305804478576e-20 0
          2.989710073248928e-20 -2.297830697162153e-19 0 1.3080318209567645e-22 -9.296059536184842e-22 0
          7.601210390827326e-7 -0.000009855829322954924 -0.48087889914304927 -2.1627013975427778e-7 -0.000009387948329382753 -0.40949734503674484
          0.000001827013430100732 -0.000009721416407644721 -0.4889745520432913 0.0000013137159795574966 -0.000007994010846587514 -0.2431035799599619
          -8.104839101535126e-7 -0.000007569151502891933 -0.1641390340338577 2.2614967884085087e-20 -1.7393070047674476e-19 0
          2.2332336274093864e-22 -1.759561620349191e-21 0 1.0365430492754078e-20 -6.354696063018554e-20 0
          9.733360583431186e-7 -0.00001245365428926246 -0.8496070019257272 0.000004019598674395394 -0.000006967386937113309 -0.7456768087411171
          0.00000801190359201686 -2.0439660675769125e-7 -0.8212748351056868 -0.000008708233906462294 -0.000001714389845975639 -0.9200527715336291
          0.000003032208101362367 0.000003865252827347313 -0.27520384564155354 0.000002026329177620778 0.000006602304421527641 -0.4371131146415498
          4.6525828260210415e-7 -0.000002463250335437539 -0.44270627674073354 0.0000020736844810419227 0.000002135031118292813 -0.40058176258118816
          -0.0000035390283277742998 -1.1820482306342961e-7 -0.01693969194032059 -6.631447369704103e-9 0.000007714093302741106 -0.3223364375028558
          0.000004814712022607368 0.0000017628448873037214 -0.33221069813009657 7.056129580413426e-7 0.000008435597578081678 -0.5621365912203703
          1.1823723613627428e-23 2.5210788153412315e-23 0 1.8244518683310908e-25 3.423047801658851e-25 0
          -3.7318794727229636e-7 0.000004827183131151555 0.02846307026672441 5.532677328975693e-7 0.00000616725980413073 -0.6736068093878398
          3.4704427401091097e-25 3.456740301870209e-25 0 7.304476778029609e-25 1.0368215558645778e-24 0
          1.2870072333978659e-22 2.1583451537000764e-22 0 1.1772935220708757e-23 1.8737815783755802e-23 0
          -2.225986226540661e-7 0.00000789403978420028 -0.3259271961197886 5.236390887843122e-7 0.000013004333173311888 -0.8200239571864041
          -8.169559270224492e-8 0.000006018276455475683 0.02851274530718077 1.737598625751327e-26 3.467078918828155e-26 0
          9.966735591440741e-26 1.9328598982715676e-25 0 1.1889637886140598e-24 2.3320024366039644e-24 0
          1.5426298179559988e-23 2.48541703957023e-23 0 1.8902938920341927e-24 3.3720404190850475e-24 0
          2.6146788324246357e-24 4.287589658146266e-24 0 8.097879817061037e-7 0.000011062684827329497 -0.4470847350429856
          1.0640077776533868e-24 -6.944875778235447e-24 0 9.885525087388393e-24 -6.466873951840883e-23 0
          8.722535424464553e-23 -5.735840845494547e-22 0 2.5195482719872835e-21 -1.656077192203086e-20 0
          6.157971008010752e-22 -3.95198607205158e-21 0 5.7919837489120285e-21 -3.670554954409979e-20 0
          0.000002437037738412306 -0.000013318012399650414 -0.8525096691926761 4.0903427245026084e-20 -2.467717126272217e-19 0
          6.255430476016489e-20 -4.425328943617628e-19 0 1.2482534297792505e-20 -8.31731400161845e-20 0
          6.91543718883355e-22 -4.445813143705797e-21 0 0.0000037288693157231033 -0.000013945899517082171 -0.9207583474280893
          0.0000029024629561682195 -0.000009364864737882624 -0.4661520982969731 0.000003866465295408569 -0.000011575955658760131 -0.8201536139327474
          0.0000044003358768172 -0.00000458564100604212 -0.15301997446882434 0.0000025826344325108596 -0.000003206928111999685 -0.5241734380205239
          0.000003240110505886995 -0.000006806985610776473 -0.20126810415874502 0.0000026922174663744947 -0.000005484276764742346 0.028558795547676638
          0.00000562998381608709 -0.000006750129559918493 -0.7784500726591747 0.0000027349513744071493 -0.000008230538067447102 -0.34048144677103387
          0.000004761353448439033 -0.0000035993536308873025 -0.5297295119806245 0.000011555759142176672 -0.0000016329465928751048 -0.9197288789198051
          0.0000014670848578266598 -0.000004024648990234042 -0.021673510293031373 0.000009432497261682435 0.0000012365813252701074 -0.8534114752114602
          0.0000062759144412670785 -0.0000041466021636845565 -0.4482468763541859 0.000010798454870417795 0.0000026475921266538445 -0.9198717889513857
          0.00000530734529630858 -0.0000017410271462130315 -0.1631283882639501 0.000005508231095452719 -8.116745258082431e-7 -0.6810760723091285
          0.000004436858009845757 0.000004688104335553208 -0.2345650876844698 0.0000019694627419302427 0.0000034948571267944003 -0.270599063580601
          9.994281940770973e-7 0.000007104746939416538 -0.06659053600527975 7.498142053560258e-7 0.000010707251646108505 -0.4920633689082738
          1.5626369809200585e-24 4.013830913615711e-24 0 0.00000300395709231525 0.000011748532543614646 -0.884859341154366
          0.000007014609921308418 0.000003077851378264909 -0.9176811633801083 3.5705746371806366e-25 2.892967028350897e-25 0
          9.461414811446865e-7 0.000011427160010830224 -0.4189829233303243 4.0249809592024325e-25 4.271297463400193e-25 0
          1.7755326362113544e-24 2.901298544629939e-24 0 0.0000013020970729936463 0.000016420507200285242 -0.8867354663804391
          0.0000011053862773408563 0.000012229762262974525 -0.5697947998694174 9.035019707124095e-7 0.00000849261228109449 -0.40509024133502824
          5.534370287490796e-27 1.1697766551884439e-26 0 1.2198724663312222e-25 2.3731922947381665e-25 0
          3.45938627544961e-25 6.475160888169091e-25 0 2.476045999879487e-24 4.063693978355595e-24 0
          1.0155831357933445e-24 1.7560084102909393e-24 0 1.5833864033352592e-24 2.658315932527372e-24 0
          9.603726854479198e-7 0.000013746665887194541 -0.7155700501803999 3.104375729948768e-25 -2.0194793917561342e-24 0
          1.2400735760184107e-23 -8.038643078772569e-23 0 4.8612698153170507e-23 -3.1239612492102503e-22 0
          3.637056075098617e-21 -2.222257981660226e-20 0 1.6561607363540063e-21 -1.0033800951023428e-20 0
          1.5985161724783996e-21 -9.257777830976838e-21 0 1.3358285093825448e-19 -7.523492308409703e-19 0
          9.643082253203272e-21 -5.305108383148769e-20 0 9.167974479810892e-21 -5.389237574163947e-20 0
          9.628047385928634e-21 -5.788059162651822e-20 0 4.876168277685133e-20 -2.689580166408753e-19 0
          1.5157610567430292e-20 -8.232155619169918e-20 0 0.0000041297576406463364 -0.000006691119992174277 -0.33193954451690827
          0.0000030398215795963583 -0.000005637175229957208 -0.10749848391586109 0.000010803381208975234 -0.000005533799997506327 -0.9222459189911206
          0.0000043906858607000695 -0.000007111905170982774 -0.4949873924094956 0.000004702626314879607 -0.000007727967144726385 -0.5310730643749677
          0.000008596613793447548 -0.000004300966196032382 -0.6094916577631153 0.000005004890493647156 -0.000007345754438364308 -0.5295490378632477
          0.000004333615129901559 -0.000004302779705569211 -0.11082876442823927 0.0000059806014111029536 -0.000006318540969034898 -0.6017009841551855
          0.000009806710645632835 -0.000001991688114876773 -0.7903872718206347 0.000008641864156572164 -0.0000055133950331954856 -0.7482970504124065
          0.000006468022423780381 -0.000009834309134007183 -0.8872096558218396 0.000008234500143862761 8.617928400654389e-7 -0.49671411048597963
          0.000011010169159283799 -9.05845221478136e-8 -0.9195801791723079 0.000006289878616596282 0.00000588291574241992 -0.7146800901679126
          0.000006710768619505822 -0.0000028891515837077875 -0.24561260889156658 0.000004958442429545989 0.0000034208318854320515 -0.14939594535656908
          0.000008464245419401743 0.0000027529812346883134 -0.6761306794238474 0.000009080065861087239 0.0000035809328437293904 -0.7417260884852658
          0.000005445811539834146 0.000008782838762501718 -0.7382093600478973 0.000002906139909587592 0.000006010512003478304 -0.27588290422160083
          0.000008582753687287046 2.432528581504877e-7 -0.5329426904300655 0.00000704953969906901 0.000001001176674867675 -0.3296500219176941
          6.206972627370935e-7 0.00000788251093340732 0.028590669058584248 7.087222052000957e-25 1.1149339562504278e-24 0
          5.0692780086966925e-25 8.691411452678924e-25 0 0.0000013197084152421938 0.000009264634786315995 -0.11855417992865801
          0.0000042684150029457975 0.000017613564665052704 -0.8213680113326822 0.0000025987081804687987 0.000013788180698325981 -0.8126110412884399
          0.000004632249582422083 0.0000075426888327509235 -0.5529893913996335 5.923001761574921e-28 1.402050237439593e-27 0
          5.261623198167055e-26 1.0708078138628912e-25 0 1.1090335975619324e-25 2.1951451184497227e-25 0
          2.724940226691002e-25 5.078946068552936e-25 0 3.238549845593051e-25 5.975467209834706e-25 0
          4.573330199515268e-25 8.068348379458473e-25 0 0.0000014909679576692735 0.000012941065391817131 -0.7093117144074588
          2.763425375432429e-26 -1.8014279177890549e-25 0 8.841534975357546e-24 -5.497573011268192e-23 0
          4.1892557560240945e-23 -2.4789255359535387e-22 0 3.2949637519529282e-21 -1.8777659430384192e-20 0
          1.2333023933317298e-21 -6.944816506028155e-21 0 1.3233662101236964e-21 -7.34481197488916e-21 0
          0.000006384216808769767 -0.000010968243265565478 -0.8905674749495863 1.813123073970916e-20 -9.865955867659314e-20 0
          1.069652265572512e-20 -5.947518585113316e-20 0 4.9979154923427194e-21 -2.7567472791256146e-20 0
          7.893023128161611e-21 -4.267668632741557e-20 0 0.0000035473555948657263 -0.000004293390026081273 -0.016997240281884138
          0.0000026854772538239156 -0.000006311117557787088 -0.06561403679722298 0.00000621130874656712 -0.000006411172231546628 -0.6330019123493859
          0.000004728547380539823 -0.000002516990098862697 0.028572939213151086 0.000004064914762207427 -0.000006296046923040026 -0.32698910758469524
          0.000005375274823937132 -0.0000024816566644130868 -0.10010041602781927 0.000004585235210527568 -0.000005796532605414209 -0.2933570992696015
          1.0175967583386261e-22 -5.293501241213335e-22 0 0.000006236959057232246 -0.000006190193844228807 -0.6014524997639787
          0.000005854349325437918 -0.000004722715721326228 -0.44340519990016114 0.000010682180438189652 -0.0000010940888678820412 -0.8525801289218502
          0.000008333097267499019 -0.000001834196276023353 -0.459757062363664 0.0000053367339877044195 -0.000002120883387169547 -0.05793720712922877
          0.000005752933980724713 -4.9657212895732055e-8 -0.11164065198045252 0.000009845700270798035 -0.0000023824910394335384 -0.8241125031932363
          0.0000068797975598760005 -3.420696563123263e-7 -0.25022280594277396 0.000005835947226574672 -8.995370113235526e-7 -0.1617659662017107
          0.000008799001724381205 0.0000022475560193410215 -0.6787782318763839 0.000007322146187129178 0.0000057364716339644876 -0.7088620609809281
          0.000010489804013170878 -4.2925691856897756e-7 -0.8203621213063298 0.000005092467073225635 0.000008017248647153753 -0.5571319807229975
          0.000003957625806529706 0.000005675364655245804 -0.27871712071116683 0.000005930577930737529 9.153459074872073e-8 -0.11328187317409119
          0.000005900563572713739 0.0000010851276958680019 -0.10965238217908235 1.2660341741855494e-24 3.1767930348855566e-24 0
          4.891374485655979e-25 7.668552982550122e-25 0 1.0258700002394893e-24 2.498110529825064e-24 0
          0.0000029039389873177974 0.000010762468395961972 -0.2105734206282186 9.343637046656488e-25 2.3923639608903474e-24 0
          0.0000037838269224981372 0.000009630152950619017 -0.6654355546783783 0.000004485079894964045 0.000004606685829171169 -0.15510449280223781
          5.09525379977929e-29 1.4288944915327213e-28 0 1.8672965692279354e-26 4.122649414249167e-26 0
          9.869855854455948e-26 1.9395597550898485e-25 0 1.701559751454929e-25 3.3424709806856754e-25 0
          1.614578685310381e-25 3.248150211547228e-25 0 5.005338537382249e-25 1.0068182178552864e-24 0
          0.000003045854928789223 0.000013376993598553848 -0.7765792512699579 1.827276845264656e-27 -1.196217657269446e-26 0
          3.0433025322612854e-24 -1.8227865026604696e-23 0 2.414147644522379e-22 -1.3429456648019536e-21 0
          2.9161961153709698e-21 -1.5911225531740868e-20 0 7.3576982731295005e-22 -3.984163900250008e-21 0
          0.00000643561713622175 -0.000008199417600842656 -0.6773040473685169 0.000005569453890769943 -0.000005714032349186022 -0.5240531802848177
          6.00375482840435e-22 -3.2163916900515585e-21 0 7.894143311390163e-21 -4.3001165445186934e-20 0
          6.520460705881408e-22 -3.493932693800307e-21 0 3.3547862356669256e-22 -1.7894094023449022e-21 0
          8.900513035563969e-23 -4.628529876187493e-22 0 0.000007240960503044247 -0.000009224920789178252 -0.8130145336264147
          0.000005738185008344297 -0.000005478895899994175 -0.5997600399457486 0.00000504684976540673 -0.0000018492370712577182 -0.15214841481217878
          0.000003982161884999025 -0.0000041398023480123195 -0.10728915935891369 0.0000049412625206094055 -0.0000023539247464972153 -0.10199382027072573
          0.000007689826608162676 -0.000003214341154576384 -0.8845499687725046 0.0000058257739890473404 -0.000001803937802631105 -0.06924702473794148
          0.000005173842086846558 -0.00000351581979111694 -0.32267170195767436 0.000005016955676014345 -0.000001722782365975284 -0.013114859931799033
          0.0000072953529893096025 -5.135271954847159e-7 -0.5277679336135621 0.000004881013231180073 -0.0000012103032639170768 -0.016182889642664892
          0.000006391563171378971 -9.862871341715086e-7 -0.40539078659799505 0.000007814163041029152 3.5059477346555485e-7 -0.6402926707975094
          0.000008233889397745965 -0.000003834539483561102 -0.6580533658194786 0.000005445960768251348 -7.773408743633481e-7 -0.1069641538850363
          0.0000104279199154082 -0.0000011449158108194555 -0.8540812282809742 0.000011647177116721316 0.00000230740949079134 -0.7860217194903645
          0.000009156801169173382 0.000005593277986673126 -0.8534545604850894 0.00000772866118551625 0.0000013740923445841453 -0.28738821720045227
          0.000007865159171690434 0.000002554710161477527 -0.2797456906697807 0.000010320023764330955 2.107165832156424e-7 -0.8195146062098808
          0.000007617993194672526 7.464390184493056e-7 -0.32751645093747556 0.000011279516643351484 1.2089471204962248e-7 -0.819306955284109
          4.622481437186516e-25 1.1947070527971596e-24 0 1.287426913440282e-24 3.2961019918946987e-24 0
          3.505647613299312e-25 8.938580239160179e-25 0 0.000009205299922337473 0.000010535197681185106 -0.7534809863084345
          0.000005384275446003899 0.00001540373115538176 -0.6544673832234371 0.000007277183690426647 0.000017155136717794062 -0.8876206593954536
          0.000007478487479288483 0.000004724914859084647 -0.32752440972778807 3.7425630866946475e-30 1.3528393546877337e-29 0
          3.2314228559071026e-27 7.617167556124347e-27 0 8.789701782858192e-26 1.7016726090965166e-25 0
          4.4600744911361805e-25 1.0955830709097189e-24 0 3.277104803037643e-25 8.361448803125179e-25 0
          0.000008578394505042954 0.000017175382061432212 -0.9213499204350456 0.00000827704161388055 0.000007851860217403588 -0.6425710194282933
          1.0574084633583451e-35 -4.456558230650899e-35 0 5.606179225158991e-37 -2.4575848737541617e-36 0
          5.871351858432571e-23 -3.151895059751553e-22 0 1.5349455407231422e-22 -8.108148037946292e-22 0
          1.6856248085784761e-22 -8.895448603358351e-22 0 0.000005235969145008503 -0.000006460768039089314 -0.4452362350787964
          0.000004706984026277622 -0.000005150782106324475 -0.369995135492272 0.000003957676402971301 -0.000003848267489380853 -0.5079807750014135
          1.6468352634721426e-23 -7.686676348985554e-23 0 0.000005033560665833908 -0.000003975990385076894 -0.6041784417537489
          0.0000065064814144563085 -0.000006651504932381848 -0.9183955588779789 0.0000036335064373518033 -0.000003580823006410025 -0.06165943755902689
          0.0000048927244345531744 -0.0000040510233412093574 -0.4395091195879588 0.0000056198242412918834 -0.0000034076158596726935 -0.5205898057046776
          0.000006352781345764211 -7.836976779191206e-7 -0.8489830058842591 0.0000052552860760704945 -8.388816408970156e-7 -0.6190916888327422
          0.000006955212250974226 -0.0000014639504101642437 -0.8168274654646529 0.000006707695642812495 -0.0000021093280873565155 -0.8512025284409218
          0.000006400148090956044 -0.0000012673834921836765 -0.7838078771625542 0.000005311597118849675 -0.000001102884178696031 -0.28595479273979757
          0.000006911702941562535 -0.000002158551908305247 -0.7497496643305654 0.000006983963814376148 2.5646307201876974e-8 -0.8497913244390259
          0.000005607843485046112 -3.0725003417769093e-8 -0.6044907565335752 0.000004668335645858531 -3.77261208686307e-8 -0.4106784258401065
          0.00000793244831298545 9.134022474330961e-8 -0.747094468068468 0.000007130616749414716 -7.326214335344163e-7 -0.9184296847206163
          0.000007371720891880284 -0.0000013880667001095311 -0.5343917936171215 0.000004731321702667619 -4.502268550318143e-7 -0.15125088976932533
          0.000008352330695648163 0.0000011580383496526896 -0.8844851554329103 0.0000064018590612227986 8.444020787953327e-7 -0.6028287276684527
          0.000006413034574957583 0.0000010408345251371558 -0.5266217362337755 0.000010469103319996841 0.0000020968916794144327 -0.8186029365752394
          0.000005145460249350134 6.048983691848244e-7 -0.15399388783378196 0.000005438146260008923 4.590444904902249e-8 0.028582928749536916
          0.000010025990159909115 0.0000017512842425724004 -0.7870109021345602 0.000005649069376680407 0.0000034334775967467534 -0.9194133667271644
          0.0000034779298858107245 0.000002779885254112363 -0.6026855967397889 0.000009477020735696867 0.000012220494758465767 -0.7573624332268588
          0.000012997147035502954 0.000004525136827216418 -0.8872707526063959 0.000008221273689244382 0.0000029678144354468693 -0.8537165423791162
          0.000006560031242463926 0.0000030981715547633234 -0.2411271433229235 0.000006672089855880002 0.0000032063612292424414 -0.06164951893748781
          9.372169312046624e-28 2.4254405283747923e-27 0 6.148863913156362e-27 1.5877644462600442e-26 0
          5.1133556802657914e-26 1.3161866272362483e-25 0 2.479691749314361e-25 6.3611897755416445e-25 0
          0.000004840870194287848 0.000007961459051571126 -0.06644441619181854 0.00000555150968881893 0.000008101025002593238 -0.1612312422338144
          0.000006216308268062582 0.000005573512115916348 -0.10787655114621802 4.157043621400948e-25 -1.4672126820253386e-24 0
          1.340160325307628e-25 -3.3875237478346935e-25 0 0.000003919399690584284 -0.000003956728678472203 -0.5755097681271965
          0.000003863421615132898 -0.0000038530255741849005 -0.5071764133313239 0.000005162764750462172 -0.000005137408925110157 -0.8501987549520408
          0.000003305330211129485 -0.0000032133040182748933 -0.27846646527206864 0.0000033810731257310144 -0.0000029263878840858507 -0.15323831394281578
          1.1147824320429999e-32 -2.6214093868423693e-33 0 1.1417840136715701e-32 -2.6849275410830194e-33 0
          0.0000030714250226969055 -0.0000010227416640963717 -0.20649131949684724 0.000004185933120351239 -0.0000013076581219206295 -0.3051316453730996
          0.0000037568337429839245 -0.0000013253493198459508 -0.15473831766308557 0.0000047765972255665834 -0.000001906278203533487 -0.45148071228797204
          0.000005392946160186691 -0.0000020229139977473007 -0.4917819968879983 3.792516921935453e-35 -8.459844447921706e-38 0
          2.6141074649153776e-35 -9.82468373341642e-38 0 1.5713700458984848e-21 -9.24608422848767e-23 0
          0.000006168146786765825 -4.148467523115219e-7 -0.886682846394582 0.000004091979171510369 -3.3973919290179805e-7 -0.3473988960455159
          0.000006316410285559936 -4.179880099480366e-7 -0.8513022562833191 0.000008229936333013567 -0.0000015972821927502348 -0.8860243508028236
          3.987200179333772e-35 2.5267729554042693e-37 0 3.0503228511287493e-35 1.66485869532556e-37 0
          6.192423230452283e-22 -3.6436733333879067e-23 0 0.000006286960379181841 6.594608753200812e-8 -0.9224251868318274
          0.000003839730474981657 5.2714575085927085e-8 -0.25873829799109876 0.0000054672718094162335 3.897147788505057e-9 -0.6906838713489766
          0.000005123201062578013 -6.499964348538924e-7 -0.32862671192971954 4.0648822444440173e-35 6.243141061631896e-37 0
          3.139327012935429e-35 4.898991756699127e-37 0 2.3339031161426415e-22 -1.3732827754491044e-23 0
          0.000003071949317471319 3.0747653526976467e-7 0.028580624650674135 0.0000040611131178683595 4.7381738279913236e-7 -0.24763201259172107
          0.0000051197306544075295 5.557584204461966e-7 -0.5371005757194567 0.000005483040837497186 1.7346104450026393e-7 -0.28421603793371975
          1.3434117062329957e-32 3.1394882113165606e-33 0 1.3542450491526298e-32 3.164812091904189e-33 0
          8.020884697562679e-30 1.895744057864403e-30 0 0.000003715276360056957 0.0000010775744683091448 -0.4054189795824914
          0.0000050928478235843385 0.0000013328819966866084 -0.15498446204159444 0.000005938466060144301 0.000001666125551927253 -0.2815842890732484
          0.000008415715106090095 0.0000024237342422525146 -0.5357308666750039 0.000003997185967596582 0.000003481171472524713 -0.7716962636441561
          2.9933898929409467e-29 2.944779315798971e-29 0 0.000003921407347617907 0.0000034010249675954148 -0.7733698907585925
          0.000002114539283161034 0.0000017418643981904414 -0.01721511771093596 0.0000025097778981189897 0.0000020165488392179173 -0.19734768418106938
          0.000002852131897041855 0.000002238617305249146 -0.327179142289576 0.0000064839224142875085 0.0000020799151048974356 -0.4512140811479099
          <InformationKey name="L2_NORM_RANGE" location="vtkDataArray" length="2">
            <Value index="0">
              4.8477357203e-37
            </Value>
            <Value index="1">
              0.92320650121
            </Value>
          </InformationKey>
        </DataArray>
        <DataArray type="Float64" Name="speed" format="ascii" RangeMin="4.847735720332606e-37" RangeMax="0.9232065012065473">
          6.74372790517385e-28 6.401335944920664e-28 6.892007684714648e-28 0.7342713478846375 0.6619695576051216 0.8790523046273188
          0.8823193003411056 1.0769612889233984e-32 1.5366938121518718e-32 4.973614219398284e-32 0.5131091327264962 0.6711074644280562
          0.915115696217856 0.7834591099302184 1.12695262280143e-29 2.1436407400452154e-29 2.218679201553925e-29 0.17052230305013466
          0.7422915094857011 0.6116358149402235 0.14854677804523653 3.692262584106267e-30 1.3037508599435043e-29 1.2129741635203406e-29
          1.267401209389007e-24 0.06191521521807541 0.671057098729577 0.5284828422974304 9.969303239712872e-31 6.074499746313099e-30
          5.296321752438178e-30 0.5213126833311276 0.6297658797098983 0.7778686512994849 0.8529759311169798 1.3672619981167863e-30
          6.573492165010013e-30 8.182639962447998e-30 0.5100595869040762 0.7076336736699733 0.9190178877354539 0.11756644205235921
          1.2330565822603616e-28 1.2064285499239117e-28 0.5866380395349851 0.7030906196859773 0.028608217401950162 0.0677508978798375
          0.7904108081553713 9.97849444397163e-35 7.75147888414787e-37 6.2239117865714464e-37 2.2964658763835267e-22 2.4158575980093073e-22
          0.6624681418566682 0.641130420822693 8.277280343927928e-28 0.3600066443347923 0.5917669618913125 0.5957276585241423
          0.5624771291998516 0.884427392153275 0.2003128598924617 0.3103093213620063 0.2916058522947361 0.47674342574538325
          0.7444759109698307 0.9198865821588782 0.195842656324638 0.018307649085491633 0.5591620315986092 2.3013763364025752e-29
          0.1311069701409187 0.7109656157279757 0.36704655350977455 0.10806330914191878 0.28115464722518124 0.6266659073167126
          0.9119559683639037 0.6020384741320496 0.6638949310760708 0.019882271660208898 0.028599240986986917 0.7871769197698375
          0.8513984532208809 0.23714395917093856 0.6660522214686805 0.7939594548007146 0.8857579043178401 0.8848852179402537
          0.016970408933981086 5.266512182660082e-35 2.1245952156969714e-35 4.847735720332606e-37 1.8661847050953964e-21 0.855677320837854
          0.018219482228167758 0.06844504535103554 1.2735629141257479e-28 4.06499546672423e-29 6.247774865593981e-23 5.300619202666946e-22
          5.451104668255741e-22 1.2570839198356538e-21 0.8892808846960568 2.559905800953882e-21 5.339291024886212e-22 8.046816125852152e-22
          3.772307714046669e-22 0.02857038047098415 0.920823649209756 0.44235411319680623 0.3615443459009762 0.28119630008569213
          0.4411088609682981 0.23906780819512097 0.5646795446238727 0.6002840661277916 0.8141703515535491 0.4451349989834346
          0.06365237571353323 0.3219171681418534 0.36352391906351494 0.7122027791058189 0.6405177747069206 0.7449372215204799
          0.6015228954437862 0.8837779101779396 0.3793231828591506 0.6094649488140781 0.7510149519795637 0.44682643371270026
          0.6780656687314678 0.7755821523356562 1.8511414044914437e-21 2.03579948003921e-21 0.7564441762314058 0.7176032814708329
          0.5349994642042781 0.016505466773024436 9.48797070439233e-30 3.1536933120294656e-30 6.617684828522456e-23 4.107758929299184e-22
          1.5394373712199158e-21 0.6053138334484931 0.576674225609648 1.730788452809033e-27 9.761710059046154e-28 8.203188887675656e-23
          7.203795357240732e-22 2.780216195729112e-22 4.915880590831466e-21 0.1540660797400755 6.951962839093826e-21 1.3155964645044088e-21
          4.289173488224252e-22 0.6816306994602181 0.3743323279119775 0.7100145887555148 1.414493574766363e-21 0.1548685781650434
          0.3341631025554001 0.028556901853864978 3.046538367535758e-22 0.7064731212386545 0.4549583762671402 0.7070940013389145
          0.24245650132775506 0.5656359638556918 0.7842069313039005 0.8502158166894052 0.8141630748060674 0.9177148617618222
          0.24436584815751777 0.01642323261653113 0.6907201802134726 0.019195114758757716 0.2522442251729029 0.9175653791085638
          0.5978814711232274 0.9183574942694711 3.1120209317025164e-22 6.550407071226501e-22 4.585796928471169e-22 1.6041332074981413e-21
          0.8529181318659681 0.7599591203904138 0.1544837813720155 6.765098354802644e-29 6.137202006904515e-29 6.535938871626794e-23
          2.6948251192873567e-22 1.605400886039626e-22 7.291407107805812e-22 0.8864226836284406 1.2876624565791751e-26 1.3747787722785106e-26
          1.4628062848977484e-22 1.1799287229230872e-21 2.2246408631379015e-22 9.734516982766014e-22 0.6907344046519629 1.5783581396102146e-20
          1.6746398511552587e-20 3.024921369535753e-21 4.55177813302054e-21 0.407562168474349 8.8227211337202e-21 0.7135587545318945
          0.7845599383622883 0.32792458557112325 0.8181775364385816 0.6020723294171685 0.3247385855596629 0.36805966716960764
          0.785010526588016 0.29208233432665487 0.028473168057570594 0.7100516647926735 0.8130863888250303 0.5201186232235899
          0.15429459319624578 0.49098340386744865 0.49389743256147445 0.01759526718483064 0.8207170735860789 0.49561921483670923
          0.460170862196661 0.01774349633137141 0.11303177895389523 2.0906138944696419e-22 4.158737886308695e-22 1.2174922049403786e-22
          0.6745410176819779 0.5786113947298218 0.54401763257234 0.8855133590520673 3.9909490357648326e-28 6.1872265974663e-28
          1.7643977580864306e-23 1.1028853604940146e-22 1.0614440129090456e-22 4.458057576424808e-22 6.206107485884483e-22 7.486176435587622e-26
          1.2495771457289962e-25 1.7219319698013038e-22 3.550716722053947e-21 4.257882642567196e-22 6.023085941073007e-21 0.29145566339239337
          5.762235411665171e-20 1.4317062016692706e-20 3.395274324487202e-21 0.3288318927860712 0.9204187586308011 0.8326050769239994
          0.020956228662791607 0.8512619700367393 0.4961645423723538 0.06196190626234588 0.48394776901187214 0.7486651135007705
          0.24885822404078953 0.7501329670531082 0.14234802076264047 0.7505269313389491 0.6774975986840363 0.4601134033563077
          0.6805064327790796 0.6802520218015008 0.0645497272571276 0.6731102362156658 0.8172824009659697 0.019206986227719162
          0.917860971778223 0.6807709639280587 0.8186748690257334 0.8522810112117624 3.7654521556470698e-22 4.103985358791979e-22
          9.927687675986066e-23 4.627393613373928e-22 0.44217363912341506 0.7767120213622006 0.30145656146401156 4.543077732513969e-27
          2.804239293816905e-27 1.3248114307166487e-23 5.054927862336891e-23 3.0191441539808896e-23 3.552674206269416e-22 0.8838170547696615
          7.304254548695595e-25 5.947229963237213e-25 4.488907280903065e-22 7.04421364898042e-21 1.2093010552714588e-21 2.9321701683655053e-20
          0.27585237947235186 1.834826986691818e-19 1.1015958677546903e-20 7.167771308043498e-20 2.9692538479850915e-21 0.9232065012065473
          5.372267598805171e-20 0.4647285295598433 0.6104298743538258 0.028602078794045124 7.378391971020438e-21 2.350091899775837e-20
          0.6815382092731124 0.020587539174945733 0.7134503061717644 0.36093315790229 0.6080997085449953 0.2894610059222363
          0.886024358076809 0.36174410348117697 0.4165638624120982 0.8161225842255763 0.4828539430650271 0.41732443627227106
          0.4771574989125955 0.06763722943381054 0.8163679839250001 0.6332718334236848 0.20318765206238598 0.017475212015739903
          1.4836767211570781e-22 1.238755168123937e-22 0.3503801119462566 0.8852843332234156 0.4303545035056062 0.599361250635184
          2.189938219539932e-26 1.8867416496570548e-26 9.13523389152435e-24 2.5975991314593826e-23 8.920429226529188e-24 1.2676889359655327e-23
          0.5584972852258145 2.3855800515031187e-24 5.179702449689417e-24 7.062846904166126e-22 1.0417249377548431e-20 2.003838259480291e-21
          4.611325515856955e-20 3.405717584710429e-19 1.0971569436229507e-19 4.318627995042221e-20 2.317198648377296e-19 9.38763389491349e-22
          0.4808788992446498 0.4094973451444139 0.48897455214334146 0.24310358009494565 0.16413903421038165 1.7539476999252087e-19
          1.7736770901581242e-21 6.4386787112221e-20 0.8496070020175585 0.7456768087845016 0.821274835144792 0.9200527715764377
          0.27520384568540185 0.4371131146961082 0.44270627674783086 0.40058176259224526 0.016939692310418634 0.32233643759516195
          0.3322106981696634 0.5621365912841068 2.7845722820707773e-23 3.8789020189092555e-25 0.028463070678503004 0.6736068094162995
          4.898267686330522e-25 1.26828732892558e-24 2.512934822338024e-22 2.2129341247695846e-23 0.32592719621546246 0.8200239572896858
          0.02851274594244624 3.878129086762779e-26 2.1746966615699053e-25 2.6176077351204333e-24 2.925235822259977e-23 3.8657298904870526e-24
          5.021948872038849e-24 0.4470847351805868 7.025910056784694e-24 6.541994708919595e-23 5.801783902141994e-22 1.6751336965997664e-20
          3.9996749846762155e-21 3.715971532563221e-20 0.8525096693001872 2.5013869855214573e-19 4.469322136926657e-19 8.410460678611723e-20
          4.4992763000147304e-21 0.9207583475412529 0.4661520984000779 0.820153614023555 0.15301997460080405 0.5241734380366964
          0.20126810429993325 0.028558796201158785 0.7784500727087995 0.3404814468814976 0.5297295120142509 0.9197288789938498
          0.02167351071636237 0.8534114752644834 0.44824687641730004 0.9198717890185778 0.1631283883595775 0.6810760723318862
          0.23456508777328103 0.2705990636103365 0.06659053639179328 0.4920633690253395 4.3072813858901864e-24 0.8848593412374594
          0.9176811634120791 4.595460963472876e-25 0.41898292348722227 5.868939746052182e-25 3.401477530033595e-24 0.886735466533432
          0.569794800001736 0.4050902414250585 1.2940904017163843e-26 2.668357266543898e-25 7.341325624874833e-25 4.758614561323782e-24
          2.028540027389244e-24 3.0941486873445235e-24 0.7155700503130865 2.0432005531652234e-24 8.133730080463528e-23 3.1615586865880563e-22
          2.2518242173816986e-20 1.016956389966646e-20 9.3947700515447e-21 7.641163152372756e-19 5.392037213370822e-20 5.466662527667602e-20
          5.867590803303737e-20 2.733424892376296e-19 8.370538675579344e-20 0.33193954461003666 0.10749848410664638 0.9222459190709995
          0.49498739248006035 0.5310730644520156 0.6094916578389162 0.529549037937848 0.11082876459649042 0.6017009842180835
          0.7903872718839824 0.7482970504826187 0.887209655899921 0.49671411055498277 0.919580179238225 0.7146800902198038
          0.24561260900023693 0.14939594547801896 0.6761306794824326 0.7417260885494881 0.7382093601202312 0.2758829043023813
          0.5329426904992313 0.32965002199459137 0.02859067015193471 1.3211225874020615e-24 1.0061720159555933e-24 0.11855418029800427
          0.8213680115326273 0.8126110414095723 0.5529893914704757 1.5220264015386247e-27 1.193095201995516e-25 2.4593937487874547e-25
          5.763765471140211e-25 6.796647223315371e-25 9.274351442883138e-25 0.7093117145270776 1.8225004090659756e-25 5.568216628457366e-23
          2.5140744719869276e-22 1.9064555589107763e-20 7.053475107760633e-21 7.463079865080658e-21 0.8905674750400121 1.0031176424725417e-19
          6.042940781565935e-20 2.8016864838258534e-20 4.3400453568946874e-20 0.016997241194294868 0.06561403715569805 0.6330019124123268
          0.028572939715276524 0.3269891076705754 0.10010041620290445 0.2933570993627034 5.390422854777573e-22 0.6014524998281718
          0.44340519996395994 0.852580128989472 0.4597570624428414 0.05793720741383755 0.11164065212869025 0.8241125032554936
          0.25022280603758673 0.16176596630948195 0.6787782319371356 0.7088620610419561 0.8203621213735076 0.5571319808039563
          0.278717120797047 0.11328187332936816 0.10965238234321081 3.419774337102241e-24 9.09572697507487e-25 2.700549106499312e-24
          0.2105734209232786 2.5683537244630982e-24 0.6654355547588198 0.15510449293549475 1.5170219447240067e-28 4.5258186740367117e-26
          2.176242768957907e-25 3.750655655281783e-25 3.6273053535417856e-25 1.1243740758943768e-24 0.7765792513911439 1.2100934221189723e-26
          1.848017190750634e-23 1.3644721129821199e-21 1.617625722178116e-20 4.0515329472731046e-21 0.6773040474487229 0.5240531803455644
          3.271945327206524e-21 4.3719763588851954e-20 3.5542551606456315e-21 1.8205855970183174e-21 4.713330047612054e-22 0.8130145337109954
          0.5997600399982237 0.1521484149071202 0.10728915951268307 0.10199382041758286 0.8845499688117705 0.06924702500650055
          0.3226717020183082 0.013114861004544847 0.5277679336642339 0.01618289042401866 0.40539078664958084 0.6402926708452876
          0.6580533658821639 0.1069641540264984 0.8540812283454016 0.7860217195800445 0.8534545605525399 0.28738821730765973
          0.2797456907920119 0.8195146062748871 0.32751645102692295 0.8193069553617612 1.2810145543180273e-24 3.538609387658176e-24
          9.601446863912543e-25 0.753480986438317 0.6544673834268585 0.8876206595910643 0.3275244098472488 1.4036531281519724e-29
          8.274257383702308e-27 1.9152749783947868e-25 1.1828883759378172e-24 8.98071500368294e-25 0.9213499206350687 0.6425710195295748
          4.580286445361701e-35 2.5207173317830186e-36 3.2061145010965283e-22 8.252158652027854e-22 9.053747116541597e-22 0.44523623515645955
          0.36999513555806507 0.507980775031407 7.861110588146516e-23 0.6041784417877994 0.9183955589251136 0.06165943777006241
          0.43950911963386174 0.5205898057461635 0.8489830059083892 0.6190916888556158 0.8168274654955763 0.8512025284699645
          0.7838078771897089 0.28595479279125574 0.749749664365531 0.849791324467725 0.6044907565595878 0.4106784258666416
          0.7470944681105859 0.9184296847485892 0.5343917936697693 0.15125088984399632 0.8844851554731046 0.602828727703037
          0.526621736273852 0.8186029366448697 0.15399388792093366 0.028582929266900654 0.7870109022003708 0.91941336675093
          0.6026855967562351 0.7573624333847452 0.8872707527131292 0.8537165424238601 0.24112714343206235 0.061649519381915735
          2.6002187086511928e-27 1.702668849492652e-26 1.412023831542724e-25 6.827415801902889e-25 0.06644441684513795 0.16123124253290616
          0.10787655146930272 1.5249666130765915e-24 3.6429859785171638e-25 0.5755097681541442 0.5071764133606744 0.8501987549832377
          0.278466465310225 0.15323831400805862 1.1451889549440993e-32 1.172927573588677e-32 0.20649131952222277 0.3051316454046139
          0.15473831771436683 0.4514807123172643 0.49178199692172875 3.7925263574739786e-35 2.614125927061809e-35 1.574087935441675e-21
          0.8866828464161332 0.3473988960697815 0.8513022563068547 0.8860243508424857 3.9872802419990596e-35 3.050368284579054e-35
          6.203133806282879e-22 0.9224251868532547 0.2587382980195953 0.6906838713706154 0.328626711970297 4.065361649623287e-35
          3.1397092391126453e-35 2.3379398647856158e-22 0.028580624817420217 0.24763201262547507 0.5371005757441453 0.28421603798666156
          1.3796082323376463e-32 1.390733622562221e-32 8.241870956556122e-30 0.4054189796009469 0.15498446213100234 0.2815842891407972
          0.5357308667465872 0.7716962636623602 4.199060403223377e-29 0.7733698907760127 0.017215117928923666 0.1973476842073313
          0.327179142309666 0.45121408119929046
        </DataArray>
        <DataArray type="Float64" Name="radius" format="ascii" RangeMin="0.22" RangeMax="0.22">
          0.22 0.22 0.22 0.22 0.22 0.22
          0.22 0.22 0.22 0.22 0.22 0.22
          0.22 0.22 0.22 0.22 0.22 0.22
          0.22 0.22 0.22 0.22 0.22 0.22
          0.22 0.22 0.22 0.22 0.22 0.22
          0.22 0.22 0.22 0.22 0.22 0.22
          0.22 0.22 0.22 0.22 0.22 0.22
          0.22 0.22 0.22 0.22 0.22 0.22
          0.22 0.22 0.22 0.22 0.22 0.22
          0.22 0.22 0.22 0.22 0.22 0.22
          0.22 0.22 0.22 0.22 0.22 0.22
          0.22 0.22 0.22 0.22 0.22 0.22
          0.22 0.22 0.22 0.22 0.22 0.22
          0.22 0.22 0.22 0.22 0.22 0.22
          0.22 0.22 0.22 0.22 0.22 0.22
          0.22 0.22 0.22 0.22 0.22 0.22
          0.22 0.22 0.22 0.22 0.22 0.22
          0.22 0.22 0.22 0.22 0.22 0.22
          0.22 0.22 0.22 0.22 0.22 0.22
          0.22 0.22 0.22 0.22 0.22 0.22
          0.22 0.22 0.22 0.22 0.22 0.22
          0.22 0.22 0.22 0.22 0.22 0.22
          0.22 0.22 0.22 0.22 0.22 0.22
          0.22 0.22 0.22 0.22 0.22 0.22
          0.22 0.22 0.22 0.22 0.22 0.22
          0.22 0.22 0.22 0.22 0.22 0.22
          0.22 0.22 0.22 0.22 0.22 0.22
          0.22 0.22 0.22 0.22 0.22 0.22
          0.22 0.22 0.22 0.22 0.22 0.22
          0.22 0.22 0.22 0.22 0.22 0.22
          0.22 0.22 0.22 0.22 0.22 0.22
          0.22 0.22 0.22 0.22 0.22 0.22
          0.22 0.22 0.22 0.22 0.22 0.22
          0.22 0.22 0.22 0.22 0.22 0.22
          0.22 0.22 0.22 0.22 0.22 0.22
          0.22 0.22 0.22 0.22 0.22 0.22
          0.22 0.22 0.22 0.22 0.22 0.22
          0.22 0.22 0.22 0.22 0.22 0.22
          0.22 0.22 0.22 0.22 0.22 0.22
          0.22 0.22 0.22 0.22 0.22 0.22
          0.22 0.22 0.22 0.22 0.22 0.22
          0.22 0.22 0.22 0.22 0.22 0.22
          0.22 0.22 0.22 0.22 0.22 0.22
          0.22 0.22 0.22 0.22 0.22 0.22
          0.22 0.22 0.22 0.22 0.22 0.22
          0.22 0.22 0.22 0.22 0.22 0.22
          0.22 0.22 0.22 0.22 0.22 0.22
          0.22 0.22 0.22 0.22 0.22 0.22
          0.22 0.22 0.22 0.22 0.22 0.22
          0.22 0.22 0.22 0.22 0.22 0.22
          0.22 0.22 0.22 0.22 0.22 0.22
          0.22 0.22 0.22 0.22 0.22 0.22
          0.22 0.22 0.22 0.22 0.22 0.22
          0.22 0.22 0.22 0.22 0.22 0.22
          0.22 0.22 0.22 0.22 0.22 0.22
          0.22 0.22 0.22 0.22 0.22 0.22
          0.22 0.22 0.22 0.22 0.22 0.22
          0.22 0.22 0.22 0.22 0.22 0.22
          0.22 0.22 0.22 0.22 0.22 0.22
          0.22 0.22 0.22 0.22 0.22 0.22
          0.22 0.22 0.22 0.22 0.22 0.22
          0.22 0.22 0.22 0.22 0.22 0.22
          0.22 0.22 0.22 0.22 0.22 0.22
          0.22 0.22 0.22 0.22 0.22 0.22
          0.22 0.22 0.22 0.22 0.22 0.22
          0.22 0.22 0.22 0.22 0.22 0.22
          0.22 0.22 0.22 0.22 0.22 0.22
          0.22 0.22 0.22 0.22 0.22 0.22
          0.22 0.22 0.22 0.22 0.22 0.22
          0.22 0.22 0.22 0.22 0.22 0.22
          0.22 0.22 0.22 0.22 0.22 0.22
          0.22 0.22 0.22 0.22 0.22 0.22
          0.22 0.22 0.22 0.22 0.22 0.22
          0.22 0.22 0.22 0.22 0.22 0.22
          0.22 0.22 0.22 0.22 0.22 0.22
          0.22 0.22 0.22 0.22 0.22 0.22
          0.22 0.22 0.22 0.22 0.22 0.22
          0.22 0.22 0.22 0.22 0.22 0.22
          0.22 0.22 0.22 0.22 0.22 0.22
          0.22 0.22 0.22 0.22 0.22 0.22
          0.22 0.22 0.22 0.22 0.22 0.22
          0.22 0.22 0.22 0.22 0.22 0.22
          0.22 0.22 0.22 0.22 0.22 0.22
          0.22 0.22 0.22 0.22 0.22 0.22
          0.22 0.22 0.22 0.22 0.22 0.22
          0.22 0.22 0.22 0.22 0.22 0.22
          0.22 0.22 0.22 0.22 0.22 0.22
          0.22 0.22 0.22 0.22 0.22 0.22
          0.22 0.22 0.22 0.22 0.22 0.22
          0.22 0.22 0.22 0.22 0.22 0.22
          0.22 0.22 0.22 0.22 0.22 0.22
          0.22 0.22 0.22 0.22 0.22 0.22
          0.22 0.22 0.22 0.22 0.22 0.22
          0.22 0.22 0.22 0.22 0.22 0.22
          0.22 0.22 0.22 0.22 0.22 0.22
          0.22 0.22 0.22 0.22 0.22 0.22
          0.22 0.22 0.22 0.22 0.22 0.22
          0.22 0.22 0.22 0.22 0.22 0.22
          0.22 0.22 0.22 0.22 0.22 0.22
          0.22 0.22 0.22 0.22 0.22 0.22
          0.22 0.22 0.22 0.22 0.22 0.22
          0.22 0.22 0.22 0.22 0.22 0.22
          0.22 0.22 0.22 0.22 0.22 0.22
          0.22 0.22 0.22 0.22 0.22 0.22
          0.22 0.22 0.22 0.22 0.22 0.22
          0.22 0.22 0.22 0.22 0.22 0.22
          0.22 0.22 0.22 0.22 0.22 0.22
          0.22 0.22 0.22 0.22 0.22 0.22
          0.22 0.22 0.22 0.22 0.22 0.22
          0.22 0.22 0.22 0.22 0.22 0.22
          0.22 0.22 0.22 0.22 0.22 0.22
          0.22 0.22 0.22 0.22 0.22 0.22
          0.22 0.22 0.22 0.22 0.22 0.22
          0.22 0.22 0.22 0.22 0.22 0.22
          0.22 0.22
        </DataArray>
      </PointData>
      <CellData>
      </CellData>
      <Points>
        <DataArray type="Float32" Name="Points" NumberOfComponents="3" format="ascii" RangeMin="0.4094750528270057" RangeMax="2.824631704043657">
          -1.6070251 -1.1297604 0 -1.6703342 -1.1650221 0
          -1.5937063 -1.087887 0 -1.4777722 -0.9829962 0.3700124
          -1.410731 -0.90470433 0.37632838 -1.3111979 -0.77540016 0.3571752
          -1.2687279 -0.6792647 0.35714528 -2.5755258 -0.7009826 0
          -2.4868805 -0.7329873 0 -2.2496257 -0.722348 0
          -1.6492361 -0.6019674 0.3862098 -1.5441631 -0.5940009 0.37594348
          -1.4498907 -0.6036551 0.35258585 -1.2160851 -0.5392727 0.3667983
          -2.7862678 -0.24416012 0 -2.5505292 -0.27897245 0
          -2.4395323 -0.28670782 0 -1.9362366 -0.30690747 0.39819124
          -1.5734642 -0.022441072 0.37019935 -1.5089964 -0.25620368 0.3801192
          -1.3683711 -0.22737081 0.39867342 -2.824387 -0.037174217 0
          -2.5422301 -0.060319345 0 -2.4538343 -0.05697546 0
          -2.0487416 -0.063807584 0 -1.6741565 -0.10931679 0.39968544
          -1.4782033 -0.019879848 0.375966 -1.3086474 0.0076236655 0.38530207
          -2.786135 0.17003132 0 -2.5055583 0.1591975 0
          -2.416706 0.17085038 0 -1.866109 0.19353323 0.38590562
          -1.6213465 0.051479816 0.37901795 -1.4908249 0.1564555 0.36699653
          -1.328009 0.16868575 0.36052054 -2.585925 0.61636823 0
          -2.3369744 0.5825462 0 -2.1792595 0.5910975 0
          -1.67519 0.48758903 0.38638455 -1.4991003 0.4586533 0.3732184
          -1.4011834 0.45993945 0.35313252 -1.3516684 0.46467072 0.39917004
          -1.619192 1.0593895 0 -1.6848168 1.0992204 0
          -1.5743123 0.98487586 0.38162848 -1.4937655 0.8976457 0.3733989
          -1.3677549 0.7081098 0.4 -1.3341984 0.6886306 0.3996496
          -1.2405185 0.55734116 0.36695844 -1.14743 -2.1280756 0
          -1.1908215 -1.7988576 0 -1.1626816 -1.5692697 0
          -1.1155005 -1.2346581 0 -1.1179378 -1.065591 0
          -1.1163492 -0.9647097 0.37687135 -1.187028 -0.83716184 0.37872142
          -1.4477605 -1.0512145 0 -1.5424371 -0.9619339 0.39324045
          -1.3495966 -0.82990885 0.3817394 -1.3157986 -0.7753197 0.38169685
          -1.5074404 -0.4904374 0.3836103 -1.1502234 -0.6764255 0.35669938
          -1.0277954 -0.67472607 0.39782134 -1.7341747 -0.33690658 0.3947002
          -1.9361134 -0.4766587 0.39505896 -1.6600678 -0.47113782 0.38800773
          -1.5682409 -0.41399255 0.36931792 -1.1971958 -0.31135234 0.35268292
          -1.4260846 -0.2886516 0.39783895 -1.178379 -0.23700202 0.39992678
          -1.5747708 0.051344927 0.38375136 -2.546988 -0.32036397 0
          -1.9197696 -0.02059493 0.3988632 -1.3766056 -0.066805236 0.37246713
          -1.2258251 -0.12764907 0.39291662 -1.5330368 -0.11392357 0.39923862
          -1.2250453 0.0341869 0.3957846 -1.6100098 0.29186496 0.37921095
          -1.8148115 0.3186607 0.35163373 -1.771656 0.2924981 0.38117227
          -1.5596782 0.32212314 0.37642258 -1.3636705 0.103168204 0.39992046
          -1.3503562 0.2527811 0.4 -1.243239 0.23933978 0.36698633
          -1.380587 0.89653116 0.3603957 -1.5265093 0.87304604 0.3969325
          -1.465419 0.920718 0.37631127 -1.330408 0.6181227 0.3670431
          -1.2996414 0.38026282 0.35709697 -1.1685319 0.48027092 0.35693297
          -0.99299884 0.62565714 0.39993212 -1.1501797 2.0520961 0
          -1.1919311 1.8005738 0 -1.1820291 1.46106 0
          -1.1347297 1.1443489 0 -1.1000026 0.8943013 0.36074507
          -1.1044396 0.87487423 0.3999271 -1.1183306 0.7301932 0.3996327
          -0.67665505 -2.328239 0 -0.7747113 -2.0882652 0
          -0.7995504 -1.7198544 0 -0.80777925 -1.3767853 0
          -0.91773915 -1.2859608 0 -0.85698813 -1.1295993 0
          -0.84277105 -0.8699437 0.35631377 -0.78136504 -1.0902091 0
          -0.9537147 -1.232284 0 -0.91896737 -1.0429547 0
          -1.0390152 -1.0379784 0 -1.0186132 -0.8640803 0.4
          -1.0319717 -0.7424863 0.35305747 -0.93517 -0.5999535 0.3896973
          -0.9421739 -0.4099144 0.39317068 -1.1910805 -0.41857663 0.39579898
          -0.9799892 -0.5205959 0.38972032 -1.1693861 -0.5355967 0.39692616
          -1.1979102 -0.48352543 0.38325956 -0.801378 -0.28125235 0.38093737
          -1.0047389 -0.22933474 0.36366457 -0.8688082 -0.019593667 0.38974497
          -1.1248428 -0.08962144 0.3996726 -1.1258479 -0.007823304 0.39449802
          -1.3715991 -0.17142358 0.39293277 -1.1249136 -0.32350963 0.37297037
          -0.9642216 0.1368786 0.37834093 -1.0256674 -0.0350577 0.36989692
          -0.8128468 0.23068807 0.38098723 -1.0393844 0.31286293 0.35674426
          -1.2024945 0.41136533 0.39279276 -1.4335216 0.31580755 0.38110644
          -1.0471193 0.34807524 0.3701401 -0.87938315 0.14496133 0.38980392
          -1.1285849 0.4306987 0.37595037 -0.7078658 0.9709639 0.367138
          -0.9614444 1.0737206 0 -1.0182267 1.0100716 0
          -1.0200561 0.85662174 0.3700765 -0.91841733 0.8154774 0.37314856
          -1.0460925 0.5628082 0.38542676 -1.0926378 0.64093196 0.39993396
          -0.6937153 2.1621563 0 -0.77592653 1.9703232 0
          -0.8026056 1.6244307 0 -0.8256087 1.3799466 0
          -0.9136788 1.1778595 0 -0.8788344 0.96569115 0.38127297
          -0.94400537 0.614693 0.3830691 -0.49723884 -2.2972252 0
          -0.5639376 -2.126871 0 -0.60294825 -1.7447906 0
          -0.6061638 -1.4489199 0 -0.69610685 -1.5836378 0
          -0.63149285 -1.1508646 0 -0.7132197 -0.95197916 0.39862898
          -0.50774735 -1.1551841 0 -0.68783134 -1.3487533 0
          -0.8339241 -1.4473562 0 -0.7853746 -0.94937956 0.37538898
          -0.8353801 -0.8710293 0.39284295 -0.72436005 -0.625922 0.372554
          -0.5905117 -1.3747007 0 -0.75664777 -0.31300858 0.39862084
          -1.0094962 -0.7567912 0.39431632 -0.87686473 -0.75271356 0.4
          -1.0655795 -1.1261345 0 -1.0220015 -0.3333025 0.37318712
          -0.63461185 -0.1646644 0.38939914 -0.8777553 -0.55271393 0.37267345
          -0.6405371 -0.052081168 0.3968717 -0.96603894 -0.25914225 0.38340425
          -1.123097 0.15593868 0.36671564 -1.4469246 -0.4680285 0.35972774
          -1.0326905 -0.09652653 0.36365688 -0.73072124 0.1946566 0.35237974
          -0.78632206 -0.17641102 0.39683226 -0.5536378 0.380287 0.39993432
          -0.6038967 0.50274867 0.37524715 -0.8472859 0.70779866 0.3999232
          -1.1623911 0.17544085 0.3967365 -0.9918059 0.22769234 0.35298914
          -0.6841217 0.22311495 0.38108432 -0.8467895 0.4381033 0.35231006
          -0.53708804 1.0627311 0 -0.6461485 1.1177886 0
          -0.7078771 1.2966684 0 -0.86262363 1.0937784 0
          -0.8659908 0.7860421 0.36043462 -0.7827274 0.628075 0.3696213
          -1.3961364 0.860546 0.3986149 -0.51465094 2.1952462 0
          -0.5594776 2.0401506 0 -0.5886907 1.6007411 0
          -0.5873661 1.3230759 0 -0.64595675 1.4750592 0
          -0.63864005 1.0390518 0 -0.6990288 0.65044117 0.3565044
          -0.34430516 -2.3033595 0 -0.39339486 -2.1505744 0
          -0.42180958 -1.7091529 0 -0.43919837 -1.4604336 0
          -0.52919143 -1.631468 0 -0.46589303 -1.4770129 0
          -0.44175726 -0.97125524 0.37496474 -0.31604373 -1.2021242 0
          -0.39703432 -1.0481807 0 -0.46449676 -1.322709 0
          -0.6187171 -1.1830484 0 -0.66651106 -0.7530331 0.3912273
          -0.5569404 -1.0084565 0 -0.5188302 -0.65923244 0.372238
          -0.27607405 -0.39057332 0.36628506 -0.59921074 -0.8334669 0.3943844
          -0.6225475 -0.9411457 0.3627803 -0.7570517 -0.41889328 0.38085383
          -0.7675255 -0.7099361 0.3944855 -0.5884588 -0.5420873 0.3929999
          -0.61315644 -0.16093367 0.36663938 -0.4605244 0.081509665 0.39556715
          -0.6465642 -0.34453765 0.4 -0.8185706 -0.04895266 0.37262633
          -0.86897606 -0.39410815 0.3631972 -0.7525217 0.07884839 0.38576904
          -0.6309578 0.13691524 0.39862537 -0.5006111 -0.32721078 0.38767782
          -0.22925141 0.40371317 0.38755155 -0.7007138 0.4190805 0.3999296
          -0.37245244 0.5420136 0.36345625 -0.74572384 0.41831017 0.38751954
          -0.5919497 0.28012952 0.3892643 -0.5874413 0.49832883 0.39992902
          -0.52279663 0.43189156 0.39919063 -0.30126643 1.2890593 0
          -0.472965 1.1762102 0 -0.47336683 1.4156674 0
          -0.7804169 0.8848703 0.37621462 -0.58489186 0.8628368 0.3832183
          -0.53569394 0.71983886 0.3851939 -0.55334836 0.6604539 0.3564902
          -0.357958 2.260059 0 -0.40221146 2.0131497 0
          -0.41822764 1.7012193 0 -0.4644177 1.4251565 0
          -0.51151925 1.4517765 0 -0.5276682 1.1794506 0
          -0.5759285 1.0428973 0 -0.20862536 -2.3198855 0
          -0.25452554 -2.1199193 0 -0.26558706 -1.8217283 0
          -0.33861846 -1.4128088 0 -0.30140543 -1.6986132 0
          -0.25037423 -1.4410769 0 -0.27990466 -0.99144644 0.395646
          -0.15413158 -1.2104998 0 -0.35311005 -1.1859155 0
          -0.41821504 -1.3353775 0 -0.49719808 -0.762787 0.3944049
          -0.2965039 -0.92142296 0.35204646 -0.2962284 -0.798131 0.36264727
          -0.4101076 -0.7883618 0.39991617 -0.06255322 -0.38041577 0.3593005
          -0.40695104 -0.6596358 0.38736594 -0.6519252 -0.65998346 0.39968506
          -0.536869 -0.42160445 0.38777828 0.028149135 -0.72063327 0.36940134
          -0.3225008 -0.51279926 0.3967774 -0.45567656 -0.09057541 0.36976227
          -0.1176467 -0.01627229 0.39873558 -0.43073216 -0.24753177 0.3693114
          -0.43204656 -0.5506991 0.3752952 -0.83583176 0.46647862 0.3894271
          -0.5318226 0.10464852 0.37531856 -0.4502014 -0.007252824 0.37557295
          -0.350959 0.025555335 0.39966533 -0.11380977 0.3234734 0.37572742
          -0.3747253 0.4108128 0.36391637 -0.8324093 0.91079324 0.39992318
          -0.7476291 -0.024671111 0.35245794 -0.23528259 0.6116623 0.37549078
          -0.41670874 0.31350532 0.36395454 -0.29269686 0.23114793 0.3601136
          -0.24225913 1.0591707 0 -0.3959559 1.1411253 0
          -0.3363427 1.3998007 0 -0.3846063 1.0354966 0
          -0.28936613 0.8732372 0.38968068 -0.46222314 0.9374901 0.36682957
          -0.4143108 0.634735 0.3954499 -0.21035764 2.1424823 0
          -0.2732041 2.0030415 0 -0.28298607 1.6710644 0
          -0.2972631 1.4970347 0 -0.29635432 1.5621186 0
          -0.33213073 1.1707348 0 -0.42498666 0.7885233 0.35561514
          -0.062801376 -2.2315943 0 -0.12292624 -2.0944886 0
          -0.12991513 -1.7719718 0 -0.115348786 -1.498881 0
          -0.06814391 -1.6585815 0 -0.06775431 -1.3717372 0
          -0.12377409 -0.95265186 0.39587682 0.013662101 -1.1511788 0
          -0.2629499 -1.3169458 0 -0.21232113 -1.0557749 0
          -0.17974037 -1.5542479 0 -0.20891517 -0.72651 0.3524277
          -0.06851397 -1.2782028 0 -0.10082351 -0.63272095 0.3891845
          0.056550663 -0.4632952 0.38100353 -0.32931885 -0.5685669 0.4
          0.18888614 -1.5553436 0 -0.18741123 -1.3022623 0
          -0.075328305 -0.51837784 0.3756394 -0.200096 -0.5482593 0.39991766
          -0.21087448 -0.44999948 0.37302655 0.13119094 -0.043734655 0.39317036
          -0.110578515 -0.3288297 0.3806836 -0.2668224 -0.22866336 0.3956563
          -0.4252384 0.2398803 0.35647777 0.06474544 0.27204648 0.39309838
          -0.2858819 -0.1555303 0.3909833 -0.096325405 0.27541426 0.36298648
          0.10754729 0.42737588 0.38767904 -0.2514387 0.38006496 0.39122668
          -0.0046191793 0.95720756 0.38800195 -0.2825191 0.721055 0.3996509
          0.042822264 0.94711834 0.36335194 -0.10996355 0.48149753 0.37865508
          -0.18254505 0.22042839 0.39777502 0.05383386 0.95842975 0.3999301
          -0.18613733 1.2991204 0 -0.25005478 1.3454775 0
          -0.22317474 0.92737204 0.3934038 -0.30518526 0.6075692 0.35657868
          -0.17382592 0.859892 0.38997638 -0.06564043 0.5209286 0.38105696
          -0.061040986 2.140387 0 -0.13538991 2.0660253 0
          -0.1371364 1.680789 0 -0.13089281 1.5192462 0
          -0.097025834 1.6359326 0 0.051595822 1.3588839 0
          0.0032193128 0.8530718 0.38333964 0.08942751 -2.2726333 0
          0.014244167 -2.1186152 0 0.015065271 -1.7625191 0
          0.03265089 -1.5136639 0 0.052552503 -1.6509783 0
          0.11572945 -1.359339 0 0.06745375 -1.0256617 0
          0.084045775 -1.2529913 0 0.026219467 -1.3442292 0
          -0.050985336 -1.0295261 0 0.00866725 -1.7331587 0
          0.07009166 -0.8208627 0.38776878 -0.04351955 -0.84655815 0.39116856
          0.18432985 -0.7731802 0.38756603 0.15318854 -0.7526562 0.3968736
          -0.1570507 -0.7665574 0.39852 -0.030258695 -1.132167 0
          -0.14599793 -1.6118348 0 0.30210578 -1.3051702 0
          0.043559194 -0.6318482 0.3593603 0.1681055 -0.35906002 0.3698626
          0.32668442 -0.016500335 0.36342883 -0.5534549 -0.14378391 0.3526932
          0.27481765 0.26990986 0.39593163 0.24733621 0.40581417 0.3896839
          -0.04952075 -0.16266017 0.38952973 0.0820719 0.08822224 0.39134493
          -0.3362717 -0.11399036 0.39993224 0.11947977 0.5957605 0.39458603
          0.31384143 0.13358809 0.39435628 0.16704455 0.47685218 0.38304326
          -0.22238393 1.5431767 0 0.4706361 1.4572872 0
          -0.005012767 0.45334727 0.4 0.04387756 0.2561906 0.37509254
          0.27057838 1.0964127 0 0.17835958 1.1049687 0
          -0.13579045 1.1415554 0 0.0518682 1.3060656 0
          0.0040079225 0.64965886 0.3945212 0.18199186 0.675647 0.36295876
          0.079087 0.6352949 0.4 0.09419657 2.1202092 0
          0.026622755 1.9594483 0 0.018820586 1.737775 0
          0.0012504505 1.356461 0 0.08622656 1.5909543 0
          0.13593297 1.4493494 0 0.07486125 0.81078374 0.38966596
          0.24987426 -2.2222855 0 0.17587207 -2.0312662 0
          0.17410302 -1.8377453 0 0.2017834 -1.47678 0
          0.23672603 -1.6442293 0 0.23566705 -1.4024881 0
          0.17658052 -0.86338186 0.3595225 0.27430508 -1.1841671 0
          0.12472785 -1.0069529 0 0.16497056 -1.2771602 0
          0.22396973 -1.6233068 0 0.30528024 -0.9518411 0.3526302
          0.35648954 -0.83994704 0.38894978 0.27400327 -0.6571743 0.36254987
          0.4283309 -0.41534504 0.3986229 0.07994792 -0.18627158 0.3854328
          0.5615808 -0.8721262 0.39776823 0.55234176 -0.8119678 0.4
          0.25816494 -0.33598164 0.36657497 0.36173695 -0.79019994 0.3941336
          0.24900389 -0.21885446 0.3855103 0.47449103 -0.075479925 0.35283378
          0.080399156 -0.3674253 0.3999133 0.40234113 0.07818795 0.36029783
          0.81329656 -0.45298243 0.3895783 0.79487497 0.3135613 0.35278064
          0.37640348 -0.15135248 0.39853698 0.22942266 -0.066642754 0.3748165
          0.4976201 0.41261858 0.3969674 0.16660717 0.21808372 0.3960093
          0.38073865 0.6750599 0.39965728 0.28067362 0.7355854 0.3875798
          0.7032537 1.0791122 0 0.34864217 0.55512786 0.3557015
          0.29069546 0.13633795 0.3522089 0.34463924 1.0567908 0
          0.22784767 0.9258216 0.39124164 0.32116476 1.1350332 0
          0.21962954 1.2801199 0 0.21860024 0.8708962 0.35611168
          0.43959725 0.81245077 0.38333145 0.2615923 0.598568 0.39143896
          0.260061 2.1516664 0 0.17796662 1.9048166 0
          0.18146077 1.7587087 0 0.18070114 1.3447628 0
          0.20321025 1.5309002 0 0.20230381 1.476797 0
          0.31642348 0.8322457 0.37277386 0.41676503 -2.2378068 0
          0.3315907 -1.9901291 0 0.3378749 -1.84927 0
          0.34882745 -1.4363844 0 0.40098175 -1.5384614 0
          0.50593394 -1.4967715 0 0.34991372 -1.0057992 0
          0.55396557 -1.2357148 0 0.41551328 -1.2908956 0
          0.3603761 -1.295544 0 0.5128907 -1.0483979 0
          0.6942974 -1.0358206 0 0.68529844 -0.80714047 0.39427987
          0.36293137 -0.5875354 0.39925382 0.63065195 -0.31421423 0.35267225
          0.30952203 -0.51336604 0.38735807 0.54522705 -0.6739041 0.38521817
          0.50400996 -0.27118796 0.38057247 0.6728889 -0.7296785 0.38536572
          0.53837144 -0.4641226 0.39922675 0.3617704 -0.378139 0.38085082
          0.8188579 -0.10512991 0.36686808 0.4236943 -0.28497535 0.3695547
          0.4750336 -0.56507933 0.35595086 0.9196372 0.27275524 0.38733196
          0.45353946 -0.00071998074 0.3531289 0.39620462 0.31549796 0.37208396
          0.57623965 -0.252389 0.39677632 0.54266053 0.34474632 0.39867607
          0.50012606 0.1962003 0.37558556 0.5796545 0.26165977 0.37005365
          0.62617874 0.56198263 0.37021795 0.3697427 0.45763662 0.39586812
          0.54608023 0.057285067 0.38528296 0.635094 0.16576202 0.3943359
          0.36101258 0.9606983 0.4 0.27758163 1.2216156 0
          0.34596777 1.330828 0 0.5130003 0.9570204 0.39916444
          0.6624927 0.9602798 0.36333022 0.5182196 0.76076 0.36385965
          0.6645814 0.5827492 0.38383862 0.4204997 2.184685 0
          0.3304121 1.9010912 0 0.36260086 1.7048244 0
          0.3804832 1.5034606 0 0.36866954 1.4875609 0
          0.4693405 1.2548704 0 0.46072268 0.7827015 0.37333646
          0.58622485 -2.2571518 0 0.5030488 -1.9608893 0
          0.53501934 -1.7718698 0 0.5158013 -1.3744543 0
          0.5983598 -1.49206 0 0.64686865 -1.4752195 0
          0.68955094 -0.8982301 0.35614997 0.6326901 -1.0416311 0
          0.52525944 -1.2352561 0 0.59903574 -1.2927977 0
          0.783225 -1.0752349 0 0.7845678 -0.7097113 0.399932
          0.51894516 -0.9351583 0.39966336 0.72177935 -0.5822824 0.3783075
          0.71635216 -0.34568584 0.4 0.4693021 -0.57413816 0.39435884
          0.97218627 -0.3981702 0.39930055 0.8732078 -0.8614709 0.39557534
          1.118943 -1.0461134 0 0.64759344 -0.5265699 0.38078785
          0.7392202 -0.4979315 0.38979262 0.77684546 0.015713396 0.36010188
          0.56249243 -0.11964362 0.3891717 0.9668248 -0.33376938 0.39970493
          1.1925204 0.12767361 0.39922035 0.86184406 -0.14526916 0.36360925
          0.65260154 0.019711738 0.3967235 0.9732688 -0.01172372 0.39852867
          0.70128864 0.27065247 0.37572294 0.62081116 0.39746177 0.37293786
          0.9528089 0.14450544 0.36384463 0.72780997 0.6410644 0.38374078
          0.5338563 0.49570438 0.39580244 0.75620484 0.123601764 0.39920703
          0.89232165 0.33179438 0.39923647 0.6482898 1.0845126 0
          0.4364673 1.1780586 0 0.62994194 1.169387 0
          0.70096517 0.90522623 0.39767307 0.8222009 1.1204457 0
          0.5859853 0.6429129 0.376297 0.7689408 0.5388264 0.39861587
          0.5913358 2.2172368 0 0.5101245 1.8652273 0
          0.5226817 1.6203371 0 0.5584498 1.4656439 0
          0.5875217 1.4758627 0 0.5218013 1.269679 0
          0.5776234 0.762719 0.36720046 0.7799739 -2.2651312 0
          0.70661384 -1.9310827 0 0.73532563 -1.6458944 0
          0.7358924 -1.3126451 0 0.87664866 -1.3790654 0
          0.91668016 -0.9500552 0.37535295 0.879776 -0.6639842 0.3853451
          0.96624297 -1.1708709 0 0.6708144 -1.2247223 0
          0.96130455 -1.1576575 0 1.0094905 -1.1718082 0
          1.1795138 -1.1413065 0 0.9261491 -0.9757303 0.3630434
          1.0176597 -0.6971948 0.38063607 1.1060257 -0.37275985 0.39860597
          0.8450235 -0.6540984 0.3992429 1.0319057 -0.44125494 0.39928582
          1.2203629 -0.48200566 0.35606617 0.6663038 -0.18850578 0.39964134
          1.0098554 -0.54968935 0.39439034 1.0391234 -0.31428948 0.39994755
          1.214325 -0.0009078874 0.38529217 1.0136517 -0.18731605 0.39993528
          1.1418856 -0.11371422 0.39127472 1.314233 0.12133894 0.37833723
          0.82863915 -0.34133953 0.37762183 1.0610036 -0.026720094 0.3992534
          1.0412571 0.050764766 0.36026415 1.0803856 0.35840717 0.3664776
          0.81081146 0.4471696 0.35965034 1.1676742 0.351354 0.39570794
          1.0735643 0.4576432 0.3957821 0.8221751 0.16821264 0.3636568
          1.0138228 0.29186353 0.39439583 1.0943178 0.214128 0.36379826
          0.9869193 1.0736568 0 0.73131114 1.090216 0
          0.90705115 1.2937957 0 0.9240529 0.70425504 0.36941218
          0.7923835 0.9411402 0.37808642 0.8228438 0.86532325 0.35642618
          0.9815784 0.5665964 0.39430186 0.77380663 2.211186 0
          0.69769937 1.8762951 0 0.65964335 1.6016382 0
          0.75219893 1.3439934 0 0.92733985 1.2948573 0
          0.92786545 0.9491962 0.35319325 0.89196825 0.63309574 0.37802607
          1.1830434 -2.1013703 0 1.096423 -1.8272778 0
          1.0850679 -1.4790105 0 1.0457652 -1.2137395 0
          1.054619 -1.048704 0 1.0564144 -0.9997667 0.38973197
          1.0304718 -0.8089826 0.3928749 1.3796699 -0.8507291 0.38622913
          1.3418466 -1.1016889 0 1.2412938 -0.69659585 0.3804704
          1.1504785 -0.82788205 0.35223293 1.0303972 -0.7263515 0.39968634
          1.1044306 -0.64530075 0.38972858 1.1420753 -0.5556239 0.38559213
          1.5411415 -0.28876534 0.36058623 1.5867916 -0.3707439 0.38031152
          1.357173 -0.32570243 0.36395603 1.4179069 -0.5067865 0.35959685
          1.4366028 -0.33917624 0.36722612 1.2055694 -0.24191998 0.39566603
          1.2598269 -0.4153131 0.36989838 1.4987237 -0.028255703 0.359722
          1.5075904 -0.04272255 0.38083604 1.530731 -0.05212371 0.391347
          1.3353455 0.050276224 0.3695632 1.4681103 -0.20889457 0.35285783
          1.0672745 -0.12332542 0.38510936 1.2787198 -0.10518411 0.39865252
          1.4875938 0.21551986 0.35592228 1.5099195 0.20542917 0.38079333
          1.4885074 0.25842386 0.38548428 1.2897195 0.35718647 0.36309868
          1.388466 0.20044056 0.3986259 1.1449538 0.18187466 0.4
          1.2936684 0.32526284 0.36629823 1.3636342 0.7487893 0.35316414
          1.35876 0.87534684 0.3809721 1.0861471 0.80641234 0.36963797
          1.1443634 0.50724465 0.35629836 1.4168464 0.6020488 0.35972401
          0.9119833 0.46157196 0.3968355 1.0970081 0.55678946 0.39968714
          1.1683689 1.9268223 0 1.1056595 1.7433432 0
          1.048007 1.5295793 0 1.0192734 1.3027599 0
          1.0098383 0.91193944 0.39965832 1.020784 0.8354844 0.3985196
          1.0299244 0.6804768 0.39924058 1.5995406 -1.1498915 0
          1.6296792 -1.2014319 0 1.4116876 -0.9919993 0.3819513
          1.3493485 -0.91760725 0.38630217 1.2781463 -0.8680944 0.35973373
          1.27499 -0.82854664 0.39584002 1.2343733 -0.7312991 0.39863136
          2.5009596 -0.66965103 0 2.4031992 -0.6983497 0
          1.8479224 -0.63461405 0.3974067 1.6153083 -0.58429337 0.39480966
          1.4377786 -0.5710292 0.39862174 1.3995372 -0.58575857 0.38934845
          1.2706516 -0.4783234 0.38757846 2.669177 -0.24185975 0
          2.439968 -0.26604712 0 2.00655 -0.2671197 0
          1.7857978 -0.2674696 0.35655966 1.7009366 -0.27763757 0.39409736
          1.5807021 -0.1881024 0.3600837 1.257749 -0.25154263 0.35639763
          2.6988876 -0.041359 0 2.4861207 -0.0517963 0
          2.0485055 -0.06588642 0 1.8079498 -0.052609634 0.35309416
          1.7040358 -0.045702286 0.3966501 1.6661581 -0.064321466 0.37487504
          1.3120555 -0.17728129 0.39437115 2.6735432 0.1598692 0
          2.46492 0.16252735 0 2.0522983 0.11023409 0
          1.7437407 0.16507015 0.4 1.6763501 0.18060821 0.39681062
          1.670692 0.16462451 0.38512605 1.3481053 0.079041824 0.3957078
          2.4950871 0.5832343 0 2.4424944 0.6076261 0
          2.1670485 0.5376278 0 1.7145445 0.46488246 0.39081368
          1.4723207 0.43385145 0.39861912 1.4073441 0.47226325 0.39575216
          1.278326 0.4926819 0.38509986 1.5625921 0.9980598 0.36802223
          1.634214 1.0736839 0 1.5274037 0.9813734 0.36779514
          1.4403818 0.8926045 0.39993113 1.43625 0.86663 0.39784014
          1.4348828 0.85014343 0.39440292 1.3978053 0.54516953 0.38942957
          <InformationKey name="L2_NORM_RANGE" location="vtkDataArray" length="2">
            <Value index="0">
              0.40947505283
            </Value>
            <Value index="1">
              2.824631704
            </Value>
          </InformationKey>
        </DataArray>
      </Points>
      <Verts>
        <DataArray type="Int64" Name="connectivity" format="ascii" RangeMin="0" RangeMax="685">
          0 1 2 3 4 5
          6 7 8 9 10 11
          12 13 14 15 16 17
          18 19 20 21 22 23
          24 25 26 27 28 29
          30 31 32 33 34 35
          36 37 38 39 40 41
          42 43 44 45 46 47
          48 49 50 51 52 53
          54 55 56 57 58 59
          60 61 62 63 64 65
          66 67 68 69 70 71
          72 73 74 75 76 77
          78 79 80 81 82 83
          84 85 86 87 88 89
          90 91 92 93 94 95
          96 97 98 99 100 101
          102 103 104 105 106 107
          108 109 110 111 112 113
          114 115 116 117 118 119
          120 121 122 123 124 125
          126 127 128 129 130 131
          132 133 134 135 136 137
          138 139 140 141 142 143
          144 145 146 147 148 149
          150 151 152 153 154 155
          156 157 158 159 160 161
          162 163 164 165 166 167
          168 169 170 171 172 173
          174 175 176 177 178 179
          180 181 182 183 184 185
          186 187 188 189 190 191
          192 193 194 195 196 197
          198 199 200 201 202 203
          204 205 206 207 208 209
          210 211 212 213 214 215
          216 217 218 219 220 221
          222 223 224 225 226 227
          228 229 230 231 232 233
          234 235 236 237 238 239
          240 241 242 243 244 245
          246 247 248 249 250 251
          252 253 254 255 256 257
          258 259 260 261 262 263
          264 265 266 267 268 269
          270 271 272 273 274 275
          276 277 278 279 280 281
          282 283 284 285 286 287
          288 289 290 291 292 293
          294 295 296 297 298 299
          300 301 302 303 304 305
          306 307 308 309 310 311
          312 313 314 315 316 317
          318 319 320 321 322 323
          324 325 326 327 328 329
          330 331 332 333 334 335
          336 337 338 339 340 341
          342 343 344 345 346 347
          348 349 350 351 352 353
          354 355 356 357 358 359
          360 361 362 363 364 365
          366 367 368 369 370 371
          372 373 374 375 376 377
          378 379 380 381 382 383
          384 385 386 387 388 389
          390 391 392 393 394 395
          396 397 398 399 400 401
          402 403 404 405 406 407
          408 409 410 411 412 413
          414 415 416 417 418 419
          420 421 422 423 424 425
          426 427 428 429 430 431
          432 433 434 435 436 437
          438 439 440 441 442 443
          444 445 446 447 448 449
          450 451 452 453 454 455
          456 457 458 459 460 461
          462 463 464 465 466 467
          468 469 470 471 472 473
          474 475 476 477 478 479
          480 481 482 483 484 485
          486 487 488 489 490 491
          492 493 494 495 496 497
          498 499 500 501 502 503
          504 505 506 507 508 509
          510 511 512 513 514 515
          516 517 518 519 520 521
          522 523 524 525 526 527
          528 529 530 531 532 533
          534 535 536 537 538 539
          540 541 542 543 544 545
          546 547 548 549 550 551
          552 553 554 555 556 557
          558 559 560 561 562 563
          564 565 566 567 568 569
          570 571 572 573 574 575
          576 577 578 579 580 581
          582 583 584 585 586 587
          588 589 590 591 592 593
          594 595 596 597 598 599
          600 601 602 603 604 605
          606 607 608 609 610 611
          612 613 614 615 616 617
          618 619 620 621 622 623
          624 625 626 627 628 629
          630 631 632 633 634 635
          636 637 638 639 640 641
          642 643 644 645 646 647
          648 649 650 651 652 653
          654 655 656 657 658 659
          660 661 662 663 664 665
          666 667 668 669 670 671
          672 673 674 675 676 677
          678 679 680 681 682 683
          684 685
        </DataArray>
        <DataArray type="Int64" Name="offsets" format="ascii" RangeMin="1" RangeMax="686">
          1 2 3 4 5 6
          7 8 9 10 11 12
          13 14 15 16 17 18
          19 20 21 22 23 24
          25 26 27 28 29 30
          31 32 33 34 35 36
          37 38 39 40 41 42
          43 44 45 46 47 48
          49 50 51 52 53 54
          55 56 57 58 59 60
          61 62 63 64 65 66
          67 68 69 70 71 72
          73 74 75 76 77 78
          79 80 81 82 83 84
          85 86 87 88 89 90
          91 92 93 94 95 96
          97 98 99 100 101 102
          103 104 105 106 107 108
          109 110 111 112 113 114
          115 116 117 118 119 120
          121 122 123 124 125 126
          127 128 129 130 131 132
          133 134 135 136 137 138
          139 140 141 142 143 144
          145 146 147 148 149 150
          151 152 153 154 155 156
          157 158 159 160 161 162
          163 164 165 166 167 168
          169 170 171 172 173 174
          175 176 177 178 179 180
          181 182 183 184 185 186
          187 188 189 190 191 192
          193 194 195 196 197 198
          199 200 201 202 203 204
          205 206 207 208 209 210
          211 212 213 214 215 216
          217 218 219 220 221 222
          223 224 225 226 227 228
          229 230 231 232 233 234
          235 236 237 238 239 240
          241 242 243 244 245 246
          247 248 249 250 251 252
          253 254 255 256 257 258
          259 260 261 262 263 264
          265 266 267 268 269 270
          271 272 273 274 275 276
          277 278 279 280 281 282
          283 284 285 286 287 288
          289 290 291 292 293 294
          295 296 297 298 299 300
          301 302 303 304 305 306
          307 308 309 310 311 312
          313 314 315 316 317 318
          319 320 321 322 323 324
          325 326 327 328 329 330
          331 332 333 334 335 336
          337 338 339 340 341 342
          343 344 345 346 347 348
          349 350 351 352 353 354
          355 356 357 358 359 360
          361 362 363 364 365 366
          367 368 369 370 371 372
          373 374 375 376 377 378
          379 380 381 382 383 384
          385 386 387 388 389 390
          391 392 393 394 395 396
          397 398 399 400 401 402
          403 404 405 406 407 408
          409 410 411 412 413 414
          415 416 417 418 419 420
          421 422 423 424 425 426
          427 428 429 430 431 432
          433 434 435 436 437 438
          439 440 441 442 443 444
          445 446 447 448 449 450
          451 452 453 454 455 456
          457 458 459 460 461 462
          463 464 465 466 467 468
          469 470 471 472 473 474
          475 476 477 478 479 480
          481 482 483 484 485 486
          487 488 489 490 491 492
          493 494 495 496 497 498
          499 500 501 502 503 504
          505 506 507 508 509 510
          511 512 513 514 515 516
          517 518 519 520 521 522
          523 524 525 526 527 528
          529 530 531 532 533 534
          535 536 537 538 539 540
          541 542 543 544 545 546
          547 548 549 550 551 552
          553 554 555 556 557 558
          559 560 561 562 563 564
          565 566 567 568 569 570
          571 572 573 574 575 576
          577 578 579 580 581 582
          583 584 585 586 587 588
          589 590 591 592 593 594
          595 596 597 598 599 600
          601 602 603 604 605 606
          607 608 609 610 611 612
          613 614 615 616 617 618
          619 620 621 622 623 624
          625 626 627 628 629 630
          631 632 633 634 635 636
          637 638 639 640 641 642
          643 644 645 646 647 648
          649 650 651 652 653 654
          655 656 657 658 659 660
          661 662 663 664 665 666
          667 668 669 670 671 672
          673 674 675 676 677 678
          679 680 681 682 683 684
          685 686
        </DataArray>
      </Verts>
      <Lines>
        <DataArray type="Int64" Name="connectivity" format="ascii" RangeMin="1e+299" RangeMax="-1e+299">
        </DataArray>
        <DataArray type="Int64" Name="offsets" format="ascii" RangeMin="1e+299" RangeMax="-1e+299">
        </DataArray>
      </Lines>
      <Strips>
        <DataArray type="Int64" Name="connectivity" format="ascii" RangeMin="1e+299" RangeMax="-1e+299">
        </DataArray>
        <DataArray type="Int64" Name="offsets" format="ascii" RangeMin="1e+299" RangeMax="-1e+299">
        </DataArray>
      </Strips>
      <Polys>
        <DataArray type="Int64" Name="connectivity" format="ascii" RangeMin="1e+299" RangeMax="-1e+299">
        </DataArray>
        <DataArray type="Int64" Name="offsets" format="ascii" RangeMin="1e+299" RangeMax="-1e+299">
        </DataArray>
      </Polys>
    </Piece>
  </PolyData>
</VTKFile>
