# vtk DataFile Version 3.0
water particles
ASCII
DATASET POLYDATA
POINTS 2541 float
-2.03058 -1.07991 0
2.04732 -2.80668 0
-66.8195 58.8068 12.014
0.504888 1.49034 0
-17.5786 -4.40805 0
-20.0263 -64.5245 83.618
41.7233 38.5577 0
142.252 -128.663 2.18648
5.15466 -58.5385 0
6.72023 1.29961 32.566
-12.7866 -23.5428 0
-3.04084 -121.236 0
-33.5656 -77.0126 123.663
-0.248751 -2.30689 0
19.5803 8.83124 0
-6.49168 -6.22638 0
16.8203 23.3791 0
-5.33225 18.0735 0
-98.4691 -117.199 155.189
67.2022 -39.143 132.537
3.21839 -1.12818 0
46.0201 -22.4637 13.5464
3.71343 88.8093 0
-74.3691 -0.300022 99.9473
-75.5591 -0.310681 8.84893
17.1531 28.1192 0
0.212703 1.22659 0
-79.5065 -40.319 2.90053
-75.8002 -41.8132 15.8546
-103.526 86.4711 144.961
0.247354 71.0921 54.6235
-132.123 59.2737 60.8532
-65.4182 -50.9472 0
-0.195664 1.49647 0
-2.58826 -4.2261 0
8.22046 -70.2883 0
62.5024 11.016 37.6587
25.5281 35.1843 37.3073
31.3583 -2.4673 0
1.86033 25.5184 0
18.6807 6.43891 0
-0.468553 1.58001 0
47.3602 106.003 238.679
-2.56312 0.909979 0
-120.957 -11.2853 22.3693
-4.37057 1.80064 0
4.42663 4.68923 0
-3.58855 -7.01801 0
-5.23337 -6.57562 0
-18.4025 -28.3886 0
-7.04204 -1.11562 0
45.6096 7.16784 32.7053
163.224 -70.9772 0.823942
-64.1785 -56.1082 16.6593
-2.48184 -3.84299 0
-2.3849 0.92505 0
-74.2911 1.1355e-05 100.006
-75.5612 -0.00536955 8.86358
-14.7739 -28.039 0
-27.1869 22.8918 9.07231
12.5427 -5.06107 0
7.05538 -1.87128 0
14.7617 -34.9008 0
23.2921 -46.4543 7.38646
66.7397 -44.2334 112.306
1.29711 1.51201 30.1366
-48.392 20.2465 0
-1.3927 -5.96343 0
-2.54232 -1.53324 0
-3.13393 6.97838 0
0.801377 19.6293 0
68.5325 78.9805 35.0075
-10.3038 3.87986 0
8.86139 50.6358 0
69.3068 5.62239 0
-135.267 -9.20929 18.2439
5.89957 -23.142 16.8843
0.393883 1.7884 0
-34.7557 223.863 46.2227
0.502913 1.90864 0
40.4203 8.37878 0
-33.8097 21.9824 0
2.25956 -5.1136 0
-3.70548 -8.58064 0
0.111063 1.2987 0
-0.205605 -3.3131 0
36.2623 -160.271 12.4074
-2.56101 2.37464 0
-0.689761 -1.98985 0
-74.3691 0.300032 99.9473
-75.5447 0.29974 8.9126
-51.5403 16.9163 0.536958
-172.643 37.2497 20.4747
-1.70981 2.65476 0
25.5287 -32.5715 16.5622
30.9445 -1.01344 0
22.3577 26.0072 0
-70.5214 -10.6859 36.6526
23.9235 42.2875 10.7754
-0.561205 3.65332 0
-22.0129 110.324 109.719
-2.65862 -0.58079 0
40.7656 -32.0601 0
-8.02697 7.14273 0
39.3781 -63.8326 11.8735
6.3673 -6.61419 0
-33.7454 94.2118 0
78.278 -0.334492 167.106
49.6028 8.26058 15.1394
38.9117 31.1154 83.2907
-2.32708 0.395731 0
3.24127 4.73973 0
-65.2587 -60.4981 11.6833
-2.3459 0.576754 0
-26.329 59.1773 0
58.556 -90.9643 21.2461
33.5569 -28.644 0
4.05899 -30.7457 0
33.5037 169.595 139.783
0.0818673 -3.11213 0
-1.42641 3.61873 0
-0.711523 -4.35616 0
-1.01902 -1.81484 0
-0.988673 -17.7738 0
-2.1592 -4.58467 0
69.4632 -30.326 116.202
-0.983685 -1.27308 0
3.90255 -17.5602 41.1908
5.29206 12.6779 0
-2.9711 -0.0855074 0
19.3249 57.5908 9.30193
-2.30247 -2.83817 0
0.25536 2.75369 0
-0.900675 -73.7205 99.9741
-0.288592 -73.8938 6.63417
-14.5811 -23.4314 32.1873
39.7812 41.4458 34.7854
9.03373 -12.4124 0
-10.17 37.4625 21.3727
57.6849 -85.1088 39.395
-51.9205 4.40846 10.4685
10.9158 -149.249 71.7228
54.9767 -15.2921 34.5003
-0.900026 -0.300203 50.4206
-0.900104 -0.300055 106.5
-0.900446 -0.300323 52.2007
46.3681 23.6325 0
7.20822 0.915726 6.70455
29.9578 29.5113 62.3505
-18.318 11.028 0
94.8583 89.2057 133.979
1.6541 1.74894 0
22.386 70.5261 158.632
0.275179 1.34701 0
-74.5281 46.7932 16.7855
6.52126 80.4013 38.5621
-0.900965 24.6826 0
31.4581 2.30837 0
-3.73194 0.411237 0
58.6029 -25.2879 40.4343
0.510997 -1.65549 0
3.27793 5.15332 0
-39.2782 -88.5414 0
-70.5326 92.4562 31.4583
41.765 -53.8621 67.5264
51.815 -70.8348 91.5672
7.7171 -64.5662 61.0728
-1.76864 -53.1532 0
6.97175 11.9859 0
-384.697 -127.236 150.229
10.8773 1.40794 0
12.0337 -99.5167 0
14.3168 -35.0923 0
2.25904 4.61966 0
-4.8217 -1.43727 0
-1.25239 -69.7139 48.0822
-0.900014 3.07676e-05 50.4238
-0.900097 2.17788e-13 106.559
-0.901897 0.000296517 52.2527
-2.87098 0.0650593 0
13.6826 -17.5614 0
15.5466 1.26317 27.1297
12.9889 4.72374 35.451
22.8964 6.85145 180.299
-4.22124 -19.1408 0
42.9448 7.27383 57.959
53.4453 1.28214 72.2467
8.87552 -61.375 0
15.4457 36.013 62.7985
-0.90172 37.0927 45.4383
-4.8499 -16.3063 0
7.46597 10.5681 15.263
-42.6033 30.8936 10.5773
17.7179 125.482 0
-2.00942 2.2764 0
-1.74759 1.68249 0
-2.24822 0.608149 0
-6.54763 -32.164 10.3679
-8.00511 109.451 3.76977
7.65276 -64.4696 61.6305
3.1873 -9.56155 36.2655
31.0884 81.5432 13.5639
2.50887 -18.9785 0
61.4762 13.1692 111.848
-51.7428 -35.2158 111.905
37.9875 -59.0087 6.1839
0.960325 3.46219 0
52.5738 121.832 55.5497
-0.467011 0.160318 0
-0.900081 0.3001 50.4208
-0.900104 0.300055 106.5
-0.903012 0.30031 52.2014
-21.3713 -49.5013 69.4476
7.15668 8.53426 0
22.6309 -49.3401 47.6058
0.171358 0.4501 0
26.0313 -69.6734 8.33537
17.7232 -11.7838 10.7306
36.2742 -37.2861 0
-1.21109 -3.06564 0
-1.72938 1.9301 0
-0.900499 85.4916 92.9196
-0.900606 74.4494 3.83325
17.7864 20.3824 0
-5.39964 -21.2736 13.6219
28.3561 70.6144 47.0368
-4.17509 -13.9382 0
35.3172 55.6987 65.468
53.028 75.7992 0.560733
6.69964 1.18642 0
112.378 144.639 62.056
-0.90373 3.41546 0
-34.432 -211.249 213.893
-2.00433 3.04032 0
43.281 -80.2829 76.6833
45.0707 -25.8985 103.736
0.828487 2.07942 0
140.29 -11.5247 127.228
141.911 49.37 70.9052
2.05109 -3.12952 0
1.4124 -24.8661 0
0.135999 2.14556 0
-26.5588 -50.5684 17.6015
-0.991791 -10.0404 0
-249.778 149.074 0
-1.24292 -1.22018 0
65.0613 45.2169 10.7742
-2.72419 -1.15633 0
-28.828 -16.3282 0
-129.014 -3.57074 25.3408
23.2918 -9.35754 0
-0.551507 -3.38503 0
3.52589 7.19752 0
-30.6873 47.0575 0
-0.578661 -1.35875 0
0.949687 10.0985 0
-7.72822 7.12443 0
16.1765 59.8281 18.8366
13.379 2.99065 0
-17.573 -29.7173 0
2.96879 42.9488 0
16.7451 -19.8083 28.1286
2.99428 -1.59677 0
-75.6692 4.96808 0
-56.8922 -6.4473 75.3614
72.6006 7.88555 41.4419
24.1091 -0.300963 0
27.2203 -113.059 116.228
-10.4683 -6.93945 0
19.3955 -51.1049 118.642
-66.8981 -39.1305 207.728
-77.6886 83.4912 0
14.5691 9.91515 0
82.8072 17.364 0
51.448 82.5664 89.6939
19.8915 -21.7445 0
-96.5277 -460.612 194.963
6.68438 -13.2648 0
-5.62037 -3.20831 0
-2.26085 -0.95335 0
-1.39759 -1.62224 0
49.2811 85.0496 52.5859
-1.87911 -2.11661 0
-2.26996 -1.59168 0
-14.1217 -2.6505 77.4541
-2.15169 3.02499 0
67.5569 -66.8836 30.1246
110.647 -145.407 84.4394
35.5941 45.9316 35.424
-23.8246 18.3672 0
1.75164 1.95343 0
38.9099 73.1564 10.0708
97.1951 31.7231 15.4986
-2.47278 0.455094 0
54.7967 79.7686 118.116
1.27909 -5.85696 0
65.5333 16.4461 0
-112.152 7.97762 11.2756
70.0361 8.00752 42.0403
24.1185 -0.00021782 0
47.5185 54.4724 29.532
5.90766 0.860993 0
-88.1681 -21.5258 9.52428
0.190896 -1.63822 0
1.16217 -1.55767 0
5.05473 -6.064 0
-63.8833 42.9509 24.3825
-16.8519 -0.30912 28.4669
1.23632 1.75239 0
193.342 64.2904 52.8132
-210.864 -40.2323 92.7877
0.052796 17.2511 48.5939
1.15575 2.8202 0
-25.5941 -41.6291 31.2846
1.2538 4.84741 0
5.05081 -3.1621 0
15.2147 14.0849 14.7017
-82.2731 -83.9988 19.7236
2.64461 -1.14865 0
18.6363 -4.53648 49.1756
-6.65375 355.26 28.0787
7.11887 -7.28538 0
-3.17576 -1.63094 0
-2.13625 3.71269 0
32.7431 -46.6738 35.923
104.263 -130.594 70.3622
-2.2999 0.646195 0
41.9502 -50.0581 148.336
-2.97764 -101.835 0
-70.0197 31.3445 75.3631
-108.68 4.31873 5.23922
73.0239 -2.62982 42.3702
24.1084 0.301078 0
220.081 -449.27 598.614
68.7962 64.8966 216.109
20.0327 55.6818 49.1003
7.00853 -49.6705 16.7447
2.38343 -0.845737 0
1.4151 -5.49137 0
-8.08386 -2.43346 0
81.6509 -15.1452 45.5328
0.871905 1.68401 0
0.151578 -1.80301 0
-3.6218 7.88917 0
166.744 240.746 18.9324
81.1383 -48.769 7.42933
0.297979 1.373 0
-244.269 26.1185 103.319
2.3983 0.467917 0
-12.9759 4.85882 0
17.1937 -102.836 8.11163
8.41343 -2.65447 0
1.48272 -2.20511 0
41.8677 69.5588 0.015832
-15.2491 -50.6952 54.1551
-2.13984 0.0648037 0
-3.73082 -8.93364 0
-21.5065 13.0019 0
-141.521 32.1116 0
20.8925 6.88243 0
0.739581 2.74607 0
-57.7649 148.747 0
28.616 3.38726 0
-0.883178 2.56254 0
-26.2777 15.7083 0
71.2585 -6.42403 33.0642
1.62563 1.49756 0
-2.3554 0.37246 0
-2.9517 -2.88338 0
1.71789 1.42584 0
-1.06309 -1.75321 0
4.57531 4.17976 0
-6.1816 -6.36921 0
80.1485 110.642 106.96
-0.504214 -2.08803 0
-11.4594 -9.27546 0
65.5289 109.471 56.4081
0.05211 72.0616 65.1001
-28.5424 4.90579 0
-78.112 -53.3764 0
-8.85484 -4.87627 0
48.4815 12.5641 30.714
21.7048 7.72512 69.6538
25.8936 -9.83314 0
3.66259 2.46711 0
7.67305 -0.493519 0
-8.35783 18.3183 83.9382
-67.2744 -2.52306 0
10.1249 7.7509 0
-2.33074 0.817958 0
-50.2938 10.3671 0
-112.001 61.5245 27.9641
41.8224 41.0248 31.0615
23.5322 -16.4509 0
-13.0145 -96.4638 0
26.2184 17.3055 0
-0.15607 -1.87982 0
-18.8402 24.5574 0
60.9896 -17.7083 40.3961
0.0574523 -1.99114 0
1.31452 1.2683 0
285.205 -91.9352 55.3766
-2.89926 -7.76886 0
-2.24809 0.162787 0
-3.27907 -0.148738 0
-3.85682 -21.5041 0
-10.5207 16.4384 87.5869
-2.21195 -0.381172 0
22.504 13.5781 107.322
113.107 -37.3458 1.26912
-11.9039 -49.7442 0
-0.753828 2.8663 0
-66.5513 -5.22903 0
-2.59437 -0.406196 0
6.60555 1.43456 0
9.65303 -76.2275 66.2017
42.4481 -86.9229 72.8613
16.4882 -5.17494 4.98704
98.654 28.1924 18.1874
-32.4015 14.0638 74.7566
-64.53 -0.67531 18.2401
3.99876 -6.41804 0
11.6936 -16.4688 6.98295
-19.6141 1.69377 0
-5.46865 0.418206 0
-54.6992 -84.7463 8.06446
-105.699 68.8335 9.58689
-135.909 41.2007 51.7335
-1.81708 3.49118 0
-0.209259 1.68138 0
-3.49241 6.28328 0
1.45077 -4.46206 0
211.514 11.0711 450.191
-2.42776 1.12667 0
220.843 -136.613 61.3338
-8.00294 15.5356 0
-146.698 36.1027 21.3794
29.0155 31.3718 87.076
-338.069 243.066 153.435
-2.73742 1.09259 0
-18.347 13.2689 0
15.4741 -180.937 44.1554
67.7664 6.83726 41.186
-19.5526 -54.389 0
-11.074 -4.36854 0
-2.80608 3.50492 0
-1.10935 -4.48713 0
2.64523 16.351 0
3.18489 0.296327 0
37.5143 -6.61453 47.1516
-1.03033 -1.47298 0
-0.311759 1.36204 0
-17.5219 -3.70099 84.2023
-78.7203 1.23315 2.56673
-0.14283 -1.63033 0
65.1782 -31.4433 72.2457
85.0179 -99.5567 8.39991
-31.2955 33.8557 0
6.61889 3.10087 0
9.72293 -38.4366 0
-3.8527 5.7982 0
-2.27171 0.522314 0
-1.57471 1.70351 0
-12.2178 11.5259 0
-147.015 226.4 7.93779
-29.5901 -49.7764 0
-3.86028 -41.7876 11.8401
25.9418 67.0802 0.462736
5.80512 7.56096 0
-2.2165 -5.73524 0
77.2556 119.053 121.288
-47.5943 -14.3214 104.496
-34.1832 -15.7561 0
-0.209173 -1.58381 0
-0.0542084 1.71891 0
100.303 -27.2734 22.0664
-0.764841 2.33769 0
-3.87852 27.2268 0
16.9076 47.4108 9.91615
26.5823 -44.4582 39.2912
-2.04384 1.51115 0
9.52027 -59.7031 5.61175
-7.42364 3.58346 0
-10.0453 117.349 18.2337
-0.633324 -4.34431 0
-0.20207 -3.13092 0
-3.28076 -18.3561 0
0.209302 -4.10105 0
-0.947773 10.0922 0
46.4698 58.7675 0.866683
183.999 21.7131 108.717
9.95792 44.0517 12.3591
2.54057 -8.80838 23.9942
-0.124888 2.40961 0
26.4839 -1.67687 0
-7.09944 -9.15355 0
-0.600022 -61.1238 108.427
-0.00232356 -74.5451 5.55952
15.9914 -4.92624 0
4.20573 -0.114665 0
-1.73111 3.52044 0
50.9168 -113.183 148.417
-112.836 -49.3346 83.8774
-8.85478 20.0022 50.9775
-0.598951 -1.73841 0
-0.734491 4.25853 0
-0.600033 -0.300262 50.4228
-0.600009 -0.300039 106.771
-0.600096 -0.300408 52.4382
-2.00184 -1.67007 0
-26.9223 -30.0694 0
3.55892 6.18948 0
8.85899 3.25329 0
-21.8482 42.6525 77.806
4.7933 2.49829 0
10.5076 -13.5289 16.382
2.13498 -0.802993 0
7.2476 -111.868 12.2472
7.55816 68.5032 42.8109
-0.600493 24.4859 0
3.18258 16.9976 0
4.53314 5.24301 0
-3.7275 14.7128 0
0.873653 -5.58812 0
-1.82733 81.513 12.6992
50.7344 -4.07529 31.5113
19.021 16.3722 0
-0.160348 -1.54057 0
21.3998 52.5805 41.9082
8.79231 -51.0704 63.7297
-1.58657 -54.0189 0
-6.91188 16.8671 0
19.606 54.1947 0
0.778441 -7.20476 0
-24.4017 28.8391 40.8495
-31.2894 18.0898 0
68.4737 -115.936 43.2586
60.8058 -116.911 50.5305
-0.70466 1.36061 0
-0.599851 4.30131e-05 50.4384
-0.600008 1.93758e-09 106.822
-0.600215 2.97994e-05 52.4832
30.6798 -33.7025 44.2697
-17.2114 -7.55194 0
66.2554 27.8662 30.3508
18.3012 9.56773 3.91798
7.41868 -6.49633 27.2405
12.1155 17.9467 59.3308
56.4925 23.922 144.697
15.9476 1.58371 23.5443
-0.461608 -0.153551 0
8.26801 57.7044 49.9968
-4.81216 33.3371 47.0538
24.7971 -30.4185 43.2098
-0.0476083 3.72567 0
0.899133 15.498 0
-0.370889 3.9512 0
19.4191 19.7386 0
-1.38607 -1.42112 0
3.8879 37.6875 0
9.97046 3.42763 0
1.55694 63.6254 0
8.65569 -51.1014 64.5837
4.07207 -8.93252 37.4113
1.35096 -8.8564 0
11.7572 35.8937 26.1269
-2.78406 -1.35442 0
8.4102 -22.6033 0
-1.2031 2.25642 0
22.7881 168.986 208.4
7.2868 -63.5579 0
-0.864138 -1.70093 0
-0.599921 0.30007 50.4233
-0.600009 0.300039 106.771
-0.600944 0.300201 52.4388
-49.0985 0.784973 6.32419
10.3611 -18.4457 0
-1.02118 -2.26029 0
7.77033 -31.365 74.1023
29.1899 -41.3576 0
-11.2158 -36.2807 0
-12.1001 -23.0482 17.7599
-52.0254 -41.8089 39.7055
-3.55562 0.42146 0
-0.600033 74.0865 102.539
-1.20295 74.5383 5.57568
-0.677343 -2.9746 0
-10.8458 3.35297 0
15.5286 -6.3402 24.7061
-67.3829 101.198 134.06
-1.70617 -5.80916 0
-22.6825 -8.7665 0
-0.221052 -15.4467 2.68151
6.31808 83.8941 25.1349
-0.598573 3.41467 0
-7.32857 -2.56467 0
57.3936 -0.0125049 31.9194
-35.7093 89.8934 0
6.47178 6.93705 0
-48.3511 -85.5232 23.7355
-1.42983 3.04653 0
-4.00773 -26.4548 136.849
-58.7789 -51.8043 0
8.32178 -20.6992 0
-2.54355 0.589026 0
-55.1229 12.859 0
-1.62151 -2.58578 0
-1.16983 -1.65484 0
0.237639 -2.21412 0
3.33461 -2.76923 0
0.935843 -2.27271 0
-43.0958 -23.3698 0
21.3858 -59.2367 47.9114
148.242 164.512 0
1.6355 -2.2855 0
-39.0317 -93.0731 112.744
2.21882 -2.85057 0
11.1294 -9.15593 0
0.507974 6.90019 0
1.41138 -4.38943 0
16.1068 -31.399 0
1.83138 -2.06106 0
2.38192 -0.170209 0
52.524 10.0296 9.99154
18.3347 -6.21578 2.03135
34.9359 77.5756 17.8397
-0.780043 1.64128 0
-62.5783 9.70942 0
70.5763 8.05112 42.2798
24.4212 -0.301887 0
4.12326 -4.74305 0
2.42847 -2.86379 0
92.4301 -11.0894 1.78488
-45.18 -12.9696 0
58.7886 -38.2131 0.202778
39.8224 -43.3576 6.8852
-2.75887 1.46022 0
-1.64338 -2.83761 0
61.1819 9.09622 0
0.790033 3.59429 0
-1.65535 -4.14712 0
26.8252 132.232 172.144
-2.24819 -3.57701 0
-124.231 14.4814 26.4176
-160.37 102.376 119.212
-0.432106 -0.168821 0
-2.28405 -0.0522338 0
-2.95667 -1.31426 0
3.31003 8.28374 0
-4.50731 -7.5056 0
209.868 -9.15257 3.53814
35.175 47.3082 35.1951
-6.90196 0.552807 0
-4.98003 -3.08351 0
-93.0755 23.2332 72.0384
-15.4327 84.5682 78.8042
36.6711 34.6395 0
-0.284392 -9.78363 0
-0.228544 -1.3453 0
28.2642 -23.9616 43.5611
-2.64321 3.44217 0
68.0658 8.17581 42.8737
24.1795 7.08297e-06 0
20.8266 -13.4595 0
24.3152 69.4678 29.0054
49.6943 196.882 177.836
19.7342 -14.4772 32.9347
67.3535 -3.29422 11.4988
22.1623 -12.7051 11.9831
-9.10773 -85.2937 16.0689
9.32962 38.9509 0
-5.64146 1.71868 0
-56.3386 -86.9496 155.217
-195.151 35.1234 119.207
-85.5101 -120.035 22.2431
-9.2337 -5.00863 0.603764
41.3242 -70.3658 17.8805
-2.07773 4.49394 0
10.2201 -8.60754 0
-0.0797235 1.58945 0
-0.985779 -1.43194 0
41.4908 44.2894 85.939
-8.81084 -8.27633 0
123.969 43.9029 158.547
6.97759 -7.31267 0
-0.376181 -6.27569 0
-4.14701 2.57802 0
12.7843 -20.5642 0
68.3436 -79.0237 140.277
0.400851 -2.47723 0
11.1544 -48.2298 0
1.17202 -1.87197 0
7.26924 -3.36273 0
-205.015 71.53 3.25568
70.9042 -2.63248 43.3021
24.4203 0.301965 0
2.85059 -0.575318 0
-149.974 64.3876 11.2721
74.994 -29.0031 0
36.3357 -16.9527 0
1.44066 2.3321 0
-53.4259 38.8448 51.5829
23.9287 -6.4294 0
52.0132 2.22508 32.5314
0.408012 1.47953 0
9.83706 8.5747 0
10.7703 4.40478 0
-14.9124 -78.8095 0
2.05572 0.211401 0
-120.48 -72.4493 44.1474
33.9291 22.8844 0
6.17828 2.70977 0
-43.3326 -2.92281 39.6259
14.5471 -74.6281 0
22.1651 -59.2555 16.3767
-11.1153 6.94073 0
-4.73887 4.74437 0
-41.1211 16.5146 19.6045
-2.0315 -0.204739 0
-4.00525 -4.88281 0
-6.01741 6.40263 0
-46.937 78.3107 42.6566
-42.0585 -54.4323 4.58001
1.41745 -31.5916 5.39406
5.05869 8.07984 0
-2.00342 -0.941844 0
-0.282198 -1.59562 0
58.7644 15.4198 47.5952
-73.4292 19.9932 5.52788
-2.91649 -0.381113 0
7.34093 2.85466 0
-176.446 -113.601 0
-4.39864 -2.63036 0
2.82765 -0.273965 23.1087
-2.20714 0.142479 0
51.3525 -40.3337 23.771
-30.196 61.4132 3.92218
-45.8493 -39.9876 0
-11.1535 -9.25267 0
19.8583 128.468 23.8602
1.54136 73.513 64.6542
58.4079 -44.5707 20.4003
3.88141 -2.10451 0
-39.8303 7.96855 71.7975
1.03308 -5.72626 0
6.17663 16.149 0
13.1554 65.735 47.9963
82.9335 -62.581 0
7.13281 0.168929 0
-54.0459 9.07694 63.6392
-48.78 -1.96961 0
10.5929 9.24598 0
5.97282 2.39863 0
7.48372 -6.66069 4.51133
-65.8645 22.7835 0
-7.92611 -13.9879 0
-11.7661 -0.117378 0
-30.2048 8.31846 0
39.5191 -166.841 90.499
-0.304845 -1.92241 0
25.7505 59.203 0
-25.8468 -30.0955 0
2.90755 -3.08245 0
-0.656962 -1.51546 0
-0.804266 -1.70315 0
11.9652 6.42054 4.22199
-2.49244 -1.25806 0
-2.99724 -2.53994 0
-2.19832 -0.91281 0
-3.70329 -0.430962 0
-2.47724 0.583631 0
38.323 28.811 100.94
-13.3593 30.8716 48.1108
5.16421 -2.09065 0
-4.06372 -4.62274 0
114.365 162.682 65.2831
-169.492 -36.6767 30.9046
-77.5926 117.765 6.44557
47.8729 -1.75133 0
-15.0678 74.6799 6.36701
-4.09421 2.54563 0
0.730264 -1.59657 0
-51.5401 9.26946 64.6159
-33.5997 -0.729004 34.2957
11.2683 -13.1646 0
0.189408 -14.6392 0
-10.9172 -0.563943 0
-37.6585 -7.1138 16.248
-45.4297 -27.0732 9.98398
2.14691 3.77064 0
-18.0868 -22.0719 0
34.8503 -25.2223 0
0.745255 1.65574 0
2.18779 3.69089 0
26.1431 -40.5554 53.2128
36.5317 -61.4823 0
-0.656809 -1.49471 0
-28.7811 -15.6449 67.6489
-4.06555 3.67518 0
-72.0066 58.0106 4.58716
-2.70306 0.590064 0
174.403 -160.793 94.9986
0.148996 -2.363 0
10.7488 -37.5584 48.2942
67.2697 -182.232 25.7582
-11.0575 0.0453969 0
-94.3291 142.514 178.499
-3.35375 -1.54558 0
-11.1765 -154.313 71.4435
29.8618 -52.9763 27.1898
0.428553 1.81115 0
4.36883 -49.7044 3.52645
-238.358 -66.7382 25.1616
-3.04013 1.87758 83.1369
1.01187 -0.449618 0
-53.854 -2.03368 67.0135
-66.9654 0.867145 6.48321
7.65086 -10.1348 0
-92.5234 -1.85317 45.8832
-42.5216 -58.6058 12.7457
23.8996 2.03021 34.5335
-54.0519 -28.3279 24.9945
0.79059 1.4008 0
0.126201 1.49006 0
-0.381059 1.57287 0
-0.613388 1.61382 0
-12.5285 12.0892 0
-1.49526 -4.65788 0
2.68167 3.09398 0
77.1564 67.2113 0
-1.61402 4.1761 0
-13.5379 25.1732 132.996
-154.66 -62.1824 6.23759
50.4631 -125.435 78.4972
-2.27439 1.20916 0
-15.6438 -8.27447 78.8309
-2.12207 -0.0872784 0
-94.1951 -105.123 6.41416
4.46244 -14.4799 0
-0.418441 1.80033 0
2.58881 -10.2213 0
34.197 25.0686 0.0938155
-20.9076 -5.36518 0
-3.18424 -0.874321 0
-3.79737 -0.584467 0
-2.38583 -4.4999 0
-2.00129 -0.144311 0
-0.299989 -3.86608 0
-0.0200558 -3.2119 0
-2.90023 -19.5783 0
0.419042 -4.12005 0
-1.03951 10.0529 0
-1.56801 -5.84768 0
68.1394 -91.6364 68.6993
-6.30947 45.0123 81.7854
-1.29327 9.43056 0
-30.3241 85.254 46.3564
4.62077 -8.70715 0
2.29225 -0.843386 0
-0.299985 -61.0961 108.444
0.298235 -74.5455 5.55257
-250.1 144.122 30.5527
145.419 -403.534 207.4
-0.523485 4.19318 0
0.433582 1.25885 0
2.80617 2.41572 0
48.2101 14.4471 0
85.58 24.0645 0
0.228662 1.50288 0
-0.30002 -0.300025 50.4239
-0.3 -0.300039 106.774
-0.300002 -0.300115 52.4394
-50.9872 36.3828 55.6332
14.4871 -31.7688 0
-2.53835 5.42532 0
12.0061 70.3093 65.6003
-120.196 78.9688 142.971
15.3171 52.7787 35.2401
20.3708 9.07742 0
45.2822 20.2757 46.028
7.83405 -111.523 11.6081
7.86106 68.4713 42.834
-0.300561 24.4873 0
1.45908 -37.8325 9.07869
0.958321 2.53498 0
-3.1265 -0.595768 0
9.79405 1.36523 0
-1.23188 -0.700099 34.9977
75.4873 75.8151 72.706
187.73 -235.285 67.1339
0.243306 -2.63429 0
22.4293 51.5745 44.9329
9.09867 -51.0256 63.7426
-1.28581 -54.0186 0
19.4958 -104.345 52.3799
0.658573 1.44254 0
-5.13733 5.4056 0
-97.7181 -47.8484 5.87349
21.2191 -122.125 23.9346
-0.729592 -2.17014 0
-1.08361 -101.326 35.0773
53.2136 37.1395 34.8434
-0.29984 4.6049e-05 50.4406
-0.3 4.18919e-08 106.824
-0.299864 3.89551e-05 52.4852
-9.91365 -13.2545 31.6949
-2.17749 -2.49048 0
114.858 -102.069 64.4205
8.80148 -0.906158 0
13.7496 -0.30662 28.8729
2.58456 0.615508 0
-34.1438 39.9565 84.9935
6.96382 20.8066 0
-0.018773 -1.5215 0
8.5753 57.6617 50.0158
-4.3968 33.5843 46.9995
3.33002 -0.42268 0
66.1406 1.55964 48.7973
2.67563 8.02173 0
-3.04923 1.84515 0
-64.291 -94.6985 16.5459
0.316432 -2.8314 0
-24.8264 121.005 128.865
-23.5069 72.9842 116.234
5.18487 70.44 0
8.95906 -51.0613 64.6034
4.38068 -8.94238 37.4204
-3.90185 1.90715 0
11.9519 38.1698 12.4229
9.20993 67.4351 29.4414
23.2724 39.228 43.3385
-3.72904 0.380768 0
-23.1858 -78.2851 0
-9.57677 -63.7337 11.3243
0.763469 0.128424 0
-0.299859 0.300041 50.4246
-0.299922 0.300061 106.774
-0.300061 0.300129 52.44
9.63524 9.52127 0
-1.4382 -1.52485 0
14.0402 55.5719 0
-61.2209 -76.7994 40.3943
-24.47 -52.1314 132.58
-12.0783 -35.8658 36.7029
-7.56934 40.4686 72.9385
14.0601 15.4092 0
-0.340839 1.98118 0
-0.299981 74.0611 102.559
-0.897586 74.5451 5.55246
-0.386217 -2.97282 0
-20.2529 40.0468 25.9915
-3.28881 3.01246 0
-1.65905 -21.6065 0
6.7152 22.637 0
-12.2643 -30.9937 0
5.84821 13.8839 0
3.77897 2.12839 0
-0.291625 3.41831 0
-160.215 -73.4025 75.0168
-1.19211 -75.4447 0
79.1368 92.7544 163.433
-1.41887 -4.14598 0
49.2845 -0.418887 34.672
18.4783 132.347 30.381
-46.4992 -75.8114 104.999
1.78851 -8.85603 0
0.0401416 5.33019 0
5.72198 1.74312 0
0.582678 1.66162 0
-4.49309 -0.701481 0
8.59731 2.23628 0
2.48284 -3.10371 0
1.89689 -1.93517 0
5.52809 -4.28372 0
23.9394 79.6258 2.67514
-6.06564 6.28151 2.42676
-11.6568 5.24462 0
30.4632 -22.8544 10.9176
4.81223 4.33379 0
7.8139 -7.70607 0
11.445 -9.17923 0
7.16146 9.32964 0
1.55619 -4.13733 0
0.0507732 -3.92779 0
18.4697 83.1577 25.8087
-0.519639 6.20653 0
30.8227 72.2249 7.18692
18.946 -9.2331 0
0.452241 4.55974 0
1.04929 -0.489607 0
-28.9062 -11.4229 0
70.8754 8.05492 42.2821
24.7224 -0.301207 0
5.53982 3.28635 0
2.14784 0.283046 0
0.423779 -2.25089 0
-59.6096 -14.1506 37.1537
-20.7679 -70.2002 2.73429
-58.0771 38.1984 33.5734
105.682 -71.1776 46.6212
-0.644409 1.2534 0
-0.446458 -0.118021 0
2.11216 4.15516 0
-1.29515 -4.15955 0
-45.2829 72.4311 68.3218
-28.3001 43.8593 83.3358
0.351128 1.59233 0
-11.141 31.141 0
38.2791 -55.9003 0
-0.19302 1.35729 0
-1.02849 -5.29876 0
4.25933 -0.604235 0
0.440981 0.184784 0
196.089 5.88155 0
35.434 47.3263 35.198
-126.389 89.7855 6.09233
-2.19302 2.54738 0
64.1555 -44.4255 0
19.924 81.2604 53.3403
0.42032 -1.93127 0
42.8158 -28.6533 0
71.7765 -65.0632 39.2491
-141.056 37.3554 26.2426
-2.89891 0.249828 0
68.3728 8.17641 42.8737
24.4824 0.000305361 0
0.427622 -2.33661 0
-57.2389 21.6665 48.062
15.5857 -1.37671 0
1.04623 2.80904 0
24.2109 21.3033 0
-2.30784 0.813175 0
-6.42186 -1.52114 0
-4.41562 -2.65934 0
66.3794 121.594 144.996
-106.521 -173.622 104.673
-194.896 35.6683 118.991
13.3874 -130.682 45.1953
-13.6045 -20.426 0
31.8431 7.26842 0
-27.0394 8.38344 28.8402
0.626576 1.86888 0
36.2512 -19.5917 0
-0.424455 1.17818 0
0.708214 1.71909 0
1.29555 1.97912 0
125.764 35.4733 153.524
9.26 -9.81742 0
-6.81599 -8.36911 0
2.49201 2.21339 0
66.2907 -102.887 74.9314
-35.8221 47.2409 0
37.9503 84.1924 0
-19.4901 7.61826 0
1.85585 3.26523 0
-13.9996 38.957 18.1457
-2.13131 -0.200868 0
71.2027 -2.63493 43.3044
24.4699 0.301804 0
91.2 48.4478 19.4104
-0.487145 -42.1742 20.242
46.7369 -19.5987 64.5734
5.328 -1.22101 0
118.74 -33.916 34.9467
9.35824 -0.490824 0
-21.5181 -95.0949 29.5703
-3.55244 -0.299314 0
0.329993 1.47321 0
10.1482 8.59579 0
11.0651 4.35631 0
-14.7468 -80.3157 0
1.92433 -2.4659 0
41.615 -5.23582 4.73664
2.60298 1.36126 0
24.0371 -2.46633 0
-6.74859 0.49137 0
-0.410414 1.19713 0
-0.163642 1.75674 0
42.684 235.226 157.963
-7.59822 4.38165 0
-41.5804 -76.9423 109.417
2.77224 0.968631 0
-17.0099 -43.1755 3.24507
139.641 -68.7775 71.051
13.9859 -24.4196 28.1627
41.3759 -5.35001 14.315
-35.9116 53.4859 4.00092
-3.13909 -0.733482 0
21.4277 -95.5721 21.9158
1.0705 -2.34904 0
-6.45346 -76.5624 31.7387
-93.8243 134.657 98.2686
-0.720251 -2.75996 0
-11.4583 -16.2263 67.9307
1.72378 -2.8905 0
1.09568 2.02175 0
-0.221186 1.41897 0
4.14276 -3.49872 0
31.6449 -16.402 12.1892
1.43817 8.05209 1.09599
-23.9468 -22.137 0
-10.8534 -9.25257 0
17.7688 128.42 21.8433
1.90097 71.6505 64.1252
-29.2612 15.899 0
69.4767 71.16 26.0478
151.925 -35.1879 71.4766
-44.2489 -38.6752 0
-47.335 23.6956 49.4138
11.7362 30.4901 64.1286
5.6584 2.77621 0
3.52009 -1.93463 0
-53.7429 9.07591 63.6389
-24.7712 -0.300852 0
84.857 104.964 0
0.974911 -1.62399 0
54.3355 14.5282 1.98802
29.5849 -79.8153 29.1437
63.2881 -8.70779 3.28166
-3.47056 -0.730453 0
1.29707 81.798 56.7627
36.3661 -50.231 4.19005
2.25937 -0.410646 0
-60.1178 147.881 0
-5.72093 34.0236 49.2844
3.06503 -3.24897 0
-0.203361 1.3688 0
-88.3494 -44.8663 82.4081
0.474577 1.42546 0
62.166 214.379 1.84334
3.95521 13.7317 0
-67.4431 156.539 2.42818
-2.57276 0.327488 0
-0.514275 1.87071 0
38.8172 29.018 100.767
-41.6119 31.6012 38.3697
171.178 -114.789 61.5028
-10.5519 -24.5287 0
21.6369 162.148 44.6508
12.2967 65.0017 8.77708
42.8863 66.7692 0.890253
-0.726093 -0.464549 0
-3.88985 -4.71856 0
-0.614568 -4.68929 0
0.791676 1.58935 0
-51.2399 9.26948 64.6171
-24.7827 0.000146137 0
-5.33124 0.934797 0
-30.8254 -2.69823 68.4231
-10.2646 -0.530412 0
-7.28263 -0.254095 0
-42.6325 1.11859 0
-4.42462 3.97189 0
13.1364 -11.954 0
-3.0231 -0.0495501 0
-1.30551 1.62103 0
1.2438 1.94788 0
-15.6191 -41.9004 47.8484
23.9161 -75.9231 6.5639
-18.0891 -14.4178 5.69725
-45.2085 51.2198 47.6969
-3.41457 3.48409 0
0.765482 -0.460702 0
45.7572 -27.4445 2.65575
0.02051 2.98001 0
-1.21722 -1.2904 0
-0.117635 2.90041 0
72.7487 -181.203 24.0669
-7.92612 -7.7416 0
34.4184 -61.9599 156.075
0.70865 -33.9308 0
-115.778 -51.5541 30.8252
-0.018819 -8.37648 0
0.543059 1.38534 0
0.367731 1.70901 0
-10.1689 25.6316 0
-0.366749 -34.4903 28.9664
1.20376 1.51691 0
-53.5512 -2.03276 67.0128
-24.7714 0.301215 0
-6.5266 -18.1218 0
-92.2208 -1.8002 45.9201
-2.76128 -3.37126 0
-1.44211 -5.92295 0
-1.01912 3.32809 0
-11.4021 65.0287 62.373
-2.81734 3.81579 0
-10.4333 -2.94765 0
-55.3146 33.886 1.65188
-12.2284 12.0891 0
2.38342 6.54019 0
-0.0419047 9.47919 0
-30.2936 56.9199 0
-0.234178 3.36928 0
133.714 36.0932 122.123
-2.93584 0.646507 0
14.3553 -4.6999 48.8716
56.7382 25.754 40.6127
-80.1827 -31.185 68.2433
-3.78669 1.25985 0
-4.32833 6.92898 0
-48.8645 -16.8056 74.1227
-25.3209 59.2358 0
-10.3441 14.7751 0
-10.0225 88.9595 0
96.9651 58.1548 0
-0.733809 -0.165246 0
0.704817 -1.70721 0
-8.27022 8.07706 0
16.9378 43.4971 25.3009
-0.00133234 -3.86626 0
0.347499 -3.49899 0
-2.59667 -19.2543 0
0.717499 -4.11989 0
-0.699258 10.0926 0
-9.82747 3.33286 0
-2.08156 -5.23198 0
-5.59077 57.8659 72.7611
-10.5345 4.16879 13.1813
-29.7777 69.7678 29.1552
-2.02883 10.2398 0
0.992686 1.80829 0
1.4163e-05 -61.096 108.444
0.597334 -74.546 5.55301
-4.52405 -0.326025 0
16.6823 15.7758 83.7319
-2.50944 14.1041 0
41.709 -113.04 86.4074
-4.8787 45.704 6.3267
-22.3595 -7.04038 0
-5.89847 66.8808 5.01283
28.5667 61.9636 27.6797
-0.000222849 -0.300224 50.4242
7.78862e-08 -0.300039 106.774
1.61423e-05 -0.300673 52.4404
17.0938 -17.9239 15.586
-30.6346 -41.8657 18.5934
21.6094 1.52774 11.5213
8.39112 2.70532 0
-29.4762 -40.0795 22.5935
38.1868 24.2403 27.2846
-20.4069 17.0331 8.71059
2.43236 5.70914 0
8.04679 -111.583 11.4603
8.16692 68.4736 42.8342
0.000404921 24.4881 0
-3.08451 -12.1581 0
1.32326 2.4549 0
-1.22899 3.11406 0
0.869187 2.34965 0
0.0630195 -4.76385 0
-21.0717 -10.0172 18.7948
-0.33506 -3.21765 0
16.4382 -8.86196 0
2.81126 -1.58823 0
9.39926 -51.0251 63.7423
-0.985871 -54.0181 0
4.35106 -0.0484513 0
-4.27007 15.8126 0
124.864 -1.27586 229.967
3.1456 -10.4862 0
116.931 -19.3006 83.4716
1.8025 -1.96809 0
-11.6408 -95.6495 144.65
-3.41362 -1.79729 0
1.15651e-07 -2.67848e-07 50.4397
0.000145656 4.19338e-05 106.825
0.000104006 -5.96995e-05 52.4846
8.45487 54.357 69.1309
-17.7531 9.06039 12.6946
-1.32866 -1.56402 0
9.39764 -0.827394 0
14.5891 2.56391 27.5201
74.7433 96.2472 121.901
27.5792 62.8557 67.3211
1.92536 0.836474 0
0.52175 -1.57911 0
8.87622 57.6607 50.0153
-4.09672 33.5841 46.9995
17.1449 -27.6465 0
-4.4143 2.62126 48.9805
-0.624621 13.8238 0
-6.0148 8.06772 0
-70.6611 -84.3544 0
0.406458 1.46665 0
-0.357191 -1.4216 0
38.5565 -17.027 0.665619
3.77152 54.3502 0
9.2648 -51.063 64.6064
4.68644 -8.9569 37.4197
0.249653 -4.25569 0
14.757 45.2985 10.8068
-6.81058 127.953 26.7508
3.33696 -13.2702 0
-2.98088 1.67412 0
0.361329 -7.63803 0
13.5751 -28.2696 0
19.0813 -88.9529 60.8765
1.41173e-07 0.3 50.4238
0.000378008 0.300147 106.775
1.32609e-07 0.300102 52.4394
21.9249 -5.92818 2.74295
-1.24833 -1.95695 0
-64.4402 136.704 38.3755
-182.735 7.58854 44.6492
0.159632 -3.71519 0
5.34484 6.56499 0
-2.12333 0.287884 0
-0.718607 -1.17461 0
0.353309 -7.26175 0
0.000310357 74.0616 102.56
-0.597257 74.5466 5.55307
-0.0668159 -2.95864 0
-1.08565 -1.43187 0
20.2184 -20.3668 0
-89.3019 29.2534 1.78966
2.38458 3.77333 0
-30.865 12.2519 0
0.918444 -3.42322 0
-30.3531 37.4456 43.7958
0.0063887 3.41786 0
6.97623 -0.453393 0
0.864499 6.31242 0
-82.5477 83.8718 0.339359
-3.29971 -4.68612 0
-5.13596 4.98107 0
20.4441 155.215 37.0859
-23.2909 -49.5758 47.7967
12.7241 51.3451 130.278
10.8006 -14.8775 0
-15.992 -45.4286 166.15
-1.87823 -3.67492 0
-137.035 -18.2514 10.0052
14.9447 -1.3771 19.6263
-151.038 48.0941 42.8037
82.4266 -189.985 20.9558
98.3726 65.8524 105.502
-217.094 24.8563 97.0406
70.2033 48.9021 0
-9.36821 37.9191 0
-22.6102 2.37037 0
-0.449428 0.407893 0
8.09505 -7.69374 0
11.7453 -9.17931 0
0.666981 6.98483 0
-6.38697 -12.291 0
1.28441 -6.68694 0
-7.30705 -4.87973 0
22.6587 -5.66796 0
-35.6812 -9.16318 71.1187
22.2382 -7.61395 0
-0.150681 0.178553 0
-83.7445 73.3261 20.1346
39.3089 -119.28 6.81812
71.1729 8.06068 42.2782
24.7715 -0.30065 0
-24.4548 -25.9968 0
3.07746 0.498427 0
-39.7832 -20.4343 6.04185
42.6546 53.4119 8.61931
49.0827 -61.8828 0
-26.6465 -29.6458 0
1.55807 1.77111 0
6.43713 -8.88502 0
3.18322 1.37803 0
2.92068 4.93807 0
-0.949294 -4.16196 0
21.0849 56.0897 125.812
36.2385 63.415 0
0.540057 10.9104 0
-24.4146 -288.723 74.3823
-0.121301 -0.434348 0
2.01222 -0.255326 0
-22.8247 -66.9461 149.016
16.523 -11.0219 0
38.2099 87.1588 22.9132
201.139 11.183 0
33.7954 46.3867 35.309
-127.85 90.7891 5.55385
-0.163555 -1.42996 0
27.9888 -134.308 0
-89.3102 -21.3759 65.5113
-93.6633 8.11437 23.4778
-2.91906 -0.73885 0
-25.8948 -99.0939 0
12.1767 -19.7688 21.8873
29.3018 109.572 28.4647
68.6635 8.17508 42.8625
24.7821 0.000604801 0
-35.0006 32.3276 84.4379
-86.8368 -8.7327 0
108.302 77.1962 0
64.1346 -26.1863 2.08637
-12.614 -64.4825 6.57217
-18.0946 -9.42374 0
2.1344 3.03209 0
-93.0838 89.5927 188.733
-0.60273 1.4613 0
1.20387 -1.76553 0
-0.348031 -1.8826 0
-23.0734 -121.994 55.8873
32.0766 157.645 95.2064
-32.8269 -19.9383 0
-49.0284 21.759 0
-147.886 -22.7987 136.916
27.8603 -9.59353 0.0834489
-5.32291 2.04743 0
43.2124 -240.086 76.7734
77.5068 -49.2581 158.923
112.307 42.0599 182.63
-50.8927 32.2652 0
-3.81629 -1.82574 0
-1.53011 2.09276 0
71.4149 -19.5712 24.5561
-19.895 47.5151 7.48857
104.737 -8.09448 80.9938
56.2259 188.4 83.9315
78.0851 26.9988 108.813
-94.2044 57.4337 85.6887
-0.537007 -1.34516 0
71.5006 -2.63945 43.3009
24.7712 0.301578 0
1.93213 0.505208 0
-93.3504 -17.8879 21.0667
-8.6224 -8.4493 0
4.60655 3.87004 0
94.2175 187.209 57.92
46.0568 -78.7455 47.903
0.456591 40.5396 110.404
-90.2953 -124.026 236.183
-3.11299 3.79157 0
10.4484 8.59586 0
11.7168 5.27774 0
-14.3155 -80.3122 0
14.1815 -11.1126 0
21.4103 -156.078 1.1188
-37.6597 -98.8524 28.7535
-2.16964 2.72707 0
88.5806 53.2872 84.8938
26.9318 16.3389 0
96.0506 17.6024 34.2036
1.05567 -3.24868 0
-7.48751 2.91 0
42.7599 -102.974 19.5198
0.322443 1.49293 0
-0.736364 3.6472 0
2.4369 5.2568 0
0.35159 4.52127 0
5.51647 -5.15443 6.29877
-11.2644 -14.3369 0
46.4791 15.7283 0
398.799 47.4904 43.5008
1.74835 2.25457 0
35.8328 -95.0963 56.6339
41.8035 -24.2715 0
-1.64729 -1.47583 0
-61.9 -119.369 128.412
-4.88619 -7.39758 0
-4.81481 56.0039 41.922
-6.16438 85.8478 2.93232
-41.8319 22.8292 0
-2.1205 -3.06839 0
-11.794 49.5947 30.1426
-25.1709 -23.6333 0
-10.5532 -9.25249 0
18.0758 128.421 21.865
2.24382 73.5182 64.7098
-71.0796 -11.4818 23.2643
-21.1136 -5.68752 33.9408
5.11806 -1.06137 0
-2.68085 -3.47641 0
-2.8076 3.32243 0
-127.177 27.3705 10.0758
0.572316 -1.68645 0
-53.9259 46.0721 0
-53.4432 9.07085 63.6446
-24.4699 -0.300652 0
118.74 50.2572 78.1425
2.27444 4.38525 0
-5.20699 -0.617604 0
-83.5056 38.6672 0
0.805389 1.25471 0
-36.1918 -46.1844 0
24.8921 118.708 219.376
-25.2358 -7.68677 17.5473
1.57637 -1.77379 0
-61.131 149.076 0
-4.97818 -57.0181 38.4468
3.07944 -2.87162 0
-2.48539 0.969192 0
132.281 -54.5882 18.6285
-2.07236 -4.04589 0
2.05736 -1.61432 0
0.349763 1.98142 0
-4.12357 1.39823 0
0.651423 -1.8678 0
0.67537 -1.94361 0
39.5721 26.3735 94.8098
-42.4292 31.2884 38.1674
111.318 -3.4892 0
-4.59595 -1.93849 0
2.61295 -111.128 0
3.47212 2.19267 0
-181.019 -15.5494 112.867
-61.9299 -59.7864 27.181
-90.5194 -63.3816 27.2383
61.2895 -7.5986 45.1217
-2.09341 1.56423 0
-50.942 9.27095 64.6323
-66.7282 -5.4648 0
-6.6852 2.57879 0
-2.32395 0.713422 0
-9.18275 -0.51496 0
-4.15991 -1.71679 0
-42.3128 1.11791 0
15.8514 27.6722 34.4894
-66.7686 -53.6182 53.7786
73.1949 -48.075 46.565
1.5424 1.32228 0
1.58744 1.88632 0
-16.7889 -40.7913 48.1371
1.52883 -7.73334 0
1.983 -18.868 0
-2.10649 4.60937 0
-57.1738 -8.71714 35.8262
-20.3046 5.89541 55.4713
2.0523 0.856938 0
-96.4641 26.6344 233.887
26.5751 12.6997 14.4633
2.39386 -0.192949 0
71.7 -182.381 23.3522
-7.62188 -7.75568 0
-69.0224 4.08642 134.892
117.418 -48.9693 7.85053
15.2629 19.0213 0
-0.171223 2.53711 0
3.03532 -1.73447 0
-5.40391 -7.73126 0
-24.6087 -39.3801 0
0.0839005 1.78759 0
0.55519 1.6992 0
-53.2521 -2.02949 67.0169
-24.4701 0.301639 0
-7.87623 26.4238 19.4421
-91.9554 -1.69675 46.0367
-2.48746 -8.52639 0
3.00656 3.3929 0
20.9316 -164.111 84.3017
31.1242 -20.96 39.4769
-19.3078 13.7424 0
-83.7053 -101.932 0.515608
31.6712 36.1755 0
-11.9283 12.089 0
-2.10871 8.44982 0
40.6473 24.6423 0
-15.9988 -5.28204 0
-2.10455 0.0591553 0
-152.295 84.4397 13.9516
-32.6108 12.2435 0.772349
-44.9045 -21.907 4.04366
-43.0269 25.1318 13.5693
-37.1151 41.5743 34.5266
50.104 1.72628 0
-92.7768 -106.229 8.80996
22.0712 2.15056 2.6545
-1.48904 14.9623 0
42.4203 -21.5899 0
16.1291 2.64065 0
5.07533 173.919 146.46
-4.83935 -9.65183 34.5764
2.39667 0.51327 0
-4.97384 -15.0201 0
-3.66149 1.40977 0
0.297738 -3.8636 0
0.861937 -3.31497 0
-2.28188 -19.2515 0
1.01264 -4.12283 0
-0.253403 10.1022 0
2.55885 -1.33373 0
-42.761 -71.9073 51.187
2.51991 81.4203 55.2967
10.7274 3.37435 0
30.1427 63.6028 24.0354
-4.13274 21.9563 0
0.284299 -1.37957 0
0.300014 -61.0961 108.444
0.897358 -74.5454 5.55305
25.1813 37.1281 78.419
12.7208 0.24883 0
-1.72922 10.3553 0
52.9403 -113.288 94.6388
2.26886 0.576104 0
-1.86696 -0.381431 0
49.3684 -66.4795 64.2466
29.9647 18.7703 12.152
0.30029 -0.30029 50.4244
0.3 -0.300039 106.774
0.300387 -0.300948 52.441
8.09666 -1.82532 0
-8.35399 17.3578 0
56.8799 17.7985 63.4171
8.71955 2.87361 0
-15.8488 2.44136 0
68.847 -117.286 26.2124
20.6699 8.0552 40.0128
29.9789 45.6771 4.37044
8.24448 -111.794 10.8889
8.47309 68.4679 42.8307
0.301061 24.4881 0
5.29559 -0.630698 0
1.52891 2.42758 0
11.8415 22.9815 0
44.4096 -29.0397 53.5502
4.63778 -76.5302 0
-10.0367 13.4011 0
16.0298 13.794 0
-30.5324 -8.68404 0
2.68909 -0.364135 0
9.69949 -51.0252 63.7412
-0.686186 -54.0191 0
-29.9436 -47.2959 4.2131
-34.8252 -0.691654 0
-108.129 -165.862 173.993
-8.73125 35.5372 45.0757
40.0251 49.3234 22.5328
11.867 9.90411 0
52.5481 -87.8033 85.3939
40.697 57.733 11.2311
0.3 -4.25795e-07 50.4397
0.30005 1.45128e-05 106.825
0.300153 -0.000131537 52.4847
4.32275 -3.21619 0
-3.80902 11.1444 6.14512
-4.48369 0.377165 0
8.9946 -0.987225 0
14.0637 2.34075 29.4578
4.8426 7.95453 0
44.239 67.4765 83.7334
13.194 28.1033 0
2.00666 -1.11183 0
9.17677 57.6598 50.0136
-3.79568 33.5836 46.9999
-2.59644 -0.306774 0
-0.15799 -0.139571 0
1.55507 -4.67575 0
8.93909 114.258 0
2.2248 -8.34026 0
-0.697916 1.44313 0
-2.09442 0.325918 23.6819
62.5528 145.416 2.43824
1.18885 16.7783 0
9.56941 -51.0591 64.5993
4.9343 -8.99265 37.4456
-5.28102 -2.15415 0
10.6358 11.4891 0
3.5115 9.78228 0
-57.8204 2.5478 83.8346
0.514914 -58.7408 0
2.2447 -1.29591 0
-3.10838 -38.4234 0
-25.1236 -26.5509 0
0.300052 0.29999 50.4244
0.300232 0.300105 106.774
0.300101 0.300125 52.44
-17.2021 81.6934 17.9609
-220.324 -108.502 22.2754
-69.7699 -23.0762 57.6244
-1.71498 -17.7083 0
-20.0108 -41.3289 5.53837
44.8304 36.7664 67.1343
8.88877 5.8915 0
-66.0957 -7.77417 196.572
30.7855 34.5791 0
0.300278 74.0616 102.559
-0.297288 74.5461 5.55255
0.237044 -2.96295 0
-1.11004 -1.22909 0
-3.41589 -35.0124 0
5.81286 -3.61977 0
2.07819 61.0685 9.58678
2.48261 1.76556 0
87.144 32.1197 72.9893
1.27342 -1.82348 0
0.304747 3.41822 0
9.06774 -2.96032 0
-39.988 -10.0141 0
2.83746 4.54807 0
-2.95806 -4.6845 0
13.1486 -1.96908 193.061
1.82797 -1.53673 0
6.32084 -66.09 57.7297
-5.51406 -20.9093 1.93974
-22.5917 45.0583 19.1613
171.218 254.854 100.872
3.19242 -3.15049 0
-70.728 -74.3902 46.2943
36.8116 33.6593 0
1.92645 -1.97248 0
-4.91236 -4.18762 0
8.32684 -4.88693 0
3.466 -2.84834 0
-22.6935 137.09 22.2882
-6.05138 -3.255 10.1046
-24.2671 7.30465 0
206.214 -101.279 42.2017
8.28587 -7.70311 0
12.0455 -9.17947 0
0.630154 7.11077 0
1.16945 -2.80977 0
1.81555 -3.28358 0
-15.1729 -46.0012 14.2693
4.64852 5.22999 0
-2.63047 1.56945 0
37.4611 -11.8614 0
2.22398 -1.16955 0
2.1913 0.0330651 0
-92.7611 251.512 15.0199
71.484 8.06232 42.2919
60.3774 3.15584 11.9564
-23.9293 -21.9658 2.98415
-70.8888 -68.2952 12.5801
42.8336 173.552 34.3533
-57.7177 -116.134 169.866
-143.637 -4.26969 36.3002
-87.6937 -18.1593 35.9415
26.8112 47.7454 11.1075
8.13805 6.19984 0
9.11823 9.3722 0
-50.5617 -133.49 93.2059
-0.339865 -1.79517 0
41.5961 144.728 113.333
0.183261 0.148392 0
141.432 166.567 210.591
-99.3125 -71.7449 35.076
-0.369684 1.20248 0
2.61174 0.699934 0
11.3589 -137.063 25.215
75.461 -28.845 237.185
1.56087 -2.23323 0
104.728 37.6607 0
-0.0724861 51.3 38.5177
31.9228 22.8002 91.9742
1.98861 -1.46025 0
-69.904 11.4471 0.748402
-2.96272 -2.67707 0
2.00554 0.0048405 0
-0.927748 12.9546 0
0.297204 -2.30034 0
18.3664 57.3824 71.1362
-22.4305 53.7388 100.807
68.9715 8.17504 42.873
38.1374 0.169299 31.2458
-92.0013 -29.4431 3.35677
2.75959 0.418042 0
17.7458 -1.52333 0
0.89262 -8.15502 0
60.3308 -12.4272 7.43586
-157.512 148.301 60.4979
-75.4877 -39.7217 0
-40.7877 -10.0983 0
74.8353 125.967 17.328
1.26371 -1.80608 0
4.243 6.69914 0
62.3238 -106.718 76.1942
-33.9566 -35.0226 12.8836
-47.9413 -23.5332 23.2263
11.3376 6.65657 0
14.003 71.0922 0
112.903 -116.532 0
1.25088 -1.85909 0
4.52703 0.778045 0
136.713 91.8221 9.86617
-294.839 243.849 309.746
7.87887 -7.26752 0
200.937 -106.32 100.719
1.95246 1.76877 0
-0.0614434 6.79556 0
3.60503 -3.69543 0
-109.837 101.55 47.3086
5.0389 -26.3387 0
124.84 91.0513 89.522
2.268 -30.5181 16.802
1.52034 4.04804 0
71.8128 -2.64278 43.3149
50.2316 2.41508 0
-65.8594 106.344 47.7383
-1.93133 -3.66259 0
-39.3116 38.9826 56.216
-92.8342 -100.186 11.3294
-53.8655 -146.252 10.3149
4.96941 -5.87798 0
57.156 26.514 20.4499
-46.1009 -1.14538 0
-6.61338 -32.021 138.501
10.7487 8.59602 0
60.0815 101.53 0
-14.6044 -75.8087 0
-62.5758 4.60068 0
28.2329 -6.34155 0
-3.84371 -4.04603 0
-35.5372 -13.3208 0
43.3317 18.8094 17.575
72.5017 174.935 11.7689
2.16816 -0.545288 0
-18.0595 -7.29657 55.9523
-4.3183 3.30824 0
-6.07339 3.2126 0
3.60345 6.59818 0
24.5426 18.6941 43.5607
3.13192 2.71206 0
2.4432 9.17518 0
-22.7782 30.5396 93.335
5.04715 -3.89777 0
2.09101 -0.483343 0
-6.02926 82.02 24.7024
1.59632 -2.54488 0
3.39523 -5.69048 0
-3.83745 1.93084 0
29.1401 -70.2473 0
46.4823 -89.7905 6.89502
7.5261 1.39347 0
3.69839 -1.92203 0
-1.36454 -2.2301 0
1.90245 -5.06919 0
32.1087 -30.5731 0.363544
0.043054 8.26425 0
-18.95 -18.2393 0
-10.2418 -9.19908 0
18.455 128.462 21.7687
2.45265 73.8279 64.1953
50.6037 -86.5725 0
-23.6336 21.0907 30.516
82.7941 66.6195 19.2838
10.241 93.2625 51.7522
97.1845 76.0249 12.731
112.588 143.119 34.8471
4.25167 61.1589 3.73042
2.34147 0.868301 0
-53.146 9.06947 63.643
-24.4205 -0.300663 0
-0.177392 2.08554 0
-0.1686 1.55566 0
-2.03663 -2.23798 0
-30.0757 -28.4828 0
-99.9599 10.5394 9.30014
-44.8424 -114.683 6.16532
-2.67384 3.23058 0
-0.138098 1.90439 0
2.55418 -2.11554 0
-62.9845 162.847 0
-33.4941 -46.4255 40.0786
3.58541 -1.21571 0
43.2796 -29.1743 0
27.9438 -18.4951 0
-2.18286 1.43264 9.14606
-0.157523 0.417313 0
58.068 130.061 45.2435
0.848098 -1.77559 0
69.3787 7.0119 82.4611
2.26715 -0.852095 0
34.3298 34.6758 114.62
-42.1251 31.2669 38.1778
-23.9132 -9.1413 0
19.967 41.4751 0
86.3005 133.779 0
-3.26891 2.01023 0
-6.41381 -6.11026 0
-61.3014 -33.5971 7.87102
-38.9641 -37.1631 0
2.24686 0.357674 0
42.5444 65.3103 0
-50.6402 9.27002 64.6311
-24.1784 0.00112212 0
-4.48733 -0.314602 0
109.605 70.7115 30.6477
2.52239 -3.45865 0
43.1839 44.4841 7.51022
-32.577 7.60516 0
18.8523 97.8611 36.7016
-0.894553 6.64406 0
-28.3927 -2.35587 0
0.240647 1.83238 0
2.84221 1.20192 0
-16.4998 -40.765 48.1463
138.272 92.3091 25.1915
-42.6835 -34.0549 38.723
11.2132 -5.31789 0
3.30224 -0.475761 0
1.20975 1.5901 0
37.3364 -50.515 103.275
31.44 -20.914 21.844
-27.1216 -16.243 24.4513
-35.7702 -35.0209 36.8435
20.1346 -184.492 28.5117
34.6117 -65.3132 4.97348
2.60281 -1.12987 0
2.3917 -29.3601 0
166.254 131.102 83.6484
-123.596 -188.74 91.9072
-0.146959 1.62169 0
2.15317 -1.07892 0
-7.10461 75.5694 37.7724
1.99054 0.402892 0
-101.724 68.0327 86.3805
-52.957 -2.02794 67.0156
-24.42 0.302157 0
12.4838 70.1192 83.5472
-95.9867 -0.929731 42.3472
-1.46898 -18.4075 0
0.26805 -3.98073 0
1.08428 1.57823 0
-18.2377 -34.4859 21.5278
-12.4392 -6.66489 0
-41.1439 -5.92491 35.2145
0.709685 1.43448 0
-11.0384 11.4348 0
0.185513 13.6658 0
38.7508 23.2379 0
-18.5902 5.73683 23.1897
0.589619 17.2628 0
-0.128469 -2.15411 0
-0.148645 -0.428073 0
1.93773 10.8901 0
-1.20597 1.50866 0
-45.0958 -26.7429 39.3311
0.134352 -1.45057 0
-95.9661 -105.606 3.98621
-50.0607 -34.5527 31.4269
-20.2376 -75.7151 94.8269
83.4767 53.4379 15.19
72.8551 -15.3033 76.123
9.15868 220.078 47.2205
126.301 19.0325 23.5285
2.6436 1.75594 0
0.672302 55.8819 21.9434
32.2162 94.2591 149.792
0.600784 -3.85387 0
6.14966 -1.32296 0
-1.99465 -19.2381 0
3.2878 -12.9621 0
-2.72368 8.25274 0
3.39331 -4.88001 0
-0.459216 0.185513 0
4.89596 7.07631 0
33.138 99.1169 76.5681
-0.393243 41.6392 0
21.2607 108.17 100.703
-0.539012 -2.16232 0
0.600055 -61.1239 108.427
1.20321 -74.5385 5.57556
-1.67698 2.2231 0
0.0151363 -3.36851 0
-0.264279 3.52689 0
-22.6385 -137.694 89.1141
0.728162 16.423 0
-2.66136 -25.8357 196.709
-54.3532 -55.6396 149.414
-13.6383 -6.03399 0
0.600537 -0.300307 50.4225
0.600009 -0.300039 106.771
0.600458 -0.300385 52.4377
-13.5013 -5.80609 5.87117
13.4745 -12.8851 0
-9.56628 22.5817 0
6.78775 4.97546 0
7.50726 5.69447 0
-3.26099 1.8925 0
-5.95689 78.0455 62.0018
82.4042 -32.6245 157.114
7.88444 -112.45 9.98387
8.77006 68.5024 42.8083
-2.8884 80.0855 0.79542
-14.8945 0.205795 0
1.29634 2.57207 0
2.44445 6.9515 0
-15.6651 -21.0815 0
-1.85935 74.5669 0
41.3053 14.5306 69.038
18.5738 37.7983 28.5232
-41.2453 -7.64543 111.684
3.06412 -1.88901 0
9.99884 -51.0701 63.7279
-0.380656 -53.81 0
-0.249795 1.46504 0
2.35609 -0.875101 0
46.0639 2.3742 104.771
-5.25049 4.52724 0
-15.5768 -31.4672 0
288.795 -36.868 128.435
16.7041 -0.400705 0
0.278254 -3.01065 0
0.600001 -2.76612e-07 50.4375
0.600008 3.97053e-09 106.822
0.600053 -1.58604e-06 52.482
19.9111 -22.218 1.88616
20.4407 -10.7679 0
14.7372 -4.90738 15.2062
4.34741 2.92897 9.31868
16.5889 15.7664 15.747
-29.1094 -34.7971 3.29334
-5.35418 -49.5112 0
-44.5585 7.99284 78.6026
-0.218983 2.56307 0
9.47631 57.7029 49.994
-3.49328 33.5704 47.0021
-8.90945 7.1886 5.83628
9.98412 28.653 0
0.431149 25.0098 0
2.09536 1.8097 0
121.949 -51.6431 6.39507
0.403592 4.6467 0
-1.9529 -20.3712 0
144.313 -83.2377 63.8873
52.131 69.9711 52.9402
9.86545 -51.1009 64.5814
5.70646 -8.43639 37.0664
0.520018 -8.38832 0
-0.0164017 3.40606 0
28.3839 68.2462 22.447
-8.30427 -0.678572 3.28984
-11.3573 -49.1707 26.4804
-1.15037 9.31117 28.5024
-10.8486 -27.1844 0
-39.6302 39.048 5.53615
0.600185 0.299992 50.4225
0.600096 0.300022 106.772
0.600483 0.300104 52.4378
2.65046 5.23374 0
-0.683773 -2.14499 0
2.63869 -0.223274 0
-24.4897 -22.6659 12.2523
50.673 1.74121 44.3278
90.7377 -127.909 57.8758
-3.81667 -76.8242 41.3904
4.75025 0.707356 0
-16.898 55.6589 29.243
0.60005 74.0865 102.539
0.0025974 74.5435 5.55803
0.53973 -2.94375 0
-1.6165 -1.53592 0
-26.5972 -15.0255 0
2.64706 -35.588 0
-2.34048 1.43984 0
27.5659 -0.213094 10.765
-656.872 -279.051 316.94
-82.6367 -32.7883 54.2046
0.606631 3.4166 0
-2.08106 6.03919 0
1.52969 6.20126 0
8.38679 4.9432 0
-2.49079 -4.17751 0
-67.2679 -11.424 0
11.5572 5.26121 0
-27.4833 -71.0608 79.0927
-62.3451 -26.4062 0
14.0737 -11.2821 0
2.07959 -1.20187 0
2.36465 0.145456 0
-95.8518 -79.8271 8.07646
-5.90813 60.9862 39.3854
1.37415 -2.18096 0
4.2261 -7.8401 0
11.6868 -10.5824 0
0.545026 46.2219 282.775
-19.7126 -48.2848 55.0261
-2.29034 61.4832 33.4329
3.32798 -7.17131 0
2.33191 -0.477695 0
7.97409 -7.5876 0
12.3764 -9.24621 0
-2.86028 10.405 0
-4.90078 -6.08294 0
2.88438 -58.9391 0
18.5354 -0.99866 0
1.43026 -3.33324 0
94.101 -27.8734 60.0281
124.552 -2.40442 33.138
3.071 1.12735 0
15.5637 11.6989 14.6543
19.5001 -79.8641 37.8655
-83.871 55.4172 46.8821
78.7397 -1.24109 2.62059
-37.0616 25.6709 23.5216
-33.218 2.55011 0
-115.712 117.613 82.3431
9.39502 -2.17382 0
140.165 37.8061 77.6063
-5.28337 9.98188 0
60.9119 -11.8758 0
13.0477 -8.695 0
12.3934 12.6793 0
67.3098 217.148 3.5181
48.8841 -200.782 0.90151
-63.3546 31.7946 112.662
-0.0848816 1.79298 0
-41.9239 -9.34645 0
-43.2698 44.3041 0
1.86302 1.35682 0
2.196 -2.07679 0
0.0126551 3.34134 0
-2.13798 0.168877 0
2.18384 -0.471221 0
7.3942 -3.50048 0
-121.776 94.8853 99.6018
-8.67394 3.16214 0
2.56416 -0.31819 0
-22.1038 2.62267 0.148199
-9.4116 30.2757 0
1.88983 -1.94693 0
-3.61041 3.90357 0
-86.9609 25.3863 36.8842
2.53812 -2.13987 0
-0.825164 3.48856 0
-49.1576 50.2866 68.3158
67.0411 0.635617 13.0167
4.11024 -79.1796 41.1829
11.5316 -102.23 0.906707
2.01669 0.256908 0
1.41242 -5.0646 0
3.16323 -1.29151 0
47.7725 3.52699 64.4207
70.6699 63.1723 54.1366
-164.636 126.463 77.7144
29.6 15.3184 0
113.165 113.848 112.933
-151.97 -30.0405 100.64
-85.9287 67.7613 62.0408
-0.817543 -2.86493 0
-29.6649 -33.6908 56.1764
-128.912 26.2209 8.3873
43.1823 77.9291 0
23.0209 3.79349 0
4.24795 27.6027 0
-112.853 -83.8573 18.9655
4.59442 -0.322687 0
-128.144 104.875 117.387
-74.2767 54.93 34.6132
374.251 -101.156 147.293
1.24566 1.57882 0
-19.3844 -2.02322 0
18.1239 -178.586 85.169
-0.0617599 -104.448 86.537
4.74064 -80.6763 0
-1.42849 -1.48989 0
2.86579 5.67618 0
2.4396 -0.425562 0
-88.6581 -3.96166 64.9658
68.892 2.58217 0
89.7989 107.89 374.149
3.75157 2.32785 0
1.32248 6.25706 0
0.673123 -1.20646 0
3.19794 -1.39414 0
0.352447 -33.706 63.4378
-2.09085 -36.6008 45.6816
-2.66185 129.571 76.0446
1.4644 1.52088 0
11.0821 8.65 0
10.1858 2.73594 0
-56.2545 -30.3829 38.983
1.12002 -5.73188 0
48.7589 55.4407 36.7275
98.3955 29.7739 21.4032
2.21137 6.40197 0
-24.4585 65.9228 177.421
-8.22872 1.38904 4.75775
5.61539 -9.28326 0
-0.771444 -0.457677 0
-4.58813 4.23829 0
-49.1015 44.159 58.5379
2.25456 0.0175604 0
-0.497877 1.35213 0
-15.015 30.7008 0
3.00603 2.15691 0
-32.8229 -38.5753 0
27.4039 103.123 48.4136
-11.8892 -14.8522 6.38179
82.4442 85.1076 64.3093
2.28974 -0.697412 0
6.84169 -9.68372 0
-2.6961 -9.36293 0
2.10722 0.255396 0
1.87893 -1.94306 0
27.0935 27.8413 0
2.29419 0.908558 0
6.50552 -15.4553 0
2.14025 -0.41388 0
-50.678 -48.0715 25.4809
-33.1183 26.6694 0
-1.16693 -1.74843 0
-8.69015 40.0519 98.212
-32.899 105.711 42.0591
-16.6104 40.5918 24.1711
32.8768 -36.6055 0
-3.11686 18.9079 0
226.859 -129.129 78.1202
2.1214 -0.323745 0
80.6103 53.8141 3.85668
-8.53954 -114.656 49.2895
-27.8411 44.1537 87.6415
104.571 -0.525064 0
-55.5271 8.92115 63.2195
-24.1082 -0.300555 0
-38.6204 -63.8258 7.73947
-21.6216 2.71634 0
-0.138715 1.46879 0
7.71535 3.514 0
-52.7704 0.824267 0
-99.665 6.46703 41.3728
9.0421 18.2193 0
101.374 163.988 75.8994
0.677296 1.95072 0
532.961 -318.52 62.4694
-0.4646 -1.56567 0
-0.591607 -3.62413 0
2.30896 -3.81121 0
8.87064 2.49487 0
-25.0218 -35.0476 0
-250.335 175.888 304.278
2.02148 0.0339261 0
2.11607 -0.916237 0
-0.372996 1.29656 0
-30.7562 21.5943 87.0851
-93.9948 128.962 185.966
-39.8541 46.2434 30.9958
-0.572582 1.44436 0
83.4183 -42.5996 0
1.17197 -2.42673 0
52.4593 144.675 0
3.08802 4.59644 0
0.187406 -1.82511 0
34.2636 38.6105 18.3612
4.44144 12.1211 97.2132
51.8652 1.69691 0
-52.9591 9.1222 64.2215
-24.1165 0.000906573 0
-8.44237 -0.237996 0
-42.9489 11.8274 0
3.3638 20.488 0
17.2187 19.5682 0
12.033 0.395527 0
4.48737 1.34832 0
-25.0804 -17.0928 0
-37.9331 -54.7173 68.9414
-9.64693 14.9568 50.2988
30.5732 -164.5 79.9251
-14.1897 -57.4683 39.0176
-4.36662 4.03374 0
-19.901 -25.675 24.4054
-25.3692 -56.8571 26.6594
2.30568 3.92936 0
123.962 21.1889 0
64.1688 12.9205 0
-64.2629 -52.7147 84.2763
-307.906 -14.8958 177.891
1.38637 -1.57313 0
-37.8854 -38.5494 116.527
32.9448 -12.7666 20.1921
52.7133 138.222 93.9622
64.7249 -38.8453 0
1.83387 5.04441 0
13.0458 -6.7189 0
12.2279 1.42356 0
7.20383 -1.72151 0
34.5275 -148.692 14.0042
-1.1987 -2.07651 0
21.7263 1.8069 0
-55.4634 -2.00945 66.5494
-24.1071 0.301943 0
-26.462 -60.4814 6.4708
-101.788 15.9923 0.958498
-90.9926 -129.836 25.7716
-52.2414 -36.089 33.799
-8.11857 10.3347 68.5154
15.0811 -3.26354 0
-35.7113 -15.6734 0
120.413 122.383 135.248
0.396101 1.82811 0
-0.737516 0.471989 0
-137.173 52.4963 49.7006
9.81619 18.8509 0
2.71016 12.3692 0
2.87454 1.90398 0
-8.15182 -0.767195 0
2.34689 0.224988 0
16.7408 5.9436 0
-59.2663 9.36102 6.04266
-7.82788 -18.6071 0
-181.575 107.164 31.3386
-91.2087 -94.1041 0
-2.90743 -3.21253 0
2.5352 0.0423092 0
0.822503 31.825 0
29.5331 84.2683 0
-26.2915 65.6386 130.114
1.9588 0.594173 0
12.2991 17.6557 0
1.02918 1.69405 0
-74.6518 -9.47398 26.9538
0.904078 -3.43088 0
2.08481 -0.292322 0
-1.86531 -19.5397 0
-0.226184 -1.65903 0
-97.4374 -36.2322 76.638
0.413597 -1.87211 0
4.88108 -31.5142 17.3198
7.49346 4.51395 0
0.653854 -2.80126 0
0.58927 -8.18983 5.3986
5.13992 28.5493 0
0.515152 -1.90577 0
0.900506 -73.7201 99.9734
0.900838 -74.4499 3.8335
2.78681 1.06479 0
0.857501 -2.80477 0
5.29514 -4.72708 0
-15.0642 -14.1342 0
4.5895 -3.42155 0
-6.87078 -56.9007 9.41047
2.00999 -2.46282 0
2.85666 -0.674994 0
0.900124 -0.300071 50.4201
0.900104 -0.300055 106.5
0.900296 -0.300117 52.1998
-50.5878 -5.92468 8.86973
-7.23033 -1.3321 0
-48.5098 22.0768 55.7618
27.3632 3.37631 0
-4.48313 10.6645 0
3.87515 1.11847 0
-7.80332 26.1828 27.306
-0.193951 5.92577 0
-0.537372 5.36637 0
-1.83633 81.0967 39.1459
0.901304 24.6825 0
10.6 13.3781 0
129.62 4.13608 11.7036
-16.2183 -13.6 24.7145
-8.67006 12.6146 0
-3.72787 0.761472 0
-36.2384 70.6019 21.1399
-6.02458 -19.6074 0
-4.56187 -41.7726 0
2.55585 1.61378 0
-1.18257 -64.7422 63.7757
-0.071215 -58.542 0
-15.7241 9.49618 0
-3.97987 -94.8033 37.7174
-17.2576 37.27 0
3.42605 -5.99668 0
-28.1548 16.7571 12.8246
6.07675 -5.09555 0
1.16079 -2.11812 0
1.99088 -1.81675 0
0.900064 -6.59477e-07 50.4238
0.900097 -9.40944e-09 106.559
0.900409 -1.01589e-06 52.252
7.83713 -23.6135 38.0987
-1.21166 -1.70947 0
-25.9999 -12.7504 9.77419
-123.306 32.3781 80.5936
-33.5399 -5.82901 82.3008
112.671 -86.0022 42.2703
23.3113 -20.4972 72.0115
6.2071 -6.11246 23.7114
2.4373 -2.0571 0
-3.05478 42.6989 63.6013
-3.0736 34.1508 45.4968
-0.3334 1.25397 0
-50.1559 3.61619 40.7317
-1.61103 -13.4075 0
-22.9236 23.7568 0
-41.3197 78.5978 36.3299
0.383408 -2.43342 0
2.72941 17.6013 0
1.62202 1.32215 0
2.60332 15.2438 0
-1.20033 -64.7647 64.7856
1.5939 -10.1471 37.9176
-42.4406 -32.7582 8.42818
3.15046 2.25449 0
-80.5426 26.3911 2.93567
4.56072 0.207902 0
0.660656 -2.46529 0
-1.88255 -1.43225 0
14.0512 -109.809 4.87838
0.923018 1.99492 0
0.900605 0.299994 50.4208
0.900192 0.300038 106.5
0.900978 0.300111 52.2008
-6.58842 10.9761 28.7567
0.70373 -4.95918 0
-31.0173 -28.2238 32.6506
1.37505 1.53486 0
-30.1284 18.8351 7.90615
-3.67926 5.28979 0
-5.91576 -38.5846 33.2309
2.11104 1.01955 0
-0.724467 1.82894 0
0.900505 85.4916 92.9195
0.288329 73.8929 6.63316
-3.15867 -4.60359 0
-11.2133 -26.1476 0
-5.90187 -0.638537 0
-3.42053 -3.99255 0
18.4074 12.6051 0
-17.1604 -75.4148 18.0268
-42.1849 24.2165 24.8545
0.604719 1.54431 0
0.909739 3.41765 0
32.619 140.656 97.3657
0.594585 7.448 0
-44.17 82.4003 0
-63.9546 3.76252 63.0198
1.30638 1.33868 0
-2.38785 0.613695 0
123.372 -32.1213 0
11.7697 -132.479 38.6875
-2.98232 -1.90404 24.8625
2.99453 -0.075046 0
0.833907 1.70773 0
-163.768 38.1845 12.1431
65.2686 60.4907 11.6876
1.9943 -3.15327 0
-31.3074 16.3739 26.1854
2.0752 -1.39819 0
12.6724 -116.416 0
-2.87844 -10.7547 0
0.497198 -2.44761 0
0.308598 -2.29929 0
0.446798 -1.79409 0
2.45067 -0.632678 0
98.0086 -84.5497 139.213
0.167867 1.83397 0
0.551753 6.51382 0
7.46455 -8.16097 0
65.5329 -80.4935 35.6682
-14.0718 -22.5937 107.478
16.0476 -41.7122 12.874
128.773 58.6507 10.5556
0.931822 2.19408 0
-44.3848 -94.5769 0.785891
87.7181 18.5235 11.7009
86.135 -0.300028 92.8868
75.5433 -0.299286 8.91133
-8.82391 0.826182 0
-0.169937 -1.27308 43.0866
90.1823 43.2429 27.2157
50.4075 29.3871 0
-11.3816 -22.3962 53.3049
19.2743 6.80447 5.96257
0.144601 1.46215 0
-57.8216 42.8815 0.532236
2.27305 0.758585 0
1.90582 2.79132 0
-98.9795 122.068 6.28004
-93.2545 71.312 6.30617
33.8626 -6.27186 0
-80.0413 -8.56706 0
-70.1901 41.2539 30.4143
28.7279 -145.156 6.09553
-27.1391 -25.9405 29.2655
3.22882 -0.117185 0
-25.2798 -17.0714 0
39.1541 -69.1488 43.1799
14.778 -15.237 0
-135.027 211.02 52.3586
-6.47899 29.5413 0
-10.0911 3.25769 0
5.5601 -1.76479 0
100.875 -97.9547 10.0239
-45.6786 20.0766 1.28594
-4.77688 13.3297 0
0.81969 2.5421 0
4.0299 4.12876 0
-0.598341 -2.51107 0
86.0658 5.5554e-06 92.9519
75.5604 0.00570073 8.86274
-4.47713 -0.185909 0
-1.42152 -1.55362 0
2.56506 -3.18571 0
-25.5927 -3.6592 34.5883
92.8386 -37.4839 106.457
-32.6479 -27.0639 8.2057
1.74585 3.23193 0
-66.8306 84.5266 93.8671
-50.698 -6.23101 36.1659
11.2235 13.6071 0
-40.1701 79.3856 0
-79.793 -53.2335 0
10.5422 6.2585 0
2.22116 -0.530912 0
-70.6206 -34.9799 14.7855
-35.7203 -28.4355 55.2506
3.00043 42.5003 0
-115.699 18.7744 131.393
-73.968 25.1086 45.0767
1.82097 0.840583 0
1.23398 -2.24998 0
-1.24841 -1.62743 0
-82.8888 17.1878 14.1432
-14.1339 0.69275 0
2.05992 0.437552 0
-3.35924 -15.5044 0
-52.8797 -104.288 11.3302
29.909 39.1251 0
-21.7529 -36.1215 0
105.888 75.0739 18.9568
-0.419923 -1.43562 0
86.135 0.300033 92.8868
75.5594 0.310746 8.84921
-8.83517 -1.34624 0
15.0277 -91.638 36.1286
37.4925 -61.4941 0
-2.72498 5.44346 0
-0.900596 -1.87853 0
-0.693496 2.12185 0
-2.80614 6.86533 0
-5.80844 5.61733 0
1.53133 1.44654 0
-5.14249 10.4541 0
2.43479 1.81145 0
75.7691 86.9454 27.0359
15.3571 14.0748 0
10.3118 -0.789286 0
6.23495 -0.364068 0
25.1411 20.4703 75.0289
6.38821 50.9119 8.13727
153.297 20.0416 7.28701
-17.2949 11.7694 5.11092
2.52119 -0.1882 0
-1.08782 1.46378 0
66.8281 -58.8061 12.0124
-28.5936 -67.7703 27.3235
1.36292 7.54718 0
-9.02584 -20.3509 0
2.57555 0.527467 0
-3.87705 -5.77427 0
17.678 -1.48495 0
1.28412 1.36031 0
1.32405 -2.49692 0
VERTICES 2541 5082
1 0
1 1
1 2
1 3
1 4
1 5
1 6
1 7
1 8
1 9
1 10
1 11
1 12
1 13
1 14
1 15
1 16
1 17
1 18
1 19
1 20
1 21
1 22
1 23
1 24
1 25
1 26
1 27
1 28
1 29
1 30
1 31
1 32
1 33
1 34
1 35
1 36
1 37
1 38
1 39
1 40
1 41
1 42
1 43
1 44
1 45
1 46
1 47
1 48
1 49
1 50
1 51
1 52
1 53
1 54
1 55
1 56
1 57
1 58
1 59
1 60
1 61
1 62
1 63
1 64
1 65
1 66
1 67
1 68
1 69
1 70
1 71
1 72
1 73
1 74
1 75
1 76
1 77
1 78
1 79
1 80
1 81
1 82
1 83
1 84
1 85
1 86
1 87
1 88
1 89
1 90
1 91
1 92
1 93
1 94
1 95
1 96
1 97
1 98
1 99
1 100
1 101
1 102
1 103
1 104
1 105
1 106
1 107
1 108
1 109
1 110
1 111
1 112
1 113
1 114
1 115
1 116
1 117
1 118
1 119
1 120
1 121
1 122
1 123
1 124
1 125
1 126
1 127
1 128
1 129
1 130
1 131
1 132
1 133
1 134
1 135
1 136
1 137
1 138
1 139
1 140
1 141
1 142
1 143
1 144
1 145
1 146
1 147
1 148
1 149
1 150
1 151
1 152
1 153
1 154
1 155
1 156
1 157
1 158
1 159
1 160
1 161
1 162
1 163
1 164
1 165
1 166
1 167
1 168
1 169
1 170
1 171
1 172
1 173
1 174
1 175
1 176
1 177
1 178
1 179
1 180
1 181
1 182
1 183
1 184
1 185
1 186
1 187
1 188
1 189
1 190
1 191
1 192
1 193
1 194
1 195
1 196
1 197
1 198
1 199
1 200
1 201
1 202
1 203
1 204
1 205
1 206
1 207
1 208
1 209
1 210
1 211
1 212
1 213
1 214
1 215
1 216
1 217
1 218
1 219
1 220
1 221
1 222
1 223
1 224
1 225
1 226
1 227
1 228
1 229
1 230
1 231
1 232
1 233
1 234
1 235
1 236
1 237
1 238
1 239
1 240
1 241
1 242
1 243
1 244
1 245
1 246
1 247
1 248
1 249
1 250
1 251
1 252
1 253
1 254
1 255
1 256
1 257
1 258
1 259
1 260
1 261
1 262
1 263
1 264
1 265
1 266
1 267
1 268
1 269
1 270
1 271
1 272
1 273
1 274
1 275
1 276
1 277
1 278
1 279
1 280
1 281
1 282
1 283
1 284
1 285
1 286
1 287
1 288
1 289
1 290
1 291
1 292
1 293
1 294
1 295
1 296
1 297
1 298
1 299
1 300
1 301
1 302
1 303
1 304
1 305
1 306
1 307
1 308
1 309
1 310
1 311
1 312
1 313
1 314
1 315
1 316
1 317
1 318
1 319
1 320
1 321
1 322
1 323
1 324
1 325
1 326
1 327
1 328
1 329
1 330
1 331
1 332
1 333
1 334
1 335
1 336
1 337
1 338
1 339
1 340
1 341
1 342
1 343
1 344
1 345
1 346
1 347
1 348
1 349
1 350
1 351
1 352
1 353
1 354
1 355
1 356
1 357
1 358
1 359
1 360
1 361
1 362
1 363
1 364
1 365
1 366
1 367
1 368
1 369
1 370
1 371
1 372
1 373
1 374
1 375
1 376
1 377
1 378
1 379
1 380
1 381
1 382
1 383
1 384
1 385
1 386
1 387
1 388
1 389
1 390
1 391
1 392
1 393
1 394
1 395
1 396
1 397
1 398
1 399
1 400
1 401
1 402
1 403
1 404
1 405
1 406
1 407
1 408
1 409
1 410
1 411
1 412
1 413
1 414
1 415
1 416
1 417
1 418
1 419
1 420
1 421
1 422
1 423
1 424
1 425
1 426
1 427
1 428
1 429
1 430
1 431
1 432
1 433
1 434
1 435
1 436
1 437
1 438
1 439
1 440
1 441
1 442
1 443
1 444
1 445
1 446
1 447
1 448
1 449
1 450
1 451
1 452
1 453
1 454
1 455
1 456
1 457
1 458
1 459
1 460
1 461
1 462
1 463
1 464
1 465
1 466
1 467
1 468
1 469
1 470
1 471
1 472
1 473
1 474
1 475
1 476
1 477
1 478
1 479
1 480
1 481
1 482
1 483
1 484
1 485
1 486
1 487
1 488
1 489
1 490
1 491
1 492
1 493
1 494
1 495
1 496
1 497
1 498
1 499
1 500
1 501
1 502
1 503
1 504
1 505
1 506
1 507
1 508
1 509
1 510
1 511
1 512
1 513
1 514
1 515
1 516
1 517
1 518
1 519
1 520
1 521
1 522
1 523
1 524
1 525
1 526
1 527
1 528
1 529
1 530
1 531
1 532
1 533
1 534
1 535
1 536
1 537
1 538
1 539
1 540
1 541
1 542
1 543
1 544
1 545
1 546
1 547
1 548
1 549
1 550
1 551
1 552
1 553
1 554
1 555
1 556
1 557
1 558
1 559
1 560
1 561
1 562
1 563
1 564
1 565
1 566
1 567
1 568
1 569
1 570
1 571
1 572
1 573
1 574
1 575
1 576
1 577
1 578
1 579
1 580
1 581
1 582
1 583
1 584
1 585
1 586
1 587
1 588
1 589
1 590
1 591
1 592
1 593
1 594
1 595
1 596
1 597
1 598
1 599
1 600
1 601
1 602
1 603
1 604
1 605
1 606
1 607
1 608
1 609
1 610
1 611
1 612
1 613
1 614
1 615
1 616
1 617
1 618
1 619
1 620
1 621
1 622
1 623
1 624
1 625
1 626
1 627
1 628
1 629
1 630
1 631
1 632
1 633
1 634
1 635
1 636
1 637
1 638
1 639
1 640
1 641
1 642
1 643
1 644
1 645
1 646
1 647
1 648
1 649
1 650
1 651
1 652
1 653
1 654
1 655
1 656
1 657
1 658
1 659
1 660
1 661
1 662
1 663
1 664
1 665
1 666
1 667
1 668
1 669
1 670
1 671
1 672
1 673
1 674
1 675
1 676
1 677
1 678
1 679
1 680
1 681
1 682
1 683
1 684
1 685
1 686
1 687
1 688
1 689
1 690
1 691
1 692
1 693
1 694
1 695
1 696
1 697
1 698
1 699
1 700
1 701
1 702
1 703
1 704
1 705
1 706
1 707
1 708
1 709
1 710
1 711
1 712
1 713
1 714
1 715
1 716
1 717
1 718
1 719
1 720
1 721
1 722
1 723
1 724
1 725
1 726
1 727
1 728
1 729
1 730
1 731
1 732
1 733
1 734
1 735
1 736
1 737
1 738
1 739
1 740
1 741
1 742
1 743
1 744
1 745
1 746
1 747
1 748
1 749
1 750
1 751
1 752
1 753
1 754
1 755
1 756
1 757
1 758
1 759
1 760
1 761
1 762
1 763
1 764
1 765
1 766
1 767
1 768
1 769
1 770
1 771
1 772
1 773
1 774
1 775
1 776
1 777
1 778
1 779
1 780
1 781
1 782
1 783
1 784
1 785
1 786
1 787
1 788
1 789
1 790
1 791
1 792
1 793
1 794
1 795
1 796
1 797
1 798
1 799
1 800
1 801
1 802
1 803
1 804
1 805
1 806
1 807
1 808
1 809
1 810
1 811
1 812
1 813
1 814
1 815
1 816
1 817
1 818
1 819
1 820
1 821
1 822
1 823
1 824
1 825
1 826
1 827
1 828
1 829
1 830
1 831
1 832
1 833
1 834
1 835
1 836
1 837
1 838
1 839
1 840
1 841
1 842
1 843
1 844
1 845
1 846
1 847
1 848
1 849
1 850
1 851
1 852
1 853
1 854
1 855
1 856
1 857
1 858
1 859
1 860
1 861
1 862
1 863
1 864
1 865
1 866
1 867
1 868
1 869
1 870
1 871
1 872
1 873
1 874
1 875
1 876
1 877
1 878
1 879
1 880
1 881
1 882
1 883
1 884
1 885
1 886
1 887
1 888
1 889
1 890
1 891
1 892
1 893
1 894
1 895
1 896
1 897
1 898
1 899
1 900
1 901
1 902
1 903
1 904
1 905
1 906
1 907
1 908
1 909
1 910
1 911
1 912
1 913
1 914
1 915
1 916
1 917
1 918
1 919
1 920
1 921
1 922
1 923
1 924
1 925
1 926
1 927
1 928
1 929
1 930
1 931
1 932
1 933
1 934
1 935
1 936
1 937
1 938
1 939
1 940
1 941
1 942
1 943
1 944
1 945
1 946
1 947
1 948
1 949
1 950
1 951
1 952
1 953
1 954
1 955
1 956
1 957
1 958
1 959
1 960
1 961
1 962
1 963
1 964
1 965
1 966
1 967
1 968
1 969
1 970
1 971
1 972
1 973
1 974
1 975
1 976
1 977
1 978
1 979
1 980
1 981
1 982
1 983
1 984
1 985
1 986
1 987
1 988
1 989
1 990
1 991
1 992
1 993
1 994
1 995
1 996
1 997
1 998
1 999
1 1000
1 1001
1 1002
1 1003
1 1004
1 1005
1 1006
1 1007
1 1008
1 1009
1 1010
1 1011
1 1012
1 1013
1 1014
1 1015
1 1016
1 1017
1 1018
1 1019
1 1020
1 1021
1 1022
1 1023
1 1024
1 1025
1 1026
1 1027
1 1028
1 1029
1 1030
1 1031
1 1032
1 1033
1 1034
1 1035
1 1036
1 1037
1 1038
1 1039
1 1040
1 1041
1 1042
1 1043
1 1044
1 1045
1 1046
1 1047
1 1048
1 1049
1 1050
1 1051
1 1052
1 1053
1 1054
1 1055
1 1056
1 1057
1 1058
1 1059
1 1060
1 1061
1 1062
1 1063
1 1064
1 1065
1 1066
1 1067
1 1068
1 1069
1 1070
1 1071
1 1072
1 1073
1 1074
1 1075
1 1076
1 1077
1 1078
1 1079
1 1080
1 1081
1 1082
1 1083
1 1084
1 1085
1 1086
1 1087
1 1088
1 1089
1 1090
1 1091
1 1092
1 1093
1 1094
1 1095
1 1096
1 1097
1 1098
1 1099
1 1100
1 1101
1 1102
1 1103
1 1104
1 1105
1 1106
1 1107
1 1108
1 1109
1 1110
1 1111
1 1112
1 1113
1 1114
1 1115
1 1116
1 1117
1 1118
1 1119
1 1120
1 1121
1 1122
1 1123
1 1124
1 1125
1 1126
1 1127
1 1128
1 1129
1 1130
1 1131
1 1132
1 1133
1 1134
1 1135
1 1136
1 1137
1 1138
1 1139
1 1140
1 1141
1 1142
1 1143
1 1144
1 1145
1 1146
1 1147
1 1148
1 1149
1 1150
1 1151
1 1152
1 1153
1 1154
1 1155
1 1156
1 1157
1 1158
1 1159
1 1160
1 1161
1 1162
1 1163
1 1164
1 1165
1 1166
1 1167
1 1168
1 1169
1 1170
1 1171
1 1172
1 1173
1 1174
1 1175
1 1176
1 1177
1 1178
1 1179
1 1180
1 1181
1 1182
1 1183
1 1184
1 1185
1 1186
1 1187
1 1188
1 1189
1 1190
1 1191
1 1192
1 1193
1 1194
1 1195
1 1196
1 1197
1 1198
1 1199
1 1200
1 1201
1 1202
1 1203
1 1204
1 1205
1 1206
1 1207
1 1208
1 1209
1 1210
1 1211
1 1212
1 1213
1 1214
1 1215
1 1216
1 1217
1 1218
1 1219
1 1220
1 1221
1 1222
1 1223
1 1224
1 1225
1 1226
1 1227
1 1228
1 1229
1 1230
1 1231
1 1232
1 1233
1 1234
1 1235
1 1236
1 1237
1 1238
1 1239
1 1240
1 1241
1 1242
1 1243
1 1244
1 1245
1 1246
1 1247
1 1248
1 1249
1 1250
1 1251
1 1252
1 1253
1 1254
1 1255
1 1256
1 1257
1 1258
1 1259
1 1260
1 1261
1 1262
1 1263
1 1264
1 1265
1 1266
1 1267
1 1268
1 1269
1 1270
1 1271
1 1272
1 1273
1 1274
1 1275
1 1276
1 1277
1 1278
1 1279
1 1280
1 1281
1 1282
1 1283
1 1284
1 1285
1 1286
1 1287
1 1288
1 1289
1 1290
1 1291
1 1292
1 1293
1 1294
1 1295
1 1296
1 1297
1 1298
1 1299
1 1300
1 1301
1 1302
1 1303
1 1304
1 1305
1 1306
1 1307
1 1308
1 1309
1 1310
1 1311
1 1312
1 1313
1 1314
1 1315
1 1316
1 1317
1 1318
1 1319
1 1320
1 1321
1 1322
1 1323
1 1324
1 1325
1 1326
1 1327
1 1328
1 1329
1 1330
1 1331
1 1332
1 1333
1 1334
1 1335
1 1336
1 1337
1 1338
1 1339
1 1340
1 1341
1 1342
1 1343
1 1344
1 1345
1 1346
1 1347
1 1348
1 1349
1 1350
1 1351
1 1352
1 1353
1 1354
1 1355
1 1356
1 1357
1 1358
1 1359
1 1360
1 1361
1 1362
1 1363
1 1364
1 1365
1 1366
1 1367
1 1368
1 1369
1 1370
1 1371
1 1372
1 1373
1 1374
1 1375
1 1376
1 1377
1 1378
1 1379
1 1380
1 1381
1 1382
1 1383
1 1384
1 1385
1 1386
1 1387
1 1388
1 1389
1 1390
1 1391
1 1392
1 1393
1 1394
1 1395
1 1396
1 1397
1 1398
1 1399
1 1400
1 1401
1 1402
1 1403
1 1404
1 1405
1 1406
1 1407
1 1408
1 1409
1 1410
1 1411
1 1412
1 1413
1 1414
1 1415
1 1416
1 1417
1 1418
1 1419
1 1420
1 1421
1 1422
1 1423
1 1424
1 1425
1 1426
1 1427
1 1428
1 1429
1 1430
1 1431
1 1432
1 1433
1 1434
1 1435
1 1436
1 1437
1 1438
1 1439
1 1440
1 1441
1 1442
1 1443
1 1444
1 1445
1 1446
1 1447
1 1448
1 1449
1 1450
1 1451
1 1452
1 1453
1 1454
1 1455
1 1456
1 1457
1 1458
1 1459
1 1460
1 1461
1 1462
1 1463
1 1464
1 1465
1 1466
1 1467
1 1468
1 1469
1 1470
1 1471
1 1472
1 1473
1 1474
1 1475
1 1476
1 1477
1 1478
1 1479
1 1480
1 1481
1 1482
1 1483
1 1484
1 1485
1 1486
1 1487
1 1488
1 1489
1 1490
1 1491
1 1492
1 1493
1 1494
1 1495
1 1496
1 1497
1 1498
1 1499
1 1500
1 1501
1 1502
1 1503
1 1504
1 1505
1 1506
1 1507
1 1508
1 1509
1 1510
1 1511
1 1512
1 1513
1 1514
1 1515
1 1516
1 1517
1 1518
1 1519
1 1520
1 1521
1 1522
1 1523
1 1524
1 1525
1 1526
1 1527
1 1528
1 1529
1 1530
1 1531
1 1532
1 1533
1 1534
1 1535
1 1536
1 1537
1 1538
1 1539
1 1540
1 1541
1 1542
1 1543
1 1544
1 1545
1 1546
1 1547
1 1548
1 1549
1 1550
1 1551
1 1552
1 1553
1 1554
1 1555
1 1556
1 1557
1 1558
1 1559
1 1560
1 1561
1 1562
1 1563
1 1564
1 1565
1 1566
1 1567
1 1568
1 1569
1 1570
1 1571
1 1572
1 1573
1 1574
1 1575
1 1576
1 1577
1 1578
1 1579
1 1580
1 1581
1 1582
1 1583
1 1584
1 1585
1 1586
1 1587
1 1588
1 1589
1 1590
1 1591
1 1592
1 1593
1 1594
1 1595
1 1596
1 1597
1 1598
1 1599
1 1600
1 1601
1 1602
1 1603
1 1604
1 1605
1 1606
1 1607
1 1608
1 1609
1 1610
1 1611
1 1612
1 1613
1 1614
1 1615
1 1616
1 1617
1 1618
1 1619
1 1620
1 1621
1 1622
1 1623
1 1624
1 1625
1 1626
1 1627
1 1628
1 1629
1 1630
1 1631
1 1632
1 1633
1 1634
1 1635
1 1636
1 1637
1 1638
1 1639
1 1640
1 1641
1 1642
1 1643
1 1644
1 1645
1 1646
1 1647
1 1648
1 1649
1 1650
1 1651
1 1652
1 1653
1 1654
1 1655
1 1656
1 1657
1 1658
1 1659
1 1660
1 1661
1 1662
1 1663
1 1664
1 1665
1 1666
1 1667
1 1668
1 1669
1 1670
1 1671
1 1672
1 1673
1 1674
1 1675
1 1676
1 1677
1 1678
1 1679
1 1680
1 1681
1 1682
1 1683
1 1684
1 1685
1 1686
1 1687
1 1688
1 1689
1 1690
1 1691
1 1692
1 1693
1 1694
1 1695
1 1696
1 1697
1 1698
1 1699
1 1700
1 1701
1 1702
1 1703
1 1704
1 1705
1 1706
1 1707
1 1708
1 1709
1 1710
1 1711
1 1712
1 1713
1 1714
1 1715
1 1716
1 1717
1 1718
1 1719
1 1720
1 1721
1 1722
1 1723
1 1724
1 1725
1 1726
1 1727
1 1728
1 1729
1 1730
1 1731
1 1732
1 1733
1 1734
1 1735
1 1736
1 1737
1 1738
1 1739
1 1740
1 1741
1 1742
1 1743
1 1744
1 1745
1 1746
1 1747
1 1748
1 1749
1 1750
1 1751
1 1752
1 1753
1 1754
1 1755
1 1756
1 1757
1 1758
1 1759
1 1760
1 1761
1 1762
1 1763
1 1764
1 1765
1 1766
1 1767
1 1768
1 1769
1 1770
1 1771
1 1772
1 1773
1 1774
1 1775
1 1776
1 1777
1 1778
1 1779
1 1780
1 1781
1 1782
1 1783
1 1784
1 1785
1 1786
1 1787
1 1788
1 1789
1 1790
1 1791
1 1792
1 1793
1 1794
1 1795
1 1796
1 1797
1 1798
1 1799
1 1800
1 1801
1 1802
1 1803
1 1804
1 1805
1 1806
1 1807
1 1808
1 1809
1 1810
1 1811
1 1812
1 1813
1 1814
1 1815
1 1816
1 1817
1 1818
1 1819
1 1820
1 1821
1 1822
1 1823
1 1824
1 1825
1 1826
1 1827
1 1828
1 1829
1 1830
1 1831
1 1832
1 1833
1 1834
1 1835
1 1836
1 1837
1 1838
1 1839
1 1840
1 1841
1 1842
1 1843
1 1844
1 1845
1 1846
1 1847
1 1848
1 1849
1 1850
1 1851
1 1852
1 1853
1 1854
1 1855
1 1856
1 1857
1 1858
1 1859
1 1860
1 1861
1 1862
1 1863
1 1864
1 1865
1 1866
1 1867
1 1868
1 1869
1 1870
1 1871
1 1872
1 1873
1 1874
1 1875
1 1876
1 1877
1 1878
1 1879
1 1880
1 1881
1 1882
1 1883
1 1884
1 1885
1 1886
1 1887
1 1888
1 1889
1 1890
1 1891
1 1892
1 1893
1 1894
1 1895
1 1896
1 1897
1 1898
1 1899
1 1900
1 1901
1 1902
1 1903
1 1904
1 1905
1 1906
1 1907
1 1908
1 1909
1 1910
1 1911
1 1912
1 1913
1 1914
1 1915
1 1916
1 1917
1 1918
1 1919
1 1920
1 1921
1 1922
1 1923
1 1924
1 1925
1 1926
1 1927
1 1928
1 1929
1 1930
1 1931
1 1932
1 1933
1 1934
1 1935
1 1936
1 1937
1 1938
1 1939
1 1940
1 1941
1 1942
1 1943
1 1944
1 1945
1 1946
1 1947
1 1948
1 1949
1 1950
1 1951
1 1952
1 1953
1 1954
1 1955
1 1956
1 1957
1 1958
1 1959
1 1960
1 1961
1 1962
1 1963
1 1964
1 1965
1 1966
1 1967
1 1968
1 1969
1 1970
1 1971
1 1972
1 1973
1 1974
1 1975
1 1976
1 1977
1 1978
1 1979
1 1980
1 1981
1 1982
1 1983
1 1984
1 1985
1 1986
1 1987
1 1988
1 1989
1 1990
1 1991
1 1992
1 1993
1 1994
1 1995
1 1996
1 1997
1 1998
1 1999
1 2000
1 2001
1 2002
1 2003
1 2004
1 2005
1 2006
1 2007
1 2008
1 2009
1 2010
1 2011
1 2012
1 2013
1 2014
1 2015
1 2016
1 2017
1 2018
1 2019
1 2020
1 2021
1 2022
1 2023
1 2024
1 2025
1 2026
1 2027
1 2028
1 2029
1 2030
1 2031
1 2032
1 2033
1 2034
1 2035
1 2036
1 2037
1 2038
1 2039
1 2040
1 2041
1 2042
1 2043
1 2044
1 2045
1 2046
1 2047
1 2048
1 2049
1 2050
1 2051
1 2052
1 2053
1 2054
1 2055
1 2056
1 2057
1 2058
1 2059
1 2060
1 2061
1 2062
1 2063
1 2064
1 2065
1 2066
1 2067
1 2068
1 2069
1 2070
1 2071
1 2072
1 2073
1 2074
1 2075
1 2076
1 2077
1 2078
1 2079
1 2080
1 2081
1 2082
1 2083
1 2084
1 2085
1 2086
1 2087
1 2088
1 2089
1 2090
1 2091
1 2092
1 2093
1 2094
1 2095
1 2096
1 2097
1 2098
1 2099
1 2100
1 2101
1 2102
1 2103
1 2104
1 2105
1 2106
1 2107
1 2108
1 2109
1 2110
1 2111
1 2112
1 2113
1 2114
1 2115
1 2116
1 2117
1 2118
1 2119
1 2120
1 2121
1 2122
1 2123
1 2124
1 2125
1 2126
1 2127
1 2128
1 2129
1 2130
1 2131
1 2132
1 2133
1 2134
1 2135
1 2136
1 2137
1 2138
1 2139
1 2140
1 2141
1 2142
1 2143
1 2144
1 2145
1 2146
1 2147
1 2148
1 2149
1 2150
1 2151
1 2152
1 2153
1 2154
1 2155
1 2156
1 2157
1 2158
1 2159
1 2160
1 2161
1 2162
1 2163
1 2164
1 2165
1 2166
1 2167
1 2168
1 2169
1 2170
1 2171
1 2172
1 2173
1 2174
1 2175
1 2176
1 2177
1 2178
1 2179
1 2180
1 2181
1 2182
1 2183
1 2184
1 2185
1 2186
1 2187
1 2188
1 2189
1 2190
1 2191
1 2192
1 2193
1 2194
1 2195
1 2196
1 2197
1 2198
1 2199
1 2200
1 2201
1 2202
1 2203
1 2204
1 2205
1 2206
1 2207
1 2208
1 2209
1 2210
1 2211
1 2212
1 2213
1 2214
1 2215
1 2216
1 2217
1 2218
1 2219
1 2220
1 2221
1 2222
1 2223
1 2224
1 2225
1 2226
1 2227
1 2228
1 2229
1 2230
1 2231
1 2232
1 2233
1 2234
1 2235
1 2236
1 2237
1 2238
1 2239
1 2240
1 2241
1 2242
1 2243
1 2244
1 2245
1 2246
1 2247
1 2248
1 2249
1 2250
1 2251
1 2252
1 2253
1 2254
1 2255
1 2256
1 2257
1 2258
1 2259
1 2260
1 2261
1 2262
1 2263
1 2264
1 2265
1 2266
1 2267
1 2268
1 2269
1 2270
1 2271
1 2272
1 2273
1 2274
1 2275
1 2276
1 2277
1 2278
1 2279
1 2280
1 2281
1 2282
1 2283
1 2284
1 2285
1 2286
1 2287
1 2288
1 2289
1 2290
1 2291
1 2292
1 2293
1 2294
1 2295
1 2296
1 2297
1 2298
1 2299
1 2300
1 2301
1 2302
1 2303
1 2304
1 2305
1 2306
1 2307
1 2308
1 2309
1 2310
1 2311
1 2312
1 2313
1 2314
1 2315
1 2316
1 2317
1 2318
1 2319
1 2320
1 2321
1 2322
1 2323
1 2324
1 2325
1 2326
1 2327
1 2328
1 2329
1 2330
1 2331
1 2332
1 2333
1 2334
1 2335
1 2336
1 2337
1 2338
1 2339
1 2340
1 2341
1 2342
1 2343
1 2344
1 2345
1 2346
1 2347
1 2348
1 2349
1 2350
1 2351
1 2352
1 2353
1 2354
1 2355
1 2356
1 2357
1 2358
1 2359
1 2360
1 2361
1 2362
1 2363
1 2364
1 2365
1 2366
1 2367
1 2368
1 2369
1 2370
1 2371
1 2372
1 2373
1 2374
1 2375
1 2376
1 2377
1 2378
1 2379
1 2380
1 2381
1 2382
1 2383
1 2384
1 2385
1 2386
1 2387
1 2388
1 2389
1 2390
1 2391
1 2392
1 2393
1 2394
1 2395
1 2396
1 2397
1 2398
1 2399
1 2400
1 2401
1 2402
1 2403
1 2404
1 2405
1 2406
1 2407
1 2408
1 2409
1 2410
1 2411
1 2412
1 2413
1 2414
1 2415
1 2416
1 2417
1 2418
1 2419
1 2420
1 2421
1 2422
1 2423
1 2424
1 2425
1 2426
1 2427
1 2428
1 2429
1 2430
1 2431
1 2432
1 2433
1 2434
1 2435
1 2436
1 2437
1 2438
1 2439
1 2440
1 2441
1 2442
1 2443
1 2444
1 2445
1 2446
1 2447
1 2448
1 2449
1 2450
1 2451
1 2452
1 2453
1 2454
1 2455
1 2456
1 2457
1 2458
1 2459
1 2460
1 2461
1 2462
1 2463
1 2464
1 2465
1 2466
1 2467
1 2468
1 2469
1 2470
1 2471
1 2472
1 2473
1 2474
1 2475
1 2476
1 2477
1 2478
1 2479
1 2480
1 2481
1 2482
1 2483
1 2484
1 2485
1 2486
1 2487
1 2488
1 2489
1 2490
1 2491
1 2492
1 2493
1 2494
1 2495
1 2496
1 2497
1 2498
1 2499
1 2500
1 2501
1 2502
1 2503
1 2504
1 2505
1 2506
1 2507
1 2508
1 2509
1 2510
1 2511
1 2512
1 2513
1 2514
1 2515
1 2516
1 2517
1 2518
1 2519
1 2520
1 2521
1 2522
1 2523
1 2524
1 2525
1 2526
1 2527
1 2528
1 2529
1 2530
1 2531
1 2532
1 2533
1 2534
1 2535
1 2536
1 2537
1 2538
1 2539
1 2540
POINT_DATA 2541
SCALARS density float 1
LOOKUP_TABLE default
500
500
500
500
500
500
500
500
500
500
500
500
500
500
500
500
500
500
500
500
500
500
500
500
500
500
500
500
500
500
500
500
500
500
500
500
500
500
500
500
500
500
500
500
500
500
500
500
500
500
500
500
500
500
500
500
500
500
500
500
500
500
500
500
500
500
500
500
500
500
500
500
500
500
500
500
500
500
500
500
500
500
500
500
500
500
500
500
500
500
500
500
500
500
500
500
500
500
500
500
500
500
500
500
500
500
500
500
500
500
500
500
500
500
500
500
500
500
500
500
500
500
500
500
500
500
500
500
500
500
500
500
500
500
500
500
500
500
500
500
500
500
500
500
500
500
500
500
500
500
500
500
500
500
500
500
500
500
500
500
500
500
500
500
500
500
500
500
500
500
500
500
500
500
500
500
500
500
500
500
500
500
500
500
500
500
500
500
500
500
500
500
500
500
500
500
500
500
500
500
500
500
500
500
500
500
500
500
500
500
500
500
500
500
500
500
500
500
500
500
500
500
500
500
500
500
500
500
500
500
500
500
500
500
500
500
500
500
500
500
500
500
500
500
500
500
500
500
500
500
500
500
500
500
500
500
500
500
500
500
500
500
500
500
500
500
500
500
500
500
500
500
500
500
500
500
500
500
500
500
500
500
500
500
500
500
500
500
500
500
500
500
500
500
500
500
500
500
500
500
500
500
500
500
500
500
500
500
500
500
500
500
500
500
500
500
500
500
500
500
500
500
500
500
500
500
500
500
500
500
500
500
500
500
500
500
500
500
500
500
500
500
500
500
500
500
500
500
500
500
500
500
500
500
500
500
500
500
500
500
500
500
500
500
500
500
500
500
500
500
500
500
500
500
500
500
500
500
500
500
500
500
500
500
500
500
500
500
500
500
500
500
500
500
500
500
500
500
500
500
500
500
500
500
500
500
500
500
500
500
500
500
500
500
500
500
500
500
500
500
500
500
500
500
500
500
500
500
500
500
500
500
500
500
500
500
500
500
500
500
500
500
500
500
500
500
500
500
500
500
500
500
500
500
500
500
500
500
500
500
500
500
500
500
500
500
500
500
500
500
500
500
500
500
500
500
500
500
500
500
500
500
500
500
500
500
500
500
500
500
500
500
500
500
500
500
500
500
500
500
500
500
500
500
500
500
500
500
500
500
500
500
500
500
500
500
500
500
500
500
500
500
500
500
500
500
500
500
500
500
500
500
500
500
500
500
500
500
500
500
500
500
500
500
500
500
500
500
500
500
500
500
500
500
500
500
500
500
500
500
500
500
500
500
500
500
500
500
500
500
500
500
500
500
500
500
500
500
500
500
500
500
500
500
500
500
500
500
500
500
500
500
500
500
500
500
500
500
500
500
500
500
500
500
500
500
500
500
500
500
500
500
500
500
500
500
500
500
500
500
500
500
500
500
500
500
500
500
500
500
500
500
500
500
500
500
500
500
500
500
500
500
500
500
500
500
500
500
500
500
500
500
500
500
500
500
500
500
500
500
500
500
500
500
500
500
500
500
500
500
500
500
500
500
500
500
500
500
500
500
500
500
500
500
500
500
500
500
500
500
500
500
500
500
500
500
500
500
500
500
500
500
500
500
500
500
500
500
500
500
500
500
500
500
500
500
500
500
500
500
500
500
500
500
500
500
500
500
500
500
500
500
500
500
500
500
500
500
500
500
500
500
500
500
500
500
500
500
500
500
500
500
500
500
500
500
500
500
500
500
500
500
500
500
500
500
500
500
500
500
500
500
500
500
500
500
500
500
500
500
500
500
500
500
500
500
500
500
500
500
500
500
500
500
500
500
500
500
500
500
500
500
500
500
500
500
500
500
500
500
500
500
500
500
500
500
500
500
500
500
500
500
500
500
500
500
500
500
500
500
500
500
500
500
500
500
500
500
500
500
500
500
500
500
500
500
500
500
500
500
500
500
500
500
500
500
500
500
500
500
500
500
500
500
500
500
500
500
500
500
500
500
500
500
500
500
500
500
500
500
500
500
500
500
500
500
500
500
500
500
500
500
500
500
500
500
500
500
500
500
500
500
500
500
500
500
500
500
500
500
500
500
500
500
500
500
500
500
500
500
500
500
500
500
500
500
500
500
500
500
500
500
500
500
500
500
500
500
500
500
500
500
500
500
500
500
500
500
500
500
500
500
500
500
500
500
500
500
500
500
500
500
500
500
500
500
500
500
500
500
500
500
500
500
500
500
500
500
500
500
500
500
500
500
500
500
500
500
500
500
500
500
500
500
500
500
500
500
500
500
500
500
500
500
500
500
500
500
500
500
500
500
500
500
500
500
500
500
500
500
500
500
500
500
500
500
500
500
500
500
500
500
500
500
500
500
500
500
500
500
500
500
500
500
500
500
500
500
500
500
500
500
500
500
500
500
500
500
500
500
500
500
500
500
500
500
500
500
500
500
500
500
500
500
500
500
500
500
500
500
500
500
500
500
500
500
500
500
500
500
500
500
500
500
500
500
500
500
500
500
500
500
500
500
500
500
500
500
500
500
500
500
500
500
500
500
500
500
500
500
500
500
500
500
500
500
500
500
500
500
500
500
500
500
500
500
500
500
500
500
500
500
500
500
500
500
500
500
500
500
500
500
500
500
500
500
500
500
500
500
500
500
500
500
500
500
500
500
500
500
500
500
500
500
500
500
500
500
500
500
500
500
500
500
500
500
500
500
500
500
500
500
500
500
500
500
500
500
500
500
500
500
500
500
500
500
500
500
500
500
500
500
500
500
500
500
500
500
500
500
500
500
500
500
500
500
500
500
500
500
500
500
500
500
500
500
500
500
500
500
500
500
500
500
500
500
500
500
500
500
500
500
500
500
500
500
500
500
500
500
500
500
500
500
500
500
500
500
500
500
500
500
500
500
500
500
500
500
500
500
500
500
500
500
500
500
500
500
500
500
500
500
500
500
500
500
500
500
500
500
500
500
500
500
500
500
500
500
500
500
500
500
500
500
500
500
500
500
500
500
500
500
500
500
500
500
500
500
500
500
500
500
500
500
500
500
500
500
500
500
500
500
500
500
500
500
500
500
500
500
500
500
500
500
500
500
500
500
500
500
500
500
500
500
500
500
500
500
500
500
500
500
500
500
500
500
500
500
500
500
500
500
500
500
500
500
500
500
500
500
500
500
500
500
500
500
500
500
500
500
500
500
500
500
500
500
500
500
500
500
500
500
500
500
500
500
500
500
500
500
500
500
500
500
500
500
500
500
500
500
500
500
500
500
500
500
500
500
500
500
500
500
500
500
500
500
500
500
500
500
500
500
500
500
500
500
500
500
500
500
500
500
500
500
500
500
500
500
500
500
500
500
500
500
500
500
500
500
500
500
500
500
500
500
500
500
500
500
500
500
500
500
500
500
500
500
500
500
500
500
500
500
500
500
500
500
500
500
500
500
500
500
500
500
500
500
500
500
500
500
500
500
500
500
500
500
500
500
500
500
500
500
500
500
500
500
500
500
500
500
500
500
500
500
500
500
500
500
500
500
500
500
500
500
500
500
500
500
500
500
500
500
500
500
500
500
500
500
500
500
500
500
500
500
500
500
500
500
500
500
500
500
500
500
500
500
500
500
500
500
500
500
500
500
500
500
500
500
500
500
500
500
500
500
500
500
500
500
500
500
500
500
500
500
500
500
500
500
500
500
500
500
500
500
500
500
500
500
500
500
500
500
500
500
500
500
500
500
500
500
500
500
500
500
500
500
500
500
500
500
500
500
500
500
500
500
500
500
500
500
500
500
500
500
500
500
500
500
500
500
500
500
500
500
500
500
500
500
500
500
500
500
500
500
500
500
500
500
500
500
500
500
500
500
500
500
500
500
500
500
500
500
500
500
500
500
500
500
500
500
500
500
500
500
500
500
500
500
500
500
500
500
500
500
500
500
500
500
500
500
500
500
500
500
500
500
500
500
500
500
500
500
500
500
500
500
500
500
500
500
500
500
500
500
500
500
500
500
500
500
500
500
500
500
500
500
500
500
500
500
500
500
500
500
500
500
500
500
500
500
500
500
500
500
500
500
500
500
500
500
500
500
500
500
500
500
500
500
500
500
500
500
500
500
500
500
500
500
500
500
500
500
500
500
500
500
500
500
500
500
500
500
500
500
500
500
500
500
500
500
500
500
500
500
500
500
500
500
500
500
500
500
500
500
500
500
500
500
500
500
500
500
500
500
500
500
500
500
500
500
500
500
500
500
500
500
500
500
500
500
500
500
500
500
500
500
500
500
500
500
500
500
500
500
500
500
500
500
500
500
500
500
500
500
500
500
500
500
500
500
500
500
500
500
500
500
500
500
500
500
500
500
500
500
500
500
500
500
500
500
500
500
500
500
500
500
500
500
500
500
500
500
500
500
500
500
500
500
500
500
500
500
500
500
500
500
500
500
500
500
500
500
500
500
500
500
500
500
500
500
500
500
500
500
500
500
500
500
500
500
500
500
500
500
500
500
500
500
500
500
500
500
500
500
500
500
500
500
500
500
500
500
500
500
500
500
500
500
500
500
500
500
500
500
500
500
500
500
500
500
500
500
500
500
500
500
500
500
500
500
500
500
500
500
500
500
500
500
500
500
500
500
500
500
500
500
500
500
500
500
500
500
500
500
500
500
500
500
500
500
500
500
500
500
500
500
500
500
500
500
500
500
500
500
500
500
500
500
500
500
500
500
500
500
500
500
500
500
500
500
500
500
500
500
500
500
500
500
500
500
500
500
500
500
500
500
500
500
500
500
500
500
500
500
500
500
500
500
500
500
500
500
500
500
500
500
500
500
500
500
500
500
500
500
500
500
500
500
500
500
500
500
500
500
500
500
500
500
500
500
500
500
500
500
500
500
500
500
500
500
500
500
500
500
500
500
500
500
500
500
500
500
500
500
500
500
500
500
500
500
500
500
500
500
500
500
500
500
500
500
500
500
500
500
500
500
500
500
500
500
500
500
500
500
500
500
500
500
500
500
500
500
500
500
500
500
500
500
500
500
500
500
500
500
500
500
500
500
500
500
500
500
500
500
500
500
500
500
500
500
500
500
500
500
500
500
500
500
500
500
500
500
500
500
500
500
500
500
500
500
500
500
500
500
500
500
500
500
500
500
500
500
500
500
500
500
500
500
500
500
500
500
500
500
500
500
500
500
500
500
500
500
500
500
500
500
500
500
500
500
500
500
500
500
500
500
500
500
500
500
500
500
500
500
500
500
500
500
500
500
500
500
500
500
500
500
500
500
500
500
500
500
500
500
500
500
500
500
500
500
500
500
500
500
500
500
500
500
500
500
500
500
500
500
500
500
500
500
500
500
500
500
500
500
500
500
500
500
500
500
500
500
500
500
500
500
500
500
500
500
500
500
500
500
500
500
500
500
500
500
500
500
500
500
500
500
500
500
500
500
500
500
500
500
500
500
500
500
500
500
500
500
500
500
500
500
500
500
500
500
500
500
500
500
500
500
500
500
500
500
500
500
500
500
500
500
500
500
500
500
500
500
500
500
500
500
500
500
500
500
500
500
500
500
500
500
500
500
500
500
500
500
500
500
500
500
500
500
500
500
500
500
500
500
500
500
500
500
500
500
500
500
500
500
500
500
500
500
500
500
500
500
500
500
500
500
500
500
500
500
500
500
500
500
500
500
500
500
500
500
500
500
500
500
500
500
500
500
500
500
500
500
500
500
500
500
500
500
500
500
500
500
500
500
500
500
500
500
500
500
500
500
500
500
500
500
500
500
500
500
500
SCALARS pressure float 1
LOOKUP_TABLE default
0
0
0
0
0
0
0
0
0
0
0
0
0
0
0
0
0
0
0
0
0
0
0
0
0
0
0
0
0
0
0
0
0
0
0
0
0
0
0
0
0
0
0
0
0
0
0
0
0
0
0
0
0
0
0
0
0
0
0
0
0
0
0
0
0
0
0
0
0
0
0
0
0
0
0
0
0
0
0
0
0
0
0
0
0
0
0
0
0
0
0
0
0
0
0
0
0
0
0
0
0
0
0
0
0
0
0
0
0
0
0
0
0
0
0
0
0
0
0
0
0
0
0
0
0
0
0
0
0
0
0
0
0
0
0
0
0
0
0
0
0
0
0
0
0
0
0
0
0
0
0
0
0
0
0
0
0
0
0
0
0
0
0
0
0
0
0
0
0
0
0
0
0
0
0
0
0
0
0
0
0
0
0
0
0
0
0
0
0
0
0
0
0
0
0
0
0
0
0
0
0
0
0
0
0
0
0
0
0
0
0
0
0
0
0
0
0
0
0
0
0
0
0
0
0
0
0
0
0
0
0
0
0
0
0
0
0
0
0
0
0
0
0
0
0
0
0
0
0
0
0
0
0
0
0
0
0
0
0
0
0
0
0
0
0
0
0
0
0
0
0
0
0
0
0
0
0
0
0
0
0
0
0
0
0
0
0
0
0
0
0
0
0
0
0
0
0
0
0
0
0
0
0
0
0
0
0
0
0
0
0
0
0
0
0
0
0
0
0
0
0
0
0
0
0
0
0
0
0
0
0
0
0
0
0
0
0
0
0
0
0
0
0
0
0
0
0
0
0
0
0
0
0
0
0
0
0
0
0
0
0
0
0
0
0
0
0
0
0
0
0
0
0
0
0
0
0
0
0
0
0
0
0
0
0
0
0
0
0
0
0
0
0
0
0
0
0
0
0
0
0
0
0
0
0
0
0
0
0
0
0
0
0
0
0
0
0
0
0
0
0
0
0
0
0
0
0
0
0
0
0
0
0
0
0
0
0
0
0
0
0
0
0
0
0
0
0
0
0
0
0
0
0
0
0
0
0
0
0
0
0
0
0
0
0
0
0
0
0
0
0
0
0
0
0
0
0
0
0
0
0
0
0
0
0
0
0
0
0
0
0
0
0
0
0
0
0
0
0
0
0
0
0
0
0
0
0
0
0
0
0
0
0
0
0
0
0
0
0
0
0
0
0
0
0
0
0
0
0
0
0
0
0
0
0
0
0
0
0
0
0
0
0
0
0
0
0
0
0
0
0
0
0
0
0
0
0
0
0
0
0
0
0
0
0
0
0
0
0
0
0
0
0
0
0
0
0
0
0
0
0
0
0
0
0
0
0
0
0
0
0
0
0
0
0
0
0
0
0
0
0
0
0
0
0
0
0
0
0
0
0
0
0
0
0
0
0
0
0
0
0
0
0
0
0
0
0
0
0
0
0
0
0
0
0
0
0
0
0
0
0
0
0
0
0
0
0
0
0
0
0
0
0
0
0
0
0
0
0
0
0
0
0
0
0
0
0
0
0
0
0
0
0
0
0
0
0
0
0
0
0
0
0
0
0
0
0
0
0
0
0
0
0
0
0
0
0
0
0
0
0
0
0
0
0
0
0
0
0
0
0
0
0
0
0
0
0
0
0
0
0
0
0
0
0
0
0
0
0
0
0
0
0
0
0
0
0
0
0
0
0
0
0
0
0
0
0
0
0
0
0
0
0
0
0
0
0
0
0
0
0
0
0
0
0
0
0
0
0
0
0
0
0
0
0
0
0
0
0
0
0
0
0
0
0
0
0
0
0
0
0
0
0
0
0
0
0
0
0
0
0
0
0
0
0
0
0
0
0
0
0
0
0
0
0
0
0
0
0
0
0
0
0
0
0
0
0
0
0
0
0
0
0
0
0
0
0
0
0
0
0
0
0
0
0
0
0
0
0
0
0
0
0
0
0
0
0
0
0
0
0
0
0
0
0
0
0
0
0
0
0
0
0
0
0
0
0
0
0
0
0
0
0
0
0
0
0
0
0
0
0
0
0
0
0
0
0
0
0
0
0
0
0
0
0
0
0
0
0
0
0
0
0
0
0
0
0
0
0
0
0
0
0
0
0
0
0
0
0
0
0
0
0
0
0
0
0
0
0
0
0
0
0
0
0
0
0
0
0
0
0
0
0
0
0
0
0
0
0
0
0
0
0
0
0
0
0
0
0
0
0
0
0
0
0
0
0
0
0
0
0
0
0
0
0
0
0
0
0
0
0
0
0
0
0
0
0
0
0
0
0
0
0
0
0
0
0
0
0
0
0
0
0
0
0
0
0
0
0
0
0
0
0
0
0
0
0
0
0
0
0
0
0
0
0
0
0
0
0
0
0
0
0
0
0
0
0
0
0
0
0
0
0
0
0
0
0
0
0
0
0
0
0
0
0
0
0
0
0
0
0
0
0
0
0
0
0
0
0
0
0
0
0
0
0
0
0
0
0
0
0
0
0
0
0
0
0
0
0
0
0
0
0
0
0
0
0
0
0
0
0
0
0
0
0
0
0
0
0
0
0
0
0
0
0
0
0
0
0
0
0
0
0
0
0
0
0
0
0
0
0
0
0
0
0
0
0
0
0
0
0
0
0
0
0
0
0
0
0
0
0
0
0
0
0
0
0
0
0
0
0
0
0
0
0
0
0
0
0
0
0
0
0
0
0
0
0
0
0
0
0
0
0
0
0
0
0
0
0
0
0
0
0
0
0
0
0
0
0
0
0
0
0
0
0
0
0
0
0
0
0
0
0
0
0
0
0
0
0
0
0
0
0
0
0
0
0
0
0
0
0
0
0
0
0
0
0
0
0
0
0
0
0
0
0
0
0
0
0
0
0
0
0
0
0
0
0
0
0
0
0
0
0
0
0
0
0
0
0
0
0
0
0
0
0
0
0
0
0
0
0
0
0
0
0
0
0
0
0
0
0
0
0
0
0
0
0
0
0
0
0
0
0
0
0
0
0
0
0
0
0
0
0
0
0
0
0
0
0
0
0
0
0
0
0
0
0
0
0
0
0
0
0
0
0
0
0
0
0
0
0
0
0
0
0
0
0
0
0
0
0
0
0
0
0
0
0
0
0
0
0
0
0
0
0
0
0
0
0
0
0
0
0
0
0
0
0
0
0
0
0
0
0
0
0
0
0
0
0
0
0
0
0
0
0
0
0
0
0
0
0
0
0
0
0
0
0
0
0
0
0
0
0
0
0
0
0
0
0
0
0
0
0
0
0
0
0
0
0
0
0
0
0
0
0
0
0
0
0
0
0
0
0
0
0
0
0
0
0
0
0
0
0
0
0
0
0
0
0
0
0
0
0
0
0
0
0
0
0
0
0
0
0
0
0
0
0
0
0
0
0
0
0
0
0
0
0
0
0
0
0
0
0
0
0
0
0
0
0
0
0
0
0
0
0
0
0
0
0
0
0
0
0
0
0
0
0
0
0
0
0
0
0
0
0
0
0
0
0
0
0
0
0
0
0
0
0
0
0
0
0
0
0
0
0
0
0
0
0
0
0
0
0
0
0
0
0
0
0
0
0
0
0
0
0
0
0
0
0
0
0
0
0
0
0
0
0
0
0
0
0
0
0
0
0
0
0
0
0
0
0
0
0
0
0
0
0
0
0
0
0
0
0
0
0
0
0
0
0
0
0
0
0
0
0
0
0
0
0
0
0
0
0
0
0
0
0
0
0
0
0
0
0
0
0
0
0
0
0
0
0
0
0
0
0
0
0
0
0
0
0
0
0
0
0
0
0
0
0
0
0
0
0
0
0
0
0
0
0
0
0
0
0
0
0
0
0
0
0
0
0
0
0
0
0
0
0
0
0
0
0
0
0
0
0
0
0
0
0
0
0
0
0
0
0
0
0
0
0
0
0
0
0
0
0
0
0
0
0
0
0
0
0
0
0
0
0
0
0
0
0
0
0
0
0
0
0
0
0
0
0
0
0
0
0
0
0
0
0
0
0
0
0
0
0
0
0
0
0
0
0
0
0
0
0
0
0
0
0
0
0
0
0
0
0
0
0
0
0
0
0
0
0
0
0
0
0
0
0
0
0
0
0
0
0
0
0
0
0
0
0
0
0
0
0
0
0
0
0
0
0
0
0
0
0
0
0
0
0
0
0
0
0
0
0
0
0
0
0
0
0
0
0
0
0
0
0
0
0
0
0
0
0
0
0
0
0
0
0
0
0
0
0
0
0
0
0
0
0
0
0
0
0
0
0
0
0
0
0
0
0
0
0
0
0
0
0
0
0
0
0
0
0
0
0
0
0
0
0
0
0
0
0
0
0
0
0
0
0
0
0
0
0
0
0
0
0
0
0
0
0
0
0
0
0
0
0
0
0
0
0
0
0
0
0
0
0
0
0
0
0
0
0
0
0
0
0
0
0
0
0
0
0
0
0
0
0
0
0
0
0
0
0
0
0
0
0
0
0
0
0
0
0
0
0
0
0
0
0
0
0
0
0
0
0
0
0
0
0
0
0
0
0
0
0
0
0
0
0
0
0
0
0
0
0
0
0
0
0
0
0
0
0
0
0
0
0
0
0
0
0
0
0
0
0
0
0
0
0
0
0
0
0
0
0
0
0
0
0
0
0
0
0
0
0
0
0
0
0
0
0
0
0
0
0
0
0
0
0
0
0
0
0
0
0
0
0
0
0
0
0
0
0
0
0
0
0
0
0
0
0
0
0
0
0
0
0
0
0
0
0
0
0
0
0
0
0
0
0
0
0
0
0
0
0
0
0
0
0
0
0
0
0
0
0
0
0
0
0
0
0
0
0
0
0
0
0
0
0
0
0
0
0
0
0
0
0
0
0
0
0
0
0
0
0
0
0
0
0
0
0
0
0
0
0
0
0
0
0
0
0
0
0
0
0
0
0
0
0
0
0
0
0
0
0
0
0
0
0
0
0
0
0
0
0
0
0
0
0
0
0
0
0
0
0
0
0
0
0
0
0
0
0
0
0
0
0
0
0
0
0
0
0
0
0
0
0
0
0
0
0
0
0
0
0
0
0
0
0
0
0
0
0
0
0
0
0
0
0
0
0
0
0
0
0
0
0
0
0
0
0
0
0
0
0
0
0
0
0
0
0
0
0
0
0
0
0
0
0
0
0
0
0
0
0
0
0
0
0
0
0
0
0
0
0
0
0
0
0
0
0
0
0
0
0
0
0
0
0
0
0
0
0
0
0
0
0
0
0
0
0
0
0
0
0
0
0
0
0
0
0
0
0
0
0
0
0
0
0
0
0
0
0
0
0
0
0
0
0
0
0
0
0
0
0
0
0
0
0
0
0
0
0
0
0
0
0
0
0
0
0
0
0
0
0
0
0
0
0
0
0
0
0
0
0
0
0
0
0
0
0
0
0
0
0
0
0
0
0
0
0
0
0
0
0
0
0
0
0
0
0
0
0
0
0
0
0
0
0
0
0
0
0
0
0
0
0
0
0
0
0
0
0
0
0
0
0
0
0
0
0
0
0
0
0
0
0
0
0
0
0
0
0
0
0
0
0
0
0
0
0
0
0
0
0
0
0
0
0
0
0
0
0
0
0
0
0
0
0
0
0
0
0
0
0
0
0
0
0
0
0
0
0
0
0
0
0
0
0
0
0
0
0
0
0
0
0
0
0
0
0
0
0
0
0
0
0
0
0
0
0
0
0
0
0
0
0
0
0
0
0
0
0
0
0
0
0
0
0
0
0
0
0
0
0
0
0
0
0
0
0
SCALARS speed float 1
LOOKUP_TABLE default
5.7859e-50
2.01197e-47
34.7498
2.83604e-25
2.86577e-41
32.4173
0.0101255
77.2384
4.83812e-21
3.08228
2.89512e-40
4.96366e-12
45.9216
1.53555e-39
5.82777e-25
1.1356e-50
6.76574e-22
6.54983e-33
74.2272
48.1802
1.6401e-42
22.0964
4.73544e-11
36.5571
30.0135
9.13318e-13
1.61861e-26
35.9102
35.7682
66.4537
28.4456
56.7214
8.91527
7.94173e-27
1.54673e-47
7.26931e-27
24.5844
16.8682
1.69319e-16
1.663e-43
5.24002
3.03011e-29
92.5006
4.61176e-39
46.8623
6.30161e-53
1.3191e-31
1.2032e-51
8.04645e-50
7.96609e-38
1.28559e-39
18.5844
71.2266
34.0195
1.59419e-46
1.31878e-38
36.5494
30.0122
2.69747e-34
16.641
1.01094e-38
8.41807e-30
1.1903e-34
23.0069
43.5189
1.82723
8.78178e-34
1.4276e-51
4.49176e-43
1.7635e-48
8.58406e-47
40.9047
6.99377e-50
2.15501e-22
3.38709e-08
54.0279
11.5654
2.87514e-22
87.1854
3.18592e-22
7.22718e-18
3.38705e-35
2.5473e-48
9.97027e-49
6.51398e-27
3.58575e-45
66.3808
1.67193e-48
1.50539e-36
36.5571
29.9999
25.5838
67.108
1.92649e-51
17.732
1.02854e-42
7.38766e-39
28.6882
20.9929
5.08923e-31
50.8752
2.7608e-43
2.99511e-09
4.19881e-50
30.5723
1.1521e-42
1.4296e-11
59.2988
21.2058
29.052
3.73976e-35
1.00312e-48
34.7822
1.44868e-35
4.24244e-15
42.5431
0.562602
8.29303e-18
77.6579
2.23683e-48
3.38014e-46
1.0111e-51
1.60347e-37
3.04179e-38
3.77722e-51
42.1801
2.93813e-36
8.1071
4.3441e-34
2.67875e-44
26.3311
2.17213e-43
7.30652e-36
36.5499
29.9482
11.4568
23.5003
3.47309e-48
16.1078
39.4899
22.4001
59.6294
22.4673
4.83194
26.1221
5.63506
2.9666e-11
9.69345
19.1552
1.66523e-40
62.8794
6.22771e-34
56.2622
3.71537e-26
34.7017
30.5196
1.64533e-36
6.19472e-11
4.57649e-51
25.8069
8.43396e-37
1.28316e-48
0.000239165
44.9986
30.6907
42.4535
26.1818
3.45938e-10
2.4566e-13
173.062
2.99264e-34
4.68143e-25
1.05513e-07
4.06687e-46
6.08124e-51
27.9382
4.83315
26.1446
5.65461
4.50208e-42
0.0246653
6.70858
5.60104
56.3936
2.01818e-43
19.4092
25.7363
2.45143e-24
17.8098
14.1948
1.28409e-15
8.59644
22.5053
4.30338e-16
1.47089e-50
2.57376e-43
1.81974e-35
15.6581
43.7837
26.3248
3.68872
35.9416
2.49195e-41
38.2055
39.0306
29.8612
6.46184e-41
53.145
2.06472e-33
4.83206
26.1221
5.63538
28.7281
3.11055e-41
21.3618
1.56688e-31
30.5115
12.337
5.93438e-13
2.21831e-50
1.98402e-45
38.4841
30.5611
1.54976e-21
10.6217
29.2449
1.05984e-43
27.8536
38.5398
6.51602e-50
74.3166
6.63007e-34
110.74
4.18598e-49
39.2154
32.722
1.07155e-25
66.3355
60.8811
4.82774e-49
1.99772e-43
2.03585e-22
22.6184
1.4499e-49
0.43812
1.9467e-39
32.5016
1.76869e-39
7.58175e-45
49.8326
1.49364e-44
2.05868e-48
2.77247e-35
2.79793e-36
1.0178e-32
1.02331e-49
3.6079e-49
24.7373
5.28077e-40
1.04097e-40
4.33471e-22
10.2164
1.95555e-41
0.0087641
27.3869
27.8922
1.64692e-36
57.8105
1.40186e-50
40.554
76.8257
4.43387e-14
5.39726e-28
2.08246e-14
45.005
9.57005e-14
189.079
4.78269e-49
2.2094e-50
3.50817e-47
2.08667e-40
39.6654
1.19184e-44
8.29046e-47
18.2339
1.45291e-47
37.6971
71.9305
22.3571
2.03991e-40
1.23621e-34
33.3324
40.2686
1.05547e-35
50.239
3.18349e-45
2.68211e-19
43.8556
26.9401
1.64661e-36
28.645
1.58177e-38
37.3211
4.3841e-36
1.14504e-29
1.38183e-27
30.86
6.49762
2.16068e-29
77.8652
84.5136
8.53397
1.59641e-27
18.7172
4.20918e-49
2.58254e-15
10.9872
47.0086
7.87823e-47
10.3192
135.295
1.49674e-48
6.81922e-32
4.05367e-48
22.5728
68.0898
8.61331e-36
55.5464
0.0119183
36.0811
43.0668
27.9267
1.64664e-36
302.581
83.1287
25.1129
20.4711
3.79503e-46
9.25305e-46
7.33127e-45
33.4336
9.07104e-26
2.69384e-36
7.31804e-51
112.696
37.9702
6.32878e-26
97.8097
5.73533e-35
4.84198e-49
42.0898
2.92174e-34
5.77875e-37
33.8618
23.371
4.64035e-35
4.7434e-47
3.40188e-41
2.08109e-11
2.80565e-16
5.58104e-31
4.68446e-15
5.54437e-30
4.6383e-41
6.27494e-42
27.7595
1.06479e-33
3.45486e-35
8.33005e-52
3.1344e-35
6.04545e-39
2.03998e-35
3.74335e-51
60.5438
1.22829e-36
5.8485e-51
49.6595
29.9638
1.58802e-35
3.14576e-11
6.86075e-51
19.9225
17.9564
1.55e-11
2.22638e-39
1.34972e-49
19.4293
1.11591e-07
5.39173e-13
3.49214e-38
9.02108e-30
48.8524
23.6783
2.85605e-31
5.78313e-26
3.08843e-24
1.13537e-35
1.64007e-46
24.673
4.76461e-37
3.36318e-32
115.353
6.0232e-51
4.67152e-35
8.04479e-48
3.31475e-47
24.5581
6.76006e-39
29.0658
47.6353
5.38023e-40
1.83319e-45
1.46939e-10
1.18502e-42
1.05118e-49
32.1344
40.5464
12.6675
40.2735
19.4198
24.9921
7.71838e-36
13.3124
2.15984e-44
2.4759e-49
39.999
49.3594
55.1494
9.35828e-46
3.6316e-26
3.34224e-52
3.24786e-50
180.792
2.11365e-41
100.326
1.65336e-47
58.5136
28.9019
169.403
3.22873e-42
4.43447e-26
69.6297
26.435
1.29684e-28
3.05354e-40
8.05346e-39
3.79279e-51
1.40346e-36
3.2391e-43
16.031
2.23018e-36
3.33443e-29
19.1005
32.1311
4.06495e-33
31.4638
51.4755
1.16108e-24
1.21777e-46
9.03478e-17
2.63597e-49
2.95091e-35
1.6631e-41
1.42057e-50
105.475
2.75621e-34
18.5304
31.0361
1.25693e-47
1.92901e-48
65.6958
33.3267
1.15158e-22
7.04862e-33
1.68064e-25
40.4222
6.08941e-37
1.57445e-37
21.4569
20.3409
6.40481e-46
26.0707
2.13487e-48
46.8878
1.01649e-51
5.79578e-48
4.75362e-42
1.01399e-49
9.91317e-18
31.8467
80.7364
19.5834
4.03966
1.92963e-26
1.00652e-21
3.29154e-47
35.4772
30.3327
5.75106e-46
1.57606e-42
4.61718e-43
64.3518
54.3506
10.6589
3.55034e-33
1.42979e-41
4.83276
26.2246
5.72459
3.93963e-46
0.0675843
1.17467e-10
5.18954e-12
27.1184
2.14247e-50
9.51681
4.20771e-45
43.9003
26.173
1.07227e-36
8.23319e-42
1.86442e-25
2.67678e-44
2.16044e-45
32.6458
19.9405
0.000815837
6.24986e-33
22.2153
22.0309
1.93728e-09
4.8967e-34
5.61991e-17
7.36967e-50
15.5644
4.34428e-38
52.142
51.4907
2.28648e-30
4.83865
26.2436
5.74149
20.8477
3.22713e-19
28.9718
14.5506
4.99186
14.7761
49.1354
7.23062
3.01545e-35
22.5214
13.0851
16.002
1.45645e-30
5.77846e-31
4.09345e-34
6.15281e-12
7.38282e-40
6.65945e-32
1.77137e-05
7.50933e-23
22.2827
3.60103
7.63213e-38
15.385
2.85452e-39
1.74703e-34
1.01217e-42
94.4828
3.0835e-08
6.64412e-36
4.83303
26.2246
5.72487
22.38
0.656739
1.30979e-40
19.5135
4.52903e-28
1.46951e-39
11.9142
25.9798
5.35781e-51
37.2956
30.328
8.49206e-48
5.27041e-42
7.55732
59.8599
6.6497e-49
2.59108e-45
13.6974
32.7026
2.56531e-30
2.45367e-50
22.5427
3.8904e-17
1.94537e-46
38.0225
4.07893e-42
40.6388
2.07816e-12
2.14055e-39
6.07629e-38
2.96012e-30
5.32034e-49
4.13829e-39
3.26804e-40
8.49292e-47
2.58836e-39
1.317e-26
24.7446
0.00128508
1.16591e-39
51.4052
3.8697e-49
3.02992e-50
5.17273e-51
3.81366e-52
2.96899e-37
9.32417e-40
2.7667e-39
22.8332
14.5799
34.5503
1.26169e-32
3.78558e-24
27.0519
1.64727e-36
1.47857e-47
1.31307e-48
37.8671
0.000668876
30.8729
25.4517
2.69154e-46
4.76077e-51
6.56734e-27
1.34618e-40
1.13667e-47
73.4339
6.45225e-43
48.4645
80.9177
3.08893e-35
1.25312e-35
8.36525e-36
1.52034e-47
7.14906e-50
80.8311
22.612
1.0568e-50
1.61882e-47
39.437
37.4511
1.11065e-13
3.98043e-47
8.92532e-33
15.6652
7.48445e-39
26.1246
1.07394e-36
8.45183e-47
29.1581
99.2788
9.47995
27.6086
12.8155
34.6259
2.94244e-27
3.30579e-50
60.8725
82.0397
56.285
13.7666
32.2934
7.70768e-47
9.10673e-23
8.24331e-26
4.29047e-36
32.5832
8.00514e-14
68.4438
9.78028e-49
4.86626e-51
6.26084e-52
1.02707e-31
58.0401
1.14761e-43
1.03569e-25
5.92385e-33
6.90533e-48
86.3919
27.0468
1.6461e-36
7.16414e-42
67.5414
7.55711e-12
5.54204e-33
1.67032e-27
27.6797
5.57165e-31
20.4189
2.90792e-25
3.12668e-38
1.08917e-49
2.69387e-11
1.06164e-34
54.3736
2.89612e-36
6.42725e-44
17.0708
1.28271e-09
25.7819
5.5515e-47
1.24882e-50
18.4464
6.03038e-38
7.09931e-41
3.99488e-49
35.0065
28.9843
16.65
3.58311e-42
5.57283e-51
8.74255e-33
23.8862
30.8869
1.98256e-43
4.36292e-46
1.13515e-05
2.13042e-49
2.83371
4.83031e-35
25.8097
29.0357
4.14392e-27
5.84049e-51
50.0578
30.423
29.8237
3.47723e-50
23.1094
4.69413e-45
1.60261e-44
27.1206
1.86915e-07
5.66248e-50
22.9006
8.13326e-18
7.76025e-33
4.35196e-45
12.2477
5.48579e-11
9.55039e-15
3.18917e-47
1.49209e-13
72.5842
1.04215e-35
4.49875e-42
3.55667e-33
1.05316e-51
7.3343e-33
1.00971e-35
12.6217
7.0456e-43
1.14125e-51
4.00257e-50
1.6501e-50
7.83332e-38
30.7859
13.6542
8.83529e-51
7.09294e-44
77.571
74.2833
56.7333
4.6912e-07
32.2151
2.91399e-51
7.14067e-34
22.2367
12.3176
1.4952e-06
0.0780125
5.27228e-48
15.9844
22.2821
1.11529e-46
7.88388e-25
4.72933e-05
2.7504e-25
1.18751e-46
19.8191
3.34382e-25
7.56324e-33
17.5856
9.82373e-46
37.8238
1.46541e-38
97.8385
6.47641e-41
16.6563
74.4746
1.54975e-48
86.5885
8.09049e-32
63.1617
24.4281
2.9909e-22
22.6622
98.4344
19.5941
7.159e-35
23.1811
27.5311
9.77836e-35
35.2651
29.1628
9.95829
23.7253
2.04153e-26
1.65045e-25
7.24663e-29
2.11504e-30
2.18285e-50
1.13589e-51
1.01335e-39
9.23372e-26
3.27446e-48
39.3294
65.6926
57.2129
8.79469e-42
20.7117
1.27989e-35
55.0998
8.0114e-45
7.20469e-29
2.9298e-38
21.2625
6.86684e-43
1.55549e-50
6.87068e-51
5.6608e-49
2.31172e-37
5.31531e-52
5.10626e-48
1.75828e-41
9.20432e-50
8.20425e-17
6.03201e-51
48.0465
25.2848
3.25676e-43
35.5039
3.93352e-20
6.01663e-46
35.4753
30.3339
117.845
193.083
7.49738e-38
1.13741e-26
5.79556e-31
2.58335e-08
6.18898e-05
2.96606e-25
4.83316
26.2255
5.72507
29.0569
2.75057e-10
2.40245e-41
29.8426
73.5926
21.4732
5.51061e-10
20.0681
43.8243
26.162
1.07357e-36
17.6895
1.07772e-27
3.00091e-47
3.48672e-27
0.650325
44.8801
119.895
3.24336e-44
22.1681
22.0189
1.93728e-09
44.0686
8.21298e-26
2.03426e-50
43.218
47.8124
1.18116e-39
39.2852
25.9685
4.83949
26.2446
5.74228
7.07691
5.25931e-40
64.1457
0.0314384
5.90394
4.45291e-35
28.3234
4.68378e-28
1.46794e-33
22.5079
13.1624
2.1926e-36
27.1204
7.47962e-52
2.20721e-49
45.7064
2.04412e-47
63.1767
45.1329
1.75033e-19
22.2733
3.60629
1.01288e-39
18.0798
26.2299
19.2127
4.94323e-51
1.475e-12
26.5204
3.95099e-34
4.83345
26.2256
5.7253
2.1322e-19
1.63833e-40
0.755803
37.8417
44.0136
14.7709
22.0808
1.29212e-24
7.31438e-29
37.2933
30.3338
7.49756e-48
18.3745
2.69541e-51
4.00076e-38
7.1527e-16
7.27454e-41
3.3534e-26
2.62067e-39
1.16329e-29
69.3246
2.64313e-06
68.8225
2.47224e-48
19.1403
51.5596
43.6655
4.57857e-42
7.52716e-51
5.2036e-50
6.31196e-23
1.32959e-48
4.44826e-24
2.33091e-48
1.22387e-39
1.03782e-50
34.9029
12.346
5.85193e-30
17.1673
2.79343e-32
1.2836e-48
3.6295e-50
2.57458e-49
1.4451e-51
2.81091e-50
33.1826
2.598e-49
33.3755
0.0732448
2.71163e-45
2.18247e-34
3.36307e-40
27.0519
1.64651e-36
4.48479e-50
1.30578e-34
1.94789e-40
24.515
30.7146
27.0448
51.745
3.59747e-30
4.2671e-35
3.6175e-47
6.73919e-51
34.9731
28.8896
7.10309e-23
3.35958e-43
6.01781e-28
7.49054e-29
5.16687e-50
2.84486e-47
4.52449e-32
0.000200451
22.6083
60.2711
9.96156e-52
1.23235e-21
33.2158
4.09739e-39
2.87419e-21
37.5905
59.2233
1.08047e-41
26.1273
1.07306e-36
8.27259e-42
25.7955
1.53704e-45
1.02011e-27
6.58275e-14
3.64985e-38
3.3105e-42
8.21131e-47
69.8406
82.6846
82.0574
50.2453
0.00279921
6.69204e-19
11.2613
1.7192e-22
2.2584e-21
7.15955e-30
7.681e-24
8.92959e-30
66.8302
3.20229e-47
3.4877e-49
8.78332e-35
49.9699
9.64689e-27
5.82048e-07
1.14492e-42
1.64039e-48
17.0548
7.73614e-38
27.0463
1.07266e-36
41.9192
17.3355
24.0903
2.32692e-51
47.7459
5.18192e-07
39.0599
6.79442e-51
2.80725e-25
4.87823e-38
1.08712e-49
1.511e-10
2.10879e-43
19.9362
1.59426e-41
2.51285e-15
2.48985e-49
8.07065e-30
8.08932e-26
105.965
7.95586e-50
44.8439
5.97027e-37
21.7316
62.0257
11.3592
17.9402
28.3111
6.68199e-48
38.8602
3.60087e-39
29.3126
67.9911
1.40666e-44
15.1555
1.43302e-44
4.29014e-27
9.40387e-29
5.31242e-44
16.1042
13.0197
6.60268e-39
5.84043e-51
49.9822
29.6885
1.21203e-26
38.7042
62.1621
0.0012017
22.9985
20.298
9.85965e-47
1.71388e-51
22.8994
1.07164e-36
0.208343
1.11427e-32
25.6759
33.3638
28.4466
8.84354e-51
33.6795
27.39
1.017e-41
2.47231e-14
14.0553
7.19246e-52
7.60501e-29
43.0472
1.62538e-25
88.1516
5.29958e-29
68.3688
6.14049e-38
1.87822e-29
30.7958
19.8595
80.3968
5.16762e-39
63.1345
27.421
33.3719
1.2304e-35
9.67156e-44
2.75678e-49
1.06981e-25
22.2368
1.07187e-36
2.61357e-45
18.8749
3.41527e-48
1.33451e-44
1.56469e-14
4.13686e-41
2.99556e-46
2.68512e-45
8.24259e-38
1.52592e-29
17.7164
32.4259
14.249
27.9342
1.67526e-47
8.55422e-34
24.0182
1.55206e-32
2.64841e-39
7.0206e-33
74.8515
2.2883e-48
53.7243
8.20787e-27
49.0346
1.99356e-50
7.90928e-26
2.02603e-22
3.7838e-21
13.7756
1.65123e-29
23.18
1.07165e-36
0.56992
35.2652
1.23404e-50
1.67569e-49
9.09193e-35
27.8898
3.26195e-42
3.73556e-31
27.7198
2.18284e-50
7.18411e-51
2.11253e-50
0.792675
8.98215e-27
63.006
8.65767e-42
8.4806
24.7679
36.3866
8.34601e-48
1.41225e-48
24.6988
1.66438e-12
1.87361e-39
9.50643e-20
0.000188868
1.1157e-35
5.647e-36
5.53702e-47
18.5708
4.29045e-51
6.52789e-51
1.522e-39
2.11669e-50
1.92947e-16
6.39912e-43
3.29054e-47
26.8768
7.9236
29.6014
2.26298e-35
3.63779e-26
35.4753
30.334
9.28048e-48
23.2647
1.57953e-36
50.0386
20.8462
9.43037e-08
28.6735
26.8219
4.8333
26.2255
5.72547
11.5748
23.0179
11.3789
4.62187e-17
20.5652
17.7532
13.8174
8.94758e-40
43.8555
26.1631
3.64655e-36
1.04498e-30
3.23032e-27
2.03529e-38
1.23753e-27
2.21118e-46
10.6971
6.21079e-48
6.8815e-41
2.87716e-44
22.0187
1.93726e-09
9.85172e-40
7.5717e-23
95.0902
1.72355e-48
49.6768
2.06522e-39
56.804
1.12096e-28
4.83914
26.2448
5.74205
29.8372
10.3677
9.73115e-40
0.0137968
6.39154
61.6917
29.5544
3.71302e-28
7.67746e-37
22.5075
13.1623
1.09729e-23
6.26156
1.0766e-47
1.04243e-49
1.402e-15
2.57674e-25
1.42627e-32
20.7415
2.43647e-27
22.2747
3.61211
5.32193e-47
20.9566
49.1589
3.08339e-43
1.37992e-49
1.47943e-45
4.18983e-14
37.1488
4.83315
26.226
5.72506
14.3275
1.53023e-40
60.7587
72.0927
1.24719e-48
3.17367e-44
4.08604e-32
2.08446e-33
3.23678e-47
37.2936
30.3342
6.97476e-48
4.40364e-37
3.80424e-21
38.1498
8.29045e-44
1.90816e-39
2.60775e-50
18.9493
6.36886e-30
4.64605e-52
1.02062e-49
46.7728
7.97337e-45
7.69824e-49
60.3424
21.8216
45.6449
3.08077e-38
56.7816
2.11787e-42
53.8458
7.52852
62.3329
80.8428
54.3225
88.5115
0.00115088
0.039273
3.6375e-33
2.62358e-33
1.28085e-48
3.06864e-50
5.06745e-51
1.44007e-29
6.482e-49
3.85984e-42
5.97222e-40
20.1253
5.68256e-05
8.2207e-33
45.3445
50.219
27.0512
1.07277e-36
1.79061e-08
4.09308e-42
20.5789
29.1823
1.91378e-21
0.000104587
4.55511e-33
1.05309e-42
2.00237e-44
4.91727e-45
1.38426e-52
41.4481
1.20735e-19
4.25158e-49
113.3
4.59127e-36
3.04576e-39
53.2703
5.2072e-47
37.778
0.00408516
21.8867
61.0658
7.18758e-33
1.80522
37.4969
36.593
5.90558e-47
2.89394e-22
9.83739
43.9819
26.1234
1.07224e-36
29.9091
1.31235e-06
1.25681e-06
29.2975
27.9294
2.94859e-47
4.63021e-50
81.7922
3.7182e-30
1.04688e-32
1.35776e-35
47.9254
69.247
0.00193681
4.44904e-06
70.461
17.3154
2.02076e-51
98.6772
62.9076
71.9867
1.04516e-24
1.88053e-32
6.63598e-46
29.1087
22.7933
48.0997
78.8507
43.684
47.9343
1.12561e-32
27.0455
1.07164e-36
1.68965e-31
38.2866
3.08637e-10
2.43742e-37
86.3073
35.6636
37.3778
100.08
5.63121e-43
7.35833e-39
1.69682e-49
1.5105e-10
0.00325991
62.2299
41.198
2.83184e-50
44.2985
0.000987454
37.8677
1.75098e-48
3.62212e-50
43.7288
3.24901e-25
1.01853e-33
4.53274e-44
5.53161e-48
11.2434
1.22315e-46
9.31601e-11
158.013
8.02297e-31
40.3116
0.00567962
4.44338e-43
65.0306
2.85215e-49
21.9838
36.1046
1.0725e-11
8.68073e-47
20.6474
8.65721e-38
5.84034e-51
49.9821
30.4337
28.1675
8.28576
1.47085e-51
9.72893e-48
6.44266e-36
51.3937
2.16188e-36
8.30513e-18
22.9002
1.07266e-36
56.3152
1.26739e-46
1.16889e-50
4.05399e-05
1.10699e-28
5.13977e-14
89.107
11.6614
1.05408e-35
5.85525e-14
22.2195
1.52141e-49
3.95589e-39
55.1472
2.16426e-43
3.62536e-41
4.63504e-19
5.68885e-51
2.47934e-36
1.55089e-36
28.7283
20.1203
0.045459
1.56351e-45
1.51534e-25
1.13849e-35
77.2702
33.3488
42.8961
25.837
4.71504e-46
22.2403
9.51183e-07
4.83693e-37
6.81215e-38
1.42131e-48
3.02716e-36
6.67435e-15
12.8535
34.5192
36.0531
1.35608e-33
2.69498e-33
17.5533
4.10775e-50
3.64734e-21
1.22523e-46
22.2291
12.4802
4.37558e-31
88.6315
14.125
1.8242e-39
75.0978
2.28986e-48
46.4674
51.1518
3.21805e-26
4.81352e-30
3.24123e-44
5.5375e-48
3.03971e-31
1.38321e-22
1.15856e-22
23.1811
1.07266e-36
11.8262
35.2822
5.80539e-47
1.74275e-35
69.2113
14.6576
9.0183e-20
54.747
7.08637e-31
2.18281e-50
4.17611e-52
3.14854e-27
1.0293e-31
3.79252e-35
71.2655
18.6151
23.1282
21.5191
21.6689
8.10197e-27
55.0327
14.7101
1.10331e-44
9.16839e-21
1.91335e-37
87.6273
4.51823
8.04688e-35
1.65607e-43
6.27042e-45
2.63722e-50
3.04854e-51
6.19213e-36
2.52574e-51
1.93068e-16
2.53309e-46
34.6864
32.4863
8.34221e-33
27.6371
0.0144421
7.2671e-37
35.4753
30.3338
24.9823
1.67575e-48
1.38458e-38
52.8901
2.56089e-32
1.71538e-39
33.9588
15.9812
4.83337
26.2255
5.72567
0.0129442
9.78963e-06
29.175
1.00511e-15
1.75193e-29
53.0226
8.84702
24.0713
43.9754
26.1611
1.40805e-34
6.23098e-49
1.72385e-27
5.0744e-37
21.5333
12.5667
1.04531e-35
3.63594e-13
1.05544e-41
6.61788e-43
22.0185
1.93722e-09
24.6091
1.90811e-21
98.3739
15.1866
24.8427
2.334e-17
44.2626
29.4833
4.83914
26.2446
5.74209
8.66191e-41
9.76889
6.31412e-50
0.00231945
5.78271
3.5247e-39
36.6585
0.0195936
1.04612e-44
22.507
13.1621
1.20426e-39
1.36621e-32
8.32101e-51
4.20367e-09
1.91028e-47
1.90189e-30
3.76534
64.3357
2.63023e-45
22.2725
3.6152
3.56718e-40
1.22267e-42
1.51429e-49
29.2859
0.000148616
1.7478e-44
1.7169e-10
4.6086e-16
4.83337
26.2258
5.7253
35.6923
104.644
31.5137
1.62888e-33
21.04
27.4738
3.19026e-37
68.9017
1.80908e-35
37.2936
30.3341
8.37573e-48
2.3466e-37
1.17124e-13
1.99208e-21
25.252
2.57846e-40
39.2922
7.09258e-33
4.84016e-33
3.28697e-52
9.90648e-12
6.95513e-49
7.3372e-45
61.8355
1.34989e-37
27.1877
15.1294
20.9101
124.092
6.88681e-50
39.5134
1.3287e-22
6.35199e-40
1.66077e-51
4.34562e-49
2.0428e-46
54.3218
9.48404
5.34275e-14
89.83
1.27265e-48
1.29536e-50
5.43593e-51
3.45241e-43
4.95856e-49
20.7886
2.06356e-28
5.55197e-49
2.4098e-41
9.77251e-45
3.47404e-36
105.698
27.0558
24.4351
17.2516
40.0321
71.8539
73.5458
57.0895
34.9929
23.1709
1.98062e-46
1.78374e-24
59.0188
2.94456e-33
64.7901
5.74091e-32
107.858
47.5843
8.99108e-30
5.03907e-35
55.0783
86.9606
2.26035e-39
2.61703e-26
19.7591
26.7561
4.68771e-41
31.2486
1.85756e-51
3.55415e-36
2.97903e-39
3.61805e-41
28.1818
35.2572
26.1268
14.1565
39.9062
3.776e-38
8.68399e-45
5.79523e-44
25.7128
84.8495
3.11673e-16
9.97374e-07
57.2907
7.97154e-33
4.87403e-45
49.6498
20.7278
21.7039
2.47622e-46
0.00102979
0.158077
5.93784e-33
9.94127e-51
64.6205
179.283
9.73783e-49
90.9843
2.80178e-37
3.74745e-51
3.30225e-49
58.2714
1.0033e-14
64.1887
13.6191
6.70561e-50
27.0506
2.12647e-15
49.6657
1.02799e-39
23.7129
53.9861
62.7804
1.25209e-30
24.7976
8.74636e-42
43.5984
4.77187e-42
2.17462e-05
5.60275e-13
2.63025e-17
6.36763e-14
1.31565e-47
3.40188e-26
19.5878
74.0694
1.30748e-42
12.0178
2.52453e-50
8.86663e-43
5.76011e-15
13.6934
1.46092e-26
2.17998e-48
30.6908
3.59227e-50
1.8806e-42
32.0449
1.87749e-40
5.30242e-42
2.01444e-42
2.55349e-16
39.9957
4.14891e-51
1.03044e-51
6.39718e-44
6.18596e-51
22.0028
3.45533e-47
3.64085e-41
5.82248e-51
50.006
30.4711
1.2814e-05
12.4931
41.2763
37.1583
49.285
71.5607
26.6382
4.33392e-32
22.9007
1.64651e-36
4.79848e-26
2.21812e-26
4.58693e-43
3.1407e-32
40.0508
50.5088
8.83339e-39
1.1883e-25
4.82432e-47
1.36544e-10
22.1383
6.52139e-46
6.52472e-30
5.46773e-42
9.74816
3.1924e-30
55.678
2.94745e-33
33.4086
4.60641e-46
35.1572
20.1142
7.54917e-47
6.91708e-12
2.56151e-19
3.66859e-49
2.39818e-49
28.9685
8.70421e-27
1.24319e-34
2.32507e-20
22.2394
1.07389e-36
3.57472e-45
52.3772
4.02365e-50
27.031
1.94508e-19
40.9993
4.79943e-50
1.6962e-19
3.02444e-22
1.43695e-40
17.5468
65.5607
21.2239
3.09886e-25
4.0693e-39
2.20552e-29
36.5044
15.4643
12.9208
19.9582
71.0966
30.4818
4.72634e-47
2.72452e-33
83.4422
90.8303
5.2303e-26
6.42408e-45
29.7232
2.01197e-32
52.4156
23.1823
1.64647e-36
35.0099
36.7955
7.53809e-32
6.62835e-50
5.6409e-28
15.9064
7.04808e-41
16.442
4.66208e-26
1.41628e-50
3.15749e-50
1.0036e-28
8.69153
5.42055e-44
1.92005e-37
4.29626e-36
1.30249e-49
1.8281e-37
20.7692
3.20056e-34
56.092
23.0922
38.6193
38.47
32.6836
85.0863
49.5661
1.15332e-40
22.51
61.5681
9.6462e-51
6.68491e-52
1.05037e-32
3.21397e-46
1.57206e-18
3.04799e-51
2.30847e-33
9.63575e-49
44.0858
3.248e-23
51.892
3.30394e-37
35.4773
30.3281
1.24129e-47
6.30027e-48
8.97683e-30
57.219
4.69503e-25
63.4346
53.946
2.26392e-17
4.83267
26.2246
5.72438
11.2793
2.91083e-21
1.06366e-07
2.72683e-12
2.83781e-32
1.79561e-46
32.3248
61.3559
44.276
26.1731
33.187
1.44324e-19
3.12111e-24
5.09135e-49
8.75019e-19
7.04332e-12
22.9738
16.4558
35.6305
1.57676e-44
22.0309
1.2596e-09
1.00986e-28
2.13196e-46
32.7008
7.24841e-51
1.29864e-09
121.425
3.02249e-48
1.79836e-48
4.83833
26.2436
5.74106
16.6369
0.00205861
8.18738
10.1974
11.3803
21.5953
4.756e-19
24.9927
4.13481e-30
22.521
13.1575
11.9037
6.56921e-14
6.66401e-30
8.66886e-39
52.6103
5.64311e-48
8.13395e-27
66.3205
34.4725
22.2827
3.51523
3.05017e-40
7.13532e-30
28.5871
11.9905
19.8604
3.85628
0.571382
24.4027
4.83265
26.2248
5.72443
1.79447e-41
2.34329e-37
2.35547e-42
15.6962
21.723
63.7733
30.0482
7.14144e-51
22.71
37.2956
30.3324
5.92291e-48
6.28906e-43
4.31756e-26
1.83434e-40
4.58086e-45
14.4479
313.059
35.73
8.1595e-37
8.82888e-51
1.00483e-49
3.07407e-49
7.90647e-46
3.14193e-05
2.17399e-49
34.1292
7.09426e-10
3.44962e-07
5.37134e-42
2.84669e-36
48.9374
23.391
4.06185e-36
5.68232e-49
9.83149e-46
99.7353
21.8563
24.1205
2.28148e-49
1.55436e-42
8.22449e-49
1.29953e-50
3.50505e-50
2.68593e-49
7.13807e-16
3.159e-44
1.02561e-51
38.6734
47.785
7.77727e-41
10.432
32.1206
38.7167
32.1296
18.6157
8.86363e-38
67.8285
6.20646e-50
57.9763
1.38204e-32
1.22081e-27
0.189612
8.21687e-46
87.1227
79.8051
40.1857
1.58624e-25
3.02438e-27
7.05707e-08
1.50847e-35
7.16631e-43
6.29231e-30
5.68858e-35
2.05134e-42
1.18636e-50
64.4045
3.15013e-49
1.88157e-42
15.965
5.06886e-15
1.23217e-39
5.88107e-50
35.9136
5.48889e-47
1.04441e-33
29.4951
26.5153
30.9404
42.5344
1.549e-34
4.13788e-48
1.31922e-44
21.694
37.3195
83.0761
2.15982e-29
67.3096
64.9809
43.2856
2.73477e-45
19.2795
53.092
6.16557e-20
8.08232e-41
5.8782e-41
55.8808
4.21278e-43
70.5828
35.5728
157.895
1.09921e-29
5.59918e-30
73.4062
45.716
20.6275
2.37869e-40
6.97445e-44
1.35045e-42
35.72
1.48043e-06
146.369
2.67977e-39
2.42052e-50
9.25691e-38
1.88095e-44
17.2826
14.9279
53.2246
3.76959e-32
1.1544e-45
1.90098e-50
24.7312
2.32807e-42
27.8537
39.4402
3.90643e-48
61.4986
11.9415
4.27936e-49
7.32034e-36
3.01975e-44
26.9964
1.28713e-37
8.66659e-30
0.445059
1.67127e-34
5.91959e-18
41.2669
13.3361
47.2451
7.58697e-44
8.27499e-41
2.99611e-47
1.26612e-34
1.38495e-39
2.76419e-36
9.91308e-32
1.08053e-43
5.25079e-41
28.3904
6.08764e-19
3.48452e-39
29.3164
42.5298
17.3466
2.31834e-32
7.4937e-42
101.42
1.66627e-39
39.5249
46.4487
29.9547
0.00504633
23.722
1.64662e-36
31.1344
2.32757e-40
1.04502e-26
4.35577e-51
7.79571e-07
40.0316
1.45891e-10
79.3383
1.37119e-22
236.376
1.14351e-32
1.80597e-51
4.26793e-52
6.62059e-20
1.41557e-13
164.114
7.33442e-36
7.1412e-46
5.84062e-27
25.8665
84.5663
23.5527
5.23599e-30
1.1984e-15
3.04693e-39
6.24679e-17
1.00206e-48
9.04869e-37
20.9964
26.0226
7.75316e-29
23.0218
1.64671e-36
1.4219e-38
2.33224e-16
3.51905e-36
7.52407e-27
1.60776e-43
2.53328e-47
4.22855e-35
30.6694
10.0202
66.0035
22.7897
8.13488e-44
13.3352
24.4775
1.42435e-46
2.78444e-11
1.35472e-18
38.3794
136.909
1.00359e-32
37.2797
14.7031
60.6332
5.10953e-10
6.6916e-47
0.00943457
6.69636e-48
7.79665e-33
63.1979
1.40152e-40
3.02834e-43
24.0246
1.64655e-36
28.076
41.6657
64.3228
24.7511
14.4788
4.00454e-47
2.27692e-14
79.1622
3.30297e-22
1.55846e-35
56.8919
5.72322e-36
1.01539e-46
4.01338e-37
1.0362e-50
1.4222e-35
9.29463e-48
25.9829
1.90437e-19
83.3199
0.000135734
7.9314e-51
8.51937e-39
2.90064e-41
0.00119824
46.2378
2.86923e-31
1.22447e-41
6.27314e-27
30.0719
2.7795e-51
2.35279e-39
6.98783e-32
5.62483e-33
42.7318
7.25732e-38
14.2769
3.23747e-49
4.10204e-47
11.4499
1.82009e-35
6.15183e-37
36.5496
30.5612
2.9432e-39
5.21414e-47
8.75414e-51
4.10318e-46
5.15552e-44
24.2603
5.30183e-44
3.1884e-43
4.83173
26.1221
5.63472
23.2645
1.60906e-36
21.9628
2.87716e-35
4.50729e-38
1.54607e-50
11.087
2.0596e-46
9.86794e-48
30.6766
1.64557e-36
1.89377e-46
52.0993
9.22525
1.21478e-08
4.70423e-48
31.5845
5.97224e-06
1.43e-34
1.34645e-41
26.4316
0.00180013
7.02048e-15
36.0868
0.00200466
3.14712e-41
15.7032
5.49581e-50
9.78867e-36
4.66555e-40
4.83317
26.1446
5.65434
11.1402
2.5952e-39
14.3229
52.1722
22.467
55.2828
18.6533
5.19718
1.11695e-46
19.0217
13.2029
1.44391e-29
20.3327
3.99793e-48
3.65834e-42
34.1495
1.42184e-43
1.09992e-43
6.04348e-35
9.92188e-42
26.6937
3.62596
23.4307
2.74155e-32
35.0248
6.00714e-43
3.86378e-43
1.50622e-46
44.6117
6.90192e-26
4.83203
26.1223
5.63512
5.57556
2.35439e-45
16.3364
4.32775e-31
17.1573
4.11941e-32
15.2852
2.5543e-31
1.42448e-32
38.4841
29.9481
2.27229e-42
1.01309e-11
2.95536e-50
1.01765e-47
7.61201e-30
30.9866
19.384
3.16467e-25
1.01607e-40
60.3724
3.80727e-49
2.89896e-13
26.7703
6.34137e-32
5.13545e-36
6.61297e-11
51.9192
3.91436
1.28036e-41
1.44977e-25
65.6512
34.7826
7.78127e-49
14.4367
2.86954e-41
0.262146
1.93918e-47
9.7744e-44
3.70264e-41
4.12879e-37
1.89493e-44
62.5622
2.46093e-22
1.12156e-49
4.32349e-50
39.3849
29.6555
18.7611
59.3878
1.70731e-26
43.4154
35.5394
38.4909
29.9995
6.83546e-43
5.15855
37.9403
1.76615e-25
13.4156
13.0435
1.3159e-25
31.385
1.26119e-31
1.09913e-52
61.2675
46.4879
5.63087e-42
1.57017
31.8674
58.4877
15.2431
1.35344e-39
4.81142e-38
31.5636
8.39054e-50
97.5508
9.9307e-37
6.80717e-40
1.15947e-50
55.6496
23.6255
2.02417e-41
2.09614e-30
7.23474e-46
8.69812e-41
38.4827
30.0121
1.5747e-46
1.9922e-40
7.63356e-51
10.5787
46.7907
19.098
6.81433e-49
50.265
20.2378
4.72169e-50
2.88155e-23
3.5325e-09
7.97724e-50
1.39452e-42
31.8334
19.5283
8.45546e-21
59.6267
31.8288
4.78194e-31
1.78178e-36
1.89842e-39
33.6569
5.98918e-47
4.24442e-32
1.79473e-45
46.3467
1.39669e-29
1.35549e-08
50.7119
9.43839e-30
38.4909
30.0135
1.044e-42
37.2759
1.46281e-18
3.40256e-44
9.72571e-37
5.8003e-33
2.92325e-45
2.20631e-47
3.74179e-33
2.42169e-50
4.96782e-39
43.5184
4.82529e-47
3.27671e-48
4.00306e-52
19.4299
22.8461
60.5739
13.3795
5.7596e-40
4.0173e-34
34.7521
28.7284
4.76644e-50
6.5981e-11
2.49391e-35
6.25147e-49
2.12762e-47
2.30555e-31
1.62975e-39
VECTORS velocity float
-5.6735e-50 -1.13488e-50 0
3.16251e-49 -2.01172e-47 0
-25.0077 22.5153 -8.673
1.82915e-26 2.83014e-25 0
-2.76701e-41 -7.45864e-42 0
-7.59753 -24.7917 19.4558
0.00743312 0.00687562 0
56.8444 -50.847 -12.2094
5.46428e-22 -4.80717e-21 0
2.97554 0.735223 -0.32568
-1.31842e-40 -2.5775e-40 0
-6.28784e-14 -4.96326e-12 0
-12.2213 -28.9725 33.4668
-1.90421e-40 -1.5237e-39 0
5.28582e-25 2.45417e-25 0
-7.84448e-51 -8.21121e-51 0
4.0629e-22 5.41e-22 0
-1.63187e-33 6.34329e-33 0
-37.3405 -44.7457 45.9695
26.219 -14.8937 37.5775
1.61616e-42 -2.79179e-43 0
18.8582 -8.97432 -7.21679
2.857e-12 4.72681e-11 0
-27.6483 -8.37821e-06 23.9164
-28.0811 -0.00404959 -10.5953
4.47328e-13 7.96271e-13 0
1.94929e-27 1.60683e-26 0
-29.8819 -15.3877 -12.6424
-30.9625 -16.964 -5.7368
-39.2776 33.2423 42.0514
0.332619 27.3136 7.93772
-50.758 23.0617 10.4448
-7.03557 -5.47566 0
5.09117e-28 7.92539e-27 0
-1.09611e-47 -1.0913e-47 0
9.50086e-28 -7.20695e-27 0
24.2137 4.20229 0.657205
10.1692 13.4399 0.701682
1.68485e-16 -1.67889e-17 0
1.93373e-44 1.65172e-43 0
4.98401 1.61784 0
-5.5896e-31 3.0296e-29 0
18.3696 41.6706 80.5138
-4.43134e-39 -1.27733e-39 0
-46.4979 -4.20817 -4.03808
-4.71657e-53 4.17903e-53 0
9.19014e-32 9.46271e-32 0
-4.23499e-52 -1.1262e-51 0
-4.78504e-50 -6.46906e-50 0
-4.17399e-38 -6.78501e-38 0
-1.27585e-39 -1.5797e-40 0
18.3529 2.8484 -0.658966
64.3704 -27.4851 -13.2006
-24.8688 -22.3026 -6.43924
-1.03138e-46 -1.21561e-46 0
-1.26719e-38 -3.65265e-39 0
-27.6189 4.30307e-06 23.9385
-28.0819 -0.00203357 -10.5898
-1.30047e-34 -2.36329e-34 0
-10.6073 9.23131 -8.89897
9.48935e-39 -3.48612e-39 0
8.3025e-30 -1.39008e-30 0
4.9605e-35 -1.08201e-34 0
9.68503 -18.4994 -9.65875
26.07 -17.1113 30.3554
0.889743 0.585289 -1.48478
-8.09635e-34 3.40131e-34 0
-1.11407e-52 -1.42325e-51 0
-4.02181e-43 -2.00025e-43 0
-9.29378e-49 1.49873e-48 0
8.55978e-48 8.54128e-47 0
26.9871 30.7369 0.371125
-6.53895e-50 2.48091e-50 0
4.17104e-23 2.11426e-22 0
3.37764e-08 2.52838e-09 0
-53.6425 -3.33963 -5.50879
2.66366 -9.25089 -6.40969
1.85435e-23 2.86915e-22 0
-12.9617 86.1161 4.15963
2.05479e-23 3.17929e-22 0
7.08637e-18 1.41965e-18 0
-2.81577e-35 1.88244e-35 0
6.69094e-49 -2.45786e-48 0
-2.96104e-49 -9.52043e-49 0
4.21102e-28 6.50036e-27 0
6.28022e-46 -3.53032e-45 0
14.8439 -64.2912 -7.26054
-6.84947e-49 1.52519e-48 0
-1.86682e-37 -1.49377e-36 0
-27.6483 1.20656e-05 23.9164
-28.0756 -9.50114e-05 -10.5712
-21.3843 6.88137 -12.2429
-65.3284 14.176 -5.89332
-1.20385e-51 1.50403e-51 0
10.2686 -12.9903 -6.34269
1.02793e-42 -3.56098e-44 0
4.7922e-39 5.62249e-39 0
-28.3405 -4.03516 1.88286
9.70355 16.3716 -8.86081
-2.29757e-32 5.08404e-31 0
-7.82961 41.6414 28.1599
-2.65284e-43 -7.64487e-44 0
2.3622e-09 -1.84138e-09 0
-3.03073e-50 2.90598e-50 0
15.4518 -24.8489 -8.85655
8.44271e-43 -7.8393e-43 0
-4.68294e-12 1.35073e-11 0
30.4767 -0.282452 50.8669
19.6361 2.97178 -7.43505
15.5868 12.4101 21.1438
-3.59346e-35 -1.03578e-35 0
4.08168e-49 9.16328e-49 0
-24.4103 -23.1625 -8.79982
-1.392e-35 -4.01242e-36 0
-1.67497e-15 3.89779e-15 0
23.0402 -35.4192 -4.95419
0.435316 -0.3564 0
1.3692e-18 -8.17922e-18 0
13.2642 65.0047 40.3633
3.34513e-49 -2.21168e-48 0
-9.00242e-47 3.25805e-46 0
6.52607e-53 -1.00899e-51 0
-1.98848e-38 -1.59109e-37 0
-2.94495e-39 -3.0275e-38 0
-1.23191e-51 -3.57069e-51 0
26.7717 -11.4091 30.533
-4.39795e-37 -2.90502e-36 0
1.68468 -7.24465 3.22521
1.79012e-34 3.95811e-34 0
-2.57493e-44 -7.38539e-45 0
8.41764 23.471 -8.46055
-1.20466e-43 -1.80746e-43 0
-3.28671e-37 7.29913e-36 0
-0.000263602 -27.63 23.9266
0.231835 -27.6765 -11.4391
-6.04349 -9.6587 1.20142
16.3782 16.7562 1.80176
2.23437e-48 -2.65893e-48 0
-4.38201 15.0278 -3.79811
22.4441 -32.4519 1.60895
-20.6162 1.98837 -8.53123
4.5746 -57.6199 14.6524
21.7062 -5.78461 0.402765
-1.04586e-05 -8.06756e-05 4.83194
-3.94634e-05 -2.07931e-05 26.1221
-0.000170516 -0.000126466 5.63506
2.65321e-11 1.32709e-11 0
3.23584 0.375626 -9.12969
11.7407 11.3425 10.0213
-1.43189e-40 8.50102e-41 0
36.6855 34.29 37.8444
4.10289e-35 6.21418e-34 0
9.01543 27.4181 48.295
2.39726e-27 3.70763e-26 0
-28.6881 18.5525 -6.08288
2.80433 30.382 0.720172
-6.52832e-41 1.64533e-36 0
6.18571e-11 3.34088e-12 0
-4.51986e-51 -7.17689e-52 0
23.5862 -9.87492 3.48892
-2.02431e-38 -8.43153e-37 0
7.33924e-49 1.05255e-48 0
-9.54064e-05 -0.000219311 0
-27.2841 35.7758 -0.74015
16.8748 -21.3057 14.2559
20.955 -27.9956 24.0714
3.25629 -24.2847 9.2268
-5.71771e-12 -3.45891e-10 0
1.32913e-13 2.06599e-13 0
-157.398 -52.3223 49.383
2.96242e-34 4.24258e-35 0
6.03992e-26 -4.64231e-25 0
3.55448e-08 -9.93457e-08 0
1.45561e-46 3.79745e-46 0
-6.00406e-51 -9.65779e-52 0
-0.135274 -27.1646 6.52772
-5.39085e-06 1.19013e-05 4.83315
-3.66443e-05 4.65968e-13 26.1446
-0.000732522 0.000114126 5.65461
-4.33193e-42 -1.22603e-42 0
0.015552 -0.0191445 0
6.65728 0.692341 0.454249
5.30245 1.80344 -0.058023
9.11689 2.62471 55.5898
-3.22497e-44 -1.99224e-43 0
16.9151 2.80585 9.09523
21.0384 0.496275 14.8154
3.85841e-25 -2.42088e-24 0
6.18738 13.4492 9.90077
-0.000684698 13.7874 3.37637
-2.84397e-16 -1.2522e-15 0
3.16468 3.85417 -7.00206
-16.9347 12.3799 -8.15123
6.321e-17 4.2567e-16 0
-1.17656e-50 8.82729e-51 0
-1.9998e-43 1.6202e-43 0
-1.74854e-35 -5.04015e-36 0
-2.21602 -12.8305 -8.69728
-2.75826 42.2474 -11.1608
3.23198 -24.3616 9.43745
1.56044 -3.34228 -0.0284429
12.7402 32.9172 -6.77821
4.3578e-42 -2.45356e-41 0
23.8898 5.0353 29.3868
-20.0288 -13.477 30.6693
15.2235 -23.7814 -9.71475
-2.91724e-42 6.45525e-41 0
20.881 48.0355 8.99817
-3.06863e-34 -2.04179e-33 0
-3.48939e-05 4.11424e-05 4.83206
-3.94634e-05 2.07931e-05 26.1221
-0.00116828 0.000121267 5.63538
-8.65737 -21.0261 17.5572
2.13046e-41 2.26641e-41 0
8.95291 -18.8869 4.41131
3.71941e-32 1.52209e-31 0
10.3175 -26.807 -10.29
7.22682 -4.58587 -8.88513
4.17306e-13 -4.2193e-13 0
-3.10527e-51 -2.19646e-50 0
-1.53238e-45 1.26022e-45 0
-0.000188521 32.0781 21.2607
-0.000233805 27.8872 -12.5014
1.02346e-21 1.16374e-21 0
-2.47889 -8.39446 -6.01741
11.1443 26.7104 4.19776
-2.50798e-44 -1.02974e-43 0
13.8749 21.185 11.5976
20.5798 30.1624 -12.3296
6.50799e-50 3.23216e-51 0
44.816 57.928 12.6029
-2.99319e-35 6.62331e-34 0
-13.5932 -83.1877 71.8217
-1.16592e-49 4.02033e-49 0
17.037 -31.2026 16.5525
17.4908 -9.98349 25.7901
6.91105e-27 1.06931e-25 0
55.1659 -4.4893 36.5647
55.8138 19.4825 14.5519
-7.41929e-51 -4.82717e-49 0
1.16004e-44 -1.99435e-43 0
1.31305e-23 2.03161e-22 0
-9.90423 -19.426 -6.01065
3.77498e-51 -1.44941e-49 0
-0.376998 0.223209 0
-2.97567e-40 -1.92382e-39 0
25.713 17.892 -8.6643
-1.58364e-39 -7.87623e-40 0
-6.59764e-45 -3.73551e-45 0
-49.7207 -1.01986 -3.17866
1.39553e-44 -5.324e-45 0
3.60631e-49 -2.02685e-48 0
1.36446e-35 2.41346e-35 0
-1.5305e-36 2.34222e-36 0
-1.26217e-33 -1.00994e-32 0
1.28918e-50 1.01515e-49 0
-2.71477e-49 2.37633e-49 0
6.41763 23.0334 -6.34113
5.15626e-40 1.13999e-40 0
-5.0928e-41 -9.07881e-41 0
3.25322e-23 4.32249e-22 0
6.67698 -7.46209 -2.0271
1.85482e-41 -6.19547e-42 0
-0.00874839 0.000524421 0
-21.6167 -2.38754 16.645
27.6611 3.09318 1.80887
1.64692e-36 -6.53364e-41 0
10.718 -45.3814 34.1718
-1.16499e-50 -7.79753e-51 0
7.46491 -20.194 34.3671
-26.4231 -15.8159 70.3837
-3.03559e-14 3.23178e-14 0
4.49474e-28 2.98794e-28 0
2.03747e-14 4.30543e-15 0
20.8525 32.902 22.5406
6.61863e-14 -6.91227e-14 0
-36.5964 -175.344 60.5471
2.626e-49 -3.99728e-49 0
-1.88393e-50 -1.15423e-50 0
-3.14113e-47 -1.56222e-47 0
-2.59518e-41 -2.07047e-40 0
19.811 33.4059 8.05699
-6.60994e-45 -9.91748e-45 0
-7.41559e-47 -3.70685e-47 0
-5.19007 -0.863637 17.4583
-6.28516e-48 1.30993e-47 0
26.8602 -26.4362 -0.855773
41.9563 -55.3352 18.7531
13.6658 17.6923 -0.267314
-1.59068e-40 1.2771e-40 0
3.17375e-35 1.19477e-34 0
15.3018 28.0348 -9.53697
37.5982 12.4583 -7.26125
-1.01418e-35 -2.92335e-36 0
21.8589 30.9209 33.0157
1.33515e-46 -3.18069e-45 0
2.61069e-19 6.14853e-20 0
-42.901 3.07747 -8.56456
26.6921 3.02595 2.03509
1.64661e-36 -1.55395e-41 0
18.8183 21.586 -0.672349
1.56816e-38 2.07017e-39 0
-35.2002 -8.40947 -9.11553
-5.15819e-37 -4.35365e-36 0
-2.64739e-31 -1.14474e-29 0
9.78047e-28 -9.7616e-28 0
-25.63 16.9256 -2.99413
-6.25535 -0.120689 -1.75361
1.39357e-30 2.15619e-29 0
73.6281 24.4858 6.50627
-80.1525 -15.2531 22.0334
0.49219 6.85671 5.05686
4.11786e-28 1.54239e-27 0
-9.54778 -16.0333 -1.45123
7.18221e-50 4.14745e-49 0
2.27897e-15 -1.21482e-15 0
6.25328 5.37223 -7.26319
-32.1991 -33.9046 -4.84807
7.49118e-47 -2.43899e-47 0
7.6975 -1.97289 6.58343
-2.40094 135.241 -2.95218
1.09289e-48 -1.02266e-48 0
-6.10576e-32 -3.0367e-32 0
-1.08641e-48 3.90537e-48 0
13.0658 -18.3775 1.03937
41.5588 -51.8413 14.8851
-8.27634e-36 -2.38564e-36 0
17.5919 -20.4218 48.5683
-0.000359954 -0.0119128 0
-28.1681 12.6893 18.6383
-41.7151 1.5601 -10.5905
27.8211 -1.10706 2.15963
1.64664e-36 7.24156e-41 0
87.9381 -179.761 226.953
27.4296 25.9149 74.0703
8.57994 22.3246 7.65869
3.09732 -19.1623 -6.5022
2.62377e-46 2.74192e-46 0
3.88901e-47 -9.24487e-46 0
-6.9799e-45 -2.24244e-45 0
32.4405 -6.09557 5.31635
5.85047e-27 9.05215e-26 0
-3.2352e-37 -2.67434e-36 0
-4.0263e-51 6.11086e-51 0
63.9197 92.6021 -6.28424
31.1989 -18.814 -10.6957
4.0827e-27 6.31559e-26 0
-93.6553 9.86807 26.4206
3.91403e-35 4.19218e-35 0
-4.54918e-49 1.65822e-49 0
7.15495 -40.2864 -9.86725
2.79714e-34 -8.44155e-35 0
-1.33607e-38 -5.7772e-37 0
16.6116 26.3389 -13.3018
-6.43629 -20.6062 8.95319
-4.4816e-35 -1.20337e-35 0
-1.8015e-47 -4.38799e-47 0
-2.90197e-41 1.77521e-41 0
-2.03069e-11 4.55241e-12 0
2.68805e-16 8.03761e-17 0
1.37797e-31 5.40826e-31 0
-1.66237e-15 4.37958e-15 0
5.51887e-30 5.31169e-31 0
2.97266e-42 4.62876e-41 0
-5.53742e-42 2.95158e-42 0
27.62 -2.52053 -1.17099
6.86783e-35 1.06257e-33 0
-3.31971e-35 -9.56873e-36 0
-5.72265e-52 -6.05319e-52 0
2.0251e-36 3.12786e-35 0
-7.50144e-40 -5.99873e-39 0
1.52898e-35 1.35047e-35 0
-2.28522e-51 -2.96487e-51 0
31.4066 43.1748 28.5503
-1.5232e-37 -1.21881e-36 0
-4.51043e-51 -3.72303e-51 0
25.381 41.9836 7.69711
0.359847 27.7303 11.3459
-1.55804e-35 3.0713e-36 0
-2.59606e-11 -1.77659e-11 0
-6.05366e-51 -3.22848e-51 0
19.2039 5.08288 -1.51018
9.1762 2.9064 15.1586
1.44708e-11 -5.55386e-12 0
1.68721e-39 1.45261e-39 0
1.34813e-49 -6.55254e-51 0
-2.75844 7.04752 17.8947
-1.11528e-07 -3.75259e-09 0
4.34756e-13 3.18897e-13 0
-3.35552e-38 -9.67223e-39 0
-8.81939e-30 1.89694e-30 0
-42.6391 23.6854 -2.73117
16.8927 16.5801 0.631197
2.38997e-31 -1.56366e-31 0
-7.0644e-27 -5.73982e-26 0
2.61008e-24 1.65103e-24 0
-1.40794e-36 -1.12661e-35 0
-9.69576e-47 1.32278e-46 0
23.6495 -6.84254 1.62481
-5.90691e-38 -4.72786e-37 0
2.16912e-33 3.35618e-32 0
109.575 -35.2034 7.77181
-2.01614e-51 -5.67575e-51 0
-4.4888e-35 -1.29377e-35 0
-7.73283e-48 -2.21855e-48 0
-3.72303e-48 -3.29377e-47 0
-4.32721 6.65756 23.239
-6.49603e-39 -1.87081e-39 0
8.68357 5.05963 27.273
43.5544 -14.2723 -12.9784
-1.18978e-40 -5.24703e-40 0
1.16975e-46 1.82945e-45 0
-1.46425e-10 -1.22799e-11 0
-1.13872e-42 -3.28024e-43 0
9.84378e-50 3.6876e-50 0
4.14341 -29.356 12.3966
16.9023 -33.6014 15.1417
6.97542 -2.01008 -10.3812
38.3141 10.8388 -6.04139
-11.8787 5.32059 14.4124
-23.9963 -0.256552 -6.97955
4.92036e-36 -5.94672e-36 0
4.96163 -6.34139 -10.6014
-2.15123e-44 1.9264e-45 0
-2.4679e-49 1.98937e-50 0
-20.672 -32.6932 -10.1855
-40.5036 26.5531 -9.52589
-52.3388 15.9487 6.91047
-2.49094e-46 9.02068e-46 0
2.3417e-27 3.62404e-26 0
-1.28701e-52 3.08451e-52 0
2.82617e-51 -3.23554e-50 0
81.8614 4.54969 161.132
-2.03096e-41 -5.85421e-42 0
84.9329 -52.4479 10.0469
-7.82227e-48 1.45662e-47 0
-56.5994 14.0985 -4.64638
11.9423 12.7731 23.012
-131.969 95.0821 47.3377
-3.10241e-42 -8.94266e-43 0
-3.65229e-26 2.51502e-26 0
6.03153 -69.2971 3.13552
26.2258 2.70369 1.92523
-4.14307e-29 -1.22887e-28 0
-2.90315e-40 -9.4649e-41 0
-5.05417e-39 6.27005e-39 0
1.3894e-52 -3.79025e-51 0
7.61424e-38 1.40139e-36 0
2.83279e-43 1.57068e-43 0
14.9218 -2.57016 5.26546
-2.76912e-37 -2.21292e-36 0
-3.97074e-30 3.3107e-29 0
-6.23369 -1.51411 17.9911
-29.3923 0.353831 -12.9759
-5.04079e-34 -4.03358e-33 0
25.4855 -12.1516 13.8851
32.8993 -38.2449 -10.232
-7.77644e-25 8.62191e-25 0
1.14169e-46 4.23694e-47 0
2.38665e-17 -8.71385e-17 0
-1.04856e-49 2.41845e-49 0
-2.83546e-35 -8.17319e-36 0
-1.28032e-41 1.06146e-41 0
-1.02169e-50 9.86991e-51 0
-56.8605 88.3193 -9.56493
-1.42313e-34 -2.36038e-34 0
-1.10807 -16.1237 -9.06505
10.7688 26.0095 -13.0684
8.61073e-48 9.1565e-48 0
-9.56119e-49 -1.67538e-48 0
30.5644 46.6974 34.6571
-18.069 -5.76857 27.4026
-1.04765e-22 -4.78092e-23 0
-8.74086e-34 -6.99422e-33 0
1.08394e-26 1.67714e-25 0
38.7689 -10.2047 -5.17596
3.91311e-38 6.07682e-37 0
-1.7847e-38 1.5643e-37 0
6.82928 17.9749 -9.52171
10.5847 -17.2571 1.97661
-6.19459e-46 -1.62747e-46 0
4.00876 -23.3183 -10.9484
-1.81455e-48 1.12476e-48 0
-4.55331 46.3233 -5.64719
1.63551e-53 -1.01636e-51 0
1.01176e-48 -5.70679e-48 0
-6.59365e-43 -4.70766e-42 0
5.13351e-51 -1.01269e-49 0
-3.35647e-19 9.90749e-18 0
18.0324 22.7483 -13.0981
73.8872 8.69631 31.3597
4.05881 17.1278 -8.58351
1.13117 -3.45954 -1.7524
1.24453e-27 1.92561e-26 0
1.00578e-21 -3.86606e-23 0
-2.01553e-47 -2.60228e-47 0
-8.20209e-06 -22.8705 27.1215
0.226635 -27.9229 -11.8461
5.44979e-46 -1.83698e-46 0
1.55128e-42 2.78358e-43 0
-1.22847e-43 4.45076e-43 0
19.7362 -43.2069 43.4142
-45.6491 -19.9247 21.752
-3.18395 7.87316 6.44119
-4.40275e-34 -3.52294e-33 0
-6.4548e-43 1.42833e-41 0
-1.32014e-05 -0.00010435 4.83276
-3.34989e-06 -1.46712e-05 26.2246
-3.70548e-05 -0.000160049 5.72459
-2.22803e-46 -3.24909e-46 0
-0.0442367 -0.0510955 0
7.2824e-11 9.21693e-11 0
4.85827e-12 1.82444e-12 0
-8.79075 17.1247 19.1017
1.77689e-50 1.19702e-50 0
4.30044 -5.11813 -6.77352
2.9968e-45 2.95364e-45 0
3.02731 -43.0233 -8.18967
3.08286 25.8865 2.32642
-2.39468e-41 1.07227e-36 0
2.05663e-42 7.97218e-42 0
1.29894e-25 1.33747e-25 0
-5.93363e-45 2.61019e-44 0
9.0634e-47 -2.15854e-45 0
-0.482461 31.5687 -8.3025
19.8664 -1.46887 -0.890739
0.000623238 0.000526465 0
-7.75024e-34 -6.20162e-33 0
8.45054 20.3081 3.11244
3.54923 -19.1855 10.2314
-3.57746e-11 -1.93695e-09 0
-1.8043e-34 4.55216e-34 0
1.94564e-17 5.27237e-17 0
1.33141e-50 -7.2484e-50 0
-10.1033 11.27 3.62769
-3.76934e-38 2.15984e-38 0
26.6466 -44.6851 3.46339
23.7713 -45.2184 6.44355
-1.77316e-30 1.44357e-30 0
5.80566e-05 1.674e-05 4.83865
-3.08836e-06 1.52352e-09 26.2436
-8.26459e-05 1.12139e-05 5.74149
13.3551 -14.3079 7.18012
-2.96566e-19 -1.27248e-19 0
26.7017 11.2369 -0.344208
7.21606 3.65297 -12.0956
3.07199 -2.48895 -3.04741
5.26476 7.20088 11.7797
22.1017 9.25974 42.8959
6.56088 0.629373 -2.97332
-8.44427e-38 -3.01544e-35 0
3.35109 21.6925 5.04194
-1.60263 12.3579 3.99162
9.85957 -12.0401 3.72687
-6.57526e-32 1.45497e-30 0
-4.66774e-34 5.77846e-31 0
-1.84802e-35 4.08928e-34 0
4.43305e-12 4.26675e-12 0
-9.8342e-41 -7.31703e-40 0
7.89848e-33 6.61245e-32 0
1.67341e-05 5.8091e-06 0
2.5695e-24 7.50493e-23 0
3.49762 -19.3105 10.5541
1.78372 -3.10126 0.409804
1.65012e-38 -7.45161e-38 0
4.65465 14.2467 -3.4736
-2.55586e-39 -1.27116e-39 0
6.41983e-35 -1.6248e-34 0
6.47576e-44 1.01009e-42 0
9.06098 65.4075 67.5778
3.71777e-09 -3.061e-08 0
-8.23936e-37 -6.59284e-36 0
2.77683e-05 2.92452e-05 4.83303
-3.31818e-06 1.46804e-05 26.2246
-0.000367128 7.91541e-05 5.72487
-20.4557 0.279609 -9.07475
0.351779 -0.554579 0
-1.62426e-41 -1.29968e-40 0
3.20672 -12.1312 14.9441
2.66583e-28 -3.66135e-28 0
-3.91852e-40 -1.4163e-39 0
-4.43612 -9.00842 -6.41222
-20.2508 -16.0521 2.68027
-5.32183e-51 6.19912e-52 0
-1.23288e-05 27.769 24.8966
-0.228626 27.9204 -11.84
-4.87546e-49 -8.47805e-48 0
-4.91319e-42 1.90729e-42 0
6.79112 -2.14573 -2.52775
-25.5846 38.6156 37.914
-5.66432e-50 -6.62553e-49 0
-2.37027e-45 -1.04667e-45 0
0.158597 -6.20867 -12.2084
2.67172 32.433 -3.22761
-1.15812e-31 2.56269e-30 0
-2.33164e-50 -7.6417e-51 0
22.5228 -0.394751 -0.860576
-1.41189e-17 3.62515e-17 0
1.27513e-46 1.46918e-46 0
-18.3993 -33.0377 -3.95997
-1.84147e-43 4.07477e-42 0
-1.30999 -10.3625 39.2736
-1.54373e-12 -1.39128e-12 0
8.01268e-40 -1.98493e-39 0
-5.83858e-38 -1.68294e-38 0
-2.87083e-30 7.21553e-31 0
-6.60089e-50 -5.27924e-49 0
-5.21335e-40 -4.10532e-39 0
-3.55978e-41 -3.24859e-40 0
6.75727e-47 -5.14481e-47 0
-5.98437e-41 -2.58766e-39 0
-1.16443e-26 -6.15293e-27 0
8.49318 -22.6008 5.41905
0.000860203 0.000954714 0
-2.69558e-41 -1.1656e-39 0
-15.028 -37.2594 32.0686
-5.31273e-51 -3.86934e-49 0
2.41077e-50 -1.83538e-50 0
3.31229e-52 5.16211e-51 0
1.27832e-52 -3.59304e-52 0
1.414e-37 -2.61065e-37 0
-2.15578e-41 -9.32168e-40 0
1.88861e-39 2.02183e-39 0
20.4425 4.02407 -9.34174
7.26573 -2.2406 -12.4404
14.1511 31.0948 -5.1555
-4.06951e-33 1.19426e-32 0
-3.73709e-24 6.03937e-25 0
26.783 3.1557 2.12555
1.64727e-36 -1.28742e-40 0
7.18627e-48 -1.29219e-47 0
5.08738e-49 -1.21052e-48 0
35.5414 -4.4025 -12.302
-0.000642857 -0.000184744 0
23.8781 -15.1234 -12.4198
16.1116 -17.2172 -9.57991
-2.58991e-46 -7.32635e-47 0
-1.52488e-51 -4.50995e-51 0
6.50767e-27 8.83265e-28 0
-6.07741e-42 1.3448e-40 0
-7.35434e-48 -8.66691e-48 0
10.4719 50.5952 52.1824
-4.17551e-43 -4.91901e-43 0
-48.0404 5.73476 -2.83494
-61.9504 40.0225 33.2869
-3.51666e-36 -3.06884e-35 0
-1.20412e-35 -3.46982e-36 0
-7.49003e-36 -3.72517e-36 0
6.94808e-48 1.35229e-47 0
-4.12895e-50 -5.83617e-50 0
79.814 -3.31517 -12.3449
13.3924 18.216 -0.354005
-1.0565e-50 2.53366e-52 0
-1.53882e-47 -5.02621e-48 0
-35.529 9.08974 14.5033
-5.83895 32.7395 17.2226
8.2892e-14 7.39206e-14 0
-5.83282e-48 -3.93746e-47 0
-1.10654e-33 -8.85646e-33 0
11.5456 -9.37978 4.91097
-4.69708e-39 5.82705e-39 0
25.8346 3.08951 2.35009
1.07394e-36 4.34852e-44 0
7.0846e-47 -4.6089e-47 0
9.31551 27.6074 -1.11564
19.2982 78.5442 57.5732
7.65086 -5.55285 -0.706756
26.1902 -1.36941 -8.62733
8.46739 -5.09819 -8.15775
-4.2692 -33.7873 -6.2564
7.7374e-28 2.83889e-27 0
-3.22647e-50 7.19832e-51 0
-22.0436 -33.2039 46.0113
-74.2703 13.514 32.1217
-32.3813 -45.7456 -5.17608
-3.40899 -2.0176 -13.1843
15.9462 -27.3543 -6.3503
-3.40235e-47 6.91609e-47 0
7.10146e-23 -5.70103e-23 0
5.316e-27 8.22615e-26 0
-5.33323e-37 -4.2572e-36 0
16.8221 17.7413 21.5389
-5.89775e-14 -5.41284e-14 0
47.1709 16.808 46.6578
6.89816e-49 -6.9332e-49 0
3.84999e-52 -4.851e-51 0
-5.37768e-52 3.20604e-52 0
5.6561e-32 -8.57299e-32 0
26.9884 -30.7905 41.1366
-9.07971e-45 -1.14401e-43 0
2.51016e-26 -1.00481e-25 0
-1.36962e-34 -5.92226e-33 0
5.97449e-48 -3.46251e-48 0
-80.7153 28.6148 -11.3929
26.9071 -1.10805 2.51184
1.6461e-36 1.3244e-40 0
6.90191e-42 -1.92054e-42 0
-61.7628 26.2877 -7.49421
7.04504e-12 -2.73447e-12 0
5.01877e-33 -2.35079e-33 0
4.30851e-28 1.6138e-27 0
-21.638 15.5366 7.52179
5.37134e-31 -1.48054e-31 0
20.4038 0.763535 -0.173907
1.87554e-26 2.90187e-25 0
2.4301e-38 1.96742e-38 0
1.03309e-49 3.44963e-50 0
-4.86644e-12 -2.64955e-11 0
7.28157e-35 7.72576e-35 0
-46.364 -28.1969 3.43483
2.41269e-36 1.602e-36 0
6.07423e-44 2.10076e-44 0
-16.8734 -1.43229 2.15601
2.54339e-10 -1.25724e-09 0
8.57687 -23.4888 -6.27874
-4.69516e-47 2.96219e-47 0
-8.84114e-51 8.8199e-51 0
-16.2313 6.84721 -5.47092
-5.81153e-38 -1.60983e-38 0
-3.89691e-41 -5.93417e-41 0
-2.79397e-49 2.85532e-49 0
-18.0583 29.829 3.09534
-16.0711 -21.2168 -11.4741
0.692924 -12.44 -11.0449
1.67348e-42 3.1683e-42 0
-4.99982e-51 -2.46134e-51 0
-1.08416e-33 -8.67506e-33 0
22.4641 5.96353 5.50912
-27.7169 7.46674 -11.4027
-1.90503e-43 -5.48985e-44 0
4.16868e-46 1.28733e-46 0
-9.55165e-06 -6.13377e-06 0
-1.36349e-49 -1.63695e-49 0
1.38376 0.158914 -2.46777
-4.64138e-35 -1.33774e-35 0
20.2509 -15.5885 -3.61175
-11.4831 24.1043 -11.4101
-3.12462e-27 -2.72192e-27 0
-4.50792e-51 -3.71349e-51 0
7.89024 49.2098 -4.68228
0.813754 28.284 11.1764
23.5175 -17.843 -4.24375
3.37448e-50 -8.39032e-51 0
-15.5716 2.99872 16.8101
1.96793e-46 -4.69e-45 0
6.6793e-45 1.45679e-44 0
5.77144 25.835 5.89689
1.50665e-07 -1.10622e-07 0
5.65624e-50 2.65588e-51 0
-20.1966 3.5434 10.1971
-8.12827e-18 -2.84968e-19 0
6.03137e-33 4.88304e-33 0
4.09191e-45 1.48183e-45 0
3.20839 -2.54703 -11.5423
-5.17355e-11 1.82434e-11 0
-4.69329e-15 -8.31763e-15 0
-3.18913e-47 -1.4915e-49 0
-1.43327e-13 4.14812e-14 0
16.21 -66.7709 23.3957
-1.29235e-36 -1.03411e-35 0
1.85181e-42 4.09994e-42 0
-2.18923e-33 -2.80306e-33 0
7.47168e-52 -7.42212e-52 0
-9.09523e-34 -7.27769e-33 0
-1.25214e-36 -1.00192e-35 0
4.84606 2.50187 -11.3826
-6.30845e-43 -3.13751e-43 0
-9.39301e-52 -6.482e-52 0
-3.91984e-50 -8.09572e-51 0
-1.64932e-50 -5.06007e-52 0
-7.52687e-38 -2.16958e-38 0
14.587 10.8542 24.8431
-4.75219 11.9625 4.55544
8.27438e-51 -3.09791e-51 0
-3.89341e-44 -5.92884e-44 0
44.1853 62.6556 11.7978
-72.594 -15.6719 1.58522
-30.5605 46.7789 -9.82109
4.68985e-07 -1.12341e-08 0
-5.81359 30.1491 -9.74941
-2.23587e-51 1.86875e-51 0
-1.65094e-35 -7.13876e-34 0
-19.2498 3.5028 10.5662
-12.2897 -0.278326 -0.779704
1.03114e-06 -1.08276e-06 0
0.00562978 -0.0778091 0
-5.26471e-48 -2.82408e-49 0
-14.2245 -2.9205 -6.68082
-17.1572 -10.5514 -9.52824
8.39306e-47 7.34471e-47 0
-5.12817e-25 -5.98811e-25 0
3.84938e-05 -2.74751e-05 0
1.7739e-26 2.74467e-25 0
9.06471e-47 7.67134e-47 0
10.2773 -15.6495 6.50135
1.71574e-25 -2.87008e-25 0
-9.37914e-34 -7.50486e-33 0
-10.8049 -6.10142 12.4611
-7.23522e-46 6.6451e-46 0
-27.917 22.8873 -11.2895
-1.40808e-38 -4.05873e-39 0
69.5081 -64.0003 25.3959
-8.02528e-42 -6.42649e-41 0
4.29019 -14.8157 6.28669
25.6857 -69.7968 -3.88842
-1.54095e-48 1.64873e-49 0
-36.7074 55.207 55.6985
-7.24402e-32 -3.60281e-32 0
-4.24845 -61.0006 15.8202
12.0317 -21.1847 -1.78339
1.92902e-23 2.98468e-22 0
1.83208 -19.4639 -11.4618
-94.6876 -26.7913 -2.40837
-1.02855 0.652106 19.5562
6.98357e-35 -1.57513e-35 0
-20.124 -0.881829 11.4721
-25.0386 0.215786 -11.4447
6.18258e-35 -7.57575e-35 0
-35.0508 -0.819105 3.79415
-16.0207 -22.8949 -8.34453
9.80843 0.844581 1.49958
-20.6962 -11.0462 -3.54153
1.31671e-27 2.03728e-26 0
1.06453e-26 1.64702e-25 0
1.77523e-30 7.24446e-29 0
-7.27056e-31 1.98615e-30 0
-1.57166e-50 1.51484e-50 0
-1.84057e-52 -1.12088e-51 0
5.33022e-40 8.61835e-40 0
7.02449e-26 5.99318e-26 0
-1.4445e-48 2.93862e-48 0
-5.09903 9.51644 37.8185
-60.2383 -23.9159 -10.7189
20.8303 -49.9299 18.6123
-8.45062e-42 -2.43588e-42 0
-6.1195 -3.35714 19.5002
-1.22985e-35 -3.54384e-36 0
-35.8496 -40.3646 -11.0223
3.20408e-45 -7.34278e-45 0
4.64179e-30 7.18972e-29 0
1.01249e-38 -2.74928e-38 0
13.8532 9.70145 -12.8866
-6.59626e-43 -1.90863e-43 0
-1.49954e-50 -4.13438e-51 0
-6.84003e-51 -6.48232e-52 0
-3.15589e-49 -4.69947e-49 0
-2.22342e-37 -6.32796e-38 0
-6.8249e-56 -5.31531e-52 0
8.91387e-49 -5.02785e-48 0
-2.22707e-42 -1.74412e-41 0
5.2554e-51 -9.18931e-50 0
-5.82617e-18 8.18354e-17 0
-3.14518e-52 -6.02381e-51 0
27.0492 -36.7658 15.0027
-2.31011 17.4975 18.1059
-3.244e-44 3.24056e-43 0
-11.6224 33.1978 4.83212
2.00767e-20 -3.38258e-20 0
4.90197e-46 3.48863e-46 0
5.54255e-06 -22.8601 27.1277
0.226848 -27.9231 -11.8488
-102.015 58.9929 0.464773
60.9449 -167.657 73.8771
-3.38475e-39 7.48974e-38 0
7.34309e-28 1.13504e-26 0
4.39203e-31 3.78135e-31 0
2.48651e-08 7.00684e-09 0
5.94492e-05 1.72089e-05 0
1.91305e-26 2.95988e-25 0
-7.93081e-06 -9.7405e-06 4.83316
3.32876e-08 -1.45779e-05 26.2255
-8.6149e-07 -4.37298e-05 5.72507
-21.4544 15.5973 11.8631
1.1587e-10 -2.49461e-10 0
-1.06052e-41 2.15571e-41 0
4.71462 27.051 11.6875
-48.5813 31.7838 45.2273
5.54142 20.7225 0.984265
5.01766e-10 2.27812e-10 0
17.707 7.6699 5.51021
3.13776 -42.8901 -8.43625
3.08395 25.8744 2.33512
-3.50302e-41 1.07357e-36 0
0.697296 -15.0378 -9.28958
2.77671e-28 1.04134e-27 0
-2.88353e-47 -8.31126e-48 0
3.4642e-27 3.95639e-28 0
-0.355042 -0.170704 0.517425
30.0246 29.5199 15.5346
74.355 -92.973 14.2198
-3.24982e-45 -3.22704e-44 0
8.73105 19.9225 4.27633
3.55163 -19.1686 10.2363
-3.57484e-11 -1.93695e-09 0
8.24468 -42.3115 9.15457
5.29706e-27 8.19589e-26 0
-1.29522e-50 1.56864e-50 0
-37.6817 -18.173 -10.8457
8.2734 -46.9095 -4.13206
-1.46475e-40 -1.17205e-39 0
-0.151081 -39.2826 0.423912
21.4277 14.6088 1.34221
6.24776e-05 1.79538e-05 4.83949
1.36868e-07 3.3201e-08 26.2446
5.26576e-05 1.51236e-05 5.74228
-4.05466 -5.55272 1.67622
-2.91682e-40 -4.37636e-40 0
46.8934 -41.4644 14.0136
0.0312837 -0.00311445 0
5.383 -0.117697 -2.42197
3.03885e-35 3.25482e-35 0
-13.1 15.467 19.7833
1.65913e-28 4.38008e-28 0
-1.82008e-34 -1.45662e-33 0
3.35386 21.6763 5.04911
-1.55874 12.4519 3.97094
2.11233e-36 -5.87857e-37 0
26.2331 0.625749 6.85191
2.92193e-52 6.88528e-52 0
-1.73693e-49 1.36193e-49 0
-25.112 -37.7034 -6.07564
-1.7837e-48 -2.03632e-47 0
-9.66052 48.7531 39.0013
-9.17224 28.7202 33.5857
1.37089e-20 1.74495e-19 0
3.49889 -19.2954 10.5615
1.787 -3.10502 0.413268
-7.96365e-40 6.25884e-40 0
4.61441 15.1191 -8.77501
3.66211 25.8945 -2.01867
9.90441 15.6218 5.19529
-4.89551e-51 6.85261e-52 0
-3.99027e-13 -1.42001e-12 0
-3.60176 -24.8386 -8.56744
3.51683e-34 -1.80061e-34 0
5.50309e-05 1.59364e-05 4.83345
3.12812e-05 2.35795e-05 26.2256
-2.29983e-05 4.92027e-05 5.7253
1.56342e-19 1.44982e-19 0
-2.04112e-41 -1.62557e-40 0
0.188739 0.731858 0
-23.4193 -29.6402 2.23408
-9.32314 -20.2291 37.9613
-4.55811 -14.0042 1.13419
-2.82245 15.5999 15.37
9.03123e-25 9.24088e-25 0
4.71698e-30 7.29916e-29 0
7.20575e-06 27.7594 24.9039
-0.226594 27.9229 -11.8488
5.47882e-50 -7.49736e-48 0
-7.99983 16.51 -1.02188
-2.09074e-51 1.70119e-51 0
-5.74419e-40 -4.00035e-38 0
2.42432e-16 6.72933e-16 0
-2.49691e-41 -6.8326e-41 0
1.38177e-26 3.05549e-26 0
1.98602e-39 1.70987e-39 0
-5.25173e-31 1.1621e-29 0
-61.2295 -28.4275 15.7711
-3.83048e-08 -2.64285e-06 0
31.0638 35.7609 49.9274
-3.02678e-49 -2.45364e-48 0
19.1342 -0.472171 0.0868629
7.23796 51.0274 -1.4894
-17.7601 -29.3368 27.0298
9.89925e-43 -4.47028e-42 0
4.27216e-52 7.51503e-51 0
5.04767e-50 1.26431e-50 0
4.07096e-24 6.29881e-23 0
-1.32677e-48 -8.66058e-50 0
4.16276e-24 1.56795e-24 0
1.35892e-48 -1.8938e-48 0
-2.82963e-41 -1.22354e-39 0
8.82181e-51 -5.46654e-51 0
8.91599 31.412 -12.3292
-2.53956 2.66168 -11.7852
-5.37084e-30 2.32363e-30 0
11.87 -8.65144 -8.88651
2.09369e-32 1.84925e-32 0
9.48423e-49 -8.64939e-49 0
2.886e-50 -2.20096e-50 0
1.61872e-49 2.00205e-49 0
5.15131e-52 -1.35017e-51 0
1.30335e-51 -2.80789e-50 0
6.80633 32.2876 -3.50344
-6.0627e-50 2.52627e-49 0
12.573 29.4371 -9.44976
0.0665206 -0.0306565 0
3.53442e-46 2.6885e-45 0
1.48723e-34 1.59729e-34 0
-3.10837e-40 -1.28387e-40 0
26.7828 3.15716 2.1264
1.64651e-36 -8.32477e-41 0
3.3807e-50 2.9469e-50 0
8.91147e-35 9.54417e-35 0
-4.59964e-42 -1.94735e-40 0
-23.8544 -5.48349 1.37251
-7.9305 -27.1148 -12.0535
-22.5331 14.9556 0.0965739
42.6033 -28.7417 6.0347
-2.79236e-30 2.26817e-30 0
7.45767e-37 -4.26645e-35 0
1.45872e-47 3.31035e-47 0
-1.75374e-51 -6.507e-51 0
-17.1722 27.7642 12.5452
-11.009 17.4442 20.2265
4.58122e-24 7.0883e-23 0
-1.20352e-43 3.13661e-43 0
3.27345e-28 -5.04961e-28 0
4.47458e-31 7.4904e-29 0
-4.23107e-51 -5.14952e-50 0
2.83365e-47 2.52339e-48 0
2.64332e-32 3.67205e-32 0
0.000200343 6.5694e-06 0
13.3768 18.2229 -0.352897
-48.2288 34.3767 -11.1729
-4.79694e-52 8.73053e-52 0
1.01091e-21 -7.04815e-22 0
7.68462 31.4549 7.40439
-2.13368e-40 -4.09183e-39 0
2.3907e-21 -1.59548e-21 0
27.8633 -25.1471 2.07442
-57.1972 15.2718 -1.62658
-1.0382e-41 -2.99245e-42 0
25.8373 3.08975 2.35006
1.07306e-36 1.35394e-41 0
-2.05994e-43 -8.27003e-42 0
-23.2835 8.8581 6.69454
1.53122e-45 -1.33628e-46 0
2.63133e-28 9.8559e-28 0
4.95975e-14 4.32822e-14 0
-3.50706e-38 -1.0109e-38 0
-3.28541e-42 -4.06784e-43 0
-5.23093e-47 -6.32953e-47 0
26.3319 47.4437 43.9709
-41.4317 -66.4312 26.5906
-74.2875 13.7219 32.0389
5.39226 -49.8241 3.61556
-0.00153542 -0.00234053 0
6.53685e-19 1.43285e-19 0
-10.6662 2.99333 -2.02215
1.10881e-23 1.71562e-22 0
1.9795e-21 -1.08718e-21 0
-5.15206e-30 4.97146e-30 0
4.95395e-25 7.66501e-24 0
6.10554e-31 8.90869e-30 0
47.7395 13.6011 44.7463
2.18307e-47 -2.34284e-47 0
-2.10793e-49 -2.77861e-49 0
6.65623e-35 5.73073e-35 0
25.681 -39.8999 15.6676
-5.89418e-27 7.63683e-27 0
2.40371e-07 5.30096e-07 0
-1.06732e-42 4.14325e-43 0
1.02139e-48 1.2836e-48 0
-5.21169 15.2789 -5.50081
-7.45303e-38 -2.0737e-38 0
26.9065 -1.10899 2.51269
1.07266e-36 8.06946e-41 0
36.6588 19.8597 -4.35278
-0.577112 -16.702 -4.60774
18.4685 -7.79943 13.3575
2.31146e-51 -2.67801e-52 0
45.8833 -13.2026 0.298365
5.16194e-07 -4.54557e-08 0
-8.98482 -37.9968 -1.09427
-6.78512e-51 -3.55274e-52 0
1.81062e-26 2.8014e-25 0
3.79142e-38 3.06956e-38 0
1.03256e-49 3.40093e-50 0
-2.70428e-11 -1.4866e-10 0
-3.34848e-45 -2.10852e-43 0
15.9643 -2.15112 -11.7459
1.08687e-41 1.16635e-41 0
2.49542e-15 -2.95482e-16 0
-2.48936e-49 -4.94117e-51 0
-5.4752e-30 5.92938e-30 0
5.21729e-27 8.07247e-26 0
16.8728 92.1838 49.4566
-7.06488e-50 3.6583e-50 0
-16.7206 -29.635 29.209
4.07436e-37 4.36391e-37 0
-6.52146 -16.779 -12.1736
54.0826 -26.8738 14.1442
5.40649 -9.63722 -2.63149
15.983 -2.24962 -7.83161
-15.0215 21.3742 -10.9097
-6.42147e-48 -1.84763e-48 0
8.47173 -37.7145 -3.9952
-8.32535e-41 -3.59991e-39 0
-2.67648 -29.1682 -1.133
-35.9307 52.0272 24.9989
-1.73705e-45 -1.39589e-44 0
-4.53398 -5.92568 13.1917
-3.31318e-46 -1.43264e-44 0
2.76697e-28 4.2812e-27 0
1.73133e-30 9.40228e-29 0
4.22703e-44 -3.21777e-44 0
12.2888 -6.15342 -8.39439
0.597591 3.32321 -12.5742
-4.87948e-39 -4.44815e-39 0
-4.50788e-51 -3.71344e-51 0
6.98118 49.1913 -5.44972
0.836677 27.573 10.9745
-1.0493e-26 6.06619e-27 0
26.8976 27.6124 -3.47703
59.0043 -13.3474 14.2991
-0.000908041 -0.000787114 0
-19.399 9.53718 7.85162
4.33124 13.2334 14.7691
9.20394e-47 3.53557e-47 0
1.36178e-51 -1.04064e-51 0
-20.1954 3.543 10.197
-1.07164e-36 -3.78686e-41 0
0.131872 0.161296 0
-2.57596e-34 -1.11397e-32 0
21.6877 5.66692 -12.5212
12.0741 -31.0349 -2.04766
25.7599 -3.84792 -11.4381
-8.34536e-51 -2.92628e-51 0
0.587651 32.2468 9.70082
15.0186 -20.2169 -10.7671
6.96113e-42 7.41423e-42 0
-9.26205e-15 2.29226e-14 0
-1.92737 12.8343 5.39599
5.12871e-52 -5.0426e-52 0
3.94549e-31 7.60491e-29 0
-34.9033 -17.1296 18.477
1.04835e-26 1.622e-25 0
23.9343 83.9695 -12.1232
1.64901e-29 5.03649e-29 0
-27.2365 61.5197 -12.1572
-5.90028e-38 -1.70069e-38 0
1.20948e-30 1.87432e-29 0
14.6608 10.933 24.7773
-15.616 12.2401 0.849104
66.0986 -44.4412 10.9362
-1.95631e-39 -4.78301e-39 0
8.42237 62.4505 3.86745
4.82233 25.0929 -9.94992
16.7198 25.9535 -12.6708
1.16702e-35 3.89832e-36 0
-5.30885e-44 -8.08426e-44 0
3.58532e-50 -2.73337e-49 0
6.89989e-27 1.06759e-25 0
-19.2497 3.5028 10.5667
-1.07187e-36 6.88082e-42 0
-2.53761e-45 6.25538e-46 0
-11.7842 -1.24636 14.6915
-3.41063e-48 -1.78023e-49 0
-1.33343e-44 -5.3762e-46 0
-1.56415e-14 4.11147e-16 0
-3.04681e-41 2.79831e-41 0
2.28325e-46 -1.93911e-46 0
-2.58882e-45 -7.12651e-46 0
-6.40315e-38 5.19037e-38 0
9.93429e-31 1.52268e-29 0
-5.72645 -16.1612 4.46028
9.22855 -29.0764 -10.9927
-6.89661 -5.55687 -11.1621
-18.32 20.1835 6.10944
-1.05138e-47 1.30426e-47 0
-3.11097e-34 -7.96847e-34 0
17.8601 -10.7459 -11.9337
-7.00681e-34 1.55048e-32 0
-3.93782e-40 -2.61897e-39 0
-2.65223e-34 7.01559e-33 0
27.6624 -69.4045 -4.53414
-1.6061e-48 -1.62996e-48 0
13.4132 -23.595 46.3645
4.22227e-28 -8.197e-27 0
-44.7114 -20.0867 -1.34516
-1.80496e-51 -1.98537e-50 0
5.10144e-27 7.89282e-26 0
1.30671e-23 2.02181e-22 0
-1.34119e-21 3.53812e-21 0
0.0549512 -13.7069 -1.37289
1.06498e-30 1.6478e-29 0
-20.1229 -0.881467 11.4719
-1.07165e-36 5.48276e-41 0
-0.175613 -0.542189 0
-35.0499 -0.798927 3.80831
-8.96795e-51 -8.47706e-51 0
-2.30536e-50 -1.65975e-49 0
-4.10461e-36 9.08266e-35 0
-4.31625 25.1326 11.2946
-2.04713e-42 2.5396e-42 0
-3.5704e-31 -1.09849e-31 0
-21.3779 12.9479 -11.9885
-1.57165e-50 1.51483e-50 0
8.43313e-52 7.13444e-51 0
1.07745e-51 2.10978e-50 0
-0.370376 0.700825 0
-4.05505e-28 8.97299e-27 0
51.4775 13.7164 33.6406
-8.31897e-42 -2.3979e-42 0
5.2807 -2.01055 6.32396
22.1667 10.3446 3.88264
-31.2201 -12.4074 13.9765
-6.56242e-48 5.1566e-48 0
-8.01117e-49 1.16304e-48 0
-18.3236 -6.1549 15.3751
-6.6128e-13 1.52738e-12 0
-1.13744e-39 1.48884e-39 0
-1.08617e-20 9.44418e-20 0
0.000162746 9.58393e-05 0
1.06434e-35 3.34619e-36 0
-1.30539e-37 -5.6455e-36 0
-3.61292e-47 4.19587e-47 0
6.7529 17.1251 -2.44992
2.41975e-52 -4.28362e-51 0
2.03204e-53 -6.52786e-51 0
-1.75543e-40 -1.51185e-39 0
1.96799e-51 -2.10752e-50 0
-1.29083e-17 1.92515e-16 0
-6.02698e-43 2.15043e-43 0
-1.16547e-47 -3.07723e-47 0
-2.14919 22.4391 14.6367
-4.37967 1.44783 -6.44249
-11.527 27.2036 -1.82691
-4.16824e-36 2.22426e-35 0
2.34623e-27 3.63021e-26 0
5.37031e-06 -22.86 27.1277
0.226497 -27.9233 -11.8486
-9.25857e-48 -6.37428e-49 0
6.73735 6.38199 21.3337
-2.65904e-37 1.55699e-36 0
15.9788 -43.1519 19.6585
-1.89084 18.3859 -9.64104
-9.04132e-08 -2.68076e-08 0
-2.07545 26.5938 -10.5183
11.1361 24.3137 -2.06042
-8.70911e-05 -8.77517e-05 4.8333
6.17733e-08 -1.45628e-05 26.2255
6.06e-06 -0.00026107 5.72547
7.23541 -7.46514 -5.08883
-13.374 -18.4354 -3.33113
9.14582 0.203523 -6.76697
4.35127e-17 1.55824e-17 0
-12.0943 -16.332 -3.15003
14.7823 9.5046 -2.51437
-7.99804 6.59197 -9.13779
2.77715e-40 8.50568e-40 0
3.10416 -42.9131 -8.49324
3.08618 25.8753 2.33518
-1.39443e-38 3.64652e-36 0
-2.46111e-31 -1.01558e-30 0
8.33245e-28 3.121e-27 0
-9.18845e-40 2.03321e-38 0
7.98953e-29 1.23495e-27 0
-5.31133e-47 -2.14644e-46 0
-8.15096 -3.74804 -5.82606
1.08498e-48 -6.11528e-48 0
6.24644e-41 -2.8874e-41 0
2.72895e-44 -9.11525e-45 0
3.55186 -19.1684 10.2362
-3.57508e-11 -1.93693e-09 0
9.69042e-40 1.77542e-40 0
-2.12817e-23 7.26647e-23 0
50.3639 -0.0577885 80.6575
5.26394e-49 -1.6412e-48 0
45.3548 -7.02682 19.0092
-4.77486e-41 -2.06466e-39 0
-4.50602 -36.9879 42.8752
-1.00368e-28 -4.99181e-29 0
5.43392e-08 -1.58567e-07 4.83914
5.80815e-05 1.67214e-05 26.2448
4.04567e-05 -2.33403e-05 5.74205
3.65876 23.4781 18.0459
-7.90512 4.54866 -4.93035
-1.21146e-40 -9.65545e-40 0
0.0137436 -0.00121025 0
5.58942 0.981901 -2.94041
30.1259 39.0514 37.0578
10.676 24.3316 12.9406
2.53392e-28 2.714e-28 0
-1.91055e-38 -7.67508e-37 0
3.35422 21.6759 5.0489
-1.5587 12.4519 3.97095
5.68901e-24 -9.38295e-24 0
-1.71656 0.78148 5.97075
-3.47597e-49 1.07604e-47 0
-6.77826e-50 7.9197e-50 0
-9.14706e-16 -1.0625e-15 0
1.66194e-26 2.57137e-25 0
-1.7687e-33 -1.41526e-32 0
15.0154 -6.72147 -12.6321
1.70624e-28 2.43049e-27 0
3.50107 -19.296 10.5627
1.78917 -3.11056 0.413019
3.19064e-48 -5.31236e-47 0
5.58269 17.8784 -9.40082
-2.60492 48.9859 -3.19281
9.4534e-44 -2.9349e-43 0
-1.23849e-49 6.08524e-50 0
-1.32403e-47 -1.47937e-45 0
1.8712e-14 -3.74878e-14 0
7.44043 -34.7349 10.8702
1.01488e-07 5.27275e-08 4.83315
0.000150799 5.79947e-05 26.226
9.26822e-08 3.83633e-05 5.72506
9.3355 -2.59771 -10.5536
-1.89795e-41 -1.51841e-40 0
-25.6917 54.9717 3.10941
-71.8893 3.14585 4.4044
2.81611e-49 -1.21498e-48 0
2.25112e-44 2.23711e-44 0
-3.92619e-32 -1.13172e-32 0
-2.62216e-34 -2.0679e-33 0
-2.88179e-49 -3.23666e-47 0
0.000121486 27.7596 24.9042
-0.226463 27.9235 -11.8486
1.68715e-49 -6.97272e-48 0
-5.4715e-38 -4.36952e-37 0
2.6713e-21 -2.70858e-21 0
-34.2117 11.0533 -12.759
6.4175e-44 5.24854e-44 0
-1.77672e-39 6.9594e-40 0
6.62086e-51 -2.5223e-50 0
-11.4911 14.4717 4.19539
-2.87527e-31 6.36237e-30 0
4.61139e-52 -5.66415e-53 0
1.23518e-50 1.01312e-49 0
-31.5985 31.8843 -13.1386
-5.03592e-45 -6.18177e-45 0
-6.02637e-49 4.79017e-49 0
7.83046 59.8207 1.17344
-8.9536 -19.2514 5.03963
5.24988 20.4591 40.4638
1.87968e-38 -2.4409e-38 0
-6.55059 -18.0124 53.449
-1.37056e-42 -1.6146e-42 0
-52.5519 -6.72902 -9.61214
5.78861 -0.480083 -4.78959
-59.211 19.1034 3.80881
32.3411 -73.9532 -4.53083
38.3044 25.7615 28.6365
-84.4064 9.87826 24.7438
0.000940723 0.000662991 0
-0.00903652 0.0382193 0
-3.59782e-33 5.35836e-34 0
-6.94386e-34 -2.53002e-33 0
9.46094e-49 -8.63414e-49 0
2.44101e-50 -1.85957e-50 0
5.4186e-53 5.06716e-51 0
-5.94395e-30 -1.31168e-29 0
8.57199e-50 -6.42507e-49 0
-3.35842e-42 -1.90245e-42 0
5.82001e-40 -1.33976e-40 0
-13.8033 -3.37618 14.2512
5.40368e-05 -1.75831e-05 0
-5.15413e-33 6.40428e-33 0
-33.9826 29.7117 -4.30293
15.9801 -46.5282 -10.085
26.7819 3.15935 2.12494
1.07277e-36 -2.92464e-41 0
-1.26744e-08 -1.26485e-08 0
2.79331e-42 2.99177e-42 0
-15.838 -7.94583 -10.4649
17.2488 21.8109 -8.85261
1.20141e-21 -1.48968e-21 0
-7.11496e-05 -7.66562e-05 0
2.98755e-34 4.5453e-33 0
6.62001e-43 -8.1899e-43 0
1.3665e-44 1.46361e-44 0
1.97815e-45 4.50183e-45 0
-1.92916e-53 -1.37075e-52 0
8.05135 21.5252 34.4933
5.89896e-20 1.05343e-19 0
-1.43775e-50 4.24915e-49 0
-9.30518 -111.787 15.9358
4.44126e-36 -1.16401e-36 0
2.08286e-39 2.22224e-39 0
-9.05275 -26.1427 45.5229
4.3777e-47 -2.81968e-47 0
14.603 34.6635 -3.51691
0.0040782 0.000238396 0
12.6395 17.8654 -0.310627
-48.9011 34.7599 -11.3785
-8.91309e-34 -7.1321e-33 0
0.374631 -1.76592 0
-34.5376 -8.21831 12.0679
-36.2379 3.23041 -3.92757
-5.67455e-47 -1.63564e-47 0
-7.54911e-23 -2.79374e-22 0
4.48778 -7.76006 -4.0516
11.3671 42.4499 -1.79088
25.8338 3.08925 2.34585
1.07224e-36 2.74785e-41 0
-14.2515 13.2464 22.7153
-1.30605e-06 -1.28413e-07 0
1.01779e-06 7.37334e-07 0
24.4797 -10.053 -12.5709
-5.05655 -25.8244 -9.35874
-2.67354e-47 -1.24351e-47 0
4.76118e-51 4.60566e-50 0
-37.68 35.7355 63.1915
-2.59372e-30 2.66414e-30 0
-2.42043e-34 -1.0466e-32 0
-1.68373e-36 -1.34728e-35 0
-8.69069 -46.4956 7.71152
13.1682 63.0497 25.4258
-0.00166224 -0.000994077 0
-4.10663e-06 1.7116e-06 0
-57.3296 -8.89873 39.986
10.6943 -3.79325 -13.0793
-1.90233e-51 6.81616e-52 0
16.6389 -95.5632 18.1112
31.0806 -19.425 51.1277
42.5054 16.1071 55.8205
-8.83447e-25 5.5846e-25 0
-1.68378e-32 -8.37427e-33 0
-4.97252e-46 4.39434e-46 0
27.8429 -7.79124 -3.37445
-8.024 18.7159 -10.2405
43.2726 -3.26191 20.7465
21.7518 73.1821 19.7147
30.3368 10.4939 29.6285
-36.8132 22.4716 20.9167
-1.39579e-33 -1.11693e-32 0
26.9057 -1.11071 2.51139
1.07164e-36 7.10527e-41 0
1.15313e-31 1.23499e-31 0
-37.3735 -7.05166 -4.39996
-2.27387e-10 -2.08691e-10 0
1.82686e-37 1.61357e-37 0
38.4574 76.3623 11.7808
17.7277 -30.4961 5.25427
-0.0597342 16.9969 33.2897
-35.2364 -48.9561 79.8608
-3.53403e-43 4.3842e-43 0
5.71899e-39 4.63014e-39 0
1.5723e-49 6.38006e-50 0
-2.68006e-11 -1.48654e-10 0
0.00250587 -0.00208509 0
8.01671 -60.3078 -13.0868
-14.8402 -38.3584 -2.38163
-1.89314e-50 2.10602e-50 0
34.1322 20.399 19.525
0.000849025 0.000504204 0
37.2726 6.68071 0.285748
4.48963e-49 -1.69244e-48 0
-3.43298e-50 1.15516e-50 0
16.8236 -39.9967 -5.42612
2.09553e-26 3.24224e-25 0
-4.59823e-35 1.01749e-33 0
1.62025e-44 4.23327e-44 0
7.20764e-49 5.48445e-48 0
2.04798 -2.20886 -10.8324
-7.48881e-47 -9.67095e-47 0
8.87705e-11 2.82595e-11 0
156.89 18.3465 4.1355
2.06949e-31 7.75147e-31 0
13.6193 -36.8385 9.08107
0.00491325 -0.00284923 0
-5.78582e-44 -4.40555e-43 0
-24.8711 -46.6084 37.9219
-1.62423e-49 -2.34449e-49 0
-1.87011 21.7268 2.78205
-2.10356 34.1993 -11.3812
-9.35452e-12 5.24579e-12 0
-4.81438e-47 -7.22335e-47 0
-4.63871 20.1139 -0.476862
-6.3844e-38 -5.84694e-38 0
-4.50781e-51 -3.71338e-51 0
6.98384 49.1918 -5.44149
0.853013 28.286 11.1976
-27.6241 -4.21313 -3.54507
-8.04461 -1.93339 -0.447287
1.46834e-51 -8.59363e-53 0
-6.26531e-48 -7.44299e-48 0
-4.04327e-36 5.01596e-36 0
-49.3716 10.8546 -9.27019
-5.0024e-38 -2.1613e-36 0
-6.40079e-18 5.29199e-18 0
-20.1954 3.54108 10.1991
-1.07266e-36 -2.7768e-41 0
48.616 20.5408 19.6459
5.27234e-47 1.15252e-46 0
-1.1509e-50 -2.04319e-51 0
-3.67524e-05 1.711e-05 0
7.13992e-30 1.10469e-28 0
-3.15109e-14 -4.06052e-14 0
10.5856 47.2787 74.7846
-9.60977 -3.11525 -5.82543
-2.43707e-37 -1.05379e-35 0
-2.21953e-14 5.41827e-14 0
-1.62538 -22.1317 1.12038
1.21041e-49 -9.21735e-50 0
-3.80113e-39 -1.09567e-39 0
50.6443 -20.8949 -6.30639
-1.40058e-43 -1.64997e-43 0
-8.38196e-43 -3.62439e-41 0
2.98942e-20 4.62539e-19 0
-5.02128e-51 2.67389e-51 0
-5.73179e-38 -2.47868e-36 0
-3.58558e-38 -1.55047e-36 0
14.8341 9.92682 22.5105
-16.0408 12.1211 0.772252
0.0454331 -0.00153623 0
-1.52343e-45 -3.5173e-46 0
1.92094e-27 -1.51521e-25 0
8.62776e-36 7.42812e-36 0
-70.4133 -5.99517 31.2524
-23.9683 -23.025 -2.74119
-35.119 -24.4969 -2.57525
25.0035 -3.04211 5.75503
-4.56267e-46 -1.189e-46 0
-19.2505 3.50336 10.5725
-9.47856e-07 -7.94915e-08 0
-4.34318e-37 2.12902e-37 0
-6.54565e-38 -1.88676e-38 0
-1.41917e-48 -7.79683e-50 0
-2.71044e-36 -1.34804e-36 0
-6.67205e-15 1.75358e-16 0
6.55094 10.9838 1.28591
-25.7579 -21.57 7.92729
29.6621 -19.4713 6.39153
8.74633e-35 1.35325e-33 0
1.87646e-34 2.68844e-33 0
-6.28556 -15.7393 4.57013
7.69974e-51 -4.03494e-50 0
3.47351e-22 -3.63076e-21 0
-5.40504e-47 1.09956e-46 0
-21.9305 -3.5889 0.552514
-8.27902 2.61646 8.96482
2.98608e-31 3.19829e-31 0
-37.5553 10.1868 79.6328
11.4667 4.88783 -6.64377
1.24529e-39 1.33302e-39 0
27.1476 -69.854 -4.807
-1.60514e-48 -1.63309e-48 0
-26.3301 1.70715 38.2496
46.3855 -18.921 -10.3385
2.02741e-26 2.49909e-26 0
3.10453e-31 4.8035e-30 0
3.07426e-44 -1.02687e-44 0
-3.19502e-48 -4.5228e-48 0
-1.56185e-31 -2.60776e-31 0
8.92119e-24 1.38033e-22 0
7.47225e-24 1.15615e-22 0
-20.1233 -0.880231 11.4734
-1.07266e-36 7.51675e-41 0
-2.89391 10.3505 -4.93456
-35.063 -0.759452 3.85286
-5.93864e-48 -5.77493e-47 0
9.1669e-36 1.48218e-35 0
8.92165 -65.2896 21.1628
11.9373 -8.21706 2.19698
-7.42759e-20 5.11475e-20 0
-33.8966 -41.1755 -12.3624
4.68799e-31 5.31407e-31 0
-1.57164e-50 1.51481e-50 0
-1.05219e-52 4.04138e-52 0
2.70885e-27 1.60482e-27 0
-9.67982e-32 -3.49957e-32 0
-3.64419e-35 -1.05027e-35 0
-62.1983 34.2025 -6.35104
-12.6739 5.27432 -12.5728
-18.0202 -8.84791 -11.4848
-17.6608 10.1954 -6.87172
-14.5466 16.0488 0.610674
8.10096e-27 1.27973e-28 0
-35.5369 -40.7867 -10.1079
9.12743 0.601056 -11.5203
-1.36914e-45 1.09478e-44 0
8.06211e-21 -4.36598e-21 0
1.89747e-37 2.45976e-38 0
2.67587 72.5318 49.097
-1.72144 -4.13208 0.614001
5.49152e-35 5.88179e-35 0
-5.17646e-44 -1.57309e-43 0
-4.93005e-45 3.87464e-45 0
1.10886e-51 -2.63489e-50 0
7.47917e-52 -2.95537e-51 0
-7.13564e-37 -6.15088e-36 0
3.12828e-52 -2.50629e-51 0
-1.02069e-17 1.92798e-16 0
2.39591e-46 -8.22295e-47 0
-17.4126 -28.9302 7.93681
0.853279 31.4938 7.92281
7.81844e-33 2.90938e-33 0
11.5519 24.8165 -3.80858
-0.00279844 0.0141684 0
-5.83325e-38 -7.24366e-37 0
5.21536e-06 -22.8601 27.1277
0.226508 -27.9231 -11.8486
9.83148 14.7318 17.619
1.67396e-48 7.74898e-50 0
-2.54953e-39 1.36091e-38 0
20.1665 -43.2468 22.8119
1.74766e-32 1.87186e-32 0
-1.64683e-39 -4.80069e-40 0
18.9964 -25.5762 11.7555
11.5633 7.47521 -8.11249
0.000113504 -0.000113642 4.83337
6.42734e-09 -1.4572e-05 26.2255
0.000151473 -0.000368744 5.72567
0.0127364 -0.00231018 0
-4.44132e-06 8.7242e-06 0
23.9026 7.07551 15.1586
9.4071e-16 3.53994e-16 0
-1.73775e-29 2.22408e-30 0
26.2996 -45.9485 -2.90772
7.88408 3.2374 2.37285
11.5684 17.9251 -11.1485
3.06468 -42.9944 -8.71368
3.08853 25.8731 2.33387
-7.579e-37 1.40803e-34 0
6.23089e-49 3.49175e-51 0
4.44659e-28 1.66552e-27 0
2.27283e-37 4.53693e-37 0
16.9487 -11.1356 7.24053
0.62762 -12.551 0
-5.99255e-36 8.56484e-36 0
2.7159e-13 2.41743e-13 0
-1.01944e-41 -2.73316e-42 0
4.57073e-43 4.78589e-43 0
3.55195 -19.1684 10.2358
-3.5761e-11 -1.93689e-09 0
-11.9581 -18.5774 -10.8393
-1.90767e-21 -4.07625e-23 0
-43.3532 -66.7613 57.8
-3.60648 14.1066 4.31621
15.3421 19.0057 -4.53465
1.72048e-17 1.57718e-17 0
20.2244 -33.9505 19.9379
16.0288 23.2997 -8.33495
2.59049e-07 -2.57762e-07 4.83914
2.01732e-05 5.81117e-06 26.2446
5.95957e-05 -5.14099e-05 5.74209
6.89169e-41 -5.24722e-41 0
-1.56888 5.49319 -7.92431
-6.07937e-50 1.70571e-50 0
0.00230465 -0.000261592 0
5.27302 0.896457 -2.19806
1.64621e-39 3.11666e-39 0
17.0082 26.1202 19.2952
0.00817008 0.0178089 0
-2.41413e-46 -1.04584e-44 0
3.35443 21.6756 5.04822
-1.5583 12.4516 3.9711
-1.15717e-39 -3.33451e-40 0
-1.3379e-32 -2.76675e-33 0
2.93227e-51 -7.78723e-51 0
3.17207e-10 4.19169e-09 0
6.1617e-48 -1.80817e-47 0
-1.47285e-30 1.20329e-30 0
-1.20545 -0.141461 -3.56436
24.8359 58.2574 -11.3285
1.44537e-46 2.62626e-45 0
3.50281 -19.2946 10.56
1.76927 -3.12418 0.422884
-3.47575e-40 -8.0248e-41 0
7.98867e-43 9.25601e-43 0
4.75276e-50 1.43777e-49 0
-22.3428 0.855645 18.9137
4.01596e-07 -0.000148615 0
-3.88676e-46 -1.74737e-44 0
-1.50969e-11 -1.71025e-10 0
-3.17465e-16 -3.34077e-16 0
2.07254e-05 -4.06111e-06 4.83337
9.2717e-05 4.12629e-05 26.2258
4.00348e-05 4.74724e-05 5.7253
-7.40619 34.685 -4.00463
-93.9282 -46.0844 -2.02142
-28.0779 -9.13371 11.0144
-1.82296e-34 -1.61865e-33 0
-7.80836 -16.0052 -11.2046
17.6235 14.8977 14.9092
2.67795e-37 1.73389e-37 0
-25.8829 -3.14962 63.7777
1.20546e-35 1.34895e-35 0
0.000108925 27.7596 24.9042
-0.226475 27.9233 -11.8488
-3.94085e-49 -8.36646e-48 0
-3.00116e-38 -2.32733e-37 0
-8.68689e-15 -1.16801e-13 0
1.60951e-21 -1.17382e-21 0
0.764082 23.3227 -9.65054
1.95289e-40 1.68365e-40 0
33.8985 12.2711 15.6265
-1.63983e-34 -7.09069e-33 0
-2.18512e-34 4.83522e-33 0
3.0778e-52 -1.15382e-52 0
-9.61464e-12 -2.38687e-12 0
2.79934e-49 6.36691e-49 0
-4.55431e-45 -5.75264e-45 0
5.084 -1.01076 61.6178
-3.121e-39 -1.34953e-37 0
2.31452 -25.5998 8.8581
-2.24285 -8.25997 -12.4756
-9.22237 18.0717 -5.05878
67.4265 100.606 27.037
5.47778e-50 -4.17398e-50 0
-27.1067 -28.4151 4.37259
9.71858e-23 9.06054e-23 0
-1.46861e-41 -6.3503e-40 0
-1.37251e-51 -9.35071e-52 0
3.80231e-49 -2.10401e-49 0
1.62532e-46 -1.23749e-46 0
-8.77037 53.4263 -4.42438
-2.57596 -1.09829 -9.06119
-5.09503e-14 1.60799e-14 0
80.5396 -39.6045 3.78128
9.33649e-49 -8.64831e-49 0
1.03405e-50 -7.80199e-51 0
-1.76876e-52 5.43305e-51 0
-7.9821e-45 -3.45149e-43 0
-1.05449e-50 -4.95744e-49 0
-6.28889 -18.2343 -7.75409
1.43768e-28 1.48033e-28 0
-5.34282e-49 -1.50953e-49 0
2.30537e-41 -7.017e-42 0
-2.11521e-46 -9.77022e-45 0
2.37122e-36 2.53895e-36 0
-35.9984 99.1646 -6.52179
26.7861 3.15998 2.13015
22.532 1.31487 -9.36231
-9.40945 -9.3366 -11.0411
-28.5846 -26.9543 -7.67793
16.6109 69.8959 1.27148
-22.9651 -45.2616 53.2257
-57.0549 -1.45422 1.35132
-34.2834 -6.93516 1.02758
10.1112 19.0041 -8.57307
1.38723e-46 1.41367e-46 0
1.30792e-24 1.21288e-24 0
-19.5419 -51.2584 21.7694
-3.65153e-34 -2.92183e-33 0
15.7672 55.3625 29.7346
2.43644e-32 5.19825e-32 0
54.125 64.1458 67.7439
-38.6538 -27.7458 0.565663
-5.63359e-30 7.0073e-30 0
3.43887e-35 3.68326e-35 0
4.41192 -54.8602 -2.12609
29.6009 -11.2365 80.9918
-5.22602e-41 -2.25975e-39 0
2.45595e-26 9.03954e-27 0
-0.360811 19.7348 0.910172
12.6423 8.57498 21.9666
-1.0838e-42 -4.68646e-41 0
-28.2717 4.39325 -12.5653
-1.17374e-51 -1.43974e-51 0
2.42592e-36 2.59748e-36 0
-6.85691e-41 2.97825e-39 0
-4.40551e-42 -3.59113e-41 0
6.95293 22.6332 15.2843
-9.19215 20.818 26.9292
25.8368 3.08924 2.34984
14.0222 0.0646296 -1.94407
-36.2866 -11.4135 -12.0629
2.5769e-38 2.76003e-38 0
8.65068e-45 -7.59901e-46 0
8.27656e-45 -5.73582e-44 0
22.9943 -4.8843 -10.4189
-61.4064 57.5927 10.5728
-2.76356e-16 -1.44108e-16 0
-9.67992e-07 -2.40308e-07 0
28.9393 49.1041 -5.79039
-1.84305e-34 -7.96941e-33 0
2.27641e-45 4.30978e-45 0
23.9267 -40.6465 15.5075
-13.2269 -13.5187 -8.48159
-19.0824 -9.34454 -4.42737
2.12688e-46 1.26808e-46 0
0.000216491 0.00100678 0
0.109119 -0.114374 0
-1.37285e-34 -5.93626e-33 0
9.66256e-51 2.33746e-51 0
53.0359 35.8692 -8.74126
-112.518 92.8835 104.185
6.89099e-49 -6.88037e-49 0
77.0485 -41.0701 25.5914
2.2641e-38 2.79262e-37 0
-2.99463e-52 3.73546e-51 0
1.67267e-49 -2.84728e-49 0
-42.7159 39.2908 5.20946
1.69465e-15 -9.88882e-15 0
48.5463 35.7861 21.9729
0.555299 -12.0643 -6.29462
2.94824e-50 6.02272e-50 0
26.9103 -1.11199 2.51673
2.1245e-15 9.15649e-17 0
-26.3106 41.7044 5.93085
-6.65256e-40 -7.83712e-40 0
-15.7025 15.2375 9.14074
-36.3546 -38.9199 -8.83669
-21.4666 -58.4091 -8.30307
8.86219e-31 -8.84509e-31 0
22.0477 10.1795 -5.01994
-8.74191e-42 -2.79018e-43 0
-2.76802 -12.822 41.5783
3.70876e-42 3.00264e-42 0
1.09591e-05 1.87828e-05 0
-1.09164e-13 -5.49537e-13 0
-2.62476e-17 1.69896e-18 0
6.20404e-14 -1.43409e-14 0
-7.77608e-48 -1.06126e-47 0
-3.17518e-26 -1.22109e-26 0
17.2781 7.51366 -5.35672
28.1071 68.0343 -8.22168
8.95555e-43 9.52626e-43 0
-7.13336 -3.13571 9.14931
-1.88037e-50 1.68447e-50 0
-7.97368e-43 3.87784e-43 0
3.57099e-15 4.51961e-15 0
10.3756 7.50406 4.85224
1.10712e-26 9.53183e-27 0
4.42204e-49 2.13465e-48 0
-9.15704 12.932 26.2838
2.51803e-50 -2.56202e-50 0
1.2887e-42 1.36964e-42 0
-2.57042 31.7969 -3.03762
-4.34082e-42 -1.87699e-40 0
3.38022e-42 -4.08531e-42 0
-1.58383e-42 1.24477e-42 0
9.69044e-17 -2.36247e-16 0
17.6375 -34.2832 -10.6413
3.89529e-51 1.42835e-51 0
9.40435e-52 -4.21166e-52 0
-7.93389e-45 -6.34779e-44 0
2.53807e-51 -5.6413e-51 0
13.2128 -12.4863 -12.3951
-5.38473e-48 3.41312e-47 0
-2.68305e-41 -2.4611e-41 0
-4.50302e-51 -3.69108e-51 0
7.01395 49.2076 -5.47815
0.818292 28.4042 11.001
6.51069e-06 -1.10367e-05 0
-9.1727 8.29387 -1.77486
31.6816 25.7907 -5.90379
3.84651 36.3023 6.93434
38.2855 29.8792 -8.39438
44.1367 56.3246 0.655816
1.50397 24.0069 -11.4456
2.95764e-32 3.16784e-32 0
-20.1964 3.54055 10.1985
-1.64651e-36 -4.10095e-41 0
3.09483e-27 4.78849e-26 0
1.42858e-27 2.21352e-26 0
-2.54392e-43 -3.81686e-43 0
-2.23001e-32 -2.21157e-32 0
-38.6193 4.16877 -9.759
-17.8169 -46.1933 -9.99377
-5.54364e-39 6.87727e-39 0
7.66408e-27 1.18583e-25 0
-1.10335e-48 -4.82306e-47 0
-4.94088e-11 1.27291e-10 0
-12.6648 -18.0738 1.74551
6.42578e-46 -1.11257e-46 0
5.31489e-30 -3.7847e-30 0
4.54464e-42 -3.04012e-42 0
-0.969226 0.681562 -9.67588
3.14142e-30 -5.68226e-31 0
22.4215 50.7627 4.52336
-6.81461e-35 -2.94666e-33 0
26.9889 2.76455 19.4959
4.24236e-46 1.79484e-46 0
12.7254 13.0852 30.0478
-16.0392 12.113 0.776178
-7.02996e-47 -2.75128e-47 0
3.02905e-12 6.21859e-12 0
1.3828e-19 2.1562e-19 0
-2.93954e-49 2.19493e-49 0
-1.90327e-49 -1.45906e-49 0
-23.8409 -12.9213 -10.1894
-6.29e-27 -6.01658e-27 0
8.48426e-35 9.08678e-35 0
1.29107e-20 1.93368e-20 0
-19.2497 3.503 10.572
-1.07389e-36 5.28441e-41 0
-3.56713e-45 -2.32879e-46 0
43.9514 28.4872 -0.355871
3.12515e-50 -2.5344e-50 0
17.8736 17.7455 -9.81374
-1.89561e-19 4.35876e-20 0
8.11873 40.0993 2.66012
5.51959e-51 4.76758e-50 0
-1.69052e-19 -1.3873e-20 0
1.95064e-23 3.01814e-22 0
9.80635e-41 1.05033e-40 0
-6.2897 -15.7293 4.57363
54.204 36.7985 -2.44862
-16.5137 -13.2195 1.73098
2.75881e-25 -1.41135e-25 0
3.92032e-39 -1.09102e-39 0
1.42248e-30 2.20093e-29 0
14.3614 -19.7054 27.1665
12.2945 -8.47173 -4.02759
-10.7346 -6.45443 -3.17125
-14.2588 -13.8501 1.78629
7.34883 -70.6588 -2.83725
13.4225 -24.7386 -11.7038
4.49172e-47 -1.47063e-47 0
3.32823e-34 -2.70411e-33 0
63.787 50.3239 19.0082
-48.2941 -73.3367 23.2284
3.37243e-27 5.21941e-26 0
-1.4601e-46 -6.42242e-45 0
-3.1626 29.4775 2.13225
1.37305e-32 1.47063e-32 0
-40.2307 26.3943 20.7899
-20.1251 -0.879634 11.4729
-1.64647e-36 1.49692e-40 0
5.20192 27.7991 20.6359
-36.7109 -0.467552 2.44922
-7.29818e-33 -7.50267e-32 0
3.24527e-51 -6.6204e-50 0
3.63816e-29 5.62915e-28 0
-7.17365 -13.6069 -4.05021
-6.20441e-41 -3.34376e-41 0
-16.2331 -2.39531 1.04316
3.00686e-27 4.65238e-26 0
-1.02351e-50 9.78914e-51 0
2.16404e-51 3.15007e-50 0
8.6446e-29 5.09828e-29 0
-7.14382 1.9228 -4.56195
4.43099e-45 5.40241e-44 0
-2.38104e-38 -1.90523e-37 0
4.20801e-36 -8.66298e-37 0
2.18393e-50 1.28405e-49 0
-1.33518e-37 1.24869e-37 0
-17.6668 -10.6059 2.59937
-1.49418e-35 -3.19707e-34 0
-36.8689 -40.5489 -11.949
-19.0454 -13.0222 -0.971564
-8.18513 -29.4456 23.6095
31.7921 20.3771 -7.34663
27.8691 -6.09325 15.9501
3.45032 84.8712 4.96516
48.9264 7.20809 -3.32496
8.74012e-41 7.52488e-41 0
0.230611 22.1375 -4.07164
12.9013 37.5468 47.0576
5.2896e-52 -9.63168e-51 0
6.63497e-52 -8.15612e-53 0
-1.21041e-33 -1.04337e-32 0
9.21171e-47 -3.07913e-46 0
-5.67131e-19 1.4662e-18 0
1.98348e-51 -2.31431e-51 0
-3.00704e-34 -2.28881e-33 0
5.51907e-49 7.89858e-49 0
12.6895 38.9333 16.3321
-7.65517e-25 3.24709e-23 0
8.39501 43.0299 27.7621
-4.09719e-38 -3.27843e-37 0
2.08451e-05 -22.8706 27.1215
0.22873 -27.9205 -11.8401
-1.03769e-47 6.81184e-48 0
6.50669e-49 -6.26658e-48 0
-4.05265e-31 8.96767e-30 0
-8.90286 -52.5972 20.6952
-3.79256e-28 4.69502e-25 0
-1.25867 -9.81 62.6588
-21.2732 -21.3818 44.7263
-2.10522e-17 -8.32681e-18 0
0.000210665 -0.000120367 4.83267
3.35331e-06 -1.46703e-05 26.2246
0.000178537 -0.00014938 5.72438
-5.92339 -2.28535 -9.32269
2.04035e-21 -2.07603e-21 0
-4.44592e-08 9.66291e-08 0
2.07518e-12 1.76896e-12 0
2.37072e-32 1.55976e-32 0
-1.41178e-46 1.10954e-46 0
-2.5389 30.3302 10.887
32.7878 -12.868 50.2386
2.81006 -43.2473 -9.06289
3.08739 25.8862 2.32539
-1.33642 30.2741 -13.5303
-1.44321e-19 9.61099e-22 0
8.05075e-25 3.01549e-24 0
1.29339e-49 4.92433e-49 0
-5.20836e-19 -7.03128e-19 0
-2.31713e-13 7.0395e-12 0
16.2456 6.06292 15.0704
6.97911 14.7816 -1.89482
-16.9994 -2.83574 31.1851
1.49553e-44 -4.9954e-45 0
3.5517 -19.1854 10.2307
-2.32122e-11 -1.25938e-09 0
2.43305e-30 1.00957e-28 0
1.96829e-46 8.1919e-47 0
17.7127 1.04809 27.4683
-6.06432e-51 3.97033e-51 0
-6.11559e-10 -1.14563e-09 0
114.429 -14.1784 38.0658
3.02018e-48 1.17946e-49 0
-1.77846e-49 -1.78955e-48 0
5.28876e-07 -1.89392e-07 4.83833
3.16606e-06 3.15726e-09 26.2436
2.0308e-05 -7.32304e-07 5.74106
8.16499 -9.31014 -11.1104
0.00184959 -0.000903825 0
6.49633 -1.92 -4.59831
1.43076 1.11824 -10.0344
6.12546 6.04005 -7.45029
-12.0271 -13.7729 -11.4896
-5.70784e-20 -4.72162e-19 0
-17.5423 3.10543 17.5288
2.66679e-31 4.1262e-30 0
3.35425 21.6918 5.04081
-1.55739 12.4466 3.9719
-3.66519 2.54486 -11.0358
2.05804e-14 6.23851e-14 0
-3.61475e-32 6.66391e-30 0
1.97358e-39 8.44121e-39 0
47.5352 -19.7444 -10.8814
7.2962e-49 5.59574e-48 0
-9.37335e-28 -8.07977e-27 0
56.4523 -32.6149 12.1577
20.0076 26.9262 7.93914
3.50131 -19.3104 10.5532
1.94954 -2.91184 0.278096
-2.72984e-42 -3.05005e-40 0
-3.22129e-31 7.12804e-30 0
10.857 26.0286 -4.67534
-3.10723 0.163999 -11.5797
-4.62986 -19.1121 -2.78013
-0.181721 3.70702 -1.04684
-0.227746 -0.524032 0
-15.8759 15.408 -10.2976
7.31235e-05 -3.013e-06 4.83265
3.90705e-05 7.61685e-06 26.2248
0.000188997 3.91642e-05 5.72443
7.21889e-42 1.64287e-41 0
-2.9059e-38 -2.3252e-37 0
1.61127e-42 1.71815e-42 0
-9.61188 -8.79882 -8.75008
20.9003 0.627518 5.88816
36.5179 -51.1867 10.6489
-1.70999 -29.8583 2.90765
6.94873e-51 1.64785e-51 0
-6.73619 21.6402 -1.43976
1.89665e-05 27.769 24.8966
-0.226519 27.9224 -11.8467
-1.45896e-49 -5.92111e-48 0
-8.12276e-44 -6.23638e-43 0
-3.73453e-26 -2.1667e-26 0
1.69847e-41 -1.82646e-40 0
-4.40165e-45 -1.26876e-45 0
11.4145 -0.28952 -8.85261
-267.172 -113.786 116.952
-32.3341 -12.8938 8.05567
-3.68366e-38 8.15118e-37 0
-4.43834e-51 7.63219e-51 0
1.3263e-50 9.96039e-50 0
2.71866e-49 1.43486e-49 0
-4.48018e-46 -6.51462e-46 0
-3.09346e-05 -5.49724e-06 0
2.01713e-49 8.10811e-50 0
-10.796 -27.5108 17.0706
-6.49225e-10 -2.85992e-10 0
2.6517e-07 -2.20643e-07 0
-1.24169e-43 -5.3699e-42 0
1.94293e-36 2.08054e-36 0
-36.9192 -30.4232 -10.3086
-2.70736 23.201 1.23506
-9.39115e-38 -4.06076e-36 0
2.30523e-49 -5.19371e-49 0
7.24194e-46 -6.64924e-46 0
-0.00828647 18.2009 98.0605
-7.43822 -18.571 8.80287
-1.34991 24.0825 -0.0832193
8.60248e-50 -2.11308e-49 0
1.0629e-42 1.13414e-42 0
5.85165e-49 -5.77931e-49 0
1.03553e-50 -7.85139e-51 0
-1.21852e-50 3.28642e-50 0
-1.91958e-49 -1.87867e-49 0
2.10556e-17 -7.13497e-16 0
3.1548e-44 -1.62874e-45 0
2.19218e-52 -1.00191e-51 0
35.9054 -10.5605 9.74219
47.7767 -0.771711 -0.44028
5.30753e-41 5.68472e-41 0
5.77365 4.70065 -7.30719
7.84553 -31.0884 1.92029
-32.2215 21.115 3.86165
29.3996 -0.35684 -12.9555
-15.1153 10.287 -3.49988
-8.84381e-38 5.92453e-39 0
-45.9155 46.1411 19.0648
6.00347e-50 -1.57432e-50 0
53.6132 14.6504 16.5
-7.30172e-33 1.17341e-32 0
1.20102e-27 -2.18931e-28 0
0.155867 -0.107973 0
5.52386e-46 6.08309e-46 0
25.1715 82.4928 -12.3165
18.5168 -76.5211 -13.0577
-24.4118 12.2538 29.4754
1.02306e-26 1.58294e-25 0
-2.94125e-27 -7.04212e-28 0
-4.95095e-08 5.02895e-08 0
9.91763e-36 1.13661e-35 0
-1.65688e-44 -7.1644e-43 0
-2.84071e-31 6.2859e-30 0
-5.46458e-35 -1.5806e-35 0
1.40461e-42 1.49501e-42 0
1.02848e-50 -5.9135e-51 0
-47.1647 36.4479 24.3922
-2.96439e-49 1.0657e-49 0
1.28598e-42 1.37352e-42 0
-8.85491 1.12848 -13.2362
-1.61721e-15 4.80396e-15 0
-2.84883e-41 -1.23184e-39 0
-3.24421e-50 4.90531e-50 0
-34.4357 10.1063 1.35516
-1.26722e-48 -5.48743e-47 0
-4.71508e-35 1.04335e-33 0
-19.0553 19.0562 11.9881
24.9516 0.241435 -8.96775
1.02427 -30.8124 2.61835
4.42039 -40.4587 -12.3583
1.05714e-34 1.13219e-34 0
2.12138e-49 -4.13244e-48 0
1.26286e-44 -3.81463e-45 0
18.0901 1.36819 11.8956
27.025 24.5011 7.8797
-64.6032 49.2797 17.308
1.91169e-29 1.00513e-29 0
42.6097 43.0978 29.2844
-58.7388 -11.7118 25.2012
-32.9303 26.174 10.206
-3.39115e-46 -2.71367e-45 0
-11.7125 -13.0255 8.05307
-51.2108 10.0311 -9.77725
2.94036e-20 5.41927e-20 0
7.93986e-41 1.5108e-41 0
7.51004e-42 5.83003e-41 0
-44.6411 -33.1814 -5.37016
4.14381e-43 7.59198e-44 0
-49.1951 40.0017 31.0102
-28.7056 21.002 -0.571209
146.245 -39.2726 44.731
7.08951e-31 1.09692e-29 0
-5.56329e-30 -6.32916e-31 0
7.1094 -70.1368 20.4637
-0.280706 -40.7842 20.6524
0.891619 -20.6083 0
-2.96761e-41 -2.36011e-40 0
2.16873e-44 6.6287e-44 0
9.2262e-43 9.86147e-43 0
-34.0365 -1.61188 10.7162
1.47959e-06 4.98868e-08 0
35.0822 42.6146 135.562
2.0308e-39 1.74843e-39 0
6.4351e-51 2.33341e-50 0
-5.08472e-39 -9.24293e-38 0
1.79188e-44 -5.71964e-45 0
-0.134957 -13.1211 11.2476
-1.07731 -14.2368 4.35823
-1.07839 50.4572 16.9049
2.43124e-33 3.76174e-32 0
8.97216e-46 7.26392e-46 0
1.86236e-50 3.81228e-51 0
-21.8575 -11.4884 1.37893
9.76394e-44 -2.32602e-42 0
18.307 20.9853 0.543017
37.4485 11.2122 -5.23737
3.70047e-49 3.88887e-48 0
-9.70581 25.2741 55.2186
-3.44458 0.380212 -11.4275
1.83142e-49 -3.86766e-49 0
6.9968e-36 2.15224e-36 0
-2.22406e-44 2.04266e-44 0
-19.192 16.9511 8.55187
8.81394e-38 9.38003e-38 0
-4.79733e-30 7.21771e-30 0
-0.210658 0.392047 0
1.26653e-34 1.09043e-34 0
-3.87315e-18 -4.47664e-18 0
10.3011 39.5868 5.45242
-5.01239 -6.06055 -10.7702
31.7543 32.8662 11.9825
5.1818e-44 5.54176e-44 0
5.23204e-41 -6.41102e-41 0
-3.99078e-48 -2.96941e-47 0
8.64083e-35 9.25426e-35 0
-3.20205e-41 -1.38458e-39 0
1.86235e-36 2.04264e-36 0
6.76509e-32 7.24587e-32 0
4.06808e-44 -1.00102e-43 0
3.58529e-41 3.83621e-41 0
-20.7516 -19.2728 -1.98683
-4.77762e-19 3.77276e-19 0
-4.32461e-40 -3.45758e-39 0
-3.52724 15.4604 24.6574
-12.636 40.5476 2.23771
-6.85531 15.5302 -3.56706
1.5412e-32 -1.73188e-32 0
-1.63652e-42 7.31281e-42 0
86.9404 -49.4728 16.7294
1.13747e-39 1.21763e-39 0
31.1418 21.5349 -11.3424
-3.47637 -45.8047 6.87908
-11.2751 17.5266 21.5167
0.00504632 -1.09887e-05 0
-21.209 3.48455 10.0384
-1.64662e-36 -3.59019e-41 0
-15.3844 -25.4466 -9.22698
-2.30682e-40 3.10104e-41 0
6.71352e-28 1.04286e-26 0
3.82737e-51 2.0794e-51 0
-7.79398e-07 1.64025e-08 0
-39.7962 2.76895 3.33589
7.08596e-11 1.27527e-10 0
40.6422 65.6937 18.0863
8.84366e-24 1.36834e-22 0
202.633 -121.289 10.1358
-1.41805e-33 -1.13468e-32 0
9.96125e-53 -1.80322e-51 0
1.12145e-52 -4.11796e-52 0
6.1959e-20 2.33305e-20 0
-8.42881e-14 -1.13727e-13 0
-100.193 70.6482 109.104
5.00579e-36 5.36058e-36 0
1.03536e-46 -7.06574e-46 0
-4.53485e-27 3.68076e-27 0
-12.2866 8.35366 21.1739
-36.2535 49.5554 58.1498
-15.2894 17.8087 -1.95225
-3.09631e-30 4.22237e-30 0
1.07134e-15 -5.37029e-16 0
-7.04463e-41 -3.04612e-39 0
2.10256e-17 5.88231e-17 0
4.16409e-49 9.11448e-49 0
-1.04425e-37 -8.98824e-37 0
13.1942 15.2752 -5.78219
1.4828 4.88517 25.5169
7.74881e-29 2.59661e-30 0
-20.2387 3.44719 10.4172
-1.64671e-36 6.42533e-41 0
-1.42142e-38 -3.68445e-40 0
-2.25141e-16 6.0868e-17 0
3.19757e-37 3.50449e-36 0
4.96887e-27 5.64996e-27 0
1.60734e-43 -3.66336e-45 0
2.36047e-47 9.19614e-48 0
-3.43212e-35 -2.47007e-35 0
-15.1926 -21.8492 15.245
-4.18209 5.9005 6.93538
11.503 -62.796 16.7573
-5.52458 -22.0823 1.10419
-5.99138e-44 5.5027e-44 0
-7.97997 -9.96376 -3.8563
-9.93189 -22.1969 -2.79414
1.06416e-46 9.46758e-47 0
2.74449e-11 4.69977e-12 0
1.32909e-18 2.62223e-19 0
-25.1539 -20.9712 20.0117
-123.318 -5.78832 59.1888
-2.32035e-34 -1.00333e-32 0
-14.8592 -14.8836 30.7809
12.669 -4.61238 -5.86542
19.7516 52.7129 22.5302
4.42025e-10 -2.56294e-10 0
2.07687e-47 6.36114e-47 0
0.00831178 -0.00446379 0
6.68506e-48 3.88819e-49 0
7.68961e-33 -1.28747e-33 0
14.6806 -61.1221 -6.52278
-1.73808e-41 -1.3907e-40 0
3.02019e-43 2.22017e-44 0
-21.1849 -0.872656 11.2967
-1.64655e-36 1.3418e-40 0
-10.7479 -23.9756 -9.89532
-39.0323 5.9713 -13.2986
-36.376 -53.0236 -1.64327
-20.4282 -13.9716 -0.313784
-3.49447 3.8819 13.5039
3.88477e-47 -9.72031e-48 0
-2.08595e-14 -9.12786e-15 0
47.2687 48.7739 40.6625
2.13029e-23 3.29609e-22 0
9.32483e-36 1.2487e-35 0
-52.7654 20.4781 5.75822
2.37793e-36 5.20583e-36 0
1.71656e-47 1.00078e-46 0
3.04145e-37 2.61855e-37 0
-1.02721e-50 -1.36227e-51 0
9.70592e-36 1.03951e-35 0
8.77946e-48 3.05142e-48 0
-23.3338 3.46798 -10.8911
-8.03114e-20 -1.72674e-19 0
-71.4545 42.8539 0.0663715
-9.46362e-05 -9.73024e-05 0
-5.48315e-51 -5.73081e-51 0
5.81454e-39 6.22662e-39 0
-5.44395e-43 2.90013e-41 0
0.000384972 0.00113471 0
-10.6367 25.0619 37.3723
1.95808e-31 2.09724e-31 0
6.77402e-42 1.02003e-41 0
4.04593e-28 6.26008e-27 0
-29.7159 -3.98069 -2.33302
6.24864e-52 -2.70835e-51 0
1.60692e-39 1.71856e-39 0
-8.05258e-33 -6.94128e-32 0
-6.97528e-34 -5.58142e-33 0
-37.4151 -13.6558 15.48
-1.83421e-39 -7.25501e-38 0
1.97385 -12.7935 -6.02172
2.88155e-49 1.47577e-49 0
-1.40952e-48 -4.09962e-47 0
-0.122589 -3.02862 -11.0414
2.21817e-36 1.80652e-35 0
-1.42759e-38 -6.15017e-37 0
0.0001913 -27.6298 23.9262
0.000324804 -27.8874 -12.5013
2.00856e-39 2.15131e-39 0
-1.1415e-48 -5.21289e-47 0
6.48871e-51 -5.87635e-51 0
-3.12452e-46 -2.65959e-46 0
4.10189e-44 -3.12312e-44 0
-2.98036 -22.5011 -8.56633
-1.2224e-45 -5.30042e-44 0
3.07179e-43 -8.54421e-44 0
4.89017e-05 -2.78753e-05 4.83173
3.94634e-05 -2.07931e-05 26.1221
0.000111907 -4.43334e-05 5.63472
-21.7152 -2.33893 -8.01329
-1.59687e-36 -1.97717e-37 0
-18.7992 8.51383 7.5145
2.86393e-35 2.75642e-36 0
-1.98644e-38 4.04595e-38 0
1.42311e-50 6.0424e-51 0
-3.36981 10.2522 -2.54164
2.59543e-47 2.04318e-46 0
-1.26126e-48 9.78701e-48 0
-1.03394 30.6447 0.940778
8.89168e-41 1.64557e-36 0
1.11012e-46 1.53427e-46 0
51.46 1.54858 -7.98786
-6.54898 -5.54957 -3.3791
-7.02525e-09 9.91031e-09 0
-4.64394e-48 -7.50734e-49 0
-14.0938 27.9031 -4.51302
-2.00797e-06 -5.62457e-06 0
-1.11643e-35 -1.42564e-34 0
1.02035e-41 8.78526e-42 0
-0.786976 -24.3512 10.2482
-3.01698e-05 -0.00179988 0
-6.05589e-15 3.55153e-15 0
-1.85662 -36.0325 0.686988
-0.000866783 0.00180758 0
2.00624e-41 -2.42473e-41 0
-11.3215 6.74813 -8.53678
4.14979e-50 -3.60323e-50 0
-2.26318e-37 -9.78606e-36 0
-1.07869e-41 -4.6643e-40 0
2.54456e-05 -2.86093e-07 4.83317
3.66816e-05 -7.41753e-09 26.1446
0.000156099 -4.05131e-07 5.65434
2.94883 -9.89581 4.18105
-3.22211e-40 -2.57512e-39 0
-10.4495 -4.89644 -8.48398
-47.5839 12.4042 17.431
-13.1947 -2.23297 18.0465
43.7935 -33.5045 3.97071
8.6437 -7.90671 14.516
2.04649 -2.35779 -4.15493
-2.58182e-48 -1.11666e-46 0
-1.49583 15.9838 10.2033
-1.51186 12.6681 3.39854
-5.84468e-30 1.32033e-29 0
-20.0945 1.14282 2.88506
-5.57672e-49 -3.95885e-48 0
-2.59598e-42 2.57766e-42 0
-16.1752 30.0726 0.435017
-1.1451e-44 -1.41722e-43 0
1.14062e-44 1.09399e-43 0
3.9001e-36 6.03088e-35 0
5.38331e-43 9.90726e-42 0
-0.793671 -24.4731 10.6297
0.265041 -3.56576 0.602256
-17.1941 -12.9535 -9.25035
2.07762e-32 1.78874e-32 0
-31.1898 10.0994 -12.326
5.90879e-43 1.08257e-43 0
-9.30212e-45 -3.86266e-43 0
-2.03838e-47 -1.49236e-46 0
5.31257 -42.8861 -11.0796
4.45147e-27 6.88755e-26 0
0.000238477 -2.17382e-06 4.83203
7.51905e-05 1.36899e-05 26.1223
0.000380257 4.17101e-05 5.63512
-3.29361 4.34615 1.16189
2.09061e-46 -2.34509e-45 0
-12.1436 -10.8525 -1.27842
2.79124e-32 4.31874e-31 0
-12.1901 7.77668 -9.23576
-2.76262e-32 3.05572e-32 0
-2.63968 -15.0535 -0.248613
1.74316e-31 1.86704e-31 0
-5.69947e-34 1.42334e-32 0
0.000190959 32.0781 21.2607
-0.231934 27.6762 -11.4395
-1.64609e-42 -1.56642e-42 0
-3.94248e-12 -9.33228e-12 0
-2.80271e-50 -9.37514e-51 0
-5.58622e-48 -8.5062e-48 0
6.59316e-30 3.80432e-30 0
-7.01102 -29.5886 -5.96041
-16.7266 9.15921 -3.47393
2.04109e-26 3.15808e-25 0
-4.58712e-42 1.01503e-40 0
12.2221 53.9115 24.2695
-1.89115e-50 3.80257e-49 0
-1.3952e-13 2.54114e-13 0
-24.6757 1.30247 10.2986
4.08994e-33 6.32817e-32 0
-4.93454e-36 -1.42237e-36 0
6.38519e-11 -1.72067e-11 0
4.2245 -51.7043 2.10156
-1.50404 -0.883699 -3.50416
1.23349e-41 -3.43265e-42 0
9.35047e-27 1.44675e-25 0
-63.2653 15.1547 -8.82669
24.4142 23.1597 -8.79819
-1.76612e-50 -7.77927e-49 0
-12.3818 6.51767 -3.55379
-6.63411e-43 -2.86878e-41 0
0.0262646 -0.260827 0
-6.86002e-48 -1.81379e-47 0
-6.86512e-45 -9.75026e-44 0
-4.0479e-42 -3.68045e-41 0
-9.70019e-39 -4.12765e-37 0
1.39689e-44 1.28042e-44 0
36.7299 -31.8397 39.385
1.5872e-23 2.4558e-22 0
3.27886e-50 1.07256e-49 0
2.76712e-50 -3.32199e-50 0
24.7283 -30.6537 0.171137
-6.00506 -8.35051 27.8147
5.63977 -15.8439 -8.31521
53.6512 24.3305 -7.51625
1.10119e-27 1.70376e-26 0
-18.1407 -37.4088 -12.5057
33.7814 7.28673 -8.29299
32.0945 -1.05121e-05 21.2483
28.0751 0.000270496 -10.5717
-6.79167e-43 7.72443e-44 0
0.284609 -0.622492 5.11294
33.9505 16.5972 -3.37114
1.51855e-25 9.01816e-26 0
-4.48743 -8.82507 9.05315
7.26874 2.8787 -10.4409
8.4877e-27 1.31316e-25 0
-23.2648 17.1455 -12.2392
8.60687e-32 9.21854e-32 0
4.83909e-53 9.86868e-53 0
-38.3458 46.4717 -11.1213
-35.9397 27.3066 -11.1267
5.50887e-42 -1.16582e-42 0
-1.56096 -0.169896 0
-27.5139 16.0148 -1.43005
10.8033 -56.5092 -10.5265
-10.9735 -10.4665 -1.54483
1.30389e-39 -3.62869e-40 0
-3.90522e-38 -2.81052e-38 0
15.2402 -27.3174 4.21414
5.64841e-50 -6.20457e-50 0
-52.8785 81.6223 7.60487
-2.04621e-37 9.7176e-37 0
-6.4113e-40 2.28755e-40 0
1.13011e-50 -2.59254e-51 0
39.0952 -38.5886 -8.90865
-18.1418 7.91477 -12.8995
-7.83555e-42 1.86637e-41 0
2.7332e-31 2.07824e-30 0
6.29837e-46 3.55978e-46 0
-1.07865e-41 -8.63098e-41 0
32.0684 2.10528e-06 21.2729
28.0816 0.0021616 -10.5901
-1.57375e-46 -5.47116e-48 0
-2.47916e-41 -1.97671e-40 0
3.95225e-51 -6.53077e-51 0
-10.4782 -1.33103 0.587789
35.1831 -14.3601 27.3003
-12.7438 -10.351 -9.75629
3.60498e-49 5.78266e-49 0
-26.8038 34.1216 25.3741
-20.0601 -2.2489 1.45033
2.85063e-50 3.76408e-50 0
-1.34715e-23 2.54726e-23 0
-2.94704e-09 -1.94771e-09 0
6.78535e-50 4.19467e-50 0
9.54656e-43 1.01652e-42 0
-27.9767 -13.4721 -7.01215
-14.1664 -11.0178 7.69899
4.15871e-22 8.44522e-21 0
-45.3893 7.2991 37.9721
-29.862 9.80036 5.02831
3.26339e-31 3.49532e-31 0
-4.11955e-38 -1.78131e-36 0
-2.38256e-40 -1.88341e-39 0
-31.9622 6.52379 -8.28524
-5.98864e-47 8.02996e-49 0
2.89657e-32 3.10242e-32 0
-4.24101e-46 -1.7439e-45 0
-20.8814 -40.4479 -8.71512
8.18774e-30 1.13152e-29 0
-7.28392e-09 -1.14315e-08 0
41.0329 29.324 -5.30121
-1.17045e-30 -9.36554e-30 0
32.0945 1.23083e-05 21.2483
28.0812 0.0040752 -10.5952
-1.02995e-42 -1.7071e-43 0
5.89403 -36.745 2.13487
7.40086e-19 -1.26178e-18 0
-1.5026e-44 3.0528e-44 0
-1.20608e-37 -9.65064e-37 0
3.73337e-34 5.78827e-33 0
-1.54087e-45 2.48417e-45 0
-1.70563e-47 1.39952e-47 0
2.41333e-34 3.734e-33 0
-1.38e-50 1.99003e-50 0
3.76454e-39 3.24152e-39 0
28.3545 32.8473 -3.30609
3.49401e-47 3.32795e-47 0
3.23879e-48 -4.97061e-49 0
3.89368e-52 -9.29349e-53 0
9.24837 7.68886 15.2601
2.93749 20.4738 -9.70254
59.1954 7.64062 -10.3307
-7.24737 4.84361 -10.1501
3.93233e-40 4.2083e-40 0
-3.11801e-34 2.53312e-34 0
25.011 -22.515 -8.67362
-11.3439 -26.2544 -2.70888
-5.18905e-52 4.76615e-50 0
-2.83893e-11 -5.95612e-11 0
1.70195e-35 1.8229e-35 0
-3.55547e-49 -5.14193e-49 0
2.11865e-47 -1.95124e-48 0
1.48699e-32 2.30075e-31 0
-3.76804e-41 -1.62931e-39 0
