# vtk DataFile Version 3.0
water particles
ASCII
DATASET POLYDATA
POINTS 2541 float
-2.03058 -1.07991 0
2.04732 -2.80668 0
-90.1937 79.8513 0
0.504888 1.49034 0
-17.5786 -4.40805 0
-42.9984 -139.485 97.4611
41.7235 38.5579 0
152.923 -138.208 0
5.15466 -58.5385 0
14.3479 3.18432 0
-12.7866 -23.5428 0
-3.04084 -121.236 0
-70.5182 -164.615 179.871
-0.248751 -2.30689 0
19.5803 8.83124 0
-6.49168 -6.22638 0
16.8203 23.3791 0
-5.33225 18.0735 0
-211.373 -252.493 249.199
146.479 -84.1761 201.174
3.21839 -1.12818 0
66.7012 -32.3055 0
3.71343 88.8093 0
-157.967 -0.300048 127.278
-94.2245 -0.313372 0
17.1531 28.1192 0
0.212703 1.22659 0
-86.4604 -43.8999 0
-116.722 -64.2335 0
-222.287 186.984 227.125
1.25307 153.678 33.6402
-285.597 129.004 47.4505
-65.5991 -51.088 0
-0.195664 1.49647 0
-2.58826 -4.2261 0
8.22046 -70.2883 0
131.545 22.9984 0
54.4328 73.3859 0
31.3583 -2.4673 0
1.86033 25.5184 0
18.8088 6.48051 0
-0.468553 1.58001 0
102.903 232 437.139
-2.56312 0.909979 0
-203.751 -18.7784 0
-4.37057 1.80064 0
4.42663 4.68923 0
-3.58855 -7.01801 0
-5.23337 -6.57562 0
-18.4025 -28.3886 0
-7.04204 -1.11562 0
92.161 14.3927 0
168.355 -73.1682 0
-97.0462 -85.5844 0
-2.48184 -3.84299 0
-2.3849 0.92505 0
-157.801 2.43586e-05 127.403
-94.2271 -0.00672127 0
-14.7739 -28.039 0
-35.0967 29.7755 0
12.5427 -5.06107 0
7.05538 -1.87128 0
14.7617 -34.9008 0
29.2067 -57.7519 0
145.566 -95.9717 159.105
3.38578 2.88597 0
-48.392 20.2465 0
-1.3927 -5.96343 0
-2.54232 -1.53324 0
-3.13393 6.97838 0
0.801377 19.6293 0
142.084 162.751 0
-10.3038 3.87986 0
8.86139 50.6358 0
69.3068 5.62239 0
-213.887 -14.1039 0
9.44396 -35.4516 0
0.393883 1.7884 0
-73.9473 484.246 13.8159
0.502913 1.90864 0
40.4203 8.37878 0
-33.8097 21.9824 0
2.25956 -5.1136 0
-3.70548 -8.58064 0
0.111063 1.2987 0
-0.205605 -3.3131 0
51.606 -226.726 0
-2.56101 2.37464 0
-0.689761 -1.98985 0
-157.967 0.300068 127.278
-94.2064 0.299676 0
-52.86 17.3409 0
-273.681 59.1746 0
-1.70981 2.65476 0
39.1002 -49.7401 0
30.9445 -1.01344 0
22.3577 26.0072 0
-154.13 -22.5902 0
32.2072 56.2637 0
-0.561205 3.65332 0
-45.6868 236.232 149.881
-2.65862 -0.58079 0
40.7656 -32.0601 0
-8.02697 7.14273 0
53.5424 -86.6111 0
6.3673 -6.61419 0
-33.7454 94.2118 0
170.428 -1.18852 275.925
72.7274 11.7603 0
86.0405 68.639 102.238
-2.32708 0.395731 0
3.24127 4.73973 0
-87.4155 -81.5223 0
-2.3459 0.576754 0
-26.329 59.1773 0
96.6785 -149.569 0
33.5681 -28.6532 0
4.05899 -30.7457 0
73.6097 366.145 216.843
0.0818673 -3.11213 0
-1.42641 3.61873 0
-0.711523 -4.35616 0
-1.01902 -1.81484 0
-0.988673 -17.7738 0
-2.1592 -4.58467 0
150.411 -64.823 163.538
-0.983685 -1.27308 0
8.9964 -39.4654 5.95869
5.29206 12.6779 0
-2.9711 -0.0855074 0
25.9049 75.9379 0
-2.30247 -2.83817 0
0.25536 2.75369 0
-0.901472 -157.264 127.335
-0.172047 -87.8069 0
-30.9433 -49.5815 0
86.7766 89.5257 0
9.03373 -12.4124 0
-17.8542 63.815 0
125.36 -182.961 0
-69.5203 6.1059 0
24.7477 -323.47 71.0423
113.744 -30.9534 0
-0.900058 -0.300446 20.0466
-0.900224 -0.300118 140.499
-0.900962 -0.300705 24.2551
46.3681 23.6325 0
9.09698 1.13498 0
65.4573 63.8068 47.6674
-18.318 11.028 0
205.782 192.886 203.422
1.6541 1.74894 0
49.6454 153.428 259.674
0.275179 1.34701 0
-113.218 71.8139 0
14.6436 168.398 0
-0.900965 24.6826 0
31.4581 2.30837 0
-3.73194 0.411237 0
129.919 -55.1461 5.99949
0.510997 -1.65549 0
3.27793 5.15332 0
-39.2782 -88.5414 0
-138.019 180.946 0
92.7882 -118.283 65.6469
115.175 -155.483 119.366
17.5629 -137.994 43.9872
-1.76864 -53.1532 0
6.97175 11.9859 0
-860.612 -285.44 254.561
10.8773 1.40794 0
12.0337 -99.5167 0
14.3168 -35.0923 0
2.25904 4.61966 0
-4.8217 -1.43727 0
-1.66141 -151.85 22.8356
-0.90003 6.66127e-05 20.0534
-0.900208 1.87117e-12 140.627
-0.904111 0.000641154 24.3661
-2.87098 0.0650593 0
13.683 -17.5619 0
31.6537 2.93827 0
27.2971 9.59019 0
50.4625 14.7876 303.399
-4.22124 -19.1408 0
94.0898 15.7577 40.4756
117.058 2.78269 72.0589
8.87552 -61.375 0
34.1541 76.6786 47.7508
-0.90379 78.7809 10.6632
-4.8499 -16.3063 0
11.2783 15.211 0
-57.3651 41.685 0
17.7179 125.482 0
-2.00942 2.2764 0
-1.74759 1.68249 0
-2.24822 0.608149 0
-8.39953 -42.8863 0
-8.89523 123.084 0
17.4251 -138.13 45.1819
7.45418 -18.7007 0
45.5187 118.827 0
2.50887 -18.9785 0
133.71 28.394 155.719
-112.302 -75.9652 159.653
46.0514 -71.6058 0
0.960325 3.46219 0
115.71 267.073 37.7728
-0.467011 0.160318 0
-0.900186 0.300225 20.0472
-0.900224 0.300118 140.499
-0.906544 0.300677 24.2568
-47.548 -113.076 77.5502
7.15668 8.53426 0
49.7012 -106.447 15.96
0.171358 0.4501 0
32.7037 -87.0095 0
23.8275 -15.6574 0
36.2742 -37.2861 0
-1.21109 -3.06564 0
-1.72938 1.9301 0
-0.901069 182.484 112.22
-0.900675 82.696 0
17.7864 20.3824 0
-8.31894 -31.1594 0
62.0523 151.377 14.7453
-4.17509 -13.9382 0
77.2699 119.754 55.5508
54.298 77.6606 0
6.69964 1.18642 0
247.885 319.792 55.1785
-0.90373 3.41546 0
-75.5328 -462.778 386.071
-2.00433 3.04032 0
94.7947 -174.628 81.7481
97.9564 -56.0849 136.732
0.828487 2.07942 0
307.092 -25.0987 192.802
310.672 108.278 69.921
2.05109 -3.12952 0
1.4124 -24.8661 0
0.135999 2.14556 0
-40.3617 -77.6413 0
-0.991791 -10.0404 0
-249.787 149.08 0
-1.24292 -1.22018 0
87.2435 60.6521 0
-2.72419 -1.15633 0
-28.828 -16.3282 0
-227.837 -5.59776 0
23.2918 -9.35754 0
-0.551507 -3.38503 0
3.52589 7.19752 0
-30.6873 47.0575 0
-0.578661 -1.35875 0
0.949687 10.0985 0
-7.72822 7.12443 0
25.409 92.9646 0
13.379 2.99065 0
-17.573 -29.7173 0
2.96879 42.9488 0
31.5181 -36.3183 0
2.99428 -1.59677 0
-75.6694 4.9681 0
-122.253 -13.6663 80.7058
156.238 17.2382 1.92724
24.1091 -0.300963 0
59.6275 -250.276 174.567
-10.4683 -6.93945 0
41.9667 -112.164 177.571
-146.792 -86.952 375.559
-77.6886 83.4912 0
14.5691 9.91515 0
82.8072 17.364 0
114.498 182.05 112.864
19.8915 -21.7445 0
-207.182 -990.789 333.052
6.68438 -13.2648 0
-5.62037 -3.20831 0
-2.26085 -0.95335 0
-1.39759 -1.62224 0
109.182 186.057 31.9632
-1.87911 -2.11661 0
-2.26996 -1.59168 0
-29.8146 -5.26182 85.2578
-2.15169 3.02499 0
132.303 -130.607 0
237.507 -312.721 96.1578
72.2241 93.3544 0
-23.8246 18.3672 0
1.75164 1.95343 0
50.8712 95.0709 0
142.488 46.731 0
-2.47278 0.455094 0
120.89 173.262 172.959
1.27909 -5.85696 0
65.5333 16.4461 0
-150.706 10.7433 0
150.743 17.1569 3.20961
24.1185 -0.00021782 0
92.7103 106.311 0
5.90766 0.860993 0
-115.05 -27.948 0
0.190896 -1.63822 0
1.16217 -1.55767 0
5.05473 -6.064 0
-114.133 76.1346 0
-30.9734 -0.581576 0
1.23632 1.75239 0
415.966 138.327 27.5018
-453.216 -86.3522 114.425
1.541 37.9833 18.8999
1.15575 2.8202 0
-48.5229 -80.1328 0
1.2538 4.84741 0
5.05081 -3.1621 0
22.4663 20.3149 0
-133.522 -137.962 0
2.64461 -1.14865 0
41.9108 -10.5018 24.0975
-11.7714 643.531 0
7.11887 -7.28538 0
-3.17576 -1.63094 0
-2.13625 3.71269 0
69.7637 -98.7446 0
229.922 -287.343 70.3852
-2.2999 0.646195 0
95.1417 -111.806 250.205
-2.97765 -101.835 0
-155.19 69.7122 86.7344
-126.647 4.99067 0
157.145 -5.97715 3.91606
24.1084 0.301078 0
485.974 -992.803 1239.85
151.733 143.254 395.086
45.9753 123.183 27.2733
11.1021 -74.9963 0
2.38343 -0.845737 0
1.4151 -5.49137 0
-8.08386 -2.43346 0
179.739 -33.576 16.6234
0.871905 1.68401 0
0.151578 -1.80301 0
-3.6218 7.88917 0
259.276 374.799 0
99.0684 -59.5814 0
0.297979 1.373 0
-527.448 55.9559 138.221
2.3983 0.467917 0
-12.9759 4.85882 0
21.8208 -128.889 0
8.41343 -2.65447 0
1.48272 -2.20511 0
42.2949 70.2361 0
-34.7101 -113.001 36.2423
-2.13984 0.0648037 0
-3.73082 -8.93364 0
-21.5065 13.0019 0
-141.521 32.1116 0
20.8925 6.88243 0
0.739581 2.74607 0
-57.7649 148.747 0
28.616 3.38726 0
-0.883178 2.56254 0
-26.2777 15.7083 0
140.321 -12.7265 0
1.62563 1.49756 0
-2.3554 0.37246 0
-2.9517 -2.88338 0
1.71789 1.42584 0
-1.06309 -1.75321 0
4.57531 4.17976 0
-6.1816 -6.36921 0
175.11 241.186 148.302
-0.504214 -2.08803 0
-11.4594 -9.27546 0
142.272 236.414 34.6973
1.14015 155.908 54.422
-28.5424 4.90579 0
-78.112 -53.3764 0
-8.85484 -4.87627 0
94.0811 24.6333 0
49.4502 16.513 70.5038
25.8936 -9.83314 0
3.66259 2.46711 0
7.67305 -0.493519 0
-16.6983 39.6274 93.0613
-67.2744 -2.52306 0
10.1249 7.7509 0
-2.33074 0.817958 0
-50.2938 10.3671 0
-203.271 112.224 0
85.734 84.1239 0
23.5322 -16.4509 0
-13.0145 -96.4638 0
26.2184 17.3055 0
-0.15607 -1.87982 0
-18.8402 24.5574 0
132.497 -38.3976 0.324898
0.0574523 -1.99114 0
1.31452 1.2683 0
616.519 -198.377 33.8917
-2.89926 -7.76886 0
-2.24809 0.162787 0
-3.27907 -0.148738 0
-3.85682 -21.5041 0
-23.6046 36.5684 112.869
-2.21195 -0.381172 0
48.7599 28.8765 144.801
118.147 -38.9973 0
-11.9039 -49.7442 0
-0.753828 2.8663 0
-66.5513 -5.22903 0
-2.59437 -0.406196 0
6.60555 1.43456 0
22.1812 -164.989 58.7003
93.5544 -188.521 73.6602
19.4298 -6.02261 0
153.084 43.5903 0
-68.3184 30.1513 73.3504
-97.3243 -1.02592 0
3.99876 -6.41804 0
14.4111 -19.942 0
-19.6141 1.69377 0
-5.46865 0.418206 0
-67.6957 -105.3 0
-136.267 88.8728 0
-294.163 89.4236 27.6442
-1.81708 3.49118 0
-0.209259 1.68138 0
-3.49241 6.28328 0
1.45077 -4.46206 0
459.033 24.8277 892.411
-2.42776 1.12667 0
477.649 -295.196 46.7278
-8.00294 15.5356 0
-241.875 59.8107 0
65.1245 69.993 111.672
-737.095 530.559 251.583
-2.73742 1.09259 0
-18.347 13.2689 0
33.7113 -390.466 8.65206
147.064 15.0122 2.02317
-19.5526 -54.389 0
-11.074 -4.36854 0
-2.80608 3.50492 0
-1.10935 -4.48713 0
2.64523 16.351 0
3.18489 0.296327 0
82.6325 -14.3858 18.0884
-1.03033 -1.47298 0
-0.311759 1.36204 0
-36.3703 -8.27911 93.6166
-84.7666 1.30593 0
-0.14283 -1.63033 0
142.237 -68.1853 69.2452
106.294 -124.29 0
-31.2955 33.8557 0
6.61889 3.10087 0
9.72293 -38.4366 0
-3.8527 5.7982 0
-2.27171 0.522314 0
-1.57471 1.70351 0
-12.2178 11.5259 0
-183.786 283.516 0
-29.5901 -49.7764 0
-4.85608 -56.2776 0
26.5094 68.4513 0
5.80512 7.56096 0
-2.2165 -5.73524 0
169.671 260.249 181.094
-102.228 -31.7635 142.367
-34.1832 -15.7561 0
-0.209173 -1.58381 0
-0.0542084 1.71891 0
165.148 -44.3418 0
-0.764841 2.33769 0
-3.87852 27.2268 0
22.1846 61.2999 0
58.5865 -96.6374 0.283688
-2.04384 1.51115 0
11.319 -70.1661 0
-7.42364 3.58346 0
-16.6778 184.825 0
-0.633324 -4.34431 0
-0.20207 -3.13092 0
-3.28076 -18.3561 0
0.209302 -4.10105 0
-0.947773 10.0922 0
48.0695 60.7856 0
407.407 48.0076 158.554
13.8247 60.3689 0
4.87026 -15.9335 0
-0.124888 2.40961 0
26.4839 -1.67687 0
-7.09944 -9.15355 0
-0.600047 -130.276 145.448
0.0932499 -86.3204 0
15.9914 -4.92624 0
4.20573 -0.114665 0
-1.73111 3.52044 0
110.592 -243.825 234.702
-250.862 -109.579 104.663
-18.4819 43.8077 25.4693
-0.598951 -1.73841 0
-0.734491 4.25853 0
-0.600073 -0.300577 20.0512
-0.600019 -0.300083 141.081
-0.600208 -0.300892 24.7632
-2.00184 -1.67007 0
-26.9235 -30.0707 0
3.55892 6.18948 0
8.85899 3.25329 0
-48.4282 94.4314 90.5784
4.7933 2.49829 0
16.0364 -20.109 0
2.13498 -0.802993 0
10.1861 -153.63 0
16.8796 146.774 4.86114
-0.600493 24.4859 0
3.18258 16.9976 0
4.53314 5.24301 0
-3.7275 14.7128 0
0.873653 -5.58812 0
-2.30432 112.724 0
99.6945 -7.69529 0
19.0211 16.3723 0
-0.160348 -1.54057 0
46.9511 113.985 6.33509
19.5239 -109.08 49.6817
-1.58657 -54.0189 0
-6.91188 16.8671 0
19.606 54.1947 0
0.778441 -7.20476 0
-54.9503 62.9156 6.83423
-31.2894 18.0898 0
149.043 -251.047 8.74654
132.681 -253.635 25.0294
-0.70466 1.36061 0
-0.599676 9.33905e-05 20.0846
-0.600017 8.9052e-09 141.189
-0.600466 6.35576e-05 24.8592
71.0607 -76.9643 20.9957
-17.2114 -7.55194 0
132.301 55.6603 0
20.5649 10.7137 0
13.8285 -11.6896 0
28.0342 39.7195 49.9644
123.32 51.92 229.414
28.5744 2.79498 0
-0.461608 -0.153551 0
18.4005 123.294 20.2578
-9.65794 70.7029 14.1389
54.6089 -66.8233 9.4945
-0.0476083 3.72567 0
0.899133 15.498 0
-0.370889 3.9512 0
19.4191 19.7386 0
-1.38607 -1.42112 0
3.8879 37.6875 0
9.97046 3.42763 0
1.55694 63.6254 0
19.2312 -109.489 51.5113
9.11 -17.6917 0
1.35096 -8.8564 0
21.0505 64.3379 0
-2.78406 -1.35442 0
8.4102 -22.6033 0
-1.2031 2.25642 0
50.1852 366.754 367.747
7.2868 -63.5579 0
-0.864138 -1.70093 0
-0.599837 0.300158 20.0526
-0.600019 0.300083 141.081
-0.602053 0.30044 24.7647
-60.4863 0.940632 0
10.3701 -18.46 0
-1.02118 -2.26029 0
17.4663 -68.0452 74.3039
29.1899 -41.3576 0
-11.2158 -36.2807 0
-18.2026 -35.4405 0
-113.256 -90.3444 2.82559
-3.55562 0.42146 0
-0.60007 158.05 132.834
-1.29936 86.3125 0
-0.677343 -2.9746 0
-10.8458 3.35297 0
29.2096 -10.6629 0
-144.741 217.957 203.714
-1.70617 -5.80916 0
-22.6825 -8.7665 0
-0.185572 -16.8357 0
11.6042 148.065 0
-0.598573 3.41467 0
-7.32857 -2.56467 0
113.306 -0.992461 0
-35.7093 89.8934 0
6.47178 6.93705 0
-82.4373 -146.728 0
-1.42983 3.04653 0
-7.96866 -57.7873 210.614
-58.7789 -51.8043 0
8.32178 -20.6992 0
-2.54355 0.589026 0
-55.1229 12.859 0
-1.62151 -2.58578 0
-1.16983 -1.65484 0
0.237639 -2.21412 0
3.33461 -2.76923 0
0.935843 -2.27271 0
-43.0958 -23.3698 0
47.0661 -127.573 19.3126
148.242 164.512 0
1.6355 -2.2855 0
-84.4707 -205.732 164.724
2.21882 -2.85057 0
11.1294 -9.15593 0
0.507974 6.90019 0
1.41138 -4.38943 0
16.1068 -31.399 0
1.83138 -2.06106 0
2.38192 -0.170209 0
68.5036 13.1752 0
19.6332 -6.61621 0
55.8035 123.429 0
-0.780043 1.64128 0
-62.5783 9.70942 0
151.558 17.5928 3.72265
24.4212 -0.301887 0
4.12326 -4.74305 0
2.42847 -2.86379 0
98.1421 -11.7969 0
-45.18 -12.9696 0
59.6175 -38.7381 0
49.0818 -53.2524 0
-2.75887 1.46022 0
-1.64338 -2.83761 0
61.1819 9.09622 0
0.790033 3.59429 0
-1.65535 -4.14712 0
58.4882 285.213 284.94
-2.24819 -3.57701 0
-223.605 26.344 0
-347.685 223.39 174.876
-0.432106 -0.168821 0
-2.28405 -0.0522338 0
-2.95667 -1.31426 0
3.31003 8.28374 0
-4.50731 -7.5056 0
232.033 -10.0732 0
70.8312 95.8069 0
-6.90196 0.552807 0
-4.98003 -3.08351 0
-200.502 50.7173 70.9069
-33.0875 183.56 85.8949
36.6711 34.6395 0
-0.284392 -9.78363 0
-0.228544 -1.3453 0
63.1739 -52.3226 13.426
-2.64321 3.44217 0
146.18 17.5174 4.99551
24.1795 7.08297e-06 0
20.8266 -13.4595 0
46.0995 134.028 0
108.045 434.371 306.932
39.1402 -28.5617 0
91.1259 -4.53721 0
30.3052 -17.6079 0
-14.6733 -129.34 0
9.32962 38.9509 0
-5.64146 1.71868 0
-122.99 -187.346 249.355
-419.717 75.9847 171.347
-139.963 -196.961 0
-9.44408 -5.13315 0
63.4039 -108.241 0
-2.07773 4.49394 0
10.2201 -8.60754 0
-0.0797235 1.58945 0
-0.985779 -1.43194 0
92.3547 97.9327 106.081
-8.81084 -8.27633 0
266.596 94.724 254.639
6.97759 -7.31267 0
-0.376181 -6.27569 0
-4.14701 2.57802 0
12.7843 -20.5642 0
149.947 -172.123 219.675
0.400851 -2.47723 0
11.1544 -48.2298 0
1.17202 -1.87197 0
7.26924 -3.36273 0
-227.43 79.4767 0
152.261 -5.98282 5.91299
24.4203 0.301965 0
2.85059 -0.575318 0
-208.814 89.4313 0
74.994 -29.0031 0
36.3357 -16.9527 0
1.44066 2.3321 0
-118.851 85.8219 29.342
23.9287 -6.4294 0
104.501 4.18924 0
0.408012 1.47953 0
9.83706 8.5747 0
10.7703 4.40478 0
-14.9124 -78.8095 0
2.05572 0.211401 0
-260.668 -157.707 9.54903
33.9291 22.8844 0
6.17828 2.70977 0
-94.3516 -7.25352 1.16088
14.5471 -74.6281 0
33.4235 -90.0879 0
-11.1153 6.94073 0
-4.73887 4.74437 0
-66.0786 27.043 0
-2.0315 -0.204739 0
-4.00525 -4.88281 0
-6.01741 6.40263 0
-101.539 168.503 7.03176
-47.968 -62.2339 0
1.71589 -36.9496 0
5.05869 8.07984 0
-2.00342 -0.941844 0
-0.282198 -1.59562 0
126.688 33.4513 19.2687
-85.367 23.2092 0
-2.91649 -0.381113 0
7.34093 2.85466 0
-176.446 -113.601 0
-4.39864 -2.63036 0
5.52814 0.0361643 0
-2.20714 0.142479 0
89.4154 -69.6334 0
-33.9017 69.1919 0
-45.8493 -39.9876 0
-11.1535 -9.25267 0
34.0496 216.976 0
4.00185 159.033 53.4635
97.7433 -74.415 0
3.88141 -2.10451 0
-86.9131 17.0356 77.6411
1.03308 -5.72626 0
6.17663 16.149 0
30.6061 143.85 20.8423
82.9335 -62.581 0
7.13281 0.168929 0
-115.113 19.7909 49.4873
-48.78 -1.96961 0
10.5929 9.24598 0
5.97282 2.39863 0
8.6346 -7.57433 0
-65.8645 22.7835 0
-7.92611 -13.9879 0
-11.7661 -0.117378 0
-30.2048 8.31846 0
88.5323 -368.731 116.255
-0.304845 -1.92241 0
25.7505 59.203 0
-25.8468 -30.0955 0
2.90755 -3.08245 0
-0.656962 -1.51546 0
-0.804266 -1.70315 0
13.66 7.29547 0
-2.49244 -1.25806 0
-2.99724 -2.53994 0
-2.19832 -0.91281 0
-3.70329 -0.430962 0
-2.47724 0.583631 0
82.4288 61.6302 131.073
-27.7282 67.042 16.9007
5.16421 -2.09065 0
-4.06372 -4.62274 0
247.965 352.129 55.9713
-364.728 -78.825 0
-94.0556 142.965 0
47.8729 -1.75133 0
-18.1996 90.9213 0
-4.09421 2.54563 0
0.730264 -1.59657 0
-109.744 19.8606 51.5803
-65.325 -1.44749 0
11.2683 -13.1646 0
0.189553 -14.6412 0
-10.9172 -0.563943 0
-55.8182 -10.8422 0
-58.6869 -35.2261 0
2.14691 3.77064 0
-18.0868 -22.0719 0
34.8503 -25.2223 0
0.745255 1.65574 0
2.18779 3.69089 0
57.2178 -87.8739 27.8865
36.5317 -61.4823 0
-0.656809 -1.49471 0
-61.4512 -34.0934 60.3425
-4.06555 3.67518 0
-82.5231 66.6324 0
-2.70306 0.590064 0
384.57 -354.306 126.802
0.148996 -2.363 0
23.7207 -82.3556 22.3188
117.166 -317.817 0
-11.0575 0.0453969 0
-205.319 309.439 301.927
-3.35375 -1.54558 0
-24.0222 -338.756 74.2938
56.2656 -99.4665 0
0.428553 1.81115 0
4.9106 -55.4601 0
-432.519 -121.675 0
-6.15009 3.84931 97.2836
1.01187 -0.449618 0
-114.702 -4.70001 56.717
-79.327 0.97368 0
7.65086 -10.1348 0
-198.504 -4.32982 12.3713
-58.3608 -81.2415 0
51.6025 4.41564 0
-94.2555 -49.7858 0
0.79059 1.4008 0
0.126201 1.49006 0
-0.381059 1.57287 0
-0.613388 1.61382 0
-12.5285 12.0892 0
-1.49526 -4.65788 0
2.68167 3.09398 0
77.1564 67.2113 0
-1.61402 4.1761 0
-28.9555 53.9475 202.361
-184.4 -73.9898 0
113.446 -276.404 89.7898
-2.27439 1.20916 0
-34.1469 -18.4252 92.8082
-2.12207 -0.0872784 0
-112.217 -125.415 0
4.46244 -14.4799 0
-0.418441 1.80033 0
2.58881 -10.2213 0
34.5532 25.3181 0
-20.9076 -5.36518 0
-3.18424 -0.874321 0
-3.79737 -0.584467 0
-2.38583 -4.4999 0
-2.00129 -0.144311 0
-0.299989 -3.86608 0
-0.0200558 -3.2119 0
-2.90023 -19.5783 0
0.419042 -4.12005 0
-1.03951 10.0529 0
-1.56801 -5.84768 0
149.926 -202.803 69.0781
-13.2944 97.9182 91.5469
-1.29327 9.43056 0
-65.4661 185.632 15.9829
4.62077 -8.70715 0
2.29225 -0.843386 0
-0.299969 -130.217 145.484
0.393899 -86.3209 0
-511.611 295.347 0
329.694 -910.468 385.793
-0.523485 4.19318 0
0.433582 1.25885 0
2.80617 2.41572 0
48.2101 14.4471 0
85.58 24.0645 0
0.228662 1.50288 0
-0.300044 -0.300054 20.0536
-0.3 -0.300083 141.086
-0.300005 -0.300247 24.766
-115.858 83.5434 46.519
14.4871 -31.7688 0
-2.53835 5.42532 0
26.2613 152.101 55.9548
-267.088 175.071 234.738
30.8187 110.748 0
20.3708 9.07742 0
98.8216 43.4667 17.7048
10.7386 -151.225 0
17.1858 146.706 4.91051
-0.300561 24.4873 0
1.9665 -48.7754 0
0.958321 2.53498 0
-3.1265 -0.595768 0
9.79405 1.36523 0
-2.20591 -1.16841 0
166.271 165.072 74.6929
412.552 -516.401 65.1453
0.243306 -2.63429 0
48.8287 111.813 12.879
19.8375 -108.984 49.7095
-1.28581 -54.0186 0
44.4246 -232.28 35.076
0.658573 1.44254 0
-5.13733 5.4056 0
-115.304 -56.3298 0
36.4717 -208.606 0
-0.729592 -2.17014 0
-1.49673 -208.741 0
113.734 78.4006 0
-0.299651 0.000100171 20.0894
-0.299999 1.99527e-07 141.194
-0.299706 8.44676e-05 24.8636
-21.0008 -28.438 0
-2.17749 -2.49048 0
256.646 -227.442 61.8084
8.80229 -0.906238 0
25.6595 -0.567027 0
2.58456 0.615508 0
-73.7536 86.723 99.8268
6.96382 20.8066 0
-0.018773 -1.5215 0
18.7161 123.203 20.2984
-9.10986 71.2343 14.0221
3.33002 -0.42268 0
145.46 3.45168 24.5309
2.67563 8.02173 0
-3.04923 1.84515 0
-97.9321 -145.208 0
0.316432 -2.8314 0
-54.0363 268.417 201.807
-51.2403 159.823 172.801
5.18487 70.44 0
19.5384 -109.404 51.5535
9.42787 -17.7122 0
-3.90185 1.90715 0
16.3479 52.5734 0
17.5101 126.125 0
53.2197 86.4626 14.0631
-3.72904 0.380768 0
-23.1858 -78.2851 0
-12.8136 -86.0558 0
0.763469 0.128424 0
-0.299693 0.300089 20.0552
-0.299827 0.300132 141.086
-0.300131 0.300278 24.7672
9.63524 9.52127 0
-1.4382 -1.52485 0
14.045 55.5907 0
-132.032 -166.421 2.16535
-52.6598 -113.297 202.377
-25.1573 -76.049 0
-16.1034 87.6371 74.4277
14.0601 15.4092 0
-0.340839 1.98118 0
-0.299959 157.995 132.875
-0.993142 86.3204 0
-0.386217 -2.97282 0
-37.9526 76.5755 0
-3.28881 3.01246 0
-1.65905 -21.6065 0
6.7152 22.637 0
-12.2643 -30.9937 0
5.84821 13.8839 0
3.77897 2.12839 0
-0.291625 3.41831 0
-345.351 -159.357 77.7187
-1.19211 -75.4447 0
173.062 200.882 269.411
-1.41887 -4.14598 0
100.572 -1.68451 0
35.5344 252.593 0
-100.199 -164.515 141.743
1.78851 -8.85603 0
0.0401416 5.33019 0
5.72198 1.74312 0
0.582678 1.66162 0
-4.49309 -0.701481 0
8.59731 2.23628 0
2.48284 -3.10371 0
1.89689 -1.93517 0
5.52809 -4.28372 0
25.934 86.6531 0
-6.61091 6.85301 0
-11.6568 5.24462 0
40.7032 -30.3179 0
4.81223 4.33379 0
7.8139 -7.70607 0
11.445 -9.17923 0
7.16146 9.32964 0
1.55619 -4.13733 0
0.0507732 -3.92779 0
31.9364 147.041 0
-0.519639 6.20653 0
38.3879 89.9372 0
18.9477 -9.23389 0
0.452241 4.55974 0
1.04929 -0.489607 0
-28.9062 -11.4229 0
151.857 17.601 3.72751
24.7224 -0.301207 0
5.53982 3.28635 0
2.14784 0.283046 0
0.423779 -2.25089 0
-129.129 -30.1313 0
-22.6134 -76.5101 0
-117.664 77.7476 0
234.499 -158.082 19.8839
-0.644409 1.2534 0
-0.446458 -0.118021 0
2.11216 4.15516 0
-1.29515 -4.15955 0
-97.2055 156.38 61.2697
-61.5874 96.604 99.5092
0.351128 1.59233 0
-11.141 31.141 0
38.2791 -55.9003 0
-0.19302 1.35729 0
-1.02849 -5.29876 0
4.25933 -0.604235 0
0.440981 0.184784 0
196.089 5.88155 0
71.0488 95.8434 0
-149.332 106.139 0
-2.19302 2.54738 0
64.1555 -44.4255 0
43.1595 176.368 30.7444
0.42032 -1.93127 0
42.8158 -28.6533 0
156.025 -141.099 0.537329
-265.032 70.4575 0
-2.89891 0.249828 0
146.495 17.5187 4.99537
24.4824 0.000305361 0
0.427622 -2.33661 0
-127.64 48.4502 23.3198
15.5857 -1.37671 0
1.04623 2.80904 0
24.2109 21.3033 0
-2.30784 0.813175 0
-6.42186 -1.52114 0
-4.41562 -2.65934 0
145.997 265.046 232.963
-231.795 -374.485 140.089
-419.514 77.1583 170.881
29.6917 -281.332 11.1434
-13.6046 -20.426 0
31.8431 7.26842 0
-51.0224 15.114 0
0.626576 1.86888 0
36.2512 -19.5917 0
-0.424455 1.17818 0
0.708214 1.71909 0
1.29555 1.97912 0
270.11 76.598 243.836
9.26 -9.81742 0
-6.81599 -8.36911 0
2.49201 2.21339 0
143.941 -223.529 77.3205
-35.8221 47.2409 0
37.9503 84.1924 0
-19.4901 7.61826 0
1.85585 3.26523 0
-21.5911 61.2128 0
-2.13131 -0.200868 0
152.558 -5.98811 5.91777
24.4699 0.301804 0
150.206 80.4142 0
-1.43165 -69.5087 0
102.579 -43.1813 59.9777
5.328 -1.22101 0
243.378 -69.7798 0
9.35824 -0.490824 0
-42.7716 -184.976 0
-3.55244 -0.299314 0
0.329993 1.47321 0
10.1482 8.59579 0
11.0651 4.35631 0
-14.7468 -80.3157 0
1.92433 -2.4659 0
47.4851 -6.0268 0
2.60298 1.36126 0
24.0371 -2.46633 0
-6.74859 0.49137 0
-0.410414 1.19713 0
-0.163642 1.75674 0
93.7011 513.956 262.518
-7.59822 4.38165 0
-92.1374 -166.548 152.75
2.77224 0.968631 0
-18.7036 -47.5332 0
303.167 -150.034 68.8337
25.656 -45.2218 0
59.0477 -7.83734 0
-41.0296 60.7683 0
-3.13909 -0.733482 0
36.3599 -162.047 0
1.0705 -2.34904 0
-13.0014 -147.922 0
-202.466 291.968 128.872
-0.720251 -2.75996 0
-25.1674 -34.1434 62.8334
1.72378 -2.8905 0
1.09568 2.02175 0
-0.221186 1.41897 0
4.14276 -3.49872 0
43.3522 -22.2642 0
1.50194 8.40673 0
-23.9468 -22.137 0
-10.8534 -9.25257 0
29.2571 209.369 0
4.43077 155.021 52.3241
-29.2612 15.899 0
123.179 126.29 0
330.332 -75.5455 69.7279
-44.2489 -38.6752 0
-105.991 52.5326 28.1702
24.8323 70.503 63.8009
5.6584 2.77621 0
3.52009 -1.93463 0
-114.806 19.7886 49.4867
-24.7712 -0.300852 0
84.8603 104.968 0
0.974911 -1.62399 0
58.0162 15.49 0
56.8423 -149.877 0
70.4418 -9.77639 0
-3.47056 -0.730453 0
3.07391 179.3 41.1104
41.7534 -57.483 0
2.25937 -0.410646 0
-60.1178 147.881 0
-11.5486 72.8298 20.6159
3.06503 -3.24897 0
-0.203361 1.3688 0
-193.884 -96.6601 93.2917
0.474577 1.42546 0
66.0126 227.874 0
3.95521 13.7317 0
-73.046 169.194 0
-2.57276 0.327488 0
-0.514275 1.87071 0
83.1461 62.0753 130.701
-86.9819 67.1629 0
371.036 -249.163 49.5859
-10.5519 -24.5287 0
47.1031 350.976 11.3605
15.5889 82.1325 0
44.3696 69.0716 0
-0.726093 -0.464549 0
-3.88985 -4.71856 0
-0.614568 -4.68929 0
0.791676 1.58935 0
-109.444 19.8607 51.583
-24.7827 0.000146137 0
-5.33124 0.934797 0
-66.4567 -6.46675 67.8608
-10.2646 -0.530412 0
-7.28263 -0.254095 0
-42.6325 1.11859 0
-4.42462 3.97189 0
13.1364 -11.954 0
-3.0231 -0.0495501 0
-1.30551 1.62103 0
1.2438 1.94788 0
-32.9338 -90.7659 16.3506
28.6384 -90.8016 0
-21.1836 -16.9112 0
-100.601 112.247 21.1856
-3.41457 3.48409 0
0.765482 -0.460702 0
49.7527 -29.8485 0
0.02051 2.98001 0
-1.21722 -1.2904 0
-0.117635 2.90041 0
123 -307.282 0
-7.92612 -7.7416 0
74.9749 -133.303 251.281
0.70865 -33.9308 0
-222.749 -99.6112 0
-0.018819 -8.37648 0
0.543059 1.38534 0
0.367731 1.70901 0
-10.1689 25.6316 0
-0.239729 -66.1739 0
1.20376 1.51691 0
-114.396 -4.69799 56.7156
-24.7714 0.301215 0
-6.53111 -18.1357 0
-198.199 -4.21584 12.4511
-2.76128 -3.37126 0
-1.44211 -5.92295 0
-1.01912 3.32809 0
-24.4529 141.02 51.5397
-2.81734 3.81579 0
-10.4333 -2.94765 0
-58.5579 35.8503 0
-12.2284 12.0891 0
2.38342 6.54019 0
-0.0419047 9.47919 0
-30.3032 56.9379 0
-0.234178 3.36928 0
289.363 77.5664 178.856
-2.93584 0.646507 0
30.3222 -10.7791 23.0089
123.762 57.0324 7.36834
-174.581 -68.7004 65.5191
-3.78669 1.25985 0
-4.32833 6.92898 0
-104.268 -35.4158 75.6272
-25.3209 59.2358 0
-10.3441 14.7751 0
-10.0225 88.9595 0
96.9651 58.1548 0
-0.733809 -0.165246 0
0.704817 -1.70721 0
-8.27022 8.07706 0
30.785 78.6129 0
-0.00133234 -3.86626 0
0.347499 -3.49899 0
-2.59667 -19.2543 0
0.717499 -4.11989 0
-0.699258 10.0926 0
-9.82747 3.33286 0
-2.08156 -5.23198 0
-12.0891 125.714 72.033
-15.4558 5.79566 0
-56.0075 131.67 0
-2.02883 10.2398 0
0.992686 1.80829 0
3.04008e-05 -130.216 145.484
0.692849 -86.3214 0
-4.52405 -0.326025 0
37.0536 35.0726 103.253
-2.50944 14.1041 0
90.0232 -243.516 100.864
-5.8973 55.6085 0
-22.3595 -7.04038 0
-6.7737 78.0956 0
53.0053 115.32 0
-0.000485426 -0.300489 20.0543
3.71457e-07 -0.300083 141.086
3.48094e-05 -0.301461 24.7682
26.9169 -28.0589 0
-52.7633 -72.3689 0
30.8163 1.73262 0
8.39112 2.70532 0
-52.0994 -70.6297 0
69.6958 44.4996 0
-26.0831 21.7113 0
2.43236 5.70914 0
10.8644 -150.534 0
17.4984 146.711 4.91089
0.000404921 24.4881 0
-3.08451 -12.1581 0
1.32326 2.4549 0
-1.22899 3.11406 0
0.869187 2.34965 0
0.0630195 -4.76385 0
-33.018 -15.5104 0
-0.33506 -3.21765 0
16.4382 -8.86196 0
2.81126 -1.58823 0
20.1388 -108.983 49.7088
-0.985871 -54.0181 0
4.35106 -0.0484513 0
-4.27007 15.8126 0
277.146 -1.45059 428.861
3.1456 -10.4862 0
254.067 -40.5471 95.9644
1.8025 -1.96809 0
-25.2654 -207.487 229.305
-3.41362 -1.79729 0
2.91971e-07 -9.09266e-07 20.0875
0.00032113 9.24519e-05 141.195
0.000226258 -0.00013062 24.8623
19.5176 125.346 78.7111
-27.276 14.54 0
-1.32866 -1.56402 0
9.398 -0.827425 0
26.3522 4.63036 0
165.833 214.324 188.966
59.8595 136.425 61.4648
1.92536 0.836474 0
0.52175 -1.57911 0
19.0182 123.201 20.2973
-8.80967 71.2339 14.0222
17.1449 -27.6465 0
-9.60455 4.98417 22.0499
-0.624621 13.8238 0
-6.0148 8.06772 0
-70.6611 -84.3544 0
0.406458 1.46665 0
-0.357191 -1.4216 0
39.6183 -17.5023 0
3.77152 54.3502 0
19.8507 -109.407 51.5601
9.73972 -17.7424 0
0.249653 -4.25569 0
19.3721 60.0784 0
-12.1521 228.401 0
3.33696 -13.2702 0
-2.98088 1.67412 0
0.361329 -7.63803 0
13.5751 -28.2696 0
41.5785 -193.978 48.7598
6.08572e-07 0.3 20.0535
0.000833406 0.300323 141.089
5.44907e-07 0.300218 24.7659
24.2654 -6.57945 0
-1.24833 -1.95695 0
-142.122 302.919 2.7932
-400.101 17.1004 12.9825
0.159632 -3.71519 0
5.34484 6.56499 0
-2.12333 0.287884 0
-0.718607 -1.17461 0
0.353309 -7.26175 0
0.000677449 157.996 132.877
-0.692758 86.3221 0
-0.0668159 -2.95864 0
-1.08565 -1.43187 0
20.2184 -20.3668 0
-94.4923 30.9303 0
2.38458 3.77333 0
-30.865 12.2519 0
0.918444 -3.42322 0
-65.0979 81.2027 11.4971
0.0063887 3.41786 0
6.97623 -0.453393 0
0.864499 6.31242 0
-83.929 85.2656 0
-3.29971 -4.68612 0
-5.13596 4.98107 0
43.0535 327.939 0
-50.3633 -107.785 18.0507
28.5978 113.206 207.642
10.8006 -14.8775 0
-35.7986 -99.8916 282.776
-1.87823 -3.67492 0
-177.641 -23.4508 0
24.1579 -2.14121 0
-330.07 105.856 9.33618
136.52 -313.68 0
214.191 143.746 147.104
-472.308 54.7246 126.873
70.2033 48.9021 0
-9.36844 37.9201 0
-22.6102 2.37037 0
-0.449428 0.407893 0
8.09505 -7.69374 0
11.7453 -9.17931 0
0.666981 6.98483 0
-6.38697 -12.291 0
1.28441 -6.68694 0
-7.30705 -4.87973 0
22.6587 -5.66796 0
-77.4172 -19.3715 69.2252
22.2382 -7.61395 0
-0.150681 0.178553 0
-139.972 122.487 0
48.205 -145.182 0
152.151 17.6134 3.71924
24.7715 -0.30065 0
-24.4548 -25.9968 0
3.07746 0.498427 0
-47.6024 -24.3572 0
55.0512 69.0873 0
49.0827 -61.8828 0
-26.6465 -29.6458 0
1.55807 1.77111 0
6.43713 -8.88502 0
3.18322 1.37803 0
2.92068 4.93807 0
-0.949294 -4.16196 0
45.4292 121.174 185.123
36.2385 63.415 0
0.540057 10.9104 0
-52.55 -626.727 77.5822
-0.121301 -0.434348 0
2.01222 -0.255326 0
-50.1969 -145.992 241.676
16.523 -11.0219 0
65.2632 151.376 0
201.139 11.183 0
67.5608 94.1128 0
-148.912 105.76 0
-0.163555 -1.42996 0
27.9985 -134.353 0
-193.739 -46.225 57.0161
-160.471 14.0699 0
-2.91906 -0.73885 0
-25.8948 -99.0939 0
20.0464 -33.3768 0
54.8607 205.021 0
146.776 17.5158 4.97152
24.7821 0.000604801 0
-78.092 72.3799 108.136
-86.8368 -8.7327 0
108.302 77.1962 0
68.5094 -27.9829 0
-15.4745 -79.0914 0
-18.0946 -9.42374 0
2.1344 3.03209 0
-207.014 197.644 334.817
-0.60273 1.4613 0
1.20387 -1.76553 0
-0.348031 -1.8826 0
-49.3509 -262.579 34.2201
71.8925 348.284 127.101
-32.827 -19.9383 0
-49.0284 21.759 0
-321.229 -49.7052 212.836
28.1353 -9.69107 0
-5.32291 2.04743 0
93.5222 -529.034 86.5509
171.483 -107.992 268.53
240.828 90.7618 306.427
-50.8927 32.2652 0
-3.81629 -1.82574 0
-1.53011 2.09276 0
125.251 -34.636 0
-24.6509 58.608 0
235.578 -17.9573 98.7396
121.995 409.676 98.5574
169.812 58.7285 153.415
-205.514 125.38 103.949
-0.537007 -1.34516 0
152.854 -5.99782 5.91042
24.7712 0.301578 0
1.93213 0.505208 0
-156.534 -29.8095 0
-8.6224 -8.4493 0
4.60655 3.87004 0
210.498 418.101 48.5568
99.6587 -170.955 18.806
0.275977 91.9319 166.076
-196.837 -272.051 432.668
-3.11299 3.79157 0
10.4484 8.59586 0
11.7168 5.27774 0
-14.3155 -80.3122 0
14.1815 -11.1126 0
22.2658 -162.514 0
-70.3604 -183.376 0
-2.16964 2.72707 0
191.784 114.966 98.9462
26.9319 16.3389 0
196.292 35.5697 0
1.05567 -3.24868 0
-7.48751 2.91 0
68.6282 -164.474 0
0.322443 1.49293 0
-0.736364 3.6472 0
2.4369 5.2568 0
0.35159 4.52127 0
6.52757 -6.24496 0
-11.2644 -14.3369 0
46.4791 15.7283 0
873.176 102.964 11.021
1.74835 2.25457 0
77.0126 -206.482 39.1077
41.8037 -24.2716 0
-1.64729 -1.47583 0
-137.101 -260.295 198.09
-4.88619 -7.39758 0
-10.4693 121.698 5.34985
-6.69176 94.4219 0
-41.8319 22.8292 0
-2.1205 -3.06839 0
-23.1425 98.803 0
-25.1709 -23.6333 0
-10.5532 -9.25249 0
29.5684 209.371 0
4.82301 159.045 53.5834
-122.504 -19.3249 0
-42.0251 -10.7133 0
5.11806 -1.06137 0
-2.68085 -3.47641 0
-2.8076 3.32243 0
-166.214 35.953 0
0.572316 -1.68645 0
-53.9259 46.0721 0
-114.507 19.7778 49.499
-24.4699 -0.300652 0
265.736 112.365 92.5604
2.27444 4.38525 0
-5.20699 -0.617604 0
-83.5056 38.6672 0
0.805389 1.25471 0
-36.1918 -46.1844 0
56.8991 261.662 400.514
-38.7148 -12.0563 0
1.57637 -1.77379 0
-61.131 149.076 0
-9.74425 -121.914 0
3.07944 -2.87162 0
-2.48539 0.969192 0
204.684 -84.4601 0
-2.07236 -4.04589 0
2.05736 -1.61432 0
0.349763 1.98142 0
-4.12357 1.39823 0
0.651423 -1.8678 0
0.67537 -1.94361 0
84.425 56.3885 117.889
-88.7448 66.2866 0
111.32 -3.48924 0
-4.59595 -1.93849 0
2.61295 -111.128 0
3.47212 2.19267 0
-393.923 -33.6766 162.379
-112.372 -108.243 0
-165.061 -115.377 0
136.891 -16.7968 17.5388
-2.09341 1.56423 0
-109.148 19.8638 51.6156
-66.7282 -5.4648 0
-6.6852 2.57879 0
-2.32395 0.713422 0
-9.18275 -0.514959 0
-4.15991 -1.71679 0
-42.3128 1.11791 0
34.2359 58.4972 0
-144.651 -118.838 32.7638
162.882 -106.949 20.9066
1.5424 1.32228 0
1.58744 1.88632 0
-35.7941 -88.381 16.9715
1.52883 -7.73334 0
1.983 -18.868 0
-2.10649 4.60937 0
-118.127 -18.6921 0
-45.3373 13.8066 37.5936
2.0523 0.856938 0
-210.018 57.4355 429.683
40.1821 18.4999 0
2.39386 -0.192949 0
119.55 -305.505 0
-7.62188 -7.75568 0
-148.635 9.24823 205.561
145.745 -60.5244 0
15.2629 19.0213 0
-0.171223 2.53711 0
3.03532 -1.73447 0
-5.40391 -7.73126 0
-24.6087 -39.3801 0
0.0839005 1.78759 0
0.55519 1.6992 0
-114.098 -4.69099 56.7244
-24.4701 0.301639 0
-12.4041 42.6184 0
-197.973 -3.99311 12.7022
-2.48746 -8.52639 0
3.00656 3.3929 0
47.9074 -361.523 103.306
67.2181 -45.8053 1.13571
-19.3078 13.7424 0
-85.7972 -104.473 0
31.6712 36.1755 0
-11.9283 12.089 0
-2.10871 8.44982 0
40.6473 24.6423 0
-15.9988 -5.28204 0
-2.10455 0.0591553 0
-225.544 124.719 0
-33.6211 12.664 0
-50.8819 -24.8419 0
-62.8717 36.588 0
-76.8915 85.4585 0
50.104 1.72628 0
-117.038 -134.074 0
24.1953 2.29044 0
-1.48904 14.9623 0
42.4203 -21.5899 0
16.1291 2.64065 0
13.1662 393.228 249.927
-9.54649 -20.9506 0
2.39667 0.51327 0
-4.97384 -15.0201 0
-3.66149 1.40977 0
0.297738 -3.8636 0
0.861937 -3.31497 0
-2.28188 -19.2515 0
1.01264 -4.12283 0
-0.253403 10.1022 0
2.55885 -1.33373 0
-95.4105 -159.382 30.201
5.09991 176.646 34.2684
10.7274 3.37435 0
51.8554 110.247 0
-4.13281 21.9567 0
0.284299 -1.37957 0
0.30003 -130.217 145.484
0.992878 -86.3207 0
54.9081 81.6716 86.7084
12.7208 0.24883 0
-1.72922 10.3553 0
113.917 -244.05 118.63
2.26886 0.576104 0
-1.86696 -0.381431 0
106.807 -143.813 54.807
41.1889 26.0263 0
0.300633 -0.300634 20.0547
0.3 -0.300083 141.086
0.300845 -0.302062 24.7693
8.09699 -1.82538 0
-8.35399 17.3578 0
129.153 39.1923 64.267
8.71955 2.87361 0
-15.8488 2.44136 0
122.776 -211.506 0
44.5085 17.8439 2.20342
34.1286 52.107 0
10.8883 -148.884 0
17.8117 146.699 4.90347
0.301061 24.4881 0
5.29559 -0.630698 0
1.52891 2.42758 0
11.8415 22.9815 0
95.6562 -62.7096 30.4589
4.65392 -76.8529 0
-10.0367 13.4011 0
16.0298 13.794 0
-30.5324 -8.68404 0
2.68909 -0.364135 0
20.4393 -108.984 49.7064
-0.686186 -54.0191 0
-34.2331 -53.9598 0
-34.8252 -0.691654 0
-239.213 -367.724 303.775
-19.6359 78.1904 13.1424
66.7908 82.4806 0
11.867 9.90411 0
113.699 -190.457 100.695
55.246 78.8817 0
0.300002 -1.48541e-06 20.0874
0.300112 3.21234e-05 141.195
0.300333 -0.000287254 24.8626
4.32275 -3.21619 0
-4.7389 14.4002 0
-4.48369 0.377165 0
8.99466 -0.987232 0
25.9676 4.36451 0
4.8426 7.95453 0
95.6655 146.454 97.091
13.1942 28.1038 0
2.00666 -1.11183 0
19.3193 123.199 20.2936
-8.50741 71.2327 14.0231
-2.59644 -0.306774 0
-0.15799 -0.139571 0
1.55507 -4.67575 0
8.93909 114.258 0
2.2248 -8.34026 0
-0.697916 1.44313 0
-4.36014 0.0600311 0
67.8854 157.925 0
1.18885 16.7783 0
20.1606 -109.399 51.5447
9.93147 -17.8165 0
-5.28102 -2.15415 0
10.6358 11.4891 0
3.5115 9.78228 0
-125.377 5.13496 96.0387
0.514914 -58.7408 0
2.2447 -1.29591 0
-3.10838 -38.4234 0
-25.1236 -26.5509 0
0.300115 0.299978 20.0547
0.300512 0.30023 141.088
0.300223 0.300268 24.7672
-28.79 135.962 0
-403.631 -198.439 0
-154.667 -50.6931 45.9437
-1.71498 -17.7083 0
-23.4442 -48.3665 0
98.1174 81.8115 67.2302
8.88877 5.8915 0
-144.356 -17.2975 344.428
30.7855 34.5791 0
0.300607 157.997 132.876
-0.392794 86.3216 0
0.237044 -2.96295 0
-1.11004 -1.22909 0
-3.41589 -35.0124 0
5.81286 -3.61977 0
2.64796 78.4601 0
2.48261 1.76556 0
189.641 69.223 75.2541
1.27342 -1.82348 0
0.304747 3.41822 0
9.06774 -2.96032 0
-39.988 -10.0141 0
2.83746 4.54807 0
-2.95806 -4.6845 0
28.5207 -5.02526 334.387
1.82797 -1.53673 0
13.3191 -143.494 39.5293
-5.8947 -22.3111 0
-36.8552 73.0084 0
375.091 559.05 137.638
3.19242 -3.15049 0
-152.689 -160.307 14.5314
36.8116 33.6593 0
1.92645 -1.97248 0
-4.91236 -4.18762 0
8.32684 -4.88693 0
3.466 -2.84834 0
-37.9942 230.297 0
-8.11134 -4.13328 0
-24.2671 7.30465 0
449.736 -221.028 8.65089
8.28587 -7.70311 0
12.0455 -9.17947 0
0.630154 7.11077 0
1.16945 -2.80977 0
1.81555 -3.28358 0
-22.1263 -66.1623 0
4.64852 5.22999 0
-2.63047 1.56945 0
37.4611 -11.8614 0
2.22398 -1.16955 0
2.1913 0.0330651 0
-136.775 372.756 0
152.475 17.6169 3.74869
80.6265 4.33749 0
-26.4577 -24.4746 0
-99.9214 -95.672 0
89.3009 369.079 0
-127.156 -252.989 285.817
-307.863 -8.45547 0
-184.832 -37.8094 0
35.8069 64.653 0
8.13805 6.19984 0
9.11823 9.3722 0
-109.649 -288.477 114.044
-0.339865 -1.79517 0
89.2704 312.123 158.256
0.183261 0.148392 0
305.087 360.52 370.439
-205.704 -148.113 0
-0.369684 1.20248 0
2.61174 0.699934 0
20.5249 -251.037 0
164.963 -62.8201 437.091
1.56087 -2.23323 0
104.728 37.6607 0
-1.12401 108.814 0
70.1483 48.7278 113.409
1.98861 -1.46025 0
-72.1576 11.7973 0
-2.96272 -2.67707 0
2.00554 0.0048405 0
-0.927748 12.9546 0
0.297204 -2.30034 0
39.3895 125.817 72.3661
-50.2242 116.685 137.247
147.093 17.5158 4.99405
71.0544 0.321016 0
-101.752 -32.51 0
2.75959 0.418042 0
17.7458 -1.52333 0
0.89262 -8.15502 0
73.7526 -15.2781 0
-343.183 322.44 47.4823
-75.4877 -39.7217 0
-40.7877 -10.0983 0
115.166 194.401 0
1.26371 -1.80608 0
4.243 6.69914 0
134.669 -229.618 78.0993
-47.0338 -48.3882 0
-82.0909 -40.2561 0
11.3376 6.65657 0
14.003 71.0922 0
112.906 -116.535 0
1.25088 -1.85909 0
4.52703 0.778045 0
179.125 120.506 0
-635.053 524.695 579.781
7.87887 -7.26752 0
433.904 -230.501 133.114
1.95246 1.76877 0
-0.0614434 6.79556 0
3.60503 -3.69543 0
-238.995 220.351 18.0761
5.0389 -26.3387 0
271.626 199.255 110.976
3.0119 -46.68 0
1.52034 4.04804 0
153.18 -6.00501 5.94056
50.2316 2.41508 0
-145.413 232.443 20.687
-1.93133 -3.66259 0
-86.7902 85.0552 38.8702
-124.851 -134.462 0
-72.1912 -196.115 0
4.96941 -5.87798 0
92.6442 42.8989 0
-46.1009 -1.14538 0
-14.9829 -70.7899 219.234
10.7487 8.59602 0
60.0815 101.53 0
-14.6044 -75.8087 0
-62.5758 4.60068 0
28.2329 -6.34155 0
-3.84371 -4.04603 0
-35.5372 -13.3208 0
68.1885 29.6188 0
99.0257 239.137 0
2.16816 -0.545288 0
-39.6281 -16.7778 38.6325
-4.3183 3.30824 0
-6.07339 3.2126 0
3.60345 6.59818 0
55.9147 41.3836 13.2481
3.13192 2.71206 0
2.4432 9.17518 0
-50.4657 69.6413 127.823
5.04715 -3.89777 0
2.09101 -0.483343 0
-11.0918 144.646 0
1.59632 -2.54488 0
3.39523 -5.69048 0
-3.83745 1.93084 0
29.1401 -70.2473 0
55.9837 -108.259 0
7.5261 1.39347 0
3.69839 -1.92203 0
-1.36454 -2.2301 0
1.90245 -5.06919 0
32.8052 -31.2313 0
0.043054 8.26425 0
-18.95 -18.2393 0
-10.2418 -9.19908 0
29.9341 208.996 0
4.92686 159.712 52.4742
50.6037 -86.5725 0
-45.0839 40.4859 0
130.083 105.115 0
21.8714 203.027 27.7351
135.036 105.566 0
234.07 298.147 0
4.72348 68.6901 0
2.34147 0.868301 0
-114.213 19.7748 49.4956
-24.4205 -0.300663 0
-0.177392 2.08554 0
-0.1686 1.55566 0
-2.03663 -2.23798 0
-30.0757 -28.4828 0
-128.063 13.573 0
-53.9594 -138.321 0
-2.67384 3.23058 0
-0.138098 1.90439 0
2.55418 -2.11554 0
-62.9845 162.847 0
-71.7879 -101.074 0.372354
3.58541 -1.21571 0
43.2796 -29.1743 0
27.9438 -18.4951 0
-2.87943 1.92247 0
-0.157523 0.417313 0
125.863 283.548 13.9364
0.848098 -1.77559 0
150.983 15.3709 96.4254
2.26715 -0.852095 0
72.8068 74.2407 160.49
-88.4361 66.2416 0
-23.9132 -9.1413 0
19.967 41.4751 0
86.3005 133.779 0
-3.26891 2.01023 0
-6.41381 -6.11026 0
-76.0755 -41.6045 0
-38.9641 -37.1631 0
2.24686 0.357674 0
42.5444 65.3103 0
-108.844 19.8618 51.613
-24.1784 0.00112212 0
-4.48733 -0.314602 0
218.713 141.43 0
2.52239 -3.45865 0
54.0993 55.3213 0
-32.577 7.60516 0
43.4004 219.107 0
-0.894553 6.64406 0
-28.3927 -2.35587 0
0.240647 1.83238 0
2.84221 1.20192 0
-35.5175 -88.3246 16.9913
249.42 167.766 0
-92.2472 -73.7314 0
11.2132 -5.31789 0
3.30224 -0.475761 0
1.20975 1.5901 0
80.7599 -110.097 140.432
52.9994 -35.7699 0
-48.0708 -28.8392 0
-77.7085 -75.7571 0
35.9973 -337.011 0
39.7888 -74.855 0
2.60281 -1.12987 0
2.3917 -29.3601 0
359.123 283.263 96.1383
-269.62 -410.483 117.157
-0.146959 1.62169 0
2.15317 -1.07892 0
-16.6201 164.26 0
1.99054 0.402892 0
-223.367 147.839 104.258
-113.808 -4.68764 56.7215
-24.42 0.302157 0
28.2125 154.174 100.959
-206.987 -2.34344 4.76874
-1.46898 -18.4075 0
0.26805 -3.98073 0
1.08428 1.57823 0
-30.6883 -58.1019 0
-12.4392 -6.66489 0
-86.7006 -12.6471 0
0.709685 1.43448 0
-11.0384 11.4348 0
0.185513 13.6658 0
38.7508 23.2379 0
-31.2461 9.14324 0
0.589619 17.2628 0
-0.128469 -2.15411 0
-0.148645 -0.428073 0
1.93773 10.8901 0
-1.20597 1.50866 0
-98.5138 -58.8112 2.20667
0.134352 -1.45057 0
-107.532 -118.326 0
-96.6546 -66.4112 0
-44.9865 -164.748 121.229
120.917 77.4352 0
157.121 -33.727 79.3662
19.5912 476.698 17.2493
219.142 32.7104 0
2.6436 1.75594 0
1.0767 94.7019 0
71.2251 207.787 247.092
0.600784 -3.85387 0
6.14966 -1.32296 0
-1.99465 -19.2381 0
3.2878 -12.9621 0
-2.72368 8.25274 0
3.39331 -4.88001 0
-0.459216 0.185513 0
4.89596 7.07631 0
71.5063 216.837 80.9665
-0.393243 41.6392 0
46.6442 238.277 139.661
-0.539012 -2.16232 0
0.600118 -130.276 145.448
1.29967 -86.3128 0
-1.67698 2.2231 0
0.0151363 -3.36851 0
-0.264279 3.52689 0
-49.5575 -296.729 106.705
0.728162 16.423 0
-6.46713 -55.4975 341.182
-118.675 -120.29 239.666
-13.6383 -6.03399 0
0.601173 -0.30067 20.0507
0.600019 -0.300083 141.081
0.600997 -0.300837 24.7621
-16.5857 -6.99608 0
13.4745 -12.8851 0
-9.56628 22.5817 0
6.78775 4.97546 0
7.50726 5.69447 0
-3.26099 1.8925 0
-13.6336 169.753 49.936
181.543 -71.5327 264.033
10.1063 -146.645 0
18.1052 146.773 4.8554
-2.99493 82.4988 0
-14.8945 0.205795 0
1.29634 2.57207 0
2.44445 6.9515 0
-15.6651 -21.0815 0
-1.85935 74.5669 0
90.4261 32.8627 69.6214
34.2036 70.9018 0
-92.6453 -16.2197 160.993
3.06412 -1.88901 0
20.7379 -109.08 49.6778
-0.380656 -53.81 0
-0.249795 1.46504 0
2.35609 -0.875101 0
99.6205 5.54324 142.84
-5.25049 4.52724 0
-15.5768 -31.4672 0
634.787 -79.7384 198.548
16.7041 -0.400705 0
0.278254 -3.01065 0
0.600003 -1.12311e-06 20.0828
0.600018 1.88847e-08 141.189
0.600115 -4.17246e-06 24.8568
21.3702 -23.8818 0
20.4408 -10.7679 0
23.6738 -7.5486 0
5.36281 3.72258 0
23.968 23.0426 0
-32.4495 -38.622 0
-5.35418 -49.5112 0
-97.6 17.3825 86.6191
-0.218983 2.56307 0
19.6183 123.291 20.2515
-8.20225 71.2045 14.0276
-10.587 8.3534 0
9.98412 28.653 0
0.431149 25.0098 0
2.09536 1.8097 0
145.845 -61.5687 0
0.403592 4.6467 0
-1.9529 -20.3712 0
315.004 -181.853 55.6636
112.627 151.386 31.9613
20.4521 -109.488 51.5063
11.1601 -16.582 0
0.520018 -8.38832 0
-0.0164017 3.40606 0
47.2272 113.421 0
-9.16717 -0.633028 0
-20.976 -88.8769 0
-1.57205 17.9133 0
-10.8544 -27.1979 0
-47.0396 46.239 0
0.600406 0.299983 20.0506
0.600214 0.300045 141.082
0.601054 0.300222 24.7624
2.65046 5.23374 0
-0.683773 -2.14499 0
2.63869 -0.223274 0
-33.5602 -30.9691 0
113.868 3.6386 17.1474
201.155 -282.679 45.0901
-8.98706 -167.105 5.1981
4.75025 0.707356 0
-32.5293 105.875 0
0.600108 158.05 132.834
-0.0929272 86.3186 0
0.53973 -2.94375 0
-1.6165 -1.53592 0
-26.5972 -15.0255 0
2.64706 -35.588 0
-2.34048 1.43984 0
37.3103 -0.460253 0
-1464.7 -623.098 625.576
-180.403 -71.7745 33.5779
0.606631 3.4166 0
-2.08106 6.03919 0
1.52969 6.20126 0
8.38679 4.9432 0
-2.49079 -4.17751 0
-67.2679 -11.424 0
11.5572 5.26121 0
-60.1266 -154.243 85.724
-62.3451 -26.4062 0
14.0737 -11.2821 0
2.07959 -1.20187 0
2.36465 0.145456 0
-119.063 -98.9541 0
-13.9667 130.045 0
1.37415 -2.18096 0
4.2261 -7.8401 0
11.6868 -10.5824 0
0.519971 101.255 534.29
-42.2031 -104.437 36.6587
-5.82365 124.518 0
3.32798 -7.17131 0
2.33191 -0.477695 0
7.97409 -7.5876 0
12.3764 -9.24621 0
-2.86028 10.405 0
-4.90078 -6.08294 0
2.88438 -58.9391 0
18.5354 -0.99866 0
1.43026 -3.33324 0
202.666 -59.8043 44.5008
247.455 -4.3896 0
3.071 1.12735 0
22.2592 17.1501 0
42.9851 -172.925 0
-181.297 119.261 13.5743
84.7876 -1.31449 0
-65.4718 45.006 0
-33.218 2.55011 0
-254.543 257.127 95.0039
9.39502 -2.17382 0
302.272 82.1034 82.5123
-5.28337 9.98188 0
60.9119 -11.8758 0
13.0517 -8.69778 0
12.3934 12.6793 0
74.3002 240.057 0
50.5268 -207.57 0
-137.167 68.8455 156.8
-0.0848816 1.79298 0
-41.9239 -9.34645 0
-43.2698 44.3041 0
1.86302 1.35682 0
2.196 -2.07679 0
0.0126551 3.34134 0
-2.13798 0.168877 0
2.18384 -0.471221 0
7.3942 -3.50048 0
-264.385 205.09 128.371
-8.67394 3.16214 0
2.56416 -0.31819 0
-22.4112 2.66185 0
-9.4116 30.2757 0
1.88983 -1.94693 0
-3.61041 3.90357 0
-186.699 54.6578 0
2.53812 -2.13987 0
-0.825164 3.48856 0
-106.774 107.906 59.5795
91.2611 0.869973 0
7.20726 -172.345 4.11585
11.9237 -105.819 0
2.01669 0.256908 0
1.41242 -5.0646 0
3.16323 -1.29151 0
102.47 7.66389 55.4047
152.384 137.255 32.9779
-359.973 275.467 85.0635
29.6 15.3184 0
242.001 244.16 156.494
-329.574 -65.4526 131.855
-185.498 146.902 47.9161
-0.817543 -2.86493 0
-65.0792 -73.0751 35.5419
-162.951 32.8885 0
43.1823 77.9291 0
23.0209 3.79349 0
4.24795 27.6027 0
-180.289 -133.982 0
4.59442 -0.322687 0
-276.892 225.826 166.167
-149.412 109.902 0
816.442 -219.902 237.559
1.24566 1.57882 0
-19.3844 -2.02322 0
39.6201 -390.654 102.06
-0.910513 -227.764 103.998
4.76356 -81.2063 0
-1.42849 -1.48989 0
2.86579 5.67618 0
2.4396 -0.425562 0
-191.572 -8.83539 52.3837
68.892 2.58217 0
195.875 236.741 739.056
3.75157 2.32785 0
1.32248 6.25706 0
0.673123 -1.20646 0
3.19794 -1.39414 0
-0.0556124 -73.3794 52.4624
-5.34823 -79.6476 13.8752
-5.92251 282.135 82.1747
1.4644 1.52088 0
11.0821 8.65 0
10.1858 2.73594 0
-121.314 -64.5784 0
1.12002 -5.73188 0
100.136 114.334 0
159.684 48.1238 0
2.21137 6.40197 0
-53.8053 142.342 299.398
-9.52632 1.53227 0
5.61539 -9.28326 0
-0.771444 -0.457677 0
-4.58813 4.23829 0
-107.131 95.4128 39.4116
2.25456 0.0175604 0
-0.497877 1.35213 0
-15.0204 30.7109 0
3.00603 2.15691 0
-32.8229 -38.5753 0
58.5506 222.819 19.9157
-14.409 -17.8989 0
178.458 184.483 55.5559
2.28974 -0.697412 0
6.84169 -9.68372 0
-2.6961 -9.36293 0
2.10722 0.255396 0
1.87893 -1.94306 0
27.0935 27.8413 0
2.29419 0.908558 0
6.50552 -15.4553 0
2.14025 -0.41388 0
-94.3505 -88.6319 0
-33.1183 26.6694 0
-1.16693 -1.74843 0
-19.3552 86.7984 127.783
-71.1058 228.312 3.8411
-29.6805 70.2011 0
32.8768 -36.6055 0
-3.11686 18.9079 0
489.735 -278.717 83.7199
2.1214 -0.323745 0
90.6601 60.7637 0
-19.0508 -253.152 25.1053
-61.933 97.1478 107.716
104.571 -0.525064 0
-119.655 19.4571 48.5881
-24.1082 -0.300555 0
-48.5695 -80.282 0
-21.6216 2.71634 0
-0.138715 1.46879 0
7.71535 3.514 0
-52.7704 0.824267 0
-219.994 14.8393 6.47533
9.0421 18.2193 0
224.261 362.622 85.6017
0.677296 1.95072 0
1145.65 -685.254 48.1322
-0.4646 -1.56567 0
-0.591607 -3.62413 0
2.30896 -3.81121 0
8.87064 2.49487 0
-25.0218 -35.0476 0
-553.283 389.502 589.183
2.02148 0.0339261 0
2.11607 -0.916237 0
-0.372996 1.29656 0
-67.9062 46.8527 106.123
-203.612 278.799 316.806
-75.6083 87.889 0
-0.572582 1.44436 0
83.4183 -42.5996 0
1.17197 -2.42673 0
52.4593 144.675 0
3.08802 4.59644 0
0.187406 -1.82511 0
53.3639 60.7233 0
8.92487 26.892 129.383
51.8652 1.69691 0
-114.153 19.5452 50.7352
-24.1165 0.000906573 0
-8.44237 -0.237996 0
-42.9489 11.8274 0
3.3638 20.488 0
17.2187 19.5682 0
12.033 0.395527 0
4.48737 1.34832 0
-25.0804 -17.0928 0
-83.87 -120.781 70.0526
-22.292 32.7977 26.2849
65.3541 -354.372 85.6088
-30.488 -122.614 0
-4.36662 4.03374 0
-34.9717 -44.4923 0
-46.0031 -102.972 0
2.30568 3.92936 0
123.962 21.1889 0
64.1688 12.9205 0
-140.319 -116.124 99.8002
-680.775 -32.3975 311.872
1.38637 -1.57313 0
-82.8143 -83.5518 164.613
52.4249 -19.8587 0
112.435 297.607 117.101
64.7249 -38.8453 0
1.83387 5.04441 0
13.046 -6.71901 0
12.2279 1.42356 0
7.20383 -1.72151 0
51.6841 -220.123 0
-1.1987 -2.07651 0
21.7263 1.8069 0
-119.519 -4.64804 55.7226
-24.1071 0.301943 0
-32.2519 -73.3971 0
-105.25 16.5221 0
-169.184 -243.812 0
-105.527 -72.5331 0
-18.6846 22.0722 64.3622
15.0811 -3.26354 0
-35.7113 -15.6734 0
263.336 269.857 213.213
0.396101 1.82811 0
-0.737516 0.471989 0
-296.717 114.414 22.1273
9.81619 18.8509 0
2.71016 12.3692 0
2.87454 1.90398 0
-8.15182 -0.767195 0
2.34689 0.224988 0
16.7408 5.9436 0
-70.3664 11.0108 0
-7.82788 -18.6071 0
-364.102 216.632 0
-91.2087 -94.1041 0
-2.90743 -3.21253 0
2.5352 0.0423092 0
0.822503 31.825 0
29.5331 84.2683 0
-58.453 141.417 198.13
1.9588 0.594173 0
12.2991 17.6557 0
1.02918 1.69405 0
-137.992 -17.959 0
0.904078 -3.43088 0
2.08481 -0.292322 0
-1.86531 -19.5397 0
-0.226184 -1.65903 0
-210.567 -77.5224 78.4599
0.413597 -1.87211 0
7.61415 -49.2285 0
7.49346 4.51395 0
0.653854 -2.80126 0
0.53647 -9.49427 0
5.13992 28.5493 0
0.515152 -1.90577 0
0.901085 -157.263 127.334
0.900934 -82.6965 0
2.78681 1.06479 0
0.857501 -2.80477 0
5.29514 -4.72708 0
-15.0642 -14.1342 0
4.5895 -3.42155 0
-9.20049 -74.4895 0
2.00999 -2.46282 0
2.85666 -0.674994 0
0.900272 -0.300155 20.0455
0.900224 -0.300118 140.499
0.900634 -0.300251 24.2532
-67.3669 -7.73195 0
-7.23033 -1.3321 0
-105.352 47.8195 33.4989
27.3632 3.37631 0
-4.48313 10.6645 0
3.87515 1.11847 0
-14.9862 48.0357 0
-0.193951 5.92577 0
-0.537372 5.36637 0
-4.87739 171.23 0
0.901304 24.6825 0
10.6 13.3781 0
178.644 5.61138 0
-28.9401 -24.3804 0
-8.67006 12.6146 0
-3.72787 0.761472 0
-59.9384 117.524 0
-6.02458 -19.6074 0
-4.56187 -41.7726 0
2.55585 1.61378 0
-3.5621 -138.371 49.7784
-0.0712158 -58.542 0
-15.7241 9.49618 0
-9.29052 -197.87 0
-17.2576 37.27 0
3.42605 -5.99668 0
-39.3481 23.4288 0
6.07675 -5.09555 0
1.16079 -2.11812 0
1.99088 -1.81675 0
0.900142 -1.61893e-06 20.0535
0.900208 -4.39978e-08 140.627
0.900881 -2.24399e-06 24.3645
16.7533 -53.5348 5.75666
-1.21166 -1.70947 0
-34.4503 -16.7101 0
-267.182 69.8837 88.3146
-73.4359 -12.5807 91.8829
245.086 -187.307 9.29221
49.4467 -44.4042 70.9186
9.96155 -10.438 0
2.4373 -2.0571 0
-7.57762 91.028 49.4684
-7.64492 72.4544 10.7887
-0.3334 1.25397 0
-110.914 7.07165 4.47105
-1.61103 -13.4075 0
-22.9236 23.7568 0
-86.2772 162.182 0
0.383408 -2.43342 0
2.72941 17.6013 0
1.62202 1.32215 0
2.60332 15.2438 0
-3.6001 -138.762 51.9419
2.35202 -20.3465 0
-54.3336 -41.7181 0
3.15046 2.25449 0
-88.0815 28.8323 0
4.56072 0.207902 0
0.660656 -2.46529 0
-1.88255 -1.43225 0
16.1482 -126.736 0
0.923018 1.99492 0
0.901326 0.299988 20.0471
0.900419 0.300079 140.5
0.902127 0.300237 24.2554
-15.0314 22.1173 0
0.70373 -4.95918 0
-61.0542 -55.0671 0
1.37505 1.53486 0
-38.1214 23.9343 0
-3.67926 5.28979 0
-12.7537 -77.5799 0
2.11104 1.01955 0
-0.724467 1.82894 0
0.901083 182.484 112.22
0.171734 87.8058 0
-3.15867 -4.60359 0
-11.2133 -26.1476 0
-5.90187 -0.638537 0
-3.42053 -3.99255 0
18.4074 12.6051 0
-27.1204 -117.449 0
-74.6773 42.0089 0
0.604719 1.54431 0
0.909739 3.41765 0
69.5741 303.665 125.764
0.594585 7.448 0
-44.17 82.4003 0
-138.565 7.70072 49.175
1.30638 1.33868 0
-2.38785 0.613695 0
123.372 -32.1213 0
24.543 -288.814 0.0578144
-5.90401 -3.62069 0
2.99453 -0.075046 0
0.833907 1.70773 0
-222.901 52.3493 0
87.4289 81.5123 0
1.9943 -3.15327 0
-56.0284 29.3868 0
2.0752 -1.39819 0
12.6731 -116.422 0
-2.87844 -10.7547 0
0.497198 -2.44761 0
0.308598 -2.29929 0
0.446798 -1.79409 0
2.45067 -0.632678 0
209.066 -180.821 213.315
0.167867 1.83397 0
0.551753 6.51382 0
7.46455 -8.16097 0
133.15 -164.313 0
-32.2289 -47.8425 146.595
21.6743 -57.5192 0
177.471 80.735 0
0.931822 2.19408 0
-45.8309 -97.5589 0
119.293 25.3343 0
183.177 -0.30006 112.15
94.2047 -0.299106 0
-8.82391 0.826182 0
0.690616 -3.15527 13.5623
159.799 77.2763 0
50.4075 29.3871 0
-24.9499 -49.08 35.6942
22.7975 8.19978 0
0.144601 1.46215 0
-59.2573 43.9396 0
2.27305 0.758585 0
1.90582 2.79132 0
-117.566 144.593 0
-110.998 84.7934 0
33.8626 -6.27186 0
-80.0814 -8.57142 0
-135.274 79.1367 0
34.0615 -173.055 0
-52.5043 -50.1339 0
3.22882 -0.117185 0
-25.2798 -17.0714 0
85.2347 -151.747 10.9378
14.778 -15.237 0
-294.912 457.816 30.3689
-6.47899 29.5413 0
-10.0911 3.25769 0
5.5601 -1.76479 0
132.491 -129.161 0
-47.7778 20.9924 0
-4.77688 13.3297 0
0.81969 2.5421 0
4.0299 4.12876 0
-0.598341 -2.51107 0
183.029 1.19173e-05 112.289
94.2261 0.00713755 0
-4.47713 -0.185909 0
-1.42152 -1.55362 0
2.56506 -3.18571 0
-54.2444 -7.2988 0
199.219 -80.9034 144.019
-41.0039 -33.851 0
1.74585 3.23193 0
-147.875 187.698 125.605
-108.619 -12.7244 0
11.2235 13.6071 0
-40.1701 79.3856 0
-79.793 -53.2335 0
10.5422 6.2585 0
2.22116 -0.530912 0
-103.568 -50.8454 0
-78.5544 -61.7495 33.5455
3.00043 42.5003 0
-252.939 40.8442 201.223
-164.26 54.7413 15.2964
1.82097 0.840583 0
1.23398 -2.24998 0
-1.24841 -1.62743 0
-117.078 24.1661 0
-14.1339 0.69275 0
2.05992 0.437552 0
-3.35924 -15.5044 0
-71.4575 -140.274 0
29.909 39.1251 0
-21.7529 -36.1215 0
168.242 119.635 0
-0.419923 -1.43562 0
183.177 0.30007 112.15
94.2249 0.313454 0
-8.83517 -1.34624 0
32.4682 -200.367 0
37.4925 -61.4941 0
-2.72498 5.44346 0
-0.900596 -1.87853 0
-0.693496 2.12185 0
-2.80614 6.86533 0
-5.80844 5.61733 0
1.53133 1.44654 0
-5.14249 10.4541 0
2.43479 1.81145 0
133.911 154.3 0
15.3571 14.0748 0
10.3118 -0.789286 0
6.23495 -0.364068 0
53.1047 43.7186 76.1859
8.31431 64.3365 0
187.317 24.4327 0
-20.4816 13.8991 0
2.52119 -0.1882 0
-1.08782 1.46378 0
90.2054 -79.8504 0
-52.5694 -123.26 0
1.36292 7.54718 0
-9.02584 -20.3509 0
2.57555 0.527467 0
-3.87705 -5.77427 0
17.678 -1.48495 0
1.28412 1.36031 0
1.32405 -2.49692 0
VERTICES 2541 5082
1 0
1 1
1 2
1 3
1 4
1 5
1 6
1 7
1 8
1 9
1 10
1 11
1 12
1 13
1 14
1 15
1 16
1 17
1 18
1 19
1 20
1 21
1 22
1 23
1 24
1 25
1 26
1 27
1 28
1 29
1 30
1 31
1 32
1 33
1 34
1 35
1 36
1 37
1 38
1 39
1 40
1 41
1 42
1 43
1 44
1 45
1 46
1 47
1 48
1 49
1 50
1 51
1 52
1 53
1 54
1 55
1 56
1 57
1 58
1 59
1 60
1 61
1 62
1 63
1 64
1 65
1 66
1 67
1 68
1 69
1 70
1 71
1 72
1 73
1 74
1 75
1 76
1 77
1 78
1 79
1 80
1 81
1 82
1 83
1 84
1 85
1 86
1 87
1 88
1 89
1 90
1 91
1 92
1 93
1 94
1 95
1 96
1 97
1 98
1 99
1 100
1 101
1 102
1 103
1 104
1 105
1 106
1 107
1 108
1 109
1 110
1 111
1 112
1 113
1 114
1 115
1 116
1 117
1 118
1 119
1 120
1 121
1 122
1 123
1 124
1 125
1 126
1 127
1 128
1 129
1 130
1 131
1 132
1 133
1 134
1 135
1 136
1 137
1 138
1 139
1 140
1 141
1 142
1 143
1 144
1 145
1 146
1 147
1 148
1 149
1 150
1 151
1 152
1 153
1 154
1 155
1 156
1 157
1 158
1 159
1 160
1 161
1 162
1 163
1 164
1 165
1 166
1 167
1 168
1 169
1 170
1 171
1 172
1 173
1 174
1 175
1 176
1 177
1 178
1 179
1 180
1 181
1 182
1 183
1 184
1 185
1 186
1 187
1 188
1 189
1 190
1 191
1 192
1 193
1 194
1 195
1 196
1 197
1 198
1 199
1 200
1 201
1 202
1 203
1 204
1 205
1 206
1 207
1 208
1 209
1 210
1 211
1 212
1 213
1 214
1 215
1 216
1 217
1 218
1 219
1 220
1 221
1 222
1 223
1 224
1 225
1 226
1 227
1 228
1 229
1 230
1 231
1 232
1 233
1 234
1 235
1 236
1 237
1 238
1 239
1 240
1 241
1 242
1 243
1 244
1 245
1 246
1 247
1 248
1 249
1 250
1 251
1 252
1 253
1 254
1 255
1 256
1 257
1 258
1 259
1 260
1 261
1 262
1 263
1 264
1 265
1 266
1 267
1 268
1 269
1 270
1 271
1 272
1 273
1 274
1 275
1 276
1 277
1 278
1 279
1 280
1 281
1 282
1 283
1 284
1 285
1 286
1 287
1 288
1 289
1 290
1 291
1 292
1 293
1 294
1 295
1 296
1 297
1 298
1 299
1 300
1 301
1 302
1 303
1 304
1 305
1 306
1 307
1 308
1 309
1 310
1 311
1 312
1 313
1 314
1 315
1 316
1 317
1 318
1 319
1 320
1 321
1 322
1 323
1 324
1 325
1 326
1 327
1 328
1 329
1 330
1 331
1 332
1 333
1 334
1 335
1 336
1 337
1 338
1 339
1 340
1 341
1 342
1 343
1 344
1 345
1 346
1 347
1 348
1 349
1 350
1 351
1 352
1 353
1 354
1 355
1 356
1 357
1 358
1 359
1 360
1 361
1 362
1 363
1 364
1 365
1 366
1 367
1 368
1 369
1 370
1 371
1 372
1 373
1 374
1 375
1 376
1 377
1 378
1 379
1 380
1 381
1 382
1 383
1 384
1 385
1 386
1 387
1 388
1 389
1 390
1 391
1 392
1 393
1 394
1 395
1 396
1 397
1 398
1 399
1 400
1 401
1 402
1 403
1 404
1 405
1 406
1 407
1 408
1 409
1 410
1 411
1 412
1 413
1 414
1 415
1 416
1 417
1 418
1 419
1 420
1 421
1 422
1 423
1 424
1 425
1 426
1 427
1 428
1 429
1 430
1 431
1 432
1 433
1 434
1 435
1 436
1 437
1 438
1 439
1 440
1 441
1 442
1 443
1 444
1 445
1 446
1 447
1 448
1 449
1 450
1 451
1 452
1 453
1 454
1 455
1 456
1 457
1 458
1 459
1 460
1 461
1 462
1 463
1 464
1 465
1 466
1 467
1 468
1 469
1 470
1 471
1 472
1 473
1 474
1 475
1 476
1 477
1 478
1 479
1 480
1 481
1 482
1 483
1 484
1 485
1 486
1 487
1 488
1 489
1 490
1 491
1 492
1 493
1 494
1 495
1 496
1 497
1 498
1 499
1 500
1 501
1 502
1 503
1 504
1 505
1 506
1 507
1 508
1 509
1 510
1 511
1 512
1 513
1 514
1 515
1 516
1 517
1 518
1 519
1 520
1 521
1 522
1 523
1 524
1 525
1 526
1 527
1 528
1 529
1 530
1 531
1 532
1 533
1 534
1 535
1 536
1 537
1 538
1 539
1 540
1 541
1 542
1 543
1 544
1 545
1 546
1 547
1 548
1 549
1 550
1 551
1 552
1 553
1 554
1 555
1 556
1 557
1 558
1 559
1 560
1 561
1 562
1 563
1 564
1 565
1 566
1 567
1 568
1 569
1 570
1 571
1 572
1 573
1 574
1 575
1 576
1 577
1 578
1 579
1 580
1 581
1 582
1 583
1 584
1 585
1 586
1 587
1 588
1 589
1 590
1 591
1 592
1 593
1 594
1 595
1 596
1 597
1 598
1 599
1 600
1 601
1 602
1 603
1 604
1 605
1 606
1 607
1 608
1 609
1 610
1 611
1 612
1 613
1 614
1 615
1 616
1 617
1 618
1 619
1 620
1 621
1 622
1 623
1 624
1 625
1 626
1 627
1 628
1 629
1 630
1 631
1 632
1 633
1 634
1 635
1 636
1 637
1 638
1 639
1 640
1 641
1 642
1 643
1 644
1 645
1 646
1 647
1 648
1 649
1 650
1 651
1 652
1 653
1 654
1 655
1 656
1 657
1 658
1 659
1 660
1 661
1 662
1 663
1 664
1 665
1 666
1 667
1 668
1 669
1 670
1 671
1 672
1 673
1 674
1 675
1 676
1 677
1 678
1 679
1 680
1 681
1 682
1 683
1 684
1 685
1 686
1 687
1 688
1 689
1 690
1 691
1 692
1 693
1 694
1 695
1 696
1 697
1 698
1 699
1 700
1 701
1 702
1 703
1 704
1 705
1 706
1 707
1 708
1 709
1 710
1 711
1 712
1 713
1 714
1 715
1 716
1 717
1 718
1 719
1 720
1 721
1 722
1 723
1 724
1 725
1 726
1 727
1 728
1 729
1 730
1 731
1 732
1 733
1 734
1 735
1 736
1 737
1 738
1 739
1 740
1 741
1 742
1 743
1 744
1 745
1 746
1 747
1 748
1 749
1 750
1 751
1 752
1 753
1 754
1 755
1 756
1 757
1 758
1 759
1 760
1 761
1 762
1 763
1 764
1 765
1 766
1 767
1 768
1 769
1 770
1 771
1 772
1 773
1 774
1 775
1 776
1 777
1 778
1 779
1 780
1 781
1 782
1 783
1 784
1 785
1 786
1 787
1 788
1 789
1 790
1 791
1 792
1 793
1 794
1 795
1 796
1 797
1 798
1 799
1 800
1 801
1 802
1 803
1 804
1 805
1 806
1 807
1 808
1 809
1 810
1 811
1 812
1 813
1 814
1 815
1 816
1 817
1 818
1 819
1 820
1 821
1 822
1 823
1 824
1 825
1 826
1 827
1 828
1 829
1 830
1 831
1 832
1 833
1 834
1 835
1 836
1 837
1 838
1 839
1 840
1 841
1 842
1 843
1 844
1 845
1 846
1 847
1 848
1 849
1 850
1 851
1 852
1 853
1 854
1 855
1 856
1 857
1 858
1 859
1 860
1 861
1 862
1 863
1 864
1 865
1 866
1 867
1 868
1 869
1 870
1 871
1 872
1 873
1 874
1 875
1 876
1 877
1 878
1 879
1 880
1 881
1 882
1 883
1 884
1 885
1 886
1 887
1 888
1 889
1 890
1 891
1 892
1 893
1 894
1 895
1 896
1 897
1 898
1 899
1 900
1 901
1 902
1 903
1 904
1 905
1 906
1 907
1 908
1 909
1 910
1 911
1 912
1 913
1 914
1 915
1 916
1 917
1 918
1 919
1 920
1 921
1 922
1 923
1 924
1 925
1 926
1 927
1 928
1 929
1 930
1 931
1 932
1 933
1 934
1 935
1 936
1 937
1 938
1 939
1 940
1 941
1 942
1 943
1 944
1 945
1 946
1 947
1 948
1 949
1 950
1 951
1 952
1 953
1 954
1 955
1 956
1 957
1 958
1 959
1 960
1 961
1 962
1 963
1 964
1 965
1 966
1 967
1 968
1 969
1 970
1 971
1 972
1 973
1 974
1 975
1 976
1 977
1 978
1 979
1 980
1 981
1 982
1 983
1 984
1 985
1 986
1 987
1 988
1 989
1 990
1 991
1 992
1 993
1 994
1 995
1 996
1 997
1 998
1 999
1 1000
1 1001
1 1002
1 1003
1 1004
1 1005
1 1006
1 1007
1 1008
1 1009
1 1010
1 1011
1 1012
1 1013
1 1014
1 1015
1 1016
1 1017
1 1018
1 1019
1 1020
1 1021
1 1022
1 1023
1 1024
1 1025
1 1026
1 1027
1 1028
1 1029
1 1030
1 1031
1 1032
1 1033
1 1034
1 1035
1 1036
1 1037
1 1038
1 1039
1 1040
1 1041
1 1042
1 1043
1 1044
1 1045
1 1046
1 1047
1 1048
1 1049
1 1050
1 1051
1 1052
1 1053
1 1054
1 1055
1 1056
1 1057
1 1058
1 1059
1 1060
1 1061
1 1062
1 1063
1 1064
1 1065
1 1066
1 1067
1 1068
1 1069
1 1070
1 1071
1 1072
1 1073
1 1074
1 1075
1 1076
1 1077
1 1078
1 1079
1 1080
1 1081
1 1082
1 1083
1 1084
1 1085
1 1086
1 1087
1 1088
1 1089
1 1090
1 1091
1 1092
1 1093
1 1094
1 1095
1 1096
1 1097
1 1098
1 1099
1 1100
1 1101
1 1102
1 1103
1 1104
1 1105
1 1106
1 1107
1 1108
1 1109
1 1110
1 1111
1 1112
1 1113
1 1114
1 1115
1 1116
1 1117
1 1118
1 1119
1 1120
1 1121
1 1122
1 1123
1 1124
1 1125
1 1126
1 1127
1 1128
1 1129
1 1130
1 1131
1 1132
1 1133
1 1134
1 1135
1 1136
1 1137
1 1138
1 1139
1 1140
1 1141
1 1142
1 1143
1 1144
1 1145
1 1146
1 1147
1 1148
1 1149
1 1150
1 1151
1 1152
1 1153
1 1154
1 1155
1 1156
1 1157
1 1158
1 1159
1 1160
1 1161
1 1162
1 1163
1 1164
1 1165
1 1166
1 1167
1 1168
1 1169
1 1170
1 1171
1 1172
1 1173
1 1174
1 1175
1 1176
1 1177
1 1178
1 1179
1 1180
1 1181
1 1182
1 1183
1 1184
1 1185
1 1186
1 1187
1 1188
1 1189
1 1190
1 1191
1 1192
1 1193
1 1194
1 1195
1 1196
1 1197
1 1198
1 1199
1 1200
1 1201
1 1202
1 1203
1 1204
1 1205
1 1206
1 1207
1 1208
1 1209
1 1210
1 1211
1 1212
1 1213
1 1214
1 1215
1 1216
1 1217
1 1218
1 1219
1 1220
1 1221
1 1222
1 1223
1 1224
1 1225
1 1226
1 1227
1 1228
1 1229
1 1230
1 1231
1 1232
1 1233
1 1234
1 1235
1 1236
1 1237
1 1238
1 1239
1 1240
1 1241
1 1242
1 1243
1 1244
1 1245
1 1246
1 1247
1 1248
1 1249
1 1250
1 1251
1 1252
1 1253
1 1254
1 1255
1 1256
1 1257
1 1258
1 1259
1 1260
1 1261
1 1262
1 1263
1 1264
1 1265
1 1266
1 1267
1 1268
1 1269
1 1270
1 1271
1 1272
1 1273
1 1274
1 1275
1 1276
1 1277
1 1278
1 1279
1 1280
1 1281
1 1282
1 1283
1 1284
1 1285
1 1286
1 1287
1 1288
1 1289
1 1290
1 1291
1 1292
1 1293
1 1294
1 1295
1 1296
1 1297
1 1298
1 1299
1 1300
1 1301
1 1302
1 1303
1 1304
1 1305
1 1306
1 1307
1 1308
1 1309
1 1310
1 1311
1 1312
1 1313
1 1314
1 1315
1 1316
1 1317
1 1318
1 1319
1 1320
1 1321
1 1322
1 1323
1 1324
1 1325
1 1326
1 1327
1 1328
1 1329
1 1330
1 1331
1 1332
1 1333
1 1334
1 1335
1 1336
1 1337
1 1338
1 1339
1 1340
1 1341
1 1342
1 1343
1 1344
1 1345
1 1346
1 1347
1 1348
1 1349
1 1350
1 1351
1 1352
1 1353
1 1354
1 1355
1 1356
1 1357
1 1358
1 1359
1 1360
1 1361
1 1362
1 1363
1 1364
1 1365
1 1366
1 1367
1 1368
1 1369
1 1370
1 1371
1 1372
1 1373
1 1374
1 1375
1 1376
1 1377
1 1378
1 1379
1 1380
1 1381
1 1382
1 1383
1 1384
1 1385
1 1386
1 1387
1 1388
1 1389
1 1390
1 1391
1 1392
1 1393
1 1394
1 1395
1 1396
1 1397
1 1398
1 1399
1 1400
1 1401
1 1402
1 1403
1 1404
1 1405
1 1406
1 1407
1 1408
1 1409
1 1410
1 1411
1 1412
1 1413
1 1414
1 1415
1 1416
1 1417
1 1418
1 1419
1 1420
1 1421
1 1422
1 1423
1 1424
1 1425
1 1426
1 1427
1 1428
1 1429
1 1430
1 1431
1 1432
1 1433
1 1434
1 1435
1 1436
1 1437
1 1438
1 1439
1 1440
1 1441
1 1442
1 1443
1 1444
1 1445
1 1446
1 1447
1 1448
1 1449
1 1450
1 1451
1 1452
1 1453
1 1454
1 1455
1 1456
1 1457
1 1458
1 1459
1 1460
1 1461
1 1462
1 1463
1 1464
1 1465
1 1466
1 1467
1 1468
1 1469
1 1470
1 1471
1 1472
1 1473
1 1474
1 1475
1 1476
1 1477
1 1478
1 1479
1 1480
1 1481
1 1482
1 1483
1 1484
1 1485
1 1486
1 1487
1 1488
1 1489
1 1490
1 1491
1 1492
1 1493
1 1494
1 1495
1 1496
1 1497
1 1498
1 1499
1 1500
1 1501
1 1502
1 1503
1 1504
1 1505
1 1506
1 1507
1 1508
1 1509
1 1510
1 1511
1 1512
1 1513
1 1514
1 1515
1 1516
1 1517
1 1518
1 1519
1 1520
1 1521
1 1522
1 1523
1 1524
1 1525
1 1526
1 1527
1 1528
1 1529
1 1530
1 1531
1 1532
1 1533
1 1534
1 1535
1 1536
1 1537
1 1538
1 1539
1 1540
1 1541
1 1542
1 1543
1 1544
1 1545
1 1546
1 1547
1 1548
1 1549
1 1550
1 1551
1 1552
1 1553
1 1554
1 1555
1 1556
1 1557
1 1558
1 1559
1 1560
1 1561
1 1562
1 1563
1 1564
1 1565
1 1566
1 1567
1 1568
1 1569
1 1570
1 1571
1 1572
1 1573
1 1574
1 1575
1 1576
1 1577
1 1578
1 1579
1 1580
1 1581
1 1582
1 1583
1 1584
1 1585
1 1586
1 1587
1 1588
1 1589
1 1590
1 1591
1 1592
1 1593
1 1594
1 1595
1 1596
1 1597
1 1598
1 1599
1 1600
1 1601
1 1602
1 1603
1 1604
1 1605
1 1606
1 1607
1 1608
1 1609
1 1610
1 1611
1 1612
1 1613
1 1614
1 1615
1 1616
1 1617
1 1618
1 1619
1 1620
1 1621
1 1622
1 1623
1 1624
1 1625
1 1626
1 1627
1 1628
1 1629
1 1630
1 1631
1 1632
1 1633
1 1634
1 1635
1 1636
1 1637
1 1638
1 1639
1 1640
1 1641
1 1642
1 1643
1 1644
1 1645
1 1646
1 1647
1 1648
1 1649
1 1650
1 1651
1 1652
1 1653
1 1654
1 1655
1 1656
1 1657
1 1658
1 1659
1 1660
1 1661
1 1662
1 1663
1 1664
1 1665
1 1666
1 1667
1 1668
1 1669
1 1670
1 1671
1 1672
1 1673
1 1674
1 1675
1 1676
1 1677
1 1678
1 1679
1 1680
1 1681
1 1682
1 1683
1 1684
1 1685
1 1686
1 1687
1 1688
1 1689
1 1690
1 1691
1 1692
1 1693
1 1694
1 1695
1 1696
1 1697
1 1698
1 1699
1 1700
1 1701
1 1702
1 1703
1 1704
1 1705
1 1706
1 1707
1 1708
1 1709
1 1710
1 1711
1 1712
1 1713
1 1714
1 1715
1 1716
1 1717
1 1718
1 1719
1 1720
1 1721
1 1722
1 1723
1 1724
1 1725
1 1726
1 1727
1 1728
1 1729
1 1730
1 1731
1 1732
1 1733
1 1734
1 1735
1 1736
1 1737
1 1738
1 1739
1 1740
1 1741
1 1742
1 1743
1 1744
1 1745
1 1746
1 1747
1 1748
1 1749
1 1750
1 1751
1 1752
1 1753
1 1754
1 1755
1 1756
1 1757
1 1758
1 1759
1 1760
1 1761
1 1762
1 1763
1 1764
1 1765
1 1766
1 1767
1 1768
1 1769
1 1770
1 1771
1 1772
1 1773
1 1774
1 1775
1 1776
1 1777
1 1778
1 1779
1 1780
1 1781
1 1782
1 1783
1 1784
1 1785
1 1786
1 1787
1 1788
1 1789
1 1790
1 1791
1 1792
1 1793
1 1794
1 1795
1 1796
1 1797
1 1798
1 1799
1 1800
1 1801
1 1802
1 1803
1 1804
1 1805
1 1806
1 1807
1 1808
1 1809
1 1810
1 1811
1 1812
1 1813
1 1814
1 1815
1 1816
1 1817
1 1818
1 1819
1 1820
1 1821
1 1822
1 1823
1 1824
1 1825
1 1826
1 1827
1 1828
1 1829
1 1830
1 1831
1 1832
1 1833
1 1834
1 1835
1 1836
1 1837
1 1838
1 1839
1 1840
1 1841
1 1842
1 1843
1 1844
1 1845
1 1846
1 1847
1 1848
1 1849
1 1850
1 1851
1 1852
1 1853
1 1854
1 1855
1 1856
1 1857
1 1858
1 1859
1 1860
1 1861
1 1862
1 1863
1 1864
1 1865
1 1866
1 1867
1 1868
1 1869
1 1870
1 1871
1 1872
1 1873
1 1874
1 1875
1 1876
1 1877
1 1878
1 1879
1 1880
1 1881
1 1882
1 1883
1 1884
1 1885
1 1886
1 1887
1 1888
1 1889
1 1890
1 1891
1 1892
1 1893
1 1894
1 1895
1 1896
1 1897
1 1898
1 1899
1 1900
1 1901
1 1902
1 1903
1 1904
1 1905
1 1906
1 1907
1 1908
1 1909
1 1910
1 1911
1 1912
1 1913
1 1914
1 1915
1 1916
1 1917
1 1918
1 1919
1 1920
1 1921
1 1922
1 1923
1 1924
1 1925
1 1926
1 1927
1 1928
1 1929
1 1930
1 1931
1 1932
1 1933
1 1934
1 1935
1 1936
1 1937
1 1938
1 1939
1 1940
1 1941
1 1942
1 1943
1 1944
1 1945
1 1946
1 1947
1 1948
1 1949
1 1950
1 1951
1 1952
1 1953
1 1954
1 1955
1 1956
1 1957
1 1958
1 1959
1 1960
1 1961
1 1962
1 1963
1 1964
1 1965
1 1966
1 1967
1 1968
1 1969
1 1970
1 1971
1 1972
1 1973
1 1974
1 1975
1 1976
1 1977
1 1978
1 1979
1 1980
1 1981
1 1982
1 1983
1 1984
1 1985
1 1986
1 1987
1 1988
1 1989
1 1990
1 1991
1 1992
1 1993
1 1994
1 1995
1 1996
1 1997
1 1998
1 1999
1 2000
1 2001
1 2002
1 2003
1 2004
1 2005
1 2006
1 2007
1 2008
1 2009
1 2010
1 2011
1 2012
1 2013
1 2014
1 2015
1 2016
1 2017
1 2018
1 2019
1 2020
1 2021
1 2022
1 2023
1 2024
1 2025
1 2026
1 2027
1 2028
1 2029
1 2030
1 2031
1 2032
1 2033
1 2034
1 2035
1 2036
1 2037
1 2038
1 2039
1 2040
1 2041
1 2042
1 2043
1 2044
1 2045
1 2046
1 2047
1 2048
1 2049
1 2050
1 2051
1 2052
1 2053
1 2054
1 2055
1 2056
1 2057
1 2058
1 2059
1 2060
1 2061
1 2062
1 2063
1 2064
1 2065
1 2066
1 2067
1 2068
1 2069
1 2070
1 2071
1 2072
1 2073
1 2074
1 2075
1 2076
1 2077
1 2078
1 2079
1 2080
1 2081
1 2082
1 2083
1 2084
1 2085
1 2086
1 2087
1 2088
1 2089
1 2090
1 2091
1 2092
1 2093
1 2094
1 2095
1 2096
1 2097
1 2098
1 2099
1 2100
1 2101
1 2102
1 2103
1 2104
1 2105
1 2106
1 2107
1 2108
1 2109
1 2110
1 2111
1 2112
1 2113
1 2114
1 2115
1 2116
1 2117
1 2118
1 2119
1 2120
1 2121
1 2122
1 2123
1 2124
1 2125
1 2126
1 2127
1 2128
1 2129
1 2130
1 2131
1 2132
1 2133
1 2134
1 2135
1 2136
1 2137
1 2138
1 2139
1 2140
1 2141
1 2142
1 2143
1 2144
1 2145
1 2146
1 2147
1 2148
1 2149
1 2150
1 2151
1 2152
1 2153
1 2154
1 2155
1 2156
1 2157
1 2158
1 2159
1 2160
1 2161
1 2162
1 2163
1 2164
1 2165
1 2166
1 2167
1 2168
1 2169
1 2170
1 2171
1 2172
1 2173
1 2174
1 2175
1 2176
1 2177
1 2178
1 2179
1 2180
1 2181
1 2182
1 2183
1 2184
1 2185
1 2186
1 2187
1 2188
1 2189
1 2190
1 2191
1 2192
1 2193
1 2194
1 2195
1 2196
1 2197
1 2198
1 2199
1 2200
1 2201
1 2202
1 2203
1 2204
1 2205
1 2206
1 2207
1 2208
1 2209
1 2210
1 2211
1 2212
1 2213
1 2214
1 2215
1 2216
1 2217
1 2218
1 2219
1 2220
1 2221
1 2222
1 2223
1 2224
1 2225
1 2226
1 2227
1 2228
1 2229
1 2230
1 2231
1 2232
1 2233
1 2234
1 2235
1 2236
1 2237
1 2238
1 2239
1 2240
1 2241
1 2242
1 2243
1 2244
1 2245
1 2246
1 2247
1 2248
1 2249
1 2250
1 2251
1 2252
1 2253
1 2254
1 2255
1 2256
1 2257
1 2258
1 2259
1 2260
1 2261
1 2262
1 2263
1 2264
1 2265
1 2266
1 2267
1 2268
1 2269
1 2270
1 2271
1 2272
1 2273
1 2274
1 2275
1 2276
1 2277
1 2278
1 2279
1 2280
1 2281
1 2282
1 2283
1 2284
1 2285
1 2286
1 2287
1 2288
1 2289
1 2290
1 2291
1 2292
1 2293
1 2294
1 2295
1 2296
1 2297
1 2298
1 2299
1 2300
1 2301
1 2302
1 2303
1 2304
1 2305
1 2306
1 2307
1 2308
1 2309
1 2310
1 2311
1 2312
1 2313
1 2314
1 2315
1 2316
1 2317
1 2318
1 2319
1 2320
1 2321
1 2322
1 2323
1 2324
1 2325
1 2326
1 2327
1 2328
1 2329
1 2330
1 2331
1 2332
1 2333
1 2334
1 2335
1 2336
1 2337
1 2338
1 2339
1 2340
1 2341
1 2342
1 2343
1 2344
1 2345
1 2346
1 2347
1 2348
1 2349
1 2350
1 2351
1 2352
1 2353
1 2354
1 2355
1 2356
1 2357
1 2358
1 2359
1 2360
1 2361
1 2362
1 2363
1 2364
1 2365
1 2366
1 2367
1 2368
1 2369
1 2370
1 2371
1 2372
1 2373
1 2374
1 2375
1 2376
1 2377
1 2378
1 2379
1 2380
1 2381
1 2382
1 2383
1 2384
1 2385
1 2386
1 2387
1 2388
1 2389
1 2390
1 2391
1 2392
1 2393
1 2394
1 2395
1 2396
1 2397
1 2398
1 2399
1 2400
1 2401
1 2402
1 2403
1 2404
1 2405
1 2406
1 2407
1 2408
1 2409
1 2410
1 2411
1 2412
1 2413
1 2414
1 2415
1 2416
1 2417
1 2418
1 2419
1 2420
1 2421
1 2422
1 2423
1 2424
1 2425
1 2426
1 2427
1 2428
1 2429
1 2430
1 2431
1 2432
1 2433
1 2434
1 2435
1 2436
1 2437
1 2438
1 2439
1 2440
1 2441
1 2442
1 2443
1 2444
1 2445
1 2446
1 2447
1 2448
1 2449
1 2450
1 2451
1 2452
1 2453
1 2454
1 2455
1 2456
1 2457
1 2458
1 2459
1 2460
1 2461
1 2462
1 2463
1 2464
1 2465
1 2466
1 2467
1 2468
1 2469
1 2470
1 2471
1 2472
1 2473
1 2474
1 2475
1 2476
1 2477
1 2478
1 2479
1 2480
1 2481
1 2482
1 2483
1 2484
1 2485
1 2486
1 2487
1 2488
1 2489
1 2490
1 2491
1 2492
1 2493
1 2494
1 2495
1 2496
1 2497
1 2498
1 2499
1 2500
1 2501
1 2502
1 2503
1 2504
1 2505
1 2506
1 2507
1 2508
1 2509
1 2510
1 2511
1 2512
1 2513
1 2514
1 2515
1 2516
1 2517
1 2518
1 2519
1 2520
1 2521
1 2522
1 2523
1 2524
1 2525
1 2526
1 2527
1 2528
1 2529
1 2530
1 2531
1 2532
1 2533
1 2534
1 2535
1 2536
1 2537
1 2538
1 2539
1 2540
POINT_DATA 2541
SCALARS density float 1
LOOKUP_TABLE default
500
500
500
500
500
500
500
500
500
500
500
500
500
500
500
500
500
500
500
500
500
500
500
500
500
500
500
500
500
500
500
500
500
500
500
500
500
500
500
500
500
500
500
500
500
500
500
500
500
500
500
500
500
500
500
500
500
500
500
500
500
500
500
500
500
500
500
500
500
500
500
500
500
500
500
500
500
500
500
500
500
500
500
500
500
500
500
500
500
500
500
500
500
500
500
500
500
500
500
500
500
500
500
500
500
500
500
500
500
500
500
500
500
500
500
500
500
500
500
500
500
500
500
500
500
500
500
500
500
500
500
500
500
500
500
500
500
500
500
500
500
500
500
500
500
500
500
500
500
500
500
500
500
500
500
500
500
500
500
500
500
500
500
500
500
500
500
500
500
500
500
500
500
500
500
500
500
500
500
500
500
500
500
500
500
500
500
500
500
500
500
500
500
500
500
500
500
500
500
500
500
500
500
500
500
500
500
500
500
500
500
500
500
500
500
500
500
500
500
500
500
500
500
500
500
500
500
500
500
500
500
500
500
500
500
500
500
500
500
500
500
500
500
500
500
500
500
500
500
500
500
500
500
500
500
500
500
500
500
500
500
500
500
500
500
500
500
500
500
500
500
500
500
500
500
500
500
500
500
500
500
500
500
500
500
500
500
500
500
500
500
500
500
500
500
500
500
500
500
500
500
500
500
500
500
500
500
500
500
500
500
500
500
500
500
500
500
500
500
500
500
500
500
500
500
500
500
500
500
500
500
500
500
500
500
500
500
500
500
500
500
500
500
500
500
500
500
500
500
500
500
500
500
500
500
500
500
500
500
500
500
500
500
500
500
500
500
500
500
500
500
500
500
500
500
500
500
500
500
500
500
500
500
500
500
500
500
500
500
500
500
500
500
500
500
500
500
500
500
500
500
500
500
500
500
500
500
500
500
500
500
500
500
500
500
500
500
500
500
500
500
500
500
500
500
500
500
500
500
500
500
500
500
500
500
500
500
500
500
500
500
500
500
500
500
500
500
500
500
500
500
500
500
500
500
500
500
500
500
500
500
500
500
500
500
500
500
500
500
500
500
500
500
500
500
500
500
500
500
500
500
500
500
500
500
500
500
500
500
500
500
500
500
500
500
500
500
500
500
500
500
500
500
500
500
500
500
500
500
500
500
500
500
500
500
500
500
500
500
500
500
500
500
500
500
500
500
500
500
500
500
500
500
500
500
500
500
500
500
500
500
500
500
500
500
500
500
500
500
500
500
500
500
500
500
500
500
500
500
500
500
500
500
500
500
500
500
500
500
500
500
500
500
500
500
500
500
500
500
500
500
500
500
500
500
500
500
500
500
500
500
500
500
500
500
500
500
500
500
500
500
500
500
500
500
500
500
500
500
500
500
500
500
500
500
500
500
500
500
500
500
500
500
500
500
500
500
500
500
500
500
500
500
500
500
500
500
500
500
500
500
500
500
500
500
500
500
500
500
500
500
500
500
500
500
500
500
500
500
500
500
500
500
500
500
500
500
500
500
500
500
500
500
500
500
500
500
500
500
500
500
500
500
500
500
500
500
500
500
500
500
500
500
500
500
500
500
500
500
500
500
500
500
500
500
500
500
500
500
500
500
500
500
500
500
500
500
500
500
500
500
500
500
500
500
500
500
500
500
500
500
500
500
500
500
500
500
500
500
500
500
500
500
500
500
500
500
500
500
500
500
500
500
500
500
500
500
500
500
500
500
500
500
500
500
500
500
500
500
500
500
500
500
500
500
500
500
500
500
500
500
500
500
500
500
500
500
500
500
500
500
500
500
500
500
500
500
500
500
500
500
500
500
500
500
500
500
500
500
500
500
500
500
500
500
500
500
500
500
500
500
500
500
500
500
500
500
500
500
500
500
500
500
500
500
500
500
500
500
500
500
500
500
500
500
500
500
500
500
500
500
500
500
500
500
500
500
500
500
500
500
500
500
500
500
500
500
500
500
500
500
500
500
500
500
500
500
500
500
500
500
500
500
500
500
500
500
500
500
500
500
500
500
500
500
500
500
500
500
500
500
500
500
500
500
500
500
500
500
500
500
500
500
500
500
500
500
500
500
500
500
500
500
500
500
500
500
500
500
500
500
500
500
500
500
500
500
500
500
500
500
500
500
500
500
500
500
500
500
500
500
500
500
500
500
500
500
500
500
500
500
500
500
500
500
500
500
500
500
500
500
500
500
500
500
500
500
500
500
500
500
500
500
500
500
500
500
500
500
500
500
500
500
500
500
500
500
500
500
500
500
500
500
500
500
500
500
500
500
500
500
500
500
500
500
500
500
500
500
500
500
500
500
500
500
500
500
500
500
500
500
500
500
500
500
500
500
500
500
500
500
500
500
500
500
500
500
500
500
500
500
500
500
500
500
500
500
500
500
500
500
500
500
500
500
500
500
500
500
500
500
500
500
500
500
500
500
500
500
500
500
500
500
500
500
500
500
500
500
500
500
500
500
500
500
500
500
500
500
500
500
500
500
500
500
500
500
500
500
500
500
500
500
500
500
500
500
500
500
500
500
500
500
500
500
500
500
500
500
500
500
500
500
500
500
500
500
500
500
500
500
500
500
500
500
500
500
500
500
500
500
500
500
500
500
500
500
500
500
500
500
500
500
500
500
500
500
500
500
500
500
500
500
500
500
500
500
500
500
500
500
500
500
500
500
500
500
500
500
500
500
500
500
500
500
500
500
500
500
500
500
500
500
500
500
500
500
500
500
500
500
500
500
500
500
500
500
500
500
500
500
500
500
500
500
500
500
500
500
500
500
500
500
500
500
500
500
500
500
500
500
500
500
500
500
500
500
500
500
500
500
500
500
500
500
500
500
500
500
500
500
500
500
500
500
500
500
500
500
500
500
500
500
500
500
500
500
500
500
500
500
500
500
500
500
500
500
500
500
500
500
500
500
500
500
500
500
500
500
500
500
500
500
500
500
500
500
500
500
500
500
500
500
500
500
500
500
500
500
500
500
500
500
500
500
500
500
500
500
500
500
500
500
500
500
500
500
500
500
500
500
500
500
500
500
500
500
500
500
500
500
500
500
500
500
500
500
500
500
500
500
500
500
500
500
500
500
500
500
500
500
500
500
500
500
500
500
500
500
500
500
500
500
500
500
500
500
500
500
500
500
500
500
500
500
500
500
500
500
500
500
500
500
500
500
500
500
500
500
500
500
500
500
500
500
500
500
500
500
500
500
500
500
500
500
500
500
500
500
500
500
500
500
500
500
500
500
500
500
500
500
500
500
500
500
500
500
500
500
500
500
500
500
500
500
500
500
500
500
500
500
500
500
500
500
500
500
500
500
500
500
500
500
500
500
500
500
500
500
500
500
500
500
500
500
500
500
500
500
500
500
500
500
500
500
500
500
500
500
500
500
500
500
500
500
500
500
500
500
500
500
500
500
500
500
500
500
500
500
500
500
500
500
500
500
500
500
500
500
500
500
500
500
500
500
500
500
500
500
500
500
500
500
500
500
500
500
500
500
500
500
500
500
500
500
500
500
500
500
500
500
500
500
500
500
500
500
500
500
500
500
500
500
500
500
500
500
500
500
500
500
500
500
500
500
500
500
500
500
500
500
500
500
500
500
500
500
500
500
500
500
500
500
500
500
500
500
500
500
500
500
500
500
500
500
500
500
500
500
500
500
500
500
500
500
500
500
500
500
500
500
500
500
500
500
500
500
500
500
500
500
500
500
500
500
500
500
500
500
500
500
500
500
500
500
500
500
500
500
500
500
500
500
500
500
500
500
500
500
500
500
500
500
500
500
500
500
500
500
500
500
500
500
500
500
500
500
500
500
500
500
500
500
500
500
500
500
500
500
500
500
500
500
500
500
500
500
500
500
500
500
500
500
500
500
500
500
500
500
500
500
500
500
500
500
500
500
500
500
500
500
500
500
500
500
500
500
500
500
500
500
500
500
500
500
500
500
500
500
500
500
500
500
500
500
500
500
500
500
500
500
500
500
500
500
500
500
500
500
500
500
500
500
500
500
500
500
500
500
500
500
500
500
500
500
500
500
500
500
500
500
500
500
500
500
500
500
500
500
500
500
500
500
500
500
500
500
500
500
500
500
500
500
500
500
500
500
500
500
500
500
500
500
500
500
500
500
500
500
500
500
500
500
500
500
500
500
500
500
500
500
500
500
500
500
500
500
500
500
500
500
500
500
500
500
500
500
500
500
500
500
500
500
500
500
500
500
500
500
500
500
500
500
500
500
500
500
500
500
500
500
500
500
500
500
500
500
500
500
500
500
500
500
500
500
500
500
500
500
500
500
500
500
500
500
500
500
500
500
500
500
500
500
500
500
500
500
500
500
500
500
500
500
500
500
500
500
500
500
500
500
500
500
500
500
500
500
500
500
500
500
500
500
500
500
500
500
500
500
500
500
500
500
500
500
500
500
500
500
500
500
500
500
500
500
500
500
500
500
500
500
500
500
500
500
500
500
500
500
500
500
500
500
500
500
500
500
500
500
500
500
500
500
500
500
500
500
500
500
500
500
500
500
500
500
500
500
500
500
500
500
500
500
500
500
500
500
500
500
500
500
500
500
500
500
500
500
500
500
500
500
500
500
500
500
500
500
500
500
500
500
500
500
500
500
500
500
500
500
500
500
500
500
500
500
500
500
500
500
500
500
500
500
500
500
500
500
500
500
500
500
500
500
500
500
500
500
500
500
500
500
500
500
500
500
500
500
500
500
500
500
500
500
500
500
500
500
500
500
500
500
500
500
500
500
500
500
500
500
500
500
500
500
500
500
500
500
500
500
500
500
500
500
500
500
500
500
500
500
500
500
500
500
500
500
500
500
500
500
500
500
500
500
500
500
500
500
500
500
500
500
500
500
500
500
500
500
500
500
500
500
500
500
500
500
500
500
500
500
500
500
500
500
500
500
500
500
500
500
500
500
500
500
500
500
500
500
500
500
500
500
500
500
500
500
500
500
500
500
500
500
500
500
500
500
500
500
500
500
500
500
500
500
500
500
500
500
500
500
500
500
500
500
500
500
500
500
500
500
500
500
500
500
500
500
500
500
500
500
500
500
500
500
500
500
500
500
500
500
500
500
500
500
500
500
500
500
500
500
500
500
500
500
500
500
500
500
500
500
500
500
500
500
500
500
500
500
500
500
500
500
500
500
500
500
500
500
500
500
500
500
500
500
500
500
500
500
500
500
500
500
500
500
500
500
500
500
500
500
500
500
500
500
500
500
500
500
500
500
500
500
500
500
500
500
500
500
500
500
500
500
500
500
500
500
500
500
500
500
500
500
500
500
500
500
500
500
500
500
500
500
500
500
500
500
500
500
500
500
500
500
500
500
500
500
500
500
500
500
500
500
500
500
500
500
500
500
500
500
500
500
500
500
500
500
500
500
500
500
500
500
500
500
500
500
500
500
500
500
500
500
500
500
500
500
500
500
500
500
500
500
500
500
500
500
500
500
500
500
500
500
500
500
500
500
500
500
500
500
500
500
500
500
500
500
500
500
500
500
500
500
500
500
500
500
500
500
500
500
500
500
500
500
500
500
500
500
500
500
500
500
500
500
500
500
500
500
500
500
500
500
500
500
500
500
500
500
500
500
500
500
500
500
500
500
500
500
500
500
500
500
500
500
500
500
500
500
500
500
500
500
500
500
500
500
500
500
500
500
500
500
500
500
500
500
500
500
500
500
500
500
500
500
500
500
500
500
500
500
500
500
500
500
500
500
500
500
500
500
500
500
SCALARS pressure float 1
LOOKUP_TABLE default
0
0
0
0
0
0
0
0
0
0
0
0
0
0
0
0
0
0
0
0
0
0
0
0
0
0
0
0
0
0
0
0
0
0
0
0
0
0
0
0
0
0
0
0
0
0
0
0
0
0
0
0
0
0
0
0
0
0
0
0
0
0
0
0
0
0
0
0
0
0
0
0
0
0
0
0
0
0
0
0
0
0
0
0
0
0
0
0
0
0
0
0
0
0
0
0
0
0
0
0
0
0
0
0
0
0
0
0
0
0
0
0
0
0
0
0
0
0
0
0
0
0
0
0
0
0
0
0
0
0
0
0
0
0
0
0
0
0
0
0
0
0
0
0
0
0
0
0
0
0
0
0
0
0
0
0
0
0
0
0
0
0
0
0
0
0
0
0
0
0
0
0
0
0
0
0
0
0
0
0
0
0
0
0
0
0
0
0
0
0
0
0
0
0
0
0
0
0
0
0
0
0
0
0
0
0
0
0
0
0
0
0
0
0
0
0
0
0
0
0
0
0
0
0
0
0
0
0
0
0
0
0
0
0
0
0
0
0
0
0
0
0
0
0
0
0
0
0
0
0
0
0
0
0
0
0
0
0
0
0
0
0
0
0
0
0
0
0
0
0
0
0
0
0
0
0
0
0
0
0
0
0
0
0
0
0
0
0
0
0
0
0
0
0
0
0
0
0
0
0
0
0
0
0
0
0
0
0
0
0
0
0
0
0
0
0
0
0
0
0
0
0
0
0
0
0
0
0
0
0
0
0
0
0
0
0
0
0
0
0
0
0
0
0
0
0
0
0
0
0
0
0
0
0
0
0
0
0
0
0
0
0
0
0
0
0
0
0
0
0
0
0
0
0
0
0
0
0
0
0
0
0
0
0
0
0
0
0
0
0
0
0
0
0
0
0
0
0
0
0
0
0
0
0
0
0
0
0
0
0
0
0
0
0
0
0
0
0
0
0
0
0
0
0
0
0
0
0
0
0
0
0
0
0
0
0
0
0
0
0
0
0
0
0
0
0
0
0
0
0
0
0
0
0
0
0
0
0
0
0
0
0
0
0
0
0
0
0
0
0
0
0
0
0
0
0
0
0
0
0
0
0
0
0
0
0
0
0
0
0
0
0
0
0
0
0
0
0
0
0
0
0
0
0
0
0
0
0
0
0
0
0
0
0
0
0
0
0
0
0
0
0
0
0
0
0
0
0
0
0
0
0
0
0
0
0
0
0
0
0
0
0
0
0
0
0
0
0
0
0
0
0
0
0
0
0
0
0
0
0
0
0
0
0
0
0
0
0
0
0
0
0
0
0
0
0
0
0
0
0
0
0
0
0
0
0
0
0
0
0
0
0
0
0
0
0
0
0
0
0
0
0
0
0
0
0
0
0
0
0
0
0
0
0
0
0
0
0
0
0
0
0
0
0
0
0
0
0
0
0
0
0
0
0
0
0
0
0
0
0
0
0
0
0
0
0
0
0
0
0
0
0
0
0
0
0
0
0
0
0
0
0
0
0
0
0
0
0
0
0
0
0
0
0
0
0
0
0
0
0
0
0
0
0
0
0
0
0
0
0
0
0
0
0
0
0
0
0
0
0
0
0
0
0
0
0
0
0
0
0
0
0
0
0
0
0
0
0
0
0
0
0
0
0
0
0
0
0
0
0
0
0
0
0
0
0
0
0
0
0
0
0
0
0
0
0
0
0
0
0
0
0
0
0
0
0
0
0
0
0
0
0
0
0
0
0
0
0
0
0
0
0
0
0
0
0
0
0
0
0
0
0
0
0
0
0
0
0
0
0
0
0
0
0
0
0
0
0
0
0
0
0
0
0
0
0
0
0
0
0
0
0
0
0
0
0
0
0
0
0
0
0
0
0
0
0
0
0
0
0
0
0
0
0
0
0
0
0
0
0
0
0
0
0
0
0
0
0
0
0
0
0
0
0
0
0
0
0
0
0
0
0
0
0
0
0
0
0
0
0
0
0
0
0
0
0
0
0
0
0
0
0
0
0
0
0
0
0
0
0
0
0
0
0
0
0
0
0
0
0
0
0
0
0
0
0
0
0
0
0
0
0
0
0
0
0
0
0
0
0
0
0
0
0
0
0
0
0
0
0
0
0
0
0
0
0
0
0
0
0
0
0
0
0
0
0
0
0
0
0
0
0
0
0
0
0
0
0
0
0
0
0
0
0
0
0
0
0
0
0
0
0
0
0
0
0
0
0
0
0
0
0
0
0
0
0
0
0
0
0
0
0
0
0
0
0
0
0
0
0
0
0
0
0
0
0
0
0
0
0
0
0
0
0
0
0
0
0
0
0
0
0
0
0
0
0
0
0
0
0
0
0
0
0
0
0
0
0
0
0
0
0
0
0
0
0
0
0
0
0
0
0
0
0
0
0
0
0
0
0
0
0
0
0
0
0
0
0
0
0
0
0
0
0
0
0
0
0
0
0
0
0
0
0
0
0
0
0
0
0
0
0
0
0
0
0
0
0
0
0
0
0
0
0
0
0
0
0
0
0
0
0
0
0
0
0
0
0
0
0
0
0
0
0
0
0
0
0
0
0
0
0
0
0
0
0
0
0
0
0
0
0
0
0
0
0
0
0
0
0
0
0
0
0
0
0
0
0
0
0
0
0
0
0
0
0
0
0
0
0
0
0
0
0
0
0
0
0
0
0
0
0
0
0
0
0
0
0
0
0
0
0
0
0
0
0
0
0
0
0
0
0
0
0
0
0
0
0
0
0
0
0
0
0
0
0
0
0
0
0
0
0
0
0
0
0
0
0
0
0
0
0
0
0
0
0
0
0
0
0
0
0
0
0
0
0
0
0
0
0
0
0
0
0
0
0
0
0
0
0
0
0
0
0
0
0
0
0
0
0
0
0
0
0
0
0
0
0
0
0
0
0
0
0
0
0
0
0
0
0
0
0
0
0
0
0
0
0
0
0
0
0
0
0
0
0
0
0
0
0
0
0
0
0
0
0
0
0
0
0
0
0
0
0
0
0
0
0
0
0
0
0
0
0
0
0
0
0
0
0
0
0
0
0
0
0
0
0
0
0
0
0
0
0
0
0
0
0
0
0
0
0
0
0
0
0
0
0
0
0
0
0
0
0
0
0
0
0
0
0
0
0
0
0
0
0
0
0
0
0
0
0
0
0
0
0
0
0
0
0
0
0
0
0
0
0
0
0
0
0
0
0
0
0
0
0
0
0
0
0
0
0
0
0
0
0
0
0
0
0
0
0
0
0
0
0
0
0
0
0
0
0
0
0
0
0
0
0
0
0
0
0
0
0
0
0
0
0
0
0
0
0
0
0
0
0
0
0
0
0
0
0
0
0
0
0
0
0
0
0
0
0
0
0
0
0
0
0
0
0
0
0
0
0
0
0
0
0
0
0
0
0
0
0
0
0
0
0
0
0
0
0
0
0
0
0
0
0
0
0
0
0
0
0
0
0
0
0
0
0
0
0
0
0
0
0
0
0
0
0
0
0
0
0
0
0
0
0
0
0
0
0
0
0
0
0
0
0
0
0
0
0
0
0
0
0
0
0
0
0
0
0
0
0
0
0
0
0
0
0
0
0
0
0
0
0
0
0
0
0
0
0
0
0
0
0
0
0
0
0
0
0
0
0
0
0
0
0
0
0
0
0
0
0
0
0
0
0
0
0
0
0
0
0
0
0
0
0
0
0
0
0
0
0
0
0
0
0
0
0
0
0
0
0
0
0
0
0
0
0
0
0
0
0
0
0
0
0
0
0
0
0
0
0
0
0
0
0
0
0
0
0
0
0
0
0
0
0
0
0
0
0
0
0
0
0
0
0
0
0
0
0
0
0
0
0
0
0
0
0
0
0
0
0
0
0
0
0
0
0
0
0
0
0
0
0
0
0
0
0
0
0
0
0
0
0
0
0
0
0
0
0
0
0
0
0
0
0
0
0
0
0
0
0
0
0
0
0
0
0
0
0
0
0
0
0
0
0
0
0
0
0
0
0
0
0
0
0
0
0
0
0
0
0
0
0
0
0
0
0
0
0
0
0
0
0
0
0
0
0
0
0
0
0
0
0
0
0
0
0
0
0
0
0
0
0
0
0
0
0
0
0
0
0
0
0
0
0
0
0
0
0
0
0
0
0
0
0
0
0
0
0
0
0
0
0
0
0
0
0
0
0
0
0
0
0
0
0
0
0
0
0
0
0
0
0
0
0
0
0
0
0
0
0
0
0
0
0
0
0
0
0
0
0
0
0
0
0
0
0
0
0
0
0
0
0
0
0
0
0
0
0
0
0
0
0
0
0
0
0
0
0
0
0
0
0
0
0
0
0
0
0
0
0
0
0
0
0
0
0
0
0
0
0
0
0
0
0
0
0
0
0
0
0
0
0
0
0
0
0
0
0
0
0
0
0
0
0
0
0
0
0
0
0
0
0
0
0
0
0
0
0
0
0
0
0
0
0
0
0
0
0
0
0
0
0
0
0
0
0
0
0
0
0
0
0
0
0
0
0
0
0
0
0
0
0
0
0
0
0
0
0
0
0
0
0
0
0
0
0
0
0
0
0
0
0
0
0
0
0
0
0
0
0
0
0
0
0
0
0
0
0
0
0
0
0
0
0
0
0
0
0
0
0
0
0
0
0
0
0
0
0
0
0
0
0
0
0
0
0
0
0
0
0
0
0
0
0
0
0
0
0
0
0
0
0
0
0
0
0
0
0
0
0
0
0
0
0
0
0
0
0
0
0
0
0
0
0
0
0
0
0
0
0
0
0
0
0
0
0
0
0
0
0
0
0
0
0
0
0
0
0
0
0
0
0
0
0
0
0
0
0
0
0
0
0
0
0
0
0
0
0
0
0
0
0
0
0
0
0
0
0
0
0
0
0
0
0
0
0
0
0
0
0
0
0
0
0
0
0
0
0
0
0
0
0
0
0
0
0
0
0
0
0
0
0
0
0
0
0
0
0
0
0
0
0
0
0
0
0
0
0
0
0
0
0
0
0
0
0
0
0
0
0
0
0
0
0
0
0
0
0
0
0
0
0
0
0
0
0
0
0
0
0
0
0
0
0
0
0
0
0
0
0
0
0
0
0
0
0
0
0
0
0
0
0
0
0
0
0
0
0
0
0
0
0
0
0
0
0
0
0
0
0
0
0
0
0
0
0
0
0
0
0
0
0
0
0
0
0
0
0
0
0
0
0
0
0
0
0
0
0
0
0
0
0
0
0
0
0
0
0
0
0
0
0
0
0
0
0
0
0
0
0
0
0
0
0
0
0
0
0
0
0
0
0
0
0
0
0
0
0
0
0
0
0
0
0
0
0
0
0
0
0
0
0
0
0
0
0
0
0
0
0
0
0
0
0
0
0
0
0
0
0
0
0
0
0
0
0
0
0
0
0
0
0
0
0
0
0
0
0
0
0
0
0
0
0
0
0
0
0
0
0
0
0
0
0
0
0
0
0
0
0
0
0
0
0
0
0
0
0
0
0
0
0
0
0
0
0
0
0
0
0
0
0
0
0
0
0
0
0
0
0
0
0
0
0
0
0
0
0
0
0
0
0
0
0
0
0
0
0
0
0
0
0
0
0
0
0
0
0
0
0
0
0
0
0
0
0
0
0
0
0
0
0
0
0
0
0
0
0
0
0
0
0
0
0
0
0
0
0
0
0
0
0
0
0
0
0
0
0
0
0
0
0
0
0
0
0
0
0
0
0
0
0
0
0
0
0
0
0
0
0
0
0
0
0
0
0
0
SCALARS speed float 1
LOOKUP_TABLE default
3.65213e-11
1.07612e-74
3.6435e-43
7.51677e-58
3.94479e-104
27.8619
1.39379e-65
2.44726e-58
6.65978e-84
2.41908e-10
3.98519e-103
6.83258e-75
31.6655
1.69397e-37
8.02204e-88
1.64115e-113
9.31318e-85
9.01598e-96
60.5014
31.1662
3.62417e-95
5.27133e-40
6.51843e-74
28.2336
7.41905e-49
1.2572e-75
9.81321e-63
9.29521e-58
4.23738e-35
52.9126
34.8971
58.9585
1.22721e-62
1.01925e-66
2.45766e-110
1.00063e-89
0.00188146
0.000838677
2.33071e-79
2.28915e-106
7.21299e-63
3.85387e-70
68.2409
1.58567e-62
1.94932e-25
8.6743e-116
1.81576e-94
1.65623e-114
1.10761e-112
1.09655e-100
4.72952e-102
4.0256e-10
1.27748e-60
4.00927e-35
1.47333e-108
8.34024e-63
28.2003
7.41926e-49
3.71312e-97
1.79371e-47
1.39159e-101
1.1565e-92
1.63847e-97
4.16075e-50
31.184
2.71872e-15
1.20883e-96
3.45259e-114
1.66261e-15
5.83435e-111
1.18161e-109
7.52543e-06
9.62706e-113
2.96641e-85
4.66239e-71
6.35323e-32
1.77756e-35
1.82164e-59
90.7235
8.88147e-58
9.94836e-81
4.66234e-98
3.50383e-111
1.42263e-111
2.00743e-63
5.09698e-51
8.16425e-41
9.73289e-81
1.36938e-29
28.2336
7.41761e-49
1.73229e-61
3.81521e-30
1.30884e-75
1.98741e-35
1.41581e-105
1.01693e-101
0.250442
4.26796e-45
2.45744e-93
42.3877
7.62169e-81
4.12283e-72
5.83393e-113
1.33861e-43
7.2517e-57
1.96788e-74
37.1159
2.42017e-38
21.6659
1.80018e-67
8.42523e-111
1.00062e-43
3.80531e-66
5.83981e-78
4.23965e-28
7.74433e-64
1.14155e-80
67.1843
4.06651e-55
1.14112e-108
1.71012e-114
6.95407e-25
4.18709e-101
7.33251e-114
29.1072
1.54676e-25
27.4633
5.97974e-97
1.3216e-74
1.78183e-46
7.7621e-106
1.30645e-82
28.2136
3.13691e-52
8.85653e-07
0.00424575
4.78077e-111
1.79487e-26
10.8333
4.64487e-45
59.7055
1.74616e-06
24.8311
3.54609
24.0281
4.08358e-74
1.78258e-51
25.5384
2.29222e-103
50.8646
3.63139e-43
34.3422
1.05074e-61
1.49311e-34
0.0201317
2.26424e-99
8.52717e-74
1.15887e-113
36.5865
1.58682e-44
4.92064e-111
3.29215e-67
4.78069e-11
31.2376
35.4061
31.9021
4.76191e-73
3.38156e-76
166.994
4.11943e-97
6.44409e-88
1.45241e-70
5.59133e-109
8.37095e-114
35.6769
24.8299
3.52366
24.0087
2.24714e-73
3.39523e-65
5.36368e-13
2.82984e-07
27.5958
2.77806e-106
26.7755
25.7521
3.37444e-87
24.6912
29.6812
1.76758e-78
2.21294e-38
1.11347e-44
7.23167e-21
2.6078e-72
2.09008e-63
2.88778e-66
1.23369e-45
8.69693e-56
31.8239
1.04406e-06
4.99084e-39
3.43023e-104
24.4104
24.1557
1.16533e-51
2.24543e-101
56.2954
3.34206e-96
24.831
3.54609
24.0278
25.757
4.28173e-104
32.7765
2.15467e-94
3.20631e-49
1.24765e-45
8.1688e-76
3.25335e-47
5.33661e-67
33.1538
1.57321e-56
2.13328e-84
1.06665e-38
38.5449
1.45889e-106
31.1035
2.81574e-61
8.97672e-113
75.184
1.04947e-95
94.2205
3.98232e-84
37.8842
20.5046
1.05855e-55
55.7626
61.0039
3.46434e-76
2.7499e-106
2.22987e-63
8.21319e-34
1.99582e-112
6.03082e-64
4.4538e-24
1.08078e-44
1.68483e-15
1.04364e-107
4.17157e-21
2.05602e-107
8.8927e-51
3.81636e-98
3.85141e-99
6.14016e-30
1.4086e-112
4.96092e-112
7.76208e-33
7.26909e-103
1.43291e-103
5.96722e-85
3.99403e-17
2.25631e-88
1.2064e-65
25.3436
39.3718
2.26611e-99
46.8355
1.92969e-113
22.0309
51.0367
6.10331e-77
7.42945e-91
2.86656e-77
39.5907
1.31734e-76
181.721
6.58348e-112
3.04128e-113
3.27281e-11
3.45111e-20
44.4359
1.86515e-107
3.04096e-12
13.2928
6.2977e-84
1.96309e-12
70.2786
4.7723e-07
2.80798e-103
6.1246e-42
2.28234e-46
1.75761e-37
3.17171e-67
38.0055
1.08635e-107
3.69198e-82
8.31321e-44
38.5298
2.26354e-99
9.69585e-13
2.17734e-101
1.09266e-46
7.02266e-40
2.59527e-54
1.8983e-90
7.07544e-22
2.15081e-16
2.97609e-48
80.9568
81.9276
25.548
2.00351e-59
6.31503e-13
5.79402e-112
3.55491e-78
4.24463e-39
2.29993e-29
1.66949e-75
24.409
1.11747e-17
2.05851e-111
1.97635e-24
1.48382e-110
0.000729356
68.0513
6.14173e-66
32.9118
1.64057e-65
32.7966
1.50758e-53
39.1314
2.26515e-99
280.945
58.2563
32.4954
2.32975e-35
1.69391e-70
3.09283e-108
1.00916e-107
41.0095
6.08845e-53
5.50656e-40
1.00734e-113
5.61959e-32
1.29586e-50
2.28511e-61
94.2069
6.60669e-53
6.66508e-112
4.56734e-49
4.02184e-97
2.20858e-60
4.28645e-62
29.9125
1.80909e-71
6.52435e-110
4.68276e-104
2.86467e-74
3.86203e-79
3.87017e-62
6.44826e-78
7.63194e-93
6.4998e-80
8.63758e-105
1.07309e-10
1.69908e-46
5.96801e-68
1.17252e-114
2.18283e-46
2.02681e-24
8.07683e-98
5.42558e-114
53.3883
1.21781e-32
8.05057e-114
53.7418
33.231
2.18594e-98
4.3302e-74
9.44397e-114
1.8471e-13
17.4085
2.1336e-74
6.90893e-37
1.85792e-112
13.9934
1.53607e-70
7.42183e-76
1.89106e-63
1.24177e-92
6.19941e-18
1.04655e-08
3.93141e-94
7.9606e-89
4.25129e-87
7.18846e-37
2.25759e-109
37.3085
2.74619e-39
4.5124e-51
117.127
8.29106e-114
2.94754e-70
3.49777e-78
4.56282e-110
10.2148
1.76299e-76
10.3293
4.68629e-60
7.406e-103
5.38459e-84
1.86888e-72
2.42945e-80
1.44608e-112
34.3032
40.3113
1.70407e-54
5.46121e-33
20.0495
2.48234e-34
1.06245e-98
7.86501e-52
2.97306e-107
3.40813e-112
1.82423e-49
9.50448e-47
59.2449
3.15094e-108
5.61859e-67
4.60067e-115
4.44797e-113
154.897
5.43073e-60
101.707
2.27589e-110
2.13112e-27
18.7061
163.572
4.41582e-59
6.10414e-89
74.4299
38.2637
1.78512e-91
4.20326e-103
3.04274e-101
5.22676e-114
1.93189e-99
9.12073e-59
28.7124
3.14983e-24
7.33393e-69
13.3207
2.23244e-58
7.83117e-36
32.3388
5.63129e-49
1.59825e-87
1.67629e-109
1.24366e-79
3.62847e-112
1.10957e-66
7.29685e-67
1.95544e-113
1.17251e-48
3.79398e-97
3.12374e-44
1.41101e-61
1.73018e-110
2.65532e-111
56.0195
19.0978
1.58518e-85
4.80815e-35
2.28461e-65
9.52069e-28
1.87169e-79
2.16726e-100
8.93141e-47
34.295
6.29915e-60
2.02244e-53
2.93869e-111
3.5764e-32
1.72057e-114
1.63122e-50
6.54345e-105
4.0022e-66
1.43454e-80
8.15105e-61
74.3984
4.51099e-43
9.58162e-21
2.64953e-68
1.3855e-84
4.53087e-110
23.0064
6.55497e-54
7.91646e-109
5.38636e-105
6.33017e-106
49.4379
50.4211
24.7257
6.32397e-30
2.75316e-102
24.8303
3.4436
23.9386
5.54524e-16
9.30312e-65
1.61644e-73
7.14084e-75
21.9538
2.94915e-113
1.43223e-36
1.29919e-69
2.61611e-42
37.7696
1.4766e-99
1.13332e-104
2.5594e-88
3.68464e-107
7.29947e-108
4.53274e-42
1.37583e-11
1.12302e-66
9.33591e-36
34.4748
27.5342
2.66671e-72
6.74041e-97
7.73593e-80
1.09105e-112
30.1132
5.97999e-101
58.2399
56.1042
9.22477e-74
24.8244
3.42462
23.9218
29.806
4.44221e-82
3.07818e-11
1.07993e-56
3.78993e-20
19.9851
27.3645
2.71029e-23
5.6218e-98
32.9812
28.5346
30.2445
8.04126e-92
7.95417e-94
6.87908e-96
8.46947e-75
3.50673e-20
9.16688e-95
2.43833e-68
1.03368e-85
27.3888
7.52187e-05
1.05047e-100
1.93417e-21
1.22251e-15
2.40483e-97
1.1541e-74
76.1217
4.2445e-71
1.08286e-25
24.83
3.44359
23.9384
3.07432e-51
9.04014e-64
1.26673e-29
19.3414
6.23431e-91
2.02281e-102
1.598e-34
37.3562
1.09322e-113
28.1693
6.55437e-54
5.75604e-45
7.25483e-105
2.17538e-21
47.0388
9.11407e-112
3.56668e-108
1.11642e-58
1.77436e-21
1.18857e-92
3.37753e-113
3.68236e-11
5.35521e-80
2.67784e-109
4.955e-24
7.62369e-103
14.1862
2.86063e-75
2.94651e-102
5.34756e-66
4.07467e-93
3.347e-35
8.32254e-24
8.51912e-43
1.2167e-98
3.48339e-54
1.81288e-89
34.2115
1.76894e-66
3.0802e-64
40.2377
2.00693e-76
4.17165e-113
7.19268e-114
6.68491e-115
4.08687e-100
1.00231e-64
1.4921e-61
1.48884e-46
1.58585e-59
6.2129e-32
1.95705e-74
5.21093e-87
38.5385
2.26552e-99
2.03528e-110
2.42195e-80
3.1559e-59
9.20722e-67
5.98564e-62
8.38709e-51
2.56919e-55
6.47182e-40
9.04008e-90
4.67645e-101
1.0786e-109
56.3458
2.29916e-105
1.95943e-19
73.8248
6.06745e-98
1.40057e-72
1.60881e-19
2.09278e-110
9.85436e-113
1.90398e-56
2.03918e-07
1.53121e-113
2.22835e-110
39.6758
35.5003
1.52883e-76
5.47915e-110
8.08133e-35
28.8763
2.81688e-101
37.7175
1.48343e-99
1.16341e-109
4.83605e-14
85.5378
2.04905e-10
7.79841e-44
3.89686e-43
1.72695e-35
4.05033e-90
4.55049e-113
43.065
75.5113
2.04773e-27
3.05469e-62
7.75204e-34
1.06267e-109
1.25356e-85
1.51043e-65
9.73276e-25
25.7588
7.86488e-76
52.8665
1.34806e-111
6.69851e-114
8.71664e-115
1.41379e-94
42.5096
3.64978e-47
1.42565e-88
2.58183e-54
9.4848e-111
2.04114e-56
38.2364
2.26134e-99
7.34234e-68
1.72023e-42
1.04025e-74
7.62873e-96
6.65657e-51
34.634
4.05308e-61
2.47924e-09
3.07479e-60
4.30667e-101
1.49926e-112
3.70817e-74
5.60091e-58
60.2591
3.98656e-99
8.84201e-107
32.299
1.76568e-72
1.9508e-35
7.64175e-110
1.71903e-113
6.53518e-31
2.48758e-74
9.73776e-104
5.49904e-112
43.8304
4.71221e-55
4.49959e-54
1.28874e-104
2.10324e-11
1.15492e-33
33.5165
1.03667e-53
3.01973e-78
6.00565e-109
1.56256e-68
6.77439e-112
2.0856e-23
1.31485e-70
1.21933e-23
5.48466e-56
5.7042e-90
8.03957e-114
4.9251e-25
33.7945
7.01066e-28
4.77728e-113
20.4112
1.59275e-107
2.20603e-107
35.5705
2.57292e-70
7.79452e-113
28.2706
1.11956e-80
1.06821e-95
6.04277e-108
4.71139e-56
7.5513e-74
1.31463e-77
4.38996e-110
2.05389e-76
68.9795
1.78242e-34
6.19262e-105
4.89583e-96
5.37666e-88
6.43173e-29
6.76425e-27
4.07942e-56
2.12664e-11
1.57281e-114
2.79066e-11
5.0718e-86
5.3859e-66
18.8073
28.2134
1.2162e-113
2.44444e-106
78.7048
2.43905e-06
3.54775e-51
6.45753e-70
1.9495e-51
4.00113e-114
8.87208e-49
27.3383
2.29638e-09
2.05817e-69
1.07386e-64
7.2574e-111
2.02223e-36
9.35574e-47
3.51502e-109
1.08523e-87
6.51003e-68
3.70012e-56
3.84032e-109
29.7799
4.60284e-88
6.8158e-29
21.2102
1.35221e-108
9.83252e-55
2.31114e-66
94.5587
1.86444e-42
28.0047
7.23858e-22
2.13326e-111
71.2062
7.3184e-29
62.6818
4.10575e-17
1.96228e-58
1.10288e-56
1.68381e-19
10.1835
9.82639e-98
27.139
1.84465e-52
1.34601e-97
43.564
4.01176e-42
0.000206982
2.28327e-22
3.97408e-56
1.04206e-62
1.02101e-69
8.18755e-72
3.00474e-113
1.5644e-114
3.07243e-102
1.27104e-88
4.50736e-111
13.5236
4.77469e-52
55.2058
9.12131e-60
12.3309
1.95884e-73
6.11867e-52
1.10279e-107
6.69983e-70
4.03292e-101
2.32803e-62
9.45235e-106
6.21967e-86
1.50544e-86
1.80371e-111
4.52028e-74
4.28297e-61
9.99715e-52
2.47131e-104
3.34669e-70
1.12783e-79
1.11116e-113
47.9309
21.0948
4.483e-106
43.0483
5.41457e-83
5.00243e-70
22.9954
6.55501e-54
9.30088e-09
183.742
4.16971e-99
9.03556e-61
6.72987e-24
3.55604e-71
8.51926e-68
1.39056e-61
24.8299
3.44271
23.9381
31.9394
3.78622e-73
3.29992e-104
32.8146
60.0888
0.000123854
7.58546e-73
30.912
3.02663e-43
37.7552
1.48226e-99
8.11318e-48
2.98056e-58
3.0979e-82
4.79954e-90
1.71401e-07
44.4042
120.018
2.70025e-47
33.4273
27.5193
2.66671e-72
47.7282
2.85474e-57
2.8213e-113
8.46386e-53
4.05693e-24
7.87239e-31
1.1119e-05
0.000545249
24.8236
3.42369
23.921
1.94612e-06
7.22523e-103
64.5087
4.31963e-65
2.14766e-17
2.68353e-49
22.546
6.44732e-91
1.90111e-37
32.9655
28.5915
1.01667e-68
34.765
1.02959e-114
6.90036e-52
1.28688e-34
8.53558e-52
50.5574
30.3953
2.40936e-82
27.3732
7.53215e-05
1.38991e-102
4.0511e-43
1.38313e-15
30.67
1.03759e-113
2.03037e-75
4.85102e-44
5.56161e-97
24.8296
3.44261
23.9379
2.93501e-82
4.70177e-20
1.04038e-63
46.6758
23.7618
0.00266861
21.344
1.77863e-87
4.84762e-70
28.1586
6.55497e-54
1.1131e-45
7.3178e-17
3.71029e-114
5.50713e-101
9.84584e-79
1.00136e-103
4.61602e-89
8.13318e-37
1.71007e-91
68.906
3.63832e-69
51.5065
3.46862e-111
4.08588e-07
2.02466e-13
34.3869
1.70349e-104
1.03613e-113
7.16286e-113
3.74348e-57
1.6089e-32
2.98457e-85
7.48119e-82
1.28291e-64
1.42858e-113
5.86961e-58
4.29847e-59
8.05531e-93
5.06769e-45
3.83994e-95
1.76491e-65
4.99422e-113
3.54396e-112
2.02386e-114
1.57481e-65
1.79912e-21
4.01438e-112
4.14582e-50
1.00823e-64
3.71152e-108
2.97729e-97
4.62934e-103
38.5378
2.26253e-99
6.17341e-113
4.59637e-57
2.52761e-46
0.0382248
7.81277e-58
1.03057e-07
56.5523
2.18123e-73
7.28711e-98
5.0365e-110
5.69156e-113
36.8552
22.6806
1.48843e-60
4.62453e-106
8.28363e-91
5.1173e-67
7.11231e-113
1.44495e-109
6.23237e-95
2.75925e-67
2.03885e-07
1.84341e-52
2.86633e-76
1.69636e-84
39.2865
3.14849e-44
3.95639e-84
46.5742
2.73989e-17
1.38583e-70
37.7194
1.47989e-99
4.19911e-47
33.8801
2.11577e-108
8.98447e-60
9.06129e-77
1.75552e-63
4.55697e-105
1.12646e-109
56.1007
78.3339
75.563
56.4691
3.85318e-66
9.21174e-82
2.47546e-16
8.25915e-57
3.10874e-84
5.3974e-71
2.71697e-56
2.2295e-48
51.8659
4.40802e-110
4.8009e-112
3.19045e-28
49.4608
1.32791e-89
8.01201e-70
1.57601e-105
2.25282e-111
1.24037e-32
4.37102e-74
38.2355
1.47969e-99
4.85391e-29
7.08465e-29
25.8391
3.20125e-114
5.70975e-06
1.80157e-68
2.35978e-13
3.3054e-82
4.5666e-61
6.70525e-101
1.49645e-112
2.07992e-73
2.39074e-69
2.85188e-55
3.20458e-39
1.17231e-33
3.41967e-112
7.50283e-71
2.25556e-66
95.7584
1.09514e-112
34.0215
2.1341e-44
1.81281e-57
62.34
3.32419e-18
6.26755e-40
1.27018e-55
6.88024e-83
6.81871e-26
1.52524e-55
8.54713e-12
63.3854
2.45142e-40
18.0836
2.11362e-70
2.14749e-52
3.39447e-67
1.85506e-106
3.52208e-43
2.24404e-61
9.08873e-102
8.03947e-114
3.24039e-28
33.3154
1.66839e-89
4.97457e-21
62.402
1.65417e-66
30.7054
20.3885
1.3572e-109
2.37438e-114
28.2698
1.47578e-99
2.86788e-64
1.41914e-50
3.03895e-59
1.14479e-15
6.20789e-57
2.26085e-86
37.9241
2.8982e-55
1.29154e-64
3.40318e-77
27.5181
3.07081e-93
3.84868e-67
40.4492
4.95059e-60
7.69425e-59
7.29498e-92
5.10972e-58
4.09317e-69
7.82324e-71
18.9268
0.020141
81.803
7.11333e-102
68.0771
1.59784e-48
8.66895e-61
1.68825e-98
3.32198e-106
3.78833e-112
1.37289e-55
27.3378
1.47545e-99
3.59763e-108
19.0937
4.70119e-111
1.83698e-107
2.1525e-77
5.67108e-104
4.12345e-109
1.55398e-74
9.82089e-69
3.15908e-50
30.4796
5.31917e-52
7.57059e-54
36.0198
4.88249e-109
1.17355e-96
3.74682e-58
7.71657e-82
6.46697e-24
2.34361e-77
1.74754e-24
3.14989e-111
31.8572
1.12983e-89
1.07872e-12
2.74417e-113
1.69647e-58
1.91489e-60
5.20847e-84
6.2479e-15
4.60053e-51
27.1383
1.47579e-99
7.84507e-64
43.5545
1.35513e-112
2.30299e-112
1.45225e-96
31.4232
3.40787e-104
5.14208e-94
1.43159e-59
3.00472e-113
2.01658e-113
2.90794e-113
1.09113e-63
1.23199e-89
53.4084
8.05051e-70
24.0134
35.5345
37.0706
2.94637e-110
1.94399e-111
24.0349
2.29106e-75
2.57906e-102
1.30858e-82
2.59981e-67
1.50854e-98
1.4612e-48
7.62182e-110
3.14988e-20
1.80903e-65
1.74953e-60
2.22157e-101
7.5842e-72
2.65046e-79
2.23067e-105
4.5295e-110
27.0878
4.23951e-40
2.40396e-15
3.11174e-98
1.96479e-52
22.9953
6.55505e-54
5.5549e-29
12.4709
2.17425e-99
47.0802
1.17352e-51
1.29811e-70
6.26171e-54
4.5068e-17
24.8297
3.44271
23.9378
6.99e-35
2.28525e-28
3.10854e-42
6.53818e-80
6.30264e-24
1.45189e-18
2.36002e-48
1.2315e-102
1.27939e-43
37.7558
5.24634e-99
1.43843e-93
7.48205e-55
1.1075e-99
4.0916e-57
3.04373e-109
1.06049e-32
2.80193e-50
9.47253e-104
4.07221e-83
27.5193
2.66668e-72
1.35065e-102
1.04226e-85
71.651
2.3725e-111
47.1062
2.19093e-64
39.5229
4.62805e-29
24.8239
3.4235
23.9212
26.4455
4.04712e-38
2.57593e-20
1.89721e-65
1.28755e-19
49.8595
31.3905
3.35846e-55
1.74275e-44
32.9655
28.5915
1.51044e-86
23.7675
1.48197e-110
1.43493e-112
1.92988e-78
2.84877e-60
2.44863e-33
1.95169e-61
3.35385e-90
27.3731
7.54452e-05
2.20947e-70
1.15352e-45
8.39386e-20
4.23955e-106
4.77019e-52
2.03526e-108
5.76739e-77
40.1807
24.8299
3.44222
23.9382
6.33872e-58
1.09897e-24
66.2211
76.246
1.4007e-60
4.36863e-107
1.45856e-69
3.68024e-29
4.57509e-110
28.1587
6.55511e-54
1.02547e-50
5.13813e-24
5.23662e-84
2.05935e-59
1.13445e-106
2.62662e-102
8.12988e-93
31.4627
9.59141e-88
6.39538e-115
1.40498e-112
1.46252e-61
1.82498e-107
1.05946e-111
0.0258747
32.5097
23.7148
4.24075e-101
30.5351
7.48032e-105
2.4609e-46
2.8559e-30
67.3605
1.91689e-27
46.1618
85.1045
1.58421e-66
5.40601e-65
1.48557e-65
6.43572e-96
2.567e-62
4.22199e-113
6.97774e-114
1.98229e-92
8.9226e-112
5.31314e-105
8.22089e-103
20.9625
7.82216e-68
7.52053e-96
4.52924e-28
7.39305e-51
38.5384
1.47992e-99
2.46481e-71
1.46006e-57
1.30538e-52
9.74115e-48
2.63435e-84
1.43966e-67
6.49879e-46
1.44959e-105
2.56652e-48
1.6761e-107
2.18646e-115
23.4769
1.66194e-82
5.85239e-112
112.984
1.80893e-98
1.7316e-63
31.8786
7.16781e-110
4.92856e-24
5.62331e-66
3.03663e-07
2.16711e-53
2.87689e-35
2.48492e-63
39.616
3.09861e-24
1.91698e-82
3.98357e-85
1.02786e-26
9.81969e-16
37.72
1.47688e-99
20.6572
1.80648e-69
1.73002e-69
5.51954e-59
6.08388e-51
4.05879e-110
6.50713e-113
61.7957
1.75068e-71
2.22791e-54
2.78766e-34
52.1363
64.5342
2.66606e-66
6.12419e-69
58.912
1.56195e-62
2.78162e-114
97.6634
42.4609
52.4282
1.43868e-87
2.53367e-34
1.52656e-70
1.82909e-22
1.71432e-50
44.2925
76.9739
32.0928
43.9983
8.34589e-33
38.2359
1.47578e-99
1.1655e-57
2.13782e-27
4.24168e-73
3.97027e-100
87.3296
42.8891
17.3741
78.4508
5.90964e-105
1.01864e-101
2.33726e-112
2.07924e-73
4.47817e-66
4.04333e-60
1.06635e-16
6.01397e-80
41.027
1.35925e-66
1.24361e-06
1.37859e-87
4.98592e-113
1.60967e-30
4.49809e-61
1.62851e-95
1.09849e-106
1.80396e-110
2.21834e-53
1.68369e-109
1.28237e-73
159.97
2.29672e-46
44.3337
7.81812e-66
4.01231e-16
53.4569
3.92469e-112
34.6104
2.24277e-57
1.47632e-74
8.09302e-109
6.02337e-12
1.19168e-100
8.03932e-114
3.24044e-28
33.7856
5.63299e-24
3.65815e-09
2.02645e-114
8.91575e-110
8.81039e-99
5.55744e-46
4.70669e-45
1.14322e-80
28.2681
1.4797e-99
53.7076
1.74964e-109
1.609e-113
5.58041e-68
3.19794e-57
7.075e-77
66.1863
5.85398e-34
3.00381e-59
8.05988e-77
0.0820259
2.47509e-93
1.60537e-62
1.15602e-32
7.80701e-106
1.13498e-67
5.96945e-61
2.21554e-113
1.9026e-48
1.48923e-48
19.2265
0.00862281
6.25753e-65
2.1522e-108
2.08589e-88
1.64299e-32
70.6687
7.54059e-19
2.29935e-18
34.7236
7.53511e-60
27.3344
1.30766e-69
6.65814e-100
2.1527e-64
1.84415e-60
2.21932e-39
9.20059e-78
0.000113604
40.0083
42.4257
8.46588e-49
8.4704e-46
30.2778
5.65441e-113
5.02064e-84
1.68486e-109
5.42104e-05
22.4457
1.50138e-54
63.3136
2.33696e-38
1.05479e-61
1.32203e-25
3.15203e-111
27.7389
9.98202e-50
4.42971e-89
1.13444e-72
1.54294e-88
7.62248e-111
4.18422e-94
6.09407e-63
2.59061e-57
27.1375
1.47969e-99
1.45179e-30
43.5379
7.99124e-110
2.39877e-98
66.4271
31.0526
1.24139e-82
4.11268e-61
9.75453e-94
3.00469e-113
5.7485e-115
4.33404e-90
1.41685e-94
1.21391e-71
8.6501e-38
2.50551e-61
6.34436e-56
1.87423e-39
6.13094e-06
1.11525e-89
3.3828e-48
2.52967e-58
1.51872e-107
1.26205e-83
2.63377e-100
75.1182
1.26702e-06
7.99109e-53
2.27962e-106
8.61338e-108
2.29602e-65
8.74567e-93
2.78085e-98
4.30657e-77
2.65762e-79
1.47869e-77
40.1456
38.2724
1.14832e-95
1.30605e-23
1.98799e-65
2.10901e-42
22.9954
6.55499e-54
21.4165
2.3067e-111
5.19797e-101
48.1962
4.28082e-53
2.39262e-77
36.5411
8.3519e-43
24.8297
3.44271
23.9376
1.78179e-65
1.34756e-68
28.8366
4.04986e-78
2.41157e-92
9.05909e-20
28.5889
2.45505e-55
1.48714e-44
37.7555
1.9359e-97
8.57708e-112
8.51319e-51
6.98502e-100
30.23
1.72983e-62
1.43889e-98
5.00495e-76
1.45284e-104
5.01586e-64
27.5196
2.66602e-72
2.54244e-55
2.62655e-84
84.4066
29.2294
1.82042e-26
3.2128e-80
40.6885
8.40937e-44
24.8239
3.42363
23.9212
1.1901e-103
4.80942e-51
2.00889e-28
3.2741e-66
1.83872e-16
4.84387e-102
32.8426
2.6971e-65
1.38454e-72
32.9658
28.5913
5.72827e-77
1.86594e-95
1.31476e-113
5.78644e-72
2.62953e-110
1.37243e-73
5.78414e-25
7.39972e-58
3.62057e-108
27.3742
7.54865e-05
4.9103e-103
1.68303e-105
2.08445e-112
24.8055
2.04573e-67
2.36229e-72
2.36335e-73
6.34383e-79
24.8297
3.44241
23.9379
4.79095e-30
1.5666e-21
34.9171
2.24219e-96
9.89447e-54
27.3865
4.39146e-100
42.9227
2.49024e-98
28.1588
6.55506e-54
2.28891e-52
1.45586e-24
1.61224e-76
2.74213e-84
2.97664e-47
3.04617e-34
38.6802
5.62981e-55
1.37491e-91
4.52458e-115
1.36365e-74
5.90148e-111
1.60284e-107
32.3587
1.14614e-62
33.0647
1.16037e-59
1.15793e-30
121.111
2.18506e-93
46.7017
1.82898e-85
6.68075e-65
2.28608e-114
5.98183e-112
5.71977e-99
4.03516e-26
4.73632e-47
7.35441e-77
93.3868
2.70756e-59
1.7861e-113
7.94964e-114
2.72084e-60
3.59154e-76
7.4899e-40
9.85009e-91
4.81391e-53
3.31713e-104
1.28941e-72
3.43991e-59
1.10801e-36
38.5376
4.3624e-44
2.05362e-57
2.05392e-41
0.000414812
55.9411
0.0159105
0.00113138
2.70442e-44
2.72636e-109
2.45536e-87
55.4097
5.45212e-34
57.5501
7.92248e-95
92.1401
3.18763e-05
1.03442e-70
1.8265e-48
3.42921e-19
60.2888
7.3508e-64
3.60239e-89
0.0308248
17.1039
1.45963e-67
5.22199e-61
2.55152e-114
6.64899e-60
4.1007e-102
1.33988e-44
27.6976
22.9159
37.7192
3.58061e-14
5.89324e-57
6.2939e-53
1.19174e-107
1.15281e-106
1.28635e-50
86.306
4.29024e-79
1.37291e-69
2.14688e-33
8.26699e-55
6.70921e-108
49.2341
2.71529e-42
1.36482e-25
3.40857e-109
1.41753e-66
2.17597e-64
9.26751e-55
1.36775e-113
1.08292e-45
163.791
3.29545e-66
87.3851
2.38318e-41
5.15844e-114
4.54561e-112
62.9664
1.38106e-77
60.7851
3.4308e-35
9.23041e-113
38.2353
2.92713e-78
54.7134
1.40859e-102
29.9954
4.3491e-44
1.39555e-44
5.54449e-93
2.82719e-29
1.20396e-104
17.7128
1.90341e-104
2.99341e-68
7.7123e-76
3.6206e-80
8.76518e-77
1.81094e-110
4.68276e-89
6.11635e-33
1.22622e-42
1.04147e-66
21.9441
8.39617e-113
1.22051e-105
5.95428e-77
27.9188
7.40331e-19
3.00078e-111
16.1994
4.94483e-113
1.17321e-66
1.13057e-21
6.25973e-65
7.34092e-105
7.11708e-105
3.51493e-79
2.44789e-51
5.71106e-114
1.49211e-114
2.51971e-29
1.10778e-113
9.11211e-62
4.75634e-110
5.01171e-104
8.01479e-114
2.10713e-28
33.9913
1.76387e-68
2.05254e-14
1.7584e-31
42.9957
6.97229e-42
4.79393e-05
3.21175e-56
4.1274e-50
28.2692
2.26281e-99
2.34825e-67
1.70972e-66
1.58308e-105
4.32323e-95
2.09344e-47
8.6329e-52
3.29828e-101
3.14946e-66
1.08637e-74
1.87955e-73
35.5833
4.63253e-96
8.98141e-93
7.52644e-105
4.1355e-49
4.37204e-93
60.9105
3.60161e-49
28.9678
3.32035e-70
18.2522
0.00862015
1.03916e-109
9.5215e-75
3.52597e-82
1.32603e-52
3.29043e-112
8.3128e-50
1.19815e-89
1.4712e-54
3.20051e-83
27.3342
1.48336e-99
9.91681e-29
8.56188e-11
2.01604e-87
5.01863e-50
2.67744e-82
26.5869
6.60651e-113
2.33486e-82
2.15296e-61
1.54466e-43
30.2706
1.12103e-19
2.45379
4.26564e-88
6.66171e-69
1.0621e-50
24.5056
1.71197e-26
1.87553e-22
0.11304
2.13707e-17
1.17938e-54
5.45334e-75
3.75036e-96
81.9249
88.0245
2.52257e-66
7.39757e-73
5.29083
1.9552e-57
48.9168
27.1391
2.26277e-99
29.682
45.6926
1.03763e-94
1.07142e-65
6.92828e-52
7.45178e-27
9.70183e-104
0.000145759
1.16536e-56
1.94954e-113
4.34635e-113
1.38148e-91
2.00775e-26
7.46151e-107
1.07005e-37
1.95392e-98
1.79291e-112
2.83261e-71
34.0119
2.82594e-39
7.31765e-56
6.7324e-12
31.1494
4.6018e-38
31.6471
88.4394
5.58484e-23
3.09563e-36
2.53846e-26
43.332
1.1488e-66
9.20192e-115
1.45209e-95
9.22405e-109
2.16398e-81
4.19562e-114
4.1115e-96
1.32638e-111
43.0558
4.47093e-86
43.872
4.26473e-34
23.0064
6.55439e-54
8.54179e-71
3.52701e-55
1.49988e-91
54.0818
6.4628e-88
34.4322
33.7031
3.11633e-80
24.8304
3.4436
23.9388
1.70314e-52
4.00681e-84
1.46416e-70
3.75354e-75
3.9063e-95
1.76068e-52
35.7563
40.779
4.76454e-46
37.7705
5.53092e-61
1.98666e-82
5.01087e-55
7.00643e-112
1.20448e-81
9.69527e-75
22.6616
2.3742e-16
17.2967
4.82513e-89
27.535
1.73447e-72
2.40555e-67
9.55579e-71
17.8753
9.97759e-114
1.7876e-72
115.581
4.16052e-111
1.35952e-52
24.8247
3.42462
23.9222
2.58281e-59
2.83372e-66
1.07803e-34
4.13488e-49
3.81732e-38
4.35582e-57
6.54673e-82
21.5531
9.74418e-73
32.9819
28.5883
5.86782e-54
9.04265e-77
9.17315e-93
2.65339e-37
5.8338e-52
1.84377e-110
1.11966e-89
67.491
39.9592
27.3898
2.0233e-05
4.19827e-103
1.79681e-87
1.36624e-26
7.39781e-58
1.22526e-19
2.60269e-15
7.86519e-64
4.47593e-53
24.8304
3.44335
23.9388
2.46438e-104
7.48764e-31
5.32164e-63
2.17069e-43
31.6585
65.6758
40.1227
9.83716e-114
1.58935e-14
28.1693
6.55483e-54
4.05293e-53
3.13127e-16
5.94321e-89
2.52501e-103
2.04207e-56
2.56065e-45
303.154
40.9642
1.83533e-96
1.21531e-113
1.38114e-112
4.23152e-112
1.13386e-108
4.32493e-68
2.99099e-112
32.1188
9.76539e-73
9.63574e-69
1.66853e-68
3.27022e-57
2.25617e-49
0.744123
2.26662e-59
7.82183e-112
1.35332e-108
70.7548
28.8998
2.52418e-08
3.1405e-112
6.72067e-66
1.16619e-62
1.78882e-113
4.82478e-113
3.69724e-112
9.8257e-79
4.34843e-107
7.20057e-82
42.3902
5.80198e-09
1.25491e-47
3.83333e-39
2.41758
46.3579
2.233e-58
8.72359e-24
1.2201e-100
65.9362
8.54331e-113
57.1039
1.90241e-95
1.68048e-90
2.61005e-64
1.13107e-108
2.05568e-56
2.21069e-60
27.3087
6.13693e-66
4.16312e-90
9.7142e-71
1.71378e-46
3.30293e-69
7.11922e-87
1.2566e-70
3.90097e-66
3.6858e-113
59.8254
4.33622e-112
2.85553e-63
1.88891e-62
6.9774e-78
1.29349e-64
8.09541e-113
0.0236795
1.23635e-74
1.65785e-95
32.2235
1.51356e-42
41.0046
1.14282e-60
5.82634e-58
6.10914e-111
3.74686e-94
25.391
42.4801
82.1681
2.97304e-92
60.5919
60.0469
46.3384
4.78708e-41
27.8159
1.3787e-48
8.48703e-83
1.11255e-103
8.09147e-104
5.66666e-31
1.50566e-105
63.4046
3.72219e-08
152.136
7.0514e-49
7.70739e-93
71.0775
41.7599
2.83942e-62
4.53197e-20
2.50898e-106
9.59478e-66
38.9815
2.03785e-69
119.387
8.31692e-37
3.35191e-113
4.10401e-48
1.46648e-89
22.6116
29.053
52.0452
1.40745e-47
1.33568e-107
2.61674e-113
0.786631
3.18255e-105
0.000247375
1.65717e-28
5.3672e-111
37.2169
9.43904e-56
5.89063e-112
1.00998e-98
1.05763e-106
33.1824
3.13264e-59
9.41273e-71
6.12633e-64
5.142e-28
2.3702e-60
47.5246
8.91374e-53
48.9916
1.21497e-68
1.13907e-103
4.1242e-110
2.88641e-57
1.45405e-64
3.80497e-99
3.34216e-53
1.48737e-106
3.59787e-65
6.42545e-19
8.37976e-82
5.79422e-24
16.6267
50.5472
2.94934e-23
3.19124e-95
1.03152e-104
100.84
1.26979e-63
7.77769e-56
51.2667
22.3725
6.94637e-66
29.1018
2.26514e-99
3.08448e-16
3.20395e-103
2.84608e-66
5.9958e-114
1.0731e-69
47.7884
2.00822e-73
78.0939
1.12775e-56
236.908
5.35142e-31
1.129e-55
1.97507e-93
1.03156e-81
1.94856e-76
146.046
1.59908e-59
3.11258e-71
2.61202e-70
17.1105
67.6683
3.89577e-14
4.10041e-71
1.64962e-78
3.38614e-59
8.59883e-80
8.09109e-111
8.71747e-41
1.00807e-32
6.57898
1.06724e-91
28.1379
2.26423e-99
1.95727e-101
3.21037e-79
4.84405e-99
1.0357e-89
2.21311e-106
3.48712e-110
5.80881e-98
30.2624
23.8506
65.1177
0.199145
2.81664e-106
9.3703e-24
1.51516e-19
4.51762e-109
3.83283e-74
1.86479e-81
34.1352
126.903
3.07808e-56
21.0556
5.00162e-31
56.7291
7.03338e-73
9.21113e-110
1.29869e-65
9.21767e-111
3.34202e-95
4.97925e-38
1.26487e-26
4.16857e-106
28.0486
2.26503e-99
1.66823e-51
1.10876e-60
1.25734e-17
1.68348e-08
16.9839
5.51233e-110
3.13423e-77
68.788
1.85058e-60
1.84266e-98
61.4283
7.87813e-99
1.39771e-109
3.95016e-32
1.42636e-113
7.47699e-57
1.27942e-110
7.34253e-53
2.6214e-82
4.27443e-09
1.86841e-67
4.91615e-113
1.9109e-58
3.9928e-104
1.6494e-66
28.2877
2.2157e-57
1.68551e-104
3.48817e-52
2.4769e-18
7.59552e-93
1.61031e-63
9.61073e-95
6.39935e-35
42.271
3.39737e-44
3.16929e-34
4.45644e-112
2.062e-52
1.09467e-54
2.50539e-98
5.80672e-45
28.2135
1.57322e-56
9.61328e-44
3.69406e-55
1.20503e-113
5.64811e-109
1.81735e-106
1.62196e-46
5.70374e-70
7.33236e-69
24.8313
3.54609
24.0285
1.01448e-46
2.21194e-99
30.2701
3.96048e-98
6.20438e-101
2.1282e-113
8.9156e-19
2.83461e-109
1.35834e-110
0.174364
2.26516e-99
2.60681e-109
1.31939e-42
8.35474e-23
1.67217e-71
6.46285e-111
1.14214e-27
8.22092e-69
1.96843e-97
8.13693e-37
31.1497
2.47792e-66
9.66384e-78
0.00424957
2.75946e-66
4.32787e-104
1.89221e-42
7.5651e-113
9.19264e-59
4.68855e-65
24.8299
3.52366
24.0089
27.4935
7.90366e-22
3.00274e-46
50.6618
17.7205
60.8197
19.1485
1.72838e-25
2.51705e-74
25.2255
29.1975
1.22396e-69
33.4953
5.50324e-111
5.03578e-105
8.33e-05
4.46062e-47
1.51406e-106
2.04527e-48
1.36577e-104
31.0095
0.000421137
2.07103e-48
2.91959e-28
1.39485e-57
2.14607e-105
1.0395e-49
4.69054e-12
2.78586e-54
7.2774e-53
24.831
3.54584
24.0281
4.30392e-10
3.24087e-108
1.7305e-11
9.0244e-48
2.48312e-49
5.67045e-95
4.39228e-09
1.16922e-51
2.40895e-74
33.1538
3.13687e-52
3.11457e-105
1.39454e-74
4.06811e-113
1.4009e-110
1.04781e-92
4.1706e-33
1.85606e-22
2.75688e-57
3.52993e-101
55.5292
5.23609e-112
3.99048e-76
31.3899
6.5956e-51
6.3651e-66
9.10288e-74
58.7323
1.69782e-23
5.02458e-64
3.21458e-53
7.04393e-43
1.00064e-43
5.64635e-76
1.80573e-21
8.93099e-68
3.60849e-64
2.66932e-110
2.12679e-47
1.19737e-44
2.01863e-44
1.66217e-67
49.5587
4.09933e-62
1.543e-112
5.95138e-113
1.11478e-05
10.4488
3.71456e-42
1.75172e-43
1.36213e-53
7.58818e-61
3.74185e-43
33.1728
7.41747e-49
9.40915e-106
24.5597
6.46632e-20
2.43114e-88
22.8644
3.74368e-53
1.3007e-62
2.22859e-61
5.11838e-53
2.10896e-115
2.88507e-52
3.3252e-52
7.75102e-105
2.16138e-63
1.92406e-13
4.2384e-52
6.91229e-15
5.2516e-64
1.85096e-100
40.3196
1.15498e-112
99.7013
1.36698e-99
9.35672e-103
1.59603e-113
1.42937e-45
2.02378e-60
2.78632e-104
2.1793e-58
9.95877e-109
1.44822e-35
33.1414
7.41917e-49
3.25278e-28
4.30821e-20
7.77269e-86
2.98968e-06
38.0654
2.81946e-49
9.41491e-112
43.5919
0.00865727
6.49951e-113
3.96651e-86
4.86257e-72
1.09808e-112
2.50355e-66
3.78404e-38
28.3615
1.16391e-83
46.705
39.9272
2.43878e-56
4.31683e-59
8.2605e-21
2.26117e-40
8.24422e-110
5.30222e-57
2.47048e-108
5.71876e-44
1.92257e-92
1.86586e-71
7.90478e-31
3.7115e-33
33.1728
7.41908e-49
1.43709e-105
0.500891
2.01359e-81
1.17864e-106
4.78192e-26
7.83406e-75
4.0205e-108
3.03703e-110
1.13478e-47
3.33351e-113
6.45116e-33
7.42495e-20
6.64211e-110
4.51046e-111
5.51029e-115
18.7643
3.55199e-49
2.12297e-50
4.8432e-54
5.48075e-62
1.87581e-72
3.64375e-43
9.98287e-19
6.5611e-113
9.08242e-74
1.29668e-52
8.60528e-112
6.5613e-110
5.31261e-51
1.58971e-60
VECTORS velocity float
-3.29145e-11 -1.58253e-11 0
-9.69841e-75 -4.66298e-75 0
-2.70775e-43 2.43787e-43 0
6.27986e-58 4.13101e-58 0
-3.80884e-104 -1.0267e-104 0
-7.59569 -24.7857 -10.2108
1.02318e-65 9.46443e-66 0
1.82402e-58 -1.63158e-58 0
7.5217e-85 -6.61716e-84 0
2.34845e-10 5.80277e-11 0
-1.81483e-103 -3.54798e-103 0
-8.65534e-77 -6.83203e-75 0
-12.2183 -28.9655 3.79685
-1.52668e-37 -7.34026e-38 0
7.27605e-88 3.37821e-88 0
-1.1429e-113 -1.17777e-113 0
5.59266e-85 7.44698e-85 0
-2.2463e-96 8.73167e-96 0
-37.3315 -44.7348 16.2965
26.2126 -14.8901 7.90659
1.98586e-95 3.03166e-95 0
4.75984e-40 -2.26514e-40 0
3.93272e-75 6.50656e-74 0
-27.6416 -8.36454e-06 -5.75124
-7.41905e-49 -1.06928e-52 0
6.15757e-76 1.09608e-75 0
8.19841e-63 5.39306e-63 0
-8.26389e-58 -4.25548e-58 0
-3.71617e-35 -2.03604e-35 0
-39.2681 33.2342 12.3794
0.332539 27.307 -21.7261
-50.7458 23.0561 -19.2196
-9.6846e-63 -7.53736e-63 0
8.51525e-67 5.60149e-67 0
-1.69944e-110 -1.77539e-110 0
1.30781e-90 -9.92052e-90 0
0.00185375 0.000321718 0
0.000506043 0.000668805 0
2.31923e-79 -2.31102e-80 0
2.66182e-107 2.27362e-106 0
6.8606e-63 2.22699e-63 0
3.2197e-70 2.11798e-70 0
18.3652 41.6605 50.8325
-1.29708e-62 9.1211e-63 0
-1.94139e-25 -1.757e-26 0
-6.49246e-116 5.75252e-116 0
1.26504e-94 1.30256e-94 0
-5.82955e-115 -1.55024e-114 0
-6.58671e-113 -8.9048e-113 0
-5.74559e-101 -9.33971e-101 0
-4.69368e-102 -5.8115e-103 0
3.97797e-10 6.17387e-11 0
1.17487e-60 -5.0165e-61 0
-2.98479e-35 -2.6768e-35 0
-9.53334e-109 -1.12333e-108 0
-6.82232e-63 4.79747e-63 0
-27.6123 4.29752e-06 -5.72915
-7.41926e-49 -5.37302e-53 0
-1.79013e-97 -3.25311e-97 0
-1.35306e-47 1.17754e-47 0
1.30623e-101 -4.79871e-102 0
1.14062e-92 -1.90973e-93 0
6.82823e-98 -1.48941e-97 0
1.92981e-50 -3.68615e-50 0
26.0637 -17.1072 0.686226
2.27134e-15 1.49413e-15 0
-1.11448e-96 4.68197e-97 0
-3.17797e-115 -3.43793e-114 0
-1.49842e-15 -7.20437e-16 0
-3.07509e-111 4.95817e-111 0
1.17827e-110 1.17572e-109 0
4.96514e-06 5.65504e-06 0
-9.001e-113 3.41502e-113 0
5.74153e-86 2.91032e-85 0
4.64939e-71 3.48037e-72 0
-6.34095e-32 -3.9477e-33 0
4.91842e-36 -1.70816e-35 0
1.52189e-59 1.00112e-59 0
-12.9586 86.0953 -25.5032
7.41999e-58 4.881e-58 0
9.75454e-81 1.95418e-81 0
-3.87596e-98 2.59121e-98 0
9.20343e-112 -3.3808e-111 0
-4.26823e-112 -1.3571e-111 0
1.6771e-63 1.10323e-63 0
-4.59361e-51 -2.2086e-51 0
1.83669e-41 -7.95497e-41 0
-7.9615e-81 5.59854e-81 0
-1.23415e-29 -5.93376e-30 0
-27.6416 1.20555e-05 -5.75124
-7.41761e-49 -2.56991e-54 0
-1.64901e-61 5.30645e-62 0
-3.72844e-30 8.09058e-31 0
-1.07063e-75 7.52869e-76 0
1.23246e-35 -1.55912e-35 0
1.41496e-105 -4.90176e-107 0
6.59656e-102 7.73948e-102 0
-0.247942 -0.0353022 0
2.17613e-45 3.67151e-45 0
-1.08509e-94 2.45504e-93 0
-7.82772 41.6313 -1.50874
-6.23453e-81 4.38414e-81 0
3.25162e-72 -2.5347e-72 0
-4.21289e-113 4.03562e-113 0
7.06871e-44 -1.13676e-43 0
4.93041e-57 -5.31773e-57 0
-6.44617e-75 1.85931e-74 0
30.4693 -0.282384 21.1927
2.39292e-38 3.62151e-39 0
15.583 12.4071 -8.52314
-1.47255e-67 1.0355e-67 0
3.39583e-111 7.71057e-111 0
-7.25851e-44 -6.88746e-44 0
-3.11274e-66 2.18889e-66 0
-2.30563e-78 5.36539e-78 0
2.31181e-28 -3.55389e-28 0
5.99222e-64 -4.90592e-64 0
1.88473e-81 -1.12589e-80 0
13.261 64.9889 10.6917
-3.66491e-55 -1.76209e-55 0
-3.03735e-109 1.09995e-108 0
1.31117e-115 -1.70509e-114 0
-6.2673e-25 -3.01331e-25 0
-4.05378e-102 -4.16742e-101 0
-2.9285e-114 -6.72232e-114 0
26.7652 -11.4064 0.863786
-1.39401e-25 -6.70237e-26 0
1.68427 -7.2429 -26.4374
2.46414e-97 5.44843e-97 0
-1.08107e-74 7.60211e-75 0
6.01522e-47 1.67723e-46 0
-4.30487e-106 -6.45897e-106 0
1.09147e-82 7.17988e-83 0
-0.000263538 -27.6233 -5.74109
2.62757e-54 -3.1368e-52 0
-4.69776e-07 -7.50794e-07 0
0.00296776 0.00303625 0
3.07565e-111 -3.66008e-111 0
-5.02449e-27 1.72311e-26 0
6.16223 -8.90995 0
-4.62342e-45 4.45914e-46 0
4.5735 -57.6059 -15.013
1.68727e-06 -4.49652e-07 0
-1.04395e-05 -8.05522e-05 -24.8311
-3.94493e-05 -2.07648e-05 -3.54609
-0.000171096 -0.000126167 -24.0281
3.6522e-74 1.82677e-74 0
1.77069e-51 2.05546e-52 0
11.7378 11.3397 -19.6429
-1.97103e-103 1.17018e-103 0
36.6766 34.2817 8.17334
3.03383e-43 1.99571e-43 0
9.01325 27.4114 18.6215
8.77834e-62 5.77455e-62 0
-1.25378e-34 8.10816e-35 0
0.00185034 0.0200465 0
-8.98213e-104 2.26424e-99 0
8.51476e-74 4.5988e-75 0
-1.14447e-113 -1.82086e-114 0
23.5805 -9.87253 -26.1738
-1.43011e-44 -6.87594e-45 0
2.2877e-111 4.3565e-111 0
-1.31329e-67 -3.01886e-67 0
-2.89908e-11 3.80136e-11 0
16.8707 -21.3005 -15.4095
20.9499 -27.9888 -5.5963
3.2555 -24.2789 -20.4373
-7.87054e-75 -4.76126e-73 0
1.82957e-76 2.84388e-76 0
-157.36 -52.3096 19.7092
4.07783e-97 5.84e-98 0
8.31407e-89 -6.39023e-88 0
4.89282e-71 -1.36751e-70 0
2.00143e-109 5.22085e-109 0
-8.26471e-114 -1.32941e-114 0
-0.135242 -27.158 -23.1357
-5.34933e-06 1.18062e-05 -24.8299
-3.66399e-05 5.54978e-13 -3.52366
-0.000732131 0.000113823 -24.0087
-1.83816e-73 1.2926e-73 0
2.14077e-65 -2.63528e-65 0
5.33491e-13 5.54817e-14 0
2.67912e-07 9.11209e-08 0
9.11469 2.62407 25.9145
-4.43923e-107 -2.74236e-106 0
16.911 2.80517 -20.5688
21.0333 0.496155 -14.8501
5.31119e-88 -3.33239e-87 0
6.18589 13.446 -19.7635
-0.000684532 13.7841 -26.2863
-3.91478e-79 -1.72368e-78 0
1.40431e-38 1.71027e-38 0
-8.98889e-45 6.5712e-45 0
1.01266e-21 7.16042e-21 0
-2.13318e-72 1.50006e-72 0
-1.70968e-63 1.20225e-63 0
-2.3622e-66 1.6611e-66 0
-2.09969e-46 -1.2157e-45 0
-5.66602e-57 8.67845e-56 0
3.23119 -24.3557 -20.2267
4.41681e-07 -9.46031e-07 0
1.80142e-39 4.6544e-39 0
5.9986e-105 -3.37737e-104 0
23.884 5.03408 -0.282135
-20.0239 -13.4737 1
6.28275e-52 -9.81461e-52 0
1.11698e-101 1.9479e-101 0
20.8759 48.0239 -20.6659
1.26249e-96 -3.09443e-96 0
-3.47537e-05 4.10769e-05 -24.831
-3.94493e-05 2.07648e-05 -3.54609
-0.00116742 0.000121225 -24.0278
-8.65528 -21.021 -12.1089
2.93262e-104 3.11976e-104 0
8.95074 -18.8823 -25.2516
5.53313e-95 2.08242e-94 0
1.15169e-49 -2.99233e-49 0
1.05345e-45 -6.6848e-46 0
5.7443e-76 -5.80795e-76 0
-2.93205e-47 -1.40973e-47 0
-4.36534e-67 3.06972e-67 0
-0.000188476 32.0704 -8.40632
-1.31897e-61 1.57321e-56 0
1.40881e-84 1.60192e-84 0
-3.02086e-39 -1.02298e-38 0
11.1416 26.7039 -25.4651
-3.45229e-107 -1.41746e-106 0
13.8716 21.1798 -18.0671
1.58698e-61 2.32592e-61 0
8.96534e-113 4.51923e-114 0
44.8051 57.9139 -17.062
-4.73739e-97 1.0484e-95 0
-13.5899 -83.1675 42.1424
-3.25754e-84 2.29071e-84 0
17.0329 -31.195 -13.1133
17.4865 -9.98108 -3.87796
8.84364e-56 5.81751e-56 0
55.1525 -4.48821 6.89396
55.8003 19.4777 -15.1134
-3.12221e-76 -1.50116e-76 0
1.59682e-107 -2.74526e-106 0
1.86294e-63 1.22547e-63 0
-3.73055e-34 -7.31707e-34 0
5.19634e-114 -1.99514e-112 0
-5.18945e-64 3.07252e-64 0
-4.01395e-24 -1.9299e-24 0
8.87142e-45 6.17305e-45 0
-1.51844e-15 -7.30062e-16 0
-9.08179e-108 -5.14201e-108 0
-4.17069e-21 -8.55482e-23 0
1.92097e-107 -7.32859e-108 0
-8.01448e-51 -3.85335e-51 0
1.87821e-98 3.32218e-98 0
-2.10676e-99 3.22411e-99 0
-5.53377e-30 -2.66063e-30 0
1.77459e-113 1.39738e-112 0
-3.73284e-112 3.26752e-112 0
2.08334e-33 7.47728e-33 0
7.0977e-103 1.56922e-103 0
-7.01035e-104 -1.24972e-103 0
4.47831e-86 5.95039e-85 0
2.66328e-17 -2.97644e-17 0
-2.10137e-88 -8.21688e-89 0
-1.20423e-65 7.21876e-67 0
-21.6115 -2.38696 -13.0209
27.6544 3.09243 -27.8534
2.26611e-99 -8.98474e-104 0
10.7154 -45.3704 4.50169
-1.60363e-113 -1.07335e-113 0
7.4631 -20.1891 4.69697
-26.4167 -15.8121 40.7048
-4.17855e-77 4.44861e-77 0
6.1871e-91 4.11296e-91 0
2.80462e-77 5.92652e-78 0
20.8475 32.894 -7.12673
9.11069e-77 -9.51488e-77 0
-36.5876 -175.302 30.8706
3.61474e-112 -5.50235e-112 0
-2.59327e-113 -1.58882e-113 0
-2.9496e-11 -1.41816e-11 0
-3.11028e-20 -1.49542e-20 0
19.8062 33.3978 -21.6068
-1.03442e-107 -1.55203e-107 0
-2.74064e-12 -1.3177e-12 0
-5.18882 -0.863428 -12.2077
-5.15152e-84 3.62256e-84 0
1.39911e-12 -1.37702e-12 0
41.9461 -55.3218 -10.9133
2.91727e-07 3.77682e-07 0
-2.18961e-103 1.75795e-103 0
5.11678e-42 3.36591e-42 0
1.09346e-46 2.00335e-46 0
1.6684e-37 5.52828e-38 0
-2.59445e-67 1.82443e-67 0
21.8536 30.9134 3.34589
4.55613e-109 -1.08539e-107 0
3.59366e-82 8.46358e-83 0
-8.2919e-44 5.94813e-45 0
26.6857 3.02521 -27.6273
2.26354e-99 -2.12213e-104 0
6.37144e-13 7.30851e-13 0
2.15861e-101 2.84963e-102 0
-1.06275e-46 -2.53896e-47 0
-6.32911e-40 -3.04303e-40 0
-2.33897e-54 -1.12457e-54 0
1.3436e-90 -1.34101e-90 0
-5.90419e-22 3.89903e-22 0
-2.15041e-16 -4.14895e-18 0
2.48636e-48 1.63558e-48 0
73.6103 24.4799 -23.1572
-80.1331 -15.2494 -7.63374
0.492071 6.85506 -24.6062
1.67383e-59 1.10107e-59 0
-3.23108e-13 -5.42585e-13 0
9.88646e-113 5.70905e-112 0
3.13705e-78 -1.67222e-78 0
3.21964e-39 2.76601e-39 0
-1.58381e-29 -1.6677e-29 0
1.39451e-75 9.1789e-76 0
7.69564 -1.97242 -23.08
-1.98353e-19 1.11729e-17 0
1.503e-111 -1.40657e-111 0
-1.78117e-24 -8.56383e-25 0
-3.95881e-111 1.43003e-110 0
0.000422623 -0.000594433 0
41.5488 -51.8287 -14.7804
-5.02394e-66 3.53284e-66 0
17.5876 -20.4169 18.8947
-4.95484e-67 -1.63983e-65 0
-28.1613 12.6862 -11.0281
-1.50652e-53 5.63424e-55 0
27.8143 -1.10679 -27.5028
2.26515e-99 9.95209e-104 0
87.9168 -179.718 197.237
27.423 25.9086 44.3905
8.57787 22.3192 -22.005
3.71745e-36 -2.2999e-35 0
1.41517e-70 9.30926e-71 0
1.29827e-109 -3.0901e-108 0
-9.60798e-108 -3.08677e-108 0
32.4327 -6.0941 -24.3468
5.08658e-53 3.34604e-53 0
-4.96274e-40 -2.38608e-40 0
-5.54228e-114 8.41173e-114 0
3.19233e-32 4.6248e-32 0
1.1097e-50 -6.6919e-51 0
1.90908e-61 1.25583e-61 0
-93.6326 9.86568 -3.24761
5.51953e-53 3.63085e-53 0
-6.26204e-112 2.28257e-112 0
7.98671e-50 -4.49696e-49 0
3.85032e-97 -1.162e-97 0
-1.99046e-60 -9.57013e-61 0
2.28662e-62 3.62561e-62 0
-6.43473 -20.6012 -20.7108
-1.47984e-71 1.04062e-71 0
-2.47787e-110 -6.0355e-110 0
-3.99462e-104 2.44362e-104 0
-2.79529e-74 6.26649e-75 0
3.70016e-79 1.10639e-79 0
3.23332e-62 2.12693e-62 0
-2.28829e-78 6.02858e-78 0
7.59684e-93 7.31165e-94 0
-5.31662e-80 3.73912e-80 0
-7.62237e-105 4.06292e-105 0
1.06864e-10 -9.75219e-12 0
1.41949e-46 9.33766e-47 0
-4.88183e-68 3.43291e-68 0
-8.04947e-115 -8.52557e-115 0
1.82364e-46 1.19962e-46 0
-1.82664e-24 -8.78248e-25 0
6.05362e-98 5.34686e-98 0
-3.3694e-114 -4.25254e-114 0
31.399 43.1643 -1.11843
-1.09754e-32 -5.27697e-33 0
-6.2087e-114 -5.12481e-114 0
25.3749 41.9734 -21.9666
0.35976 27.7236 -18.3187
-2.14467e-98 4.2277e-99 0
-3.57352e-74 -2.44552e-74 0
-8.33299e-114 -4.44407e-114 0
1.78561e-13 4.72614e-14 0
9.17398 2.90569 -14.5069
1.99193e-74 -7.64501e-75 0
5.77204e-37 3.79695e-37 0
1.85572e-112 -9.01971e-114 0
-2.75777 7.04581 -11.7715
-1.5352e-70 -5.16552e-72 0
5.9845e-76 4.38969e-76 0
-1.54689e-63 1.08778e-63 0
-1.21401e-92 2.61117e-93 0
-5.41942e-18 3.01041e-18 0
7.46899e-09 7.3308e-09 0
3.28984e-94 -2.15241e-94 0
-9.7243e-90 -7.90098e-89 0
3.59283e-87 2.27268e-87 0
-6.47854e-37 -3.11488e-37 0
-1.33464e-109 1.82083e-109 0
23.6438 -6.84088 -28.0374
-2.47498e-39 -1.18997e-39 0
3.76986e-51 2.47989e-51 0
109.548 -35.1949 -21.8919
-2.77526e-114 -7.81279e-114 0
-2.41108e-70 1.69548e-70 0
-2.86117e-78 2.01198e-78 0
-5.12483e-111 -4.53394e-110 0
-4.32617 6.65595 -6.42847
-1.44213e-76 1.01411e-76 0
8.68147 5.05841 -2.39546
4.45329e-60 -1.45929e-60 0
-1.63775e-103 -7.22264e-103 0
-4.40457e-84 3.09735e-84 0
-1.86234e-72 -1.56184e-73 0
-1.98729e-80 1.39746e-80 0
1.35432e-112 5.06905e-113 0
4.14241 -29.3489 -17.2683
16.8982 -33.5933 -14.5238
1.63744e-54 -4.71855e-55 0
5.25499e-33 1.4866e-33 0
-11.8759 5.3193 -15.2529
-2.4822e-34 -2.6538e-36 0
6.77298e-99 -8.18578e-99 0
4.84654e-52 -6.1943e-52 0
-2.96121e-107 2.65173e-108 0
-3.39711e-112 2.73841e-113 0
-9.74923e-50 -1.54186e-49 0
-7.94866e-47 5.21093e-47 0
-52.3261 15.9448 -22.7531
-8.38495e-109 3.03733e-108 0
4.69403e-67 3.08782e-67 0
-1.7716e-115 4.24589e-115 0
3.87663e-114 -4.43105e-113 0
81.8416 4.54859 131.431
-4.44233e-60 3.12386e-60 0
84.9123 -52.4352 -19.6174
-1.07675e-110 2.00506e-110 0
-2.06793e-27 5.15108e-28 0
11.9394 12.77 -6.65545
-131.937 95.0591 17.6644
-3.61214e-59 2.54006e-59 0
-5.02745e-89 3.46198e-89 0
6.03007 -69.2803 -26.5271
26.2195 2.70303 -27.7371
-5.70302e-92 -1.69157e-91 0
-3.99624e-103 -1.30286e-103 0
-1.90956e-101 2.36894e-101 0
1.83447e-115 -5.22354e-114 0
1.04812e-100 1.92904e-99 0
7.61988e-59 5.0125e-59 0
14.9182 -2.56954 -24.3977
-2.83876e-24 -1.36487e-24 0
6.1271e-69 4.03052e-69 0
-6.23218 -1.51374 -11.6752
-2.23228e-58 2.68727e-60 0
-7.05778e-36 -3.39337e-36 0
25.4793 -12.1487 -15.7801
3.67238e-49 -4.26908e-49 0
-1.07044e-87 1.18682e-87 0
1.57156e-109 5.83224e-110 0
3.28528e-80 -1.19948e-79 0
-1.44336e-112 3.32904e-112 0
-9.07626e-67 6.38245e-67 0
-5.96882e-67 4.19729e-67 0
-1.40638e-113 1.35861e-113 0
-6.34705e-49 9.85864e-49 0
-1.95896e-97 -3.24912e-97 0
-2.14169e-45 -3.11639e-44 0
5.39771e-62 1.30369e-61 0
1.18529e-110 1.26041e-110 0
-1.31612e-111 -2.3062e-111 0
30.557 46.6861 4.98681
-18.0647 -5.76717 -2.2659
-1.44211e-85 -6.58103e-86 0
-4.33331e-35 -2.08345e-35 0
1.90867e-65 1.25556e-65 0
9.20708e-28 -2.42348e-28 0
1.33825e-79 1.30856e-79 0
-2.45667e-101 2.15329e-100 0
3.17212e-47 8.34911e-47 0
10.5821 -17.253 -27.6857
-5.1527e-60 3.62339e-60 0
3.42661e-54 -1.9932e-53 0
-2.49776e-111 1.54826e-111 0
-3.49854e-33 3.55925e-32 0
6.49466e-116 -1.71935e-114 0
-1.47013e-50 -7.06835e-51 0
-9.0763e-106 -6.4802e-105 0
-3.60695e-66 -1.73422e-66 0
-5.1223e-82 1.43362e-80 0
5.0634e-61 6.38761e-61 0
73.8693 8.69421 1.69021
1.04017e-43 4.38943e-43 0
2.97777e-21 -9.10716e-21 0
2.21354e-68 1.45611e-68 0
1.38447e-84 -5.32171e-86 0
-2.77442e-110 -3.58209e-110 0
-8.1837e-06 -22.865 -2.54696
5.32013e-56 -6.55475e-54 0
7.50175e-109 -2.52864e-109 0
5.29959e-105 9.62912e-106 0
-1.68423e-106 6.102e-106 0
19.7315 -43.1965 13.7419
-45.6381 -19.9199 -7.91512
-3.18318 7.87125 -23.2222
-5.69943e-30 -2.74028e-30 0
-1.24186e-103 2.75036e-102 0
-1.30852e-05 -0.000103984 -24.8303
-3.34552e-06 -1.4649e-05 -3.4436
-3.70544e-05 -0.00015964 -23.9386
-4.9976e-16 -2.40284e-16 0
-6.08927e-65 -7.0334e-65 0
1.00212e-73 1.26832e-73 0
6.685e-75 2.51044e-75 0
-8.78863 17.1206 -10.5648
2.44592e-113 1.64772e-113 0
9.21352e-37 -1.09654e-36 0
1.0854e-69 7.14004e-70 0
1.83627e-43 -2.60966e-42 0
3.08211 25.8802 -27.336
-3.30391e-104 1.4766e-99 0
2.831e-105 1.09739e-104 0
1.78313e-88 1.83602e-88 0
-8.16776e-108 3.59298e-107 0
3.06175e-109 -7.29305e-108 0
-6.92653e-44 4.53221e-42 0
1.37209e-11 -1.01449e-12 0
8.57899e-67 7.2469e-67 0
-8.41391e-36 -4.0454e-36 0
8.4485 20.3032 -26.5502
3.54837 -19.1808 -19.4329
-4.92445e-74 -2.66625e-72 0
-2.48365e-97 6.26615e-97 0
2.67822e-80 7.25753e-80 0
1.82545e-113 -1.07568e-112 0
-10.1008 11.2673 -26.0351
-5.18857e-101 2.97306e-101 0
26.6402 -44.6743 -26.1993
23.7655 -45.2074 -23.2199
7.70224e-74 5.0766e-74 0
5.78006e-05 1.65795e-05 -24.8244
-3.08013e-06 2.97111e-09 -3.42462
-8.27906e-05 1.11065e-05 -23.9218
13.3519 -14.3044 -22.4835
-4.08229e-82 -1.7516e-82 0
2.83719e-11 1.19398e-11 0
9.63508e-57 4.87754e-57 0
2.94472e-20 -2.38584e-20 0
5.26348 7.19914 -17.885
22.0964 9.2575 13.2237
2.6979e-23 2.58805e-24 0
-2.08551e-98 -5.22066e-98 0
3.35028 21.6872 -24.6211
-1.60225 12.3549 -25.6712
9.85718 -12.0372 -25.9359
6.37369e-92 4.90285e-92 0
-6.42524e-97 7.95417e-94 0
1.36232e-97 6.87773e-96 0
6.10219e-75 5.87327e-75 0
-3.16041e-20 -1.51952e-20 0
1.08724e-95 9.10217e-95 0
2.30348e-68 7.99634e-69 0
3.53697e-87 1.03307e-85 0
3.49677 -19.3059 -19.1103
3.75021e-05 -6.52031e-05 0
2.2712e-101 -1.02562e-100 0
6.00682e-22 1.83853e-21 0
-1.10178e-15 -5.29733e-16 0
8.83703e-98 -2.23657e-97 0
-9.4405e-75 6.63858e-75 0
9.05879 65.3917 37.8996
5.11758e-72 -4.21354e-71 0
-9.75919e-26 -4.69221e-26 0
2.77551e-05 2.9215e-05 -24.83
-3.27547e-06 1.46692e-05 -3.44359
-0.000366308 7.90143e-05 -23.9384
-3.07404e-51 4.2019e-53 0
4.84231e-64 -7.63389e-64 0
-1.14163e-29 -5.48895e-30 0
3.20594 -12.1282 -14.7213
3.66957e-91 -5.03993e-91 0
-5.39392e-103 -1.94957e-102 0
-7.05964e-35 -1.4336e-34 0
-20.2459 -16.0482 -26.9822
-1.09289e-113 2.65132e-115 0
-1.23024e-05 27.7623 -4.77124
-5.36681e-56 6.55415e-54 0
-5.18758e-45 -2.49418e-45 0
-6.76311e-105 2.62543e-105 0
2.0743e-21 -6.554e-22 0
-25.5784 38.6063 8.24292
-7.76504e-113 -9.08093e-112 0
-3.26273e-108 -1.44076e-108 0
2.85091e-60 -1.11606e-58 0
1.45672e-22 1.76837e-21 0
-5.32915e-94 1.18737e-92 0
-3.20956e-113 -1.0519e-113 0
3.6818e-11 -6.45297e-13 0
-1.9435e-80 4.9901e-80 0
1.75525e-109 2.02236e-109 0
-2.41087e-24 -4.32894e-24 0
-3.44176e-104 7.61591e-103 0
-1.30967 -10.36 9.60226
-2.12498e-75 -1.91512e-75 0
1.10296e-102 -2.73229e-102 0
-4.3743e-66 3.07602e-66 0
-3.95176e-93 9.93232e-94 0
-3.01645e-35 -1.45031e-35 0
-7.50062e-24 -3.60629e-24 0
-7.67779e-43 -3.69147e-43 0
-1.09654e-98 -5.27216e-99 0
-3.13938e-54 -1.50941e-54 0
-1.60287e-89 -8.46963e-90 0
8.49113 -22.5953 -24.2441
1.18409e-66 1.31418e-66 0
-2.77601e-64 -1.3347e-64 0
-15.0243 -37.2504 2.39902
-1.80873e-76 -8.69637e-77 0
3.31918e-113 -2.52698e-113 0
4.76278e-115 7.17689e-114 0
1.91956e-115 -6.40338e-115 0
1.9464e-100 -3.59361e-100 0
-9.03326e-65 -4.34318e-65 0
1.24657e-61 8.20018e-62 0
1.46081e-46 2.87558e-47 0
1.51543e-59 -4.67327e-60 0
2.57349e-32 5.65484e-32 0
1.62171e-74 1.09549e-74 0
-5.14419e-87 8.31332e-88 0
26.7766 3.15494 -27.5368
2.26552e-99 -1.7658e-103 0
9.89205e-111 -1.77872e-110 0
-2.18277e-80 -1.04947e-80 0
3.13197e-59 -3.87956e-60 0
-8.84906e-67 -2.54304e-67 0
5.05673e-62 -3.20272e-62 0
5.73069e-51 -6.12392e-51 0
-2.1016e-55 1.47785e-55 0
-5.83267e-40 -2.80434e-40 0
8.95795e-90 1.21583e-90 0
2.32821e-101 4.05569e-101 0
-6.97961e-110 -8.22333e-110 0
10.4693 50.583 22.5079
-1.48788e-105 -1.75281e-105 0
-1.94562e-19 2.32255e-20 0
-61.9354 40.0128 3.61699
-2.99846e-98 -5.27477e-98 0
-1.14567e-72 8.05634e-73 0
-1.44993e-19 -6.97124e-20 0
9.56418e-111 1.86145e-110 0
-5.69125e-113 -8.04475e-113 0
1.90234e-56 -7.90159e-58 0
1.20789e-07 1.64294e-07 0
-1.53085e-113 3.32081e-115 0
-2.11822e-110 -6.91868e-111 0
-35.5204 9.08754 -15.1621
-5.83753 32.7316 -12.4434
1.14103e-76 1.01753e-76 0
-8.029e-111 -5.42e-110 0
-7.28324e-35 -3.50177e-35 0
11.5428 -9.37751 -24.7521
-1.76781e-101 2.19309e-101 0
25.8284 3.08877 -27.3123
1.48343e-99 5.66033e-107 0
9.75209e-110 -6.34425e-110 0
1.54617e-14 4.58222e-14 0
19.2936 78.5252 27.8974
1.65831e-10 -1.20357e-10 0
7.78777e-44 -4.07201e-45 0
3.33844e-43 -2.01006e-43 0
-2.16487e-36 -1.71332e-35 0
1.06507e-90 3.90779e-90 0
-4.4413e-113 9.90864e-114 0
-22.0383 -33.1958 16.3383
-74.2523 13.5107 2.45204
-1.18309e-27 -1.67138e-27 0
-2.62879e-62 -1.55584e-62 0
3.90413e-34 -6.69716e-34 0
-4.69088e-110 9.53537e-110 0
9.77531e-86 -7.84759e-86 0
1.26188e-65 8.30088e-66 0
-8.77158e-25 -4.21736e-25 0
16.818 17.737 -8.12816
-5.79442e-76 -5.318e-76 0
47.1595 16.8039 16.9846
9.50937e-112 -9.55507e-112 0
5.29958e-115 -6.67751e-114 0
-7.47674e-115 4.48088e-115 0
7.78573e-95 -1.18009e-94 0
26.9819 -30.7831 11.4648
-3.28933e-47 -1.58151e-47 0
3.45528e-89 -1.38314e-88 0
-2.32686e-54 -1.11875e-54 0
8.20625e-111 -4.75593e-111 0
-1.92382e-56 6.82023e-57 0
26.9006 -1.10778 -27.1506
2.26134e-99 1.81588e-103 0
6.13413e-68 4.03514e-68 0
-1.58283e-42 6.7369e-43 0
9.69764e-75 -3.76406e-75 0
6.90844e-96 -3.2359e-96 0
5.56121e-51 3.65826e-51 0
-21.6328 15.5329 -22.1419
3.90473e-61 -1.08654e-61 0
2.47751e-09 9.27111e-11 0
2.56882e-60 1.68982e-60 0
3.3472e-101 2.70992e-101 0
1.42207e-112 4.7484e-113 0
-6.69876e-75 -3.64716e-74 0
4.67926e-58 3.07811e-58 0
-46.3528 -28.1901 -26.2279
3.32112e-99 2.20519e-99 0
8.35637e-107 2.89004e-107 0
-16.8693 -1.43194 -27.5064
3.50102e-73 -1.73062e-72 0
6.69117e-36 -1.83245e-35 0
-6.46299e-110 4.07752e-110 0
-1.217e-113 1.21408e-113 0
-6.02133e-31 2.54011e-31 0
-2.03484e-74 1.4309e-74 0
-5.34519e-104 -8.1396e-104 0
-3.84595e-112 3.93041e-112 0
-18.054 29.8218 -26.5673
-2.84525e-55 -3.75626e-55 0
2.50246e-55 -4.49263e-54 0
6.01905e-105 1.13955e-104 0
-1.89553e-11 -9.11367e-12 0
-1.04086e-33 -5.00443e-34 0
22.4587 5.96208 -24.1541
-1.00098e-53 2.69658e-54 0
-2.47014e-78 1.73701e-78 0
5.73827e-109 1.77204e-109 0
-1.3148e-68 -8.44326e-69 0
-4.32423e-112 -5.21473e-112 0
2.07198e-23 2.3795e-24 0
-1.07554e-70 7.56325e-71 0
9.66217e-24 -7.43764e-24 0
-2.35885e-56 4.9515e-56 0
-4.30111e-90 -3.74678e-90 0
-6.20525e-114 -5.11171e-114 0
7.79726e-26 4.86299e-25 0
0.813557 28.2771 -18.4882
5.58508e-28 -4.23748e-28 0
4.6361e-113 -1.1528e-113 0
-15.5678 2.998 -12.8558
6.67893e-109 -1.59135e-107 0
9.1942e-108 2.0053e-107 0
5.77005 25.8287 -23.7664
2.07393e-70 -1.52273e-70 0
7.78594e-113 3.65588e-114 0
-20.1917 3.54254 -19.4673
-1.11887e-80 -3.92265e-82 0
8.30231e-96 6.7216e-96 0
5.68196e-108 2.05678e-108 0
3.69e-56 -2.92936e-56 0
-7.1215e-74 2.51125e-74 0
-6.46041e-78 -1.14494e-77 0
-4.38991e-110 -2.05309e-112 0
-1.97293e-76 5.70998e-77 0
16.2061 -66.7547 -6.27184
-1.60639e-34 -7.72353e-35 0
2.54906e-105 5.64365e-105 0
-3.01352e-96 -3.85847e-96 0
-4.84567e-88 -2.32979e-88 0
-5.79655e-29 -2.78697e-29 0
-6.09622e-27 -2.93106e-27 0
3.62485e-56 1.8714e-56 0
-1.91662e-11 -9.21508e-12 0
-1.29336e-114 -8.94967e-115 0
-2.51506e-11 -1.20924e-11 0
-4.14873e-86 2.9174e-86 0
-4.40566e-66 3.09807e-66 0
14.5835 10.8516 -4.82478
-4.75104 11.9596 -25.1075
1.13899e-113 -4.26433e-114 0
-1.34178e-106 -2.04326e-106 0
44.1746 62.6405 -17.8669
-2.38413e-06 -5.14696e-07 0
-1.94036e-51 2.9701e-51 0
6.45568e-70 -1.5464e-71 0
-3.69118e-52 1.91424e-51 0
-3.0703e-114 2.56561e-114 0
-7.99589e-49 -3.84442e-49 0
-19.2451 3.50195 -19.0982
-2.29579e-09 -5.19928e-11 0
1.41938e-69 -1.49044e-69 0
7.74952e-66 -1.07106e-64 0
-7.24698e-111 -3.88741e-112 0
-1.98091e-36 -4.06708e-37 0
-7.96932e-47 -4.90099e-47 0
2.68823e-109 2.26468e-109 0
-7.05903e-88 -8.24276e-88 0
5.29876e-68 -3.78201e-68 0
3.09125e-56 2.03348e-56 0
2.9552e-109 2.45252e-109 0
10.2748 -15.6457 -23.1621
2.36175e-88 -3.95073e-88 0
-6.14269e-29 -2.9534e-29 0
-10.8023 -6.09994 -17.2038
-9.95907e-109 9.14678e-109 0
-7.6038e-55 6.23384e-55 0
-1.89051e-66 1.32941e-66 0
69.4913 -63.9848 -4.27214
-1.68031e-42 -8.07892e-43 0
4.28915 -14.8121 -23.3767
2.49994e-22 -6.79319e-22 0
-2.12115e-111 2.26951e-112 0
-36.6985 55.1936 26.0232
-6.59565e-29 -3.17118e-29 0
-4.24742 -60.9858 -13.8455
2.02764e-17 -3.57014e-17 0
1.63938e-58 1.07841e-58 0
1.03354e-57 -1.09803e-56 0
-1.62021e-19 -4.58429e-20 0
-1.0283 0.651948 -10.1104
9.56078e-98 -2.26923e-98 0
-20.1191 -0.881615 -18.1925
-1.84459e-52 1.58968e-54 0
8.51045e-98 -1.04282e-97 0
-35.0424 -0.818886 -25.8686
-2.30004e-42 -3.28695e-42 0
0.000206219 1.7757e-05 0
-2.01432e-22 -1.0751e-22 0
3.32013e-56 2.18404e-56 0
8.70583e-63 5.72685e-63 0
8.53002e-70 5.6112e-70 0
6.84026e-72 4.49965e-72 0
-2.16342e-113 2.0852e-113 0
-2.53257e-115 -1.54376e-114 0
1.6161e-102 2.61305e-102 0
9.66935e-89 8.24973e-89 0
-1.98838e-111 4.04507e-111 0
-5.0978 9.51414 8.14747
-4.43773e-52 -1.76188e-52 0
20.8253 -49.9179 -11.0541
-7.46123e-60 5.24675e-60 0
-6.11802 -3.35633 -10.1664
-1.60233e-73 1.12676e-73 0
-4.06312e-52 -4.57484e-52 0
4.41048e-108 -1.01075e-107 0
5.59735e-70 3.68204e-70 0
1.39372e-101 -3.78444e-101 0
1.90692e-62 1.33543e-62 0
-9.07989e-106 -2.62727e-106 0
-5.08768e-86 3.57767e-86 0
-1.23145e-86 8.65956e-87 0
-1.01953e-111 -1.48793e-111 0
-3.69759e-74 2.60015e-74 0
-3.86e-61 -1.85588e-61 0
-9.00985e-52 -4.33193e-52 0
-3.12438e-105 -2.45148e-104 0
-3.01618e-70 -1.45018e-70 0
-8.00679e-81 1.12499e-79 0
-7.04217e-115 -1.10892e-113 0
27.0426 -36.7569 -14.6628
-2.30955 17.4932 -11.5604
-4.46543e-107 4.4607e-106 0
-11.6196 33.1898 -24.8309
2.7636e-83 -4.65619e-83 0
4.17924e-70 2.74922e-70 0
5.52461e-06 -22.8546 -2.54073
5.32512e-56 -6.55479e-54 0
-8.05157e-09 4.65603e-09 0
60.9302 -167.617 44.1974
-1.82193e-100 4.16573e-99 0
7.54873e-61 4.96569e-61 0
5.62244e-24 3.69855e-24 0
3.42274e-71 9.64506e-72 0
8.1833e-68 2.36884e-68 0
1.16174e-61 7.64213e-62 0
-7.93162e-06 -9.90905e-06 -24.8299
3.72969e-08 -1.4551e-05 -3.44271
-8.42093e-07 -4.40486e-05 -23.9381
-21.4492 15.5935 -17.8016
1.59498e-73 -3.43388e-73 0
-1.45669e-104 2.961e-104 0
4.71348 27.0444 -17.9772
-48.5695 31.7761 15.5545
3.19956e-05 0.00011965 0
6.90692e-73 3.13588e-73 0
17.7027 7.66805 -24.153
2.20832e-44 -3.01857e-43 0
3.0832 25.8682 -27.3273
-7.23539e-104 1.48226e-99 0
3.75801e-49 -8.10447e-48 0
2.4901e-58 1.63803e-58 0
-2.53408e-82 1.78197e-82 0
4.76854e-90 5.44606e-91 0
-1.54474e-07 -7.42708e-08 0
30.0174 29.5127 -14.131
74.3371 -92.9505 -15.4455
-2.43358e-47 -1.17006e-47 0
8.72893 19.9177 -25.3866
3.55077 -19.1639 -19.428
-4.92084e-74 -2.66625e-72 0
8.24268 -42.3013 -20.5095
2.38498e-57 1.56889e-57 0
-1.79987e-113 2.17261e-113 0
-7.62358e-53 -3.67667e-53 0
7.04643e-25 -3.99527e-24 0
-7.09493e-31 -3.41124e-31 0
-4.27633e-08 -1.11189e-05 0
0.000450509 0.000307145 0
6.22199e-05 1.7842e-05 -24.8236
2.60288e-07 7.01081e-08 -3.42369
5.22239e-05 1.49826e-05 -23.921
-1.14767e-06 -1.57169e-06 0
-4.00712e-103 -6.01224e-103 0
46.8821 -41.4544 -15.6517
4.29838e-65 -4.27934e-66 0
2.14715e-17 -4.69465e-19 0
2.24194e-49 1.47479e-49 0
-13.0969 15.4632 -9.88339
2.28383e-91 6.02927e-91 0
-1.71336e-37 -8.2378e-38 0
3.35304 21.6711 -24.614
-1.55836 12.4489 -25.6919
8.49373e-69 5.58733e-69 0
26.2268 0.625598 -22.8116
4.0221e-115 9.47773e-115 0
-5.64449e-52 3.96922e-52 0
-7.13369e-35 -1.07106e-34 0
-7.69263e-52 -3.69861e-52 0
-9.65818 48.7414 9.32997
-9.17002 28.7132 3.91574
1.88706e-83 2.40196e-82 0
3.49804 -19.2908 -19.1029
3.75711e-05 -6.5282e-05 0
-1.0928e-102 8.58858e-103 0
1.18256e-43 3.87465e-43 0
1.93681e-16 1.3695e-15 0
9.90201 15.618 -24.4678
-1.037e-113 3.48205e-115 0
-5.49269e-76 -1.95467e-75 0
-6.96149e-45 -4.80081e-44 0
5.20216e-97 -1.967e-97 0
5.49148e-05 1.59285e-05 -24.8296
3.13405e-05 2.35735e-05 -3.44261
-2.32952e-05 4.91566e-05 -23.9379
2.15208e-82 1.9957e-82 0
-4.23743e-20 -2.03735e-20 0
2.59803e-64 1.00742e-63 0
-23.4136 -29.633 -27.4283
-9.32088 -20.2242 8.29025
-0.000825937 -0.00253758 0
-2.82176 15.5961 -14.2956
1.24317e-87 1.27203e-87 0
4.04992e-70 2.66411e-70 0
7.32072e-06 27.7527 -4.764
-5.31922e-56 6.55475e-54 0
-1.00317e-45 -4.82323e-46 0
-3.19093e-17 6.58545e-17 0
-2.87795e-114 2.34173e-114 0
-7.90699e-103 -5.50657e-101 0
3.33713e-79 9.26306e-79 0
-3.43704e-104 -9.40521e-104 0
1.90203e-89 4.20594e-89 0
6.79484e-37 4.46977e-37 0
1.12303e-91 1.28963e-91 0
-61.2147 -28.4206 -13.8946
-5.27273e-71 -3.63794e-69 0
31.0563 35.7522 20.2534
-4.7684e-112 -3.43569e-111 0
4.08464e-07 -1.00796e-08 0
2.84341e-14 2.00459e-13 0
-17.7558 -29.3297 -2.63862
3.68308e-105 -1.6632e-104 0
5.88072e-115 1.03446e-113 0
6.94822e-113 1.74034e-113 0
3.12748e-57 2.05731e-57 0
-1.59793e-32 -1.8752e-33 0
2.79351e-85 1.05069e-85 0
-6.74236e-82 -3.24172e-82 0
-1.15621e-64 -5.55906e-65 0
1.21434e-113 -7.5248e-114 0
1.60272e-58 5.64656e-58 0
-2.96729e-59 3.10999e-59 0
-7.39307e-93 3.19852e-93 0
4.09535e-45 -2.98489e-45 0
2.87805e-95 2.54204e-95 0
1.38229e-65 -1.09735e-65 0
3.97118e-113 -3.02854e-113 0
2.2282e-112 2.75587e-112 0
7.11229e-115 -1.89477e-114 0
-1.41928e-65 -6.82389e-66 0
3.71105e-22 1.76043e-21 0
-7.75741e-113 3.93871e-112 0
1.62842e-50 3.81262e-50 0
9.1567e-65 -4.21993e-65 0
4.8377e-109 3.67986e-108 0
2.03515e-97 2.17311e-97 0
-4.27873e-103 -1.76727e-103 0
26.7763 3.1564 -27.536
2.26253e-99 -1.14177e-103 0
4.65361e-113 4.05647e-113 0
3.84002e-57 2.52603e-57 0
-2.27799e-46 -1.09526e-46 0
-0.0372532 -0.00856352 0
-2.19319e-58 -7.49862e-58 0
-8.5865e-08 5.69903e-08 0
42.593 -28.7347 -23.6286
1.8223e-73 1.19874e-73 0
-2.24174e-98 -6.93373e-98 0
2.05243e-110 4.59934e-110 0
-2.9583e-113 -4.86234e-113 0
-17.1681 27.7575 -17.1197
-11.0064 17.4399 -9.44029
1.2435e-60 8.17997e-61 0
-1.65667e-106 4.31761e-106 0
4.50597e-91 -6.95089e-91 0
4.27523e-67 2.81232e-67 0
-5.82416e-114 -7.08842e-113 0
1.42736e-109 2.24786e-110 0
3.63557e-95 5.06212e-95 0
2.75777e-67 9.04292e-69 0
1.20649e-07 1.64356e-07 0
-1.50111e-52 1.06997e-52 0
-2.34465e-76 1.64877e-76 0
1.39153e-84 -9.70193e-85 0
7.68277 31.4473 -22.2593
-2.83756e-44 -1.36429e-44 0
3.29085e-84 -2.19621e-84 0
27.8566 -25.141 -27.5879
-2.64715e-17 7.06798e-18 0
-1.13361e-70 7.97156e-71 0
25.8311 3.089 -27.3124
1.47989e-99 1.86206e-104 0
-3.78442e-47 -1.81954e-47 0
-23.2779 8.85596 -22.9689
2.10776e-108 -1.83941e-109 0
7.50604e-60 4.93761e-60 0
6.8272e-77 5.95789e-77 0
-1.43601e-63 1.00981e-63 0
-4.52244e-105 -5.59947e-106 0
-7.17601e-110 -8.68311e-110 0
26.3255 47.4322 14.2984
-41.4217 -66.4151 -3.07769
-74.2695 13.7186 2.36932
5.39095 -49.8121 -26.0472
-2.11353e-66 -3.22179e-66 0
8.99811e-82 1.97235e-82 0
-2.38338e-16 6.68864e-17 0
6.90008e-57 4.539e-57 0
2.72482e-84 -1.49653e-84 0
4.50924e-71 2.96626e-71 0
2.26988e-56 1.49317e-56 0
1.86263e-48 1.22527e-48 0
47.728 13.5978 15.0736
3.00504e-110 -3.22497e-110 0
-2.90161e-112 -3.82482e-112 0
2.66545e-28 1.75338e-28 0
25.6748 -39.8903 -13.998
-8.11346e-90 1.05123e-89 0
3.30875e-70 7.29689e-70 0
-1.46919e-105 5.70327e-106 0
1.40247e-111 1.76303e-111 0
-4.0044e-33 1.17396e-32 0
-3.57549e-74 2.5143e-74 0
26.9 -1.10872 -27.1498
1.47969e-99 1.11135e-103 0
4.26786e-29 2.31209e-29 0
-2.44654e-30 -7.08043e-29 0
18.464 -7.79755 -16.3075
3.18e-114 -3.68251e-115 0
5.48711e-06 -1.57888e-06 0
1.79463e-68 -1.58034e-69 0
-5.43024e-14 -2.29645e-13 0
-2.70381e-82 1.90133e-82 0
3.81515e-61 2.50968e-61 0
5.21141e-101 4.21919e-101 0
1.42134e-112 4.68154e-113 0
-3.72249e-74 -2.04634e-73 0
-2.15463e-69 -1.03595e-69 0
2.82634e-55 -3.80838e-56 0
2.67725e-39 1.76115e-39 0
1.1683e-33 -9.68941e-35 0
-3.419e-112 -6.78494e-114 0
6.26822e-71 4.12335e-71 0
1.8844e-66 1.23959e-66 0
16.8687 92.1615 19.7828
-9.72495e-113 5.03572e-113 0
-16.7166 -29.6279 -0.45994
1.78293e-44 1.17284e-44 0
-6.5672e-58 -1.68967e-57 0
54.0695 -26.8673 -15.5211
1.62642e-18 -2.89914e-18 0
6.20637e-40 -8.73553e-41 0
-7.30344e-56 1.03921e-55 0
-5.62803e-83 3.95764e-83 0
1.49443e-26 -6.65293e-26 0
-1.37461e-55 -6.60912e-56 0
-7.81005e-13 -8.51137e-12 0
-35.922 52.0146 -4.66903
-2.20933e-40 -1.06224e-40 0
-4.53288 -5.92424 -16.4734
-1.90488e-70 -9.15865e-71 0
1.79411e-52 1.1802e-52 0
2.8359e-67 1.86551e-67 0
1.47599e-106 -1.12371e-106 0
3.14932e-43 -1.57697e-43 0
3.97161e-62 2.20861e-61 0
-6.71671e-102 -6.12298e-102 0
-6.20519e-114 -5.11163e-114 0
4.55311e-29 3.20824e-28 0
0.836475 27.5663 -18.69
-1.44439e-89 8.35024e-90 0
3.47113e-21 3.56338e-21 0
58.99 -13.3442 -15.3662
-1.24994e-66 -1.08348e-66 0
-19.3944 9.53488 -21.8121
4.33019 13.2302 -14.8963
1.26694e-109 4.86679e-110 0
1.89184e-114 -1.43479e-114 0
-20.1905 3.54214 -19.4674
-1.47578e-99 -5.20382e-104 0
1.81525e-64 2.22028e-64 0
-1.27899e-50 -6.14935e-51 0
2.94023e-59 7.68274e-60 0
4.15073e-16 -1.06689e-15 0
6.13977e-57 -9.17137e-58 0
-1.84938e-86 1.30049e-86 0
0.587509 32.239 -19.9634
1.7283e-55 -2.3265e-55 0
1.07901e-64 7.09791e-65 0
-1.27494e-77 3.15534e-77 0
-1.9269 12.8312 -24.2672
-2.76754e-93 -1.33063e-93 0
3.21537e-67 2.11513e-67 0
-34.8949 -17.1255 -11.1893
4.13595e-60 2.7207e-60 0
2.10913e-59 7.39953e-59 0
2.26989e-92 6.93284e-92 0
-2.06855e-58 4.67229e-58 0
-3.34821e-69 2.35447e-69 0
6.5359e-71 4.29943e-71 0
14.6573 10.9303 -4.89057
-0.0158518 0.0124249 0
66.0826 -44.4304 -18.7283
-2.6929e-102 -6.58391e-102 0
8.42033 62.4354 -25.7954
3.01554e-49 1.56913e-48 0
4.69485e-61 7.2876e-61 0
1.60218e-98 5.3218e-99 0
-1.82348e-106 -2.77677e-106 0
4.92688e-113 -3.75616e-112 0
1.14698e-55 7.54502e-56 0
-19.2451 3.50195 -19.0977
-1.47545e-99 9.48283e-105 0
-3.49307e-108 8.61066e-109 0
-11.7814 -1.24606 -14.9739
-4.6948e-111 -2.45052e-112 0
-1.83549e-107 -7.40046e-109 0
-2.15176e-77 5.65606e-79 0
-4.17677e-104 3.8361e-104 0
3.14293e-109 -2.66922e-109 0
-1.27115e-74 8.93878e-75 0
-8.03348e-69 5.64916e-69 0
2.63924e-50 1.73614e-50 0
-5.72506 -16.1573 -25.2027
1.60914e-52 -5.06993e-52 0
-5.8951e-54 -4.74991e-54 0
-18.3155 20.1787 -23.5539
-3.06415e-109 3.80128e-109 0
-4.26503e-97 -1.09331e-96 0
3.21049e-58 -1.93167e-58 0
6.44678e-82 4.24081e-82 0
-5.82831e-24 -2.80224e-24 0
1.95796e-77 1.28798e-77 0
6.47015e-25 -1.62335e-24 0
-2.21083e-111 -2.24367e-111 0
13.4099 -23.5893 16.6914
5.81204e-91 -1.12833e-89 0
-9.83985e-13 -4.42057e-13 0
-2.48456e-114 -2.7329e-113 0
1.41731e-58 9.3233e-59 0
1.59979e-60 1.05237e-60 0
-1.84618e-84 4.8703e-84 0
2.50477e-17 -6.24785e-15 0
3.8435e-51 2.52832e-51 0
-20.1181 -0.881253 -18.1927
-1.47579e-99 7.55306e-104 0
-2.41735e-64 -7.46335e-64 0
-35.0414 -0.798723 -25.8545
-8.89919e-113 -1.02197e-112 0
-3.16181e-113 -2.28118e-112 0
-6.55565e-98 1.45077e-96 0
-4.31521 25.1265 -18.37
-2.1387e-104 2.65321e-104 0
-4.91472e-94 -1.5121e-94 0
-1.22451e-59 7.41644e-60 0
-2.16341e-113 2.08519e-113 0
2.16548e-114 2.00492e-113 0
1.48314e-114 2.90415e-113 0
-5.0983e-64 9.647e-64 0
-3.87535e-91 1.23139e-89 0
51.465 13.713 3.97057
-6.58531e-70 4.63081e-70 0
5.27943 -2.01007 -23.3394
22.1613 10.3421 -25.7802
-31.2126 -12.4044 -15.6887
-2.31661e-110 1.82055e-110 0
-1.10275e-111 1.60095e-111 0
-18.3192 -6.15341 -14.2905
-9.10266e-76 2.10247e-75 0
-1.56571e-102 2.04942e-102 0
-1.49513e-83 1.30001e-82 0
2.24023e-67 1.31925e-67 0
1.4662e-98 3.54925e-99 0
-1.31689e-48 -6.3316e-49 0
-4.97326e-110 5.7757e-110 0
1.15549e-20 2.93029e-20 0
-1.63038e-65 -7.83883e-66 0
-1.57675e-60 -7.58098e-61 0
-2.56029e-102 -2.20677e-101 0
-6.8352e-72 -3.28636e-72 0
-1.77313e-80 2.64452e-79 0
-2.10095e-105 7.49618e-106 0
-1.6043e-110 -4.23587e-110 0
-2.14867 22.4337 -15.0287
-4.02526e-40 1.33067e-40 0
-9.37908e-16 2.21345e-15 0
-5.7316e-99 3.0585e-98 0
1.64147e-52 1.07979e-52 0
5.36903e-06 -22.8545 -2.54068
5.31689e-56 -6.55483e-54 0
-5.51704e-29 -6.47434e-30 0
6.73572 6.38045 -8.33334
-3.66022e-100 2.14322e-99 0
15.975 -43.1414 -10.0081
-1.20054e-52 1.16736e-51 0
-1.24456e-70 -3.69012e-71 0
-4.87199e-55 6.24273e-54 0
1.87672e-17 4.09746e-17 0
-8.65733e-05 -8.75202e-05 -24.8297
1.30634e-07 -1.45185e-05 -3.44271
6.28321e-06 -0.000260521 -23.9378
4.86485e-35 -5.01931e-35 0
-1.34192e-28 -1.84977e-28 0
3.10777e-42 6.91576e-44 0
6.15443e-80 2.20698e-80 0
-3.75081e-24 -5.06505e-24 0
1.22124e-18 7.8522e-19 0
-1.82117e-48 1.50101e-48 0
3.82233e-103 1.17068e-102 0
9.23053e-45 -1.27606e-43 0
3.08543 25.869 -27.3272
-2.04248e-101 5.2463e-99 0
-3.38777e-94 -1.39797e-93 0
6.25085e-55 4.11192e-55 0
-4.99989e-101 1.10637e-99 0
3.41831e-57 2.24863e-57 0
-7.31115e-110 -2.95462e-109 0
-9.63506e-33 -4.43047e-33 0
-2.52522e-50 -1.21412e-50 0
8.59835e-104 -3.97457e-104 0
-3.69728e-83 -1.70676e-83 0
3.551 -19.1637 -19.4281
-4.92117e-74 -2.66623e-72 0
1.32853e-102 2.43405e-103 0
-2.92946e-86 1.00024e-85 0
50.3517 -0.0577745 50.9761
7.24592e-112 -2.25914e-111 0
45.3438 -7.02512 -10.6572
-1.97456e-64 -9.49365e-65 0
-4.50493 -36.979 13.2029
-4.17099e-29 -2.00541e-29 0
6.22494e-08 -2.64804e-07 -24.8239
5.79738e-05 1.66905e-05 -3.4235
4.03993e-05 -2.3558e-05 -23.9212
3.65787 23.4724 -11.6203
-3.50786e-38 2.01844e-38 0
-2.32154e-20 -1.11619e-20 0
1.8899e-65 -1.66425e-66 0
1.26813e-19 2.22774e-20 0
30.1186 39.0419 7.387
10.6734 24.3257 -16.7244
2.80581e-55 1.84571e-55 0
-1.57064e-44 -7.55162e-45 0
3.35341 21.6707 -24.6142
-1.55833 12.4488 -25.6919
7.83104e-87 -1.29158e-86 0
-1.71615 0.781291 -23.6926
-4.78474e-112 1.4812e-110 0
-9.33042e-113 1.09016e-112 0
-1.25911e-78 -1.46255e-78 0
2.37999e-60 1.5656e-60 0
-2.20681e-33 -1.06103e-33 0
1.78136e-61 -7.97407e-62 0
2.34868e-91 3.34562e-90 0
3.50022 -19.2914 -19.1017
3.76159e-05 -6.53989e-05 0
-1.99127e-70 -9.57401e-71 0
3.43825e-46 1.10109e-45 0
-4.45729e-21 8.38202e-20 0
1.29981e-106 -4.03538e-106 0
-3.90202e-52 2.74391e-52 0
-1.82147e-110 -2.03518e-108 0
2.57574e-77 -5.16027e-77 0
7.43863 -34.7265 -18.7943
2.07147e-07 7.0483e-08 -24.8299
0.000150397 5.78543e-05 -3.44222
1.77646e-07 3.8289e-05 -23.9382
6.10671e-58 -1.69926e-58 0
-9.90436e-25 -4.76201e-25 0
-25.6855 54.9584 -26.5532
-71.8719 3.14509 -25.2585
-1.26237e-60 -6.06948e-61 0
3.09872e-107 3.07943e-107 0
-1.19311e-69 8.38994e-70 0
-3.31678e-29 -1.59471e-29 0
-4.07386e-112 -4.57491e-110 0
0.000121301 27.7529 -4.76365
-5.3161e-56 6.55489e-54 0
-9.24199e-51 -4.44354e-51 0
-4.6307e-24 -2.22643e-24 0
3.6771e-84 -3.72842e-84 0
-1.95961e-59 6.33123e-60 0
8.78158e-107 7.18201e-107 0
-2.4457e-102 9.57976e-103 0
-7.32699e-93 -3.52281e-93 0
-11.4883 14.4682 -25.4675
8.01297e-88 5.27138e-88 0
6.34767e-115 -7.79682e-116 0
1.70205e-113 1.39463e-112 0
-1.02949e-61 1.0388e-61 0
-1.22296e-107 -1.3546e-107 0
-8.29373e-112 6.59243e-112 0
0.00335833 0.0256559 0
-8.95144 -19.2468 -24.6235
5.24861 20.4542 10.7921
2.58741e-101 -3.35995e-101 0
-6.54901 -18.0081 23.7742
-4.84082e-105 -5.70278e-105 0
-2.44097e-46 -3.12555e-47 0
2.84613e-30 -2.36046e-31 0
-59.1967 19.0988 -25.854
7.68056e-28 -1.75629e-27 0
38.2951 25.7552 -1.03226
-84.386 9.87587 -4.92406
1.29492e-66 9.12621e-67 0
-1.2439e-65 5.26096e-65 0
-1.47365e-65 1.87804e-66 0
4.62625e-96 -4.47395e-96 0
2.01049e-62 -1.59606e-62 0
3.35848e-113 -2.55849e-113 0
7.45952e-116 6.97734e-114 0
-8.18196e-93 -1.80555e-92 0
1.17995e-112 -8.84424e-112 0
-4.62294e-105 -2.61877e-105 0
8.01136e-103 -1.84421e-103 0
-13.7999 -3.37536 -15.4141
7.43828e-68 -2.42035e-68 0
4.34429e-97 7.50798e-96 0
-3.40975e-28 2.98121e-28 0
2.40145e-51 -6.99216e-51 0
26.7754 3.15858 -27.5374
1.47992e-99 -4.05026e-104 0
-1.74466e-71 -1.7411e-71 0
1.2198e-57 8.02406e-58 0
-1.16678e-52 -5.85366e-53 0
6.04244e-48 7.6406e-48 0
1.65376e-84 -2.05058e-84 0
-9.79389e-68 -1.05519e-67 0
5.42939e-46 3.57155e-46 0
9.11258e-106 -1.12736e-105 0
2.14419e-48 1.41049e-48 0
6.7427e-108 1.53449e-107 0
-3.66762e-116 -2.15548e-115 0
8.0494 21.52 4.82307
8.12004e-83 1.45006e-82 0
-1.97909e-113 5.84905e-112 0
-9.30292 -111.76 -13.7299
-1.69298e-98 -6.37233e-99 0
1.44666e-63 9.51641e-64 0
-9.05056 -26.1363 15.85
6.026e-110 -3.88135e-110 0
1.91344e-24 4.54196e-24 0
5.61372e-66 3.28156e-67 0
1.75382e-07 2.47896e-07 0
-1.76634e-53 1.25555e-53 0
-2.59278e-35 -1.2466e-35 0
5.15688e-64 -2.43082e-63 0
-34.5292 -8.21632 -17.5969
-3.08637e-24 2.75133e-25 0
-1.56809e-82 1.10268e-82 0
-1.03915e-85 -3.84564e-85 0
5.14577e-27 -8.89781e-27 0
2.53999e-16 9.4855e-16 0
25.8276 3.0885 -27.3166
1.47688e-99 3.76113e-104 0
-14.2481 13.2432 -6.95209
-1.79781e-69 -1.76763e-70 0
1.40102e-69 1.01496e-69 0
5.10578e-59 -2.09676e-59 0
-1.16906e-51 -5.9705e-51 0
-3.68019e-110 -1.71172e-110 0
7.59505e-114 6.46265e-113 0
-37.6708 35.7268 33.5143
1.4626e-71 9.62125e-72 0
-2.00789e-54 -9.65389e-55 0
-2.51236e-34 -1.20794e-34 0
-8.68858 -46.4844 -21.9522
13.1651 63.0345 -4.2422
-2.28811e-66 -1.36837e-66 0
-5.65285e-69 2.35606e-69 0
-57.3157 -8.89658 10.3145
1.47209e-62 -5.22149e-63 0
-2.6186e-114 9.38259e-115 0
16.6349 -95.5401 -11.5551
31.0731 -19.4203 21.4534
42.4952 16.1032 26.1451
-1.21608e-87 7.68732e-88 0
-2.28345e-34 -1.09788e-34 0
-1.24873e-70 8.78108e-71 0
1.76143e-22 -4.92899e-23 0
-6.7551e-51 1.57562e-50 0
43.2622 -3.26112 -8.92038
21.7465 73.1644 -9.95196
30.3294 10.4913 -0.04054
-36.8043 22.4662 -8.75022
-7.52167e-33 -3.61641e-33 0
26.8992 -1.11044 -27.1511
1.47578e-99 9.77956e-104 0
9.7371e-58 6.40524e-58 0
-2.10076e-27 -3.96372e-28 0
-3.12504e-73 -2.8681e-73 0
2.97574e-100 2.62832e-100 0
38.4481 76.3438 -17.8839
17.7234 -30.4888 -24.4089
-0.0597197 16.9927 3.61977
-35.2278 -48.9442 50.1796
-3.70876e-105 4.60097e-105 0
7.91704e-102 6.40969e-102 0
2.16576e-112 8.78793e-113 0
-3.68916e-74 -2.04625e-73 0
3.44235e-66 -2.86431e-66 0
5.32793e-61 -4.00807e-60 0
-3.84761e-17 -9.94515e-17 0
-4.91942e-80 3.45935e-80 0
34.124 20.3941 -10.1416
1.1687e-66 6.94048e-67 0
1.22411e-06 2.19408e-07 0
-1.24244e-87 -5.97363e-88 0
-4.72557e-113 1.5901e-113 0
6.24106e-31 -1.48376e-30 0
3.75792e-61 2.47203e-61 0
-7.35091e-97 1.62685e-95 0
4.14114e-107 1.01744e-106 0
2.35097e-111 1.78857e-110 0
1.50824e-53 -1.62673e-53 0
-1.03085e-109 -1.33123e-109 0
1.22194e-73 3.88998e-74 0
156.852 18.3421 -25.5274
1.91878e-46 1.26221e-46 0
13.616 -36.8296 -20.583
6.76319e-66 -3.92202e-66 0
-3.61606e-16 -1.7386e-16 0
-24.8651 -46.5971 8.25084
-2.23502e-112 -3.22613e-112 0
-1.86966 21.7215 -26.8805
-1.37691e-58 2.23854e-57 0
-1.28767e-74 7.22094e-75 0
-4.4884e-109 -6.73433e-109 0
-1.35359e-12 5.86931e-12 0
-8.78826e-101 -8.04843e-101 0
-6.20509e-114 -5.11152e-114 0
4.55483e-29 3.20827e-28 0
0.852806 28.2792 -18.4669
-5.5686e-24 -8.49303e-25 0
-3.55687e-09 -8.54836e-10 0
2.02297e-114 -1.18675e-115 0
-5.76554e-110 -6.80067e-110 0
-5.52921e-99 6.85936e-99 0
-5.42781e-46 1.19333e-46 0
-4.24187e-45 -2.03949e-45 0
-8.81082e-81 7.28453e-81 0
-20.1906 3.54023 -19.4652
-1.4797e-99 -3.82737e-104 0
48.6042 20.5358 -10.0207
7.27278e-110 1.59132e-109 0
-1.58423e-113 -2.81249e-114 0
-5.05904e-68 2.35522e-68 0
2.67171e-57 1.7575e-57 0
-4.33754e-77 -5.58939e-77 0
10.5831 47.2672 45.1046
-5.56868e-34 -1.80523e-34 0
-2.70716e-59 -1.3016e-59 0
-3.05523e-77 7.45836e-77 0
-0.00600792 -0.0818056 0
-2.23066e-93 -1.0725e-93 0
-1.31319e-62 9.2344e-63 0
1.06864e-32 -4.40898e-33 0
-5.05223e-106 -5.95183e-106 0
-1.02289e-67 -4.91803e-68 0
4.98715e-61 3.28064e-61 0
-1.82366e-113 1.25813e-113 0
-1.71471e-48 -8.24429e-49 0
-1.34215e-48 -6.45306e-49 0
14.8305 9.92442 -7.15677
-0.00687956 0.00519851 0
6.25396e-65 -2.11465e-66 0
-2.09703e-108 -4.84163e-109 0
2.64422e-90 -2.08572e-88 0
1.37263e-32 9.02939e-33 0
-70.3962 -5.99372 1.58302
-5.43794e-19 -5.22392e-19 0
-1.88588e-18 -1.31547e-18 0
24.9975 -3.04138 -23.9082
-6.16372e-60 4.33434e-60 0
-19.2458 3.50251 -19.0919
-1.30308e-69 -1.09282e-70 0
-5.97848e-100 2.93064e-100 0
-1.76091e-64 1.23827e-64 0
-1.84158e-60 9.71986e-62 0
-2.00015e-39 -9.61668e-40 0
-9.19742e-78 2.4173e-79 0
5.81915e-05 9.75682e-05 0
-25.7516 -21.5648 -21.7365
29.6549 -19.4666 -23.2719
7.07279e-49 4.65261e-49 0
7.07657e-46 4.6551e-46 0
-6.28404 -15.7355 -25.0928
1.05989e-113 -5.55419e-113 0
4.78135e-85 -4.99782e-84 0
-7.43267e-110 1.51205e-109 0
-5.34988e-05 -8.75501e-06 0
-8.27702 2.61583 -20.6992
1.25432e-54 8.25115e-55 0
-37.5462 10.1843 49.9516
2.1498e-38 9.1638e-39 0
8.81219e-62 5.79682e-62 0
4.7889e-26 -1.23224e-25 0
-2.20951e-111 -2.24797e-111 0
-26.3238 1.70674 8.57846
9.24265e-50 -3.77016e-50 0
2.79077e-89 3.44005e-89 0
9.47768e-73 6.23459e-73 0
-1.43699e-88 -5.61895e-89 0
-4.39801e-111 -6.22573e-111 0
-2.14992e-94 -3.58964e-94 0
5.09127e-63 3.34913e-63 0
2.16432e-57 1.42373e-57 0
-20.1184 -0.880019 -18.1912
-1.47969e-99 1.03808e-103 0
-3.90916e-31 1.39817e-30 0
-35.0545 -0.7593 -25.81
-8.17467e-111 -7.94932e-110 0
1.26175e-98 2.04011e-98 0
8.91949 -65.2738 -8.50413
11.9344 -8.21507 -27.4654
-1.02242e-82 7.04056e-83 0
-2.61388e-61 -3.17518e-61 0
6.45311e-94 7.31493e-94 0
-2.16339e-113 2.08516e-113 0
-1.44836e-115 5.56305e-115 0
3.72879e-90 2.20906e-90 0
-1.33245e-94 -4.81723e-95 0
-9.92979e-72 6.98265e-72 0
-7.57969e-38 4.16803e-38 0
-2.31319e-61 9.62651e-62 0
-5.69492e-56 -2.79621e-56 0
-1.62317e-39 9.37041e-40 0
-4.11741e-06 4.54261e-06 0
1.11511e-89 1.76157e-91 0
-2.22222e-48 -2.5505e-48 0
2.5242e-58 1.66223e-59 0
-1.88465e-108 1.50699e-107 0
1.10977e-83 -6.00987e-84 0
2.61191e-100 3.38591e-101 0
2.67523 72.5143 19.4232
-4.87253e-07 -1.16958e-06 0
6.67613e-53 4.39168e-53 0
-7.12551e-107 -2.16539e-106 0
-6.77217e-108 5.32241e-108 0
-2.06927e-65 -9.94901e-66 0
-7.88196e-93 -3.78964e-93 0
-3.20457e-99 -2.76232e-98 0
-3.88126e-77 -1.86611e-77 0
-1.40501e-80 2.65391e-79 0
-1.33544e-77 -6.34918e-78 0
-17.4084 -28.9232 -21.727
0.853073 31.4862 -21.741
1.07622e-95 4.00482e-96 0
5.5117e-24 1.18405e-23 0
-3.85211e-66 1.95031e-65 0
-1.90073e-42 -9.13867e-43 0
5.23293e-06 -22.8546 -2.54073
5.31721e-56 -6.55478e-54 0
9.8291 14.7282 -12.0471
2.30423e-111 1.06666e-112 0
-9.57323e-102 5.10905e-101 0
20.1617 -43.2363 -6.85546
3.5764e-53 2.35262e-53 0
-1.95716e-77 1.37628e-77 0
18.9918 -25.57 -17.9092
7.01391e-43 4.53423e-43 0
0.000113166 -0.000113407 -24.8297
4.27208e-08 -1.45385e-05 -3.44271
0.000151147 -0.000367774 -23.9376
1.75319e-65 -3.18001e-66 0
-6.11356e-69 1.2009e-68 0
23.8968 7.0738 -14.507
3.79101e-78 1.42465e-78 0
-2.39205e-92 3.0615e-93 0
4.50015e-20 -7.86229e-20 0
7.88217 3.23662 -27.2896
1.33125e-55 2.06277e-55 0
1.05737e-45 -1.48338e-44 0
3.08778 25.8669 -27.3286
-1.04201e-99 1.93587e-97 0
8.57694e-112 4.80646e-114 0
7.11231e-51 4.67861e-51 0
3.1286e-100 6.24518e-100 0
16.9446 -11.1329 -22.4231
8.63932e-64 -1.72767e-62 0
-8.24887e-99 1.17897e-98 0
3.7385e-76 3.32764e-76 0
-1.40328e-104 -3.76225e-105 0
4.19048e-64 2.75658e-64 0
3.55109 -19.1638 -19.4286
-4.92145e-74 -2.66556e-72 0
-1.3761e-55 -2.13783e-55 0
-2.62595e-84 -5.61105e-86 0
-43.3427 -66.7452 28.1242
-3.6056 14.1032 -25.3467
1.14345e-26 1.4165e-26 0
2.36828e-80 2.17103e-80 0
20.2195 -33.9423 -9.72875
4.76622e-44 6.92825e-44 0
4.60141e-07 -4.4154e-07 -24.8239
2.0271e-05 5.83555e-06 -3.42363
5.96128e-05 -5.15716e-05 -23.9212
9.4688e-104 -7.20939e-104 0
-1.32078e-51 4.62451e-51 0
-1.9952e-28 -2.3414e-29 0
3.25335e-66 -3.68025e-67 0
1.81271e-16 3.08177e-17 0
2.26232e-102 4.28311e-102 0
17.0041 26.1139 -10.3713
1.12463e-65 2.45144e-65 0
-1.24945e-72 -5.96509e-73 0
3.35362 21.6703 -24.6149
-1.55792 12.4486 -25.6917
-4.68572e-77 3.29501e-77 0
-1.82749e-95 -3.76872e-96 0
4.11869e-114 -1.24858e-113 0
4.36642e-73 5.76994e-72 0
8.4817e-111 -2.48899e-110 0
1.14608e-73 7.55026e-74 0
-5.74472e-25 -6.74152e-26 0
2.90189e-58 6.80697e-58 0
1.98959e-109 3.6151e-108 0
3.50196 -19.2899 -19.1045
3.71991e-05 -6.56844e-05 0
-4.78444e-103 -1.10463e-103 0
1.09966e-105 1.27411e-105 0
6.54227e-113 1.97913e-112 0
-22.3374 0.855438 -10.7527
5.52806e-70 -2.04572e-67 0
-2.12903e-72 -1.02354e-72 0
-2.07812e-74 -2.3542e-73 0
-4.36997e-79 -4.59865e-79 0
2.07262e-05 -4.04767e-06 -24.8297
9.25979e-05 4.11815e-05 -3.44241
4.01777e-05 4.73055e-05 -23.9379
-1.00045e-30 4.68533e-30 0
-1.40644e-21 -6.90046e-22 0
-28.0711 -9.1315 -18.6502
-2.50934e-97 -2.2281e-96 0
-4.33839e-54 -8.89264e-54 0
17.6192 14.8941 -14.7563
3.68625e-100 2.38673e-100 0
-25.8766 -3.14886 34.1004
1.65933e-98 1.85685e-98 0
0.000108807 27.7529 -4.76373
-5.31637e-56 6.55484e-54 0
-2.06286e-52 -9.9182e-53 0
-1.31208e-24 -6.30846e-25 0
-1.19577e-77 -1.6078e-76 0
2.21552e-84 -1.61579e-84 0
9.74663e-49 2.97504e-47 0
2.54492e-34 1.67409e-34 0
33.8903 12.2681 -14.0391
-5.07382e-55 -2.43949e-55 0
1.14831e-91 7.56156e-92 0
4.23666e-115 -1.58826e-115 0
-1.32347e-74 -3.28558e-75 0
2.3743e-111 5.40279e-111 0
-1.05927e-107 -1.20292e-107 0
5.08277 -1.01052 31.9411
-1.03295e-62 -4.96639e-63 0
2.31396 -25.5936 -20.8059
-3.04067e-60 -1.11982e-59 0
-5.26342e-31 1.03139e-30 0
67.4102 100.582 -2.63139
-1.96926e-93 -9.4682e-94 0
-27.1001 -28.4083 -25.2903
1.33778e-85 1.2472e-85 0
-6.02097e-65 -2.89488e-65 0
-1.88929e-114 -1.28715e-114 0
5.23395e-112 -2.89621e-112 0
-5.1549e-99 -2.47847e-99 0
-6.53656e-27 3.98186e-26 0
-4.35685e-47 -1.85759e-47 0
-7.01342e-77 2.21343e-77 0
80.5201 -39.5949 -25.8815
2.12058e-59 -1.68346e-59 0
1.42577e-113 -1.07579e-113 0
-2.64855e-115 7.94523e-114 0
-2.45213e-60 -1.17898e-60 0
-3.23685e-76 -1.55627e-76 0
-2.44205e-40 -7.0806e-40 0
6.86255e-91 7.06609e-91 0
-3.93777e-53 2.76905e-53 0
3.17339e-104 -9.65905e-105 0
-1.16379e-72 -5.55129e-73 0
2.87386e-59 1.89048e-59 0
-3.78085e-37 1.04151e-36 0
26.7796 3.15922 -27.5322
4.355e-44 2.54138e-45 0
-1.45776e-57 -1.44647e-57 0
-1.49433e-41 -1.4091e-41 0
9.59096e-05 0.000403572 0
-22.9596 -45.2507 23.5509
-0.0159053 -0.000405394 0
-0.00110892 -0.000224322 0
1.27028e-44 2.38753e-44 0
1.90954e-109 1.94594e-109 0
1.80038e-87 1.66956e-87 0
-19.5372 -51.246 -7.89778
-4.91368e-34 -2.36249e-34 0
15.7634 55.3491 0.0655078
3.40876e-95 7.15164e-95 0
54.1119 64.1303 38.0657
-2.58957e-05 -1.8588e-05 0
8.64202e-71 5.68488e-71 0
1.52594e-48 1.00379e-48 0
2.74894e-20 -3.41818e-19 0
29.5937 -11.2338 51.3104
-6.62485e-64 -3.18522e-64 0
3.38067e-89 1.24431e-89 0
-0.000563476 0.0308196 0
12.6392 8.5729 -7.70055
-1.31548e-67 -6.32481e-68 0
-5.16006e-61 8.01842e-62 0
-1.61322e-114 -1.9768e-114 0
5.55487e-60 3.6541e-60 0
-9.43868e-104 4.09962e-102 0
-1.20755e-44 -5.8059e-45 0
6.95125 22.6278 -14.3813
-9.18993 20.813 -2.73917
25.8306 3.08849 -27.3126
3.58057e-14 1.65032e-16 0
-5.62171e-57 -1.76824e-57 0
5.25822e-53 3.45895e-53 0
1.18717e-107 -1.04284e-108 0
1.10715e-107 -1.14748e-106 0
1.25827e-50 -2.67274e-51 0
-61.3915 57.5787 -19.0916
-3.8041e-79 -1.98368e-79 0
-1.33246e-69 -3.30788e-70 0
1.09004e-33 1.84957e-33 0
-7.45056e-55 -3.58222e-55 0
3.13352e-108 5.93249e-108 0
23.9209 -40.6366 -14.1581
-1.89895e-42 -1.94083e-42 0
-1.22574e-25 -6.00237e-26 0
2.9277e-109 1.74554e-109 0
2.98005e-67 1.38586e-66 0
1.50205e-64 -1.57438e-64 0
-8.35227e-55 -4.01576e-55 0
1.32941e-113 3.21589e-114 0
8.97023e-46 6.06675e-46 0
-112.491 92.8611 74.4984
2.58102e-66 -2.04898e-66 0
77.0299 -41.0602 -4.07664
1.99102e-41 1.30973e-41 0
-4.12217e-115 5.14194e-114 0
2.30247e-112 -3.91934e-112 0
-42.7056 39.2813 -24.4537
2.33272e-78 -1.36122e-77 0
48.5345 35.7774 -7.69427
1.57746e-36 -3.42718e-35 0
4.05831e-113 8.29039e-113 0
26.9038 -1.11172 -27.1457
2.92441e-78 1.26041e-79 0
-26.3042 41.6943 -23.7325
-9.11558e-103 -1.07387e-102 0
-15.6987 15.2338 -20.5233
-2.96875e-44 -3.17823e-44 0
-4.81412e-45 -1.30989e-44 0
3.92433e-93 -3.91676e-93 0
2.56682e-29 1.1851e-29 0
-1.20334e-104 -3.84074e-106 0
-2.76735 -12.8189 11.9064
1.47935e-104 1.19769e-104 0
1.50854e-68 2.5855e-68 0
-1.50267e-76 -7.5645e-76 0
-3.61304e-80 2.33865e-81 0
8.53999e-77 -1.97406e-77 0
-1.07033e-110 -1.46079e-110 0
-4.3707e-89 -1.68085e-89 0
5.60895e-33 2.43914e-33 0
4.68205e-43 1.13331e-42 0
8.70093e-67 5.72363e-67 0
-7.13164 -3.13495 -20.5148
-6.2129e-113 5.64762e-113 0
-1.09759e-105 5.33793e-106 0
3.69137e-77 4.67197e-77 0
10.3731 7.50224 -24.8108
6.18507e-19 4.06865e-19 0
6.08702e-112 2.9384e-111 0
-9.15482 12.9289 -3.38447
3.46611e-113 -3.52667e-113 0
9.80157e-67 6.44765e-67 0
-9.10965e-23 1.12689e-21 0
-5.64153e-65 -2.71244e-65 0
4.67973e-105 -5.6559e-105 0
-5.59572e-105 4.39782e-105 0
1.33391e-79 -3.25199e-79 0
1.11985e-51 -2.17672e-51 0
5.36195e-114 1.96615e-114 0
1.36666e-114 -5.98847e-115 0
-2.27087e-29 -1.09183e-29 0
4.17235e-114 -1.02621e-113 0
6.62273e-62 -6.25859e-62 0
-7.41219e-111 4.69823e-110 0
-3.69328e-104 -3.38776e-104 0
-6.19851e-114 -5.08088e-114 0
2.97341e-29 2.08605e-28 0
0.818094 28.3973 -18.6635
8.9621e-69 -1.51923e-68 0
-1.52246e-14 1.3766e-14 0
1.36368e-31 1.11011e-31 0
3.84558 36.2936 -22.7292
5.49653e-42 4.28965e-42 0
2.95689e-05 3.77341e-05 0
2.00814e-57 3.20547e-56 0
3.44822e-50 2.2683e-50 0
-20.1916 3.5397 -19.4658
-2.26281e-99 -5.62865e-104 0
1.96184e-67 1.29053e-67 0
1.42838e-66 9.39614e-67 0
-8.77976e-106 -1.31731e-105 0
-3.06965e-95 -3.04427e-95 0
-2.08135e-47 2.24672e-48 0
-3.10667e-52 -8.05454e-52 0
-2.06993e-101 2.56789e-101 0
2.63121e-66 1.73086e-66 0
-9.79081e-75 -4.70741e-75 0
-6.80123e-74 1.75219e-73 0
-12.6618 -18.0694 -27.9168
2.53832e-96 3.87522e-96 0
7.31605e-93 -5.20972e-93 0
6.25579e-105 -4.18478e-105 0
-3.38283e-49 2.37882e-49 0
4.30227e-93 -7.77972e-94 0
22.4161 50.7504 -25.1396
-3.24592e-49 -1.56064e-49 0
26.9824 2.76388 -10.1707
2.77395e-70 1.82481e-70 0
12.7224 13.0821 0.378665
-0.00687887 0.00519502 0
-9.67689e-110 -3.7872e-110 0
4.16955e-75 8.56002e-75 0
1.90346e-82 2.96805e-82 0
-1.08469e-52 7.62756e-53 0
-2.61134e-112 -2.00196e-112 0
-7.30842e-50 -3.96103e-50 0
-8.65831e-90 -8.28195e-90 0
1.22911e-54 8.0853e-55 0
1.77719e-83 2.66175e-83 0
-19.2451 3.50216 -19.0924
-1.48336e-99 7.27628e-104 0
-9.84922e-29 -1.15582e-29 0
7.18471e-11 4.65678e-11 0
-1.81694e-87 -8.73581e-88 0
3.56145e-50 3.53591e-50 0
-2.60935e-82 5.99993e-83 0
5.2759 26.0582 0
7.59783e-114 6.56268e-113 0
-2.32703e-82 -1.90965e-83 0
1.79869e-61 1.18321e-61 0
1.29048e-43 8.48904e-44 0
-6.28818 -15.7255 -25.0893
9.2749e-20 6.29662e-20 0
-1.91561 -1.53347 0
3.79755e-88 -1.94275e-88 0
5.56551e-69 3.66109e-69 0
8.87324e-51 5.83698e-51 0
14.3579 -19.7007 -2.50195
1.40971e-26 -9.71382e-27 0
-1.60735e-22 -9.66457e-23 0
-0.0810846 -0.0787606 0
2.21073e-18 -2.12561e-17 0
5.62446e-55 -1.03663e-54 0
4.55537e-75 2.99792e-75 0
4.58138e-97 -3.72227e-96 0
63.7716 50.3118 -10.6582
-48.2824 -73.319 -6.43912
2.10747e-66 1.38634e-66 0
-6.73979e-73 -3.04946e-73 0
-0.564407 5.26064 0
1.63347e-57 1.07452e-57 0
-40.221 26.3879 -8.87697
-20.1202 -0.879422 -18.1917
-2.26277e-99 2.05498e-103 0
5.20066 27.7924 -9.03093
-36.702 -0.467438 -27.2132
-1.00461e-95 -1.03276e-94 0
-9.65606e-66 -4.64262e-66 0
5.78821e-52 3.80759e-52 0
-3.47525e-27 -6.59179e-27 0
-8.5405e-104 -4.60275e-104 0
-0.000144198 -2.12773e-05 0
9.73596e-57 6.40449e-57 0
-1.40888e-113 1.3475e-113 0
2.97885e-114 4.33613e-113 0
1.18995e-91 7.01789e-92 0
-1.93875e-26 5.21827e-27 0
6.09934e-108 7.43653e-107 0
-9.64376e-38 -4.63671e-38 0
-1.85115e-98 -6.25339e-99 0
3.00622e-113 1.76752e-112 0
-2.31707e-71 1.62937e-71 0
-17.6626 -10.6033 -27.0631
-2.54685e-39 -1.22452e-39 0
-4.92284e-56 -5.4142e-56 0
-5.55749e-12 -3.79993e-12 0
-8.18315 -29.4385 -6.05804
3.8743e-38 2.48322e-38 0
27.8623 -6.09178 -13.7156
3.44948 84.8507 -24.6979
5.5252e-23 8.14001e-24 0
2.58623e-36 1.70127e-36 0
2.64423e-28 2.53832e-26 0
12.8982 37.5377 17.3844
-1.03535e-66 -4.97795e-67 0
9.13317e-115 -1.12271e-115 0
-1.67334e-96 -1.44241e-95 0
2.73989e-109 -8.80773e-109 0
-7.80667e-82 2.01826e-81 0
2.73031e-114 -3.18569e-114 0
2.04051e-96 -3.56942e-96 0
7.59711e-112 1.08726e-111 0
12.6864 38.9239 -13.3337
-1.05375e-87 4.46969e-86 0
8.39298 43.0195 -1.90652
-3.84355e-34 -1.84797e-34 0
2.08214e-05 -22.865 -2.54695
5.36924e-56 -6.55417e-54 0
-6.98718e-71 4.9134e-71 0
-3.17869e-55 -1.52831e-55 0
1.02152e-91 1.09825e-91 0
-8.90071 -52.5845 -8.97163
-5.22053e-91 6.4628e-88 0
-1.25837 -9.80763 32.9818
-21.268 -21.3767 15.0536
-2.89788e-80 -1.1462e-80 0
0.00020996 -0.00012002 -24.8304
3.35203e-06 -1.46472e-05 -3.4436
0.000178253 -0.000149415 -23.9388
-1.58898e-52 -6.13056e-53 0
2.80858e-84 -2.85769e-84 0
-6.11991e-71 1.33012e-70 0
2.85653e-75 2.43501e-75 0
3.26334e-95 2.14704e-95 0
-1.44023e-52 1.01277e-52 0
-2.53829 30.3229 -18.7775
32.7799 -12.8649 20.5646
3.08932e-47 -4.75452e-46 0
3.08665 25.8799 -27.337
-2.43919e-62 5.52554e-61 0
-1.98661e-82 1.32297e-84 0
4.18631e-55 2.75383e-55 0
1.77989e-112 6.77658e-112 0
-7.16941e-82 -9.6787e-82 0
-3.18957e-76 9.69002e-75 0
16.2417 6.06145 -14.5951
1.01367e-16 2.14693e-16 0
-16.9953 -2.83505 1.51566
-4.49382e-89 -1.75712e-89 0
3.55084 -19.1807 -19.4336
-3.19634e-74 -1.73418e-72 0
2.00971e-67 1.32202e-67 0
7.98324e-71 5.25176e-71 0
17.7084 1.04783 -2.20026
-8.34766e-114 5.46525e-114 0
-8.41823e-73 -1.57698e-72 0
114.401 -14.175 8.39476
4.15735e-111 1.62355e-112 0
-1.22526e-52 -5.89103e-53 0
9.87223e-07 -3.69264e-07 -24.8247
3.24282e-06 6.52673e-09 -3.42462
2.07712e-05 -9.72458e-07 -23.9222
1.70299e-59 -1.94183e-59 0
2.546e-66 -1.24413e-66 0
1.03383e-34 -3.05548e-35 0
3.25788e-49 2.54626e-49 0
2.71814e-38 2.68024e-38 0
-2.86506e-57 -3.28094e-57 0
-7.85696e-83 -6.49941e-82 0
-17.5381 3.10467 -12.1373
8.14074e-73 5.35513e-73 0
3.35344 21.6866 -24.6223
-1.55701 12.4436 -25.6909
-4.8199e-54 3.34662e-54 0
2.83294e-77 8.58743e-77 0
-4.97578e-95 9.17301e-93 0
2.21677e-37 1.45823e-37 0
5.38753e-52 -2.23779e-52 0
2.39512e-111 1.82815e-110 0
-1.29026e-90 -1.1122e-89 0
56.4386 -32.607 -17.5071
20.0028 26.9196 -21.7246
3.50047 -19.3057 -19.1112
1.12564e-05 -1.68126e-05 0
-3.75736e-105 -4.1981e-103 0
1.50112e-87 9.875e-88 0
5.25963e-27 1.26094e-26 0
-7.38753e-58 3.89913e-59 0
-2.88473e-20 -1.19082e-19 0
-1.27433e-16 2.59957e-15 0
-3.13497e-64 -7.2134e-64 0
-3.21194e-53 3.11728e-53 0
7.31303e-05 -3.00808e-06 -24.8304
3.90847e-05 7.64767e-06 -3.44335
0.000188573 3.91049e-05 -23.9388
9.91382e-105 2.25618e-104 0
-6.74817e-31 -3.24451e-31 0
4.44594e-63 2.92462e-63 0
-1.60114e-43 -1.4657e-43 0
20.8952 0.627366 -23.7751
36.5091 -51.1743 -19.0156
-1.70958 -29.8511 -26.7549
9.57168e-114 2.26998e-114 0
-4.7238e-15 1.51753e-14 0
1.90696e-05 27.7623 -4.77123
-5.3174e-56 6.55462e-54 0
-3.65267e-53 -1.7562e-53 0
-2.82203e-16 -1.35683e-16 0
-5.14066e-89 -2.9825e-89 0
2.33798e-104 -2.51416e-103 0
-1.67042e-56 1.17464e-56 0
2.55983e-45 -6.49281e-47 0
-267.107 -113.759 87.262
-32.3262 -12.8907 -21.6081
1.51249e-96 1.03962e-96 0
-6.10947e-114 1.05059e-113 0
1.82386e-113 1.36904e-112 0
3.74229e-112 1.97511e-112 0
-6.46743e-109 -9.31322e-109 0
-4.25822e-68 -7.56707e-69 0
2.77517e-112 1.11553e-112 0
-10.7934 -27.5041 -12.5954
-8.93672e-73 -3.93674e-73 0
7.40693e-69 -6.16318e-69 0
-1.50375e-68 -7.23002e-69 0
2.73209e-57 1.79722e-57 0
-1.74117e-49 -1.4348e-49 0
-0.0862478 0.739108 0
-2.04277e-59 -9.82164e-60 0
3.1732e-112 -7.14925e-112 0
9.96869e-109 -9.15282e-109 0
-0.00828447 18.1965 68.3749
-7.43642 -18.5665 -20.8611
-1.41267e-09 2.52022e-08 0
1.18415e-112 -2.9087e-112 0
5.61476e-66 3.69349e-66 0
9.13365e-63 -7.25088e-63 0
1.42543e-113 -1.08075e-113 0
-1.67732e-113 4.52383e-113 0
-2.64235e-112 -2.58603e-112 0
2.89834e-80 -9.82143e-79 0
4.34264e-107 -2.242e-108 0
-6.48945e-82 -3.12012e-82 0
35.8967 -10.5579 -19.922
5.80122e-09 -9.37039e-11 0
1.04841e-47 6.89661e-48 0
2.97269e-39 2.42024e-39 0
0.591558 -2.34409 0
-32.2138 21.1099 -25.8011
2.23284e-58 -2.71012e-60 0
-7.21186e-24 4.90816e-24 0
-1.21737e-100 8.15523e-102 0
-45.9044 46.13 -10.6017
8.2639e-113 -2.16708e-113 0
53.6002 14.6468 -13.1658
-1.0051e-95 1.61522e-95 0
1.65323e-90 -3.01363e-91 0
2.14554e-64 -1.48627e-64 0
7.60371e-109 8.3735e-109 0
5.99954e-57 1.96619e-56 0
5.19941e-61 -2.14867e-60 0
-24.4059 12.2508 -0.19355
5.12708e-66 3.37268e-66 0
-4.04869e-90 -9.69362e-91 0
-6.81508e-71 6.92245e-71 0
1.43177e-46 9.41845e-47 0
-2.97674e-69 -1.43121e-69 0
5.94771e-87 3.91254e-87 0
-1.0279e-70 7.22822e-71 0
3.25905e-66 2.14387e-66 0
3.19175e-113 -1.84332e-113 0
-47.1533 36.4391 -5.27557
-4.08055e-112 1.46695e-112 0
2.38564e-63 1.56932e-63 0
-1.87375e-62 2.38793e-63 0
-2.22612e-78 6.61275e-78 0
-1.16574e-64 -5.60489e-65 0
-4.46572e-113 6.75226e-113 0
-0.0227212 0.0066683 0
-1.11425e-74 -5.3573e-75 0
-7.48358e-97 1.65617e-95 0
-19.0507 19.0516 -17.6766
1.51349e-42 1.46447e-44 0
1.02402 -30.8049 -27.0441
1.24122e-61 -1.13606e-60 0
4.8676e-58 3.20199e-58 0
3.09343e-112 -6.1013e-111 0
2.05136e-94 3.13542e-94 0
18.0857 1.36786 -17.7691
27.0185 24.4952 -21.7841
-64.5876 49.2678 -12.358
2.63148e-92 1.38358e-92 0
42.5994 43.0873 -0.384576
-58.7246 -11.709 -4.46678
-32.9223 26.1677 -19.4583
-4.31432e-41 -2.07432e-41 0
-11.7097 -13.0223 -21.6107
-1.35299e-48 2.65022e-49 0
4.04747e-83 7.45974e-83 0
1.09294e-103 2.07964e-104 0
1.03377e-104 8.02516e-104 0
-4.54793e-31 -3.38044e-31 0
1.48101e-105 2.71339e-106 0
-49.1832 39.992 1.34087
-3.00402e-08 2.19785e-08 0
146.209 -39.2631 15.0583
5.89107e-49 3.87525e-49 0
-7.65799e-93 -8.71223e-94 0
7.10768 -70.1198 -9.20316
-0.280639 -40.7743 -9.01449
1.22733e-63 -2.83677e-62 0
-4.0844e-20 -1.96378e-20 0
7.79289e-107 2.38489e-106 0
8.01592e-66 5.27302e-66 0
-34.0283 -1.61149 -18.9482
2.03669e-69 6.86702e-71 0
35.0738 42.6043 105.868
6.94834e-37 4.57074e-37 0
8.87618e-114 3.23224e-113 0
-3.6987e-48 -1.77833e-48 0
-1.36579e-89 -5.34017e-90 0
-0.134924 -13.1179 -18.417
-1.07704 -14.2333 -25.3047
-1.07813 50.445 -12.7611
1.17585e-47 7.73498e-48 0
1.03811e-107 8.40458e-108 0
2.56358e-113 5.24768e-114 0
-0.696309 -0.365982 0
1.33476e-106 -3.17975e-105 0
0.00016262 0.000186411 0
1.58754e-28 4.75315e-29 0
5.08422e-112 5.34306e-111 0
-9.70347 25.268 25.5434
-9.38206e-56 1.03559e-56 0
2.52099e-112 -5.32392e-112 0
9.65518e-99 2.96366e-99 0
-7.78945e-107 7.15412e-107 0
-19.1873 16.947 -21.1121
2.61715e-59 1.72161e-59 0
7.86383e-71 5.17297e-71 0
-2.89975e-64 5.39661e-64 0
4.29586e-28 2.8259e-28 0
-1.55901e-60 -1.7853e-60 0
10.2986 39.5773 -24.2108
-5.68093e-53 -6.8689e-53 0
31.7466 32.8582 -17.6823
1.01504e-68 6.67712e-69 0
7.20201e-104 -8.8249e-104 0
-5.49339e-111 -4.08745e-110 0
2.41145e-57 1.58629e-57 0
-1.31045e-64 -6.30064e-65 0
2.56357e-99 2.81174e-99 0
2.79219e-53 1.83676e-53 0
5.59979e-107 -1.37793e-106 0
3.00583e-65 1.97729e-65 0
-4.70813e-19 -4.37263e-19 0
-6.57649e-82 5.19328e-82 0
-5.22199e-24 -2.51073e-24 0
-3.52639 15.4566 -5.01041
-12.633 40.5378 -27.4247
-1.19102e-23 2.69816e-23 0
2.1215e-95 -2.38396e-95 0
-2.25271e-105 1.00662e-104 0
86.9194 -49.4608 -12.9365
1.06084e-63 6.9784e-64 0
6.39714e-56 4.42369e-56 0
-3.47553 -45.7937 -22.7844
-11.2724 17.5224 -8.15034
6.94636e-66 -1.51262e-68 0
-21.2039 3.48371 -19.6258
-2.26514e-99 -4.91115e-104 0
-1.57817e-16 -2.65017e-16 0
-3.17539e-103 4.26864e-104 0
2.37774e-66 1.56412e-66 0
5.26846e-114 2.86234e-114 0
-1.07286e-69 2.25783e-71 0
-39.7866 2.76828 -26.3268
9.75398e-74 1.75543e-73 0
40.6324 65.6778 -11.5799
9.42175e-57 6.1978e-57 0
202.584 -121.26 -19.5285
-4.82292e-31 -2.31886e-31 0
-1.0175e-55 -4.89214e-56 0
-1.78001e-93 -8.55829e-94 0
9.65568e-82 3.63035e-82 0
-1.16024e-76 -1.56548e-76 0
-100.169 70.6311 79.4155
1.33594e-59 8.78809e-60 0
2.59957e-71 1.71183e-71 0
2.1822e-70 1.43549e-70 0
-12.2836 8.35164 -8.49309
-36.2448 49.5434 28.4739
-2.5377e-14 2.95585e-14 0
3.42567e-71 2.25347e-71 0
1.47471e-78 -7.39231e-79 0
-3.05173e-59 -1.46727e-59 0
2.89422e-80 8.09712e-80 0
3.27321e-111 7.39944e-111 0
-7.85655e-41 -3.77742e-41 0
6.58953e-33 7.62884e-33 0
1.48244 4.88399 -4.15115
1.06664e-91 3.57429e-93 0
-20.2338 3.44635 -19.2472
-2.26423e-99 8.83416e-104 0
-1.95661e-101 -5.07172e-103 0
-3.09911e-79 8.37861e-80 0
4.40152e-100 4.82401e-99 0
6.83975e-90 7.77729e-90 0
2.21254e-106 -5.04269e-108 0
3.24924e-110 1.26587e-110 0
-4.71473e-98 -3.39316e-98 0
-15.189 -21.8439 -14.4206
-4.18108 5.89907 -22.7282
11.5002 -62.7808 -12.9087
-0.0483327 -0.193191 0
-2.07447e-106 1.90527e-106 0
-5.85759e-24 -7.31376e-24 0
-6.18827e-20 -1.38302e-19 0
3.44497e-109 2.9225e-109 0
3.77784e-74 6.46933e-75 0
1.82953e-81 3.60956e-82 0
-25.1478 -20.9662 -9.65504
-123.288 -5.78692 29.5126
-2.77409e-56 -1.33378e-56 0
-14.8556 -14.88 1.11155
4.69984e-31 -1.71105e-31 0
19.7468 52.7002 -7.13716
6.08457e-73 -3.52795e-73 0
2.85886e-110 8.75624e-110 0
1.14413e-65 -6.14451e-66 0
9.20212e-111 5.35218e-112 0
3.29614e-95 -5.51871e-96 0
1.16287e-38 -4.84155e-38 0
-1.13996e-26 -5.48091e-27 0
4.15735e-106 3.05611e-107 0
-21.1798 -0.872445 -18.3679
-2.26503e-99 1.84421e-103 0
-6.8241e-52 -1.52227e-51 0
-1.09601e-60 1.67671e-61 0
-7.11289e-18 -1.03681e-17 0
-1.38957e-08 -9.50378e-09 0
-3.49363 3.88096 -16.1612
5.34747e-110 -1.33802e-110 0
-2.87136e-77 -1.25647e-77 0
47.2573 48.7621 10.9908
1.54606e-60 1.01703e-60 0
1.56027e-98 9.80268e-99 0
-52.7526 20.4731 -23.905
3.27326e-99 7.16594e-99 0
2.36288e-110 1.37759e-109 0
3.30015e-32 2.1709e-32 0
-1.41398e-113 -1.87519e-114 0
6.24663e-57 4.10915e-57 0
1.20851e-110 4.20035e-111 0
-7.26275e-53 1.07942e-53 0
-1.1055e-82 -2.37689e-82 0
-3.66572e-09 2.19847e-09 0
-1.30269e-67 -1.33939e-67 0
-3.22724e-113 -3.70856e-113 0
1.59645e-58 1.05018e-58 0
-7.49371e-106 3.99209e-104 0
5.29922e-67 1.56195e-66 0
-10.6341 25.0559 7.70141
1.8511e-57 1.21768e-57 0
9.32459e-105 1.40409e-104 0
2.91418e-52 1.917e-52 0
-2.45497e-18 -3.28864e-19 0
-6.8454e-93 -3.29126e-93 0
1.34532e-63 8.84978e-64 0
-1.10751e-95 -9.5467e-95 0
-5.76736e-35 -2.77294e-35 0
-37.4061 -13.6525 -14.1856
-3.06185e-44 -1.47214e-44 0
4.8326e-35 -3.13223e-34 0
3.96651e-112 2.03142e-112 0
-1.85836e-52 -8.93497e-53 0
-4.42724e-56 -1.09377e-54 0
3.05336e-99 2.48671e-98 0
-5.23326e-45 -2.51614e-45 0
0.000191254 -27.6231 -5.74141
1.83233e-61 -1.57322e-56 0
8.03138e-44 5.28319e-44 0
-3.32925e-55 -1.6007e-55 0
8.93185e-114 -8.08892e-114 0
-4.30097e-109 -3.66098e-109 0
1.44594e-106 -1.10092e-106 0
-2.12976e-47 -1.60792e-46 0
-5.14045e-70 -2.47152e-70 0
6.1258e-69 4.02966e-69 0
4.90509e-05 -2.79432e-05 -24.8313
3.94494e-05 -2.07648e-05 -3.54609
0.000111937 -4.42836e-05 -24.0285
-1.00865e-46 -1.0864e-47 0
-2.19518e-99 -2.71797e-100 0
-18.7947 8.51177 -22.1492
3.94226e-98 3.79427e-99 0
-2.73438e-101 5.56934e-101 0
1.95894e-113 8.31749e-114 0
-2.78396e-19 8.4698e-19 0
3.57208e-110 2.81201e-109 0
-1.73615e-111 1.3472e-110 0
-0.00587967 0.174265 0
1.22396e-103 2.26516e-99 0
1.5281e-109 2.11195e-109 0
1.31879e-42 3.96863e-44 0
-6.37399e-23 -5.40128e-23 0
-9.6704e-72 1.36417e-71 0
-6.38002e-111 -1.03138e-111 0
-5.14935e-28 1.01948e-27 0
-2.76401e-69 -7.74233e-69 0
-1.53679e-98 -1.96242e-97 0
6.79797e-37 4.47183e-37 0
-0.786786 -24.3454 -19.4162
-4.15294e-68 -2.47758e-66 0
-8.33606e-78 4.88875e-78 0
-0.000218675 -0.00424394 0
-1.19315e-66 2.48817e-66 0
2.75896e-104 -3.33446e-104 0
-1.62539e-42 9.68806e-43 0
5.71227e-113 -4.95992e-113 0
-8.2848e-59 -3.98332e-59 0
-4.22552e-65 -2.03163e-65 0
2.57489e-05 -3.48287e-07 -24.8299
3.67168e-05 -1.52268e-08 -3.52366
0.000156249 -4.06995e-07 -24.0089
2.94812 -9.89341 -25.4818
-7.12311e-22 -3.42478e-22 0
-2.71903e-46 -1.27409e-46 0
-47.5724 12.4012 -12.2351
-13.1915 -2.23243 -11.6197
43.7829 -33.4964 -25.6921
8.64161 -7.9048 -15.1494
1.13294e-25 -1.30528e-25 0
-2.26847e-74 -1.09068e-74 0
-1.49547 15.9799 -19.461
-1.5115 12.665 -26.2641
1.02255e-69 6.72651e-70 0
-20.0897 1.14254 -26.7775
-7.67648e-112 -5.44943e-111 0
-3.57342e-105 3.54821e-105 0
-3.9459e-05 7.33613e-05 0
-4.0201e-47 -1.93286e-47 0
1.57009e-107 1.5059e-106 0
1.70871e-48 1.12402e-48 0
7.41024e-106 1.36375e-104 0
-0.793479 -24.4672 -19.0347
3.12169e-05 -0.000419979 0
-1.65415e-48 -1.24618e-48 0
2.43916e-28 1.60453e-28 0
-1.32701e-57 4.29694e-58 0
2.11094e-105 3.86751e-106 0
-9.36838e-50 -4.50431e-50 0
-4.22731e-12 -2.03249e-12 0
3.42484e-55 -2.76473e-54 0
6.07988e-53 3.99946e-53 0
0.000237908 -2.17166e-06 -24.831
7.51281e-05 1.36711e-05 -3.54584
0.00037989 4.16517e-05 -24.0281
-2.59949e-10 3.43021e-10 0
2.87777e-109 -3.22807e-108 0
-1.29032e-11 -1.15313e-11 0
7.5394e-48 4.95956e-48 0
-2.09341e-49 1.33549e-49 0
-3.80281e-95 4.20626e-95 0
-7.58626e-10 -4.32627e-09 0
9.76824e-52 6.42573e-52 0
2.01255e-74 1.3239e-74 0
0.000190913 32.0704 -8.40633
-2.62869e-54 3.13676e-52 0
-2.25626e-105 -2.14706e-105 0
-5.42691e-75 -1.28461e-74 0
-3.85799e-113 -1.29051e-113 0
-7.69012e-111 -1.17095e-110 0
9.07563e-93 5.23672e-93 0
-9.61599e-34 -4.05823e-33 0
-1.62796e-22 8.91448e-23 0
2.30323e-57 1.51511e-57 0
1.75708e-101 3.06155e-101 0
12.2191 53.8984 -5.39825
-2.60086e-113 5.22962e-112 0
-1.92052e-76 3.49793e-76 0
-24.6697 1.30216 -19.3657
5.51027e-51 3.62475e-51 0
-5.20665e-66 3.66133e-66 0
8.78934e-74 -2.36854e-74 0
4.22347 -51.6918 -27.5608
-1.46385e-23 -8.60087e-24 0
4.19777e-64 2.76137e-64 0
2.68561e-53 1.76664e-53 0
-6.85014e-43 1.64089e-43 0
7.25966e-44 6.88662e-44 0
-5.08873e-76 -2.44665e-76 0
-1.59788e-21 8.41105e-22 0
-8.04899e-68 -3.86994e-68 0
3.61537e-65 -3.59034e-64 0
-9.44297e-111 -2.49672e-110 0
-1.91675e-47 -9.21571e-48 0
-1.07912e-44 -5.18841e-45 0
-1.81928e-44 -8.74707e-45 0
1.38865e-67 9.1348e-68 0
36.721 -31.832 9.7136
3.42477e-62 2.25288e-62 0
4.50937e-113 1.47564e-112 0
3.80899e-113 -4.57279e-113 0
6.99933e-06 -8.67652e-06 0
-6.00361 -8.34849 -1.85388
1.24567e-42 -3.49946e-42 0
1.59534e-43 7.23476e-44 0
1.13799e-53 7.48587e-54 0
-3.31097e-61 -6.82773e-61 0
3.65772e-43 7.88981e-44 0
32.0867 -1.04978e-05 -8.41866
7.41747e-49 7.20481e-54 0
-9.34888e-106 1.06328e-106 0
0.28454 -0.622341 -24.5502
5.80929e-20 2.83997e-20 0
2.09032e-88 1.24137e-88 0
-4.48634 -8.82293 -20.6109
3.48065e-53 1.37847e-53 0
1.08667e-62 7.1483e-63 0
-1.79403e-61 1.32215e-61 0
4.27614e-53 2.81292e-53 0
7.33976e-116 1.97711e-115 0
-1.8362e-52 2.22531e-52 0
-2.64767e-52 2.01167e-52 0
7.58307e-105 -1.60478e-105 0
-2.14869e-63 -2.33866e-64 0
-1.66288e-13 9.67902e-14 0
7.95872e-53 -4.16301e-52 0
-5.00189e-15 -4.77083e-15 0
4.38743e-64 2.88613e-64 0
-1.50234e-100 -1.08122e-100 0
15.2365 -27.3108 -25.4487
7.77515e-113 -8.54072e-113 0
-52.8657 81.6025 -22.0588
-2.81665e-100 1.33765e-99 0
-8.81257e-103 3.14432e-103 0
1.55563e-113 -3.56868e-114 0
1.01729e-45 -1.00411e-45 0
-1.85494e-60 8.09259e-61 0
-1.07858e-104 2.56909e-104 0
1.82069e-58 1.19768e-58 0
8.66983e-109 4.90011e-109 0
-1.3052e-35 -6.27537e-36 0
32.0607 2.10252e-06 -8.39415
7.41917e-49 5.71111e-53 0
-3.23061e-28 -3.79117e-29 0
-3.88274e-20 -1.86682e-20 0
-7.00507e-86 -3.36803e-86 0
-2.96584e-06 -3.76749e-07 0
35.1746 -14.3566 -2.36815
-2.18851e-49 -1.77758e-49 0
4.98675e-112 7.9858e-112 0
-26.7973 34.1133 -4.29386
-0.00860337 -0.000964507 0
3.92396e-113 5.18133e-113 0
-1.85437e-86 3.50635e-86 0
-4.05666e-72 -2.68106e-72 0
9.34018e-113 5.77405e-113 0
2.09158e-66 1.37588e-66 0
-3.40934e-38 -1.64175e-38 0
-14.163 -11.0152 -21.9647
5.72453e-85 1.1625e-83 0
-45.3783 7.29733 8.30104
-29.8548 9.79799 -24.6348
2.03747e-56 1.34028e-56 0
-3.89051e-59 -1.87055e-59 0
-7.44471e-21 -3.57941e-21 0
-2.21549e-40 4.52203e-41 0
-8.24348e-110 1.10534e-111 0
4.42972e-57 2.91395e-57 0
-5.83784e-109 -2.40051e-108 0
-2.62337e-44 -5.08155e-44 0
1.12706e-92 1.55756e-92 0
-1.00265e-71 -1.57358e-71 0
6.43129e-31 4.5961e-31 0
-3.34496e-33 -1.60825e-33 0
32.0867 1.22958e-05 -8.41866
7.41908e-49 1.07608e-52 0
-1.41774e-105 -2.34986e-106 0
0.0793306 -0.494569 0
1.01874e-81 -1.73686e-81 0
-5.20371e-107 1.05755e-106 0
-4.30967e-26 -2.07208e-26 0
6.54494e-75 4.30538e-75 0
-2.11924e-108 3.41662e-108 0
-2.34783e-110 1.92646e-110 0
9.4805e-48 6.23645e-48 0
-1.89959e-113 2.73931e-113 0
5.3896e-33 3.54538e-33 0
4.85175e-20 5.62053e-20 0
4.80958e-110 4.581e-110 0
4.45826e-111 -6.84214e-112 0
5.35974e-115 -1.27927e-115 0
9.24613 7.68701 -14.4054
5.04457e-50 3.51598e-49 0
2.1055e-50 2.71767e-51 0
-4.0267e-54 2.69115e-54 0
4.57888e-62 3.01207e-62 0
-1.53441e-72 1.079e-72 0
2.70811e-43 -2.43784e-43 0
-3.95956e-19 -9.16404e-19 0
-7.14284e-115 6.56071e-113 0
-3.90785e-74 -8.19873e-74 0
1.0833e-52 7.12617e-53 0
-4.89418e-112 -7.07798e-112 0
6.53504e-110 -5.86429e-111 0
4.4384e-51 2.91966e-51 0
-1.43271e-60 -6.88847e-61 0
