# vtk DataFile Version 3.0
water particles
ASCII
DATASET POLYDATA
POINTS 2541 float
-2.03058 -1.07991 0
2.04732 -2.80668 0
-29.0055 24.7617 13.9811
0.504888 1.49034 0
-17.5786 -4.40805 0
-8.53817 -27.0371 43.0519
17.8845 16.5069 7.96658
56.2985 -51.7781 9.50095
3.10255 -40.4852 2.80127
2.22094 0.187887 21.9112
-12.7866 -23.5428 0
-2.32872 -65.0257 4.88953
-15.0859 -33.2035 61.9113
-0.248751 -2.30689 0
14.9727 6.69196 2.03144
-6.49168 -6.22638 0
11.5738 16.393 2.98369
-5.33112 18.0691 0
-42.0069 -49.539 74.5313
27.5567 -16.6224 64.569
3.21839 -1.12818 0
17.5049 -8.89372 13.3116
1.12797 46.0337 5.32471
-32.5623 -0.30001 52.6363
-33.098 -0.304557 13.7228
9.43628 14.3829 4.50981
-0.122073 -0.630758 0
-34.3223 -17.0514 10.8698
-28.982 -16.1622 13.382
-44.1344 36.2058 70.2286
-0.255597 29.7914 31.4737
-55.3725 24.4023 33.9125
-26.8941 -20.9645 7.54386
-0.195662 1.49647 0
-2.58826 -4.2261 0
6.81584 -59.6335 1.27264
25.8891 4.66176 25.5177
10.1514 14.8619 25.099
18.5338 -1.18939 4.29782
1.86033 25.5184 0
7.0864 2.67534 8.89469
-0.468552 1.58 0
19.5837 42.9933 105.787
-2.56312 0.909979 0
-50.6482 -4.9222 17.328
-4.37057 1.80064 0
4.42663 4.68923 0
-3.58855 -7.01801 0
-5.23337 -6.57562 0
-18.4025 -28.3886 0
-7.04204 -1.11562 0
17.8582 2.86079 22.5545
65.8902 -29.4172 9.6372
-26.5746 -22.3846 15.2487
-2.48184 -3.84299 0
-2.3849 0.92505 0
-32.5288 4.84625e-06 52.6615
-33.0988 -0.00229465 13.729
-14.7738 -28.0389 0
-11.1478 8.93325 11.3811
12.5427 -5.06107 0
6.35799 -1.75452 0.515304
14.7617 -34.9007 0
8.64745 -18.4815 10.8441
27.3195 -18.3596 55.2582
-0.0482608 0.627002 21.2345
-48.3914 20.2463 0
-1.3927 -5.96343 0
-2.54232 -1.53324 0
-3.13393 6.97838 0
0.801377 19.6293 0
27.7256 32.5035 23.2991
-10.3038 3.87986 0
6.08135 36.544 2.58388
33.6249 2.95137 6.3739
-54.1546 -4.15947 15.4265
1.87187 -9.15382 15.4291
0.393883 1.7884 0
-15.1564 93.6471 28.7858
0.502913 1.90863 0
25.1883 5.32729 4.17654
-33.8097 21.9824 0
2.25956 -5.1136 0
-3.70548 -8.58064 0
0.111065 1.29869 0
-0.205605 -3.3131 0
13.8169 -63.0564 12.2388
-2.56101 2.37464 0
-0.689761 -1.98985 0
-32.5623 0.300014 52.6363
-33.0918 0.299883 13.7499
-19.2052 6.511 7.90205
-73.8605 15.8143 18.2387
-1.70981 2.65476 0
10.0016 -12.929 15.0057
30.9445 -1.01344 0
22.3577 26.0072 0
-27.6679 -4.58442 22.6583
9.25083 17.5322 13.0265
-0.561205 3.65332 0
-10.1738 47.358 55.9917
-2.65862 -0.58079 0
20.1335 -15.977 6.80548
-8.02697 7.14273 0
16.0135 -26.2589 14.1182
6.3673 -6.61419 0
-18.7472 50.9516 5.82498
32.1944 0.0926014 79.0434
19.9113 3.76698 15.2346
15.3431 12.3503 40.172
-2.32708 0.395731 0
3.24127 4.73973 0
-28.348 -25.4743 13.8422
-2.3459 0.576755 0
-15.9911 35.1203 4.8657
23.7171 -37.4073 17.59
13.543 -12.2583 8.49193
2.11938 -19.159 3.98448
13.447 71.3018 67.6029
0.0818673 -3.11213 0
-1.42641 3.61873 0
-0.711523 -4.35616 0
-1.01902 -1.81484 0
-0.988673 -17.7738 0
-2.1592 -4.58467 0
28.982 -13.0743 58.8858
-0.983685 -1.27308 0
1.35517 -6.60562 25.1668
5.29206 12.6779 0
-2.9711 -0.0855074 0
6.59666 22.1005 10.9478
-2.30247 -2.83817 0
0.25536 2.75369 0
-0.900276 -31.9415 52.6478
-0.639148 -32.0444 12.7839
-5.44274 -8.82655 19.2234
15.0159 16.109 20.9138
9.03373 -12.4124 0
-3.54398 14.7391 15.9685
23.7474 -36.0386 25.8149
-20.7469 1.40186 12.2212
3.99857 -62.1227 38.4198
22.155 -6.54524 22.744
-0.90001 -0.300081 31.967
-0.900045 -0.300024 55.8534
-0.900188 -0.300132 32.5328
22.3577 11.6229 4.25294
2.31533 0.347746 9.36223
12.2049 12.3604 36.0501
-18.318 11.028 0
39.3865 37.3561 65.6075
1.6541 1.74894 0
8.75387 29.0675 74.4578
0.275178 1.347 0
-31.149 18.7401 14.8361
2.28086 34.4611 26.3259
-0.900965 24.6826 0
15.6536 1.45478 5.46436
-3.73194 0.411237 0
22.9384 -10.3561 24.0115
0.510997 -1.65549 0
3.27793 5.15332 0
-18.0371 -39.7143 6.68714
-29.2766 38.36 21.4303
16.2487 -21.646 34.823
20.1291 -28.5029 44.0218
2.7933 -27.8455 35.9738
-1.35651 -28.221 6.79215
3.47961 6.55772 5.73857
-146.697 -48.1203 64.4097
10.8771 1.40791 0
9.42273 -79.4484 1.73559
7.39566 -15.748 6.11269
2.25904 4.61966 0
-4.8217 -1.43727 0
-1.04784 -28.6386 27.0645
-0.900005 1.27369e-05 31.9684
-0.900042 -1.71191e-13 55.8791
-0.900789 0.000123809 32.5552
-2.87098 0.0650593 0
4.54662 -6.31497 5.85857
5.48015 0.216282 15.2956
4.97108 1.99677 24.3915
9.11085 2.88265 85.0953
-4.22124 -19.1408 0
17.3676 3.03113 33.0589
21.6333 0.531728 38.6973
6.62662 -47.2648 1.73358
6.08981 15.6766 36.6804
-0.900685 16.2449 29.1857
-3.09462 -8.57779 3.58836
2.68069 4.74023 14.7035
-16.9965 12.1741 11.7554
10.4085 76.2588 4.38916
-2.00942 2.2764 0
-1.74759 1.68249 0
-2.24821 0.608149 0
-3.1968 -12.7631 12.3717
-3.83436 45.5686 9.49864
2.76572 -27.6327 36.2129
0.82778 -4.50772 25.1613
11.8241 31.7694 12.6659
2.50887 -18.9785 0
25.3527 5.55534 56.2657
-21.4574 -14.8373 54.3828
14.9681 -23.049 9.72625
0.960325 3.46219 0
20.9999 49.1977 30.7964
-0.467016 0.160318 0
-0.900028 0.300038 31.9671
-0.900045 0.300024 55.8534
-0.901245 0.300127 32.533
-8.28055 -17.7079 31.7523
7.15668 8.53426 0
9.0933 -20.7815 29.7883
0.171348 0.450087 0
10.4303 -29.1388 12.7475
6.79556 -4.84955 13.0184
19.5767 -20.4036 5.24726
-1.21109 -3.06564 0
-1.72938 1.9301 0
-0.900214 36.9865 49.6242
-0.900252 32.2815 11.5892
11.983 13.7834 2.9475
-1.65133 -8.5804 11.5735
11.5049 30.2259 29.5422
-4.17509 -13.9382 0
14.3371 23.6651 36.7842
21.9095 30.1908 8.05702
6.69964 1.18642 0
44.6122 57.047 31.8521
-0.90373 3.41546 0
-13.8779 -85.4613 94.1446
-2.00433 3.04032 0
17.5195 -33.1017 40.5072
18.6231 -10.8026 53.5917
0.828487 2.07942 0
56.8745 -4.73646 60.7917
57.5159 19.9108 37.7541
2.05109 -3.12952 0
1.4124 -24.8661 0
0.135999 2.14556 0
-11.5827 -21.1945 15.5429
-0.991791 -10.0404 0
-104.91 63.3028 7.79696
-1.24292 -1.22018 0
26.1809 18.1626 12.7282
-2.72419 -1.15633 0
-28.828 -16.3282 0
-53.8318 -2.02862 19
23.2918 -9.35754 0
-0.551507 -3.38503 0
3.52588 7.1975 0
-30.6873 47.0575 0
-0.57866 -1.35874 0
0.949687 10.0985 0
-7.72822 7.12443 0
6.47242 24.9995 17.2777
13.379 2.99065 0
-17.573 -29.7173 0
2.01359 30.2573 2.59715
6.64892 -8.52497 20.0465
2.99428 -1.59677 0
-32.7869 2.39751 6.92682
-24.2058 -2.83713 39.0453
30.7746 3.20839 27.5595
24.1091 -0.300963 0
11.0138 -44.4386 53.4097
-10.4683 -6.93945 0
8.10793 -20.5697 55.5282
-26.9439 -15.2154 90.1544
-42.6864 46.2269 4.03666
12.4815 8.52741 0.962587
47.066 9.81147 4.59611
19.9171 32.8156 44.4632
10.5438 -11.9821 4.55667
-41.1906 -195.476 92.2635
6.68438 -13.2648 0
-5.62037 -3.20831 0
-2.26085 -0.95335 0
-1.39759 -1.62224 0
19.3251 34.5369 29.2558
-1.87911 -2.11661 0
-2.26996 -1.59168 0
-6.27381 -1.34461 39.9083
-2.15169 3.02499 0
26.9419 -26.9098 20.2713
47.2053 -61.7355 44.9357
14.9302 19.1793 24.681
-23.8246 18.3672 0
1.75164 1.95343 0
15.7722 30.7653 13.3443
40.3432 12.8851 15.3311
-2.47278 0.455094 0
21.744 33.0133 57.0457
1.27909 -5.85696 0
41.8331 10.8644 3.04869
-47.2815 3.32421 13.0787
29.6752 3.43202 27.8158
24.1185 -0.00021782 0
19.0635 21.8324 19.4014
5.90766 0.860993 0
-34.9422 -8.80994 12.1605
0.190896 -1.63822 0
0.560267 -0.540927 0
4.07097 -5.08214 1.15403
-25.1283 17.3578 17.7626
-7.39325 -0.126627 19.9713
1.23632 1.75239 0
82.0093 27.2656 31.8279
-89.6665 -17.1682 48.3239
-0.69144 6.88317 29.8002
1.15575 2.8202 0
-11.1569 -17.3853 22.3317
1.2538 4.84741 0
2.42302 -1.76135 4.62127
5.75915 5.96164 14.537
-33.5851 -32.7319 15.9071
2.64461 -1.14865 0
6.99701 -1.55329 28.0736
-3.02331 150.763 21.3954
7.11887 -7.28538 0
-3.17576 -1.63094 0
-2.13625 3.71269 0
12.9864 -18.8853 23.2042
41.4227 -52.2052 36.7073
-2.2999 0.646195 0
15.3497 -19.1784 63.7493
-1.21324 -43.4414 7.03448
-27.4271 12.1571 36.033
-45.6028 1.95971 10.1057
30.9559 -0.955846 27.9574
24.1084 0.301078 0
87.111 -177.454 244.292
27.3201 25.711 92.9607
7.05903 21.925 26.3724
2.3251 -20.6953 15.4294
2.38343 -0.845737 0
1.4151 -5.49137 0
-8.08386 -2.43346 0
32.5979 -5.92818 26.3468
0.871905 1.68401 0
0.151578 -1.80301 0
-3.6218 7.88917 0
70.0919 100.723 17.2876
33.9628 -20.3205 12.455
0.297978 1.373 0
-102.653 11.1971 52.2213
2.3983 0.467917 0
-12.9759 4.85882 0
6.37473 -41.9197 11.8846
8.41324 -2.65441 0
1.48272 -2.20511 0
16.7496 29.7319 8.9821
-5.51685 -19.5367 29.4699
-2.13983 0.0648049 0
-3.73082 -8.93364 0
-21.5065 13.0019 0
-76.4834 17.5314 5.57551
12.0314 4.23285 4.21533
0.739581 2.74607 0
-34.0463 86.2598 4.17757
26.9773 3.22954 0.261527
-0.883178 2.56254 0
-26.2777 15.7083 0
29.4945 -2.61276 23.6876
1.62563 1.49756 0
-2.3554 0.37246 0
-2.9517 -2.88338 0
1.71789 1.42584 0
-1.06309 -1.75321 0
4.57531 4.17976 0
-6.1816 -6.36921 0
32.6589 45.3576 52.6421
-0.504214 -2.08803 0
-11.4594 -9.27546 0
27.1506 45.9879 33.6221
-0.492011 30.1308 36.7968
-28.5424 4.90579 0
-42.307 -28.8734 5.93395
-8.85484 -4.87627 0
19.4434 4.87833 21.8503
7.82955 3.33039 35.5854
12.7982 -4.80715 4.98825
3.66259 2.46711 0
7.67305 -0.493519 0
-4.18681 7.66177 45.7326
-34.1282 -1.40778 7.52708
5.20114 4.13928 5.84965
-2.33074 0.817958 0
-47.6751 9.80381 0.305047
-47.5263 25.71 20.9466
16.2791 15.9541 18.9598
23.3665 -16.3426 0
-10.809 -78.5441 1.27147
19.4323 13.0129 1.77877
-0.15607 -1.87982 0
-18.8402 24.5574 0
25.2295 -7.36179 26.792
0.0574523 -1.99114 0
1.31452 1.2683 0
119.518 -38.7045 32.4777
-2.89926 -7.76886 0
-2.24809 0.162788 0
-3.27907 -0.148738 0
-3.85682 -21.5041 0
-3.97756 6.37153 41.3002
-2.21195 -0.381172 0
9.37362 5.92745 54.9354
47.2491 -15.7648 9.74635
-11.9039 -49.7442 0
-0.753828 2.8663 0
-66.5513 -5.22903 0
-2.59437 -0.406196 0
6.60555 1.43456 0
3.38781 -31.8386 36.3097
16.8904 -36.1145 38.8185
5.9407 -2.13552 9.5371
40.7195 11.8031 16.1752
-14.4398 6.0186 41.8165
-28.2454 -0.28738 17.6465
3.99875 -6.41804 0
4.19116 -6.88007 11.866
-19.6141 1.69377 0
-5.46865 0.418206 0
-23.4413 -35.3113 12.3186
-44.4539 28.6828 12.8437
-56.7684 17.0848 30.137
-1.81708 3.49118 0
-0.209259 1.68138 0
-3.49241 6.28328 0
1.45077 -4.46206 0
87.7321 4.19158 195.397
-2.42776 1.12667 0
92.4172 -57.3067 34.9948
-8.00294 15.5356 0
-61.1145 14.7845 17.2579
10.9577 12.0576 41.1326
-138.52 99.2931 70.7088
-2.73742 1.09259 0
-18.347 13.2689 0
6.3539 -76.1535 28.267
28.1106 2.74904 27.1276
-17.813 -49.2292 0.613783
-11.074 -4.36854 0
-2.80608 3.50492 0
-1.10935 -4.48713 0
2.64523 16.351 0
3.18489 0.296327 0
14.9512 -2.72821 28.0425
-1.03033 -1.47298 0
-0.311755 1.36204 0
-8.09601 -1.41152 45.8509
-34.2765 0.698122 11.0403
-0.14283 -1.63033 0
26.6418 -13.069 40.1028
35.2712 -41.727 12.7244
-24.5168 26.34 1.94324
6.61889 3.10087 0
5.53086 -23.131 4.02814
-3.8527 5.7982 0
-2.2717 0.522314 0
-1.57471 1.70351 0
-12.2178 11.5259 0
-61.0366 92.8528 11.2536
-29.59 -49.7763 0
-2.18477 -17.4071 14.4001
9.65837 27.7515 9.07608
5.80512 7.56096 0
-2.2165 -5.73524 0
31.0395 48.4427 57.7362
-20.2723 -5.59885 51.9136
-23.6698 -10.9584 1.9914
-0.209173 -1.58381 0
-0.0542083 1.71891 0
41.681 -11.8429 18.7457
-0.764841 2.33769 0
-3.87852 27.2268 0
6.58114 20.2312 13.1666
10.5773 -18.3638 25.1551
-2.04384 1.51115 0
3.45867 -24.4437 11.0195
-7.42364 3.58346 0
-3.16026 47.3044 15.6255
-0.633324 -4.34431 0
-0.20207 -3.13092 0
-3.28076 -18.3561 0
0.209302 -4.10105 0
-0.815736 6.13355 4.42303
19.2032 24.37 9.525
72.2747 8.56349 50.1516
3.82063 18.1529 14.1909
0.830142 -3.57724 15.4968
-0.124888 2.40961 0
17.8758 -1.34598 2.62883
-7.09944 -9.15355 0
-0.600009 -26.5415 56.2696
-0.345016 -32.323 12.3247
15.9914 -4.92624 0
4.20573 -0.114665 0
-1.73111 3.52044 0
21.0738 -47.8503 71.6234
-43.81 -19.2066 39.8391
-4.04036 8.09722 30.0906
-0.598951 -1.73841 0
-0.734491 4.25853 0
-0.600013 -0.300104 31.9679
-0.600004 -0.300017 55.9703
-0.60004 -0.300166 32.6348
-2.00184 -1.67007 0
-9.92325 -10.4346 5.70436
1.30166 3.33259 4.55741
4.46213 1.60213 6.06102
-8.55577 16.7583 37.7753
4.7933 2.49829 0
4.00494 -5.78982 15.477
2.13498 -0.802993 0
2.67003 -46.8133 13.4835
2.8966 29.3605 28.1459
-0.600493 24.4859 0
3.18258 16.9976 0
3.39961 4.07585 1.99335
-3.7275 14.7128 0
0.873653 -5.58812 0
-1.0978 33.7783 14.1061
20.6946 -1.85422 21.711
8.11667 7.16105 7.64128
-0.160348 -1.54057 0
8.62181 21.8727 26.0547
3.42555 -22.0602 37.1116
-1.10993 -28.2122 7.0017
-6.91175 16.8667 0
11.7251 32.8388 4.00373
0.778441 -7.20476 0
-9.12463 11.7978 24.2168
-31.2894 18.0898 0
28.1816 -48.3683 26.8744
24.8615 -48.5372 29.6401
-0.704661 1.3606 0
-0.599939 1.7641e-05 31.9746
-0.600003 3.07027e-10 55.992
-0.600091 1.28267e-05 32.6542
10.4857 -12.0677 22.2655
-9.46487 -4.22814 1.97354
25.88 10.875 19.724
7.38987 4.04411 11.0604
2.77356 -2.73281 20.7012
4.15471 7.05833 30.3716
23.0727 9.92039 68.6867
6.02696 0.632038 16.893
-0.46161 -0.153551 0
3.20086 24.9035 31.2257
-2.38883 14.6508 29.8708
9.88856 -12.2127 26.4272
-0.0476083 3.72567 0
0.899133 15.498 0
-0.370889 3.9512 0
10.1016 10.7706 5.82106
-1.38607 -1.42112 0
3.88242 37.6417 0
4.27881 1.45182 6.41597
0.97325 46.5772 1.95256
3.36698 -21.9021 37.4777
1.37493 -4.24313 25.6444
1.35096 -8.8564 0
4.71896 14.3514 20.2321
-2.78406 -1.35442 0
8.41016 -22.6031 0
-1.2031 2.25642 0
9.08708 70.0835 95.0692
3.35929 -31.221 6.23371
-0.864138 -1.70093 0
-0.599963 0.300026 31.9681
-0.600004 0.300017 55.9703
-0.600388 0.300082 32.635
-18.1677 0.362178 8.89879
3.44916 -7.54912 7.72399
-1.02118 -2.26029 0
2.92148 -13.0216 40.3582
25.3987 -36.1506 0.663779
-11.2158 -36.2807 0
-5.39227 -9.42665 16.3085
-21.4043 -17.5367 24.5054
-3.55562 0.42146 0
-0.600014 32.0972 53.7463
-0.857242 32.3201 12.3316
-0.677343 -2.9746 0
-10.8458 3.35297 0
5.25979 -3.09565 17.381
-28.6966 42.8075 65.5836
-1.70617 -5.80916 0
-22.6825 -8.7665 0
-0.460865 -6.05868 9.99449
2.27819 34.8524 18.8681
-0.598573 3.41467 0
-7.32857 -2.56467 0
23.337 0.584395 22.0734
-22.5303 56.0552 4.04938
6.47178 6.93705 0
-20.5296 -35.5671 18.5761
-1.42983 3.04653 0
-2.0269 -10.7857 66.3162
-32.1482 -27.8037 5.1236
8.32178 -20.6992 0
-2.54355 0.589026 0
-53.3769 12.4201 0.100982
-1.62151 -2.58578 0
-1.16983 -1.65484 0
0.237639 -2.21412 0
3.33461 -2.76923 0
0.935843 -2.27271 0
-35.1569 -19.1749 1.09349
8.54338 -25.0623 28.5701
66.1942 73.4503 7.39344
1.6355 -2.2855 0
-16.308 -36.7335 53.1065
2.21882 -2.85057 0
11.1294 -9.15593 0
0.507974 6.90019 0
1.41138 -4.38943 0
16.1068 -31.399 0
1.83138 -2.06106 0
2.38192 -0.170209 0
21.6131 3.94486 12.9699
7.34824 -2.82779 9.69506
13.5382 30.5574 14.4881
-0.780043 1.64127 0
-48.0252 7.35756 1.79793
30.0779 3.27941 27.9185
24.4212 -0.301887 0
4.12326 -4.74305 0
2.42847 -2.86379 0
38.6883 -4.4324 9.23941
-18.9161 -5.42191 7.21689
22.6827 -15.3452 7.83538
15.4602 -17.3237 10.2237
-2.75887 1.46022 0
-1.64338 -2.83761 0
51.5609 7.79039 0.956362
0.790033 3.59429 0
-1.65535 -4.14712 0
10.9908 55.7273 82.0923
-2.24819 -3.57701 0
-51.5894 5.80991 19.5571
-66.6954 41.8588 57.7323
-0.432107 -0.16882 0
-2.28405 -0.0522337 0
-2.95667 -1.31426 0
3.31003 8.28374 0
-4.50731 -7.5056 0
89.1817 -4.13973 11.0575
14.9245 19.764 24.5831
-6.90196 0.552807 0
-4.98003 -3.08351 0
-39.3524 9.48872 38.9609
-6.6037 35.0632 41.6148
18.8501 18.7473 4.75414
-0.284392 -9.78363 0
-0.228543 -1.34529 0
10.8061 -9.77849 24.988
-2.64321 3.44217 0
29.0015 3.50418 28.1729
24.1795 7.08297e-06 0
20.8266 -13.4595 0
10.2293 27.7229 19.5451
20.5136 78.1161 79.6328
8.16535 -6.08074 22.8561
27.7515 -1.22354 13.3968
9.35888 -4.99615 13.1711
-2.65231 -34.2043 14.3819
7.65029 32.7893 1.03942
-5.64146 1.71868 0
-23.0066 -36.7423 74.497
-82.8477 14.6891 59.4891
-36.5467 -50.8635 18.9225
-4.07899 -1.95784 9.39243
17.212 -29.0037 16.3355
-2.07773 4.49394 0
7.0779 -6.08496 2.24995
-0.0797233 1.58945 0
-0.985779 -1.43194 0
16.0543 17.4629 42.223
-8.81084 -8.27633 0
52.6422 18.4877 76.8488
6.97759 -7.31267 0
-0.376181 -6.27569 0
-4.14701 2.57802 0
12.7451 -20.5048 0
27.5347 -32.4656 66.9279
0.400851 -2.47723 0
8.75251 -38.6152 1.36254
1.17202 -1.87197 0
7.26924 -3.36273 0
-82.9656 28.2619 9.33549
30.2183 -0.957003 28.3567
24.4203 0.301965 0
2.85059 -0.575318 0
-56.5832 24.6381 11.4568
40.6154 -15.6593 5.82194
36.3323 -16.9511 0
1.44066 2.3321 0
-20.7072 15.3521 29.062
23.5565 -6.32679 0
21.1607 1.07055 21.6471
0.408012 1.47953 0
9.83706 8.5747 0
10.7703 4.40478 0
-8.20057 -42.2666 6.0685
2.05572 0.211399 0
-50.3735 -29.813 27.8064
33.9291 22.8844 0
6.17828 2.70977 0
-17.8184 -0.757065 25.2186
6.66395 -35.6603 4.80137
9.19611 -23.7384 14.7235
-11.1153 6.94073 0
-4.73887 4.74437 0
-16.5779 6.16105 16.7298
-2.0315 -0.204739 0
-4.00525 -4.88281 0
-6.01741 6.40263 0
-19.6311 33.2065 26.8289
-17.7576 -22.3506 10.7827
0.369682 -12.7813 10.9477
5.05869 8.07984 0
-2.00342 -0.941844 0
-0.282198 -1.59562 0
24.7966 6.40239 28.1177
-31.5188 8.70281 11.6226
-2.91649 -0.381113 0
7.34093 2.85466 0
-80.2406 -51.821 6.51551
-4.39864 -2.63036 0
0.735275 -0.514257 15.6929
-2.20714 0.14248 0
20.7313 -16.7625 18.085
-12.8325 24.9653 10.0281
-39.0675 -34.0799 0.939504
-11.1535 -9.25267 0
7.92753 54.0584 19.793
0.310887 30.745 36.6072
22.8474 -17.5904 15.67
3.88141 -2.10451 0
-16.2847 3.43421 35.2318
1.03308 -5.72626 0
6.17663 16.149 0
4.42848 26.6701 27.9324
38.1556 -29.704 6.2607
7.13281 0.168929 0
-23.5069 3.719 37.0731
-31.3085 -1.35708 4.43593
10.5888 9.2426 0
5.97282 2.39863 0
2.63233 -2.80935 10.8172
-35.1479 11.9519 5.95535
-4.3694 -7.68452 3.84218
-11.7661 -0.117378 0
-16.9085 4.47029 4.97685
15.0081 -65.8772 43.9754
-0.304845 -1.92241 0
25.7505 59.203 0
-25.8453 -30.0936 0
2.90755 -3.08245 0
-0.656962 -1.51546 0
-0.804266 -1.70315 0
4.63756 2.63749 10.2863
-2.49244 -1.25806 0
-2.99724 -2.53994 0
-2.19832 -0.91281 0
-3.70329 -0.430962 0
-2.47724 0.583631 0
16.2661 12.3985 52.2279
-6.17354 12.7832 30.0753
5.16421 -2.09065 0
-4.06372 -4.62274 0
47.553 67.9405 36.2965
-59.7233 -12.9793 17.3604
-31.3823 47.0315 10.1487
22.2014 -1.13639 6.411
-6.27715 29.0918 9.96177
-4.09421 2.54563 0
0.730264 -1.59657 0
-22.4327 3.97291 37.4915
-15.0165 -0.30815 24.3274
4.46713 -6.02296 7.28278
-0.415883 -6.2735 8.47038
-10.9172 -0.563943 0
-16.1497 -2.69774 15.2027
-19.4864 -11.1185 13.2443
2.14691 3.77064 0
-13.6166 -16.8521 1.56926
14.8497 -10.9468 6.50744
0.745255 1.65574 0
2.18779 3.69089 0
10.6029 -16.8919 32.2349
29.1147 -49.0752 1.77691
-0.656809 -1.4947 0
-12.443 -6.41901 37.6594
-4.06555 3.67518 0
-29.7935 23.403 10.5106
-2.70306 0.590064 0
69.3001 -64.0185 45.4505
0.148996 -2.363 0
4.2616 -15.1557 27.6409
28.4306 -76.693 20.4906
-11.0575 0.0453969 0
-38.8242 59.0355 83.1309
-3.35375 -1.54558 0
-4.75246 -62.0742 36.3747
11.6688 -20.9432 18.7392
0.428553 1.81114 0
1.59856 -20.2732 9.71054
-95.1818 -26.2273 17.656
-1.48487 0.891539 42.419
1.01186 -0.449615 0
-23.4247 -0.70028 38.5193
-29.1047 0.540858 12.6414
7.65082 -10.1347 0
-39.5233 -0.614604 28.9989
-18.2968 -23.9866 14.2162
9.06834 0.753129 21.1188
-22.7574 -11.625 19.2024
0.79059 1.4008 0
0.126201 1.49006 0
-0.381058 1.57286 0
-0.613389 1.61381 0
-12.5285 12.0892 0
-1.49526 -4.65788 0
2.68167 3.09398 0
62.3503 54.5789 1.30319
-1.61402 4.1761 0
-5.82769 10.7835 64.6634
-63.5745 -26.0194 11.2983
18.9658 -49.936 39.2065
-2.27439 1.20916 0
-6.39056 -3.19817 38.1976
-2.12207 -0.0872783 0
-39.9873 -44.0883 11.9337
4.46244 -14.4799 0
-0.418441 1.80033 0
2.58881 -10.2213 0
13.2497 10.3992 8.43224
-20.9076 -5.36518 0
-3.18424 -0.874321 0
-3.79737 -0.584467 0
-2.38583 -4.4999 0
-2.00129 -0.144311 0
-0.299989 -3.86608 0
-0.0200558 -3.2119 0
-2.90023 -19.5783 0
0.419042 -4.12005 0
-0.747516 5.95179 4.74018
-1.56801 -5.84768 0
27.2386 -36.0432 34.8666
-2.81638 18.5545 43.2604
-1.29327 9.43056 0
-12.75 35.0558 27.9025
2.79818 -5.6364 2.86505
2.29225 -0.843386 0
-0.299994 -26.5296 56.2767
-0.0447804 -32.3232 12.3218
-95.8438 54.9195 18.7027
53.2643 -150.021 84.5437
-0.523485 4.19318 0
0.433582 1.25884 0
2.80617 2.41572 0
21.9422 7.04492 6.30754
38.3966 10.4062 7.29223
0.228662 1.50287 0
-0.300008 -0.30001 31.9684
-0.3 -0.300017 55.9712
-0.300001 -0.300049 32.6354
-18.5462 12.7983 26.5478
6.13479 -13.787 4.28861
-2.53835 5.42532 0
4.87714 29.4057 36.7806
-46.7371 30.9088 63.4361
6.93797 21.4444 22.6046
10.1739 4.44784 6.00135
18.5076 8.67812 26.5488
3.08945 -46.6694 13.2172
3.19785 29.3468 28.1558
-0.300561 24.4873 0
0.404706 -15.094 11.9781
0.95832 2.53498 0
-3.1265 -0.595768 0
8.19451 1.18255 1.21944
-0.695026 -0.44198 23.0681
30.0873 31.1784 38.069
75.2979 -94.701 34.4851
0.243306 -2.63429 0
9.22712 21.4499 27.3195
3.72828 -22.041 37.1171
-0.809526 -28.2121 7.00174
7.02905 -40.3664 27.3902
0.658573 1.44254 0
-5.13733 5.4056 0
-40.74 -20.3692 11.126
8.70893 -51.1936 19.0354
-0.729592 -2.17014 0
-0.855167 -41.9275 23.2891
20.813 15.0496 21.6666
-0.299934 1.88601e-05 31.9756
-0.3 6.59719e-09 55.993
-0.299944 1.60293e-05 32.6551
-3.78264 -4.8583 18.0131
-2.17749 -2.49048 0
43.9506 -39.3715 32.0834
3.65832 -0.394131 8.85834
5.60997 -0.128652 21.3879
2.58456 0.615508 0
-14.3354 16.569 43.9322
5.84117 17.8428 0.705344
-0.018773 -1.5215 0
3.50397 24.8851 31.2338
-2.03984 14.7559 29.8478
3.33002 -0.422679 0
26.4737 0.613454 27.2893
2.67563 8.02173 0
-3.04923 1.84515 0
-26.3193 -37.6875 14.5856
0.316432 -2.8314 0
-10.2189 47.2858 58.7445
-9.63759 29.5567 54.3022
3.30069 46.4571 2.84487
3.66842 -21.8849 37.4861
1.67857 -4.2473 25.6482
-3.90185 1.90715 0
4.97446 15.3083 14.5443
3.67248 28.2803 21.3465
8.29604 15.6064 24.3355
-3.72904 0.380768 0
-12.7018 -40.9759 4.69955
-4.13058 -26.1755 13.1318
0.763468 0.128422 0
-0.299942 0.300017 31.9687
-0.299969 0.300025 55.9713
-0.300026 0.300055 32.6356
5.55142 5.73419 2.67983
-1.4382 -1.52485 0
5.36281 21.9243 7.03241
-25.8088 -31.9807 25.8689
-10.3726 -21.5432 64.0321
-5.18605 -14.6902 23.8407
-3.30154 16.8802 38.5504
10.5432 11.8106 1.7925
-0.340839 1.98118 0
-0.299992 32.0863 53.7545
-0.554956 32.3231 12.3217
-0.386217 -2.97282 0
-8.15639 15.0821 16.3894
-3.28881 3.01246 0
-1.65905 -21.6065 0
3.2562 13.0357 4.36526
-12.2643 -30.9937 0
4.52606 10.9602 1.19632
3.77897 2.12839 0
-0.291625 3.41831 0
-67.6303 -30.4176 40.0223
-0.602992 -34.7981 7.09043
32.1655 38.6807 76.7907
-1.41887 -4.14598 0
20.3518 0.295079 23.3935
7.5338 55.1892 21.4859
-19.6443 -31.4515 52.9803
1.78851 -8.85603 0
0.0401416 5.33019 0
5.72198 1.74312 0
0.582678 1.66162 0
-4.49309 -0.701481 0
8.59731 2.23628 0
2.48284 -3.10371 0
1.89689 -1.93517 0
5.52809 -4.28372 0
10.4576 32.1281 10.1708
-2.2256 2.25681 9.09977
-10.7865 4.86809 0.345248
12.5146 -9.77269 13.2076
4.79771 4.32096 0
7.8139 -7.70607 0
11.445 -9.17923 0
7.16146 9.32964 0
1.55619 -4.13733 0
0.0507732 -3.92779 0
8.1779 34.3359 19.959
-0.519639 6.20653 0
11.8112 27.7133 10.3286
8.01042 -4.19334 8.33907
0.452241 4.55974 0
1.04922 -0.489736 0
-28.9062 -11.4229 0
30.3774 3.28101 27.9195
24.7224 -0.301207 0
5.53982 3.28635 0
2.14784 0.283046 0
0.423779 -2.25089 0
-23.5396 -5.85902 23.9311
-8.77629 -29.2002 9.81302
-24.0051 15.5841 22.2802
41.262 -27.7176 26.349
-0.644409 1.2534 0
-0.44646 -0.11802 0
2.11216 4.15516 0
-1.29515 -4.15955 0
-19.3169 30.4491 38.2051
-11.6534 17.4821 41.6043
0.351128 1.59233 0
-11.141 31.141 0
33.6237 -48.7189 0.631093
-0.193016 1.35728 0
-1.02849 -5.29876 0
4.25933 -0.604235 0
0.440978 0.184778 0
91.9947 2.46823 8.0301
15.2071 19.7717 24.5844
-53.4631 37.8048 11.8395
-2.19302 2.54738 0
44.4672 -30.6986 2.58758
8.30415 33.6977 30.9969
0.42032 -1.93127 0
29.2595 -19.6063 2.2827
29.6447 -27.0385 24.9651
-54.5684 14.263 17.5549
-2.89891 0.249828 0
29.3044 3.50444 28.1729
24.4824 0.000305361 0
0.427622 -2.33661 0
-22.0321 8.27227 26.792
15.5857 -1.37671 0
1.04623 2.80904 0
13.5479 11.9981 5.08103
-2.30784 0.813175 0
-6.42186 -1.52114 0
-4.41562 -2.65934 0
26.5632 49.8547 67.3603
-43.8725 -73.1718 53.3181
-82.5665 14.9196 59.3976
5.23387 -55.3434 28.581
-6.07833 -8.95327 8.21075
20.5761 4.79872 3.74631
-10.9111 3.85726 20.7506
0.626576 1.86888 0
25.0266 -13.427 2.69173
-0.424452 1.17818 0
0.708214 1.71909 0
1.29555 1.97912 0
53.5772 14.9073 74.7162
9.26 -9.81742 0
-6.81599 -8.36911 0
2.49201 2.21339 0
27.4587 -42.5542 40.0933
-29.8988 39.5664 0.960355
17.8639 39.8951 5.8192
-19.4901 7.61826 0
1.85585 3.26523 0
-6.11908 15.8539 15.3161
-2.13131 -0.200868 0
30.5176 -0.958035 28.3577
24.4699 0.301804 0
35.7686 18.4181 14.845
0.385502 -16.9193 16.062
18.8108 -7.80521 33.2283
5.328 -1.22101 0
49.3601 -13.9525 23.3483
9.35824 -0.490824 0
-7.93229 -37.6404 20.0777
-3.55244 -0.299314 0
0.329993 1.47321 0
10.1482 8.59579 0
11.0651 4.35631 0
-7.83735 -42.333 6.29109
1.92433 -2.4659 0
17.4755 -1.98312 11.3502
2.60298 1.36126 0
13.9094 -1.26712 4.74449
-6.74859 0.49137 0
-0.41041 1.19712 0
-0.163642 1.75674 0
17.1708 95.8358 72.0331
-7.59822 4.38165 0
-16.2972 -32.1314 54.103
2.77224 0.968631 0
-7.14882 -17.8041 10.5055
57.8634 -28.1418 38.5165
5.81078 -9.84726 20.9945
17.2082 -1.94838 15.0098
-13.1978 21.1662 9.35007
-3.13909 -0.733482 0
8.61766 -38.5444 16.8096
1.0705 -2.34904 0
-2.40638 -32.4574 22.3046
-39.4938 55.9875 49.3208
-0.720251 -2.75996 0
-4.60251 -7.26613 36.8365
1.72378 -2.8905 0
1.09568 2.02175 0
-0.221182 1.41896 0
4.14276 -3.49872 0
13.0631 -7.09743 13.735
0.534555 3.0271 8.96214
-23.9468 -22.137 0
-10.8534 -9.25257 0
7.21262 54.0378 18.9365
0.635834 29.9577 36.3835
-24.4162 13.098 1.3744
28.8051 29.4076 20.1581
62.7048 -15.0054 38.7077
-19.9709 -17.6304 7.88203
-18.0019 9.27454 26.3942
5.18698 10.48 30.6491
5.6584 2.77621 0
3.52009 -1.93463 0
-23.2056 3.71857 37.0729
-24.7712 -0.300852 0
34.1831 42.9837 7.0402
0.974911 -1.62399 0
21.5418 5.95934 9.77401
11.3278 -32.8877 21.0927
24.3368 -2.88939 9.42987
-3.47056 -0.730453 0
0.408487 33.0379 30.947
13.6566 -19.6613 9.32361
2.25937 -0.410646 0
-35.403 86.7145 5.08654
-2.80657 14.617 29.9779
3.06503 -3.24897 0
-0.203357 1.3688 0
-35.5725 -18.9648 43.3219
0.474577 1.42546 0
25.9752 87.4093 9.02753
3.47015 12.2502 0.569553
-26.2591 63.5154 9.66367
-2.57276 0.327488 0
-0.514275 1.87071 0
16.6487 12.4864 52.1545
-17.9991 13.0931 25.9385
71.2312 -47.5903 33.819
-10.5519 -24.5287 0
8.90154 67.7174 27.6556
5.00487 27.0589 12.675
17.6044 27.5252 8.90234
-0.726095 -0.464548 0
-3.88985 -4.71856 0
-0.614568 -4.68929 0
0.791676 1.58935 0
-22.1326 3.97292 37.4921
-24.7827 0.000146137 0
-5.33124 0.934797 0
-13.0066 -0.813621 35.0609
-10.2646 -0.530412 0
-7.28263 -0.254095 0
-24.5941 0.644433 5.05561
-4.42462 3.97189 0
13.1364 -11.954 0
-3.0231 -0.0495501 0
-1.30551 1.62103 0
1.2438 1.94788 0
-6.96022 -17.4632 29.9568
9.96174 -31.9569 12.0386
-7.66078 -6.01529 11.4281
-17.507 20.7004 27.3116
-3.41457 3.48409 0
0.765471 -0.4607 0
18.7512 -11.1956 9.55342
0.02051 2.98001 0
-1.21722 -1.2904 0
-0.117635 2.90041 0
30.9206 -76.2573 19.7757
-7.92612 -7.7416 0
14.1365 -26.2821 74.8209
0.420783 -28.3423 1.37015
-48.1703 -21.1813 21.712
-0.018819 -8.37648 0
0.543059 1.38534 0
0.367731 1.70901 0
-6.83421 16.8344 2.49968
-0.44984 -13.7642 19.8951
1.20376 1.51691 0
-23.1235 -0.699903 38.519
-24.7714 0.301215 0
-3.07608 -7.4686 8.65677
-39.2222 -0.592136 29.0144
-2.76128 -3.37126 0
-1.44211 -5.92295 0
-1.01912 3.32809 0
-4.87554 27.026 34.1473
-2.81734 3.81579 0
-10.1858 -2.87152 0.0341119
-22.9893 14.3075 8.63233
-12.2284 12.0891 0
2.38342 6.54019 0
-0.0419047 9.47919 0
-13.2654 24.6991 8.84294
-0.207953 2.78897 1.73267
55.8755 15.3528 60.1079
-2.93584 0.646507 0
6.37043 -1.65976 28.162
23.2202 10.112 23.5945
-32.975 -12.4239 35.9623
-3.78669 1.25985 0
-4.32833 6.92898 0
-21.1575 -7.49884 39.727
-13.9133 32.8873 5.45529
-10.3441 14.7751 0
-6.60332 59.2303 3.24886
41.6115 25.5576 6.31906
-0.733813 -0.165248 0
0.704817 -1.70721 0
-8.27022 8.07706 0
6.72683 17.6024 17.8581
-0.00133234 -3.86626 0
0.347499 -3.49899 0
-2.59667 -19.2543 0
0.717499 -4.11989 0
-0.419137 5.91488 4.8231
-9.82747 3.33286 0
-2.08156 -5.23198 0
-2.34099 23.9359 39.4819
-3.91207 1.97955 11.7757
-12.3478 28.6335 20.7704
-2.02883 10.2398 0
0.992686 1.80829 0
6.04258e-06 -26.5295 56.2768
0.254851 -32.3234 12.322
-4.52405 -0.326025 0
6.49484 6.12563 40.3262
-2.50944 14.1041 0
17.5476 -47.7909 45.5347
-2.01958 17.9029 9.75759
-10.8261 -3.62071 6.69429
-2.76021 26.6687 9.77026
11.7279 25.1991 19.648
-9.09714e-05 -0.300091 31.9686
1.22524e-08 -0.300017 55.9712
7.06613e-06 -0.300278 32.6358
6.15318 -6.63598 12.1335
-10.4119 -13.9897 12.4831
7.7801 1.21999 10.6063
5.0881 1.52265 4.57685
-11.1886 -15.3841 16.2094
15.8346 9.86843 19.9393
-8.31318 7.06541 11.3805
2.43236 5.70914 0
3.35304 -46.6944 13.1556
3.50034 29.3478 28.1559
0.000404922 24.4881 0
-2.96199 -11.6525 0.124557
1.32326 2.4549 0
-1.22899 3.11406 0
0.869187 2.34965 0
0.0630195 -4.76385 0
-8.74672 -4.34981 16.4571
-0.33506 -3.21765 0
16.4382 -8.86196 0
2.81126 -1.58823 0
4.02852 -22.0408 37.117
-0.509554 -28.2118 7.00146
4.35106 -0.0484513 0
-2.85162 10.9694 1.77432
48.709 -1.18847 96.8581
3.1456 -10.4862 0
48.3502 -8.67538 43.5806
1.8025 -1.96809 0
-4.82727 -39.7204 68.6721
-2.94676 -1.5651 0.923347
3.64421e-08 -6.87164e-08 31.9752
5.77954e-05 1.6639e-05 55.9932
4.28123e-05 -2.44981e-05 32.6548
2.92249 18.8561 30.6966
-5.79979 2.1824 9.00246
-1.32866 -1.56402 0
4.11617 -0.362324 8.73936
6.13737 1.07919 20.819
29.1901 37.198 54.7188
11.4361 26.0642 36.6065
1.48128 0.363491 0
0.52175 -1.57911 0
3.80433 24.8847 31.2336
-1.73981 14.7558 29.8478
12.761 -20.4162 2.24008
-1.8187 1.43959 28.805
-0.624621 13.8238 0
-6.0148 8.06772 0
-40.508 -49.3294 3.81195
0.406457 1.46664 0
-0.35719 -1.42159 0
15.8519 -6.86351 8.61926
3.2291 46.6236 0.833158
3.97086 -21.8856 37.4874
1.98104 -4.25345 25.648
0.249653 -4.25569 0
6.31548 18.2648 13.8744
-2.87171 53.8819 20.4314
3.33696 -13.2702 0
-2.98088 1.67412 0
0.361329 -7.63803 0
7.45198 -16.0025 4.62179
7.83073 -36.4305 33.2926
2.76609e-08 0.3 31.9684
0.000149841 0.30006 55.9717
2.69853e-08 0.300044 32.6354
7.80875 -2.0002 7.55372
-1.24833 -1.95695 0
-25.592 53.5823 22.5266
-74.0316 2.83173 26.8421
0.159632 -3.71519 0
5.34484 6.56499 0
-2.09586 0.295804 0
-0.718606 -1.17461 0
0.353309 -7.26175 0
0.000126601 32.0865 53.7548
-0.254824 32.3236 12.322
-0.0668159 -2.95864 0
-1.08565 -1.43187 0
13.5765 -13.6322 2.75988
-37.5708 12.5398 9.93516
2.38458 3.77333 0
-30.865 12.2519 0
0.918444 -3.42322 0
-12.9775 15.563 26.3048
0.00638875 3.41785 0
6.97623 -0.453393 0
0.864499 6.31242 0
-34.7679 35.6598 9.05882
-3.29971 -4.68612 0
-5.13596 4.98107 0
8.60369 64.7604 24.1643
-9.75222 -20.4659 29.0291
4.78577 20.409 57.9458
10.8006 -14.8775 0
-6.08692 -18.1922 74.1831
-1.87823 -3.67492 0
-57.5714 -8.07646 13.3924
6.19176 -0.651175 15.7214
-61.5052 19.2081 25.8972
33.524 -78.1615 16.6596
40.4529 26.8987 51.0532
-89.464 9.91951 48.4785
31.77 21.8155 7.80428
-4.05974 15.4673 7.83129
-22.6077 2.37 0
-0.449429 0.407888 0
8.09505 -7.69374 0
11.7453 -9.17931 0
0.666981 6.98483 0
-5.88815 -11.1902 0.471239
1.28441 -6.68694 0
-7.30705 -4.87973 0
22.6587 -5.66796 0
-14.8094 -4.0581 38.4223
10.2075 -3.69928 7.47209
-0.150677 0.178554 0
-32.3597 28.3992 15.4938
15.1455 -48.9247 10.9203
30.6763 3.28346 27.9179
24.7715 -0.30065 0
-11.0653 -12.6347 5.72075
3.07746 0.498427 0
-15.8347 -8.41953 10.7184
16.5729 20.4319 10.858
33.5686 -42.6461 2.56797
-11.0462 -12.8568 6.81607
1.55807 1.77111 0
6.43713 -8.88502 0
3.18322 1.37803 0
2.92068 4.93807 0
-0.949294 -4.16196 0
8.91051 23.5416 62.5076
23.9668 41.5005 2.77899
0.540057 10.9104 0
-10.3443 -119.69 39.1386
-0.1213 -0.434345 0
2.01222 -0.255326 0
-9.13615 -27.416 69.0338
16.523 -11.0219 0
16.1288 34.7445 17.0838
92.102 4.8091 8.39988
14.6833 19.3726 24.6315
-53.9074 38.2289 11.6119
-0.163554 -1.42996 0
10.765 -53.1186 7.06299
-37.0863 -8.94907 36.1164
-38.8683 3.2297 18.2694
-2.91906 -0.73885 0
-18.3191 -71.0582 2.2371
5.39077 -8.0349 16.8664
12.1137 45.3839 20.0254
29.6004 3.50386 28.1682
24.7821 0.000604801 0
-13.451 12.2978 38.9431
-40.0095 -4.12859 6.47472
52.5896 36.8357 6.86546
27.119 -10.9853 9.94741
-4.96807 -25.4337 9.57619
-18.0946 -9.42374 0
2.1344 3.03209 0
-36.1083 35.5574 82.0347
-0.625396 1.37675 0
1.20387 -1.76552 0
-0.348031 -1.8826 0
-9.9323 -51.688 33.0795
12.165 62.3082 45.6131
-13.7959 -8.55707 7.72379
-21.942 10.4696 7.1064
-61.1983 -9.34303 65.3067
11.6896 -3.85779 8.71329
-5.32291 2.04743 0
18.0529 -95.5861 38.2405
30.5101 -19.8858 70.4663
48.035 17.7045 87.077
-39.385 24.9907 2.06267
-3.81629 -1.82574 0
-1.53011 2.09276 0
29.3139 -7.79013 18.5113
-7.76203 19.215 11.8259
39.3048 -3.16217 38.476
23.3353 77.7424 42.9738
32.2132 11.1311 52.865
-38.5395 23.4546 42.9135
-0.537007 -1.34515 0
30.8168 -0.959964 28.3562
24.7712 0.301578 0
1.93213 0.505204 0
-36.8383 -7.22521 16.5726
-4.00027 -4.2072 5.56146
4.60655 3.87004 0
36.0665 71.7426 28.9591
19.2509 -32.6326 28.8109
0.546915 14.8388 48.92
-37.0147 -49.9995 104.278
-3.11299 3.79157 0
10.4484 8.59586 0
11.7168 5.27774 0
-7.46794 -42.3311 6.29103
6.14402 -4.42474 7.48552
9.28834 -64.8876 9.75998
-15.2199 -40.851 21.2075
-2.16964 2.72707 0
36.9696 22.4421 44.223
12.077 7.51714 7.83697
39.6909 7.5006 22.6243
1.05567 -3.24868 0
-7.48751 2.91 0
17.3211 -42.4957 16.5774
0.322443 1.49293 0
-0.736364 3.6472 0
2.4369 5.2568 0
0.35159 4.52127 0
2.41974 -1.81443 11.531
-11.2644 -14.3369 0
23.7982 8.50801 5.62124
161.568 19.7488 26.1003
1.74835 2.25457 0
15.2391 -39.3931 31.7553
17.7201 -10.3053 8.06585
-1.64729 -1.47583 0
-24.2926 -48.8925 59.9233
-4.88619 -7.39758 0
-1.98703 23.151 26.568
-2.98359 34.1354 8.99443
-22.1704 11.8035 5.57317
-2.1205 -3.06839 0
-4.77982 19.1806 19.7165
-25.1709 -23.6333 0
-10.5532 -9.25249 0
7.5156 54.0382 18.9457
0.953982 30.7472 36.6308
-29.3095 -5.11119 17.4775
-8.94938 -2.76405 23.4699
5.11806 -1.06137 0
-2.68085 -3.47641 0
-2.8076 3.32243 0
-52.5224 10.9574 12.946
0.572316 -1.68645 0
-33.0538 28.8157 3.38161
-22.9058 3.71641 37.0754
-24.4699 -0.300652 0
45.2277 19.1977 37.2889
2.27444 4.38525 0
-5.20699 -0.617604 0
-38.9504 17.9246 7.5578
0.805389 1.25471 0
-20.4991 -25.9626 4.57799
8.88569 47.2186 95.1481
-10.7049 -2.97623 15.2086
1.57637 -1.77379 0
-35.5385 86.5999 5.21584
-2.52045 -23.553 25.6054
3.07944 -2.87162 0
-2.48539 0.969192 0
55.7026 -22.9932 17.0171
-2.07236 -4.04589 0
2.05736 -1.61432 0
0.2851 0.980921 3.65776
-4.12357 1.39823 0
0.651423 -1.8678 0
0.67537 -1.94361 0
17.1416 11.3632 49.6246
-18.1741 12.9601 25.8524
48.9517 -1.38039 8.12659
-4.59595 -1.93849 0
2.33997 -89.5956 1.27538
3.47212 2.19267 0
-74.5482 -6.4842 54.4635
-25.6876 -24.9706 20.1787
-37.4162 -26.3401 19.9851
23.4819 -2.99865 25.2723
-2.09341 1.56423 0
-21.8335 3.97355 37.4985
-32.7386 -2.61427 7.58604
-6.6852 2.57879 0
-2.32395 0.713422 0
-9.18275 -0.51496 0
-4.15991 -1.71679 0
-24.5159 0.650164 4.90245
5.94577 11.0637 21.3978
-27.8204 -21.0024 30.6446
28.3431 -18.6325 25.7531
1.5424 1.32228 0
1.58744 1.88632 0
-7.28456 -16.992 30.0794
1.52883 -7.73334 0
1.4114 -12.8931 3.06034
-2.10649 4.60937 0
-24.0129 -3.2904 23.8435
-7.78596 1.93908 30.7684
2.0523 0.856936 0
-39.677 11.2311 102.327
9.23643 5.30889 13.3621
2.39386 -0.192949 0
30.6505 -76.7551 19.4735
-7.62188 -7.75568 0
-29.2088 1.50505 65.9083
47.2786 -20.359 12.3361
12.3818 15.4699 1.4579
-0.171223 2.53711 0
3.03532 -1.73447 0
-5.40391 -7.73126 0
-24.5005 -39.1993 0
0.0839004 1.78759 0
0.55519 1.6992 0
-22.8239 -0.698504 38.5208
-24.4701 0.301639 0
-3.50038 10.7729 15.7563
-38.9369 -0.548408 29.0635
-2.48746 -8.52639 0
3.00656 3.39289 0
7.44129 -65.3873 41.1543
13.0739 -8.53501 25.0076
-12.5649 9.09919 3.27449
-32.4505 -39.6708 8.06148
31.3463 35.8072 0
-11.9283 12.089 0
-2.10871 8.44982 0
34.768 21.1591 1.1611
-15.9317 -5.25778 0
-2.10455 0.0591555 0
-58.2458 32.7224 12.4077
-13.4468 4.2683 8.6363
-17.6563 -8.52816 10.2625
-16.3221 9.71542 12.8127
-15.1193 17.3071 22.4559
41.9631 1.59768 1.01217
-39.0417 -44.5556 12.9467
8.26969 1.24171 8.92693
-1.48904 14.9623 0
29.1531 -14.4052 3.00004
16.1291 2.64065 0
1.02917 64.244 61.0738
-2.23638 -3.40375 22.5007
2.39667 0.51327 0
-4.97384 -15.0201 0
-3.66149 1.40977 0
0.297738 -3.8636 0
0.861937 -3.31497 0
-2.28188 -19.2515 0
1.01264 -4.12283 0
-0.0320295 5.92065 4.81021
2.55885 -1.33373 0
-16.4315 -28.1623 28.0386
1.22967 33.7987 32.1695
10.722 3.37233 0
12.6751 26.078 18.647
-1.61969 9.23287 7.59834
0.284299 -1.37957 0
0.300006 -26.5296 56.2767
0.554858 -32.3232 12.322
10.3152 14.8523 40.6302
12.7208 0.24883 0
-1.72922 10.3553 0
22.4467 -47.895 48.9979
2.26886 0.576104 0
-1.86696 -0.381431 0
20.6441 -27.806 35.324
12.48 7.46707 13.2715
0.300118 -0.300118 31.9687
0.3 -0.300017 55.9712
0.300158 -0.300391 32.636
3.20251 -0.937596 6.35416
-2.96973 6.78132 4.98677
20.737 7.09973 29.3487
5.25851 1.56939 4.9445
-14.3905 2.25472 0.419023
29.0796 -47.8077 19.4619
8.74847 3.15996 25.2776
12.4865 18.5727 10.0807
3.61041 -46.7823 12.9176
3.80296 29.3454 28.1545
0.301061 24.488 0
5.29559 -0.630698 0
1.52891 2.42758 0
11.8415 22.9815 0
18.7816 -12.2016 31.4547
2.39626 -31.7049 8.54816
-10.0367 13.4011 0
8.89405 7.44251 5.14068
-30.5324 -8.68404 0
2.68909 -0.364135 0
4.32862 -22.0408 37.1166
-0.209714 -28.2123 7.00235
-11.8619 -19.2052 9.45588
-24.008 -0.460514 2.76083
-42.5751 -64.9127 75.4472
-3.27793 14.2067 27.402
16.8265 20.585 18.2424
7.27757 5.6969 3.74507
21.9671 -36.4671 44.0987
16.46 22.5018 12.6871
0.3 -1.06388e-07 31.9752
0.30002 5.73599e-06 55.9931
0.300062 -5.38726e-05 32.6549
4.32275 -3.21619 0
-1.43673 2.83816 6.98016
-4.48369 0.377165 0
4.16285 -0.438713 8.55469
6.09046 0.985222 21.6342
4.8426 7.95453 0
18.521 27.9804 43.4101
5.85716 12.1106 7.83074
2.00666 -1.11183 0
4.10457 24.8844 31.233
-1.43939 14.7556 29.848
-2.59644 -0.306774 0
-0.157987 -0.13957 0
1.55507 -4.67575 0
4.71286 58.4108 6.41603
2.2248 -8.34026 0
-0.697916 1.44313 0
-0.271671 0.53982 17.9243
24.9987 57.3256 8.42067
1.18885 16.7783 0
4.27284 -21.884 37.4844
2.25901 -4.26859 25.6589
-5.28102 -2.15415 0
10.6358 11.4891 0
3.5115 9.78228 0
-24.0359 1.25399 44.0881
0.425503 -25.6533 6.72746
2.2447 -1.29591 0
-1.44902 -19.6253 5.62375
-14.6584 -15.5381 4.00851
0.300021 0.299996 31.9687
0.300092 0.300043 55.9715
0.300041 0.300053 32.6356
-6.00328 29.2465 12.869
-78.2963 -38.8183 14.1847
-27.3135 -9.26515 29.8224
-1.71486 -17.7072 0
-8.20386 -17.1275 11.3334
18.1822 14.2398 33.4431
8.88877 5.8915 0
-26.9584 -3.01165 88.9867
30.7855 34.5791 0
0.300113 32.0866 53.7548
0.0451625 32.3235 12.3218
0.237044 -2.96295 0
-1.11004 -1.22909 0
-2.18902 -18.5163 4.2693
4.06043 -2.34171 3.2039
0.922825 25.8025 13.032
2.48261 1.76556 0
35.8864 13.5647 38.2133
1.27342 -1.82348 0
0.304747 3.41822 0
9.06774 -2.96032 0
-23.6806 -5.57846 4.34921
2.83746 4.54807 0
-2.95806 -4.6845 0
5.46113 -0.440714 88.7424
1.82797 -1.53673 0
2.82107 -27.3808 33.1882
-2.12266 -8.41948 9.65678
-8.6466 17.7323 15.6634
69.2634 102.728 48.8423
3.19242 -3.15049 0
-29.7402 -31.424 28.5353
27.0588 24.5669 2.68065
1.92645 -1.97248 0
-4.91236 -4.18762 0
8.32684 -4.88693 0
3.466 -2.84834 0
-9.43193 56.3051 17.831
-2.1563 -1.59429 12.6587
-13.3133 3.84762 4.64072
84.4307 -41.3934 25.3368
8.28587 -7.70311 0
12.0455 -9.17947 0
0.630154 7.11077 0
1.16945 -2.80977 0
1.81555 -3.28358 0
-5.66354 -18.4292 14.847
4.64851 5.22996 0
-2.63047 1.56945 0
37.4611 -11.8614 0
2.22398 -1.16955 0
2.1913 0.0330651 0
-38.3282 101.566 13.7342
30.9811 3.28414 27.9237
26.3069 1.16764 14.9658
-9.70137 -7.84798 8.5321
-27.6663 -27.5379 13.0425
17.7165 67.863 21.2834
-22.9924 -47.6947 78.2368
-57.365 -2.07078 23.1096
-35.8541 -7.67274 23.2405
11.5222 19.0095 12.9235
8.13805 6.19984 0
9.11823 9.3722 0
-21.0125 -55.9827 49.1414
-0.339865 -1.79517 0
17.7547 61.0145 57.2246
0.18326 0.148384 0
59.5905 69.5726 97.0084
-40.8645 -29.7908 23.0735
-0.369679 1.20248 0
2.61174 0.699934 0
4.68769 -54.1093 17.2826
30.7018 -11.8544 103.571
1.56087 -2.23323 0
87.984 31.4977 1.38552
0.473093 21.4592 25.9942
12.8065 9.83405 47.6114
1.98861 -1.46025 0
-27.1546 4.80412 8.60109
-2.96272 -2.67707 0
2.00554 0.0048405 0
-0.927748 12.9546 0
0.297204 -2.30034 0
7.85289 23.1589 36.8778
-8.53108 22.2601 48.9402
29.9038 3.50383 28.1726
16.9346 0.071573 23.0382
-37.1326 -12.1849 10.4498
2.75959 0.418042 0
17.7458 -1.52333 0
0.89262 -8.15502 0
25.5613 -5.04164 12.043
-64.6603 61.2159 33.3636
-43.5308 -23.0576 3.98235
-18.0558 -4.455 5.91784
31.0764 51.7176 14.9364
1.26371 -1.80608 0
4.243 6.69914 0
26.1445 -45.2573 41.5982
-13.9563 -14.5811 14.5613
-19.0869 -9.40341 18.7737
11.3376 6.65657 0
5.15821 29.96 6.96405
48.8016 -49.3435 7.7722
1.25088 -1.85909 0
4.52703 0.778045 0
56.5176 37.5845 11.9365
-124.7 103.401 141.061
7.87887 -7.26752 0
84.4331 -44.2184 50.8757
1.95246 1.76877 0
-0.0614434 6.79556 0
3.60503 -3.69543 0
-45.2469 42.1392 28.2842
3.08487 -14.9363 4.58459
51.4338 36.9395 45.1497
1.42833 -12.2757 15.1728
1.52034 4.04804 0
31.122 -0.96135 28.3622
30.2938 1.55577 5.20993
-26.0754 43.2834 27.6231
-1.93133 -3.66259 0
-15.568 15.9421 31.2472
-37.8627 -41.3359 13.544
-21.4061 -57.9318 11.7227
4.9694 -5.87797 0
23.8179 11.1217 16.8932
-46.1009 -1.14538 0
-2.42788 -12.633 64.4832
10.7487 8.59602 0
29.0887 48.4109 7.46125
-7.95317 -42.326 5.56268
-38.0755 3.01483 3.91218
14.8948 -3.2584 4.81119
-3.84371 -4.04603 0
-28.8446 -10.747 1.45739
17.2057 7.44807 14.5276
30.0012 72.0608 13.0536
2.16816 -0.545288 0
-7.27318 -2.55509 30.9705
-4.3183 3.30824 0
-6.07339 3.2126 0
3.60345 6.59818 0
8.85372 7.34726 25.0765
2.6533 2.29999 1.6717
2.4432 9.17518 0
-8.93191 10.9852 42.4443
5.04715 -3.89777 0
2.09101 -0.483343 0
-2.14255 33.9403 18.1483
1.59632 -2.54488 0
3.39523 -5.69048 0
-3.83745 1.93084 0
17.9344 -42.9285 4.33547
19.8128 -37.9512 11.8385
7.5261 1.39347 0
3.69839 -1.92203 0
-1.36454 -2.2301 0
1.90245 -5.06919 0
12.1298 -11.6926 7.95875
0.043054 8.26425 0
-18.95 -18.2393 0
-10.2418 -9.19908 0
7.84927 54.0561 18.9049
1.21532 30.8782 36.4136
22.4837 -38.9042 6.61843
-9.76365 8.54962 22.0525
34.8887 27.6217 17.0636
4.42471 38.37 30.1196
39.2933 30.8449 14.2769
45.8493 57.9509 22.7082
1.97753 24.8583 9.88992
2.34147 0.868301 0
-22.6071 3.71584 37.0746
-24.4205 -0.300663 0
-0.177392 2.08554 0
-0.168599 1.55566 0
-2.03663 -2.23798 0
-30.0602 -28.4674 0
-41.564 4.23588 12.9094
-17.9016 -44.8349 10.1296
-2.67384 3.23058 0
-0.138098 1.90439 0
2.55418 -2.11554 0
-33.6493 87.2715 6.18471
-14.3438 -19.0963 26.292
3.58541 -1.21571 0
41.2058 -27.6976 0.169301
27.9438 -18.4951 0
-0.717301 0.402052 12.6296
0.0920939 0.427508 0
24.1646 53.3029 27.2565
0.848098 -1.77559 0
28.569 2.83166 41.8343
2.26715 -0.852095 0
15.0878 14.8897 58.0378
-17.8724 12.951 25.8569
-23.9132 -9.1413 0
10.2658 21.5587 5.67639
57.534 88.9231 3.27217
-3.26891 2.01023 0
-6.41381 -6.11026 0
-25.2518 -14.0589 12.1311
-32.6431 -31.1168 1.13134
2.24686 0.357674 0
28.4872 44.2565 2.65414
-21.5329 3.97316 37.498
-24.1784 0.00112212 0
-4.48733 -0.314602 0
43.1467 27.6363 20.0386
2.52239 -3.45865 0
16.1574 17.6514 11.2022
-21.2134 4.99222 3.59513
6.57604 37.2274 21.532
-0.894553 6.64406 0
-18.2586 -1.52423 3.15131
0.240647 1.83238 0
2.84221 1.20192 0
-6.98916 -16.9809 30.0833
56.3107 36.6664 17.7468
-17.7133 -14.0658 24.9584
8.80832 -4.08762 1.92017
3.30224 -0.475761 0
1.20975 1.5901 0
15.6207 -20.7186 51.0495
12.8496 -8.10394 16.7868
-10.8899 -6.4833 18.0993
-14.2096 -14.0782 22.9952
9.02251 -77.6498 21.6546
14.3157 -27.9062 11.5234
2.60281 -1.12987 0
2.39147 -29.3582 0
69.8026 55.0074 43.759
-50.5713 -77.8478 45.6365
-0.146955 1.62167 0
2.15317 -1.07892 0
-2.32248 30.9968 23.401
1.99054 0.40289 0
-40.8914 28.1221 43.797
-22.5261 -0.697856 38.5202
-24.42 0.302157 0
4.61798 28.0844 41.1966
-40.4765 -0.222751 27.4965
-1.46392 -18.3555 0
0.26805 -3.98073 0
1.08428 1.57823 0
-7.3905 -13.9111 16.5049
-12.4392 -6.66489 0
-16.5979 -2.30298 22.4899
0.709685 1.43448 0
-11.0384 11.4348 0
0.185513 13.6658 0
35.1211 21.0972 0.641782
-7.78809 2.82938 18.9405
0.589619 17.2628 0
-0.128469 -2.15411 0
-0.148644 -0.42807 0
1.93773 10.8901 0
-1.20597 1.50866 0
-18.382 -10.7058 24.2534
0.134362 -1.45035 0
-40.2169 -44.2922 10.9069
-21.2624 -14.8618 21.7488
-7.86095 -31.1908 47.9799
35.4041 22.6259 15.1516
30.7145 -6.08971 40.8578
3.94148 91.7455 28.5655
52.3194 8.13322 17.4089
2.6436 1.75594 0
0.323597 22.4081 16.9528
12.7082 37.4849 67.489
0.600784 -3.85387 0
6.14966 -1.32296 0
-1.99465 -19.2381 0
3.2878 -12.9621 0
-1.50465 5.10119 4.23708
3.39331 -4.88001 0
-0.459221 0.185513 0
4.89596 7.07631 0
13.9504 40.2463 40.7252
-0.131812 30.55 2.30607
8.56673 43.1051 47.5765
-0.539012 -2.16232 0
0.600024 -26.5415 56.2696
0.85735 -32.3202 12.3316
-1.67698 2.2231 0
0.0151363 -3.36851 0
-0.264279 3.52689 0
-9.17655 -58.1626 46.6738
0.731468 12.3304 1.61124
-0.758125 -11.0021 90.8155
-22.1862 -23.3084 70.6365
-8.02253 -3.81278 3.93486
0.600218 -0.300125 31.9678
0.600004 -0.300017 55.9703
0.600188 -0.300159 32.6346
-4.54464 -2.35044 8.82067
8.40139 -7.72329 1.99093
-3.89491 10.2554 5.06448
3.92565 2.53569 5.99601
7.49083 5.68366 0
-3.26099 1.8925 0
-2.11783 32.1835 34.3924
32.826 -13.1668 70.0016
3.63538 -47.0562 12.5405
4.10164 29.3602 28.1448
-0.867615 34.3083 10.1072
-9.18296 0.167759 2.8903
1.11285 1.88479 2.56672
2.44445 6.9515 0
-9.74265 -13.0861 3.61721
-0.728631 40.2153 5.55178
16.7405 5.36296 35.1029
8.02076 15.4473 20.2411
-15.5407 -3.35754 53.3825
3.06412 -1.88901 0
4.62835 -22.0601 37.1109
0.0910319 -28.2184 6.99077
-0.249793 1.46504 0
2.35609 -0.875101 0
19.2807 0.789399 52.0888
-5.25049 4.52724 0
-7.42885 -16.2038 6.422
115.769 -15.429 59.7285
16.7041 -0.400705 0
0.278254 -3.01065 0
0.6 -5.87199e-08 31.9743
0.600004 6.5896e-10 55.992
0.600022 -5.75335e-07 32.6538
7.56485 -8.14022 7.53885
6.58456 -3.99686 4.83435
4.91419 -2.00417 11.012
2.18397 1.23808 13.3444
7.32668 6.63333 15.8653
-10.9233 -13.9712 9.51946
-3.09527 -30.8252 2.86585
-18.033 3.29715 40.9503
-0.218983 2.56307 0
4.40438 24.9029 31.2246
-1.13837 14.75 29.849
-3.36734 3.34054 11.3762
5.55952 15.2409 4.26746
0.439143 23.5361 0.341936
2.09536 1.8097 0
50.071 -21.7877 11.7015
0.403592 4.6467 0
-1.52009 -16.6405 1.168
58.9518 -33.921 34.3565
21.8777 29.2563 29.7883
4.57114 -21.9019 37.4768
2.75858 -4.03343 25.4986
0.520018 -8.38832 0
-0.0164016 3.40606 0
11.9671 28.8886 18.3693
-3.60586 -0.926554 9.65221
-4.35649 -20.2715 19.5369
-0.875587 3.70583 18.9381
-4.00282 -11.4327 7.89232
-15.6244 15.7496 9.95981
0.600075 0.299997 31.9678
0.600037 0.30001 55.9705
0.600197 0.300045 32.6347
2.65046 5.23374 0
-0.683773 -2.14499 0
2.63869 -0.223274 0
-9.95565 -9.36125 14.336
19.0698 0.79235 24.2772
35.5193 -50.51 30.6265
-1.231 -31.6758 25.8466
4.75025 0.707356 0
-6.7123 22.9369 20.2728
0.600021 32.0972 53.7463
0.345115 32.3224 12.3241
0.53973 -2.94375 0
-1.6165 -1.53592 0
-21.2901 -11.9464 1.37546
2.64706 -35.588 0
-2.34048 1.43984 0
10.3062 0.224687 13.0037
-252.883 -106.995 128.95
-33.7446 -13.2917 30.8764
0.606631 3.4166 0
-2.08106 6.03919 0
1.52969 6.20126 0
8.38679 4.9432 0
-2.49079 -4.17751 0
-29.7655 -4.75963 6.80737
11.5572 5.26121 0
-11.1587 -29.462 42.1331
-31.6569 -12.8876 5.8565
14.0737 -11.2821 0
2.07959 -1.20187 0
2.36465 0.145456 0
-40.0266 -33.8245 12.5167
-1.81435 25.9042 26.3707
1.37415 -2.18096 0
4.2261 -7.8401 0
11.6868 -10.5824 0
0.557556 18.7005 123.351
-8.46536 -20.2038 30.5681
-0.249154 25.0682 22.4115
3.32798 -7.17131 0
2.33191 -0.477695 0
7.97409 -7.5876 0
12.3764 -9.24621 0
-2.86028 10.405 0
-4.90078 -6.08294 0
2.19029 -35.4189 4.33757
18.5354 -0.99866 0
1.43026 -3.33324 0
39.8088 -11.905 34.1497
52.3092 -1.23752 22.6565
3.071 1.12735 0
6.83344 4.5911 14.5562
7.63698 -32.8555 23.8146
-35.1491 23.4894 29.8957
34.2848 -0.701513 11.0633
-14.2059 10.1161 17.6665
-33.218 2.55011 0
-46.2835 47.8438 42.3682
9.39502 -2.17382 0
59.0973 15.6534 41.5095
-5.27831 9.97375 0
52.7852 -10.3944 1.01929
5.88162 -3.73089 8.02317
12.3934 12.6793 0
29.2482 92.4115 10.9945
20.8851 -85.075 9.49876
-26.4418 13.2658 56.9448
-0.0848816 1.79298 0
-35.5401 -7.81802 1.0109
-20.8122 21.4927 6.42196
1.86302 1.35682 0
2.196 -2.07679 0
0.0126552 3.34134 0
-2.13798 0.168878 0
2.18384 -0.471221 0
7.3942 -3.50048 0
-50.459 39.7728 51.5713
-8.67394 3.16214 0
2.56416 -0.31819 0
-8.71435 0.916304 9.0153
-5.09626 17.4569 4.74483
1.88983 -1.94693 0
-3.61041 3.90357 0
-34.8911 10.1046 23.6878
2.53812 -2.13987 0
-0.825164 3.48856 0
-20.3442 21.4719 39.0414
29.312 0.270545 15.4295
2.56144 -32.5885 26.0765
4.84755 -41.0528 8.44639
2.01669 0.256908 0
1.41242 -5.0646 0
3.16323 -1.29151 0
20.4187 1.45816 35.2861
29.8056 26.1244 31.0746
-66.9505 51.9477 40.3959
27.3592 14.1402 0.360369
48.7348 48.6804 57.505
-63.1514 -12.3312 51.3865
-36.1351 28.1838 35.4611
-0.817543 -2.86493 0
-11.9545 -13.995 32.8522
-51.4764 11.053 12.0242
29.1803 52.1226 3.08615
23.0209 3.79349 0
4.24795 27.6027 0
-45.352 -33.6841 15.9384
4.59442 -0.322687 0
-53.7566 44.3891 59.3495
-30.8712 23.1731 24.3297
153.116 -41.7722 68.5085
1.24566 1.57882 0
-18.1541 -1.88325 0.311083
7.37383 -72.5325 43.0788
0.362694 -42.7783 44.1615
2.66647 -32.7355 8.24961
-1.42849 -1.48989 0
2.86579 5.67618 0
2.4396 -0.425562 0
-37.1918 -1.52435 37.6146
34.1464 1.41067 7.87938
36.7514 43.4527 158.019
3.75157 2.32785 0
1.32248 6.25706 0
0.673123 -1.20646 0
3.19794 -1.39414 0
0.556513 -13.8658 35.2832
-0.461868 -15.0735 27.9443
-1.03123 53.2752 39.3357
1.4644 1.52088 0
11.0821 8.65 0
10.1858 2.73594 0
-23.204 -13.0114 25.7507
1.12002 -5.73188 0
21.077 23.709 24.7592
41.7701 12.8201 18.1753
2.21137 6.40197 0
-9.78246 27.7061 82.778
-3.0202 0.814126 10.89
5.61539 -9.28326 0
-0.771445 -0.457676 0
-4.58813 4.23829 0
-20.0814 18.5275 34.4594
2.25456 0.0175604 0
-0.497876 1.35213 0
-5.32991 12.6763 8.38779
3.00603 2.15691 0
-20.1931 -23.9776 3.58282
11.8276 43.2637 29.0218
-4.31003 -5.68811 11.5201
34.4288 35.4109 35.0434
2.28974 -0.697412 0
6.84169 -9.68372 0
-2.6961 -9.36293 0
2.10722 0.255396 0
1.87893 -1.94306 0
27.0935 27.8413 0
2.29419 0.908558 0
6.50552 -15.4553 0
2.14025 -0.41388 0
-19.2998 -18.9293 17.338
-20.6388 16.8147 3.28677
-1.16693 -1.74843 0
-3.35664 16.6744 49.7806
-13.7922 44.3993 27.5282
-6.24456 17.1088 18.4175
32.8661 -36.5935 0
-3.11686 18.9079 0
95.3968 -54.3219 41.6766
2.1214 -0.323745 0
33.5211 21.2514 9.86025
-3.28296 -45.3948 27.7405
-10.7921 17.6519 43.959
46.7957 -0.399254 6.9753
-23.4572 3.65219 36.8932
-24.1082 -0.300555 0
-15.3577 -25.3481 10.5443
-21.6216 2.71634 0
-0.138713 1.46879 0
7.71535 3.514 0
-24.8258 0.236173 6.79582
-39.4895 2.28014 25.1814
3.93434 9.02683 5.26251
39.9193 64.6534 37.404
0.677296 1.95072 0
226.562 -135.121 35.9959
-0.4646 -1.56567 0
-0.591607 -3.62413 0
2.30896 -3.81121 0
8.87064 2.49487 0
-13.1176 -18.9856 4.40701
-98.8342 69.0616 128.156
2.02148 0.0339261 0
2.11607 -0.916237 0
-1.15126 0.00134851 0
-12.1778 8.96285 43.921
-39.1762 54.0295 86.8913
-16.7352 19.315 22.8005
-0.572582 1.44435 0
48.102 -24.8966 3.96507
1.17197 -2.42673 0
32.8334 89.7675 3.98965
3.08802 4.59644 0
0.187406 -1.82511 0
14.3128 15.5131 15.9572
2.19932 4.73424 47.4821
47.249 1.54222 0.436293
-22.3563 3.90975 37.3225
-24.1165 0.000906573 0
-8.44237 -0.237996 0
-25.8119 7.19436 4.64671
3.3638 20.488 0
17.2186 19.5682 0
12.033 0.395527 0
4.48737 1.34832 0
-25.0804 -17.0928 0
-14.9604 -21.6794 34.7424
-3.32323 6.03466 28.6647
13.1795 -69.5468 43.4393
-5.83606 -24.0778 26.2007
-4.36662 4.03374 0
-7.83455 -10.6089 19.0893
-10.3512 -23.2935 19.7372
2.30568 3.92936 0
66.2777 11.3109 5.35193
41.2602 8.40079 3.47156
-26.2279 -21.0042 42.8696
-121.438 -6.14328 77.245
1.38637 -1.57312 0
-15.4169 -16.044 58.8363
13.788 -5.79228 17.9139
22.8471 58.5153 48.7473
32.8625 -20.3709 6.2722
1.83387 5.04441 0
5.58164 -2.71033 7.43926
12.2279 1.42356 0
7.20383 -1.72151 0
12.3291 -56.2697 12.72
-1.1987 -2.07651 0
21.7263 1.8069 0
-23.4298 -0.689915 38.3205
-24.1071 0.301943 0
-10.2102 -24.2281 10.2862
-42.7673 6.96317 9.91992
-35.9887 -49.6597 17.1091
-21.3522 -14.9626 23.1262
-2.83461 4.46495 36.949
15.0811 -3.26354 0
-19.9033 -8.75606 4.70284
48.9384 48.6326 62.6155
0.396101 1.82811 0
-0.737518 0.471986 0
-57.3875 21.5316 29.8464
9.81619 18.8509 0
2.71016 12.3692 0
2.87454 1.90398 0
-8.15182 -0.767195 0
2.34689 0.224988 0
16.7408 5.9436 0
-23.9834 4.11712 11.3638
-4.64952 -11.7734 3.21354
-73.5294 42.3651 20.091
-42.0377 -43.5479 7.68937
-2.90743 -3.21253 0
2.5352 0.0423092 0
0.822503 31.825 0
13.8051 37.9095 7.18784
-10.2078 27.7427 62.4564
1.95879 0.594169 0
12.2991 17.6557 0
1.02918 1.69405 0
-29.7187 -3.45481 19.3343
0.904078 -3.43088 0
2.08481 -0.292322 0
-1.86531 -19.5397 0
-0.226183 -1.65903 0
-40.8623 -15.5834 42.0836
0.413597 -1.87211 0
1.89643 -12.1694 15.278
7.49346 4.51395 0
0.653854 -2.80126 0
0.774636 -3.61028 10.9469
5.13992 28.5492 0
0.515152 -1.90577 0
0.900217 -31.9413 52.6475
0.900347 -32.2817 11.5893
2.78681 1.06479 0
0.857501 -2.80477 0
5.29514 -4.72708 0
-15.0642 -14.1342 0
4.5895 -3.42155 0
-2.3642 -22.877 11.2163
2.00999 -2.46282 0
2.85666 -0.674994 0
0.90005 -0.300029 31.9668
0.900045 -0.300024 55.8534
0.900127 -0.30005 32.5324
-17.7524 -2.38801 9.83931
-7.23033 -1.33209 0
-20.0837 9.20314 33.252
27.3631 3.37631 0
-4.48313 10.6645 0
3.87515 1.11847 0
-2.70786 10.6806 20.002
-0.193951 5.92577 0
-0.537372 5.36637 0
-0.272909 34.7591 26.5761
0.901304 24.6825 0
10.6 13.3781 0
51.8074 1.79449 12.6347
-6.31565 -5.20856 18.6767
-3.80677 5.75413 5.89844
-3.72787 0.761472 0
-14.9273 28.41 16.8167
-2.3065 -9.19259 7.08283
-4.56186 -41.7725 0
2.55585 1.61378 0
0.00740783 -27.9209 37.1323
0.456646 -27.0507 8.77072
-8.74134 5.40106 5.22313
-1.1725 -40.3189 25.5314
-7.3338 16.575 7.84403
3.42605 -5.99668 0
-11.0357 6.55334 14.5857
6.07675 -5.09555 0
1.16079 -2.11812 0
1.99088 -1.81675 0
0.900026 -2.50259e-07 31.9684
0.900042 -1.41356e-09 55.8791
0.900173 -4.05188e-07 32.5549
3.37823 -8.65015 20.6294
-1.21166 -1.70947 0
-10.1994 -5.34652 11.4555
-51.3546 13.6218 43.089
-13.5883 -2.45256 43.8656
46.451 -35.3403 25.1189
10.2412 -8.54154 38.9148
3.11262 -2.54727 18.8468
2.4373 -2.0571 0
-0.792954 18.53 37.0258
-0.787526 14.9955 29.2107
-0.333395 1.25397 0
-19.7711 1.88814 25.222
-1.61103 -13.4075 0
-22.9236 23.7568 0
-16.8613 33.1253 24.5248
0.383408 -2.43342 0
2.72941 17.6013 0
1.62202 1.32215 0
2.60332 15.2438 0
-0.000225648 -27.7592 37.5652
1.19313 -4.75534 25.8597
-16.4415 -13.1713 11.2683
3.15046 2.25449 0
-33.3807 11.1199 10.4265
4.56072 0.207902 0
0.660656 -2.46529 0
-1.88255 -1.43225 0
6.01814 -44.9612 10.4845
0.923018 1.99492 0
0.900245 0.299998 31.9671
0.900078 0.300017 55.8536
0.900403 0.300048 32.5328
-1.60818 4.40436 15.8525
0.70373 -4.95918 0
-12.6551 -11.8138 23.4364
1.37505 1.53486 0
-11.696 7.07609 10.7242
-3.66011 5.26861 0
-1.92432 -15.8224 22.4596
2.11104 1.01955 0
-0.724467 1.82894 0
0.900217 36.9865 49.6242
0.639035 32.044 12.7835
-3.15867 -4.60359 0
-5.77575 -13.2764 4.74044
-5.90187 -0.638537 0
-3.42053 -3.99255 0
16.9493 11.7637 0.282623
-6.55905 -30.6742 15.8922
-16.8928 10.367 18.9602
0.604719 1.54431 0
0.909739 3.41765 0
14.1381 59.1371 49.5208
0.594585 7.448 0
-24.4653 46.5111 5.14618
-26.6427 1.79306 36.3001
1.30638 1.33868 0
-2.38785 0.613696 0
65.589 -16.5499 5.63595
5.3819 -54.2976 24.3625
-0.708084 -0.567811 19.0138
2.99453 -0.075046 0
0.833907 1.70773 0
-68.1049 15.2692 14.3426
28.3521 25.4712 13.844
1.9943 -3.15327 0
-12.5849 6.51862 20.4118
2.0752 -1.39819 0
6.07095 -50.8578 8.59611
-2.87844 -10.7547 0
0.497198 -2.44761 0
0.308598 -2.29929 0
0.446798 -1.79409 0
2.45067 -0.632678 0
42.4697 -36.4052 68.5122
0.168062 1.83254 0
0.551753 6.51382 0
7.46455 -8.16097 0
28.1415 -34.1423 24.2622
-4.99158 -9.96692 54.2724
7.5198 -17.7548 14.3001
47.6472 21.8608 10.7737
0.931822 2.19408 0
-16.9545 -38.0114 8.54847
36.6376 7.50535 13.0934
37.6052 -0.300012 49.6102
33.0912 -0.299695 13.7494
-8.82391 0.826182 0
-0.600292 -0.331819 24.2082
38.8461 18.1464 21.1659
40.6355 23.5839 1.70384
-4.59616 -9.05194 28.4684
8.28329 2.45161 10.6029
0.144601 1.46214 0
-22.6431 16.9559 7.89181
2.27305 0.758585 0
1.90582 2.79132 0
-40.9972 51.7984 11.9492
-38.9104 30.0219 11.9836
33.8626 -6.27186 0
-33.121 -3.46019 8.66492
-28.5866 17.0381 21.4294
12.3924 -59.7092 10.8653
-10.5463 -10.1141 20.4542
3.22882 -0.117185 0
-25.2798 -17.0714 0
16.1096 -27.8424 25.6605
14.778 -15.237 0
-55.0699 87.5997 29.7121
-6.47899 29.5413 0
-10.0911 3.25769 0
5.5601 -1.76479 0
41.7595 -39.6053 12.3474
-18.2465 8.10871 9.64387
-4.77688 13.3297 0
0.81969 2.5421 0
4.0299 4.12876 0
-0.598341 -2.51107 0
37.5755 2.37098e-06 49.6381
33.0985 0.00243222 13.7287
-4.47713 -0.185909 0
-1.42152 -1.55362 0
2.56506 -3.18571 0
-9.74878 -1.64656 22.5523
39.6386 -15.7701 54.0291
-13.378 -11.4122 11.8109
1.74585 3.23193 0
-26.3009 32.9317 44.3519
-20.3653 -2.83046 22.8256
11.2235 13.6071 0
-29.7892 59.7569 2.31456
-40.5289 -27.2837 6.67659
10.5422 6.2585 0
2.22116 -0.530912 0
-28.3173 -14.609 14.2413
-14.2994 -11.7756 32.4618
2.31607 28.6027 2.76513
-47.066 7.73753 62.8289
-28.8138 10.2896 26.3261
1.82096 0.840578 0
1.23398 -2.24998 0
-1.24841 -1.62743 0
-34.5591 7.32323 15.524
-14.1339 0.69275 0
2.05991 0.437551 0
-3.35924 -15.5044 0
-21.3052 -43.1275 13.361
28.0983 36.6228 0.309568
-10.011 -17.6936 6.44736
43.8423 30.7333 15.8254
-0.759448 -0.790542 0
37.6052 0.300014 49.6102
33.0981 0.304583 13.7229
-8.83517 -1.34624 0
6.1154 -36.0763 21.7532
24.7361 -39.7457 3.93295
-2.72498 5.44346 0
-0.900596 -1.87853 0
-0.693496 2.12185 0
-2.80614 6.86533 0
-5.80844 5.61733 0
1.53133 1.44654 0
-5.14249 10.4541 0
2.43479 1.81145 0
32.8946 37.2773 20.8877
15.3571 14.0748 0
10.3118 -0.789286 0
6.23495 -0.364068 0
11.1567 8.84402 40.807
1.94646 19.9536 11.6611
63.7883 8.48832 11.7608
-6.33624 4.4454 9.3116
2.52119 -0.1882 0
-1.08782 1.46378 0
29.0091 -24.7614 13.9804
-11.4405 -28.0712 20.2723
1.36292 7.54718 0
-4.26817 -10.3692 6.07993
2.57555 0.527467 0
-3.87705 -5.77427 0
17.678 -1.48495 0
1.28412 1.36031 0
1.32405 -2.49692 0
VERTICES 2541 5082
1 0
1 1
1 2
1 3
1 4
1 5
1 6
1 7
1 8
1 9
1 10
1 11
1 12
1 13
1 14
1 15
1 16
1 17
1 18
1 19
1 20
1 21
1 22
1 23
1 24
1 25
1 26
1 27
1 28
1 29
1 30
1 31
1 32
1 33
1 34
1 35
1 36
1 37
1 38
1 39
1 40
1 41
1 42
1 43
1 44
1 45
1 46
1 47
1 48
1 49
1 50
1 51
1 52
1 53
1 54
1 55
1 56
1 57
1 58
1 59
1 60
1 61
1 62
1 63
1 64
1 65
1 66
1 67
1 68
1 69
1 70
1 71
1 72
1 73
1 74
1 75
1 76
1 77
1 78
1 79
1 80
1 81
1 82
1 83
1 84
1 85
1 86
1 87
1 88
1 89
1 90
1 91
1 92
1 93
1 94
1 95
1 96
1 97
1 98
1 99
1 100
1 101
1 102
1 103
1 104
1 105
1 106
1 107
1 108
1 109
1 110
1 111
1 112
1 113
1 114
1 115
1 116
1 117
1 118
1 119
1 120
1 121
1 122
1 123
1 124
1 125
1 126
1 127
1 128
1 129
1 130
1 131
1 132
1 133
1 134
1 135
1 136
1 137
1 138
1 139
1 140
1 141
1 142
1 143
1 144
1 145
1 146
1 147
1 148
1 149
1 150
1 151
1 152
1 153
1 154
1 155
1 156
1 157
1 158
1 159
1 160
1 161
1 162
1 163
1 164
1 165
1 166
1 167
1 168
1 169
1 170
1 171
1 172
1 173
1 174
1 175
1 176
1 177
1 178
1 179
1 180
1 181
1 182
1 183
1 184
1 185
1 186
1 187
1 188
1 189
1 190
1 191
1 192
1 193
1 194
1 195
1 196
1 197
1 198
1 199
1 200
1 201
1 202
1 203
1 204
1 205
1 206
1 207
1 208
1 209
1 210
1 211
1 212
1 213
1 214
1 215
1 216
1 217
1 218
1 219
1 220
1 221
1 222
1 223
1 224
1 225
1 226
1 227
1 228
1 229
1 230
1 231
1 232
1 233
1 234
1 235
1 236
1 237
1 238
1 239
1 240
1 241
1 242
1 243
1 244
1 245
1 246
1 247
1 248
1 249
1 250
1 251
1 252
1 253
1 254
1 255
1 256
1 257
1 258
1 259
1 260
1 261
1 262
1 263
1 264
1 265
1 266
1 267
1 268
1 269
1 270
1 271
1 272
1 273
1 274
1 275
1 276
1 277
1 278
1 279
1 280
1 281
1 282
1 283
1 284
1 285
1 286
1 287
1 288
1 289
1 290
1 291
1 292
1 293
1 294
1 295
1 296
1 297
1 298
1 299
1 300
1 301
1 302
1 303
1 304
1 305
1 306
1 307
1 308
1 309
1 310
1 311
1 312
1 313
1 314
1 315
1 316
1 317
1 318
1 319
1 320
1 321
1 322
1 323
1 324
1 325
1 326
1 327
1 328
1 329
1 330
1 331
1 332
1 333
1 334
1 335
1 336
1 337
1 338
1 339
1 340
1 341
1 342
1 343
1 344
1 345
1 346
1 347
1 348
1 349
1 350
1 351
1 352
1 353
1 354
1 355
1 356
1 357
1 358
1 359
1 360
1 361
1 362
1 363
1 364
1 365
1 366
1 367
1 368
1 369
1 370
1 371
1 372
1 373
1 374
1 375
1 376
1 377
1 378
1 379
1 380
1 381
1 382
1 383
1 384
1 385
1 386
1 387
1 388
1 389
1 390
1 391
1 392
1 393
1 394
1 395
1 396
1 397
1 398
1 399
1 400
1 401
1 402
1 403
1 404
1 405
1 406
1 407
1 408
1 409
1 410
1 411
1 412
1 413
1 414
1 415
1 416
1 417
1 418
1 419
1 420
1 421
1 422
1 423
1 424
1 425
1 426
1 427
1 428
1 429
1 430
1 431
1 432
1 433
1 434
1 435
1 436
1 437
1 438
1 439
1 440
1 441
1 442
1 443
1 444
1 445
1 446
1 447
1 448
1 449
1 450
1 451
1 452
1 453
1 454
1 455
1 456
1 457
1 458
1 459
1 460
1 461
1 462
1 463
1 464
1 465
1 466
1 467
1 468
1 469
1 470
1 471
1 472
1 473
1 474
1 475
1 476
1 477
1 478
1 479
1 480
1 481
1 482
1 483
1 484
1 485
1 486
1 487
1 488
1 489
1 490
1 491
1 492
1 493
1 494
1 495
1 496
1 497
1 498
1 499
1 500
1 501
1 502
1 503
1 504
1 505
1 506
1 507
1 508
1 509
1 510
1 511
1 512
1 513
1 514
1 515
1 516
1 517
1 518
1 519
1 520
1 521
1 522
1 523
1 524
1 525
1 526
1 527
1 528
1 529
1 530
1 531
1 532
1 533
1 534
1 535
1 536
1 537
1 538
1 539
1 540
1 541
1 542
1 543
1 544
1 545
1 546
1 547
1 548
1 549
1 550
1 551
1 552
1 553
1 554
1 555
1 556
1 557
1 558
1 559
1 560
1 561
1 562
1 563
1 564
1 565
1 566
1 567
1 568
1 569
1 570
1 571
1 572
1 573
1 574
1 575
1 576
1 577
1 578
1 579
1 580
1 581
1 582
1 583
1 584
1 585
1 586
1 587
1 588
1 589
1 590
1 591
1 592
1 593
1 594
1 595
1 596
1 597
1 598
1 599
1 600
1 601
1 602
1 603
1 604
1 605
1 606
1 607
1 608
1 609
1 610
1 611
1 612
1 613
1 614
1 615
1 616
1 617
1 618
1 619
1 620
1 621
1 622
1 623
1 624
1 625
1 626
1 627
1 628
1 629
1 630
1 631
1 632
1 633
1 634
1 635
1 636
1 637
1 638
1 639
1 640
1 641
1 642
1 643
1 644
1 645
1 646
1 647
1 648
1 649
1 650
1 651
1 652
1 653
1 654
1 655
1 656
1 657
1 658
1 659
1 660
1 661
1 662
1 663
1 664
1 665
1 666
1 667
1 668
1 669
1 670
1 671
1 672
1 673
1 674
1 675
1 676
1 677
1 678
1 679
1 680
1 681
1 682
1 683
1 684
1 685
1 686
1 687
1 688
1 689
1 690
1 691
1 692
1 693
1 694
1 695
1 696
1 697
1 698
1 699
1 700
1 701
1 702
1 703
1 704
1 705
1 706
1 707
1 708
1 709
1 710
1 711
1 712
1 713
1 714
1 715
1 716
1 717
1 718
1 719
1 720
1 721
1 722
1 723
1 724
1 725
1 726
1 727
1 728
1 729
1 730
1 731
1 732
1 733
1 734
1 735
1 736
1 737
1 738
1 739
1 740
1 741
1 742
1 743
1 744
1 745
1 746
1 747
1 748
1 749
1 750
1 751
1 752
1 753
1 754
1 755
1 756
1 757
1 758
1 759
1 760
1 761
1 762
1 763
1 764
1 765
1 766
1 767
1 768
1 769
1 770
1 771
1 772
1 773
1 774
1 775
1 776
1 777
1 778
1 779
1 780
1 781
1 782
1 783
1 784
1 785
1 786
1 787
1 788
1 789
1 790
1 791
1 792
1 793
1 794
1 795
1 796
1 797
1 798
1 799
1 800
1 801
1 802
1 803
1 804
1 805
1 806
1 807
1 808
1 809
1 810
1 811
1 812
1 813
1 814
1 815
1 816
1 817
1 818
1 819
1 820
1 821
1 822
1 823
1 824
1 825
1 826
1 827
1 828
1 829
1 830
1 831
1 832
1 833
1 834
1 835
1 836
1 837
1 838
1 839
1 840
1 841
1 842
1 843
1 844
1 845
1 846
1 847
1 848
1 849
1 850
1 851
1 852
1 853
1 854
1 855
1 856
1 857
1 858
1 859
1 860
1 861
1 862
1 863
1 864
1 865
1 866
1 867
1 868
1 869
1 870
1 871
1 872
1 873
1 874
1 875
1 876
1 877
1 878
1 879
1 880
1 881
1 882
1 883
1 884
1 885
1 886
1 887
1 888
1 889
1 890
1 891
1 892
1 893
1 894
1 895
1 896
1 897
1 898
1 899
1 900
1 901
1 902
1 903
1 904
1 905
1 906
1 907
1 908
1 909
1 910
1 911
1 912
1 913
1 914
1 915
1 916
1 917
1 918
1 919
1 920
1 921
1 922
1 923
1 924
1 925
1 926
1 927
1 928
1 929
1 930
1 931
1 932
1 933
1 934
1 935
1 936
1 937
1 938
1 939
1 940
1 941
1 942
1 943
1 944
1 945
1 946
1 947
1 948
1 949
1 950
1 951
1 952
1 953
1 954
1 955
1 956
1 957
1 958
1 959
1 960
1 961
1 962
1 963
1 964
1 965
1 966
1 967
1 968
1 969
1 970
1 971
1 972
1 973
1 974
1 975
1 976
1 977
1 978
1 979
1 980
1 981
1 982
1 983
1 984
1 985
1 986
1 987
1 988
1 989
1 990
1 991
1 992
1 993
1 994
1 995
1 996
1 997
1 998
1 999
1 1000
1 1001
1 1002
1 1003
1 1004
1 1005
1 1006
1 1007
1 1008
1 1009
1 1010
1 1011
1 1012
1 1013
1 1014
1 1015
1 1016
1 1017
1 1018
1 1019
1 1020
1 1021
1 1022
1 1023
1 1024
1 1025
1 1026
1 1027
1 1028
1 1029
1 1030
1 1031
1 1032
1 1033
1 1034
1 1035
1 1036
1 1037
1 1038
1 1039
1 1040
1 1041
1 1042
1 1043
1 1044
1 1045
1 1046
1 1047
1 1048
1 1049
1 1050
1 1051
1 1052
1 1053
1 1054
1 1055
1 1056
1 1057
1 1058
1 1059
1 1060
1 1061
1 1062
1 1063
1 1064
1 1065
1 1066
1 1067
1 1068
1 1069
1 1070
1 1071
1 1072
1 1073
1 1074
1 1075
1 1076
1 1077
1 1078
1 1079
1 1080
1 1081
1 1082
1 1083
1 1084
1 1085
1 1086
1 1087
1 1088
1 1089
1 1090
1 1091
1 1092
1 1093
1 1094
1 1095
1 1096
1 1097
1 1098
1 1099
1 1100
1 1101
1 1102
1 1103
1 1104
1 1105
1 1106
1 1107
1 1108
1 1109
1 1110
1 1111
1 1112
1 1113
1 1114
1 1115
1 1116
1 1117
1 1118
1 1119
1 1120
1 1121
1 1122
1 1123
1 1124
1 1125
1 1126
1 1127
1 1128
1 1129
1 1130
1 1131
1 1132
1 1133
1 1134
1 1135
1 1136
1 1137
1 1138
1 1139
1 1140
1 1141
1 1142
1 1143
1 1144
1 1145
1 1146
1 1147
1 1148
1 1149
1 1150
1 1151
1 1152
1 1153
1 1154
1 1155
1 1156
1 1157
1 1158
1 1159
1 1160
1 1161
1 1162
1 1163
1 1164
1 1165
1 1166
1 1167
1 1168
1 1169
1 1170
1 1171
1 1172
1 1173
1 1174
1 1175
1 1176
1 1177
1 1178
1 1179
1 1180
1 1181
1 1182
1 1183
1 1184
1 1185
1 1186
1 1187
1 1188
1 1189
1 1190
1 1191
1 1192
1 1193
1 1194
1 1195
1 1196
1 1197
1 1198
1 1199
1 1200
1 1201
1 1202
1 1203
1 1204
1 1205
1 1206
1 1207
1 1208
1 1209
1 1210
1 1211
1 1212
1 1213
1 1214
1 1215
1 1216
1 1217
1 1218
1 1219
1 1220
1 1221
1 1222
1 1223
1 1224
1 1225
1 1226
1 1227
1 1228
1 1229
1 1230
1 1231
1 1232
1 1233
1 1234
1 1235
1 1236
1 1237
1 1238
1 1239
1 1240
1 1241
1 1242
1 1243
1 1244
1 1245
1 1246
1 1247
1 1248
1 1249
1 1250
1 1251
1 1252
1 1253
1 1254
1 1255
1 1256
1 1257
1 1258
1 1259
1 1260
1 1261
1 1262
1 1263
1 1264
1 1265
1 1266
1 1267
1 1268
1 1269
1 1270
1 1271
1 1272
1 1273
1 1274
1 1275
1 1276
1 1277
1 1278
1 1279
1 1280
1 1281
1 1282
1 1283
1 1284
1 1285
1 1286
1 1287
1 1288
1 1289
1 1290
1 1291
1 1292
1 1293
1 1294
1 1295
1 1296
1 1297
1 1298
1 1299
1 1300
1 1301
1 1302
1 1303
1 1304
1 1305
1 1306
1 1307
1 1308
1 1309
1 1310
1 1311
1 1312
1 1313
1 1314
1 1315
1 1316
1 1317
1 1318
1 1319
1 1320
1 1321
1 1322
1 1323
1 1324
1 1325
1 1326
1 1327
1 1328
1 1329
1 1330
1 1331
1 1332
1 1333
1 1334
1 1335
1 1336
1 1337
1 1338
1 1339
1 1340
1 1341
1 1342
1 1343
1 1344
1 1345
1 1346
1 1347
1 1348
1 1349
1 1350
1 1351
1 1352
1 1353
1 1354
1 1355
1 1356
1 1357
1 1358
1 1359
1 1360
1 1361
1 1362
1 1363
1 1364
1 1365
1 1366
1 1367
1 1368
1 1369
1 1370
1 1371
1 1372
1 1373
1 1374
1 1375
1 1376
1 1377
1 1378
1 1379
1 1380
1 1381
1 1382
1 1383
1 1384
1 1385
1 1386
1 1387
1 1388
1 1389
1 1390
1 1391
1 1392
1 1393
1 1394
1 1395
1 1396
1 1397
1 1398
1 1399
1 1400
1 1401
1 1402
1 1403
1 1404
1 1405
1 1406
1 1407
1 1408
1 1409
1 1410
1 1411
1 1412
1 1413
1 1414
1 1415
1 1416
1 1417
1 1418
1 1419
1 1420
1 1421
1 1422
1 1423
1 1424
1 1425
1 1426
1 1427
1 1428
1 1429
1 1430
1 1431
1 1432
1 1433
1 1434
1 1435
1 1436
1 1437
1 1438
1 1439
1 1440
1 1441
1 1442
1 1443
1 1444
1 1445
1 1446
1 1447
1 1448
1 1449
1 1450
1 1451
1 1452
1 1453
1 1454
1 1455
1 1456
1 1457
1 1458
1 1459
1 1460
1 1461
1 1462
1 1463
1 1464
1 1465
1 1466
1 1467
1 1468
1 1469
1 1470
1 1471
1 1472
1 1473
1 1474
1 1475
1 1476
1 1477
1 1478
1 1479
1 1480
1 1481
1 1482
1 1483
1 1484
1 1485
1 1486
1 1487
1 1488
1 1489
1 1490
1 1491
1 1492
1 1493
1 1494
1 1495
1 1496
1 1497
1 1498
1 1499
1 1500
1 1501
1 1502
1 1503
1 1504
1 1505
1 1506
1 1507
1 1508
1 1509
1 1510
1 1511
1 1512
1 1513
1 1514
1 1515
1 1516
1 1517
1 1518
1 1519
1 1520
1 1521
1 1522
1 1523
1 1524
1 1525
1 1526
1 1527
1 1528
1 1529
1 1530
1 1531
1 1532
1 1533
1 1534
1 1535
1 1536
1 1537
1 1538
1 1539
1 1540
1 1541
1 1542
1 1543
1 1544
1 1545
1 1546
1 1547
1 1548
1 1549
1 1550
1 1551
1 1552
1 1553
1 1554
1 1555
1 1556
1 1557
1 1558
1 1559
1 1560
1 1561
1 1562
1 1563
1 1564
1 1565
1 1566
1 1567
1 1568
1 1569
1 1570
1 1571
1 1572
1 1573
1 1574
1 1575
1 1576
1 1577
1 1578
1 1579
1 1580
1 1581
1 1582
1 1583
1 1584
1 1585
1 1586
1 1587
1 1588
1 1589
1 1590
1 1591
1 1592
1 1593
1 1594
1 1595
1 1596
1 1597
1 1598
1 1599
1 1600
1 1601
1 1602
1 1603
1 1604
1 1605
1 1606
1 1607
1 1608
1 1609
1 1610
1 1611
1 1612
1 1613
1 1614
1 1615
1 1616
1 1617
1 1618
1 1619
1 1620
1 1621
1 1622
1 1623
1 1624
1 1625
1 1626
1 1627
1 1628
1 1629
1 1630
1 1631
1 1632
1 1633
1 1634
1 1635
1 1636
1 1637
1 1638
1 1639
1 1640
1 1641
1 1642
1 1643
1 1644
1 1645
1 1646
1 1647
1 1648
1 1649
1 1650
1 1651
1 1652
1 1653
1 1654
1 1655
1 1656
1 1657
1 1658
1 1659
1 1660
1 1661
1 1662
1 1663
1 1664
1 1665
1 1666
1 1667
1 1668
1 1669
1 1670
1 1671
1 1672
1 1673
1 1674
1 1675
1 1676
1 1677
1 1678
1 1679
1 1680
1 1681
1 1682
1 1683
1 1684
1 1685
1 1686
1 1687
1 1688
1 1689
1 1690
1 1691
1 1692
1 1693
1 1694
1 1695
1 1696
1 1697
1 1698
1 1699
1 1700
1 1701
1 1702
1 1703
1 1704
1 1705
1 1706
1 1707
1 1708
1 1709
1 1710
1 1711
1 1712
1 1713
1 1714
1 1715
1 1716
1 1717
1 1718
1 1719
1 1720
1 1721
1 1722
1 1723
1 1724
1 1725
1 1726
1 1727
1 1728
1 1729
1 1730
1 1731
1 1732
1 1733
1 1734
1 1735
1 1736
1 1737
1 1738
1 1739
1 1740
1 1741
1 1742
1 1743
1 1744
1 1745
1 1746
1 1747
1 1748
1 1749
1 1750
1 1751
1 1752
1 1753
1 1754
1 1755
1 1756
1 1757
1 1758
1 1759
1 1760
1 1761
1 1762
1 1763
1 1764
1 1765
1 1766
1 1767
1 1768
1 1769
1 1770
1 1771
1 1772
1 1773
1 1774
1 1775
1 1776
1 1777
1 1778
1 1779
1 1780
1 1781
1 1782
1 1783
1 1784
1 1785
1 1786
1 1787
1 1788
1 1789
1 1790
1 1791
1 1792
1 1793
1 1794
1 1795
1 1796
1 1797
1 1798
1 1799
1 1800
1 1801
1 1802
1 1803
1 1804
1 1805
1 1806
1 1807
1 1808
1 1809
1 1810
1 1811
1 1812
1 1813
1 1814
1 1815
1 1816
1 1817
1 1818
1 1819
1 1820
1 1821
1 1822
1 1823
1 1824
1 1825
1 1826
1 1827
1 1828
1 1829
1 1830
1 1831
1 1832
1 1833
1 1834
1 1835
1 1836
1 1837
1 1838
1 1839
1 1840
1 1841
1 1842
1 1843
1 1844
1 1845
1 1846
1 1847
1 1848
1 1849
1 1850
1 1851
1 1852
1 1853
1 1854
1 1855
1 1856
1 1857
1 1858
1 1859
1 1860
1 1861
1 1862
1 1863
1 1864
1 1865
1 1866
1 1867
1 1868
1 1869
1 1870
1 1871
1 1872
1 1873
1 1874
1 1875
1 1876
1 1877
1 1878
1 1879
1 1880
1 1881
1 1882
1 1883
1 1884
1 1885
1 1886
1 1887
1 1888
1 1889
1 1890
1 1891
1 1892
1 1893
1 1894
1 1895
1 1896
1 1897
1 1898
1 1899
1 1900
1 1901
1 1902
1 1903
1 1904
1 1905
1 1906
1 1907
1 1908
1 1909
1 1910
1 1911
1 1912
1 1913
1 1914
1 1915
1 1916
1 1917
1 1918
1 1919
1 1920
1 1921
1 1922
1 1923
1 1924
1 1925
1 1926
1 1927
1 1928
1 1929
1 1930
1 1931
1 1932
1 1933
1 1934
1 1935
1 1936
1 1937
1 1938
1 1939
1 1940
1 1941
1 1942
1 1943
1 1944
1 1945
1 1946
1 1947
1 1948
1 1949
1 1950
1 1951
1 1952
1 1953
1 1954
1 1955
1 1956
1 1957
1 1958
1 1959
1 1960
1 1961
1 1962
1 1963
1 1964
1 1965
1 1966
1 1967
1 1968
1 1969
1 1970
1 1971
1 1972
1 1973
1 1974
1 1975
1 1976
1 1977
1 1978
1 1979
1 1980
1 1981
1 1982
1 1983
1 1984
1 1985
1 1986
1 1987
1 1988
1 1989
1 1990
1 1991
1 1992
1 1993
1 1994
1 1995
1 1996
1 1997
1 1998
1 1999
1 2000
1 2001
1 2002
1 2003
1 2004
1 2005
1 2006
1 2007
1 2008
1 2009
1 2010
1 2011
1 2012
1 2013
1 2014
1 2015
1 2016
1 2017
1 2018
1 2019
1 2020
1 2021
1 2022
1 2023
1 2024
1 2025
1 2026
1 2027
1 2028
1 2029
1 2030
1 2031
1 2032
1 2033
1 2034
1 2035
1 2036
1 2037
1 2038
1 2039
1 2040
1 2041
1 2042
1 2043
1 2044
1 2045
1 2046
1 2047
1 2048
1 2049
1 2050
1 2051
1 2052
1 2053
1 2054
1 2055
1 2056
1 2057
1 2058
1 2059
1 2060
1 2061
1 2062
1 2063
1 2064
1 2065
1 2066
1 2067
1 2068
1 2069
1 2070
1 2071
1 2072
1 2073
1 2074
1 2075
1 2076
1 2077
1 2078
1 2079
1 2080
1 2081
1 2082
1 2083
1 2084
1 2085
1 2086
1 2087
1 2088
1 2089
1 2090
1 2091
1 2092
1 2093
1 2094
1 2095
1 2096
1 2097
1 2098
1 2099
1 2100
1 2101
1 2102
1 2103
1 2104
1 2105
1 2106
1 2107
1 2108
1 2109
1 2110
1 2111
1 2112
1 2113
1 2114
1 2115
1 2116
1 2117
1 2118
1 2119
1 2120
1 2121
1 2122
1 2123
1 2124
1 2125
1 2126
1 2127
1 2128
1 2129
1 2130
1 2131
1 2132
1 2133
1 2134
1 2135
1 2136
1 2137
1 2138
1 2139
1 2140
1 2141
1 2142
1 2143
1 2144
1 2145
1 2146
1 2147
1 2148
1 2149
1 2150
1 2151
1 2152
1 2153
1 2154
1 2155
1 2156
1 2157
1 2158
1 2159
1 2160
1 2161
1 2162
1 2163
1 2164
1 2165
1 2166
1 2167
1 2168
1 2169
1 2170
1 2171
1 2172
1 2173
1 2174
1 2175
1 2176
1 2177
1 2178
1 2179
1 2180
1 2181
1 2182
1 2183
1 2184
1 2185
1 2186
1 2187
1 2188
1 2189
1 2190
1 2191
1 2192
1 2193
1 2194
1 2195
1 2196
1 2197
1 2198
1 2199
1 2200
1 2201
1 2202
1 2203
1 2204
1 2205
1 2206
1 2207
1 2208
1 2209
1 2210
1 2211
1 2212
1 2213
1 2214
1 2215
1 2216
1 2217
1 2218
1 2219
1 2220
1 2221
1 2222
1 2223
1 2224
1 2225
1 2226
1 2227
1 2228
1 2229
1 2230
1 2231
1 2232
1 2233
1 2234
1 2235
1 2236
1 2237
1 2238
1 2239
1 2240
1 2241
1 2242
1 2243
1 2244
1 2245
1 2246
1 2247
1 2248
1 2249
1 2250
1 2251
1 2252
1 2253
1 2254
1 2255
1 2256
1 2257
1 2258
1 2259
1 2260
1 2261
1 2262
1 2263
1 2264
1 2265
1 2266
1 2267
1 2268
1 2269
1 2270
1 2271
1 2272
1 2273
1 2274
1 2275
1 2276
1 2277
1 2278
1 2279
1 2280
1 2281
1 2282
1 2283
1 2284
1 2285
1 2286
1 2287
1 2288
1 2289
1 2290
1 2291
1 2292
1 2293
1 2294
1 2295
1 2296
1 2297
1 2298
1 2299
1 2300
1 2301
1 2302
1 2303
1 2304
1 2305
1 2306
1 2307
1 2308
1 2309
1 2310
1 2311
1 2312
1 2313
1 2314
1 2315
1 2316
1 2317
1 2318
1 2319
1 2320
1 2321
1 2322
1 2323
1 2324
1 2325
1 2326
1 2327
1 2328
1 2329
1 2330
1 2331
1 2332
1 2333
1 2334
1 2335
1 2336
1 2337
1 2338
1 2339
1 2340
1 2341
1 2342
1 2343
1 2344
1 2345
1 2346
1 2347
1 2348
1 2349
1 2350
1 2351
1 2352
1 2353
1 2354
1 2355
1 2356
1 2357
1 2358
1 2359
1 2360
1 2361
1 2362
1 2363
1 2364
1 2365
1 2366
1 2367
1 2368
1 2369
1 2370
1 2371
1 2372
1 2373
1 2374
1 2375
1 2376
1 2377
1 2378
1 2379
1 2380
1 2381
1 2382
1 2383
1 2384
1 2385
1 2386
1 2387
1 2388
1 2389
1 2390
1 2391
1 2392
1 2393
1 2394
1 2395
1 2396
1 2397
1 2398
1 2399
1 2400
1 2401
1 2402
1 2403
1 2404
1 2405
1 2406
1 2407
1 2408
1 2409
1 2410
1 2411
1 2412
1 2413
1 2414
1 2415
1 2416
1 2417
1 2418
1 2419
1 2420
1 2421
1 2422
1 2423
1 2424
1 2425
1 2426
1 2427
1 2428
1 2429
1 2430
1 2431
1 2432
1 2433
1 2434
1 2435
1 2436
1 2437
1 2438
1 2439
1 2440
1 2441
1 2442
1 2443
1 2444
1 2445
1 2446
1 2447
1 2448
1 2449
1 2450
1 2451
1 2452
1 2453
1 2454
1 2455
1 2456
1 2457
1 2458
1 2459
1 2460
1 2461
1 2462
1 2463
1 2464
1 2465
1 2466
1 2467
1 2468
1 2469
1 2470
1 2471
1 2472
1 2473
1 2474
1 2475
1 2476
1 2477
1 2478
1 2479
1 2480
1 2481
1 2482
1 2483
1 2484
1 2485
1 2486
1 2487
1 2488
1 2489
1 2490
1 2491
1 2492
1 2493
1 2494
1 2495
1 2496
1 2497
1 2498
1 2499
1 2500
1 2501
1 2502
1 2503
1 2504
1 2505
1 2506
1 2507
1 2508
1 2509
1 2510
1 2511
1 2512
1 2513
1 2514
1 2515
1 2516
1 2517
1 2518
1 2519
1 2520
1 2521
1 2522
1 2523
1 2524
1 2525
1 2526
1 2527
1 2528
1 2529
1 2530
1 2531
1 2532
1 2533
1 2534
1 2535
1 2536
1 2537
1 2538
1 2539
1 2540
POINT_DATA 2541
SCALARS density float 1
LOOKUP_TABLE default
500
500
500
500
500
500
500
500
500
500
500
500
500
500
500
500
500
500
500
500
500
500
500
500
500
500
500
500
500
500
500
500
500
500
500
500
500
500
500
500
500
500
500
500
500
500
500
500
500
500
500
500
500
500
500
500
500
500
500
500
500
500
500
500
500
500
500
500
500
500
500
500
500
500
500
500
500
500
500
500
500
500
500
500
500
500
500
500
500
500
500
500
500
500
500
500
500
500
500
500
500
500
500
500
500
500
500
500
500
500
500
500
500
500
500
500
500
500
500
500
500
500
500
500
500
500
500
500
500
500
500
500
500
500
500
500
500
500
500
500
500
500
500
500
500
500
500
500
500
500
500
500
500
500
500
500
500
500
500
500
500
500
500
500
500
500
500
500
500
500
500
500
500
500
500
500
500
500
500
500
500
500
500
500
500
500
500
500
500
500
500
500
500
500
500
500
500
500
500
500
500
500
500
500
500
500
500
500
500
500
500
500
500
500
500
500
500
500
500
500
500
500
500
500
500
500
500
500
500
500
500
500
500
500
500
500
500
500
500
500
500
500
500
500
500
500
500
500
500
500
500
500
500
500
500
500
500
500
500
500
500
500
500
500
500
500
500
500
500
500
500
500
500
500
500
500
500
500
500
500
500
500
500
500
500
500
500
500
500
500
500
500
500
500
500
500
500
500
500
500
500
500
500
500
500
500
500
500
500
500
500
500
500
500
500
500
500
500
500
500
500
500
500
500
500
500
500
500
500
500
500
500
500
500
500
500
500
500
500
500
500
500
500
500
500
500
500
500
500
500
500
500
500
500
500
500
500
500
500
500
500
500
500
500
500
500
500
500
500
500
500
500
500
500
500
500
500
500
500
500
500
500
500
500
500
500
500
500
500
500
500
500
500
500
500
500
500
500
500
500
500
500
500
500
500
500
500
500
500
500
500
500
500
500
500
500
500
500
500
500
500
500
500
500
500
500
500
500
500
500
500
500
500
500
500
500
500
500
500
500
500
500
500
500
500
500
500
500
500
500
500
500
500
500
500
500
500
500
500
500
500
500
500
500
500
500
500
500
500
500
500
500
500
500
500
500
500
500
500
500
500
500
500
500
500
500
500
500
500
500
500
500
500
500
500
500
500
500
500
500
500
500
500
500
500
500
500
500
500
500
500
500
500
500
500
500
500
500
500
500
500
500
500
500
500
500
500
500
500
500
500
500
500
500
500
500
500
500
500
500
500
500
500
500
500
500
500
500
500
500
500
500
500
500
500
500
500
500
500
500
500
500
500
500
500
500
500
500
500
500
500
500
500
500
500
500
500
500
500
500
500
500
500
500
500
500
500
500
500
500
500
500
500
500
500
500
500
500
500
500
500
500
500
500
500
500
500
500
500
500
500
500
500
500
500
500
500
500
500
500
500
500
500
500
500
500
500
500
500
500
500
500
500
500
500
500
500
500
500
500
500
500
500
500
500
500
500
500
500
500
500
500
500
500
500
500
500
500
500
500
500
500
500
500
500
500
500
500
500
500
500
500
500
500
500
500
500
500
500
500
500
500
500
500
500
500
500
500
500
500
500
500
500
500
500
500
500
500
500
500
500
500
500
500
500
500
500
500
500
500
500
500
500
500
500
500
500
500
500
500
500
500
500
500
500
500
500
500
500
500
500
500
500
500
500
500
500
500
500
500
500
500
500
500
500
500
500
500
500
500
500
500
500
500
500
500
500
500
500
500
500
500
500
500
500
500
500
500
500
500
500
500
500
500
500
500
500
500
500
500
500
500
500
500
500
500
500
500
500
500
500
500
500
500
500
500
500
500
500
500
500
500
500
500
500
500
500
500
500
500
500
500
500
500
500
500
500
500
500
500
500
500
500
500
500
500
500
500
500
500
500
500
500
500
500
500
500
500
500
500
500
500
500
500
500
500
500
500
500
500
500
500
500
500
500
500
500
500
500
500
500
500
500
500
500
500
500
500
500
500
500
500
500
500
500
500
500
500
500
500
500
500
500
500
500
500
500
500
500
500
500
500
500
500
500
500
500
500
500
500
500
500
500
500
500
500
500
500
500
500
500
500
500
500
500
500
500
500
500
500
500
500
500
500
500
500
500
500
500
500
500
500
500
500
500
500
500
500
500
500
500
500
500
500
500
500
500
500
500
500
500
500
500
500
500
500
500
500
500
500
500
500
500
500
500
500
500
500
500
500
500
500
500
500
500
500
500
500
500
500
500
500
500
500
500
500
500
500
500
500
500
500
500
500
500
500
500
500
500
500
500
500
500
500
500
500
500
500
500
500
500
500
500
500
500
500
500
500
500
500
500
500
500
500
500
500
500
500
500
500
500
500
500
500
500
500
500
500
500
500
500
500
500
500
500
500
500
500
500
500
500
500
500
500
500
500
500
500
500
500
500
500
500
500
500
500
500
500
500
500
500
500
500
500
500
500
500
500
500
500
500
500
500
500
500
500
500
500
500
500
500
500
500
500
500
500
500
500
500
500
500
500
500
500
500
500
500
500
500
500
500
500
500
500
500
500
500
500
500
500
500
500
500
500
500
500
500
500
500
500
500
500
500
500
500
500
500
500
500
500
500
500
500
500
500
500
500
500
500
500
500
500
500
500
500
500
500
500
500
500
500
500
500
500
500
500
500
500
500
500
500
500
500
500
500
500
500
500
500
500
500
500
500
500
500
500
500
500
500
500
500
500
500
500
500
500
500
500
500
500
500
500
500
500
500
500
500
500
500
500
500
500
500
500
500
500
500
500
500
500
500
500
500
500
500
500
500
500
500
500
500
500
500
500
500
500
500
500
500
500
500
500
500
500
500
500
500
500
500
500
500
500
500
500
500
500
500
500
500
500
500
500
500
500
500
500
500
500
500
500
500
500
500
500
500
500
500
500
500
500
500
500
500
500
500
500
500
500
500
500
500
500
500
500
500
500
500
500
500
500
500
500
500
500
500
500
500
500
500
500
500
500
500
500
500
500
500
500
500
500
500
500
500
500
500
500
500
500
500
500
500
500
500
500
500
500
500
500
500
500
500
500
500
500
500
500
500
500
500
500
500
500
500
500
500
500
500
500
500
500
500
500
500
500
500
500
500
500
500
500
500
500
500
500
500
500
500
500
500
500
500
500
500
500
500
500
500
500
500
500
500
500
500
500
500
500
500
500
500
500
500
500
500
500
500
500
500
500
500
500
500
500
500
500
500
500
500
500
500
500
500
500
500
500
500
500
500
500
500
500
500
500
500
500
500
500
500
500
500
500
500
500
500
500
500
500
500
500
500
500
500
500
500
500
500
500
500
500
500
500
500
500
500
500
500
500
500
500
500
500
500
500
500
500
500
500
500
500
500
500
500
500
500
500
500
500
500
500
500
500
500
500
500
500
500
500
500
500
500
500
500
500
500
500
500
500
500
500
500
500
500
500
500
500
500
500
500
500
500
500
500
500
500
500
500
500
500
500
500
500
500
500
500
500
500
500
500
500
500
500
500
500
500
500
500
500
500
500
500
500
500
500
500
500
500
500
500
500
500
500
500
500
500
500
500
500
500
500
500
500
500
500
500
500
500
500
500
500
500
500
500
500
500
500
500
500
500
500
500
500
500
500
500
500
500
500
500
500
500
500
500
500
500
500
500
500
500
500
500
500
500
500
500
500
500
500
500
500
500
500
500
500
500
500
500
500
500
500
500
500
500
500
500
500
500
500
500
500
500
500
500
500
500
500
500
500
500
500
500
500
500
500
500
500
500
500
500
500
500
500
500
500
500
500
500
500
500
500
500
500
500
500
500
500
500
500
500
500
500
500
500
500
500
500
500
500
500
500
500
500
500
500
500
500
500
500
500
500
500
500
500
500
500
500
500
500
500
500
500
500
500
500
500
500
500
500
500
500
500
500
500
500
500
500
500
500
500
500
500
500
500
500
500
500
500
500
500
500
500
500
500
500
500
500
500
500
500
500
500
500
500
500
500
500
500
500
500
500
500
500
500
500
500
500
500
500
500
500
500
500
500
500
500
500
500
500
500
500
500
500
500
500
500
500
500
500
500
500
500
500
500
500
500
500
500
500
500
500
500
500
500
500
500
500
500
500
500
500
500
500
500
500
500
500
500
500
500
500
500
500
500
500
500
500
500
500
500
500
500
500
500
500
500
500
500
500
500
500
500
500
500
500
500
500
500
500
500
500
500
500
500
500
500
500
500
500
500
500
500
500
500
500
500
500
500
500
500
500
500
500
500
500
500
500
500
500
500
500
500
500
500
500
500
500
500
500
500
500
500
500
500
500
500
500
500
500
500
500
500
500
500
500
500
500
500
500
500
500
500
500
500
500
500
500
500
500
500
500
500
500
500
500
500
500
500
500
500
500
500
500
500
500
500
500
500
500
500
500
500
500
500
500
500
500
500
500
500
500
500
500
500
500
500
500
500
500
500
500
500
500
500
500
500
500
500
500
500
500
500
500
500
500
500
500
500
500
500
500
500
500
500
500
500
500
500
500
500
500
500
500
500
500
500
500
500
500
500
500
500
500
500
500
500
500
500
500
500
500
500
500
500
500
500
500
500
500
500
500
500
500
500
500
500
500
500
500
500
500
500
500
500
500
500
500
500
500
500
500
500
500
500
500
500
500
500
500
500
500
500
500
500
500
500
500
500
500
500
500
500
500
500
500
500
500
500
500
500
500
500
500
500
500
500
500
500
500
500
500
500
500
500
500
500
500
500
500
500
500
500
500
500
500
500
500
500
500
500
500
500
500
500
500
500
500
500
500
500
500
500
500
500
500
500
500
500
500
500
500
500
500
500
500
500
500
500
500
500
500
500
500
500
500
500
500
500
500
500
500
500
500
500
500
500
500
500
500
500
500
500
500
500
500
500
500
500
500
500
500
500
500
500
500
500
500
500
500
500
500
500
500
500
500
500
500
500
500
500
500
500
500
500
500
500
500
500
500
500
500
500
500
500
500
500
500
500
500
500
500
500
500
500
500
500
500
500
500
500
500
500
500
500
500
500
500
500
500
500
500
500
500
500
500
500
500
500
500
500
500
500
500
500
500
500
500
500
500
500
500
500
500
500
500
500
500
500
500
500
500
500
500
500
500
500
500
500
500
500
500
500
500
500
500
500
500
500
500
500
500
500
500
500
500
500
500
500
500
500
500
500
500
500
500
500
500
500
500
500
500
500
500
500
500
500
500
500
500
500
500
500
500
500
500
500
500
500
500
500
500
500
500
500
500
500
500
500
500
500
500
500
500
500
500
500
500
500
500
500
500
500
500
500
500
500
500
500
500
500
500
500
500
500
500
500
500
500
500
500
500
500
500
500
500
500
500
500
500
500
500
500
500
500
500
500
500
500
500
500
500
500
500
500
500
500
500
500
500
500
500
500
500
500
500
500
500
500
500
500
500
500
500
500
500
500
500
500
500
500
500
500
500
500
500
500
500
500
500
500
500
500
500
500
500
500
500
500
500
500
500
500
500
500
500
500
500
500
500
500
500
500
500
500
500
500
500
500
500
500
500
500
500
500
500
500
500
500
500
500
500
500
500
500
500
500
500
500
500
500
500
500
500
500
500
500
500
500
500
500
500
500
500
500
500
500
500
500
500
500
500
500
500
500
500
500
500
500
500
500
500
500
500
500
500
500
500
500
500
500
500
500
500
500
500
500
500
500
500
500
500
500
500
500
500
500
500
500
500
500
500
500
500
500
500
500
500
500
500
500
500
500
500
500
500
500
500
500
500
500
500
500
500
500
SCALARS pressure float 1
LOOKUP_TABLE default
0
0
0
0
0
0
0
0
0
0
0
0
0
0
0
0
0
0
0
0
0
0
0
0
0
0
0
0
0
0
0
0
0
0
0
0
0
0
0
0
0
0
0
0
0
0
0
0
0
0
0
0
0
0
0
0
0
0
0
0
0
0
0
0
0
0
0
0
0
0
0
0
0
0
0
0
0
0
0
0
0
0
0
0
0
0
0
0
0
0
0
0
0
0
0
0
0
0
0
0
0
0
0
0
0
0
0
0
0
0
0
0
0
0
0
0
0
0
0
0
0
0
0
0
0
0
0
0
0
0
0
0
0
0
0
0
0
0
0
0
0
0
0
0
0
0
0
0
0
0
0
0
0
0
0
0
0
0
0
0
0
0
0
0
0
0
0
0
0
0
0
0
0
0
0
0
0
0
0
0
0
0
0
0
0
0
0
0
0
0
0
0
0
0
0
0
0
0
0
0
0
0
0
0
0
0
0
0
0
0
0
0
0
0
0
0
0
0
0
0
0
0
0
0
0
0
0
0
0
0
0
0
0
0
0
0
0
0
0
0
0
0
0
0
0
0
0
0
0
0
0
0
0
0
0
0
0
0
0
0
0
0
0
0
0
0
0
0
0
0
0
0
0
0
0
0
0
0
0
0
0
0
0
0
0
0
0
0
0
0
0
0
0
0
0
0
0
0
0
0
0
0
0
0
0
0
0
0
0
0
0
0
0
0
0
0
0
0
0
0
0
0
0
0
0
0
0
0
0
0
0
0
0
0
0
0
0
0
0
0
0
0
0
0
0
0
0
0
0
0
0
0
0
0
0
0
0
0
0
0
0
0
0
0
0
0
0
0
0
0
0
0
0
0
0
0
0
0
0
0
0
0
0
0
0
0
0
0
0
0
0
0
0
0
0
0
0
0
0
0
0
0
0
0
0
0
0
0
0
0
0
0
0
0
0
0
0
0
0
0
0
0
0
0
0
0
0
0
0
0
0
0
0
0
0
0
0
0
0
0
0
0
0
0
0
0
0
0
0
0
0
0
0
0
0
0
0
0
0
0
0
0
0
0
0
0
0
0
0
0
0
0
0
0
0
0
0
0
0
0
0
0
0
0
0
0
0
0
0
0
0
0
0
0
0
0
0
0
0
0
0
0
0
0
0
0
0
0
0
0
0
0
0
0
0
0
0
0
0
0
0
0
0
0
0
0
0
0
0
0
0
0
0
0
0
0
0
0
0
0
0
0
0
0
0
0
0
0
0
0
0
0
0
0
0
0
0
0
0
0
0
0
0
0
0
0
0
0
0
0
0
0
0
0
0
0
0
0
0
0
0
0
0
0
0
0
0
0
0
0
0
0
0
0
0
0
0
0
0
0
0
0
0
0
0
0
0
0
0
0
0
0
0
0
0
0
0
0
0
0
0
0
0
0
0
0
0
0
0
0
0
0
0
0
0
0
0
0
0
0
0
0
0
0
0
0
0
0
0
0
0
0
0
0
0
0
0
0
0
0
0
0
0
0
0
0
0
0
0
0
0
0
0
0
0
0
0
0
0
0
0
0
0
0
0
0
0
0
0
0
0
0
0
0
0
0
0
0
0
0
0
0
0
0
0
0
0
0
0
0
0
0
0
0
0
0
0
0
0
0
0
0
0
0
0
0
0
0
0
0
0
0
0
0
0
0
0
0
0
0
0
0
0
0
0
0
0
0
0
0
0
0
0
0
0
0
0
0
0
0
0
0
0
0
0
0
0
0
0
0
0
0
0
0
0
0
0
0
0
0
0
0
0
0
0
0
0
0
0
0
0
0
0
0
0
0
0
0
0
0
0
0
0
0
0
0
0
0
0
0
0
0
0
0
0
0
0
0
0
0
0
0
0
0
0
0
0
0
0
0
0
0
0
0
0
0
0
0
0
0
0
0
0
0
0
0
0
0
0
0
0
0
0
0
0
0
0
0
0
0
0
0
0
0
0
0
0
0
0
0
0
0
0
0
0
0
0
0
0
0
0
0
0
0
0
0
0
0
0
0
0
0
0
0
0
0
0
0
0
0
0
0
0
0
0
0
0
0
0
0
0
0
0
0
0
0
0
0
0
0
0
0
0
0
0
0
0
0
0
0
0
0
0
0
0
0
0
0
0
0
0
0
0
0
0
0
0
0
0
0
0
0
0
0
0
0
0
0
0
0
0
0
0
0
0
0
0
0
0
0
0
0
0
0
0
0
0
0
0
0
0
0
0
0
0
0
0
0
0
0
0
0
0
0
0
0
0
0
0
0
0
0
0
0
0
0
0
0
0
0
0
0
0
0
0
0
0
0
0
0
0
0
0
0
0
0
0
0
0
0
0
0
0
0
0
0
0
0
0
0
0
0
0
0
0
0
0
0
0
0
0
0
0
0
0
0
0
0
0
0
0
0
0
0
0
0
0
0
0
0
0
0
0
0
0
0
0
0
0
0
0
0
0
0
0
0
0
0
0
0
0
0
0
0
0
0
0
0
0
0
0
0
0
0
0
0
0
0
0
0
0
0
0
0
0
0
0
0
0
0
0
0
0
0
0
0
0
0
0
0
0
0
0
0
0
0
0
0
0
0
0
0
0
0
0
0
0
0
0
0
0
0
0
0
0
0
0
0
0
0
0
0
0
0
0
0
0
0
0
0
0
0
0
0
0
0
0
0
0
0
0
0
0
0
0
0
0
0
0
0
0
0
0
0
0
0
0
0
0
0
0
0
0
0
0
0
0
0
0
0
0
0
0
0
0
0
0
0
0
0
0
0
0
0
0
0
0
0
0
0
0
0
0
0
0
0
0
0
0
0
0
0
0
0
0
0
0
0
0
0
0
0
0
0
0
0
0
0
0
0
0
0
0
0
0
0
0
0
0
0
0
0
0
0
0
0
0
0
0
0
0
0
0
0
0
0
0
0
0
0
0
0
0
0
0
0
0
0
0
0
0
0
0
0
0
0
0
0
0
0
0
0
0
0
0
0
0
0
0
0
0
0
0
0
0
0
0
0
0
0
0
0
0
0
0
0
0
0
0
0
0
0
0
0
0
0
0
0
0
0
0
0
0
0
0
0
0
0
0
0
0
0
0
0
0
0
0
0
0
0
0
0
0
0
0
0
0
0
0
0
0
0
0
0
0
0
0
0
0
0
0
0
0
0
0
0
0
0
0
0
0
0
0
0
0
0
0
0
0
0
0
0
0
0
0
0
0
0
0
0
0
0
0
0
0
0
0
0
0
0
0
0
0
0
0
0
0
0
0
0
0
0
0
0
0
0
0
0
0
0
0
0
0
0
0
0
0
0
0
0
0
0
0
0
0
0
0
0
0
0
0
0
0
0
0
0
0
0
0
0
0
0
0
0
0
0
0
0
0
0
0
0
0
0
0
0
0
0
0
0
0
0
0
0
0
0
0
0
0
0
0
0
0
0
0
0
0
0
0
0
0
0
0
0
0
0
0
0
0
0
0
0
0
0
0
0
0
0
0
0
0
0
0
0
0
0
0
0
0
0
0
0
0
0
0
0
0
0
0
0
0
0
0
0
0
0
0
0
0
0
0
0
0
0
0
0
0
0
0
0
0
0
0
0
0
0
0
0
0
0
0
0
0
0
0
0
0
0
0
0
0
0
0
0
0
0
0
0
0
0
0
0
0
0
0
0
0
0
0
0
0
0
0
0
0
0
0
0
0
0
0
0
0
0
0
0
0
0
0
0
0
0
0
0
0
0
0
0
0
0
0
0
0
0
0
0
0
0
0
0
0
0
0
0
0
0
0
0
0
0
0
0
0
0
0
0
0
0
0
0
0
0
0
0
0
0
0
0
0
0
0
0
0
0
0
0
0
0
0
0
0
0
0
0
0
0
0
0
0
0
0
0
0
0
0
0
0
0
0
0
0
0
0
0
0
0
0
0
0
0
0
0
0
0
0
0
0
0
0
0
0
0
0
0
0
0
0
0
0
0
0
0
0
0
0
0
0
0
0
0
0
0
0
0
0
0
0
0
0
0
0
0
0
0
0
0
0
0
0
0
0
0
0
0
0
0
0
0
0
0
0
0
0
0
0
0
0
0
0
0
0
0
0
0
0
0
0
0
0
0
0
0
0
0
0
0
0
0
0
0
0
0
0
0
0
0
0
0
0
0
0
0
0
0
0
0
0
0
0
0
0
0
0
0
0
0
0
0
0
0
0
0
0
0
0
0
0
0
0
0
0
0
0
0
0
0
0
0
0
0
0
0
0
0
0
0
0
0
0
0
0
0
0
0
0
0
0
0
0
0
0
0
0
0
0
0
0
0
0
0
0
0
0
0
0
0
0
0
0
0
0
0
0
0
0
0
0
0
0
0
0
0
0
0
0
0
0
0
0
0
0
0
0
0
0
0
0
0
0
0
0
0
0
0
0
0
0
0
0
0
0
0
0
0
0
0
0
0
0
0
0
0
0
0
0
0
0
0
0
0
0
0
0
0
0
0
0
0
0
0
0
0
0
0
0
0
0
0
0
0
0
0
0
0
0
0
0
0
0
0
0
0
0
0
0
0
0
0
0
0
0
0
0
0
0
0
0
0
0
0
0
0
0
0
0
0
0
0
0
0
0
0
0
0
0
0
0
0
0
0
0
0
0
0
0
0
0
0
0
0
0
0
0
0
0
0
0
0
0
0
0
0
0
0
0
0
0
0
0
0
0
0
0
0
0
0
0
0
0
0
0
0
0
0
0
0
0
0
0
0
0
0
0
0
0
0
0
0
0
0
0
0
0
0
0
0
0
0
0
0
0
0
0
0
0
0
0
0
0
0
0
0
0
0
0
0
0
0
0
0
0
0
0
0
0
0
0
0
0
0
0
0
0
0
0
0
0
0
0
0
0
0
0
0
0
0
0
0
0
0
0
0
0
0
0
0
0
0
0
0
0
0
0
0
0
0
0
0
0
0
0
0
0
0
0
0
0
0
0
0
0
0
0
0
0
0
0
0
0
0
0
0
0
0
0
0
0
0
0
0
0
0
0
0
0
0
0
0
0
0
0
0
0
0
0
0
0
0
0
0
0
0
0
0
0
0
0
0
0
0
0
0
0
0
0
0
0
0
0
0
0
0
0
0
0
0
0
0
0
0
0
0
0
0
0
0
0
0
0
0
0
0
0
0
0
0
0
0
0
0
0
0
0
0
0
0
0
0
0
0
0
0
0
0
0
0
0
0
0
0
0
0
0
0
0
0
0
0
0
0
0
0
0
0
0
0
0
0
0
0
0
0
0
0
0
0
0
0
0
0
0
0
0
0
0
0
0
0
0
0
0
0
0
0
0
0
0
0
0
0
0
0
0
0
0
0
0
0
0
0
0
0
0
0
0
0
0
0
0
0
0
0
0
0
0
0
0
0
0
0
0
0
0
0
0
0
0
0
0
0
0
0
0
0
0
0
0
0
0
0
0
0
0
0
0
0
0
0
0
0
0
0
0
0
0
0
0
0
0
0
0
0
0
0
0
0
0
0
0
0
0
0
0
0
0
0
0
0
0
0
0
0
0
0
0
0
0
0
0
0
0
0
0
0
0
0
0
0
0
0
0
0
0
0
0
0
0
0
0
0
0
0
0
0
0
0
0
0
0
0
0
0
0
0
0
0
0
0
0
0
0
0
0
0
0
0
0
0
0
0
0
0
0
0
0
0
0
0
0
0
0
0
0
0
0
0
0
0
0
0
0
0
0
0
0
0
0
0
0
0
0
0
0
0
0
0
0
0
0
0
0
SCALARS speed float 1
LOOKUP_TABLE default
1.4124e-18
1.0992e-17
34.2131
7.57568e-07
7.72413e-10
42.9935
23.6193
76.3216
37.6656
14.8282
7.80324e-09
61.9423
57.6396
1.67463e-16
17.0854
2.98418e-19
19.6398
0.176538
84.2318
60.4722
4.43022e-11
22.2323
44.5732
47.6067
28.4023
17.5517
20.5102
33.6865
36.4623
76.7131
35.5655
61.2212
32.5456
2.97384e-07
3.88148e-16
54.9781
29.053
22.9229
18.1392
4.48229e-12
8.20165
1.91183e-05
105.676
1.2539e-11
47.9252
1.69848e-21
7.11737e-09
3.24299e-20
2.16877e-18
2.14711e-06
5.61428e-09
23.3655
70.0202
34.4469
1.8388e-16
6.56835e-11
47.6077
28.4039
0.00727052
15.2639
2.72481e-07
9.35288
0.00320822
21.5151
54.9095
13.3911
0.0236696
2.38668e-20
5.25212e-21
1.41351e-17
2.31367e-15
43.6423
1.88504e-18
34.3376
32.3658
54.5556
12.7924
3.71363e-06
89.1437
1.48076e-06
24.2939
0.000912915
6.86831e-17
2.6381e-17
1.14785e-06
9.71829e-14
66.4236
4.50717e-17
5.73969e-16
47.6067
28.4005
22.6157
67.4519
3.08581e-20
18.6103
2.77224e-11
1.9912e-07
33.1529
19.9483
1.95621e-16
60.3695
1.6265e-15
24.7036
1.1264e-18
29.8688
3.10527e-11
49.0228
72.4327
21.195
41.1293
1.58635e-05
2.10439e-18
34.1911
4.32508e-06
33.9991
43.3981
17.7008
18.1856
86.3125
2.04491e-17
2.47144e-15
2.41287e-20
3.47134e-17
8.19857e-07
9.33904e-20
53.9033
6.25e-17
19.5313
2.7631e-05
8.87502e-16
25.7391
1.16873e-12
4.83267e-20
47.6044
27.888
19.6716
28.7383
9.36104e-17
19.1538
42.7505
21.6516
64.8946
27.1457
19.6661
40.9588
20.4693
27.9165
6.56784
29.7387
4.48831e-09
72.7852
3.95637e-12
69.4204
1.48422e-06
35.2711
34.2502
4.43525e-05
16.0297
7.13934e-20
31.4597
4.23483e-08
2.36652e-17
41.4272
47.1534
39.8142
52.3162
34.3432
24.6259
7.61261
177.885
0.0080661
73.0715
17.996
1.09682e-14
1.63908e-19
34.5609
19.6674
40.9813
20.4889
1.70989e-12
10.6044
16.6892
15.8017
71.0664
5.43961e-12
29.4399
36.3612
44.4783
28.8282
22.842
10.3128
9.28417
22.0181
70.1818
1.06976e-19
2.16633e-20
9.29356e-06
14.395
42.5014
34.543
15.2579
36.2082
6.71659e-10
50.5172
51.5148
28.7001
6.57163e-20
57.5508
1.06407e-05
19.6663
40.9588
20.4696
39.5787
8.38388e-10
28.4141
5.14808e-05
29.0843
10.4234
27.0233
1.49284e-19
1.37257e-19
48.2933
27.9878
18.9668
12.4235
34.6418
2.8566e-12
36.6081
36.6044
1.75555e-18
78.2193
5.90423e-20
120.902
1.08215e-17
47.4277
45.3458
7.91644e-11
75.5408
66.0243
1.48657e-19
5.38447e-12
1.4649e-06
23.5247
3.90793e-18
118.522
1.13766e-17
31.9307
1.22337e-19
2.04352e-13
51.0844
4.02581e-13
1.69834e-17
0.000747265
7.54129e-05
7.73306e-12
2.75813e-18
9.72972e-18
25.3766
1.42333e-08
2.80573e-09
29.229
16.257
5.29219e-10
31.4684
38.264
32.4326
4.43985e-05
67.6521
3.77845e-19
53.71
90.6201
63.2307
15.8296
45.7289
53.9886
15.889
194.361
1.28908e-17
5.95501e-19
5.00086e-20
1.05994e-15
45.0868
3.13665e-13
3.0254e-18
32.72
3.9232e-16
40.2002
77.1473
26.6846
5.49819e-09
2.06326e-14
32.3787
40.3304
1.04557e-06
61.0263
2.19369e-14
43.1356
43.4707
31.7232
4.44115e-05
31.9503
4.26335e-07
36.6439
7.18248e-07
9.42315
8.53627
32.9207
14.4995
1.67092e-14
80.4831
89.5436
21.0458
1.08279e-09
22.9651
1.1345e-17
4.17085
11.1928
47.8177
2.11703e-15
22.8448
135.8
4.03595e-17
1.26566e-20
2.52692e-17
27.5777
72.7944
2.54316e-06
68.9003
42.7708
45.5545
41.9643
32.6221
4.43965e-05
313.897
96.5909
32.8343
21.1253
1.39285e-17
7.04484e-15
1.976e-13
38.6763
5.30232e-11
2.28009e-07
1.97244e-19
112.858
36.6711
1.56782e-06
102.825
1.04292e-09
1.30506e-17
41.2219
0.007875
2.48905e-15
31.1811
32.1251
0.000228412
1.27899e-15
9.16913e-10
71.3272
12.7784
1.27137e-09
88.5874
27.3272
7.04802e-16
1.69129e-10
30.9203
1.59854e-10
1.32493e-05
2.2344e-20
2.69125e-10
1.56194e-17
3.14987e-05
9.82269e-20
68.8011
1.16279e-15
1.57635e-19
53.9914
38.1409
0.00042802
45.5776
1.84918e-19
23.9214
31.501
14.6018
3.45083e-19
3.63791e-18
33.5943
29.308
7.08043
1.95485e-10
43.9468
50.2607
28.2765
7.69793
77.7384
23.9021
4.21828e-11
4.42049e-15
29.6167
2.21775e-11
7.44515e-13
117.304
1.62344e-19
2.14276e-05
3.51008e-18
8.93427e-16
38.8948
2.05043e-11
43.2929
45.8762
1.45014e-08
3.44843e-19
3.78105e-11
3.50631e-15
2.83414e-18
40.2582
48.1011
8.51602
40.7815
32.0138
25.2528
0.000208034
9.09656
5.82143e-13
6.67332e-18
38.9632
48.7271
58.8835
6.88111e-15
9.16876e-07
9.00838e-21
8.77665e-19
194.151
1.18045e-15
102.888
4.45633e-16
59.2186
41.6935
174.152
1.28239e-16
4.54082e-14
71.8508
31.2432
47.4647
8.23023e-09
2.62435e-08
1.0228e-19
3.78275e-05
6.85265e-14
25.1659
2.93562e-17
1.96882e-05
33.4479
29.4565
3.17486e-07
40.2769
50.6637
32.689
3.28228e-15
22.7859
7.10476e-18
1.50772e-05
4.79607e-18
3.82886e-19
105.185
0.00742884
17.1618
28.2092
3.3878e-16
5.19928e-17
74.6011
46.3037
28.1722
2.12862e-07
3.54493e-06
41.2409
1.27737e-17
4.24363e-06
19.9507
26.3161
7.51207e-20
23.9798
5.75414e-17
47.4498
2.42505e-20
4.96829e-17
1.28125e-10
1.01985e-18
6.73774
29.0837
87.5811
18.6805
13.5781
1.13866e-11
18.8301
8.87171e-16
47.788
28.0864
1.55009e-14
1.08327e-11
1.24698e-11
75.1687
61.8072
22.9083
2.27269e-12
1.9436e-15
19.667
41.0614
20.5589
9.78802e-15
18.5021
3.55933
5.19802
39.0177
5.77461e-19
10.4715
3.27072e-17
43.6434
31.2131
2.88952e-05
2.2191e-10
7.52802
7.21475e-13
1.5693e-14
32.2444
24.3172
10.6808
4.07773e-07
28.3906
31.7662
24.6041
0.0131981
33.4633
1.91299e-18
23.8743
1.17092e-06
55.1566
55.3458
8.60643e-05
19.6729
41.0805
20.5759
29.4586
14.2356
32.3943
8.53934
12.4315
28.0702
62.5113
13.5687
3.05093e-05
29.6137
22.5772
24.2228
3.79903e-19
2.68785e-14
7.70012e-16
13.8094
2.50384e-16
1.79493
4.84581
43.3534
32.0909
15.6578
2.0572e-06
18.8077
5.4328e-20
0.00470879
4.6612e-14
105.614
29.4636
3.41995e-16
19.6672
41.0614
20.5592
21.2548
8.91829
2.77367e-17
32.3158
45.3691
3.96078e-08
13.1058
31.2198
1.10433e-19
48.4772
28.0845
1.48142e-16
1.42054e-10
14.2184
70.2072
1.79618e-17
6.98377e-14
6.74285
34.5541
5.12685e-18
6.61341e-19
26.5104
54.7163
5.24338e-15
39.3522
8.80985e-17
55.1111
39.9197
5.76945e-08
3.10396e-10
52.1733
2.55342e-21
2.42929e-15
8.0352e-12
2.28723e-15
1.83098e-16
42.0659
31.5161
94.0247
1.78501e-14
61.7631
8.11246e-20
8.16567e-19
1.38716e-19
8.89105e-21
8.00234e-06
1.18372e-17
2.48831e-12
21.5486
7.97156
35.5117
1.32383e-05
44.638
31.8605
4.44183e-05
3.98521e-16
3.54021e-17
35.9066
20.6953
28.3707
24.1607
4.15289e-17
1.26715e-19
49.5605
1.22505e-20
1.06537e-17
84.6296
3.52302e-12
49.8528
88.0735
3.12848e-05
1.91909e-06
5.33358e-18
4.09779e-16
1.92557e-18
79.9312
26.8507
2.77326e-19
4.36323e-16
46.9682
46.1949
28.3188
1.07285e-15
2.49062e-07
24.7226
2.57069e-08
31.1837
2.88953e-05
2.27803e-15
32.2077
108.568
16.9987
26.9532
11.9275
35.1233
34.4173
8.91012e-19
72.7433
88.9115
56.879
4.29076
32.7831
2.07579e-15
9.99148
2.41196e-06
2.65268e-14
43.8296
3.36714e-18
79.3101
2.63433e-17
1.31161e-19
1.67781e-20
2.76827
69.3546
1.31042e-15
38.4196
2.16066e-10
1.86322e-16
85.7168
32.0354
4.44123e-05
1.93633e-10
67.5324
39.8838
0.149375
2.32177e-09
34.7788
15.0173
25.1378
1.76808e-06
8.42469e-07
2.93564e-18
39.046
0.000106973
57.2639
7.80593e-05
1.73285e-12
23.9894
38.4631
26.4312
1.4963e-15
3.36597e-19
19.9515
2.08318e-08
1.91688e-09
1.07675e-17
39.2126
26.8306
13.0236
1.84996e-11
3.63294e-20
1.49559e-08
30.8899
28.9126
1.13154e-15
1.17594e-14
94.9109
1.96164e-18
12.4438
2.4065e-05
27.9137
26.9214
48.1437
1.57419e-19
50.8675
38.4374
31.3654
9.38123e-19
35.3975
3.30477e-14
4.31953e-13
33.626
49.0452
1.52621e-18
32.3597
27.3222
0.209163
1.16787e-13
5.25438
33.5902
8.8967
8.5958e-16
16.1399
78.6381
1.29429e-11
1.21255e-10
0.0958632
1.94778e-20
9.77034e-14
6.64997e-16
6.45375
4.83244e-18
3.0742e-20
8.71958e-19
4.4541e-19
4.14764e-10
43.6481
23.2741
2.38138e-19
4.69809e-13
81.1714
76.0685
56.1077
21.9731
31.126
7.86399e-20
3.53225e-09
32.0644
18.6725
8.12767
5.8977
1.42104e-16
16.6545
20.8311
1.05972e-15
22.2386
19.4074
3.9457e-10
1.02919e-15
28.3871
52.3392
9.08488e-14
29.9849
2.64785e-14
36.2774
4.62591e-11
102.705
2.74039e-15
26.1547
75.183
4.17704e-17
96.8093
3.63955e-20
68.4091
27.6405
3.08421e-06
19.8407
99.198
34.4137
1.7443e-06
33.1348
25.2707
0.00263557
39.7057
28.6901
19.0715
26.0381
1.81619e-10
8.0021e-06
1.1041e-05
2.17296e-05
5.88346e-19
3.06078e-20
1.08872e-08
80.6545
8.82567e-17
53.7524
64.9505
63.6112
4.93182e-16
35.0386
4.08993e-06
54.1269
2.15932e-13
4.57953e-08
7.89671e-07
17.026
1.85083e-11
7.25453e-20
1.8491e-19
5.42662e-18
2.71213e-08
1.40645e-20
4.26885e-17
4.73622e-10
1.11112e-18
6.46482
1.34897e-19
54.5362
37.3728
8.77797e-12
40.3019
6.80735
1.71044e-17
47.7885
28.0863
118.847
199.254
2.67524e-12
7.42368e-07
2.26146e-14
24.6871
39.0271
3.68497e-06
19.6674
41.0622
20.5594
37.6369
19.5311
6.48232e-10
38.1786
83.5413
26.6543
10.7694
28.042
43.4829
31.208
2.88958e-05
16.0437
1.23424e-05
1.36027e-19
8.77973
15.3562
51.9199
122.557
2.60511e-16
28.9562
31.7601
24.6039
49.3374
1.71769e-08
5.46232e-19
42.0296
48.8264
1.17458e-18
42.1463
30.5678
19.6737
41.0814
20.5766
17.8848
1.41895e-08
68.9311
3.67028
13.5292
1.90599e-13
40.1177
20.2306
8.50712e-07
29.607
22.6086
5.92232e-05
34.0446
2.01599e-20
1.31548e-18
46.1449
4.24615e-18
73.2768
57.0441
43.2908
32.0878
15.6623
2.7343e-08
16.9303
29.1259
27.2654
9.93873e-20
43.5739
25.8715
6.61993e-08
19.6677
41.0623
20.5596
9.57136
1.10342e-15
23.8325
41.4568
57.3066
21.7237
34.1139
15.7479
1.26593e-08
48.4776
28.0861
1.61248e-16
22.9657
7.26497e-20
1.07833e-06
13.7187
1.96071e-09
12.9581
1.50124e-16
2.81959e-18
74.1286
33.9998
80.2441
6.6691e-17
24.2704
53.2436
54.1218
1.83173e-11
2.0288e-19
1.40253e-18
3.99361e-07
1.08062e-17
1.61057e-17
6.29907e-17
5.06341e-17
2.79725e-19
32.7525
4.77719
13.059
15.8478
0.753434
3.46101e-17
9.78443e-19
6.93929e-18
3.86107e-20
3.36345e-19
34.8918
6.57862e-18
32.463
8.44778
7.32947e-14
0.00574142
9.06453e-09
31.8608
4.44172e-05
1.20879e-18
2.12235e-08
3.43229e-15
29.3579
28.3904
30.895
55.4733
0.000109872
2.5177e-05
9.72241e-16
5.29292e-20
42.6107
40.6815
3.61281e-06
9.05511e-12
60.128
1.22193e-06
1.39263e-18
4.26155e-16
1.56267e-05
82.1604
26.8482
59.3466
1.80989e-20
53.6281
39.2847
1.95204e-11
34.3747
41.17
60.6632
1.40949e-15
31.186
2.88947e-05
2.23867e-15
32.9277
4.14281e-14
1.35477e-09
16.8871
2.07379e-10
8.92282e-11
2.21698e-15
80.0224
88.5856
88.914
53.4089
10.0561
19.5088
16.9377
6.07663e-10
27.1685
5.57038e-05
5.15122e-10
4.21177e-11
77.5568
8.63117e-16
9.40044e-18
4.00057e-18
56.4137
47.3138
41.9449
3.08591e-11
4.42646e-17
18.6483
2.2884e-08
32.0355
2.88804e-05
42.9946
19.5937
34.5955
6.27353e-20
50.0911
5.15633e-16
41.3958
1.58144e-19
2.56098e-06
1.31579e-06
2.93013e-18
39.0853
7.28445e-14
16.4034
2.84508e-12
13.2697
6.71844e-18
5.17427e-05
1.80896e-06
113.66
2.14435e-18
55.6611
1.28119e-16
18.1992
66.9912
16.4627
17.5953
26.4207
2.81892e-19
40.1494
3.80471e-18
32.3397
74.7374
2.12075e-15
29.0033
2.84783e-20
3.553e-11
2.15232e-06
3.29302e-13
15.1781
4.0622
1.77963e-07
1.57418e-19
50.5684
37.7794
25.7052
40.1901
67.1518
24.1502
31.3378
32.7163
2.65748e-15
4.60464e-20
32.3589
2.88777e-05
56.3887
2.1097e-06
22.5373
35.6748
26.269
1.68874e-19
40.5271
25.5139
2.22348e-13
83.481
24.0362
1.72754e-20
1.29668e-06
51.2033
8.15102e-07
87.3665
13.4668
67.3405
3.47517e-10
1.56084e-09
43.6327
25.2927
83.7241
1.39283e-07
65.7397
26.0174
30.9522
4.33066e-05
6.48862e-13
7.4367e-18
1.9828e-10
32.0648
2.88902e-05
7.04438e-14
31.8166
9.20522e-17
3.59691e-13
22.4489
1.11731e-09
8.07395e-15
7.1462e-16
3.11846e-16
1.6271e-11
25.8132
30.7501
9.58809
34.3776
8.16698e-19
3.62714e-05
21.0467
9.13766e-20
1.75421e-17
1.49594e-17
75.4295
6.16767e-17
66.953
26.7397
50.8439
5.37325e-19
4.12756e-07
4.07512e-06
19.2868
19.2124
1.43111e-14
33.134
2.88779e-05
7.67417
39.7111
1.91199e-19
4.52011e-18
1.00158e-19
36.5129
1.27129e-12
11.624
25.1575
5.88343e-19
9.27496e-20
5.69392e-19
24.8984
6.00403
72.034
3.79169e-16
21.9
30.8031
44.261
4.8322e-17
3.80646e-17
35.8665
32.0061
5.04996e-08
55.6741
50.3322
8.80877e-05
3.05979e-10
1.4924e-15
22.1879
8.20573e-20
1.06436e-19
3.07568e-10
5.70276e-19
6.39814
4.00381e-12
8.86904e-16
37.106
9.57501
32.2845
0.000610265
1.3313e-12
47.7885
28.0865
8.24127e-17
37.3417
4.25732e-05
57.5134
19.2002
10.4618
27.0244
29.6393
19.6675
41.0622
20.5598
14.2497
25.5176
12.1969
5.79395
23.4436
21.4636
11.827
2.4118e-08
43.4949
31.2089
2.88969e-05
13.3308
7.99167e-06
1.94756e-18
2.36431e-09
5.9598e-15
12.7133
5.24637e-17
1.85478e-09
1.97712e-13
31.7599
24.6037
2.66071e-08
12.2079
107.97
4.6455e-17
57.0301
6.95845e-18
68.6997
6.41401
19.6734
41.0816
20.5764
40.5703
13.4634
2.1368e-16
3.78698
13.1778
71.5986
38.4405
8.59571
1.0343e-07
29.6066
22.6085
23.4762
20.8904
2.90178e-16
2.80968e-18
62.7598
1.64049e-06
8.35267e-11
16.5996
43.5723
32.0893
15.6634
1.43925e-15
19.5036
50.4231
8.3154e-12
1.24791e-18
3.9887e-14
16.4902
43.8512
19.6673
41.0627
20.5594
10.5939
9.26845e-16
63.2835
74.4939
3.37342e-17
8.55403e-13
1.11225
6.81296e-14
8.60693e-16
48.478
28.0867
1.60388e-16
3.65656e-16
19.4694
36.017
2.24118e-12
5.14308e-08
6.61226e-19
26.527
3.45902e-19
1.25225e-20
2.75081e-18
44.9269
1.43846e-13
2.07512e-17
62.4255
29.0837
59.1996
8.30364e-07
70.9284
1.21059e-11
53.2439
11.6025
64.9567
81.3802
63.4141
93.757
35.5784
16.3909
0.0980419
8.81214e-06
3.45378e-17
8.27293e-19
1.36571e-19
13.6318
1.7471e-17
1.04035e-10
1.6097e-08
32.3729
9.84622
1.03227e-05
46.3571
49.4304
31.8595
2.88825e-05
17.1088
3.852e-18
18.2518
28.4461
54.1212
17.8449
3.27645e-14
2.83839e-11
2.96334e-19
3.437e-14
3.63102e-21
54.4228
45.9313
1.14593e-17
116.331
0.000144672
1.11222e-09
66.4015
1.4035e-15
39.2837
82.0832
26.2671
60.103
4.80217e-07
56.7032
44.5472
37.9851
3.19599e-19
70.4676
14.0221
45.8451
31.1807
2.88911e-05
42.2941
39.9549
58.868
26.5631
26.8811
7.94735e-16
1.23497e-18
93.7367
3.40471
3.02675e-10
1.54662e-11
52.4046
75.9654
16.4585
24.179
79.8274
11.483
5.44657e-20
102.455
75.4676
84.0215
45.0479
3.62725e-20
7.7202e-18
31.1036
20.8771
56.1226
83.8089
54.8442
56.0259
1.59894e-11
32.0341
2.88776e-05
8.27421e-09
39.4424
6.02879
6.4083e-06
89.5563
40.5972
51.0412
112.286
2.14525e-13
1.97765e-07
4.57192e-18
39.0725
7.68513
60.8706
42.9774
5.31347e-19
52.5565
12.9095
40.7778
4.73395e-17
9.76273e-19
44.4039
2.88121e-06
1.74722e-17
7.5621e-13
4.63808e-17
5.00751
3.29677e-15
24.0957
159.113
3.15336e-10
45.988
20.3815
1.76488e-15
74.6674
7.68876e-18
28.0355
34.4414
23.9307
9.18248e-17
25.1457
2.33338e-06
1.57415e-19
50.5707
38.4541
30.1405
16.5962
3.96265e-20
1.44424e-17
0.000174222
50.8619
1.04274e-09
42.5375
32.3604
2.88805e-05
63.0485
3.41104e-15
3.15052e-19
39.3287
7.6378e-11
31.0093
101.887
13.5356
3.77476e-14
83.5291
27.3332
1.04291e-18
1.22414e-11
55.4515
1.09607e-12
1.35107e-18
3.15282
1.06492e-19
7.58377e-11
1.8835e-11
41.3939
25.4534
44.7858
4.21413e-14
86.0093
4.25988e-19
84.3768
35.3711
44.5438
32.5347
6.83275e-18
32.07
28.9756
1.3037e-05
3.84354e-10
3.83086e-17
4.30417e-20
22.6658
20.5777
40.5846
41.3499
1.3085e-10
1.76643e-14
25.7649
1.10717e-18
12.5948
3.30404e-15
27.0311
25.3342
1.72219e-12
102.178
14.9156
1.89966e-12
75.6205
6.17187e-17
59.2847
50.3033
18.925
2.34263e-16
2.10497e-13
1.49253e-16
8.19295
5.7511e-06
9.73007e-07
33.1354
2.88806e-05
14.6122
39.7428
1.56473e-15
0.000469742
75.0954
22.3634
14.8512
53.3965
19.1
5.88336e-19
1.12559e-20
36.8939
2.77428
2.21504e-05
71.4954
13.9139
20.3547
21.8936
26.6047
39.8493
54.3089
9.72937
2.97375e-13
30.2585
5.15707e-06
96.7325
16.0833
3.27561e-12
4.46362e-12
1.69184e-13
3.51462e-19
3.38062e-20
3.07491e-10
6.77572e-20
6.40411
6.64429e-15
40.7304
38.8681
0.224848
29.5132
9.33869
9.83562e-07
47.7885
28.0863
36.9739
4.51666e-17
5.03727e-08
60.7859
1.35495e-09
2.61837e-10
41.5007
15.323
19.6676
41.0622
20.56
4.24654
9.7125
39.0024
5.54011
15.9883
54.2756
19.2023
21.6522
43.5408
31.2066
2.88969e-05
1.67944e-17
2.2128e-06
1.36771e-05
29.9778
29.7934
0.000281743
10.8559
2.84474e-10
2.98092e-14
31.7596
24.6041
22.4539
23.0484
107.772
24.0581
26.5103
9.27598
52.6428
29.0208
19.6734
41.0815
20.5764
2.33684e-09
8.96491
1.70185e-18
3.54363
13.721
9.50797e-08
46.2246
12.6001
1.28801e-18
29.6059
22.6085
7.41074e-12
5.78811e-05
2.08441e-19
53.2669
5.14878e-16
6.20968e-05
11.334
63.435
7.08929e-14
32.0865
15.6734
9.61466e-09
3.29548e-11
4.08149e-18
40.4857
25.7521
4.31338e-16
18.7633
20.7272
19.6676
41.0625
20.5596
37.0872
105.419
39.2453
0.0439034
18.1762
37.6483
8.59875e-06
82.8309
0.000487603
48.478
28.0865
1.46333e-16
1.39899e-16
19.4022
5.86695
23.9064
1.18338e-16
47.201
1.45041e-10
5.44706e-20
8.8594e-21
23.984
1.25237e-18
1.39916e-13
76.6344
1.75049e-16
34.9602
8.87853
22.5227
128.16
4.94077e-19
43.7203
32.6773
1.90053e-18
4.47628e-20
1.17128e-17
5.51229e-15
55.1392
6.41498
13.691
91.6713
3.43074e-17
3.48846e-19
1.41923e-19
5.52646e-21
5.65974e-20
20.5484
0.000908782
4.21711e-20
6.49515e-10
4.20268e-16
1.52583e-08
105.836
31.8659
23.2264
13.7886
39.9397
73.6341
84.9092
59.3307
38.41
22.4206
5.33838e-15
2.96416e-16
65.9546
3.49912e-11
72.8084
2.95213e-05
117.755
50.0163
3.92359e-05
5.53962e-14
56.4917
100.931
1.82204e-17
83.333
25.2499
39.848
1.04556e-15
28.7041
5.01207e-20
1.80416e-08
8.02942e-08
3.54119e-15
38.3137
47.5649
31.1854
19.0475
38.1445
1.89165e-14
2.34418e-13
1.21673e-12
23.9209
87.9484
50.8396
19.7486
57.7169
1.75391e-10
1.3137e-13
56.088
19.9531
23.6611
6.67418e-15
31.851
65.7983
1.38398e-10
2.68015e-19
64.3234
188.312
2.62482e-17
96.2263
2.13077e-11
1.01005e-19
8.90058e-18
61.4083
14.4335
70.6624
14.7917
1.80737e-18
32.0409
26.3354
53.5097
2.77712e-08
32.4606
53.6009
62.578
3.25083e-18
26.1947
2.35742e-10
57.9222
6.89984e-12
49.9326
39.2328
37.0484
16.3071
3.54617e-16
30.1617
21.092
73.9168
1.10488e-13
25.2184
1.98734e-19
2.38983e-11
1.62494e-09
23.4853
5.7868
5.87571e-17
44.0687
9.68227e-19
1.82268e-13
34.0152
9.64357e-17
1.42505e-10
1.15646e-11
41.7016
38.7859
1.11826e-19
2.70499e-20
2.95558e-19
1.41741e-19
18.3441
9.31319e-16
9.81322e-10
1.56934e-19
50.5836
38.4078
45.2677
17.9858
41.8212
42.5072
48.9956
73.2234
24.2941
5.75159e-14
32.3605
4.44143e-05
1.42246e-07
8.20486e-07
3.00843e-12
0.846515
39.1782
49.7521
3.27916e-08
1.81431e-06
4.00048e-19
83.5379
27.6053
4.3274e-15
48.6235
1.47372e-10
5.29098
7.81528
58.7795
4.40188e-10
43.7596
1.59078e-17
48.4552
25.4509
2.03473e-15
23.762
97.3612
3.29914e-18
6.47437e-18
27.5151
42.8426
1.27337e-08
49.5612
32.0691
2.88941e-05
9.66592e-14
54.3463
1.06262e-18
25.6848
20.6403
44.5007
1.29359e-18
17.9447
5.83375e-06
7.44924e-16
25.7624
66.683
26.8693
10.0479
1.50412e-08
1.34327e-14
48.5694
18.432
17.1152
25.9126
72.0541
28.322
1.2584e-15
0.0734342
88.0245
95.7151
0.000822678
2.64086e-18
34.1612
1.60879e-08
59.8744
33.1361
4.44133e-05
45.3686
40.5825
2.03175
7.38807e-19
3.53212e-14
18.7866
1.89968e-09
22.8341
4.64982e-10
3.81731e-19
8.51042e-19
36.9848
12.6586
1.46101e-12
2.93105e-14
0.000143155
3.51062e-18
3.9997e-13
26.993
0.00845791
54.8869
26.9181
49.1158
38.5013
41.9734
87.2284
50.7817
2.25477e-16
24.6181
73.5379
2.58445e-19
1.80179e-20
3.07388e-10
3.95711e-15
6.34152
8.21527e-20
9.82671e-06
2.59713e-17
51.4651
29.1145
61.1326
6.68277e-16
47.788
28.0846
3.28342e-16
8.21095e-17
9.7806e-16
64.1006
13.6281
78.1287
66.7681
9.07513
19.6669
41.0614
20.5587
8.40697
14.7686
11.8432
4.3556
0.764877
4.85284e-15
39.8523
74.0007
43.7261
31.2127
30.3352
10.0559
5.25842
1.37247e-17
16.6098
37.1677
34.5704
20.8488
49.1443
1.00497e-13
31.7658
24.6102
3.42374e-06
4.32507e-16
45.8764
1.95367e-19
16.4916
126.874
8.14654e-17
3.10327e-19
19.6725
41.0805
20.5754
12.932
11.7521
12.274
5.1302
11.3367
18.5903
32.3232
36.9447
6.09427e-14
29.6128
22.6064
5.85902
16.7563
21.9066
2.25969e-15
51.6303
4.69611e-17
17.429
70.5708
40.5492
32.0905
15.5128
8.22151e-09
4.7804e-18
29.9789
4.50142
23.0669
14.2776
11.791
22.5862
19.6669
41.0617
20.5588
4.84231e-10
8.74673e-16
1.85633e-14
14.3821
29.4405
67.8529
34.7768
1.92417e-19
26.3285
48.4772
28.0858
1.45604e-16
4.5194e-15
24.9624
4.94411e-09
2.07819e-19
12.8905
318.935
41.6653
1.03347e-20
2.37966e-19
2.71032e-18
8.28557e-18
2.11993e-14
30.4846
5.86111e-18
43.4928
32.7392
1.43402e-12
4.84143e-16
8.1067e-09
48.0585
28.3541
2.00268e-14
1.53156e-17
2.64989e-14
114.364
30.9684
28.2755
6.14929e-18
6.30325e-14
2.21323e-17
3.50263e-19
9.4472e-19
7.23941e-18
32.0373
8.51448e-13
1.43638e-20
44.7782
49.9092
2.61477e-19
10.5867
36.18
42.8248
29.4652
21.5132
2.38902e-06
73.3997
1.67283e-18
63.8097
0.372503
51.7881
6.15952
2.2147e-14
86.2948
78.7591
52.0565
3.06307e-06
35.3633
28.49
1.03716e-06
6.75591e-20
4.35074e-19
3.83481e-05
1.57543e-13
1.1814e-19
71.3633
8.49058e-18
8.33281e-15
9.06911
17.272
2.31992e-18
1.58513e-18
39.3744
7.24114e-20
2.33086e-17
38.0251
25.6357
35.4297
40.7795
2.60623e-08
1.10035e-16
8.65734e-14
32.3068
42.9758
87.3893
28.9744
74.9707
72.0508
48.9587
1.80694e-18
28.823
52.4345
55.544
2.17844e-09
1.58436e-09
56.428
2.25969e-12
78.2513
38.3252
162.739
1.86963e-14
18.6169
78.8479
54.0672
31.7995
2.13456e-14
3.63092e-13
1.20294e-14
42.5937
29.3123
160.223
5.76118e-19
6.5044e-19
4.80368e-07
1.21724e-13
29.198
23.9216
59.6252
1.78085e-11
8.11785e-17
5.12374e-19
29.542
6.29665e-11
31.8145
40.256
1.05389e-16
75.1094
4.85845
1.15342e-17
3.3166e-05
1.83902e-13
34.6808
1.13085e-08
6.4143e-05
14.029
5.28354e-18
30.3927
45.6638
8.85269
52.9925
7.9486e-17
2.23037e-09
8.07543e-16
2.46801e-08
5.0573e-17
7.45035e-05
3.87967e-14
2.91235e-12
2.91385e-13
31.1014
26.9784
1.42539e-16
42.5594
45.7783
20.3759
0.624865
2.01978e-10
104.905
2.0932e-12
38.0275
50.8148
41.9041
42.8594
32.8749
4.43961e-05
30.263
6.27352e-09
5.6264e-07
1.17401e-19
23.735
43.8399
10.3602
83.9807
3.16996e-10
237.504
3.96875e-11
1.85137e-20
1.13704e-20
7.32575e-17
23.4458
174.348
1.99454e-08
7.71669e-17
12.02
38.9554
95.3865
26.7764
5.87537e-05
53.6633
3.14396e-18
87.7762
3.27403e-18
1.58702e-07
22.1231
40.6753
43.5539
32.5463
4.44087e-05
3.83245e-07
24.9057
9.48493e-05
1.58718e-13
4.33341e-12
6.82798e-16
0.00114089
40.1648
22.94
71.2373
27.7902
5.21475e-13
16.8371
27.1372
1.32212e-15
62.028
38.9309
47.824
143.962
5.70982e-11
50.2339
16.1938
67.5707
36.2883
1.80359e-15
6.20556
1.80488e-16
1.44988e-17
63.4149
2.95339e-18
8.1623e-12
33.6533
4.4394e-05
26.7374
39.5209
65.6483
28.6965
28.8166
1.07935e-15
21.1966
87.7195
3.54584e-06
6.95575e-06
60.2359
0.000154258
2.7368e-15
1.23678e-19
2.79289e-19
9.55174e-09
2.50519e-16
23.9199
13.2436
84.6516
55.6341
1.67831e-19
2.17515e-12
7.81813e-10
37.0512
58.8842
3.16219e-09
3.30034e-10
2.44854e-13
32.4862
3.25566e-20
2.44508e-10
4.74085e-10
7.07567e-08
50.0578
2.76522e-11
15.6603
8.72598e-18
2.57219e-19
4.85396
0.000490569
1.10711e-11
47.604
27.988
4.82279e-16
3.55482e-18
2.35951e-19
1.10593e-14
3.02834e-13
23.5493
4.90918e-17
8.33207e-12
19.6659
40.9588
20.469
22.8832
4.33982e-05
30.4217
1.43302e-15
1.21485e-06
4.16714e-19
16.3578
5.5517e-15
2.65972e-16
34.4852
4.43532e-05
5.10429e-15
51.9425
14.3144
7.54437
1.26917e-16
32.9235
8.91645
0.00385429
8.60566e-16
34.9701
23.5112
10.3854
39.281
17.0301
8.48658e-10
14.608
1.48129e-18
5.15094e-14
6.44377e-19
19.6674
40.9813
20.4886
21.6385
1.34644e-14
13.1721
58.8203
35.5018
58.2647
31.6033
11.1254
2.10121e-20
29.7438
22.2538
2.89138e-05
26.8171
1.07757e-16
9.86036e-11
37.4088
1.75816e-15
2.96462e-12
2.05066e-10
2.67425e-10
35.3292
15.8448
22.2419
2.88232e-18
32.8838
3.22729e-12
2.88996e-17
5.09867e-18
43.3818
5.88699e-12
19.6662
40.959
20.4694
16.8999
6.34581e-14
21.1907
6.26472e-14
15.5064
1.11031
21.1271
3.38323e-11
1.99565e-10
48.2933
27.8876
6.13758e-11
14.6744
7.9656e-19
2.7428e-16
24.4544
31.6794
22.1989
1.60331e-07
1.78534e-20
67.7189
1.02664e-17
48.0035
35.2481
4.68923e-14
3.06939e-07
62.2437
54.5769
11.4626
3.27428e-10
9.02543e-11
65.3396
34.1923
9.5573e-21
17.9739
1.25937e-15
46.1009
5.22669e-16
9.43687e-16
3.49878e-15
3.188e-11
6.53666e-15
72.8258
0.0562568
3.02377e-18
1.16531e-18
42.1504
43.8747
18.0383
59.37
1.13653e-09
41.6453
35.1757
48.2949
28.3999
1.84237e-11
19.9589
39.4946
42.6547
25.8587
8.96778
3.08637e-06
29.0197
6.76416e-13
2.40928e-21
60.3712
45.2939
1.51769e-10
32.0566
34.5454
57.7005
20.1645
5.3623e-09
1.29515e-07
36.6275
2.26151e-18
99.8206
2.67663e-05
1.83607e-08
3.12513e-19
55.257
19.8896
5.45578e-10
2.84342e-09
1.94999e-14
1.66929e-18
48.296
28.4035
4.12772e-15
1.00608e-15
1.05189e-19
18.6926
56.7447
17.1866
1.83324e-17
59.1616
25.9372
1.27264e-18
60.5929
44.7727
2.15011e-18
9.79012e-14
32.0248
28.8083
27.8831
70.0208
37.1826
1.57968e-11
9.87023e-15
2.61329e-17
33.2756
1.61427e-15
1.40861e-08
4.83734e-14
45.9346
44.1699
19.9351
51.3329
13.1474
48.2949
28.4024
2.8139e-11
40.9048
42.0772
2.19468e-13
1.33972e-16
4.40864e-13
7.88239e-14
5.94669e-16
1.01843e-10
6.52721e-19
4.74628e-19
44.9027
1.30056e-15
8.83175e-17
1.07895e-20
32.4104
21.3126
59.8632
9.8958
8.07484e-13
1.94107e-10
34.2153
31.0673
1.2847e-18
11.1751
5.93965e-13
1.68496e-17
2.16191e-16
3.96076e-14
4.31716e-18
VECTORS velocity float
-1.40993e-18 -8.35868e-20 0
6.01971e-18 -9.19714e-18 0
-25.0108 22.518 6.15957
-1.02039e-07 7.50664e-07 0
-7.45794e-10 -2.01033e-10 0
-7.59844 -24.7947 34.2917
17.3294 16.0296 0.782252
56.8513 -50.8531 2.62276
4.23373 -37.2459 -3.67627
2.9759 0.735312 14.5079
-3.55354e-09 -6.94716e-09 0
-0.784547 -61.9276 -1.09847
-12.2227 -28.976 48.3045
-7.35843e-18 -1.67301e-16 0
14.6875 6.8193 -5.44846
-2.05226e-19 -2.16646e-19 0
11.4627 15.2632 -4.62214
-0.0439839 0.170971 0
-37.345 -44.7511 60.8086
26.2222 -14.8955 52.4157
4.36557e-11 -7.5411e-12 0
18.8604 -8.97541 7.61596
2.68849 44.4801 -1.02799
-27.6517 -8.3866e-06 38.7529
-28.0845 -0.00405129 4.23701
8.58679 15.285 -0.834678
8.59631 -18.6218 0
-29.8856 -15.3895 2.18967
-30.9663 -16.966 9.09612
-39.2824 33.2463 56.8901
0.33266 27.3169 22.7723
-50.7642 23.0645 25.2797
-25.6219 -19.9411 2.2548
-4.27074e-08 2.94301e-07 0
-2.78938e-16 -2.69913e-16 0
7.14044 -54.1644 -6.15041
24.2166 4.2028 15.4909
10.1704 13.4416 15.5354
17.8442 -1.77811 -2.72999
5.21199e-13 4.45189e-12 0
7.66864 2.48929 1.50418
4.9307e-06 1.84716e-05 0
18.3718 41.6757 95.3572
-1.20484e-11 -3.47297e-12 0
-46.5036 -4.20868 10.7951
-1.27126e-21 1.12638e-21 0
3.75266e-09 6.04768e-09 0
-1.14146e-20 -3.03547e-20 0
-1.28972e-18 -1.74361e-18 0
-1.12502e-06 -1.82877e-06 0
-5.57173e-09 -6.89866e-10 0
18.3552 2.84875 14.1746
64.3782 -27.4885 1.63143
-24.8718 -22.3053 8.3936
-1.18988e-16 -1.40192e-16 0
-6.31135e-11 -1.81937e-11 0
-27.6222 4.30646e-06 38.7751
-28.0853 -0.00203376 4.24258
-0.00350517 -0.00636979 0
-10.6086 9.23242 5.93357
2.55767e-07 -9.39617e-08 0
7.13718 -1.19497 -5.92528
0.00133701 -0.00291635 0
9.6862 -18.5016 5.1737
26.0731 -17.1134 45.1927
0.88985 0.58536 13.3487
-0.0218222 0.00916758 0
-1.38488e-21 -2.38266e-20 0
-4.15451e-21 -3.21322e-21 0
-7.44596e-18 1.2015e-17 0
2.30713e-16 2.30214e-15 0
26.9903 30.7406 15.2048
-1.76245e-18 6.68682e-19 0
6.59236 33.416 -4.35718
32.2719 2.41576 -0.481983
-53.649 -3.34003 9.32417
2.66399 -9.25201 8.42316
-4.99532e-07 3.67988e-06 0
-12.9633 86.1266 18.9938
-1.99148e-07 1.4673e-06 0
23.5534 4.71858 -3.62792
-0.000758936 0.000507375 0
1.80408e-17 -6.62714e-17 0
-7.79242e-18 -2.52039e-17 0
-1.45539e-07 1.13859e-06 0
1.7021e-14 -9.56807e-14 0
14.8457 -64.299 7.5722
-1.84647e-17 4.11158e-17 0
-4.51421e-17 -5.72191e-16 0
-27.6517 1.20716e-05 38.7529
-28.079 -9.38761e-05 4.26117
-21.3869 6.8822 2.58927
-65.3363 14.1777 8.93959
-1.31362e-20 2.79224e-20 0
10.2699 -12.9919 8.49017
2.77058e-11 -9.59793e-13 0
1.29165e-07 1.51544e-07 0
-28.344 -4.03564 16.7167
9.70472 16.3736 5.97174
3.8155e-17 1.91864e-16 0
-7.83056 41.6464 42.997
-1.5414e-15 -5.19218e-16 0
19.4519 -15.1631 -1.40426
-8.12851e-19 7.79771e-19 0
15.4537 -24.8519 5.976
2.27557e-11 -2.11293e-11 0
-16.0464 46.2834 -1.89579
30.4804 -0.282486 65.7067
19.6385 2.97214 7.39768
15.5887 12.4116 35.98
-1.5243e-05 -4.39309e-06 0
9.68549e-19 1.86825e-18 0
-24.4133 -23.1653 6.03274
-4.15588e-06 -1.19792e-06 0
-13.379 31.1341 -2.75904
23.043 -35.4235 9.87883
13.6631 -11.1862 1.2272
2.95808 -17.6708 -3.11582
13.2658 65.0125 55.2018
2.0991e-18 -2.03411e-17 0
-6.60008e-16 2.38168e-15 0
1.35356e-21 -2.40907e-20 0
-1.13701e-17 -3.27984e-17 0
-7.93755e-08 -8.16005e-07 0
-2.83711e-20 -8.89767e-20 0
26.7749 -11.4105 45.3703
-2.68736e-17 -5.64274e-17 0
1.68488 -7.24553 18.0592
1.17501e-05 2.50081e-05 0
-8.87427e-16 1.15385e-17 0
8.41866 23.4739 6.37205
-6.48178e-13 -9.72518e-13 0
1.23891e-20 4.67117e-20 0
-0.000263634 -27.6333 38.7631
0.231863 -27.6799 3.39315
-6.04422 -9.65987 16.0352
16.3802 16.7582 16.6356
6.02231e-17 -7.16665e-17 0
-4.38254 15.0296 11.0351
22.4468 -32.4558 16.4428
-20.6187 1.98861 6.30136
4.57516 -57.6268 29.4878
21.7088 -5.7853 15.2364
-1.04684e-05 -8.07379e-05 19.6661
-3.94833e-05 -2.08105e-05 40.9588
-0.000170254 -0.000126613 20.4693
24.9672 12.4882 0.114951
3.23624 0.375671 5.70283
11.7421 11.3438 24.8562
-3.85939e-09 2.29129e-09 0
36.6899 34.2941 52.6826
2.01968e-12 3.40202e-12 0
9.01652 27.4214 63.1345
-1.9273e-07 1.47165e-06 0
-28.6916 18.5548 8.75001
2.80467 30.3856 15.5539
-1.76e-09 4.43525e-05 0
15.9855 0.863374 -0.816743
-7.05154e-20 -1.11619e-20 0
23.5891 -9.87611 18.323
-1.88799e-09 -4.23062e-08 0
1.52642e-17 1.80844e-17 0
-16.5218 -37.9786 0.933561
-27.2874 35.7801 14.0934
16.8768 -21.3083 29.0912
20.9575 -27.999 38.9079
3.25668 -24.2877 24.0615
-0.405769 -24.5475 -1.9207
3.92516 6.10126 -2.30645
-157.417 -52.3286 64.2226
0.00798463 0.00114351 0
9.40186 -72.2631 -5.39429
6.06235 -16.9439 0.0750659
3.92554e-15 1.02416e-14 0
-1.61828e-19 -2.60307e-20 0
-0.135291 -27.1679 21.3621
-5.41193e-06 1.19492e-05 19.6674
-3.66594e-05 -3.18624e-15 40.9813
-0.000732994 0.000114334 20.4889
-1.70573e-12 1.193e-13 0
6.47221 -7.96728 2.66202
6.65809 0.692425 15.2879
5.30309 1.80366 14.7756
9.11799 2.62503 70.4302
-8.69228e-13 -5.36971e-12 0
16.9171 2.80619 23.93
21.0409 0.496335 29.6508
6.9688 -43.7242 -4.23628
6.18813 13.4509 24.7356
-0.000684781 13.7891 18.2104
-2.27165 -10.0021 -1.07275
3.16506 3.85464 7.83071
-16.9368 12.3814 6.6814
10.2993 69.3581 -2.97787
-8.31567e-20 6.72971e-20 0
-6.73679e-21 2.05892e-20 0
-8.92998e-06 -2.57405e-06 0
-2.21629 -12.8321 6.13529
-2.7586 42.2525 3.67149
3.23236 -24.3645 24.2723
1.56063 -3.34269 14.8052
12.7417 32.9212 8.0546
1.17456e-10 -6.61309e-10 0
23.8927 5.0359 44.224
-20.0312 -13.4786 45.5066
15.2254 -23.7843 5.11769
3.64848e-20 5.4658e-20 0
20.8835 48.0413 23.8329
-1.03583e-06 -1.05901e-05 0
-3.49646e-05 4.11752e-05 19.6663
-3.94833e-05 2.08105e-05 40.9588
-0.00116903 0.000121304 20.4696
-8.65842 -21.0286 32.393
5.74225e-10 6.10868e-10 0
8.95399 -18.8891 19.2455
4.30759e-05 -2.81913e-05 0
10.3188 -26.8102 4.54241
7.22769 -4.58642 5.94742
18.9597 -19.1698 -1.81843
-2.80505e-20 -1.46624e-19 0
-1.05584e-19 8.77016e-20 0
-0.000188544 32.082 36.0969
-0.000233834 27.8906 2.33076
12.1998 13.872 -4.2979
-2.47919 -8.39548 8.81549
11.1456 26.7136 19.0319
-6.75979e-13 -2.77546e-12 0
13.8766 21.1875 26.4326
20.5823 30.1661 2.50249
1.75342e-18 8.64287e-20 0
44.8214 57.935 27.438
-3.99334e-21 5.89071e-20 0
-13.5948 -83.1977 86.664
-2.93715e-18 1.04152e-17 0
17.0391 -31.2064 31.3881
17.4929 -9.9847 40.6269
2.76432e-11 7.41812e-11 0
55.1725 -4.48984 51.4027
55.8206 19.4848 29.3873
8.86115e-20 -1.1936e-19 0
3.12667e-13 -5.37539e-12 0
-1.97015e-07 1.45159e-06 0
-9.90543 -19.4284 8.82224
1.01747e-19 -3.9066e-18 0
-101.981 60.3796 1.30435
-4.01798e-18 -1.06435e-17 0
25.7161 17.8942 6.16827
-1.22299e-19 3.02442e-21 0
-1.77827e-13 -1.00684e-13 0
-49.7267 -1.01998 11.6546
3.76138e-13 -1.43498e-13 0
2.97981e-18 -1.672e-17 0
0.000367764 0.000650503 0
-4.12517e-05 6.313e-05 0
-3.44315e-13 -7.72539e-12 0
3.47475e-19 2.73615e-18 0
-7.32118e-18 6.40842e-18 0
6.4184 23.0362 8.49173
1.38977e-08 3.07262e-09 0
-1.37267e-09 -2.44702e-09 0
2.17236 28.8635 -4.06397
6.67779 -7.46299 12.8063
5.01957e-10 -1.67664e-10 0
-31.3781 1.88096 1.46217
-21.6194 -2.38783 31.4807
27.6644 3.09355 16.6427
4.43985e-05 -1.76189e-09 0
10.7193 -45.3869 49.0096
-3.14001e-19 -2.10167e-19 0
7.46581 -20.1965 49.2049
-26.4263 -15.8178 85.2258
-43.2826 46.08 -1.16963
12.3006 8.177 -5.69271
44.694 9.44439 -2.09508
20.855 32.906 37.3769
10.9498 -11.4356 -1.33763
-36.6008 -175.366 75.388
7.07788e-18 -1.07739e-17 0
-5.07778e-19 -3.111e-19 0
-4.70726e-20 -1.68829e-20 0
-5.84265e-16 -8.84367e-16 0
19.8134 33.4099 22.8916
-1.73959e-13 -2.61006e-13 0
-1.86727e-18 -2.38041e-18 0
-5.1907 -0.863741 32.2941
-1.69716e-16 3.53711e-16 0
26.8634 -26.4394 13.9777
41.9613 -55.3419 33.589
13.6675 17.6944 14.5663
-4.28738e-09 3.44217e-09 0
9.30831e-15 1.84136e-14 0
15.3036 28.0382 5.2955
37.6028 12.4598 7.57149
-1.00466e-06 -2.89602e-07 0
21.8615 30.9247 47.8534
9.20009e-16 -2.19176e-14 0
41.8952 9.86691 -2.84848
-42.9061 3.07784 6.26803
26.6954 3.02631 16.869
4.44115e-05 -4.20504e-10 0
18.8206 21.5886 14.1612
4.22668e-07 5.57975e-08 0
-35.2044 -8.41048 5.71699
-3.20297e-08 -7.17533e-07 0
2.11696 -9.18227 0
4.78226 -4.77303 -5.2169
-25.6331 16.9277 11.8391
-6.25611 -0.120704 13.0798
7.43521e-15 1.49638e-14 0
73.637 24.4888 21.3407
-80.1622 -15.255 36.8697
0.49225 6.85754 19.8911
4.8291e-10 9.69139e-10 0
-9.54894 -16.0352 13.3822
1.93583e-18 1.11787e-17 0
3.24945 -1.73213 -1.95877
6.25404 5.37288 7.56955
-32.203 -33.9087 9.98497
2.01708e-15 -6.42805e-16 0
7.69843 -1.97313 21.4179
-2.40123 135.258 11.8811
2.94705e-17 -2.75749e-17 0
-9.41981e-21 -8.45324e-21 0
-6.93456e-18 2.42991e-17 0
13.0674 -18.3798 15.8731
41.5638 -51.8475 29.7205
-2.44367e-06 -7.04384e-07 0
17.594 -20.4243 63.4078
-1.29106 -42.7281 1.40961
-28.1715 12.6908 33.4742
-41.7202 1.56029 4.24187
27.8244 -1.10719 16.9935
4.43965e-05 1.9534e-09 0
87.9487 -179.783 241.814
27.433 25.918 88.9129
8.58098 22.3273 22.4932
3.09769 -19.1647 8.33064
1.34265e-17 3.7057e-18 0
2.97692e-16 -7.03854e-15 0
-1.8813e-13 -6.04408e-14 0
32.4444 -6.09631 20.1506
-7.13098e-12 5.25415e-11 0
-1.01679e-08 -2.27782e-07 0
-1.08521e-19 1.64707e-19 0
63.9275 92.6133 8.54862
31.2027 -18.8163 4.13663
-2.11202e-07 1.55353e-06 0
-93.6666 9.86926 41.2575
8.02708e-10 6.65837e-10 0
-1.22614e-17 4.46941e-18 0
7.15582 -40.2912 4.96518
0.00753915 -0.00227526 0
8.35745e-16 -2.34455e-15 0
16.6136 26.3421 1.53023
-6.43707 -20.6087 23.7879
-0.000224764 -4.06635e-05 0
-4.85748e-16 -1.18316e-15 0
-7.82171e-10 4.78475e-10 0
-69.5827 15.5991 -1.5766
12.0282 3.59659 -2.38218
5.58181e-10 1.14228e-09 0
-31.4282 82.7986 -2.09611
26.5532 2.55564 -5.93037
-7.19251e-17 7.01122e-16 0
-1.49251e-10 7.95543e-11 0
27.6233 -2.52084 13.6625
8.1605e-11 1.37455e-10 0
-1.27312e-05 -3.66901e-06 0
-1.53496e-20 -1.62371e-20 0
1.37388e-10 2.31415e-10 0
-1.10049e-17 -1.10841e-17 0
2.36084e-05 2.08521e-05 0
-5.93993e-20 -7.8232e-20 0
31.4104 43.18 43.3874
-6.09086e-17 -1.1612e-15 0
-1.2157e-19 -1.00347e-19 0
25.3841 41.9887 22.5317
0.35989 27.7337 26.1809
-0.000419939 8.27809e-05 0
-37.5836 -25.7201 -1.80711
-1.63165e-19 -8.70176e-20 0
19.2063 5.0835 13.3233
9.17731 2.90675 29.994
13.6173 -5.22628 -0.684624
3.22336e-19 1.23214e-19 0
3.63362e-18 -1.76611e-19 0
-2.75878 7.04837 32.7305
-29.264 -0.984651 -1.26654
5.42454 3.97895 -2.20791
-1.87837e-10 -5.41448e-11 0
-42.4327 9.12673 -6.89142
-42.6443 23.6883 12.1021
16.8947 16.5822 15.4649
6.44171 -4.21456 0
-9.47744 -77.0042 -4.87869
19.9173 12.5989 -3.98501
-1.88111e-12 -4.21408e-11 0
-2.61331e-15 3.5653e-15 0
23.6523 -6.84336 16.4586
-9.89444e-13 -2.21555e-11 0
3.94196e-13 6.31595e-13 0
109.588 -35.2077 22.6064
-5.43411e-20 -1.52979e-19 0
-2.05903e-05 -5.93137e-06 0
-3.21595e-18 -1.40655e-18 0
-1.00347e-16 -8.87773e-16 0
-4.32774 6.65837 38.0754
-1.98654e-11 -5.07862e-12 0
8.68462 5.06024 42.1099
43.5597 -14.274 1.85369
-3.20681e-09 -1.41424e-08 0
1.57803e-20 3.44482e-19 0
-3.76945e-11 -2.95971e-12 0
-3.32426e-15 -1.11512e-15 0
2.65388e-18 9.94611e-19 0
4.14392 -29.3595 27.2317
16.9043 -33.6055 29.9772
6.97627 -2.01032 4.45117
38.3188 10.8401 8.7915
-11.8802 5.32123 29.2478
-23.9992 -0.256583 7.85322
0.000132619 -0.000160282 0
4.96223 -6.34215 4.23094
-5.79823e-13 5.19225e-14 0
-6.65174e-18 5.36198e-19 0
-20.6745 -32.6971 4.64687
-40.5085 26.5563 5.30658
-52.3451 15.9506 21.7449
-1.83362e-15 6.63231e-15 0
-1.26224e-07 9.08146e-07 0
-3.4689e-21 8.31371e-21 0
7.63098e-20 -8.74341e-19 0
81.8713 4.55024 175.985
-1.1342e-15 -3.272e-16 0
84.9431 -52.4543 24.8817
-2.10834e-16 3.92604e-16 0
-56.6062 14.1002 10.1867
11.9437 12.7747 37.8484
-131.985 95.0936 62.1771
-1.24515e-16 -3.06802e-17 0
-3.6879e-14 2.64924e-14 0
6.03226 -69.3055 17.9695
26.229 2.70401 16.7591
-15.0336 -44.5912 -6.20517
-7.82487e-09 -2.55108e-09 0
-1.64698e-08 2.0432e-08 0
3.7552e-21 -1.02211e-19 0
2.05227e-06 3.77717e-05 0
6.60181e-14 -1.83708e-14 0
14.9236 -2.57047 20.0997
-1.78038e-17 -2.33412e-17 0
5.06914e-06 1.90244e-05 0
-6.23444 -1.51429 32.8269
-29.3958 0.353874 1.85612
-1.4158e-08 -3.1717e-07 0
25.4886 -12.1531 28.7204
32.9033 -38.2495 4.60036
-21.6081 23.9574 -5.26315
3.07721e-15 1.14199e-15 0
5.98274 -21.8434 -2.50405
-2.82618e-18 6.51846e-18 0
-1.44874e-05 -4.17605e-06 0
-5.5397e-19 4.76396e-18 0
-2.75378e-19 2.66025e-19 0
-56.8674 88.33 5.26754
-0.00383577 -0.00636196 0
-1.10821 -16.1256 5.76747
10.7701 26.0126 1.76366
2.32086e-16 2.46796e-16 0
-2.57704e-17 -4.51568e-17 0
30.5681 46.703 49.4949
-18.0712 -5.76927 42.2395
-25.4741 -11.625 -3.09885
-9.49244e-09 -2.12651e-07 0
-4.79521e-07 3.51235e-06 0
38.7736 -10.2059 9.65703
-1.88983e-18 1.26331e-17 0
-4.81031e-07 4.21628e-06 0
6.83011 17.9771 5.31076
10.586 -17.2592 16.8105
-3.25439e-20 6.77054e-20 0
4.00924 -23.3211 3.8839
-4.89077e-17 3.03158e-17 0
-4.55386 46.3289 9.18575
2.43196e-23 -2.42505e-20 0
8.67054e-18 -4.89205e-17 0
-1.77719e-11 -1.26886e-10 0
3.41395e-20 -1.01928e-18 0
-0.1934 5.79848 -3.42599
18.0345 22.7511 1.73391
73.8961 8.69736 46.1971
4.0593 17.1298 6.24907
1.1313 -3.45996 13.081
-1.5314e-12 1.12832e-11 0
18.4444 -0.708976 -3.72464
-5.43247e-16 -7.01395e-16 0
-8.21149e-06 -22.8733 41.9584
0.226662 -27.9263 2.98605
1.46889e-14 -4.95124e-15 0
1.06822e-11 1.79904e-12 0
-3.31777e-12 1.20203e-11 0
19.7386 -43.2122 58.2531
-45.6546 -19.9271 36.5883
-3.18433 7.87411 21.2756
-1.65768e-13 -2.26664e-12 0
1.81325e-16 1.93512e-15 0
-1.32605e-05 -0.000104535 19.667
-3.33884e-06 -1.46814e-05 41.0614
-3.69888e-05 -0.000160282 20.5589
-5.8872e-15 -7.81961e-15 0
-11.9667 -13.8221 2.84177
2.18374 2.76383 0.511217
4.57208 1.71697 -1.77975
-8.79182 17.1268 33.9376
4.78926e-19 3.22633e-19 0
4.30096 -5.11875 8.05928
2.55594e-17 2.04078e-17 0
3.02768 -43.0285 6.64296
3.08323 25.8896 17.1603
-6.44911e-10 2.88952e-05 0
5.54326e-11 2.14875e-10 0
3.61333 3.7205 -5.45645
-1.5993e-13 7.03526e-13 0
6.58845e-16 -1.56792e-14 0
-0.482519 31.5725 6.53012
19.8688 -1.46905 13.9428
8.13977 6.87587 0.739402
-1.81843e-08 -4.07367e-07 0
8.45157 20.3106 17.9464
3.54966 -19.1878 25.0663
-0.45323 -24.5388 -1.73332
-0.00486314 0.0122695 0
11.5437 31.2816 -2.82733
3.59555e-19 -1.87889e-18 0
-10.1045 11.2714 18.4617
-1.01595e-06 5.82143e-07 0
26.6498 -44.6905 18.2974
23.7742 -45.2239 21.2779
2.22873e-05 8.31284e-05 0
5.81866e-05 1.68215e-05 19.6729
-3.08109e-06 6.16187e-10 41.0805
-8.23233e-05 1.12328e-05 20.5759
13.3567 -14.3096 22.0146
-13.0699 -5.60791 -0.618262
26.7049 11.2382 14.4894
7.21693 3.65341 2.73658
3.07236 -2.48925 11.7858
5.26539 7.20175 26.6148
22.1044 9.26086 57.7348
6.56167 0.629449 11.8599
-2.93586e-05 8.3003e-06 0
3.3515 21.6951 19.8762
-1.60283 12.3594 18.8257
9.86076 -12.0416 18.5609
-5.93659e-20 3.75236e-19 0
2.60424e-15 2.67521e-14 0
-3.57495e-17 7.69181e-16 0
9.87356 9.50316 -1.7037
-1.33249e-16 -2.11984e-16 0
0.212889 1.78226 0
4.45828 1.54765 1.1002
1.47879 43.192 -3.43206
3.49804 -19.3129 25.389
1.78393 -3.10164 15.2435
4.44782e-07 -2.00854e-06 0
4.65521 14.2484 11.3596
-5.1635e-20 -1.68927e-20 0
0.00173034 -0.00437934 0
-3.07105e-17 4.6612e-14 0
9.06208 65.4155 82.4196
3.55217 -29.2466 -0.351853
-4.4319e-17 -3.39111e-16 0
2.77747e-05 2.92603e-05 19.6672
-3.32631e-06 1.4685e-05 41.0614
-0.000367251 7.9211e-05 20.5592
-20.4582 0.279643 5.75777
4.6649 -7.3542 1.92102
-2.4749e-17 -1.25224e-17 0
3.20711 -12.1326 29.7796
26.5653 -36.4858 -4.62893
-1.05616e-08 -3.81737e-08 0
-4.43666 -9.00951 8.42063
-20.2533 -16.054 17.5142
-1.08122e-19 2.24738e-20 0
-1.23422e-05 27.7724 39.7333
-0.228655 27.9238 2.99217
-3.25907e-18 -1.48107e-16 0
-1.32426e-10 5.14075e-11 0
6.79194 -2.14599 12.3056
-25.5877 38.6203 52.7522
-1.52986e-18 -1.78965e-17 0
-6.38862e-14 -2.8211e-14 0
0.158616 -6.20942 2.62374
2.67205 32.437 11.6056
-2.51315e-19 5.12068e-18 0
-6.2845e-19 -2.05968e-19 0
22.5256 -0.394799 13.9729
-19.8271 50.9077 -3.02768
3.43688e-15 3.9599e-15 0
-18.4016 -33.0417 10.8732
-2.3949e-17 8.47808e-17 0
-1.31015 -10.3638 54.112
-29.633 -26.7066 -1.49278
2.15967e-08 -5.34999e-08 0
-2.98264e-10 -8.59314e-11 0
-50.2956 12.6412 -5.71031
-9.1043e-22 -2.3856e-21 0
-2.1911e-15 -1.04906e-15 0
-2.06255e-12 -7.76597e-12 0
1.8198e-15 -1.38555e-15 0
5.93474e-17 -1.73213e-16 0
-36.9746 -19.5376 -4.55004
8.49421 -22.6035 20.2533
62.937 69.852 0.536537
1.38366e-14 -1.12771e-14 0
-15.0298 -37.2639 46.9061
5.17931e-20 -6.24395e-20 0
6.49706e-19 -4.94636e-19 0
8.72751e-21 1.38442e-19 0
3.2886e-21 -8.2605e-21 0
3.81117e-06 -7.0365e-06 0
7.62789e-18 -9.05171e-18 0
1.91519e-12 1.58862e-12 0
20.4449 4.02455 5.49075
7.26661 -2.24087 2.39176
14.1528 31.0986 9.6775
3.4282e-06 1.27867e-05 0
-43.873 7.09013 -4.17654
26.7863 3.15608 16.9594
4.44183e-05 -3.47622e-09 0
1.93692e-16 -3.48284e-16 0
1.37125e-17 -3.26386e-17 0
35.5457 -4.40304 2.53012
-19.8722 -5.71087 0.88142
23.881 -15.1252 2.41234
16.1136 -17.2192 5.25255
-2.9753e-17 2.89726e-17 0
-4.09169e-20 -1.19927e-19 0
48.9089 6.63824 -4.48215
2.30477e-21 1.20317e-20 0
-6.87828e-18 -8.13573e-18 0
10.4731 50.6013 67.0223
-2.27989e-12 -2.68585e-12 0
-48.0463 5.73545 11.9983
-61.9579 40.0273 48.1245
-2.94678e-05 1.05065e-05 0
-1.84488e-06 -5.2849e-07 0
-4.94368e-18 -2.00179e-18 0
1.87272e-16 3.64483e-16 0
-1.11213e-18 -1.57194e-18 0
79.8237 -3.31557 2.48724
13.394 18.2182 14.4796
-2.77238e-19 6.9929e-21 0
-4.14759e-16 -1.35472e-16 0
-35.5333 9.09084 29.3386
-5.83965 32.7434 32.0583
21.0978 18.8144 -1.6907
-1.57213e-16 -1.06127e-15 0
-1.11067e-08 -2.48814e-07 0
11.547 -9.38091 19.7452
-1.61331e-08 2.00142e-08 0
25.8377 3.08989 17.184
2.88953e-05 1.20712e-12 0
1.90952e-15 -1.24224e-15 0
9.31663 27.6108 13.7178
19.3006 78.5537 72.4137
7.65179 -5.55353 14.1268
26.1934 -1.36958 6.20525
8.46841 -5.09881 6.67489
-4.26972 -33.7914 8.57647
8.94631 32.8244 -5.20325
-8.69632e-19 1.94017e-19 0
-22.0463 -33.2079 60.8505
-74.2793 13.5156 46.9592
-32.3852 -45.7512 9.65692
-3.40941 -2.01784 1.6477
15.9482 -27.3576 8.48255
-9.16304e-16 1.8626e-15 0
7.29554 -5.85684 -3.50744
-3.27911e-07 2.38956e-06 0
-1.59663e-14 -2.11838e-14 0
16.8241 17.7435 36.3751
-2.29464e-18 -2.4642e-18 0
47.1766 16.81 61.497
1.8579e-17 -1.8676e-17 0
1.03769e-20 -1.3075e-19 0
-1.44215e-20 8.57469e-21 0
1.52449 -2.31069 0
26.9917 -30.7943 55.9752
-4.20611e-16 -1.24108e-15 0
9.24819 -37.0203 -4.47603
7.21159e-11 -2.03676e-10 0
1.61205e-16 -9.34265e-17 0
-80.7251 28.6182 3.43938
26.9103 -1.10818 17.3458
4.44123e-05 3.57675e-09 0
1.86544e-10 -5.1915e-11 0
-61.7702 26.2909 7.33851
37.1388 -14.4151 -1.90593
0.135271 -0.0633609 0
1.07429e-09 2.05828e-09 0
-21.6406 15.5385 22.3563
14.4774 -3.99052 0
20.4063 0.763627 14.6597
-2.38127e-07 1.75197e-06 0
6.54778e-07 5.30113e-07 0
2.78451e-18 9.2979e-19 0
-7.04525 -38.3581 -1.90002
8.23341e-05 6.82952e-05 0
-46.3696 -28.2004 18.2689
6.50295e-05 4.31789e-05 0
1.63768e-12 5.66387e-13 0
-16.8755 -1.43246 16.9899
7.62635 -37.6984 0.284081
8.57791 -23.4916 8.55412
-1.26549e-15 7.98402e-16 0
-2.38296e-19 2.37724e-19 0
-16.2333 6.84803 9.36204
-2.05116e-08 -3.63846e-09 0
-1.0522e-09 -1.60228e-09 0
-7.53061e-18 7.69597e-18 0
-18.0605 29.8326 17.9293
-16.073 -21.2194 3.3581
0.693008 -12.4415 3.7874
8.64019e-12 1.63579e-11 0
-3.23681e-20 -1.64963e-20 0
-6.66944e-10 -1.4941e-08 0
22.4668 5.96425 20.3434
-27.7202 7.46765 3.42953
-1.07222e-15 -3.61577e-16 0
1.12359e-14 3.46975e-15 0
-79.8614 -51.2844 0.374286
-1.26665e-18 -1.49787e-18 0
1.38393 0.158933 12.3656
-2.31247e-05 -6.6613e-06 0
20.2533 -15.5904 11.2214
-11.4845 24.1072 3.42211
-36.1282 -31.472 -4.69853
-1.21502e-19 -1.0009e-19 0
7.8912 49.2158 10.1508
0.813853 28.2874 26.0114
23.5203 -17.8452 10.5894
9.10406e-19 -2.26356e-19 0
-15.5735 2.99909 31.6458
1.3839e-15 -3.30188e-14 0
1.80028e-13 3.9265e-13 0
5.77214 25.8381 20.7312
39.5333 -29.0263 -0.148953
1.52453e-18 7.15843e-20 0
-20.1988 3.54384 25.0319
-27.0164 -0.947168 -3.9647
0.162564 0.131613 0
1.09806e-13 3.9773e-14 0
3.20878 -2.54734 3.28989
-31.6446 11.1588 -1.55043
-4.34972 -7.70875 -0.897968
-8.5957e-16 -4.02007e-18 0
-15.4127 4.46069 -1.74601
16.212 -66.779 38.2321
-5.77189e-13 -1.293e-11 0
4.99121e-11 1.10506e-10 0
-0.0590066 -0.0755512 0
1.43241e-20 -1.31987e-20 0
-4.00046e-15 -9.76215e-14 0
-5.98818e-17 -6.62296e-16 0
4.84664 2.50217 3.44964
-4.51169e-18 -1.73122e-18 0
-2.53133e-20 -1.74444e-20 0
-8.63431e-19 -1.21643e-19 0
-4.45202e-19 -1.363e-20 0
-3.98552e-10 -1.14827e-10 0
14.5888 10.8555 39.6797
-4.75277 11.964 19.3896
2.2302e-19 -8.34982e-20 0
-2.57884e-13 -3.92703e-13 0
44.1907 62.6632 26.6329
-72.6028 -15.6738 16.419
-30.5642 46.7846 5.01135
21.9667 -0.526192 0.0816992
-5.81429 30.1527 5.08303
-6.03367e-20 5.04352e-20 0
1.45375e-09 -3.21923e-09 0
-19.2519 3.50323 25.4012
-12.2912 -0.278359 14.0538
5.60388 -5.88441 -0.170864
0.418226 -5.78029 1.0937
-1.419e-16 -7.61178e-18 0
-14.2263 -2.92085 8.152
-17.1593 -10.5527 5.30423
7.53161e-16 7.45486e-16 0
-14.2495 -16.6389 -3.82782
15.7777 -11.2614 0.945251
-5.30959e-11 3.90981e-10 0
7.61604e-16 6.92232e-16 0
10.2785 -15.6514 21.3358
26.7076 -44.6763 -5.4887
-3.73186e-15 -9.07721e-14 0
-10.8062 -6.10216 27.2962
-1.95015e-14 1.79109e-14 0
-27.9204 22.89 3.54278
-4.44519e-11 -1.28038e-11 0
69.5165 -64.0081 40.2326
-8.44933e-16 -2.60688e-15 0
4.2907 -14.8175 21.1211
25.6888 -69.8053 10.9447
-4.15334e-17 4.44384e-18 0
-36.7119 55.2137 70.5389
-2.97802e-20 -2.0923e-20 0
-4.24896 -61.008 30.6557
12.0331 -21.1872 13.05
-4.1481e-07 3.05618e-06 0
1.8323 -19.4663 3.3704
-94.6991 -26.7946 12.425
-1.02868 0.652185 34.3922
8.49534e-07 1.52345e-06 0
-20.1263 -0.881937 26.3072
-25.0417 0.215812 3.38751
0.0016664 -0.0020419 0
-35.0551 -0.819217 18.6282
-16.0226 -22.8977 6.48808
9.80962 0.844683 16.3334
-20.6987 -11.0475 11.2917
-2.2656e-11 1.802e-10 0
-3.33769e-06 7.27279e-06 0
2.82421e-06 1.06737e-05 0
5.62711e-06 2.09884e-05 0
-4.2361e-19 4.08295e-19 0
-4.96192e-21 -3.02029e-20 0
5.72666e-09 9.25936e-09 0
61.2553 52.262 -4.64808
-3.89337e-17 7.92049e-17 0
-5.09965 9.51759 52.6567
-60.2456 -23.9188 4.11346
20.8328 -49.936 33.4481
-4.74254e-16 -1.35322e-16 0
-6.12024 -3.35755 34.3361
-3.93099e-06 -1.12911e-06 0
-35.854 -40.3695 3.80995
8.63599e-14 -1.97911e-13 0
-6.99974e-09 4.52572e-08 0
2.72899e-07 -7.41017e-07 0
13.8549 9.70263 1.94549
-1.7779e-11 -5.14434e-12 0
-7.08905e-20 -1.54066e-20 0
-1.84083e-19 -1.74631e-20 0
-2.90896e-18 -4.58106e-18 0
-2.66946e-08 -4.79188e-09 0
-1.11726e-23 -1.40645e-20 0
7.44943e-18 -4.20335e-17 0
-5.99932e-11 -4.69807e-10 0
5.95435e-20 -1.10952e-18 0
-0.401271 5.63573 -3.14188
-5.80176e-21 -1.34772e-19 0
27.0524 -36.7702 29.8382
-2.31039 17.4996 32.9417
-8.74358e-13 8.73432e-12 0
-11.6238 33.2019 19.6663
3.22182 -5.42822 -2.54839
1.4155e-17 9.60194e-18 0
5.55175e-06 -22.8628 41.9646
0.226876 -27.9265 2.9834
-102.027 59 15.2985
60.9523 -167.677 88.7197
-1.24229e-13 2.67235e-12 0
-2.4816e-09 7.42364e-07 0
1.59742e-14 1.60078e-14 0
23.7576 6.69474 -0.456609
37.4873 10.8515 0.24241
-4.96822e-07 3.65133e-06 0
-7.93073e-06 -9.65598e-06 19.6674
2.99146e-08 -1.4593e-05 41.0622
-8.72141e-07 -4.35726e-05 20.5594
-21.457 15.5992 26.6982
8.22338 -17.7043 0.629625
-2.8615e-10 5.81656e-10 0
4.71519 27.0542 26.5225
-48.5872 31.7877 60.0664
5.54209 20.725 15.818
9.77956 4.44012 -0.790419
17.7091 7.67083 20.3445
3.13816 -42.8952 6.39639
3.08432 25.8776 17.169
-7.26499e-10 2.88958e-05 0
0.69738 -15.0396 5.54292
5.41881e-06 1.10892e-05 0
-1.28318e-19 -4.51403e-20 0
7.14998 0.816586 -5.02938
-0.355085 -0.170724 15.3511
30.0283 29.5234 30.3701
74.364 -92.9842 29.0551
-8.35054e-17 -2.46765e-16 0
8.7321 19.9249 19.1105
3.55206 -19.1709 25.0712
-0.452884 -24.5386 -1.73331
8.24568 -42.3166 23.9893
-2.31138e-09 1.70207e-08 0
-3.47439e-19 4.21492e-19 0
-37.6863 -18.1752 3.98658
8.2744 -46.9152 10.7011
-2.75477e-19 -1.14182e-18 0
-0.151099 -39.2873 15.2576
21.4303 14.6106 16.176
6.26082e-05 1.80107e-05 19.6737
7.01563e-08 1.32565e-08 41.0814
5.28931e-05 1.52027e-05 20.5766
-4.05515 -5.55339 16.51
-7.86952e-09 -1.18073e-08 0
46.8991 -41.4694 28.8489
3.5756 -0.355968 0.747917
5.38365 -0.117711 12.4114
1.51946e-13 1.15067e-13 0
-13.1016 15.4689 34.6193
6.98538 18.4413 -4.51686
-3.79369e-08 -8.49866e-07 0
3.35426 21.6789 19.8833
-1.55892 12.4534 18.805
5.70549e-05 -1.58783e-05 0
26.2363 0.625825 21.6864
7.87551e-21 1.8558e-20 0
-1.03816e-18 8.07905e-19 0
-25.115 -37.708 8.75724
-1.5169e-18 -3.96596e-18 0
-9.66169 48.759 53.8396
-9.17335 28.7236 48.4234
3.38454 43.0804 -2.59197
3.49931 -19.2977 25.3964
1.78722 -3.1054 15.2469
-2.14981e-08 1.68959e-08 0
4.61497 15.1209 6.05755
3.66255 25.8976 12.8147
9.90561 15.6237 20.0295
-9.63706e-20 2.43008e-20 0
-11.784 -41.9354 -1.11317
-3.6022 -24.8416 6.26515
-5.55297e-08 -3.60389e-08 0
5.50891e-05 1.59402e-05 19.6677
3.12523e-05 2.3584e-05 41.0623
-2.28504e-05 4.92287e-05 20.5596
6.89021 6.38954 -1.81926
-5.86755e-16 -9.34481e-16 0
5.92389 22.9706 2.29091
-23.4221 -29.6438 17.068
-9.32426 -20.2315 52.7995
-4.55866 -14.0059 15.968
-2.82279 15.6018 30.2055
10.6025 10.8487 -4.22969
-1.94719e-09 1.25087e-08 0
7.14822e-06 27.7627 39.7405
-0.22662 27.9263 2.98335
-1.14766e-18 -1.61244e-16 0
-8.0008 16.512 13.8116
-5.63519e-20 4.58524e-20 0
-1.54824e-08 -1.07822e-06 0
4.58333 12.7222 -2.31132
-6.72993e-10 -1.8416e-09 0
5.09085 11.2574 -3.90723
1.38683e-16 5.7481e-17 0
-2.30843e-19 2.81012e-18 0
-61.2369 -28.4309 30.6066
-0.492717 -33.9952 -0.255933
31.0675 35.7652 64.767
-8.10582e-18 -6.61966e-17 0
19.1366 -0.472229 14.9205
7.23884 51.0335 13.344
-17.7623 -29.3403 41.8667
3.96043e-12 -1.7884e-11 0
1.15148e-20 2.02553e-19 0
1.3605e-18 3.4077e-19 0
-5.37099e-08 3.95733e-07 0
-1.07833e-17 -7.0335e-19 0
1.57795e-17 3.22527e-18 0
3.67292e-17 -5.11742e-17 0
4.06469e-17 -3.01934e-17 0
2.37775e-19 -1.4734e-19 0
8.91706 31.4158 2.50293
-2.53986 2.662 3.04703
-10.9177 4.7234 -5.38805
11.8714 -8.65248 5.94603
0.564702 0.498773 0
2.55733e-17 -2.33209e-17 0
7.78011e-19 -5.93337e-19 0
4.36294e-18 5.39616e-18 0
1.38634e-20 -3.6036e-20 0
4.97482e-21 -3.36309e-19 0
6.80715 32.2915 11.3298
-1.69167e-18 6.3574e-18 0
12.5745 29.4407 5.38272
7.60259 -3.50371 1.13563
9.55344e-15 7.26694e-14 0
0.00248582 0.00517538 0
-8.37801e-09 -3.46043e-09 0
26.786 3.15754 16.9603
4.44172e-05 -2.24788e-09 0
9.11204e-19 7.94281e-19 0
1.63352e-08 1.35498e-08 0
-6.87275e-16 -3.36277e-15 0
-23.8572 -5.48415 16.2063
-7.93146 -27.118 2.77868
-22.5358 14.9574 14.9302
42.6085 -28.7452 20.8691
2.84527e-05 0.000106124 0
-2.4712e-05 4.81644e-06 0
3.91231e-16 8.90051e-16 0
-7.00562e-21 -5.24636e-20 0
-17.1743 27.7676 27.3803
-11.0104 17.4463 35.0625
-4.8627e-07 3.57994e-06 0
-3.24385e-12 8.45414e-12 0
32.6203 -50.3199 -4.38162
4.47898e-07 1.13689e-06 0
-1.14041e-19 -1.38795e-18 0
4.2611e-16 6.14868e-18 0
1.1827e-05 -1.02136e-05 0
82.1158 2.69264 -0.282079
13.3784 18.2251 14.4807
-48.2346 34.3809 3.6594
-9.06783e-21 1.56635e-20 0
43.878 -30.5923 -3.84744
7.68555 31.4587 22.2389
-8.53111e-13 -1.95018e-11 0
28.4972 -19.0181 -2.8013
27.8667 -25.1502 16.9083
-57.2042 15.2737 13.2068
-1.40271e-15 -1.3809e-16 0
25.8404 3.09012 17.184
2.88947e-05 3.65092e-10 0
-6.92865e-16 -2.12875e-15 0
-23.2863 8.85917 21.529
4.12712e-14 -3.60168e-15 0
5.94835e-10 1.2172e-09 0
12.6236 11.0162 -2.11173
-1.99266e-10 -5.74385e-11 0
-8.8552e-11 -1.09641e-11 0
-1.41231e-15 -1.70892e-15 0
26.3351 47.4494 58.8098
-41.4367 -66.4392 41.4274
-74.2965 13.7236 46.8764
5.39291 -49.8302 18.4496
-5.50712 -8.39487 0.567984
18.7254 4.10454 -3.6199
-10.6675 2.99369 12.8112
-8.17584e-11 6.02137e-10 0
23.5956 -12.9592 -3.66469
1.4423e-05 5.38041e-05 0
-6.93216e-11 5.10437e-10 0
1.96075e-11 3.72753e-11 0
47.7453 13.6027 59.5853
5.88404e-16 -6.31468e-16 0
-5.68153e-18 -7.48922e-18 0
2.82635e-18 2.83131e-18 0
25.6841 -39.9047 30.5031
-28.7938 37.3069 -4.20775
17.321 38.1985 0.480146
-2.87676e-11 1.11673e-11 0
2.75639e-17 3.46351e-17 0
-5.21232 15.2808 9.33215
-2.25277e-08 -4.02208e-09 0
26.9098 -1.10912 17.3466
2.88804e-05 2.17438e-09 0
36.6632 19.8621 10.4803
-0.577182 -16.704 10.2253
18.4707 -7.80038 28.1928
6.23183e-20 -7.22181e-21 0
45.8888 -13.2042 15.132
5.13731e-16 -4.42479e-17 0
-8.9859 -38.0013 13.7392
-1.58126e-19 -2.38468e-21 0
-3.4491e-07 2.53765e-06 0
1.02265e-06 8.27943e-07 0
2.78306e-18 9.16649e-19 0
-6.98859 -38.4178 -1.7014
3.9886e-14 -6.09543e-14 0
15.9662 -2.15138 3.08633
1.57849e-12 2.36704e-12 0
12.9561 -1.53413 -2.42316
-6.71711e-18 -1.33344e-19 0
1.33966e-05 4.99783e-05 0
-2.45786e-07 1.79218e-06 0
16.8748 92.195 64.2962
-1.9042e-18 9.86024e-19 0
-16.7227 -29.6386 44.0461
7.30031e-17 1.05285e-16 0
-6.52225 -16.781 2.65852
54.0891 -26.8771 28.9795
5.40715 -9.63839 12.2018
15.9849 -2.24989 7.00107
-15.0233 21.3768 3.92265
-2.81849e-19 4.9576e-21 0
8.47275 -37.7191 10.8379
1.24898e-18 -3.59386e-18 0
-2.6768 -29.1717 13.7005
-35.9351 52.0335 39.8355
-6.33596e-17 -2.11981e-15 0
-4.53453 -5.92639 28.0269
1.63713e-20 -2.33023e-20 0
1.66429e-11 3.1391e-11 0
5.07335e-07 2.09167e-06 0
2.62083e-13 -1.99379e-13 0
12.2903 -6.15416 6.43821
0.597664 3.32361 2.25786
-1.31517e-07 -1.19892e-07 0
-1.21501e-19 -1.00089e-19 0
6.98203 49.1973 9.38324
0.836779 27.5763 25.8095
-21.6572 12.5204 -5.91292
26.9008 27.6157 11.3562
59.0114 -13.349 29.1345
-18.2453 -15.8155 0.457891
-19.4014 9.53834 22.6862
4.33176 13.235 29.6045
2.48075e-15 9.52945e-16 0
3.65353e-20 -2.80258e-20 0
-20.1978 3.54343 25.0318
-2.88777e-05 -1.02154e-09 0
35.6723 43.6318 1.85392
7.04148e-07 -1.98872e-06 0
21.6903 5.6676 2.31088
12.0755 -31.0387 12.7857
25.763 -3.84838 3.39414
-1.57975e-19 -5.96871e-20 0
0.587722 32.2507 24.5356
15.0204 -20.2193 4.06524
1.7115e-13 1.41937e-13 0
-31.2572 77.3584 -2.78152
-1.9276 12.8358 20.2303
1.21275e-20 -1.23031e-20 0
2.85456e-07 1.26487e-06 0
-34.9075 -17.1317 33.3128
-1.09832e-07 8.07668e-07 0
23.9372 83.9797 2.70892
3.88936 11.8791 -5.01149
-27.2398 61.5271 2.67499
-3.33972e-10 -9.60746e-11 0
-1.99774e-10 1.548e-09 0
14.6626 10.9343 39.6139
-15.6177 12.2416 15.6829
66.1066 -44.4465 25.7712
-5.27286e-08 -1.28917e-07 0
8.42339 62.4581 18.7015
4.82292 25.0959 4.8825
16.7219 25.9566 2.16134
2.17269e-05 -3.7462e-05 0
-3.56169e-13 -5.4237e-13 0
9.67178e-19 -7.37354e-18 0
-2.63345e-11 1.96523e-10 0
-19.252 3.50323 25.4016
-2.88902e-05 1.85351e-10 0
-6.83963e-14 1.68602e-14 0
-11.7857 -1.24651 29.5269
-9.1927e-17 -4.79826e-18 0
-3.59399e-13 -1.44905e-14 0
-22.3057 0.586322 -2.4625
-8.22905e-10 7.55786e-10 0
6.15405e-15 -5.2265e-15 0
-7.12877e-16 4.98743e-17 0
8.06892e-17 3.01226e-16 0
7.61715e-12 1.43779e-11 0
-5.72714 -16.1631 19.2944
9.22966 -29.0799 3.83963
-6.89745 -5.55755 3.6702
-18.3222 20.186 20.9438
-5.19556e-19 6.30124e-19 0
3.55503e-05 -7.19638e-06 0
17.8622 -10.7472 2.89843
1.49923e-20 9.01383e-20 0
-7.12413e-18 -1.60303e-17 0
-4.97911e-19 1.49511e-17 0
27.6657 -69.4129 10.2989
-4.32894e-17 -4.39323e-17 0
13.4148 -23.5979 61.2037
1.34071 -26.0282 -5.97907
-44.7168 -20.0891 13.4883
-4.86492e-20 -5.35118e-19 0
-5.5345e-08 4.09029e-07 0
-5.48289e-07 4.03807e-06 0
-6.75451 17.8187 -2.97496
0.0549578 -13.7086 13.4606
6.20187e-15 1.28975e-14 0
-20.1254 -0.881574 26.3069
-2.88779e-05 1.47719e-09 0
-2.32878 -7.18991 1.33226
-35.0541 -0.799037 18.6424
-1.50171e-19 -1.18345e-19 0
-6.22509e-19 -4.47704e-18 0
9.45031e-21 9.97108e-20 0
-4.31677 25.1356 26.1296
-7.97835e-13 9.8977e-13 0
-9.62332 -2.96078 -5.80894
-21.3805 12.9495 2.84368
-4.23609e-19 4.08293e-19 0
1.28649e-20 9.1853e-20 0
2.90407e-20 5.68651e-19 0
-11.6249 21.9966 0.97075
-0.097599 2.15966 -5.60132
51.4837 13.718 48.4783
-3.64459e-16 -1.04589e-16 0
5.28134 -2.0108 21.1583
22.1693 10.3459 18.7167
-31.2239 -12.4089 28.8118
-3.80052e-17 2.98433e-17 0
-2.15926e-17 3.13476e-17 0
-18.3258 -6.15564 30.2105
-12.6937 29.3191 -1.91019
-3.06575e-08 4.01288e-08 0
-6.34698 55.1867 -3.70868
43.3585 25.5334 1.18828
-7.11202e-05 5.19745e-05 0
1.0055e-10 -2.88987e-10 0
-9.73794e-16 1.13092e-15 0
6.75372 17.1272 12.3834
-7.46048e-22 -8.20539e-20 0
-8.29517e-21 -1.06112e-19 0
-3.95263e-11 -3.05017e-10 0
5.30677e-20 -5.67802e-19 0
-0.375655 5.60246 -3.06718
-3.77097e-12 1.34549e-12 0
-3.14131e-16 -8.29409e-16 0
-2.14945 22.4418 29.472
-4.3802 1.448 8.39035
-11.5284 27.2069 13.0065
-0.000112406 0.000599824 0
-1.53968e-13 1.32237e-12 0
5.37095e-06 -22.8628 41.9646
0.226524 -27.9267 2.98357
-8.21625e-17 -6.41685e-18 0
6.73816 6.38276 36.1699
-7.16693e-06 4.19656e-05 0
15.9808 -43.1571 34.4945
-1.89106 18.3881 5.19141
-10.0233 -2.97192 -0.388017
-2.0757 26.597 4.31402
11.1375 24.3166 12.773
-8.73524e-05 -8.78687e-05 19.6675
2.46315e-08 -1.45869e-05 41.0622
5.94458e-06 -0.000261362 20.5598
7.23628 -7.46604 9.74417
-13.3756 -18.4376 11.5021
9.14692 0.203547 8.06584
4.59587 1.64559 -3.12089
-12.0957 -16.334 11.6832
14.7841 9.50575 12.3189
-7.999 6.59276 5.69473
7.48576e-09 2.29269e-08 0
3.10451 -42.9183 6.33932
3.08655 25.8784 17.1691
5.44772e-10 2.88969e-05 0
-2.80264 -11.5651 -6.00853
3.74455e-06 7.06011e-06 0
-8.54993e-19 1.74985e-18 0
1.03868e-09 2.12393e-09 0
-1.43157e-15 -5.78531e-15 0
-8.15195 -3.74849 9.00686
9.15355e-18 -5.1659e-17 0
1.68361e-09 -7.78244e-10 0
1.87527e-13 -6.26379e-14 0
3.55229 -19.1707 25.0711
-0.452915 -24.5384 -1.73358
2.61715e-08 4.79497e-09 0
-3.36358 11.4847 -2.41285
50.37 -0.0577955 95.5009
1.41879e-17 -4.42353e-17 0
45.3603 -7.02767 33.8451
4.27644e-18 -5.48927e-18 0
-4.50657 -36.9924 57.714
-2.75094 -1.36818 -5.63027
5.04206e-08 -1.04421e-07 19.6734
5.81372e-05 1.67374e-05 41.0816
4.04873e-05 -2.32209e-05 20.5764
3.6592 23.4809 32.8817
-7.90608 4.54921 9.90268
-1.14971e-16 -1.80114e-16 0
3.71801 -0.32737 0.640667
5.5901 0.982019 11.8929
30.1296 39.0561 51.8959
10.6773 24.3345 27.7758
5.66413 -6.4656 0
-4.60948e-09 -1.03327e-07 0
3.35463 21.6786 19.8831
-1.55889 12.4534 18.8051
11.9221 -19.6633 -4.72752
-1.71677 0.781575 20.8051
-9.36881e-18 2.90027e-16 0
-1.82695e-18 2.1346e-18 0
-40.9303 -47.5436 -1.76081
-2.20971e-07 1.62554e-06 0
-2.53021e-12 -8.34884e-11 0
15.0172 -6.72228 2.19999
3.03513 43.2344 -4.48562
3.50149 -19.2984 25.3976
1.7894 -3.11093 15.2467
8.62871e-17 -1.43666e-15 0
5.58336 17.8805 5.43167
-2.60523 48.9918 11.6404
2.54943e-12 -7.91494e-12 0
-1.0412e-18 6.87878e-19 0
-3.56972e-16 -3.98854e-14 0
7.32708 -14.6791 -1.66266
7.44133 -34.7391 25.7051
4.83142e-08 4.37211e-08 19.6673
0.000151011 5.80692e-05 41.0627
4.64891e-08 3.84044e-05 20.5594
9.33663 -2.59803 4.27874
-3.12818e-16 -8.7246e-16 0
-25.6948 54.9783 17.9434
-71.8979 3.14623 19.2386
7.62312e-18 -3.28616e-17 0
6.06747e-13 6.0297e-13 0
-1.06874 -0.308063 0
-5.97926e-14 -3.2657e-14 0
-7.66245e-18 -8.60659e-16 0
0.000121578 27.7629 39.7409
-0.22649 27.9269 2.9836
-2.29508e-19 -1.60388e-16 0
1.6197e-16 -3.27826e-16 0
13.4532 -13.641 -3.46281
-34.2158 11.0547 2.0731
1.73486e-12 1.41885e-12 0
-4.78882e-08 1.87577e-08 0
1.67773e-19 -6.39587e-19 0
-11.4925 14.4735 19.0295
-6.82466e-20 3.39102e-19 0
1.24291e-20 -1.52666e-21 0
3.32743e-19 2.73061e-18 0
-31.6023 31.8882 1.69347
-8.36046e-14 -1.17056e-13 0
-1.62446e-17 1.29123e-17 0
7.83141 59.8279 16.0072
-8.95469 -19.2537 19.8739
5.25051 20.4616 55.3023
5.06631e-07 -6.57897e-07 0
-6.55139 -18.0146 68.2891
-7.83422e-12 -9.2292e-12 0
-52.5582 -6.72983 5.22032
5.78931 -0.480141 10.0435
-59.2181 19.1057 18.6429
32.345 -73.9622 10.3022
38.309 25.7646 43.4736
-84.4166 9.87946 39.5804
29.08 20.4946 0.384651
-3.76068 15.9055 1.23872
-0.0969723 0.0144425 0
-8.12323e-06 -3.41569e-06 0
2.5512e-17 -2.32808e-17 0
6.58087e-19 -5.01334e-19 0
1.46033e-21 1.36563e-19 0
-5.10494 -11.2653 -5.73234
2.31042e-18 -1.73175e-17 0
-9.05199e-11 -5.1277e-11 0
1.56867e-08 -3.61107e-09 0
-13.8049 -3.37658 29.0866
9.35768 -3.0449 0.332333
6.54843e-06 -7.97974e-06 0
-33.9867 29.7153 10.5302
15.982 -46.5338 4.74739
26.7851 3.15973 16.9588
2.88825e-05 -7.85869e-10 0
-12.1099 -12.0851 0.110216
3.80541e-18 -5.97324e-19 0
-15.8399 -7.94679 4.3675
17.2509 21.8135 5.97995
33.8953 -42.0285 -3.71646
-12.1342 -13.0588 0.817904
1.65379e-14 2.82844e-14 0
1.7843e-11 -2.20743e-11 0
2.44651e-19 1.67213e-19 0
1.38267e-14 3.14661e-14 0
-5.14146e-22 -3.59443e-21 0
8.05232 21.5278 49.3311
22.4057 40.0118 -2.59445
-3.87518e-19 1.14528e-17 0
-9.3063 -111.801 30.7713
-0.000144462 7.80263e-06 0
8.56045e-10 7.1008e-10 0
-9.05385 -26.1458 60.362
1.17993e-15 -7.59992e-16 0
14.6048 34.6677 11.3163
81.9433 4.79009 0.0493083
12.641 17.8676 14.523
-48.907 34.7641 3.45378
-2.14149e-08 -4.79739e-07 0
11.7584 -55.4263 2.21703
-34.5417 -8.2193 26.9029
-36.2423 3.2308 10.9056
-2.98766e-19 -1.13503e-19 0
-18.356 -67.9312 -3.7544
4.48833 -7.761 10.7815
11.3684 42.455 13.0425
25.8369 3.08962 17.1798
2.88911e-05 7.4273e-10 0
-14.2532 13.248 37.5516
-39.763 -3.90955 0.102299
47.6722 34.5358 -0.292719
24.4827 -10.0542 2.26125
-5.05716 -25.8275 5.47375
-7.20603e-16 -3.35165e-16 0
1.18105e-19 1.22931e-18 0
-37.6845 35.7398 78.0327
0.881686 3.28856 0
1.01023e-10 -2.85318e-10 0
-6.8972e-13 -1.54508e-11 0
-8.69174 -46.5013 22.5461
13.1698 63.0574 40.2625
-14.1113 -8.43902 0.732577
-22.3181 9.30196 -0.03368
-57.3365 -8.89981 54.8245
10.6956 -3.79371 1.75274
-5.12738e-20 1.83717e-20 0
16.6409 -95.5747 32.947
31.0843 -19.4273 65.9675
42.5106 16.109 70.6609
-37.7662 23.8734 -5.75232
-2.71859e-20 -2.40129e-20 0
-1.77563e-19 7.71816e-18 0
27.8463 -7.79218 11.4588
-8.02497 18.7182 4.5919
43.2779 -3.26231 35.5826
21.7544 73.191 34.5507
30.3405 10.4952 44.4657
-36.8177 22.4743 35.7529
-5.14719e-13 -1.59811e-11 0
26.9089 -1.11084 17.3453
2.88776e-05 1.91518e-09 0
6.36845e-09 5.28256e-09 0
-37.378 -7.05251 10.4331
-4.43298 -4.0685 -0.377235
4.80304e-06 4.24229e-06 0
38.462 76.3715 26.6159
17.7298 -30.4998 20.0885
-0.0597414 16.9989 48.1273
-35.2406 -48.962 94.7041
-1.34631e-13 1.6702e-13 0
1.53705e-07 1.24441e-07 0
4.23642e-18 1.71907e-18 0
-6.92598 -38.4161 -1.7016
5.84275 -4.86165 1.13482
8.01768 -60.3151 1.74525
-14.842 -38.3631 12.4517
-4.04519e-19 3.4452e-19 0
34.1364 20.4015 34.361
11.0887 6.58515 0.576961
37.2771 6.68152 15.1194
1.21382e-17 -4.57569e-17 0
-9.25294e-19 3.11351e-19 0
16.8256 -40.0015 9.40685
-3.87991e-07 2.85497e-06 0
-8.00665e-19 1.74538e-17 0
2.49032e-13 7.14028e-13 0
6.03906e-18 4.5986e-17 0
2.04822 -2.20913 3.99995
-2.01847e-15 -2.60662e-15 0
22.9407 7.30302 -0.996353
156.909 18.3487 18.9696
1.40648e-10 2.82232e-10 0
13.621 -36.843 23.9158
17.6225 -10.2194 0.645944
-9.74982e-16 -1.47113e-15 0
-24.8741 -46.614 52.7601
-4.37855e-18 -6.32023e-18 0
-1.87034 21.7294 17.616
-2.10382 34.2034 3.45109
-20.835 11.6837 -1.44006
-5.09373e-17 -7.64014e-17 0
-4.63927 20.1164 14.3567
-1.72079e-06 -1.57593e-06 0
-1.21499e-19 -1.00088e-19 0
6.98467 49.1977 9.39149
0.853118 28.2894 26.0326
-27.6274 -4.21364 11.2881
-8.04558 -1.93363 14.3863
3.95589e-20 -2.3125e-21 0
-8.49291e-18 -1.16813e-17 0
-0.000109338 0.000135641 0
-49.3776 10.8559 5.56231
2.73029e-11 -1.04239e-09 0
-32.7303 27.0605 -2.42813
-20.1979 3.54151 25.034
-2.88805e-05 -7.47931e-10 0
48.6219 20.5432 34.4819
1.41956e-15 3.10162e-15 0
-3.10202e-19 -5.50702e-20 0
-35.6542 16.5987 -0.0901273
-7.43846e-12 7.60149e-11 0
-18.9827 -24.4613 -1.696
10.5869 47.2844 89.6272
-9.61094 -3.11562 9.00749
1.26124e-14 -3.55782e-14 0
-31.647 77.2558 -2.66577
-1.62558 -22.1343 15.9541
8.29574e-19 -6.32029e-19 0
-1.17625e-11 -3.39057e-12 0
50.6504 -20.8974 8.52647
-7.09308e-13 -8.35609e-13 0
9.26286e-19 -9.83561e-19 0
0.0999914 1.54712 -2.74531
-9.76632e-20 4.24562e-20 0
2.42653e-11 -7.18509e-11 0
5.7772e-12 -1.79271e-11 0
14.8359 9.92802 37.3469
-16.0428 12.1226 15.606
44.7519 -1.5132 0.868287
-4.10612e-14 -9.4802e-15 0
1.08882 -85.8849 -4.49519
3.56321e-19 2.33455e-19 0
-70.4218 -5.99589 46.0898
-23.9712 -23.0277 12.0921
-35.1233 -24.4998 12.2581
25.0065 -3.04248 20.5893
-5.19058e-18 4.44346e-18 0
-19.2528 3.50378 25.4074
-28.8621 -2.4205 -0.84162
-1.17062e-05 5.73836e-06 0
-3.69324e-10 -1.0643e-10 0
-3.82509e-17 -2.10149e-18 0
-3.66416e-20 -2.25828e-20 0
-22.5082 0.59157 -2.60163
6.55173 10.9851 16.1197
-25.761 -21.5727 22.7619
29.6657 -19.4737 21.2259
6.67319e-11 1.12555e-10 0
8.36869e-15 1.55561e-14 0
-6.28632 -15.7412 19.4043
2.07532e-19 -1.08754e-18 0
1.13706 -11.8854 -4.00907
-1.45756e-15 2.96516e-15 0
-21.9331 -3.58933 15.3862
-8.28002 2.61678 23.7995
1.01243e-12 1.39316e-12 0
-37.5599 10.188 94.476
11.4681 4.88842 8.18905
1.46213e-12 1.21281e-12 0
27.1508 -69.8625 10.026
-4.32634e-17 -4.40168e-17 0
-26.3333 1.70736 53.0878
46.3911 -18.9233 4.49387
11.4917 14.1653 -5.04408
-3.21677e-17 2.32044e-16 0
1.99653e-13 -6.66915e-14 0
-8.61156e-17 -1.21904e-16 0
-4.20968 -7.02873 0
-7.74993e-07 5.69864e-06 0
-1.3086e-07 9.64167e-07 0
-20.1257 -0.880337 26.3085
-2.88806e-05 2.02265e-09 0
-2.89426 10.3518 9.89847
-35.0673 -0.759519 18.687
-1.60065e-16 -1.55652e-15 0
0.000247085 0.000399508 0
8.92273 -65.2975 35.999
11.9387 -8.21805 17.0309
-11.9195 8.20796 -3.33353
-33.9007 -41.1805 2.4697
12.6356 14.3231 0
-4.23604e-19 4.08287e-19 0
-2.83597e-21 1.08928e-20 0
31.3209 18.5556 -5.98728
-2.60901 -0.943242 0
-2.12853e-05 -6.12983e-06 0
-62.2058 34.2066 8.48181
-12.6754 5.27495 2.25932
-18.0224 -8.84898 3.34745
-17.663 10.1967 7.96107
-14.5484 16.0508 15.4444
39.5742 0.625162 -4.63264
-35.5412 -40.7916 4.72453
9.12854 0.601129 3.31198
-3.69026e-14 2.95077e-13 0
26.3916 -14.2922 -3.84647
5.11428e-06 6.62981e-07 0
2.6762 72.5406 63.9365
-1.72165 -4.13258 15.4477
2.52116e-12 2.09127e-12 0
-1.39522e-12 -4.23996e-12 0
-1.33019e-13 1.04543e-13 0
2.59116e-21 -3.51453e-19 0
7.7587e-21 -3.29038e-20 0
-3.93015e-11 -3.04969e-10 0
8.40332e-21 -6.72341e-20 0
-0.296867 5.60764 -3.07878
6.30324e-15 -2.10135e-15 0
-17.4147 -28.9337 22.7714
0.853383 31.4977 22.7574
0.210731 0.0784167 0
11.5533 24.8195 11.0246
-1.79171 9.07139 1.30798
-4.38613e-08 -9.82583e-07 0
5.20632e-06 -22.8628 41.9646
0.226534 -27.9264 2.98358
9.83267 14.7336 32.4548
4.51183e-17 2.08859e-18 0
-9.25767e-09 4.95146e-08 0
20.169 -43.252 37.6483
1.04287e-09 8.65052e-10 0
-1.48137e-10 -2.15902e-10 0
18.9987 -25.5793 26.5906
11.5646 7.47611 6.72015
0.000113674 -0.000113761 19.6676
-1.39487e-08 -1.45907e-05 41.0622
0.000151644 -0.000369254 20.56
3.44528 -0.624921 2.40263
-4.30861 8.46351 2.0341
23.9055 7.07637 29.994
4.47921 1.6879 -2.78935
-14.9246 1.91015 -5.4066
26.3028 -45.9541 11.9256
7.88503 3.23779 17.2068
11.5698 17.9273 3.6838
3.06505 -42.9996 6.11887
3.0889 25.8762 17.1678
1.40473e-09 2.88969e-05 0
1.67942e-17 9.41134e-20 0
9.86973e-07 1.98049e-06 0
6.12598e-06 1.22284e-05 0
16.9507 -11.1369 22.075
1.48567 -29.71 1.65937
-0.000161518 0.000230849 0
8.02057 7.13911 -1.59827
-2.74771e-10 -7.3667e-11 0
2.87458e-14 -7.89111e-15 0
3.55238 -19.1707 25.0706
-0.453063 -24.5388 -1.73273
-11.9595 -18.5797 3.993
-22.7394 -0.485889 -3.72952
-43.3584 -66.7694 72.6407
-3.60691 14.1083 19.1504
15.3439 19.008 10.2984
6.63509 6.08246 -2.24123
20.2268 -33.9546 34.774
16.0307 23.3025 6.49767
1.56551e-07 -1.64009e-07 19.6734
2.01197e-05 5.7982e-06 41.0815
5.95818e-05 -5.13194e-05 20.5764
1.85927e-09 -1.41561e-09 0
-1.56907 5.49385 6.90835
-1.63858e-18 4.59743e-19 0
3.48951 -0.396167 0.472912
5.27365 0.896566 12.6353
4.44068e-08 8.40725e-08 0
17.0102 26.1233 34.1312
5.23093 11.4022 1.17821
1.13715e-18 -6.04857e-19 0
3.35483 21.6782 19.8825
-1.55849 12.4531 18.8052
-7.04652e-12 -2.2947e-12 0
-5.74084e-05 7.38254e-06 0
7.82526e-20 -1.93195e-19 0
4.0186 53.1031 -1.12957
1.66077e-16 -4.87358e-16 0
1.60806e-05 5.99786e-05 0
-1.20559 -0.141478 11.2688
24.8389 58.2645 3.50379
3.89573e-15 7.07858e-14 0
3.50324 -19.2969 25.3949
1.76947 -3.12457 15.2566
-9.36821e-09 -2.16293e-09 0
2.15319e-11 2.49478e-11 0
1.28102e-18 3.87525e-18 0
-22.3456 0.855748 33.7496
0.0695454 -25.7361 0.907635
4.08938e-16 -1.37195e-16 0
-1.64836 -18.6735 -0.805082
-14.2056 -14.949 -2.08466
2.07253e-05 -4.06798e-06 19.6676
9.27818e-05 4.13064e-05 41.0625
3.99626e-05 4.75609e-05 20.5596
-7.40708 34.6892 10.8285
-93.9396 -46.0899 12.812
-28.0813 -9.13482 25.8493
-0.00491344 -0.0436276 0
-7.80931 -16.0072 3.62772
17.6256 14.8995 29.7446
7.2179e-06 4.67336e-06 0
-25.886 -3.15 78.619
0.000324908 0.000363583 0
0.000108986 27.763 39.7408
-0.226502 27.9267 2.98339
-2.60525e-18 -1.46309e-16 0
-2.3117e-17 -1.37976e-16 0
-1.43715 -19.3235 -0.99146
3.4247 -2.49765 -4.05638
0.764175 23.3255 5.18192
6.58163e-17 9.83466e-17 0
33.9026 12.2726 30.462
4.84098e-11 -1.36723e-10 0
5.4393e-21 5.41983e-20 0
8.29563e-21 -3.1099e-21 0
-22.978 -6.25012 -2.85958
5.07257e-19 1.14505e-18 0
-8.02324e-14 -1.14626e-13 0
5.08461 -1.01089 76.4589
5.72901e-17 -1.65408e-16 0
2.3148 -25.6029 23.6928
-2.24312 -8.26097 2.35649
-9.22349 18.0739 9.77423
67.4346 100.618 41.8739
3.92675e-19 -2.99863e-19 0
-27.11 -28.4186 19.2067
23.6312 22.0311 -4.89872
1.1537e-18 -1.5103e-18 0
-3.69934e-20 -2.52031e-20 0
1.02484e-17 -5.67096e-18 0
4.38575e-15 -3.33924e-15 0
-8.77143 53.4327 10.4087
-2.57627 -1.09842 5.77134
-12.9679 4.09268 -1.58943
80.5493 -39.6093 18.6154
2.51689e-17 -2.33137e-17 0
2.78475e-19 -2.10108e-19 0
-4.5568e-21 1.4185e-19 0
1.52594e-21 -5.31162e-21 0
2.35784e-20 -5.14522e-20 0
-6.28965 -18.2366 7.0786
0.000479159 0.000772199 0
-2.99156e-20 2.9723e-20 0
6.21369e-10 -1.8913e-10 0
3.75471e-16 -1.88804e-16 0
1.1744e-08 9.74147e-09 0
-36.0028 99.1766 8.31105
26.7893 3.16037 16.964
22.5348 1.31503 5.47018
-9.41058 -9.33773 3.79116
-28.5881 -26.9576 7.15477
16.6129 69.9044 16.1053
-22.9679 -45.2671 68.0657
-57.0618 -1.45439 16.1851
-34.2875 -6.936 15.8613
10.1124 19.0064 6.25951
3.739e-15 3.81027e-15 0
1.99618e-16 2.19123e-16 0
-19.5443 -51.2646 36.6056
-1.56029e-12 -3.49564e-11 0
15.7691 55.3692 44.5718
2.58912e-05 -1.41828e-05 0
54.1316 64.1536 82.5857
-38.6585 -27.7491 15.3994
1.01561e-05 3.78987e-05 0
4.26419e-14 3.53612e-14 0
4.41245 -54.8668 12.7073
29.6045 -11.2379 95.8352
1.25461e-17 -1.32129e-17 0
77.9847 28.7036 -6.23569
-0.360855 19.7372 15.7439
12.6438 8.57601 36.8029
5.81792e-16 -8.68747e-16 0
-28.2751 4.39379 2.26677
-3.16602e-20 -3.8855e-20 0
1.38862e-08 1.15184e-08 0
-1.84815e-09 8.02729e-08 0
-1.0718e-15 -3.3751e-15 0
6.95377 22.636 30.1197
-9.19327 20.8205 41.7661
25.8399 3.08961 17.1838
14.0239 0.0646374 12.8893
-36.291 -11.4149 2.76922
1.45615e-14 1.20746e-14 0
2.33518e-13 -2.05129e-14 0
2.26226e-13 -1.19551e-12 0
22.9971 -4.88489 4.41341
-61.4138 57.5996 25.4077
-45.0291 -23.4808 -2.38854
-19.1562 -4.75561 0.654773
28.9428 49.11 9.04253
5.85398e-11 -1.65333e-10 0
6.13562e-14 1.16162e-13 0
23.9296 -40.6514 30.343
-13.2285 -13.5203 6.35101
-19.0847 -9.34567 10.4057
5.73261e-15 3.41787e-15 0
6.69226 31.122 1.05992
45.4117 -47.5985 1.25555
4.61927e-11 -1.30461e-10 0
2.60501e-19 6.30184e-20 0
53.0423 35.8736 6.09131
-112.532 92.8948 119.032
1.85745e-17 -1.8546e-17 0
77.0579 -41.0751 40.4281
1.08775e-11 1.8322e-11 0
-8.07145e-21 1.00682e-19 0
4.50837e-18 -7.6743e-18 0
-42.7211 39.2955 20.0437
2.4163 -14.0999 -1.91872
48.5521 35.7904 36.8092
0.555366 -12.0658 8.53825
7.94641e-19 1.62331e-18 0
26.9135 -1.11212 17.3507
26.1072 1.12521 -3.27124
-26.3138 41.7094 20.7652
-1.79718e-08 -2.11719e-08 0
-15.7044 15.2393 23.9755
-36.359 -38.9246 5.99587
-21.4692 -58.4162 6.52955
1.61789e-18 -2.81963e-18 0
22.0503 10.1807 9.81308
-2.35622e-10 -7.5204e-12 0
-2.76836 -12.8235 56.4169
5.36265e-12 4.34164e-12 0
25.1636 43.128 -0.174435
-7.63035 -38.4115 -2.35481
-36.8593 2.38583 -2.87795
15.7906 -3.65007 -1.80389
-2.09595e-16 -2.86047e-16 0
-27.6884 -10.6482 -5.44975
17.2802 7.51457 9.47626
28.1105 68.0426 6.61095
8.50432e-14 7.05348e-14 0
-7.13422 -3.13609 23.984
-1.51947e-19 1.28091e-19 0
-2.14915e-11 1.0452e-11 0
7.99711e-10 1.41453e-09 0
10.3769 7.50496 19.6865
1.72345 1.48381 -5.3212
1.19188e-17 5.75355e-17 0
-9.15815 12.9336 41.1206
6.78686e-19 -6.90542e-19 0
1.40398e-13 1.16232e-13 0
-2.57073 31.8007 11.7956
4.05921e-17 -8.74764e-17 0
9.08446e-11 -1.09794e-10 0
-9.09251e-12 7.14604e-12 0
15.7895 -38.4938 -2.81877
17.6397 -34.2873 4.19099
1.0499e-19 3.84985e-20 0
2.46387e-20 -1.11639e-20 0
-1.07189e-19 -2.75436e-19 0
6.17572e-20 -1.2758e-19 0
13.2144 -12.4878 2.43707
-1.45135e-16 9.1994e-16 0
-7.23166e-10 -6.63344e-10 0
-1.2137e-19 -9.94856e-20 0
7.01481 49.2136 9.3548
0.818388 28.4076 25.8359
22.9992 -38.9875 0.420942
-9.17381 8.29487 13.0585
31.6854 25.7938 8.92912
3.84698 36.3067 21.7688
38.2902 29.8828 6.43823
44.142 56.3314 15.4895
1.50415 24.0098 3.38667
4.35992e-14 3.75126e-14 0
-20.1989 3.54098 25.0334
-4.44143e-05 -1.10694e-09 0
-1.91311e-08 1.40954e-07 0
-1.13723e-07 8.12567e-07 0
-1.66848e-12 -2.50337e-12 0
-0.601056 -0.596086 0
-38.624 4.16928 5.07344
-17.8191 -46.1989 4.83865
-2.05793e-08 2.553e-08 0
-2.45211e-07 1.79767e-06 0
3.20427e-19 -2.3951e-19 0
-30.2215 77.859 -1.79605
-12.6663 -18.076 16.5793
4.26418e-15 -7.36984e-16 0
39.3408 -28.0143 -5.63445
1.22492e-10 -8.19405e-11 0
-0.969344 0.681645 5.15657
-6.84139 3.7781 0
22.4243 50.7688 19.3575
1.46411e-10 -4.15126e-10 0
26.9922 2.76488 34.3319
1.30927e-17 9.03542e-18 0
12.727 13.0868 44.8851
-16.0413 12.1144 15.6099
-1.89479e-15 -7.41556e-16 0
10.3792 21.3083 -1.69085
52.5223 81.8977 -3.65688
-2.73807e-18 1.84047e-18 0
-5.1383e-18 -3.93896e-18 0
-23.8437 -12.9229 4.643
-30.7274 -29.3917 -5.23795
9.8008e-09 8.12965e-09 0
27.4714 41.1447 -2.95931
-19.2521 3.50343 25.4069
-2.88941e-05 1.42409e-09 0
-9.64538e-14 -6.29714e-15 0
43.9567 28.4906 14.4777
8.29327e-19 -6.64358e-19 0
17.8758 17.7476 5.01869
-19.773 4.5466 -3.79182
8.11972 40.1041 17.4941
1.4877e-19 1.28501e-18 0
-17.6337 -1.44708 -2.99544
-7.84782e-07 5.78073e-06 0
4.13295e-16 6.19757e-16 0
-6.29047 -15.7312 19.4078
54.2106 36.803 12.3847
-16.5157 -13.2211 16.5648
7.66579 -3.92166 -5.17846
1.44905e-08 -4.03269e-09 0
5.70978e-15 1.21588e-14 0
14.3631 -19.7078 42.0034
12.296 -8.47275 10.8055
-10.7359 -6.45521 11.662
-14.2605 -13.8518 16.6201
7.34972 -70.6673 11.996
13.4241 -24.7416 3.12842
1.20522e-15 -3.61969e-16 0
0.00897062 -0.0728842 0
63.7947 50.33 33.8441
-48.2999 -73.3456 38.0648
-0.000126936 0.000812826 0
2.48113e-18 -9.04508e-19 0
-3.16298 29.481 16.9661
1.23824e-08 1.02711e-08 0
-40.2356 26.3975 35.6261
-20.1275 -0.87974 26.308
-4.44133e-05 4.04014e-09 0
5.20255 27.8025 35.472
-36.7153 -0.467608 17.2831
-0.196709 -2.0222 0
2.08022e-20 -7.38514e-19 0
-3.84727e-15 3.51111e-14 0
-7.17452 -13.6085 10.7829
-1.67228e-09 -9.01246e-10 0
-16.2351 -2.3956 15.8769
-6.0001e-11 4.61094e-10 0
-2.75867e-19 2.63848e-19 0
5.83277e-20 8.49041e-19 0
31.368 18.4998 -6.45638
-7.14468 1.92304 10.2711
1.19429e-13 1.45612e-12 0
-1.51404e-15 -2.92713e-14 0
-0.000142894 8.64154e-06 0
5.88636e-19 3.46091e-18 0
1.03576e-13 3.86326e-13 0
-17.669 -10.6072 17.4333
-0.000377174 -0.0084495 0
-36.8734 -40.5538 2.88319
-19.0477 -13.0238 13.8619
-8.18612 -29.4491 38.446
31.796 20.3795 7.4861
27.8725 -6.09399 30.7856
3.45073 84.8815 19.7994
48.9323 7.20896 11.5083
1.25123e-16 1.87574e-16 0
0.230639 22.1401 10.7615
12.9029 37.5514 61.8969
1.41711e-20 -2.58056e-19 0
1.78833e-20 -2.19833e-21 0
-3.94993e-11 -3.0484e-10 0
1.03938e-15 -3.81817e-15 0
-1.88501 4.8733 -3.59339
5.3461e-20 -6.23777e-20 0
-4.42451e-07 -9.81675e-06 0
1.48756e-17 2.12891e-17 0
12.691 38.938 31.1677
-0.677794 28.75 -4.54219
8.39603 43.0351 42.599
-9.65589e-17 -6.61264e-16 0
2.08572e-05 -22.8733 41.9584
0.228759 -27.9238 2.99211
-2.74925e-16 1.79513e-16 0
2.04091e-18 -8.20841e-17 0
-1.98098e-16 9.57789e-16 0
-8.90394 -52.6035 35.5314
-0.0105383 13.046 -3.94068
-1.25883 -9.81118 77.5
-21.2758 -21.3844 59.5653
-8.11886 -3.21126 -2.47586
0.000211021 -0.000120542 19.6669
3.34021e-06 -1.4681e-05 41.0614
0.000178712 -0.000149411 20.5587
-5.92411 -2.28562 5.50981
10.2756 -10.4553 -1.79187
-4.92879 10.7124 1.10149
3.00428 2.56096 -1.8404
0.638982 0.420403 0
-3.8155e-15 2.99867e-15 0
-2.53921 30.3339 25.7219
32.7918 -12.8696 65.0783
2.8104 -43.2525 5.76964
3.08776 25.8893 17.1593
-1.33658 30.2778 1.3017
-9.78514 0.0651636 -2.317
0.464875 1.74124 -4.93993
3.48658e-18 1.32744e-17 0
-9.6979 -13.0921 -3.22989
-1.2215 37.1096 -1.68138
16.2476 6.06365 29.9059
6.97996 14.7833 12.9386
-17.0015 -2.83608 46.0225
9.53204e-14 -3.1839e-14 0
3.55213 -19.1877 25.0656
-0.452385 -24.5443 -1.74298
8.37672e-07 3.31969e-06 0
4.243e-16 8.38572e-17 0
17.7148 1.04822 42.3052
-1.63452e-19 1.07013e-19 0
-7.74764 -14.5136 -1.14136
114.443 -14.1801 52.9041
8.14033e-17 3.179e-18 0
-1.80672e-20 -3.09801e-19 0
2.95925e-07 -9.81669e-08 19.6725
3.11235e-06 1.19786e-09 41.0805
2.00113e-05 -6.03159e-07 20.5754
8.16598 -9.31127 3.72188
10.2061 -4.98735 3.01206
6.49712 -1.92023 10.2348
1.43093 1.11838 4.79798
6.1262 6.04078 7.38243
-12.0286 -13.7746 3.3426
-3.86998 -32.0131 -2.22974
-17.5444 3.1058 32.3645
-9.1017e-15 6.02592e-14 0
3.35466 21.6945 19.875
-1.55757 12.4481 18.806
-3.66564 2.54517 3.7965
5.23816 15.8783 -1.10116
-0.113048 20.8408 -6.74896
1.15356e-15 1.94306e-15 0
47.5409 -19.7468 3.95093
5.96106e-18 4.65813e-17 0
-1.93468 -16.6768 -4.68103
56.4591 -32.6189 26.9928
20.0101 26.9294 22.7737
3.50174 -19.3127 25.3881
1.94978 -2.91219 15.1118
-7.35809e-11 -8.22118e-09 0
-9.78702e-19 4.67914e-18 0
10.8583 26.0317 10.1577
-3.1076 0.164019 3.25249
-4.63042 -19.1144 12.0532
-0.181743 3.70746 13.7867
-4.64632 -10.691 1.77251
-15.8778 15.4099 4.53478
7.31202e-05 -3.01559e-06 19.6669
3.90524e-05 7.59967e-06 41.0617
0.000189146 3.9197e-05 20.5588
1.94799e-10 4.4332e-10 0
-2.50775e-16 -8.37952e-16 0
1.79462e-14 -4.74637e-15 0
-9.61304 -8.79989 6.08249
20.9028 0.627594 20.7225
36.5223 -51.1929 25.4838
-1.7102 -29.8619 17.7416
1.87225e-19 4.43981e-20 0
-6.737 21.6428 13.3937
1.89136e-05 27.7724 39.7333
-0.226546 27.9257 2.98547
-2.5015e-18 -1.45583e-16 0
-2.8269e-15 -3.52613e-15 0
-21.1679 -12.2812 -4.92082
4.5779e-10 -4.92287e-09 0
-1.3631e-19 1.56871e-19 0
11.4159 -0.289555 5.97994
-267.204 -113.8 131.8
-32.338 -12.8954 22.8903
2.16061e-22 1.03324e-20 0
-1.19627e-19 2.05711e-19 0
3.57656e-19 2.68662e-18 0
7.32762e-18 3.86738e-18 0
-1.19989e-14 -1.74767e-14 0
-30.0103 -5.33298 0.505137
5.43822e-18 2.18594e-18 0
-10.7974 -27.5141 31.9063
-29.9493 -13.1931 -0.914776
1.13777e-12 -8.72858e-13 0
4.8168e-16 -4.87727e-17 0
6.23952e-09 5.17561e-09 0
-36.9237 -30.4269 4.52379
-2.70769 23.2038 16.0688
6.68736e-15 -1.88773e-14 0
6.21331e-18 -1.39987e-17 0
1.95193e-14 -1.79218e-14 0
-0.00828748 18.2031 112.906
-7.43912 -18.5732 23.6376
-1.35007 24.0855 14.7504
2.31863e-18 -5.69541e-18 0
4.8519e-14 4.02369e-14 0
1.57445e-17 -1.55547e-17 0
2.79108e-19 -2.1162e-19 0
-3.2843e-19 8.85793e-19 0
-5.17387e-18 -5.0636e-18 0
0.942173 -31.9268 -2.48576
8.50316e-13 -4.38996e-14 0
2.63314e-21 -1.41204e-20 0
35.9097 -10.5617 24.577
47.7825 -0.771804 14.3933
1.70912e-19 1.97887e-19 0
5.77434 4.70122 7.52555
7.84648 -31.0922 16.7541
-32.2254 21.1176 18.6957
29.4032 -0.356883 1.87654
-15.1171 10.2882 11.3333
-2.38368e-06 1.59684e-07 0
-45.921 46.1467 33.9007
1.61812e-18 -4.24327e-19 0
53.6197 14.6521 31.3356
-0.196804 0.31627 0
50.5662 -9.21757 -6.333
4.89215 -3.38892 1.58803
1.48885e-14 1.63958e-14 0
25.1746 82.5028 2.51566
18.519 -76.5304 1.7743
-24.4147 12.2553 44.3126
-4.14139e-07 3.03494e-06 0
-34.008 -8.1424 -5.26485
-19.986 20.3009 -0.337827
5.29469e-07 8.91834e-07 0
4.61325e-20 -4.93562e-20 0
-9.85091e-20 4.23775e-19 0
-3.64171e-05 -1.20155e-05 0
1.21222e-13 1.00624e-13 0
1.02761e-19 -5.82863e-20 0
-47.1705 36.4523 39.2288
-7.98995e-18 2.87238e-18 0
8.09031e-15 -1.99563e-15 0
-8.85598 1.12862 1.59582
-5.4577 16.2122 -2.38699
1.35451e-18 -1.88344e-18 0
-8.74414e-19 1.32213e-18 0
-34.4398 10.1075 16.1889
4.76747e-20 -5.45026e-20 0
-1.31022e-17 1.92776e-17 0
-19.0576 19.0585 26.8232
24.9546 0.241464 5.86479
1.0244 -30.8161 17.4523
4.42092 -40.4636 2.47379
2.00595e-08 1.66391e-08 0
5.65517e-18 -1.09889e-16 0
8.29373e-14 -2.48267e-14 0
18.0923 1.36835 26.7307
27.0283 24.504 22.7143
-64.6111 49.2856 32.1437
25.2591 13.2808 -5.01104
42.6148 43.103 44.1215
-58.7459 -11.7132 40.0378
-32.9342 26.1772 25.0409
1.02206e-19 -1.80404e-18 0
-11.7139 -13.0271 22.8877
-51.217 10.0323 5.05519
26.4337 48.7189 -3.5865
2.14004e-09 4.07206e-10 0
2.02419e-10 1.57137e-09 0
-44.6465 -33.1854 9.46281
2.22269e-12 4.07224e-13 0
-49.201 40.0065 45.8476
-28.7091 21.0046 14.2623
146.262 -39.2774 59.57
9.15326e-15 1.63024e-14 0
-17.3983 -1.97935 -6.32204
7.11026 -70.1453 35.2997
-0.28074 -40.7891 35.4885
1.37189 -31.7089 1.9692
-6.41227e-16 -2.1336e-14 0
1.13773e-13 3.44807e-13 0
1.00341e-14 6.63497e-15 0
-34.0406 -1.61207 25.5511
29.2802 0.987227 -0.953453
35.0865 42.6198 150.412
4.25988e-19 3.87874e-19 0
1.73268e-19 6.26938e-19 0
-9.03442e-08 -4.71795e-07 0
1.16004e-13 -3.68757e-14 0
-0.134973 -13.1227 26.0826
-1.07744 -14.2385 19.1924
-1.07852 50.4633 31.7405
9.09117e-12 1.53132e-11 0
6.30942e-17 5.1079e-17 0
5.01965e-19 1.02753e-19 0
-21.8601 -11.4897 16.2127
2.64082e-12 -6.29111e-11 0
18.3093 20.9879 15.3767
37.453 11.2135 9.59562
9.98329e-18 1.04916e-16 0
-9.70699 25.2772 70.0589
-3.445 0.380258 3.4047
4.93625e-18 -1.04245e-17 0
1.51584e-05 -2.94993e-05 0
-1.35445e-13 1.24397e-13 0
-19.1943 16.9531 23.3865
8.70388e-09 7.21976e-09 0
1.66073e-05 6.19558e-05 0
-6.61185 12.3051 1.29707
3.7333e-18 3.73876e-18 0
-19.8053 -22.8912 -2.7316
10.3024 39.5916 20.2867
-5.01299 -6.06129 4.06213
31.7581 32.8702 26.8176
6.22114e-17 4.94748e-17 0
1.4102e-09 -1.72797e-09 0
-1.07564e-16 -8.00348e-16 0
1.89956e-08 1.57567e-08 0
3.9985e-17 -3.09649e-17 0
5.01962e-05 5.50556e-05 0
2.89495e-14 2.58286e-14 0
1.09647e-12 -2.69806e-12 0
2.24418e-13 1.85855e-13 0
-20.7541 -19.2751 12.8465
-21.0553 16.6268 -2.8383
-7.07582e-17 -1.23736e-16 0
-3.52767 15.4622 39.494
-12.6376 40.5525 17.0716
-6.85614 15.5321 11.2661
0.415402 -0.466794 0
-4.41094e-11 1.97103e-10 0
86.9509 -49.4787 31.5651
1.61109e-12 1.33637e-12 0
31.1456 21.5375 3.4898
-3.47679 -45.8103 21.7135
-11.2765 17.5287 36.353
42.8397 -0.0932867 1.29646
-21.2118 3.48496 24.8732
-4.43961e-05 -9.70696e-10 0
-15.3863 -25.4497 5.60553
-6.21759e-09 8.35825e-10 0
-7.84851e-08 5.57139e-07 0
1.0316e-19 5.60463e-20 0
-23.7289 0.499375 -0.197234
-39.801 2.76928 18.1699
5.02894 9.05064 -0.360948
40.6471 65.7016 32.9221
-4.2608e-11 3.14119e-10 0
202.657 -121.304 24.9706
-1.76928e-12 -3.9648e-11 0
-2.71254e-21 -1.83139e-20 0
2.89314e-21 -1.09961e-20 0
6.87696e-17 2.5247e-17 0
-13.9445 -18.8149 -1.11933
-100.205 70.6567 123.951
1.53514e-08 1.27338e-08 0
7.13062e-17 -2.94983e-17 0
-11.5292 3.39956 0
-12.288 8.35467 36.0101
-36.2579 49.5614 72.9905
-15.2913 17.8109 12.8811
1.52149e-05 5.67495e-05 0
47.939 -24.0304 -2.03515
1.05381e-18 -2.96209e-18 0
29.5261 82.6047 -3.0534
1.66757e-18 2.81753e-18 0
-7.07719e-09 -1.58544e-07 0
13.1958 15.277 9.05073
1.48298 4.88576 40.3536
43.2577 1.44956 -4.85917
-20.2414 3.44759 25.252
-4.44087e-05 1.73285e-09 0
-3.83116e-07 -9.93073e-09 0
-23.8447 6.44653 -3.18873
8.61843e-06 9.4457e-05 0
1.02811e-13 1.20918e-13 0
4.33228e-12 -9.87389e-14 0
6.3622e-16 2.47865e-16 0
-0.000926009 -0.000666442 0
-15.1945 -21.8518 30.0804
-4.1826 5.90121 21.7698
11.5044 -62.8036 31.5929
-5.52525 -22.085 15.9379
-3.84068e-13 3.52743e-13 0
-7.98094 -9.96496 10.9769
-9.9331 -22.1995 12.0391
9.14892e-16 9.54445e-16 0
61.1269 10.4676 -1.19002
38.0732 7.51163 -3.10191
-25.1569 -20.9738 34.8477
-123.333 -5.78902 74.0296
1.90537e-11 -5.38253e-11 0
-14.861 -14.8854 45.6182
12.6706 -4.61293 8.9675
19.754 52.7193 37.3665
31.3708 -18.1893 -1.36521
5.59782e-16 1.71452e-15 0
5.32165 -2.85796 1.42164
1.80183e-16 1.04799e-17 0
1.37054e-17 -4.73036e-18 0
14.6824 -61.1295 8.31005
-2.04117e-18 -2.13451e-18 0
8.14034e-12 5.98404e-13 0
-21.1877 -0.87276 26.1317
-4.4394e-05 3.61933e-09 0
-10.7492 -23.9785 4.93711
-39.037 5.97202 1.53343
-36.3804 -53.03 13.1902
-20.4306 -13.9733 14.5198
-3.49489 3.88237 28.3392
1.04707e-15 -2.61992e-16 0
-19.3325 -8.45966 -1.9959
47.2744 48.7798 55.5011
-4.7691e-07 3.51362e-06 0
2.71342e-06 6.40467e-06 0
-52.7717 20.4805 20.5925
6.40924e-05 0.000140313 0
4.62666e-16 2.69741e-15 0
9.15271e-20 8.31801e-20 0
-2.76865e-19 -3.67174e-20 0
7.35173e-09 6.09817e-09 0
2.36634e-16 8.22453e-17 0
-23.3367 3.4684 3.94118
-5.4452 -11.7075 -2.94572
-71.4631 42.8591 14.9
-38.7891 -39.8818 -0.0228234
-1.18303e-19 -1.19044e-19 0
1.67416e-12 1.3887e-12 0
-1.46731e-11 7.81676e-10 0
11.9004 35.0766 0.897458
-10.638 25.065 52.2105
2.43386e-09 2.01886e-09 0
1.82581e-10 2.7493e-10 0
-2.86078e-14 2.43177e-13 0
-29.7194 -3.98118 12.5003
5.96228e-21 -3.2006e-20 0
1.88192e-10 1.56103e-10 0
-6.38093e-11 -4.69771e-10 0
-3.15534e-09 -7.06863e-08 0
-37.4197 -13.6575 30.3155
-1.16004e-12 -2.76279e-11 0
1.97409 -12.795 8.81117
7.76666e-18 3.97765e-18 0
-5.02925e-20 -2.52254e-19 0
-0.122604 -3.02899 3.79093
5.97866e-05 0.000486912 0
-3.35273e-13 -1.1066e-11 0
0.000191324 -27.6332 38.7628
0.000324844 -27.8908 2.33086
2.68068e-16 4.00915e-16 0
2.0945e-18 -2.87225e-18 0
1.74891e-19 -1.58386e-19 0
-8.42156e-15 -7.16841e-15 0
2.40944e-13 -1.83451e-13 0
-2.98072 -22.5038 6.26626
2.71637e-17 -4.08919e-17 0
8.02702e-12 -2.2339e-12 0
4.88272e-05 -2.78414e-05 19.6659
3.94833e-05 -2.08105e-05 40.9588
0.000111866 -4.43207e-05 20.469
-21.7179 -2.33921 6.81936
-4.30693e-05 -5.33264e-06 0
-18.8015 8.51486 22.349
1.42702e-15 1.31032e-16 0
-5.35407e-07 1.09051e-06 0
3.83571e-19 1.62861e-19 0
-3.37022 10.2534 12.2917
6.99607e-16 5.50744e-15 0
-3.39948e-17 2.6379e-16 0
-1.03407 30.6484 15.7745
2.39658e-09 4.43532e-05 0
2.99212e-15 4.13533e-15 0
51.4662 1.54877 6.8448
-6.54977 -5.55024 11.4541
-4.36301 6.15477 -0.0187232
-1.25291e-16 -2.02544e-17 0
-14.0955 27.9064 10.3201
-2.99688 -8.39461 0.22879
-0.000300912 -0.00384253 0
4.77475e-16 7.15955e-16 0
-0.787071 -24.3542 25.083
-0.394032 -23.5073 -0.162048
-8.63473 5.06391 -2.76667
-1.85684 -36.0368 15.5207
-7.35839 15.3451 0.636275
5.41008e-10 -6.53859e-10 0
-11.3228 6.74895 6.29581
1.1185e-18 -9.71181e-19 0
1.71923e-14 -4.85556e-14 0
3.30474e-19 -5.5318e-19 0
2.52935e-05 -2.55018e-07 19.6674
3.66747e-05 -3.02544e-09 40.9813
0.000156066 -4.01042e-07 20.4886
2.94919 -9.89701 19.0152
-1.02568e-14 -8.72292e-15 0
-10.4507 -4.89703 6.34862
-47.5897 12.4057 32.2668
-13.1963 -2.23324 32.8823
43.7988 -33.5085 18.8048
8.64475 -7.90767 29.3514
2.04674 -2.35807 10.6782
1.59333e-20 -1.36981e-20 0
-1.49601 15.9857 25.0382
-1.51205 12.6696 18.2326
7.4748e-06 2.79309e-05 0
-20.097 1.14296 17.719
-1.5031e-17 -1.06703e-16 0
-6.99696e-11 6.9476e-11 0
-16.1772 30.0762 15.2687
-5.6455e-16 -1.66505e-15 0
3.07433e-13 2.94864e-12 0
1.04613e-10 1.76375e-10 0
1.45097e-11 2.67031e-10 0
-0.793767 -24.476 25.4646
0.265073 -3.56619 15.436
-17.1962 -12.9551 5.58216
2.03549e-18 2.04071e-18 0
-31.1936 10.1007 2.50609
3.17445e-12 5.81601e-13 0
-5.81645e-18 -2.83082e-17 0
-3.03168e-18 -4.09943e-18 0
5.31322 -42.8913 3.75271
6.41889e-13 5.85189e-12 0
0.000238764 -2.17495e-06 19.6662
7.52363e-05 1.37021e-05 40.959
0.000380521 4.17419e-05 20.4694
-3.29401 4.34668 15.9957
5.63484e-15 -6.32074e-14 0
-12.1451 -10.8538 13.555
3.19565e-14 5.38837e-14 0
-12.1915 7.77762 5.59675
-0.744612 0.823612 0
-2.64 -15.0553 14.585
1.72713e-11 2.90916e-11 0
5.04584e-11 1.93081e-10 0
0.000190982 32.082 36.0969
-0.231962 27.6795 3.39275
-4.44619e-11 -4.23098e-11 0
-5.70761 -13.5105 -0.47567
-7.55418e-19 -2.52689e-19 0
-1.5056e-16 -2.29263e-16 0
20.6191 11.8974 -5.59691
-7.01187 -29.5922 8.87249
-16.7286 9.16032 11.3593
-2.15643e-08 1.58874e-07 0
5.47519e-21 1.69932e-20 0
12.2236 53.918 39.106
-5.09954e-19 1.02537e-17 0
-23.082 42.0403 -2.0418
-24.6787 1.30263 25.1335
2.39259e-14 4.03291e-14 0
-2.94931e-07 -8.50132e-08 0
60.0857 -16.1918 -1.34541
4.22501 -51.7106 16.9354
-1.50422 -0.883806 11.329
3.1544e-10 -8.77865e-11 0
-1.21371e-11 8.94345e-11 0
-63.273 15.1565 6.00587
24.4171 23.1625 6.03437
2.93329e-21 -9.09603e-21 0
-12.3833 6.51846 11.2794
1.01285e-15 -7.48428e-16 0
4.61809 -45.8611 0.85205
-1.84899e-16 -4.88872e-16 0
-3.02981e-16 -8.93727e-16 0
-1.05415e-15 -3.3362e-15 0
-1.20165e-12 -3.18574e-11 0
6.41884e-15 -1.23547e-15 0
36.7343 -31.8436 54.2234
-0.007566 0.0557457 0
8.8415e-19 2.89162e-18 0
7.45824e-19 -8.9538e-19 0
24.7313 -30.6574 15.0048
-6.00578 -8.35152 42.6517
5.64045 -15.8458 6.51741
53.6577 24.3334 7.31647
5.00138e-10 1.02057e-09 0
-18.1429 -37.4133 2.32637
33.7854 7.28761 6.53963
32.0984 -1.05207e-05 36.0845
28.0785 0.000269409 4.26067
-1.83057e-11 2.08197e-12 0
0.284643 -0.622567 19.9472
33.9546 16.5992 11.4621
36.3663 21.5967 -5.52211
-4.48797 -8.82613 23.8879
7.26962 2.87905 4.39145
-4.17029e-07 3.05806e-06 0
-23.2676 17.1476 2.59292
5.20061e-13 4.32521e-13 0
1.24522e-21 2.06254e-21 0
-38.3505 46.4774 3.71101
-35.9441 27.3099 3.70554
1.48481e-10 -3.14225e-11 0
-31.8456 -3.46612 1.21213
-27.5172 16.0167 13.4034
10.8046 -56.5161 4.30588
-10.9748 -10.4678 13.2886
5.16598e-09 -1.43768e-09 0
-1.05125e-07 -7.56489e-08 0
15.242 -27.3207 19.0483
1.52242e-18 -1.67232e-18 0
-52.8849 81.6321 22.4394
-5.51517e-06 2.61919e-05 0
-1.72929e-08 6.17011e-09 0
3.04601e-19 -6.9877e-20 0
39.0999 -38.5932 5.92389
-18.144 7.91573 1.93259
-2.11192e-10 5.03043e-10 0
1.24837e-09 2.55472e-09 0
1.6976e-14 9.5947e-15 0
4.129e-20 -1.66878e-18 0
32.0723 2.10694e-06 36.1091
28.085 0.00216183 4.24226
-4.12536e-15 -1.39534e-16 0
-5.55453e-16 -8.38848e-16 0
5.02207e-20 -9.24259e-20 0
-10.4794 -1.3312 15.4215
35.1874 -14.3618 42.1372
-12.7454 -10.3523 5.07615
9.69249e-18 1.55606e-17 0
-26.807 34.1257 40.2108
-20.0625 -2.24917 16.2841
7.68334e-19 1.01454e-18 0
-28.2313 53.3812 -4.99417
-37.3351 -24.6748 -1.35555
1.82886e-18 1.13059e-18 0
7.53601e-14 6.2494e-14 0
-27.9801 -13.4737 7.82062
-14.1681 -11.0192 22.5335
1.36137 27.6457 -3.36521
-45.3948 7.29998 52.8103
-29.8657 9.80155 19.8625
8.21697e-12 1.34915e-11 0
3.29531e-15 -9.3039e-15 0
-1.36247e-17 -2.23002e-17 0
-31.966 6.52458 6.54738
-1.61412e-15 2.16432e-17 0
1.08417e-08 8.99305e-09 0
-1.14308e-14 -4.70034e-14 0
-20.8839 -40.4528 6.11745
25.6059 35.3866 -6.56584
-10.7069 -16.8036 -0.6384
41.0379 29.3276 9.53177
-5.30258 -12.0306 0
32.0984 1.23157e-05 36.0845
28.0846 0.00407685 4.23712
-2.77603e-11 -4.60117e-12 0
5.89474 -36.7494 16.9687
21.2005 -36.1449 -3.8188
-9.70433e-14 1.96847e-13 0
-2.08259e-17 -1.32343e-16 0
-6.78002e-14 4.35619e-13 0
-4.15487e-14 6.69844e-14 0
-4.59719e-16 3.77213e-16 0
5.19904e-11 8.75724e-11 0
-3.71952e-19 5.36374e-19 0
2.9415e-19 3.72489e-19 0
28.3579 32.8513 11.5271
9.41744e-16 8.96987e-16 0
8.72954e-17 -1.33973e-17 0
1.04947e-20 -2.50488e-21 0
9.24949 7.6898 30.0956
2.93784 20.4763 5.12991
59.2026 7.64155 4.50162
-7.24825 4.84419 4.68226
6.21505e-13 5.15521e-13 0
5.02661e-11 1.87485e-10 0
25.0141 -22.5177 6.15895
-11.3453 -26.2576 12.1244
-1.39861e-20 1.28463e-18 0
-4.76877 -10.0049 -1.42897
4.57163e-13 3.79204e-13 0
-9.5831e-18 -1.38591e-17 0
2.15136e-16 -2.13318e-17 0
2.0208e-14 3.40646e-14 0
2.5979e-18 -3.44801e-18 0
