# vtk DataFile Version 3.0
water particles
ASCII
DATASET POLYDATA
POINTS 2541 float
-2.03058 -1.07991 0
2.04732 -2.80668 0
-78.973 69.749 6.61903
0.504888 1.49034 0
-17.5786 -4.40805 0
-23.7186 -76.573 91.8934
41.7235 38.5579 0
152.923 -138.208 0
5.15466 -58.5385 0
8.16631 1.65692 31.2277
-12.7866 -23.5428 0
-3.04084 -121.236 0
-39.505 -91.0929 138.748
-0.248751 -2.30689 0
19.5803 8.83124 0
-6.49168 -6.22638 0
16.8203 23.3791 0
-5.33225 18.0735 0
-116.616 -138.944 176.349
79.9444 -46.3812 149.619
3.21839 -1.12818 0
55.185 -26.8251 8.8591
3.71343 88.8093 0
-87.8059 -0.300026 110.39
-89.2063 -0.312649 2.51973
17.1531 28.1192 0
0.212703 1.22659 0
-86.4604 -43.8999 0
-90.8477 -50.0575 11.8866
-122.614 102.627 164.218
0.409004 84.3662 57.3011
-156.791 70.4814 64.7493
-65.5991 -51.088 0
-0.195664 1.49647 0
-2.58826 -4.2261 0
8.22046 -70.2883 0
74.27 13.0583 36.7981
30.4702 41.716 36.4683
31.3583 -2.4673 0
1.86033 25.5184 0
18.8088 6.48051 0
-0.468553 1.58001 0
56.2876 126.255 276.628
-2.56312 0.909979 0
-143.555 -13.3305 19.2268
-4.37057 1.80064 0
4.42663 4.68923 0
-3.58855 -7.01801 0
-5.23337 -6.57562 0
-18.4025 -28.3886 0
-7.04204 -1.11562 0
54.5289 8.55213 31.2051
168.355 -73.1682 0
-76.2645 -66.9471 12.3499
-2.48184 -3.84299 0
-2.3849 0.92505 0
-87.7136 1.3446e-05 110.46
-89.2087 -0.00635785 2.53709
-14.7739 -28.039 0
-32.342 27.3781 3.56751
12.5427 -5.06107 0
7.05538 -1.87128 0
14.7617 -34.9008 0
27.9989 -55.4449 1.51242
79.4095 -52.5493 125.878
1.72952 1.79646 28.235
-48.392 20.2465 0
-1.3927 -5.96343 0
-2.54232 -1.53324 0
-3.13393 6.97838 0
0.801377 19.6293 0
81.648 93.9183 34.0079
-10.3038 3.87986 0
8.86139 50.6358 0
69.3068 5.62239 0
-161.337 -10.8323 14.3867
7.19409 -27.6379 12.5893
0.393883 1.7884 0
-41.055 265.714 47.0643
0.502913 1.90864 0
40.4203 8.37878 0
-33.8097 21.9824 0
2.25956 -5.1136 0
-3.70548 -8.58064 0
0.111063 1.2987 0
-0.205605 -3.3131 0
43.4763 -191.515 7.69889
-2.56101 2.37464 0
-0.689761 -1.98985 0
-87.8059 0.300038 110.39
-89.1892 0.299693 2.59512
-52.86 17.3409 0
-204.392 44.1391 16.4306
-1.70981 2.65476 0
30.5192 -38.8847 12.2997
30.9445 -1.01344 0
22.3577 26.0072 0
-84.2946 -12.647 36.3877
28.6393 50.244 5.28916
-0.561205 3.65332 0
-25.818 130.561 122.225
-2.65862 -0.58079 0
40.7656 -32.0601 0
-8.02697 7.14273 0
46.8875 -75.909 6.38937
6.3673 -6.61419 0
-33.7454 94.2118 0
93.0894 -0.47176 190.647
59.1458 9.70484 10.3461
46.4868 37.1466 92.3864
-2.32708 0.395731 0
3.24127 4.73973 0
-77.1219 -71.7549 6.22671
-2.3459 0.576754 0
-26.329 59.1773 0
69.7533 -108.178 17.6584
33.5681 -28.6532 0
4.05899 -30.7457 0
39.9499 201.186 158.219
0.0818673 -3.11213 0
-1.42641 3.61873 0
-0.711523 -4.35616 0
-1.01902 -1.81484 0
-0.988673 -17.7738 0
-2.1592 -4.58467 0
82.474 -35.8707 129.861
-0.983685 -1.27308 0
4.72129 -21.081 41.5783
5.29206 12.6779 0
-2.9711 -0.0855074 0
23.4158 68.9975 4.01021
-2.30247 -2.83817 0
0.25536 2.75369 0
-0.900803 -87.1484 110.422
-0.175922 -87.3443 0
-17.5181 -28.1254 31.5912
47.7409 49.5892 34.4811
9.03373 -12.4124 0
-12.2996 44.7658 18.3469
68.5926 -100.88 38.997
-61.9398 5.37478 5.14241
13.139 -177.252 77.6638
65.5257 -18.1034 33.5161
-0.900031 -0.300242 51.5889
-0.900124 -0.300065 118.015
-0.900529 -0.300385 53.7593
46.3681 23.6325 0
8.78081 1.09828 1.08763
35.6637 35.0236 66.0408
-18.318 11.028 0
112.687 105.87 151.191
1.6541 1.74894 0
26.7674 83.851 180.922
0.275179 1.34701 0
-88.4702 55.8095 12.6493
7.88414 95.1667 37.7321
-0.900965 24.6826 0
31.4581 2.30837 0
-3.73194 0.411237 0
70.0656 -30.087 40.9499
0.510997 -1.65549 0
3.27793 5.15332 0
-39.2782 -88.5414 0
-83.7924 109.843 29.9186
49.966 -64.2165 73.2746
61.9989 -84.4404 102.086
9.29962 -76.3684 64.377
-1.76864 -53.1532 0
6.97175 11.9859 0
-461.191 -152.664 173.048
10.8773 1.40794 0
12.0337 -99.5167 0
14.3168 -35.0923 0
2.25904 4.61966 0
-4.8217 -1.43727 0
-1.31813 -82.9156 50.0746
-0.900016 3.65479e-05 51.5927
-0.900115 4.65488e-13 118.085
-0.902253 0.000351968 53.8208
-2.87098 0.0650593 0
13.683 -17.5619 0
18.7819 1.59964 26.1705
15.5658 5.6002 34.2428
27.3271 8.12703 206.136
-4.22124 -19.1408 0
51.1653 8.63745 61.1992
63.6697 1.52333 78.2668
8.87552 -61.375 0
18.4527 42.5492 66.4302
-0.902053 43.7933 45.8992
-4.8499 -16.3063 0
9.00397 12.4412 10.6801
-50.8335 36.9101 5.43587
17.7179 125.482 0
-2.00942 2.2764 0
-1.74759 1.68249 0
-2.24822 0.608149 0
-7.6246 -38.3995 4.96113
-8.89522 123.084 0
9.22346 -76.3091 65.037
3.94566 -11.1859 35.0717
37.28 97.5407 9.08977
2.50887 -18.9785 0
73.0865 15.6163 124.95
-61.4766 -41.7655 125.63
45.386 -70.5663 0.282643
0.960325 3.46219 0
62.7218 145.176 58.7427
-0.467011 0.160318 0
-0.900098 0.30012 51.5892
-0.900124 0.300065 118.015
-0.90358 0.300369 53.7602
-25.5787 -59.7198 76.8003
7.15668 8.53426 0
26.9819 -58.5189 48.5697
0.171358 0.4501 0
31.0456 -82.7014 2.15456
21.2353 -14.0125 5.23248
36.2742 -37.2861 0
-1.21109 -3.06564 0
-1.72938 1.9301 0
-0.900591 101.081 102.072
-0.900675 82.6959 0
17.7864 20.3824 0
-6.60436 -25.3532 9.51751
33.7721 83.5954 47.8969
-4.17509 -13.9382 0
42.0603 65.9944 69.9244
54.298 77.6606 0
6.69964 1.18642 0
134.158 172.792 67.0009
-0.90373 3.41546 0
-41.0382 -251.677 247.617
-2.00433 3.04032 0
51.5609 -95.447 83.5477
53.571 -30.7504 115.09
0.828487 2.07942 0
167.1 -13.7064 143.818
169.036 58.8383 76.7974
2.05109 -3.12952 0
1.4124 -24.8661 0
0.135999 2.14556 0
-31.3722 -60.0093 13.5004
-0.991791 -10.0404 0
-249.787 149.08 0
-1.24292 -1.22018 0
77.5576 53.9123 5.38349
-2.72419 -1.15633 0
-28.828 -16.3282 0
-153.178 -4.06638 22.6161
23.2918 -9.35754 0
-0.551507 -3.38503 0
3.52589 7.19752 0
-30.6873 47.0575 0
-0.578661 -1.35875 0
0.949687 10.0985 0
-7.72822 7.12443 0
19.2954 71.0221 14.5749
13.379 2.99065 0
-17.573 -29.7173 0
2.96879 42.9488 0
19.9901 -23.4348 25.9634
2.99428 -1.59677 0
-75.6694 4.9681 0
-67.3978 -7.60762 82.2707
86.0436 9.38881 41.141
24.1091 -0.300963 0
32.4291 -135.114 131.655
-10.4683 -6.93945 0
23.0234 -60.919 134.164
-79.7395 -46.8169 240.754
-77.6886 83.4912 0
14.5691 9.91515 0
82.8072 17.364 0
61.5821 98.5565 99.4684
19.8915 -21.7445 0
-114.313 -545.828 223.209
6.68438 -13.2648 0
-5.62037 -3.20831 0
-2.26085 -0.95335 0
-1.39759 -1.62224 0
58.909 101.285 55.3215
-1.87911 -2.11661 0
-2.26996 -1.59168 0
-16.644 -3.07022 84.7587
-2.15169 3.02499 0
80.6106 -79.7314 28.5287
131.037 -172.3 92.3732
42.2355 54.5299 34.1141
-23.8246 18.3672 0
1.75164 1.95343 0
46.3465 86.7811 4.2559
115.467 37.7777 10.7897
-2.47278 0.455094 0
65.4199 94.7958 132.981
1.27909 -5.85696 0
65.5333 16.4461 0
-133.001 9.47324 5.93328
83.0082 9.4781 41.8493
24.1185 -0.00021782 0
56.664 64.963 28.0252
5.90766 0.860993 0
-105.275 -25.6127 3.91424
0.190896 -1.63822 0
1.16217 -1.55767 0
5.05473 -6.064 0
-76.3392 51.1766 21.7474
-19.8919 -0.367773 26.4347
1.23632 1.75239 0
229.124 76.1903 54.7952
-249.818 -47.6452 102.316
0.291996 20.5834 49.8715
1.15575 2.8202 0
-30.2342 -49.4211 29.3993
1.2538 4.84741 0
5.05081 -3.1621 0
18.2537 16.6958 9.99184
-97.9215 -100.476 16.1875
2.64461 -1.14865 0
22.3772 -5.49529 51.1951
-7.82058 420.986 25.464
7.11887 -7.28538 0
-3.17576 -1.63094 0
-2.13625 3.71269 0
39.093 -55.6051 35.2482
124.461 -155.788 76.4162
-2.2999 0.646195 0
50.4997 -59.9829 170.76
-2.97765 -101.835 0
-83.7092 37.5114 83.2411
-126.625 4.98984 0
86.5447 -3.16784 42.2397
24.1084 0.301078 0
262.818 -536.632 707.731
82.1267 77.491 250.926
24.2025 66.5314 51.6423
8.5138 -58.9832 12.4047
2.38343 -0.845737 0
1.4151 -5.49137 0
-8.08386 -2.43346 0
97.4167 -18.1076 46.9365
0.871905 1.68401 0
0.151578 -1.80301 0
-3.6218 7.88917 0
197.809 285.75 14.6984
96.3007 -57.9124 1.05134
0.297979 1.373 0
-289.784 30.9143 114.979
2.3983 0.467917 0
-12.9759 4.85882 0
20.6709 -122.415 2.13626
8.41343 -2.65447 0
1.48272 -2.20511 0
42.2949 70.2361 0
-18.3771 -60.7096 57.3263
-2.13984 0.0648037 0
-3.73082 -8.93364 0
-21.5065 13.0019 0
-141.521 32.1116 0
20.8925 6.88243 0
0.739581 2.74607 0
-57.7649 148.747 0
28.616 3.38726 0
-0.883178 2.56254 0
-26.2777 15.7083 0
84.6815 -7.64899 31.3151
1.62563 1.49756 0
-2.3554 0.37246 0
-2.9517 -2.88338 0
1.71789 1.42584 0
-1.06309 -1.75321 0
4.57531 4.17976 0
-6.1816 -6.36921 0
95.4118 131.624 119.655
-0.504214 -2.08803 0
-11.4594 -9.27546 0
77.8639 129.875 58.9688
0.226992 85.5383 69.4342
-28.5424 4.90579 0
-78.112 -53.3764 0
-8.85484 -4.87627 0
57.8145 15.0343 28.8001
26.1643 9.13761 75.8407
25.8936 -9.83314 0
3.66259 2.46711 0
7.67305 -0.493519 0
-9.69841 21.7433 91.4549
-67.2744 -2.52306 0
10.1249 7.7509 0
-2.33074 0.817958 0
-50.2938 10.3671 0
-132.723 73.0354 25.4568
50.0321 49.0826 30.1883
23.5322 -16.4509 0
-13.0145 -96.4638 0
26.2184 17.3055 0
-0.15607 -1.87982 0
-18.8402 24.5574 0
72.4831 -21.0337 40.0057
0.0574523 -1.99114 0
1.31452 1.2683 0
338.457 -109.044 57.9736
-2.89926 -7.76886 0
-2.24809 0.162787 0
-3.27907 -0.148738 0
-3.85682 -21.5041 0
-12.6237 19.6739 97.7009
-2.21195 -0.381172 0
26.7241 16.037 119.396
118.147 -38.9973 0
-11.9039 -49.7442 0
-0.753828 2.8663 0
-66.5513 -5.22903 0
-2.59437 -0.406196 0
6.60555 1.43456 0
11.6667 -90.4942 71.0463
50.6625 -103.253 79.0401
19.4273 -6.02191 0
117.274 33.4599 14.0713
-38.1744 16.6496 80.5809
-76.192 -0.799992 13.6681
3.99876 -6.41804 0
14.1049 -19.5507 0.650787
-19.6141 1.69377 0
-5.46865 0.418206 0
-64.7456 -100.635 1.93442
-125.383 81.738 3.77742
-161.345 48.9516 53.9119
-1.81708 3.49118 0
-0.209259 1.68138 0
-3.49241 6.28328 0
1.45077 -4.46206 0
251.298 13.2822 527.32
-2.42776 1.12667 0
262.12 -162.102 65.0365
-8.00294 15.5356 0
-174.205 42.9544 17.9414
34.8193 37.5794 97.0797
-402.205 289.275 175.261
-2.73742 1.09259 0
-18.347 13.2689 0
18.4054 -214.615 44.4993
80.5119 8.15122 40.9417
-19.5526 -54.389 0
-11.074 -4.36854 0
-2.80608 3.50492 0
-1.10935 -4.48713 0
2.64523 16.351 0
3.18489 0.296327 0
44.7662 -7.86361 48.5305
-1.03033 -1.47298 0
-0.311759 1.36204 0
-20.5514 -4.43684 91.7658
-84.7666 1.30593 0
-0.14283 -1.63033 0
77.5639 -37.3489 77.8137
101.007 -118.143 2.24726
-31.2955 33.8557 0
6.61889 3.10087 0
9.72293 -38.4366 0
-3.8527 5.7982 0
-2.27171 0.522314 0
-1.57471 1.70351 0
-12.2178 11.5259 0
-174.649 269.322 2.10935
-29.5901 -49.7764 0
-4.39879 -49.6235 6.25463
26.5094 68.4513 0
5.80512 7.56096 0
-2.2165 -5.73524 0
92.1096 141.748 136.951
-56.3757 -17.1249 116.633
-34.1832 -15.7561 0
-0.209173 -1.58381 0
-0.0542084 1.71891 0
119.144 -32.2328 18.371
-0.764841 2.33769 0
-3.87852 27.2268 0
20.2266 56.1465 4.10871
31.7264 -52.845 39.0718
-2.04384 1.51115 0
11.314 -70.1367 0
-7.42364 3.58346 0
-12.2582 139.862 14.3092
-0.633324 -4.34431 0
-0.20207 -3.13092 0
-3.28076 -18.3561 0
0.209302 -4.10105 0
-0.947773 10.0922 0
48.0695 60.7856 0
219.907 25.9394 122.778
11.9305 52.3756 7.00762
3.09031 -10.4897 21.9626
-0.124888 2.40961 0
26.4839 -1.67687 0
-7.09944 -9.15355 0
-0.600026 -72.2387 120.428
0.0931715 -86.3107 0
15.9914 -4.92624 0
4.20573 -0.114665 0
-1.73111 3.52044 0
60.5084 -134.181 168.336
-135.021 -59.0178 93.2687
-10.4021 23.8284 52.9279
-0.598951 -1.73841 0
-0.734491 4.25853 0
-0.60004 -0.300313 51.5914
-0.60001 -0.300046 118.336
-0.600114 -0.300486 54.0403
-2.00184 -1.67007 0
-26.9235 -30.0707 0
3.55892 6.18948 0
8.85899 3.25329 0
-26.1204 50.9749 85.9092
4.7933 2.49829 0
12.5976 -16.0163 11.9102
2.13498 -0.802993 0
8.71885 -132.777 7.08716
9.0564 81.0838 42.7616
-0.600493 24.4859 0
3.18258 16.9976 0
4.53314 5.24301 0
-3.7275 14.7128 0
0.873653 -5.58812 0
-2.0618 96.8551 7.48433
60.3893 -4.78915 29.8985
19.0211 16.3723 0
-0.160348 -1.54057 0
25.5067 62.4501 42.2409
10.5172 -60.3943 67.5221
-1.58657 -54.0189 0
-6.91188 16.8671 0
19.606 54.1947 0
0.778441 -7.20476 0
-29.3118 34.3163 41.4325
-31.2894 18.0898 0
81.4237 -137.653 43.7617
72.3584 -138.887 52.4821
-0.70466 1.36061 0
-0.599823 5.11423e-05 51.6099
-0.60001 2.74607e-09 118.396
-0.600256 3.52464e-05 54.0935
37.1703 -40.656 46.5792
-17.2114 -7.55194 0
79.2321 33.3272 29.0035
20.5649 10.7137 0
8.91164 -7.70594 24.5795
14.6741 21.4463 63.8757
67.2337 28.4221 164.364
19.1361 1.88958 20.9193
-0.461608 -0.153551 0
9.89661 68.2468 51.2672
-5.59103 39.3429 47.8137
29.5888 -36.2698 43.8411
-0.0476083 3.72567 0
0.899133 15.498 0
-0.370889 3.9512 0
19.4191 19.7386 0
-1.38607 -1.42112 0
3.8879 37.6875 0
9.97046 3.42763 0
1.55694 63.6254 0
10.3555 -60.4862 68.5329
4.93894 -10.4397 36.4305
1.35096 -8.8564 0
14.0193 42.8174 23.2588
-2.78406 -1.35442 0
8.4102 -22.6033 0
-1.2031 2.25642 0
27.1917 200.773 240.062
7.2868 -63.5579 0
-0.864138 -1.70093 0
-0.599908 0.300084 51.5922
-0.60001 0.300046 118.336
-0.601122 0.30024 54.0411
-59.0398 0.92086 0.733964
10.3701 -18.46 0
-1.02118 -2.26029 0
9.32877 -37.2606 80.185
29.1899 -41.3576 0
-11.2158 -36.2807 0
-14.256 -27.4262 13.4637
-61.8671 -49.61 39.8281
-3.55562 0.42146 0
-0.600039 87.582 113.459
-1.29928 86.3028 0
-0.677343 -2.9746 0
-10.8458 3.35297 0
18.829 -7.383 22.2976
-79.8168 119.965 151.306
-1.70617 -5.80916 0
-22.6825 -8.7665 0
-0.185572 -16.8357 0
7.61651 99.6562 22.3863
-0.598573 3.41467 0
-7.32857 -2.56467 0
68.3395 -0.20435 30.3211
-35.7093 89.8934 0
6.47178 6.93705 0
-57.293 -101.579 20.631
-1.42983 3.04653 0
-4.64437 -31.4909 154.755
-58.7789 -51.8043 0
8.32178 -20.6992 0
-2.54355 0.589026 0
-55.1229 12.859 0
-1.62151 -2.58578 0
-1.16983 -1.65484 0
0.237639 -2.21412 0
3.33461 -2.76923 0
0.935843 -2.27271 0
-43.0958 -23.3698 0
25.5134 -70.2205 49.365
148.242 164.512 0
1.6355 -2.2855 0
-46.3351 -111.181 127.15
2.21882 -2.85057 0
11.1294 -9.15593 0
0.507974 6.90019 0
1.41138 -4.38943 0
16.1068 -31.399 0
1.83138 -2.06106 0
2.38192 -0.170209 0
62.4588 11.9853 4.27156
19.6332 -6.61621 0
41.8132 92.6874 14.1542
-0.780043 1.64128 0
-62.5783 9.70942 0
83.5926 9.58476 42.1328
24.4212 -0.301887 0
4.12326 -4.74305 0
2.42847 -2.86379 0
98.1421 -11.7969 0
-45.18 -12.9696 0
59.6175 -38.7381 0
47.6525 -51.725 1.04947
-2.75887 1.46022 0
-1.64338 -2.83761 0
61.1819 9.09622 0
0.790033 3.59429 0
-1.65535 -4.14712 0
31.9144 156.821 196.324
-2.24819 -3.57701 0
-147.578 17.2684 23.8599
-190.477 121.827 134.21
-0.432106 -0.168821 0
-2.28405 -0.0522338 0
-2.95667 -1.31426 0
3.31003 8.28374 0
-4.50731 -7.5056 0
232.033 -10.0732 0
41.6836 56.161 33.843
-6.90196 0.552807 0
-4.98003 -3.08351 0
-110.342 27.6507 77.9068
-18.2704 100.479 85.9942
36.6711 34.6395 0
-0.284392 -9.78363 0
-0.228544 -1.3453 0
33.8752 -28.5201 44.7678
-2.64321 3.44217 0
80.6211 9.67728 42.8359
24.1795 7.08297e-06 0
20.8266 -13.4595 0
28.8424 82.8847 27.2832
59.073 235.054 204.636
23.4524 -17.1758 31.4112
80.0817 -3.95974 6.12598
26.2774 -15.1827 6.83856
-11.1825 -101.714 11.8483
9.32962 38.9509 0
-5.64146 1.71868 0
-67.0516 -103.086 176.399
-231.246 41.6911 133.638
-101.247 -142.267 18.5476
-9.44408 -5.13315 0
49.0739 -83.6597 13.6143
-2.07773 4.49394 0
10.2201 -8.60754 0
-0.0797235 1.58945 0
-0.985779 -1.43194 0
49.6662 52.9115 95.2268
-8.81084 -8.27633 0
146.893 52.0714 180.042
6.97759 -7.31267 0
-0.376181 -6.27569 0
-4.14701 2.57802 0
12.7843 -20.5642 0
81.4597 -93.9876 159.089
0.400851 -2.47723 0
11.1544 -48.2298 0
1.17202 -1.87197 0
7.26924 -3.36273 0
-227.43 79.4767 0
83.9808 -3.17098 43.3429
24.4203 0.301965 0
2.85059 -0.575318 0
-179.99 77.1632 6.44998
74.994 -29.0031 0
36.3357 -16.9527 0
1.44066 2.3321 0
-63.9418 46.3955 54.0584
23.9287 -6.4294 0
61.9292 2.59615 31.2669
0.408012 1.47953 0
9.83706 8.5747 0
10.7703 4.40478 0
-14.9124 -78.8095 0
2.05572 0.211401 0
-143.012 -86.1528 44.6367
33.9291 22.8844 0
6.17828 2.70977 0
-51.5329 -3.61889 39.4937
14.5471 -74.6281 0
26.3334 -70.6708 12.1453
-11.1153 6.94073 0
-4.73887 4.74437 0
-49.0093 19.8423 15.7657
-2.0315 -0.204739 0
-4.00525 -4.88281 0
-6.01741 6.40263 0
-55.7132 92.8073 42.9809
-47.9676 -62.2333 0
1.71552 -36.943 0
5.05869 8.07984 0
-2.00342 -0.941844 0
-0.282198 -1.59562 0
69.6818 18.318 49.0926
-85.3523 23.2052 0
-2.91649 -0.381113 0
7.34093 2.85466 0
-176.446 -113.601 0
-4.39864 -2.63036 0
3.50014 -0.196735 20.7294
-2.20714 0.142479 0
61.1942 -47.9095 20.8357
-33.9017 69.1918 0
-45.8493 -39.9876 0
-11.1535 -9.25267 0
23.6929 152.384 20.4047
1.93683 87.2587 68.9058
69.8372 -53.2422 17.1579
3.88141 -2.10451 0
-47.398 9.4259 78.787
1.03308 -5.72626 0
6.17663 16.149 0
15.9603 78.2905 49.6821
82.9335 -62.581 0
7.13281 0.168929 0
-63.8612 10.799 67.4149
-48.78 -1.96961 0
10.5929 9.24598 0
5.97282 2.39863 0
8.63454 -7.57429 0
-65.8645 22.7835 0
-7.92611 -13.9879 0
-11.7661 -0.117378 0
-30.2048 8.31846 0
47.397 -199.291 100.689
-0.304845 -1.92241 0
25.7505 59.203 0
-25.8468 -30.0955 0
2.90755 -3.08245 0
-0.656962 -1.51546 0
-0.804266 -1.70315 0
13.6599 7.29544 0
-2.49244 -1.25806 0
-2.99724 -2.53994 0
-2.19832 -0.91281 0
-3.70329 -0.430962 0
-2.47724 0.583631 0
45.4121 34.0861 111.834
-15.6688 36.6853 49.1447
5.16421 -2.09065 0
-4.06372 -4.62274 0
135.839 193.132 69.8368
-204.772 -44.293 30.495
-92.4447 140.5 0.492633
47.8729 -1.75133 0
-17.8932 89.3321 0.448915
-4.09421 2.54563 0
0.730264 -1.59657 0
-60.8953 10.9718 68.571
-39.5724 -0.864267 32.7368
11.2683 -13.1646 0
0.189553 -14.6412 0
-10.9172 -0.563943 0
-44.5715 -8.53313 11.8212
-53.768 -32.201 4.17336
2.14691 3.77064 0
-18.0868 -22.0719 0
34.8503 -25.2223 0
0.745255 1.65574 0
2.18779 3.69089 0
31.1377 -48.161 55.1924
36.5317 -61.4823 0
-0.656809 -1.49471 0
-34.0321 -18.6101 72.5248
-4.06555 3.67518 0
-82.522 66.6315 0
-2.70306 0.590064 0
208.183 -191.896 106.161
0.148996 -2.363 0
12.8337 -44.7586 50.1695
79.7527 -216.153 22.6885
-11.0575 0.0453969 0
-112.169 169.344 204.388
-3.35375 -1.54558 0
-13.2412 -183.958 77.9519
35.7091 -63.2719 25.1431
0.428553 1.81115 0
4.9106 -55.4601 0
-284.375 -79.7585 22.8112
-3.54 2.1945 91.4611
1.01187 -0.449618 0
-63.6341 -2.46225 71.4088
-79.055 0.971335 0
7.65086 -10.1348 0
-109.558 -2.25125 46.5471
-50.3075 -69.7325 7.5104
28.6664 2.44067 34.0823
-64.11 -33.6962 22.0934
0.79059 1.4008 0
0.126201 1.49006 0
-0.381059 1.57287 0
-0.613388 1.61382 0
-12.5285 12.0892 0
-1.49526 -4.65788 0
2.68167 3.09398 0
77.1564 67.2113 0
-1.61402 4.1761 0
-16.016 29.7981 150.195
-183.746 -73.73 0
60.5864 -149.7 86.3626
-2.27439 1.20916 0
-18.6178 -9.90601 87.1278
-2.12207 -0.0872784 0
-111.618 -124.74 0
4.46244 -14.4799 0
-0.418441 1.80033 0
2.58881 -10.2213 0
34.5532 25.3181 0
-20.9076 -5.36518 0
-3.18424 -0.874321 0
-3.79737 -0.584467 0
-2.38583 -4.4999 0
-2.00129 -0.144311 0
-0.299989 -3.86608 0
-0.0200558 -3.2119 0
-2.90023 -19.5783 0
0.419042 -4.12005 0
-1.03951 10.0529 0
-1.56801 -5.84768 0
81.285 -109.504 74.8105
-7.43216 53.5159 89.4047
-1.29327 9.43056 0
-35.9725 101.388 47.5247
4.62077 -8.70715 0
2.29225 -0.843386 0
-0.299983 -72.2059 120.447
0.39382 -86.3112 0
-299.678 172.792 29.5986
175.037 -485.014 242.123
-0.523485 4.19318 0
0.433582 1.25885 0
2.80617 2.41572 0
48.2101 14.4471 0
85.58 24.0645 0
0.228662 1.50288 0
-0.300024 -0.300029 51.5928
-0.3 -0.300046 118.339
-0.300003 -0.300136 54.0418
-61.4138 43.963 60.2186
14.4871 -31.7688 0
-2.53835 5.42532 0
14.2973 83.4558 70.1003
-143.806 94.4154 163.771
18.0102 62.8496 34.5385
20.3708 9.07742 0
53.8876 24.0032 47.5259
9.35896 -132.367 6.3282
9.35983 81.0461 42.7889
-0.300561 24.4873 0
1.79796 -45.1407 3.38407
0.958321 2.53498 0
-3.1265 -0.595768 0
9.79405 1.36523 0
-1.40443 -0.783059 34.0692
90.079 90.1615 79.0757
223.865 -280.469 72.8646
0.243306 -2.63429 0
26.6725 61.2566 45.8312
10.8247 -60.3413 67.5374
-1.28581 -54.0186 0
23.5026 -124.908 55.649
0.658573 1.44254 0
-5.13733 5.4056 0
-115.192 -56.2756 0
25.2399 -144.923 20.7465
-0.729592 -2.17014 0
-1.15704 -120.417 34.1034
63.6272 44.2392 34.3157
-0.29981 5.477e-05 51.6126
-0.3 5.95776e-08 118.399
-0.299839 4.62991e-05 54.0959
-11.8842 -15.9531 31.3296
-2.17749 -2.49048 0
137.648 -122.221 70.051
8.80229 -0.906238 0
16.3656 -0.36382 26.5159
2.58456 0.615508 0
-40.5103 47.4733 93.428
6.96382 20.8066 0
-0.018773 -1.5215 0
10.2052 68.1962 51.2896
-5.15433 39.6358 47.7494
3.33002 -0.42268 0
78.8896 1.86375 50.9473
2.67563 8.02173 0
-3.04923 1.84515 0
-76.4952 -113.022 12.4132
0.316432 -2.8314 0
-29.5214 144.699 146.639
-27.9645 86.9419 131.376
5.18487 70.44 0
10.6595 -60.4387 68.5562
5.24914 -10.4514 36.4412
-3.90185 1.90715 0
14.1944 45.5175 6.97836
10.9897 80.0196 27.2803
28.0859 46.82 44.6834
-3.72904 0.380768 0
-23.1858 -78.2851 0
-11.3272 -75.8051 5.98065
0.763469 0.128424 0
-0.299832 0.300048 51.5936
-0.299906 0.300073 118.339
-0.300072 0.300153 54.0425
9.63524 9.52127 0
-1.4382 -1.52485 0
14.045 55.5907 0
-72.6025 -91.2043 40.3001
-29.001 -61.9625 149.849
-14.2935 -42.6717 36.0741
-8.94102 48.0501 79.2282
14.0601 15.4092 0
-0.340839 1.98118 0
-0.299978 87.5519 113.482
-0.993064 86.3107 0
-0.386217 -2.97282 0
-24.1407 48.0705 24.3149
-3.28881 3.01246 0
-1.65905 -21.6065 0
6.7152 22.637 0
-12.2643 -30.9937 0
5.84821 13.8839 0
3.77897 2.12839 0
-0.291625 3.41831 0
-189.972 -87.218 81.5014
-1.19211 -75.4447 0
94.2335 110.134 186.517
-1.41887 -4.14598 0
58.5836 -0.648358 33.5343
21.9958 157.146 28.4772
-55.1304 -90.0688 116.955
1.78851 -8.85603 0
0.0401416 5.33019 0
5.72198 1.74312 0
0.582678 1.66162 0
-4.49309 -0.701481 0
8.59731 2.23628 0
2.48284 -3.10371 0
1.89689 -1.93517 0
5.52809 -4.28372 0
25.934 86.6531 0
-6.61091 6.85301 0
-11.6568 5.24462 0
36.2319 -27.059 5.41888
4.81223 4.33379 0
7.8139 -7.70607 0
11.445 -9.17923 0
7.16146 9.32964 0
1.55619 -4.13733 0
0.0507732 -3.92779 0
21.7775 98.8491 22.9261
-0.519639 6.20653 0
36.9331 86.531 1.41445
18.9477 -9.23389 0
0.452241 4.55974 0
1.04929 -0.489607 0
-28.9062 -11.4229 0
83.8916 9.58927 42.1355
24.7224 -0.301207 0
5.53982 3.28635 0
2.14784 0.283046 0
0.423779 -2.25089 0
-71.2026 -16.8155 36.6407
-22.6134 -76.5101 0
-69.028 45.4667 32.4404
126.387 -85.1458 48.374
-0.644409 1.2534 0
-0.446458 -0.118021 0
2.11216 4.15516 0
-1.29515 -4.15955 0
-53.6285 85.9243 73.2386
-33.6504 52.337 91.9857
0.351128 1.59233 0
-11.141 31.141 0
38.2791 -55.9003 0
-0.19302 1.35729 0
-1.02849 -5.29876 0
4.25933 -0.604235 0
0.440981 0.184784 0
196.089 5.88155 0
41.935 56.1825 33.8465
-149.111 105.981 0
-2.19302 2.54738 0
64.1555 -44.4255 0
23.6587 96.5471 55.7587
0.42032 -1.93127 0
42.8158 -28.6533 0
85.3178 -77.2845 39.0772
-168.853 44.7774 24.2721
-2.89891 0.249828 0
80.9295 9.678 42.8358
24.4824 0.000305361 0
0.427622 -2.33661 0
-68.5544 25.9715 50.1355
15.5857 -1.37671 0
1.04623 2.80904 0
24.2109 21.3033 0
-2.30784 0.813175 0
-6.42186 -1.52114 0
-4.41562 -2.65934 0
79.1765 144.651 165.185
-126.656 -205.907 116.416
-230.999 42.3371 133.381
16.008 -154.896 45.7724
-13.6046 -20.426 0
31.8431 7.26842 0
-32.223 9.83817 26.6774
0.626576 1.86888 0
36.2512 -19.5917 0
-0.424455 1.17818 0
0.708214 1.71909 0
1.29555 1.97912 0
148.965 42.0833 174.09
9.26 -9.81742 0
-6.81599 -8.36911 0
2.49201 2.21339 0
78.7714 -122.277 81.3657
-35.8221 47.2409 0
37.9503 84.1924 0
-19.4901 7.61826 0
1.85585 3.26523 0
-16.5325 46.3825 14.2923
-2.13131 -0.200868 0
84.279 -3.17389 43.3455
24.4699 0.301804 0
109.016 58.0994 16.115
-0.767616 -50.2912 16.8227
55.7124 -23.3891 69.8851
5.328 -1.22101 0
141.039 -40.3323 33.9117
9.35824 -0.490824 0
-25.8847 -113.561 27.8586
-3.55244 -0.299314 0
0.329993 1.47321 0
10.1482 8.59579 0
11.0651 4.35631 0
-14.7468 -80.3157 0
1.92433 -2.4659 0
47.4847 -6.02675 0
2.60298 1.36126 0
24.0371 -2.46633 0
-6.74859 0.49137 0
-0.410414 1.19713 0
-0.163642 1.75674 0
50.884 280.027 180.819
-7.59822 4.38165 0
-49.7064 -91.3446 122.432
2.77224 0.968631 0
-18.7036 -47.5332 0
165.925 -81.8379 76.7449
16.6134 -29.1032 25.7038
49.1435 -6.44331 9.32891
-41.0294 60.7681 0
-3.13909 -0.733482 0
25.5449 -113.901 18.7941
1.0705 -2.34904 0
-7.75421 -90.7379 30.0081
-111.286 159.942 109.238
-0.720251 -2.75996 0
-13.6618 -19.1061 73.1618
1.72378 -2.8905 0
1.09568 2.02175 0
-0.221186 1.41897 0
4.14276 -3.49872 0
37.6172 -19.3925 6.92962
1.50194 8.40673 0
-23.9468 -22.137 0
-10.8534 -9.25257 0
21.1616 152.326 18.0148
2.30758 85.0507 68.2787
-29.2612 15.899 0
82.5486 84.5794 23.178
180.6 -41.6746 77.2458
-44.2489 -38.6752 0
-56.7627 28.3306 52.0496
13.8411 36.9214 70.1262
5.6584 2.77621 0
3.52009 -1.93463 0
-63.5577 10.7978 67.4145
-24.7712 -0.300852 0
84.8603 104.968 0
0.974911 -1.62399 0
58.0162 15.49 0
35.4528 -94.898 26.9686
70.4418 -9.77639 0
-3.47056 -0.730453 0
1.58266 97.4696 60.2972
41.7532 -57.4826 0
2.25937 -0.410646 0
-60.1178 147.881 0
-6.65761 40.261 50.7268
3.06503 -3.24897 0
-0.203361 1.3688 0
-105.312 -53.1912 90.2077
0.474577 1.42546 0
66.0126 227.874 0
3.95521 13.7317 0
-73.046 169.194 0
-2.57276 0.327488 0
-0.514275 1.87071 0
45.9422 34.3313 111.629
-49.2011 37.5498 37.6023
203.302 -136.387 65.6377
-10.5519 -24.5287 0
25.7301 192.499 45.3504
14.6403 77.1966 2.76154
44.3696 69.0716 0
-0.726093 -0.464549 0
-3.88985 -4.71856 0
-0.614568 -4.68929 0
0.791676 1.58935 0
-60.595 10.9718 68.5725
-24.7827 0.000146137 0
-5.33124 0.934797 0
-36.5525 -3.30394 74.383
-10.2646 -0.530412 0
-7.28263 -0.254095 0
-42.6325 1.11859 0
-4.42462 3.97189 0
13.1364 -11.954 0
-3.0231 -0.0495501 0
-1.30551 1.62103 0
1.2438 1.94788 0
-18.4021 -49.7545 48.836
28.4011 -90.054 0.0415941
-21.1749 -16.9042 0
-54.1118 61.0288 49.486
-3.41457 3.48409 0
0.765482 -0.460702 0
49.7527 -29.8485 0
0.02051 2.98001 0
-1.21722 -1.2904 0
-0.117635 2.90041 0
86.1923 -214.933 20.6834
-7.92612 -7.7416 0
40.9371 -73.4268 177.428
0.70865 -33.9308 0
-137.507 -61.3161 28.9915
-0.018819 -8.37648 0
0.543059 1.38534 0
0.367731 1.70901 0
-10.1689 25.6316 0
-0.340043 -41.1517 27.1192
1.20376 1.51691 0
-63.3307 -2.46115 71.4081
-24.7714 0.301215 0
-6.53111 -18.1357 0
-109.255 -2.18847 46.591
-2.76128 -3.37126 0
-1.44211 -5.92295 0
-1.01912 3.32809 0
-13.4998 77.2429 66.6821
-2.81734 3.81579 0
-10.4333 -2.94765 0
-58.5579 35.8503 0
-12.2284 12.0891 0
2.38342 6.54019 0
-0.0419047 9.47919 0
-30.3032 56.9379 0
-0.234178 3.36928 0
158.732 42.7592 137.292
-2.93584 0.646507 0
16.9217 -5.67701 50.765
67.511 30.7814 41.3196
-95.3554 -37.2149 73.8558
-3.78669 1.25985 0
-4.32833 6.92898 0
-57.7696 -19.7968 80.4148
-25.3209 59.2358 0
-10.3441 14.7751 0
-10.0225 88.9595 0
96.9651 58.1548 0
-0.733809 -0.165246 0
0.704817 -1.70721 0
-8.27022 8.07706 0
20.2197 51.8197 22.9302
-0.00133234 -3.86626 0
0.347499 -3.49899 0
-2.59667 -19.2543 0
0.717499 -4.11989 0
-0.699258 10.0926 0
-9.82747 3.33286 0
-2.08156 -5.23198 0
-6.63525 68.7711 78.6944
-12.663 4.87242 8.87038
-35.3797 82.9885 27.0874
-2.02883 10.2398 0
0.992686 1.80829 0
1.67729e-05 -72.2057 120.447
0.692771 -86.3117 0
-4.52405 -0.326025 0
19.9566 18.8774 92.9199
-2.50944 14.1041 0
49.4746 -134.012 94.7813
-5.79763 54.6394 0.461262
-22.3595 -7.04038 0
-6.77298 78.0864 0
33.9788 73.7798 25.4983
-0.000265155 -0.300267 51.5932
1.10798e-07 -0.300046 118.339
1.90966e-05 -0.300799 54.043
20.6101 -21.5519 11.9329
-37.1343 -50.8251 15.7945
26.0542 1.62665 7.05264
8.39112 2.70532 0
-35.3539 -48.0167 19.8827
45.3709 28.8594 24.8826
-24.2939 20.2367 3.08973
2.43236 5.70914 0
9.55538 -132.438 6.15269
9.66678 81.0487 42.7891
0.000404921 24.4881 0
-3.08451 -12.1581 0
1.32326 2.4549 0
-1.22899 3.11406 0
0.869187 2.34965 0
0.0630195 -4.76385 0
-25.033 -11.8387 14.7834
-0.33506 -3.21765 0
16.4382 -8.86196 0
2.81126 -1.58823 0
11.1254 -60.3407 67.537
-0.985871 -54.0181 0
4.35106 -0.0484513 0
-4.27007 15.8126 0
149.34 -1.30394 267.986
3.1456 -10.4862 0
138.973 -22.7155 91.5299
1.8025 -1.96809 0
-13.8307 -113.625 164.307
-3.41362 -1.79729 0
1.42374e-07 -3.4919e-07 51.6115
0.00017388 5.00591e-05 118.4
0.000123665 -7.10521e-05 54.0952
10.233 65.7671 76.721
-21.5949 11.271 9.11848
-1.32866 -1.56402 0
9.398 -0.827425 0
17.3055 3.0411 24.9111
89.3842 115.226 138.731
32.7676 74.6807 72.4302
1.92536 0.836474 0
0.52175 -1.57911 0
10.5063 68.195 51.289
-4.85423 39.6356 47.7494
17.1449 -27.6465 0
-5.24853 3.00105 50.7023
-0.624621 13.8238 0
-6.0148 8.06772 0
-70.6611 -84.3544 0
0.406458 1.46665 0
-0.357191 -1.4216 0
39.6183 -17.5023 0
3.77152 54.3502 0
10.9663 -60.4407 68.5598
5.55596 -10.4686 36.4405
0.249653 -4.25569 0
17.4701 53.9873 5.05808
-8.07654 151.76 24.0192
3.33696 -13.2702 0
-2.98088 1.67412 0
0.361329 -7.63803 0
13.5751 -28.2696 0
22.6973 -105.834 64.9793
1.94717e-07 0.3 51.5927
0.00045128 0.300176 118.341
1.81237e-07 0.30012 54.0417
24.2654 -6.57945 0
-1.24833 -1.95695 0
-76.9261 163.42 38.7067
-217.672 9.11739 45.6097
0.159632 -3.71519 0
5.34484 6.56499 0
-2.12333 0.287884 0
-0.718607 -1.17461 0
0.353309 -7.26175 0
0.000369392 87.5525 113.483
-0.69268 86.3124 0
-0.0668159 -2.95864 0
-1.08565 -1.43187 0
20.2184 -20.3668 0
-94.4923 30.9303 0
2.38458 3.77333 0
-30.865 12.2519 0
0.918444 -3.42322 0
-35.9376 44.4787 44.6548
0.0063887 3.41786 0
6.97623 -0.453393 0
0.864499 6.31242 0
-83.929 85.2656 0
-3.29971 -4.68612 0
-5.13596 4.98107 0
24.2496 184.287 36.4762
-27.6423 -58.9318 49.0659
15.2754 61.288 148.763
10.8006 -14.8775 0
-19.1755 -54.1825 190.946
-1.87823 -3.67492 0
-162.574 -21.5216 4.15385
17.7579 -1.61042 16.1187
-179.814 57.3782 43.4748
98.1441 -225.926 17.5739
116.988 78.3722 118.239
-258.115 29.6571 107.886
70.2033 48.9021 0
-9.36844 37.9201 0
-22.6102 2.37037 0
-0.449428 0.407893 0
8.09505 -7.69374 0
11.7453 -9.17931 0
0.666981 6.98483 0
-6.38697 -12.291 0
1.28441 -6.68694 0
-7.30705 -4.87973 0
22.6587 -5.66796 0
-42.3895 -10.804 76.8647
22.2382 -7.61395 0
-0.150681 0.178553 0
-100.26 87.7657 16.8634
47.075 -141.892 0.73692
84.1887 9.59609 42.1309
24.7715 -0.30065 0
-24.4548 -25.9968 0
3.07746 0.498427 0
-47.4304 -24.2709 0
51.0374 64.0118 3.13705
49.0827 -61.8828 0
-26.6465 -29.6458 0
1.55807 1.77111 0
6.43713 -8.88502 0
3.18322 1.37803 0
2.92068 4.93807 0
-0.949294 -4.16196 0
24.9978 66.5508 141.395
36.2385 63.415 0
0.540057 10.9104 0
-28.9368 -343.05 80.9469
-0.121301 -0.434348 0
2.01222 -0.255326 0
-27.2243 -79.6511 169.96
16.523 -11.0219 0
45.3069 104.005 20.024
201.139 11.183 0
39.938 55.0691 33.9781
-148.886 105.742 0
-0.163555 -1.42996 0
27.9985 -134.353 0
-106.095 -25.3699 70.1962
-111.275 9.68432 20.389
-2.91906 -0.73885 0
-25.8948 -99.0939 0
14.3577 -23.5401 18.7382
34.826 130.202 26.4143
81.2185 9.67643 42.8226
24.7821 0.000604801 0
-41.9267 38.7652 94.2973
-86.8368 -8.7327 0
108.302 77.1962 0
68.5094 -27.9829 0
-15.0715 -77.0329 0.843932
-18.0946 -9.42374 0
2.1344 3.03209 0
-111.396 106.96 218.264
-0.60273 1.4613 0
1.20387 -1.76553 0
-0.348031 -1.8826 0
-27.297 -144.59 58.455
38.4762 188.287 106.383
-32.827 -19.9383 0
-49.0284 21.759 0
-175.747 -27.1234 155.169
28.1353 -9.69107 0
-5.32291 2.04743 0
51.2987 -286.529 84.3953
92.6116 -58.6985 182.591
132.964 49.8878 208.578
-50.8927 32.2652 0
-3.81629 -1.82574 0
-1.53011 2.09276 0
84.9462 -23.3577 21.7361
-23.7946 56.6109 1.33181
125.767 -9.67974 89.8964
66.7971 223.966 92.3326
92.8285 32.0987 122.032
-112.095 68.3547 94.674
-0.537007 -1.34516 0
84.5765 -3.17924 43.3414
24.7712 0.301578 0
1.93213 0.505208 0
-111.514 -21.315 17.7484
-8.6224 -8.4493 0
4.60655 3.87004 0
112.907 224.321 62.4654
54.6723 -93.5663 49.2766
0.427561 48.7999 125.403
-107.42 -147.818 273.814
-3.11299 3.79157 0
10.4484 8.59586 0
11.7168 5.27774 0
-14.3155 -80.3122 0
14.1815 -11.1126 0
22.2658 -162.514 0
-44.8719 -117.494 26.4161
-2.16964 2.72707 0
105.169 63.201 93.2028
26.9319 16.3389 0
114.165 20.8492 33.1625
1.05567 -3.24868 0
-7.48751 2.91 0
50.936 -122.412 15.7028
0.322443 1.49293 0
-0.736364 3.6472 0
2.4369 5.2568 0
0.35159 4.52127 0
6.50532 -6.22096 0
-11.2644 -14.3369 0
46.4791 15.7283 0
475.046 56.4066 44.3306
1.74835 2.25457 0
42.4516 -112.999 59.8672
41.8037 -24.2716 0
-1.64729 -1.47583 0
-73.9871 -142.02 145.662
-4.88619 -7.39758 0
-5.72367 66.5629 42.094
-6.69176 94.4219 0
-41.8319 22.8292 0
-2.1205 -3.06839 0
-14.0483 59.3699 28.7309
-25.1709 -23.6333 0
-10.5532 -9.25249 0
21.4699 152.327 18.0405
2.65837 87.2649 68.9718
-84.5047 -13.5294 20.3615
-25.0232 -6.62713 32.5434
5.11806 -1.06137 0
-2.68085 -3.47641 0
-2.8076 3.32243 0
-151.171 32.6457 4.39063
0.572316 -1.68645 0
-53.9259 46.0721 0
-63.258 10.7918 67.4213
-24.4699 -0.300652 0
142.366 60.2398 86.5102
2.27444 4.38525 0
-5.20699 -0.617604 0
-83.5056 38.6672 0
0.805389 1.25471 0
-36.1918 -46.1844 0
30.0366 141.685 254.541
-29.906 -9.20075 13.5362
1.57637 -1.77379 0
-61.131 149.076 0
-5.7681 -67.7739 37.8113
3.07944 -2.87162 0
-2.48539 0.969192 0
156.894 -64.7429 14.3837
-2.07236 -4.04589 0
2.05736 -1.61432 0
0.349763 1.98142 0
-4.12357 1.39823 0
0.651423 -1.8678 0
0.67537 -1.94361 0
46.7813 31.1978 104.57
-50.2249 37.1791 37.3627
111.32 -3.48924 0
-4.59595 -1.93849 0
2.61295 -111.128 0
3.47212 2.19267 0
-215.24 -18.463 126.876
-73.5782 -70.9763 24.6688
-107.587 -75.2868 24.8068
73.4409 -9.07704 46.7386
-2.09341 1.56423 0
-60.2975 10.9735 68.5905
-66.7282 -5.4648 0
-6.6852 2.57879 0
-2.32395 0.713422 0
-9.18275 -0.514959 0
-4.15991 -1.71679 0
-42.3128 1.11791 0
19.0351 33.0103 33.9344
-79.2867 -64.1011 56.4512
87.6104 -57.5378 48.4912
1.5424 1.32228 0
1.58744 1.88632 0
-19.8436 -48.4404 49.1781
1.52883 -7.73334 0
1.983 -18.868 0
-2.10649 4.60937 0
-67.8318 -10.4613 34.9148
-24.3281 7.16698 58.6481
2.0523 0.856938 0
-114.716 31.5851 271.407
32.1478 15.0752 10.0546
2.39386 -0.192949 0
84.8935 -216.329 19.836
-7.62188 -7.75568 0
-81.8186 4.91608 152.301
139.961 -58.1647 1.64613
15.2629 19.0213 0
-0.171223 2.53711 0
3.03532 -1.73447 0
-5.40391 -7.73126 0
-24.6087 -39.3801 0
0.0839005 1.78759 0
0.55519 1.6992 0
-63.0319 -2.45728 71.4129
-24.4701 0.301639 0
-9.28264 31.4541 15.864
-108.996 -2.06584 46.7291
-2.48746 -8.52639 0
3.00656 3.3929 0
25.2675 -195.841 93.4066
36.9256 -24.9534 39.3646
-19.3078 13.7424 0
-85.7972 -104.473 0
31.6712 36.1755 0
-11.9283 12.089 0
-2.10871 8.44982 0
40.6473 24.6423 0
-15.9988 -5.28204 0
-2.10455 0.0591553 0
-182.523 101.062 9.68502
-33.6211 12.664 0
-50.8818 -24.8419 0
-51.6099 30.0867 9.04974
-44.1846 49.3739 33.6434
50.104 1.72628 0
-110.047 -126.051 2.71765
24.1953 2.29044 0
-1.48904 14.9623 0
42.4203 -21.5899 0
16.1291 2.64065 0
6.37578 209.169 169.141
-5.67596 -11.66 33.6948
2.39667 0.51327 0
-4.97384 -15.0201 0
-3.66149 1.40977 0
0.297738 -3.8636 0
0.861937 -3.31497 0
-2.28188 -19.2515 0
1.01264 -4.12283 0
-0.253403 10.1022 0
2.55885 -1.33373 0
-51.2234 -85.9671 53.8643
2.9346 96.726 57.9672
10.7274 3.37435 0
35.7568 75.6634 21.0044
-4.13281 21.9567 0
0.284299 -1.37957 0
0.300016 -72.2059 120.447
0.9928 -86.311 0
29.9593 44.2876 85.8017
12.7208 0.24883 0
-1.72922 10.3553 0
62.7411 -134.306 104.545
2.26886 0.576104 0
-1.86696 -0.381431 0
58.6004 -78.9093 68.7797
35.5843 22.4031 7.02938
0.300345 -0.300346 51.5934
0.3 -0.300046 118.339
0.300461 -0.301128 54.0436
8.09699 -1.82538 0
-8.35399 17.3578 0
68.4963 21.2372 69.604
8.71955 2.87361 0
-15.8488 2.44136 0
81.6284 -139.617 23.6193
24.5015 9.62854 39.986
34.1284 52.1067 0
9.73388 -132.689 5.47418
9.97409 81.042 42.785
0.301061 24.4881 0
5.29559 -0.630698 0
1.52891 2.42758 0
11.8415 22.9815 0
52.6465 -34.4515 55.8891
4.65392 -76.8529 0
-10.0367 13.4011 0
16.0298 13.794 0
-30.5324 -8.68404 0
2.68909 -0.364135 0
11.4257 -60.3409 67.5357
-0.686186 -54.0191 0
-34.2329 -53.9595 0
-34.8252 -0.691654 0
-129.198 -198.307 200.904
-10.484 42.3929 45.9934
47.4812 58.56 19.149
11.867 9.90411 0
62.377 -104.303 93.9036
48.4868 69.0564 6.00042
0.300001 -5.58473e-07 51.6115
0.30006 1.7338e-05 118.399
0.300182 -0.000156529 54.0953
4.32275 -3.21619 0
-4.57149 13.814 1.114
-4.48369 0.377165 0
8.99466 -0.987232 0
16.6264 2.77642 27.2096
4.8426 7.95453 0
52.5048 80.1707 91.9307
13.1942 28.1038 0
2.00666 -1.11183 0
10.807 68.1939 51.287
-4.553 39.6349 47.7499
-2.59644 -0.306774 0
-0.15799 -0.139571 0
1.55507 -4.67575 0
8.93909 114.258 0
2.2248 -8.34026 0
-0.697916 1.44313 0
-2.68025 0.257169 20.7697
67.8854 157.925 0
1.18885 16.7783 0
11.2717 -60.4361 68.5513
5.79415 -10.511 36.4712
-5.28102 -2.15415 0
10.6358 11.4891 0
3.5115 9.78228 0
-68.6788 2.96364 91.8465
0.514914 -58.7408 0
2.2447 -1.29591 0
-3.10838 -38.4234 0
-25.1236 -26.5509 0
0.300062 0.299988 51.5934
0.300277 0.300125 118.34
0.300121 0.300148 54.0425
-20.8014 98.55 14.8347
-265.972 -130.899 20.113
-83.4155 -27.515 61.7973
-1.71498 -17.7083 0
-23.4378 -48.3534 0
53.3953 44.0065 73.2001
8.88877 5.8915 0
-78.6745 -9.30485 226.387
30.7855 34.5791 0
0.300331 87.5525 113.483
-0.392716 86.3119 0
0.237044 -2.96295 0
-1.11004 -1.22909 0
-3.41589 -35.0124 0
5.81286 -3.61977 0
2.44952 72.4032 3.71673
2.48261 1.76556 0
103.618 38.0833 79.4036
1.27342 -1.82348 0
0.304747 3.41822 0
9.06774 -2.96032 0
-39.988 -10.0141 0
2.83746 4.54807 0
-2.95806 -4.6845 0
15.6194 -2.4603 221.827
1.82797 -1.53673 0
7.44568 -78.5313 60.8546
-5.8947 -22.3111 0
-27.0737 53.841 15.5228
203.987 303.747 112.832
3.19242 -3.15049 0
-83.9016 -88.1997 47.2394
36.8116 33.6593 0
1.92645 -1.97248 0
-4.91236 -4.18762 0
8.32684 -4.88693 0
3.466 -2.84834 0
-26.9558 163.055 18.958
-7.30327 -3.78875 4.52094
-24.2671 7.30465 0
245.355 -120.526 42.8594
8.28587 -7.70311 0
12.0455 -9.17947 0
0.630154 7.11077 0
1.16945 -2.80977 0
1.81555 -3.28358 0
-18.2293 -54.8629 9.32094
4.64852 5.22999 0
-2.63047 1.56945 0
37.4611 -11.8614 0
2.22398 -1.16955 0
2.1913 0.0330651 0
-110.256 299.705 10.6704
84.5018 9.59804 42.1472
71.3277 3.79485 6.2264
-26.4577 -24.4746 0
-84.7806 -81.3948 7.66867
50.9064 207.521 33.7912
-68.8786 -138.131 194.553
-171.365 -4.97643 35.7769
-104.355 -21.5298 35.2609
31.7251 56.9812 5.76104
8.13805 6.19984 0
9.11823 9.3722 0
-60.0588 -158.401 102.606
-0.339865 -1.79517 0
49.2588 171.633 126.604
0.183261 0.148392 0
167.737 197.741 242.334
-118.098 -85.2291 34.171
-0.369684 1.20248 0
2.61174 0.699934 0
13.5031 -163.724 23.0018
89.8467 -34.3058 275.367
1.56087 -2.23323 0
104.728 37.6607 0
-0.247837 60.8909 37.7801
38.0668 26.9675 101.47
1.98861 -1.46025 0
-72.1576 11.7973 0
-2.96272 -2.67707 0
2.00554 0.0048405 0
-0.927748 12.9546 0
0.297204 -2.30034 0
21.7454 68.3819 77.3842
-26.8978 63.8562 112.714
81.5279 9.67638 42.8351
44.9521 0.200708 29.121
-101.752 -32.51 0
2.75959 0.418042 0
17.7458 -1.52333 0
0.89262 -8.15502 0
71.5058 -14.8009 1.19237
-187.355 176.291 64.4562
-75.4877 -39.7217 0
-40.7877 -10.0983 0
88.8995 149.832 13.334
1.26371 -1.80608 0
4.243 6.69914 0
73.9519 -126.472 82.5508
-40.3848 -41.5925 7.58166
-57.2152 -28.0746 19.8947
11.3376 6.65657 0
14.003 71.0922 0
112.906 -116.535 0
1.25088 -1.85909 0
4.52703 0.778045 0
162.488 109.254 4.43802
-349.521 288.99 359.199
7.87887 -7.26752 0
238.382 -126.28 111.977
1.95246 1.76877 0
-0.0614434 6.79556 0
3.60503 -3.69543 0
-130.597 120.645 48.6604
5.0389 -26.3387 0
148.433 108.443 99.0206
2.53787 -36.3813 12.5629
1.52034 4.04804 0
84.8909 -3.18319 43.3581
50.2316 2.41508 0
-78.6461 126.612 49.4406
-1.93133 -3.66259 0
-46.9429 46.3879 59.4784
-110.502 -119.101 5.85488
-64.2981 -174.638 5.09971
4.96941 -5.87798 0
67.871 31.4611 16.8303
-46.1009 -1.14538 0
-7.95861 -38.2523 157.527
10.7487 8.59602 0
60.0815 101.53 0
-14.6044 -75.8087 0
-62.5758 4.60068 0
28.2329 -6.34155 0
-3.84371 -4.04603 0
-35.5372 -13.3208 0
51.7287 22.461 13.7917
86.1614 207.999 6.59329
2.16816 -0.545288 0
-21.5262 -8.82049 59.2188
-4.3183 3.30824 0
-6.07339 3.2126 0
3.60345 6.59818 0
29.5851 22.341 44.7389
3.13192 2.71206 0
2.4432 9.17518 0
-27.2284 36.8244 104.929
5.04715 -3.89777 0
2.09101 -0.483343 0
-7.27846 97.473 22.0462
1.59632 -2.54488 0
3.39523 -5.69048 0
-3.83745 1.93084 0
29.1401 -70.2473 0
55.054 -106.452 0.543449
7.5261 1.39347 0
3.69839 -1.92203 0
-1.36454 -2.2301 0
1.90245 -5.06919 0
32.8052 -31.2313 0
0.043054 8.26425 0
-18.95 -18.2393 0
-10.2418 -9.19908 0
21.8637 152.377 17.9264
2.85033 87.6321 68.3617
50.6037 -86.5725 0
-28.0914 25.1215 28.4735
98.191 79.1535 15.2346
12.1104 110.905 53.9423
115.791 90.5459 7.47147
134.038 170.492 33.9859
4.72348 68.6901 0
2.34147 0.868301 0
-62.9613 10.7901 67.4194
-24.4205 -0.300663 0
-0.177392 2.08554 0
-0.1686 1.55566 0
-2.03663 -2.23798 0
-30.0757 -28.4828 0
-118.728 12.5654 3.37738
-53.5013 -137.133 0.128468
-2.67384 3.23058 0
-0.138098 1.90439 0
2.55418 -2.11554 0
-62.9845 162.847 0
-39.6491 -55.2092 39.7469
3.58541 -1.21571 0
43.2796 -29.1743 0
27.9438 -18.4951 0
-2.65389 1.76387 3.26369
-0.157523 0.417313 0
68.9647 154.731 46.2618
0.848098 -1.77559 0
82.495 8.35544 90.7559
2.26715 -0.852095 0
40.5142 41.0351 128.043
-49.92 37.1537 37.375
-23.9132 -9.1413 0
19.967 41.4751 0
86.3005 133.779 0
-3.26891 2.01023 0
-6.41381 -6.11026 0
-72.8878 -39.8768 1.7391
-38.9641 -37.1631 0
2.24686 0.357674 0
42.5444 65.3103 0
-59.9954 10.9724 68.589
-24.1784 0.00112212 0
-4.48733 -0.314602 0
130.965 84.556 29.2948
2.52239 -3.45865 0
51.8704 53.1083 1.56085
-32.577 7.60516 0
22.7979 117.349 36.8144
-0.894553 6.64406 0
-28.3927 -2.35587 0
0.240647 1.83238 0
2.84221 1.20192 0
-19.5565 -48.4093 49.1891
164.615 110.193 22.8216
-50.709 -40.4794 38.3843
11.2132 -5.31789 0
3.30224 -0.475761 0
1.20975 1.5901 0
44.3159 -60.0917 115.298
37.415 -25.0311 18.7066
-32.3385 -19.3798 21.7301
-42.6998 -41.7519 36.5316
23.7061 -218.832 25.9528
39.788 -74.8535 0
2.60281 -1.12987 0
2.3917 -29.3601 0
197.254 155.559 91.7062
-147.067 -224.38 102.016
-0.146959 1.62169 0
2.15317 -1.07892 0
-8.64161 89.8952 37.6287
1.99054 0.402892 0
-121.276 80.8601 95.3042
-62.7376 -2.45544 71.4113
-24.42 0.302157 0
15.0118 83.6293 92.3961
-113.828 -1.15696 42.3575
-1.46898 -18.4075 0
0.26805 -3.98073 0
1.08428 1.57823 0
-21.724 -41.0987 18.3795
-12.4392 -6.66489 0
-49.0331 -7.08901 34.5415
0.709685 1.43448 0
-11.0384 11.4348 0
0.185513 13.6658 0
38.7508 23.2379 0
-22.062 6.67129 19.7926
0.589619 17.2628 0
-0.128469 -2.15411 0
-0.148645 -0.428073 0
1.93773 10.8901 0
-1.20597 1.50866 0
-53.6817 -31.8972 39.4144
0.134352 -1.45057 0
-107.532 -118.326 0
-59.3165 -40.8813 29.7748
-24.2155 -90.0254 105.121
98.9274 63.341 10.4397
86.3992 -18.2645 82.6946
10.8355 261.325 48.4535
150.078 22.5356 20.7326
2.6436 1.75594 0
0.784377 66.6405 18.7846
38.4861 112.507 171.481
0.600784 -3.85387 0
6.14966 -1.32296 0
-1.99465 -19.2381 0
3.2878 -12.9621 0
-2.72368 8.25274 0
3.39331 -4.88001 0
-0.459216 0.185513 0
4.89596 7.07631 0
39.305 118.038 83.3254
-0.393243 41.6392 0
25.3406 129.082 113.015
-0.539012 -2.16232 0
0.600065 -72.2387 120.428
1.29959 -86.3031 0
-1.67698 2.2231 0
0.0151363 -3.36851 0
-0.264279 3.52689 0
-26.9652 -163.256 97.9918
0.728162 16.423 0
-3.27306 -30.6033 225.98
-64.6917 -66.031 169.97
-13.6383 -6.03399 0
0.600639 -0.300365 51.5912
0.60001 -0.300046 118.336
0.600545 -0.300458 54.0397
-16.3801 -6.91675 0.160449
13.4745 -12.8851 0
-9.56628 22.5817 0
6.78775 4.97546 0
7.50726 5.69447 0
-3.26099 1.8925 0
-7.19077 92.7857 66.1128
98.3387 -38.8782 180.35
9.2501 -133.468 4.39941
10.2705 81.0828 42.7584
-2.99493 82.4988 0
-14.8945 0.205795 0
1.29634 2.57207 0
2.44445 6.9515 0
-15.6651 -21.0815 0
-1.85935 74.5669 0
49.2005 17.4772 75.1821
21.9656 44.982 26.4224
-49.5069 -9.02358 125.66
3.06412 -1.88901 0
11.7249 -60.394 67.5199
-0.380656 -53.81 0
-0.249795 1.46504 0
2.35609 -0.875101 0
54.6721 2.88356 116.94
-5.25049 4.52724 0
-15.5768 -31.4672 0
344.407 -43.7586 145.754
16.7041 -0.400705 0
0.278254 -3.01065 0
0.600001 -3.75878e-07 51.6089
0.60001 5.65508e-09 118.396
0.600063 -1.95199e-06 54.0922
21.3702 -23.8818 0
20.4408 -10.7679 0
17.8944 -5.84048 11.7915
5.04275 3.47242 3.26206
19.5658 18.7018 10.9463
-32.4495 -38.622 0
-5.35418 -49.5112 0
-53.0839 9.50204 85.9414
-0.218983 2.56307 0
11.1064 68.2449 51.2638
-4.25016 39.6194 47.7524
-10.5799 8.34847 0
9.98412 28.653 0
0.431149 25.0098 0
2.09536 1.8097 0
145.05 -61.2387 0
0.403592 4.6467 0
-1.9529 -20.3712 0
171.748 -99.0883 68.6158
61.8545 83.0569 55.6186
11.5671 -60.4856 68.5301
6.65392 -9.85152 36.0215
0.520018 -8.38832 0
-0.0164017 3.40606 0
33.6603 80.8958 18.9948
-9.16717 -0.633028 0
-13.6073 -58.459 23.9493
-1.23868 11.1127 26.8137
-10.8544 -27.1979 0
-46.9922 46.193 0
0.600221 0.299991 51.5911
0.600115 0.300025 118.337
0.600575 0.300123 54.0398
2.65046 5.23374 0
-0.683773 -2.14499 0
2.63869 -0.223274 0
-29.161 -26.942 6.8199
60.8303 2.04618 46.0094
108.485 -152.785 61.8711
-4.64771 -91.3351 41.6236
4.75025 0.707356 0
-20.1718 66.1758 27.3633
0.600059 87.582 113.459
-0.0928488 86.3089 0
0.53973 -2.94375 0
-1.6165 -1.53592 0
-26.5972 -15.0255 0
2.64706 -35.588 0
-2.34048 1.43984 0
33.1132 -0.353798 5.28273
-786.715 -334.35 372.597
-98.3507 -39.0546 56.9396
0.606631 3.4166 0
-2.08106 6.03919 0
1.52969 6.20126 0
8.38679 4.9432 0
-2.49079 -4.17751 0
-67.2679 -11.424 0
11.5572 5.26121 0
-32.7301 -84.4308 86.2089
-62.3451 -26.4062 0
14.0737 -11.2821 0
2.07959 -1.20187 0
2.36465 0.145456 0
-113.794 -94.6125 1.8866
-7.22388 72.2616 38.8057
1.37415 -2.18096 0
4.2261 -7.8401 0
11.6868 -10.5824 0
0.540999 55.0674 329.251
-23.3275 -57.3102 58.1242
-2.94639 73.1871 32.2125
3.32798 -7.17131 0
2.33191 -0.477695 0
7.97409 -7.5876 0
12.3764 -9.24621 0
-2.86028 10.405 0
-4.90078 -6.08294 0
2.88438 -58.9391 0
18.5354 -0.99866 0
1.43026 -3.33324 0
111.551 -33.0057 63.5827
147.771 -2.77946 31.7441
3.071 1.12735 0
18.3697 13.9834 9.92305
23.313 -94.9728 37.6188
-99.5304 65.6789 47.5789
84.7876 -1.31449 0
-44.4075 30.6702 20.6407
-33.218 2.55011 0
-138.026 140.038 90.4284
9.39502 -2.17382 0
166.221 44.926 84.4451
-5.28337 9.98188 0
60.9119 -11.8758 0
13.0517 -8.69778 0
12.3934 12.6793 0
74.3002 240.057 0
50.5268 -207.57 0
-75.2185 37.7498 125.806
-0.0848816 1.79298 0
-41.9239 -9.34645 0
-43.2698 44.3041 0
1.86302 1.35682 0
2.196 -2.07679 0
0.0126551 3.34134 0
-2.13798 0.168877 0
2.18384 -0.471221 0
7.3942 -3.50048 0
-144.698 112.599 110.276
-8.67394 3.16214 0
2.56416 -0.31819 0
-22.4112 2.66185 0
-9.4116 30.2757 0
1.88983 -1.94693 0
-3.61041 3.90357 0
-103.696 30.2979 36.3628
2.53812 -2.13987 0
-0.825164 3.48856 0
-58.4183 59.5477 72.962
79.1674 0.752952 7.47843
4.60802 -94.1542 41.2755
11.9237 -105.819 0
2.01669 0.256908 0
1.41242 -5.0646 0
3.16323 -1.29151 0
56.5641 4.19191 69.0218
83.8038 75.0796 56.7861
-196.033 150.412 84.946
29.6 15.3184 0
133.872 134.793 125.985
-180.516 -35.7323 111.708
-101.932 80.4816 65.8208
-0.817543 -2.86493 0
-35.3571 -40.021 58.9102
-153.8 31.0959 2.45567
43.1823 77.9291 0
23.0209 3.79349 0
4.24795 27.6027 0
-134.548 -99.9831 15.1757
4.59442 -0.322687 0
-152.052 124.316 131.278
-88.2274 65.1368 33.1556
445.325 -120.242 167.852
1.24566 1.57882 0
-19.3844 -2.02322 0
21.579 -212.672 93.9341
-0.198181 -124.268 95.3939
4.76356 -81.2063 0
-1.42849 -1.48989 0
2.86579 5.67618 0
2.4396 -0.425562 0
-105.2 -4.74501 68.9938
68.892 2.58217 0
106.849 128.6 438.851
3.75157 2.32785 0
1.32248 6.25706 0
0.673123 -1.20646 0
3.19794 -1.39414 0
0.286859 -40.0828 67.724
-2.61441 -43.5197 46.6196
-3.18594 154.093 83.0803
1.4644 1.52088 0
11.0821 8.65 0
10.1858 2.73594 0
-66.877 -35.9661 38.4732
1.12002 -5.73188 0
57.656 65.6394 35.8115
116.595 35.2229 17.6779
2.21137 6.40197 0
-29.1755 78.2058 203.077
-9.52618 1.53226 0
5.61539 -9.28326 0
-0.771444 -0.457677 0
-4.58813 4.23829 0
-58.4286 52.3971 61.514
2.25456 0.0175604 0
-0.497877 1.35213 0
-15.0204 30.7109 0
3.00603 2.15691 0
-32.8229 -38.5753 0
32.4101 122.361 49.8835
-14.3252 -17.7976 0
97.8765 101.08 68.9527
2.28974 -0.697412 0
6.84169 -9.68372 0
-2.6961 -9.36293 0
2.10722 0.255396 0
1.87893 -1.94306 0
27.0935 27.8413 0
2.29419 0.908558 0
6.50552 -15.4553 0
2.14025 -0.41388 0
-60.7631 -57.4379 23.3354
-33.1183 26.6694 0
-1.16693 -1.74843 0
-10.4044 47.5655 109.015
-39.04 125.417 41.9666
-19.942 48.1393 21.2575
32.8768 -36.6055 0
-3.11686 18.9079 0
269.111 -153.172 85.0706
2.1214 -0.323745 0
90.66 60.7636 0
-10.229 -136.916 51.4527
-33.3207 52.6715 96.9185
104.571 -0.525064 0
-65.8345 10.6146 66.9181
-24.1082 -0.300555 0
-46.0971 -76.1926 2.07527
-21.6216 2.71634 0
-0.138715 1.46879 0
7.71535 3.514 0
-52.7704 0.824267 0
-119.006 7.81271 41.8141
9.0421 18.2193 0
121.126 195.915 83.5091
0.677296 1.95072 0
631.439 -377.466 66.2153
-0.4646 -1.56567 0
-0.591607 -3.62413 0
2.30896 -3.81121 0
8.87064 2.49487 0
-25.0218 -35.0476 0
-299.028 210.222 356.121
2.02148 0.0339261 0
2.11607 -0.916237 0
-0.372996 1.29656 0
-36.7273 25.6541 96.1955
-111.614 153.045 213.047
-47.2847 54.8983 28.867
-0.572582 1.44436 0
83.4183 -42.5996 0
1.17197 -2.42673 0
52.4593 144.675 0
3.08802 4.59644 0
0.187406 -1.82511 0
40.6759 46.0341 14.3711
5.16206 14.4952 108.434
51.8652 1.69691 0
-62.7949 10.7975 68.1041
-24.1165 0.000906573 0
-8.44237 -0.237996 0
-42.9489 11.8274 0
3.3638 20.488 0
17.2187 19.5682 0
12.033 0.395527 0
4.48737 1.34832 0
-25.0804 -17.0928 0
-45.3165 -65.3358 75.1703
-11.6794 17.8243 52.4894
36.1635 -195.018 86.8889
-16.8746 -68.2001 38.3743
-4.36662 4.03374 0
-23.7792 -30.5173 21.3513
-30.196 -67.6446 24.1215
2.30568 3.92936 0
123.962 21.1889 0
64.1688 12.9205 0
-76.4875 -62.9065 92.8218
-367.837 -17.7088 205.476
1.38637 -1.57313 0
-45.1069 -45.7826 130.306
39.1018 -15.0082 16.1616
62.3124 163.84 103.732
64.7249 -38.8453 0
1.83387 5.04441 0
13.046 -6.71901 0
12.2279 1.42356 0
7.20383 -1.72151 0
41.6622 -178.397 9.65425
-1.1987 -2.07651 0
21.7263 1.8069 0
-65.7591 -2.43355 70.8595
-24.1071 0.301943 0
-31.6854 -72.1333 0.48179
-105.25 16.5221 0
-108.671 -155.605 23.793
-62.1693 -42.879 32.4665
-9.81685 12.2213 73.8982
15.0811 -3.26354 0
-35.7113 -15.6734 0
143.385 146.087 153.83
0.396101 1.82811 0
-0.737516 0.471989 0
-162.817 62.4485 51.319
9.81619 18.8509 0
2.71016 12.3692 0
2.87454 1.90398 0
-8.15182 -0.767195 0
2.34689 0.224988 0
16.7408 5.9436 0
-70.2593 10.9948 0
-7.82788 -18.6071 0
-216.301 127.991 30.1909
-91.2087 -94.1041 0
-2.90743 -3.21253 0
2.5352 0.0423092 0
0.822503 31.825 0
29.5331 84.2683 0
-31.4608 77.8185 147.097
1.9588 0.594173 0
12.2991 17.6557 0
1.02918 1.69405 0
-89.0934 -11.4086 24.6399
0.904078 -3.43088 0
2.08481 -0.292322 0
-1.86531 -19.5397 0
-0.226184 -1.65903 0
-115.621 -42.8688 82.9812
0.413597 -1.87211 0
5.84035 -37.7317 13.2134
7.49346 4.51395 0
0.653854 -2.80126 0
0.536536 -9.49266 0
5.13992 28.5493 0
0.515152 -1.90577 0
0.900599 -87.148 110.421
0.900934 -82.6965 0
2.78681 1.06479 0
0.857501 -2.80477 0
5.29514 -4.72708 0
-15.0642 -14.1342 0
4.5895 -3.42155 0
-8.3192 -67.836 4.06733
2.00999 -2.46282 0
2.85666 -0.674994 0
0.900148 -0.300084 51.5883
0.900124 -0.300065 118.015
0.90035 -0.300139 53.7583
-61.1412 -7.06138 3.79536
-7.23033 -1.3321 0
-57.6461 26.2145 58.2338
27.3632 3.37631 0
-4.48313 10.6645 0
3.87515 1.11847 0
-9.44102 31.1653 24.8908
-0.193951 5.92577 0
-0.537372 5.36637 0
-2.33881 95.9898 38.4231
0.901304 24.6825 0
10.6 13.3781 0
154.629 4.88868 6.64155
-19.401 -16.297 21.8923
-8.67006 12.6146 0
-3.72787 0.761472 0
-43.0878 84.1626 17.7666
-6.02458 -19.6074 0
-4.56187 -41.7726 0
2.55585 1.61378 0
-1.56503 -76.5767 67.5763
-0.0712158 -58.542 0
-15.7241 9.49618 0
-4.88217 -112.315 36.8713
-17.2576 37.27 0
3.42605 -5.99668 0
-33.657 20.0366 7.49581
6.07675 -5.09555 0
1.16079 -2.11812 0
1.99088 -1.81675 0
0.900077 -8.00991e-07 51.5927
0.900115 -1.33452e-08 118.085
0.900484 -1.21287e-06 53.8199
9.27024 -28.4228 38.9507
-1.21166 -1.70947 0
-31.0782 -15.13 4.47108
-146.431 38.4064 87.8849
-39.9524 -6.91421 89.8913
133.954 -102.285 43.02
27.512 -24.3398 77.8862
7.20168 -7.25832 20.5122
2.4373 -2.0571 0
-3.78174 50.4669 67.3801
-3.80835 40.3073 45.9685
-0.3334 1.25397 0
-59.9216 4.17159 40.9538
-1.61103 -13.4075 0
-22.9236 23.7568 0
-49.1807 93.2128 35.3613
0.383408 -2.43342 0
2.72941 17.6013 0
1.62202 1.32215 0
2.60332 15.2438 0
-1.58604 -76.6584 68.7715
1.72271 -11.88 37.0303
-50.7967 -39.0535 2.75262
3.15046 2.25449 0
-88.0815 28.8323 0
4.56072 0.207902 0
0.660656 -2.46529 0
-1.88255 -1.43225 0
16.1476 -126.732 0
0.923018 1.99492 0
0.900721 0.299993 51.5892
0.900228 0.300044 118.015
0.901163 0.300131 53.7595
-8.18909 13.0883 28.1414
0.70373 -4.95918 0
-36.919 -33.498 30.8493
1.37505 1.53486 0
-36.0527 22.6145 2.23768
-3.67926 5.28979 0
-7.19862 -45.9005 31.9301
2.11104 1.01955 0
-0.724467 1.82894 0
0.900598 101.081 102.072
0.175611 87.3432 0
-3.15867 -4.60359 0
-11.2133 -26.1476 0
-5.90187 -0.638537 0
-3.42053 -3.99255 0
18.4074 12.6051 0
-20.5676 -89.7946 13.9501
-50.3139 28.6678 21.9863
0.604719 1.54431 0
0.909739 3.41765 0
38.5588 166.857 107.98
0.594585 7.448 0
-44.17 82.4003 0
-75.9468 4.3955 66.8448
1.30638 1.33868 0
-2.38785 0.613695 0
123.372 -32.1213 0
13.8228 -157.607 38.5289
-3.71327 -2.33351 21.9795
2.99453 -0.075046 0
0.833907 1.70773 0
-194.514 45.5495 6.67339
77.1337 71.7461 6.23174
1.9943 -3.15327 0
-37.3248 19.5415 23.2783
2.0752 -1.39819 0
12.6731 -116.422 0
-2.87844 -10.7547 0
0.497198 -2.44761 0
0.308598 -2.29929 0
0.446798 -1.79409 0
2.45067 -0.632678 0
115.859 -100.023 157.174
0.167867 1.83397 0
0.551753 6.51382 0
7.46455 -8.16097 0
77.5506 -95.3909 34.5714
-16.9902 -26.6519 119.816
18.7885 -49.4121 7.65288
154.847 70.475 5.72284
0.931822 2.19408 0
-45.8309 -97.5589 0
104.135 22.0648 6.49061
101.733 -0.300033 102.033
89.1875 -0.299155 2.59361
-8.82391 0.826182 0
-0.0316197 -1.57561 44.3915
106.682 51.309 24.3974
50.4075 29.3871 0
-13.5624 -26.6851 56.5246
22.7462 8.17946 0
0.144601 1.46215 0
-59.2573 43.9396 0
2.27305 0.758585 0
1.90582 2.79132 0
-117.295 144.265 0
-110.608 84.4968 0
33.8626 -6.27186 0
-80.0814 -8.57142 0
-83.5616 49.0369 28.5393
33.9442 -172.441 0
-32.4722 -31.0272 27.3348
3.22882 -0.117185 0
-25.2798 -17.0714 0
46.5606 -82.4247 44.0479
14.778 -15.237 0
-160.725 250.688 54.8745
-6.47899 29.5413 0
-10.0911 3.25769 0
5.5601 -1.76479 0
119.875 -116.708 4.51441
-47.7778 20.9924 0
-4.77688 13.3297 0
0.81969 2.5421 0
4.0299 4.12876 0
-0.598341 -2.51107 0
101.651 6.57844e-06 102.11
89.2077 0.00675125 2.53609
-4.47713 -0.185909 0
-1.42152 -1.55362 0
2.56506 -3.18571 0
-30.685 -4.30607 33.694
109.937 -44.4627 118.545
-38.8412 -32.0944 2.28426
1.74585 3.23193 0
-79.857 101.109 105.019
-60.4471 -7.32395 35.6907
11.2235 13.6071 0
-40.1701 79.3856 0
-79.793 -53.2335 0
10.5422 6.2585 0
2.22116 -0.530912 0
-84.2171 -41.5272 10.1977
-42.6051 -33.7901 57.8122
3.00043 42.5003 0
-137.758 22.3217 148.667
-88.4806 29.8715 46.3404
1.82097 0.840583 0
1.23398 -2.24998 0
-1.24841 -1.62743 0
-98.4221 20.3583 8.93663
-14.1339 0.69275 0
2.05992 0.437552 0
-3.35924 -15.5044 0
-63.0279 -123.946 5.91475
29.909 39.1251 0
-21.7529 -36.1215 0
125.829 89.3251 15.2004
-0.419923 -1.43562 0
101.733 0.300039 102.033
89.2066 0.312726 2.52006
-8.83517 -1.34624 0
17.8922 -109.496 35.9861
37.4925 -61.4941 0
-2.72498 5.44346 0
-0.900596 -1.87853 0
-0.693496 2.12185 0
-2.80614 6.86533 0
-5.80844 5.61733 0
1.53133 1.44654 0
-5.14249 10.4541 0
2.43479 1.81145 0
89.5491 102.909 24.2492
15.3571 14.0748 0
10.3118 -0.789286 0
6.23495 -0.364068 0
29.6357 24.207 81.2652
7.8158 60.862 2.24195
182.066 23.7549 1.08638
-20.4757 13.8952 0
2.52119 -0.1882 0
-1.08782 1.46378 0
78.9832 -69.7482 6.61711
-34.1066 -80.5297 24.827
1.36292 7.54718 0
-9.02584 -20.3509 0
2.57555 0.527467 0
-3.87705 -5.77427 0
17.678 -1.48495 0
1.28412 1.36031 0
1.32405 -2.49692 0
VERTICES 2541 5082
1 0
1 1
1 2
1 3
1 4
1 5
1 6
1 7
1 8
1 9
1 10
1 11
1 12
1 13
1 14
1 15
1 16
1 17
1 18
1 19
1 20
1 21
1 22
1 23
1 24
1 25
1 26
1 27
1 28
1 29
1 30
1 31
1 32
1 33
1 34
1 35
1 36
1 37
1 38
1 39
1 40
1 41
1 42
1 43
1 44
1 45
1 46
1 47
1 48
1 49
1 50
1 51
1 52
1 53
1 54
1 55
1 56
1 57
1 58
1 59
1 60
1 61
1 62
1 63
1 64
1 65
1 66
1 67
1 68
1 69
1 70
1 71
1 72
1 73
1 74
1 75
1 76
1 77
1 78
1 79
1 80
1 81
1 82
1 83
1 84
1 85
1 86
1 87
1 88
1 89
1 90
1 91
1 92
1 93
1 94
1 95
1 96
1 97
1 98
1 99
1 100
1 101
1 102
1 103
1 104
1 105
1 106
1 107
1 108
1 109
1 110
1 111
1 112
1 113
1 114
1 115
1 116
1 117
1 118
1 119
1 120
1 121
1 122
1 123
1 124
1 125
1 126
1 127
1 128
1 129
1 130
1 131
1 132
1 133
1 134
1 135
1 136
1 137
1 138
1 139
1 140
1 141
1 142
1 143
1 144
1 145
1 146
1 147
1 148
1 149
1 150
1 151
1 152
1 153
1 154
1 155
1 156
1 157
1 158
1 159
1 160
1 161
1 162
1 163
1 164
1 165
1 166
1 167
1 168
1 169
1 170
1 171
1 172
1 173
1 174
1 175
1 176
1 177
1 178
1 179
1 180
1 181
1 182
1 183
1 184
1 185
1 186
1 187
1 188
1 189
1 190
1 191
1 192
1 193
1 194
1 195
1 196
1 197
1 198
1 199
1 200
1 201
1 202
1 203
1 204
1 205
1 206
1 207
1 208
1 209
1 210
1 211
1 212
1 213
1 214
1 215
1 216
1 217
1 218
1 219
1 220
1 221
1 222
1 223
1 224
1 225
1 226
1 227
1 228
1 229
1 230
1 231
1 232
1 233
1 234
1 235
1 236
1 237
1 238
1 239
1 240
1 241
1 242
1 243
1 244
1 245
1 246
1 247
1 248
1 249
1 250
1 251
1 252
1 253
1 254
1 255
1 256
1 257
1 258
1 259
1 260
1 261
1 262
1 263
1 264
1 265
1 266
1 267
1 268
1 269
1 270
1 271
1 272
1 273
1 274
1 275
1 276
1 277
1 278
1 279
1 280
1 281
1 282
1 283
1 284
1 285
1 286
1 287
1 288
1 289
1 290
1 291
1 292
1 293
1 294
1 295
1 296
1 297
1 298
1 299
1 300
1 301
1 302
1 303
1 304
1 305
1 306
1 307
1 308
1 309
1 310
1 311
1 312
1 313
1 314
1 315
1 316
1 317
1 318
1 319
1 320
1 321
1 322
1 323
1 324
1 325
1 326
1 327
1 328
1 329
1 330
1 331
1 332
1 333
1 334
1 335
1 336
1 337
1 338
1 339
1 340
1 341
1 342
1 343
1 344
1 345
1 346
1 347
1 348
1 349
1 350
1 351
1 352
1 353
1 354
1 355
1 356
1 357
1 358
1 359
1 360
1 361
1 362
1 363
1 364
1 365
1 366
1 367
1 368
1 369
1 370
1 371
1 372
1 373
1 374
1 375
1 376
1 377
1 378
1 379
1 380
1 381
1 382
1 383
1 384
1 385
1 386
1 387
1 388
1 389
1 390
1 391
1 392
1 393
1 394
1 395
1 396
1 397
1 398
1 399
1 400
1 401
1 402
1 403
1 404
1 405
1 406
1 407
1 408
1 409
1 410
1 411
1 412
1 413
1 414
1 415
1 416
1 417
1 418
1 419
1 420
1 421
1 422
1 423
1 424
1 425
1 426
1 427
1 428
1 429
1 430
1 431
1 432
1 433
1 434
1 435
1 436
1 437
1 438
1 439
1 440
1 441
1 442
1 443
1 444
1 445
1 446
1 447
1 448
1 449
1 450
1 451
1 452
1 453
1 454
1 455
1 456
1 457
1 458
1 459
1 460
1 461
1 462
1 463
1 464
1 465
1 466
1 467
1 468
1 469
1 470
1 471
1 472
1 473
1 474
1 475
1 476
1 477
1 478
1 479
1 480
1 481
1 482
1 483
1 484
1 485
1 486
1 487
1 488
1 489
1 490
1 491
1 492
1 493
1 494
1 495
1 496
1 497
1 498
1 499
1 500
1 501
1 502
1 503
1 504
1 505
1 506
1 507
1 508
1 509
1 510
1 511
1 512
1 513
1 514
1 515
1 516
1 517
1 518
1 519
1 520
1 521
1 522
1 523
1 524
1 525
1 526
1 527
1 528
1 529
1 530
1 531
1 532
1 533
1 534
1 535
1 536
1 537
1 538
1 539
1 540
1 541
1 542
1 543
1 544
1 545
1 546
1 547
1 548
1 549
1 550
1 551
1 552
1 553
1 554
1 555
1 556
1 557
1 558
1 559
1 560
1 561
1 562
1 563
1 564
1 565
1 566
1 567
1 568
1 569
1 570
1 571
1 572
1 573
1 574
1 575
1 576
1 577
1 578
1 579
1 580
1 581
1 582
1 583
1 584
1 585
1 586
1 587
1 588
1 589
1 590
1 591
1 592
1 593
1 594
1 595
1 596
1 597
1 598
1 599
1 600
1 601
1 602
1 603
1 604
1 605
1 606
1 607
1 608
1 609
1 610
1 611
1 612
1 613
1 614
1 615
1 616
1 617
1 618
1 619
1 620
1 621
1 622
1 623
1 624
1 625
1 626
1 627
1 628
1 629
1 630
1 631
1 632
1 633
1 634
1 635
1 636
1 637
1 638
1 639
1 640
1 641
1 642
1 643
1 644
1 645
1 646
1 647
1 648
1 649
1 650
1 651
1 652
1 653
1 654
1 655
1 656
1 657
1 658
1 659
1 660
1 661
1 662
1 663
1 664
1 665
1 666
1 667
1 668
1 669
1 670
1 671
1 672
1 673
1 674
1 675
1 676
1 677
1 678
1 679
1 680
1 681
1 682
1 683
1 684
1 685
1 686
1 687
1 688
1 689
1 690
1 691
1 692
1 693
1 694
1 695
1 696
1 697
1 698
1 699
1 700
1 701
1 702
1 703
1 704
1 705
1 706
1 707
1 708
1 709
1 710
1 711
1 712
1 713
1 714
1 715
1 716
1 717
1 718
1 719
1 720
1 721
1 722
1 723
1 724
1 725
1 726
1 727
1 728
1 729
1 730
1 731
1 732
1 733
1 734
1 735
1 736
1 737
1 738
1 739
1 740
1 741
1 742
1 743
1 744
1 745
1 746
1 747
1 748
1 749
1 750
1 751
1 752
1 753
1 754
1 755
1 756
1 757
1 758
1 759
1 760
1 761
1 762
1 763
1 764
1 765
1 766
1 767
1 768
1 769
1 770
1 771
1 772
1 773
1 774
1 775
1 776
1 777
1 778
1 779
1 780
1 781
1 782
1 783
1 784
1 785
1 786
1 787
1 788
1 789
1 790
1 791
1 792
1 793
1 794
1 795
1 796
1 797
1 798
1 799
1 800
1 801
1 802
1 803
1 804
1 805
1 806
1 807
1 808
1 809
1 810
1 811
1 812
1 813
1 814
1 815
1 816
1 817
1 818
1 819
1 820
1 821
1 822
1 823
1 824
1 825
1 826
1 827
1 828
1 829
1 830
1 831
1 832
1 833
1 834
1 835
1 836
1 837
1 838
1 839
1 840
1 841
1 842
1 843
1 844
1 845
1 846
1 847
1 848
1 849
1 850
1 851
1 852
1 853
1 854
1 855
1 856
1 857
1 858
1 859
1 860
1 861
1 862
1 863
1 864
1 865
1 866
1 867
1 868
1 869
1 870
1 871
1 872
1 873
1 874
1 875
1 876
1 877
1 878
1 879
1 880
1 881
1 882
1 883
1 884
1 885
1 886
1 887
1 888
1 889
1 890
1 891
1 892
1 893
1 894
1 895
1 896
1 897
1 898
1 899
1 900
1 901
1 902
1 903
1 904
1 905
1 906
1 907
1 908
1 909
1 910
1 911
1 912
1 913
1 914
1 915
1 916
1 917
1 918
1 919
1 920
1 921
1 922
1 923
1 924
1 925
1 926
1 927
1 928
1 929
1 930
1 931
1 932
1 933
1 934
1 935
1 936
1 937
1 938
1 939
1 940
1 941
1 942
1 943
1 944
1 945
1 946
1 947
1 948
1 949
1 950
1 951
1 952
1 953
1 954
1 955
1 956
1 957
1 958
1 959
1 960
1 961
1 962
1 963
1 964
1 965
1 966
1 967
1 968
1 969
1 970
1 971
1 972
1 973
1 974
1 975
1 976
1 977
1 978
1 979
1 980
1 981
1 982
1 983
1 984
1 985
1 986
1 987
1 988
1 989
1 990
1 991
1 992
1 993
1 994
1 995
1 996
1 997
1 998
1 999
1 1000
1 1001
1 1002
1 1003
1 1004
1 1005
1 1006
1 1007
1 1008
1 1009
1 1010
1 1011
1 1012
1 1013
1 1014
1 1015
1 1016
1 1017
1 1018
1 1019
1 1020
1 1021
1 1022
1 1023
1 1024
1 1025
1 1026
1 1027
1 1028
1 1029
1 1030
1 1031
1 1032
1 1033
1 1034
1 1035
1 1036
1 1037
1 1038
1 1039
1 1040
1 1041
1 1042
1 1043
1 1044
1 1045
1 1046
1 1047
1 1048
1 1049
1 1050
1 1051
1 1052
1 1053
1 1054
1 1055
1 1056
1 1057
1 1058
1 1059
1 1060
1 1061
1 1062
1 1063
1 1064
1 1065
1 1066
1 1067
1 1068
1 1069
1 1070
1 1071
1 1072
1 1073
1 1074
1 1075
1 1076
1 1077
1 1078
1 1079
1 1080
1 1081
1 1082
1 1083
1 1084
1 1085
1 1086
1 1087
1 1088
1 1089
1 1090
1 1091
1 1092
1 1093
1 1094
1 1095
1 1096
1 1097
1 1098
1 1099
1 1100
1 1101
1 1102
1 1103
1 1104
1 1105
1 1106
1 1107
1 1108
1 1109
1 1110
1 1111
1 1112
1 1113
1 1114
1 1115
1 1116
1 1117
1 1118
1 1119
1 1120
1 1121
1 1122
1 1123
1 1124
1 1125
1 1126
1 1127
1 1128
1 1129
1 1130
1 1131
1 1132
1 1133
1 1134
1 1135
1 1136
1 1137
1 1138
1 1139
1 1140
1 1141
1 1142
1 1143
1 1144
1 1145
1 1146
1 1147
1 1148
1 1149
1 1150
1 1151
1 1152
1 1153
1 1154
1 1155
1 1156
1 1157
1 1158
1 1159
1 1160
1 1161
1 1162
1 1163
1 1164
1 1165
1 1166
1 1167
1 1168
1 1169
1 1170
1 1171
1 1172
1 1173
1 1174
1 1175
1 1176
1 1177
1 1178
1 1179
1 1180
1 1181
1 1182
1 1183
1 1184
1 1185
1 1186
1 1187
1 1188
1 1189
1 1190
1 1191
1 1192
1 1193
1 1194
1 1195
1 1196
1 1197
1 1198
1 1199
1 1200
1 1201
1 1202
1 1203
1 1204
1 1205
1 1206
1 1207
1 1208
1 1209
1 1210
1 1211
1 1212
1 1213
1 1214
1 1215
1 1216
1 1217
1 1218
1 1219
1 1220
1 1221
1 1222
1 1223
1 1224
1 1225
1 1226
1 1227
1 1228
1 1229
1 1230
1 1231
1 1232
1 1233
1 1234
1 1235
1 1236
1 1237
1 1238
1 1239
1 1240
1 1241
1 1242
1 1243
1 1244
1 1245
1 1246
1 1247
1 1248
1 1249
1 1250
1 1251
1 1252
1 1253
1 1254
1 1255
1 1256
1 1257
1 1258
1 1259
1 1260
1 1261
1 1262
1 1263
1 1264
1 1265
1 1266
1 1267
1 1268
1 1269
1 1270
1 1271
1 1272
1 1273
1 1274
1 1275
1 1276
1 1277
1 1278
1 1279
1 1280
1 1281
1 1282
1 1283
1 1284
1 1285
1 1286
1 1287
1 1288
1 1289
1 1290
1 1291
1 1292
1 1293
1 1294
1 1295
1 1296
1 1297
1 1298
1 1299
1 1300
1 1301
1 1302
1 1303
1 1304
1 1305
1 1306
1 1307
1 1308
1 1309
1 1310
1 1311
1 1312
1 1313
1 1314
1 1315
1 1316
1 1317
1 1318
1 1319
1 1320
1 1321
1 1322
1 1323
1 1324
1 1325
1 1326
1 1327
1 1328
1 1329
1 1330
1 1331
1 1332
1 1333
1 1334
1 1335
1 1336
1 1337
1 1338
1 1339
1 1340
1 1341
1 1342
1 1343
1 1344
1 1345
1 1346
1 1347
1 1348
1 1349
1 1350
1 1351
1 1352
1 1353
1 1354
1 1355
1 1356
1 1357
1 1358
1 1359
1 1360
1 1361
1 1362
1 1363
1 1364
1 1365
1 1366
1 1367
1 1368
1 1369
1 1370
1 1371
1 1372
1 1373
1 1374
1 1375
1 1376
1 1377
1 1378
1 1379
1 1380
1 1381
1 1382
1 1383
1 1384
1 1385
1 1386
1 1387
1 1388
1 1389
1 1390
1 1391
1 1392
1 1393
1 1394
1 1395
1 1396
1 1397
1 1398
1 1399
1 1400
1 1401
1 1402
1 1403
1 1404
1 1405
1 1406
1 1407
1 1408
1 1409
1 1410
1 1411
1 1412
1 1413
1 1414
1 1415
1 1416
1 1417
1 1418
1 1419
1 1420
1 1421
1 1422
1 1423
1 1424
1 1425
1 1426
1 1427
1 1428
1 1429
1 1430
1 1431
1 1432
1 1433
1 1434
1 1435
1 1436
1 1437
1 1438
1 1439
1 1440
1 1441
1 1442
1 1443
1 1444
1 1445
1 1446
1 1447
1 1448
1 1449
1 1450
1 1451
1 1452
1 1453
1 1454
1 1455
1 1456
1 1457
1 1458
1 1459
1 1460
1 1461
1 1462
1 1463
1 1464
1 1465
1 1466
1 1467
1 1468
1 1469
1 1470
1 1471
1 1472
1 1473
1 1474
1 1475
1 1476
1 1477
1 1478
1 1479
1 1480
1 1481
1 1482
1 1483
1 1484
1 1485
1 1486
1 1487
1 1488
1 1489
1 1490
1 1491
1 1492
1 1493
1 1494
1 1495
1 1496
1 1497
1 1498
1 1499
1 1500
1 1501
1 1502
1 1503
1 1504
1 1505
1 1506
1 1507
1 1508
1 1509
1 1510
1 1511
1 1512
1 1513
1 1514
1 1515
1 1516
1 1517
1 1518
1 1519
1 1520
1 1521
1 1522
1 1523
1 1524
1 1525
1 1526
1 1527
1 1528
1 1529
1 1530
1 1531
1 1532
1 1533
1 1534
1 1535
1 1536
1 1537
1 1538
1 1539
1 1540
1 1541
1 1542
1 1543
1 1544
1 1545
1 1546
1 1547
1 1548
1 1549
1 1550
1 1551
1 1552
1 1553
1 1554
1 1555
1 1556
1 1557
1 1558
1 1559
1 1560
1 1561
1 1562
1 1563
1 1564
1 1565
1 1566
1 1567
1 1568
1 1569
1 1570
1 1571
1 1572
1 1573
1 1574
1 1575
1 1576
1 1577
1 1578
1 1579
1 1580
1 1581
1 1582
1 1583
1 1584
1 1585
1 1586
1 1587
1 1588
1 1589
1 1590
1 1591
1 1592
1 1593
1 1594
1 1595
1 1596
1 1597
1 1598
1 1599
1 1600
1 1601
1 1602
1 1603
1 1604
1 1605
1 1606
1 1607
1 1608
1 1609
1 1610
1 1611
1 1612
1 1613
1 1614
1 1615
1 1616
1 1617
1 1618
1 1619
1 1620
1 1621
1 1622
1 1623
1 1624
1 1625
1 1626
1 1627
1 1628
1 1629
1 1630
1 1631
1 1632
1 1633
1 1634
1 1635
1 1636
1 1637
1 1638
1 1639
1 1640
1 1641
1 1642
1 1643
1 1644
1 1645
1 1646
1 1647
1 1648
1 1649
1 1650
1 1651
1 1652
1 1653
1 1654
1 1655
1 1656
1 1657
1 1658
1 1659
1 1660
1 1661
1 1662
1 1663
1 1664
1 1665
1 1666
1 1667
1 1668
1 1669
1 1670
1 1671
1 1672
1 1673
1 1674
1 1675
1 1676
1 1677
1 1678
1 1679
1 1680
1 1681
1 1682
1 1683
1 1684
1 1685
1 1686
1 1687
1 1688
1 1689
1 1690
1 1691
1 1692
1 1693
1 1694
1 1695
1 1696
1 1697
1 1698
1 1699
1 1700
1 1701
1 1702
1 1703
1 1704
1 1705
1 1706
1 1707
1 1708
1 1709
1 1710
1 1711
1 1712
1 1713
1 1714
1 1715
1 1716
1 1717
1 1718
1 1719
1 1720
1 1721
1 1722
1 1723
1 1724
1 1725
1 1726
1 1727
1 1728
1 1729
1 1730
1 1731
1 1732
1 1733
1 1734
1 1735
1 1736
1 1737
1 1738
1 1739
1 1740
1 1741
1 1742
1 1743
1 1744
1 1745
1 1746
1 1747
1 1748
1 1749
1 1750
1 1751
1 1752
1 1753
1 1754
1 1755
1 1756
1 1757
1 1758
1 1759
1 1760
1 1761
1 1762
1 1763
1 1764
1 1765
1 1766
1 1767
1 1768
1 1769
1 1770
1 1771
1 1772
1 1773
1 1774
1 1775
1 1776
1 1777
1 1778
1 1779
1 1780
1 1781
1 1782
1 1783
1 1784
1 1785
1 1786
1 1787
1 1788
1 1789
1 1790
1 1791
1 1792
1 1793
1 1794
1 1795
1 1796
1 1797
1 1798
1 1799
1 1800
1 1801
1 1802
1 1803
1 1804
1 1805
1 1806
1 1807
1 1808
1 1809
1 1810
1 1811
1 1812
1 1813
1 1814
1 1815
1 1816
1 1817
1 1818
1 1819
1 1820
1 1821
1 1822
1 1823
1 1824
1 1825
1 1826
1 1827
1 1828
1 1829
1 1830
1 1831
1 1832
1 1833
1 1834
1 1835
1 1836
1 1837
1 1838
1 1839
1 1840
1 1841
1 1842
1 1843
1 1844
1 1845
1 1846
1 1847
1 1848
1 1849
1 1850
1 1851
1 1852
1 1853
1 1854
1 1855
1 1856
1 1857
1 1858
1 1859
1 1860
1 1861
1 1862
1 1863
1 1864
1 1865
1 1866
1 1867
1 1868
1 1869
1 1870
1 1871
1 1872
1 1873
1 1874
1 1875
1 1876
1 1877
1 1878
1 1879
1 1880
1 1881
1 1882
1 1883
1 1884
1 1885
1 1886
1 1887
1 1888
1 1889
1 1890
1 1891
1 1892
1 1893
1 1894
1 1895
1 1896
1 1897
1 1898
1 1899
1 1900
1 1901
1 1902
1 1903
1 1904
1 1905
1 1906
1 1907
1 1908
1 1909
1 1910
1 1911
1 1912
1 1913
1 1914
1 1915
1 1916
1 1917
1 1918
1 1919
1 1920
1 1921
1 1922
1 1923
1 1924
1 1925
1 1926
1 1927
1 1928
1 1929
1 1930
1 1931
1 1932
1 1933
1 1934
1 1935
1 1936
1 1937
1 1938
1 1939
1 1940
1 1941
1 1942
1 1943
1 1944
1 1945
1 1946
1 1947
1 1948
1 1949
1 1950
1 1951
1 1952
1 1953
1 1954
1 1955
1 1956
1 1957
1 1958
1 1959
1 1960
1 1961
1 1962
1 1963
1 1964
1 1965
1 1966
1 1967
1 1968
1 1969
1 1970
1 1971
1 1972
1 1973
1 1974
1 1975
1 1976
1 1977
1 1978
1 1979
1 1980
1 1981
1 1982
1 1983
1 1984
1 1985
1 1986
1 1987
1 1988
1 1989
1 1990
1 1991
1 1992
1 1993
1 1994
1 1995
1 1996
1 1997
1 1998
1 1999
1 2000
1 2001
1 2002
1 2003
1 2004
1 2005
1 2006
1 2007
1 2008
1 2009
1 2010
1 2011
1 2012
1 2013
1 2014
1 2015
1 2016
1 2017
1 2018
1 2019
1 2020
1 2021
1 2022
1 2023
1 2024
1 2025
1 2026
1 2027
1 2028
1 2029
1 2030
1 2031
1 2032
1 2033
1 2034
1 2035
1 2036
1 2037
1 2038
1 2039
1 2040
1 2041
1 2042
1 2043
1 2044
1 2045
1 2046
1 2047
1 2048
1 2049
1 2050
1 2051
1 2052
1 2053
1 2054
1 2055
1 2056
1 2057
1 2058
1 2059
1 2060
1 2061
1 2062
1 2063
1 2064
1 2065
1 2066
1 2067
1 2068
1 2069
1 2070
1 2071
1 2072
1 2073
1 2074
1 2075
1 2076
1 2077
1 2078
1 2079
1 2080
1 2081
1 2082
1 2083
1 2084
1 2085
1 2086
1 2087
1 2088
1 2089
1 2090
1 2091
1 2092
1 2093
1 2094
1 2095
1 2096
1 2097
1 2098
1 2099
1 2100
1 2101
1 2102
1 2103
1 2104
1 2105
1 2106
1 2107
1 2108
1 2109
1 2110
1 2111
1 2112
1 2113
1 2114
1 2115
1 2116
1 2117
1 2118
1 2119
1 2120
1 2121
1 2122
1 2123
1 2124
1 2125
1 2126
1 2127
1 2128
1 2129
1 2130
1 2131
1 2132
1 2133
1 2134
1 2135
1 2136
1 2137
1 2138
1 2139
1 2140
1 2141
1 2142
1 2143
1 2144
1 2145
1 2146
1 2147
1 2148
1 2149
1 2150
1 2151
1 2152
1 2153
1 2154
1 2155
1 2156
1 2157
1 2158
1 2159
1 2160
1 2161
1 2162
1 2163
1 2164
1 2165
1 2166
1 2167
1 2168
1 2169
1 2170
1 2171
1 2172
1 2173
1 2174
1 2175
1 2176
1 2177
1 2178
1 2179
1 2180
1 2181
1 2182
1 2183
1 2184
1 2185
1 2186
1 2187
1 2188
1 2189
1 2190
1 2191
1 2192
1 2193
1 2194
1 2195
1 2196
1 2197
1 2198
1 2199
1 2200
1 2201
1 2202
1 2203
1 2204
1 2205
1 2206
1 2207
1 2208
1 2209
1 2210
1 2211
1 2212
1 2213
1 2214
1 2215
1 2216
1 2217
1 2218
1 2219
1 2220
1 2221
1 2222
1 2223
1 2224
1 2225
1 2226
1 2227
1 2228
1 2229
1 2230
1 2231
1 2232
1 2233
1 2234
1 2235
1 2236
1 2237
1 2238
1 2239
1 2240
1 2241
1 2242
1 2243
1 2244
1 2245
1 2246
1 2247
1 2248
1 2249
1 2250
1 2251
1 2252
1 2253
1 2254
1 2255
1 2256
1 2257
1 2258
1 2259
1 2260
1 2261
1 2262
1 2263
1 2264
1 2265
1 2266
1 2267
1 2268
1 2269
1 2270
1 2271
1 2272
1 2273
1 2274
1 2275
1 2276
1 2277
1 2278
1 2279
1 2280
1 2281
1 2282
1 2283
1 2284
1 2285
1 2286
1 2287
1 2288
1 2289
1 2290
1 2291
1 2292
1 2293
1 2294
1 2295
1 2296
1 2297
1 2298
1 2299
1 2300
1 2301
1 2302
1 2303
1 2304
1 2305
1 2306
1 2307
1 2308
1 2309
1 2310
1 2311
1 2312
1 2313
1 2314
1 2315
1 2316
1 2317
1 2318
1 2319
1 2320
1 2321
1 2322
1 2323
1 2324
1 2325
1 2326
1 2327
1 2328
1 2329
1 2330
1 2331
1 2332
1 2333
1 2334
1 2335
1 2336
1 2337
1 2338
1 2339
1 2340
1 2341
1 2342
1 2343
1 2344
1 2345
1 2346
1 2347
1 2348
1 2349
1 2350
1 2351
1 2352
1 2353
1 2354
1 2355
1 2356
1 2357
1 2358
1 2359
1 2360
1 2361
1 2362
1 2363
1 2364
1 2365
1 2366
1 2367
1 2368
1 2369
1 2370
1 2371
1 2372
1 2373
1 2374
1 2375
1 2376
1 2377
1 2378
1 2379
1 2380
1 2381
1 2382
1 2383
1 2384
1 2385
1 2386
1 2387
1 2388
1 2389
1 2390
1 2391
1 2392
1 2393
1 2394
1 2395
1 2396
1 2397
1 2398
1 2399
1 2400
1 2401
1 2402
1 2403
1 2404
1 2405
1 2406
1 2407
1 2408
1 2409
1 2410
1 2411
1 2412
1 2413
1 2414
1 2415
1 2416
1 2417
1 2418
1 2419
1 2420
1 2421
1 2422
1 2423
1 2424
1 2425
1 2426
1 2427
1 2428
1 2429
1 2430
1 2431
1 2432
1 2433
1 2434
1 2435
1 2436
1 2437
1 2438
1 2439
1 2440
1 2441
1 2442
1 2443
1 2444
1 2445
1 2446
1 2447
1 2448
1 2449
1 2450
1 2451
1 2452
1 2453
1 2454
1 2455
1 2456
1 2457
1 2458
1 2459
1 2460
1 2461
1 2462
1 2463
1 2464
1 2465
1 2466
1 2467
1 2468
1 2469
1 2470
1 2471
1 2472
1 2473
1 2474
1 2475
1 2476
1 2477
1 2478
1 2479
1 2480
1 2481
1 2482
1 2483
1 2484
1 2485
1 2486
1 2487
1 2488
1 2489
1 2490
1 2491
1 2492
1 2493
1 2494
1 2495
1 2496
1 2497
1 2498
1 2499
1 2500
1 2501
1 2502
1 2503
1 2504
1 2505
1 2506
1 2507
1 2508
1 2509
1 2510
1 2511
1 2512
1 2513
1 2514
1 2515
1 2516
1 2517
1 2518
1 2519
1 2520
1 2521
1 2522
1 2523
1 2524
1 2525
1 2526
1 2527
1 2528
1 2529
1 2530
1 2531
1 2532
1 2533
1 2534
1 2535
1 2536
1 2537
1 2538
1 2539
1 2540
POINT_DATA 2541
SCALARS density float 1
LOOKUP_TABLE default
500
500
500
500
500
500
500
500
500
500
500
500
500
500
500
500
500
500
500
500
500
500
500
500
500
500
500
500
500
500
500
500
500
500
500
500
500
500
500
500
500
500
500
500
500
500
500
500
500
500
500
500
500
500
500
500
500
500
500
500
500
500
500
500
500
500
500
500
500
500
500
500
500
500
500
500
500
500
500
500
500
500
500
500
500
500
500
500
500
500
500
500
500
500
500
500
500
500
500
500
500
500
500
500
500
500
500
500
500
500
500
500
500
500
500
500
500
500
500
500
500
500
500
500
500
500
500
500
500
500
500
500
500
500
500
500
500
500
500
500
500
500
500
500
500
500
500
500
500
500
500
500
500
500
500
500
500
500
500
500
500
500
500
500
500
500
500
500
500
500
500
500
500
500
500
500
500
500
500
500
500
500
500
500
500
500
500
500
500
500
500
500
500
500
500
500
500
500
500
500
500
500
500
500
500
500
500
500
500
500
500
500
500
500
500
500
500
500
500
500
500
500
500
500
500
500
500
500
500
500
500
500
500
500
500
500
500
500
500
500
500
500
500
500
500
500
500
500
500
500
500
500
500
500
500
500
500
500
500
500
500
500
500
500
500
500
500
500
500
500
500
500
500
500
500
500
500
500
500
500
500
500
500
500
500
500
500
500
500
500
500
500
500
500
500
500
500
500
500
500
500
500
500
500
500
500
500
500
500
500
500
500
500
500
500
500
500
500
500
500
500
500
500
500
500
500
500
500
500
500
500
500
500
500
500
500
500
500
500
500
500
500
500
500
500
500
500
500
500
500
500
500
500
500
500
500
500
500
500
500
500
500
500
500
500
500
500
500
500
500
500
500
500
500
500
500
500
500
500
500
500
500
500
500
500
500
500
500
500
500
500
500
500
500
500
500
500
500
500
500
500
500
500
500
500
500
500
500
500
500
500
500
500
500
500
500
500
500
500
500
500
500
500
500
500
500
500
500
500
500
500
500
500
500
500
500
500
500
500
500
500
500
500
500
500
500
500
500
500
500
500
500
500
500
500
500
500
500
500
500
500
500
500
500
500
500
500
500
500
500
500
500
500
500
500
500
500
500
500
500
500
500
500
500
500
500
500
500
500
500
500
500
500
500
500
500
500
500
500
500
500
500
500
500
500
500
500
500
500
500
500
500
500
500
500
500
500
500
500
500
500
500
500
500
500
500
500
500
500
500
500
500
500
500
500
500
500
500
500
500
500
500
500
500
500
500
500
500
500
500
500
500
500
500
500
500
500
500
500
500
500
500
500
500
500
500
500
500
500
500
500
500
500
500
500
500
500
500
500
500
500
500
500
500
500
500
500
500
500
500
500
500
500
500
500
500
500
500
500
500
500
500
500
500
500
500
500
500
500
500
500
500
500
500
500
500
500
500
500
500
500
500
500
500
500
500
500
500
500
500
500
500
500
500
500
500
500
500
500
500
500
500
500
500
500
500
500
500
500
500
500
500
500
500
500
500
500
500
500
500
500
500
500
500
500
500
500
500
500
500
500
500
500
500
500
500
500
500
500
500
500
500
500
500
500
500
500
500
500
500
500
500
500
500
500
500
500
500
500
500
500
500
500
500
500
500
500
500
500
500
500
500
500
500
500
500
500
500
500
500
500
500
500
500
500
500
500
500
500
500
500
500
500
500
500
500
500
500
500
500
500
500
500
500
500
500
500
500
500
500
500
500
500
500
500
500
500
500
500
500
500
500
500
500
500
500
500
500
500
500
500
500
500
500
500
500
500
500
500
500
500
500
500
500
500
500
500
500
500
500
500
500
500
500
500
500
500
500
500
500
500
500
500
500
500
500
500
500
500
500
500
500
500
500
500
500
500
500
500
500
500
500
500
500
500
500
500
500
500
500
500
500
500
500
500
500
500
500
500
500
500
500
500
500
500
500
500
500
500
500
500
500
500
500
500
500
500
500
500
500
500
500
500
500
500
500
500
500
500
500
500
500
500
500
500
500
500
500
500
500
500
500
500
500
500
500
500
500
500
500
500
500
500
500
500
500
500
500
500
500
500
500
500
500
500
500
500
500
500
500
500
500
500
500
500
500
500
500
500
500
500
500
500
500
500
500
500
500
500
500
500
500
500
500
500
500
500
500
500
500
500
500
500
500
500
500
500
500
500
500
500
500
500
500
500
500
500
500
500
500
500
500
500
500
500
500
500
500
500
500
500
500
500
500
500
500
500
500
500
500
500
500
500
500
500
500
500
500
500
500
500
500
500
500
500
500
500
500
500
500
500
500
500
500
500
500
500
500
500
500
500
500
500
500
500
500
500
500
500
500
500
500
500
500
500
500
500
500
500
500
500
500
500
500
500
500
500
500
500
500
500
500
500
500
500
500
500
500
500
500
500
500
500
500
500
500
500
500
500
500
500
500
500
500
500
500
500
500
500
500
500
500
500
500
500
500
500
500
500
500
500
500
500
500
500
500
500
500
500
500
500
500
500
500
500
500
500
500
500
500
500
500
500
500
500
500
500
500
500
500
500
500
500
500
500
500
500
500
500
500
500
500
500
500
500
500
500
500
500
500
500
500
500
500
500
500
500
500
500
500
500
500
500
500
500
500
500
500
500
500
500
500
500
500
500
500
500
500
500
500
500
500
500
500
500
500
500
500
500
500
500
500
500
500
500
500
500
500
500
500
500
500
500
500
500
500
500
500
500
500
500
500
500
500
500
500
500
500
500
500
500
500
500
500
500
500
500
500
500
500
500
500
500
500
500
500
500
500
500
500
500
500
500
500
500
500
500
500
500
500
500
500
500
500
500
500
500
500
500
500
500
500
500
500
500
500
500
500
500
500
500
500
500
500
500
500
500
500
500
500
500
500
500
500
500
500
500
500
500
500
500
500
500
500
500
500
500
500
500
500
500
500
500
500
500
500
500
500
500
500
500
500
500
500
500
500
500
500
500
500
500
500
500
500
500
500
500
500
500
500
500
500
500
500
500
500
500
500
500
500
500
500
500
500
500
500
500
500
500
500
500
500
500
500
500
500
500
500
500
500
500
500
500
500
500
500
500
500
500
500
500
500
500
500
500
500
500
500
500
500
500
500
500
500
500
500
500
500
500
500
500
500
500
500
500
500
500
500
500
500
500
500
500
500
500
500
500
500
500
500
500
500
500
500
500
500
500
500
500
500
500
500
500
500
500
500
500
500
500
500
500
500
500
500
500
500
500
500
500
500
500
500
500
500
500
500
500
500
500
500
500
500
500
500
500
500
500
500
500
500
500
500
500
500
500
500
500
500
500
500
500
500
500
500
500
500
500
500
500
500
500
500
500
500
500
500
500
500
500
500
500
500
500
500
500
500
500
500
500
500
500
500
500
500
500
500
500
500
500
500
500
500
500
500
500
500
500
500
500
500
500
500
500
500
500
500
500
500
500
500
500
500
500
500
500
500
500
500
500
500
500
500
500
500
500
500
500
500
500
500
500
500
500
500
500
500
500
500
500
500
500
500
500
500
500
500
500
500
500
500
500
500
500
500
500
500
500
500
500
500
500
500
500
500
500
500
500
500
500
500
500
500
500
500
500
500
500
500
500
500
500
500
500
500
500
500
500
500
500
500
500
500
500
500
500
500
500
500
500
500
500
500
500
500
500
500
500
500
500
500
500
500
500
500
500
500
500
500
500
500
500
500
500
500
500
500
500
500
500
500
500
500
500
500
500
500
500
500
500
500
500
500
500
500
500
500
500
500
500
500
500
500
500
500
500
500
500
500
500
500
500
500
500
500
500
500
500
500
500
500
500
500
500
500
500
500
500
500
500
500
500
500
500
500
500
500
500
500
500
500
500
500
500
500
500
500
500
500
500
500
500
500
500
500
500
500
500
500
500
500
500
500
500
500
500
500
500
500
500
500
500
500
500
500
500
500
500
500
500
500
500
500
500
500
500
500
500
500
500
500
500
500
500
500
500
500
500
500
500
500
500
500
500
500
500
500
500
500
500
500
500
500
500
500
500
500
500
500
500
500
500
500
500
500
500
500
500
500
500
500
500
500
500
500
500
500
500
500
500
500
500
500
500
500
500
500
500
500
500
500
500
500
500
500
500
500
500
500
500
500
500
500
500
500
500
500
500
500
500
500
500
500
500
500
500
500
500
500
500
500
500
500
500
500
500
500
500
500
500
500
500
500
500
500
500
500
500
500
500
500
500
500
500
500
500
500
500
500
500
500
500
500
500
500
500
500
500
500
500
500
500
500
500
500
500
500
500
500
500
500
500
500
500
500
500
500
500
500
500
500
500
500
500
500
500
500
500
500
500
500
500
500
500
500
500
500
500
500
500
500
500
500
500
500
500
500
500
500
500
500
500
500
500
500
500
500
500
500
500
500
500
500
500
500
500
500
500
500
500
500
500
500
500
500
500
500
500
500
500
500
500
500
500
500
500
500
500
500
500
500
500
500
500
500
500
500
500
500
500
500
500
500
500
500
500
500
500
500
500
500
500
500
500
500
500
500
500
500
500
500
500
500
500
500
500
500
500
500
500
500
500
500
500
500
500
500
500
500
500
500
500
500
500
500
500
500
500
500
500
500
500
500
500
500
500
500
500
500
500
500
500
500
500
500
500
500
500
500
500
500
500
500
500
500
500
500
500
500
500
500
500
500
500
500
500
500
500
500
500
500
500
500
500
500
500
500
500
500
500
500
500
500
500
500
500
500
500
500
500
500
500
500
500
500
500
500
500
500
500
500
500
500
500
500
500
500
500
500
500
500
500
500
500
500
500
500
500
500
500
500
500
500
500
500
500
500
500
500
500
500
500
500
500
500
500
500
500
500
500
500
500
500
500
500
500
500
500
500
500
500
500
500
500
500
500
500
500
500
500
500
500
500
500
500
500
500
500
500
500
500
500
500
500
500
500
500
500
500
500
500
500
500
500
500
500
500
500
500
500
500
500
500
500
500
500
500
500
500
500
500
500
500
500
500
500
500
500
500
500
500
500
500
500
500
500
500
500
500
500
500
500
500
500
500
500
500
500
500
500
500
500
500
500
500
500
500
500
500
500
500
500
500
500
500
500
500
500
500
500
500
500
500
500
500
500
500
500
500
500
500
500
500
500
500
500
500
500
500
500
500
500
500
500
500
500
500
500
500
500
500
500
500
500
500
500
500
500
500
500
500
500
500
500
500
500
500
500
500
500
500
500
500
500
500
500
500
500
500
500
500
500
500
500
500
500
500
500
500
500
500
500
500
500
500
500
500
500
500
500
500
500
500
500
500
500
500
500
500
500
500
500
500
500
500
500
500
500
500
500
500
500
500
500
500
500
500
500
500
500
500
500
500
500
500
500
500
500
500
500
500
500
500
500
500
500
500
500
500
500
500
500
500
500
500
500
500
500
500
500
500
500
500
500
500
500
500
500
500
500
500
500
500
500
500
500
500
500
500
500
500
500
500
500
500
500
500
500
500
500
500
500
500
500
500
500
500
500
500
500
500
500
500
500
500
500
500
500
500
500
500
500
500
500
500
500
500
500
500
500
500
500
500
500
500
500
500
500
500
500
500
500
500
500
500
500
500
500
500
500
500
500
500
500
500
500
500
500
500
500
500
500
500
500
500
500
500
500
500
500
500
500
500
500
500
500
500
500
500
500
500
500
500
500
500
500
500
500
500
500
500
500
500
500
500
500
500
500
500
500
500
500
500
500
500
500
500
500
500
500
500
500
500
500
500
500
500
500
500
500
500
500
500
500
500
500
500
500
500
500
500
500
SCALARS pressure float 1
LOOKUP_TABLE default
0
0
0
0
0
0
0
0
0
0
0
0
0
0
0
0
0
0
0
0
0
0
0
0
0
0
0
0
0
0
0
0
0
0
0
0
0
0
0
0
0
0
0
0
0
0
0
0
0
0
0
0
0
0
0
0
0
0
0
0
0
0
0
0
0
0
0
0
0
0
0
0
0
0
0
0
0
0
0
0
0
0
0
0
0
0
0
0
0
0
0
0
0
0
0
0
0
0
0
0
0
0
0
0
0
0
0
0
0
0
0
0
0
0
0
0
0
0
0
0
0
0
0
0
0
0
0
0
0
0
0
0
0
0
0
0
0
0
0
0
0
0
0
0
0
0
0
0
0
0
0
0
0
0
0
0
0
0
0
0
0
0
0
0
0
0
0
0
0
0
0
0
0
0
0
0
0
0
0
0
0
0
0
0
0
0
0
0
0
0
0
0
0
0
0
0
0
0
0
0
0
0
0
0
0
0
0
0
0
0
0
0
0
0
0
0
0
0
0
0
0
0
0
0
0
0
0
0
0
0
0
0
0
0
0
0
0
0
0
0
0
0
0
0
0
0
0
0
0
0
0
0
0
0
0
0
0
0
0
0
0
0
0
0
0
0
0
0
0
0
0
0
0
0
0
0
0
0
0
0
0
0
0
0
0
0
0
0
0
0
0
0
0
0
0
0
0
0
0
0
0
0
0
0
0
0
0
0
0
0
0
0
0
0
0
0
0
0
0
0
0
0
0
0
0
0
0
0
0
0
0
0
0
0
0
0
0
0
0
0
0
0
0
0
0
0
0
0
0
0
0
0
0
0
0
0
0
0
0
0
0
0
0
0
0
0
0
0
0
0
0
0
0
0
0
0
0
0
0
0
0
0
0
0
0
0
0
0
0
0
0
0
0
0
0
0
0
0
0
0
0
0
0
0
0
0
0
0
0
0
0
0
0
0
0
0
0
0
0
0
0
0
0
0
0
0
0
0
0
0
0
0
0
0
0
0
0
0
0
0
0
0
0
0
0
0
0
0
0
0
0
0
0
0
0
0
0
0
0
0
0
0
0
0
0
0
0
0
0
0
0
0
0
0
0
0
0
0
0
0
0
0
0
0
0
0
0
0
0
0
0
0
0
0
0
0
0
0
0
0
0
0
0
0
0
0
0
0
0
0
0
0
0
0
0
0
0
0
0
0
0
0
0
0
0
0
0
0
0
0
0
0
0
0
0
0
0
0
0
0
0
0
0
0
0
0
0
0
0
0
0
0
0
0
0
0
0
0
0
0
0
0
0
0
0
0
0
0
0
0
0
0
0
0
0
0
0
0
0
0
0
0
0
0
0
0
0
0
0
0
0
0
0
0
0
0
0
0
0
0
0
0
0
0
0
0
0
0
0
0
0
0
0
0
0
0
0
0
0
0
0
0
0
0
0
0
0
0
0
0
0
0
0
0
0
0
0
0
0
0
0
0
0
0
0
0
0
0
0
0
0
0
0
0
0
0
0
0
0
0
0
0
0
0
0
0
0
0
0
0
0
0
0
0
0
0
0
0
0
0
0
0
0
0
0
0
0
0
0
0
0
0
0
0
0
0
0
0
0
0
0
0
0
0
0
0
0
0
0
0
0
0
0
0
0
0
0
0
0
0
0
0
0
0
0
0
0
0
0
0
0
0
0
0
0
0
0
0
0
0
0
0
0
0
0
0
0
0
0
0
0
0
0
0
0
0
0
0
0
0
0
0
0
0
0
0
0
0
0
0
0
0
0
0
0
0
0
0
0
0
0
0
0
0
0
0
0
0
0
0
0
0
0
0
0
0
0
0
0
0
0
0
0
0
0
0
0
0
0
0
0
0
0
0
0
0
0
0
0
0
0
0
0
0
0
0
0
0
0
0
0
0
0
0
0
0
0
0
0
0
0
0
0
0
0
0
0
0
0
0
0
0
0
0
0
0
0
0
0
0
0
0
0
0
0
0
0
0
0
0
0
0
0
0
0
0
0
0
0
0
0
0
0
0
0
0
0
0
0
0
0
0
0
0
0
0
0
0
0
0
0
0
0
0
0
0
0
0
0
0
0
0
0
0
0
0
0
0
0
0
0
0
0
0
0
0
0
0
0
0
0
0
0
0
0
0
0
0
0
0
0
0
0
0
0
0
0
0
0
0
0
0
0
0
0
0
0
0
0
0
0
0
0
0
0
0
0
0
0
0
0
0
0
0
0
0
0
0
0
0
0
0
0
0
0
0
0
0
0
0
0
0
0
0
0
0
0
0
0
0
0
0
0
0
0
0
0
0
0
0
0
0
0
0
0
0
0
0
0
0
0
0
0
0
0
0
0
0
0
0
0
0
0
0
0
0
0
0
0
0
0
0
0
0
0
0
0
0
0
0
0
0
0
0
0
0
0
0
0
0
0
0
0
0
0
0
0
0
0
0
0
0
0
0
0
0
0
0
0
0
0
0
0
0
0
0
0
0
0
0
0
0
0
0
0
0
0
0
0
0
0
0
0
0
0
0
0
0
0
0
0
0
0
0
0
0
0
0
0
0
0
0
0
0
0
0
0
0
0
0
0
0
0
0
0
0
0
0
0
0
0
0
0
0
0
0
0
0
0
0
0
0
0
0
0
0
0
0
0
0
0
0
0
0
0
0
0
0
0
0
0
0
0
0
0
0
0
0
0
0
0
0
0
0
0
0
0
0
0
0
0
0
0
0
0
0
0
0
0
0
0
0
0
0
0
0
0
0
0
0
0
0
0
0
0
0
0
0
0
0
0
0
0
0
0
0
0
0
0
0
0
0
0
0
0
0
0
0
0
0
0
0
0
0
0
0
0
0
0
0
0
0
0
0
0
0
0
0
0
0
0
0
0
0
0
0
0
0
0
0
0
0
0
0
0
0
0
0
0
0
0
0
0
0
0
0
0
0
0
0
0
0
0
0
0
0
0
0
0
0
0
0
0
0
0
0
0
0
0
0
0
0
0
0
0
0
0
0
0
0
0
0
0
0
0
0
0
0
0
0
0
0
0
0
0
0
0
0
0
0
0
0
0
0
0
0
0
0
0
0
0
0
0
0
0
0
0
0
0
0
0
0
0
0
0
0
0
0
0
0
0
0
0
0
0
0
0
0
0
0
0
0
0
0
0
0
0
0
0
0
0
0
0
0
0
0
0
0
0
0
0
0
0
0
0
0
0
0
0
0
0
0
0
0
0
0
0
0
0
0
0
0
0
0
0
0
0
0
0
0
0
0
0
0
0
0
0
0
0
0
0
0
0
0
0
0
0
0
0
0
0
0
0
0
0
0
0
0
0
0
0
0
0
0
0
0
0
0
0
0
0
0
0
0
0
0
0
0
0
0
0
0
0
0
0
0
0
0
0
0
0
0
0
0
0
0
0
0
0
0
0
0
0
0
0
0
0
0
0
0
0
0
0
0
0
0
0
0
0
0
0
0
0
0
0
0
0
0
0
0
0
0
0
0
0
0
0
0
0
0
0
0
0
0
0
0
0
0
0
0
0
0
0
0
0
0
0
0
0
0
0
0
0
0
0
0
0
0
0
0
0
0
0
0
0
0
0
0
0
0
0
0
0
0
0
0
0
0
0
0
0
0
0
0
0
0
0
0
0
0
0
0
0
0
0
0
0
0
0
0
0
0
0
0
0
0
0
0
0
0
0
0
0
0
0
0
0
0
0
0
0
0
0
0
0
0
0
0
0
0
0
0
0
0
0
0
0
0
0
0
0
0
0
0
0
0
0
0
0
0
0
0
0
0
0
0
0
0
0
0
0
0
0
0
0
0
0
0
0
0
0
0
0
0
0
0
0
0
0
0
0
0
0
0
0
0
0
0
0
0
0
0
0
0
0
0
0
0
0
0
0
0
0
0
0
0
0
0
0
0
0
0
0
0
0
0
0
0
0
0
0
0
0
0
0
0
0
0
0
0
0
0
0
0
0
0
0
0
0
0
0
0
0
0
0
0
0
0
0
0
0
0
0
0
0
0
0
0
0
0
0
0
0
0
0
0
0
0
0
0
0
0
0
0
0
0
0
0
0
0
0
0
0
0
0
0
0
0
0
0
0
0
0
0
0
0
0
0
0
0
0
0
0
0
0
0
0
0
0
0
0
0
0
0
0
0
0
0
0
0
0
0
0
0
0
0
0
0
0
0
0
0
0
0
0
0
0
0
0
0
0
0
0
0
0
0
0
0
0
0
0
0
0
0
0
0
0
0
0
0
0
0
0
0
0
0
0
0
0
0
0
0
0
0
0
0
0
0
0
0
0
0
0
0
0
0
0
0
0
0
0
0
0
0
0
0
0
0
0
0
0
0
0
0
0
0
0
0
0
0
0
0
0
0
0
0
0
0
0
0
0
0
0
0
0
0
0
0
0
0
0
0
0
0
0
0
0
0
0
0
0
0
0
0
0
0
0
0
0
0
0
0
0
0
0
0
0
0
0
0
0
0
0
0
0
0
0
0
0
0
0
0
0
0
0
0
0
0
0
0
0
0
0
0
0
0
0
0
0
0
0
0
0
0
0
0
0
0
0
0
0
0
0
0
0
0
0
0
0
0
0
0
0
0
0
0
0
0
0
0
0
0
0
0
0
0
0
0
0
0
0
0
0
0
0
0
0
0
0
0
0
0
0
0
0
0
0
0
0
0
0
0
0
0
0
0
0
0
0
0
0
0
0
0
0
0
0
0
0
0
0
0
0
0
0
0
0
0
0
0
0
0
0
0
0
0
0
0
0
0
0
0
0
0
0
0
0
0
0
0
0
0
0
0
0
0
0
0
0
0
0
0
0
0
0
0
0
0
0
0
0
0
0
0
0
0
0
0
0
0
0
0
0
0
0
0
0
0
0
0
0
0
0
0
0
0
0
0
0
0
0
0
0
0
0
0
0
0
0
0
0
0
0
0
0
0
0
0
0
0
0
0
0
0
0
0
0
0
0
0
0
0
0
0
0
0
0
0
0
0
0
0
0
0
0
0
0
0
0
0
0
0
0
0
0
0
0
0
0
0
0
0
0
0
0
0
0
0
0
0
0
0
0
0
0
0
0
0
0
0
0
0
0
0
0
0
0
0
0
0
0
0
0
0
0
0
0
0
0
0
0
0
0
0
0
0
0
0
0
0
0
0
0
0
0
0
0
0
0
0
0
0
0
0
0
0
0
0
0
0
0
0
0
0
0
0
0
0
0
0
0
0
0
0
0
0
0
0
0
0
0
0
0
0
0
0
0
0
0
0
0
0
0
0
0
0
0
0
0
0
0
0
0
0
0
0
0
0
0
0
0
0
0
0
0
0
0
0
0
0
0
0
0
0
0
0
0
0
0
0
0
0
0
0
0
0
0
0
0
0
0
0
0
0
0
0
0
0
0
0
0
0
0
0
0
0
0
0
0
0
0
0
0
0
0
0
0
0
0
0
0
0
0
0
0
0
0
0
0
0
0
0
0
0
0
0
0
0
0
0
0
0
0
0
0
0
0
0
0
0
0
0
0
0
0
0
0
0
0
0
0
0
0
0
0
0
0
0
0
0
0
0
0
0
0
0
0
0
0
0
0
0
0
0
0
0
0
0
0
0
0
0
0
0
0
0
0
0
0
0
0
0
0
0
0
0
0
0
0
0
0
0
0
0
0
0
0
0
0
0
0
0
0
0
0
0
0
0
0
0
0
0
0
0
0
0
0
0
0
0
0
0
0
0
0
0
0
0
0
0
0
0
0
0
0
0
0
0
0
0
0
SCALARS speed float 1
LOOKUP_TABLE default
7.46989e-60
6.8185e-57
36.2336
5.27553e-35
2.26228e-51
29.7997
7.99319e-13
1.40347e-05
3.81928e-31
5.9443
2.28545e-50
3.91838e-22
42.5706
2.95481e-49
4.60052e-35
9.03663e-61
5.34096e-32
5.17052e-43
71.37
44.5599
1.29381e-52
24.0781
3.73822e-21
33.6305
32.0077
7.20986e-23
1.88078e-36
5.33066e-05
36.8333
63.5416
27.4979
56.0375
7.03783e-10
1.49282e-36
1.24898e-57
5.73849e-37
24.9161
17.3365
1.33663e-26
1.31279e-53
4.13654e-10
8.41332e-39
88.3784
6.36148e-49
47.5093
4.97458e-63
1.04131e-41
9.4982e-62
6.35197e-60
6.28854e-48
1.28797e-49
19.3485
7.32617e-08
35.233
1.98489e-56
1.80903e-48
33.619
32.0057
2.12942e-44
19.6082
7.98053e-49
6.64324e-40
9.39637e-45
25.3792
40.3366
6.34234
6.93246e-44
1.26434e-61
1.17902e-52
1.70635e-58
6.77637e-57
41.1371
5.52097e-60
1.70119e-32
2.67381e-18
54.7179
14.751
3.4756e-32
87.0849
3.8598e-32
5.70523e-28
2.67378e-45
2.01064e-58
7.91696e-59
1.22981e-36
2.82562e-55
67.0674
1.31977e-58
2.15871e-46
33.6305
31.9913
9.93442e-09
67.6909
1.74265e-61
19.94
8.11946e-53
5.83192e-49
28.7702
23.4069
5.62038e-41
48.3975
5.04296e-53
2.36438e-19
3.3196e-60
32.2764
7.69502e-07
1.12855e-21
55.2612
23.3082
25.7892
3.8772e-45
1.20949e-58
36.2814
1.50458e-45
3.34904e-25
43.356
4.44125e-11
6.54663e-28
75.2871
2.1462e-58
3.2924e-56
8.27551e-62
2.32388e-47
2.40123e-48
3.1118e-61
38.8667
4.0696e-46
7.59593
3.42929e-44
5.02134e-54
28.2254
2.15527e-53
8.247e-46
33.6213
17.9897
11.9383
23.6171
2.7417e-58
17.8433
39.5818
24.613
58.638
22.883
0.0641858
21.3535
0.867282
2.34187e-21
14.2736
17.1485
1.31455e-50
60.1283
2.79762e-43
52.2249
6.93006e-36
35.8447
30.7772
1.29879e-46
4.8902e-21
4.10114e-61
25.6009
1.20092e-46
1.19814e-58
1.888e-14
45.3267
28.7863
39.9421
24.9036
2.73088e-20
1.93927e-23
171.756
2.36243e-44
3.69559e-35
8.32934e-18
3.20982e-56
4.80061e-61
27.2208
0.0653957
21.376
0.886824
8.08735e-52
1.94711e-12
7.96242
7.39271
51.698
1.59317e-53
17.6832
23.3189
1.93519e-34
15.6683
13.8569
1.01368e-25
12.7822
24.6354
3.39714e-26
3.82486e-60
7.56792e-53
1.88516e-45
18.73
0.00498755
25.0138
6.05033
37.1357
1.96718e-51
34.6711
35.4058
31.7329
1.87676e-50
52.5462
1.64029e-43
0.064308
21.3535
0.867599
26.0876
2.45551e-51
20.9036
1.23668e-41
32.4302
16.1133
4.68468e-23
6.37691e-60
8.16954e-55
36.0683
0.000902211
1.2234e-31
13.8894
28.9465
8.36652e-54
26.228
1.61479e-08
5.1445e-60
73.6552
1.00385e-43
107.705
3.34781e-59
37.4517
29.1114
2.00774e-35
63.8291
59.9183
1.70008e-58
1.57703e-53
2.47613e-32
24.3227
1.14457e-59
3.45858e-11
3.61918e-49
34.0824
3.42799e-49
5.98513e-55
50.36
1.1791e-54
1.98651e-58
2.18862e-45
2.20872e-46
1.07117e-42
8.07811e-60
2.84762e-59
26.3643
4.16871e-50
8.21754e-51
3.42192e-32
12.1006
1.54173e-51
6.91849e-13
24.7791
27.9892
1.30002e-46
55.1245
1.10665e-60
36.5998
72.4801
3.50015e-24
4.26067e-38
1.64392e-24
42.8147
7.55472e-24
187.599
3.77552e-59
1.74413e-60
1.24937e-56
4.00668e-50
38.976
9.5397e-55
2.94445e-56
13.7375
1.14627e-57
38.1031
70.8344
22.9146
1.61033e-50
2.85378e-44
34.9946
41.3932
1.10052e-45
47.2408
3.11263e-55
2.11729e-29
45.0284
27.0007
1.29957e-46
29.1481
1.24867e-48
38.7608
6.08989e-46
9.0223e-40
1.09048e-37
31.6788
9.03692
6.25326e-39
77.6093
83.3945
6.88017
1.79511e-37
19.6691
3.32278e-59
2.03869e-25
14.5839
47.7346
6.26697e-57
8.15079
135.477
1.18138e-58
7.24665e-42
4.01835e-58
22.8541
67.2061
8.95512e-46
51.4277
9.40844e-13
33.8639
0.864571
27.9639
1.29974e-46
299.01
78.9071
24.0898
22.4446
1.23106e-55
8.9856e-56
5.7874e-55
33.0115
1.69298e-35
3.78235e-46
5.77696e-61
113.058
39.577
1.17864e-35
96.6272
8.37714e-45
3.82232e-59
43.4537
2.30646e-44
8.28647e-47
2.45821e-09
21.9891
4.61861e-45
3.74404e-57
2.68549e-51
1.64284e-21
2.21482e-26
9.38066e-41
3.69798e-25
4.3768e-40
5.10175e-50
4.95352e-52
28.3624
4.78209e-43
3.58408e-45
6.58838e-62
1.44756e-44
1.15526e-48
2.09679e-45
2.98018e-61
58.4447
1.76372e-46
4.61688e-61
49.1448
28.5011
1.2536e-45
2.4833e-21
5.41597e-61
20.8328
14.1635
1.22359e-21
3.39471e-49
1.06549e-59
15.1518
8.80912e-18
4.2563e-23
4.7817e-48
7.12136e-40
49.3472
24.0277
2.2546e-41
4.56528e-36
2.43805e-34
1.61551e-45
1.29469e-56
24.8183
6.82196e-47
1.04268e-41
115.126
4.75479e-61
4.84391e-45
1.96572e-57
2.6167e-57
20.1048
9.31917e-49
24.6464
2.68752e-07
4.24722e-50
3.16977e-54
2.69767e-20
2.16174e-52
8.29734e-60
30.6116
39.0159
0.0977258
41.2572
16.1991
26.7176
6.09299e-46
17.3499
1.70501e-54
1.95451e-59
41.4686
50.4947
54.7546
9.10994e-56
6.78381e-36
2.63841e-62
2.56179e-60
176.549
3.82782e-51
99.9573
1.30519e-57
59.0814
25.27
168.126
5.8757e-52
3.50063e-36
69.5755
26.5166
1.02374e-38
2.4105e-50
8.14785e-49
2.99387e-61
1.10791e-46
7.85398e-53
15.1491
3.16126e-46
8.7234e-39
14.6966
1.28027e-05
4.30484e-43
29.6687
52.629
9.16571e-35
9.61326e-57
7.13218e-27
2.08087e-59
3.05607e-45
4.95535e-51
1.12141e-60
106.009
2.17579e-44
21.2723
8.09194e-09
9.92234e-58
1.52279e-58
63.3079
29.5302
9.09074e-33
7.44517e-43
3.13396e-35
41.3026
4.27662e-46
1.24289e-47
23.9558
20.4353
1.55444e-55
1.15984
1.6853e-58
47.6956
8.3206e-62
5.57279e-58
3.75257e-52
9.60967e-60
7.89025e-28
4.6745e-08
79.0037
22.0919
7.467
3.63695e-36
7.94561e-32
2.59838e-57
31.9792
0.375917
4.53997e-56
1.54146e-52
3.64251e-53
61.2341
52.6221
8.65556
3.76795e-43
4.23817e-51
0.0650091
21.456
0.956791
3.97227e-56
5.33519e-12
9.27253e-21
4.09644e-22
23.999
1.69129e-60
13.337
1.11433e-54
45.0323
26.1825
8.46519e-47
6.49939e-52
1.47115e-35
2.11309e-54
2.10515e-55
34.1695
20.7079
6.44033e-14
6.59917e-43
22.0575
20.2608
1.52932e-19
3.86552e-44
4.43643e-27
5.88746e-60
15.178
3.42943e-48
52.0412
51.1115
2.50656e-40
0.07089
21.475
0.973688
19.7196
2.54754e-29
29.4162
0.000619324
8.75801
11.3458
45.0314
10.1665
2.48602e-45
21.9506
12.485
15.5961
1.60006e-40
4.56159e-41
6.23841e-44
4.85711e-22
1.39525e-49
5.25706e-42
1.39834e-15
5.92797e-33
20.4592
5.63815
6.0248e-48
17.1035
5.53174e-49
1.37913e-44
1.11166e-51
91.1301
2.43415e-18
9.43951e-46
0.065272
21.456
0.957075
24.6998
5.18438e-11
2.5372e-50
16.1551
3.57528e-38
1.16005e-49
15.0268
25.9243
4.55427e-61
34.2957
0.375883
1.48823e-57
4.16053e-52
10.1951
56.9575
5.24572e-59
2.04544e-55
6.40251e-06
33.5094
2.79889e-40
1.93696e-60
23.2179
3.07113e-27
1.5357e-56
38.8083
1.19422e-51
36.0507
1.64053e-22
1.68978e-49
8.32171e-48
2.33676e-40
1.89212e-58
7.88677e-49
6.17642e-50
6.70618e-57
4.99695e-49
1.03966e-36
24.1518
1.01446e-13
2.25337e-49
48.5722
1.35966e-58
2.39194e-60
4.09007e-61
3.14206e-62
2.34376e-47
1.7924e-49
5.24713e-49
25.1618
9.09459e-07
35.5741
4.24248e-42
2.98839e-34
27.0964
1.30019e-46
1.1672e-57
1.03928e-58
1.80986e-06
5.28019e-14
3.43267e-09
27.6009
6.47138e-56
4.01257e-61
5.18435e-37
3.90903e-50
1.42783e-57
70.1235
6.39679e-53
48.9733
79.0728
2.57156e-45
1.30662e-45
1.19931e-45
1.20018e-57
5.64481e-60
0.0010919
23.1812
8.41318e-61
1.27792e-57
37.9421
35.5104
8.76758e-24
3.1422e-57
9.3793e-43
14.8756
7.56082e-49
26.1297
8.48257e-47
6.67199e-57
29.7236
96.5883
10.9239
29.4477
16.2707
35.7944
2.3228e-37
2.60963e-60
57.3515
80.2897
56.9196
1.75182e-09
33.5568
6.08611e-57
7.18897e-33
1.53797e-35
6.06612e-46
29.6469
1.25609e-23
65.2843
7.72233e-59
3.84149e-61
4.95149e-62
8.10784e-42
54.7621
2.96215e-53
8.17587e-36
6.29206e-43
5.44926e-58
0.00117056
27.0231
1.29903e-46
5.65071e-52
68.2325
5.96568e-22
4.37496e-43
1.87064e-37
26.7791
2.84526e-09
21.0068
5.40897e-35
2.46849e-48
8.59802e-60
2.12658e-21
1.48208e-44
54.2792
2.28623e-46
5.07327e-54
17.1337
1.01259e-19
27.3359
4.38242e-57
9.85839e-61
20.3749
8.03494e-48
5.6011e-51
3.15361e-59
34.9081
0.0270238
0.258045
3.56277e-52
2.1182e-60
9.23208e-43
23.2531
0.594513
3.62088e-53
3.44415e-56
8.96104e-16
2.03689e-59
7.36808
5.00608e-45
26.8935
0.00314537
3.27127e-37
4.61056e-61
50.7244
29.0112
30.8639
2.74412e-60
19.9112
4.58225e-55
1.26512e-54
26.4948
1.47553e-17
4.47003e-60
21.2108
6.4205e-28
6.12604e-43
3.44031e-55
0.00270337
4.33055e-21
7.53921e-25
2.51757e-57
1.17788e-23
71.1879
1.48412e-45
3.55137e-52
2.80768e-43
9.34539e-62
7.74648e-43
1.43346e-45
0.00233949
1.8493e-52
9.01088e-62
6.37491e-60
1.30208e-60
1.0722e-47
27.0843
12.8731
6.97469e-61
6.9548e-54
76.9872
74.3317
57.7476
3.70329e-17
33.9621
2.29942e-61
7.60329e-44
20.4062
13.4861
1.18033e-16
6.15841e-12
4.16201e-58
18.4908
24.6988
1.06342e-56
6.22364e-35
3.7334e-15
5.12556e-35
1.1414e-56
18.8018
2.63966e-35
7.98537e-43
14.5995
7.75494e-56
0.056388
2.01557e-48
96.7068
1.2571e-50
15.4984
74.8722
1.22339e-58
83.5981
8.61753e-42
62.1368
25.2273
3.61694e-32
0.000632484
98.6624
14.8379
5.64877e-45
21.2289
10.5788
7.71916e-45
35.0726
30.8658
10.3726
24.8867
3.80835e-36
3.07399e-35
2.05445e-38
4.6506e-40
1.72317e-60
8.96763e-62
9.54572e-50
7.28922e-36
2.5849e-58
34.7681
27.3821
55.842
1.59327e-51
16.3016
1.3312e-45
35.0896
6.3243e-55
2.08297e-38
2.31282e-48
1.33509e-09
5.42078e-53
4.34194e-60
5.42704e-61
5.39899e-59
2.64717e-47
4.2327e-62
4.92075e-58
1.38933e-51
8.55034e-60
6.47516e-27
5.0216e-61
46.7757
22.1216
2.57093e-53
35.1722
3.10517e-30
1.95054e-55
31.9761
0.375919
117.918
191.302
1.59197e-47
2.14071e-36
6.03842e-41
2.03933e-18
4.88567e-15
5.52106e-35
0.0654078
21.4569
0.957286
27.4564
2.17134e-20
1.89587e-51
28.3161
70.7598
21.7809
4.35015e-20
19.3103
44.9843
26.1699
8.47893e-47
20.596
1.21064e-37
7.26446e-57
2.75246e-37
4.26838
43.4589
119.419
8.4035e-54
21.7564
20.2465
1.52932e-19
43.3282
1.52791e-35
1.60782e-60
4.85389
48.4559
2.28963e-49
39.5208
26.158
0.0717284
21.476
0.97448
7.53831
4.15045e-50
63.2729
2.48105e-12
8.982
6.57432e-45
25.2241
3.69744e-38
1.55946e-43
21.9352
12.5739
1.72969e-46
26.3222
5.90451e-62
2.17757e-59
46.5787
7.04527e-57
60.3477
41.7051
1.38173e-29
20.4473
5.63858
7.9918e-50
20.8147
27.0173
18.5012
4.22744e-61
1.16439e-22
28.42
3.12765e-44
0.0656948
21.457
0.957515
1.68318e-29
3.14177e-50
5.96641e-11
37.8591
39.9728
15.1683
19.071
1.02002e-34
2.11756e-38
34.2922
0.375917
7.72859e-58
19.2372
2.12779e-61
3.15826e-48
5.64644e-26
5.74262e-51
2.64722e-36
3.99574e-49
1.26711e-39
68.3951
2.08652e-16
65.4435
1.95293e-58
19.7034
51.9146
40.8844
4.60365e-52
5.94204e-61
4.10779e-60
7.61658e-33
1.28496e-58
1.09172e-33
1.83857e-58
2.35072e-49
8.1927e-61
3.36613e-05
2.4651e-06
4.61959e-40
20.0537
2.20468e-42
1.95851e-16
2.865e-60
2.03241e-59
1.14398e-61
2.61523e-60
34.0167
2.09103e-59
35.0238
5.78204e-12
2.13865e-55
1.72038e-44
2.65486e-50
27.0962
1.29941e-46
3.54036e-60
1.85877e-44
3.77945e-50
24.7099
4.4805e-05
27.444
51.4055
3.92079e-40
3.46643e-45
2.85948e-57
7.38746e-61
33.558
25.7763
8.54883e-33
2.6521e-53
4.75054e-38
2.0855e-38
4.0788e-60
2.85305e-57
3.57209e-42
1.58239e-14
23.1774
10.5717
8.72717e-62
9.72836e-32
32.4859
7.79568e-49
2.26893e-31
37.6283
59.543
1.95635e-51
26.1325
8.47346e-47
1.62808e-51
24.985
1.21336e-55
1.14776e-37
5.19651e-24
4.99692e-48
2.61335e-52
6.47856e-57
66.9389
81.2737
80.3127
50.1264
2.20974e-13
5.28279e-29
12.993
2.08338e-32
1.78281e-31
8.73613e-40
9.25917e-34
2.57283e-39
63.734
2.52793e-57
2.75324e-59
1.22633e-44
48.6841
7.61538e-37
4.59477e-17
9.03815e-53
1.29446e-58
19.1317
1.03359e-47
27.0226
8.47063e-47
42.6769
19.1614
21.8097
1.83673e-61
47.9519
2.00512e-16
39.4807
7.49752e-61
5.22326e-35
3.85004e-48
8.5819e-60
1.1928e-20
5.46563e-53
0.0163551
3.29421e-51
1.98368e-25
1.96481e-59
1.07224e-39
1.50964e-35
103.821
6.28046e-60
41.8933
8.95209e-47
0.000103962
61.1126
13.2982
20.4751
0.0072843
1.61732e-57
39.6336
6.95164e-49
29.878
66.3837
3.68555e-54
11.2527
3.75058e-54
8.10395e-37
2.65535e-38
5.23069e-54
19.0287
1.28692e-08
5.21225e-49
4.61051e-61
50.722
28.2742
9.56794e-37
39.418
61.239
9.48639e-14
21.8347
17.1431
7.78334e-57
1.35435e-61
21.2096
8.46027e-47
1.64469e-11
1.17772e-42
1.74279e-06
33.9899
0.000356013
1.32343e-60
32.626
0.0166208
2.21938e-51
1.95167e-24
12.9929
6.03272e-62
2.12633e-38
41.2247
3.02332e-35
4.41253e-06
4.18355e-39
2.93034e-05
8.408e-48
5.44119e-39
27.1071
20.2238
79.8849
4.07939e-49
63.0199
29.4865
4.97151e-08
9.70861e-46
9.47433e-54
2.17565e-59
1.99418e-35
20.4063
8.46148e-47
2.06319e-55
15.4559
2.69606e-58
1.05348e-54
1.23506e-24
3.26353e-51
2.36473e-56
6.30684e-55
1.73518e-47
4.42734e-39
17.1478
34.3351
0.434161
27.2899
2.79923e-57
6.74916e-44
2.14874e-05
1.32254e-42
4.94021e-49
7.32486e-43
75.2879
1.80641e-58
49.6662
6.4794e-37
49.394
1.57374e-60
1.47161e-35
2.44662e-32
2.98698e-31
15.0191
4.76885e-39
21.2278
8.46031e-47
4.49903e-11
35.0708
1.38032e-60
1.32247e-59
1.37797e-44
26.3215
4.23558e-52
2.9489e-41
8.20994e-07
1.72316e-60
6.61994e-61
1.66766e-60
6.25748e-11
7.07712e-37
60.5923
1.57136e-51
5.86065
24.4767
34.8331
8.24857e-58
1.11485e-58
22.048
1.31389e-22
1.47905e-49
7.5045e-30
1.49095e-14
8.76627e-46
8.04563e-46
4.37099e-57
19.7721
3.71887e-61
6.0174e-61
2.22884e-49
1.67169e-60
1.52264e-26
6.29715e-53
2.5976e-57
24.6065
12.1217
30.2709
1.78612e-45
6.81382e-36
31.9761
0.375922
8.89949e-58
18.9875
1.2469e-46
48.3628
23.4347
7.44446e-18
0.3591
27.5995
0.0655424
21.4569
0.957682
14.3254
24.1717
14.7214
3.65794e-27
21.8096
19.0225
17.3425
7.0632e-50
45.0207
26.1709
2.89957e-46
8.24919e-41
3.61897e-37
4.28224e-48
2.34894e-37
1.74553e-56
13.8816
5.97929e-58
5.43235e-51
2.8132e-54
20.2463
1.5293e-19
7.77203e-50
5.9772e-33
91.0776
1.36059e-58
48.0528
3.96635e-49
53.2951
8.84439e-39
0.0713835
21.4762
0.974251
27.2187
13.3124
1.85329e-49
1.08896e-12
9.57154
58.9488
27.7982
2.92555e-38
1.08056e-46
21.9349
12.5738
8.66215e-34
2.23699
8.49885e-58
8.2291e-60
1.10675e-25
4.79285e-35
1.50149e-42
1.11927e-08
1.92338e-37
20.4485
5.64251
4.19667e-57
23.4842
49.6949
2.43363e-53
1.87036e-59
1.16777e-55
3.30751e-24
36.0418
0.0653903
21.4574
0.957274
3.6372e-05
2.98419e-50
60.6993
71.9562
9.83615e-59
2.50534e-54
3.21533e-42
2.17403e-43
2.56619e-57
34.2926
0.375925
5.8439e-58
6.26565e-47
3.00312e-31
1.181e-06
6.53835e-54
1.50633e-49
2.0977e-60
18.4872
6.93837e-40
3.66765e-62
8.05696e-60
8.38732e-09
6.965e-55
6.07689e-59
60.4357
21.2326
41.4754
2.432e-48
52.3164
2.09411e-52
54.8956
11.1835
62.2214
81.2464
51.9653
87.2953
9.08517e-14
3.10026e-12
1.27562e-13
2.08923e-43
5.33854e-12
2.42223e-60
4.00047e-61
1.13681e-39
5.11697e-59
3.04701e-52
4.71455e-50
17.0834
4.48588e-15
5.9764e-43
46.0404
51.3871
27.0957
8.47154e-47
1.41353e-18
1.13101e-51
7.48616
30.9625
1.51076e-31
8.25623e-15
2.0444e-42
8.3132e-53
5.69795e-54
4.8045e-55
1.10649e-62
37.572
9.53095e-30
3.35626e-59
112.724
1.93394e-46
5.56324e-49
49.2563
4.11063e-57
38.514
3.22488e-13
22.4651
1.24277
7.57054e-43
1.42506e-10
36.2432
37.4048
1.42957e-56
2.28451e-32
12.5749
44.4304
26.1293
8.46524e-47
26.4695
1.03599e-16
9.92141e-17
3.16537e-06
29.8656
2.32765e-57
3.66743e-60
78.1643
4.57425e-40
1.10883e-42
1.93265e-45
47.3905
67.6393
1.52894e-13
3.51213e-16
67.8663
8.95755e-10
1.59521e-61
97.9105
59.0957
68.3533
8.25062e-35
2.02512e-42
2.97712e-55
30.0359
25.2956
46.2419
77.7927
40.6001
46.0522
1.18392e-42
27.0219
8.46024e-47
1.7906e-41
39.1207
2.43579e-20
1.95763e-47
85.7833
35.2764
33.2011
96.3148
7.31991e-53
5.81408e-49
1.33963e-59
1.19241e-20
2.57257e-13
2.31879e-07
41.7442
2.45868e-60
42.4118
7.79509e-14
38.1295
1.38088e-58
2.85935e-60
44.5705
6.04502e-35
1.54778e-43
4.0162e-54
5.33099e-58
1.2726
9.65571e-57
7.35418e-21
157.954
1.28064e-40
39.5101
4.48357e-13
1.13607e-52
62.3683
2.2514e-59
21.8965
0.00012862
8.46645e-22
1.08399e-56
21.2969
6.83411e-48
4.61044e-61
50.7211
29.019
29.1527
9.77972
1.16128e-61
1.2064e-57
5.08055e-46
52.4617
3.08893e-46
6.55618e-28
21.2099
8.47066e-47
54.8321
1.00096e-56
9.22738e-61
3.20028e-15
3.18406e-38
4.0574e-24
85.1418
14.6373
1.50208e-45
4.62221e-24
22.4881
1.48842e-59
5.45518e-49
55.8913
2.15402e-53
6.95679e-51
3.64673e-29
5.31761e-61
3.5432e-46
2.22258e-46
25.1664
20.4978
3.5886e-12
1.23425e-55
1.19623e-35
1.24802e-45
75.465
34.0723
43.4421
25.2063
1.14532e-55
20.4087
7.50723e-17
3.81834e-47
9.32049e-48
9.02549e-09
4.45654e-46
5.27004e-25
13.254
33.7436
35.5178
6.08717e-43
1.20034e-42
16.9484
3.24271e-60
2.87926e-31
9.67056e-57
22.6176
9.64345
4.69047e-41
84.3705
16.899
3.46993e-49
75.55
1.80764e-58
42.6272
52.3221
2.54037e-36
1.41052e-39
3.1804e-54
4.37137e-58
2.39958e-41
1.67292e-32
1.39956e-32
21.2286
8.47066e-47
14.4785
35.0818
4.58285e-57
1.37574e-45
67.9027
14.7177
7.11916e-30
2.35856e-08
5.59407e-41
1.72314e-60
3.29667e-62
2.4855e-37
8.12543e-42
3.92753e-45
71.8447
1.43687e-08
0.00363839
23.4795
22.0548
6.3958e-37
56.1023
1.45073e-05
8.70965e-55
7.23765e-31
1.51042e-47
85.0444
6.10641
1.17865e-44
1.30732e-53
4.94829e-55
2.42076e-60
2.86057e-61
6.66418e-46
1.99686e-61
1.52411e-26
2.04836e-56
33.9133
31.6618
6.58545e-43
28.6844
1.14008e-12
8.75942e-47
31.9761
0.375919
21.8815
1.32286e-58
1.3967e-48
51.0134
2.76596e-42
2.37112e-49
32.6152
18.8537
0.0656146
21.4569
0.957883
1.02183e-12
7.72806e-16
27.0057
1.03937e-25
1.38299e-39
53.4942
8.85262
0.0140793
45.1608
26.1692
1.11132e-44
4.91882e-59
1.93306e-37
4.0058e-47
20.4289
9.92028e-10
8.25181e-46
2.87026e-23
8.3318e-52
1.69178e-52
20.2463
1.52921e-19
0.0145805
1.50628e-31
95.6467
14.5668
26.1358
1.84249e-27
42.3279
31.1673
0.0713807
21.476
0.974291
6.83577e-51
13.918
4.98445e-60
1.83851e-13
8.78207
2.78171e-49
34.3874
1.54674e-12
2.68884e-54
21.9345
12.5735
1.66068e-49
1.07718e-42
6.72011e-61
3.31843e-19
1.508e-57
2.09582e-40
8.41972
4.24362e-05
2.07634e-55
20.4467
5.63616
2.81598e-50
9.65193e-53
1.1954e-59
26.4573
1.17319e-14
4.4937e-54
1.35535e-20
3.63809e-26
0.0656176
21.4572
0.957516
36.5342
104.84
30.1785
1.28586e-43
0.567433
25.2057
2.51844e-47
64.5112
1.42811e-45
34.2926
0.375922
1.46156e-57
3.25744e-47
9.24593e-24
1.57257e-31
27.4292
4.82402e-50
37.6496
7.52492e-43
7.29535e-43
2.59478e-62
7.82031e-22
8.42072e-59
6.33832e-55
57.0837
1.92016e-47
26.0266
6.65452e-07
22.5424
123.137
6.71719e-60
39.2712
1.04889e-32
1.221e-49
1.31103e-61
3.43049e-59
1.61202e-56
54.914
14.1091
4.21764e-24
89.7524
9.76728e-08
1.02285e-60
4.33434e-61
9.01856e-53
1.75261e-58
22.9956
2.27654e-38
1.76027e-58
1.90232e-51
2.51053e-54
4.87525e-46
106.095
27.0994
26.6275
0.000117772
41.2114
71.9248
70.1698
57.1734
35.1758
25.3243
1.56353e-56
1.40811e-34
57.4292
3.12905e-43
62.7427
4.53378e-42
104.925
47.7642
1.32053e-39
7.4435e-45
55.4652
82.5351
4.36629e-49
2.06592e-36
20.1107
23.0025
8.95629e-51
2.99473e-08
1.46587e-61
4.89396e-46
2.35169e-49
7.00431e-51
25.9066
31.7638
26.132
15.5453
0.000337968
7.60784e-48
6.8519e-55
4.9012e-54
27.9852
84.3848
2.46039e-26
7.8734e-17
57.9647
8.45233e-43
3.84763e-55
48.3713
23.0913
23.151
1.95476e-56
8.12934e-14
1.24788e-11
6.30582e-43
7.84714e-61
65.4337
176.548
3.65311e-17
89.7565
1.8861e-46
2.95829e-61
2.60684e-59
58.0375
7.92016e-25
62.7144
16.3772
5.2935e-60
27.0261
1.67866e-25
49.3221
8.10914e-50
22.3122
54.966
63.5844
1.34118e-40
26.1814
6.9045e-52
39.0763
4.91418e-52
1.71667e-15
4.42289e-23
2.07636e-27
5.02669e-24
1.03859e-57
2.68549e-36
21.3882
74.746
3.18471e-52
8.9392
2.44646e-60
6.99944e-53
9.30549e-25
12.8046
1.15325e-36
1.7209e-58
26.7202
2.83578e-60
4.56687e-52
32.8403
3.63434e-50
4.18968e-52
1.99167e-52
2.01576e-26
41.5178
3.27521e-61
8.20243e-62
1.68055e-53
5.11908e-61
5.22565e-09
2.72768e-57
2.87414e-51
4.59634e-61
50.7481
29.0905
1.01155e-15
13.9899
42.2211
36.5684
50.3149
71.6729
0.00184189
4.69951e-42
21.2106
1.29944e-46
9.01824e-36
4.14893e-36
4.50009e-53
2.47931e-42
41.4695
51.662
8.89994e-49
2.2214e-35
1.69127e-56
1.0779e-20
22.2745
6.39695e-56
5.1507e-40
4.3163e-52
14.4916
2.51806e-40
55.4923
3.13297e-43
30.8689
1.5313e-55
31.1796
20.491
5.95941e-57
5.46043e-22
2.02209e-29
3.51497e-59
1.89217e-59
30.9675
6.87122e-37
1.77879e-44
1.83544e-30
20.4078
8.48219e-47
2.81903e-55
52.624
3.19693e-60
29.1019
1.53547e-29
40.9655
3.78873e-60
1.339e-29
3.65892e-32
2.9675e-50
16.9407
65.9086
21.3692
2.44628e-35
4.10097e-49
6.37112e-39
33.1085
17.328
14.8291
20.0997
71.4431
0.0676357
3.85416e-57
2.15077e-43
82.4836
89.726
9.76484e-36
1.65113e-54
29.7624
2.04631e-42
50.7118
21.2301
1.29941e-46
32.4279
36.7856
5.95066e-42
6.21508e-60
1.10291e-37
17.7296
5.56385e-51
16.8257
8.67679e-36
1.11803e-60
2.49257e-60
7.92256e-39
11.9065
4.27906e-54
2.78694e-47
1.57478e-46
1.0282e-59
4.34475e-47
20.7188
2.57378e-44
0.00419656
23.7739
35.902
39.656
30.6396
84.9383
50.1103
1.83088e-50
23.8372
58.0033
7.63774e-61
5.27716e-62
8.29748e-43
2.97993e-56
1.24101e-28
2.40612e-61
1.84554e-43
7.60659e-59
42.549
2.56401e-33
49.5035
4.75762e-47
31.9792
0.375884
1.10851e-57
5.79785e-58
9.78626e-40
55.6702
3.70632e-35
58.7276
50.0622
1.78717e-27
0.0649151
21.456
0.95659
15.4542
2.29785e-31
8.3967e-18
2.15259e-22
2.2402e-42
1.41625e-56
31.0441
57.5149
45.4901
26.1828
3.17189e-08
1.13932e-29
2.46041e-34
4.019e-59
6.90752e-29
5.56009e-22
20.1691
17.6513
31.5407
1.54954e-54
20.2609
9.944e-20
2.85985e-38
6.84337e-56
28.8112
5.72199e-61
1.02516e-19
120.011
2.38599e-58
6.19247e-58
0.0705651
21.475
0.973257
1.4812e-06
1.62509e-13
11.5586
14.9126
14.9421
0.000249926
3.75445e-29
21.9131
1.21169e-39
21.9505
12.5684
0.33651
5.18582e-24
5.26066e-40
3.36569e-48
33.4559
5.44172e-58
6.42105e-37
65.6115
33.6941
20.4594
5.69509
2.40781e-50
7.77122e-40
29.74
4.2522e-05
21.0629
6.89788
4.51056e-11
2.56688
0.0648936
21.4562
0.956636
1.41605e-51
3.36389e-47
6.07533e-52
18.7753
20.9389
63.1499
29.9638
5.63818e-61
23.4982
34.2957
0.375909
6.13697e-58
1.60927e-52
3.40834e-36
1.44805e-50
1.09778e-54
17.7726
311.297
34.9637
1.70532e-46
6.96964e-61
7.93039e-60
2.42671e-59
6.26574e-56
2.48028e-15
1.71603e-59
32.0106
5.6003e-20
1.1181e-16
1.02666e-51
4.12381e-46
50.1567
23.6231
5.81039e-46
4.4857e-59
7.76111e-56
95.0479
20.4073
24.6024
1.80103e-59
3.86457e-52
2.42279e-12
1.02586e-60
2.76693e-60
2.12031e-59
5.63489e-26
2.49376e-54
1.003e-61
37.7539
48.0641
1.60631e-50
14.1852
32.1881
38.5328
1.28059e-05
20.0653
6.99707e-48
66.643
4.89946e-60
56.8014
1.091e-42
9.63727e-38
1.49682e-11
6.48651e-56
0.0011789
1.26779e-07
36.8301
2.96068e-35
2.38748e-37
5.57094e-18
2.49483e-45
1.85809e-52
6.84982e-40
5.88455e-45
5.02362e-52
1.12607e-60
62.7517
2.48676e-59
4.83542e-52
1.08398e-09
4.00143e-25
2.36671e-49
4.64259e-60
36.0485
1.92438e-56
1.58326e-43
27.8984
28.4823
30.903
6.5539e-08
2.20346e-44
3.29116e-58
1.29385e-54
19.491
36.6092
82.2119
1.70499e-39
65.3738
63.2821
42.4136
7.19611e-55
17.8218
54.171
4.86718e-30
6.38029e-51
4.64033e-51
56.5363
4.18053e-53
68.6192
35.9653
156.605
3.17862e-39
4.42007e-40
72.2196
43.7676
1.62837e-09
4.54448e-50
6.93349e-54
3.40937e-52
34.5886
1.16867e-16
141.959
4.08575e-49
1.91264e-60
1.2167e-47
1.84619e-54
14.634
14.2828
51.9056
1.21294e-41
1.55225e-55
1.50066e-60
24.9232
1.83577e-52
28.1659
40.3494
3.08286e-58
57.254
0.00541314
3.37818e-59
5.78109e-46
2.9763e-54
25.8832
2.43742e-47
1.44623e-39
3.51336e-11
2.25614e-44
9.02494e-09
40.9093
5.11189
46.2645
1.88685e-53
6.53239e-51
2.36517e-57
1.80059e-44
2.65992e-49
2.18209e-46
1.07001e-41
8.52981e-54
9.76157e-51
29.1141
4.80566e-29
6.65916e-49
25.4364
42.5445
18.9109
1.83013e-42
5.91562e-52
100.74
3.07322e-49
0.00446038
45.9832
26.7354
3.98364e-13
22.1293
1.29973e-46
32.8631
1.83741e-50
1.96201e-36
3.4385e-61
6.15404e-17
39.9165
1.15168e-20
78.3859
1.66472e-32
236.211
1.20725e-42
1.91615e-61
3.38194e-62
1.03201e-29
1.11747e-23
160.978
1.01423e-45
1.76885e-55
4.59404e-37
22.1329
81.3584
24.4137
8.23115e-40
9.46031e-26
5.88354e-49
4.9313e-27
1.1889e-58
1.25355e-46
22.7745
21.3671
6.12045e-39
21.2925
1.29971e-46
1.12246e-48
1.8411e-26
2.77799e-46
5.9396e-37
1.26919e-53
1.99981e-57
3.33698e-45
28.5992
7.54983
64.9544
23.055
7.99091e-54
15.4049
25.4652
1.36099e-56
2.19807e-21
1.06943e-28
36.1218
134.911
1.06003e-42
33.4501
17.1703
59.0255
4.03353e-20
5.28244e-57
7.44777e-13
5.28619e-58
8.24931e-43
63.8638
2.72278e-50
2.39061e-53
22.1845
1.29967e-46
30.0879
6.35856e-08
64.6181
25.2644
10.1781
3.16123e-57
1.79743e-24
76.8192
3.99483e-32
1.17607e-45
56.6062
4.51798e-46
8.01566e-57
4.66857e-47
8.17993e-61
2.02594e-45
7.3373e-58
4.21083
1.50333e-29
83.4491
1.0715e-14
7.57329e-61
1.64137e-48
2.28981e-51
9.45905e-14
42.4754
3.05459e-41
9.66616e-52
1.17752e-36
30.8095
2.59229e-61
4.32633e-49
5.51553e-42
5.95202e-43
41.2431
1.06411e-47
16.8511
2.5557e-59
1.44503e-56
0.0627775
1.4368e-45
8.84438e-47
33.6209
0.000902218
5.97201e-49
1.84176e-56
6.91063e-61
3.2391e-56
5.09196e-54
26.3235
1.3848e-53
2.54207e-53
0.0639762
21.3535
0.866945
25.3047
1.26994e-46
20.8184
2.27127e-45
3.55812e-48
1.22049e-60
13.0337
1.62583e-56
7.78989e-58
30.8989
1.29903e-46
1.49496e-56
53.0379
11.8342
9.58961e-19
3.71241e-58
32.6077
4.71457e-16
1.12886e-44
2.23525e-51
24.9718
1.42105e-13
5.54206e-25
36.3089
1.5825e-13
2.48399e-51
18.7269
4.33847e-60
1.39905e-45
8.96633e-50
0.0654106
21.376
0.886549
10.3421
4.95755e-49
17.5713
50.7765
18.8517
55.1436
15.2394
9.45275
3.91545e-56
16.9482
12.8307
2.94231e-39
20.2141
3.15602e-58
2.88794e-52
34.4192
3.66508e-53
8.6829e-54
2.76276e-44
7.83246e-52
25.1769
5.48943
25.6883
2.16776e-42
7.99923e-05
5.96052e-53
1.0089e-52
5.16737e-56
0.159765
1.29345e-35
0.0642781
21.3537
0.86734
6.53727
1.85859e-55
17.3717
1.26744e-40
20.1281
3.25191e-42
16.0848
2.74686e-41
6.04818e-42
36.0683
17.9894
1.79255e-52
7.99745e-22
2.333e-60
8.03354e-58
6.00902e-40
32.2436
20.7741
5.88957e-35
2.95059e-50
58.6163
3.00507e-59
2.28848e-23
25.3205
1.94541e-41
5.36792e-46
5.22036e-21
51.9431
8.45353
1.04419e-51
2.70574e-35
66.4577
36.2816
2.75801e-58
16.2794
5.48195e-51
2.06941e-11
1.53082e-57
2.5303e-53
7.17605e-51
5.94849e-47
4.82383e-54
59.6735
2.97796e-32
8.85295e-60
3.41302e-60
39.6503
25.237
21.3064
60.175
3.20977e-36
4.3517e-08
36.9426
36.0772
31.9911
5.396e-53
0.766553
38.6552
1.39422e-35
10.7877
2.14694
2.45106e-35
1.27806e-08
1.35694e-41
9.21261e-63
16.5454
19.0695
4.44509e-52
1.23952e-10
32.4318
24.3066
16.4254
1.36079e-49
4.89563e-48
31.2847
6.62361e-60
97.2915
7.83943e-47
5.37243e-50
9.15301e-61
56.6066
1.16061e-07
1.59791e-51
5.19343e-40
5.7112e-56
1.6906e-50
36.0652
32.0056
1.25403e-56
3.82049e-50
6.971e-61
11.359
44.1772
21.9194
5.38254e-59
48.033
20.4558
3.72737e-60
2.27473e-33
2.78861e-19
6.29733e-60
3.41818e-52
33.2095
18.1837
6.67485e-31
56.7075
31.429
5.10708e-41
2.55249e-46
3.61683e-49
35.1344
4.72793e-57
4.47567e-42
1.41678e-55
47.4729
1.10256e-39
1.07004e-18
51.4274
7.41892e-40
36.0772
32.0077
8.24147e-53
37.3063
1.15476e-28
3.34185e-54
1.39272e-46
2.61065e-42
2.30733e-55
1.74169e-57
1.67876e-42
1.91172e-60
9.39041e-49
44.1357
3.80915e-57
2.58668e-58
3.16007e-62
15.96
25.2418
61.5641
0.27775
1.10968e-49
6.1039e-44
36.236
29.5603
3.76269e-60
5.20863e-21
3.68093e-45
4.93499e-59
2.01523e-57
6.78833e-41
3.14905e-49
VECTORS velocity float
-6.2612e-60 -4.07391e-60 0
-8.20647e-59 -6.818e-57 0
-25.0068 22.5144 -13.4402
3.40253e-36 5.26455e-35 0
-2.18431e-51 -5.88794e-52 0
-7.59723 -24.7907 14.6874
5.8678e-13 5.4277e-13 0
1.04605e-05 -9.35684e-06 0
4.31358e-32 -3.79484e-31 0
2.97542 0.735195 -5.09324
-1.04077e-50 -2.03471e-50 0
-4.9637e-24 -3.91806e-22 0
-12.2208 -28.9714 28.6979
-3.66421e-50 -2.93201e-49 0
4.1727e-35 1.93735e-35 0
-6.25085e-61 -6.52592e-61 0
3.2073e-32 4.27073e-32 0
-1.28822e-43 5.00747e-43 0
-37.3391 -44.7439 41.2001
26.218 -14.8931 32.8085
1.27493e-52 -2.20235e-53 0
18.8574 -8.97397 -11.9841
2.25535e-22 3.73141e-21 0
-27.6472 -8.37568e-06 19.1479
-28.08 -0.00404905 -15.3625
3.53127e-23 6.28587e-23 0
1.92562e-37 1.8709e-36 0
-4.73921e-05 -2.44045e-05 0
-30.9613 -16.9633 -10.5042
-39.2761 33.241 37.2822
0.332606 27.3126 3.16984
-50.7561 23.0608 5.67683
-5.55397e-10 -4.32256e-10 0
9.59468e-38 1.48973e-36 0
-8.81376e-58 -8.84942e-58 0
7.5001e-38 -5.68926e-37 0
24.2128 4.20213 -4.11039
10.1688 13.4394 -4.06591
1.33004e-26 -1.32534e-27 0
1.52651e-54 1.30389e-53 0
3.93445e-10 1.27714e-10 0
2.6999e-40 8.40899e-39 0
18.3689 41.669 75.7431
-6.1126e-49 -1.76195e-49 0
-46.4961 -4.20801 -8.80549
-3.72332e-63 3.29898e-63 0
7.25482e-42 7.46999e-42 0
-3.34316e-62 -8.8904e-62 0
-3.77737e-60 -5.10676e-60 0
-3.295e-48 -5.35618e-48 0
-1.27821e-49 -1.58262e-50 0
18.3522 2.84829 -5.42651
6.73768e-08 -2.87688e-08 0
-24.8678 -22.3018 -11.2066
-1.2842e-56 -1.51348e-56 0
-1.73826e-48 -5.01051e-49 0
-27.6178 4.30205e-06 19.17
-28.0808 -0.00203352 -15.3569
-1.02661e-44 -1.86561e-44 0
-10.6069 9.23095 -13.6662
7.49102e-49 -2.75199e-49 0
6.55204e-40 -1.097e-40 0
3.91588e-45 -8.54153e-45 0
9.68465 -18.4987 -14.4259
26.069 -17.1106 25.5867
0.889708 0.585266 -6.25229
-6.39136e-44 2.68504e-44 0
-1.03144e-62 -1.26012e-61 0
-1.05567e-52 -5.25035e-53 0
-8.99293e-59 1.45014e-58 0
6.75721e-58 6.7426e-57 0
26.986 30.7357 -4.39646
-5.16193e-60 1.95846e-60 0
3.29268e-33 1.66902e-32 0
2.66635e-18 1.99594e-19 0
-53.6404 -3.3395 -10.2761
2.66356 -9.25053 -11.177
2.24163e-33 3.46837e-32 0
-12.9612 86.1128 -0.608104
2.48942e-33 3.85176e-32 0
5.59408e-28 1.12069e-28 0
-2.2228e-45 1.48602e-45 0
5.28129e-59 -1.94004e-58 0
-2.35522e-59 -7.55852e-59 0
7.94251e-38 1.22724e-36 0
4.94889e-56 -2.78194e-55 0
14.8433 -64.2887 -12.0278
-5.40675e-59 1.20393e-58 0
-2.677e-47 -2.14204e-46 0
-27.6472 1.20638e-05 19.1479
-28.0745 -9.5364e-05 -15.3384
-9.45684e-09 3.04317e-09 0
-65.3259 14.1755 -10.6607
-1.14296e-61 1.31548e-61 0
10.2682 -12.9898 -11.11
8.11459e-53 -2.81108e-54 0
3.78302e-49 4.43847e-49 0
-28.3394 -4.035 -2.88479
9.70317 16.3709 -13.628
-2.53736e-42 5.61465e-41 0
-7.82931 41.6398 23.3913
-4.84577e-53 -1.39639e-53 0
1.86476e-19 -1.45361e-19 0
-2.39628e-60 2.29729e-60 0
15.4512 -24.8479 -13.6238
5.23182e-07 -5.64282e-07 0
-3.69678e-22 1.06628e-21 0
30.4755 -0.282441 46.0973
19.6353 2.97167 -12.2023
15.5862 12.4096 16.3754
-3.72553e-45 -1.07385e-45 0
4.90225e-59 1.10569e-58 0
-24.4094 -23.1616 -13.567
-1.44572e-45 -4.16727e-46 0
-1.32224e-25 3.07697e-25 0
23.0393 -35.4178 -9.72157
3.43644e-11 -2.81347e-11 0
1.08086e-28 -6.45678e-28 0
13.2637 65.0021 35.5942
3.28411e-59 -2.12092e-58 0
-8.76708e-57 3.17353e-56 0
5.53294e-63 -8.257e-62 0
-2.88186e-48 -2.30594e-47 0
-2.32478e-49 -2.38995e-48 0
-1.04774e-61 -2.93011e-61 0
26.7706 -11.4087 25.7643
-5.64763e-47 -4.03022e-46 0
1.68461 -7.24437 -1.54248
1.41314e-44 3.12459e-44 0
-4.82589e-54 -1.3873e-54 0
8.41732 23.4701 -13.2278
-1.19531e-53 -1.79343e-53 0
-3.63817e-47 8.23897e-46 0
-0.000263591 -27.6289 19.1581
0.150687 -17.989 0
-6.04326 -9.65832 -3.5662
16.3776 16.7555 -2.96588
1.76384e-58 -2.099e-58 0
-4.38184 15.0272 -8.56553
22.4433 -32.4506 -3.15868
-20.6154 1.98829 -13.2985
4.57443 -57.6176 9.88428
21.7053 -5.78438 -4.36482
-1.04555e-05 -8.06557e-05 0.0641858
-3.946e-05 -2.07882e-05 21.3535
-0.000170607 -0.000126417 0.867282
2.09448e-21 1.04762e-21 0
3.23572 0.375611 -13.8969
11.7402 11.342 5.25338
-1.13035e-50 6.71082e-51 0
36.6841 34.2887 33.0753
1.82404e-44 2.79167e-43 0
9.01508 27.417 43.5256
4.47069e-37 6.91562e-36 0
-28.687 18.5518 -10.8502
2.80422 30.3808 -4.04743
-5.15315e-51 1.29879e-46 0
4.88308e-21 2.63734e-22 0
-4.05035e-61 -6.43467e-62 0
23.5853 -9.87454 -1.27879
-2.86392e-48 -1.20057e-46 0
6.55067e-59 1.00321e-58 0
-7.53151e-15 -1.73127e-14 0
-27.2831 35.7744 -5.50769
16.8741 -21.3048 9.48773
20.9542 -27.9945 19.3029
3.25616 -24.2838 4.45887
-4.51363e-22 -2.73051e-20 0
1.04923e-23 1.63092e-23 0
-157.392 -52.3202 44.6136
2.33857e-44 3.34915e-45 0
4.76799e-36 -3.6647e-35 0
2.80595e-18 -7.84248e-18 0
1.14887e-56 2.99717e-56 0
-4.73968e-61 -7.62399e-62 0
-0.135269 -27.1635 1.75989
-5.38411e-06 1.1886e-05 0.0653957
-3.66423e-05 5.41957e-13 21.376
-0.000732421 0.00011407 0.886823
-7.7757e-52 -2.22344e-52 0
1.2277e-12 -1.51129e-12 0
6.65703 0.692314 -4.31334
5.30224 1.80337 -4.82559
9.11654 2.62461 50.8201
-2.54583e-54 -1.5727e-53 0
16.9144 2.80574 4.32731
21.0376 0.496256 10.0472
3.04588e-35 -1.91107e-34 0
6.18714 13.4487 5.13281
-0.000684671 13.7869 -1.39133
-2.24506e-26 -9.88505e-26 0
3.16455 3.85402 -11.7694
-16.9341 12.3794 -12.9185
4.98988e-27 3.3603e-26 0
-2.98468e-60 2.3919e-60 0
-5.87355e-53 4.7723e-53 0
-1.81141e-45 -5.22136e-46 0
-2.21594 -12.83 -13.4645
-0.000324937 0.00497696 0
3.23185 -24.3606 4.66952
1.56038 -3.34215 -4.79601
12.7397 32.916 -11.5455
3.4401e-52 -1.93687e-51 0
23.8889 5.0351 24.6181
-20.028 -13.4765 25.9005
15.2229 -23.7805 -14.4819
-8.47278e-52 1.87485e-50 0
20.8801 48.0336 4.23025
-8.69164e-45 -1.63799e-43 0
-3.48713e-05 4.11319e-05 0.064308
-3.946e-05 2.07882e-05 21.3535
-0.0011681 0.000121258 0.867599
-8.65703 -21.0253 12.789
1.68181e-51 1.78914e-51 0
8.95256 -18.8861 -0.356433
2.97436e-42 1.20038e-41 0
10.3171 -26.8059 -15.0571
7.22653 -4.58569 -13.6524
3.29427e-23 -3.33077e-23 0
-8.18771e-61 -6.32413e-60 0
-6.23721e-55 5.27622e-55 0
-0.000188514 32.0769 16.4923
-7.56411e-09 0.000902211 0
8.07931e-32 9.18676e-32 0
-2.4788 -8.39414 -10.7847
11.1438 26.7094 -0.569972
-1.97983e-54 -8.12889e-54 0
13.8744 21.1841 6.82957
9.10106e-09 1.33388e-08 0
5.13814e-60 2.55798e-61 0
44.8142 57.9257 7.83483
-4.53193e-45 1.00282e-43 0
-13.5927 -83.1844 67.0513
-9.39681e-60 3.21323e-59 0
17.0363 -31.2014 11.7843
17.4901 -9.98311 21.0216
1.29491e-36 2.00356e-35 0
55.1637 -4.48913 31.7957
55.8116 19.4817 9.78381
-3.62143e-60 -1.69969e-58 0
9.15753e-55 -1.57436e-53 0
1.59701e-33 2.47097e-32 0
-9.90385 -19.4253 -10.778
2.98002e-61 -1.14418e-59 0
-2.97607e-11 1.76204e-11 0
-5.08322e-50 -3.58331e-49 0
25.712 17.8913 -13.4315
-3.06933e-49 -1.52653e-49 0
-5.20827e-55 -2.94886e-55 0
-49.7187 -1.01982 -7.94611
1.10165e-54 -4.20283e-55 0
3.479e-59 -1.95581e-58 0
1.07712e-45 1.90522e-45 0
-1.2082e-46 1.84898e-46 0
-1.32835e-43 -1.0629e-42 0
1.0177e-60 8.01375e-60 0
-2.1427e-59 1.87558e-59 0
6.41738 23.0325 -11.1085
4.07042e-50 8.99921e-51 0
-4.02033e-51 -7.16693e-51 0
2.56815e-33 3.41227e-32 0
6.67672 -7.4618 -6.79459
1.46231e-51 -4.88443e-52 0
-6.9061e-13 4.13984e-14 0
-21.6159 -2.38745 11.8768
27.66 3.09306 -2.95877
1.30002e-46 -5.15692e-51 0
10.7175 -45.3796 29.4029
-9.19659e-61 -6.15547e-61 0
7.46462 -20.1932 29.5982
-26.4221 -15.8153 65.6134
-2.39633e-24 2.55121e-24 0
3.54821e-38 2.35872e-38 0
1.60841e-24 3.39876e-25 0
20.8517 32.9007 17.7721
5.22484e-24 -5.45664e-24 0
-36.595 -175.338 55.7772
2.073e-59 -3.15551e-59 0
-1.4872e-60 -9.11162e-61 0
-1.11866e-56 -5.56363e-57 0
-4.97921e-51 -3.97562e-50 0
19.8102 33.4046 3.2891
-5.29073e-55 -7.93815e-55 0
-2.63557e-56 -1.31284e-56 0
-5.18987 -0.863603 12.6901
-4.95866e-58 1.03347e-57 0
26.8591 -26.4351 -5.62331
41.9546 -55.3331 13.9848
13.6652 17.6916 -5.03487
-1.25571e-50 1.00816e-50 0
7.25576e-45 2.76e-44 0
15.3012 28.0337 -14.3042
37.5968 12.4578 -12.0285
-1.05747e-45 -3.04814e-46 0
21.858 30.9197 28.2469
1.30543e-56 -3.10989e-55 0
2.06091e-29 4.85373e-30 0
-42.8993 3.07735 -13.3318
26.6911 3.02583 -2.73255
1.29957e-46 -1.22515e-51 0
18.8176 21.5852 -5.43989
1.23793e-48 1.63422e-49 0
-35.1988 -8.40914 -13.8827
-7.26697e-47 -6.04637e-46 0
-2.08599e-41 -9.01989e-40 0
7.71834e-38 -7.70344e-38 0
-25.629 16.925 -7.76158
-6.25511 -0.120684 -6.52111
4.03313e-40 6.24024e-39 0
73.6252 24.4849 1.73844
-80.1494 -15.2525 17.265
0.492171 6.85645 0.289094
4.6304e-38 1.73436e-37 0
-9.54741 -16.0327 -6.21874
5.66973e-60 3.27405e-59 0
1.79905e-25 -9.58993e-26 0
6.25304 5.37202 -12.0305
-32.1978 -33.9033 -9.61545
5.91758e-57 -2.06327e-57 0
7.6972 -1.97282 1.81561
-2.40085 135.236 -7.71963
8.62615e-59 -8.07194e-59 0
-6.48847e-42 -3.22704e-42 0
-1.07536e-58 3.87179e-58 0
13.0653 -18.3768 -3.72824
41.5572 -51.8392 10.1169
-8.60478e-46 -2.48031e-46 0
17.5912 -20.421 43.7989
-2.84152e-14 -9.40415e-13 0
-28.167 12.6888 13.87
-0.863967 0.0323115 0
27.82 -1.10701 -2.60803
1.29974e-46 5.7151e-51 0
87.9346 -179.754 222.177
27.4286 25.9139 69.2998
8.57961 22.3238 2.89083
3.0972 -19.1616 -11.2695
8.46199e-56 8.94121e-56 0
3.77509e-57 -8.97766e-56 0
-5.51002e-55 -1.77021e-55 0
32.4393 -6.09533 0.54857
1.0919e-36 1.68945e-35 0
-4.58212e-47 -3.7545e-46 0
-3.17841e-61 4.82399e-61 0
63.9172 92.5985 -11.0516
31.1977 -18.8133 -15.4629
7.60275e-37 1.17619e-35 0
-93.6516 9.86768 21.652
5.71691e-45 6.12318e-45 0
-3.59118e-59 1.30902e-59 0
7.15468 -40.2848 -14.6344
2.2081e-44 -6.66387e-45 0
-1.91586e-48 -8.28425e-47 0
1.31134e-09 2.07923e-09 0
-6.43604 -20.6054 4.18528
-4.45597e-45 -1.21487e-45 0
-1.42195e-57 -3.46351e-57 0
-2.29085e-51 1.40138e-51 0
-1.60305e-21 3.59374e-22 0
2.12198e-26 6.34499e-27 0
2.2373e-41 9.10995e-41 0
-1.3123e-25 3.4573e-25 0
4.35667e-40 4.19312e-41 0
3.28279e-51 5.09117e-50 0
-4.37131e-52 2.33002e-52 0
27.6189 -2.52044 -5.93851
3.08435e-44 4.77214e-43 0
-3.44387e-45 -9.92663e-46 0
-4.52608e-62 -4.78763e-62 0
9.34372e-46 1.44454e-44 0
-1.43326e-49 -1.14634e-48 0
1.57155e-45 1.38807e-45 0
-1.82463e-61 -2.35632e-61 0
31.4054 43.1731 23.7817
-2.18718e-47 -1.75011e-46 0
-3.5606e-61 -2.93901e-61 0
25.38 41.982 2.92924
0.359833 27.7293 6.57793
-1.22993e-45 2.42452e-46 0
-2.04936e-21 -1.40247e-21 0
-4.77884e-61 -2.54861e-61 0
19.2032 5.08268 -6.27769
9.17584 2.90628 10.3904
1.14234e-21 -4.38429e-22 0
2.57261e-49 2.2149e-49 0
1.06423e-59 -5.17266e-61 0
-2.75833 7.04724 13.1265
-8.80414e-18 -2.96234e-19 0
3.43202e-23 2.51742e-23 0
-4.59463e-48 -1.32439e-48 0
-6.96214e-40 1.49747e-40 0
-42.6375 23.6845 -7.49863
16.892 16.5795 -4.1364
1.88667e-41 -1.23438e-41 0
-5.57673e-37 -4.53109e-36 0
2.06043e-34 1.30334e-34 0
-2.00335e-46 -1.60304e-45 0
-7.65396e-57 1.04422e-56 0
23.6486 -6.84227 -3.14282
-8.45757e-48 -6.76933e-47 0
6.72489e-43 1.04051e-41 0
109.571 -35.202 3.00394
-1.59157e-61 -4.48051e-61 0
-4.65444e-45 -1.34152e-45 0
-1.88939e-57 -5.42467e-58 0
-2.93901e-58 -2.60015e-57 0
-4.32705 6.6573 18.4705
-8.95516e-49 -2.57916e-49 0
8.68323 5.05943 22.5044
2.55389e-07 -8.36882e-08 0
-9.39225e-51 -4.14207e-50 0
2.03727e-55 3.16321e-54 0
-2.68824e-20 -2.25448e-21 0
-2.07726e-52 -5.98402e-53 0
7.77017e-60 2.9104e-60 0
4.14325 -29.3549 7.62851
16.9016 -33.6001 10.3735
0.0939047 -0.0270601 0
38.3127 10.8384 -10.8087
-11.8783 5.32038 9.64428
-23.9954 -0.256542 -11.7469
3.8842e-46 -4.69442e-46 0
4.96143 -6.34114 -15.3686
-1.69821e-54 1.52073e-55 0
-1.94819e-59 1.57044e-60 0
-20.6712 -32.6919 -14.9527
-40.502 26.552 -14.2931
-52.3367 15.948 2.14263
-2.42465e-56 8.78135e-56 0
4.37471e-37 6.76969e-36 0
-1.01599e-62 2.43495e-62 0
2.22975e-61 -2.55207e-60 0
81.8582 4.54951 156.358
-3.67807e-51 -1.0602e-51 0
84.9296 -52.4459 5.27892
-6.175e-58 1.14987e-57 0
-56.5972 14.0979 -9.41377
11.9418 12.7726 18.2435
-131.964 95.0784 42.5683
-5.64584e-52 -1.6274e-52 0
-2.88317e-36 1.98539e-36 0
6.0313 -69.2944 -1.63217
26.2248 2.70358 -2.84242
-3.27059e-39 -9.70089e-39 0
-2.29178e-50 -7.47172e-51 0
-5.11341e-49 6.34354e-49 0
1.09467e-62 -2.99186e-61 0
6.01078e-48 1.10627e-46 0
6.22174e-53 4.79323e-53 0
14.9212 -2.57006 0.49769
-3.92393e-47 -3.13682e-46 0
-9.55898e-41 8.72287e-39 0
-6.23345 -1.51405 13.2228
-1.28018e-05 1.54111e-07 0
-5.33827e-44 -4.27161e-43 0
25.4845 -12.1511 9.11703
32.898 -38.2434 -14.9992
-6.13883e-35 6.80625e-35 0
9.01265e-57 3.3447e-57 0
1.88406e-27 -6.87883e-27 0
-8.27744e-60 1.90915e-59 0
-2.93651e-45 -8.46447e-46 0
-3.73273e-51 3.25917e-51 0
-8.06538e-61 7.79143e-61 0
-56.8583 88.3159 -14.3321
-1.12343e-44 -1.86332e-44 0
-1.10803 -16.123 -13.8323
3.0955e-09 7.47646e-09 0
6.79743e-58 7.22826e-58 0
-7.54773e-59 -1.32257e-58 0
30.5632 46.6956 29.8881
-18.0683 -5.76834 22.634
-8.27028e-33 -3.77412e-33 0
-9.2326e-44 -7.3877e-43 0
2.02128e-36 3.12744e-35 0
38.7674 -10.2043 -9.94333
2.75409e-47 4.26774e-46 0
-1.40886e-48 1.23488e-47 0
6.82902 17.9742 -14.2889
10.5843 -17.2565 -2.79103
-1.50967e-55 -3.70406e-56 0
0.196511 -1.14307 0
-1.43243e-58 8.87901e-59 0
-4.55314 46.3215 -10.4145
1.68276e-63 -8.3189e-62 0
9.72772e-59 -5.48723e-58 0
-5.20512e-53 -3.71629e-52 0
5.02896e-61 -9.5965e-60 0
-2.69604e-29 7.88564e-28 0
2.90378e-08 3.6632e-08 0
73.8843 8.69597 26.5909
4.05865 17.1271 -13.3507
1.13112 -3.45941 -6.5199
2.34569e-37 3.62938e-36 0
7.93974e-32 -3.05192e-33 0
-1.59109e-57 -2.05427e-57 0
-8.19908e-06 -22.8697 22.3528
0.00305101 -0.375905 0
4.30214e-56 -1.45014e-56 0
1.51703e-52 2.73318e-53 0
-9.69142e-54 3.51122e-53 0
19.7355 -43.2053 38.645
-45.6473 -19.9239 16.9836
-3.18383 7.87285 1.67337
-4.6726e-44 -3.73886e-43 0
-1.91334e-52 4.23385e-51 0
-1.31825e-05 -0.000104291 0.065009
-3.35028e-06 -1.46677e-05 21.456
-3.70617e-05 -0.000159979 0.956791
-1.87897e-56 -3.49978e-56 0
-3.4921e-12 -4.03355e-12 0
5.74853e-21 7.27559e-21 0
3.83495e-22 1.44015e-22 0
-8.79041 17.1241 14.3334
1.4027e-60 9.4494e-61 0
4.30027 -5.11793 -11.5408
7.91778e-55 7.84108e-55 0
3.02719 -43.0216 -12.9569
3.08274 25.8855 -2.44124
-1.89098e-51 8.46519e-47 0
1.62353e-52 6.29334e-52 0
1.02495e-35 1.05535e-35 0
-4.68408e-55 2.06052e-54 0
8.83098e-57 -2.10329e-55 0
-0.482442 31.5675 -13.0697
19.8656 -1.46882 -5.65827
4.91992e-14 4.15598e-14 0
-8.18343e-44 -6.54824e-43 0
8.45021 20.3074 -1.65525
3.54909 -19.1847 5.46345
-2.82409e-21 -1.52906e-19 0
-1.42434e-44 3.59354e-44 0
1.53592e-27 4.16208e-27 0
1.05037e-60 -5.793e-60 0
-10.1029 11.2696 -1.14002
-2.97556e-48 1.705e-48 0
26.6456 -44.6833 -1.30432
23.7704 -45.2166 1.67573
-1.92977e-40 1.59964e-40 0
5.80151e-05 1.67139e-05 0.07089
-3.08814e-06 1.7966e-09 21.475
-8.27068e-05 1.12017e-05 0.973688
13.3546 -14.3073 2.41227
-2.34113e-29 -1.00451e-29 0
26.7006 11.2364 -5.11176
0.000552557 0.000279719 0
3.07187 -2.48886 -7.81486
5.26455 7.2006 7.0117
22.1008 9.25938 38.1267
6.56062 0.629348 -7.74078
-2.1472e-46 -2.47673e-45 0
3.35096 21.6916 0.274172
-1.60257 12.3574 -0.776102
9.85919 -12.0396 -1.04084
-7.22359e-42 1.59843e-40 0
-3.68477e-44 4.56159e-41 0
-2.81637e-45 6.23205e-44 0
3.49951e-22 3.36823e-22 0
-1.8033e-50 -1.38355e-49 0
6.23517e-43 5.21995e-42 0
1.32101e-15 4.58578e-16 0
2.0284e-34 5.92449e-33 0
3.49748 -19.3098 5.78609
1.78365 -3.10114 -4.35778
1.30261e-48 -5.8823e-48 0
4.65447 14.2461 -8.24103
-4.95298e-49 -2.46337e-49 0
5.0679e-45 -1.28264e-44 0
7.15221e-53 1.10935e-51 0
9.06063 65.405 62.8076
2.93485e-19 -2.4164e-18 0
-1.17059e-46 -9.36665e-46 0
2.77663e-05 2.92403e-05 0.065272
-3.3124e-06 1.46786e-05 21.456
-0.000367035 7.91331e-05 0.957075
-20.4549 0.279598 -13.842
2.77699e-11 -4.37792e-11 0
-3.14637e-51 -2.51762e-50 0
3.2066 -12.1307 10.176
2.10444e-38 -2.89032e-38 0
-3.09333e-50 -1.11805e-49 0
-4.43595 -9.00807 -11.1795
-20.25 -16.0514 -2.08741
-4.53344e-61 4.3512e-62 0
-1.23245e-05 27.7679 20.1281
-0.00307781 0.37587 0
-1.39851e-58 -1.48165e-57 0
-3.87854e-52 1.50564e-52 0
6.79086 -2.14565 -7.29522
-25.5836 38.6141 33.1449
-4.46853e-60 -5.22666e-59 0
-1.87113e-55 -8.26255e-56 0
1.63495e-07 -6.40043e-06 0
2.67162 32.4318 -7.99505
-1.26358e-41 2.79604e-40 0
-1.84063e-60 -6.03246e-61 0
22.522 -0.394736 -5.62811
-1.11457e-27 2.86174e-27 0
1.00661e-56 1.15979e-56 0
-18.3986 -33.0364 -8.72738
-5.39141e-53 1.19301e-51 0
-1.30994 -10.3621 34.5045
-1.21864e-22 -1.09829e-22 0
6.32532e-50 -1.56693e-49 0
-7.99615e-48 -2.30485e-48 0
-2.26627e-40 5.69603e-41 0
-2.34681e-59 -1.87751e-58 0
-9.86823e-50 -7.82479e-49 0
-6.79358e-51 -6.13895e-50 0
5.33568e-57 -4.06244e-57 0
-1.15531e-50 -4.99561e-49 0
-9.19219e-37 -4.8572e-37 0
8.49285 -22.5999 0.651271
6.79055e-14 7.53664e-14 0
-5.20984e-51 -2.25277e-49 0
-15.0274 -37.2579 27.2998
-2.80286e-60 -1.35937e-58 0
1.90316e-60 -1.44892e-60 0
2.63357e-62 4.08158e-61 0
1.02387e-62 -2.97055e-62 0
1.11623e-47 -2.06088e-47 0
-4.14409e-51 -1.79192e-49 0
3.5815e-49 3.83474e-49 0
20.4417 4.02391 -14.1089
8.69074e-07 -2.68005e-07 0
14.1505 31.0936 -9.92286
-4.57221e-43 4.21777e-42 0
-2.95011e-34 4.76756e-35 0
26.782 3.15558 -2.6421
1.30019e-46 -1.01572e-50 0
5.67294e-58 -1.02007e-57 0
4.01553e-59 -9.58575e-59 0
1.79613e-06 -2.22486e-07 0
-5.0748e-14 -1.45839e-14 0
2.89996e-09 -1.83671e-09 0
16.111 -17.2165 -14.3471
-6.22111e-56 -1.78226e-56 0
-1.23573e-61 -3.81755e-61 0
5.13724e-37 6.97261e-38 0
-1.76476e-51 3.90505e-50 0
-9.23864e-58 -1.08866e-57 0
10.4715 50.5932 47.4128
-4.13962e-53 -4.87673e-53 0
-48.0386 5.73453 -7.6024
-61.948 40.0209 28.518
-5.25135e-46 -2.51737e-45 0
-1.25553e-45 -3.61799e-46 0
-1.07383e-45 -5.34069e-46 0
5.48491e-58 1.06751e-57 0
-3.26015e-60 -4.60818e-60 0
0.00109096 -4.53144e-05 0
13.3918 18.2153 -5.12156
-8.41084e-61 1.9847e-62 0
-1.21476e-57 -3.96775e-58 0
-35.5276 9.08938 9.73514
-5.83872 32.7382 12.4543
6.5436e-24 5.83539e-24 0
-4.60451e-58 -3.10829e-57 0
-1.16289e-43 -9.30693e-43 0
11.5452 -9.37941 0.14321
-4.74501e-49 5.88651e-49 0
25.8336 3.08939 -2.41757
8.48257e-47 3.4011e-54 0
5.59267e-57 -3.63833e-57 0
9.31514 27.6064 -5.88316
19.2975 78.5411 52.8034
7.65056 -5.55264 -5.4743
26.1892 -1.36936 -13.3946
8.46706 -5.09799 -12.925
-4.26903 -33.786 -11.0237
6.108e-38 2.24105e-37 0
-2.54701e-60 5.68245e-61 0
-22.0428 -33.2026 41.2419
-74.2674 13.5134 27.3529
-32.38 -45.7438 -9.94345
-1.50757e-09 -8.92249e-10 0
15.9456 -27.3532 -11.1176
-2.68655e-57 5.46106e-57 0
5.60599e-33 -4.50047e-33 0
9.91862e-37 1.53477e-35 0
-7.5358e-47 -6.01913e-46 0
16.8214 17.7406 16.7705
-9.25421e-24 -8.49333e-24 0
47.1691 16.8073 41.8884
5.44678e-59 -5.47421e-59 0
3.03923e-62 -3.82945e-61 0
-4.25207e-62 2.53715e-62 0
4.465e-42 -6.76763e-42 0
26.9874 -30.7893 36.3674
-2.34257e-54 -2.95287e-53 0
1.98155e-36 -7.93211e-36 0
-1.45475e-44 -6.29038e-43 0
4.7147e-58 -2.7324e-58 0
-0.00110328 0.00039113 0
26.906 -1.10801 -2.25582
1.29903e-46 1.04484e-50 0
5.44405e-52 -1.51422e-52 0
-61.7604 26.2867 -12.2615
5.56144e-22 -2.15863e-22 0
3.96188e-43 -1.85574e-43 0
4.82523e-38 1.80734e-37 0
-21.6372 15.536 2.75392
2.74112e-09 -7.62749e-10 0
20.403 0.763505 -4.94147
3.48862e-36 5.39771e-35 0
1.91855e-48 1.55327e-48 0
8.15538e-60 2.72317e-60 0
-3.84164e-22 -2.09159e-21 0
1.01431e-44 1.08062e-44 0
-46.3622 -28.1958 -1.33287
1.90461e-46 1.26464e-46 0
4.79462e-54 1.65821e-54 0
-16.8728 -1.43223 -2.61164
2.00778e-20 -9.92483e-20 0
8.57654 -23.4878 -11.0461
-3.70642e-57 2.33839e-57 0
-6.97931e-61 6.96254e-61 0
-16.2307 6.84694 -10.2383
-7.7379e-48 -2.16452e-48 0
-3.07451e-51 -4.68184e-51 0
-2.20559e-59 2.25403e-59 0
-18.0576 29.8279 -1.67235
-0.0163171 -0.0215415 0
0.0143512 -0.257645 0
1.66399e-52 3.15032e-52 0
-1.89758e-60 -9.41264e-61 0
-1.14486e-43 -9.16082e-43 0
22.4632 5.96329 0.741333
-0.574047 0.154645 0
-3.4793e-53 -1.00262e-53 0
3.29081e-56 1.01624e-56 0
-7.5402e-16 -4.84208e-16 0
-1.30257e-59 -1.56596e-59 0
1.38371 0.158907 -7.23524
-4.81027e-45 -1.38642e-45 0
20.2501 -15.5879 -8.37918
-0.00135276 0.00283961 0
-2.46662e-37 -2.14872e-37 0
-3.55861e-61 -2.93148e-61 0
7.88994 49.2079 -9.44967
0.813722 28.2829 6.40839
23.5166 -17.8424 -9.01116
2.66304e-60 -6.62145e-61 0
-15.571 2.99861 12.0419
1.92118e-56 -4.57822e-55 0
5.27273e-55 1.15001e-54 0
5.77122 25.834 1.12909
1.18937e-17 -8.73262e-18 0
4.46511e-60 2.09659e-61 0
-20.1958 3.54326 5.42909
-6.41656e-28 -2.24958e-29 0
4.76124e-43 3.85473e-43 0
3.23476e-55 1.17134e-55 0
0.0021173 -0.00168085 0
-4.08407e-21 1.44016e-21 0
-3.70494e-25 -6.56605e-25 0
-2.51754e-57 -1.17741e-59 0
-1.13144e-23 3.27458e-24 0
16.2094 -66.7683 18.6272
-1.84043e-46 -1.47266e-45 0
1.46185e-52 3.23655e-52 0
-1.72821e-43 -2.21277e-43 0
6.59928e-62 -6.61709e-62 0
-9.60637e-44 -7.68668e-43 0
-1.77762e-46 -1.42239e-45 0
0.0020788 0.00107322 0
-1.65582e-52 -8.23522e-53 0
-7.41532e-62 -5.11947e-62 0
-6.02071e-60 -2.09536e-60 0
-1.30146e-60 -3.99771e-62 0
-1.03026e-47 -2.96967e-48 0
14.5864 10.8538 20.0746
-4.75201 11.9621 -0.212311
6.5319e-61 -2.44553e-61 0
-3.81758e-54 -5.81338e-54 0
44.1836 62.6532 7.02978
-72.5912 -15.6713 -3.18242
-30.5593 46.7771 -14.5883
3.70223e-17 -8.86837e-19 0
-5.81336 30.1479 -14.5166
-1.76434e-61 1.47459e-61 0
-1.7579e-45 -7.60126e-44 0
-19.249 3.50266 5.79825
-12.2893 -0.278315 -5.54724
8.13994e-17 -8.54743e-17 0
4.44423e-13 -6.14236e-12 0
-4.15603e-58 -2.22937e-59 0
-14.224 -2.92038 -11.4481
-17.1566 -10.551 -14.2954
8.04278e-57 6.95704e-57 0
-4.04825e-35 -4.72709e-35 0
3.03875e-15 -2.16892e-15 0
3.30578e-36 5.11489e-35 0
8.73474e-57 7.34731e-57 0
10.2769 -15.6489 1.73353
1.35443e-35 -2.26568e-35 0
-9.90262e-44 -7.92373e-43 0
-10.8045 -6.10118 7.69301
-5.71154e-56 5.2457e-56 0
-0.0436066 0.0357501 0
-1.93672e-48 -5.5825e-49 0
69.5054 -63.9978 20.6273
-1.5575e-51 -1.24741e-50 0
4.29002 -14.8151 1.51888
25.6847 -69.7941 -8.65584
-1.21645e-58 1.30153e-59 0
-36.706 55.2049 50.9288
-7.71592e-42 -3.83751e-42 0
-4.24828 -60.9982 11.052
12.0312 -21.1838 -6.55089
2.33278e-33 3.60941e-32 0
5.92718e-05 -0.0006297 0
-94.684 -26.7903 -7.17585
-1.02851 0.652081 14.7878
5.5081e-45 -1.25275e-45 0
-20.1232 -0.881794 6.70412
-10.5784 0.0911659 0
4.88061e-45 -5.9804e-45 0
-35.0495 -0.81907 -0.973567
-16.0201 -22.894 -13.1118
9.80805 0.844548 -3.26804
-20.6954 -11.0458 -8.30896
2.45624e-37 3.80042e-36 0
1.98266e-36 3.06759e-35 0
1.01089e-39 2.05196e-38 0
-6.39116e-41 4.60647e-40 0
-1.24069e-60 1.19583e-60 0
-1.45288e-62 -8.84915e-62 0
5.02106e-50 8.11848e-50 0
5.54522e-36 4.73109e-36 0
-1.14031e-58 2.31979e-58 0
-5.09883 9.51607 33.0494
-25.4497 -10.1041 0
20.8295 -49.928 13.844
-1.53094e-51 -4.41292e-52 0
-6.11926 -3.35701 14.7318
-1.27915e-45 -3.68594e-46 0
-23.3013 -26.236 0
2.52934e-55 -5.79648e-55 0
1.34269e-39 2.07864e-38 0
7.99277e-49 -2.17032e-48 0
1.09359e-09 7.65846e-10 0
-5.20718e-53 -1.5067e-53 0
-4.17606e-60 -1.1887e-60 0
-5.40284e-61 -5.11987e-62 0
-3.02135e-59 -4.47443e-59 0
-2.54577e-47 -7.2565e-48 0
1.469e-65 -4.2327e-62 0
8.58752e-59 -4.84523e-58 0
-1.7596e-52 -1.37814e-51 0
4.9186e-61 -8.53619e-60 0
-4.59804e-28 6.45881e-27 0
-2.73391e-62 -5.01415e-61 0
27.0481 -36.7643 10.2346
-2.31002 17.4968 13.3376
-2.56086e-54 2.55814e-53 0
-11.622 33.1966 0.064361
1.58488e-30 -2.67025e-30 0
1.53665e-55 1.20138e-55 0
5.53962e-06 -22.8592 22.3591
0.00305388 -0.375907 0
-102.011 58.9906 -4.30281
60.9426 -167.651 69.1067
-7.18704e-49 1.59034e-47 0
1.38145e-37 2.13624e-36 0
4.57608e-41 3.9398e-41 0
1.96289e-18 5.53129e-19 0
4.693e-15 1.35849e-15 0
3.56093e-36 5.50956e-35 0
-7.93086e-06 -9.76762e-06 0.0654078
3.42297e-08 -1.45732e-05 21.4569
-8.58179e-07 -4.37805e-05 0.957286
-21.4536 15.5967 7.09511
9.14696e-21 -1.96928e-20 0
-8.36895e-52 1.70115e-51 0
4.71443 27.0499 6.91943
-48.5794 31.7826 40.458
5.5412 20.7217 -3.78334
3.96101e-20 1.79838e-20 0
17.7063 7.6696 0.742422
3.13763 -42.8884 -13.2035
3.08383 25.8734 -2.43254
-2.98217e-51 8.47893e-47 0
0.697269 -15.0372 -14.0568
3.11337e-38 1.16992e-37 0
-6.98037e-57 -2.01168e-57 0
2.73468e-37 3.12323e-38 0
-0.355028 -0.170697 -4.25016
30.0235 29.5187 10.7664
74.3522 -92.9693 9.45167
-8.4354e-55 -8.36106e-54 0
8.73071 19.9217 -0.491409
3.55149 -19.1678 5.46836
-2.82202e-21 -1.52906e-19 0
8.24436 -42.3099 4.38664
9.85441e-37 1.52473e-35 0
-1.02403e-60 1.23954e-60 0
-4.372 -2.10851 0
8.27308 -46.9077 -8.89947
-2.83936e-50 -2.27196e-49 0
-0.151075 -39.2811 -4.34367
21.4268 14.6083 -3.42541
6.24358e-05 1.79357e-05 0.0717284
1.57762e-07 3.94478e-08 21.476
5.25839e-05 1.50991e-05 0.97448
-4.0545 -5.5525 -3.09141
-2.30184e-50 -3.45366e-50 0
46.8916 -41.4628 9.24548
2.46885e-12 -2.45787e-13 0
5.38279 -0.117693 -7.18944
4.48659e-45 4.80544e-45 0
-13.0995 15.4664 15.0149
1.30974e-38 3.45769e-38 0
-1.93356e-44 -1.54743e-43 0
3.35373 21.6755 0.281341
-1.55868 12.4514 -0.796784
1.66636e-46 -4.63746e-47 0
26.2321 0.625725 2.08408
2.30661e-62 5.43533e-62 0
-1.71341e-59 1.34388e-59 0
-25.111 -37.702 -10.843
-6.01226e-58 -7.01957e-57 0
-9.66014 48.7513 34.2322
-9.17188 28.7191 28.8169
1.0822e-30 1.37749e-29 0
3.49875 -19.2947 5.79354
1.78693 -3.1049 -4.35432
-6.28346e-50 4.93833e-50 0
4.61423 15.1185 -13.5422
3.66197 25.8935 -6.78616
9.90402 15.6212 0.427516
-4.19941e-61 4.86082e-62 0
-3.14997e-23 -1.12097e-22 0
-3.60162 -24.8376 -13.3347
2.80955e-44 -1.37428e-44 0
5.50122e-05 1.59351e-05 0.0656948
3.12905e-05 2.35783e-05 21.457
-2.30458e-05 4.91947e-05 0.957515
1.23419e-29 1.14451e-29 0
-3.90932e-51 -3.11735e-50 0
1.48993e-11 5.77738e-11 0
-23.4184 -29.6391 -2.53357
-9.32277 -20.2283 33.1923
-4.55794 -14.0036 -3.63342
-2.82234 15.5993 10.6018
7.12937e-35 7.29487e-35 0
1.36567e-39 2.11316e-38 0
7.22422e-06 27.7583 20.1354
-0.00305046 0.375905 0
-1.10165e-59 -7.7278e-58 0
-7.99952 16.5094 -5.78941
-1.65046e-61 1.34294e-61 0
-4.53454e-50 -3.15793e-48 0
1.91379e-26 5.31222e-26 0
-1.97109e-51 -5.39374e-51 0
1.09078e-36 2.41204e-36 0
3.02808e-49 2.60704e-49 0
-5.72046e-41 1.26582e-39 0
-61.2272 -28.4264 11.0029
-3.02383e-18 -2.0863e-16 0
31.0626 35.7595 45.1579
-2.4086e-59 -1.93802e-58 0
19.1335 -0.472153 -4.68071
7.23768 51.0254 -6.25691
-17.7594 -29.3356 22.2612
9.95345e-53 -4.49476e-52 0
3.3725e-62 5.93246e-61 0
3.9847e-60 9.9806e-61 0
4.9124e-34 7.60072e-33 0
-1.28224e-58 -8.37034e-60 0
1.0217e-33 3.84688e-34 0
1.07179e-58 -1.49386e-58 0
-5.43496e-51 -2.35009e-49 0
6.96405e-61 -4.31536e-61 0
9.19136e-06 3.23821e-05 0
-1.7017e-06 1.78353e-06 0
-4.23981e-40 1.8343e-40 0
11.8695 -8.6511 -13.6537
1.65242e-42 1.4595e-42 0
1.53392e-16 -1.21772e-16 0
2.27811e-60 -1.73736e-60 0
1.27784e-59 1.58045e-59 0
4.06848e-62 -1.06919e-61 0
1.31224e-61 -2.61194e-60 0
6.80606 32.2863 -8.27087
-4.73177e-60 2.03679e-59 0
12.5725 29.436 -14.217
5.25122e-12 -2.42006e-12 0
2.78757e-56 2.1204e-55 0
1.17293e-44 1.25856e-44 0
-2.45379e-50 -1.0135e-50 0
26.7817 3.15704 -2.64125
1.29941e-46 -6.56784e-51 0
2.66877e-60 2.32632e-60 0
1.26854e-44 1.35862e-44 0
-8.94862e-52 -3.77839e-50 0
-23.8534 -5.48328 -3.39511
-1.25776e-05 -4.30034e-05 0
-22.5322 14.955 -4.671
42.6017 -28.7406 1.26689
-3.02957e-40 2.48884e-40 0
-1.86472e-46 -3.46141e-45 0
1.15436e-57 2.61612e-57 0
-2.36381e-61 -6.99907e-61 0
-17.1716 27.7631 7.77711
-11.0086 17.4435 15.4581
5.51366e-34 8.53103e-33 0
-9.50072e-54 2.47608e-53 0
2.5841e-38 -3.98623e-38 0
8.73851e-40 2.08367e-38 0
-3.34007e-61 -4.0651e-60 0
2.83626e-57 3.09011e-58 0
2.08638e-42 2.89945e-42 0
1.58154e-14 5.18597e-16 0
13.3763 18.2222 -5.12045
-8.60866 6.13612 0
-4.17686e-62 7.66272e-62 0
7.98022e-32 -5.56391e-32 0
7.68433 31.4537 2.63653
-4.05623e-50 -7.78512e-49 0
1.88725e-31 -1.25949e-31 0
27.8622 -25.1461 -2.69323
-57.195 15.2712 -6.39409
-1.87982e-51 -5.41833e-52 0
25.8363 3.08963 -2.4176
8.47346e-47 1.06866e-51 0
-4.14179e-53 -1.62756e-51 0
-23.2826 8.85776 1.92671
1.20877e-55 -1.05487e-56 0
2.9606e-38 1.10892e-37 0
3.91529e-24 3.41675e-24 0
-4.80143e-48 -1.384e-48 0
-2.59355e-52 -3.21121e-53 0
-4.1271e-57 -4.99388e-57 0
26.3309 47.4418 39.2016
-41.4301 -66.4286 21.822
-74.2846 13.7214 27.2701
5.39205 -49.8222 -1.15215
-1.21208e-13 -1.84765e-13 0
5.16028e-29 1.13111e-29 0
-10.6658 2.99321 -6.78964
1.3437e-33 2.07905e-32 0
1.56264e-31 -8.58238e-32 0
-5.46627e-40 6.81468e-40 0
5.9718e-35 9.23989e-34 0
1.71455e-40 2.56711e-39 0
47.7376 13.6005 39.977
1.72334e-57 -1.84947e-57 0
-1.66403e-59 -2.19347e-59 0
9.29346e-45 8.00126e-45 0
25.68 -39.8984 10.8994
-4.65294e-37 6.02862e-37 0
1.89752e-17 4.18465e-17 0
-8.42558e-53 3.27074e-53 0
8.05976e-59 1.01293e-58 0
-5.21148 15.2783 -10.2682
-9.95137e-48 -2.79307e-48 0
26.9055 -1.10895 -2.25498
8.47063e-47 6.37068e-51 0
36.6574 19.8589 -9.12018
-0.57709 -16.7013 -9.37513
18.4678 -7.79913 8.58946
1.82453e-61 -2.1137e-62 0
45.8815 -13.2021 -4.46922
1.99739e-16 -1.75889e-17 0
-8.98447 -37.9953 -5.8618
-7.44574e-61 -8.79704e-62 0
3.36886e-36 5.21239e-35 0
2.9923e-48 2.42259e-48 0
8.15115e-60 2.68475e-60 0
-2.13479e-21 -1.17354e-20 0
-1.14324e-54 -5.46443e-53 0
0.0162086 -0.00218405 0
2.24742e-51 2.40851e-51 0
1.96992e-25 -2.33258e-26 0
-1.96443e-59 -3.89908e-61 0
-5.73583e-40 9.05929e-40 0
9.73654e-37 1.50649e-35 0
16.8721 92.1803 44.6871
-5.57711e-60 2.88791e-60 0
-16.72 -29.6339 24.4403
6.10927e-47 6.54344e-47 0
-3.76619e-05 -9.68999e-05 0
54.0805 -26.8728 9.37604
5.40628 -9.63685 -7.39896
15.9824 -2.24953 -12.5989
-0.00418841 0.00595973 0
-1.55414e-57 -4.47633e-58 0
8.4714 -37.713 -8.76262
-1.60725e-50 -6.94979e-49 0
-2.67638 -29.1671 -5.90052
-35.9293 52.0251 20.2303
-4.56464e-55 -3.65718e-54 0
-4.5338 -5.92545 8.42358
-8.67146e-56 -3.74957e-54 0
5.22673e-38 8.08707e-37 0
1.24567e-39 2.65243e-38 0
4.16194e-54 -3.16835e-54 0
12.2883 -6.15318 -13.1616
2.27766e-09 1.26661e-08 0
-3.85193e-49 -3.51143e-49 0
-3.55858e-61 -2.93144e-61 0
6.98091 49.1894 -10.2171
0.836645 27.5719 6.20654
-8.28333e-37 4.78873e-37 0
26.8965 27.6113 -8.24446
59.002 -13.3469 9.53102
-7.1682e-14 -6.21358e-14 0
-19.3983 9.53681 3.08375
4.33107 13.2329 10.001
7.26571e-57 2.79103e-57 0
1.0766e-61 -8.21707e-62 0
-20.1946 3.54286 5.42899
-8.46027e-47 -2.98858e-51 0
1.04101e-11 1.27329e-11 0
-2.72271e-44 -1.1774e-42 0
1.68618e-06 4.40593e-07 0
12.0736 -31.0337 -6.81515
0.000352106 -5.25964e-05 0
-1.26019e-60 -4.04214e-61 0
0.587628 32.2455 4.93287
0.00991151 -0.0133421 0
1.5172e-51 1.6198e-51 0
-7.31159e-25 1.80954e-24 0
-1.9273 12.8338 0.628211
4.33325e-62 -4.19722e-62 0
8.86281e-40 2.12448e-38 0
-34.902 -17.129 13.7087
1.94996e-36 3.01702e-35 0
1.20955e-06 4.24351e-06 0
1.30175e-39 3.97587e-39 0
-1.18628e-05 2.67949e-05 0
-8.07909e-48 -2.32871e-48 0
3.50649e-40 5.42988e-39 0
14.6602 10.9325 20.0088
-15.6154 12.2396 -3.9185
66.096 -44.4394 6.16822
-1.54434e-49 -3.77577e-49 0
8.42204 62.4481 -0.900273
4.82214 25.0919 -14.7171
2.69242e-08 4.17933e-08 0
9.20924e-46 3.07361e-46 0
-5.20058e-54 -7.9194e-54 0
2.82953e-60 -2.15717e-59 0
1.28617e-36 1.99003e-35 0
-19.249 3.50266 5.79874
-8.46148e-47 5.43284e-52 0
-2.00322e-55 4.93808e-56 0
-11.7838 -1.24631 9.92338
-2.6924e-58 -1.40533e-59 0
-1.05262e-54 -4.24405e-56 0
-1.23464e-24 3.24533e-26 0
-2.4036e-51 2.20756e-51 0
1.80242e-56 -1.53076e-56 0
-6.06871e-55 -1.71666e-55 0
-1.34512e-47 1.09613e-47 0
2.87025e-40 4.41803e-39 0
-5.72622 -16.1606 -0.307459
9.22819 -29.0753 -15.7598
-0.338075 -0.2724 0
-18.3193 20.1828 1.34163
-1.75676e-57 2.17934e-57 0
-2.45424e-44 -6.28712e-44 0
1.84117e-05 -1.10778e-05 0
-5.9702e-44 1.32119e-42 0
-6.81869e-50 -4.89293e-49 0
-9.40812e-45 7.32426e-43 0
27.6613 -69.4018 -9.30153
-1.26788e-58 -1.28671e-58 0
13.4126 -23.5941 41.5951
3.33311e-38 -6.47082e-37 0
-44.7097 -20.0859 -6.11268
-1.42486e-61 -1.56728e-60 0
9.49158e-37 1.46854e-35 0
1.57797e-33 2.44152e-32 0
-1.05875e-31 2.79304e-31 0
0.0549491 -13.7064 -6.14041
3.07572e-40 4.75892e-39 0
-20.1222 -0.881433 6.70388
-8.46031e-47 4.32871e-51 0
-1.38631e-11 -4.28011e-11 0
-35.0485 -0.798893 -0.959401
-9.70909e-61 -9.81137e-61 0
-1.81881e-60 -1.3099e-59 0
-6.22095e-46 1.37657e-44 0
-4.31608 25.1316 6.5266
-2.65816e-52 3.29763e-52 0
-2.81852e-41 -8.67165e-42 0
-7.02235e-07 4.25321e-07 0
-1.24068e-60 1.19582e-60 0
7.58472e-62 6.57634e-61 0
8.50556e-62 1.66549e-60 0
-2.92379e-11 5.5324e-11 0
-3.19501e-38 7.0699e-37 0
51.4755 13.7158 28.8717
-1.50989e-51 -4.35219e-52 0
5.2805 -2.01047 1.55614
22.1658 10.3442 -0.885081
-31.2189 -12.4069 9.20839
-6.48571e-58 5.09652e-58 0
-6.32412e-59 9.18122e-59 0
-18.3229 -6.15466 10.6069
-5.22023e-23 1.20573e-22 0
-8.9791e-50 1.17531e-49 0
-8.57435e-31 7.45536e-30 0
1.28474e-14 7.56568e-15 0
8.38759e-46 2.54869e-46 0
-1.85997e-47 -8.04348e-46 0
-2.85209e-57 3.31228e-57 0
6.75264 17.1244 -7.2174
2.60049e-62 -3.70976e-61 0
1.35829e-62 -6.01587e-61 0
-2.56965e-50 -2.21398e-49 0
1.55364e-61 -1.66446e-60 0
-1.01866e-27 1.51923e-26 0
-5.93094e-53 2.11616e-53 0
-9.2004e-58 -2.42921e-57 0
-2.14911 22.4382 9.86852
-4.3795 1.44777 -11.2098
-11.5266 27.2025 -6.5944
-3.2899e-46 1.75556e-45 0
4.39465e-37 6.79963e-36 0
5.3701e-06 -22.8591 22.3591
0.00304915 -0.375909 0
-8.87896e-58 -6.04161e-59 0
6.73709 6.38174 16.5653
-2.09908e-47 1.2291e-46 0
15.9782 -43.1502 14.8902
-1.89076 18.3852 -14.4082
-7.13734e-18 -2.11623e-18 0
-0.0279401 0.358011 0
11.1357 24.3127 -6.82791
-8.70075e-05 -8.77143e-05 0.0655423
7.34208e-08 -1.45552e-05 21.4569
6.09666e-06 -0.000260978 0.957682
7.23513 -7.46484 -9.8562
-13.3735 -18.4346 -8.09857
9.14546 0.203515 -11.5343
3.44373e-27 1.23341e-27 0
-12.0938 -16.3314 -7.91748
14.7817 9.50423 -7.28184
-7.99772 6.59171 -13.905
2.19228e-50 6.71436e-50 0
3.10404 -42.9114 -13.2605
3.08606 25.8743 -2.43248
-1.11214e-48 2.89955e-46 0
-1.94283e-41 -8.01714e-41 0
9.33497e-38 3.49651e-37 0
-1.93325e-49 4.27788e-48 0
1.51625e-38 2.34405e-37 0
-4.19283e-57 -1.69443e-56 0
-8.15064 -3.74789 -10.5934
1.0445e-58 -5.88735e-58 0
4.93102e-51 -2.27935e-51 0
2.66829e-54 -8.91263e-55 0
3.55172 -19.1676 5.46823
-2.82221e-21 -1.52904e-19 0
7.64478e-50 1.40063e-50 0
-1.68e-33 5.73624e-33 0
50.3619 -0.0577863 75.8868
4.15542e-59 -1.29558e-58 0
45.353 -7.02655 14.2409
-9.17035e-51 -3.96529e-49 0
-4.50585 -36.9865 38.1059
-7.91904e-39 -3.93854e-39 0
5.56088e-08 -1.75846e-07 0.0713835
5.80638e-05 1.67163e-05 21.4762
4.04471e-05 -2.33775e-05 0.974251
3.65862 23.4771 13.2776
-7.90482 4.54848 -9.69773
-2.30481e-50 -1.8389e-49 0
1.08476e-12 -9.55232e-14 0
5.5892 0.981862 -7.70786
30.1247 39.0498 32.2888
10.6756 24.3306 8.17256
1.99652e-38 2.1384e-38 0
-2.64774e-48 -1.08023e-46 0
3.35409 21.6751 0.281138
-1.55864 12.4514 -0.796773
4.49098e-34 -7.40702e-34 0
-1.71649 0.78145 1.20295
-2.74398e-59 8.49442e-58 0
-5.35085e-60 6.25192e-60 0
-7.22081e-26 -8.38751e-26 0
3.09125e-36 4.78287e-35 0
-1.86198e-43 -1.4899e-42 0
1.02158e-08 -4.573e-09 0
1.34693e-38 1.91866e-37 0
3.50093 -19.2953 5.7947
1.7891 -3.11045 -4.35456
2.51602e-58 -4.18912e-57 0
5.58247 17.8777 -14.168
-2.60481 48.984 -7.96025
7.46128e-54 -2.31643e-53 0
-1.83001e-59 3.86436e-60 0
-1.0451e-57 -1.16772e-55 0
1.47715e-24 -2.95933e-24 0
7.44015 -34.7335 6.10216
1.18537e-07 5.56058e-08 0.0653903
0.000150732 5.79712e-05 21.4574
1.07127e-07 3.83505e-05 0.957274
3.50407e-05 -9.75048e-06 0
-3.70116e-51 -2.96115e-50 0
-25.6907 54.9695 -1.65828
-71.8865 3.14572 -0.363345
2.22029e-59 -9.58228e-59 0
1.77706e-54 1.766e-54 0
-3.08954e-42 -8.90556e-43 0
-2.72535e-44 -2.15688e-43 0
-2.2848e-59 -2.56609e-57 0
0.000121456 27.7585 20.1357
-0.0030487 0.375913 0
1.70316e-59 -5.84142e-58 0
-7.78116e-48 -6.21715e-47 0
2.10876e-31 -2.13819e-31 0
-1.12381e-06 3.63086e-07 0
5.06123e-54 4.13932e-54 0
-1.40257e-49 5.49384e-50 0
5.32687e-61 -2.02893e-60 0
-11.4906 14.4712 -0.572346
-3.13237e-41 6.9313e-40 0
3.64029e-62 -4.47135e-63 0
9.75235e-61 7.99772e-60 0
-5.90397e-09 5.95738e-09 0
-4.46507e-55 -5.34551e-55 0
-4.75714e-59 3.7813e-59 0
7.83016 59.8184 -3.59418
-8.95326 -19.2507 0.271863
5.24967 20.4583 35.6947
1.48384e-48 -1.92688e-48 0
-6.55034 -18.0117 48.6793
-1.35518e-52 -1.59649e-52 0
-52.5498 -6.72876 -14.3793
5.78839 -0.480064 -9.55697
-59.2087 19.1026 -0.958902
32.3398 -73.9503 -9.29822
38.3029 25.7605 23.8678
-84.4031 9.87788 19.9753
7.42619e-14 5.23374e-14 0
-7.13355e-13 3.01708e-12 0
-1.26538e-13 1.61262e-14 0
-3.15834e-45 -2.08899e-43 0
4.18118e-12 -3.31929e-12 0
1.92682e-60 -1.46785e-60 0
4.27762e-63 4.00024e-61 0
-4.69223e-40 -1.03545e-39 0
6.76684e-60 -5.07203e-59 0
-2.65118e-52 -1.50182e-52 0
4.59439e-50 -1.05763e-50 0
-13.8027 -3.37604 9.48312
4.26574e-15 -1.38803e-15 0
-3.37162e-43 4.93452e-43 0
-33.9813 29.7106 -9.07033
15.9795 -46.5264 -14.8522
26.7808 3.15922 -2.64271
8.47154e-47 -2.31101e-51 0
-1.00054e-18 -9.98493e-19 0
7.71854e-52 8.26699e-52 0
-6.69129 -3.35698 0
17.2481 21.81 -13.6198
9.48406e-32 -1.17598e-31 0
-5.61664e-15 -6.05134e-15 0
1.32986e-43 2.04007e-42 0
5.22592e-53 -6.46521e-53 0
3.88852e-54 4.16486e-54 0
1.93278e-55 4.39858e-55 0
-1.54478e-63 -1.09565e-62 0
8.05104 21.5244 29.7244
4.65672e-30 8.31589e-30 0
-1.13498e-60 3.35434e-59 0
-9.30481 -111.783 11.1676
1.3744e-46 -1.36057e-46 0
3.80025e-49 4.06297e-49 0
-9.0524 -26.1417 40.7536
3.45582e-57 -2.22589e-57 0
14.6025 34.6621 -8.28434
3.21938e-13 1.88193e-14 0
12.639 17.8647 -5.07818
-1.01294 0.720018 0
-9.388e-44 -7.51211e-43 0
2.95739e-11 -1.39404e-10 0
-34.5362 -8.21799 7.29982
-36.2365 3.23028 -8.69499
-1.37366e-56 -3.95882e-57 0
-5.95937e-33 -2.20542e-32 0
4.48761 -7.75976 -8.81901
11.3666 42.4482 -6.55838
25.8328 3.08913 -2.42181
8.46524e-47 2.16722e-51 0
-14.251 13.2459 17.9468
-1.03102e-16 -1.01371e-17 0
8.03461e-17 5.82061e-17 0
2.92808e-06 -1.20246e-06 0
-5.05635 -25.8234 -14.1259
-2.11053e-57 -9.81645e-58 0
3.85466e-61 3.64711e-60 0
-37.6785 35.7341 58.4214
-2.77858e-40 3.63364e-40 0
-2.56366e-44 -1.10853e-42 0
-2.39666e-46 -1.91774e-45 0
-8.69035 -46.4938 2.94365
13.1677 63.0473 20.6573
-1.3122e-13 -7.84737e-14 0
-3.24182e-16 1.35116e-16 0
-57.3273 -8.89839 35.2169
8.44222e-10 -2.99444e-10 0
-1.50173e-61 5.38077e-62 0
16.6382 -95.5595 13.3429
31.0794 -19.4242 46.3581
42.5038 16.1065 51.0508
-6.97405e-35 4.40856e-35 0
-1.81324e-42 -9.01815e-43 0
-2.00009e-55 2.20519e-55 0
27.8418 -7.79093 -8.14188
-8.02369 18.7152 -15.0077
43.271 -3.26178 15.9781
21.7509 73.1793 14.9463
30.3356 10.4935 24.8598
-36.8118 22.4707 16.1483
-1.46812e-43 -1.17479e-42 0
26.9047 -1.11066 -2.25627
8.46024e-47 5.60891e-51 0
1.22201e-41 1.30879e-41 0
-37.372 -7.05138 -9.16736
-1.79456e-20 -1.64701e-20 0
1.46725e-47 1.29595e-47 0
38.4559 76.3593 7.01279
17.727 -30.4949 0.486493
-0.0597319 16.9962 28.5208
-35.235 -48.9542 75.0901
-4.59381e-53 5.69894e-53 0
4.51878e-49 3.65843e-49 0
1.24133e-59 5.03703e-60 0
-2.11567e-21 -1.17349e-20 0
1.97752e-13 -1.64546e-13 0
3.05549e-08 -2.29857e-07 0
-14.8396 -38.3569 -7.14911
-1.59381e-60 1.87213e-60 0
34.1309 20.3982 14.7567
6.70232e-14 3.98026e-14 0
37.2712 6.68045 -4.48183
3.54068e-59 -1.33472e-58 0
-2.71004e-60 9.11898e-61 0
16.823 -39.9951 -10.1935
3.89886e-36 6.03243e-35 0
-6.98756e-45 1.5462e-43 0
1.45548e-54 3.74318e-54 0
6.94663e-59 5.28554e-58 0
0.865236 -0.933208 0
-5.91177e-57 -7.63438e-57 0
7.00766e-21 2.23084e-21 0
156.884 18.3458 -0.632233
3.30335e-41 1.2373e-40 0
13.6188 -36.8371 4.31314
3.87858e-13 -2.24922e-13 0
-1.44873e-53 -1.1268e-52 0
-24.8702 -46.6066 33.1528
-1.28212e-59 -1.85067e-59 0
-1.87004 21.7259 -1.98563
-7.89635e-06 0.000128377 0
-7.38458e-22 4.1411e-22 0
-6.01187e-57 -9.02006e-57 0
-4.63853 20.1132 -5.24441
-5.03993e-48 -4.61565e-48 0
-3.55852e-61 -2.93139e-61 0
6.98357 49.1898 -10.2089
0.85298 28.2849 6.42963
-27.623 -4.21297 -8.3125
-8.04429 -1.93332 -5.21484
1.15929e-61 -6.78746e-63 0
-7.78288e-58 -9.21768e-58 0
-3.18844e-46 3.95548e-46 0
-49.3697 10.8541 -14.0374
-7.1499e-48 -3.0881e-46 0
-5.05287e-28 4.17756e-28 0
-20.1947 3.54094 5.43116
-8.47066e-47 -2.19251e-51 0
48.6141 20.54 14.8776
4.16346e-57 9.10261e-57 0
-9.08532e-61 -1.61292e-61 0
-2.90128e-15 1.35068e-15 0
2.05363e-39 3.17743e-38 0
-2.48751e-24 -3.20543e-24 0
10.5852 47.2768 70.0141
-9.6094 -3.11513 -10.5928
-3.47286e-47 -1.50168e-45 0
-1.75213e-24 4.27726e-24 0
-1.62532 -22.1308 -3.64723
1.18418e-59 -9.01731e-60 0
-5.24177e-49 -1.51093e-49 0
50.6423 -20.894 -11.0737
-1.39396e-53 -1.64216e-53 0
-1.60844e-52 -6.95493e-51 0
2.352e-30 3.63914e-29 0
-4.62255e-61 2.6285e-61 0
-8.19153e-48 -3.54226e-46 0
-5.1386e-48 -2.22199e-46 0
14.8335 9.92644 17.7421
-16.0401 12.1207 -3.99535
3.58655e-12 -1.21272e-13 0
-1.20262e-55 -2.7766e-56 0
1.51642e-37 -1.19613e-35 0
9.45786e-46 8.14281e-46 0
-70.4105 -5.99493 26.4837
-23.9674 -23.0241 -7.50865
-35.1177 -24.4959 -7.34272
25.0025 -3.04199 0.987237
-1.11307e-55 -2.69879e-56 0
-19.2497 3.50322 5.8045
-7.48096e-17 -6.27388e-18 0
-3.42856e-47 1.68067e-47 0
-8.95586e-48 -2.5815e-48 0
-9.01294e-09 4.75702e-10 0
-3.99027e-46 -1.98456e-46 0
-5.26822e-25 1.38462e-26 0
6.55069 10.9834 -3.48171
-25.7569 -21.5692 3.15942
29.6609 -19.4706 1.62371
3.92602e-44 6.0745e-43 0
8.05658e-44 1.19764e-42 0
-6.28531 -15.7387 -0.197614
6.07828e-61 -3.18524e-60 0
2.74203e-32 -2.86617e-31 0
-4.26612e-57 8.6787e-57 0
-21.9296 -3.58876 -4.21508
-8.2787 2.61636 4.1969
3.20097e-41 3.42846e-41 0
-37.5539 10.1864 74.8621
11.4662 4.88764 -11.4111
2.36852e-49 2.53585e-49 0
27.1465 -69.8513 -9.57438
-1.26712e-58 -1.28918e-58 0
-26.3291 1.70709 33.4805
46.3837 -18.9203 -15.1057
1.60046e-36 1.97281e-36 0
9.0973e-41 1.40758e-39 0
3.01657e-54 -1.0076e-54 0
-2.52219e-58 -3.57036e-58 0
-1.23295e-41 -2.0586e-41 0
1.07897e-33 1.66943e-32 0
9.02661e-34 1.39665e-32 0
-20.1225 -0.880197 6.70543
-8.47066e-47 5.93696e-51 0
-2.89379 10.3501 -9.70193
-35.0617 -0.759429 -0.914868
-4.68804e-58 -4.55881e-57 0
7.23639e-46 1.17004e-45 0
8.9213 -65.2871 16.3945
11.9368 -8.21674 -2.57067
-5.86344e-30 4.03765e-30 0
-1.49902e-08 -1.82092e-08 0
3.70076e-41 4.195e-41 0
-1.24067e-60 1.19581e-60 0
-8.30612e-63 3.19032e-62 0
2.13841e-37 1.26686e-37 0
-7.64137e-42 -2.76261e-42 0
-3.77392e-45 -1.08766e-45 0
-62.1958 34.2012 -11.1184
-1.32658e-08 5.52065e-09 0
-0.00326595 -0.00160358 0
-17.6602 10.195 -11.639
-14.546 16.0482 -4.15692
6.395e-37 1.01023e-38 0
-35.5356 -40.7851 -14.875
1.44759e-05 9.53262e-07 0
-1.08082e-55 8.64233e-55 0
6.36434e-31 -3.44656e-31 0
1.49789e-47 1.94177e-48 0
2.67577 72.529 44.3275
-1.72137 -4.13192 -4.15359
8.04362e-45 8.61526e-45 0
-4.08637e-54 -1.24182e-53 0
-3.89054e-55 3.05767e-55 0
1.13225e-61 -2.41811e-60 0
7.06813e-62 -2.77187e-61 0
-7.67962e-47 -6.61979e-46 0
2.47218e-62 -1.9815e-61 0
-8.05746e-28 1.52197e-26 0
1.91735e-56 -7.2078e-57 0
-17.412 -28.9291 3.16893
0.853246 31.4926 3.15494
6.17198e-43 2.2967e-43 0
11.5515 24.8155 -8.576
-2.20913e-13 1.11847e-12 0
-7.62314e-48 -8.72618e-47 0
5.21824e-06 -22.8592 22.3591
0.00304931 -0.375906 0
9.8311 14.7312 12.8508
1.32144e-58 6.11715e-60 0
-2.57201e-49 1.37281e-48 0
20.1658 -43.2451 18.0435
1.8876e-42 2.02175e-42 0
-2.27736e-49 -6.60153e-50 0
18.9957 -25.5752 6.9875
11.5628 7.47492 -12.8797
0.000113449 -0.000113604 0.0656144
1.2745e-08 -1.45663e-05 21.4569
0.000151419 -0.000368583 0.957883
1.00543e-12 -1.82369e-13 0
-3.50603e-16 6.887e-16 0
23.9017 7.07524 10.3904
9.72837e-26 3.65906e-26 0
-1.37181e-39 1.75572e-40 0
26.2986 -45.9468 -7.67518
7.88377 3.23727 -2.39481
0.00763454 0.0118297 0
3.06456 -42.9927 -13.4809
3.08841 25.8721 -2.43379
-5.9818e-47 1.1113e-44 0
4.91874e-59 2.75643e-61 0
4.98623e-38 1.86764e-37 0
1.7942e-47 3.58152e-47 0
16.948 -11.1352 2.47268
4.95451e-11 -9.9079e-10 0
-4.7306e-46 6.7612e-46 0
2.14397e-23 1.90835e-23 0
-8.04759e-52 -2.15759e-52 0
1.16018e-52 1.23129e-52 0
3.55181 -19.1677 5.46781
-2.82292e-21 -1.52895e-19 0
-0.00789171 -0.0122601 0
-1.50594e-31 -3.21785e-33 0
-43.3515 -66.7587 53.0302
-3.60634 14.1061 -0.451524
15.3415 19.005 -9.30204
1.35817e-27 1.24505e-27 0
20.2236 -33.9492 15.1696
16.0282 23.2988 -13.1022
2.91757e-07 -2.87667e-07 0.0713807
2.01899e-05 5.81525e-06 21.476
5.95996e-05 -5.14379e-05 0.974291
5.43875e-51 -4.14098e-51 0
-1.56882 5.49297 -12.6916
-4.79913e-60 1.34651e-60 0
1.82679e-13 -2.07237e-14 0
5.27281 0.896422 -6.96554
1.29919e-49 2.45968e-49 0
17.0075 26.1192 14.5269
6.44957e-13 1.40586e-12 0
-6.20381e-56 -2.68812e-54 0
3.3543 21.6747 0.280458
-1.55824 12.4511 -0.796624
-1.59575e-49 -4.59832e-50 0
-1.05488e-42 -2.18037e-43 0
2.3222e-61 -6.30613e-61 0
2.50408e-20 3.30897e-19 0
4.86412e-58 -1.4274e-57 0
-1.60434e-40 1.34853e-40 0
-1.2054 -0.141456 -8.33179
1.66419e-05 3.90369e-05 0
1.141e-56 2.0732e-55 0
3.50268 -19.2938 5.79197
1.76921 -3.12406 -4.3447
-2.7438e-50 -6.33489e-51 0
6.30636e-53 7.30681e-53 0
3.75189e-60 1.135e-59 0
-22.342 0.855611 14.1454
3.17025e-17 -1.17319e-14 0
-1.02673e-55 -4.49253e-54 0
-1.19177e-21 -1.3501e-20 0
-2.50611e-26 -2.63725e-26 0
2.07255e-05 -4.05892e-06 0.0656176
9.26967e-05 4.12492e-05 21.4572
4.00579e-05 4.74445e-05 0.957516
-7.4059 34.6836 -8.77205
-93.9245 -46.0826 -6.78891
-28.0768 -9.13336 6.24636
-1.43907e-44 -1.27778e-43 0
-0.2488 -0.509979 0
17.6228 14.8971 10.141
2.11401e-47 1.36875e-47 0
-25.8819 -3.1495 59.0077
9.51602e-46 1.06488e-45 0
0.000108906 27.7585 20.1356
-0.00304886 0.37591 0
-1.11441e-58 -1.45731e-57 0
-4.13508e-48 -3.23109e-47 0
-6.85754e-25 -9.22046e-24 0
1.27057e-31 -9.2663e-32 0
0.764053 23.3218 -14.4177
3.64947e-50 3.15476e-50 0
33.8972 12.2706 10.8583
-1.73979e-44 -7.52291e-43 0
-3.29353e-44 7.28791e-43 0
2.42966e-62 -9.1084e-63 0
-7.58992e-22 -1.88423e-22 0
3.38866e-59 7.70879e-59 0
-3.99473e-55 -4.92102e-55 0
5.0838 -1.01073 56.8479
-4.43949e-49 -1.91965e-47 0
2.31443 -25.5988 4.09018
-1.74378e-07 -6.42198e-07 0
-9.22202 18.071 -9.82615
67.4239 100.602 22.2684
5.34316e-60 -4.07079e-60 0
-27.1056 -28.414 -0.395145
7.67198e-33 7.15251e-33 0
-2.82299e-51 -1.22067e-49 0
-1.08348e-61 -7.38158e-62 0
3.00159e-59 -1.66093e-59 0
1.28258e-56 -9.76533e-57 0
-8.77003 53.4242 -9.19178
-2.57586 -1.09824 -13.8284
-4.02209e-24 1.26937e-24 0
80.5365 -39.6029 -0.986434
7.64981e-08 -6.07291e-08 0
8.16512e-61 -6.16068e-61 0
-1.41605e-62 4.33203e-61 0
-2.08512e-54 -9.01615e-53 0
-3.97948e-60 -1.75216e-58 0
-6.28865 -18.2336 -12.5214
1.58607e-38 1.63311e-38 0
-1.69216e-58 -4.84934e-59 0
1.81989e-51 -5.53931e-52 0
-5.68201e-56 -2.50988e-54 0
3.32747e-46 3.56314e-46 0
-35.997 99.1608 -11.2891
26.785 3.15986 -2.6375
22.5312 1.31482 -14.1295
-8.36003e-05 -8.2953e-05 0
-28.5835 -26.9533 -12.4452
16.6102 69.8932 -3.49613
-22.9642 -45.2599 48.456
-57.0527 -1.45416 -3.4163
-34.2821 -6.93489 -3.74003
10.1108 19.0034 -13.3403
1.09509e-56 1.11597e-56 0
1.03249e-34 9.57465e-35 0
-19.5412 -51.2564 17.0009
-3.88031e-44 -3.10489e-43 0
15.7666 55.3603 24.9658
1.9284e-42 4.10322e-42 0
54.1229 64.1433 62.9737
-38.6523 -27.7447 -4.20193
-5.79327e-40 1.18667e-39 0
5.07975e-45 5.44076e-45 0
4.41175 -54.858 -6.89357
29.5997 -11.2361 76.2211
-1.0095e-50 -4.36512e-49 0
1.93876e-36 7.13594e-37 0
-0.360797 19.734 -3.85743
12.6418 8.57464 17.1982
-2.07071e-52 -8.9539e-51 0
-2.95921e-08 4.59844e-09 0
-9.26338e-62 -1.13608e-61 0
3.34026e-46 3.57679e-46 0
-5.41293e-51 2.35107e-49 0
-8.51212e-52 -6.9524e-51 0
6.95266 22.6324 10.5161
-9.1918 20.8172 22.1606
25.8358 3.08912 -2.41782
14.0216 0.0646271 -6.71156
-0.000322396 -0.000101406 0
5.1919e-48 5.56087e-48 0
6.82562e-55 -5.99582e-56 0
6.504e-55 -4.85785e-54 0
22.9934 -4.88411 -15.1861
-61.404 57.5904 5.80485
-2.18159e-26 -1.13761e-26 0
-7.64145e-17 -1.89702e-17 0
28.9382 49.1022 -10.5577
-1.95421e-44 -8.45007e-43 0
1.79703e-55 3.40219e-55 0
23.9257 -40.6449 10.7394
-13.2264 -13.5182 -13.2488
-19.0817 -9.34418 -9.19476
1.67899e-56 1.00104e-56 0
1.70901e-14 7.94767e-14 0
8.61404e-12 -9.02884e-12 0
-1.45793e-44 -6.30414e-43 0
7.62714e-61 1.84507e-61 0
53.0338 35.8678 -13.5085
-112.514 92.8799 99.4138
2.86114e-17 -2.27136e-17 0
77.0455 -41.0685 20.8228
1.36155e-47 1.88118e-46 0
-2.364e-62 2.94882e-61 0
1.32043e-59 -2.24768e-59 0
-42.7143 39.2892 0.441692
1.33778e-25 -7.80637e-25 0
48.5444 35.7847 17.2045
0.555277 -12.0639 -11.0619
2.32738e-60 4.75441e-60 0
26.9092 -1.11194 -2.25094
1.67711e-25 7.22826e-27 0
-26.3096 41.7027 1.16305
-5.24775e-50 -6.18217e-50 0
-15.7019 15.2369 4.37281
-36.3532 -38.9184 -13.6039
-21.4657 -58.4068 -13.0703
9.49274e-41 -9.47443e-41 0
22.0468 10.1791 -9.78731
-6.90098e-52 -2.2026e-53 0
-2.76791 -12.8215 36.8091
3.81937e-52 3.09219e-52 0
8.65126e-16 1.48274e-15 0
-8.61756e-24 -4.33812e-23 0
-2.07202e-27 1.34118e-28 0
4.89755e-24 -1.13209e-24 0
-6.13848e-58 -8.37766e-58 0
-2.50653e-36 -9.63941e-37 0
17.2774 7.51337 -10.1241
28.106 68.0317 -12.9889
2.17694e-52 2.32451e-52 0
-7.13308 -3.13558 4.38139
-1.81846e-60 1.63657e-60 0
-6.29453e-53 3.06122e-53 0
5.76896e-25 7.30145e-25 0
10.3752 7.50376 0.0844868
8.73965e-37 7.52445e-37 0
3.49081e-59 1.68512e-58 0
-9.15668 12.9315 21.5152
1.98776e-60 -2.02249e-60 0
3.12232e-52 3.33278e-52 0
-2.57032 31.7956 -7.80507
-8.40272e-52 -3.63336e-50 0
2.67086e-52 -3.22799e-52 0
-1.56593e-52 1.2307e-52 0
7.64976e-27 -1.86497e-26 0
17.6369 -34.2819 -15.4085
3.07499e-61 1.12756e-61 0
7.49055e-62 -3.34238e-62 0
-2.0842e-54 -1.66758e-53 0
2.06617e-61 -4.68357e-61 0
3.79803e-09 -3.5892e-09 0
-4.25078e-58 2.69436e-57 0
-2.11804e-51 -1.94283e-51 0
-3.55475e-61 -2.91379e-61 0
7.01368 49.2057 -10.2455
0.81826 28.4031 6.23298
5.13963e-16 -8.71255e-16 0
-9.17234 8.29355 -6.54236
31.6803 25.7896 -10.6711
3.84637 36.3009 2.1665
38.284 29.878 -13.1616
44.1349 56.3224 -4.11178
0.000115164 0.00183829 0
3.20714e-42 3.43506e-42 0
-20.1957 3.54041 5.43057
-1.29944e-46 -3.23583e-51 0
5.81641e-37 8.99946e-36 0
2.6737e-37 4.1403e-36 0
-2.49576e-53 -3.7446e-53 0
-1.7604e-42 -1.74584e-42 0
-38.6178 4.16861 -14.5262
-17.8162 -46.1915 -14.7609
-5.58541e-49 6.92908e-49 0
1.43271e-36 2.21677e-35 0
-3.90079e-58 -1.69082e-56 0
-3.9004e-21 1.00485e-20 0
-12.6643 -18.0731 -3.02213
6.30307e-56 -1.09195e-56 0
4.19564e-40 -2.98769e-40 0
3.5876e-52 -2.39991e-52 0
-0.969189 0.681536 -14.4431
2.47785e-40 -4.48177e-41 0
22.4207 50.7607 -0.244382
-7.24354e-45 -3.13213e-43 0
26.9879 2.76444 14.7275
1.34185e-55 7.37777e-56 0
12.7249 13.0847 25.2791
-16.0385 12.1125 -3.99142
-5.54954e-57 -2.1719e-57 0
2.39117e-22 4.90904e-22 0
1.0916e-29 1.70213e-29 0
-2.80724e-59 2.11529e-59 0
-1.50168e-59 -1.1512e-59 0
-23.8399 -12.9208 -14.9566
-4.96541e-37 -4.74957e-37 0
1.21394e-44 1.30017e-44 0
1.01919e-30 1.52647e-30 0
-19.249 3.50287 5.80405
-8.48219e-47 4.17179e-51 0
-2.81304e-55 -1.83647e-56 0
43.9497 28.4861 -5.12343
2.47926e-60 -2.01833e-60 0
17.8729 17.7448 -14.5809
-1.49642e-29 3.44086e-30 0
8.11842 40.0977 -2.10755
4.35724e-61 3.76359e-60 0
-1.33452e-29 -1.09515e-30 0
2.35986e-33 3.6513e-32 0
2.02514e-50 2.16906e-50 0
-6.28946 -15.7287 -0.194118
54.2019 36.7971 -7.21609
-16.5131 -13.219 -3.03666
2.17784e-35 -1.11414e-35 0
3.95083e-49 -1.09951e-49 0
4.10913e-40 6.35785e-39 0
14.3608 -19.7047 22.3979
12.294 -8.4714 -8.795
-10.7342 -6.45418 -7.9387
-14.2582 -13.8496 -2.98135
7.34854 -70.6561 -7.60471
0.0322554 -0.059449 0
3.55707e-57 -1.48385e-57 0
2.62735e-44 -2.13466e-43 0
63.7846 50.322 14.2399
-48.2922 -73.3338 18.4599
6.29695e-37 9.74451e-36 0
-3.73623e-56 -1.65071e-54 0
-3.16247 29.4763 -2.6354
1.39649e-42 1.49573e-42 0
-40.2292 26.3933 16.0215
-20.1243 -0.8796 6.70493
-1.29941e-46 1.18117e-50 0
5.20172 27.798 15.8676
-36.7095 -0.467533 -2.31845
-5.76128e-43 -5.92271e-42 0
3.18694e-61 -6.2069e-60 0
7.11335e-39 1.10062e-37 0
-7.17338 -13.6063 -8.81762
-4.89784e-51 -2.63961e-51 0
-16.2325 -2.39522 -3.72445
5.59619e-37 8.65872e-36 0
-8.07971e-61 7.72768e-61 0
1.70833e-61 2.48671e-60 0
6.82416e-39 4.02465e-39 0
-7.14354 1.92273 -9.32934
3.49788e-55 4.26474e-54 0
-3.45606e-48 -2.76543e-47 0
1.0732e-46 -1.15246e-46 0
1.72402e-60 1.01365e-59 0
-2.75607e-47 3.35872e-47 0
-17.6661 -10.6055 -2.1683
-1.24254e-45 -2.57078e-44 0
-0.00282317 -0.00310496 0
-19.0446 -13.0217 -5.73909
-8.18481 -29.4444 18.841
31.7909 20.3763 -12.1139
27.868 -6.09301 11.1819
3.45018 84.8679 0.1974
48.9245 7.20781 -8.09239
1.38749e-50 1.19458e-50 0
0.230602 22.1366 -8.83905
12.9008 37.5454 42.2882
4.1891e-62 -7.62625e-61 0
5.23773e-62 -6.43855e-63 0
-9.56178e-44 -8.2422e-43 0
8.62972e-57 -2.85224e-56 0
-4.477e-29 1.15744e-28 0
1.56579e-61 -1.82694e-61 0
-1.06474e-45 -1.84551e-43 0
4.35682e-59 6.23525e-59 0
12.689 38.9318 11.5639
-6.04309e-35 2.5633e-33 0
8.39469 43.0282 22.9934
-5.89989e-48 -4.7209e-47 0
2.08413e-05 -22.8697 22.3528
0.0030792 -0.375871 0
-9.15952e-58 6.24363e-58 0
6.5882e-59 -5.76029e-58 0
-4.41807e-41 9.77628e-40 0
-8.90251 -52.5951 15.9269
-2.99389e-38 3.70631e-35 0
-1.25863 -9.80962 57.8888
-21.2724 -21.381 39.957
-1.66189e-27 -6.57329e-28 0
0.000210551 -0.000120311 0.0649146
3.3543e-06 -1.46665e-05 21.456
0.000178486 -0.000149378 0.95659
-5.92316 -2.28526 -14.0899
1.61068e-31 -1.63884e-31 0
-3.50967e-18 7.62803e-18 0
1.63817e-22 1.39644e-22 0
1.87148e-42 1.23129e-42 0
-1.11351e-56 8.75128e-57 0
-2.5388 30.329 6.11901
32.7866 -12.8675 45.4691
2.80995 -43.2456 -13.8301
3.08727 25.8852 -2.44227
-1.39884e-09 3.16881e-08 0
-1.13929e-29 7.58704e-32 0
6.34652e-35 2.37715e-34 0
1.02098e-59 3.88716e-59 0
-4.11155e-29 -5.55058e-29 0
-1.82917e-23 5.55708e-22 0
16.245 6.06268 10.3023
6.97884 14.781 -6.66231
-16.9987 -2.83563 26.4163
1.46972e-54 -4.90917e-55 0
3.55156 -19.1846 5.46276
-1.83251e-21 -9.94231e-20 0
1.40425e-39 2.8564e-38 0
5.96879e-56 3.34743e-56 0
17.712 1.04805 22.6996
-4.78725e-61 3.13423e-61 0
-4.82772e-20 -9.04372e-20 0
114.425 -14.1779 33.2968
2.38417e-58 9.31079e-60 0
-6.18191e-59 -6.16154e-58 0
6.0329e-07 -2.18556e-07 0.0705651
3.18035e-06 3.76102e-09 21.475
2.0393e-05 -7.72818e-07 0.973257
9.76637e-07 -1.11361e-06 0
1.46009e-13 -7.13492e-14 0
6.49608 -1.91992 -9.3657
1.4307 1.1182 -14.8016
6.12522 6.03982 -12.2176
-0.00016439 -0.000188252 0
-4.50584e-30 -3.72731e-29 0
-17.5416 3.10531 12.7605
7.81495e-41 1.20917e-39 0
3.35412 21.691 0.273044
-1.55733 12.4462 -0.795826
-0.276414 0.191923 0
1.62465e-24 4.92476e-24 0
-2.85353e-42 5.26058e-40 0
6.78772e-49 3.29654e-48 0
30.8967 -12.8334 0
7.0462e-59 5.3959e-58 0
-7.39944e-38 -6.37827e-37 0
56.4501 -32.6136 7.38963
20.0069 26.9251 3.17126
3.50118 -19.3096 5.78521
1.94946 -2.91172 -4.48948
-2.15494e-52 -2.40772e-50 0
-3.50837e-41 7.7633e-40 0
10.8566 26.0276 -9.44273
-4.24629e-05 2.24119e-06 0
-4.62968 -19.1114 -7.54759
-0.181714 3.70687 -5.81437
-1.79786e-11 -4.13677e-11 0
-1.842 1.78771 0
7.31245e-05 -3.01219e-06 0.0648936
3.90735e-05 7.62193e-06 21.4562
0.000188937 3.91542e-05 0.956636
5.69655e-52 1.29641e-51 0
-4.17154e-48 -3.33793e-47 0
4.15025e-52 4.43679e-52 0
-9.6115 -8.79848 -13.5173
20.8995 0.627493 1.12036
36.5165 -51.1847 5.8809
-1.70993 -29.8571 -1.86003
5.48603e-61 1.30099e-61 0
-6.73593 21.6393 -6.20727
1.89833e-05 27.7679 20.1281
-0.00304945 0.375897 0
-2.59478e-59 -6.13149e-58 0
-2.04234e-53 -1.59626e-52 0
-2.94809e-36 -1.71042e-36 0
1.34079e-51 -1.44183e-50 0
-1.05484e-54 -3.04053e-55 0
11.414 -0.289509 -13.6198
-267.162 -113.782 112.18
-32.3328 -12.8933 3.28779
-7.69877e-48 1.70358e-46 0
-3.50369e-61 6.02495e-61 0
1.04683e-60 7.86099e-60 0
2.14614e-59 1.13269e-59 0
-3.5529e-56 -5.16104e-56 0
-2.44202e-15 -4.3396e-16 0
1.59222e-59 6.40013e-60 0
-10.7956 -27.5097 12.3024
-5.12507e-20 -2.25766e-20 0
8.59476e-17 -7.15155e-17 0
-2.37354e-53 -1.02639e-51 0
2.8145e-46 3.01404e-46 0
-36.9178 -30.422 -15.0758
-2.70726 23.2001 -3.53256
-1.34338e-47 -5.80884e-46 0
1.81978e-59 -4.09998e-59 0
5.71689e-56 -5.249e-56 0
-0.00828615 18.2002 93.2891
-7.43793 -18.5703 4.03496
-1.34986 24.0816 -4.85079
6.79091e-60 -1.6681e-59 0
2.63982e-52 2.82246e-52 0
1.89754e-12 -1.50639e-12 0
8.17462e-61 -6.19799e-61 0
-9.61918e-61 2.59435e-60 0
-1.51534e-59 -1.48305e-59 0
1.66215e-27 -5.63244e-26 0
2.49044e-54 -1.28575e-55 0
2.02186e-62 -9.82409e-62 0
35.904 -10.56 4.97424
47.7749 -0.771681 -5.20783
1.09621e-50 1.17412e-50 0
5.77342 4.70047 -12.0745
7.84523 -31.0872 -2.84736
-32.2203 21.1142 -0.906072
1.2805e-05 -1.55421e-07 0
-15.1147 10.2866 -8.26731
-6.98142e-48 4.6769e-49 0
-45.9137 46.1394 14.2965
4.73922e-60 -1.24279e-60 0
53.6111 14.6498 11.7318
-5.76408e-43 9.26304e-43 0
9.48103e-38 -1.72827e-38 0
1.23043e-11 -8.52353e-12 0
4.36061e-56 4.80207e-56 0
0.000344064 0.00112758 0
2.98178e-08 -1.23223e-07 0
-24.4108 12.2533 24.7067
1.90952e-36 2.95452e-35 0
-2.32186e-37 -5.55914e-38 0
-3.90834e-18 3.96992e-18 0
1.47775e-45 2.01008e-45 0
-4.29598e-54 -1.8576e-52 0
-3.0924e-41 6.84284e-40 0
-5.6532e-45 -1.63378e-45 0
3.43345e-52 3.66717e-52 0
9.75883e-61 -5.61861e-61 0
-47.1629 36.4465 19.6237
-2.34013e-59 8.41275e-60 0
3.30214e-52 3.53231e-52 0
-1.07529e-09 1.37036e-10 0
-1.27665e-25 3.79231e-25 0
-5.47193e-51 -2.36608e-49 0
-2.56102e-60 3.87232e-60 0
-34.4343 10.1059 -3.41246
-4.44779e-58 -1.92386e-56 0
-7.14772e-45 1.58164e-43 0
-19.0546 19.0555 7.2201
24.9507 0.241426 -13.735
1.02423 -30.8112 -2.14932
7.11822e-09 -6.51513e-08 0
1.50377e-44 1.61056e-44 0
1.68499e-59 -3.28685e-58 0
1.23852e-54 -3.74321e-55 0
18.0894 1.36813 7.1276
27.024 24.5001 3.11183
-64.6007 49.2778 12.5398
1.50911e-39 7.9346e-40 0
42.608 43.0961 24.5157
-58.7365 -11.7113 20.4326
-32.929 26.173 5.43808
-8.92364e-56 -7.14056e-55 0
-11.712 -13.025 3.28519
-51.2088 10.0307 -14.5444
2.32116e-30 4.27804e-30 0
6.26783e-51 1.19264e-51 0
5.92853e-52 4.6023e-51 0
-44.6393 -33.1801 -10.1375
4.11209e-53 7.53387e-54 0
-49.1932 40.0001 26.2415
-28.7045 21.0012 -5.33876
146.239 -39.2711 39.9617
2.05009e-40 3.172e-39 0
-4.39174e-40 -4.99633e-41 0
7.10913 -70.1341 15.6953
-0.280696 -40.7826 15.884
7.03856e-11 -1.62684e-09 0
-5.6605e-51 -4.50909e-50 0
2.15517e-54 6.59003e-54 0
2.32802e-52 2.49082e-52 0
-34.0352 -1.61182 5.94824
1.16801e-16 3.93813e-18 0
35.0809 42.613 130.79
3.09629e-49 2.66577e-49 0
5.08163e-61 1.8439e-60 0
-5.13889e-49 -1.21561e-47 0
1.75873e-54 -5.61518e-55 0
-0.134951 -13.1206 6.47959
-1.07726 -14.2362 -0.409513
-1.07835 50.4552 12.1366
7.82301e-43 1.21042e-41 0
1.20643e-55 9.76733e-56 0
1.47018e-60 3.00946e-61 0
-21.8566 -11.4879 -3.38869
7.69921e-54 -1.83415e-52 0
18.3063 20.9845 -4.22457
37.447 11.2117 -10.0047
2.92032e-59 3.06899e-58 0
-9.70544 25.2731 50.4489
-0.00538047 0.000593895 0
1.44575e-59 -3.05318e-59 0
5.52573e-46 1.69923e-46 0
-2.19206e-54 2.01327e-54 0
-19.1912 16.9504 3.78397
1.66644e-47 1.77877e-47 0
-4.81753e-40 1.36364e-39 0
-1.66296e-11 3.09487e-11 0
1.70977e-44 1.47203e-44 0
-5.93621e-09 -6.79786e-09 0
10.3007 39.5853 0.684639
-3.25792 -3.93921 0
31.7531 32.8649 7.21446
1.28831e-53 1.37857e-53 0
4.13024e-51 -5.06095e-51 0
-3.15037e-58 -2.34409e-57 0
1.22883e-44 1.3161e-44 0
-6.14983e-51 -2.65921e-49 0
1.47017e-46 1.61249e-46 0
7.30216e-42 7.8211e-42 0
3.21139e-54 -7.90219e-54 0
6.66405e-51 7.13293e-51 0
-20.7508 -19.2721 -6.75432
-3.77152e-29 2.97826e-29 0
-8.26284e-50 -6.6077e-49 0
-3.52711 15.4598 19.8889
-12.6356 40.546 -2.52994
-6.85504 15.5296 -8.33449
1.21665e-42 -1.36717e-42 0
-1.29189e-52 5.77283e-52 0
86.937 -49.4708 11.9612
2.09772e-49 2.24594e-49 0
0.00366866 0.00253692 0
-3.47623 -45.803 2.11124
-11.2747 17.5259 16.7483
3.98363e-13 -8.67465e-16 0
-21.2082 3.48441 5.27048
-1.29973e-46 -2.8313e-51 0
-15.3838 -25.4456 -13.9942
-1.82103e-50 2.448e-51 0
1.26257e-37 1.95795e-36 0
3.02138e-61 1.64151e-61 0
-6.15267e-17 1.29483e-18 0
-39.7946 2.76884 -1.4318
5.59375e-21 1.00671e-20 0
40.6406 65.6911 13.318
1.07368e-33 1.66125e-32 0
202.625 -121.284 5.36781
-1.4971e-43 -1.19793e-42 0
1.65072e-62 -1.90902e-61 0
8.97601e-63 -3.26065e-62 0
9.65862e-30 3.63529e-30 0
-6.65381e-24 -8.97778e-24 0
-100.189 70.6454 104.332
6.92199e-46 7.41296e-46 0
3.3541e-56 -1.73676e-55 0
-3.55581e-37 2.90885e-37 0
-12.2861 8.35333 16.4055
-36.2521 49.5535 53.38
-15.2888 17.808 -6.71975
-3.16671e-40 7.59761e-40 0
8.45726e-26 -4.23938e-26 0
-1.3603e-50 -5.88197e-49 0
1.65979e-27 4.64357e-27 0
4.88775e-59 1.08378e-58 0
-1.47418e-47 -1.24485e-46 0
13.1937 15.2746 -10.5495
1.48274 4.88498 20.7483
6.11701e-39 2.0498e-40 0
-20.2379 3.44705 5.6492
-1.29971e-46 5.07128e-51 0
-1.12209e-48 -2.90855e-50 0
-1.77729e-26 4.805e-27 0
2.5242e-47 2.76649e-46 0
3.92249e-37 4.46015e-37 0
1.26886e-53 -2.89191e-55 0
1.86339e-57 7.25956e-58 0
-2.70847e-45 -1.94926e-45 0
-15.192 -21.8483 10.4768
-4.18193 5.90027 2.16754
11.5026 -62.7935 11.989
-5.52436 -22.0815 -3.66343
-5.88534e-54 5.40531e-54 0
-7.97966 -9.96337 -8.62372
-9.93151 -22.196 -7.5616
1.02334e-56 8.9726e-57 0
2.16653e-21 3.71006e-22 0
1.0492e-28 2.07002e-29 0
-25.1529 -20.9704 15.2433
-123.313 -5.7881 54.4189
-2.45084e-44 -1.05975e-42 0
-14.8587 -14.883 26.0121
12.6686 -4.6122 -10.6328
19.7509 52.7109 17.7617
3.48941e-20 -2.02322e-20 0
1.63951e-57 5.02157e-57 0
6.56143e-13 -3.52378e-13 0
5.27727e-58 3.06939e-59 0
8.13606e-43 -1.36222e-43 0
14.68 -61.1197 -11.2901
-3.3766e-51 -2.70176e-50 0
2.38418e-53 1.75263e-54 0
-21.1841 -0.872622 6.52873
-1.29967e-46 1.05898e-50 0
-10.7475 -23.9747 -14.6625
-6.28543e-08 9.61568e-09 0
-36.3746 -53.0215 -6.41078
-20.4274 -13.9711 -5.08134
-3.49433 3.88175 8.73582
3.06669e-57 -7.67334e-58 0
-1.64668e-24 -7.20565e-25 0
47.2669 48.772 35.8934
2.57651e-33 3.98651e-32 0
7.282e-46 9.23504e-46 0
-52.7633 20.4773 0.990432
1.87717e-46 4.10955e-46 0
1.35507e-57 7.90029e-57 0
3.53797e-47 3.04604e-47 0
-8.10893e-61 -1.07539e-61 0
1.38262e-45 1.48082e-45 0
6.93062e-58 2.40883e-58 0
-4.16508 0.619032 0
-6.33988e-30 -1.36311e-29 0
-71.4517 42.8523 -4.7012
-7.47071e-15 -7.68118e-15 0
-5.17581e-61 -5.52863e-61 0
1.12021e-48 1.19967e-48 0
-4.29753e-53 2.2894e-51 0
3.03902e-14 8.95757e-14 0
-10.6363 25.061 32.6033
2.08458e-41 2.23273e-41 0
5.3475e-52 8.05226e-52 0
7.59455e-38 1.17507e-36 0
-29.7147 -3.98054 -7.1005
5.95448e-62 -2.52297e-61 0
2.95369e-49 3.16115e-49 0
-6.35595e-43 -5.47879e-42 0
-7.38102e-44 -5.90608e-43 0
-37.4137 -13.6553 10.7118
-2.75693e-49 -1.06375e-47 0
1.97378 -12.793 -10.7891
2.27473e-59 1.16499e-59 0
-4.92396e-58 -1.44419e-56 0
-0.00253895 -0.0627261 0
1.75105e-46 1.42609e-45 0
-2.05485e-48 -8.84199e-47 0
0.000191293 -27.6288 19.1577
1.05081e-08 -0.000902218 0
4.07554e-49 4.36518e-49 0
-4.25156e-58 -1.84126e-56 0
5.12227e-61 -4.63887e-61 0
-2.46654e-56 -2.09951e-56 0
4.05132e-54 -3.08461e-54 0
-2.98025 -22.5002 -13.3336
-3.19842e-55 -1.38443e-53 0
2.4494e-53 -6.80105e-54 0
4.89256e-05 -2.78862e-05 0.0639762
3.946e-05 -2.07882e-05 21.3535
0.000111916 -4.43307e-05 0.866945
-21.7144 -2.33883 -12.7805
-1.26032e-46 -1.56046e-47 0
-18.7985 8.5135 2.74664
2.26082e-45 2.17595e-46 0
-1.56812e-48 3.19393e-48 0
1.12342e-60 4.76995e-61 0
-3.36968 10.2518 -7.30911
2.04881e-57 1.61287e-56 0
-9.95655e-59 7.72599e-58 0
-1.0339 30.6435 -3.82683
7.01921e-51 1.29903e-46 0
8.76343e-57 1.21117e-56 0
51.458 1.54852 -12.7551
-6.54873 -5.54935 -8.14653
-5.54582e-19 7.82333e-19 0
-3.66484e-58 -5.92453e-59 0
-14.0932 27.902 -9.28041
-1.58512e-16 -4.44011e-16 0
-8.81325e-46 -1.12542e-44 0
1.69385e-51 1.4585e-51 0
-0.786946 -24.3503 5.4802
-2.38164e-15 -1.42085e-13 0
-4.7806e-25 2.80362e-25 0
-1.85655 -36.0311 -4.08061
-6.8425e-14 1.42693e-13 0
1.58351e-51 -1.91382e-51 0
-11.321 6.74787 -13.304
3.2759e-60 -2.84443e-60 0
-3.23466e-47 -1.39868e-45 0
-2.07305e-51 -8.96393e-50 0
2.54944e-05 -2.96085e-07 0.0654106
3.66865e-05 -8.75061e-09 21.376
0.000156116 -4.05477e-07 0.886549
2.94872 -9.89542 -0.586684
-6.15315e-50 -4.91921e-49 0
-10.4491 -4.89625 -13.2512
-47.5821 12.4037 12.6628
-13.1942 -2.23288 13.2783
43.7918 -33.5032 -0.79701
8.64337 -7.9064 9.74788
2.04641 -2.3577 -8.92233
-9.05218e-58 -3.91441e-56 0
-1.49577 15.9831 5.43535
-1.5118 12.6676 -1.36917
-5.34559e-40 2.89335e-39 0
-20.0938 1.14277 -1.88262
-4.40234e-59 -3.12516e-58 0
-2.0493e-52 2.03484e-52 0
-16.1746 30.0714 -4.33257
-2.95161e-54 -3.65317e-53 0
9.00423e-55 8.63609e-54 0
1.78234e-45 2.757e-44 0
4.24966e-53 7.82092e-52 0
-0.79364 -24.4721 5.86174
0.265031 -3.56562 -4.16534
-17.1934 -12.953 -14.0176
1.64278e-42 1.41436e-42 0
-7.61021e-05 2.46423e-05 0
5.86293e-53 1.07417e-53 0
-2.42946e-54 -1.00861e-52 0
-6.70697e-57 -5.12366e-56 0
0.0196409 -0.158553 0
8.34223e-37 1.29075e-35 0
0.000238385 -2.17346e-06 0.0642777
7.51789e-05 1.36866e-05 21.3537
0.000380186 4.17002e-05 0.86734
-3.29348 4.34598 -3.60572
1.65035e-56 -1.85125e-55 0
-12.1431 -10.8521 -6.04594
8.17456e-42 1.26481e-40 0
-12.1896 7.77638 -14.003
-2.18085e-42 2.41223e-42 0
-2.63958 -15.0529 -5.01617
1.87457e-41 2.00779e-41 0
1.65607e-43 6.04592e-42 0
0.000190951 32.0769 16.4923
-0.150751 17.9888 0
-1.29856e-52 -1.23571e-52 0
-3.11225e-22 -7.36703e-22 0
-2.2125e-60 -7.40086e-61 0
-4.40989e-58 -6.71495e-58 0
5.20473e-40 3.00318e-40 0
-7.01075 -29.5875 -10.7278
-16.7259 9.15885 -8.24136
3.79854e-36 5.87731e-35 0
-1.33207e-51 2.94759e-50 0
12.2216 53.9094 19.501
-1.49268e-60 3.00137e-59 0
-1.10139e-23 2.00601e-23 0
-24.6748 1.30242 5.53066
1.25471e-42 1.94136e-41 0
-5.15791e-46 -1.48676e-46 0
5.04055e-21 -1.35832e-21 0
4.22433 -51.7023 -2.66609
-1.50398 -0.883665 -8.27159
1.00597e-51 -2.79917e-52 0
1.7451e-36 2.70011e-35 0
-63.2629 15.1541 -13.5939
24.4132 23.1588 -13.5654
-6.34145e-60 -2.75728e-58 0
-12.3814 6.51742 -8.32122
-1.26742e-52 -5.48048e-51 0
2.07336e-12 -2.059e-11 0
-5.41539e-58 -1.43183e-57 0
-1.77308e-54 -2.52408e-53 0
-7.82549e-52 -7.13325e-51 0
-1.40456e-48 -5.94683e-47 0
3.39958e-54 3.42231e-54 0
36.7284 -31.8385 34.6159
1.92067e-33 2.97176e-32 0
2.588e-60 8.46622e-60 0
2.1844e-60 -2.62243e-60 0
24.7273 -30.6525 -4.59644
-6.00482 -8.35019 23.0461
5.63955 -15.8433 -13.0825
53.6491 24.3295 -12.2835
2.07023e-37 3.20309e-36 0
-1.89879e-08 -3.9156e-08 0
33.78 7.28645 -13.0602
32.0933 -1.05095e-05 16.4799
28.074 0.000270833 -15.3388
-5.36144e-53 6.09776e-54 0
0.284598 -0.622468 0.345169
33.9491 16.5966 -8.13857
1.19877e-35 7.11906e-36 0
-4.48725 -8.82472 4.28523
1.9961 0.790531 0
1.58091e-36 2.44596e-35 0
-1.02885e-08 7.5823e-09 0
9.26032e-42 9.91842e-42 0
3.87871e-63 8.3563e-63 0
-10.5303 12.7618 0
-15.184 11.5366 0
4.34877e-52 -9.20315e-53 0
-1.23224e-10 -1.34119e-11 0
-27.5128 16.0142 -6.19756
4.5642 -23.8742 0
-10.973 -10.4661 -6.31234
1.31097e-49 -3.6484e-50 0
-3.97357e-48 -2.85972e-48 0
15.2396 -27.3163 -0.553595
4.45893e-60 -4.89797e-60 0
-52.8765 81.6191 2.83701
-1.61531e-47 7.6712e-47 0
-5.05999e-50 1.8054e-50 0
8.92127e-61 -2.04658e-61 0
39.0937 -38.5871 -13.6759
-1.06378e-07 4.64097e-08 0
-6.18549e-52 1.47333e-51 0
5.56063e-41 5.16358e-40 0
4.97201e-56 2.81013e-56 0
-2.0965e-51 -1.67755e-50 0
32.0672 2.10477e-06 16.5045
28.0805 0.00216153 -15.3572
-1.25326e-56 -4.39346e-58 0
-4.74992e-51 -3.79085e-50 0
3.64821e-61 -5.94015e-61 0
-10.4778 -1.33098 -4.1798
35.1817 -14.3595 22.5317
-12.7433 -10.3506 -14.5235
2.84807e-59 4.5673e-59 0
-26.8027 34.1202 20.6056
-20.0593 -2.24881 -3.3173
2.25033e-60 2.97141e-60 0
-1.06345e-33 2.01084e-33 0
-2.32643e-19 -1.53754e-19 0
5.35645e-60 3.31133e-60 0
2.33598e-52 2.49542e-52 0
-27.9756 -13.4715 -11.7794
-14.1659 -11.0174 2.93112
3.28294e-32 6.66677e-31 0
-45.3876 7.29882 33.203
-29.8609 9.79998 0.260546
3.48528e-41 3.73298e-41 0
-5.90147e-48 -2.55181e-46 0
-4.51692e-50 -3.58852e-49 0
-31.9609 6.52354 -13.0525
-4.72751e-57 6.33895e-59 0
3.05438e-42 3.27145e-42 0
-3.34791e-56 -1.37666e-55 0
-20.8806 -40.4463 -13.4824
6.46351e-40 8.93238e-40 0
-5.75002e-19 -9.02421e-19 0
41.0313 29.3229 -10.0686
-9.20015e-41 -7.36165e-40 0
32.0933 1.2306e-05 16.4799
28.0801 0.00407468 -15.3624
-8.13054e-53 -1.34761e-53 0
5.8938 -36.7435 -2.63278
5.84233e-29 -9.96065e-29 0
-1.47567e-54 2.99839e-54 0
-1.7271e-47 -1.38197e-46 0
1.68218e-43 2.60522e-42 0
-1.21622e-55 1.96077e-55 0
-1.34644e-57 1.1048e-57 0
1.08274e-43 1.67527e-42 0
-1.08939e-60 1.57095e-60 0
7.11515e-49 6.12817e-49 0
28.3534 32.846 -8.07353
2.75822e-57 2.62713e-57 0
2.55674e-58 -3.92386e-59 0
3.07373e-62 -7.3364e-63 0
9.24801 7.68857 10.492
2.93737 20.473 -14.4697
59.1931 7.64033 -15.0979
-0.230925 0.154333 0
7.57514e-50 8.10897e-50 0
-4.71315e-44 3.87864e-44 0
25.0101 -22.5141 -13.4409
-11.3435 -26.2534 -7.47634
-4.09631e-62 3.76246e-60 0
-2.24109e-21 -4.70184e-21 0
2.51202e-45 2.69054e-45 0
-2.80674e-59 -4.05911e-59 0
2.00687e-57 -1.83403e-58 0
4.37821e-42 6.7742e-41 0
-7.28072e-51 -3.1482e-49 0
