# vtk DataFile Version 3.0
water particles
ASCII
DATASET POLYDATA
POINTS 2541 float
-2.03058 -1.07991 0
2.04732 -2.80668 0
-38.9096 33.6786 15.6336
0.504888 1.49034 0
-17.5786 -4.40805 0
-11.5471 -36.8557 55.8445
24.7468 22.8545 7.48969
78.8112 -71.9156 9.75289
4.77908 -55.2344 0.558835
3.39938 0.479066 26.8696
-12.7866 -23.5428 0
-2.6394 -89.5487 3.66789
-19.926 -44.6778 80.2529
-0.248751 -2.30689 0
19.5782 8.83025 0
-6.49168 -6.22638 0
16.1129 22.4371 0.366698
-5.33225 18.0735 0
-56.7953 -67.2602 97.8245
37.9405 -22.5209 84.5386
3.21839 -1.12818 0
24.9735 -12.4479 15.5408
2.1926 63.6476 4.13097
-43.5122 -0.300013 67.1955
-44.2192 -0.306161 14.614
12.8366 20.4356 3.39262
0.212697 1.22654 0
-46.1568 -23.1456 10.9502
-41.2445 -22.8806 16.1973
-59.69 49.3711 91.9701
-0.123866 40.6087 39.7047
-75.4748 33.5357 43.1364
-37.0402 -28.8611 7.65009
-0.195664 1.49647 0
-2.58826 -4.2261 0
8.22045 -70.2883 0
35.4787 6.32604 30.8653
14.1788 20.1847 30.4643
25.6 -1.89351 2.4301
1.86033 25.5184 0
10.1231 3.66108 8.70368
-0.468553 1.58001 0
26.8588 59.4966 142.762
-2.56312 0.909979 0
-69.0633 -6.58881 20.8161
-4.37057 1.80064 0
4.42663 4.68923 0
-3.58855 -7.01801 0
-5.23337 -6.57562 0
-18.4025 -28.3886 0
-7.04204 -1.11562 0
25.1268 3.98888 27.3809
91.3836 -40.3024 9.49658
-36.4237 -31.2174 17.7859
-2.48184 -3.84299 0
-2.3849 0.92505 0
-43.467 6.55142e-06 67.2295
-44.2204 -0.00310001 14.6224
-14.7739 -28.039 0
-15.3487 12.5892 12.9441
12.5427 -5.06107 0
7.05538 -1.87128 0
14.7617 -34.9008 0
12.4831 -25.8081 12.1062
37.6443 -25.1363 72.3676
0.304114 0.8588 25.7338
-48.392 20.2465 0
-1.3927 -5.96343 0
-2.54232 -1.53324 0
-3.13393 6.97838 0
0.801377 19.6293 0
38.4136 44.6766 28.5334
-10.3038 3.87986 0
8.69188 49.7765 0.0718146
46.4043 3.908 5.39638
-75.3992 -5.4821 18.3321
2.92679 -12.8176 17.9779
0.393883 1.7884 0
-20.2898 127.753 35.5205
0.502913 1.90863 0
34.5153 7.19581 1.95325
-33.8097 21.9824 0
2.25956 -5.1136 0
-3.70548 -8.58064 0
0.111063 1.2987 0
-0.205605 -3.3131 0
19.6957 -88.5184 14.4507
-2.56101 2.37464 0
-0.689761 -1.98985 0
-43.5122 0.300018 67.1955
-44.2109 0.299845 14.6507
-27.6743 9.2363 8.14073
-99.7333 21.4286 20.992
-1.70981 2.65476 0
14.0684 -18.0737 17.5811
30.9445 -1.01344 0
22.3577 26.0072 0
-38.892 -6.18251 28.4914
13.0938 24.0161 14.6046
-0.561205 3.65332 0
-13.2747 63.8497 72.2315
-2.65862 -0.58079 0
27.8364 -21.9815 5.46275
-8.02697 7.14273 0
22.1331 -36.1001 15.698
6.3673 -6.61419 0
-25.1015 69.2795 4.28761
44.2645 -0.0192613 104.276
27.688 4.94393 17.3774
21.5161 17.2652 53.6332
-2.32708 0.395731 0
3.24127 4.73973 0
-38.0155 -34.6476 15.4445
-2.3459 0.576754 0
-21.2891 47.4492 2.98649
32.8419 -51.4348 20.7153
18.9535 -16.688 8.19123
3.29076 -26.1566 1.96398
18.7002 97.0464 88.6758
0.0818673 -3.11213 0
-1.42641 3.61873 0
-0.711523 -4.35616 0
-1.01902 -1.81484 0
-0.988673 -17.7738 0
-2.1592 -4.58467 0
39.5847 -17.5928 76.0656
-0.983685 -1.27308 0
2.02237 -9.4748 31.5315
5.29206 12.6779 0
-2.9711 -0.0855074 0
9.93039 31.396 12.6844
-2.30247 -2.83817 0
0.25536 2.75369 0
-0.900381 -42.8841 67.211
-0.547331 -43.0054 13.3409
-7.83622 -12.6518 24.7866
21.5023 22.7451 26.7147
9.03373 -12.4124 0
-5.27943 20.6907 19.5517
32.6362 -48.8909 31.5395
-28.9118 2.18934 13.9299
5.81031 -84.9426 49.3101
30.7516 -8.83619 27.9909
-0.900015 -0.300113 38.968
-0.90006 -0.300032 71.2862
-0.900256 -0.300182 39.8518
32.2446 16.5681 3.51181
3.59686 0.496509 10.8339
16.8547 16.8525 45.1064
-18.318 11.028 0
53.9155 50.9363 85.6828
1.6541 1.74894 0
12.3243 39.9262 98.672
0.275179 1.34701 0
-42.5107 26.0877 17.5144
3.39149 46.4936 31.6985
-0.900965 24.6826 0
21.9838 1.79667 4.35428
-3.73194 0.411237 0
32.2795 -14.267 30.4806
0.510997 -1.65549 0
3.27793 5.15332 0
-24.5796 -54.7535 6.27017
-40.0822 52.5286 26.2245
22.9319 -30.0839 45.5563
28.4282 -39.5903 58.6425
4.08293 -37.4632 44.7154
-1.51719 -37.9416 5.24492
5.03395 8.97378 4.03858
-209.033 -68.8421 89.0548
10.8773 1.40794 0
12.0335 -99.5148 0
9.79631 -22.4577 5.35576
2.25904 4.61966 0
-4.8217 -1.43727 0
-1.10142 -39.3969 34.7371
-0.900008 1.74662e-05 38.9699
-0.900056 -1.41654e-13 71.3208
-0.901079 0.000169073 39.882
-2.87098 0.0650593 0
7.10957 -9.46996 6.12606
8.11671 0.490478 20.5629
7.07107 2.71101 29.4559
12.7215 3.92214 112.199
-4.22124 -19.1408 0
24.0667 4.14236 41.7484
29.9654 0.728273 49.6521
8.87395 -61.3652 0
8.54027 21.003 45.6889
-0.900956 21.7053 35.6103
-3.99418 -12.5386 2.3769
3.93403 6.26664 17.0178
-23.7033 17.077 13.6146
14.487 103.724 2.42328
-2.00942 2.2764 0
-1.74759 1.68249 0
-2.24822 0.608149 0
-4.07444 -17.8445 14.0146
-4.92675 62.3004 10.1659
4.04571 -37.2809 45.0379
1.44578 -5.8314 30.2374
16.8698 44.806 15.0688
2.50887 -18.9785 0
34.814 7.54952 72.9914
-29.3896 -20.1748 71.6165
20.9973 -32.4675 10.9662
0.960325 3.46219 0
29.2696 68.2217 39.4474
-0.467011 0.160318 0
-0.900042 0.300055 38.9681
-0.90006 0.300032 71.2862
-0.901708 0.300175 39.8522
-11.7092 -26.0351 43.7931
7.15668 8.53426 0
12.639 -28.2615 36.6227
0.171358 0.4501 0
14.5165 -39.7555 13.7596
9.65767 -6.66574 14.5869
27.0846 -27.9947 3.74052
-1.21109 -3.06564 0
-1.72938 1.9301 0
-0.900289 49.6908 63.1317
-0.900345 43.3259 11.7255
16.814 19.2766 0.458907
-2.63308 -11.905 14.2777
15.9185 40.8043 36.292
-4.17509 -13.9382 0
19.8321 32.0553 46.4647
30.0599 42.1364 8.26134
6.69964 1.18642 0
62.3612 79.9889 41.9307
-0.90373 3.41546 0
-19.2613 -118.407 127.676
-2.00433 3.04032 0
24.2669 -45.4593 52.15
25.5501 -14.7565 68.893
0.828487 2.07942 0
78.7224 -6.51441 80.3602
79.6205 27.6266 48.6047
2.05109 -3.12952 0
1.4124 -24.8661 0
0.135999 2.14556 0
-15.5052 -28.888 18.2498
-0.991791 -10.0404 0
-145.294 87.2127 7.52682
-1.24292 -1.22018 0
36.3643 25.2486 14.3841
-2.72419 -1.15633 0
-28.828 -16.3282 0
-73.5233 -2.43253 22.8285
23.2918 -9.35754 0
-0.551507 -3.38503 0
3.52589 7.19752 0
-30.6873 47.0575 0
-0.578661 -1.35875 0
0.949687 10.0985 0
-7.72822 7.12443 0
9.01406 34.1217 19.8538
13.379 2.99065 0
-17.573 -29.7173 0
2.87383 41.6871 0.201187
9.29328 -11.4803 24.331
2.99428 -1.59677 0
-45.2124 3.14236 6.71918
-32.7669 -3.78269 50.7248
41.7295 4.43341 33.3633
24.1091 -0.300963 0
15.2585 -62.4115 72.0305
-10.4683 -6.93945 0
11.0643 -28.5674 74.2264
-37.4086 -21.4792 123.117
-59.8261 64.4743 2.78683
14.5691 9.91515 0
64.7645 13.5514 2.97981
28.1755 45.8462 58.4776
14.8799 -16.5105 3.24032
-55.6843 -264.919 121.33
6.68438 -13.2648 0
-5.62037 -3.20831 0
-2.26085 -0.95335 0
-1.39759 -1.62224 0
27.171 47.767 37.534
-1.87911 -2.11661 0
-2.26996 -1.59168 0
-8.3293 -1.68664 51.9099
-2.15169 3.02499 0
37.5796 -37.3796 25.0198
63.8217 -83.6505 57.4501
20.3424 26.1862 29.6625
-23.8246 18.3672 0
1.75164 1.95343 0
21.8324 41.8683 14.6546
55.2336 17.8191 17.5427
-2.47278 0.455094 0
30.4011 45.2593 75.2086
1.27909 -5.85696 0
58.4233 14.7716 1.13406
-64.272 4.54302 14.7742
40.2463 4.63042 33.7091
24.1185 -0.00021782 0
26.5163 30.3813 24.2225
5.90766 0.860993 0
-48.883 -12.1404 13.6378
0.190896 -1.63822 0
1.16217 -1.55767 0
5.05473 -6.064 0
-35.2789 24.061 21.6642
-9.87063 -0.174425 24.3642
1.23632 1.75239 0
111.169 36.963 39.492
-121.41 -23.2091 62.1374
-0.496513 9.59871 36.8903
1.15575 2.8202 0
-14.9383 -23.7351 26.8443
1.2538 4.84741 0
3.70978 -2.44726 3.05895
8.2357 8.08927 16.7479
-46.3373 -46.1595 19.0744
2.64461 -1.14865 0
10.0455 -2.33463 35.7683
-3.97418 204.324 25.3136
7.11887 -7.28538 0
-3.17576 -1.63094 0
-2.13625 3.71269 0
18.161 -26.1636 28.7032
57.8818 -72.7365 47.6898
-2.2999 0.646195 0
22.3168 -27.2663 88.0718
-1.72449 -60.3614 6.80602
-38.5828 17.1826 48.5019
-62.1237 2.57757 10.9988
41.9742 -1.39429 33.9
24.1084 0.301078 0
121.938 -248.647 339.263
38.1833 35.9743 127.383
10.457 30.7665 34.4929
3.55177 -28.2844 17.9416
2.38343 -0.845737 0
1.4151 -5.49137 0
-8.08386 -2.43346 0
45.4457 -8.34228 33.5396
0.871905 1.68401 0
0.151578 -1.80301 0
-3.6218 7.88917 0
95.4068 137.397 19.8861
46.3188 -27.7716 13.3064
0.297979 1.373 0
-139.745 15.1052 67.7723
2.3983 0.467917 0
-12.9759 4.85882 0
9.20839 -57.8748 13.0641
8.41343 -2.65447 0
1.48272 -2.20511 0
23.3284 40.1632 8.8014
-8.06588 -27.6976 38.1031
-2.13984 0.0648037 0
-3.73082 -8.93364 0
-21.5065 13.0019 0
-104.038 23.7086 4.16453
16.7945 5.65708 2.48535
0.739581 2.74607 0
-46.4916 119.048 2.56087
28.616 3.38726 0
-0.883178 2.56254 0
-26.2777 15.7083 0
40.4332 -3.61099 28.3112
1.62563 1.49756 0
-2.3554 0.37246 0
-2.9517 -2.88338 0
1.71789 1.42584 0
-1.06309 -1.75321 0
4.57531 4.17976 0
-6.1816 -6.36921 0
45.0972 62.4566 69.0365
-0.504214 -2.08803 0
-11.4594 -9.27546 0
37.2025 62.6152 41.7578
-0.349497 41.1132 46.3776
-28.5424 4.90579 0
-57.1898 -39.0584 4.43169
-8.85484 -4.87627 0
27.049 6.89136 26.3395
11.4637 4.48144 46.6761
18.1905 -6.87672 3.93049
3.66259 2.46711 0
7.67305 -0.493519 0
-5.27927 10.4529 57.907
-45.7165 -1.79769 6.23888
7.34922 5.71492 4.18868
-2.33074 0.817958 0
-50.2938 10.3671 0
-64.4132 35.0904 24.9523
22.9693 22.5205 24.2972
23.5322 -16.4509 0
-13.0144 -96.4636 0
26.2077 17.2988 0
-0.15607 -1.87982 0
-18.8402 24.5574 0
34.5957 -10.0717 32.5228
0.0574523 -1.99114 0
1.31452 1.2683 0
162.914 -52.6465 40.643
-2.89926 -7.76886 0
-2.24809 0.162787 0
-3.27907 -0.148738 0
-3.85682 -21.5041 0
-5.69131 9.0082 55.5912
-2.21195 -0.381172 0
12.8127 7.93127 70.824
64.4984 -21.4172 9.69374
-11.9039 -49.7442 0
-0.753828 2.8663 0
-66.5513 -5.22903 0
-2.59437 -0.406196 0
6.60555 1.43456 0
5.02877 -43.4648 46.3066
23.5844 -49.422 49.9026
8.70326 -2.9316 10.5131
55.8935 16.0957 18.87
-19.1443 8.12577 52.6117
-37.7489 -0.388985 19.9697
3.99876 -6.41804 0
6.15617 -9.39153 12.7548
-19.6141 1.69377 0
-5.46865 0.418206 0
-31.6282 -48.2591 13.3721
-60.495 39.1989 14.1584
-77.4967 23.4012 37.9612
-1.81708 3.49118 0
-0.209259 1.68138 0
-3.49241 6.28328 0
1.45077 -4.46206 0
120.153 5.99345 264.299
-2.42776 1.12667 0
126.054 -78.0782 44.0611
-8.00294 15.5356 0
-83.5302 20.3681 20.5051
15.6874 17.1163 55.3336
-190.785 136.95 94.5439
-2.73742 1.09259 0
-18.347 13.2689 0
8.74264 -103.598 34.5961
38.4971 3.81981 32.9775
-19.5526 -54.389 0
-11.074 -4.36854 0
-2.80608 3.50492 0
-1.10935 -4.48713 0
2.64523 16.351 0
3.18489 0.296327 0
20.8608 -3.7461 35.2152
-1.03033 -1.47298 0
-0.311759 1.36204 0
-10.5648 -2.01117 58.0635
-45.917 0.838254 10.9886
-0.14283 -1.63033 0
36.7351 -17.8816 50.6893
48.3006 -56.8736 13.7595
-31.2924 33.8522 0
6.61889 3.10087 0
7.89998 -31.7809 2.24989
-3.8527 5.7982 0
-2.27171 0.522314 0
-1.57471 1.70351 0
-12.2178 11.5259 0
-83.5557 127.831 12.5528
-29.5901 -49.7764 0
-2.62361 -23.7927 15.8973
13.9233 38.0523 8.98782
5.80512 7.56096 0
-2.2165 -5.73524 0
43.1443 66.9368 76.5492
-27.4283 -7.88344 67.8535
-33.7574 -15.5618 0
-0.209173 -1.58381 0
-0.0542084 1.71891 0
57.035 -15.8844 21.7832
-0.764841 2.33769 0
-3.87852 27.2268 0
9.28582 27.35 14.483
14.7693 -25.1984 31.0253
-2.04384 1.51115 0
5.0463 -33.6787 11.7708
-7.42364 3.58346 0
-4.96357 65.6504 18.4763
-0.633324 -4.34431 0
-0.20207 -3.13092 0
-3.28076 -18.3561 0
0.209302 -4.10105 0
-0.892323 8.42971 2.27971
26.3448 33.3793 9.42496
101.537 12.0076 67.6587
5.42809 24.9362 15.8789
1.27813 -4.94736 19.8901
-0.124888 2.40961 0
25.1796 -1.62673 0.367241
-7.09944 -9.15355 0
-0.600013 -35.5992 72.0982
-0.255259 -43.3817 12.7205
15.9914 -4.92624 0
4.20573 -0.114665 0
-1.73111 3.52044 0
28.8902 -64.962 93.9046
-61.889 -27.0976 53.5412
-5.30133 11.2153 37.7289
-0.598951 -1.73841 0
-0.734491 4.25853 0
-0.600018 -0.300146 38.9693
-0.600005 -0.300022 71.4436
-0.600055 -0.30023 39.9894
-2.00184 -1.67007 0
-14.662 -15.908 6.04303
2.1664 4.42705 3.97319
6.27264 2.28204 4.5696
-12.0373 23.5404 50.4277
4.7933 2.49829 0
5.7081 -7.81681 17.8817
2.13498 -0.802993 0
3.86897 -63.8523 15.3274
4.11754 39.6126 34.1546
-0.600493 24.4859 0
3.18258 16.9976 0
4.53262 5.24246 0
-3.7275 14.7128 0
0.873653 -5.58812 0
-1.28888 46.2808 15.9054
28.5625 -2.43596 26.4456
11.34 9.88385 7.14742
-0.160348 -1.54057 0
11.9686 29.9156 32.3747
4.8312 -29.6584 46.251
-1.2894 -37.9294 5.52865
-6.91188 16.8671 0
16.2964 45.2262 2.09746
0.778441 -7.20476 0
-13.126 16.2612 30.7409
-31.2894 18.0898 0
38.7348 -66.0655 33.3334
34.2759 -66.4455 37.2793
-0.70466 1.36061 0
-0.599916 2.4298e-05 38.9783
-0.600005 6.00543e-10 71.473
-0.600123 1.72743e-05 40.0155
15.7749 -17.7342 30.1965
-14.6405 -6.44883 0.942055
36.455 15.3253 24.6751
10.2477 5.49084 11.3574
3.99019 -3.71854 24.5817
6.23977 9.91018 40.1242
31.8259 13.5876 90.7626
8.62534 0.881296 20.8028
-0.461608 -0.153551 0
4.52803 33.4946 38.3099
-3.02354 19.5451 36.539
13.7934 -16.9811 32.9906
-0.0476083 3.72567 0
0.899133 15.498 0
-0.370889 3.9512 0
14.0115 14.5338 4.35975
-1.38607 -1.42112 0
3.8879 37.6875 0
6.04426 2.06468 6.06498
1.5465 63.3204 0
4.75218 -29.5499 46.745
2.08136 -5.47136 30.8941
1.35096 -8.8564 0
6.56239 19.9937 23.9438
-2.78406 -1.35442 0
8.4102 -22.6033 0
-1.2031 2.25642 0
12.6756 95.9876 126.92
4.76593 -42.8025 5.30772
-0.864138 -1.70093 0
-0.599952 0.300037 38.9696
-0.600005 0.300022 71.4436
-0.600534 0.300113 39.9897
-26.269 0.472915 10.3922
5.29643 -10.4613 7.69805
-1.02118 -2.26029 0
4.19147 -17.826 51.364
29.1899 -41.3576 0
-11.2158 -36.2807 0
-7.14916 -12.9944 18.8564
-29.4244 -23.894 30.6543
-3.55562 0.42146 0
-0.600019 43.0949 68.6937
-0.947788 43.3777 12.7298
-0.677343 -2.9746 0
-10.8458 3.35297 0
7.94936 -3.94545 21.4673
-38.8292 58.1008 85.6865
-1.70617 -5.80916 0
-22.6825 -8.7665 0
-0.398054 -8.51757 10.2468
3.3363 47.6972 22.6772
-0.598573 3.41467 0
-7.32857 -2.56467 0
32.257 0.428057 26.8199
-30.3817 76.2144 2.06378
6.47178 6.93705 0
-27.8165 -48.6514 22.0951
-1.42983 3.04653 0
-2.54571 -14.8897 86.9575
-43.8827 -38.3793 3.74581
8.32178 -20.6992 0
-2.54355 0.589026 0
-55.1229 12.859 0
-1.62151 -2.58578 0
-1.16983 -1.65484 0
0.237639 -2.21412 0
3.33461 -2.76923 0
0.935843 -2.27271 0
-43.0957 -23.3698 0
11.907 -34.0132 35.8036
91.1169 101.111 6.81924
1.6355 -2.2855 0
-22.2597 -51.4898 70.8944
2.21882 -2.85057 0
11.1294 -9.15593 0
0.507974 6.90019 0
1.41138 -4.38943 0
16.1068 -31.399 0
1.83138 -2.06106 0
2.38192 -0.170209 0
29.7092 5.53855 14.3575
10.2258 -3.71516 9.85553
19.1426 42.8723 17.5336
-0.780043 1.64128 0
-62.5631 9.70697 0
40.6851 4.5292 33.8477
24.4212 -0.301887 0
4.12326 -4.74305 0
2.42847 -2.86379 0
52.7641 -6.17597 9.45466
-26.7853 -7.68338 6.77927
32.1394 -21.3347 8.00399
21.8411 -24.1424 11.517
-2.75887 1.46022 0
-1.64338 -2.83761 0
61.1818 9.09622 0
0.790033 3.59429 0
-1.65535 -4.14712 0
15.138 75.7651 107.846
-2.24819 -3.57701 0
-70.6154 8.08111 23.5217
-91.2304 57.7094 76.0027
-0.432106 -0.168821 0
-2.28405 -0.0522338 0
-2.95667 -1.31426 0
3.31003 8.28374 0
-4.50731 -7.5056 0
120.791 -5.45267 11.2558
20.2285 26.9783 29.5303
-6.90196 0.552807 0
-4.98003 -3.08351 0
-53.4233 13.0886 49.7921
-8.91616 48.0294 53.523
27.2047 26.1976 3.29797
-0.284392 -9.78363 0
-0.228544 -1.3453 0
15.3787 -13.4933 32.0203
-2.64321 3.44217 0
39.2331 4.72776 34.191
24.1795 7.08297e-06 0
20.8266 -13.4595 0
13.9186 38.6566 24.1906
28.1565 109.223 107.522
11.1954 -8.2799 27.6636
38.1239 -1.76589 15.0674
12.7123 -7.01524 15.0277
-4.34309 -47.5854 16.9914
9.32962 38.9509 0
-5.64146 1.71868 0
-31.7368 -49.8924 97.8067
-112.262 20.0412 77.298
-49.371 -68.9806 21.96
-5.42909 -2.75689 9.25825
23.5274 -39.8371 18.9079
-2.07773 4.49394 0
9.96688 -8.40423 0.074368
-0.0797235 1.58945 0
-0.985779 -1.43194 0
22.7165 24.4892 55.8407
-8.81084 -8.27633 0
71.3238 25.1444 100.415
6.97759 -7.31267 0
-0.376181 -6.27569 0
-4.14701 2.57802 0
12.7843 -20.5642 0
38.2232 -44.6599 88.3071
0.400851 -2.47723 0
11.1543 -48.2294 0
1.17202 -1.87197 0
7.26924 -3.36273 0
-114.932 39.5945 9.9108
40.8746 -1.39584 34.4389
24.4203 0.301965 0
2.85059 -0.575318 0
-81.0438 35.0492 13.5761
55.3221 -21.3676 4.28055
36.3357 -16.9527 0
1.44066 2.3321 0
-29.2768 21.5052 37.1283
23.9287 -6.4294 0
29.2415 1.37294 26.6656
0.408012 1.47953 0
9.83706 8.5747 0
10.7703 4.40478 0
-10.9904 -57.4561 4.52945
2.05572 0.211401 0
-68.7355 -40.9802 34.2541
33.9291 22.8844 0
6.17828 2.70977 0
-24.501 -1.32431 31.1598
9.68393 -50.5887 4.12721
12.5929 -33.0409 17.3242
-11.1153 6.94073 0
-4.73887 4.74437 0
-23.0061 8.87283 19.6504
-2.0315 -0.204739 0
-4.00525 -4.88281 0
-6.01741 6.40263 0
-26.783 45.0201 33.1422
-24.1224 -30.7533 11.3258
0.644109 -17.708 11.6608
5.05869 8.07984 0
-2.00342 -0.941844 0
-0.282198 -1.59562 0
33.6934 8.76419 35.3869
-42.4958 11.6599 12.194
-2.91649 -0.381113 0
7.34093 2.85466 0
-111.865 -72.1293 5.87707
-4.39864 -2.63036 0
1.2833 -0.45132 19.803
-2.20714 0.142479 0
28.7515 -22.9361 21.742
-17.3803 34.5116 10.5966
-45.8493 -39.9876 0
-11.1535 -9.25267 0
11.0524 73.5475 23.026
0.633167 41.9467 46.1209
32.1613 -24.657 19.0767
3.88141 -2.10451 0
-22.4517 4.62182 46.9767
1.03308 -5.72626 0
6.17663 16.149 0
6.71421 36.9018 35.3552
53.8106 -41.1982 5.41506
7.13281 0.168929 0
-31.5056 5.12234 46.1989
-42.0069 -1.73215 2.07928
10.5929 9.24598 0
5.97282 2.39863 0
3.90299 -3.81808 11.3333
-47.6789 16.3707 4.55474
-6.09186 -10.7371 2.69993
-11.7661 -0.117378 0
-23.0119 6.23669 3.49879
21.4279 -92.3212 58.3284
-0.304845 -1.92241 0
25.7505 59.203 0
-25.8468 -30.0955 0
2.90755 -3.08245 0
-0.656962 -1.51546 0
-0.804266 -1.70315 0
6.5568 3.62833 10.8657
-2.49244 -1.25806 0
-2.99724 -2.53994 0
-2.19832 -0.91281 0
-3.70329 -0.430962 0
-2.47724 0.583631 0
22.0432 16.6972 67.1542
-8.05561 17.5208 36.9668
5.16421 -2.09065 0
-4.06372 -4.62274 0
65.0522 92.7547 46.0563
-88.4735 -19.186 23.0756
-43.4856 65.5579 11.3465
30.9001 -1.34476 5.6567
-8.57957 41.0321 11.188
-4.09421 2.54563 0
0.730264 -1.59657 0
-30.0564 5.36017 46.7636
-19.8838 -0.418379 29.106
6.68623 -8.35315 6.42847
-0.250269 -8.56246 8.11682
-10.9172 -0.563943 0
-21.7832 -3.85438 17.6442
-26.2814 -15.2973 14.5581
2.14691 3.77064 0
-18.0847 -22.0695 0
21.0975 -15.4062 6.09509
0.745255 1.65574 0
2.18779 3.69089 0
14.6731 -23.0898 39.8971
36.531 -61.4811 0
-0.656809 -1.49471 0
-16.7222 -8.83542 47.6818
-4.06555 3.67518 0
-40.8498 32.4673 11.1269
-2.70306 0.590064 0
96.8282 -89.3653 60.5957
0.148996 -2.363 0
5.96069 -21.0233 35.2181
38.6032 -104.335 24.038
-11.0575 0.0453969 0
-53.3618 80.8998 110.277
-3.35375 -1.54558 0
-6.43503 -86.233 47.7275
16.4339 -29.3332 23.1203
0.428553 1.81114 0
2.32414 -27.9818 10.2585
-132.682 -36.8377 21.7896
-1.89222 1.1498 55.2514
1.01187 -0.449618 0
-31.3946 -1.04952 48.1501
-39.021 0.626318 13.1962
7.65086 -10.1348 0
-53.4049 -0.939008 35.5889
-24.6417 -33.054 15.9988
12.9529 1.08762 26.8
-30.954 -15.9998 22.8872
0.79059 1.4008 0
0.126201 1.49006 0
-0.381059 1.57287 0
-0.613388 1.61382 0
-12.5285 12.0892 0
-1.49526 -4.65788 0
2.68167 3.09398 0
77.1561 67.2111 0
-1.61402 4.1761 0
-7.84712 14.5524 84.7285
-87.4314 -35.4911 12.1405
27.2155 -69.7103 51.6651
-2.27439 1.20916 0
-8.81414 -4.52773 51.0079
-2.12207 -0.0872784 0
-54.1852 -60.0744 12.6558
4.46244 -14.4799 0
-0.418441 1.80033 0
2.58881 -10.2213 0
18.7362 14.2413 8.41599
-20.9076 -5.36518 0
-3.18424 -0.874321 0
-3.79737 -0.584467 0
-2.38583 -4.4999 0
-2.00129 -0.144311 0
-0.299989 -3.86608 0
-0.0200558 -3.2119 0
-2.90023 -19.5783 0
0.419042 -4.12005 0
-0.906414 8.1835 2.70936
-1.56801 -5.84768 0
37.9512 -50.604 45.8956
-3.73128 25.4843 55.5184
-1.29327 9.43056 0
-17.3529 48.2036 34.9036
4.074 -7.78594 1.06925
2.29225 -0.843386 0
-0.299992 -35.5831 72.1078
0.0450611 -43.3819 12.7165
-136.246 78.2831 23.9741
77.4011 -216.42 118.889
-0.523485 4.19318 0
0.433582 1.25885 0
2.80617 2.41572 0
31.35 9.696 5.34007
53.2413 14.7034 6.60156
0.228662 1.50288 0
-0.300011 -0.300014 38.9699
-0.3 -0.300022 71.4449
-0.300001 -0.300066 39.9901
-27.043 18.9755 36.3335
9.39119 -20.7978 3.75128
-2.53835 5.42532 0
6.74432 40.119 46.4966
-65.9773 43.4965 86.4353
9.1326 29.6514 28.0818
14.0465 6.2061 4.9017
25.5203 11.7157 33.8184
4.33215 -63.6556 14.9635
4.41922 39.5942 34.168
-0.300561 24.4873 0
0.680864 -21.0496 13.3864
0.958321 2.53498 0
-3.1265 -0.595768 0
9.79404 1.36523 0
-0.835638 -0.509585 28.3603
41.9783 42.8695 49.3087
104.746 -131.522 45.2041
0.243306 -2.63429 0
12.685 29.34 34.1005
5.13487 -29.6325 46.2585
-0.988865 -37.9292 5.5287
10.2943 -57.1235 36.1031
0.658573 1.44254 0
-5.13733 5.4056 0
-55.6635 -27.5664 11.918
11.9855 -69.7717 22.4863
-0.729592 -2.17014 0
-0.915001 -57.485 28.5443
29.2993 20.8353 27.2855
-0.29991 2.59893e-05 38.9796
-0.3 1.2918e-08 71.4743
-0.299923 2.20453e-05 40.0166
-5.38845 -7.05741 23.7643
-2.17749 -2.49048 0
62.5224 -55.7931 42.7208
5.07424 -0.535093 8.36786
7.74187 -0.175265 25.5161
2.58456 0.615508 0
-19.5235 22.6946 56.8546
6.96382 20.8066 0
-0.018773 -1.5215 0
4.83223 33.4698 38.3209
-2.65716 19.6874 36.5079
3.33002 -0.42268 0
36.8631 0.861277 35.0903
2.67563 8.02173 0
-3.04923 1.84515 0
-36.2647 -52.6196 17.2667
0.316432 -2.8314 0
-14.0448 66.5941 79.278
-13.2702 40.9311 72.6909
4.64094 63.5167 1.03181
5.05413 -29.5267 46.7563
2.38629 -5.47702 30.8993
-3.90185 1.90715 0
6.80196 21.2961 16.1564
5.12283 38.5356 25.6344
12.2186 21.7933 31.4804
-3.72904 0.380768 0
-17.3681 -57.582 3.47208
-5.55703 -36.0126 14.8261
0.763469 0.128424 0
-0.299921 0.300023 38.9704
-0.299957 0.300035 71.445
-0.300035 0.300074 39.9904
8.2799 8.26441 1.17276
-1.4382 -1.52485 0
7.70863 31.0205 7.15294
-35.0838 -43.7195 31.8411
-14.065 -29.5548 84.1537
-6.99125 -20.2364 29.3772
-4.41935 23.0584 49.7249
14.0564 15.4055 0
-0.340839 1.98118 0
-0.299989 43.0802 68.7048
-0.644696 43.3817 12.7165
-0.386217 -2.97282 0
-11.3247 21.6207 21.0721
-3.28881 3.01246 0
-1.65905 -21.6065 0
5.07117 18.0736 2.66334
-12.2643 -30.9937 0
5.84815 13.8837 0
3.77897 2.12839 0
-0.291625 3.41831 0
-91.8797 -41.676 51.3556
-0.798105 -48.26 6.20242
44.4681 52.8435 101.651
-1.41887 -4.14598 0
27.9298 0.10808 28.5152
10.4003 75.3981 25.9834
-26.678 -43.0701 68.7726
1.78851 -8.85603 0
0.0401416 5.33019 0
5.72198 1.74312 0
0.582678 1.66162 0
-4.49309 -0.701481 0
8.59731 2.23628 0
2.48284 -3.10371 0
1.89689 -1.93517 0
5.52809 -4.28372 0
13.9887 44.5685 10.3753
-3.23137 3.31095 9.51971
-11.6568 5.24462 0
17.2157 -13.199 14.7755
4.81223 4.33379 0
7.8139 -7.70607 0
11.445 -9.17923 0
7.16146 9.32964 0
1.55619 -4.13733 0
0.0507732 -3.92779 0
10.8735 47.1232 23.6588
-0.519639 6.20653 0
16.7907 39.3716 11.6734
11.021 -5.58079 8.00212
0.452241 4.55974 0
1.04929 -0.489607 0
-28.9062 -11.4229 0
40.9845 4.53137 33.849
24.7224 -0.301207 0
5.53982 3.28635 0
2.14784 0.283046 0
0.423779 -2.25089 0
-32.987 -8.03071 29.562
-11.9171 -39.9387 10.1267
-32.9291 21.5072 27.4058
58.1347 -39.1005 33.8263
-0.644409 1.2534 0
-0.446458 -0.118021 0
2.11216 4.15516 0
-1.29515 -4.15955 0
-26.1179 41.4449 48.2609
-16.0135 24.3907 54.7022
0.351128 1.59233 0
-11.141 31.141 0
38.2791 -55.9003 0
-0.19302 1.35729 0
-1.02849 -5.29876 0
4.25933 -0.604235 0
0.440981 0.184784 0
124.512 3.5345 7.13174
20.5049 26.9887 29.532
-72.5637 51.4194 12.5019
-2.19302 2.54738 0
61.8426 -42.8129 0.27736
11.3476 46.1551 39.0167
0.42032 -1.93127 0
40.5442 -27.1374 0.38675
40.6797 -36.9978 30.874
-77.2208 20.3113 21.9981
-2.89891 0.249828 0
39.5371 4.7281 34.191
24.4824 0.000305361 0
0.427622 -2.33661 0
-31.2533 11.7804 34.5307
15.5857 -1.37671 0
1.04623 2.80904 0
18.5468 16.3604 3.45814
-2.30784 0.813175 0
-6.42186 -1.52114 0
-4.41562 -2.65934 0
36.9917 68.6443 89.862
-60.2811 -99.4813 68.9364
-111.987 20.354 77.1737
7.36942 -75.0759 35.1002
-8.25911 -12.2776 7.64901
27.9912 6.42409 1.5262
-15.1354 5.04274 25.0371
0.626576 1.86888 0
34.3703 -18.5587 0.453883
-0.424455 1.17818 0
0.708214 1.71909 0
1.29555 1.97912 0
72.484 20.2939 97.525
9.26 -9.81742 0
-6.81599 -8.36911 0
2.49201 2.21339 0
37.6294 -58.3562 51.3857
-35.822 47.2408 0
24.7229 55.0215 5.22267
-19.4901 7.61826 0
1.85585 3.26523 0
-8.18312 21.905 18.225
-2.13131 -0.200868 0
41.1737 -1.39724 34.4402
24.4699 0.301804 0
50.287 26.2834 18.2085
0.156941 -23.534 19.3246
26.1251 -10.8941 43.6058
5.328 -1.22101 0
67.5318 -19.1813 28.5538
9.35824 -0.490824 0
-11.4906 -52.6887 24.7317
-3.55244 -0.299314 0
0.329993 1.47321 0
10.1482 8.59579 0
11.0651 4.35631 0
-10.6048 -57.5462 4.83069
1.92433 -2.4659 0
23.7981 -2.83506 11.7857
2.60298 1.36126 0
19.0399 -1.87462 2.99828
-6.74859 0.49137 0
-0.410414 1.19713 0
-0.163642 1.75674 0
23.8531 132.344 96.7073
-7.59822 4.38165 0
-22.9193 -43.8681 70.7583
2.77224 0.968631 0
-9.73159 -24.4493 10.7716
79.2824 -38.785 49.2055
7.95197 -13.664 25.0397
23.5381 -2.83932 16.9956
-19.1469 29.6313 10.1168
-3.13909 -0.733482 0
11.9728 -53.4809 20.3147
1.0705 -2.34904 0
-3.46638 -44.0092 26.9433
-53.7238 76.5925 64.3087
-0.720251 -2.75996 0
-6.39816 -9.61294 47.1483
1.72378 -2.8905 0
1.09568 2.02175 0
-0.221186 1.41897 0
4.14276 -3.49872 0
17.93 -9.53444 15.4979
0.771226 4.34323 9.06959
-23.9468 -22.137 0
-10.8534 -9.25257 0
9.97746 73.5196 21.8656
0.967193 40.8778 45.8172
-29.2612 15.8989 0
39.4576 40.3432 23.8684
86.0729 -20.2916 49.4581
-27.1959 -23.8933 7.27669
-25.6847 13.0517 34.5911
6.90233 15.721 41.5857
5.6584 2.77621 0
3.52009 -1.93463 0
-31.2039 5.12175 46.1987
-24.7712 -0.300852 0
48.3091 60.2616 6.98768
0.974911 -1.62399 0
30.131 8.20368 9.90245
16.1097 -45.1788 25.3692
34.5388 -4.41332 9.98727
-3.47056 -0.730453 0
0.641221 45.809 39.8762
19.6046 -27.668 10.1468
2.25937 -0.410646 0
-47.7807 117.348 3.19842
-3.56989 19.6999 37.2023
3.06503 -3.24897 0
-0.203361 1.3688 0
-49.3956 -25.7488 55.727
0.474577 1.42546 0
35.4542 120.665 9.31359
3.95521 13.7317 0
-37.0459 87.8797 9.93629
-2.57276 0.327488 0
-0.514275 1.87071 0
22.455 16.8163 67.0547
-24.1836 17.9407 31.3621
97.409 -65.1909 43.2375
-10.5519 -24.5287 0
12.2371 92.4504 34.2747
6.91471 36.9968 13.8218
24.2261 37.8038 8.97156
-0.726093 -0.464549 0
-3.88985 -4.71856 0
-0.614568 -4.68929 0
0.791676 1.58935 0
-29.7562 5.36018 46.7643
-24.7827 0.000146137 0
-5.33124 0.934797 0
-17.6737 -1.30723 45.9667
-10.2646 -0.530412 0
-7.28263 -0.254095 0
-33.427 0.876613 3.29382
-4.42462 3.97189 0
13.1364 -11.954 0
-3.0231 -0.0495501 0
-1.30551 1.62103 0
1.2438 1.94788 0
-9.22813 -23.8637 36.8106
13.6166 -43.4724 12.7724
-10.3921 -8.21604 12.0948
-24.7625 28.694 34.8186
-3.41457 3.48409 0
0.765482 -0.460702 0
25.8245 -15.4515 9.91453
0.02051 2.98001 0
-1.21722 -1.2904 0
-0.117635 2.90041 0
41.8761 -103.744 23.0674
-7.92612 -7.7416 0
19.4487 -35.6267 98.2705
0.708648 -33.9308 0
-65.8779 -29.1364 26.2666
-0.018819 -8.37648 0
0.543059 1.38534 0
0.367731 1.70901 0
-9.50895 23.8905 0.534957
-0.428077 -19.1927 24.4387
1.20376 1.51691 0
-31.093 -1.049 48.1497
-24.7714 0.301215 0
-3.99826 -10.3158 8.39768
-53.1034 -0.908549 35.61
-2.76128 -3.37126 0
-1.44211 -5.92295 0
-1.01912 3.32809 0
-6.58495 36.9796 43.7078
-2.81734 3.81579 0
-10.4333 -2.94765 0
-31.4558 19.4355 8.97175
-12.2284 12.0891 0
2.38342 6.54019 0
-0.0419047 9.47919 0
-17.8688 33.4096 8.4407
-0.234177 3.36925 0
76.2627 20.7851 78.5183
-2.93584 0.646507 0
8.4618 -2.45602 35.7539
31.9991 14.2089 30.2196
-45.3395 -17.3378 46.585
-3.78669 1.25985 0
-4.32833 6.92898 0
-28.4144 -9.93643 50.9035
-18.9399 44.4975 3.91221
-10.3441 14.7751 0
-9.11668 81.0838 0.993593
58.7812 35.6687 6.00296
-0.733809 -0.165246 0
0.704817 -1.70721 0
-8.27022 8.07706 0
9.40126 24.3846 21.9752
-0.00133234 -3.86626 0
0.347499 -3.49899 0
-2.59667 -19.2543 0
0.717499 -4.11989 0
-0.567893 8.13342 2.82186
-9.82747 3.33286 0
-2.08156 -5.23198 0
-3.19216 32.8227 50.366
-5.6466 2.55295 14.3116
-16.913 39.4073 25.1342
-2.02883 10.2398 0
0.992686 1.80829 0
8.16944e-06 -35.5831 72.1078
0.344553 -43.3822 12.7168
-4.52405 -0.326025 0
9.16311 8.65316 53.8626
-2.50944 14.1041 0
23.8759 -64.8808 58.4077
-2.76843 25.1845 11.0267
-14.7953 -4.79757 5.75398
-3.58217 37.2009 10.6919
16.1382 34.8283 23.9193
-0.000125549 -0.300126 38.9701
2.39995e-08 -0.300022 71.4449
9.42635e-06 -0.300381 39.9907
9.0187 -9.59248 15.2055
-15.7086 -21.2909 16.2512
11.4022 1.30059 13.0137
6.90804 2.17429 2.55434
-15.9784 -21.8522 20.0492
21.689 13.6326 24.0309
-11.4807 9.6761 12.8489
2.43236 5.70914 0
4.58241 -63.6898 14.8793
4.7226 39.5955 34.1681
0.000404921 24.4881 0
-3.08451 -12.1581 0
1.32326 2.4549 0
-1.22899 3.11406 0
0.869187 2.34965 0
0.0630195 -4.76385 0
-11.9748 -5.83418 19.2371
-0.33506 -3.21765 0
16.4382 -8.86196 0
2.81126 -1.58823 0
5.4352 -29.6322 46.2583
-0.688905 -37.9289 5.52832
4.35106 -0.0484513 0
-4.18358 15.5173 0.032191
68.6552 -1.21136 133.889
3.1456 -10.4862 0
66.3126 -11.4583 56.1964
1.8025 -1.96809 0
-6.61184 -54.3691 90.7398
-3.41362 -1.79729 0
5.66151e-08 -1.1295e-07 38.9791
8.08148e-05 2.32662e-05 71.4746
5.88436e-05 -3.37e-05 40.0163
4.37151 28.1544 42.9309
-8.93055 3.98386 12.1372
-1.32866 -1.56402 0
5.58846 -0.491964 8.2064
8.35101 1.46806 24.7418
41.1212 52.664 74.4826
15.6642 35.7005 46.8188
1.92536 0.836473 0
0.52175 -1.57911 0
5.13274 33.4693 38.3206
-2.35712 19.6872 36.5079
17.1218 -27.6084 0
-2.49853 1.74908 36.257
-0.624621 13.8238 0
-6.0148 8.06772 0
-56.7162 -68.1563 2.32802
0.406458 1.46665 0
-0.357191 -1.4216 0
21.7986 -9.52549 8.70379
3.77152 54.3502 0
5.35743 -29.5277 46.7581
2.68963 -5.48536 30.8989
0.249653 -4.25569 0
8.52646 25.3454 15.2387
-3.90336 73.2823 24.2543
3.33696 -13.2702 0
-2.98088 1.67412 0
0.361329 -7.63803 0
10.3535 -21.8153 3.17673
10.7775 -50.187 42.685
4.96173e-08 0.3 38.9699
0.00020963 0.300083 71.4456
4.78774e-08 0.300059 39.9901
11.506 -3.029 8.46142
-1.24833 -1.95695 0
-35.767 75.3534 28.8454
-102.503 4.07762 33.6738
0.159632 -3.71519 0
5.34484 6.56499 0
-2.12333 0.287884 0
-0.718607 -1.17461 0
0.353309 -7.26175 0
0.000174742 43.0805 68.7053
-0.344513 43.3825 12.7168
-0.0668159 -2.95864 0
-1.08565 -1.43187 0
18.9039 -19.0339 0.601978
-51.12 16.9173 9.96944
2.38458 3.77333 0
-30.865 12.2519 0
0.918444 -3.42322 0
-17.5285 21.2944 33.0537
0.0063887 3.41786 0
6.97623 -0.453393 0
0.864499 6.31242 0
-47.2822 48.2873 8.94277
-3.29971 -4.68612 0
-5.13596 4.98107 0
11.7049 88.4519 29.7164
-13.2982 -28.0903 36.1124
6.86493 28.5117 79.0585
10.8006 -14.8775 0
-8.68122 -25.3259 100.438
-1.87823 -3.67492 0
-78.3841 -10.7414 14.673
8.48429 -0.841308 18.9119
-84.9552 26.7738 32.493
46.3324 -107.45 19.9526
55.6231 37.1013 67.4819
-122.892 13.8317 63.3654
43.2855 29.9312 7.16994
-5.54894 21.7658 7.53516
-22.6102 2.37037 0
-0.449428 0.407893 0
8.09505 -7.69374 0
11.7453 -9.17931 0
0.666981 6.98483 0
-6.38697 -12.291 0
1.28441 -6.68694 0
-7.30705 -4.87973 0
22.6587 -5.66796 0
-20.2761 -5.39521 49.1537
13.9131 -4.90504 6.81703
-0.150681 0.178553 0
-45.8183 40.1663 18.877
21.4743 -67.3519 12.0136
41.283 4.53469 33.8468
24.7715 -0.30065 0
-15.8607 -17.4203 4.97774
3.07746 0.498427 0
-22.1072 -11.5664 11.6613
23.4041 29.0699 12.4394
46.991 -59.2891 0.309616
-15.8513 -18.028 6.3533
1.55807 1.77111 0
6.43713 -8.88502 0
3.18322 1.37803 0
2.92068 4.93807 0
-0.949294 -4.16196 0
12.0992 32.0665 81.2557
32.8393 57.3449 0.964953
0.540057 10.9104 0
-14.0295 -163.962 50.5372
-0.121301 -0.434348 0
2.01222 -0.255326 0
-12.7214 -37.7695 92.1501
16.523 -11.0219 0
21.9122 48.4726 20.7783
124.551 6.70594 7.63275
19.6891 26.448 29.5958
-73.2742 51.9953 12.1929
-0.163555 -1.42996 0
15.4212 -75.067 7.15426
-50.7646 -12.2039 45.9831
-53.22 4.50908 21.8013
-2.91906 -0.73885 0
-25.588 -97.9585 0
7.16811 -11.1082 20.3492
16.6156 62.1958 24.4035
39.8317 4.72733 34.1846
24.7821 0.000604801 0
-19.0952 17.544 53.0266
-55.7554 -5.67675 5.72858
71.4675 50.5116 5.96288
36.814 -14.9667 10.0562
-6.97067 -35.6613 10.9571
-18.0946 -9.42374 0
2.1344 3.03209 0
-51.0311 49.7101 112.148
-0.60273 1.4613 0
1.20387 -1.76553 0
-0.348031 -1.8826 0
-13.3742 -70.1022 41.221
17.3802 87.2785 60.7701
-19.3839 -11.8989 7.22723
-30.7798 14.1531 6.30641
-83.9032 -12.8673 86.2302
15.9249 -5.36008 8.62071
-5.32291 2.04743 0
24.6425 -133.433 50.5006
42.8193 -27.5789 95.8023
64.8689 24.0836 114.272
-50.8891 32.2629 0
-3.81629 -1.82574 0
-1.53011 2.09276 0
40.3408 -10.8758 22.2622
-10.9399 26.6273 12.8576
56.4425 -4.45403 51.7798
31.9499 106.726 55.869
44.2278 15.2871 69.6865
-53.1191 32.3542 56.2847
-0.537007 -1.34516 0
41.4725 -1.39985 34.4382
24.7712 0.301578 0
1.93213 0.505208 0
-51.6397 -10.018 19.9174
-5.7557 -5.8183 4.62542
4.60655 3.87004 0
51.2972 101.985 38.7121
26.2718 -44.7103 35.9791
0.523258 21.5703 67.1914
-50.9698 -69.3881 140.994
-3.11299 3.79157 0
10.4484 8.59586 0
11.7168 5.27774 0
-10.2106 -57.5437 4.83055
8.45772 -6.34993 7.14825
12.4633 -88.7719 9.66443
-21.0973 -56.0425 25.3517
-2.16964 2.72707 0
50.4874 30.521 57.0431
16.4681 10.1248 7.27878
54.4525 10.1464 27.8248
1.05567 -3.24868 0
-7.48751 2.91 0
23.9839 -58.336 19.5158
0.322443 1.49293 0
-0.736364 3.6472 0
2.4369 5.2568 0
0.35159 4.52127 0
3.23083 -2.68923 12.3283
-11.2644 -14.3369 0
32.8826 11.4 4.44004
223.703 27.0148 32.8255
1.74835 2.25457 0
20.633 -53.9827 40.4391
24.6985 -14.3521 7.53498
-1.64729 -1.47583 0
-34.1426 -67.3514 80.0293
-4.88619 -7.39758 0
-2.72767 31.7557 32.7572
-3.81669 47.6797 9.57438
-30.4209 16.4302 4.21626
-2.1205 -3.06839 0
-6.61695 27.1466 24.615
-25.1709 -23.6333 0
-10.5532 -9.25249 0
10.2815 73.5202 21.8781
1.29181 41.9496 46.1528
-40.2498 -6.77977 21.1609
-12.1354 -3.52975 28.3801
5.11806 -1.06137 0
-2.68085 -3.47641 0
-2.8076 3.32243 0
-72.0756 15.2562 14.3619
0.572316 -1.68645 0
-46.0148 39.5314 1.63343
-30.9041 5.11882 46.202
-24.4699 -0.300652 0
64.4817 27.3327 50.1568
2.27444 4.38525 0
-5.20699 -0.617604 0
-53.0692 24.4976 6.73546
0.805389 1.25471 0
-28.0161 -35.6491 3.11973
13.078 65.9429 129.853
-14.5108 -4.21 17.9889
1.57637 -1.77379 0
-48.0705 117.193 3.37355
-3.16417 -32.3181 31.1365
3.07944 -2.87162 0
-2.48539 0.969192 0
75.7599 -31.2685 19.6069
-2.07236 -4.04589 0
2.05736 -1.61432 0
0.324696 1.59357 1.78398
-4.12357 1.39823 0
0.651423 -1.8678 0
0.67537 -1.94361 0
23.0165 15.2946 63.627
-24.5269 17.7606 31.2457
66.6732 -1.97961 7.68377
-4.59595 -1.93849 0
2.61294 -111.127 0
3.47212 2.19267 0
-102.435 -8.85854 71.9281
-35.1801 -34.0894 24.1804
-51.3248 -36.0419 24.0525
33.3843 -4.20345 32.6389
-2.09341 1.56423 0
-29.4575 5.36103 46.773
-44.1678 -3.57277 6.46611
-6.6852 2.57879 0
-2.32395 0.713422 0
-9.18275 -0.51496 0
-4.15991 -1.71679 0
-33.429 0.884422 3.08557
8.54022 15.4138 26.9944
-38.0216 -29.545 38.8715
40.0905 -26.344 33.3718
1.5424 1.32228 0
1.58744 1.88632 0
-9.7739 -23.2254 36.9767
1.52883 -7.73334 0
1.86167 -17.5997 0.68612
-2.10649 4.60937 0
-32.6983 -4.71175 29.1497
-11.0648 2.97531 39.4062
2.0523 0.856938 0
-54.5505 15.2655 138.953
13.7777 7.24467 15.8182
2.39386 -0.192949 0
41.402 -104.42 22.6571
-7.62188 -7.75568 0
-39.6366 2.18116 86.1441
65.6491 -27.8525 13.3289
15.2628 19.0212 0
-0.171223 2.53711 0
3.03532 -1.73447 0
-5.40391 -7.73126 0
-24.6087 -39.3801 0
0.0839004 1.78759 0
0.55519 1.6992 0
-30.7936 -1.04711 48.1521
-24.4701 0.301639 0
-4.64649 14.8722 18.8894
-52.8233 -0.849174 35.6768
-2.48746 -8.52639 0
3.00656 3.3929 0
10.9746 -91.2447 54.623
17.8016 -11.7893 30.9651
-17.285 12.3495 1.16778
-45.875 -55.978 8.25281
31.6712 36.1755 0
-11.9283 12.089 0
-2.10871 8.44982 0
40.6473 24.6423 0
-15.9988 -5.28204 0
-2.10455 0.0591553 0
-82.8789 46.268 14.9798
-18.4662 6.35714 8.74432
-24.7931 -12.0323 10.8014
-23.3165 13.7532 15.1786
-20.8803 23.6631 27.7852
50.104 1.72628 0
-53.1159 -60.7088 14.031
11.8845 1.47976 9.4518
-1.48904 14.9623 0
39.604 -20.0648 0.690212
16.1291 2.64065 0
2.08893 92.9696 85.6056
-2.91814 -5.04023 27.8313
2.39667 0.51327 0
-4.97384 -15.0201 0
-3.66149 1.40977 0
0.297738 -3.8636 0
0.861937 -3.31497 0
-2.28188 -19.2515 0
1.01264 -4.12283 0
-0.149588 8.14123 2.80438
2.55885 -1.33373 0
-23.3276 -39.6198 36.2693
1.56761 46.2716 40.3946
10.7274 3.37435 0
17.2501 35.9064 22.226
-2.3292 12.8251 7.32963
0.284299 -1.37957 0
0.300008 -35.5831 72.1078
0.644564 -43.3819 12.7168
14.2089 20.6867 52.6954
12.7208 0.24883 0
-1.72922 10.3553 0
30.4335 -65.0225 63.1197
2.26886 0.576104 0
-1.86696 -0.381431 0
28.1674 -37.9353 45.067
17.0595 10.4276 15.146
0.300163 -0.300163 38.9702
0.3 -0.300022 71.4449
0.300218 -0.300537 39.991
4.56682 -1.18506 6.51893
-4.67591 10.1328 5.00561
30.2034 9.90193 40.4395
7.03225 2.23779 3.05328
-15.8488 2.44136 0
39.4953 -66.0052 23.3977
11.8709 4.4421 31.3047
17.068 25.6718 10.7528
4.82415 -63.8099 14.5539
5.02614 39.5922 34.1661
0.301061 24.4881 0
5.29559 -0.630698 0
1.52891 2.42758 0
11.8415 22.9815 0
25.494 -16.6118 39.4096
2.98458 -43.4699 8.4186
-10.0367 13.4011 0
12.0701 10.2696 3.72112
-30.5324 -8.68404 0
2.68909 -0.364135 0
5.73534 -29.6323 46.2577
-0.389124 -37.9295 5.52954
-16.5978 -26.5626 10.2504
-33.0126 -0.652923 0.497311
-59.7448 -91.353 103.426
-4.70624 19.7935 34.1988
22.9026 28.1121 21.5338
9.90503 8.10552 2.0709
29.9767 -49.9129 57.0823
22.808 31.7295 14.4734
0.3 -1.76329e-07 38.9791
0.300028 8.03277e-06 71.4744
0.300086 -7.42e-05 40.0163
4.32275 -3.21619 0
-2.05807 5.01369 8.92917
-4.48369 0.377165 0
5.54469 -0.595589 7.95531
8.17879 1.34026 25.8511
4.8426 7.95453 0
25.257 38.3251 56.1391
7.92857 16.6258 7.51064
2.00666 -1.11183 0
5.43306 33.4688 38.3197
-2.05654 19.6869 36.5081
-2.59644 -0.306774 0
-0.15799 -0.139571 0
1.55507 -4.67575 0
6.30419 79.4393 5.18207
2.2248 -8.34026 0
-0.697916 1.44313 0
-0.749078 0.483796 21.6001
34.8347 80.398 9.02149
1.18885 16.7783 0
5.6601 -29.5254 46.754
2.95971 -5.5059 30.9138
-5.28102 -2.15415 0
10.6358 11.4891 0
3.5115 9.78228 0
-32.8846 1.59286 56.6661
0.453043 -35.8446 6.30022
2.2447 -1.29591 0
-2.10176 -27.0199 4.51829
-20.2837 -21.4578 2.39634
0.300029 0.299994 38.9702
0.300129 0.300059 71.4453
0.300057 0.300072 39.9904
-8.93644 42.9832 16.3704
-115.496 -57.0697 18.4715
-38.4335 -12.8825 39.2719
-1.71498 -17.7083 0
-11.2963 -23.4663 11.9833
25.1618 20.1399 44.4351
8.88877 5.8915 0
-37.2091 -4.25903 119.333
30.7855 34.5791 0
0.300156 43.0805 68.7052
-0.044531 43.3823 12.7165
0.237044 -2.96295 0
-1.11004 -1.22909 0
-2.75812 -26.1682 3.09004
5.41659 -3.33077 0.810943
1.22543 35.0392 14.2974
2.48261 1.76556 0
49.3116 18.4245 49.4895
1.27342 -1.82348 0
0.304747 3.41822 0
9.06774 -2.96032 0
-32.7798 -8.05346 2.43018
2.83746 4.54807 0
-2.95806 -4.6845 0
7.47461 -0.841019 118.233
1.82797 -1.53673 0
3.73772 -37.5194 41.7837
-3.01093 -11.6908 9.80327
-12.299 24.8894 18.7473
95.9671 142.572 64.6375
3.19242 -3.15049 0
-40.4756 -42.6775 35.3544
36.4166 33.2911 0
1.92645 -1.97248 0
-4.91236 -4.18762 0
8.32684 -4.88693 0
3.466 -2.84834 0
-12.9054 77.4641 21.1662
-3.17648 -2.02925 14.1574
-18.4485 5.46829 3.22466
116.328 -57.0784 31.9217
8.28587 -7.70311 0
12.0455 -9.17947 0
0.630154 7.11077 0
1.16945 -2.80977 0
1.81555 -3.28358 0
-8.15421 -25.6507 16.8634
4.64852 5.22999 0
-2.63047 1.56945 0
37.4611 -11.8614 0
2.22398 -1.16955 0
2.1913 0.0330651 0
-52.5851 140.839 16.2387
41.5895 4.53563 33.8547
35.2305 1.68838 16.3453
-13.4279 -11.5457 9.24672
-38.987 -38.2129 15.0891
24.2951 95.5447 26.8744
-32.0875 -65.6202 104.404
-79.9612 -2.64671 28.7321
-49.4318 -10.4194 28.7348
15.5266 26.5359 14.6155
8.13805 6.19984 0
9.11823 9.3722 0
-28.7519 -76.2832 62.8503
-0.339865 -1.79517 0
23.9991 82.9403 74.0881
0.183261 0.148392 0
81.0263 94.977 128.925
-56.173 -40.7792 28.3849
-0.369684 1.20248 0
2.61174 0.699934 0
6.43499 -75.8363 21.528
42.425 -16.3045 140.735
1.56087 -2.23323 0
104.728 37.6607 0
0.330197 29.275 31.4421
17.8134 13.2301 61.3984
1.98861 -1.46025 0
-38.3513 6.54403 8.71206
-2.96272 -2.67707 0
2.00554 0.0048405 0
-0.927748 12.9546 0
0.297204 -2.30034 0
10.6065 32.1226 48.0183
-12.1716 30.5049 64.6926
40.1363 4.7273 34.1906
22.488 0.097169 27.3556
-51.5036 -16.7051 10.7597
2.75959 0.418042 0
17.7458 -1.52333 0
0.89262 -8.15502 0
34.668 -6.97603 13.004
-88.9797 84.025 42.6383
-61.3621 -32.3558 2.24985
-25.6415 -6.33819 5.39047
42.5376 71.1649 17.7305
1.26371 -1.80608 0
4.243 6.69914 0
35.6204 -61.355 52.8272
-19.1947 -19.9351 16.2896
-26.6444 -13.1042 22.1076
11.3376 6.65657 0
7.8083 42.2841 6.59711
66.7843 -68.1922 7.48274
1.25088 -1.85909 0
4.52703 0.778045 0
77.522 51.7902 13.562
-169.262 140.187 187.41
7.87887 -7.26752 0
114.947 -60.4838 66.0983
1.95246 1.76877 0
-0.0614434 6.79556 0
3.60503 -3.69543 0
-62.1642 57.7 35.4347
4.04171 -20.5198 3.03813
70.6601 51.1123 58.9393
1.64825 -17.0537 17.7672
1.52034 4.04804 0
41.7796 -1.40174 34.4463
40.6321 2.00135 3.12788
-36.4954 59.8001 35.0593
-1.93133 -3.66259 0
-21.7869 21.9768 39.9546
-52.2606 -56.7498 15.1317
-29.9078 -81.0643 13.5217
4.96941 -5.87798 0
32.5497 15.1532 19.9925
-46.1009 -1.14538 0
-3.52413 -17.711 86.0373
10.7487 8.59602 0
39.0533 65.4893 6.60552
-10.9747 -57.5368 3.84354
-52.6716 3.9596 1.98587
21.1477 -4.7038 3.31021
-3.84371 -4.04603 0
-35.5371 -13.3207 0
24.0485 10.4238 17.4934
41.1328 99.0052 14.8848
2.16816 -0.545288 0
-10.0983 -3.79696 39.6814
-4.3183 3.30824 0
-6.07339 3.2126 0
3.60345 6.59818 0
12.9629 10.3192 32.0855
3.13187 2.71202 0
2.4432 9.17518 0
-12.5585 16.1068 57.9412
5.04715 -3.89777 0
2.09101 -0.483343 0
-3.16054 46.5332 22.0327
1.59632 -2.54488 0
3.39523 -5.69048 0
-3.83745 1.93084 0
24.187 -58.1718 2.4326
26.798 -51.5287 12.7114
7.5261 1.39347 0
3.69839 -1.92203 0
-1.36454 -2.2301 0
1.90245 -5.06919 0
17.3626 -16.6377 8.13716
0.043054 8.26425 0
-18.95 -18.2393 0
-10.2418 -9.19908 0
10.6271 73.5443 21.8227
1.5394 42.1275 45.8578
31.5912 -54.343 5.99846
-13.3964 11.8343 26.437
47.4359 37.8359 19.8128
5.94809 52.7472 37.9533
54.456 42.6783 16.0397
63.3293 80.2577 28.0553
2.57316 34.366 10.4444
2.34147 0.868301 0
-30.6058 5.11804 46.201
-24.4205 -0.300663 0
-0.177392 2.08554 0
-0.1686 1.55566 0
-2.03663 -2.23798 0
-30.0757 -28.4828 0
-56.8588 5.88688 14.1318
-24.9578 -63.1294 11.259
-2.67384 3.23058 0
-0.138098 1.90439 0
2.55418 -2.11554 0
-45.6168 118.103 4.68683
-19.3596 -26.2543 32.0706
3.58541 -1.21571 0
43.2796 -29.1743 0
27.9438 -18.4951 0
-1.10115 0.671979 13.8849
-0.157523 0.417313 0
33.0445 73.4071 34.1353
0.848098 -1.77559 0
39.2577 3.92653 54.6428
2.26715 -0.852095 0
20.1276 20.072 75.0254
-24.2246 17.7482 31.2516
-23.9132 -9.1413 0
14.3759 29.9966 4.22017
78.3325 121.354 1.03741
-3.26891 2.01023 0
-6.41381 -6.11026 0
-34.6938 -19.1763 13.183
-38.9641 -37.1631 0
2.24686 0.357674 0
39.3657 60.5495 0.695616
-29.1566 5.36049 46.7723
-24.1784 0.00112212 0
-4.48733 -0.314602 0
60.5532 38.9184 24.985
2.52239 -3.45865 0
23.2361 24.6793 12.403
-29.0434 6.79265 1.30693
9.79139 53.1084 27.6729
-0.894553 6.64406 0
-25.2415 -2.09726 1.17848
0.240647 1.83238 0
2.84221 1.20192 0
-9.48015 -23.2104 36.982
77.7778 51.2401 21.8644
-24.2534 -19.3013 30.7313
11.212 -5.31732 0
3.30224 -0.475761 0
1.20975 1.5901 0
21.3084 -28.5228 66.8959
17.7187 -11.4591 20.2791
-15.1412 -9.03953 21.9307
-19.8567 -19.5634 28.79
11.9329 -105.634 25.6183
19.6315 -37.7037 11.9756
2.60281 -1.12987 0
2.3917 -29.3601 0
95.0649 74.9378 56.3744
-69.6978 -106.892 59.9233
-0.146959 1.62169 0
2.15317 -1.07892 0
-3.575 42.6711 29.3328
1.99054 0.402892 0
-56.8244 38.5754 57.118
-30.4964 -1.04623 48.1513
-24.42 0.302157 0
6.67816 39.094 54.4566
-55.0155 -0.407921 33.5539
-1.46898 -18.4075 0
0.26805 -3.98073 0
1.08428 1.57823 0
-10.2316 -19.3 19.9882
-12.4392 -6.66489 0
-23.0269 -3.25162 27.9904
0.709685 1.43448 0
-11.0384 11.4348 0
0.185513 13.6658 0
38.7508 23.2379 0
-10.6173 3.59089 22.2212
0.589619 17.2628 0
-0.128469 -2.15411 0
-0.148645 -0.428073 0
1.93773 10.8901 0
-1.20597 1.50866 0
-25.3788 -14.9062 30.3702
0.134352 -1.45057 0
-54.8185 -60.3512 11.262
-28.8051 -20.0192 26.4513
-11.1026 -42.8524 62.4177
47.9951 30.6961 17.3294
41.7519 -8.50289 52.2621
5.30795 125.358 35.6193
71.6963 10.9879 21.1795
2.6436 1.75594 0
0.414929 31.1754 20.4276
17.8176 52.355 91.2131
0.600784 -3.85387 0
6.14966 -1.32296 0
-1.99465 -19.2381 0
3.2878 -12.9621 0
-2.2511 7.03099 2.02746
3.39331 -4.88001 0
-0.459216 0.185513 0
4.89596 7.07631 0
18.976 55.6655 52.2807
-0.390132 41.5072 0
11.8915 60.1468 63.6588
-0.539012 -2.16232 0
0.600032 -35.5992 72.0982
0.947937 -43.3779 12.7298
-1.67698 2.2231 0
0.0151363 -3.36851 0
-0.264279 3.52689 0
-12.7024 -78.9933 59.9573
0.728164 16.4211 0
-1.25661 -14.8872 120.718
-30.6112 -31.7765 93.4373
-11.2376 -5.08441 2.16778
0.600302 -0.300172 38.9691
0.600005 -0.300022 71.4436
0.600258 -0.300219 39.9891
-6.89055 -3.25553 10.2159
12.4705 -11.8635 0.494707
-5.84668 14.4974 4.71401
5.11532 3.54982 4.48056
7.50726 5.69447 0
-3.26099 1.8925 0
-3.12335 44.1955 43.7914
45.8113 -18.2631 94.9855
4.74828 -64.1839 14.0386
5.32438 39.6122 34.1532
-1.39689 46.2981 9.83601
-13.0578 0.193564 1.18613
1.29306 2.55977 0
2.44445 6.9515 0
-13.583 -18.2705 1.55154
-1.21234 54.9104 4.09931
23.1744 7.76412 46.1588
10.7848 21.3014 24.578
-22.2732 -4.48061 70.8205
3.06412 -1.88901 0
6.03497 -29.6583 46.25
-0.0881095 -37.9378 5.51391
-0.249795 1.46504 0
2.35609 -0.875101 0
26.2957 1.20449 68.0548
-5.25049 4.52724 0
-10.4969 -21.951 5.18337
161.087 -21.0442 79.8915
16.7041 -0.400705 0
0.278254 -3.01065 0
0.6 -1.02447e-07 38.9778
0.600005 1.23813e-09 71.473
0.60003 -8.21118e-07 40.0148
10.7985 -11.8274 8.22603
10.6261 -5.97181 5.24045
7.487 -2.76457 14.2783
2.75061 1.68095 14.4577
9.75261 9.02544 18.002
-15.6866 -19.4259 10.0565
-4.62776 -43.5022 1.19623
-24.9805 4.52703 52.9798
-0.218983 2.56307 0
5.7328 33.4938 38.3083
-1.75516 19.6793 36.5094
-4.81891 4.34841 12.0929
7.6338 21.5286 3.04475
0.431149 25.0098 0
2.09536 1.8097 0
68.8969 -29.6073 12.4794
0.403592 4.6467 0
-1.95289 -20.3712 0
81.3092 -46.8379 44.2588
29.8015 39.9201 38.0199
5.95781 -29.5496 46.7436
3.53068 -5.18664 30.6961
0.520018 -8.38832 0
-0.0164017 3.40606 0
16.2669 39.197 21.605
-4.83645 -0.861603 10.1535
-6.1901 -27.8407 23.5232
-0.947556 5.17396 23.6109
-5.84273 -15.6663 7.80757
-21.9119 21.8518 10.9689
0.600104 0.299996 38.9691
0.600052 0.300013 71.444
0.600272 0.30006 39.9892
2.65046 5.23374 0
-0.683773 -2.14499 0
2.63869 -0.223274 0
-13.7624 -12.8459 15.958
27.3472 1.04087 31.6965
49.9819 -70.782 39.9312
-1.90823 -43.5009 32.0855
4.75025 0.707356 0
-9.38011 31.5074 24.7899
0.600029 43.0949 68.6937
0.255404 43.3808 12.7197
0.53973 -2.94375 0
-1.6165 -1.53592 0
-26.597 -15.0254 0
2.64706 -35.588 0
-2.34048 1.43984 0
14.8268 0.110025 14.5851
-358.694 -152.059 180.355
-46.5503 -18.3982 39.1542
0.606631 3.4166 0
-2.08106 6.03919 0
1.52969 6.20126 0
8.38679 4.9432 0
-2.49079 -4.17751 0
-41.6494 -6.87146 6.22074
11.5572 5.26121 0
-15.4344 -40.3574 53.9811
-43.5166 -18.112 4.7076
14.0737 -11.2821 0
2.07959 -1.20187 0
2.36465 0.145456 0
-54.6481 -45.8734 13.5215
-2.88658 35.0927 31.9472
1.37415 -2.18096 0
4.2261 -7.8401 0
11.6868 -10.5824 0
0.554274 25.9088 167.275
-11.4112 -27.5587 39.1417
-0.783775 34.6059 27.4659
3.32798 -7.17131 0
2.33191 -0.477695 0
7.97409 -7.5876 0
12.3764 -9.24621 0
-2.86028 10.405 0
-4.90078 -6.08294 0
2.56339 -48.0617 2.56657
18.5354 -0.99866 0
1.43026 -3.33324 0
54.0288 -16.0874 43.0954
71.2308 -1.54315 27.5695
3.071 1.12735 0
9.12004 6.45276 16.7496
10.7441 -45.1678 29.6625
-47.9102 31.8518 36.5125
45.9283 -0.842837 11.0197
-20.1922 14.1901 21.3678
-33.218 2.55011 0
-64.4679 66.1176 55.006
9.39502 -2.17382 0
80.3304 21.4556 53.1315
-5.28337 9.98188 0
60.9119 -11.8758 0
7.81888 -5.07287 7.86537
12.3934 12.6793 0
39.2172 125.082 11.204
28.2185 -115.381 9.41472
-36.1098 18.1188 73.7056
-0.0848816 1.79298 0
-41.9239 -9.34645 0
-28.7265 29.5317 5.50153
1.86302 1.35682 0
2.196 -2.07679 0
0.0126551 3.34134 0
-2.13798 0.168877 0
2.18384 -0.471221 0
7.3942 -3.50048 0
-69.1382 54.2077 66.319
-8.67394 3.16214 0
2.56416 -0.31819 0
-12.2213 1.36323 8.86058
-7.25747 23.8768 3.01294
1.88983 -1.94693 0
-3.61041 3.90357 0
-48.5291 14.1071 29.3119
2.53812 -2.13987 0
-0.825164 3.48856 0
-27.8909 29.0189 48.8766
39.1939 0.366164 16.9652
2.9671 -44.7915 32.2009
6.5982 -57.0761 8.63934
2.01669 0.256908 0
1.41242 -5.0646 0
3.16323 -1.29151 0
27.5831 2.00002 45.0847
40.5086 35.8279 39.2826
-92.5361 71.4645 52.3379
29.6 15.3184 0
65.61 65.7489 74.1902
-86.4144 -16.9695 66.4546
-49.1769 38.5498 44.5905
-0.817543 -2.86493 0
-16.5932 -19.1537 41.1289
-71.758 15.0258 13.2393
39.6479 71.415 0.879265
23.0209 3.79349 0
4.24795 27.6027 0
-63.0317 -46.8253 18.899
4.59442 -0.322687 0
-73.2399 60.2314 76.7182
-42.2398 31.4907 29.1908
211.035 -57.3258 91.3112
1.24566 1.57882 0
-19.3844 -2.02322 0
10.1895 -100.31 56.2706
0.251522 -58.9306 57.4281
3.20973 -45.292 8.24275
-1.42849 -1.48989 0
2.86579 5.67618 0
2.4396 -0.425562 0
-50.6717 -2.16272 46.9461
45.7412 1.8016 6.71516
50.6454 60.3299 216.795
3.75157 2.32785 0
1.32248 6.25706 0
0.673123 -1.20646 0
3.19794 -1.39414 0
0.503065 -19.0623 44.825
-0.888526 -20.7118 34.7577
-1.45831 73.2583 51.1181
1.4644 1.52088 0
11.0821 8.65 0
10.1858 2.73594 0
-31.8605 -17.5613 31.3842
1.12002 -5.73188 0
28.3273 32.0201 30.0616
56.6012 17.2606 21.1884
2.21137 6.40197 0
-13.6264 37.7157 109.734
-4.38439 0.964706 11.4516
5.61539 -9.28326 0
-0.771444 -0.457677 0
-4.58813 4.23829 0
-27.6823 25.2408 42.9337
2.25456 0.0175604 0
-0.497877 1.35213 0
-7.94816 17.549 8.11477
3.00603 2.15691 0
-28.0359 -33.0424 1.71447
15.9073 58.9417 36.2686
-6.29514 -8.08834 12.342
47.0049 48.4273 44.8764
2.28974 -0.697412 0
6.84169 -9.68372 0
-2.6961 -9.36293 0
2.10722 0.255396 0
1.87893 -1.94306 0
27.0935 27.8413 0
2.29419 0.908558 0
6.50552 -15.4553 0
2.14025 -0.41388 0
-27.5182 -26.5621 21.6385
-28.9766 23.3988 1.37616
-1.16693 -1.74843 0
-4.75357 22.7973 64.6333
-18.7966 60.4578 33.5018
-8.95955 23.2593 22.0922
32.8768 -36.6055 0
-3.11686 18.9079 0
129.829 -73.9151 53.3895
2.1214 -0.323745 0
45.8545 29.7801 10.4555
-4.65975 -63.5353 35.5522
-15.2575 24.5931 57.5679
63.76 -0.436195 6.70203
-31.8569 5.03222 45.9562
-24.1082 -0.300555 0
-21.4506 -35.4261 11.9774
-21.6216 2.71634 0
-0.138715 1.46879 0
7.71535 3.514 0
-34.2223 0.433923 5.93106
-55.2505 3.37675 31.5899
5.92577 12.6108 4.33292
56.0153 90.6708 49.6543
0.677296 1.95072 0
306.813 -183.156 45.0975
-0.4646 -1.56567 0
-0.591607 -3.62413 0
2.30896 -3.81121 0
8.87064 2.49487 0
-18.6395 -26.4362 3.17711
-138.515 97.0412 176.453
2.02148 0.0339261 0
2.11607 -0.916237 0
-0.372977 1.29655 0
-17.0438 12.2712 57.3941
-53.5341 73.6555 115.008
-22.7904 26.368 27.1147
-0.572582 1.44436 0
67.0855 -34.4124 2.37251
1.17197 -2.42673 0
44.5256 122.478 1.99387
3.08802 4.59644 0
0.187406 -1.82511 0
19.5383 21.5627 18.7545
2.78656 6.66897 62.6752
51.8652 1.69691 0
-30.3717 5.27497 46.5355
-24.1165 0.000906573 0
-8.44237 -0.237996 0
-35.2542 9.74715 2.59734
3.3638 20.488 0
17.2186 19.5682 0
12.033 0.395527 0
4.48737 1.34832 0
-25.0804 -17.0928 0
-20.9773 -30.3326 45.8674
-4.97951 8.3715 36.4987
17.7352 -94.4166 55.1633
-8.02403 -32.8233 31.7254
-4.36662 4.03374 0
-10.9949 -14.555 22.6494
-14.2847 -32.0844 23.718
2.30568 3.92936 0
90.4836 15.456 4.09403
56.337 11.3753 1.45657
-36.1899 -29.3097 55.8824
-170.277 -8.4357 105.774
1.38637 -1.57313 0
-21.3018 -21.9386 76.1141
18.8055 -7.61897 20.6783
30.6695 79.3918 62.7575
45.2851 -27.5737 4.94493
1.83387 5.04441 0
7.68897 -3.84207 7.21556
12.2279 1.42356 0
7.20383 -1.72151 0
18.1432 -80.4766 15.2241
-1.1987 -2.07651 0
21.7263 1.8069 0
-31.82 -1.03552 47.8818
-24.1071 0.301943 0
-14.4668 -33.7234 11.4546
-58.2258 9.32806 9.74049
-50.3951 -70.6593 21.5457
-29.4426 -20.4959 28.0893
-4.21857 6.00235 47.3844
15.0811 -3.26354 0
-27.5589 -12.106 3.12583
67.6587 67.9491 83.8069
0.396101 1.82811 0
-0.737516 0.471989 0
-78.2847 29.6418 37.2142
9.81619 18.8509 0
2.71016 12.3692 0
2.87454 1.90398 0
-8.15182 -0.767195 0
2.34689 0.224988 0
16.7408 5.9436 0
-33.2246 5.49058 12.1378
-6.80578 -16.4095 1.2604
-101.828 59.337 25.2046
-57.398 -59.3409 6.89368
-2.90743 -3.21253 0
2.5352 0.0423092 0
0.822503 31.825 0
18.5175 51.7996 6.75657
-14.4204 37.6682 82.3448
1.9588 0.594173 0
12.2991 17.6557 0
1.02918 1.69405 0
-41.4874 -5.03133 23.4976
0.904078 -3.43088 0
2.08481 -0.292322 0
-1.86531 -19.5397 0
-0.226184 -1.65903 0
-55.6803 -20.9916 53.3017
0.413597 -1.87211 0
2.67816 -17.2361 17.9805
7.49346 4.51395 0
0.653854 -2.80126 0
0.726086 -4.80974 11.6614
5.13992 28.5493 0
0.515152 -1.90577 0
0.900293 -42.8839 67.2106
0.900475 -43.3262 11.7256
2.78681 1.06479 0
0.857501 -2.80477 0
5.29514 -4.72708 0
-15.0642 -14.1342 0
4.5895 -3.42155 0
-3.54454 -31.7884 12.911
2.00999 -2.46282 0
2.85666 -0.674994 0
0.900069 -0.30004 38.9678
0.90006 -0.300032 71.2862
0.900171 -0.300068 39.8514
-26.3525 -3.31433 11.7531
-7.23033 -1.3321 0
-27.529 12.575 41.3154
27.3632 3.37631 0
-4.48313 10.6645 0
3.87515 1.11847 0
-4.04244 14.7409 24.0828
-0.193951 5.92577 0
-0.537372 5.36637 0
-0.682394 46.8957 32.0361
0.901304 24.6825 0
10.6 13.3781 0
72.1877 2.40779 14.5585
-8.90932 -7.40642 22.4258
-5.53449 8.19138 5.10437
-3.72787 0.761472 0
-20.509 39.4607 20.1167
-3.49324 -12.5168 6.38678
-4.56187 -41.7726 0
2.55585 1.61378 0
-0.304267 -37.5651 46.2784
0.300612 -36.3594 7.91989
-12.1606 7.40633 3.34089
-1.90779 -54.5892 30.8908
-10.2477 22.6516 7.30933
3.42605 -5.99668 0
-15.5195 9.22588 16.2922
6.07675 -5.09555 0
1.16079 -2.11812 0
1.99088 -1.81675 0
0.900036 -3.52893e-07 38.9699
0.900056 -2.86226e-09 71.3208
0.900234 -5.64451e-07 39.8816
4.54609 -12.5693 27.3726
-1.21166 -1.70947 0
-14.3378 -7.28571 13.1829
-70.1998 18.5344 55.0798
-18.8139 -3.33691 56.1001
63.795 -48.6095 31.7789
13.6645 -11.6729 49.7511
3.92312 -3.48105 22.2886
2.4373 -2.0571 0
-1.38536 24.8602 46.1541
-1.38629 20.0126 35.644
-0.3334 1.25397 0
-27.7294 2.34075 31.4519
-1.61103 -13.4075 0
-22.9236 23.7568 0
-23.2673 45.0353 29.7845
0.383408 -2.43342 0
2.72941 17.6013 0
1.62202 1.32215 0
2.60332 15.2438 0
-0.314552 -37.4516 46.8624
1.2981 -6.16752 31.1856
-23.2511 -18.3014 12.6921
3.15046 2.25449 0
-45.7332 15.1197 10.6323
4.56072 0.207902 0
0.660656 -2.46529 0
-1.88255 -1.43225 0
8.12214 -61.9459 11.1838
0.923018 1.99492 0
0.900339 0.299997 38.9682
0.900108 0.300022 71.2865
0.900554 0.300064 39.8519
-2.91259 6.12561 21.4001
0.70373 -4.95918 0
-17.4644 -16.1118 28.0175
1.37505 1.53486 0
-16.5237 10.156 12.1538
-3.67926 5.28979 0
-2.96975 -21.7842 27.4485
2.11104 1.01955 0
-0.724467 1.82894 0
0.900292 49.6908 63.1317
0.547179 43.0049 13.3403
-3.15867 -4.60359 0
-8.03593 -18.6265 3.76542
-5.90187 -0.638537 0
-3.42053 -3.99255 0
18.4074 12.6051 0
-9.33571 -42.3925 18.619
-23.5172 13.9944 22.6717
0.604719 1.54431 0
0.909739 3.41765 0
18.9786 80.4883 64.2199
0.594585 7.448 0
-33.6056 63.1588 3.55098
-36.4153 2.30889 45.4661
1.30638 1.33868 0
-2.38785 0.613695 0
89.3826 -22.9618 4.31652
7.05497 -74.7747 30.2822
-1.30374 -0.917792 22.7134
2.99453 -0.075046 0
0.833907 1.70773 0
-93.1605 21.2711 15.9342
38.0211 34.6434 15.4469
1.9943 -3.15327 0
-17.4886 9.09988 24.0918
2.0752 -1.39819 0
7.89968 -69.0185 8.14686
-2.87844 -10.7547 0
0.497198 -2.44761 0
0.308598 -2.29929 0
0.446798 -1.79409 0
2.45067 -0.632678 0
57.0163 -49.015 89.1977
0.167867 1.83397 0
0.551753 6.51382 0
7.46455 -8.16097 0
37.9349 -46.2825 29.4174
-7.36983 -13.2741 70.3755
9.75338 -24.0296 16.0943
68.8953 31.4966 12.8843
0.931822 2.19408 0
-24.1389 -52.8269 8.68304
50.0164 10.3912 14.8964
50.3159 -0.300016 63.1128
44.2101 -0.299588 14.65
-8.82391 0.826182 0
-0.487575 -0.578352 31.3205
52.2919 24.7196 24.9182
50.4069 29.3868 0
-6.37337 -12.547 37.1412
11.162 3.5917 11.5553
0.144601 1.46215 0
-31.8569 23.7463 8.13193
2.27305 0.758585 0
1.90582 2.79132 0
-56.1837 70.2031 12.632
-53.144 40.8365 12.6643
33.8626 -6.27186 0
-45.7317 -4.83275 8.35826
-39.4832 23.3806 25.9504
16.6709 -82.0892 11.7837
-14.8922 -14.2593 24.9298
3.22882 -0.117185 0
-25.2798 -17.0714 0
22.1453 -38.6612 32.4168
14.778 -15.237 0
-76.012 119.925 37.8113
-6.47899 29.5413 0
-10.0911 3.25769 0
5.5601 -1.76479 0
57.2428 -54.8879 13.9065
-25.4314 11.2433 9.62251
-4.77688 13.3297 0
0.81969 2.5421 0
4.0299 4.12876 0
-0.598341 -2.51107 0
50.2759 3.20524e-06 63.1504
44.2199 0.00328829 14.6219
-4.47713 -0.185909 0
-1.42152 -1.55362 0
2.56506 -3.18571 0
-13.8986 -2.1737 27.8724
53.5725 -21.4573 69.9285
-18.4251 -15.5117 13.0343
1.74585 3.23193 0
-36.9163 46.4453 59.4885
-28.31 -3.72112 28.4873
11.2235 13.6071 0
-40.1154 79.2821 0
-55.3133 -37.0548 5.35314
10.5422 6.2585 0
2.22116 -0.530912 0
-39.3972 -19.9445 16.5515
-19.9099 -16.1391 40.5982
2.85516 39.5503 0.645876
-65.042 10.6283 82.9548
-40.6404 14.1709 33.4049
1.82097 0.840583 0
1.23398 -2.24998 0
-1.24841 -1.62743 0
-47.2174 9.90692 17.33
-14.1339 0.69275 0
2.05992 0.437552 0
-3.35924 -15.5044 0
-29.5751 -59.1466 14.9968
29.909 39.1251 0
-14.2509 -24.3477 5.4079
60.0931 42.3468 18.8133
-0.419923 -1.43562 0
50.3159 0.300019 63.1128
44.2194 0.306197 14.6141
-8.83517 -1.34624 0
8.44968 -50.6288 27.6861
33.1314 -54.0588 1.63408
-2.72498 5.44346 0
-0.900596 -1.87853 0
-0.693496 2.12185 0
-2.80614 6.86533 0
-5.80844 5.61733 0
1.53133 1.44654 0
-5.14249 10.4541 0
2.43479 1.81145 0
44.1242 50.2862 24.6658
15.3571 14.0748 0
10.3118 -0.789286 0
6.23495 -0.364068 0
14.8194 11.8891 51.938
3.10983 28.0621 12.9059
87.2322 11.5143 12.7568
-9.2065 6.36367 10.3791
2.52119 -0.1882 0
-1.08782 1.46378 0
38.9145 -33.6782 15.6327
-15.9332 -38.469 24.2869
1.36292 7.54718 0
-6.15657 -14.3311 4.72741
2.57555 0.527467 0
-3.87705 -5.77427 0
17.678 -1.48495 0
1.28412 1.36031 0
1.32405 -2.49692 0
VERTICES 2541 5082
1 0
1 1
1 2
1 3
1 4
1 5
1 6
1 7
1 8
1 9
1 10
1 11
1 12
1 13
1 14
1 15
1 16
1 17
1 18
1 19
1 20
1 21
1 22
1 23
1 24
1 25
1 26
1 27
1 28
1 29
1 30
1 31
1 32
1 33
1 34
1 35
1 36
1 37
1 38
1 39
1 40
1 41
1 42
1 43
1 44
1 45
1 46
1 47
1 48
1 49
1 50
1 51
1 52
1 53
1 54
1 55
1 56
1 57
1 58
1 59
1 60
1 61
1 62
1 63
1 64
1 65
1 66
1 67
1 68
1 69
1 70
1 71
1 72
1 73
1 74
1 75
1 76
1 77
1 78
1 79
1 80
1 81
1 82
1 83
1 84
1 85
1 86
1 87
1 88
1 89
1 90
1 91
1 92
1 93
1 94
1 95
1 96
1 97
1 98
1 99
1 100
1 101
1 102
1 103
1 104
1 105
1 106
1 107
1 108
1 109
1 110
1 111
1 112
1 113
1 114
1 115
1 116
1 117
1 118
1 119
1 120
1 121
1 122
1 123
1 124
1 125
1 126
1 127
1 128
1 129
1 130
1 131
1 132
1 133
1 134
1 135
1 136
1 137
1 138
1 139
1 140
1 141
1 142
1 143
1 144
1 145
1 146
1 147
1 148
1 149
1 150
1 151
1 152
1 153
1 154
1 155
1 156
1 157
1 158
1 159
1 160
1 161
1 162
1 163
1 164
1 165
1 166
1 167
1 168
1 169
1 170
1 171
1 172
1 173
1 174
1 175
1 176
1 177
1 178
1 179
1 180
1 181
1 182
1 183
1 184
1 185
1 186
1 187
1 188
1 189
1 190
1 191
1 192
1 193
1 194
1 195
1 196
1 197
1 198
1 199
1 200
1 201
1 202
1 203
1 204
1 205
1 206
1 207
1 208
1 209
1 210
1 211
1 212
1 213
1 214
1 215
1 216
1 217
1 218
1 219
1 220
1 221
1 222
1 223
1 224
1 225
1 226
1 227
1 228
1 229
1 230
1 231
1 232
1 233
1 234
1 235
1 236
1 237
1 238
1 239
1 240
1 241
1 242
1 243
1 244
1 245
1 246
1 247
1 248
1 249
1 250
1 251
1 252
1 253
1 254
1 255
1 256
1 257
1 258
1 259
1 260
1 261
1 262
1 263
1 264
1 265
1 266
1 267
1 268
1 269
1 270
1 271
1 272
1 273
1 274
1 275
1 276
1 277
1 278
1 279
1 280
1 281
1 282
1 283
1 284
1 285
1 286
1 287
1 288
1 289
1 290
1 291
1 292
1 293
1 294
1 295
1 296
1 297
1 298
1 299
1 300
1 301
1 302
1 303
1 304
1 305
1 306
1 307
1 308
1 309
1 310
1 311
1 312
1 313
1 314
1 315
1 316
1 317
1 318
1 319
1 320
1 321
1 322
1 323
1 324
1 325
1 326
1 327
1 328
1 329
1 330
1 331
1 332
1 333
1 334
1 335
1 336
1 337
1 338
1 339
1 340
1 341
1 342
1 343
1 344
1 345
1 346
1 347
1 348
1 349
1 350
1 351
1 352
1 353
1 354
1 355
1 356
1 357
1 358
1 359
1 360
1 361
1 362
1 363
1 364
1 365
1 366
1 367
1 368
1 369
1 370
1 371
1 372
1 373
1 374
1 375
1 376
1 377
1 378
1 379
1 380
1 381
1 382
1 383
1 384
1 385
1 386
1 387
1 388
1 389
1 390
1 391
1 392
1 393
1 394
1 395
1 396
1 397
1 398
1 399
1 400
1 401
1 402
1 403
1 404
1 405
1 406
1 407
1 408
1 409
1 410
1 411
1 412
1 413
1 414
1 415
1 416
1 417
1 418
1 419
1 420
1 421
1 422
1 423
1 424
1 425
1 426
1 427
1 428
1 429
1 430
1 431
1 432
1 433
1 434
1 435
1 436
1 437
1 438
1 439
1 440
1 441
1 442
1 443
1 444
1 445
1 446
1 447
1 448
1 449
1 450
1 451
1 452
1 453
1 454
1 455
1 456
1 457
1 458
1 459
1 460
1 461
1 462
1 463
1 464
1 465
1 466
1 467
1 468
1 469
1 470
1 471
1 472
1 473
1 474
1 475
1 476
1 477
1 478
1 479
1 480
1 481
1 482
1 483
1 484
1 485
1 486
1 487
1 488
1 489
1 490
1 491
1 492
1 493
1 494
1 495
1 496
1 497
1 498
1 499
1 500
1 501
1 502
1 503
1 504
1 505
1 506
1 507
1 508
1 509
1 510
1 511
1 512
1 513
1 514
1 515
1 516
1 517
1 518
1 519
1 520
1 521
1 522
1 523
1 524
1 525
1 526
1 527
1 528
1 529
1 530
1 531
1 532
1 533
1 534
1 535
1 536
1 537
1 538
1 539
1 540
1 541
1 542
1 543
1 544
1 545
1 546
1 547
1 548
1 549
1 550
1 551
1 552
1 553
1 554
1 555
1 556
1 557
1 558
1 559
1 560
1 561
1 562
1 563
1 564
1 565
1 566
1 567
1 568
1 569
1 570
1 571
1 572
1 573
1 574
1 575
1 576
1 577
1 578
1 579
1 580
1 581
1 582
1 583
1 584
1 585
1 586
1 587
1 588
1 589
1 590
1 591
1 592
1 593
1 594
1 595
1 596
1 597
1 598
1 599
1 600
1 601
1 602
1 603
1 604
1 605
1 606
1 607
1 608
1 609
1 610
1 611
1 612
1 613
1 614
1 615
1 616
1 617
1 618
1 619
1 620
1 621
1 622
1 623
1 624
1 625
1 626
1 627
1 628
1 629
1 630
1 631
1 632
1 633
1 634
1 635
1 636
1 637
1 638
1 639
1 640
1 641
1 642
1 643
1 644
1 645
1 646
1 647
1 648
1 649
1 650
1 651
1 652
1 653
1 654
1 655
1 656
1 657
1 658
1 659
1 660
1 661
1 662
1 663
1 664
1 665
1 666
1 667
1 668
1 669
1 670
1 671
1 672
1 673
1 674
1 675
1 676
1 677
1 678
1 679
1 680
1 681
1 682
1 683
1 684
1 685
1 686
1 687
1 688
1 689
1 690
1 691
1 692
1 693
1 694
1 695
1 696
1 697
1 698
1 699
1 700
1 701
1 702
1 703
1 704
1 705
1 706
1 707
1 708
1 709
1 710
1 711
1 712
1 713
1 714
1 715
1 716
1 717
1 718
1 719
1 720
1 721
1 722
1 723
1 724
1 725
1 726
1 727
1 728
1 729
1 730
1 731
1 732
1 733
1 734
1 735
1 736
1 737
1 738
1 739
1 740
1 741
1 742
1 743
1 744
1 745
1 746
1 747
1 748
1 749
1 750
1 751
1 752
1 753
1 754
1 755
1 756
1 757
1 758
1 759
1 760
1 761
1 762
1 763
1 764
1 765
1 766
1 767
1 768
1 769
1 770
1 771
1 772
1 773
1 774
1 775
1 776
1 777
1 778
1 779
1 780
1 781
1 782
1 783
1 784
1 785
1 786
1 787
1 788
1 789
1 790
1 791
1 792
1 793
1 794
1 795
1 796
1 797
1 798
1 799
1 800
1 801
1 802
1 803
1 804
1 805
1 806
1 807
1 808
1 809
1 810
1 811
1 812
1 813
1 814
1 815
1 816
1 817
1 818
1 819
1 820
1 821
1 822
1 823
1 824
1 825
1 826
1 827
1 828
1 829
1 830
1 831
1 832
1 833
1 834
1 835
1 836
1 837
1 838
1 839
1 840
1 841
1 842
1 843
1 844
1 845
1 846
1 847
1 848
1 849
1 850
1 851
1 852
1 853
1 854
1 855
1 856
1 857
1 858
1 859
1 860
1 861
1 862
1 863
1 864
1 865
1 866
1 867
1 868
1 869
1 870
1 871
1 872
1 873
1 874
1 875
1 876
1 877
1 878
1 879
1 880
1 881
1 882
1 883
1 884
1 885
1 886
1 887
1 888
1 889
1 890
1 891
1 892
1 893
1 894
1 895
1 896
1 897
1 898
1 899
1 900
1 901
1 902
1 903
1 904
1 905
1 906
1 907
1 908
1 909
1 910
1 911
1 912
1 913
1 914
1 915
1 916
1 917
1 918
1 919
1 920
1 921
1 922
1 923
1 924
1 925
1 926
1 927
1 928
1 929
1 930
1 931
1 932
1 933
1 934
1 935
1 936
1 937
1 938
1 939
1 940
1 941
1 942
1 943
1 944
1 945
1 946
1 947
1 948
1 949
1 950
1 951
1 952
1 953
1 954
1 955
1 956
1 957
1 958
1 959
1 960
1 961
1 962
1 963
1 964
1 965
1 966
1 967
1 968
1 969
1 970
1 971
1 972
1 973
1 974
1 975
1 976
1 977
1 978
1 979
1 980
1 981
1 982
1 983
1 984
1 985
1 986
1 987
1 988
1 989
1 990
1 991
1 992
1 993
1 994
1 995
1 996
1 997
1 998
1 999
1 1000
1 1001
1 1002
1 1003
1 1004
1 1005
1 1006
1 1007
1 1008
1 1009
1 1010
1 1011
1 1012
1 1013
1 1014
1 1015
1 1016
1 1017
1 1018
1 1019
1 1020
1 1021
1 1022
1 1023
1 1024
1 1025
1 1026
1 1027
1 1028
1 1029
1 1030
1 1031
1 1032
1 1033
1 1034
1 1035
1 1036
1 1037
1 1038
1 1039
1 1040
1 1041
1 1042
1 1043
1 1044
1 1045
1 1046
1 1047
1 1048
1 1049
1 1050
1 1051
1 1052
1 1053
1 1054
1 1055
1 1056
1 1057
1 1058
1 1059
1 1060
1 1061
1 1062
1 1063
1 1064
1 1065
1 1066
1 1067
1 1068
1 1069
1 1070
1 1071
1 1072
1 1073
1 1074
1 1075
1 1076
1 1077
1 1078
1 1079
1 1080
1 1081
1 1082
1 1083
1 1084
1 1085
1 1086
1 1087
1 1088
1 1089
1 1090
1 1091
1 1092
1 1093
1 1094
1 1095
1 1096
1 1097
1 1098
1 1099
1 1100
1 1101
1 1102
1 1103
1 1104
1 1105
1 1106
1 1107
1 1108
1 1109
1 1110
1 1111
1 1112
1 1113
1 1114
1 1115
1 1116
1 1117
1 1118
1 1119
1 1120
1 1121
1 1122
1 1123
1 1124
1 1125
1 1126
1 1127
1 1128
1 1129
1 1130
1 1131
1 1132
1 1133
1 1134
1 1135
1 1136
1 1137
1 1138
1 1139
1 1140
1 1141
1 1142
1 1143
1 1144
1 1145
1 1146
1 1147
1 1148
1 1149
1 1150
1 1151
1 1152
1 1153
1 1154
1 1155
1 1156
1 1157
1 1158
1 1159
1 1160
1 1161
1 1162
1 1163
1 1164
1 1165
1 1166
1 1167
1 1168
1 1169
1 1170
1 1171
1 1172
1 1173
1 1174
1 1175
1 1176
1 1177
1 1178
1 1179
1 1180
1 1181
1 1182
1 1183
1 1184
1 1185
1 1186
1 1187
1 1188
1 1189
1 1190
1 1191
1 1192
1 1193
1 1194
1 1195
1 1196
1 1197
1 1198
1 1199
1 1200
1 1201
1 1202
1 1203
1 1204
1 1205
1 1206
1 1207
1 1208
1 1209
1 1210
1 1211
1 1212
1 1213
1 1214
1 1215
1 1216
1 1217
1 1218
1 1219
1 1220
1 1221
1 1222
1 1223
1 1224
1 1225
1 1226
1 1227
1 1228
1 1229
1 1230
1 1231
1 1232
1 1233
1 1234
1 1235
1 1236
1 1237
1 1238
1 1239
1 1240
1 1241
1 1242
1 1243
1 1244
1 1245
1 1246
1 1247
1 1248
1 1249
1 1250
1 1251
1 1252
1 1253
1 1254
1 1255
1 1256
1 1257
1 1258
1 1259
1 1260
1 1261
1 1262
1 1263
1 1264
1 1265
1 1266
1 1267
1 1268
1 1269
1 1270
1 1271
1 1272
1 1273
1 1274
1 1275
1 1276
1 1277
1 1278
1 1279
1 1280
1 1281
1 1282
1 1283
1 1284
1 1285
1 1286
1 1287
1 1288
1 1289
1 1290
1 1291
1 1292
1 1293
1 1294
1 1295
1 1296
1 1297
1 1298
1 1299
1 1300
1 1301
1 1302
1 1303
1 1304
1 1305
1 1306
1 1307
1 1308
1 1309
1 1310
1 1311
1 1312
1 1313
1 1314
1 1315
1 1316
1 1317
1 1318
1 1319
1 1320
1 1321
1 1322
1 1323
1 1324
1 1325
1 1326
1 1327
1 1328
1 1329
1 1330
1 1331
1 1332
1 1333
1 1334
1 1335
1 1336
1 1337
1 1338
1 1339
1 1340
1 1341
1 1342
1 1343
1 1344
1 1345
1 1346
1 1347
1 1348
1 1349
1 1350
1 1351
1 1352
1 1353
1 1354
1 1355
1 1356
1 1357
1 1358
1 1359
1 1360
1 1361
1 1362
1 1363
1 1364
1 1365
1 1366
1 1367
1 1368
1 1369
1 1370
1 1371
1 1372
1 1373
1 1374
1 1375
1 1376
1 1377
1 1378
1 1379
1 1380
1 1381
1 1382
1 1383
1 1384
1 1385
1 1386
1 1387
1 1388
1 1389
1 1390
1 1391
1 1392
1 1393
1 1394
1 1395
1 1396
1 1397
1 1398
1 1399
1 1400
1 1401
1 1402
1 1403
1 1404
1 1405
1 1406
1 1407
1 1408
1 1409
1 1410
1 1411
1 1412
1 1413
1 1414
1 1415
1 1416
1 1417
1 1418
1 1419
1 1420
1 1421
1 1422
1 1423
1 1424
1 1425
1 1426
1 1427
1 1428
1 1429
1 1430
1 1431
1 1432
1 1433
1 1434
1 1435
1 1436
1 1437
1 1438
1 1439
1 1440
1 1441
1 1442
1 1443
1 1444
1 1445
1 1446
1 1447
1 1448
1 1449
1 1450
1 1451
1 1452
1 1453
1 1454
1 1455
1 1456
1 1457
1 1458
1 1459
1 1460
1 1461
1 1462
1 1463
1 1464
1 1465
1 1466
1 1467
1 1468
1 1469
1 1470
1 1471
1 1472
1 1473
1 1474
1 1475
1 1476
1 1477
1 1478
1 1479
1 1480
1 1481
1 1482
1 1483
1 1484
1 1485
1 1486
1 1487
1 1488
1 1489
1 1490
1 1491
1 1492
1 1493
1 1494
1 1495
1 1496
1 1497
1 1498
1 1499
1 1500
1 1501
1 1502
1 1503
1 1504
1 1505
1 1506
1 1507
1 1508
1 1509
1 1510
1 1511
1 1512
1 1513
1 1514
1 1515
1 1516
1 1517
1 1518
1 1519
1 1520
1 1521
1 1522
1 1523
1 1524
1 1525
1 1526
1 1527
1 1528
1 1529
1 1530
1 1531
1 1532
1 1533
1 1534
1 1535
1 1536
1 1537
1 1538
1 1539
1 1540
1 1541
1 1542
1 1543
1 1544
1 1545
1 1546
1 1547
1 1548
1 1549
1 1550
1 1551
1 1552
1 1553
1 1554
1 1555
1 1556
1 1557
1 1558
1 1559
1 1560
1 1561
1 1562
1 1563
1 1564
1 1565
1 1566
1 1567
1 1568
1 1569
1 1570
1 1571
1 1572
1 1573
1 1574
1 1575
1 1576
1 1577
1 1578
1 1579
1 1580
1 1581
1 1582
1 1583
1 1584
1 1585
1 1586
1 1587
1 1588
1 1589
1 1590
1 1591
1 1592
1 1593
1 1594
1 1595
1 1596
1 1597
1 1598
1 1599
1 1600
1 1601
1 1602
1 1603
1 1604
1 1605
1 1606
1 1607
1 1608
1 1609
1 1610
1 1611
1 1612
1 1613
1 1614
1 1615
1 1616
1 1617
1 1618
1 1619
1 1620
1 1621
1 1622
1 1623
1 1624
1 1625
1 1626
1 1627
1 1628
1 1629
1 1630
1 1631
1 1632
1 1633
1 1634
1 1635
1 1636
1 1637
1 1638
1 1639
1 1640
1 1641
1 1642
1 1643
1 1644
1 1645
1 1646
1 1647
1 1648
1 1649
1 1650
1 1651
1 1652
1 1653
1 1654
1 1655
1 1656
1 1657
1 1658
1 1659
1 1660
1 1661
1 1662
1 1663
1 1664
1 1665
1 1666
1 1667
1 1668
1 1669
1 1670
1 1671
1 1672
1 1673
1 1674
1 1675
1 1676
1 1677
1 1678
1 1679
1 1680
1 1681
1 1682
1 1683
1 1684
1 1685
1 1686
1 1687
1 1688
1 1689
1 1690
1 1691
1 1692
1 1693
1 1694
1 1695
1 1696
1 1697
1 1698
1 1699
1 1700
1 1701
1 1702
1 1703
1 1704
1 1705
1 1706
1 1707
1 1708
1 1709
1 1710
1 1711
1 1712
1 1713
1 1714
1 1715
1 1716
1 1717
1 1718
1 1719
1 1720
1 1721
1 1722
1 1723
1 1724
1 1725
1 1726
1 1727
1 1728
1 1729
1 1730
1 1731
1 1732
1 1733
1 1734
1 1735
1 1736
1 1737
1 1738
1 1739
1 1740
1 1741
1 1742
1 1743
1 1744
1 1745
1 1746
1 1747
1 1748
1 1749
1 1750
1 1751
1 1752
1 1753
1 1754
1 1755
1 1756
1 1757
1 1758
1 1759
1 1760
1 1761
1 1762
1 1763
1 1764
1 1765
1 1766
1 1767
1 1768
1 1769
1 1770
1 1771
1 1772
1 1773
1 1774
1 1775
1 1776
1 1777
1 1778
1 1779
1 1780
1 1781
1 1782
1 1783
1 1784
1 1785
1 1786
1 1787
1 1788
1 1789
1 1790
1 1791
1 1792
1 1793
1 1794
1 1795
1 1796
1 1797
1 1798
1 1799
1 1800
1 1801
1 1802
1 1803
1 1804
1 1805
1 1806
1 1807
1 1808
1 1809
1 1810
1 1811
1 1812
1 1813
1 1814
1 1815
1 1816
1 1817
1 1818
1 1819
1 1820
1 1821
1 1822
1 1823
1 1824
1 1825
1 1826
1 1827
1 1828
1 1829
1 1830
1 1831
1 1832
1 1833
1 1834
1 1835
1 1836
1 1837
1 1838
1 1839
1 1840
1 1841
1 1842
1 1843
1 1844
1 1845
1 1846
1 1847
1 1848
1 1849
1 1850
1 1851
1 1852
1 1853
1 1854
1 1855
1 1856
1 1857
1 1858
1 1859
1 1860
1 1861
1 1862
1 1863
1 1864
1 1865
1 1866
1 1867
1 1868
1 1869
1 1870
1 1871
1 1872
1 1873
1 1874
1 1875
1 1876
1 1877
1 1878
1 1879
1 1880
1 1881
1 1882
1 1883
1 1884
1 1885
1 1886
1 1887
1 1888
1 1889
1 1890
1 1891
1 1892
1 1893
1 1894
1 1895
1 1896
1 1897
1 1898
1 1899
1 1900
1 1901
1 1902
1 1903
1 1904
1 1905
1 1906
1 1907
1 1908
1 1909
1 1910
1 1911
1 1912
1 1913
1 1914
1 1915
1 1916
1 1917
1 1918
1 1919
1 1920
1 1921
1 1922
1 1923
1 1924
1 1925
1 1926
1 1927
1 1928
1 1929
1 1930
1 1931
1 1932
1 1933
1 1934
1 1935
1 1936
1 1937
1 1938
1 1939
1 1940
1 1941
1 1942
1 1943
1 1944
1 1945
1 1946
1 1947
1 1948
1 1949
1 1950
1 1951
1 1952
1 1953
1 1954
1 1955
1 1956
1 1957
1 1958
1 1959
1 1960
1 1961
1 1962
1 1963
1 1964
1 1965
1 1966
1 1967
1 1968
1 1969
1 1970
1 1971
1 1972
1 1973
1 1974
1 1975
1 1976
1 1977
1 1978
1 1979
1 1980
1 1981
1 1982
1 1983
1 1984
1 1985
1 1986
1 1987
1 1988
1 1989
1 1990
1 1991
1 1992
1 1993
1 1994
1 1995
1 1996
1 1997
1 1998
1 1999
1 2000
1 2001
1 2002
1 2003
1 2004
1 2005
1 2006
1 2007
1 2008
1 2009
1 2010
1 2011
1 2012
1 2013
1 2014
1 2015
1 2016
1 2017
1 2018
1 2019
1 2020
1 2021
1 2022
1 2023
1 2024
1 2025
1 2026
1 2027
1 2028
1 2029
1 2030
1 2031
1 2032
1 2033
1 2034
1 2035
1 2036
1 2037
1 2038
1 2039
1 2040
1 2041
1 2042
1 2043
1 2044
1 2045
1 2046
1 2047
1 2048
1 2049
1 2050
1 2051
1 2052
1 2053
1 2054
1 2055
1 2056
1 2057
1 2058
1 2059
1 2060
1 2061
1 2062
1 2063
1 2064
1 2065
1 2066
1 2067
1 2068
1 2069
1 2070
1 2071
1 2072
1 2073
1 2074
1 2075
1 2076
1 2077
1 2078
1 2079
1 2080
1 2081
1 2082
1 2083
1 2084
1 2085
1 2086
1 2087
1 2088
1 2089
1 2090
1 2091
1 2092
1 2093
1 2094
1 2095
1 2096
1 2097
1 2098
1 2099
1 2100
1 2101
1 2102
1 2103
1 2104
1 2105
1 2106
1 2107
1 2108
1 2109
1 2110
1 2111
1 2112
1 2113
1 2114
1 2115
1 2116
1 2117
1 2118
1 2119
1 2120
1 2121
1 2122
1 2123
1 2124
1 2125
1 2126
1 2127
1 2128
1 2129
1 2130
1 2131
1 2132
1 2133
1 2134
1 2135
1 2136
1 2137
1 2138
1 2139
1 2140
1 2141
1 2142
1 2143
1 2144
1 2145
1 2146
1 2147
1 2148
1 2149
1 2150
1 2151
1 2152
1 2153
1 2154
1 2155
1 2156
1 2157
1 2158
1 2159
1 2160
1 2161
1 2162
1 2163
1 2164
1 2165
1 2166
1 2167
1 2168
1 2169
1 2170
1 2171
1 2172
1 2173
1 2174
1 2175
1 2176
1 2177
1 2178
1 2179
1 2180
1 2181
1 2182
1 2183
1 2184
1 2185
1 2186
1 2187
1 2188
1 2189
1 2190
1 2191
1 2192
1 2193
1 2194
1 2195
1 2196
1 2197
1 2198
1 2199
1 2200
1 2201
1 2202
1 2203
1 2204
1 2205
1 2206
1 2207
1 2208
1 2209
1 2210
1 2211
1 2212
1 2213
1 2214
1 2215
1 2216
1 2217
1 2218
1 2219
1 2220
1 2221
1 2222
1 2223
1 2224
1 2225
1 2226
1 2227
1 2228
1 2229
1 2230
1 2231
1 2232
1 2233
1 2234
1 2235
1 2236
1 2237
1 2238
1 2239
1 2240
1 2241
1 2242
1 2243
1 2244
1 2245
1 2246
1 2247
1 2248
1 2249
1 2250
1 2251
1 2252
1 2253
1 2254
1 2255
1 2256
1 2257
1 2258
1 2259
1 2260
1 2261
1 2262
1 2263
1 2264
1 2265
1 2266
1 2267
1 2268
1 2269
1 2270
1 2271
1 2272
1 2273
1 2274
1 2275
1 2276
1 2277
1 2278
1 2279
1 2280
1 2281
1 2282
1 2283
1 2284
1 2285
1 2286
1 2287
1 2288
1 2289
1 2290
1 2291
1 2292
1 2293
1 2294
1 2295
1 2296
1 2297
1 2298
1 2299
1 2300
1 2301
1 2302
1 2303
1 2304
1 2305
1 2306
1 2307
1 2308
1 2309
1 2310
1 2311
1 2312
1 2313
1 2314
1 2315
1 2316
1 2317
1 2318
1 2319
1 2320
1 2321
1 2322
1 2323
1 2324
1 2325
1 2326
1 2327
1 2328
1 2329
1 2330
1 2331
1 2332
1 2333
1 2334
1 2335
1 2336
1 2337
1 2338
1 2339
1 2340
1 2341
1 2342
1 2343
1 2344
1 2345
1 2346
1 2347
1 2348
1 2349
1 2350
1 2351
1 2352
1 2353
1 2354
1 2355
1 2356
1 2357
1 2358
1 2359
1 2360
1 2361
1 2362
1 2363
1 2364
1 2365
1 2366
1 2367
1 2368
1 2369
1 2370
1 2371
1 2372
1 2373
1 2374
1 2375
1 2376
1 2377
1 2378
1 2379
1 2380
1 2381
1 2382
1 2383
1 2384
1 2385
1 2386
1 2387
1 2388
1 2389
1 2390
1 2391
1 2392
1 2393
1 2394
1 2395
1 2396
1 2397
1 2398
1 2399
1 2400
1 2401
1 2402
1 2403
1 2404
1 2405
1 2406
1 2407
1 2408
1 2409
1 2410
1 2411
1 2412
1 2413
1 2414
1 2415
1 2416
1 2417
1 2418
1 2419
1 2420
1 2421
1 2422
1 2423
1 2424
1 2425
1 2426
1 2427
1 2428
1 2429
1 2430
1 2431
1 2432
1 2433
1 2434
1 2435
1 2436
1 2437
1 2438
1 2439
1 2440
1 2441
1 2442
1 2443
1 2444
1 2445
1 2446
1 2447
1 2448
1 2449
1 2450
1 2451
1 2452
1 2453
1 2454
1 2455
1 2456
1 2457
1 2458
1 2459
1 2460
1 2461
1 2462
1 2463
1 2464
1 2465
1 2466
1 2467
1 2468
1 2469
1 2470
1 2471
1 2472
1 2473
1 2474
1 2475
1 2476
1 2477
1 2478
1 2479
1 2480
1 2481
1 2482
1 2483
1 2484
1 2485
1 2486
1 2487
1 2488
1 2489
1 2490
1 2491
1 2492
1 2493
1 2494
1 2495
1 2496
1 2497
1 2498
1 2499
1 2500
1 2501
1 2502
1 2503
1 2504
1 2505
1 2506
1 2507
1 2508
1 2509
1 2510
1 2511
1 2512
1 2513
1 2514
1 2515
1 2516
1 2517
1 2518
1 2519
1 2520
1 2521
1 2522
1 2523
1 2524
1 2525
1 2526
1 2527
1 2528
1 2529
1 2530
1 2531
1 2532
1 2533
1 2534
1 2535
1 2536
1 2537
1 2538
1 2539
1 2540
POINT_DATA 2541
SCALARS density float 1
LOOKUP_TABLE default
500
500
500
500
500
500
500
500
500
500
500
500
500
500
500
500
500
500
500
500
500
500
500
500
500
500
500
500
500
500
500
500
500
500
500
500
500
500
500
500
500
500
500
500
500
500
500
500
500
500
500
500
500
500
500
500
500
500
500
500
500
500
500
500
500
500
500
500
500
500
500
500
500
500
500
500
500
500
500
500
500
500
500
500
500
500
500
500
500
500
500
500
500
500
500
500
500
500
500
500
500
500
500
500
500
500
500
500
500
500
500
500
500
500
500
500
500
500
500
500
500
500
500
500
500
500
500
500
500
500
500
500
500
500
500
500
500
500
500
500
500
500
500
500
500
500
500
500
500
500
500
500
500
500
500
500
500
500
500
500
500
500
500
500
500
500
500
500
500
500
500
500
500
500
500
500
500
500
500
500
500
500
500
500
500
500
500
500
500
500
500
500
500
500
500
500
500
500
500
500
500
500
500
500
500
500
500
500
500
500
500
500
500
500
500
500
500
500
500
500
500
500
500
500
500
500
500
500
500
500
500
500
500
500
500
500
500
500
500
500
500
500
500
500
500
500
500
500
500
500
500
500
500
500
500
500
500
500
500
500
500
500
500
500
500
500
500
500
500
500
500
500
500
500
500
500
500
500
500
500
500
500
500
500
500
500
500
500
500
500
500
500
500
500
500
500
500
500
500
500
500
500
500
500
500
500
500
500
500
500
500
500
500
500
500
500
500
500
500
500
500
500
500
500
500
500
500
500
500
500
500
500
500
500
500
500
500
500
500
500
500
500
500
500
500
500
500
500
500
500
500
500
500
500
500
500
500
500
500
500
500
500
500
500
500
500
500
500
500
500
500
500
500
500
500
500
500
500
500
500
500
500
500
500
500
500
500
500
500
500
500
500
500
500
500
500
500
500
500
500
500
500
500
500
500
500
500
500
500
500
500
500
500
500
500
500
500
500
500
500
500
500
500
500
500
500
500
500
500
500
500
500
500
500
500
500
500
500
500
500
500
500
500
500
500
500
500
500
500
500
500
500
500
500
500
500
500
500
500
500
500
500
500
500
500
500
500
500
500
500
500
500
500
500
500
500
500
500
500
500
500
500
500
500
500
500
500
500
500
500
500
500
500
500
500
500
500
500
500
500
500
500
500
500
500
500
500
500
500
500
500
500
500
500
500
500
500
500
500
500
500
500
500
500
500
500
500
500
500
500
500
500
500
500
500
500
500
500
500
500
500
500
500
500
500
500
500
500
500
500
500
500
500
500
500
500
500
500
500
500
500
500
500
500
500
500
500
500
500
500
500
500
500
500
500
500
500
500
500
500
500
500
500
500
500
500
500
500
500
500
500
500
500
500
500
500
500
500
500
500
500
500
500
500
500
500
500
500
500
500
500
500
500
500
500
500
500
500
500
500
500
500
500
500
500
500
500
500
500
500
500
500
500
500
500
500
500
500
500
500
500
500
500
500
500
500
500
500
500
500
500
500
500
500
500
500
500
500
500
500
500
500
500
500
500
500
500
500
500
500
500
500
500
500
500
500
500
500
500
500
500
500
500
500
500
500
500
500
500
500
500
500
500
500
500
500
500
500
500
500
500
500
500
500
500
500
500
500
500
500
500
500
500
500
500
500
500
500
500
500
500
500
500
500
500
500
500
500
500
500
500
500
500
500
500
500
500
500
500
500
500
500
500
500
500
500
500
500
500
500
500
500
500
500
500
500
500
500
500
500
500
500
500
500
500
500
500
500
500
500
500
500
500
500
500
500
500
500
500
500
500
500
500
500
500
500
500
500
500
500
500
500
500
500
500
500
500
500
500
500
500
500
500
500
500
500
500
500
500
500
500
500
500
500
500
500
500
500
500
500
500
500
500
500
500
500
500
500
500
500
500
500
500
500
500
500
500
500
500
500
500
500
500
500
500
500
500
500
500
500
500
500
500
500
500
500
500
500
500
500
500
500
500
500
500
500
500
500
500
500
500
500
500
500
500
500
500
500
500
500
500
500
500
500
500
500
500
500
500
500
500
500
500
500
500
500
500
500
500
500
500
500
500
500
500
500
500
500
500
500
500
500
500
500
500
500
500
500
500
500
500
500
500
500
500
500
500
500
500
500
500
500
500
500
500
500
500
500
500
500
500
500
500
500
500
500
500
500
500
500
500
500
500
500
500
500
500
500
500
500
500
500
500
500
500
500
500
500
500
500
500
500
500
500
500
500
500
500
500
500
500
500
500
500
500
500
500
500
500
500
500
500
500
500
500
500
500
500
500
500
500
500
500
500
500
500
500
500
500
500
500
500
500
500
500
500
500
500
500
500
500
500
500
500
500
500
500
500
500
500
500
500
500
500
500
500
500
500
500
500
500
500
500
500
500
500
500
500
500
500
500
500
500
500
500
500
500
500
500
500
500
500
500
500
500
500
500
500
500
500
500
500
500
500
500
500
500
500
500
500
500
500
500
500
500
500
500
500
500
500
500
500
500
500
500
500
500
500
500
500
500
500
500
500
500
500
500
500
500
500
500
500
500
500
500
500
500
500
500
500
500
500
500
500
500
500
500
500
500
500
500
500
500
500
500
500
500
500
500
500
500
500
500
500
500
500
500
500
500
500
500
500
500
500
500
500
500
500
500
500
500
500
500
500
500
500
500
500
500
500
500
500
500
500
500
500
500
500
500
500
500
500
500
500
500
500
500
500
500
500
500
500
500
500
500
500
500
500
500
500
500
500
500
500
500
500
500
500
500
500
500
500
500
500
500
500
500
500
500
500
500
500
500
500
500
500
500
500
500
500
500
500
500
500
500
500
500
500
500
500
500
500
500
500
500
500
500
500
500
500
500
500
500
500
500
500
500
500
500
500
500
500
500
500
500
500
500
500
500
500
500
500
500
500
500
500
500
500
500
500
500
500
500
500
500
500
500
500
500
500
500
500
500
500
500
500
500
500
500
500
500
500
500
500
500
500
500
500
500
500
500
500
500
500
500
500
500
500
500
500
500
500
500
500
500
500
500
500
500
500
500
500
500
500
500
500
500
500
500
500
500
500
500
500
500
500
500
500
500
500
500
500
500
500
500
500
500
500
500
500
500
500
500
500
500
500
500
500
500
500
500
500
500
500
500
500
500
500
500
500
500
500
500
500
500
500
500
500
500
500
500
500
500
500
500
500
500
500
500
500
500
500
500
500
500
500
500
500
500
500
500
500
500
500
500
500
500
500
500
500
500
500
500
500
500
500
500
500
500
500
500
500
500
500
500
500
500
500
500
500
500
500
500
500
500
500
500
500
500
500
500
500
500
500
500
500
500
500
500
500
500
500
500
500
500
500
500
500
500
500
500
500
500
500
500
500
500
500
500
500
500
500
500
500
500
500
500
500
500
500
500
500
500
500
500
500
500
500
500
500
500
500
500
500
500
500
500
500
500
500
500
500
500
500
500
500
500
500
500
500
500
500
500
500
500
500
500
500
500
500
500
500
500
500
500
500
500
500
500
500
500
500
500
500
500
500
500
500
500
500
500
500
500
500
500
500
500
500
500
500
500
500
500
500
500
500
500
500
500
500
500
500
500
500
500
500
500
500
500
500
500
500
500
500
500
500
500
500
500
500
500
500
500
500
500
500
500
500
500
500
500
500
500
500
500
500
500
500
500
500
500
500
500
500
500
500
500
500
500
500
500
500
500
500
500
500
500
500
500
500
500
500
500
500
500
500
500
500
500
500
500
500
500
500
500
500
500
500
500
500
500
500
500
500
500
500
500
500
500
500
500
500
500
500
500
500
500
500
500
500
500
500
500
500
500
500
500
500
500
500
500
500
500
500
500
500
500
500
500
500
500
500
500
500
500
500
500
500
500
500
500
500
500
500
500
500
500
500
500
500
500
500
500
500
500
500
500
500
500
500
500
500
500
500
500
500
500
500
500
500
500
500
500
500
500
500
500
500
500
500
500
500
500
500
500
500
500
500
500
500
500
500
500
500
500
500
500
500
500
500
500
500
500
500
500
500
500
500
500
500
500
500
500
500
500
500
500
500
500
500
500
500
500
500
500
500
500
500
500
500
500
500
500
500
500
500
500
500
500
500
500
500
500
500
500
500
500
500
500
500
500
500
500
500
500
500
500
500
500
500
500
500
500
500
500
500
500
500
500
500
500
500
500
500
500
500
500
500
500
500
500
500
500
500
500
500
500
500
500
500
500
500
500
500
500
500
500
500
500
500
500
500
500
500
500
500
500
500
500
500
500
500
500
500
500
500
500
500
500
500
500
500
500
500
500
500
500
500
500
500
500
500
500
500
500
500
500
500
500
500
500
500
500
500
500
500
500
500
500
500
500
500
500
500
500
500
500
500
500
500
500
500
500
500
500
500
500
500
500
500
500
500
500
500
500
500
500
500
500
500
500
500
500
500
500
500
500
500
500
500
500
500
500
500
500
500
500
500
500
500
500
500
500
500
500
500
500
500
500
500
500
500
500
500
500
500
500
500
500
500
500
500
500
500
500
500
500
500
500
500
500
500
500
500
500
500
500
500
500
500
500
500
500
500
500
500
500
500
500
500
500
500
500
500
500
500
500
500
500
500
500
500
500
500
500
500
500
500
500
500
500
500
500
500
500
500
500
500
500
500
500
500
500
500
500
500
500
500
500
500
500
500
500
500
500
500
500
500
500
500
500
500
500
500
500
500
500
500
500
500
500
500
500
500
500
500
500
500
500
500
500
500
500
500
500
500
500
500
500
500
500
500
500
500
500
500
500
500
500
500
500
500
500
500
500
500
500
500
500
500
500
500
500
500
500
500
500
500
500
500
500
500
500
500
500
500
500
500
500
500
500
500
500
500
500
500
500
500
500
500
500
500
500
500
500
500
500
500
500
500
500
500
500
500
500
500
500
500
500
500
500
500
500
500
500
500
500
500
500
500
500
500
500
500
500
500
500
500
500
500
500
500
500
500
500
500
500
500
500
500
500
500
500
500
500
500
500
500
500
500
500
500
500
500
500
500
500
500
500
500
500
500
500
500
500
500
500
500
500
500
500
500
500
500
500
500
500
500
500
500
500
500
500
500
500
500
500
500
500
500
500
500
500
500
500
500
500
500
500
500
500
500
500
500
500
500
500
500
500
500
500
500
500
500
500
500
500
500
500
500
500
500
500
500
500
500
500
500
500
500
500
500
500
500
500
500
500
500
500
500
500
500
500
500
500
500
500
500
500
500
500
500
500
500
500
500
500
500
500
500
500
500
500
500
500
500
500
500
500
500
500
500
500
500
500
500
500
500
500
500
500
500
500
500
500
500
500
500
500
500
500
500
500
500
500
500
500
500
500
500
500
500
500
500
500
500
500
500
500
500
500
500
500
500
500
500
500
500
500
500
500
500
500
500
500
500
500
500
500
500
500
500
500
500
500
500
500
500
500
500
500
500
500
500
500
500
500
500
500
500
500
500
500
500
500
500
500
500
500
500
500
500
500
500
500
500
500
500
500
500
500
500
500
500
500
500
500
500
500
500
500
500
500
500
500
500
500
500
500
500
500
500
500
500
500
500
500
500
500
500
500
500
500
500
500
500
500
500
500
500
500
500
500
500
500
500
500
500
500
500
500
500
500
500
500
500
500
500
500
500
500
500
500
500
500
500
500
500
500
500
500
500
500
500
500
500
500
500
500
500
500
500
500
500
500
500
500
500
500
500
500
500
500
500
500
500
500
500
500
500
500
500
500
500
500
500
500
500
500
500
500
500
500
500
500
500
500
500
500
500
500
SCALARS pressure float 1
LOOKUP_TABLE default
0
0
0
0
0
0
0
0
0
0
0
0
0
0
0
0
0
0
0
0
0
0
0
0
0
0
0
0
0
0
0
0
0
0
0
0
0
0
0
0
0
0
0
0
0
0
0
0
0
0
0
0
0
0
0
0
0
0
0
0
0
0
0
0
0
0
0
0
0
0
0
0
0
0
0
0
0
0
0
0
0
0
0
0
0
0
0
0
0
0
0
0
0
0
0
0
0
0
0
0
0
0
0
0
0
0
0
0
0
0
0
0
0
0
0
0
0
0
0
0
0
0
0
0
0
0
0
0
0
0
0
0
0
0
0
0
0
0
0
0
0
0
0
0
0
0
0
0
0
0
0
0
0
0
0
0
0
0
0
0
0
0
0
0
0
0
0
0
0
0
0
0
0
0
0
0
0
0
0
0
0
0
0
0
0
0
0
0
0
0
0
0
0
0
0
0
0
0
0
0
0
0
0
0
0
0
0
0
0
0
0
0
0
0
0
0
0
0
0
0
0
0
0
0
0
0
0
0
0
0
0
0
0
0
0
0
0
0
0
0
0
0
0
0
0
0
0
0
0
0
0
0
0
0
0
0
0
0
0
0
0
0
0
0
0
0
0
0
0
0
0
0
0
0
0
0
0
0
0
0
0
0
0
0
0
0
0
0
0
0
0
0
0
0
0
0
0
0
0
0
0
0
0
0
0
0
0
0
0
0
0
0
0
0
0
0
0
0
0
0
0
0
0
0
0
0
0
0
0
0
0
0
0
0
0
0
0
0
0
0
0
0
0
0
0
0
0
0
0
0
0
0
0
0
0
0
0
0
0
0
0
0
0
0
0
0
0
0
0
0
0
0
0
0
0
0
0
0
0
0
0
0
0
0
0
0
0
0
0
0
0
0
0
0
0
0
0
0
0
0
0
0
0
0
0
0
0
0
0
0
0
0
0
0
0
0
0
0
0
0
0
0
0
0
0
0
0
0
0
0
0
0
0
0
0
0
0
0
0
0
0
0
0
0
0
0
0
0
0
0
0
0
0
0
0
0
0
0
0
0
0
0
0
0
0
0
0
0
0
0
0
0
0
0
0
0
0
0
0
0
0
0
0
0
0
0
0
0
0
0
0
0
0
0
0
0
0
0
0
0
0
0
0
0
0
0
0
0
0
0
0
0
0
0
0
0
0
0
0
0
0
0
0
0
0
0
0
0
0
0
0
0
0
0
0
0
0
0
0
0
0
0
0
0
0
0
0
0
0
0
0
0
0
0
0
0
0
0
0
0
0
0
0
0
0
0
0
0
0
0
0
0
0
0
0
0
0
0
0
0
0
0
0
0
0
0
0
0
0
0
0
0
0
0
0
0
0
0
0
0
0
0
0
0
0
0
0
0
0
0
0
0
0
0
0
0
0
0
0
0
0
0
0
0
0
0
0
0
0
0
0
0
0
0
0
0
0
0
0
0
0
0
0
0
0
0
0
0
0
0
0
0
0
0
0
0
0
0
0
0
0
0
0
0
0
0
0
0
0
0
0
0
0
0
0
0
0
0
0
0
0
0
0
0
0
0
0
0
0
0
0
0
0
0
0
0
0
0
0
0
0
0
0
0
0
0
0
0
0
0
0
0
0
0
0
0
0
0
0
0
0
0
0
0
0
0
0
0
0
0
0
0
0
0
0
0
0
0
0
0
0
0
0
0
0
0
0
0
0
0
0
0
0
0
0
0
0
0
0
0
0
0
0
0
0
0
0
0
0
0
0
0
0
0
0
0
0
0
0
0
0
0
0
0
0
0
0
0
0
0
0
0
0
0
0
0
0
0
0
0
0
0
0
0
0
0
0
0
0
0
0
0
0
0
0
0
0
0
0
0
0
0
0
0
0
0
0
0
0
0
0
0
0
0
0
0
0
0
0
0
0
0
0
0
0
0
0
0
0
0
0
0
0
0
0
0
0
0
0
0
0
0
0
0
0
0
0
0
0
0
0
0
0
0
0
0
0
0
0
0
0
0
0
0
0
0
0
0
0
0
0
0
0
0
0
0
0
0
0
0
0
0
0
0
0
0
0
0
0
0
0
0
0
0
0
0
0
0
0
0
0
0
0
0
0
0
0
0
0
0
0
0
0
0
0
0
0
0
0
0
0
0
0
0
0
0
0
0
0
0
0
0
0
0
0
0
0
0
0
0
0
0
0
0
0
0
0
0
0
0
0
0
0
0
0
0
0
0
0
0
0
0
0
0
0
0
0
0
0
0
0
0
0
0
0
0
0
0
0
0
0
0
0
0
0
0
0
0
0
0
0
0
0
0
0
0
0
0
0
0
0
0
0
0
0
0
0
0
0
0
0
0
0
0
0
0
0
0
0
0
0
0
0
0
0
0
0
0
0
0
0
0
0
0
0
0
0
0
0
0
0
0
0
0
0
0
0
0
0
0
0
0
0
0
0
0
0
0
0
0
0
0
0
0
0
0
0
0
0
0
0
0
0
0
0
0
0
0
0
0
0
0
0
0
0
0
0
0
0
0
0
0
0
0
0
0
0
0
0
0
0
0
0
0
0
0
0
0
0
0
0
0
0
0
0
0
0
0
0
0
0
0
0
0
0
0
0
0
0
0
0
0
0
0
0
0
0
0
0
0
0
0
0
0
0
0
0
0
0
0
0
0
0
0
0
0
0
0
0
0
0
0
0
0
0
0
0
0
0
0
0
0
0
0
0
0
0
0
0
0
0
0
0
0
0
0
0
0
0
0
0
0
0
0
0
0
0
0
0
0
0
0
0
0
0
0
0
0
0
0
0
0
0
0
0
0
0
0
0
0
0
0
0
0
0
0
0
0
0
0
0
0
0
0
0
0
0
0
0
0
0
0
0
0
0
0
0
0
0
0
0
0
0
0
0
0
0
0
0
0
0
0
0
0
0
0
0
0
0
0
0
0
0
0
0
0
0
0
0
0
0
0
0
0
0
0
0
0
0
0
0
0
0
0
0
0
0
0
0
0
0
0
0
0
0
0
0
0
0
0
0
0
0
0
0
0
0
0
0
0
0
0
0
0
0
0
0
0
0
0
0
0
0
0
0
0
0
0
0
0
0
0
0
0
0
0
0
0
0
0
0
0
0
0
0
0
0
0
0
0
0
0
0
0
0
0
0
0
0
0
0
0
0
0
0
0
0
0
0
0
0
0
0
0
0
0
0
0
0
0
0
0
0
0
0
0
0
0
0
0
0
0
0
0
0
0
0
0
0
0
0
0
0
0
0
0
0
0
0
0
0
0
0
0
0
0
0
0
0
0
0
0
0
0
0
0
0
0
0
0
0
0
0
0
0
0
0
0
0
0
0
0
0
0
0
0
0
0
0
0
0
0
0
0
0
0
0
0
0
0
0
0
0
0
0
0
0
0
0
0
0
0
0
0
0
0
0
0
0
0
0
0
0
0
0
0
0
0
0
0
0
0
0
0
0
0
0
0
0
0
0
0
0
0
0
0
0
0
0
0
0
0
0
0
0
0
0
0
0
0
0
0
0
0
0
0
0
0
0
0
0
0
0
0
0
0
0
0
0
0
0
0
0
0
0
0
0
0
0
0
0
0
0
0
0
0
0
0
0
0
0
0
0
0
0
0
0
0
0
0
0
0
0
0
0
0
0
0
0
0
0
0
0
0
0
0
0
0
0
0
0
0
0
0
0
0
0
0
0
0
0
0
0
0
0
0
0
0
0
0
0
0
0
0
0
0
0
0
0
0
0
0
0
0
0
0
0
0
0
0
0
0
0
0
0
0
0
0
0
0
0
0
0
0
0
0
0
0
0
0
0
0
0
0
0
0
0
0
0
0
0
0
0
0
0
0
0
0
0
0
0
0
0
0
0
0
0
0
0
0
0
0
0
0
0
0
0
0
0
0
0
0
0
0
0
0
0
0
0
0
0
0
0
0
0
0
0
0
0
0
0
0
0
0
0
0
0
0
0
0
0
0
0
0
0
0
0
0
0
0
0
0
0
0
0
0
0
0
0
0
0
0
0
0
0
0
0
0
0
0
0
0
0
0
0
0
0
0
0
0
0
0
0
0
0
0
0
0
0
0
0
0
0
0
0
0
0
0
0
0
0
0
0
0
0
0
0
0
0
0
0
0
0
0
0
0
0
0
0
0
0
0
0
0
0
0
0
0
0
0
0
0
0
0
0
0
0
0
0
0
0
0
0
0
0
0
0
0
0
0
0
0
0
0
0
0
0
0
0
0
0
0
0
0
0
0
0
0
0
0
0
0
0
0
0
0
0
0
0
0
0
0
0
0
0
0
0
0
0
0
0
0
0
0
0
0
0
0
0
0
0
0
0
0
0
0
0
0
0
0
0
0
0
0
0
0
0
0
0
0
0
0
0
0
0
0
0
0
0
0
0
0
0
0
0
0
0
0
0
0
0
0
0
0
0
0
0
0
0
0
0
0
0
0
0
0
0
0
0
0
0
0
0
0
0
0
0
0
0
0
0
0
0
0
0
0
0
0
0
0
0
0
0
0
0
0
0
0
0
0
0
0
0
0
0
0
0
0
0
0
0
0
0
0
0
0
0
0
0
0
0
0
0
0
0
0
0
0
0
0
0
0
0
0
0
0
0
0
0
0
0
0
0
0
0
0
0
0
0
0
0
0
0
0
0
0
0
0
0
0
0
0
0
0
0
0
0
0
0
0
0
0
0
0
0
0
0
0
0
0
0
0
0
0
0
0
0
0
0
0
0
0
0
0
0
0
0
0
0
0
0
0
0
0
0
0
0
0
0
0
0
0
0
0
0
0
0
0
0
0
0
0
0
0
0
0
0
0
0
0
0
0
0
0
0
0
0
0
0
0
0
0
0
0
0
0
0
0
0
0
0
0
0
0
0
0
0
0
0
0
0
0
0
0
0
0
0
0
0
0
0
0
0
0
0
0
0
0
0
0
0
0
0
0
0
0
0
0
0
0
0
0
0
0
0
0
0
0
0
0
0
0
0
0
0
0
0
0
0
0
0
0
0
0
0
0
0
0
0
0
0
0
0
0
0
0
0
0
0
0
0
0
0
0
0
0
0
0
0
0
0
0
0
0
0
0
0
0
0
0
0
0
0
0
0
0
0
0
0
0
0
0
0
0
0
0
0
0
0
0
0
0
0
0
0
0
0
0
0
0
0
0
0
0
0
0
0
0
0
0
0
0
0
0
0
0
0
0
0
0
0
0
0
0
0
0
0
0
0
0
0
0
0
0
0
0
0
0
0
0
0
0
0
0
0
0
0
0
0
0
0
0
0
0
0
0
0
0
0
0
0
0
0
0
0
0
0
0
0
0
0
0
0
0
0
0
0
0
0
0
0
0
0
0
0
0
0
0
0
0
0
0
0
0
0
0
0
0
0
0
0
0
0
0
0
0
0
0
0
0
0
0
0
0
0
0
0
0
0
0
0
0
0
0
0
0
0
0
0
0
0
0
0
0
0
0
0
0
0
0
0
0
0
0
0
0
0
0
0
0
0
0
0
0
0
0
0
0
0
0
0
0
0
0
0
0
0
0
0
0
0
0
0
0
0
0
0
0
0
0
0
0
0
0
0
0
0
0
0
0
0
0
0
0
0
0
0
0
0
0
0
0
0
0
0
0
0
0
0
0
0
0
0
0
0
0
0
0
0
0
0
0
0
0
0
0
0
0
0
0
0
0
0
0
0
0
0
0
0
0
0
0
0
0
0
0
0
0
0
0
0
0
0
0
0
0
0
0
0
0
0
SCALARS speed float 1
LOOKUP_TABLE default
8.27824e-27
1.05452e-25
33.7298
3.37988e-08
4.52922e-18
39.9624
23.8086
76.2845
38.2395
11.0562
4.57561e-17
62.1308
54.4235
2.10991e-18
0.0921053
1.76162e-27
20.8974
1.03517e-09
81.4691
57.136
2.59628e-19
21.2171
44.8299
44.5002
28.0858
18.1554
0.00170964
33.6569
35.6908
73.8758
33.2113
59.7201
32.5072
8.6634e-08
2.3196e-24
0.00114888
27.1802
20.4896
19.1131
2.62829e-20
8.4064
6.14975e-08
102.181
5.08907e-17
47.2007
9.95943e-30
2.08477e-08
1.9016e-28
1.27171e-26
1.25901e-14
7.75349e-17
21.2339
70.0352
33.7104
4.2997e-24
1.50577e-16
44.4993
28.0867
4.26323e-11
14.2114
1.59775e-15
1.3314e-06
1.88121e-11
20.9229
51.7576
9.52329
1.38792e-10
1.62402e-28
9.8543e-23
1.34189e-25
1.35667e-23
42.444
1.10533e-26
35.042
32.6544
54.0256
10.6436
2.04272e-11
88.3947
9.56484e-13
25.168
5.35308e-12
4.027e-25
1.55447e-25
2.57391e-07
5.69029e-22
66.0914
2.64276e-25
9.58463e-15
44.5002
28.0807
22.5036
67.0455
2.11862e-28
17.1887
1.62557e-19
1.16759e-15
31.3729
19.147
7.18952e-09
57.6653
7.74151e-22
25.2236
6.61305e-27
29.3386
1.82085e-19
49.3245
68.9259
20.1697
37.7765
1.61923e-12
3.39421e-26
33.7221
6.17712e-13
34.5311
42.6804
17.8565
19.2352
83.8785
1.81071e-25
2.46963e-23
1.46284e-28
9.99946e-16
4.80742e-15
5.55958e-28
50.6753
4.14235e-14
16.0073
6.86566e-11
7.69224e-23
25.0608
1.40545e-20
1.28532e-13
44.4968
27.6843
16.6571
26.6774
5.48906e-25
17.2105
41.4106
20.8542
63.2222
25.1706
15.7808
37.0728
16.584
28.1687
3.73076
26.5765
2.63182e-17
70.0225
1.39916e-17
65.9051
2.34275e-07
34.512
32.6688
2.60062e-13
16.6844
4.98491e-28
29.3664
6.44454e-15
1.48125e-25
41.5204
46.14
37.0694
49.4937
31.7417
25.2271
9.53721
176.514
4.72974e-11
0.073988
18.3941
6.4304e-23
9.61113e-28
32.3033
15.782
37.0953
16.6036
2.3096e-20
10.3371
13.2223
12.2464
67.2163
3.18964e-20
26.3785
33.2683
0.387438
25.5721
19.8831
11.3917
6.35951
21.1647
70.4514
8.60763e-28
6.42198e-24
7.96559e-13
13.2147
42.3417
31.9321
11.5263
35.5453
3.93843e-18
47.1522
48.116
28.2661
1.8526e-21
56.0519
3.33004e-10
15.7809
37.0728
16.5843
36.4664
4.91608e-18
25.9399
2.47756e-08
28.7341
8.80478
27.5578
8.76168e-28
8.97491e-27
45.4614
27.9329
20.2039
10.0467
32.6682
1.67503e-20
33.9087
36.5438
1.02952e-26
76.9402
1.40273e-12
118.145
6.41627e-26
44.9497
41.8994
3.75942e-16
72.9505
64.3872
9.07103e-28
3.15731e-20
5.77916e-14
22.359
2.2915e-26
118.539
6.54914e-18
31.4113
2.11975e-18
1.19826e-21
50.3388
2.36063e-21
1.58833e-25
4.38176e-12
4.42201e-13
3.67416e-10
1.61729e-26
5.70443e-26
24.3525
8.34603e-17
1.6452e-17
30.0158
13.4116
3.09991e-18
31.5267
35.1362
30.6202
2.60327e-13
64.8911
2.21558e-27
50.1736
86.9737
63.4196
8.53014e-05
46.0692
51.374
16.6711
192.881
7.55884e-26
3.49186e-27
1.66007e-27
3.17784e-19
43.2427
1.84541e-21
3.11789e-26
28.8916
2.29936e-24
39.0186
75.5345
24.7779
3.22399e-17
3.38551e-16
31.9729
39.7832
4.35137e-13
58.0283
2.26874e-22
43.5636
43.081
29.8384
2.60371e-13
30.4274
2.49991e-15
36.2403
4.67481e-14
1.81746e-06
0.000218555
31.7303
11.1217
1.69149e-16
79.5388
88.0125
17.4198
5.98503e-06
20.94
6.65242e-26
6.90679
9.03066
47.1583
1.24167e-23
19.2495
135.511
2.3663e-25
2.19984e-09
2.74634e-25
25.5392
71.2943
3.6656e-13
65.3408
42.8179
42.7797
41.7496
30.7767
2.60307e-13
310.904
93.0244
30.3044
19.9153
4.33831e-25
6.88234e-23
1.15868e-21
36.8008
2.60395e-13
2.4523e-14
1.15658e-27
112.627
36.4368
2.06508e-07
101.326
2.71081e-13
7.65253e-26
40.9347
4.61769e-11
3.75673e-15
31.2314
29.3638
2.91123e-12
7.49887e-24
5.37653e-18
71.5164
14.0313
4.89851e-11
88.7615
8.76264e-07
4.63203e-24
9.91727e-19
29.4101
4.00396e-18
1.48788e-12
1.31176e-28
6.67481e-18
9.04698e-18
9.85666e-13
5.80072e-28
66.4176
7.73751e-15
9.24331e-28
52.4874
35.5854
2.50979e-12
45.8946
1.08431e-27
21.9949
27.8265
15.2843
3.89112e-18
2.13317e-26
29.8213
29.7293
9.076
4.01997e-16
1.42574e-06
49.4676
26.3525
4.51386e-08
0.00913999
0.488114
7.96888e-14
2.59205e-23
27.6463
3.23293e-15
9.07617e-21
116.614
9.51941e-28
2.02787e-12
2.77003e-26
5.23881e-24
35.0996
7.45261e-17
39.5233
45.8823
8.50322e-17
2.56001e-27
2.21711e-19
3.36009e-21
1.66173e-26
37.7378
45.7795
7.28197
40.1224
28.5076
24.3257
1.21986e-12
8.05992
3.41353e-21
3.91305e-26
38.6914
48.4566
57.5604
6.8558e-23
1.20085e-08
5.28227e-29
5.1429e-27
190.63
6.36377e-20
102.015
2.61307e-24
58.6735
38.2005
172.797
9.4199e-21
2.66262e-22
70.9767
29.3422
2.04959e-05
4.82598e-17
4.47492e-16
5.99642e-28
2.2181e-13
2.49442e-21
22.1859
1.65545e-14
1.70602e-07
29.6437
29.4669
1.35767e-10
37.6043
50.4579
0.183504
1.92464e-23
23.531
4.16604e-26
1.29166e-12
4.69582e-22
2.24514e-27
105.059
4.35607e-11
16.2724
28.233
1.98652e-24
3.04872e-25
72.08
42.7881
18.2002
2.4165e-10
3.42756e-11
40.5064
1.37312e-20
2.48835e-14
19.283
24.0204
4.91094e-25
23.6625
3.37407e-25
46.8515
1.47031e-28
4.55446e-25
7.51288e-19
8.61791e-27
9.33285
29.1106
85.5929
17.7617
9.89014
8.66257e-18
19.9644
5.20213e-24
44.4146
27.9408
9.08931e-23
1.12178e-19
7.3081e-20
72.1975
59.5879
19.3535
1.14458e-10
2.76542e-22
15.7816
37.1754
16.6736
5.73719e-23
18.3117
4.87721
7.47902
35.6891
3.38608e-27
7.88175
2.73032e-24
43.2216
29.2569
1.69443e-13
1.30122e-18
0.0294961
4.23053e-21
1.57418e-22
31.6858
22.3172
11.1094
2.16035e-10
26.1081
28.7988
25.177
7.73903e-11
34.0115
1.13293e-26
21.0144
6.86595e-15
53.9906
53.9698
4.3762e-08
15.7875
37.1945
16.6905
26.6798
14.9176
30.852
8.1698
8.83498
24.4173
58.9403
10.3464
4.44196e-12
27.1585
19.4559
21.3914
2.35045e-08
9.13261e-08
7.41778e-13
14.7992
1.56334e-18
1.0525e-08
5.47939
11.8682
29.1135
11.9085
1.20627e-14
16.7494
3.42217e-18
2.76111e-11
2.73303e-22
102.608
29.7636
4.75838e-14
15.7819
37.1754
16.6739
20.545
8.92732
1.65435e-19
28.7745
7.15794e-05
2.3225e-16
11.0191
29.217
6.99145e-28
45.3463
27.9381
8.71398e-25
8.32965e-19
11.0289
67.3349
1.05263e-25
4.0951e-22
6.33797
33.449
4.85242e-08
3.87793e-27
24.6838
55.0663
3.07457e-23
38.4593
9.70529e-23
51.3004
40.2513
3.38305e-16
6.95181e-16
4.67834e-07
3.93455e-29
6.73015e-18
7.61118e-19
1.34146e-23
3.38231e-18
0.00208146
29.1709
94.0798
1.50505e-18
58.8651
6.02947e-28
4.78827e-27
8.14476e-28
5.42576e-29
4.69236e-14
1.30594e-18
4.36586e-18
20.8984
7.74923
34.654
1.6257e-11
0.598294
29.9726
2.60427e-13
2.33682e-24
2.07537e-25
35.8419
20.8929
28.3054
23.6217
3.85111e-25
7.42871e-28
0.00103794
3.86123e-21
2.86634e-25
81.5849
4.19757e-20
49.0613
86.0096
4.4647e-12
5.20691e-13
5.29568e-14
2.40283e-24
1.1293e-26
79.9022
24.9702
1.63772e-27
2.55848e-24
44.6434
43.5874
28.812
6.2909e-24
3.2904e-10
21.7453
4.21482e-16
29.2224
1.69512e-13
1.33578e-23
30.7536
106.013
13.9383
26.3308
10.2708
34.3806
0.00046504
5.22466e-27
69.524
86.9195
56.3479
4.54963
31.9977
1.21744e-23
11.9233
1.65637e-08
3.28857e-14
40.662
1.9744e-26
76.3348
1.54497e-25
7.69091e-28
9.8531e-29
1.62324e-08
66.2568
5.93996e-23
0.0163686
1.91202e-10
1.09223e-24
85.6462
30.1087
2.60353e-13
1.13458e-18
67.2192
40.2556
8.75895e-10
9.2338e-06
32.4175
8.80575e-08
23.0882
8.72115e-08
4.94042e-15
1.72138e-26
39.4252
1.34125e-12
56.1436
4.57719e-13
1.01602e-20
21.4137
38.629
25.4401
8.7739e-24
1.97371e-27
18.4497
9.70261e-16
1.12349e-17
6.31374e-26
37.5942
26.624
12.4607
2.28454e-19
2.16783e-28
2.99635e-10
28.4809
28.7112
5.55918e-22
6.89541e-23
94.972
1.73156e-26
8.59411
2.10701e-12
26.5902
26.7062
0.000654929
9.23064e-28
50.2351
35.9213
30.2746
5.49951e-27
31.9708
3.37637e-22
2.53286e-21
31.3794
49.209
8.9493e-27
29.4568
28.1487
1.22647e-09
6.85593e-22
4.13982
33.9907
10.0605
5.04034e-24
17.004
76.822
7.23075e-14
7.11008e-19
5.62116e-10
1.26119e-28
2.52176e-10
7.29751e-14
5.47159
1.5461e-22
1.80291e-28
5.11041e-27
2.61074e-27
8.99066e-16
40.1478
20.1519
1.39638e-27
4.97107e-21
79.9785
75.3232
55.8931
22.299
30.7306
4.60971e-28
2.25774e-11
29.0829
15.9544
9.08147
6.43229
8.33261e-25
15.1364
20.1938
9.20268e-24
0.124601
19.6054
6.05972e-12
9.3732e-24
25.5951
0.0528477
2.61321e-10
26.4964
1.55262e-22
36.1045
1.62643e-16
101.243
8.38595e-20
23.1306
74.714
2.44931e-25
94.0134
2.51689e-09
66.7565
26.0318
1.36822e-11
19.5585
98.7835
30.5307
1.13268e-11
30.1422
25.0467
1.54543e-11
38.0369
28.067
15.8711
24.603
9.51703e-12
1.19843e-07
7.35107e-08
1.79228e-08
3.4499e-27
1.79488e-28
8.90672e-17
0.0145935
5.17514e-25
49.9512
64.8184
61.6551
2.64694e-20
31.2402
5.45277e-13
53.991
1.26617e-21
1.66715e-11
4.63041e-15
17.0247
1.08527e-19
4.28697e-28
1.08468e-27
4.68927e-26
7.32578e-15
8.27648e-29
3.96561e-25
2.77719e-18
8.62355e-27
9.0162
8.33584e-28
52.5099
33.9971
5.14717e-20
38.5544
9.01259
7.62292e-25
44.4146
27.9411
118.406
197.548
1.39295e-17
1.74436e-07
2.42706e-08
25.0609
39.1947
1.18804e-07
15.782
37.1762
16.674
34.9873
19.7899
3.79999e-18
35.5886
80.7907
24.548
11.7134
25.364
43.0818
29.2502
1.69492e-13
15.1463
5.47324e-06
2.29303e-26
0.00055106
11.4727
49.7458
121.691
1.46637e-23
26.5523
28.7915
25.1768
47.5682
3.41433e-11
3.20613e-27
41.8389
48.1229
1.46159e-18
40.8993
28.701
15.7884
37.1954
16.6913
14.3759
8.31819e-17
67.3955
4.76973
10.0843
1.71096e-13
36.8166
7.40251e-05
4.88106e-11
27.1502
19.4963
3.47075e-13
31.7107
1.18212e-28
1.484e-26
45.5661
2.98465e-26
70.4696
53.7838
43.6944
29.1092
11.9133
1.60266e-16
15.9576
27.6368
24.5527
6.33964e-28
43.844
25.2132
6.21228e-11
15.7823
37.1764
16.6743
10.9923
2.53114e-19
23.7749
40.013
53.7468
19.0506
30.7262
0.204214
1.50374e-12
45.3461
27.9409
9.84864e-25
20.8608
4.25998e-28
6.32303e-15
14.8741
1.14971e-17
0.0052999
4.58072e-18
2.26764e-07
72.6085
34.2489
77.1402
3.90862e-25
22.0949
52.4035
51.1743
2.68803e-19
1.18964e-27
8.22406e-27
2.46866e-11
1.0183e-25
9.44658e-26
3.69105e-25
1.72573e-18
1.64023e-27
32.685
3.77335
9.24873e-07
14.8334
4.41713e-09
2.02924e-25
5.73705e-27
4.06901e-26
2.26924e-28
2.61937e-27
33.8295
3.92238e-26
32.0476
8.8107
4.2946e-22
3.46076e-11
5.31519e-17
29.9729
2.60391e-13
7.08802e-27
8.83064e-13
2.4084e-19
27.4047
28.2749
29.2153
54.1299
7.41092e-08
6.46472e-12
5.70418e-24
4.59916e-28
40.2235
37.384
3.44021e-08
5.30967e-20
9.51088e-05
1.41186e-07
8.16602e-27
2.76171e-24
7.14898e-09
82.2629
24.9673
59.2322
1.19364e-28
54.0442
37.2223
7.81585e-18
34.9056
39.7315
59.9356
3.25171e-20
29.2248
1.69473e-13
9.70166e-21
30.5286
2.42923e-22
3.57994e-06
17.7947
4.2064e-16
5.2321e-19
1.2994e-23
77.2099
86.834
86.9258
52.1928
10.5734
20.586
14.2276
6.92364e-13
27.9578
1.55383e-07
5.33165e-12
2.59698e-11
74.6113
5.06109e-24
5.51216e-26
5.45911e-13
54.4096
0.00152465
42.0788
1.8095e-19
2.59477e-25
17.0389
1.20383e-15
30.1086
1.69394e-13
42.2147
17.8756
31.5092
3.67836e-28
49.0559
3.02353e-24
40.2723
9.30739e-28
1.22257e-07
7.71396e-15
1.71815e-26
39.4446
4.71287e-22
16.1297
2.33717e-20
14.4911
3.93835e-26
1.66182e-07
3.12457e-11
111.505
1.25739e-26
52.6389
1.89422e-15
18.0451
65.4025
13.831
16.44
26.1271
6.50988e-27
39.278
4.69824e-18
30.894
72.7388
1.56447e-23
25.2682
3.55311e-24
3.27394e-16
1.23994e-07
3.62506e-21
13.9797
3.74829
1.04353e-15
9.23054e-28
49.9919
35.2387
0.00191556
39.2684
65.5577
24.387
28.6502
29.2468
1.55827e-23
2.70231e-28
29.4559
1.69341e-13
56.393
3.83168e-10
22.473
34.4727
26.0526
9.90836e-28
38.299
25.1878
1.60274e-20
83.6979
20.8715
1.03118e-28
1.36882e-07
48.7636
8.19209e-08
87.3297
8.37575e-06
67.2961
7.05479e-16
5.82536e-12
40.1375
23.0853
82.6085
8.1672e-16
64.7398
25.5738
30.9237
1.9464e-12
6.81502e-21
4.35971e-26
5.30378e-12
29.0832
1.69404e-13
4.13063e-22
28.2475
5.39769e-25
2.10913e-21
23.198
6.54808e-18
4.73435e-23
8.9172e-24
1.96975e-17
6.94514e-12
23.0536
30.5085
8.86015
32.1577
1.11987e-25
1.35364e-10
20.8688
2.24323e-09
8.19514e-18
1.03485e-09
74.9955
3.61656e-25
63.4194
0.00129722
49.9523
3.15073e-27
5.53129e-08
4.24e-11
20.2524
16.7214
5.04171e-17
30.1413
1.69342e-13
7.97681
38.0411
1.17659e-27
2.64991e-26
1.95075e-13
33.8407
6.33754e-20
5.90389e-08
25.0172
3.44988e-27
6.98866e-28
3.33876e-27
25.0487
0.00142582
69.4768
2.54795e-20
18.1739
28.6086
41.8349
5.54848e-25
2.232e-25
32.6604
32.4693
2.96116e-16
56.0653
50.3887
1.78663e-12
3.91163e-14
8.75101e-24
20.2769
5.31231e-28
7.11739e-28
8.17497e-18
3.34383e-27
8.93611
4.38271e-20
5.20056e-24
34.1011
6.44826
30.9235
3.57793e-12
4.79831e-16
44.4146
27.9412
7.41337e-25
33.5916
2.49638e-13
55.2691
18.5306
11.2937
26.6805
28.1832
15.7822
37.1763
16.6744
11.9343
24.0175
10.0589
8.53846
21.769
19.4946
10.5222
1.41419e-16
43.099
29.2512
5.66688e-13
1.65154e-07
1.69022e-05
4.70945e-18
4.97788e-11
3.49467e-23
10.3312
4.84694e-25
1.08759e-17
2.04845e-21
28.7913
25.1766
1.55935e-16
13.5226
104.546
2.72399e-25
54.8122
2.90735e-18
65.468
1.77377e-05
15.788
37.1956
16.691
37.4896
10.9274
1.55406e-18
4.94506
9.81509
68.8327
35.7333
5.89393e-05
7.24504e-15
27.1498
19.4963
1.73422
17.0246
1.70153e-24
1.64752e-26
62.9866
9.56438e-08
5.0885e-10
16.5386
0.000385073
29.1107
11.9148
8.43195e-24
18.7952
49.6687
4.8752e-20
1.02488e-26
2.33868e-22
17.3181
41.6916
15.782
37.1767
16.674
9.69905
1.92596e-19
62.2915
73.584
1.97609e-25
5.01585e-21
6.50516e-09
8.58887e-11
5.06487e-24
45.3465
27.9415
9.81511e-25
3.22565e-15
20.5189
36.0018
1.31314e-20
3.01577e-16
3.9413e-27
23.8932
1.24932e-07
7.34287e-29
1.61301e-26
44.947
9.5231e-22
1.21676e-25
61.5421
26.58
55.586
4.86903e-15
67.1942
1.40167e-19
53.0025
8.46587
63.9481
80.9776
60.8147
92.1814
35.7469
16.5564
5.74891e-10
4.98842e-10
2.02497e-25
4.85072e-27
8.00831e-28
2.27597e-06
1.02445e-25
6.1003e-19
9.43884e-17
28.9319
10.4619
1.55922e-09
45.6303
49.2079
29.9716
1.69408e-13
17.5194
3.97328e-22
17.7276
27.8884
54.5241
18.0875
8.06099e-17
1.66436e-19
1.13972e-24
3.52421e-22
2.14148e-29
50.9263
46.312
6.71944e-26
115.361
1.6842e-12
1.23061e-17
62.8888
8.22975e-24
38.3443
82.1702
24.3347
60.0033
2.5726e-10
56.6826
42.3132
37.056
4.54658e-26
45.7375
11.3108
44.8933
29.2198
1.69423e-13
38.8847
40.1321
59.0135
26.5156
26.365
4.66011e-24
7.26148e-27
90.5254
7.81542e-08
3.49453e-10
9.45939e-14
50.8527
73.9775
16.7411
24.4937
77.2085
11.5467
3.19372e-28
101.269
72.0943
80.7792
0.165183
4.83868e-10
7.27994e-26
29.8905
20.3775
53.7418
82.2809
51.7429
53.6286
4.09311e-10
30.1074
1.6934e-13
5.59931e-09
38.5958
7.37331
3.76572e-14
88.4768
38.8207
47.3943
109.026
1.08698e-20
1.16051e-15
2.68108e-26
39.4319
8.08281
60.8813
42.0154
3.46538e-27
50.1014
13.3137
39.5012
2.77363e-25
5.7246e-27
43.7446
1.10181e-07
1.97965e-12
5.14913e-21
4.29951e-25
3.01466
1.93314e-23
24.5641
158.691
1.06658e-10
44.0914
20.6265
1.8827e-22
71.9726
4.50828e-26
25.7715
34.2697
24.4729
2.28419e-24
23.1477
1.36823e-14
9.23041e-28
49.9936
35.9369
28.91
13.3694
2.32386e-28
2.78094e-25
1.02071e-12
50.5831
1.44762e-14
42.9334
29.4572
1.69395e-13
61.0086
2.0009e-23
1.84738e-27
39.5277
6.13372e-12
31.4608
98.4837
11.3274
7.3162e-14
83.7405
25.2626
1.08155e-26
4.38576e-17
54.9865
1.37063e-20
5.62934e-20
6.80877
6.61592e-28
1.65204e-14
9.96368e-15
37.9248
23.274
44.8775
2.47105e-22
0.0239492
1.94516e-13
82.3165
34.2371
43.6335
30.2253
3.8422e-25
29.088
29.3456
7.64456e-14
7.85661e-16
2.24631e-25
1.23393e-14
23.4309
17.6994
38.539
39.4955
3.0146e-18
2.08497e-16
22.9809
6.49213e-27
14.3128
1.93714e-23
25.0237
21.7249
1.2001e-08
98.5935
13.1882
2.85597e-18
75.2017
3.61902e-25
55.831
50.1043
0.00508598
3.43183e-14
2.25498e-21
8.75177e-25
4.80412e-08
1.70462e-11
2.17862e-11
30.1427
1.69396e-13
12.3163
38.0697
9.17516e-24
2.75442e-12
73.3101
19.5669
16.172
53.3565
1.11997e-07
3.44984e-27
6.60015e-29
0.000497614
1.62676e-08
1.67104e-12
71.1369
13.8247
20.0841
20.7976
24.5534
0.00128048
54.1078
9.16593
1.74373e-21
30.9918
3.02397e-14
94.2069
12.3989
3.59335e-13
2.61735e-20
9.91778e-22
2.61203e-27
2.72612e-28
1.62544e-13
3.978e-28
8.94541
3.90899e-23
38.6916
36.7276
1.31845e-09
28.2916
9.59868
2.31166e-14
44.4146
27.941
33.6144
2.64845e-25
7.91324e-16
58.4575
6.39596e-10
2.00878e-17
39.1242
14.0592
15.7823
37.1762
16.6746
3.80217
9.67545
36.0992
8.21296
2.76885e-06
53.5545
15.815
21.3368
43.1652
29.249
2.22634e-11
9.8478e-26
8.5643e-06
8.01987e-14
27.2433
29.8293
1.65207e-12
12.0562
1.66808e-18
5.78449e-22
28.791
25.1769
22.0956
23.9846
105.189
21.0965
25.2554
10.8877
50.1599
28.4036
15.788
37.1955
16.6911
1.36992e-17
6.46401
9.9792e-27
4.89626
10.2557
5.57402e-16
43.4338
12.8331
3.38684e-24
27.1491
19.4962
1.30036e-17
2.16525e-09
1.24639e-27
53.4888
3.01911e-24
3.52262e-08
7.48288
63.3373
4.15697e-22
29.1079
11.9248
5.63778e-17
1.93238e-19
2.39327e-26
37.3078
25.907
6.83726e-24
19.3232
21.468
15.7823
37.1765
16.6743
36.1433
105.014
36.8016
2.57438e-10
17.8118
34.6599
5.04207e-14
79.1506
2.85917e-12
45.3465
27.9413
8.57651e-25
2.36061e-15
19.9804
9.00136
23.3733
2.16553e-19
44.7909
2.32131e-10
1.13894e-11
5.19491e-29
24.7488
2.25068e-26
9.09008e-22
72.7567
1.00411e-15
32.4524
8.69519
21.1281
126.939
4.99054e-27
42.157
20.9995
8.9357e-19
2.62477e-28
6.86806e-26
3.23129e-23
54.5378
3.37667
14.6585
90.9591
2.01161e-25
2.04599e-27
8.39259e-28
8.6522e-23
3.52745e-28
19.5527
2.80196e-06
3.87381e-28
3.80858e-18
4.76648e-24
3.12584e-14
105.599
29.9777
22.628
13.2571
39.4282
72.8808
81.8254
58.3888
36.9742
21.659
3.13028e-23
1.7381e-24
63.8783
9.36009e-11
70.4949
9.06493e-09
115.06
48.9584
1.76464e-07
1.91193e-13
55.7447
97.2471
2.92738e-18
0.0041361
23.028
36.2895
7.35326e-20
28.6593
2.93811e-28
3.69413e-14
4.70823e-16
4.91808e-20
35.3403
44.1914
29.2243
16.6654
38.059
2.41182e-17
1.37401e-21
7.66323e-21
23.5154
86.903
51.1679
19.9996
57.2352
2.6282e-10
7.7032e-22
54.0834
19.0749
22.2274
3.91356e-23
31.9575
65.8367
1.92103e-10
1.57146e-27
64.0703
185.875
1.5391e-25
94.6569
6.2777e-19
5.92268e-28
5.21906e-26
60.2504
15.4373
68.7167
12.9436
1.05979e-26
30.1139
27.0927
52.1236
1.62745e-16
29.7059
53.3046
62.2906
3.55383e-08
24.9994
1.38232e-18
54.1437
2.27261e-19
50.0954
39.6548
37.5492
17.1758
2.07937e-24
0.00537653
19.6549
73.6687
2.23063e-21
21.5565
1.90489e-27
1.40133e-19
9.52822e-18
20.3389
0.00230898
3.44536e-25
40.4666
5.67742e-27
3.58031e-21
32.8695
2.41435e-19
8.36241e-19
1.33511e-19
42.1415
38.5588
6.55717e-28
1.59725e-28
1.56215e-23
8.69449e-28
18.2384
5.461e-24
5.75421e-18
9.20216e-28
50.0095
35.9087
45.3967
15.3982
41.1658
40.6535
48.6363
72.4988
24.0613
9.90475e-10
29.4574
2.60378e-13
1.11306e-13
5.51877e-08
3.20213e-20
4.96373e-09
38.8653
49.5239
5.08103e-16
4.91174e-12
4.41851e-27
83.7089
25.4615
4.57089e-23
1.0312e-06
8.6415e-19
1.73822
5.05497e-07
57.6152
9.38109e-11
40.7816
6.84394e-25
44.8791
23.2706
1.19311e-23
24.348
97.5813
2.94711e-26
3.79478e-26
27.1303
0.00137566
7.89406e-13
49.9424
29.0872
1.69505e-13
5.66307e-22
53.441
6.26449e-27
25.2144
21.692
43.1203
7.58529e-27
18.9831
1.40577e-11
6.20525e-20
22.9776
66.0698
24.6639
0.0489761
2.33751e-16
6.94245e-17
45.2503
16.4578
14.7445
23.6091
71.5078
28.158
7.38712e-24
4.30598e-10
86.6024
94.2346
2.32967e-08
2.08301e-24
32.4066
1.09637e-09
57.6457
30.1435
2.60373e-13
42.3991
39.0852
1.19136e-08
5.94451e-27
5.08963e-16
16.8592
1.11392e-17
20.3249
2.20491e-11
2.23837e-27
4.99028e-27
1.58615e-05
9.7736
8.56695e-21
1.16642e-15
1.70311e-12
2.05853e-26
4.66206e-17
24.6623
4.95694e-11
54.8186
25.1383
46.1368
37.9366
39.2118
86.4267
50.043
1.89337e-19
23.1839
70.2971
1.51707e-27
1.05652e-28
1.65741e-09
3.04306e-23
9.12254
4.81721e-28
3.75975e-10
1.52289e-25
49.208
5.13332
58.4901
2.06619e-15
44.4146
27.9382
1.92421e-24
6.16058e-25
1.71896e-07
62.0296
0.0742028
74.2745
63.3247
10.8018
15.7816
37.1754
16.6734
6.55416
15.7198
12.1155
6.95409
4.48503e-09
2.84356e-23
37.4615
70.6063
43.3833
29.2566
30.4162
11.5848
0.494859
8.04749e-26
17.7779
37.5434
31.2696
18.6873
45.5252
1.08821e-21
28.7986
25.1845
1.13401e-07
2.76203e-24
42.3193
1.14558e-27
17.2021
125.3
4.77691e-25
2.84814e-27
15.7872
37.1945
16.6901
12.3855
11.3926
9.28525
2.03272
9.28705
18.2948
32.8197
33.5928
4.05319e-14
27.1577
19.4936
4.46333
17.4471
1.05322e-06
4.72482e-22
51.4773
4.37089e-25
0.00128554
69.1758
38.5006
29.1132
11.7609
4.82082e-17
1.40568e-07
28.8938
3.17542
21.2954
10.5744
11.8464
22.1351
15.7815
37.1756
16.6734
2.83853e-18
1.49437e-15
7.95962e-22
13.2162
26.8474
66.4893
32.9636
1.12838e-27
24.58
45.3463
27.9403
8.53181e-25
2.66171e-22
0.00682371
2.89909e-17
3.57536e-24
11.6098
317.34
39.6629
2.17611e-16
1.39537e-27
1.58895e-26
4.85843e-26
1.24352e-22
30.6663
3.43656e-26
40.7272
33.0754
8.40869e-21
8.41731e-21
1.87264e-14
47.8478
26.3468
2.66795e-14
8.98065e-26
1.55382e-22
110.527
28.1145
26.4565
3.60578e-26
1.52417e-21
1.29832e-25
2.05385e-27
5.53958e-27
4.24499e-26
32.5688
4.99266e-21
1.03878e-28
42.7681
48.9289
3.35713e-20
8.28825
34.5519
41.2757
29.4729
19.7441
1.40086e-14
71.686
9.80903e-27
61.9924
2.18426e-09
0.000192944
6.37892
1.29864e-22
86.2663
78.7649
48.7906
1.88301e-11
0.00047799
28.7984
6.63002e-14
2.00745e-22
1.25765e-07
2.52937e-12
3.21889e-21
1.00262e-27
69.3016
4.97865e-26
5.9021e-22
9.21609
18.2192
1.7371e-18
9.29477e-27
37.9416
3.31337e-27
2.14254e-12
35.3908
25.0334
33.6851
40.7276
1.05561e-12
6.46542e-25
9.21473e-22
29.1733
41.0539
86.0335
3.4135e-06
72.7499
69.9644
47.0887
6.4568e-25
25.8454
52.2017
55.9276
1.27738e-17
9.29024e-18
55.9061
2.72298e-20
76.038
37.0542
161.352
4.23103e-17
8.84926e-07
77.1844
51.599
31.7953
3.77902e-19
4.45849e-21
6.15939e-22
40.3818
29.6927
156.577
4.68424e-18
3.81703e-27
3.2753e-15
1.30662e-21
25.7861
20.933
57.6492
4.44466e-19
1.63684e-23
3.00442e-27
27.6009
3.68884e-19
30.1285
39.5093
6.17823e-25
71.4972
3.49891
6.76334e-26
1.15582e-12
2.04647e-21
32.1882
3.44618e-16
1.37523e-07
14.2062
1.31781e-12
30.9834
44.0742
7.86745
51.1348
3.02822e-23
1.30783e-17
4.73522e-24
8.66449e-13
1.9529e-18
4.36868e-13
2.42752e-09
1.70772e-20
1.08038e-19
29.7072
27.6573
5.22832e-18
38.98
44.4745
18.5125
3.66404e-09
1.18435e-18
103.798
3.22515e-18
37.8679
49.2786
38.5811
42.9166
30.0422
2.60305e-13
29.7881
3.67862e-17
8.63398e-08
6.8841e-28
24.0819
42.3762
11.1903
82.5326
2.56266e-15
237.119
3.92562e-10
1.36038e-28
6.68747e-29
4.29536e-25
23.9469
171.602
7.0809e-14
6.47085e-25
0.000935705
35.3942
92.4447
25.1385
8.36492e-08
53.9488
3.9661e-18
87.9942
3.9716e-26
1.02859e-14
20.8369
36.8233
1.22535e-05
29.6326
2.60363e-13
2.24724e-15
25.6928
5.56171e-13
9.30679e-22
2.54099e-20
4.00374e-24
6.6881e-12
37.343
19.2917
69.5994
25.7587
5.62794e-21
14.6041
25.6503
1.1616e-23
62.222
39.4298
45.0704
141.998
3.49736e-10
46.7329
14.4098
65.5004
36.6395
1.05758e-23
6.52322
1.05833e-24
2.68296e-10
63.0216
1.78243e-19
4.78615e-20
30.7333
2.60292e-13
26.2979
39.5599
64.9772
26.9392
25.0053
6.32899e-24
21.9058
85.3118
1.25396e-11
2.75929e-12
59.0189
9.0453e-13
1.60479e-23
6.25698e-15
1.63767e-27
1.00541e-13
1.46898e-24
23.5923
14.6068
84.0522
55.7694
1.00228e-27
1.08964e-17
4.58434e-18
37.1595
55.467
8.83744e-09
1.93523e-18
5.90572e-16
31.1971
2.55988e-28
5.9486e-18
1.10474e-08
1.8853e-10
47.8037
4.31971e-16
13.8516
5.11668e-26
5.1347e-27
3.03282
2.87657e-12
3.83243e-15
44.4965
27.9331
1.62849e-18
2.29247e-26
1.38355e-27
6.48489e-23
3.44555e-21
22.8242
1.38138e-23
4.92586e-20
15.7806
37.0728
16.5836
22.039
2.54431e-13
27.6926
4.54723e-12
7.12358e-15
2.4435e-27
13.6804
3.2553e-23
1.55959e-24
32.8891
2.60075e-13
2.99302e-23
51.5729
11.4451
8.49413
7.44018e-25
31.9186
9.63387
2.26005e-11
2.05554e-20
32.2962
23.8556
12.0181
37.9131
17.3249
4.97567e-18
13.3999
8.68589e-27
6.48924e-14
6.59682e-19
15.7821
37.0953
16.6033
18.3182
3.92754e-18
11.8008
56.7804
31.9362
57.1275
28.0314
7.47636
6.16112e-27
26.5556
19.2
1.94896e-07
24.4242
6.31856e-25
5.78185e-19
35.9971
7.65326e-23
1.73837e-20
4.84065e-18
1.56811e-18
32.6393
12.0916
21.5962
4.32688e-09
32.8161
3.88514e-20
9.74689e-23
6.175e-26
43.218
4.0187e-16
15.7809
37.0731
16.584
13.2818
3.72101e-22
18.942
2.59327e-18
14.5617
6.51054e-09
18.6575
6.66066e-09
4.80826e-12
45.4614
27.684
3.5969e-19
15.3007
4.67081e-27
1.60832e-24
1.20304e-06
30.8169
20.4841
3.9182e-11
2.91409e-21
65.5502
6.01922e-26
48.3233
32.591
8.3508e-21
2.09496e-13
62.4466
53.4974
7.64568
1.93174e-18
4.803e-13
65.0955
33.7231
9.98045e-29
15.8272
4.50242e-20
46.1912
3.06479e-24
4.62978e-23
4.95272e-20
2.55814e-15
1.00281e-22
69.9792
3.40501e-10
1.77293e-26
6.83309e-27
40.9275
40.1072
17.024
59.0154
2.20159e-11
41.6082
34.6632
45.4642
28.0801
1.08031e-19
16.0764
38.5457
0.0279132
22.3189
7.83512
1.45061e-07
28.9316
3.2506e-09
1.49608e-29
60.2553
45.141
8.89935e-19
32.144
33.2305
57.5393
17.8447
7.92829e-17
2.55347e-15
34.7648
1.32609e-26
99.0165
1.5695e-13
1.07642e-16
1.83249e-27
54.9746
19.8909
3.19912e-18
7.62684e-11
1.14342e-22
1.06052e-19
45.4632
28.0863
2.43832e-23
3.05561e-19
7.71315e-28
15.6419
53.921
16.4626
1.07549e-25
56.5911
23.6912
7.46243e-27
4.55416
45.0565
1.26077e-26
2.05063e-21
31.3026
25.8822
28.6121
67.1371
35.2596
1.4068e-08
1.15667e-14
3.08011e-18
32.7325
9.46563e-24
1.53065e-09
2.83649e-22
45.5787
2.2074e-06
20.4312
50.7537
1.50646e-06
45.4642
28.0859
1.65e-19
39.4507
42.6045
2.35913e-21
6.3713e-15
3.51685e-16
4.62151e-22
3.48698e-24
2.47296e-18
3.82738e-27
3.81722e-18
44.0642
7.62616e-24
5.1787e-25
6.32666e-29
28.8381
20.7228
59.695
8.7541
8.5831e-19
8.69572e-13
33.7321
29.766
7.53314e-27
12.2909
9.76571e-14
9.88017e-26
1.81697e-24
1.11235e-20
2.10909e-18
VECTORS velocity float
-8.26358e-27 -4.92359e-28 0
5.73135e-26 -8.8517e-26 0
-25.01 22.5173 2.27468
5.02919e-09 3.34225e-08 0
-4.37313e-18 -1.1788e-18 0
-7.5982 -24.7939 30.406
17.3288 16.0291 -3.10247
56.8495 -50.8515 -1.26203
4.2336 -37.2448 -7.56086
2.9758 0.735289 10.6227
-2.0837e-17 -4.07363e-17 0
-0.784522 -61.9257 -4.98313
-12.2224 -28.9751 44.4183
-2.6164e-19 -2.09362e-18 0
0.0835401 0.038787 0
-1.21293e-27 -1.27754e-27 0
11.4623 15.2628 -8.5067
-2.5791e-10 1.00253e-09 0
-37.3438 -44.7496 56.922
26.2213 -14.895 48.5294
2.55839e-19 -4.41937e-20 0
18.8598 -8.97512 3.73102
2.6884 44.4787 -4.91266
-27.6508 -8.38434e-06 34.867
-28.0836 -0.00405084 0.352179
8.58651 15.2845 -4.71935
0.000254386 0.00169061 0
-29.8846 -15.389 -1.6951
-30.9653 -16.9655 5.21114
-39.2811 33.2452 53.0036
0.332649 27.3161 18.8869
-50.7626 23.0638 21.3942
-25.6211 -19.9405 -1.62997
-6.73359e-08 5.45099e-08 0
-1.66063e-24 -1.61953e-24 0
0.000150157 -0.00113903 0
24.2159 4.20267 11.6057
10.1701 13.4411 11.6502
17.8436 -1.77805 -6.6146
3.05617e-21 2.61047e-20 0
7.6684 2.48921 -2.38057
-4.78005e-08 3.86919e-08 0
18.3712 41.6743 91.4695
-4.88998e-17 -1.40953e-17 0
-46.5021 -4.20855 6.91002
-7.45433e-30 6.60478e-30 0
1.45246e-08 1.49554e-08 0
-6.69322e-29 -1.77992e-28 0
-7.56255e-27 -1.02241e-26 0
-6.59681e-15 -1.07234e-14 0
-7.69474e-17 -9.52726e-18 0
18.3546 2.84866 10.2894
64.3761 -27.4876 -2.25332
-24.871 -22.3046 4.50864
-2.78127e-24 -3.27902e-24 0
-1.44687e-16 -4.17057e-17 0
-27.6213 4.30555e-06 34.8892
-28.0844 -0.00203371 0.35775
-2.05534e-11 -3.73507e-11 0
-10.6082 9.23213 2.04869
1.49975e-15 -5.50966e-16 0
1.31313e-06 -2.19856e-07 0
7.83985e-12 -1.71007e-11 0
9.68589 -18.5011 1.28884
26.0723 -17.1128 41.3066
0.889822 0.585341 9.46354
-1.27959e-10 5.37562e-11 0
-1.06082e-29 -1.62055e-28 0
-8.82328e-23 -4.38826e-23 0
-7.07042e-26 1.14051e-25 0
1.35284e-24 1.34991e-23 0
26.9895 30.7396 11.3196
-1.03345e-26 3.92097e-27 0
6.59215 33.4149 -8.24174
32.2709 2.41568 -4.36667
-53.6473 -3.33993 5.43917
2.6639 -9.25172 4.53819
3.01526e-12 2.02035e-11 0
-12.9629 86.1238 15.1085
1.29387e-13 9.47692e-13 0
23.5527 4.71843 -7.5125
-4.4502e-12 2.97511e-12 0
1.05776e-25 -3.8856e-25 0
-4.59822e-26 -1.4849e-25 0
3.02066e-08 2.55612e-07 0
9.96622e-23 -5.60234e-22 0
14.8452 -64.2969 3.68726
-1.08267e-25 2.41081e-25 0
-1.18858e-15 -9.51065e-15 0
-27.6508 1.207e-05 34.867
-28.0781 -9.41784e-05 0.376328
-21.3862 6.88198 -1.29551
-65.3342 14.1773 5.05461
-1.06643e-28 1.83065e-28 0
10.2696 -12.9915 4.6052
1.62459e-19 -5.62797e-21 0
7.57386e-16 8.8861e-16 0
-28.3431 -4.03552 12.8315
9.70441 16.373 2.08685
-3.24576e-10 7.18219e-09 0
-7.83031 41.6451 39.1109
-7.43711e-22 -2.14952e-22 0
19.4513 -15.1626 -5.28892
-4.77252e-27 4.57771e-27 0
15.4532 -24.8511 2.09111
1.33433e-19 -1.23897e-19 0
-16.0459 46.282 -5.78043
30.4794 -0.282477 61.8199
19.6378 2.97205 3.51274
15.5882 12.4112 32.0942
-1.55588e-12 -4.48468e-13 0
1.43779e-26 3.07465e-26 0
-24.4125 -23.1646 2.14785
-5.93546e-13 -1.71089e-13 0
-13.3786 31.1331 -6.64365
23.0423 -35.4224 5.99382
13.6627 -11.1859 -2.65754
2.95799 -17.6702 -7.00042
13.2654 65.0105 51.3153
2.29556e-26 -1.7961e-25 0
-6.58514e-24 2.38021e-23 0
8.55996e-30 -1.46033e-28 0
-1.24005e-16 -9.92227e-16 0
-4.65437e-16 -4.78484e-15 0
-1.71076e-28 -5.28982e-28 0
26.7741 -11.4101 41.4842
-1.66345e-14 -3.79368e-14 0
1.68483 -7.2453 14.174
2.82921e-11 6.25563e-11 0
-7.45638e-23 -1.89023e-23 0
8.4184 23.4731 2.48715
-7.79466e-21 -1.1695e-20 0
-5.80267e-15 1.28401e-13 0
-0.000263625 -27.6325 34.8771
0.231856 -27.679 -0.491659
-6.04403 -9.65956 12.15
16.3797 16.7577 12.7504
3.53132e-25 -4.20233e-25 0
-4.3824 15.0291 7.15001
22.4461 -32.4548 12.5575
-20.6181 1.98855 2.41646
4.57501 -57.625 25.6022
21.7081 -5.78512 11.3513
-1.04658e-05 -8.07216e-05 15.7808
-3.9477e-05 -2.08057e-05 37.0728
-0.00017032 -0.000126574 16.584
24.9664 12.4878 -3.76975
3.23613 0.375659 1.81795
11.7417 11.3435 20.9707
-2.26304e-17 1.34355e-17 0
36.6888 34.2931 48.7962
3.65426e-18 1.3506e-17 0
9.01623 27.4205 59.2478
3.5403e-08 2.31585e-07 0
-28.6907 18.5542 4.86503
2.80458 30.3847 11.6687
-1.03195e-17 2.60062e-13 0
15.985 0.863347 -4.70142
-4.92346e-28 -7.8026e-29 0
23.5883 -9.8758 14.4377
-1.78819e-16 -6.44206e-15 0
9.34177e-26 1.14953e-25 0
-16.5212 -37.9774 -2.95117
-27.2865 35.779 10.2082
16.8763 -21.3076 25.2056
20.9569 -27.9981 35.022
3.25658 -24.2869 20.1761
-0.405762 -24.5467 -5.80532
3.92503 6.10106 -6.19108
-157.412 -52.3269 60.3359
4.68197e-11 6.70522e-12 0
0.00954583 -0.0733697 0
6.06216 -16.9434 -3.80964
2.30149e-23 6.00443e-23 0
-9.48915e-28 -1.52637e-28 0
-0.135287 -27.167 17.4768
-5.40639e-06 1.19366e-05 15.782
-3.66539e-05 1.49326e-13 37.0953
-0.000732845 0.000114274 16.6036
-2.28977e-20 -3.0206e-21 0
6.472 -7.96702 -1.22276
6.65788 0.692403 11.4027
5.30292 1.8036 10.8904
9.1177 2.62494 66.5432
-5.09692e-21 -3.14865e-20 0
16.9166 2.8061 20.0445
21.0403 0.496319 25.7651
0.0609806 -0.382609 0
6.18794 13.4504 20.8501
-0.000684759 13.7887 14.3251
-2.27158 -10.0018 -4.95741
3.16496 3.85452 3.94576
-16.9363 12.381 2.79649
10.299 69.3559 -6.86247
-6.83851e-28 5.22743e-28 0
-4.96229e-24 4.07646e-24 0
-7.65396e-13 -2.20624e-13 0
-2.21622 -12.8317 2.2504
-2.75851 42.2512 -0.213322
3.23226 -24.3637 20.3868
1.56058 -3.34258 10.92
12.7413 32.9202 4.16964
6.88731e-19 -3.87774e-18 0
23.8919 5.03574 40.3379
-20.0306 -13.4782 41.6205
15.2249 -23.7836 1.23283
-8.36366e-23 1.85071e-21 0
20.8828 48.0398 19.9474
-1.19916e-10 -3.10664e-10 0
-3.49461e-05 4.11666e-05 15.7809
-3.94769e-05 2.08057e-05 37.0728
-0.00116881 0.000121293 16.5843
-8.65814 -21.028 28.5072
3.3671e-18 3.58197e-18 0
8.95371 -18.8885 15.3602
5.70232e-09 2.41104e-08 0
10.3185 -26.8094 0.657564
7.22746 -4.58628 2.06253
18.9591 -19.1692 -5.70307
-1.64562e-28 -8.60575e-28 0
-3.62336e-27 8.21098e-27 0
-0.000188538 32.081 32.211
-0.000233826 27.8897 -1.55402
12.1994 13.8716 -8.18246
-2.47912 -8.39521 4.93051
11.1453 26.7128 15.1466
-3.96376e-21 -1.62746e-20 0
13.8762 21.1869 22.5471
20.5816 30.1651 -1.38228
1.02827e-26 5.07852e-28 0
44.82 57.9331 23.5525
-6.33273e-14 1.4013e-12 0
-13.5944 -83.1951 82.7765
-1.75384e-26 6.17191e-26 0
17.0385 -31.2054 27.5025
17.4923 -9.98439 36.7409
8.73455e-17 3.65655e-16 0
55.1708 -4.4897 47.5164
55.8188 19.4842 25.5017
5.29016e-28 -7.36871e-28 0
1.8334e-21 -3.15198e-20 0
-7.75623e-15 5.72688e-14 0
-9.90511 -19.4278 4.93726
5.96619e-28 -2.29073e-26 0
-101.977 60.3777 -2.58039
-2.89101e-18 -5.8765e-18 0
25.7153 17.8936 2.28338
-1.89797e-18 -9.43956e-19 0
-1.04273e-21 -5.90382e-22 0
-49.7251 -1.01995 7.76951
2.20557e-21 -8.41435e-22 0
2.78446e-26 -1.56373e-25 0
2.15647e-12 3.81438e-12 0
-2.41889e-13 3.70177e-13 0
-4.55631e-11 -3.6458e-10 0
2.0375e-27 1.6044e-26 0
-4.29232e-26 3.75719e-26 0
6.4182 23.0354 4.60676
8.14924e-17 1.8017e-17 0
-8.04896e-18 -1.43487e-17 0
2.17229 28.8626 -7.94854
6.67758 -7.46275 8.92117
2.94022e-18 -9.82096e-19 0
-31.3771 1.8809 -2.42257
-21.6187 -2.38775 27.595
27.6635 3.09346 12.7575
2.60327e-13 -1.03299e-17 0
10.7189 -45.3854 45.1233
-1.84122e-27 -1.23237e-27 0
7.46558 -20.1958 45.3187
-26.4255 -15.8173 81.3384
-43.2813 46.0785 -5.0543
7.10374e-05 4.72231e-05 0
44.6925 9.44409 -5.97972
20.8544 32.9049 33.4911
10.9494 -11.4352 -5.22229
-36.5997 -175.36 71.501
4.15028e-26 -6.31754e-26 0
-2.97747e-27 -1.82421e-27 0
-1.50195e-27 -7.07074e-28 0
-4.00951e-20 -3.15244e-19 0
19.8127 33.4088 19.0062
-1.02347e-21 -1.5356e-21 0
-2.01506e-26 -2.37923e-26 0
-5.19054 -0.863714 28.4084
-9.94691e-25 2.07307e-24 0
26.8626 -26.4385 10.0926
41.96 -55.3402 29.7032
13.667 17.6938 10.6811
-2.514e-17 2.01839e-17 0
8.73278e-17 3.27095e-16 0
15.3032 28.0373 1.41063
37.6016 12.4594 3.68655
-4.18114e-13 -1.20521e-13 0
21.8608 30.9237 43.9671
9.51493e-24 -2.26674e-22 0
41.8939 9.8666 -6.73309
-42.9048 3.07774 2.38313
26.6945 3.02622 12.9837
2.60371e-13 -2.46316e-18 0
18.82 21.5879 10.276
2.47841e-15 3.27182e-16 0
-35.2033 -8.41022 1.83211
-4.39358e-15 -4.65411e-14 0
-4.20203e-08 -1.81697e-06 0
0.000154691 -0.000154393 0
-25.6323 16.9271 7.95405
-6.25591 -0.1207 9.19468
4.31339e-17 1.63557e-16 0
73.6347 24.488 17.4553
-80.1596 -15.2545 32.9839
0.492234 6.85733 16.0058
1.54381e-06 5.78249e-06 0
-9.54864 -16.0347 9.4971
1.13512e-26 6.55486e-26 0
3.24934 -1.73208 -5.8434
6.25384 5.37271 3.68461
-32.202 -33.9077 6.09995
1.18305e-23 -3.77021e-24 0
7.69819 -1.97307 17.5325
-2.40115 135.253 7.99601
1.72786e-25 -1.61675e-25 0
-1.96968e-09 -9.79619e-10 0
-7.43112e-26 2.6439e-25 0
13.067 -18.3792 11.9879
41.5625 -51.8459 25.8349
-3.5222e-13 -1.01527e-13 0
17.5935 -20.4236 59.5211
-1.29102 -42.7268 -2.47514
-28.1706 12.6904 29.5884
-41.7189 1.56024 0.357038
27.8236 -1.10716 13.1083
2.60307e-13 1.14518e-17 0
87.9459 -179.777 237.922
27.4321 25.9172 85.0254
8.58071 22.3266 18.6078
3.0976 -19.1641 4.44568
3.61537e-25 2.39791e-25 0
2.89954e-24 -6.87623e-23 0
-1.10314e-21 -3.54409e-22 0
32.4434 -6.09612 16.2653
3.87522e-14 2.57495e-13 0
-2.52594e-15 -2.43926e-14 0
-6.36339e-28 9.65795e-28 0
63.9254 92.6104 4.66365
31.2017 -18.8157 0.251801
3.10795e-08 2.04156e-07 0
-93.6636 9.86895 37.3715
1.84999e-13 1.98142e-13 0
-7.18978e-26 2.62074e-26 0
7.15559 -40.29 1.08032
4.42075e-11 -1.33415e-11 0
-8.6857e-17 -3.75573e-15 0
16.613 26.3413 -2.35452
-6.43686 -20.6081 19.9024
-2.83183e-12 -6.75255e-13 0
-2.848e-24 -6.937e-24 0
-4.58644e-18 2.80565e-18 0
-69.5805 15.5986 -5.46125
12.0278 3.59647 -6.2668
1.26355e-11 4.73274e-11 0
-31.4272 82.796 -5.98075
8.72233e-07 8.3949e-08 0
-3.61167e-25 4.61793e-24 0
-8.75165e-19 4.66485e-19 0
27.6225 -2.52076 9.77736
2.39173e-18 3.21113e-18 0
-1.42967e-12 -4.12086e-13 0
-9.01147e-29 -9.53225e-29 0
3.98577e-18 5.35413e-18 0
-1.12609e-18 -8.97662e-18 0
7.38761e-13 6.52511e-13 0
-3.51673e-28 -4.61313e-28 0
31.4094 43.1786 39.5013
-9.59523e-16 -7.67779e-15 0
-7.12855e-28 -5.88409e-28 0
25.3833 41.9873 18.6463
0.359879 27.7328 22.2954
-2.46241e-12 4.85405e-13 0
-37.5824 -25.7193 -5.69175
-9.56755e-28 -5.10248e-28 0
19.2057 5.08333 9.43814
9.17701 2.90666 26.1084
13.6168 -5.22612 -4.5693
2.9488e-18 2.53879e-18 0
2.13066e-26 -1.0356e-27 0
-2.75869 7.04815 28.8448
-29.2631 -0.98462 -5.1512
5.42437 3.97882 -6.09254
-3.8627e-16 -1.11342e-16 0
-1.39387e-06 2.99803e-07 0
-42.643 23.6876 8.21704
16.8942 16.5816 11.5797
3.77725e-08 -2.4713e-08 0
-0.0011165 -0.00907154 0
0.412512 0.260938 0
-9.88175e-15 -7.90737e-14 0
-1.53237e-23 2.09059e-23 0
23.6516 -6.84315 12.5734
-4.00682e-16 -3.20801e-15 0
3.46275e-21 8.38964e-21 0
109.585 -35.2066 18.721
-3.18642e-28 -8.97027e-28 0
-1.94855e-12 -5.61601e-13 0
-2.59727e-26 -9.62933e-27 0
-5.88409e-25 -5.20566e-24 0
-4.3276 6.65816 34.1895
-7.16191e-17 -2.06116e-17 0
8.68434 5.06008 38.2239
43.5583 -14.2735 -2.03107
-1.88039e-17 -8.2927e-17 0
4.03881e-29 2.55969e-27 0
-2.2103e-19 -1.73549e-20 0
-3.22861e-21 -9.30739e-22 0
1.55606e-26 5.83107e-27 0
4.14378 -29.3586 23.3461
16.9038 -33.6044 26.0915
6.97604 -2.01026 0.566334
38.3176 10.8398 4.90653
-11.8798 5.32106 25.3621
-23.9985 -0.256575 3.96827
7.77641e-13 -9.39853e-13 0
4.96207 -6.34195 0.346107
-3.39993e-21 3.04459e-22 0
-3.9004e-26 3.14412e-27 0
-20.6739 -32.6961 0.762028
-40.5072 26.5554 1.42171
-52.3434 15.9501 17.8595
-1.82572e-23 6.60823e-23 0
-9.33278e-09 7.5567e-09 0
-2.03407e-29 4.87493e-29 0
4.47251e-28 -5.12341e-27 0
81.8687 4.55009 172.095
-6.11481e-20 -1.76258e-20 0
84.9404 -52.4526 20.9962
-1.23628e-24 2.30212e-24 0
-56.6044 14.0998 6.30166
11.9433 12.7743 33.9625
-131.981 95.0906 58.2904
-9.05139e-21 -2.60902e-21 0
-2.16249e-22 1.55344e-22 0
6.03207 -69.3033 14.0843
26.2282 2.70393 12.8739
-6.54794e-06 -1.94218e-05 0
-4.58829e-17 -1.49589e-17 0
-2.80836e-16 3.48397e-16 0
2.20092e-29 -5.99238e-28 0
1.2034e-14 2.21483e-13 0
2.40891e-21 -6.47542e-22 0
14.9232 -2.57039 16.2144
-2.06639e-15 -1.6425e-14 0
-1.32611e-07 1.07328e-07 0
-6.23425 -1.51425 28.9411
-29.3949 0.353863 -2.02864
-1.68357e-11 -1.34719e-10 0
25.4878 -12.1527 24.8348
32.9022 -38.2483 0.715515
-0.122903 0.136266 0
1.80439e-23 6.6963e-24 0
5.98255 -21.8427 -6.38867
-1.6572e-26 3.82225e-26 0
-1.24113e-12 -3.57755e-13 0
-2.99239e-22 3.61888e-22 0
-1.61474e-27 1.5599e-27 0
-56.8656 88.3272 1.38267
-2.24919e-11 -3.73048e-11 0
-1.10817 -16.1251 1.88259
10.7697 26.0118 -2.1211
1.36089e-24 1.44714e-24 0
-1.5111e-25 -2.64787e-25 0
30.5671 46.7015 45.6086
-18.0707 -5.76908 38.3535
-16.5576 -7.55603 0
-2.99665e-11 -2.39785e-10 0
-1.99887e-11 2.78437e-11 0
38.7724 -10.2056 5.77203
-1.63137e-21 1.3634e-20 0
-2.82064e-15 2.47231e-14 0
6.82989 17.9765 1.42589
10.5856 -17.2587 12.9252
-4.72016e-25 -1.35551e-25 0
4.00911 -23.3204 -0.000926615
-2.86782e-25 1.77764e-25 0
-4.55372 46.3274 5.30076
7.82634e-31 -1.47029e-28 0
7.94966e-26 -4.48454e-25 0
-1.0421e-19 -7.44026e-19 0
3.60674e-28 -8.61036e-27 0
-0.193399 5.79829 -7.31057
18.034 22.7503 -2.15085
73.8938 8.69709 42.3109
4.05917 17.1293 2.36417
1.13127 -3.45985 9.1959
-1.84329e-18 8.46418e-18 0
18.4438 -0.708954 -7.60922
-3.18546e-24 -4.11279e-24 0
-8.20902e-06 -22.8726 38.0723
0.226655 -27.9254 -0.898744
8.61316e-23 -2.90327e-23 0
1.10502e-19 1.93187e-20 0
-1.94443e-20 7.04468e-20 0
19.738 -43.2108 54.3665
-45.6532 -19.9265 32.7024
-3.18423 7.87386 17.3902
-1.41938e-11 -1.13574e-10 0
-1.0917e-23 2.76327e-22 0
-1.3245e-05 -0.000104486 15.7816
-3.34317e-06 -1.46788e-05 37.1754
-3.70158e-05 -0.000160217 16.6736
-3.45066e-23 -4.58348e-23 0
-11.9663 -13.8216 -1.04302
2.18367 2.76375 -3.3735
4.57193 1.71691 -5.66439
-8.79154 17.1263 30.0518
2.80829e-27 1.89183e-27 0
4.30082 -5.11859 4.17433
2.04424e-24 1.8099e-24 0
3.02758 -43.0271 2.75805
3.08313 25.8888 13.2751
-3.78232e-18 1.69443e-13 0
3.25042e-19 1.25997e-18 0
0.02055 0.0211594 0
-9.37784e-22 4.12529e-21 0
6.60608e-24 -1.57279e-22 0
-0.482504 31.5715 2.64522
19.8682 -1.469 10.0576
8.13952 6.87566 -3.14532
-2.67896e-11 -2.14368e-10 0
8.4513 20.31 14.0612
3.54955 -19.1872 21.1808
-0.45321 -24.538 -5.61799
-2.85161e-11 7.1945e-11 0
11.5434 31.2807 -6.71194
2.10727e-27 -1.11316e-26 0
-10.1042 11.2711 14.5765
-5.95727e-15 3.41353e-15 0
26.649 -44.6891 14.4121
23.7734 -45.2224 17.3926
-3.40135e-08 2.75352e-08 0
5.81525e-05 1.68001e-05 15.7875
-3.08399e-06 8.60133e-10 37.1945
-8.2426e-05 1.12301e-05 16.6905
13.3563 -14.3092 18.1292
-13.0695 -5.60773 -4.50294
26.7041 11.2379 10.6042
7.2167 3.65329 -1.14821
3.07226 -2.48917 7.90077
5.26523 7.20152 22.7292
22.1037 9.26056 53.8482
6.56146 0.629429 7.97486
9.92309e-13 -4.32971e-12 0
3.35139 21.6944 15.9908
-1.60278 12.359 14.9404
9.86045 -12.0412 14.6757
-1.06113e-09 2.34806e-08 0
-7.37715e-11 9.1326e-08 0
-3.34881e-14 7.41022e-13 0
9.87325 9.50286 -5.58835
-4.3794e-19 -1.50075e-18 0
1.24832e-09 1.04507e-08 0
4.45814 1.5476 -2.78454
0.406099 11.8612 0
3.49793 -19.3123 21.5035
1.78388 -3.10154 11.3583
2.60804e-15 -1.17774e-14 0
4.65507 14.2479 7.47454
-3.06412e-18 -1.52394e-18 0
1.01463e-11 -2.56793e-11 0
-1.78746e-25 2.73303e-22 0
9.06179 65.4134 78.5323
3.55206 -29.2457 -4.23654
-5.90092e-15 -4.72165e-14 0
2.7773e-05 2.92563e-05 15.7819
-3.32561e-06 1.46838e-05 37.1754
-0.000367242 7.91973e-05 16.6739
-20.4575 0.279634 1.87289
4.66475 -7.35397 -1.96374
-2.05157e-20 -1.64158e-19 0
3.20701 -12.1323 25.8939
4.21323e-05 -5.78661e-05 0
-6.19305e-17 -2.2384e-16 0
-4.43652 -9.00923 4.53566
-20.2526 -16.0535 13.629
-6.88254e-28 1.22924e-28 0
-1.23387e-05 27.7715 35.8473
-0.228647 27.9229 -0.892623
-1.92012e-26 -8.71187e-25 0
-7.76509e-19 3.0144e-19 0
6.79173 -2.14593 8.42048
-25.5869 38.6191 48.8658
-8.96584e-27 -1.04881e-25 0
-3.74612e-22 -1.65422e-22 0
0.158611 -6.20922 -1.26104
2.67196 32.4359 7.72056
-2.19066e-09 4.84747e-08 0
-3.68506e-27 -1.20774e-27 0
22.5249 -0.394786 10.0878
-19.8264 50.9061 -6.91229
2.01529e-23 2.32198e-23 0
-18.401 -33.0407 6.98813
-4.49921e-24 9.69486e-23 0
-1.31011 -10.3635 50.2256
-29.6321 -26.7057 -5.37743
1.26637e-16 -3.13709e-16 0
-6.67985e-16 -1.92542e-16 0
-4.53723e-07 1.14038e-07 0
-8.43473e-30 -3.84307e-29 0
-1.12767e-18 -6.635e-18 0
-7.31311e-20 -7.57596e-19 0
1.06731e-23 -8.12623e-24 0
-7.81978e-20 -3.3814e-18 0
-0.00184034 -0.000972444 0
8.49394 -22.6028 16.368
62.935 69.8498 -3.34818
-3.47147e-20 -1.50465e-18 0
-15.0293 -37.2627 43.02
3.58952e-28 -4.84457e-28 0
3.80981e-27 -2.9005e-27 0
5.14835e-29 8.12848e-28 0
1.95245e-29 -5.06229e-29 0
2.23477e-14 -4.12602e-14 0
-3.01938e-20 -1.30559e-18 0
2.98955e-18 3.18172e-18 0
20.4443 4.02442 1.60588
7.26638 -2.2408 -1.49301
14.1523 31.0976 5.7925
-9.83826e-12 1.29421e-11 0
-0.590632 0.0954496 0
26.7854 3.15598 13.0742
2.60427e-13 -2.0374e-17 0
1.13576e-24 -2.04225e-24 0
8.04045e-26 -1.91329e-25 0
35.5446 -4.4029 -1.35466
-19.8716 -5.71069 -3.00331
23.8803 -15.1247 -1.47244
16.1131 -17.2187 1.36769
-3.67844e-25 1.14023e-25 0
-2.39876e-28 -7.03077e-28 0
0.00102851 0.000139596 0
-1.74318e-22 3.85729e-21 0
-1.8536e-25 -2.18634e-25 0
10.4728 50.5997 63.1355
-2.71642e-20 -3.2001e-20 0
-48.0447 5.73527 8.11326
-61.9559 40.0261 44.2383
6.28022e-13 -4.42031e-12 0
-5.00336e-13 -1.44163e-13 0
-4.74162e-14 -2.35824e-14 0
1.09811e-24 2.13723e-24 0
-6.52237e-27 -9.21909e-27 0
79.8212 -3.31547 -1.39754
13.3936 18.2176 10.5944
-1.63721e-27 4.07526e-29 0
-2.43204e-24 -7.9437e-25 0
-35.5322 9.09055 25.453
-5.83947 32.7424 28.1726
21.0971 18.8138 -5.57535
-9.21852e-25 -6.22299e-24 0
-4.07595e-11 -3.26505e-10 0
11.5466 -9.38062 15.8599
-2.64513e-16 3.28146e-16 0
25.8369 3.08979 13.2988
1.69512e-13 7.02317e-21 0
1.11969e-23 -7.28416e-24 0
9.31634 27.6099 9.83272
19.3 78.5512 68.5268
7.65154 -5.55335 10.2416
26.1926 -1.36954 2.32035
8.46815 -5.09865 2.78998
-4.26958 -33.7903 4.6915
0.000122286 0.000448674 0
-5.09929e-27 1.13766e-27 0
-22.0456 -33.2068 56.9638
-74.2769 13.5152 43.073
-32.3842 -45.7497 5.77191
-3.4093 -2.01778 -2.23705
15.9477 -27.3567 4.59759
-5.37409e-24 1.09241e-23 0
7.29531 -5.85665 -7.39203
-1.28627e-08 1.04359e-08 0
-4.12714e-15 -3.26257e-14 0
16.8236 17.7429 32.4893
-1.34551e-26 -1.44494e-26 0
47.1751 16.8095 57.6104
1.08963e-25 -1.09528e-25 0
6.08473e-29 -7.6668e-28 0
-8.46759e-29 5.0382e-29 0
8.93921e-09 -1.35492e-08 0
26.9908 -30.7933 52.0887
-7.38278e-24 -5.8939e-23 0
0.00396719 -0.0158806 0
-4.42066e-12 -1.91151e-10 0
9.44997e-25 -5.47672e-25 0
-80.7225 28.6173 -0.445434
26.9095 -1.10815 13.4605
2.60353e-13 2.09622e-17 0
1.09304e-18 -3.04192e-19 0
-61.7683 26.2901 3.45357
37.1376 -14.4147 -5.79057
7.93194e-10 -3.71531e-10 0
2.38181e-06 8.92132e-06 0
-21.64 15.538 18.4709
8.48917e-08 -2.33993e-08 0
20.4057 0.763603 10.7745
1.29764e-08 8.62407e-08 0
3.83976e-15 3.1087e-15 0
1.63276e-26 5.45202e-27 0
-7.04502 -38.3568 -5.78466
9.71763e-13 9.24456e-13 0
-46.3681 -28.1995 14.3836
3.81315e-13 2.5319e-13 0
9.60215e-21 3.32088e-21 0
-16.8749 -1.43241 13.1047
7.62611 -37.6972 -3.60063
8.57764 -23.4909 4.66915
-7.4205e-24 4.68161e-24 0
-1.3973e-27 1.39395e-27 0
-16.2328 6.84782 5.47704
-9.41519e-16 -2.34414e-16 0
-6.16696e-18 -9.39099e-18 0
-4.41574e-26 4.51271e-26 0
-18.0599 29.8317 14.0441
-16.0725 -21.2187 -0.52671
0.692986 -12.4411 -0.0974181
1.06699e-19 2.02006e-19 0
-1.9385e-28 -9.70414e-29 0
-3.71574e-11 -2.97322e-10 0
22.4661 5.96406 16.4581
-27.7194 7.46741 -0.455275
-5.34062e-22 -1.54344e-22 0
6.58841e-23 2.03457e-23 0
-79.8588 -51.2828 -3.51043
-1.11306e-26 -1.32642e-26 0
1.38388 0.158928 8.48046
-2.0246e-12 -5.83514e-13 0
20.2527 -15.5899 7.33638
-11.4841 24.1065 -0.462694
-0.000493833 -0.000430187 0
-7.12457e-28 -5.869e-28 0
7.89095 49.2142 6.26575
0.813827 28.2865 22.1258
23.5196 -17.8446 6.70432
5.33702e-27 -1.32696e-27 0
-15.573 2.99899 27.7601
1.41481e-23 -3.37341e-22 0
1.05564e-21 2.30239e-21 0
5.77196 25.8373 16.8459
39.5321 -29.0254 -4.03365
8.93945e-27 4.19751e-28 0
-20.1984 3.54371 21.1464
-27.0156 -0.947138 -7.84927
9.53232e-10 7.71743e-10 0
6.44615e-22 2.33474e-22 0
3.20868 -2.54726 -0.594919
-31.6436 11.1584 -5.43508
-4.34958 -7.7085 -4.78264
-5.04029e-24 -2.35726e-26 0
-15.4122 4.46055 -5.63066
16.2115 -66.7768 34.3462
-8.96667e-15 -7.17493e-14 0
2.92671e-19 6.47978e-19 0
-3.45999e-10 -4.43012e-10 0
9.15198e-29 -8.67764e-29 0
-3.12723e-11 -2.5023e-10 0
-9.04957e-15 -7.24118e-14 0
4.84649 2.50209 -0.435168
-1.38435e-22 -6.88477e-23 0
-1.48436e-28 -1.0233e-28 0
-5.06045e-27 -7.12837e-28 0
-2.60952e-27 -7.99322e-29 0
-8.63894e-16 -2.49012e-16 0
14.5883 10.8552 35.7938
-4.75262 11.9636 15.5043
1.30773e-27 -4.89611e-28 0
-2.72868e-21 -4.15521e-21 0
44.1893 62.6612 22.7473
-72.6005 -15.6733 12.5338
-30.5632 46.7831 1.12649
21.966 -0.526176 -3.803
-5.8141 30.1518 1.19817
-3.53686e-28 2.95636e-28 0
-5.21988e-13 -2.25713e-11 0
-19.2515 3.50311 21.5156
-12.2908 -0.278351 10.1687
5.6037 -5.88423 -4.05556
0.418212 -5.78011 -2.79104
-8.32065e-25 -4.46334e-26 0
-14.2258 -2.92076 4.26704
-17.1588 -10.5523 1.41936
6.73694e-24 6.26921e-24 0
-0.0810485 -0.0946394 0
15.7772 -11.261 -2.93948
9.01652e-13 5.99226e-12 0
7.05215e-24 6.17446e-24 0
10.2782 -15.6509 17.4504
0.0271165 -0.0453604 0
-3.24063e-11 -2.59304e-10 0
-10.8059 -6.10196 23.4106
-1.14351e-22 1.05024e-22 0
-27.9195 22.8893 -0.342034
-1.5628e-16 -4.50468e-17 0
69.5143 -64.006 36.3466
-1.03939e-20 -8.32129e-20 0
4.29057 -14.817 17.2357
25.688 -69.8031 7.05968
-2.43541e-25 2.60575e-26 0
-36.7107 55.2119 66.652
-2.25356e-09 -1.12081e-09 0
-4.24883 -61.006 26.77
12.0328 -21.1865 9.16491
2.01213e-12 1.35335e-11 0
1.83224 -19.4657 -0.514405
-94.6961 -26.7937 8.53987
-1.02864 0.652164 30.5064
1.10594e-11 -2.44654e-12 0
-20.1258 -0.881907 22.4216
-25.0409 0.215805 -0.497299
9.77129e-12 -1.19731e-11 0
-35.054 -0.819187 14.7429
-16.0221 -22.897 2.60318
9.80931 0.844657 12.4482
-20.698 -11.0472 7.40661
1.43427e-12 9.40834e-12 0
1.78124e-08 1.18512e-07 0
-5.71394e-08 4.62484e-08 0
-1.39283e-08 1.12795e-08 0
-2.48394e-27 2.39413e-27 0
-2.90938e-29 -1.77114e-28 0
4.68495e-17 7.57502e-17 0
0.0111019 0.00947196 0
-2.28297e-25 4.64436e-25 0
-5.09949 9.51729 48.7703
-60.2437 -23.9181 0.228628
20.8322 -49.9344 29.5624
-2.54338e-20 -7.33125e-21 0
-6.12004 -3.35744 30.4503
-5.23962e-13 -1.50965e-13 0
-35.8528 -40.3682 -0.0748735
5.06391e-22 -1.16049e-21 0
-1.21794e-11 1.13842e-11 0
1.6002e-15 -4.34512e-15 0
13.8545 9.70232 -1.93927
-1.04251e-19 -3.0165e-20 0
-4.18887e-28 -9.11859e-29 0
-1.07983e-27 -1.0241e-28 0
-2.56378e-26 -3.92636e-26 0
-7.05135e-15 -1.98631e-15 0
-6.11325e-32 -8.27648e-29 0
6.92187e-26 -3.90474e-25 0
-3.51784e-19 -2.75482e-18 0
4.75517e-28 -8.61043e-27 0
-0.40125 5.63555 -7.02648
-3.81362e-29 -8.32711e-28 0
27.0516 -36.7691 25.9525
-2.31031 17.499 29.0559
-5.127e-21 5.12157e-20 0
-11.6235 33.2008 15.781
3.22172 -5.42805 -6.433
6.2063e-25 4.42614e-25 0
5.54933e-06 -22.8621 38.0786
0.226869 -27.9256 -0.901396
-102.024 58.9981 11.4133
60.9504 -167.672 84.8322
-6.28875e-19 1.39153e-17 0
2.65495e-08 1.72404e-07 0
1.83929e-08 1.58355e-08 0
23.7568 6.69453 -4.34129
37.4861 10.8512 -3.6423
1.76736e-08 1.17482e-07 0
-7.93074e-06 -9.67813e-06 15.782
3.08477e-08 -1.4589e-05 37.1762
-8.69306e-07 -4.36137e-05 16.674
-21.4563 15.5987 22.8126
8.22312 -17.7038 -3.25509
-1.67743e-18 3.40971e-18 0
4.71504 27.0534 22.637
-48.5856 31.7867 56.1798
5.54191 20.7244 11.9328
9.77925 4.43998 -4.67509
17.7086 7.67059 16.4592
3.13806 -42.8939 2.51148
3.08422 25.8767 13.2838
-4.55578e-18 1.69492e-13 0
0.697358 -15.0391 1.65804
1.41179e-06 5.28802e-06 0
-2.20042e-26 -6.45055e-27 0
0.000547501 6.25291e-05 0
-0.355073 -0.170719 11.4659
30.0273 29.5225 26.4844
74.3617 -92.9813 25.1695
-1.87895e-24 -1.45429e-23 0
8.73183 19.9243 15.2252
3.55195 -19.1703 21.1857
-0.45287 -24.5378 -5.61795
8.24541 -42.3153 20.1038
5.15152e-12 3.37525e-11 0
-2.03984e-27 2.47352e-27 0
-37.6851 -18.1746 0.101753
8.27414 -46.9137 6.81602
-1.81251e-19 -1.45031e-18 0
-0.151094 -39.2861 11.3724
21.4296 14.6101 12.2908
6.25739e-05 1.79958e-05 15.7884
8.78309e-08 1.85407e-08 37.1954
5.28307e-05 1.51816e-05 16.6913
-4.05502 -5.55322 12.6248
-4.61328e-17 -6.92171e-17 0
46.8976 -41.4681 24.9633
3.57548 -0.355957 -3.13681
5.38348 -0.117708 8.52627
1.16763e-13 1.25061e-13 0
-13.1012 15.4684 30.7335
2.62219e-05 6.92253e-05 0
-6.05138e-12 -4.8434e-11 0
3.35416 21.6782 15.998
-1.55888 12.453 14.9197
3.34368e-13 -9.30542e-14 0
26.2355 0.625805 17.801
4.61799e-29 1.08819e-28 0
-1.16908e-26 9.14058e-27 0
-25.1143 -37.7068 4.87227
-9.79568e-27 -2.81932e-26 0
-9.66138 48.7575 49.9532
-9.17306 28.7227 44.5372
3.38443 43.079 -6.47658
3.4992 -19.2971 21.5109
1.78716 -3.1053 11.3618
-1.26007e-16 9.90324e-17 0
4.61482 15.1205 2.17265
3.66244 25.8968 8.9296
9.90529 15.6232 16.1442
-6.19741e-28 1.33537e-28 0
-11.7836 -41.9341 -4.99784
-3.60208 -24.8408 2.38025
5.40496e-11 -3.06249e-11 0
5.50739e-05 1.59392e-05 15.7823
3.12598e-05 2.35828e-05 37.1764
-2.28892e-05 4.92218e-05 16.6743
6.88999 6.38934 -5.7039
-3.22526e-20 -2.5105e-19 0
5.92371 22.9699 -1.59386
-23.4214 -29.6429 13.1827
-9.32397 -20.2309 48.9131
-4.55852 -14.0054 12.0827
-2.8227 15.6013 26.3198
0.142735 0.146048 0
-1.16836e-12 9.46657e-13 0
7.1633e-06 27.7619 35.8546
-0.226613 27.9254 -0.901441
2.21803e-28 -9.84864e-25 0
-8.00055 16.5115 9.92648
-3.30432e-28 2.68866e-28 0
-9.07844e-17 -6.32238e-15 0
4.58319 12.7218 -6.19595
-3.94625e-18 -1.07986e-17 0
0.00218382 0.00482907 0
3.47139e-18 2.98872e-18 0
-1.02374e-08 2.26532e-07 0
-61.235 -28.43 26.7209
-0.492702 -33.9941 -4.14063
31.0665 35.7641 60.8803
-4.75263e-26 -3.87962e-25 0
19.1359 -0.472214 11.0353
7.23861 51.0319 9.45892
-17.7617 -29.3394 37.9806
5.81179e-20 -2.62445e-19 0
6.75197e-29 1.18772e-27 0
7.97762e-27 1.99818e-27 0
3.68786e-12 2.44095e-11 0
-1.01614e-25 -6.63062e-27 0
9.25512e-26 1.89224e-26 0
2.15213e-25 -2.9987e-25 0
-3.98992e-20 -1.72527e-18 0
1.39425e-27 -8.63962e-28 0
8.91678 31.4148 -1.38184
-2.53978 2.66192 -0.837771
-8.48838e-07 3.67239e-07 0
11.8711 -8.65221 2.06115
3.31066e-09 2.92414e-09 0
1.49939e-25 -1.36735e-25 0
4.56183e-27 -3.479e-27 0
2.55831e-26 3.16416e-26 0
8.13236e-29 -2.11851e-28 0
7.55279e-29 -2.61828e-27 0
6.80693 32.2905 7.4447
-9.83104e-27 3.79718e-26 0
12.5741 29.4398 1.49785
7.60235 -3.5036 -2.7491
5.59771e-23 4.25797e-22 0
2.35563e-11 2.53532e-11 0
-4.91264e-17 -2.0291e-17 0
26.7852 3.15744 13.075
2.60391e-13 -1.31746e-17 0
5.34305e-27 4.65745e-27 0
6.02747e-13 6.45367e-13 0
-5.6652e-21 -2.40773e-19 0
-23.8565 -5.48398 12.3211
-7.9312 -27.1172 -1.10611
-22.5351 14.957 11.045
42.6071 -28.7442 16.9837
-5.76042e-08 4.66254e-08 0
1.3312e-12 -6.32617e-12 0
2.29614e-24 5.22163e-24 0
-6.75454e-29 -4.54929e-28 0
-17.1738 27.7667 23.4947
-11.01 17.4457 31.1767
5.11862e-09 3.40192e-08 0
-1.90211e-20 4.95728e-20 0
5.17354e-05 -7.98069e-05 0
-1.01081e-07 9.857e-08 0
-6.68703e-28 -8.13859e-27 0
2.76043e-24 8.4032e-26 0
4.17902e-09 5.80031e-09 0
82.1132 2.69255 -4.16677
13.378 18.2245 10.5955
-48.2331 34.3798 -0.225415
-5.89936e-29 1.03767e-28 0
43.8766 -30.5913 -7.73202
7.68531 31.4577 18.3535
-4.00857e-19 -7.80556e-18 0
28.4963 -19.0175 -6.68591
27.8658 -25.1494 13.0231
-57.2023 15.2732 9.32172
-3.12458e-20 -9.00333e-21 0
25.8396 3.09002 13.2987
1.69473e-13 2.14055e-18 0
-2.36432e-22 -9.69878e-21 0
-23.2856 8.85889 17.6436
2.42003e-22 -2.11193e-23 0
9.23429e-07 3.4588e-06 0
12.6232 11.0159 -5.99637
-4.04184e-16 -1.16505e-16 0
-5.19245e-19 -6.42905e-20 0
-8.27767e-24 -1.00162e-23 0
26.3342 47.4479 54.9233
-41.4354 -66.4371 37.5414
-74.2941 13.7231 42.9902
5.39274 -49.8286 14.5643
-5.50695 -8.3946 -3.31673
18.7248 4.10441 -7.50449
-10.6672 2.99359 8.92613
1.03e-13 6.8466e-13 0
23.5949 -12.9588 -7.54927
-1.20783e-07 9.77521e-08 0
7.93312e-13 5.2723e-12 0
6.69878e-12 2.5091e-11 0
47.7438 13.6023 55.6988
3.45024e-24 -3.70276e-24 0
-3.3315e-26 -4.39148e-26 0
4.13706e-13 3.56183e-13 0
25.6833 -39.9035 26.6175
-0.000931549 0.00120697 0
17.3204 38.1973 -3.40457
-1.68686e-19 6.54823e-20 0
1.61575e-25 2.03032e-25 0
-5.21215 15.2803 5.44715
-1.16719e-15 -2.94739e-16 0
26.9089 -1.10909 13.4614
1.69394e-13 1.27509e-17 0
36.6621 19.8615 6.59528
-0.577164 -16.7035 6.3403
18.4701 -7.80013 24.3072
3.65391e-28 -4.2341e-29 0
45.8874 -13.2038 11.2468
3.01238e-24 -2.59458e-25 0
-8.98562 -38.0001 9.85408
-9.30613e-28 -1.52691e-29 0
1.81907e-08 1.20897e-07 0
5.99539e-15 4.85391e-15 0
1.63191e-26 5.37499e-27 0
-6.98837 -38.4166 -5.58604
2.32486e-22 -4.09953e-22 0
15.9657 -2.15132 -0.79847
1.38656e-20 1.88143e-20 0
12.9557 -1.53408 -6.30778
-3.93758e-26 -7.81639e-28 0
-1.29177e-07 1.04546e-07 0
-2.28429e-11 2.13189e-11 0
16.8743 92.1921 60.4095
-1.11657e-26 5.78178e-27 0
-16.7221 -29.6377 40.16
1.29269e-15 1.38456e-15 0
-6.52205 -16.7805 -1.22626
54.0874 -26.8762 25.0939
5.40698 -9.63808 8.31672
15.9844 -2.24982 3.11614
-15.0228 21.3761 0.0378213
-6.36952e-27 -1.34453e-27 0
8.47248 -37.7179 6.95289
-1.08625e-19 -4.69698e-18 0
-2.67672 -29.1708 9.81535
-35.9339 52.0318 35.9496
-7.71847e-25 -1.56257e-23 0
-4.53439 -5.9262 24.1413
-8.20202e-26 -3.55216e-24 0
8.41246e-17 3.16401e-16 0
-9.63773e-08 7.80121e-08 0
2.88468e-21 -2.19538e-21 0
12.2899 -6.15397 2.55331
0.597645 3.3235 -1.62691
-7.71181e-16 -7.03011e-16 0
-7.1245e-28 -5.86893e-28 0
6.98181 49.1957 5.49824
0.836752 27.5754 21.924
-0.00165838 0.000958735 0
26.9 27.6149 7.47111
59.0095 -13.3486 25.2489
-18.2447 -15.815 -3.42682
-19.4008 9.53804 18.8008
4.33162 13.2346 25.7189
1.45464e-23 5.58781e-24 0
2.14492e-28 -1.6437e-28 0
-20.1972 3.54332 21.1463
-1.69341e-13 -5.98872e-18 0
35.6712 43.6304 -2.03083
-8.85461e-12 -3.83066e-10 0
21.6896 5.66743 -1.57389
12.0752 -31.0377 8.90061
25.7622 -3.84826 -0.490668
-9.26963e-28 -3.49993e-28 0
0.587703 32.2497 20.6501
15.02 -20.2187 0.18041
1.14725e-20 1.11919e-20 0
-31.2563 77.3559 -6.66612
-1.92754 12.8354 16.3449
7.25772e-29 -7.32515e-29 0
-1.03208e-07 8.99152e-08 0
-34.9064 -17.1312 29.4271
1.21894e-08 8.10089e-08 0
23.9364 83.977 -1.17587
2.60619e-06 7.95996e-06 0
-27.2389 61.5252 -1.20979
-6.77882e-16 -1.95387e-16 0
-4.1697e-12 4.06798e-12 0
14.6621 10.9339 35.7279
-15.6173 12.2412 11.7976
66.1045 -44.4451 21.8856
-3.09186e-16 -7.55933e-16 0
8.42312 62.4561 14.8162
4.82276 25.0951 0.997648
16.7213 25.9558 -1.72343
1.84576e-12 6.17763e-13 0
-3.74085e-21 -5.69653e-21 0
5.67001e-27 -4.32268e-26 0
7.89184e-13 5.24474e-12 0
-19.2514 3.50311 21.5161
-1.69404e-13 1.08701e-18 0
-4.01058e-22 9.88636e-23 0
-11.7853 -1.24647 25.6413
-5.39035e-25 -2.81357e-26 0
-2.10742e-21 -8.49686e-23 0
-22.3051 0.586305 -6.34716
-4.82269e-18 4.42933e-18 0
3.60857e-23 -3.06468e-23 0
-8.91689e-24 -7.46113e-26 0
-1.5285e-17 1.24241e-17 0
1.79146e-12 6.71011e-12 0
-5.72696 -16.1626 15.4091
9.22937 -29.079 -0.0451875
-6.89723 -5.55737 -0.214618
-18.3216 20.1853 17.0584
-7.03217e-26 8.71543e-26 0
-4.92409e-11 -1.2609e-10 0
17.8617 -10.7469 -0.986361
-1.01272e-10 2.24094e-09 0
-3.43952e-18 -7.43841e-18 0
-4.67189e-11 1.03379e-09 0
27.6649 -69.4107 6.41391
-2.53837e-25 -2.57607e-25 0
13.4143 -23.5971 57.3171
6.67311e-05 -0.0012955 0
-44.7154 -20.0885 9.60317
-2.85266e-28 -3.13779e-27 0
8.23041e-09 5.46971e-08 0
6.31659e-12 4.19268e-11 0
-6.7543 17.8181 -6.85957
0.0549561 -13.7082 9.57544
7.87843e-18 4.97978e-17 0
-20.1247 -0.881546 22.4214
-1.69342e-13 8.66276e-18 0
-2.32871 -7.18968 -2.55248
-35.053 -0.799008 14.7571
-9.15678e-28 -7.38842e-28 0
-3.64846e-27 -2.62468e-26 0
-8.80681e-15 1.94876e-13 0
-4.31664 25.1348 22.2441
-3.9773e-20 4.93411e-20 0
-5.64285e-08 -1.73612e-08 0
-21.3798 12.9491 -1.04111
-2.48393e-27 2.39412e-27 0
9.05973e-29 6.92969e-28 0
1.70287e-28 3.33441e-27 0
-11.6245 21.9959 -2.91398
-6.43698e-05 0.00142437 0
51.4821 13.7176 44.592
-2.44827e-20 -7.05695e-21 0
5.28118 -2.01073 17.273
22.1686 10.3456 14.8314
-31.2229 -12.4085 24.9262
-4.36316e-25 3.42759e-25 0
-1.26613e-25 1.83814e-25 0
-18.3252 -6.15545 26.3249
-12.6933 29.3181 -5.79482
-1.79768e-16 2.35304e-16 0
-6.34677 55.1849 -7.59326
43.3571 25.5326 -2.69646
1.6932e-12 5.70211e-13 0
-9.02977e-16 -3.91059e-14 0
-5.71006e-24 6.63139e-24 0
6.7535 17.1266 8.49831
6.73247e-30 -5.31188e-28 0
-3.83995e-29 -7.10702e-28 0
-9.66016e-19 -8.11769e-18 0
3.11108e-28 -3.32932e-27 0
-0.375641 5.60229 -6.95179
-4.12783e-20 1.47281e-20 0
-1.84198e-24 -4.86343e-24 0
-2.14938 22.4411 25.5864
-4.38006 1.44796 4.50539
-11.528 27.206 9.12138
-6.59029e-13 3.51672e-12 0
8.34465e-17 4.72519e-16 0
5.37078e-06 -22.8621 38.0786
0.226517 -27.9258 -0.901228
-7.39354e-25 -5.41904e-26 0
6.73795 6.38256 32.284
-4.2025e-14 2.46075e-13 0
15.9803 -43.1557 30.6087
-1.891 18.3875 1.30655
-10.023 -2.97182 -4.2727
-2.07563 26.5961 0.429181
11.1371 24.3158 8.88785
-8.72839e-05 -8.7838e-05 15.7822
3.44638e-08 -1.45805e-05 37.1763
5.97498e-06 -0.000261285 16.6744
7.23606 -7.4658 5.85917
-13.3752 -18.437 7.61703
9.14663 0.203541 4.18088
4.59572 1.64554 -7.00548
-12.0954 -16.3335 7.79814
14.7836 9.50545 8.43385
-7.99875 6.59255 1.80985
4.38937e-17 1.34435e-16 0
3.10441 -42.917 2.45442
3.08645 25.8776 13.2838
-2.15158e-15 5.66684e-13 0
-3.88968e-08 -1.60508e-07 0
4.35984e-06 1.63302e-05 0
-2.12611e-19 4.70464e-18 0
1.28402e-11 4.80943e-11 0
-8.39432e-24 -3.39235e-23 0
-8.15169 -3.74837 5.12187
8.46245e-26 -4.7725e-25 0
9.87223e-18 -4.56341e-18 0
1.94293e-21 -6.48978e-22 0
3.55218 -19.1701 21.1856
-0.452901 -24.5376 -5.61822
1.53381e-16 2.81015e-17 0
-3.36347 11.4843 -6.29747
50.3684 -0.0577937 91.6131
8.31943e-26 -2.59384e-25 0
45.3589 -7.02745 29.9594
-6.72189e-20 -2.90657e-18 0
-4.50643 -36.9912 53.8275
-1.58818e-05 -7.89884e-06 0
5.1441e-08 -1.18654e-07 15.788
5.81226e-05 1.67332e-05 37.1956
4.04792e-05 -2.32526e-05 16.691
3.65908 23.4802 28.996
-7.90583 4.54906 6.01766
-1.97074e-19 -1.54151e-18 0
3.71784 -0.327375 -3.24409
5.58992 0.981988 8.00778
30.1286 39.0548 48.0096
10.677 24.3337 23.8902
4.02226e-05 4.30811e-05 0
-2.28576e-16 -7.24143e-15 0
3.35452 21.6779 15.9978
-1.55884 12.453 14.9198
0.899123 -1.48293 0
-1.71671 0.78155 16.9197
-5.49362e-26 1.70064e-24 0
-1.07127e-26 1.25167e-26 0
-40.929 -47.5421 -5.64546
1.42311e-08 9.45791e-08 0
-6.31021e-11 -5.04922e-10 0
15.0167 -6.72207 -1.68478
2.69665e-05 0.000384128 0
3.50138 -19.2978 21.5121
1.78934 -3.11084 11.3615
5.05519e-25 -8.41679e-24 0
5.58319 17.88 1.5468
-2.60515 48.9903 7.75536
1.49469e-20 -4.64042e-20 0
-8.41596e-27 5.84892e-27 0
-2.09302e-24 -2.33859e-22 0
7.32685 -14.6787 -5.54731
7.4411 -34.738 21.8196
6.22579e-08 4.6087e-08 15.782
0.000150955 5.80495e-05 37.1767
5.87345e-08 3.83935e-05 16.674
9.33633 -2.59794 0.393908
-2.39102e-20 -1.91106e-19 0
-25.694 54.9766 14.0581
-71.8957 3.14613 15.3532
4.46466e-26 -1.925e-25 0
3.5578e-21 3.53566e-21 0
-6.25067e-09 -1.80174e-09 0
-1.12412e-11 -8.51499e-11 0
-4.50916e-26 -5.06467e-24 0
0.000121554 27.7621 35.8549
-0.226483 27.926 -0.901191
6.12203e-27 -9.81492e-25 0
-4.04031e-16 -3.20025e-15 0
13.4528 -13.6405 -7.3474
-34.2147 11.0543 -1.81167
1.01648e-20 8.31329e-21 0
-2.80803e-16 1.0999e-16 0
1.0002e-27 -3.81227e-27 0
-11.4921 14.473 15.1442
-5.64015e-09 1.24805e-07 0
7.2881e-29 -8.95194e-30 0
1.95139e-27 1.60116e-26 0
-31.6013 31.8872 -2.19129
-5.70392e-22 -7.62593e-22 0
-9.52514e-26 7.57122e-26 0
7.83116 59.8261 12.122
-8.9544 -19.2531 15.9885
5.25035 20.4609 51.4159
2.97074e-15 -3.85773e-15 0
-6.55118 -18.014 64.4022
-9.07075e-20 -1.06859e-19 0
-52.5566 -6.72962 1.33546
5.78913 -0.480126 6.15844
-59.2163 19.1051 14.7576
32.344 -73.9598 6.41722
38.3078 25.7638 39.5875
-84.414 9.87914 35.6945
29.079 20.494 -3.50006
-3.76056 15.905 -2.64602
-5.68619e-10 8.46866e-11 0
-3.47839e-10 -3.57562e-10 0
1.49577e-25 -1.36498e-25 0
3.8586e-27 -2.9395e-27 0
8.56324e-30 8.00785e-28 0
-9.39415e-07 -2.07305e-06 0
1.35477e-26 -1.01545e-25 0
-5.30784e-19 -3.00675e-19 0
9.19827e-17 -2.11744e-17 0
-13.8045 -3.37648 25.201
9.35739 -3.04481 -3.55238
-1.13601e-09 1.06801e-09 0
-33.9856 29.7144 6.64514
15.9815 -46.5324 0.862541
26.7843 3.15963 13.0736
1.69408e-13 -4.61184e-18 0
-12.1095 -12.0848 -3.77449
2.7137e-22 2.9022e-22 0
-15.8394 -7.94654 0.482657
17.2503 21.8128 2.09506
33.8942 -42.0272 -7.60104
-12.1338 -13.0584 -3.06682
2.07932e-17 7.7882e-17 0
1.04626e-19 -1.29438e-19 0
7.78019e-25 8.32853e-25 0
1.41775e-22 3.22646e-22 0
-3.01599e-30 -2.12014e-29 0
8.05207 21.5272 45.4448
22.405 40.0105 -6.47906
-2.2723e-27 6.7156e-26 0
-9.30601 -111.797 26.8857
1.68408e-12 1.96975e-14 0
8.99163e-18 8.4018e-18 0
-9.05356 -26.145 56.4754
6.91877e-24 -4.45639e-24 0
14.6043 34.6666 7.43123
81.9407 4.78994 -3.83539
12.6406 17.867 10.6378
-48.9054 34.763 -0.431033
-3.19018e-11 -2.55274e-10 0
11.7581 -55.4246 -1.66774
-34.5406 -8.21904 23.0174
-36.2411 3.2307 7.02053
-4.36115e-26 -1.28521e-26 0
-11.931 -44.1539 0
4.48819 -7.76075 6.89649
11.3681 42.4537 9.15742
25.8361 3.08952 13.2945
1.69423e-13 4.35194e-18 0
-14.2528 13.2476 33.6657
-39.7618 -3.90942 -3.7824
47.6707 34.5347 -4.17741
24.4819 -10.0539 -1.62352
-5.057 -25.8267 1.58888
-4.22542e-24 -1.96532e-24 0
7.08248e-28 7.22685e-27 0
-37.6833 35.7387 74.1456
-4.76564e-08 6.19431e-08 0
-8.07948e-12 -3.49359e-10 0
-1.17304e-14 -9.38638e-14 0
-8.69146 -46.4998 18.6607
13.1694 63.0554 36.3765
-14.1108 -8.43875 -3.15215
-22.3174 9.30166 -3.91838
-57.3347 -8.89953 50.9381
10.6953 -3.79359 -2.13201
-3.00655e-28 1.07727e-28 0
16.6404 -95.5717 29.0612
31.0833 -19.4267 62.0807
42.5092 16.1085 66.7739
-0.139625 0.0882622 0
-4.33243e-10 -2.15473e-10 0
-2.38243e-27 7.27604e-26 0
27.8454 -7.79193 7.5737
-8.02471 18.7176 0.707056
43.2765 -3.2622 31.6968
21.7537 73.1887 30.6649
30.3395 10.4948 40.5796
-36.8165 22.4736 31.867
-5.0746e-11 -4.06153e-10 0
26.9081 -1.1108 13.4601
1.6934e-13 1.123e-17 0
3.82195e-09 4.09206e-09 0
-37.3768 -7.05228 6.54809
-4.43284 -4.06837 -4.26192
2.82243e-14 2.49291e-14 0
38.4608 76.3691 22.7303
17.7292 -30.4989 16.2032
-0.0597395 16.9984 44.2411
-35.2395 -48.9605 90.8164
-6.82168e-21 8.46276e-21 0
9.01961e-16 7.30234e-16 0
2.48434e-26 1.0081e-26 0
-6.92577 -38.4149 -5.58625
5.84257 -4.86149 -2.74991
8.01743 -60.3131 -2.13951
-14.8415 -38.3618 8.56661
-2.53457e-27 2.36322e-27 0
34.1353 20.4008 30.4752
11.0883 6.58494 -3.30776
37.276 6.6813 11.2342
7.11178e-26 -2.6809e-25 0
-5.42568e-27 1.82568e-27 0
16.8251 -40.0002 5.52185
1.63938e-08 1.08955e-07 0
-8.93725e-14 1.97763e-12 0
1.7487e-21 4.8431e-21 0
5.60035e-26 4.26288e-25 0
2.04816 -2.20906 0.115127
-1.18357e-23 -1.52845e-23 0
22.94 7.30278 -4.88102
156.904 18.3482 15.0843
2.7512e-11 1.03049e-10 0
13.6205 -36.8418 20.0303
17.6219 -10.2191 -3.23878
-5.04515e-23 -1.81385e-22 0
-24.8734 -46.6126 48.8737
-2.56735e-26 -3.70584e-26 0
-1.87028 21.7287 13.7308
-2.10375 34.2023 -0.433723
-20.8343 11.6834 -5.32472
-1.26688e-24 -1.90067e-24 0
-4.63913 20.1157 10.4715
-1.00903e-14 -9.24083e-15 0
-7.1244e-28 -5.86886e-28 0
6.98445 49.1961 5.50649
0.853089 28.2885 22.1471
-27.6266 -4.21351 7.40307
-8.04532 -1.93356 10.5011
2.3199e-28 -1.35656e-29 0
-1.75072e-25 -2.16069e-25 0
-6.40575e-13 7.94677e-13 0
-49.376 10.8555 1.67744
-3.34304e-16 -1.44723e-14 0
-32.7293 27.0596 -6.31276
-20.1972 3.5414 21.1485
-1.69395e-13 -4.38644e-18 0
48.6203 20.5426 30.5961
8.32621e-24 1.81944e-23 0
-1.81894e-27 -3.22917e-28 0
-35.653 16.5982 -3.97482
9.34266e-13 6.06215e-12 0
-18.9821 -24.4605 -5.58065
10.5866 47.2829 85.7397
-9.61063 -3.11553 5.12251
-1.69153e-15 -7.31424e-14 0
-31.646 77.2534 -6.55041
-1.62553 -22.1336 12.0689
8.60399e-27 -6.5533e-27 0
-4.21418e-17 -1.21473e-17 0
50.6488 -20.8967 4.6415
-8.86989e-21 -1.04493e-20 0
-1.30152e-21 -5.62783e-20 0
0.0999882 1.54707 -6.62992
-6.02804e-28 2.72639e-28 0
-3.81601e-16 -1.6516e-14 0
-2.30274e-16 -9.96102e-15 0
14.8354 9.92771 33.461
-16.0422 12.1222 11.7208
44.7504 -1.51315 -3.01644
-2.40771e-22 -5.55893e-23 0
0.000303597 -0.0239473 0
1.47409e-13 1.26913e-13 0
-70.4195 -5.9957 42.2037
-23.9704 -23.027 8.20702
-35.1222 -24.4991 8.37297
25.0057 -3.04238 16.704
-3.77056e-25 -7.38506e-26 0
-19.2522 3.50367 21.5219
-28.8612 -2.42043 -4.72629
-6.8642e-14 3.36482e-14 0
-7.54925e-16 -2.17604e-16 0
-2.24293e-25 -1.23226e-26 0
-1.10483e-14 -5.49486e-15 0
-22.5074 0.59155 -6.48621
6.55153 10.9848 12.2345
-25.7602 -21.572 18.8765
29.6647 -19.4731 17.3406
1.79363e-18 2.42295e-18 0
5.37808e-17 2.01441e-16 0
-6.28612 -15.7407 15.519
1.21691e-27 -6.37705e-27 0
1.13703 -11.885 -7.89364
-8.54561e-24 1.73846e-23 0
-21.9324 -3.58922 11.501
-8.27976 2.61669 19.9141
8.18995e-09 8.77199e-09 0
-37.5587 10.1877 90.5883
11.4677 4.88827 4.30409
1.95679e-18 2.08027e-18 0
27.15 -69.8603 6.14102
-2.53685e-25 -2.58103e-25 0
-26.3325 1.7073 49.2014
46.3896 -18.9227 0.609023
0.00320423 0.0039497 0
-1.54932e-15 3.42833e-14 0
2.13881e-21 -7.14426e-22 0
-5.04958e-25 -7.14809e-25 0
-2.46844e-08 -4.12145e-08 0
-2.28432e-12 1.68925e-11 0
3.24173e-12 2.15436e-11 0
-20.1251 -0.88031 22.4229
-1.69396e-13 1.18654e-17 0
-2.89416 10.3514 6.01346
-35.0662 -0.759501 14.8017
-9.38577e-25 -9.12703e-24 0
1.44883e-12 2.34259e-12 0
8.92245 -65.2955 32.1132
11.9383 -8.21779 13.1456
-11.9191 8.2077 -7.21813
-33.8997 -41.1792 -1.41507
7.40916e-08 8.39866e-08 0
-2.4839e-27 2.39409e-27 0
-1.66294e-29 6.38723e-29 0
0.000428123 0.000253634 0
-1.52985e-08 -5.53092e-09 0
-1.60569e-12 -4.62745e-13 0
-62.2038 34.2055 4.59684
-12.675 5.27479 -1.62545
-18.0218 -8.8487 -0.537358
-17.6624 10.1963 4.07612
-14.5479 16.0503 11.5592
0.00128032 2.02255e-05 0
-35.5401 -40.7903 0.83968
9.12825 0.60111 -0.572829
-2.16387e-22 1.73025e-21 0
26.3907 -14.2917 -7.73105
2.99887e-14 3.88754e-15 0
2.67611 72.5383 60.0498
-1.72159 -4.13245 11.5625
2.45225e-13 2.62653e-13 0
-8.18118e-21 -2.4862e-20 0
-7.79774e-22 6.12842e-22 0
5.71209e-29 -2.61141e-27 0
6.45689e-29 -2.64855e-28 0
-1.87312e-14 -1.61461e-13 0
4.93184e-29 -3.94731e-28 0
-0.296861 5.60746 -6.96338
3.70834e-23 -1.23629e-23 0
-17.4142 -28.9328 18.886
0.853356 31.4967 18.872
1.23567e-09 4.59814e-10 0
11.553 24.8187 7.13953
-1.79166 9.0711 -2.57677
-1.20789e-15 -2.3085e-14 0
5.2087e-06 -22.8621 38.0786
0.226527 -27.9255 -0.901209
9.83236 14.7331 28.569
2.64561e-25 1.22469e-26 0
-1.45635e-16 7.77807e-16 0
20.1683 -43.2506 33.7624
4.36486e-10 4.67506e-10 0
-1.90148e-17 -6.47751e-18 0
18.9981 -25.5785 22.705
11.5643 7.47588 2.83523
0.00011363 -0.00011373 15.7823
-8.53154e-09 -1.45857e-05 37.1762
0.000151599 -0.000369119 16.6746
3.44517 -0.624901 -1.48215
-4.30847 8.46324 -1.85067
23.9047 7.07614 26.1084
4.47907 1.68784 -6.67396
-2.74644e-06 3.51507e-07 0
26.302 -45.9526 8.04047
7.88478 3.23769 13.3215
11.5694 17.9267 -0.201014
3.06495 -42.9982 2.23399
3.0888 25.8754 13.2825
-1.19836e-13 2.22631e-11 0
9.84764e-26 5.51855e-28 0
2.20912e-06 8.27448e-06 0
3.59211e-14 7.17043e-14 0
16.9502 -11.1366 18.1896
1.48562 -29.7091 -2.22538
-9.47097e-13 1.35364e-12 0
8.02032 7.13888 -5.48292
-1.61118e-18 -4.31964e-19 0
5.78314e-22 1.24626e-23 0
3.55227 -19.1701 21.1851
-0.453049 -24.5381 -5.61737
-11.9591 -18.5791 0.108177
-22.7387 -0.485874 -7.6141
-43.3571 -66.7673 68.7537
-3.6068 14.1079 15.2651
15.3434 19.0074 6.4134
6.63488 6.08227 -6.12585
20.2262 -33.9535 30.8882
16.0302 23.3017 2.61276
1.83493e-07 -1.88658e-07 15.788
2.01339e-05 5.80163e-06 37.1955
5.95857e-05 -5.13435e-05 16.6911
1.08996e-17 -8.29874e-18 0
-1.56902 5.49368 3.02343
-9.60818e-27 2.69581e-27 0
3.48946 -0.396138 -3.41176
5.27349 0.896537 8.7502
2.60333e-16 4.92873e-16 0
17.0097 26.1225 30.2454
5.23076 11.4019 -2.70653
-6.79158e-26 -3.38615e-24 0
3.35473 21.6775 15.9971
-1.55844 12.4527 14.9199
-1.2495e-17 -3.60128e-18 0
-2.12027e-09 -4.39013e-10 0
4.60048e-28 -1.15838e-27 0
4.01847 53.1014 -5.01424
9.73829e-25 -2.85774e-24 0
-2.7378e-08 2.21661e-08 0
-1.20556 -0.141474 7.38378
24.8381 58.2626 -0.381024
2.28435e-23 4.15069e-22 0
3.50313 -19.2963 21.5094
1.76942 -3.12447 11.3714
-5.49327e-17 -1.26829e-17 0
1.26257e-19 1.46287e-19 0
7.51153e-27 2.27234e-26 0
-22.3448 0.855721 29.8639
0.0695432 -25.7352 -2.97709
2.27285e-24 -6.44843e-24 0
-1.64831 -18.6729 -4.68976
-14.2051 -14.9485 -5.9693
2.07253e-05 -4.06617e-06 15.7823
9.27647e-05 4.12949e-05 37.1765
3.99816e-05 4.75375e-05 16.6743
-7.40685 34.6881 6.94346
-93.9366 -46.0885 8.92686
-28.0804 -9.13453 21.9638
-2.88111e-11 -2.5582e-10 0
-7.80906 -16.0067 -0.257099
17.625 14.899 25.859
4.23238e-14 2.74033e-14 0
-25.8852 -3.1499 74.7319
1.90517e-12 2.13195e-12 0
0.00010897 27.7621 35.8548
-0.226495 27.9258 -0.901404
-1.53569e-26 -8.57514e-25 0
-3.27993e-16 -2.33771e-15 0
-1.4371 -19.3229 -4.87613
3.42459 -2.49757 -7.94095
0.764151 23.3248 1.29705
1.64109e-19 1.41291e-19 0
33.9015 12.2722 26.5764
-5.36696e-12 -2.32069e-10 0
-5.1418e-13 1.13777e-11 0
4.86433e-29 -1.82356e-29 0
-22.9773 -6.24992 -6.74419
9.07483e-27 2.05961e-26 0
-5.35833e-22 -7.34288e-22 0
5.08445 -1.01086 72.5718
-2.32155e-17 -1.00385e-15 0
2.31473 -25.6021 19.8073
-2.24305 -8.26071 -1.52829
-9.2232 18.0733 5.88922
67.4325 100.615 37.9879
3.96812e-27 -3.02646e-27 0
-27.1091 -28.4177 15.3214
15.3598 14.3198 0
-2.06597e-20 -8.93332e-19 0
-2.16919e-28 -1.47784e-28 0
6.00938e-26 -3.3253e-26 0
2.57092e-23 -1.95745e-23 0
-8.77115 53.431 6.52367
-2.57619 -1.09839 1.88645
-12.9675 4.09255 -5.47408
80.5468 -39.608 14.7301
1.47577e-25 -1.36699e-25 0
1.63326e-27 -1.23229e-27 0
-2.70437e-29 8.38823e-28 0
-2.0004e-24 -8.64989e-23 0
1.37756e-28 -3.24734e-28 0
-6.28946 -18.236 3.19367
1.95212e-06 2.01002e-06 0
-3.34272e-28 1.95771e-28 0
3.64354e-18 -1.10901e-18 0
2.13087e-24 -4.26366e-24 0
2.13544e-14 2.28271e-14 0
-36.0016 99.1735 4.42608
26.7884 3.16026 13.0788
22.5341 1.31499 1.5853
-9.41029 -9.33743 -0.0936592
-28.5872 -26.9567 3.26984
16.6124 69.9021 12.22
-22.9672 -45.2657 64.1789
-57.06 -1.45435 12.2999
-34.2864 -6.93578 11.9761
10.1121 19.0058 2.37461
2.19245e-23 2.23424e-23 0
1.17051e-24 1.28488e-24 0
-19.5437 -51.263 32.7197
-1.16074e-11 -9.28784e-11 0
15.7686 55.3674 40.6857
3.82761e-09 8.21719e-09 0
54.1299 64.1515 78.6984
-38.6572 -27.7482 11.5142
-1.37209e-07 1.10966e-07 0
1.30478e-13 1.39751e-13 0
4.41232 -54.8651 8.82218
29.6035 -11.2375 91.9475
-6.76819e-20 -2.9266e-18 0
0.00388153 0.00142866 0
-0.360843 19.7365 11.8587
12.6434 8.57574 32.917
-1.69658e-21 -7.3513e-20 0
-28.2742 4.39365 -1.61801
-1.85609e-28 -2.27759e-28 0
2.52349e-14 2.69788e-14 0
-1.0837e-17 4.70699e-16 0
-6.02029e-21 -4.88109e-20 0
6.95355 22.6353 26.2341
-9.19297 20.8199 37.8801
25.8392 3.08952 13.2985
14.0234 0.0646354 9.00421
-36.2899 -11.4145 -1.11557
1.64594e-17 1.76289e-17 0
1.36874e-21 -1.20234e-22 0
1.32169e-21 -7.5484e-21 0
22.9964 -4.88474 0.528575
-61.4119 57.5978 21.5222
-45.0276 -23.48 -6.27316
-19.1556 -4.75546 -3.22995
28.9419 49.1084 5.15754
-6.0765e-12 -2.6275e-10 0
3.59776e-22 6.81141e-22 0
23.9288 -40.6501 26.4574
-13.2281 -13.5199 2.46611
-19.0841 -9.34538 6.52069
3.36145e-23 2.00415e-23 0
6.69205 31.121 -2.82481
45.4103 -47.597 -2.62919
-4.4415e-12 -1.92052e-10 0
1.52741e-27 3.69497e-28 0
53.0406 35.8724 2.20641
-112.529 92.8918 115.143
1.08914e-25 -1.08747e-25 0
77.0554 -41.0738 36.5422
3.77056e-19 5.0192e-19 0
-4.73288e-29 5.90374e-28 0
2.64359e-26 -4.5e-26 0
-42.7198 39.2943 16.1584
2.41622 -14.0994 -5.80336
48.5506 35.7893 32.9233
0.555348 -12.0654 4.65328
4.65956e-27 9.51864e-27 0
26.9127 -1.11209 13.4654
26.1063 1.12517 -7.15584
-26.3129 41.7081 16.8798
-1.05319e-16 -1.24072e-16 0
-15.7039 15.2388 20.09
-36.3579 -38.9234 2.11098
-21.4685 -58.4143 2.64464
2.51537e-08 -2.51051e-08 0
22.0496 10.1804 5.92806
-1.38162e-18 -4.40976e-20 0
-2.76827 -12.8231 52.5304
1.76631e-19 1.43001e-19 0
25.1628 43.1266 -4.05913
-7.6301 -38.4103 -6.23943
-36.8581 2.38576 -6.76256
15.7901 -3.64995 -5.68853
-1.229e-24 -1.6773e-24 0
-0.00501823 -0.00192987 0
17.2796 7.51433 5.59126
28.1096 68.0404 2.72604
1.68132e-21 1.4659e-21 0
-7.134 -3.13599 20.0986
-1.43598e-27 1.25164e-27 0
-1.2602e-19 6.12876e-20 0
4.68929e-18 8.29443e-18 0
10.3766 7.50473 15.8011
0.00174981 0.00150651 0
6.98884e-26 3.37373e-25 0
-9.15786 12.9332 37.2345
3.97963e-27 -4.04915e-27 0
2.70521e-21 2.3453e-21 0
-2.57065 31.7997 7.91056
-5.58177e-21 -2.41371e-19 0
5.33092e-19 -6.44292e-19 0
-1.04971e-19 8.24996e-20 0
15.789 -38.4925 -6.70338
17.6391 -34.2863 0.306162
6.15634e-28 2.25745e-28 0
1.45564e-28 -6.5751e-29 0
-1.93931e-24 -1.55007e-23 0
3.72346e-28 -7.85684e-28 0
13.214 -12.4874 -1.44771
-8.51033e-25 5.39428e-24 0
-4.24045e-18 -3.88967e-18 0
-7.11683e-28 -5.83357e-28 0
7.01459 49.212 5.46981
0.818364 28.4067 21.9504
22.9984 -38.9863 -3.46377
-9.17352 8.29461 9.17343
31.6844 25.793 5.04414
3.84686 36.3056 17.8834
38.2889 29.8818 2.55333
44.1406 56.3296 11.6043
1.5041 24.009 -0.498138
6.75941e-10 7.23978e-10 0
-20.1983 3.54087 21.1479
-2.60378e-13 -6.48835e-18 0
-8.23171e-14 7.4919e-14 0
-4.28918e-08 3.47271e-08 0
-1.77591e-20 -2.66455e-20 0
-3.52443e-09 -3.49529e-09 0
-38.6227 4.16914 1.18858
-17.8185 -46.1974 0.953794
-3.18875e-16 3.95586e-16 0
-3.77449e-12 3.14299e-12 0
1.81672e-27 -4.02775e-27 0
-30.2205 77.8565 -5.68069
-12.6659 -18.0754 12.6941
4.50406e-23 -7.78807e-24 0
8.39995e-07 -5.98155e-07 0
7.1826e-19 -4.80477e-19 0
-0.969313 0.681623 1.27171
4.97423e-07 -8.99845e-08 0
22.4235 50.7672 15.4722
-2.16894e-12 -9.37858e-11 0
26.9913 2.76479 30.4461
5.73903e-25 3.72867e-25 0
12.7266 13.0864 40.9989
-16.0407 12.114 11.7247
-1.11105e-23 -4.34828e-24 0
10.3789 21.3077 -5.5755
52.5206 81.8951 -7.54147
-2.40306e-26 1.70609e-26 0
-3.01167e-26 -2.30872e-26 0
-23.843 -12.9225 0.758153
-0.000994107 -0.000950894 0
5.38797e-13 5.76939e-13 0
27.4705 41.1434 -6.84392
-19.2514 3.50332 21.5214
-1.69505e-13 8.35084e-18 0
-5.65104e-22 -3.68935e-23 0
43.9554 28.4897 10.5925
4.88292e-27 -3.92441e-27 0
17.8752 17.747 1.13383
-19.7724 4.54645 -7.6764
8.11946 40.1028 13.6088
8.72347e-28 7.53496e-27 0
-17.6331 -1.44704 -6.88004
1.84634e-12 1.3936e-11 0
4.23463e-20 4.53575e-20 0
-6.29027 -15.7307 15.5225
54.2089 36.8018 8.49962
-16.5152 -13.2207 12.6796
0.0436017 -0.0223057 0
2.25193e-16 -6.26709e-17 0
1.51483e-17 6.77517e-17 0
14.3627 -19.7072 38.1174
12.2956 -8.47248 6.9205
-10.7356 -6.45501 7.77692
-14.2601 -13.8514 12.7349
7.34949 -70.6651 8.11095
13.4237 -24.7408 -0.756384
7.07482e-24 -2.12518e-24 0
5.26013e-11 -4.27373e-10 0
63.7927 50.3284 29.9584
-48.2984 -73.3432 34.1789
-1.81011e-08 1.46658e-08 0
-2.92936e-26 -2.0828e-24 0
-3.16288 29.4801 13.0809
7.4821e-10 8.01383e-10 0
-40.2343 26.3967 31.7402
-20.1269 -0.879713 22.4224
-2.60373e-13 2.36819e-17 0
5.20239 27.8016 31.5862
-36.7142 -0.467593 13.3979
-1.15345e-09 -1.18576e-08 0
2.24595e-28 -5.94026e-27 0
7.75655e-17 5.03018e-16 0
-7.1743 -13.6081 6.89788
-9.8058e-18 -5.28466e-18 0
-16.2346 -2.39552 11.9917
3.32188e-12 2.17975e-11 0
-1.61761e-27 1.54713e-27 0
3.42018e-28 4.97855e-27 0
1.36624e-05 8.05761e-06 0
-7.14446 1.92297 6.38609
7.00298e-22 8.53828e-21 0
-1.44646e-16 -1.15741e-15 0
1.70127e-12 7.91501e-14 0
3.4516e-27 2.02939e-26 0
-3.0629e-17 3.51475e-17 0
-17.6684 -10.6068 13.5481
-2.21553e-12 -4.95199e-11 0
-36.8722 -40.5525 -1.0016
-19.0471 -13.0234 9.9768
-8.18586 -29.4482 34.5601
31.795 20.3789 3.60117
27.8716 -6.09379 26.9
3.45062 84.8788 15.9141
48.9307 7.20873 7.6232
1.43484e-19 1.23534e-19 0
0.230632 22.1394 6.87645
12.9025 37.5502 58.0103
8.31789e-29 -1.51479e-27 0
1.04863e-28 -1.28904e-29 0
-1.90995e-10 -1.64637e-09 0
8.31234e-24 -2.92733e-23 0
-1.88495 4.87315 -7.47798
3.13481e-28 -3.65766e-28 0
-1.51911e-10 -3.43919e-10 0
8.72264e-26 1.24834e-25 0
12.6906 38.9367 27.282
-0.120987 5.13189 0
8.39576 43.0337 38.713
-2.56227e-16 -2.05025e-15 0
2.0854e-05 -22.8726 38.0723
0.228751 -27.923 -0.892684
-1.61115e-24 1.05202e-24 0
3.58311e-26 -6.15015e-25 0
-7.76034e-09 1.7172e-07 0
-8.90365 -52.6019 31.6455
-5.99397e-05 0.0742028 0
-1.25879 -9.81087 73.6129
-21.2751 -21.3837 55.6787
-8.11861 -3.21116 -6.36048
0.000210928 -0.000120496 15.7816
3.34509e-06 -1.46782e-05 37.1754
0.000178664 -0.000149399 16.6734
-5.92392 -2.28555 1.62493
10.2753 -10.455 -5.67651
-4.92863 10.712 -2.78324
3.00418 2.56088 -5.72504
3.74682e-09 2.46513e-09 0
-2.23572e-23 1.75709e-23 0
-2.53913 30.3329 21.8364
32.7908 -12.8692 61.1915
2.81031 -43.2512 1.88475
3.08767 25.8885 13.274
-1.33654 30.2768 -2.58304
-9.78483 0.0651615 -6.20162
0.127646 0.478113 0
2.04436e-26 7.78349e-26 0
-9.69759 -13.0917 -7.11449
-1.22146 37.1084 -5.56603
16.2471 6.06346 26.0202
6.97974 14.7829 9.05347
-17.0009 -2.83599 42.1363
1.03215e-21 -3.44761e-22 0
3.55202 -19.1871 21.1801
-0.45237 -24.5435 -5.62762
-8.81451e-08 7.13462e-08 0
2.69239e-24 6.1629e-25 0
17.7143 1.04818 38.4192
-9.58439e-28 6.27494e-28 0
-7.74739 -14.5131 -5.02602
114.439 -14.1797 49.0177
4.77327e-25 1.86408e-26 0
-1.72184e-28 -2.84293e-27 0
3.57126e-07 -1.22124e-07 15.7872
3.12758e-06 1.71756e-09 37.1945
2.00938e-05 -6.37358e-07 16.6901
8.16572 -9.31097 -0.162936
10.2058 -4.98719 -0.872735
6.49691 -1.92017 6.34973
1.43089 1.11834 0.913133
6.12601 6.04059 3.4975
-12.0282 -13.7741 -0.542203
-3.86986 -32.0121 -6.11436
-17.5439 3.1057 28.4788
-1.82984e-15 4.04905e-14 0
3.35455 21.6938 15.9897
-1.55753 12.4477 14.9207
-3.66552 2.54509 -0.0883229
5.23799 15.8778 -4.98583
-5.71296e-09 1.0532e-06 0
1.73599e-22 4.39434e-22 0
47.5394 -19.7462 0.0661026
5.6034e-26 4.33482e-25 0
-0.000148142 -0.00127697 0
56.4573 -32.6178 23.1072
20.0094 26.9286 18.8883
3.50163 -19.3121 21.5026
1.94971 -2.9121 11.2266
-4.31453e-19 -4.82062e-17 0
-6.34605e-09 1.40425e-07 0
10.858 26.0309 6.2727
-3.1075 0.164014 -0.632314
-4.63027 -19.1138 8.16807
-0.181737 3.70735 9.90152
-4.64618 -10.6906 -2.11224
-15.8773 15.4094 0.649936
7.31211e-05 -3.0149e-06 15.7815
3.90582e-05 7.60429e-06 37.1756
0.000189111 3.9188e-05 16.6734
1.1419e-18 2.59872e-18 0
-1.85316e-16 -1.48284e-15 0
7.0393e-22 3.71534e-22 0
-9.61274 -8.79961 2.19759
20.9022 0.627574 16.8371
36.5212 -51.1912 21.5983
-1.71014 -29.861 13.8564
1.09794e-27 2.60364e-28 0
-6.73679 21.6421 9.50857
1.89275e-05 27.7715 35.8473
-0.226539 27.9249 -0.899324
-1.46761e-26 -8.53055e-25 0
-7.24341e-23 -2.56126e-22 0
-0.00590226 -0.00342437 0
2.68436e-18 -2.88664e-17 0
-3.4358e-24 -9.89197e-25 0
11.4155 -0.289546 2.09505
-267.196 -113.796 127.911
-32.3369 -12.895 19.0048
-9.8242e-18 2.17389e-16 0
-7.01461e-28 1.20623e-27 0
2.09693e-27 1.57506e-26 0
4.29672e-26 2.26773e-26 0
-7.03944e-23 -1.02509e-22 0
-30.0093 -5.33281 -3.37958
3.18861e-26 1.28169e-26 0
-10.797 -27.5132 28.0206
-29.9483 -13.1926 -4.79945
6.67158e-21 -5.11821e-21 0
-1.91784e-22 -8.41512e-21 0
1.27924e-14 1.36759e-14 0
-36.9225 -30.4259 0.638944
-2.7076 23.203 12.1836
-6.1684e-16 -2.66724e-14 0
3.64332e-26 -8.20843e-26 0
1.14456e-22 -1.05088e-22 0
-0.00828721 18.2025 109.018
-7.43888 -18.5726 19.7521
-1.35003 24.0847 10.8652
1.35958e-26 -3.33964e-26 0
1.13327e-21 1.01922e-21 0
9.23636e-26 -9.12431e-26 0
1.63661e-27 -1.24088e-27 0
-1.92582e-27 5.19405e-27 0
-3.03382e-26 -2.96916e-26 0
0.942143 -31.9258 -6.37039
4.98602e-21 -2.57416e-22 0
2.04949e-29 -1.01836e-28 0
35.9086 -10.5614 20.6915
47.781 -0.77178 10.5081
2.29105e-20 2.45387e-20 0
5.77416 4.70107 3.64061
7.84623 -31.0912 12.8689
-32.2244 21.1169 14.8104
29.4022 -0.356872 -2.00822
-15.1166 10.2879 7.44826
-1.39773e-14 9.36346e-16 0
-45.9196 46.1453 30.0149
9.48822e-27 -2.48814e-27 0
53.618 14.6517 27.4499
-1.15401e-09 1.85452e-09 0
0.000189816 -3.46011e-05 0
4.892 -3.38881 -2.29672
8.73022e-23 9.61406e-23 0
25.1738 82.5002 -1.36912
18.5184 -76.528 -2.11045
-24.414 12.2549 40.4265
-1.21478e-11 1.43876e-11 0
-0.000464852 -0.000111298 0
-19.9854 20.3002 -4.22252
4.42885e-14 4.93381e-14 0
-4.64094e-24 -2.00691e-22 0
-5.67773e-09 1.25636e-07 0
-2.42806e-12 -7.08707e-13 0
2.42268e-21 2.1194e-21 0
8.7068e-28 -4.97164e-28 0
-47.169 36.4511 35.3428
-4.68509e-26 1.68429e-26 0
4.80629e-22 3.42554e-22 0
-8.8557 1.12858 -2.28893
-5.45753 16.2117 -6.27162
-4.01623e-20 -1.73663e-18 0
-5.12733e-27 7.75263e-27 0
-34.4387 10.1072 12.3037
2.11143e-28 -3.30663e-27 0
-9.67266e-14 2.14036e-12 0
-19.057 19.0579 22.9377
24.9539 0.241457 1.97991
1.02436 -30.8151 13.567
4.42078 -40.4623 -1.41099
7.20528e-13 7.71456e-13 0
3.3216e-26 -6.45688e-25 0
8.82378e-22 -2.6556e-22 0
18.0917 1.36831 22.8451
27.0275 24.5033 18.8289
-64.609 49.2841 28.258
3.02134e-06 1.58856e-06 0
42.6135 43.1016 40.2354
-58.7441 -11.7128 36.1519
-32.9332 26.1763 21.1554
-7.77691e-26 -6.4098e-25 0
-11.7136 -13.0267 19.0022
-51.2153 10.032 1.17032
26.4328 48.7173 -7.47108
1.25486e-17 2.38775e-18 0
1.18693e-18 9.21411e-18 0
-44.6451 -33.1843 5.57781
2.6784e-20 4.90716e-21 0
-49.1995 40.0053 41.9615
-28.7082 21.0039 10.3772
146.258 -39.2761 55.6834
1.06194e-17 4.09559e-17 0
-8.79254e-07 -1.0003e-07 0
7.11004 -70.1431 31.4139
-0.280732 -40.7878 31.6027
1.37184 -31.7078 -1.91556
-4.84904e-20 -3.74778e-19 0
1.39014e-21 4.23623e-21 0
4.54395e-22 4.15819e-22 0
-34.0395 -1.61202 21.6656
29.2793 0.987195 -4.83812
35.0854 42.6184 146.523
3.54984e-18 3.05626e-18 0
1.01627e-27 3.67925e-27 0
-5.40429e-16 -3.2304e-15 0
1.24493e-21 -3.96727e-22 0
-0.134969 -13.1223 22.197
-1.0774 -14.2381 15.3071
-1.07849 50.4617 27.8548
2.63393e-19 3.58014e-19 0
1.27218e-23 1.02996e-23 0
2.94339e-27 6.02514e-28 0
-21.8594 -11.4894 12.3275
1.5471e-20 -3.68559e-19 0
18.3087 20.9872 11.4915
37.4518 11.2132 5.71062
5.85249e-26 6.15045e-25 0
-9.70668 25.2764 66.172
-3.44489 0.380246 -0.48011
2.89448e-26 -6.11267e-26 0
1.10468e-12 3.40015e-13 0
-1.50723e-21 1.3843e-21 0
-19.1937 16.9526 19.5011
2.51576e-16 2.35523e-16 0
-1.06897e-07 8.65195e-08 0
-6.61164 12.3047 -2.58767
9.98675e-13 8.59815e-13 0
-19.8046 -22.8905 -6.61621
10.302 39.5904 16.4014
-5.01283 -6.06109 0.1773
31.7571 32.8691 22.932
2.11313e-23 2.16906e-23 0
8.26901e-18 -1.01323e-17 0
-6.30726e-25 -4.69302e-24 0
5.91415e-13 6.33216e-13 0
-4.51516e-20 -1.95238e-18 0
2.94337e-13 3.22831e-13 0
1.65664e-09 1.77438e-09 0
6.42942e-21 -1.58207e-20 0
7.43295e-20 7.84053e-20 0
-20.7534 -19.2745 8.96144
-21.0546 16.6263 -6.72291
-6.51583e-19 -5.18756e-18 0
-3.52756 15.4618 35.6081
-12.6372 40.5512 13.1864
-6.85592 15.5316 7.38107
2.43581e-09 -2.73715e-09 0
-2.58646e-19 1.15576e-18 0
86.9482 -49.4772 27.6794
2.20828e-18 2.35056e-18 0
31.1446 21.5368 -0.395007
-3.47668 -45.8088 17.8281
-11.2762 17.5282 32.4671
42.8383 -0.0932837 -2.58828
-21.2109 3.48486 20.9878
-2.60305e-13 -5.68725e-18 0
-15.3858 -25.4489 1.72065
-3.64583e-17 4.90105e-18 0
-5.94086e-08 6.26512e-08 0
6.049e-28 3.2864e-28 0
-23.7282 0.49936 -4.08193
-39.7997 2.76919 14.2846
5.02878 9.05035 -4.24564
40.6458 65.6996 29.0364
3.76617e-16 2.53483e-15 0
202.651 -121.3 21.0851
-4.86813e-11 -3.89532e-10 0
-1.08703e-29 -1.35603e-28 0
1.71623e-29 -6.46349e-29 0
4.03222e-25 1.48031e-25 0
-13.9441 -18.8143 -5.00399
-100.202 70.6545 120.062
4.83506e-14 5.17313e-14 0
5.6739e-25 -3.11108e-25 0
-0.000727355 0.000588641 0
-12.2877 8.35441 32.1242
-36.2568 49.5598 69.1034
-15.2908 17.8103 8.99603
-6.5018e-08 5.26294e-08 0
47.9375 -24.0297 -5.91979
-9.16978e-20 -3.96504e-18 0
29.5252 82.6021 -6.938
1.80604e-26 3.53721e-26 0
-8.99176e-16 -1.02465e-14 0
13.1953 15.2765 5.16575
1.48293 4.8856 36.4676
1.22467e-05 4.10383e-07 0
-20.2405 3.44749 21.3666
-2.60363e-13 1.01594e-17 0
-2.24649e-15 -5.82311e-17 0
-23.8439 6.44633 -7.07333
5.05361e-14 5.5387e-13 0
6.02857e-22 7.09032e-22 0
2.54033e-20 -5.78978e-22 0
3.73062e-24 1.45341e-24 0
-5.42841e-12 -3.90679e-12 0
-15.194 -21.8511 26.1948
-4.18247 5.90103 17.8845
11.5041 -62.8016 27.7072
-5.52507 -22.0843 12.0527
-4.145e-21 3.80692e-21 0
-7.98068 -9.96464 7.09181
-9.93278 -22.1988 8.15406
8.3701e-24 8.05431e-24 0
61.1249 10.4673 -5.07468
38.072 7.5114 -6.98651
-25.1562 -20.9731 30.9619
-123.329 -5.78884 70.1425
-8.08602e-12 -3.49642e-10 0
-14.8606 -14.8849 41.7321
12.6702 -4.61279 5.08251
19.7534 52.7177 33.4806
31.3698 -18.1888 -5.24986
3.28241e-24 1.00535e-23 0
5.32148 -2.85787 -2.46311
1.05654e-24 6.14512e-26 0
2.64613e-10 -4.4304e-11 0
14.6819 -61.1276 4.42509
-2.21081e-20 -1.76867e-19 0
4.77327e-20 3.50888e-21 0
-21.1868 -0.872734 22.2462
-2.60292e-13 2.12185e-17 0
-10.7489 -23.9777 1.05225
-39.0358 5.97183 -2.35131
-36.3793 -53.0283 9.30503
-20.43 -13.9729 10.6346
-3.49478 3.88225 24.4536
6.13971e-24 -1.53625e-24 0
-19.3319 -8.45939 -5.88053
47.2729 48.7782 51.6146
1.83802e-12 1.24042e-11 0
1.60758e-12 2.24263e-12 0
-52.7701 20.4799 16.7072
3.75821e-13 8.22759e-13 0
2.71295e-24 1.58169e-23 0
4.74171e-15 4.08241e-15 0
-1.62346e-27 -2.15301e-28 0
6.86284e-14 7.34753e-14 0
1.38756e-24 4.82264e-25 0
-23.3359 3.46829 0.056352
-5.44503 -11.7071 -6.83032
-71.4608 42.8578 11.0148
-38.7878 -39.8806 -3.90752
-7.05004e-28 -7.12415e-28 0
7.44619e-18 7.95523e-18 0
-8.60393e-20 4.58353e-18 0
11.9 35.0755 -2.98727
-10.6377 25.0642 48.3241
6.03103e-09 6.45964e-09 0
1.07061e-18 1.61211e-18 0
9.43693e-17 5.82984e-16 0
-29.7185 -3.98105 8.61522
5.16925e-29 -2.50715e-28 0
4.19818e-18 4.2144e-18 0
-1.27308e-09 -1.09738e-08 0
-2.33792e-11 -1.87074e-10 0
-37.4185 -13.657 26.4299
-1.02808e-17 -4.31848e-16 0
1.97403 -12.7946 4.92619
4.55416e-26 2.33239e-26 0
-6.97146e-28 -5.08716e-27 0
-0.1226 -3.02889 -0.0938911
3.50572e-13 2.85512e-12 0
-8.87091e-17 -3.8314e-15 0
0.000191318 -27.6323 34.8768
0.000324833 -27.8899 -1.55391
1.11135e-18 1.19033e-18 0
1.22126e-26 -1.94009e-26 0
1.02551e-27 -9.28732e-28 0
-4.93817e-23 -4.20336e-23 0
2.74139e-21 -2.08725e-21 0
-2.98063 -22.5031 2.38136
-5.67674e-26 -1.38137e-23 0
4.74552e-20 -1.32067e-20 0
4.88467e-05 -2.78503e-05 15.7806
3.9477e-05 -2.08057e-05 37.0728
0.000111878 -4.43265e-05 16.5836
-21.7172 -2.33913 2.93445
-2.52502e-13 -3.12637e-14 0
-18.8009 8.51459 18.4636
4.52632e-12 4.3564e-13 0
-3.13948e-15 6.39445e-15 0
2.24916e-27 9.54975e-28 0
-3.37012 10.2531 8.40658
4.10222e-24 3.22935e-23 0
-1.99337e-25 1.54679e-24 0
-1.03404 30.6475 11.8893
1.40529e-17 2.60075e-13 0
1.7545e-23 2.42485e-23 0
51.4646 1.54872 2.95988
-6.54957 -5.55006 7.56905
-4.36287 6.15458 -3.90342
-7.34483e-25 -1.18736e-25 0
-14.095 27.9056 6.43503
-2.99678 -8.39435 -3.65592
-1.76447e-12 -2.25316e-11 0
1.55759e-20 1.34132e-20 0
-0.787047 -24.3534 21.1975
-0.394019 -23.5066 -4.04674
-8.63445 5.06375 -6.65128
-1.85679 -36.0357 11.6355
-7.35815 15.3446 -3.24844
3.17192e-18 -3.83356e-18 0
-11.3225 6.74873 2.41091
6.55856e-27 -5.69474e-27 0
-1.50034e-15 -6.48751e-14 0
-1.52521e-20 -6.59506e-19 0
2.53333e-05 -2.63155e-07 15.7821
3.66753e-05 -4.25224e-09 37.0953
0.000156072 -4.0315e-07 16.6033
2.9491 -9.89669 15.1299
-4.90636e-19 -3.89678e-18 0
-10.4504 -4.89688 2.46372
-47.5882 12.4053 28.381
-13.1959 -2.23317 28.9966
43.7974 -33.5075 14.9195
8.64448 -7.90742 25.4658
2.04667 -2.358 6.79316
-4.64577e-29 -6.16094e-27 0
-1.49596 15.9852 21.1527
-1.512 12.6692 14.3473
-1.51539e-07 1.22558e-07 0
-20.0963 1.14292 13.8338
-8.81377e-26 -6.25678e-25 0
-4.10283e-19 4.07388e-19 0
-16.1767 30.0753 11.3835
-9.68642e-24 -7.59171e-23 0
1.80271e-21 1.729e-20 0
2.8838e-18 3.88788e-18 0
8.50809e-20 1.5658e-18 0
-0.793742 -24.4753 21.5791
0.265065 -3.56607 11.5508
-17.1956 -12.9547 1.69728
3.27903e-09 2.8231e-09 0
-31.1926 10.1003 -1.37869
3.82153e-20 7.00155e-21 0
-2.38591e-24 -9.74397e-23 0
-3.33061e-26 -5.19978e-26 0
5.31305 -42.89 -0.132105
8.75367e-17 3.9222e-16 0
0.000238689 -2.17465e-06 15.7809
7.52231e-05 1.36987e-05 37.0731
0.000380446 4.17333e-05 16.584
-3.29391 4.34654 12.1104
3.30412e-23 -3.70631e-22 0
-12.1447 -10.8535 9.66992
6.68257e-19 2.50569e-18 0
-12.1912 7.77738 1.71187
-4.3662e-09 4.82944e-09 0
-2.63992 -15.0548 10.6998
4.54551e-09 4.86855e-09 0
-2.91382e-12 3.82479e-12 0
0.000190976 32.081 32.211
-0.231955 27.6786 -0.492057
-2.60567e-19 -2.47955e-19 0
-5.70743 -13.5101 -4.36035
-4.42957e-27 -1.4817e-27 0
-8.82853e-25 -1.34434e-24 0
1.04202e-06 6.01256e-07 0
-7.01165 -29.5912 4.98751
-16.7281 9.16003 7.47422
5.89458e-12 3.8736e-11 0
-1.31559e-22 2.91112e-21 0
12.2232 53.9163 35.2201
-2.98988e-27 6.01179e-26 0
-23.0813 42.039 -5.92644
-24.6779 1.30259 21.248
1.86041e-21 8.14093e-21 0
-2.013e-13 -5.80244e-14 0
60.0838 -16.1913 -5.23007
4.22487 -51.7089 13.0502
-1.50417 -0.883778 7.44398
1.86102e-18 -5.17918e-19 0
7.14729e-14 4.74952e-13 0
-63.271 15.156 2.12098
24.4164 23.1617 2.14948
2.15546e-29 -9.74492e-29 0
-12.3829 6.51826 7.39435
-1.03495e-21 -4.50123e-20 0
4.61794 -45.8597 -3.03268
-1.0842e-24 -2.86661e-24 0
-5.39479e-24 -4.59824e-23 0
-5.50994e-21 -4.92197e-20 0
-5.94429e-17 -2.55745e-15 0
9.86651e-23 -1.793e-23 0
36.7331 -31.8426 50.337
-4.32912e-11 3.37737e-10 0
5.18381e-27 1.69545e-26 0
4.37331e-27 -5.25027e-27 0
24.7305 -30.6565 11.1196
-6.00559 -8.35126 38.7656
5.64027 -15.8453 2.6325
53.656 24.3326 3.43153
5.67891e-12 2.12709e-11 0
-18.1423 -37.4121 -1.55841
33.7844 7.28738 2.65472
32.0974 -1.05184e-05 32.1987
28.0776 0.000269698 0.375835
-1.07339e-19 1.22081e-20 0
0.284634 -0.622548 16.0618
33.9535 16.5987 7.57702
0.0240001 0.0142528 0
-4.48783 -8.82585 20.0024
7.26939 2.87895 0.506611
2.15673e-08 1.43449e-07 0
-23.2669 17.147 -1.29186
2.21834e-09 2.37599e-09 0
7.38953e-30 1.30084e-29 0
-38.3493 46.4759 -0.173805
-35.943 27.3091 -0.179278
8.70652e-19 -1.84253e-19 0
-31.8446 -3.46601 -2.67261
-27.5164 16.0162 9.51827
10.8042 -56.5143 0.421046
-10.9745 -10.4675 9.40349
7.63803e-17 -2.12565e-17 0
-2.07256e-15 -1.49155e-15 0
15.2415 -27.3198 15.163
8.92706e-27 -9.80606e-27 0
-52.8832 81.6295 18.554
-3.23395e-14 1.53582e-13 0
-1.01382e-16 3.6173e-17 0
1.7861e-27 -4.0974e-28 0
39.0987 -38.592 2.039
-18.1434 7.91547 -1.95217
-1.23838e-18 2.94971e-18 0
1.96731e-11 7.36874e-11 0
9.95429e-23 5.62607e-23 0
-1.31515e-20 -1.05234e-19 0
32.0713 2.1065e-06 32.2233
28.0841 0.00216177 0.357423
-2.4369e-23 -8.30387e-25 0
-3.86838e-20 -3.03103e-19 0
3.81115e-28 -6.70581e-28 0
-10.4791 -1.33115 11.5363
35.1862 -14.3613 38.2512
-12.745 -10.3519 1.19129
5.68711e-26 9.12825e-26 0
-26.8062 34.1246 36.3249
-20.0619 -2.2491 12.3989
4.5053e-27 5.94896e-27 0
-2.12911 4.02583 0
-37.3339 -24.6741 -5.2402
1.0724e-26 6.62949e-27 0
1.54108e-21 1.35283e-21 0
-27.9792 -13.4733 3.93567
-14.1677 -11.0188 18.6481
1.36132 27.6449 -7.2498
-45.3934 7.29975 48.9239
-29.8647 9.80124 15.9772
9.60052e-09 1.0283e-08 0
-2.67427e-16 -1.15636e-14 0
-4.74478e-19 -3.04335e-18 0
-31.965 6.52438 2.66247
-9.46478e-24 1.2691e-25 0
1.04458e-09 1.11881e-09 0
-6.70274e-23 -2.75615e-22 0
-20.8832 -40.4515 2.23255
1.29404e-06 1.78832e-06 0
-10.7065 -16.8031 -4.52308
41.0366 29.3267 5.64677
-1.86815e-07 -1.49483e-06 0
32.0974 1.23137e-05 32.1987
28.0837 0.00407641 0.352286
-1.62779e-19 -2.698e-20 0
5.89456 -36.7483 13.0835
21.1998 -36.1437 -7.70338
-1.04235e-21 2.11636e-21 0
-7.90101e-16 -6.32212e-15 0
-1.65554e-16 3.10281e-16 0
-2.43603e-22 3.92735e-22 0
-2.69567e-24 2.21188e-24 0
1.47489e-18 1.98501e-18 0
-2.18102e-27 3.14515e-27 0
2.8928e-18 2.49057e-18 0
28.357 32.8502 7.64206
5.52213e-24 5.25969e-24 0
5.11877e-25 -7.85583e-26 0
6.1538e-29 -1.4688e-29 0
9.2492 7.68955 26.2099
2.93775 20.4757 1.24505
59.2007 7.64131 0.616782
-7.24802 4.84404 0.797411
5.89191e-19 6.2414e-19 0
-6.7555e-13 5.47529e-13 0
25.0133 -22.517 2.27406
-11.3449 -26.2568 8.23933
-8.20107e-29 7.5327e-27 0
-4.76862 -10.0046 -5.31362
6.66452e-14 7.13815e-14 0
-5.61927e-26 -8.1266e-26 0
1.8087e-24 -1.73145e-25 0
2.20563e-21 1.09027e-20 0
-4.87629e-20 -2.10852e-18 0
