# vtk DataFile Version 3.0
water particles
ASCII
DATASET POLYDATA
POINTS 2541 float
-2.03058 -1.07991 0
2.04732 -2.80668 0
-27.2047 23.1404 13.5154
0.504888 1.49034 0
-17.5786 -4.40805 0
-7.99108 -25.2519 40.5606
16.6368 15.3527 7.888
52.2052 -48.1166 9.28986
2.79773 -37.8035 3.04371
2.00668 0.134944 20.8444
-12.7866 -23.5428 0
-2.27223 -60.5669 4.94637
-14.2059 -31.1172 58.4111
-0.248751 -2.30689 0
13.9152 6.20097 2.40148
-6.49168 -6.22638 0
10.7485 15.294 3.29424
-5.29676 17.9355 0
-39.318 -46.3169 70.1308
25.6687 -15.5499 60.7728
3.21839 -1.12818 0
16.1469 -8.24749 12.741
0.934403 42.8312 5.37647
-30.5714 -0.300009 49.8238
-31.0759 -0.304265 13.3955
8.81803 13.2823 4.54766
0.555884 -0.364325 0
-32.1705 -15.9434 10.6899
-26.7524 -14.9406 12.7048
-41.3061 33.812 66.1102
-0.279548 27.8246 29.8118
-51.7174 22.7416 32.0701
-25.0493 -19.5288 7.35926
-0.195662 1.49647 0
-2.58826 -4.2261 0
6.30173 -55.7337 1.69322
24.1455 4.35916 24.3801
9.41914 13.8941 23.9582
17.249 -1.06136 4.47213
1.86033 25.5184 0
6.53426 2.49611 8.76414
-0.468553 1.58 0
18.2609 39.9927 98.8994
-2.56312 0.909979 0
-47.2999 -4.61918 16.5285
-4.37057 1.80064 0
4.42663 4.68923 0
-3.58855 -7.01801 0
-5.23337 -6.57562 0
-18.4025 -28.3886 0
-7.04204 -1.11562 0
16.5367 2.65568 21.5117
61.255 -27.438 9.49749
-24.7838 -20.7786 14.6222
-2.48184 -3.84299 0
-2.3849 0.92505 0
-30.54 4.53618e-06 49.8474
-31.0767 -0.00214822 13.4013
-14.7711 -28.0339 0
-10.384 8.26851 10.9317
12.5427 -5.06107 0
5.84411 -1.66848 0.919677
14.7606 -34.8984 0
7.95004 -17.1494 10.4494
25.4423 -17.1274 51.9821
-0.11233 0.584856 20.2511
-48.3744 20.2391 0
-1.3927 -5.96343 0
-2.54232 -1.53324 0
-3.13393 6.97838 0
0.801377 19.6293 0
25.7823 30.2902 22.1821
-10.3038 3.87986 0
5.6067 34.1381 2.87535
31.3013 2.77744 6.38635
-50.2918 -3.91898 14.7329
1.68006 -8.48767 14.8004
0.393883 1.7884 0
-14.223 87.4459 27.396
0.502913 1.90863 0
23.4925 4.98755 4.4155
-33.8091 21.982 0
2.25956 -5.1136 0
-3.70548 -8.58064 0
0.111065 1.29869 0
-0.205605 -3.3131 0
12.748 -58.4268 11.6713
-2.56101 2.37464 0
-0.689761 -1.98985 0
-30.5714 0.300013 49.8238
-31.0701 0.299889 13.4209
-17.6654 6.01548 7.69337
-69.1563 14.7935 17.5728
-1.70981 2.65476 0
9.26216 -11.9935 14.3721
30.9445 -1.01344 0
22.3577 26.0072 0
-25.6272 -4.29385 21.4325
8.55208 16.3533 12.5743
-0.561205 3.65332 0
-9.61004 44.3594 52.8736
-2.65862 -0.58079 0
18.733 -14.8853 6.88434
-8.02697 7.14273 0
14.9008 -24.4695 13.6657
6.3673 -6.61419 0
-17.5919 47.6192 5.93923
29.9998 0.11294 74.2903
18.4973 3.55298 14.6798
14.2207 11.4566 37.5592
-2.32708 0.395732 0
3.24127 4.73973 0
-26.5903 -23.8064 13.3856
-2.3459 0.576755 0
-15.0278 32.8786 5.04211
22.058 -34.8568 16.8565
12.5592 -11.4529 8.38132
1.9064 -17.8867 4.18657
12.4919 66.6209 63.6061
0.0818673 -3.11213 0
-1.42641 3.61873 0
-0.711523 -4.35616 0
-1.01902 -1.81484 0
-0.988673 -17.7738 0
-2.1592 -4.58467 0
27.0542 -12.2528 55.5969
-0.983685 -1.27308 0
1.23385 -6.08394 23.8443
5.29205 12.6779 0
-2.9711 -0.0855074 0
5.99051 20.4104 10.4668
-2.30247 -2.83817 0
0.25536 2.75369 0
-0.900257 -29.9519 49.8346
-0.655842 -30.0514 12.5173
-5.00756 -8.13104 18.0466
13.8365 14.9024 19.6937
9.03373 -12.4124 0
-3.22843 13.657 15.1517
22.1312 -33.7017 24.6088
-19.2624 1.25868 11.7453
3.66916 -57.9736 36.2744
20.592 -6.1287 21.6248
-0.90001 -0.300075 30.5288
-0.900042 -0.300022 52.8821
-0.900176 -0.300123 31.0367
20.5601 10.7237 4.22242
2.08232 0.320698 8.92938
11.3595 11.5437 34.2382
-18.318 11.028 0
36.7448 34.8869 61.7921
1.6541 1.74894 0
8.10467 27.0932 69.8899
0.275179 1.347 0
-29.0832 17.4042 14.1838
2.07892 32.2733 25.1838
-0.900965 24.6826 0
14.5027 1.39262 5.50092
-3.73194 0.411237 0
21.24 -9.64506 22.67
0.510997 -1.65549 0
3.27793 5.15332 0
-16.8475 -36.9798 6.59767
-27.3119 35.7838 20.3933
15.0336 -20.1118 32.7062
18.6202 -26.487 41.1982
2.55882 -26.0967 34.2192
-1.32729 -26.4536 6.90819
3.197 6.11843 5.88239
-135.363 -44.3527 59.7634
10.8709 1.40701 0
8.7458 -74.2455 2.10173
6.95917 -14.5281 6.08503
2.25904 4.61966 0
-4.8217 -1.43727 0
-1.0381 -26.6825 25.5041
-0.900005 1.18765e-05 30.5301
-0.900039 -1.70125e-13 52.9062
-0.900736 0.000115576 31.0577
-2.87098 0.0650593 0
4.08062 -5.74133 5.64465
5.00077 0.166428 14.1726
4.58926 1.86691 23.3054
8.45435 2.69365 80.0021
-4.22124 -19.1408 0
16.1496 2.82908 31.3137
20.1184 0.495991 36.5402
6.12486 -44.1167 2.01635
5.64426 14.7081 34.8772
-0.900636 15.252 27.8523
-2.93106 -7.85764 3.64335
2.4528 4.4627 14.1175
-15.777 11.2826 11.2521
9.66694 71.265 4.58131
-2.00942 2.2764 0
-1.74759 1.68249 0
-2.24821 0.608149 0
-3.03722 -11.8392 11.9077
-3.63574 42.5265 9.21204
2.53299 -25.8784 34.4431
0.715414 -4.26704 24.0731
10.9067 29.399 12.0637
2.50887 -18.9785 0
23.6324 5.19275 53.0593
-20.0152 -13.8669 51.0841
13.8719 -21.3365 9.33553
0.960325 3.46219 0
19.4963 45.7387 29.0581
-0.467016 0.160322 0
-0.900026 0.300035 30.5288
-0.900042 0.300022 52.8821
-0.901161 0.300118 31.0369
-7.65715 -16.1938 29.3978
7.15668 8.53426 0
8.44861 -19.4215 28.3804
0.171346 0.45009 0
9.68734 -27.2085 12.3982
6.27516 -4.51933 12.568
18.2116 -19.0234 5.35594
-1.21109 -3.06564 0
-1.72938 1.9301 0
-0.9002 34.6766 47.003
-0.900236 30.2733 11.3991
11.1046 12.7846 3.2347
-1.47283 -7.97593 10.9165
10.7024 28.3025 28.1496
-4.17509 -13.9382 0
13.338 22.1396 34.8588
20.4275 28.0189 7.85459
6.69964 1.18642 0
41.385 52.8757 29.8543
-0.90373 3.41546 0
-12.899 -79.4711 87.8825
-2.00433 3.04032 0
16.2927 -30.8549 38.225
17.3636 -10.0837 50.6443
0.828487 2.07942 0
52.902 -4.41319 57.0684
53.4968 18.5079 35.616
2.05109 -3.12952 0
1.4124 -24.8661 0
0.135999 2.14556 0
-10.8695 -19.7956 14.8854
-0.991791 -10.0404 0
-97.5677 58.9554 7.6808
-1.24292 -1.22018 0
24.3294 16.8742 12.2618
-2.72419 -1.15633 0
-28.828 -16.3282 0
-50.2515 -1.95518 18.1386
23.2918 -9.35754 0
-0.551507 -3.38503 0
3.52559 7.19699 0
-30.6873 47.0575 0
-0.57866 -1.35874 0
0.949687 10.0985 0
-7.72822 7.12443 0
6.01029 23.3409 16.6441
13.379 2.99065 0
-17.573 -29.7173 0
1.85718 28.1792 2.86751
6.16812 -7.98763 19.1022
2.99428 -1.59677 0
-30.5276 2.26208 6.7993
-22.6492 -2.6652 36.7565
28.7827 2.98565 26.339
24.109 -0.300963 0
10.242 -41.1707 49.8588
-10.4683 -6.93945 0
7.57039 -19.1156 51.9632
-25.0412 -14.0766 83.9959
-39.5701 42.9091 4.09862
11.5958 7.93866 1.35021
43.848 9.13147 4.7247
18.4155 30.4464 41.7498
9.75544 -11.1588 4.63073
-38.5553 -182.849 86.8133
6.68438 -13.2648 0
-5.62037 -3.20831 0
-2.26085 -0.95335 0
-1.39759 -1.62224 0
17.8985 32.1314 27.5853
-1.87911 -2.11661 0
-2.26996 -1.59168 0
-5.90008 -1.28242 37.5609
-2.15169 3.02499 0
25.0077 -25.0061 19.2427
44.1841 -57.7509 42.4951
13.9461 17.9053 23.61
-23.8246 18.3672 0
1.75164 1.95343 0
14.6704 28.7466 12.9408
37.6358 11.988 14.7637
-2.47278 0.455094 0
20.17 30.7867 53.578
1.27909 -5.85696 0
38.8166 10.154 3.23154
-44.1922 3.10261 12.6052
27.7531 3.21412 26.5789
24.1184 -0.00021782 0
17.7084 20.278 18.3595
5.90766 0.860993 0
-32.4075 -8.20438 11.7267
0.190896 -1.63822 0
0.57421 -0.338311 0
3.72664 -4.73848 1.5074
-23.2827 16.139 16.8879
-6.94281 -0.117936 19.0073
1.23632 1.75239 0
76.7075 25.5024 30.2691
-83.8948 -16.0699 45.647
-0.726882 6.38942 28.3458
1.15575 2.8202 0
-10.4694 -16.2307 21.346
1.2538 4.84741 0
2.18906 -1.63663 4.74005
5.30885 5.5748 13.9698
-31.2665 -30.2905 15.1659
2.64461 -1.14865 0
6.44272 -1.41122 26.5093
-2.85042 141.025 20.5177
7.11887 -7.28538 0
-3.17576 -1.63094 0
-2.13625 3.71269 0
12.0455 -17.562 22.0391
38.4301 -48.4722 34.5452
-2.2999 0.646195 0
14.0829 -17.7079 59.1617
-1.12029 -40.3649 6.91074
-25.3987 11.2434 33.6006
-42.5989 1.84736 9.77807
28.9526 -0.876129 26.7116
24.1084 0.301078 0
80.7786 -164.51 226.86
25.3449 23.8449 86.5367
6.4412 20.3174 24.7306
2.10207 -19.3154 14.8073
2.38343 -0.845737 0
1.4151 -5.49137 0
-8.08386 -2.43346 0
30.2619 -5.48924 24.8737
0.871905 1.68401 0
0.151578 -1.80301 0
-3.6218 7.88917 0
65.4892 94.0549 16.6498
31.7162 -18.9657 12.1349
0.297979 1.373 0
-95.9093 10.4865 49.2285
2.3983 0.467917 0
-12.9759 4.85882 0
5.85951 -39.0188 11.5048
8.40735 -2.65264 0
1.48272 -2.20511 0
15.5534 27.8353 8.84967
-5.05338 -18.0529 27.7349
-2.13967 0.0648325 0
-3.73082 -8.93364 0
-21.5065 13.0019 0
-71.4734 16.4083 5.66678
11.1654 3.9739 4.3646
0.739581 2.74607 0
-31.7835 80.2983 4.30624
25.0655 3.04553 0.666266
-0.883178 2.56254 0
-26.2777 15.7083 0
27.5056 -2.43126 22.6816
1.62563 1.49756 0
-2.3554 0.37246 0
-2.9517 -2.88338 0
1.71789 1.42584 0
-1.06309 -1.75321 0
4.5753 4.17975 0
-6.1816 -6.36921 0
30.3973 42.2486 49.4959
-0.504214 -2.08803 0
-11.4594 -9.27546 0
25.3229 42.9647 31.9775
-0.517923 28.134 34.8895
-28.542 4.90572 0
-39.6009 -27.0216 6.04181
-8.85484 -4.87627 0
18.0606 4.51231 20.8687
7.16878 3.1211 33.4035
11.8177 -4.43086 5.01529
3.66259 2.46711 0
7.67305 -0.493519 0
-3.98818 7.15429 43.3537
-32.0211 -1.33688 7.59602
4.81057 3.8528 5.98637
-2.33074 0.817958 0
-44.6199 9.14668 0.778982
-44.4559 24.0044 20.053
15.0627 14.7602 17.8241
21.8734 -15.3657 0.285199
-10.1266 -72.9997 1.60049
17.9983 12.1058 2.04344
-0.15607 -1.87982 0
-18.8402 24.5574 0
23.5265 -6.86907 25.5847
0.0574523 -1.99114 0
1.31452 1.2683 0
111.627 -36.1695 30.8277
-2.89926 -7.76886 0
-2.24809 0.162788 0
-3.27907 -0.148738 0
-3.85682 -21.5041 0
-3.66596 5.89212 38.5365
-2.21195 -0.381172 0
8.74833 5.56311 51.8812
44.1128 -14.7371 9.59064
-11.9039 -49.7442 0
-0.753828 2.8663 0
-66.5513 -5.22903 0
-2.59437 -0.406196 0
6.60555 1.43456 0
3.08945 -29.7247 34.3268
15.6733 -33.6949 36.6379
5.43841 -1.99078 9.19437
37.9606 11.0226 15.52
-13.5844 5.63547 39.6884
-26.5174 -0.268906 17.0589
3.99865 -6.41791 0
3.83388 -6.42344 11.5391
-19.6141 1.69377 0
-5.46865 0.418206 0
-21.9527 -32.9571 11.9618
-41.5373 26.7708 12.4393
-52.9995 15.9364 28.5491
-1.81708 3.49118 0
-0.209259 1.68138 0
-3.49241 6.28328 0
1.45077 -4.46206 0
81.8373 3.86396 182.704
-2.42776 1.12667 0
86.3013 -53.5299 33.181
-8.00294 15.5356 0
-57.0388 13.7693 16.5022
10.0978 11.1379 38.3852
-129.017 92.4463 66.2098
-2.73742 1.09259 0
-18.347 13.2689 0
5.91958 -71.1635 26.9509
26.2221 2.55435 25.8987
-16.7305 -46.0186 1.03831
-11.074 -4.36854 0
-2.80608 3.50492 0
-1.10935 -4.48713 0
2.64523 16.3509 0
3.18489 0.296327 0
13.8767 -2.54314 26.573
-1.03033 -1.47298 0
-0.311755 1.36204 0
-7.64713 -1.30249 43.4651
-32.16 0.672643 10.8844
-0.14283 -1.63033 0
24.8066 -12.194 38.0127
32.9021 -38.9731 12.3709
-22.961 24.6151 2.29994
6.61889 3.10087 0
5.1001 -21.5583 4.18618
-3.8527 5.7982 0
-2.2717 0.522314 0
-1.57471 1.70351 0
-12.2178 11.5259 0
-56.9422 86.4931 10.8521
-29.587 -49.7713 0
-2.10498 -16.2461 13.9626
8.88292 25.8786 8.92684
5.80512 7.56096 0
-2.2165 -5.73524 0
28.8386 45.0801 54.1503
-18.9711 -5.18346 48.8501
-21.8357 -10.1214 2.19226
-0.209173 -1.58381 0
-0.0542081 1.7189 0
38.8892 -11.1081 18.0281
-0.764841 2.33769 0
-3.87852 27.2268 0
6.08937 18.9368 12.762
9.81516 -17.1211 23.9225
-2.04384 1.51115 0
3.17 -22.7646 10.7176
-7.42364 3.58346 0
-2.83239 43.9687 14.9419
-0.633324 -4.34431 0
-0.20207 -3.13092 0
-3.28076 -18.3561 0
0.209302 -4.10105 0
-0.801811 5.71606 4.64746
17.9047 22.7319 9.37791
66.9542 7.93728 46.8031
3.52836 16.9196 13.7187
0.748688 -3.32812 14.5327
-0.124888 2.40961 0
16.5478 -1.29494 2.87476
-7.09944 -9.15355 0
-0.600009 -24.8946 53.2264
-0.361336 -30.3123 12.0875
15.9914 -4.92624 0
4.20573 -0.114665 0
-1.73111 3.52044 0
19.6526 -44.739 67.4069
-40.5229 -17.7719 37.1825
-3.81108 7.53028 28.5365
-0.598951 -1.73841 0
-0.734491 4.25853 0
-0.600012 -0.300097 30.5297
-0.600004 -0.300016 52.9916
-0.600037 -0.300155 31.1323
-2.00184 -1.67007 0
-9.06165 -9.43938 5.4775
1.14443 3.13359 4.49835
4.13293 1.47851 6.16692
-7.92276 15.5252 35.3095
4.7933 2.49829 0
3.69527 -5.42127 14.8745
2.13498 -0.802993 0
2.45204 -43.7152 12.983
2.67461 27.4965 26.8881
-0.600493 24.4858 0
3.18258 16.9976 0
3.13945 3.80797 2.36397
-3.7275 14.7128 0
0.873653 -5.58812 0
-1.06306 31.5051 13.6137
19.2641 -1.74845 20.6848
7.53061 6.66598 7.56579
-0.160348 -1.54057 0
8.0133 20.4104 24.7403
3.16998 -20.6786 35.2846
-1.0773 -26.4454 7.10425
-6.90795 16.8572 0
10.894 30.5865 4.18505
0.778441 -7.20476 0
-8.39711 10.9863 22.8653
-31.2894 18.0898 0
26.2628 -45.1506 25.5347
23.1497 -45.2811 28.0858
-0.704662 1.3606 0
-0.599943 1.64298e-05 30.5359
-0.600003 2.64068e-10 53.0119
-0.600085 1.20179e-05 31.1505
9.524 -11.0374 20.6582
-8.52384 -3.82437 1.9958
23.9572 10.0659 18.6585
6.87025 3.78106 10.8411
2.55234 -2.55359 19.8304
3.7756 6.5398 28.433
21.4812 9.25361 64.5075
5.55452 0.586718 16.0168
-0.461612 -0.153547 0
2.95955 23.3414 29.7724
-2.27343 13.761 28.4931
9.17859 -11.3457 25.0686
-0.0476083 3.72567 0
0.899133 15.498 0
-0.370889 3.9512 0
9.3907 10.0864 5.92148
-1.38607 -1.42112 0
3.73714 36.4254 0.104342
3.95781 1.34039 6.3145
0.866777 43.4673 2.17742
3.11512 -20.5116 35.6275
1.24649 -4.01981 24.5246
1.35095 -8.85639 0
4.38378 13.3255 19.392
-2.78406 -1.35442 0
8.40881 -22.5997 0
-1.2031 2.25642 0
8.43461 65.3735 89.1127
3.10354 -29.1152 6.23679
-0.864138 -1.70093 0
-0.599965 0.300024 30.5298
-0.600004 0.300016 52.9916
-0.600362 0.300076 31.1325
-16.6947 0.342044 8.46198
3.11328 -7.01961 7.56343
-1.02118 -2.26029 0
2.69057 -12.148 38.1918
23.486 -33.5236 0.974814
-11.2158 -36.2807 0
-5.07283 -8.77797 15.68
-19.946 -16.3808 23.2222
-3.55562 0.42146 0
-0.600013 30.0976 50.8632
-0.840779 30.3096 12.0939
-0.677343 -2.9746 0
-10.8458 3.35297 0
4.77077 -2.94114 16.4727
-26.8543 40.0268 61.7632
-1.70617 -5.80916 0
-22.6825 -8.7665 0
-0.472285 -5.6116 9.78333
2.0858 32.5169 18.0102
-0.598573 3.41467 0
-7.32857 -2.56467 0
21.7152 0.61282 21.0451
-21.1028 52.3899 4.24513
6.47178 6.93705 0
-19.2047 -33.1881 17.7709
-1.42983 3.04653 0
-1.93257 -10.0395 62.3979
-30.0147 -25.8808 5.20883
8.32178 -20.6992 0
-2.54355 0.589026 0
-49.7556 11.51 0.489876
-1.62151 -2.58578 0
-1.16983 -1.65484 0
0.237639 -2.21412 0
3.33461 -2.76923 0
0.935843 -2.27271 0
-32.4947 -17.7681 1.39884
7.93179 -23.4349 27.0896
61.6627 68.4209 7.33256
1.6355 -2.2855 0
-15.2259 -34.0505 49.707
2.21882 -2.85057 0
11.1294 -9.15593 0
0.507974 6.90019 0
1.41138 -4.38943 0
16.1068 -31.399 0
1.83138 -2.06106 0
2.38192 -0.170209 0
20.1411 3.65509 12.5523
6.82504 -2.66644 9.50061
12.5192 28.3183 13.769
-0.780043 1.64127 0
-44.8663 6.84707 2.0764
28.1493 3.05217 26.6752
24.4211 -0.301887 0
4.12326 -4.74305 0
2.42847 -2.86379 0
36.129 -4.11538 9.03499
-17.4853 -5.01073 7.13118
20.9632 -14.2562 7.63944
14.3 -16.084 9.82322
-2.75887 1.46022 0
-1.64338 -2.83761 0
48.0394 7.31244 1.25683
0.790033 3.59429 0
-1.65535 -4.14712 0
10.2367 52.084 77.2444
-2.24819 -3.57701 0
-48.13 5.39696 18.6709
-62.2345 38.9769 54.2451
-0.432109 -0.168816 0
-2.28405 -0.0522337 0
-2.95667 -1.31426 0
3.31003 8.28374 0
-4.50731 -7.5056 0
83.4344 -3.90101 10.8562
13.9602 18.4523 23.5183
-6.90196 0.552807 0
-4.98003 -3.08351 0
-36.794 8.83417 36.8262
-6.18324 32.7056 39.2844
17.3311 17.3926 4.85362
-0.284392 -9.78363 0
-0.228543 -1.34529 0
9.97475 -9.10306 23.5441
-2.64321 3.44217 0
27.1412 3.28171 26.9134
24.1794 7.08297e-06 0
20.8266 -13.4595 0
9.5585 25.7349 18.5352
19.1239 72.4602 74.3968
7.61442 -5.68088 21.8167
25.8656 -1.12493 12.9278
8.74915 -4.62903 12.6683
-2.34489 -31.7713 13.7421
7.00615 30.4259 1.3918
-5.64146 1.71868 0
-21.4192 -34.3513 70.0935
-77.4996 13.7159 56.0858
-34.2149 -47.5694 18.205
-3.83351 -1.81255 9.25154
16.0637 -27.0339 15.7025
-2.07773 4.49394 0
6.55261 -5.66326 2.48023
-0.0797231 1.58944 0
-0.985779 -1.43194 0
14.8429 16.1854 39.5817
-8.81084 -8.27633 0
49.2454 17.2774 72.3988
6.97759 -7.31267 0
-0.376181 -6.27569 0
-4.14701 2.57802 0
12.0917 -19.5144 0.225933
25.5912 -30.2484 62.8755
0.400851 -2.47723 0
8.08664 -35.9497 1.66256
1.17202 -1.87197 0
7.26924 -3.36273 0
-77.1534 26.2014 9.0656
28.2808 -0.877214 27.0856
24.4203 0.301965 0
2.85059 -0.575318 0
-52.1358 22.7452 10.9061
37.9414 -14.6214 5.93692
36.2266 -16.9016 0
1.44066 2.3321 0
-19.1491 14.2333 27.4301
21.9528 -5.88476 0.440968
19.6915 1.01557 20.5693
0.408013 1.47953 0
9.83706 8.5747 0
10.7703 4.40478 0
-7.69331 -39.5048 6.18306
2.05566 0.211346 0
-47.0348 -27.7826 26.4688
33.9291 22.8843 0
6.17828 2.70977 0
-16.6034 -0.653927 23.9731
6.11485 -32.946 4.75867
8.5785 -22.047 14.0853
-11.1153 6.94073 0
-4.73887 4.74437 0
-15.4091 5.66799 16.0335
-2.0315 -0.204739 0
-4.00525 -4.88281 0
-6.01741 6.40263 0
-18.3308 31.0586 25.5158
-16.6003 -20.8228 10.5187
0.319786 -11.8855 10.6528
5.05869 8.07984 0
-2.00342 -0.941844 0
-0.282198 -1.59562 0
23.179 5.97296 26.6307
-29.5229 8.16514 11.3534
-2.91649 -0.381113 0
7.34093 2.85466 0
-74.4905 -48.1285 6.46631
-4.39864 -2.63036 0
0.635631 -0.5257 14.7804
-2.20714 0.14248 0
19.2731 -15.6399 17.2549
-12.0057 23.2296 9.75945
-36.4663 -31.8139 1.25555
-11.1535 -9.25267 0
7.35937 50.5149 19.0399
0.252289 28.7083 34.7121
21.1539 -16.3055 14.8853
3.88141 -2.10451 0
-15.1634 3.21827 32.9311
1.03308 -5.72626 0
6.17663 16.149 0
4.01288 24.8098 26.4175
35.3092 -27.6141 6.24918
7.13281 0.168929 0
-22.0526 3.46384 35.2485
-29.3634 -1.28888 4.69914
10.4618 9.13977 0
5.97282 2.39863 0
2.4013 -2.62594 10.558
-32.8694 11.1484 6.04474
-4.05622 -7.12949 3.88458
-11.7661 -0.117378 0
-15.7988 4.14912 5.08031
13.8408 -61.0691 41.2004
-0.304845 -1.92241 0
25.7505 59.203 0
-25.7992 -30.0346 0
2.90755 -3.08245 0
-0.656962 -1.51546 0
-0.804266 -1.70315 0
4.2886 2.45733 10.0157
-2.49244 -1.25806 0
-2.99724 -2.53994 0
-2.19832 -0.91281 0
-3.70329 -0.430962 0
-2.47724 0.583631 0
15.2157 11.6169 49.3487
-5.83134 11.9218 28.657
5.16421 -2.09065 0
-4.06372 -4.62274 0
44.3713 63.4287 34.3567
-54.4958 -11.8508 16.156
-29.1817 43.663 9.76564
20.6198 -1.09851 6.38287
-5.85852 26.9208 9.57354
-4.09421 2.54563 0
0.730264 -1.59657 0
-21.0465 3.72068 35.6404
-14.1315 -0.288108 23.2933
4.06365 -5.59928 7.27284
-0.445996 -5.85732 8.36939
-10.9172 -0.563943 0
-15.1254 -2.48744 14.5935
-18.2509 -10.3587 12.8401
2.14691 3.77064 0
-12.5906 -15.6541 1.82261
13.7137 -10.136 6.41713
0.745255 1.65574 0
2.18779 3.69089 0
9.86282 -15.765 30.6765
27.1917 -45.8585 2.14985
-0.656809 -1.4947 0
-11.665 -5.97965 35.6718
-4.06555 3.67518 0
-27.7833 21.7549 10.2333
-2.70306 0.590064 0
64.2949 -59.4099 42.5315
0.148996 -2.363 0
3.95267 -14.0888 26.098
26.581 -71.667 19.6804
-11.0575 0.0453969 0
-36.1809 55.0601 78.0298
-3.35375 -1.54558 0
-4.44654 -57.6816 34.1452
10.8024 -19.4177 17.7774
0.428553 1.81114 0
1.46663 -18.8717 9.44562
-88.3634 -24.298 16.7392
-1.4108 0.844581 39.9205
1.01186 -0.449616 0
-21.9756 -0.63678 36.6029
-27.3017 0.525319 12.3753
7.64952 -10.1331 0
-36.9994 -0.55562 27.6354
-17.1432 -22.338 13.7268
8.36204 0.692312 19.9205
-21.2671 -10.8296 18.3671
0.79059 1.4008 0
0.126204 1.49005 0
-0.381058 1.57286 0
-0.613389 1.61381 0
-12.5285 12.0892 0
-1.49526 -4.65788 0
2.68167 3.09398 0
57.9399 50.8161 1.6156
-1.61402 4.1761 0
-5.46052 10.0982 60.8499
-59.2368 -24.2972 10.9798
17.4658 -46.3406 36.776
-2.27439 1.20916 0
-5.9499 -2.95642 35.7032
-2.12207 -0.0872782 0
-37.4058 -41.1817 11.6371
4.46244 -14.4799 0
-0.418441 1.80033 0
2.58881 -10.2213 0
12.2521 9.70056 8.26991
-20.9076 -5.36518 0
-3.18424 -0.874321 0
-3.79737 -0.584467 0
-2.38583 -4.4999 0
-2.00129 -0.144311 0
-0.299989 -3.86608 0
-0.0200558 -3.2119 0
-2.90023 -19.5783 0
0.419042 -4.12005 0
-0.718624 5.54601 4.94415
-1.56801 -5.84768 0
25.2908 -33.3957 32.696
-2.65003 17.2946 40.8663
-1.29327 9.43056 0
-11.913 32.6653 26.4643
2.5662 -5.24557 3.02629
2.29225 -0.843386 0
-0.299994 -24.8835 53.233
-0.0611156 -30.3125 12.0847
-88.4978 50.6715 17.5789
48.8758 -137.948 78.1336
-0.523485 4.19318 0
0.433582 1.25884 0
2.80617 2.41572 0
20.2316 6.5629 6.31817
35.6975 9.62494 7.25252
0.228662 1.50287 0
-0.300008 -0.300009 30.5301
-0.3 -0.300016 52.9924
-0.300001 -0.300046 31.1328
-17.0012 11.6751 24.6033
5.5427 -12.5122 4.22103
-2.53835 5.42532 0
4.53764 27.4578 34.8487
-43.2388 28.62 59.089
6.53894 19.9522 21.4435
9.46976 4.12815 6.03601
17.2326 8.12581 25.0617
2.86351 -43.5809 12.7344
2.97578 27.4837 26.8974
-0.300561 24.4872 0
0.354495 -14.0112 11.5568
0.958316 2.53497 0
-3.1265 -0.595768 0
7.67971 1.12376 1.55931
-0.66946 -0.429687 21.9405
27.9253 29.0527 35.8601
69.9437 -88.0062 32.3708
0.243306 -2.63429 0
8.5984 20.0153 25.9213
3.47253 -20.6606 35.2898
-0.776918 -26.4453 7.10428
6.43536 -37.3196 25.6407
0.658573 1.44254 0
-5.13733 5.4056 0
-38.0266 -19.0605 10.8167
8.11317 -47.8157 18.2427
-0.729592 -2.17014 0
-0.844288 -39.0988 22.1683
19.27 13.9977 20.4797
-0.299939 1.75632e-05 30.5368
-0.3 5.67309e-09 53.0129
-0.299948 1.49346e-05 31.1513
-3.49067 -4.45846 16.8021
-2.17749 -2.49048 0
40.5739 -36.3857 29.9841
3.40088 -0.368502 8.78224
5.22235 -0.120177 20.4721
2.58456 0.615508 0
-13.392 15.4552 41.4174
5.33823 16.5151 1.00831
-0.018773 -1.5215 0
3.26246 23.3242 29.78
-1.9276 13.8592 28.4716
3.32998 -0.422667 0
24.5847 0.568395 25.7056
2.67563 8.02173 0
-3.04923 1.84515 0
-24.511 -34.9725 13.9328
0.316432 -2.8314 0
-9.52321 43.7752 54.8458
-8.97711 27.4886 50.7934
3.057 43.3553 3.00924
3.41647 -20.4955 35.6353
1.54989 -4.02371 24.5282
-3.90185 1.90715 0
4.64218 14.2196 14.0859
3.40878 26.4157 20.4016
7.58283 14.4815 22.8711
-3.72904 0.380768 0
-11.8533 -37.9565 4.75745
-3.87122 -24.3869 12.6585
0.763468 0.128422 0
-0.299946 0.300016 30.5304
-0.299971 0.300024 52.9925
-0.300025 0.300051 31.1331
5.05532 5.27414 2.78857
-1.4382 -1.52485 0
4.93629 20.2704 6.84521
-24.1224 -29.8464 24.6178
-9.70127 -20.0865 60.2083
-4.85782 -13.6818 22.6687
-3.0983 15.7568 36.3533
9.77977 11.0295 2.07479
-0.340839 1.98118 0
-0.299993 30.0874 50.8709
-0.53864 30.3124 12.0847
-0.386217 -2.97282 0
-7.58033 13.8932 15.3727
-3.28881 3.01246 0
-1.65905 -21.6065 0
2.9262 12.1197 4.50943
-12.2643 -30.9937 0
4.15952 10.1497 1.4554
3.77897 2.12839 0
-0.291625 3.41831 0
-63.2212 -28.3705 37.7963
-0.567516 -32.3504 7.08661
29.9287 36.1056 72.1052
-1.41887 -4.14598 0
18.974 0.32908 22.2969
7.0126 51.5147 20.5029
-18.3654 -29.339 49.9436
1.78851 -8.85603 0
0.0401416 5.33019 0
5.72198 1.74312 0
0.582678 1.66162 0
-4.49309 -0.701481 0
8.59731 2.23628 0
2.48284 -3.10371 0
1.89689 -1.93517 0
5.52809 -4.28372 0
9.81559 29.8661 9.96831
-2.04272 2.06515 8.85813
-10.0004 4.52801 0.710939
11.6599 -9.14971 12.7572
4.55567 4.10718 0.185698
7.8139 -7.70607 0
11.445 -9.17923 0
7.16146 9.32964 0
1.55619 -4.13733 0
0.0507732 -3.92779 0
7.68778 32.0109 19.121
-0.519639 6.20653 0
10.9059 25.5935 9.91877
7.46303 -3.94108 8.23505
0.452241 4.55974 0
1.04728 -0.49378 0
-28.9062 -11.4229 0
28.4488 3.05367 26.6761
24.7224 -0.301207 0
5.53982 3.28635 0
2.14784 0.283046 0
0.423779 -2.25089 0
-21.8219 -5.46416 22.742
-8.20522 -27.2477 9.5907
-22.3825 14.5072 21.1829
38.1942 -25.6479 24.8241
-0.64441 1.25339 0
-0.446463 -0.118016 0
2.11216 4.15516 0
-1.29515 -4.15955 0
-18.0804 28.4499 36.2115
-10.8607 16.226 39.0575
0.351128 1.59233 0
-11.141 31.141 0
31.275 -45.0959 0.924322
-0.193016 1.35728 0
-1.02849 -5.29876 0
4.25933 -0.604235 0
0.440977 0.184778 0
86.0823 2.27436 8.02816
14.2438 18.4595 23.5195
-49.9902 35.3293 11.5538
-2.19302 2.54738 0
41.308 -28.4959 2.84235
7.75079 31.4327 29.3734
0.42032 -1.93127 0
27.2077 -18.237 2.46215
27.6383 -25.2277 23.7255
-50.4497 13.1633 16.5818
-2.89891 0.249828 0
27.4439 3.28195 26.9134
24.4824 0.000305361 0
0.427622 -2.33661 0
-20.3554 7.63441 25.2197
15.5857 -1.37671 0
1.04623 2.80904 0
12.639 11.2049 5.21082
-2.30784 0.813175 0
-6.42186 -1.52114 0
-4.41562 -2.65934 0
24.6671 46.4383 63.1037
-40.889 -68.3882 50.3131
-77.2172 13.9315 56.0003
4.84558 -51.7557 27.2303
-5.68181 -8.34884 8.14761
19.2278 4.50319 3.9847
-10.143 3.64171 19.8059
0.626576 1.86888 0
23.3277 -12.4939 2.93334
-0.424452 1.17817 0
0.708214 1.71909 0
1.29555 1.97912 0
50.1395 13.9279 70.4038
9.26 -9.81742 0
-6.81599 -8.36911 0
2.49201 2.21339 0
25.6094 -39.6811 37.8748
-27.8256 36.8803 1.24106
16.6168 37.1448 5.76238
-19.4901 7.61826 0
1.85585 3.26523 0
-5.74379 14.7537 14.622
-2.13131 -0.200868 0
28.5801 -0.878178 27.0865
24.4699 0.301804 0
33.1288 16.988 14.0682
0.427059 -15.7166 15.3036
17.4809 -7.24358 31.1762
5.328 -1.22101 0
46.0561 -13.0018 22.2365
9.35824 -0.490824 0
-7.2853 -34.9043 19.0663
-3.55244 -0.299314 0
0.329993 1.47321 0
10.1482 8.59579 0
11.0651 4.35631 0
-7.33417 -39.5669 6.39134
1.92433 -2.4659 0
16.326 -1.82822 11.1058
2.60298 1.36126 0
12.9766 -1.15666 4.89671
-6.74859 0.49137 0
-0.41041 1.19712 0
-0.163642 1.75674 0
15.9558 89.1977 67.3815
-7.59822 4.38165 0
-15.0932 -29.9974 50.9094
2.77224 0.968631 0
-6.67922 -16.5959 10.2918
53.969 -26.2067 36.4077
5.42146 -9.15329 20.0937
16.0573 -1.78639 14.4835
-12.1161 19.6271 9.04539
-3.13909 -0.733482 0
8.00762 -35.8286 16.007
1.0705 -2.34904 0
-2.21365 -30.3571 21.2959
-36.9065 52.2411 46.4304
-0.720251 -2.75996 0
-4.27602 -6.83943 34.7963
1.72378 -2.8905 0
1.09568 2.02175 0
-0.221182 1.41896 0
4.14276 -3.49872 0
12.1782 -6.65433 13.2492
0.491523 2.7878 8.77733
-23.9468 -22.137 0
-10.8534 -9.25257 0
6.70991 50.4956 18.2387
0.575586 27.9722 34.5029
-22.8569 12.1965 1.77788
26.8682 27.4192 19.3182
58.456 -14.0443 36.5878
-18.6573 -16.4917 7.82681
-16.6049 8.58778 24.7385
4.87509 9.52711 28.4953
5.6584 2.77621 0
3.52009 -1.93463 0
-21.7514 3.46345 35.2484
-24.7712 -0.300852 0
31.6147 39.8422 6.88447
0.974911 -1.62399 0
19.9801 5.55127 9.58538
10.4584 -30.6529 20.1499
22.4819 -2.6123 9.16324
-3.47056 -0.730453 0
0.366171 30.7159 29.1581
12.5751 -18.2055 9.00867
2.25937 -0.410646 0
-33.1525 81.1447 5.26456
-2.66778 13.6928 28.4991
3.06503 -3.24897 0
-0.203357 1.3688 0
-33.0591 -17.7313 40.9012
0.474577 1.42546 0
24.2517 81.3627 8.81024
3.19012 11.3949 0.908133
-24.2978 59.0854 9.44882
-2.57276 0.327488 0
-0.514275 1.87071 0
15.593 11.6991 49.2801
-16.8746 12.2117 24.7871
66.4715 -44.3902 31.9412
-10.5519 -24.5287 0
8.29505 63.2204 26.2869
4.65762 25.252 12.3012
16.4004 25.6563 8.72447
-0.726094 -0.464548 0
-3.88985 -4.71856 0
-0.614568 -4.68929 0
0.791676 1.58935 0
-20.7464 3.72069 35.6409
-24.7827 0.000146136 0
-5.33124 0.934797 0
-12.158 -0.723872 32.9127
-10.2646 -0.530412 0
-7.28263 -0.254095 0
-22.988 0.602218 5.21067
-4.42462 3.97189 0
13.1364 -11.954 0
-3.0231 -0.0495501 0
-1.30551 1.62103 0
1.2438 1.94788 0
-6.54786 -16.2994 28.5453
9.2972 -29.8632 11.7399
-7.16416 -5.61515 11.1416
-16.1878 19.247 25.7814
-3.41457 3.48409 0
0.765468 -0.460696 0
17.4651 -10.4218 9.32249
0.02051 2.98001 0
-1.21722 -1.2904 0
-0.117635 2.90041 0
28.9287 -71.2595 19.0119
-7.92612 -7.7416 0
13.1706 -24.583 70.3919
0.324252 -26.4682 1.77839
-44.9507 -19.7348 20.7186
-0.018819 -8.37648 0
0.543059 1.38534 0
0.367732 1.70901 0
-6.34788 15.5515 2.69163
-0.453797 -12.7771 18.9037
1.20376 1.51691 0
-21.6744 -0.63643 36.6027
-24.7714 0.301215 0
-2.9084 -6.95092 8.53859
-36.6983 -0.534606 27.6499
-2.76128 -3.37126 0
-1.44211 -5.92295 0
-1.01912 3.32809 0
-4.56473 25.2163 32.2437
-2.81734 3.81579 0
-9.49296 -2.65834 0.430107
-21.4499 13.3752 8.40533
-12.2284 12.0891 0
2.38342 6.54019 0
-0.0419047 9.47919 0
-12.4284 23.1153 8.7508
-0.200925 2.63347 2.11371
52.1686 14.3651 56.5952
-2.93584 0.646507 0
5.99017 -1.51498 26.6163
21.624 9.36707 22.2247
-30.7269 -11.5305 33.8656
-3.78669 1.25985 0
-4.32833 6.92898 0
-19.8381 -7.05563 37.5295
-12.9993 30.7763 5.57058
-10.3441 14.7751 0
-6.14634 55.2568 3.49364
38.4897 23.7192 6.21126
-0.73381 -0.165246 0
0.704817 -1.70721 0
-8.27022 8.07706 0
6.24057 16.3692 16.9443
-0.00133234 -3.86626 0
0.347499 -3.49899 0
-2.59667 -19.2543 0
0.717499 -4.11989 0
-0.392089 5.5115 5.02169
-9.82747 3.33286 0
-2.08156 -5.23198 0
-2.18623 22.3201 37.3377
-3.5967 1.87529 11.1494
-11.5177 26.6746 19.8117
-2.02874 10.2393 0
0.992686 1.80829 0
5.65587e-06 -24.8834 53.2331
0.238541 -30.3127 12.0849
-4.52405 -0.326025 0
6.00969 5.66607 37.6997
-2.50943 14.1041 0
16.397 -44.6836 43.0289
-1.88343 16.5789 9.36156
-10.1044 -3.40673 6.69998
-2.61076 24.7537 9.4374
10.926 23.4483 18.706
-8.46816e-05 -0.300085 30.5303
1.05355e-08 -0.300016 52.9924
6.6383e-06 -0.300259 31.1332
5.63216 -6.09842 11.4097
-9.44888 -12.6622 11.6327
7.12152 1.20534 10.0033
4.7572 1.40417 4.7793
-10.3177 -14.208 15.346
14.7702 9.18402 19.0301
-7.73725 6.59073 10.9482
2.43236 5.70914 0
3.12951 -43.6043 12.677
3.27811 27.4846 26.8975
0.000404922 24.4881 0
-2.7602 -10.8198 0.534923
1.32326 2.45489 0
-1.22899 3.11406 0
0.869187 2.34965 0
0.0630195 -4.76385 0
-8.15977 -4.07991 15.7863
-0.33506 -3.21765 0
16.4382 -8.86196 0
2.81126 -1.58823 0
3.77276 -20.6605 35.2896
-0.476944 -26.4451 7.10403
4.35106 -0.0484513 0
-2.60944 10.1425 1.92579
45.0824 -1.18431 89.9597
3.1456 -10.4862 0
45.0842 -8.16939 41.1215
1.8025 -1.96809 0
-4.5028 -37.0569 64.4944
-2.74869 -1.46659 1.30648
3.28176e-08 -6.12797e-08 30.5365
5.36094e-05 1.54339e-05 53.013
3.98972e-05 -2.28264e-05 31.1511
2.65903 17.1654 28.3068
-5.23055 1.85486 8.26721
-1.32866 -1.56402 0
3.84847 -0.338754 8.67098
5.73488 1.00848 19.9404
27.0208 34.386 50.9601
10.6673 24.3121 34.5843
0.989095 0.644909 0
0.52175 -1.57911 0
3.5628 23.3239 29.7798
-1.62757 13.8591 28.4716
11.9026 -19.0004 2.55821
-1.6951 1.38331 27.2847
-0.624621 13.8238 0
-6.0148 8.06772 0
-37.561 -45.9062 3.91648
0.406458 1.46664 0
-0.35719 -1.42159 0
14.7707 -6.3795 8.43862
3.01057 43.5108 1.13387
3.71875 -20.4961 35.6366
1.85221 -4.02947 24.528
0.249653 -4.25569 0
5.91348 16.9774 13.4611
-2.68413 50.3545 19.571
3.33696 -13.2702 0
-2.98088 1.67412 0
0.361329 -7.63803 0
6.92443 -14.9456 4.71925
7.29495 -33.9293 31.4196
2.42621e-08 0.3 30.5301
0.000138968 0.300056 52.9929
2.37085e-08 0.300041 31.1328
7.13652 -1.81314 7.2234
-1.24833 -1.95695 0
-23.742 49.6239 21.2124
-68.8549 2.6052 25.4347
0.159632 -3.71519 0
5.34484 6.56499 0
-1.26803 0.553919 0
-0.718606 -1.17461 0
0.353309 -7.26175 0
0.000117848 30.0876 50.8712
-0.238517 30.3129 12.0849
-0.0668159 -2.95864 0
-1.08565 -1.43187 0
12.6079 -12.6501 2.98696
-35.1073 11.7438 9.76365
2.38458 3.77333 0
-30.865 12.2519 0
0.918444 -3.42322 0
-12.1501 14.5209 24.9124
0.00638875 3.41785 0
6.97623 -0.453393 0
0.864499 6.31242 0
-32.4925 33.3638 8.91465
-3.29971 -4.68612 0
-5.13596 4.98107 0
8.03983 60.4528 22.9895
-9.10748 -19.0797 27.5759
4.40773 18.9358 53.9417
10.8006 -14.8775 0
-5.61522 -16.8952 69.244
-1.87823 -3.67492 0
-53.7872 -7.59191 12.9943
5.77493 -0.616605 14.976
-57.2415 17.8325 24.5327
31.1951 -72.8362 15.8956
37.6947 25.0437 47.9009
-83.386 9.20819 45.6064
29.6762 20.3399 7.75434
-3.78897 14.3221 7.71985
-22.532 2.35872 0
-0.449425 0.407889 0
8.09505 -7.69374 0
11.7453 -9.17931 0
0.666981 6.98483 0
-5.52059 -10.3791 0.86172
1.28441 -6.68694 0
-7.30705 -4.87973 0
22.6587 -5.66796 0
-13.8155 -3.81499 36.3058
9.53373 -3.48004 7.42591
-0.150677 0.178555 0
-29.9127 26.2597 14.7134
13.9948 -45.5743 10.5563
28.7478 3.05596 26.6746
24.7715 -0.30065 0
-10.1934 -11.7645 5.69056
3.07746 0.498427 0
-14.6942 -7.84736 10.3817
15.3309 18.8613 10.4052
31.1282 -39.62 2.8133
-10.1725 -11.9165 6.73493
1.55807 1.77111 0
6.43713 -8.88502 0
3.18322 1.37803 0
2.92068 4.93807 0
-0.949294 -4.16196 0
8.33074 21.9916 58.9335
22.3536 38.6197 2.94354
0.540057 10.9104 0
-9.67423 -111.64 36.9009
-0.121297 -0.434346 0
2.01222 -0.255326 0
-8.48427 -25.5335 64.6655
16.523 -11.0219 0
15.0773 32.2484 16.2468
86.2021 4.46421 8.37408
13.7732 18.0861 23.5636
-50.3861 35.7259 11.341
-0.163554 -1.42996 0
9.91835 -49.1279 6.88112
-34.5993 -8.35727 34.1571
-36.2588 2.99708 17.4619
-2.91906 -0.73885 0
-16.9975 -66.1671 2.48517
5.0676 -7.47611 16.0679
11.2952 42.3271 19.0641
27.7402 3.28141 26.909
24.7821 0.0006048 0
-12.4248 11.344 36.2171
-37.1466 -3.84711 6.44511
49.1572 34.3491 6.86428
25.3563 -10.2614 9.76235
-4.60395 -23.5742 9.15983
-18.0946 -9.42374 0
2.1344 3.03209 0
-33.395 32.9841 76.394
-0.919039 0.429796 0
1.20387 -1.76552 0
-0.348031 -1.8826 0
-9.30649 -48.3399 31.4339
11.2168 57.7681 42.6919
-12.7799 -7.94946 7.64879
-20.3351 9.79986 7.08658
-57.0701 -8.70224 61.3371
10.9195 -3.58464 8.56485
-5.32291 2.04743 0
16.8547 -88.7047 35.846
28.272 -18.487 65.6944
44.9742 16.5446 81.9672
-36.6658 23.2718 2.45459
-3.81629 -1.82574 0
-1.53011 2.09276 0
27.3089 -7.22909 17.664
-7.18423 17.8673 11.473
36.1888 -2.92729 35.8917
21.769 72.4726 40.4639
30.0287 10.3755 49.6412
-35.8887 21.8364 40.317
-0.537007 -1.34515 0
28.8793 -0.879983 27.0851
24.7711 0.301578 0
1.93213 0.505204 0
-34.1471 -6.71742 15.7992
-3.6811 -3.91426 5.56637
4.60655 3.87004 0
33.2972 66.2438 27.0205
17.9744 -30.4366 27.3423
0.551216 13.6149 45.4325
-34.4774 -46.4742 97.4375
-3.11299 3.79157 0
10.4484 8.59586 0
11.7168 5.27774 0
-6.96927 -39.5652 6.39129
5.72335 -4.0747 7.38156
8.71107 -60.5449 9.61207
-14.1513 -38.0888 20.2888
-2.16964 2.72707 0
34.5118 20.9732 41.7268
11.2786 7.04301 7.77317
37.007 7.01952 21.5135
1.05567 -3.24868 0
-7.48751 2.91 0
16.1096 -39.6156 15.8778
0.322443 1.49293 0
-0.736364 3.6472 0
2.4369 5.2568 0
0.35159 4.52127 0
2.27227 -1.65537 11.2208
-11.2644 -14.3369 0
22.1465 7.98219 5.67073
150.27 18.4277 24.7122
1.74835 2.25457 0
14.2584 -36.7404 30.0111
16.4512 -9.56952 7.99709
-1.64729 -1.47583 0
-22.5016 -45.5363 56.1023
-4.88619 -7.39758 0
-1.85237 21.5865 25.2774
-2.83212 31.6727 8.7237
-20.6703 10.9623 5.65461
-2.1205 -3.06839 0
-4.4458 17.7322 18.6605
-25.1709 -23.6333 0
-10.5532 -9.25249 0
7.0127 50.496 18.2473
0.892558 28.7103 34.7342
-27.3203 -4.80781 16.6425
-8.3701 -2.62483 22.4118
5.11806 -1.06137 0
-2.68085 -3.47641 0
-2.80751 3.32232 0
-48.9672 10.1757 12.5232
0.572316 -1.68645 0
-30.6972 26.8673 3.53419
-21.4516 3.46142 35.2507
-24.4699 -0.300652 0
41.727 17.7186 34.7839
2.27444 4.38525 0
-5.20699 -0.617604 0
-36.3832 16.7295 7.54204
0.805389 1.25471 0
-19.1323 -24.2014 4.67786
8.12343 43.8141 88.6727
-10.0129 -2.7519 14.5378
1.57637 -1.77379 0
-33.2599 81.0375 5.38553
-2.40341 -21.9593 24.4345
3.07944 -2.87162 0
-2.48539 0.969192 0
52.0558 -21.4886 16.3809
-2.07236 -4.04589 0
2.05736 -1.61432 0
0.277901 0.869529 3.83317
-4.12357 1.39823 0
0.651423 -1.8678 0
0.67537 -1.94361 0
16.0734 10.6484 46.9133
-17.019 12.0873 24.7066
45.7296 -1.27144 8.04183
-4.59595 -1.93849 0
2.26157 -83.4119 1.57679
3.47212 2.19267 0
-69.4778 -6.0525 51.1227
-23.9617 -23.3126 19.2858
-34.8873 -24.5761 19.0802
21.6814 -2.77959 23.7676
-2.09341 1.56423 0
-20.4473 3.72128 35.647
-30.6605 -2.43999 7.62439
-6.68519 2.57879 0
-2.32395 0.713422 0
-9.18275 -0.51496 0
-4.15991 -1.71679 0
-22.8953 0.607571 5.06752
5.47405 10.2728 20.2149
-25.9656 -19.4491 28.9835
26.2072 -17.2304 24.2026
1.5424 1.32228 0
1.58744 1.88632 0
-6.83195 -15.8587 28.66
1.52883 -7.73334 0
1.32953 -12.0374 3.32674
-2.10649 4.60937 0
-22.4337 -3.03197 22.7135
-7.1898 1.75067 29.0326
2.0523 0.856936 0
-36.9727 10.4976 95.5028
8.41073 4.95692 12.7502
2.39386 -0.192949 0
28.6956 -71.725 18.7294
-7.62188 -7.75568 0
-27.3128 1.38212 62.0637
43.9384 -18.9965 11.9902
11.5544 14.45 1.79883
-0.171223 2.53711 0
3.03532 -1.73447 0
-5.40391 -7.73126 0
-23.1533 -36.9501 0.22128
0.0839008 1.78759 0
0.55519 1.6992 0
-21.3749 -0.635119 36.6043
-24.47 0.301639 0
-3.29199 10.0276 15.0214
-36.412 -0.493722 27.6958
-2.48746 -8.52639 0
3.00636 3.39258 0
6.79885 -60.6859 38.5401
12.2143 -7.94331 23.7591
-11.7067 8.50822 3.49226
-30.0097 -36.7058 7.86141
29.2872 33.4731 0.273122
-11.9283 12.089 0
-2.10871 8.44982 0
32.5129 19.8231 1.56993
-15.0968 -4.95593 0.278991
-2.10455 0.059156 0
-53.7669 30.2595 11.7747
-12.5342 3.8885 8.45138
-16.3587 -7.89103 9.99919
-15.0503 8.98126 12.2173
-14.0718 16.1514 21.3217
39.1137 1.55267 1.32347
-36.4828 -41.6186 12.5843
7.61243 1.19843 8.66622
-1.48904 14.9623 0
27.2529 -13.3762 3.25474
16.1291 2.64065 0
0.836483 59.0211 56.4481
-2.11242 -3.10621 21.3662
2.39667 0.51327 0
-4.97384 -15.0201 0
-3.66149 1.40977 0
0.297738 -3.8636 0
0.861937 -3.31497 0
-2.28188 -19.2515 0
1.01264 -4.12283 0
-0.010655 5.51689 5.00963
2.55885 -1.33373 0
-15.1776 -26.079 26.3768
1.16823 31.5309 30.5087
10.5574 3.31106 0
11.8433 24.291 17.831
-1.49069 8.57972 7.48191
0.284299 -1.37957 0
0.300005 -24.8835 53.233
0.538548 -30.3125 12.0849
9.60723 13.7915 38.2712
12.7208 0.24883 0
-1.72922 10.3553 0
20.9945 -44.7808 46.2649
2.26886 0.576104 0
-1.86696 -0.381431 0
19.2761 -25.9643 33.3872
11.6473 6.92879 12.7654
0.30011 -0.30011 30.5303
0.3 -0.300016 52.9924
0.300147 -0.300364 31.1334
2.95445 -0.892601 6.15893
-2.65951 6.17195 4.81807
19.0158 6.59023 27.1669
4.936 1.44787 5.12309
-13.3159 2.11719 0.78605
27.1858 -44.499 18.581
8.18074 2.92684 24.0165
11.6534 17.2819 9.79321
3.38972 -43.6863 12.4548
3.58056 27.4823 26.8961
0.301061 24.488 0
5.29559 -0.630698 0
1.52891 2.42757 0
11.8415 22.9814 0
17.5612 -11.3998 29.843
2.28929 -29.5658 8.40643
-10.0365 13.4009 0
8.31657 6.92849 5.23351
-30.5324 -8.68404 0
2.68909 -0.364135 0
4.07285 -20.6605 35.2892
-0.177093 -26.4455 7.10485
-11.0008 -17.8674 9.14613
-22.3707 -0.42553 3.00711
-39.4533 -60.1053 70.1949
-3.01823 13.1909 26.0009
15.7217 19.2165 17.4786
6.79985 5.25896 3.88419
20.5107 -34.0224 41.5727
15.3058 20.824 12.197
0.3 -9.47204e-08 30.5365
0.300018 5.31854e-06 53.0129
0.300058 -5.01777e-05 31.1511
4.32275 -3.21619 0
-1.32376 2.4426 6.46051
-4.48369 0.377165 0
3.91161 -0.410189 8.49839
5.71075 0.920669 20.7022
4.8426 7.95453 0
17.2963 26.0996 40.9304
5.48053 11.2896 7.72366
2.00666 -1.11183 0
3.86302 23.3236 29.7792
-1.32718 13.8589 28.4718
-2.59644 -0.306774 0
-0.157987 -0.139569 0
1.55507 -4.67575 0
4.42352 54.5873 6.47511
2.2248 -8.34026 0
-0.697917 1.44313 0
-0.184868 0.550007 17.0907
23.2103 53.1306 8.14615
1.18885 16.7783 0
4.0206 -20.4946 35.6337
2.13161 -4.04362 24.5382
-5.28102 -2.15415 0
10.6358 11.4891 0
3.5115 9.78228 0
-22.4271 1.19237 41.6359
0.420496 -23.8003 6.63986
2.2447 -1.29591 0
-1.33034 -18.2809 5.65947
-13.6356 -14.4618 4.13636
0.300019 0.299996 30.5303
0.300085 0.30004 52.9927
0.300038 0.30005 31.1331
-5.46997 26.7489 12.0671
-71.5326 -35.4998 13.24
-25.2916 -8.60744 27.939
-1.71102 -17.6731 0
-7.64158 -15.975 11.05
16.9131 13.167 31.2792
8.88876 5.89149 0
-25.0946 -2.78485 83.3039
30.7852 34.5788 0
0.300105 30.0876 50.8712
0.0614707 30.3127 12.0847
0.237044 -2.96295 0
-1.11004 -1.22909 0
-2.08555 -17.125 4.31844
3.81385 -2.16188 3.47371
0.867805 24.123 12.6367
2.48261 1.76556 0
33.4454 12.681 35.9978
1.27342 -1.82348 0
0.304747 3.41822 0
9.06774 -2.96032 0
-22.0262 -5.12845 4.53285
2.83746 4.54807 0
-2.95806 -4.6845 0
5.09504 -0.36793 83.2151
1.82797 -1.53673 0
2.65441 -25.5374 31.46
-1.96116 -7.82468 9.46486
-7.98251 16.4309 14.9374
64.4081 95.4833 45.8051
3.19242 -3.15049 0
-27.7883 -29.3778 27.1302
25.3573 22.9806 3.01111
1.92645 -1.97248 0
-4.91236 -4.18762 0
8.32684 -4.88693 0
3.466 -2.84834 0
-8.80039 52.4579 17.0594
-1.97081 -1.5152 12.2209
-12.3796 3.55294 4.73291
78.6312 -38.5415 23.9743
8.28587 -7.70311 0
12.0455 -9.17947 0
0.630154 7.11077 0
1.16945 -2.80977 0
1.81555 -3.28358 0
-5.21069 -17.1161 14.3151
4.64813 5.22936 0
-2.63047 1.56945 0
37.4611 -11.8614 0
2.22398 -1.16955 0
2.1913 0.0330651 0
-35.736 94.4252 13.1136
29.0523 3.05659 26.68
24.6844 1.07296 14.5497
-9.02381 -7.17566 8.23688
-25.6079 -25.5969 12.5051
16.5203 62.8299 20.1016
-21.3387 -44.4355 73.3138
-53.2566 -1.96607 21.922
-33.3854 -7.17335 22.0762
10.7941 17.641 12.4505
8.13805 6.19984 0
9.11823 9.3722 0
-19.6053 -52.2917 46.4835
-0.339865 -1.79517 0
16.6193 57.0279 53.9932
0.183257 0.148383 0
55.693 64.9536 91.04
-38.0811 -27.7928 21.9425
-0.36968 1.20247 0
2.61174 0.699934 0
4.36999 -50.1589 16.3455
28.5703 -11.0453 96.6488
1.56087 -2.23323 0
82.369 29.431 1.81224
0.499075 20.0381 24.8384
11.8962 9.21657 44.9393
1.98861 -1.46025 0
-25.1188 4.48776 8.41564
-2.96272 -2.67707 0
2.00554 0.00484049 0
-0.927748 12.9546 0
0.297204 -2.30034 0
7.35222 21.5291 34.6869
-7.86916 20.761 45.9108
28.0434 3.28138 26.9131
15.9249 0.0669191 22.0879
-34.5197 -11.363 10.2282
2.75959 0.418042 0
17.7458 -1.52333 0
0.89262 -8.15502 0
23.9055 -4.68993 11.703
-60.2385 57.0687 31.512
-40.2887 -21.3669 4.13208
-16.6766 -4.11259 5.84844
28.9925 48.1817 14.2631
1.26371 -1.80608 0
4.243 6.69914 0
24.4215 -42.3304 39.3912
-13.0039 -13.6077 14.0818
-17.7128 -8.73052 18.0022
11.3376 6.65657 0
4.67637 27.7192 6.86549
45.5319 -45.9164 7.65955
1.25088 -1.85909 0
4.52703 0.778045 0
52.6985 35.0016 11.4757
-116.598 96.7127 132.469
7.87887 -7.26752 0
78.8849 -41.261 47.9426
1.95246 1.76877 0
-0.0614434 6.79556 0
3.60503 -3.69543 0
-42.171 39.3099 26.8188
2.91089 -13.9211 4.70049
47.938 34.3626 42.4772
1.38835 -11.407 14.5358
1.52034 4.04804 0
29.1842 -0.881277 27.0907
28.4141 1.47476 5.42321
-24.1808 40.2804 26.1057
-1.93133 -3.66259 0
-14.4373 14.8449 29.4987
-35.2448 -38.5333 13.0901
-19.8603 -53.7259 11.2303
4.9694 -5.87797 0
22.2303 10.3887 16.1645
-46.1009 -1.14538 0
-2.22855 -11.7097 60.399
10.7487 8.59602 0
27.2769 45.3056 7.45156
-7.40378 -39.5604 5.70998
-35.4217 2.84305 4.09714
13.7578 -2.99559 4.91882
-3.84371 -4.04603 0
-26.851 -9.9803 1.82752
15.9615 6.90702 13.823
27.9773 67.1617 12.5554
2.16816 -0.545288 0
-6.75951 -2.3293 29.2214
-4.3183 3.30824 0
-6.07339 3.2126 0
3.60345 6.59818 0
8.10658 6.8069 23.6368
2.52921 2.19316 2.03258
2.4432 9.17518 0
-8.27252 10.054 39.4614
5.04715 -3.89777 0
2.09101 -0.483343 0
-1.95745 31.6506 17.2768
1.59632 -2.54488 0
3.39523 -5.69048 0
-3.83745 1.93084 0
16.7976 -40.157 4.51617
18.5427 -35.4825 11.5145
7.5261 1.39347 0
3.69839 -1.92203 0
-1.36454 -2.2301 0
1.90245 -5.06919 0
11.1784 -10.7935 7.76103
0.043054 8.26425 0
-18.95 -18.2393 0
-10.2418 -9.19908 0
7.3442 50.5127 18.2091
1.15639 28.8329 34.5312
20.8277 -36.0971 6.56587
-9.10313 7.95239 21.0901
32.6073 25.7645 16.3984
4.14773 35.7559 28.53
36.5364 28.6933 13.7911
42.6711 53.895 21.5707
1.86923 23.1296 9.62383
2.34147 0.868301 0
-21.1528 3.46089 35.25
-24.4204 -0.300663 0
-0.177392 2.08554 0
-0.168599 1.55566 0
-2.03663 -2.23798 0
-29.5906 -28.0017 0
-38.7831 3.93569 12.5219
-16.6186 -41.5086 9.75893
-2.67384 3.23058 0
-0.138098 1.90439 0
2.55418 -2.11554 0
-31.4733 81.6657 6.29178
-13.4318 -17.7949 25.076
3.58541 -1.21571 0
38.3732 -25.6805 0.552733
27.9438 -18.4951 0
-0.647508 0.352973 12.2361
0.17505 0.63289 0
22.5501 49.6476 25.8405
0.848098 -1.77559 0
26.6255 2.63259 39.3401
2.26715 -0.852095 0
14.1714 13.9475 54.7839
-16.7174 12.0788 24.7107
-23.9132 -9.1413 0
9.51852 20.0245 5.77589
53.7524 83.0265 3.51321
-3.26891 2.01023 0
-6.41381 -6.11026 0
-23.535 -13.1285 11.7745
-30.4307 -29.0006 1.48622
2.24686 0.357674 0
26.5093 41.294 2.84496
-20.1467 3.72091 35.6464
-24.1784 0.00112211 0
-4.48733 -0.314602 0
39.9818 25.585 18.9739
2.52239 -3.45865 0
14.8704 16.3736 10.8186
-19.7897 4.66487 3.84589
5.99142 34.3399 20.2502
-0.894553 6.64406 0
-16.989 -1.42004 3.34473
0.240647 1.83238 0
2.84221 1.20192 0
-6.53625 -15.8483 28.6637
52.4075 34.0165 16.8329
-16.5242 -13.1139 23.7434
8.25638 -3.80526 2.27077
3.30224 -0.475761 0
1.20975 1.5901 0
14.5866 -19.2996 48.003
11.9643 -7.4939 15.9866
-10.1169 -6.01853 17.2373
-13.1828 -13.0809 21.7763
8.49333 -72.5617 20.7687
13.3491 -26.1248 11.2759
2.60281 -1.12987 0
2.38446 -29.3013 0
65.2094 51.3836 41.3
-47.0937 -72.5669 42.8736
-0.146856 1.62104 0
2.15317 -1.07892 0
-2.09475 28.8741 22.1572
1.99054 0.40289 0
-37.9944 26.2215 41.2096
-21.0769 -0.634515 36.6038
-24.4199 0.302157 0
4.24339 26.0826 38.6203
-37.833 -0.189083 26.2299
-1.37961 -17.4888 0.185249
0.26805 -3.98073 0
1.08428 1.57823 0
-6.87394 -12.9313 15.7063
-12.4392 -6.66489 0
-15.429 -2.1305 21.3245
0.709685 1.43448 0
-11.0384 11.4348 0
0.185513 13.6658 0
32.8626 19.7652 1.08439
-7.27367 2.69092 18.1788
0.589619 17.2628 0
-0.128469 -2.15411 0
-0.148642 -0.428071 0
1.93773 10.8901 0
-1.20597 1.50866 0
-17.1098 -9.94211 22.976
0.134657 -1.44375 0
-37.562 -41.3723 10.6771
-19.8909 -13.9241 20.7284
-7.27155 -29.0704 45.1896
33.1148 21.1586 14.5903
28.7077 -5.65095 38.619
3.69303 85.634 27.1177
48.7962 7.61417 16.5581
2.6436 1.75594 0
0.306991 20.814 16.1557
11.7792 34.7812 63.0101
0.600784 -3.85387 0
6.14966 -1.32296 0
-1.99465 -19.2381 0
3.2878 -12.9621 0
-1.36893 4.75031 4.47355
3.39331 -4.88001 0
-0.45922 0.185517 0
4.89596 7.07631 0
13.0367 37.4427 38.4588
-0.083011 28.48 2.61086
7.96221 40.0066 44.4871
-0.539012 -2.16232 0
0.600022 -24.8946 53.2264
0.840879 -30.3097 12.0939
-1.67698 2.2231 0
0.0151363 -3.36851 0
-0.264279 3.52689 0
-8.53546 -54.3752 44.0933
0.732227 11.3911 1.87272
-0.66749 -10.2957 85.2133
-20.6543 -21.7687 66.3255
-7.43797 -3.58156 4.09087
0.600203 -0.300116 30.5296
0.600004 -0.300016 52.9916
0.600175 -0.300149 31.1322
-4.11811 -2.18587 8.40172
7.66155 -6.97051 2.0977
-3.54004 9.48412 4.96292
3.70934 2.3513 6.10627
7.13689 5.4508 0.0917381
-3.26099 1.8925 0
-1.93501 29.9995 32.5181
30.465 -12.2402 65.2937
3.43303 -43.942 12.1029
3.87932 27.4962 26.8871
-0.771381 32.1283 9.99122
-8.47843 0.163068 3.03488
1.07938 1.75942 2.90015
2.44445 6.9515 0
-9.0444 -12.1435 3.82751
-0.640682 37.5434 5.65059
15.5706 4.92637 32.9274
7.5182 14.3829 19.2873
-14.3166 -3.15334 50.0467
3.06412 -1.88901 0
4.37259 -20.6785 35.2839
0.123604 -26.4512 7.09402
-0.249793 1.46504 0
2.35609 -0.875101 0
18.0052 0.713927 49.0206
-5.25049 4.52724 0
-6.87102 -15.1588 6.48193
107.529 -14.408 55.8971
16.7041 -0.400705 0
0.278254 -3.01065 0
0.6 -5.17892e-08 30.5356
0.600003 5.75524e-10 53.0119
0.600021 -5.32104e-07 31.1501
6.97689 -7.46981 7.24862
5.84972 -3.63777 4.59524
4.44639 -1.86591 10.2529
2.08094 1.15756 12.9767
6.88559 6.19839 15.3115
-10.0573 -12.9795 9.25655
-2.81663 -28.5202 3.00414
-16.7698 3.07353 38.5978
-0.218983 2.56307 0
4.16284 23.3409 29.7713
-1.02623 13.8537 28.4727
-3.10342 3.15729 11.0806
5.18237 14.0976 4.3245
0.447282 22.0356 0.805613
2.09536 1.8097 0
46.6481 -20.3659 11.3948
0.403592 4.6467 0
-1.38079 -15.4397 1.48278
54.8867 -31.5725 32.3908
20.4369 27.3173 28.1263
4.31902 -20.5114 35.6266
2.6182 -3.82375 24.3883
0.520018 -8.38832 0
-0.0164016 3.40606 0
11.1853 27.0143 17.6157
-3.38211 -0.938363 9.39578
-4.0231 -18.8952 18.6469
-0.862501 3.43889 17.9232
-3.66828 -10.663 7.74245
-14.4812 14.6401 9.61105
0.600069 0.299997 30.5296
0.600034 0.30001 52.9918
0.600183 0.300042 31.1322
2.65046 5.23374 0
-0.683773 -2.14499 0
2.63869 -0.223274 0
-9.26351 -8.72766 13.8758
17.5648 0.747163 22.7629
32.8897 -46.8241 28.7694
-1.10787 -29.5257 24.5469
4.75025 0.707356 0
-6.22724 21.3787 19.2862
0.60002 30.0976 50.8632
0.361426 30.3117 12.0869
0.53973 -2.94375 0
-1.6165 -1.53592 0
-19.766 -11.0622 1.70751
2.64706 -35.588 0
-2.34048 1.43984 0
9.48423 0.245535 12.5509
-233.644 -98.8017 119.438
-31.4163 -12.3633 29.2061
0.606631 3.4166 0
-2.08106 6.03919 0
1.52969 6.20126 0
8.38679 4.9432 0
-2.49079 -4.17751 0
-27.6048 -4.37566 6.74875
11.5572 5.26121 0
-10.3813 -27.481 39.8136
-29.5005 -11.9377 5.90011
14.0737 -11.2821 0
2.07959 -1.20187 0
2.36465 0.145456 0
-37.3681 -31.6338 12.1688
-1.6194 24.2335 25.1915
1.37415 -2.18096 0
4.2261 -7.8401 0
11.6868 -10.5824 0
0.558153 17.3899 115.2
-7.92975 -18.8666 28.8439
-0.151949 23.334 21.3272
3.32798 -7.17131 0
2.33191 -0.477695 0
7.97409 -7.5876 0
12.3764 -9.24621 0
-2.86028 10.405 0
-4.90078 -6.08294 0
2.12245 -33.1201 4.4943
18.5354 -0.99866 0
1.43026 -3.33324 0
37.2233 -11.1446 32.3579
48.8689 -1.18195 21.598
3.071 1.12735 0
6.41769 4.25261 13.9921
7.07203 -30.6169 22.5861
-32.8288 21.9689 28.5274
32.1678 -0.675818 10.9059
-13.1175 9.3753 16.8283
-33.218 2.55011 0
-42.9772 44.5212 39.905
9.39502 -2.17382 0
55.2367 14.5985 39.2311
-5.12455 9.72666 0.0473863
49.1444 -9.73078 1.45302
5.52938 -3.48688 7.88658
12.3934 12.6793 0
27.4356 86.4713 10.7911
19.5517 -79.5648 9.34876
-24.6839 12.3834 53.732
-0.0848814 1.79298 0
-33.0916 -7.23176 1.36772
-19.3732 20.031 6.42404
1.86302 1.35682 0
2.196 -2.07679 0
0.0126552 3.34134 0
-2.13797 0.168881 0
2.18384 -0.471221 0
7.3942 -3.50048 0
-47.0627 37.1482 48.7246
-8.67394 3.16214 0
2.56416 -0.31819 0
-8.07672 0.835044 8.87816
-4.7033 16.2896 4.89445
1.88983 -1.94693 0
-3.61041 3.90357 0
-32.4114 9.37687 22.4999
2.53812 -2.13987 0
-0.825164 3.48856 0
-18.972 20.0996 37.0879
27.5153 0.25316 14.9849
2.48769 -30.3698 24.7977
4.52924 -38.1394 8.24603
2.01669 0.256908 0
1.41242 -5.0646 0
3.16323 -1.29151 0
19.116 1.35964 33.3393
27.8595 24.3601 29.4169
-62.2985 48.3991 38.0593
25.5405 13.184 0.698915
45.6665 45.577 54.306
-58.9217 -11.4878 48.4816
-33.7639 26.299 33.6359
-0.817543 -2.86493 0
-11.1111 -13.0571 31.1821
-47.7888 10.3307 11.6379
27.2771 48.6148 3.32213
23.0209 3.79349 0
4.24795 27.6027 0
-42.1374 -31.2947 15.2349
4.59442 -0.322687 0
-50.2142 41.5086 56.0262
-28.8041 21.6607 23.2806
142.585 -38.9442 64.1972
1.24566 1.57882 0
-16.9015 -1.74074 0.744022
6.86189 -67.4821 40.515
0.382907 -39.8415 41.5841
2.56769 -30.4524 8.08558
-1.42849 -1.48989 0
2.86579 5.67618 0
2.4396 -0.425562 0
-34.7409 -1.40828 35.7527
32.0382 1.33959 7.92578
34.2252 40.3841 147.167
3.75157 2.32785 0
1.32248 6.25706 0
0.673123 -1.20646 0
3.19794 -1.39414 0
0.566231 -12.9209 33.383
-0.384293 -14.0483 26.5402
-0.953573 49.6419 37.0281
1.4644 1.52088 0
11.0821 8.65 0
10.1858 2.73594 0
-21.6301 -12.1842 24.5611
1.12002 -5.73188 0
19.7587 22.1979 23.6298
39.0734 12.0127 17.4622
2.21137 6.40197 0
-9.08355 25.8861 77.7115
-2.77216 0.786747 10.6226
5.61539 -9.28326 0
-0.771444 -0.457676 0
-4.58813 4.23829 0
-18.6994 17.3068 32.7533
2.25456 0.0175604 0
-0.497876 1.35213 0
-4.85386 11.7903 8.27215
3.00603 2.15691 0
-18.7671 -22.3294 3.75725
11.0859 40.4131 27.5389
-3.94909 -5.2517 11.2053
32.1423 33.0442 33.0903
2.28974 -0.697412 0
6.84169 -9.68372 0
-2.6961 -9.36293 0
2.10722 0.255396 0
1.87893 -1.94306 0
27.0935 27.8412 0
2.29419 0.908558 0
6.50552 -15.4553 0
2.14025 -0.41388 0
-17.8055 -17.5415 16.3908
-19.1228 15.6176 3.46888
-1.16693 -1.74843 0
-3.10264 15.5611 46.9147
-12.8823 41.4795 26.2768
-5.75092 15.9904 17.5841
32.5416 -36.2288 0
-3.11686 18.9079 0
89.1363 -50.7594 39.3816
2.1214 -0.323745 0
31.2786 19.7007 9.58673
-3.03263 -42.0964 26.1548
-9.98014 16.3898 41.3194
43.7113 -0.392537 6.8597
-21.93 3.40127 35.0801
-24.1082 -0.300555 0
-14.2499 -23.5158 10.1184
-21.6216 2.71634 0
-0.138713 1.46879 0
7.71535 3.514 0
-23.1173 0.200218 6.78777
-36.6238 2.08075 23.8509
3.57226 8.37518 5.26625
36.9927 59.9228 35.0114
0.677296 1.95072 0
211.971 -126.387 34.1758
-0.4646 -1.56567 0
-0.591607 -3.62413 0
2.30896 -3.81121 0
8.87064 2.49487 0
-12.1136 -17.631 4.46535
-91.6194 63.9743 119.209
2.02148 0.0339261 0
2.11607 -0.916237 0
-0.73219 0.24641 0
-11.293 8.36131 41.3061
-36.5656 50.4611 81.6137
-15.6342 18.0326 21.8509
-0.572583 1.44435 0
44.6504 -23.1664 4.08935
1.17197 -2.42673 0
30.7076 83.8199 4.18724
3.08802 4.59644 0
0.187406 -1.82511 0
13.3627 14.4131 15.2833
2.09254 4.38246 44.5544
44.1345 1.43785 0.763905
-20.8989 3.66152 35.4821
-24.1164 0.000906571 0
-8.44237 -0.237996 0
-24.0951 6.73021 4.85405
3.3638 20.4879 0
17.2186 19.5682 0
12.033 0.395527 0
4.48737 1.34832 0
-25.0796 -17.0923 0
-13.8664 -20.1061 32.5543
-3.02208 5.60977 27.075
12.3512 -65.025 41.1424
-5.43824 -22.4876 25.031
-4.36662 4.03374 0
-7.25992 -9.89141 18.2767
-9.63606 -21.6951 18.8481
2.30568 3.92936 0
61.8766 10.5572 5.41536
38.5189 7.85995 3.67265
-24.4166 -19.4941 40.3383
-112.558 -5.72647 71.8926
1.38637 -1.57312 0
-14.3469 -14.9723 55.5295
12.8757 -5.46015 17.246
21.4248 54.7195 46.0347
30.6038 -19.0612 6.34825
1.83387 5.04441 0
5.19848 -2.50456 7.31465
12.2279 1.42356 0
7.20383 -1.72151 0
11.272 -51.8684 12.0995
-1.1987 -2.07651 0
21.7263 1.8069 0
-21.9043 -0.627076 36.4167
-24.1071 0.301943 0
-9.43623 -22.5016 9.90845
-39.9567 6.53319 9.78726
-33.3693 -45.8416 16.1372
-19.8812 -13.9565 22.0585
-2.58298 4.18542 34.8863
15.0811 -3.26354 0
-18.5114 -8.14697 4.8243
45.5346 45.1204 58.5971
0.396101 1.82811 0
-0.737515 0.471987 0
-53.5879 20.057 28.3414
9.81614 18.8508 0
2.71016 12.3692 0
2.87454 1.90398 0
-8.15182 -0.767195 0
2.34689 0.224988 0
16.7408 5.9436 0
-22.3032 3.86739 11.0578
-4.25746 -10.9305 3.40339
-68.384 39.2792 18.9959
-39.2449 -40.6764 7.66876
-2.90743 -3.21253 0
2.5352 0.0423092 0
0.822503 31.825 0
12.9482 35.384 7.10097
-9.44184 25.938 58.675
1.95879 0.594169 0
12.2991 17.6557 0
1.02918 1.69405 0
-27.5789 -3.16817 18.412
0.904078 -3.43088 0
2.08481 -0.292322 0
-1.86531 -19.5397 0
-0.226183 -1.65903 0
-38.1681 -14.6 39.8786
0.413597 -1.87211 0
1.7543 -11.2481 14.6213
7.49346 4.51395 0
0.653854 -2.80126 0
0.783464 -3.39219 10.6517
5.13987 28.5489 0
0.515152 -1.90577 0
0.900203 -29.9517 49.8343
0.900323 -30.2735 11.3992
2.78681 1.06479 0
0.857501 -2.80477 0
5.29514 -4.72708 0
-15.0642 -14.1342 0
4.5895 -3.42155 0
-2.14958 -21.2567 10.7429
2.00999 -2.46282 0
2.85666 -0.674994 0
0.900047 -0.300027 30.5286
0.900042 -0.300022 52.8821
0.900119 -0.300047 31.0364
-16.1887 -2.21959 9.32607
-7.2303 -1.33209 0
-18.73 8.59007 31.6206
27.3631 3.37631 0
-4.48313 10.6645 0
3.87515 1.11847 0
-2.4652 9.94238 19.0947
-0.193951 5.92577 0
-0.537372 5.36637 0
-0.198456 32.5524 25.4181
0.901304 24.6824 0
10.6 13.3781 0
48.1018 1.68298 12.1196
-5.84406 -4.80894 17.8298
-3.49263 5.31098 5.87754
-3.72787 0.761472 0
-13.9124 26.4007 16.0514
-2.09072 -8.58818 7.04411
-4.56162 -41.7695 0
2.55585 1.61378 0
0.0640771 -26.1674 35.3041
0.485016 -25.3581 8.76014
-8.11964 5.03646 5.40009
-1.0388 -37.7242 24.3916
-6.804 15.4701 7.77597
3.42605 -5.99668 0
-10.2205 6.06741 14.1102
6.07675 -5.09555 0
1.16079 -2.11812 0
1.99088 -1.81675 0
0.900024 -2.31944e-07 30.5301
0.900039 -1.20296e-09 52.9062
0.900161 -3.76327e-07 31.0574
3.16589 -7.93756 19.238
-1.21166 -1.70947 0
-9.44692 -4.99393 10.9761
-47.9281 12.7286 40.7436
-12.6381 -2.29177 41.4758
43.2975 -32.9277 23.7427
9.61878 -7.97219 36.7792
2.96525 -2.37749 18.0557
2.4373 -2.0571 0
-0.685241 17.379 35.2008
-0.678659 14.0833 27.8757
-0.333395 1.25397 0
-18.3241 1.80585 23.924
-1.61103 -13.4075 0
-22.9236 23.7568 0
-15.6965 30.9598 23.4032
0.383408 -2.43342 0
2.72941 17.6013 0
1.62202 1.32215 0
2.60332 15.2438 0
0.0569257 -25.997 35.7095
1.17405 -4.49857 24.7261
-15.2034 -12.2385 10.8441
3.15046 2.25449 0
-31.1348 10.3926 10.2238
4.56072 0.207902 0
0.660656 -2.46529 0
-1.88255 -1.43225 0
5.63559 -41.873 10.192
0.923018 1.99492 0
0.900227 0.299998 30.5289
0.900072 0.300016 52.8823
0.900376 0.300045 31.0368
-1.37101 4.0914 14.6786
0.70373 -4.95918 0
-11.7806 -11.0323 22.4382
1.37505 1.53486 0
-10.8182 6.51609 10.299
-3.42183 5.00505 0.22972
-1.73424 -14.7384 21.3873
2.11104 1.01955 0
-0.724467 1.82894 0
0.900203 34.6766 47.003
0.655736 30.051 12.5169
-3.15867 -4.60359 0
-5.3648 -12.3037 4.75244
-5.90187 -0.638537 0
-3.42053 -3.99255 0
15.4648 10.9071 0.663353
-6.05419 -28.5436 15.2312
-15.6883 9.70742 18.1201
0.604719 1.54431 0
0.909739 3.41765 0
13.258 55.255 46.683
0.594585 7.448 0
-22.8034 43.4842 5.27094
-24.8658 1.69927 34.4682
1.30638 1.33868 0
-2.38785 0.613696 0
61.2629 -15.3841 5.71057
5.0777 -50.5744 23.1209
-0.59978 -0.504176 18.1759
2.99453 -0.075046 0
0.833907 1.70773 0
-63.5492 14.178 13.8879
26.5941 23.8035 13.3872
1.9943 -3.15327 0
-11.6933 6.04928 19.5775
2.0752 -1.39819 0
5.73844 -47.5558 8.51251
-2.87844 -10.7547 0
0.497198 -2.44761 0
0.308598 -2.29929 0
0.446798 -1.79409 0
2.45067 -0.632678 0
39.8249 -34.1124 64.5859
0.173976 1.78896 0
0.551753 6.51382 0
7.46455 -8.16097 0
26.3608 -31.935 23.1596
-4.55916 -9.36561 51.1792
7.11369 -16.6139 13.8086
43.7838 20.1088 10.2246
0.931822 2.19408 0
-15.6482 -35.3177 8.35872
34.205 6.98064 12.6003
35.2941 -0.300011 46.9899
31.0695 -0.299714 13.4204
-8.82391 0.826182 0
-0.620786 -0.286994 22.7497
36.4013 16.9513 20.3184
38.0171 22.0289 2.07919
-4.27302 -8.41645 26.7262
7.75988 2.24432 10.2645
0.144601 1.46214 0
-20.9678 15.7213 7.68287
2.27305 0.758585 0
1.90582 2.79132 0
-38.2359 48.452 11.6597
-36.3224 28.0556 11.6945
33.8626 -6.27186 0
-30.8281 -3.21063 8.5554
-26.6053 15.8849 20.4421
11.6145 -55.6401 10.533
-9.75608 -9.36046 19.4752
3.22882 -0.117185 0
-25.2798 -17.0714 0
15.0122 -25.8753 24.2667
14.778 -15.237 0
-51.2622 81.7221 28.0742
-6.47899 29.5413 0
-10.0911 3.25769 0
5.5601 -1.76479 0
38.9443 -36.8265 11.8986
-16.9402 7.53878 9.48247
-4.77688 13.3297 0
0.81969 2.5421 0
4.0299 4.12876 0
-0.598341 -2.51107 0
35.2662 2.21928e-06 47.016
31.0764 0.00227657 13.401
-4.47713 -0.185909 0
-1.42152 -1.55362 0
2.56506 -3.18571 0
-8.99426 -1.55071 21.4197
37.1051 -14.7361 50.973
-12.4604 -10.6669 11.4231
1.74585 3.23193 0
-24.3707 30.4747 41.4345
-18.9208 -2.66852 21.6309
11.2235 13.6071 0
-27.7566 55.9134 2.65189
-37.8407 -25.5071 6.75194
10.5422 6.2585 0
2.22116 -0.530912 0
-26.3027 -13.6388 13.6559
-13.2793 -10.9822 30.8171
2.21805 26.6122 2.98518
-43.7976 7.21193 59.0043
-26.6635 9.58384 24.8738
1.82096 0.840578 0
1.23398 -2.24998 0
-1.24841 -1.62743 0
-32.2575 6.85345 15.0303
-14.1339 0.69275 0
2.05991 0.437551 0
-3.35924 -15.5044 0
-19.8016 -40.2149 12.8983
26.2547 34.075 0.760061
-9.24015 -16.4837 6.47108
40.8876 28.6217 15.1169
-0.745952 -0.491174 0
35.2941 0.300013 46.9899
31.076 0.304289 13.3956
-8.83517 -1.34624 0
5.69098 -33.4303 20.5092
23.2097 -37.1433 4.18566
-2.72498 5.44346 0
-0.900596 -1.87853 0
-0.693496 2.12185 0
-2.80614 6.86533 0
-5.80844 5.61733 0
1.53133 1.44654 0
-5.14249 10.4541 0
2.43479 1.81145 0
30.8529 34.912 20.0355
15.3571 14.0748 0
10.3118 -0.789286 0
6.23495 -0.364068 0
10.4907 8.29035 38.6178
1.73493 18.4793 11.2695
59.5257 7.93813 11.4144
-5.81437 4.09662 8.95223
2.52119 -0.1882 0
-1.08782 1.46378 0
27.2081 -23.1401 13.5148
-10.6237 -26.1806 19.3771
1.36292 7.54718 0
-3.92482 -9.64889 6.16057
2.57555 0.527467 0
-3.87705 -5.77427 0
17.678 -1.48495 0
1.28412 1.36031 0
1.32405 -2.49692 0
VERTICES 2541 5082
1 0
1 1
1 2
1 3
1 4
1 5
1 6
1 7
1 8
1 9
1 10
1 11
1 12
1 13
1 14
1 15
1 16
1 17
1 18
1 19
1 20
1 21
1 22
1 23
1 24
1 25
1 26
1 27
1 28
1 29
1 30
1 31
1 32
1 33
1 34
1 35
1 36
1 37
1 38
1 39
1 40
1 41
1 42
1 43
1 44
1 45
1 46
1 47
1 48
1 49
1 50
1 51
1 52
1 53
1 54
1 55
1 56
1 57
1 58
1 59
1 60
1 61
1 62
1 63
1 64
1 65
1 66
1 67
1 68
1 69
1 70
1 71
1 72
1 73
1 74
1 75
1 76
1 77
1 78
1 79
1 80
1 81
1 82
1 83
1 84
1 85
1 86
1 87
1 88
1 89
1 90
1 91
1 92
1 93
1 94
1 95
1 96
1 97
1 98
1 99
1 100
1 101
1 102
1 103
1 104
1 105
1 106
1 107
1 108
1 109
1 110
1 111
1 112
1 113
1 114
1 115
1 116
1 117
1 118
1 119
1 120
1 121
1 122
1 123
1 124
1 125
1 126
1 127
1 128
1 129
1 130
1 131
1 132
1 133
1 134
1 135
1 136
1 137
1 138
1 139
1 140
1 141
1 142
1 143
1 144
1 145
1 146
1 147
1 148
1 149
1 150
1 151
1 152
1 153
1 154
1 155
1 156
1 157
1 158
1 159
1 160
1 161
1 162
1 163
1 164
1 165
1 166
1 167
1 168
1 169
1 170
1 171
1 172
1 173
1 174
1 175
1 176
1 177
1 178
1 179
1 180
1 181
1 182
1 183
1 184
1 185
1 186
1 187
1 188
1 189
1 190
1 191
1 192
1 193
1 194
1 195
1 196
1 197
1 198
1 199
1 200
1 201
1 202
1 203
1 204
1 205
1 206
1 207
1 208
1 209
1 210
1 211
1 212
1 213
1 214
1 215
1 216
1 217
1 218
1 219
1 220
1 221
1 222
1 223
1 224
1 225
1 226
1 227
1 228
1 229
1 230
1 231
1 232
1 233
1 234
1 235
1 236
1 237
1 238
1 239
1 240
1 241
1 242
1 243
1 244
1 245
1 246
1 247
1 248
1 249
1 250
1 251
1 252
1 253
1 254
1 255
1 256
1 257
1 258
1 259
1 260
1 261
1 262
1 263
1 264
1 265
1 266
1 267
1 268
1 269
1 270
1 271
1 272
1 273
1 274
1 275
1 276
1 277
1 278
1 279
1 280
1 281
1 282
1 283
1 284
1 285
1 286
1 287
1 288
1 289
1 290
1 291
1 292
1 293
1 294
1 295
1 296
1 297
1 298
1 299
1 300
1 301
1 302
1 303
1 304
1 305
1 306
1 307
1 308
1 309
1 310
1 311
1 312
1 313
1 314
1 315
1 316
1 317
1 318
1 319
1 320
1 321
1 322
1 323
1 324
1 325
1 326
1 327
1 328
1 329
1 330
1 331
1 332
1 333
1 334
1 335
1 336
1 337
1 338
1 339
1 340
1 341
1 342
1 343
1 344
1 345
1 346
1 347
1 348
1 349
1 350
1 351
1 352
1 353
1 354
1 355
1 356
1 357
1 358
1 359
1 360
1 361
1 362
1 363
1 364
1 365
1 366
1 367
1 368
1 369
1 370
1 371
1 372
1 373
1 374
1 375
1 376
1 377
1 378
1 379
1 380
1 381
1 382
1 383
1 384
1 385
1 386
1 387
1 388
1 389
1 390
1 391
1 392
1 393
1 394
1 395
1 396
1 397
1 398
1 399
1 400
1 401
1 402
1 403
1 404
1 405
1 406
1 407
1 408
1 409
1 410
1 411
1 412
1 413
1 414
1 415
1 416
1 417
1 418
1 419
1 420
1 421
1 422
1 423
1 424
1 425
1 426
1 427
1 428
1 429
1 430
1 431
1 432
1 433
1 434
1 435
1 436
1 437
1 438
1 439
1 440
1 441
1 442
1 443
1 444
1 445
1 446
1 447
1 448
1 449
1 450
1 451
1 452
1 453
1 454
1 455
1 456
1 457
1 458
1 459
1 460
1 461
1 462
1 463
1 464
1 465
1 466
1 467
1 468
1 469
1 470
1 471
1 472
1 473
1 474
1 475
1 476
1 477
1 478
1 479
1 480
1 481
1 482
1 483
1 484
1 485
1 486
1 487
1 488
1 489
1 490
1 491
1 492
1 493
1 494
1 495
1 496
1 497
1 498
1 499
1 500
1 501
1 502
1 503
1 504
1 505
1 506
1 507
1 508
1 509
1 510
1 511
1 512
1 513
1 514
1 515
1 516
1 517
1 518
1 519
1 520
1 521
1 522
1 523
1 524
1 525
1 526
1 527
1 528
1 529
1 530
1 531
1 532
1 533
1 534
1 535
1 536
1 537
1 538
1 539
1 540
1 541
1 542
1 543
1 544
1 545
1 546
1 547
1 548
1 549
1 550
1 551
1 552
1 553
1 554
1 555
1 556
1 557
1 558
1 559
1 560
1 561
1 562
1 563
1 564
1 565
1 566
1 567
1 568
1 569
1 570
1 571
1 572
1 573
1 574
1 575
1 576
1 577
1 578
1 579
1 580
1 581
1 582
1 583
1 584
1 585
1 586
1 587
1 588
1 589
1 590
1 591
1 592
1 593
1 594
1 595
1 596
1 597
1 598
1 599
1 600
1 601
1 602
1 603
1 604
1 605
1 606
1 607
1 608
1 609
1 610
1 611
1 612
1 613
1 614
1 615
1 616
1 617
1 618
1 619
1 620
1 621
1 622
1 623
1 624
1 625
1 626
1 627
1 628
1 629
1 630
1 631
1 632
1 633
1 634
1 635
1 636
1 637
1 638
1 639
1 640
1 641
1 642
1 643
1 644
1 645
1 646
1 647
1 648
1 649
1 650
1 651
1 652
1 653
1 654
1 655
1 656
1 657
1 658
1 659
1 660
1 661
1 662
1 663
1 664
1 665
1 666
1 667
1 668
1 669
1 670
1 671
1 672
1 673
1 674
1 675
1 676
1 677
1 678
1 679
1 680
1 681
1 682
1 683
1 684
1 685
1 686
1 687
1 688
1 689
1 690
1 691
1 692
1 693
1 694
1 695
1 696
1 697
1 698
1 699
1 700
1 701
1 702
1 703
1 704
1 705
1 706
1 707
1 708
1 709
1 710
1 711
1 712
1 713
1 714
1 715
1 716
1 717
1 718
1 719
1 720
1 721
1 722
1 723
1 724
1 725
1 726
1 727
1 728
1 729
1 730
1 731
1 732
1 733
1 734
1 735
1 736
1 737
1 738
1 739
1 740
1 741
1 742
1 743
1 744
1 745
1 746
1 747
1 748
1 749
1 750
1 751
1 752
1 753
1 754
1 755
1 756
1 757
1 758
1 759
1 760
1 761
1 762
1 763
1 764
1 765
1 766
1 767
1 768
1 769
1 770
1 771
1 772
1 773
1 774
1 775
1 776
1 777
1 778
1 779
1 780
1 781
1 782
1 783
1 784
1 785
1 786
1 787
1 788
1 789
1 790
1 791
1 792
1 793
1 794
1 795
1 796
1 797
1 798
1 799
1 800
1 801
1 802
1 803
1 804
1 805
1 806
1 807
1 808
1 809
1 810
1 811
1 812
1 813
1 814
1 815
1 816
1 817
1 818
1 819
1 820
1 821
1 822
1 823
1 824
1 825
1 826
1 827
1 828
1 829
1 830
1 831
1 832
1 833
1 834
1 835
1 836
1 837
1 838
1 839
1 840
1 841
1 842
1 843
1 844
1 845
1 846
1 847
1 848
1 849
1 850
1 851
1 852
1 853
1 854
1 855
1 856
1 857
1 858
1 859
1 860
1 861
1 862
1 863
1 864
1 865
1 866
1 867
1 868
1 869
1 870
1 871
1 872
1 873
1 874
1 875
1 876
1 877
1 878
1 879
1 880
1 881
1 882
1 883
1 884
1 885
1 886
1 887
1 888
1 889
1 890
1 891
1 892
1 893
1 894
1 895
1 896
1 897
1 898
1 899
1 900
1 901
1 902
1 903
1 904
1 905
1 906
1 907
1 908
1 909
1 910
1 911
1 912
1 913
1 914
1 915
1 916
1 917
1 918
1 919
1 920
1 921
1 922
1 923
1 924
1 925
1 926
1 927
1 928
1 929
1 930
1 931
1 932
1 933
1 934
1 935
1 936
1 937
1 938
1 939
1 940
1 941
1 942
1 943
1 944
1 945
1 946
1 947
1 948
1 949
1 950
1 951
1 952
1 953
1 954
1 955
1 956
1 957
1 958
1 959
1 960
1 961
1 962
1 963
1 964
1 965
1 966
1 967
1 968
1 969
1 970
1 971
1 972
1 973
1 974
1 975
1 976
1 977
1 978
1 979
1 980
1 981
1 982
1 983
1 984
1 985
1 986
1 987
1 988
1 989
1 990
1 991
1 992
1 993
1 994
1 995
1 996
1 997
1 998
1 999
1 1000
1 1001
1 1002
1 1003
1 1004
1 1005
1 1006
1 1007
1 1008
1 1009
1 1010
1 1011
1 1012
1 1013
1 1014
1 1015
1 1016
1 1017
1 1018
1 1019
1 1020
1 1021
1 1022
1 1023
1 1024
1 1025
1 1026
1 1027
1 1028
1 1029
1 1030
1 1031
1 1032
1 1033
1 1034
1 1035
1 1036
1 1037
1 1038
1 1039
1 1040
1 1041
1 1042
1 1043
1 1044
1 1045
1 1046
1 1047
1 1048
1 1049
1 1050
1 1051
1 1052
1 1053
1 1054
1 1055
1 1056
1 1057
1 1058
1 1059
1 1060
1 1061
1 1062
1 1063
1 1064
1 1065
1 1066
1 1067
1 1068
1 1069
1 1070
1 1071
1 1072
1 1073
1 1074
1 1075
1 1076
1 1077
1 1078
1 1079
1 1080
1 1081
1 1082
1 1083
1 1084
1 1085
1 1086
1 1087
1 1088
1 1089
1 1090
1 1091
1 1092
1 1093
1 1094
1 1095
1 1096
1 1097
1 1098
1 1099
1 1100
1 1101
1 1102
1 1103
1 1104
1 1105
1 1106
1 1107
1 1108
1 1109
1 1110
1 1111
1 1112
1 1113
1 1114
1 1115
1 1116
1 1117
1 1118
1 1119
1 1120
1 1121
1 1122
1 1123
1 1124
1 1125
1 1126
1 1127
1 1128
1 1129
1 1130
1 1131
1 1132
1 1133
1 1134
1 1135
1 1136
1 1137
1 1138
1 1139
1 1140
1 1141
1 1142
1 1143
1 1144
1 1145
1 1146
1 1147
1 1148
1 1149
1 1150
1 1151
1 1152
1 1153
1 1154
1 1155
1 1156
1 1157
1 1158
1 1159
1 1160
1 1161
1 1162
1 1163
1 1164
1 1165
1 1166
1 1167
1 1168
1 1169
1 1170
1 1171
1 1172
1 1173
1 1174
1 1175
1 1176
1 1177
1 1178
1 1179
1 1180
1 1181
1 1182
1 1183
1 1184
1 1185
1 1186
1 1187
1 1188
1 1189
1 1190
1 1191
1 1192
1 1193
1 1194
1 1195
1 1196
1 1197
1 1198
1 1199
1 1200
1 1201
1 1202
1 1203
1 1204
1 1205
1 1206
1 1207
1 1208
1 1209
1 1210
1 1211
1 1212
1 1213
1 1214
1 1215
1 1216
1 1217
1 1218
1 1219
1 1220
1 1221
1 1222
1 1223
1 1224
1 1225
1 1226
1 1227
1 1228
1 1229
1 1230
1 1231
1 1232
1 1233
1 1234
1 1235
1 1236
1 1237
1 1238
1 1239
1 1240
1 1241
1 1242
1 1243
1 1244
1 1245
1 1246
1 1247
1 1248
1 1249
1 1250
1 1251
1 1252
1 1253
1 1254
1 1255
1 1256
1 1257
1 1258
1 1259
1 1260
1 1261
1 1262
1 1263
1 1264
1 1265
1 1266
1 1267
1 1268
1 1269
1 1270
1 1271
1 1272
1 1273
1 1274
1 1275
1 1276
1 1277
1 1278
1 1279
1 1280
1 1281
1 1282
1 1283
1 1284
1 1285
1 1286
1 1287
1 1288
1 1289
1 1290
1 1291
1 1292
1 1293
1 1294
1 1295
1 1296
1 1297
1 1298
1 1299
1 1300
1 1301
1 1302
1 1303
1 1304
1 1305
1 1306
1 1307
1 1308
1 1309
1 1310
1 1311
1 1312
1 1313
1 1314
1 1315
1 1316
1 1317
1 1318
1 1319
1 1320
1 1321
1 1322
1 1323
1 1324
1 1325
1 1326
1 1327
1 1328
1 1329
1 1330
1 1331
1 1332
1 1333
1 1334
1 1335
1 1336
1 1337
1 1338
1 1339
1 1340
1 1341
1 1342
1 1343
1 1344
1 1345
1 1346
1 1347
1 1348
1 1349
1 1350
1 1351
1 1352
1 1353
1 1354
1 1355
1 1356
1 1357
1 1358
1 1359
1 1360
1 1361
1 1362
1 1363
1 1364
1 1365
1 1366
1 1367
1 1368
1 1369
1 1370
1 1371
1 1372
1 1373
1 1374
1 1375
1 1376
1 1377
1 1378
1 1379
1 1380
1 1381
1 1382
1 1383
1 1384
1 1385
1 1386
1 1387
1 1388
1 1389
1 1390
1 1391
1 1392
1 1393
1 1394
1 1395
1 1396
1 1397
1 1398
1 1399
1 1400
1 1401
1 1402
1 1403
1 1404
1 1405
1 1406
1 1407
1 1408
1 1409
1 1410
1 1411
1 1412
1 1413
1 1414
1 1415
1 1416
1 1417
1 1418
1 1419
1 1420
1 1421
1 1422
1 1423
1 1424
1 1425
1 1426
1 1427
1 1428
1 1429
1 1430
1 1431
1 1432
1 1433
1 1434
1 1435
1 1436
1 1437
1 1438
1 1439
1 1440
1 1441
1 1442
1 1443
1 1444
1 1445
1 1446
1 1447
1 1448
1 1449
1 1450
1 1451
1 1452
1 1453
1 1454
1 1455
1 1456
1 1457
1 1458
1 1459
1 1460
1 1461
1 1462
1 1463
1 1464
1 1465
1 1466
1 1467
1 1468
1 1469
1 1470
1 1471
1 1472
1 1473
1 1474
1 1475
1 1476
1 1477
1 1478
1 1479
1 1480
1 1481
1 1482
1 1483
1 1484
1 1485
1 1486
1 1487
1 1488
1 1489
1 1490
1 1491
1 1492
1 1493
1 1494
1 1495
1 1496
1 1497
1 1498
1 1499
1 1500
1 1501
1 1502
1 1503
1 1504
1 1505
1 1506
1 1507
1 1508
1 1509
1 1510
1 1511
1 1512
1 1513
1 1514
1 1515
1 1516
1 1517
1 1518
1 1519
1 1520
1 1521
1 1522
1 1523
1 1524
1 1525
1 1526
1 1527
1 1528
1 1529
1 1530
1 1531
1 1532
1 1533
1 1534
1 1535
1 1536
1 1537
1 1538
1 1539
1 1540
1 1541
1 1542
1 1543
1 1544
1 1545
1 1546
1 1547
1 1548
1 1549
1 1550
1 1551
1 1552
1 1553
1 1554
1 1555
1 1556
1 1557
1 1558
1 1559
1 1560
1 1561
1 1562
1 1563
1 1564
1 1565
1 1566
1 1567
1 1568
1 1569
1 1570
1 1571
1 1572
1 1573
1 1574
1 1575
1 1576
1 1577
1 1578
1 1579
1 1580
1 1581
1 1582
1 1583
1 1584
1 1585
1 1586
1 1587
1 1588
1 1589
1 1590
1 1591
1 1592
1 1593
1 1594
1 1595
1 1596
1 1597
1 1598
1 1599
1 1600
1 1601
1 1602
1 1603
1 1604
1 1605
1 1606
1 1607
1 1608
1 1609
1 1610
1 1611
1 1612
1 1613
1 1614
1 1615
1 1616
1 1617
1 1618
1 1619
1 1620
1 1621
1 1622
1 1623
1 1624
1 1625
1 1626
1 1627
1 1628
1 1629
1 1630
1 1631
1 1632
1 1633
1 1634
1 1635
1 1636
1 1637
1 1638
1 1639
1 1640
1 1641
1 1642
1 1643
1 1644
1 1645
1 1646
1 1647
1 1648
1 1649
1 1650
1 1651
1 1652
1 1653
1 1654
1 1655
1 1656
1 1657
1 1658
1 1659
1 1660
1 1661
1 1662
1 1663
1 1664
1 1665
1 1666
1 1667
1 1668
1 1669
1 1670
1 1671
1 1672
1 1673
1 1674
1 1675
1 1676
1 1677
1 1678
1 1679
1 1680
1 1681
1 1682
1 1683
1 1684
1 1685
1 1686
1 1687
1 1688
1 1689
1 1690
1 1691
1 1692
1 1693
1 1694
1 1695
1 1696
1 1697
1 1698
1 1699
1 1700
1 1701
1 1702
1 1703
1 1704
1 1705
1 1706
1 1707
1 1708
1 1709
1 1710
1 1711
1 1712
1 1713
1 1714
1 1715
1 1716
1 1717
1 1718
1 1719
1 1720
1 1721
1 1722
1 1723
1 1724
1 1725
1 1726
1 1727
1 1728
1 1729
1 1730
1 1731
1 1732
1 1733
1 1734
1 1735
1 1736
1 1737
1 1738
1 1739
1 1740
1 1741
1 1742
1 1743
1 1744
1 1745
1 1746
1 1747
1 1748
1 1749
1 1750
1 1751
1 1752
1 1753
1 1754
1 1755
1 1756
1 1757
1 1758
1 1759
1 1760
1 1761
1 1762
1 1763
1 1764
1 1765
1 1766
1 1767
1 1768
1 1769
1 1770
1 1771
1 1772
1 1773
1 1774
1 1775
1 1776
1 1777
1 1778
1 1779
1 1780
1 1781
1 1782
1 1783
1 1784
1 1785
1 1786
1 1787
1 1788
1 1789
1 1790
1 1791
1 1792
1 1793
1 1794
1 1795
1 1796
1 1797
1 1798
1 1799
1 1800
1 1801
1 1802
1 1803
1 1804
1 1805
1 1806
1 1807
1 1808
1 1809
1 1810
1 1811
1 1812
1 1813
1 1814
1 1815
1 1816
1 1817
1 1818
1 1819
1 1820
1 1821
1 1822
1 1823
1 1824
1 1825
1 1826
1 1827
1 1828
1 1829
1 1830
1 1831
1 1832
1 1833
1 1834
1 1835
1 1836
1 1837
1 1838
1 1839
1 1840
1 1841
1 1842
1 1843
1 1844
1 1845
1 1846
1 1847
1 1848
1 1849
1 1850
1 1851
1 1852
1 1853
1 1854
1 1855
1 1856
1 1857
1 1858
1 1859
1 1860
1 1861
1 1862
1 1863
1 1864
1 1865
1 1866
1 1867
1 1868
1 1869
1 1870
1 1871
1 1872
1 1873
1 1874
1 1875
1 1876
1 1877
1 1878
1 1879
1 1880
1 1881
1 1882
1 1883
1 1884
1 1885
1 1886
1 1887
1 1888
1 1889
1 1890
1 1891
1 1892
1 1893
1 1894
1 1895
1 1896
1 1897
1 1898
1 1899
1 1900
1 1901
1 1902
1 1903
1 1904
1 1905
1 1906
1 1907
1 1908
1 1909
1 1910
1 1911
1 1912
1 1913
1 1914
1 1915
1 1916
1 1917
1 1918
1 1919
1 1920
1 1921
1 1922
1 1923
1 1924
1 1925
1 1926
1 1927
1 1928
1 1929
1 1930
1 1931
1 1932
1 1933
1 1934
1 1935
1 1936
1 1937
1 1938
1 1939
1 1940
1 1941
1 1942
1 1943
1 1944
1 1945
1 1946
1 1947
1 1948
1 1949
1 1950
1 1951
1 1952
1 1953
1 1954
1 1955
1 1956
1 1957
1 1958
1 1959
1 1960
1 1961
1 1962
1 1963
1 1964
1 1965
1 1966
1 1967
1 1968
1 1969
1 1970
1 1971
1 1972
1 1973
1 1974
1 1975
1 1976
1 1977
1 1978
1 1979
1 1980
1 1981
1 1982
1 1983
1 1984
1 1985
1 1986
1 1987
1 1988
1 1989
1 1990
1 1991
1 1992
1 1993
1 1994
1 1995
1 1996
1 1997
1 1998
1 1999
1 2000
1 2001
1 2002
1 2003
1 2004
1 2005
1 2006
1 2007
1 2008
1 2009
1 2010
1 2011
1 2012
1 2013
1 2014
1 2015
1 2016
1 2017
1 2018
1 2019
1 2020
1 2021
1 2022
1 2023
1 2024
1 2025
1 2026
1 2027
1 2028
1 2029
1 2030
1 2031
1 2032
1 2033
1 2034
1 2035
1 2036
1 2037
1 2038
1 2039
1 2040
1 2041
1 2042
1 2043
1 2044
1 2045
1 2046
1 2047
1 2048
1 2049
1 2050
1 2051
1 2052
1 2053
1 2054
1 2055
1 2056
1 2057
1 2058
1 2059
1 2060
1 2061
1 2062
1 2063
1 2064
1 2065
1 2066
1 2067
1 2068
1 2069
1 2070
1 2071
1 2072
1 2073
1 2074
1 2075
1 2076
1 2077
1 2078
1 2079
1 2080
1 2081
1 2082
1 2083
1 2084
1 2085
1 2086
1 2087
1 2088
1 2089
1 2090
1 2091
1 2092
1 2093
1 2094
1 2095
1 2096
1 2097
1 2098
1 2099
1 2100
1 2101
1 2102
1 2103
1 2104
1 2105
1 2106
1 2107
1 2108
1 2109
1 2110
1 2111
1 2112
1 2113
1 2114
1 2115
1 2116
1 2117
1 2118
1 2119
1 2120
1 2121
1 2122
1 2123
1 2124
1 2125
1 2126
1 2127
1 2128
1 2129
1 2130
1 2131
1 2132
1 2133
1 2134
1 2135
1 2136
1 2137
1 2138
1 2139
1 2140
1 2141
1 2142
1 2143
1 2144
1 2145
1 2146
1 2147
1 2148
1 2149
1 2150
1 2151
1 2152
1 2153
1 2154
1 2155
1 2156
1 2157
1 2158
1 2159
1 2160
1 2161
1 2162
1 2163
1 2164
1 2165
1 2166
1 2167
1 2168
1 2169
1 2170
1 2171
1 2172
1 2173
1 2174
1 2175
1 2176
1 2177
1 2178
1 2179
1 2180
1 2181
1 2182
1 2183
1 2184
1 2185
1 2186
1 2187
1 2188
1 2189
1 2190
1 2191
1 2192
1 2193
1 2194
1 2195
1 2196
1 2197
1 2198
1 2199
1 2200
1 2201
1 2202
1 2203
1 2204
1 2205
1 2206
1 2207
1 2208
1 2209
1 2210
1 2211
1 2212
1 2213
1 2214
1 2215
1 2216
1 2217
1 2218
1 2219
1 2220
1 2221
1 2222
1 2223
1 2224
1 2225
1 2226
1 2227
1 2228
1 2229
1 2230
1 2231
1 2232
1 2233
1 2234
1 2235
1 2236
1 2237
1 2238
1 2239
1 2240
1 2241
1 2242
1 2243
1 2244
1 2245
1 2246
1 2247
1 2248
1 2249
1 2250
1 2251
1 2252
1 2253
1 2254
1 2255
1 2256
1 2257
1 2258
1 2259
1 2260
1 2261
1 2262
1 2263
1 2264
1 2265
1 2266
1 2267
1 2268
1 2269
1 2270
1 2271
1 2272
1 2273
1 2274
1 2275
1 2276
1 2277
1 2278
1 2279
1 2280
1 2281
1 2282
1 2283
1 2284
1 2285
1 2286
1 2287
1 2288
1 2289
1 2290
1 2291
1 2292
1 2293
1 2294
1 2295
1 2296
1 2297
1 2298
1 2299
1 2300
1 2301
1 2302
1 2303
1 2304
1 2305
1 2306
1 2307
1 2308
1 2309
1 2310
1 2311
1 2312
1 2313
1 2314
1 2315
1 2316
1 2317
1 2318
1 2319
1 2320
1 2321
1 2322
1 2323
1 2324
1 2325
1 2326
1 2327
1 2328
1 2329
1 2330
1 2331
1 2332
1 2333
1 2334
1 2335
1 2336
1 2337
1 2338
1 2339
1 2340
1 2341
1 2342
1 2343
1 2344
1 2345
1 2346
1 2347
1 2348
1 2349
1 2350
1 2351
1 2352
1 2353
1 2354
1 2355
1 2356
1 2357
1 2358
1 2359
1 2360
1 2361
1 2362
1 2363
1 2364
1 2365
1 2366
1 2367
1 2368
1 2369
1 2370
1 2371
1 2372
1 2373
1 2374
1 2375
1 2376
1 2377
1 2378
1 2379
1 2380
1 2381
1 2382
1 2383
1 2384
1 2385
1 2386
1 2387
1 2388
1 2389
1 2390
1 2391
1 2392
1 2393
1 2394
1 2395
1 2396
1 2397
1 2398
1 2399
1 2400
1 2401
1 2402
1 2403
1 2404
1 2405
1 2406
1 2407
1 2408
1 2409
1 2410
1 2411
1 2412
1 2413
1 2414
1 2415
1 2416
1 2417
1 2418
1 2419
1 2420
1 2421
1 2422
1 2423
1 2424
1 2425
1 2426
1 2427
1 2428
1 2429
1 2430
1 2431
1 2432
1 2433
1 2434
1 2435
1 2436
1 2437
1 2438
1 2439
1 2440
1 2441
1 2442
1 2443
1 2444
1 2445
1 2446
1 2447
1 2448
1 2449
1 2450
1 2451
1 2452
1 2453
1 2454
1 2455
1 2456
1 2457
1 2458
1 2459
1 2460
1 2461
1 2462
1 2463
1 2464
1 2465
1 2466
1 2467
1 2468
1 2469
1 2470
1 2471
1 2472
1 2473
1 2474
1 2475
1 2476
1 2477
1 2478
1 2479
1 2480
1 2481
1 2482
1 2483
1 2484
1 2485
1 2486
1 2487
1 2488
1 2489
1 2490
1 2491
1 2492
1 2493
1 2494
1 2495
1 2496
1 2497
1 2498
1 2499
1 2500
1 2501
1 2502
1 2503
1 2504
1 2505
1 2506
1 2507
1 2508
1 2509
1 2510
1 2511
1 2512
1 2513
1 2514
1 2515
1 2516
1 2517
1 2518
1 2519
1 2520
1 2521
1 2522
1 2523
1 2524
1 2525
1 2526
1 2527
1 2528
1 2529
1 2530
1 2531
1 2532
1 2533
1 2534
1 2535
1 2536
1 2537
1 2538
1 2539
1 2540
POINT_DATA 2541
SCALARS density float 1
LOOKUP_TABLE default
500
500
500
500
500
500
500
500
500
500
500
500
500
500
500
500
500
500
500
500
500
500
500
500
500
500
500
500
500
500
500
500
500
500
500
500
500
500
500
500
500
500
500
500
500
500
500
500
500
500
500
500
500
500
500
500
500
500
500
500
500
500
500
500
500
500
500
500
500
500
500
500
500
500
500
500
500
500
500
500
500
500
500
500
500
500
500
500
500
500
500
500
500
500
500
500
500
500
500
500
500
500
500
500
500
500
500
500
500
500
500
500
500
500
500
500
500
500
500
500
500
500
500
500
500
500
500
500
500
500
500
500
500
500
500
500
500
500
500
500
500
500
500
500
500
500
500
500
500
500
500
500
500
500
500
500
500
500
500
500
500
500
500
500
500
500
500
500
500
500
500
500
500
500
500
500
500
500
500
500
500
500
500
500
500
500
500
500
500
500
500
500
500
500
500
500
500
500
500
500
500
500
500
500
500
500
500
500
500
500
500
500
500
500
500
500
500
500
500
500
500
500
500
500
500
500
500
500
500
500
500
500
500
500
500
500
500
500
500
500
500
500
500
500
500
500
500
500
500
500
500
500
500
500
500
500
500
500
500
500
500
500
500
500
500
500
500
500
500
500
500
500
500
500
500
500
500
500
500
500
500
500
500
500
500
500
500
500
500
500
500
500
500
500
500
500
500
500
500
500
500
500
500
500
500
500
500
500
500
500
500
500
500
500
500
500
500
500
500
500
500
500
500
500
500
500
500
500
500
500
500
500
500
500
500
500
500
500
500
500
500
500
500
500
500
500
500
500
500
500
500
500
500
500
500
500
500
500
500
500
500
500
500
500
500
500
500
500
500
500
500
500
500
500
500
500
500
500
500
500
500
500
500
500
500
500
500
500
500
500
500
500
500
500
500
500
500
500
500
500
500
500
500
500
500
500
500
500
500
500
500
500
500
500
500
500
500
500
500
500
500
500
500
500
500
500
500
500
500
500
500
500
500
500
500
500
500
500
500
500
500
500
500
500
500
500
500
500
500
500
500
500
500
500
500
500
500
500
500
500
500
500
500
500
500
500
500
500
500
500
500
500
500
500
500
500
500
500
500
500
500
500
500
500
500
500
500
500
500
500
500
500
500
500
500
500
500
500
500
500
500
500
500
500
500
500
500
500
500
500
500
500
500
500
500
500
500
500
500
500
500
500
500
500
500
500
500
500
500
500
500
500
500
500
500
500
500
500
500
500
500
500
500
500
500
500
500
500
500
500
500
500
500
500
500
500
500
500
500
500
500
500
500
500
500
500
500
500
500
500
500
500
500
500
500
500
500
500
500
500
500
500
500
500
500
500
500
500
500
500
500
500
500
500
500
500
500
500
500
500
500
500
500
500
500
500
500
500
500
500
500
500
500
500
500
500
500
500
500
500
500
500
500
500
500
500
500
500
500
500
500
500
500
500
500
500
500
500
500
500
500
500
500
500
500
500
500
500
500
500
500
500
500
500
500
500
500
500
500
500
500
500
500
500
500
500
500
500
500
500
500
500
500
500
500
500
500
500
500
500
500
500
500
500
500
500
500
500
500
500
500
500
500
500
500
500
500
500
500
500
500
500
500
500
500
500
500
500
500
500
500
500
500
500
500
500
500
500
500
500
500
500
500
500
500
500
500
500
500
500
500
500
500
500
500
500
500
500
500
500
500
500
500
500
500
500
500
500
500
500
500
500
500
500
500
500
500
500
500
500
500
500
500
500
500
500
500
500
500
500
500
500
500
500
500
500
500
500
500
500
500
500
500
500
500
500
500
500
500
500
500
500
500
500
500
500
500
500
500
500
500
500
500
500
500
500
500
500
500
500
500
500
500
500
500
500
500
500
500
500
500
500
500
500
500
500
500
500
500
500
500
500
500
500
500
500
500
500
500
500
500
500
500
500
500
500
500
500
500
500
500
500
500
500
500
500
500
500
500
500
500
500
500
500
500
500
500
500
500
500
500
500
500
500
500
500
500
500
500
500
500
500
500
500
500
500
500
500
500
500
500
500
500
500
500
500
500
500
500
500
500
500
500
500
500
500
500
500
500
500
500
500
500
500
500
500
500
500
500
500
500
500
500
500
500
500
500
500
500
500
500
500
500
500
500
500
500
500
500
500
500
500
500
500
500
500
500
500
500
500
500
500
500
500
500
500
500
500
500
500
500
500
500
500
500
500
500
500
500
500
500
500
500
500
500
500
500
500
500
500
500
500
500
500
500
500
500
500
500
500
500
500
500
500
500
500
500
500
500
500
500
500
500
500
500
500
500
500
500
500
500
500
500
500
500
500
500
500
500
500
500
500
500
500
500
500
500
500
500
500
500
500
500
500
500
500
500
500
500
500
500
500
500
500
500
500
500
500
500
500
500
500
500
500
500
500
500
500
500
500
500
500
500
500
500
500
500
500
500
500
500
500
500
500
500
500
500
500
500
500
500
500
500
500
500
500
500
500
500
500
500
500
500
500
500
500
500
500
500
500
500
500
500
500
500
500
500
500
500
500
500
500
500
500
500
500
500
500
500
500
500
500
500
500
500
500
500
500
500
500
500
500
500
500
500
500
500
500
500
500
500
500
500
500
500
500
500
500
500
500
500
500
500
500
500
500
500
500
500
500
500
500
500
500
500
500
500
500
500
500
500
500
500
500
500
500
500
500
500
500
500
500
500
500
500
500
500
500
500
500
500
500
500
500
500
500
500
500
500
500
500
500
500
500
500
500
500
500
500
500
500
500
500
500
500
500
500
500
500
500
500
500
500
500
500
500
500
500
500
500
500
500
500
500
500
500
500
500
500
500
500
500
500
500
500
500
500
500
500
500
500
500
500
500
500
500
500
500
500
500
500
500
500
500
500
500
500
500
500
500
500
500
500
500
500
500
500
500
500
500
500
500
500
500
500
500
500
500
500
500
500
500
500
500
500
500
500
500
500
500
500
500
500
500
500
500
500
500
500
500
500
500
500
500
500
500
500
500
500
500
500
500
500
500
500
500
500
500
500
500
500
500
500
500
500
500
500
500
500
500
500
500
500
500
500
500
500
500
500
500
500
500
500
500
500
500
500
500
500
500
500
500
500
500
500
500
500
500
500
500
500
500
500
500
500
500
500
500
500
500
500
500
500
500
500
500
500
500
500
500
500
500
500
500
500
500
500
500
500
500
500
500
500
500
500
500
500
500
500
500
500
500
500
500
500
500
500
500
500
500
500
500
500
500
500
500
500
500
500
500
500
500
500
500
500
500
500
500
500
500
500
500
500
500
500
500
500
500
500
500
500
500
500
500
500
500
500
500
500
500
500
500
500
500
500
500
500
500
500
500
500
500
500
500
500
500
500
500
500
500
500
500
500
500
500
500
500
500
500
500
500
500
500
500
500
500
500
500
500
500
500
500
500
500
500
500
500
500
500
500
500
500
500
500
500
500
500
500
500
500
500
500
500
500
500
500
500
500
500
500
500
500
500
500
500
500
500
500
500
500
500
500
500
500
500
500
500
500
500
500
500
500
500
500
500
500
500
500
500
500
500
500
500
500
500
500
500
500
500
500
500
500
500
500
500
500
500
500
500
500
500
500
500
500
500
500
500
500
500
500
500
500
500
500
500
500
500
500
500
500
500
500
500
500
500
500
500
500
500
500
500
500
500
500
500
500
500
500
500
500
500
500
500
500
500
500
500
500
500
500
500
500
500
500
500
500
500
500
500
500
500
500
500
500
500
500
500
500
500
500
500
500
500
500
500
500
500
500
500
500
500
500
500
500
500
500
500
500
500
500
500
500
500
500
500
500
500
500
500
500
500
500
500
500
500
500
500
500
500
500
500
500
500
500
500
500
500
500
500
500
500
500
500
500
500
500
500
500
500
500
500
500
500
500
500
500
500
500
500
500
500
500
500
500
500
500
500
500
500
500
500
500
500
500
500
500
500
500
500
500
500
500
500
500
500
500
500
500
500
500
500
500
500
500
500
500
500
500
500
500
500
500
500
500
500
500
500
500
500
500
500
500
500
500
500
500
500
500
500
500
500
500
500
500
500
500
500
500
500
500
500
500
500
500
500
500
500
500
500
500
500
500
500
500
500
500
500
500
500
500
500
500
500
500
500
500
500
500
500
500
500
500
500
500
500
500
500
500
500
500
500
500
500
500
500
500
500
500
500
500
500
500
500
500
500
500
500
500
500
500
500
500
500
500
500
500
500
500
500
500
500
500
500
500
500
500
500
500
500
500
500
500
500
500
500
500
500
500
500
500
500
500
500
500
500
500
500
500
500
500
500
500
500
500
500
500
500
500
500
500
500
500
500
500
500
500
500
500
500
500
500
500
500
500
500
500
500
500
500
500
500
500
500
500
500
500
500
500
500
500
500
500
500
500
500
500
500
500
500
500
500
500
500
500
500
500
500
500
500
500
500
500
500
500
500
500
500
500
500
500
500
500
500
500
500
500
500
500
500
500
500
500
500
500
500
500
500
500
500
500
500
500
500
500
500
500
500
500
500
500
500
500
500
500
500
500
500
500
500
500
500
500
500
500
500
500
500
500
500
500
500
500
500
500
500
500
500
500
500
500
500
500
500
500
500
500
500
500
500
500
500
500
500
500
500
500
500
500
500
500
500
500
500
500
500
500
500
500
500
500
500
500
500
500
500
500
500
500
500
500
500
500
500
500
500
500
500
500
500
500
500
500
500
500
500
500
500
500
500
500
500
500
500
500
500
500
500
500
500
500
500
500
500
500
500
500
500
500
500
500
500
500
500
500
500
500
500
500
500
500
500
500
500
500
500
500
500
500
500
500
500
500
500
500
500
500
500
500
500
500
500
500
500
500
500
500
500
500
500
500
500
500
500
500
500
500
500
500
500
500
500
500
500
500
500
500
500
500
500
500
500
500
500
500
500
500
500
500
500
500
500
500
500
500
500
500
500
500
500
500
500
500
500
500
500
500
500
500
500
500
500
500
500
500
500
500
500
500
500
500
500
500
500
500
500
500
500
500
500
500
500
500
500
500
500
500
500
500
500
500
500
500
500
500
500
500
500
500
500
500
500
500
500
500
500
500
500
500
500
500
500
500
500
500
500
500
500
500
500
500
500
500
500
500
500
500
500
500
500
500
500
500
500
500
500
500
500
500
500
500
500
500
500
500
500
500
500
500
500
500
500
500
500
500
500
500
500
500
500
500
500
500
500
500
500
500
500
500
500
500
500
500
500
500
500
500
500
500
500
500
500
500
500
500
500
500
500
500
500
500
500
500
500
500
500
500
500
500
500
500
500
500
500
500
500
500
500
500
500
500
500
500
500
500
500
500
500
500
500
500
500
500
500
500
500
500
500
500
500
500
500
500
500
500
500
500
500
500
500
500
500
500
500
500
500
500
500
500
500
500
500
500
500
500
500
500
500
500
500
500
500
500
500
500
500
500
500
500
500
500
500
500
500
500
500
500
500
500
500
500
500
500
500
500
500
500
500
500
500
500
500
500
500
500
500
500
500
500
500
500
500
500
500
500
500
500
500
500
500
500
500
500
500
500
500
500
500
500
500
500
500
500
500
500
500
500
500
500
500
500
500
500
500
500
500
500
500
500
500
500
500
500
500
500
500
500
500
500
500
500
500
500
500
500
500
500
500
500
500
500
500
500
500
500
500
500
500
500
500
500
500
500
500
500
500
500
500
500
500
500
500
500
500
500
500
500
500
500
500
500
500
500
500
500
500
500
500
500
500
500
500
500
500
500
500
500
500
500
500
500
500
SCALARS pressure float 1
LOOKUP_TABLE default
0
0
0
0
0
0
0
0
0
0
0
0
0
0
0
0
0
0
0
0
0
0
0
0
0
0
0
0
0
0
0
0
0
0
0
0
0
0
0
0
0
0
0
0
0
0
0
0
0
0
0
0
0
0
0
0
0
0
0
0
0
0
0
0
0
0
0
0
0
0
0
0
0
0
0
0
0
0
0
0
0
0
0
0
0
0
0
0
0
0
0
0
0
0
0
0
0
0
0
0
0
0
0
0
0
0
0
0
0
0
0
0
0
0
0
0
0
0
0
0
0
0
0
0
0
0
0
0
0
0
0
0
0
0
0
0
0
0
0
0
0
0
0
0
0
0
0
0
0
0
0
0
0
0
0
0
0
0
0
0
0
0
0
0
0
0
0
0
0
0
0
0
0
0
0
0
0
0
0
0
0
0
0
0
0
0
0
0
0
0
0
0
0
0
0
0
0
0
0
0
0
0
0
0
0
0
0
0
0
0
0
0
0
0
0
0
0
0
0
0
0
0
0
0
0
0
0
0
0
0
0
0
0
0
0
0
0
0
0
0
0
0
0
0
0
0
0
0
0
0
0
0
0
0
0
0
0
0
0
0
0
0
0
0
0
0
0
0
0
0
0
0
0
0
0
0
0
0
0
0
0
0
0
0
0
0
0
0
0
0
0
0
0
0
0
0
0
0
0
0
0
0
0
0
0
0
0
0
0
0
0
0
0
0
0
0
0
0
0
0
0
0
0
0
0
0
0
0
0
0
0
0
0
0
0
0
0
0
0
0
0
0
0
0
0
0
0
0
0
0
0
0
0
0
0
0
0
0
0
0
0
0
0
0
0
0
0
0
0
0
0
0
0
0
0
0
0
0
0
0
0
0
0
0
0
0
0
0
0
0
0
0
0
0
0
0
0
0
0
0
0
0
0
0
0
0
0
0
0
0
0
0
0
0
0
0
0
0
0
0
0
0
0
0
0
0
0
0
0
0
0
0
0
0
0
0
0
0
0
0
0
0
0
0
0
0
0
0
0
0
0
0
0
0
0
0
0
0
0
0
0
0
0
0
0
0
0
0
0
0
0
0
0
0
0
0
0
0
0
0
0
0
0
0
0
0
0
0
0
0
0
0
0
0
0
0
0
0
0
0
0
0
0
0
0
0
0
0
0
0
0
0
0
0
0
0
0
0
0
0
0
0
0
0
0
0
0
0
0
0
0
0
0
0
0
0
0
0
0
0
0
0
0
0
0
0
0
0
0
0
0
0
0
0
0
0
0
0
0
0
0
0
0
0
0
0
0
0
0
0
0
0
0
0
0
0
0
0
0
0
0
0
0
0
0
0
0
0
0
0
0
0
0
0
0
0
0
0
0
0
0
0
0
0
0
0
0
0
0
0
0
0
0
0
0
0
0
0
0
0
0
0
0
0
0
0
0
0
0
0
0
0
0
0
0
0
0
0
0
0
0
0
0
0
0
0
0
0
0
0
0
0
0
0
0
0
0
0
0
0
0
0
0
0
0
0
0
0
0
0
0
0
0
0
0
0
0
0
0
0
0
0
0
0
0
0
0
0
0
0
0
0
0
0
0
0
0
0
0
0
0
0
0
0
0
0
0
0
0
0
0
0
0
0
0
0
0
0
0
0
0
0
0
0
0
0
0
0
0
0
0
0
0
0
0
0
0
0
0
0
0
0
0
0
0
0
0
0
0
0
0
0
0
0
0
0
0
0
0
0
0
0
0
0
0
0
0
0
0
0
0
0
0
0
0
0
0
0
0
0
0
0
0
0
0
0
0
0
0
0
0
0
0
0
0
0
0
0
0
0
0
0
0
0
0
0
0
0
0
0
0
0
0
0
0
0
0
0
0
0
0
0
0
0
0
0
0
0
0
0
0
0
0
0
0
0
0
0
0
0
0
0
0
0
0
0
0
0
0
0
0
0
0
0
0
0
0
0
0
0
0
0
0
0
0
0
0
0
0
0
0
0
0
0
0
0
0
0
0
0
0
0
0
0
0
0
0
0
0
0
0
0
0
0
0
0
0
0
0
0
0
0
0
0
0
0
0
0
0
0
0
0
0
0
0
0
0
0
0
0
0
0
0
0
0
0
0
0
0
0
0
0
0
0
0
0
0
0
0
0
0
0
0
0
0
0
0
0
0
0
0
0
0
0
0
0
0
0
0
0
0
0
0
0
0
0
0
0
0
0
0
0
0
0
0
0
0
0
0
0
0
0
0
0
0
0
0
0
0
0
0
0
0
0
0
0
0
0
0
0
0
0
0
0
0
0
0
0
0
0
0
0
0
0
0
0
0
0
0
0
0
0
0
0
0
0
0
0
0
0
0
0
0
0
0
0
0
0
0
0
0
0
0
0
0
0
0
0
0
0
0
0
0
0
0
0
0
0
0
0
0
0
0
0
0
0
0
0
0
0
0
0
0
0
0
0
0
0
0
0
0
0
0
0
0
0
0
0
0
0
0
0
0
0
0
0
0
0
0
0
0
0
0
0
0
0
0
0
0
0
0
0
0
0
0
0
0
0
0
0
0
0
0
0
0
0
0
0
0
0
0
0
0
0
0
0
0
0
0
0
0
0
0
0
0
0
0
0
0
0
0
0
0
0
0
0
0
0
0
0
0
0
0
0
0
0
0
0
0
0
0
0
0
0
0
0
0
0
0
0
0
0
0
0
0
0
0
0
0
0
0
0
0
0
0
0
0
0
0
0
0
0
0
0
0
0
0
0
0
0
0
0
0
0
0
0
0
0
0
0
0
0
0
0
0
0
0
0
0
0
0
0
0
0
0
0
0
0
0
0
0
0
0
0
0
0
0
0
0
0
0
0
0
0
0
0
0
0
0
0
0
0
0
0
0
0
0
0
0
0
0
0
0
0
0
0
0
0
0
0
0
0
0
0
0
0
0
0
0
0
0
0
0
0
0
0
0
0
0
0
0
0
0
0
0
0
0
0
0
0
0
0
0
0
0
0
0
0
0
0
0
0
0
0
0
0
0
0
0
0
0
0
0
0
0
0
0
0
0
0
0
0
0
0
0
0
0
0
0
0
0
0
0
0
0
0
0
0
0
0
0
0
0
0
0
0
0
0
0
0
0
0
0
0
0
0
0
0
0
0
0
0
0
0
0
0
0
0
0
0
0
0
0
0
0
0
0
0
0
0
0
0
0
0
0
0
0
0
0
0
0
0
0
0
0
0
0
0
0
0
0
0
0
0
0
0
0
0
0
0
0
0
0
0
0
0
0
0
0
0
0
0
0
0
0
0
0
0
0
0
0
0
0
0
0
0
0
0
0
0
0
0
0
0
0
0
0
0
0
0
0
0
0
0
0
0
0
0
0
0
0
0
0
0
0
0
0
0
0
0
0
0
0
0
0
0
0
0
0
0
0
0
0
0
0
0
0
0
0
0
0
0
0
0
0
0
0
0
0
0
0
0
0
0
0
0
0
0
0
0
0
0
0
0
0
0
0
0
0
0
0
0
0
0
0
0
0
0
0
0
0
0
0
0
0
0
0
0
0
0
0
0
0
0
0
0
0
0
0
0
0
0
0
0
0
0
0
0
0
0
0
0
0
0
0
0
0
0
0
0
0
0
0
0
0
0
0
0
0
0
0
0
0
0
0
0
0
0
0
0
0
0
0
0
0
0
0
0
0
0
0
0
0
0
0
0
0
0
0
0
0
0
0
0
0
0
0
0
0
0
0
0
0
0
0
0
0
0
0
0
0
0
0
0
0
0
0
0
0
0
0
0
0
0
0
0
0
0
0
0
0
0
0
0
0
0
0
0
0
0
0
0
0
0
0
0
0
0
0
0
0
0
0
0
0
0
0
0
0
0
0
0
0
0
0
0
0
0
0
0
0
0
0
0
0
0
0
0
0
0
0
0
0
0
0
0
0
0
0
0
0
0
0
0
0
0
0
0
0
0
0
0
0
0
0
0
0
0
0
0
0
0
0
0
0
0
0
0
0
0
0
0
0
0
0
0
0
0
0
0
0
0
0
0
0
0
0
0
0
0
0
0
0
0
0
0
0
0
0
0
0
0
0
0
0
0
0
0
0
0
0
0
0
0
0
0
0
0
0
0
0
0
0
0
0
0
0
0
0
0
0
0
0
0
0
0
0
0
0
0
0
0
0
0
0
0
0
0
0
0
0
0
0
0
0
0
0
0
0
0
0
0
0
0
0
0
0
0
0
0
0
0
0
0
0
0
0
0
0
0
0
0
0
0
0
0
0
0
0
0
0
0
0
0
0
0
0
0
0
0
0
0
0
0
0
0
0
0
0
0
0
0
0
0
0
0
0
0
0
0
0
0
0
0
0
0
0
0
0
0
0
0
0
0
0
0
0
0
0
0
0
0
0
0
0
0
0
0
0
0
0
0
0
0
0
0
0
0
0
0
0
0
0
0
0
0
0
0
0
0
0
0
0
0
0
0
0
0
0
0
0
0
0
0
0
0
0
0
0
0
0
0
0
0
0
0
0
0
0
0
0
0
0
0
0
0
0
0
0
0
0
0
0
0
0
0
0
0
0
0
0
0
0
0
0
0
0
0
0
0
0
0
0
0
0
0
0
0
0
0
0
0
0
0
0
0
0
0
0
0
0
0
0
0
0
0
0
0
0
0
0
0
0
0
0
0
0
0
0
0
0
0
0
0
0
0
0
0
0
0
0
0
0
0
0
0
0
0
0
0
0
0
0
0
0
0
0
0
0
0
0
0
0
0
0
0
0
0
0
0
0
0
0
0
0
0
0
0
0
0
0
0
0
0
0
0
0
0
0
0
0
0
0
0
0
0
0
0
0
0
0
0
0
0
0
0
0
0
0
0
0
0
0
0
0
0
0
0
0
0
0
0
0
0
0
0
0
0
0
0
0
0
0
0
0
0
0
0
0
0
0
0
0
0
0
0
0
0
0
0
0
0
0
0
0
0
0
0
0
0
0
0
0
0
0
0
0
0
0
0
0
0
0
0
0
0
0
0
0
0
0
0
0
0
0
0
0
0
0
0
0
0
0
0
0
0
0
0
0
0
0
0
0
0
0
0
0
0
0
0
0
0
0
0
0
0
0
0
0
0
0
0
0
0
0
0
0
0
0
0
0
0
0
0
0
0
0
0
0
0
0
0
0
0
0
0
0
0
0
0
0
0
0
0
0
0
0
0
0
0
0
0
0
0
0
0
0
0
0
0
0
0
0
0
0
0
0
0
0
0
0
0
0
0
0
0
0
0
0
0
0
0
0
0
0
0
0
0
0
0
0
0
0
0
0
0
0
0
0
0
0
0
0
0
0
0
0
0
0
0
0
0
0
0
0
0
0
0
0
0
0
0
0
0
0
0
0
0
0
0
0
0
0
0
0
0
0
0
0
0
0
0
0
0
0
0
0
0
0
0
0
0
0
0
0
0
0
0
0
0
0
0
0
0
0
0
0
0
0
0
0
0
0
0
0
0
0
0
0
0
0
0
0
0
0
0
0
0
0
0
0
0
0
0
0
0
0
0
0
0
0
0
0
0
0
0
0
0
0
0
0
0
0
0
0
0
0
0
0
0
0
0
0
0
0
0
0
0
0
0
0
0
0
0
0
0
0
0
0
0
0
0
0
0
0
0
0
0
0
0
0
0
0
0
0
0
0
0
0
0
0
0
0
0
0
0
0
0
0
0
0
0
0
0
0
0
0
0
0
0
0
0
0
0
0
0
0
0
0
0
0
0
0
0
0
0
0
0
0
0
0
SCALARS speed float 1
LOOKUP_TABLE default
4.43298e-17
3.05769e-16
34.3475
2.35743e-05
2.42407e-08
43.5592
23.6533
76.3496
37.6035
15.5201
2.4489e-07
61.9342
58.2332
3.0924e-16
16.8736
9.3538e-18
19.4858
5.54031
84.7436
61.0858
1.39049e-09
22.4842
44.5627
48.1837
28.5164
17.5324
13.6539
33.7399
36.6451
77.2388
36.022
61.5166
32.6023
7.70046e-06
1.2139e-14
54.9039
29.4358
23.4075
18.0465
1.40668e-10
8.36012
9.85231e-07
106.314
3.07919e-15
48.0895
5.33035e-20
2.23365e-07
1.01775e-18
6.80626e-17
6.73829e-05
1.32768e-07
23.8007
70.0406
34.626
3.90054e-15
8.80633e-14
48.185
28.5181
0.228171
15.5522
8.55129e-06
8.92221
0.100684
21.6959
55.4926
14.0954
0.742826
7.27161e-19
1.57044e-19
3.93672e-16
7.26101e-14
43.8936
5.91582e-17
34.2553
32.3631
54.681
13.2682
3.93269e-05
89.2974
1.02836e-05
24.1986
0.0286501
2.15553e-15
8.27181e-16
3.58226e-05
3.0507e-12
66.5082
1.4145e-15
5.65533e-15
48.1837
28.5152
22.7075
67.5495
9.39291e-19
18.9431
8.70015e-10
6.24901e-06
33.5148
20.1712
6.1392e-15
60.875
4.43426e-14
24.6737
3.53419e-17
30.0183
9.7453e-10
49.0009
73.0745
21.4519
41.7488
1.60702e-07
5.18545e-17
34.323
1.79052e-11
33.9493
43.5646
17.7639
18.078
86.7664
5.82265e-16
6.7628e-14
7.52563e-19
8.8309e-16
3.20873e-10
2.92462e-18
54.4994
1.07358e-15
20.1863
0.000867146
2.44784e-14
25.9231
2.96684e-11
1.51248e-18
48.1815
27.9829
20.2516
29.1531
2.93778e-15
19.5693
43.0274
21.8678
65.219
27.5485
20.3726
41.6654
21.1758
27.9285
7.18972
30.3317
1.40857e-07
73.2985
8.74665e-11
70.0638
4.65675e-05
35.4531
34.5769
0.00139193
16.0093
2.16281e-18
31.8764
2.81212e-07
7.36552e-16
41.4494
47.3696
40.3334
52.8439
34.8419
24.581
7.42922
178.142
0.253139
73.0232
18.0129
3.44225e-13
5.14394e-18
35.002
20.3738
41.6879
21.1953
5.36618e-11
10.8034
17.3387
16.4642
71.7669
1.70712e-10
30.017
36.9396
44.4168
29.4367
23.4091
10.2634
9.88726
22.2427
70.1558
3.13035e-18
6.68688e-19
3.12939e-10
14.71
42.5684
35.0431
15.9442
36.3721
2.10787e-08
51.1369
52.1401
28.8346
2.06261e-18
57.8472
3.16842e-05
20.3727
41.6654
21.1761
40.1591
2.63112e-08
28.8973
4.1327e-05
29.2032
10.842
26.9851
4.6849e-18
3.99386e-18
48.8238
28.0556
18.8194
12.9343
35.035
8.96488e-11
37.1215
36.6597
5.50936e-17
78.4703
1.75042e-18
121.41
3.38921e-16
47.8983
45.9799
2.12176e-09
76.0236
66.3421
4.65119e-18
1.68981e-10
4.15669e-06
23.7987
1.22643e-16
118.532
3.21396e-16
32.0748
3.82923e-18
6.41319e-12
51.2504
1.26342e-11
4.75291e-16
0.0234515
0.00236669
5.38362e-11
8.65585e-17
3.05357e-16
25.6217
4.46685e-07
8.80525e-08
29.1394
16.8191
1.66117e-08
31.5093
38.8474
32.8008
0.00139338
68.1659
1.18579e-17
54.3581
91.2852
63.2219
15.5896
45.7023
54.4803
15.8452
194.637
4.04554e-16
1.86887e-17
1.56412e-18
3.32151e-14
45.4497
9.84001e-12
8.47044e-17
33.4175
1.23133e-14
40.4515
77.4578
27.0768
1.7255e-07
3.73396e-13
32.5019
40.4692
7.1945e-10
61.582
5.92785e-13
43.095
43.5784
32.1046
0.00139382
32.2698
1.33797e-05
36.7609
9.47638e-06
13.3947
8.12392
33.1814
15.1398
3.62483e-13
80.6738
89.8373
21.7147
2.38129e-08
23.3838
3.56042e-16
3.88947
11.6821
47.9705
6.64358e-14
23.5084
135.864
1.26663e-15
3.95175e-19
6.70999e-16
27.9904
73.0861
1.05867e-11
69.5513
42.8002
46.0762
42.0418
32.9958
0.00139332
314.443
97.2421
33.3223
21.4138
3.05664e-16
1.94301e-13
6.20131e-12
39.0491
3.03595e-10
2.23603e-06
6.19012e-18
112.915
36.7577
4.84955e-05
103.111
1.8224e-08
4.09569e-16
41.3131
0.247142
4.25556e-14
31.2239
32.6517
0.00651734
4.01393e-14
2.87756e-08
71.3155
12.6659
2.88392e-08
88.574
27.1828
2.21182e-14
5.30779e-09
31.239
3.91019e-09
1.67106e-07
7.01072e-19
6.60667e-09
4.39373e-16
2.88498e-05
3.07868e-18
69.2491
4.24853e-15
4.94708e-18
54.2903
38.6294
0.0134326
45.5553
5.80331e-18
24.322
32.1745
14.5858
1.0745e-17
1.14169e-16
34.283
29.2861
6.89296
1.19833e-12
43.8418
50.4357
28.6691
28.6268
77.6978
23.7947
2.03988e-10
1.38729e-13
30.0152
8.88135e-11
2.28799e-11
117.443
5.09485e-18
7.62435e-07
1.08784e-16
2.80385e-14
39.5867
8.68046e-11
43.9805
45.9104
4.55098e-07
1.03102e-17
1.18661e-09
9.42389e-14
8.89454e-17
40.7395
48.5447
8.90563
40.9398
32.6606
25.4814
0.00652875
9.44585
1.82695e-11
2.09429e-16
39.054
48.8094
59.1484
1.88484e-13
1.08631e-05
2.82711e-19
2.75472e-17
194.792
6.94193e-17
103.061
1.39853e-14
59.3446
42.3359
174.406
7.52115e-16
1.42505e-12
72.0311
31.6279
47.3778
2.5829e-07
5.37705e-07
3.20997e-18
0.00118714
1.13605e-12
25.7337
8.07038e-16
1.63932e-06
34.1416
29.5096
3.82708e-06
40.7838
50.733
32.5829
1.03008e-13
22.7193
2.22969e-16
7.4627e-09
1.50527e-16
1.20162e-17
105.223
0.23314
17.412
28.2624
1.0632e-14
1.63169e-15
75.072
46.9492
28.1035
2.4977e-06
3.91202e-05
41.4122
7.21578e-17
0.000133178
20.1503
26.7729
2.34117e-18
24.1045
1.80583e-15
47.5918
7.56353e-19
1.39929e-15
4.02095e-09
2.94365e-17
6.40757
29.1345
87.9562
18.9286
14.2599
2.4421e-12
18.7033
2.78422e-14
48.4096
28.1704
4.86466e-13
2.92592e-10
3.91379e-10
75.7178
62.2283
23.5659
2.39932e-11
5.7277e-14
20.3734
41.768
21.2654
3.07203e-13
18.6237
3.72693
5.00046
39.6339
1.81225e-17
11.0244
4.80071e-16
43.7567
31.6071
0.000906813
6.96422e-09
7.03296
2.26421e-11
4.28827e-13
32.395
24.7291
10.7529
5.47779e-06
28.8424
32.3266
24.5646
0.414198
33.4112
5.99267e-17
24.4247
3.6747e-05
55.3952
55.6215
1.6028e-10
20.3793
41.7871
21.2823
29.9903
14.2225
32.7165
8.79124
13.1031
28.7409
63.1646
14.1903
2.69434e-05
30.0925
23.1696
24.7683
1.0738e-17
8.43531e-13
2.14757e-14
13.7402
7.78872e-15
37.1066
5.05326
43.3034
32.6527
16.3463
6.45614e-05
19.2426
1.69194e-18
0.147776
1.46286e-12
106.167
29.4638
5.83495e-15
20.3737
41.768
21.2657
21.457
9.09667
8.69905e-16
32.968
45.3027
1.24302e-06
13.5705
31.6216
3.41585e-18
49.058
28.1687
4.64664e-15
4.45809e-09
14.834
70.7398
5.63754e-16
2.19172e-12
7.04783
34.7979
1.6006e-16
2.07549e-17
26.8895
54.6821
1.64553e-13
39.5535
2.76493e-15
55.8051
39.8998
1.81063e-06
9.03408e-12
52.1011
7.99651e-20
7.62305e-14
1.95409e-10
7.17775e-14
2.86835e-15
41.9957
31.9748
94.032
5.60301e-13
62.3015
2.44412e-18
2.56263e-17
4.3523e-18
2.76967e-19
0.000251138
3.28402e-16
3.66683e-11
21.7394
8.21122
35.7108
3.78253e-11
44.5777
32.2422
0.00139401
1.25068e-14
1.11108e-15
35.9635
20.7375
28.4396
24.3242
1.30343e-15
3.97687e-18
49.5019
3.84383e-19
2.10151e-16
85.1906
8.98106e-11
50.0277
88.4619
2.55826e-05
6.24502e-07
1.67401e-16
1.28601e-14
6.04283e-17
79.9568
27.2382
8.69211e-18
1.36932e-14
47.4129
46.6881
28.2856
3.36693e-14
4.04382e-06
25.2904
5.43126e-07
31.5786
0.000906748
7.14916e-14
32.515
109.041
17.5902
27.1247
12.3368
35.3026
34.3179
2.79627e-17
73.3356
89.287
57.0035
4.6084
32.9731
6.51422e-14
9.766
3.54786e-05
8.32166e-13
44.4178
1.05671e-16
79.8595
8.26708e-16
4.11623e-18
5.26403e-19
24.6785
69.9263
3.52314e-14
38.344
5.05673e-09
5.84765e-15
85.7486
32.4235
0.00139386
6.07763e-09
67.6132
39.8565
4.68785
5.47947e-08
35.2372
23.8677
25.5563
4.31183e-05
2.64389e-05
9.21295e-17
39.0182
0.00335925
57.4934
0.00244974
5.4383e-11
24.4948
38.4751
26.6683
4.69585e-14
1.05634e-17
20.2926
4.34202e-07
6.01628e-08
3.37916e-16
39.5408
26.9283
13.2463
4.63794e-10
1.1365e-18
4.98862e-08
31.3597
29.005
3.06823e-14
3.69047e-13
94.9168
5.59026e-17
13.146
8.85243e-07
28.2053
27.0204
48.0801
4.9403e-18
51.0134
38.919
31.6111
2.94426e-17
36.0305
8.97031e-13
1.3556e-11
34.0662
49.0484
4.78973e-17
32.9093
27.2289
6.56417
3.66437e-12
5.72322
33.5652
8.85339
2.69763e-14
16.079
78.9844
5.67885e-11
3.80536e-09
3.00848
6.0042e-19
7.76454e-14
8.02563e-15
6.85736
1.51675e-16
9.64751e-19
2.73672e-17
1.39793e-17
1.16512e-11
44.2914
23.8658
7.47352e-18
1.25867e-11
81.4064
76.2245
56.1756
21.9872
31.2493
2.46811e-18
1.08067e-07
32.627
19.2098
8.14354
6.06854
4.45967e-15
17.0115
21.0222
3.03527e-14
22.1281
19.4547
2.11832e-09
2.90506e-14
28.9219
52.2701
6.71671e-14
30.6294
8.30977e-13
36.3534
1.83851e-12
102.984
7.05834e-14
26.7285
75.2895
1.31089e-15
97.3258
1.14224e-18
68.7289
27.9811
3.08673e-05
19.9729
99.2895
35.1198
4.08802e-05
33.6985
25.3751
0.0827123
40.0421
28.8582
19.6799
26.3523
1.58434e-09
0.000211718
1.73902e-06
2.12133e-10
1.84641e-17
9.60555e-19
3.16762e-07
80.6173
2.76977e-15
54.4448
64.9994
63.9858
7.09217e-17
35.7312
7.7625e-07
54.1815
6.77661e-12
7.96253e-07
2.47823e-05
17.1212
5.80847e-10
2.27601e-18
5.80264e-18
1.55642e-16
5.73719e-07
4.41145e-19
1.1972e-15
1.48637e-08
3.28169e-17
6.15263
4.19201e-18
54.9262
37.9971
2.7548e-10
40.6515
6.57567
2.70791e-16
48.4102
28.1703
118.941
199.57
8.39636e-11
2.32854e-05
7.09755e-13
24.6842
39.0381
7.08254e-05
20.3738
41.7688
21.2658
38.1414
19.5667
2.03446e-08
38.6729
84.0511
27.0796
10.7407
28.5587
43.5926
31.6022
0.000906839
16.3013
0.000387426
3.30926e-18
8.39516
16.0624
52.3365
122.727
6.91571e-15
29.4273
32.3208
24.5644
49.6849
5.22184e-07
1.71393e-17
42.1027
48.9863
3.30665e-17
42.4074
30.9475
20.3801
41.788
21.2831
18.5389
4.45332e-07
69.2301
3.87641
14.18
2.55038e-12
40.729
20.0848
1.21639e-05
30.0861
23.1995
0.00185879
34.499
6.3268e-19
3.43448e-17
46.2844
1.31246e-16
73.7978
57.6452
43.2545
32.6499
16.3508
8.58172e-07
17.1957
29.4436
27.7886
3.06972e-18
43.5618
26.0517
2.07839e-06
20.3741
41.7689
21.266
9.4626
3.45743e-14
23.9109
41.7528
57.9583
22.2482
34.741
15.5732
1.83027e-07
49.0586
28.1701
5.02223e-15
23.3974
2.27997e-18
3.38413e-05
13.6176
6.15332e-08
12.7629
4.71178e-15
8.63756e-17
74.4234
34.002
80.8157
2.09318e-15
24.711
53.4253
54.6703
4.17796e-10
6.36701e-18
4.40157e-17
9.63192e-06
3.01692e-16
5.05422e-16
1.97709e-15
1.57533e-15
8.77863e-18
32.8143
5.25596
12.7839
16.1262
8.31337
1.08619e-15
3.07068e-17
2.17776e-16
1.21122e-18
9.92595e-18
35.1277
2.05827e-16
32.5877
8.57141
2.30052e-12
0.180203
2.84473e-07
32.2426
0.00139401
3.79356e-17
4.47383e-07
7.63003e-14
29.7538
28.4684
31.2426
55.7431
3.63779e-10
1.96909e-05
3.05092e-14
1.52414e-18
43.0683
41.292
5.80922e-05
2.84177e-10
60.081
2.55317e-05
4.37051e-17
1.32237e-14
1.05403e-05
82.1615
27.2358
59.3946
5.55197e-19
53.5823
39.689
8.40583e-11
34.3246
41.4654
60.8212
2.07881e-14
31.5809
0.000906762
5.83009e-14
33.394
1.30014e-12
3.02163e-08
16.8134
1.40906e-12
2.80026e-09
6.95814e-14
80.5434
88.9186
89.2889
53.6573
10.1206
19.3903
17.4781
1.97811e-09
27.0824
1.71896e-07
2.39643e-09
1.32109e-09
78.1012
2.70873e-14
2.95015e-16
1.14962e-16
56.799
47.2565
41.9592
9.68455e-10
1.38924e-15
19.0117
4.62699e-07
32.4235
0.000906308
43.1724
19.9715
35.1737
1.96886e-18
50.3092
1.61822e-14
41.6358
4.96003e-18
5.63857e-05
4.12949e-05
9.19566e-17
39.0612
2.2864e-12
16.551
8.92973e-11
13.1592
2.10857e-16
2.30065e-07
1.70559e-05
114.062
6.72963e-17
56.222
3.56404e-15
18.3158
67.3002
16.9929
17.8882
26.5349
8.64738e-18
40.346
5.11429e-17
32.6454
75.1167
6.65654e-14
29.6865
8.39597e-19
1.11331e-09
2.81886e-06
8.68558e-12
15.491
4.49335
5.58502e-06
4.94025e-18
50.7045
38.2656
25.5522
40.3956
67.4616
24.174
31.853
33.357
8.33999e-14
1.44486e-18
32.9085
0.000906262
56.4167
6.62263e-05
22.6208
35.9342
26.3697
5.29973e-18
40.9588
25.6361
4.21375e-12
83.4609
24.6338
5.40966e-19
3.07903e-06
51.6659
2.5564e-05
87.3918
13.2203
67.3727
2.98521e-11
1.38146e-08
44.2752
25.7368
83.9447
4.37114e-06
65.9445
26.1593
31.0097
0.000101055
1.74326e-11
2.33396e-16
1.45261e-09
32.6274
0.000906664
2.21074e-12
32.4733
2.88888e-15
1.12882e-11
22.3826
3.50681e-08
2.53385e-13
1.97054e-14
1.01817e-17
5.10103e-10
26.3455
30.8465
9.88009
34.8126
9.00999e-18
3.19922e-05
21.1557
2.84206e-18
4.96549e-16
4.33267e-16
75.5296
1.93561e-15
67.5997
26.5909
51.0361
1.68629e-17
1.29364e-05
5.06719e-05
19.1906
19.7138
2.52309e-13
33.6977
0.000906268
7.8278
40.0477
5.97767e-18
1.41861e-16
3.11712e-18
37.0218
1.70304e-11
11.2877
25.2473
1.8464e-17
2.75992e-18
1.78693e-17
24.9361
5.35117
72.5117
9.88357e-17
22.5833
31.2375
44.7242
1.2522e-15
1.19458e-15
36.4636
31.9719
1.58483e-06
55.6318
50.3541
6.01087e-05
7.31348e-09
4.6836e-14
22.5898
2.52715e-18
3.26279e-18
9.65242e-09
1.78973e-17
6.0912
1.05845e-10
2.78338e-14
37.6697
10.1997
32.5756
0.0191525
7.81444e-12
48.4102
28.1704
2.33502e-15
38.0265
0.00133608
57.9401
19.4032
10.4595
27.1463
29.9507
20.3739
41.7688
21.2662
14.7418
25.8439
12.6752
5.44614
23.8036
21.8767
12.1829
7.569e-07
43.6037
31.6032
0.000906874
13.0278
0.000250826
6.09984e-17
5.57007e-08
1.87037e-13
13.2232
1.47395e-15
5.82087e-08
5.33885e-12
32.3206
24.5642
8.35095e-07
12.0883
108.596
1.4579e-15
57.4525
1.83389e-16
69.2945
5.8039
20.3798
41.7882
21.2828
41.1451
13.9912
6.62311e-15
3.96805
13.8186
72.1126
38.9541
11.5191
1.10832e-06
30.0857
23.1995
23.3443
21.5941
9.10668e-15
8.81763e-17
62.7443
4.24722e-05
5.88741e-10
16.7079
43.5055
32.6514
16.3518
4.51754e-14
19.7121
50.5911
2.6097e-10
3.63169e-17
1.25179e-12
16.4341
44.2692
20.3738
41.7693
21.2658
10.8984
2.90808e-14
63.4878
74.6798
1.05888e-15
2.68452e-11
18.4518
2.12908e-12
2.69937e-14
49.059
28.1707
4.99357e-15
1.14368e-14
19.3563
36.0648
7.0345e-11
1.61406e-06
2.06889e-17
27.0383
9.89253e-18
3.92996e-19
8.63288e-17
44.9594
4.40865e-12
6.51241e-16
62.6107
29.571
59.8603
2.60594e-05
71.6091
3.12557e-10
53.3181
12.2191
65.1633
81.4731
63.9008
94.0579
35.5932
16.4595
3.07686
0.000150381
1.08392e-15
2.59633e-17
4.28601e-18
13.3503
5.48293e-16
3.26492e-09
5.05173e-07
33.0092
9.89533
5.03352e-05
46.5229
49.5035
32.2412
0.000906374
17.128
4.87631e-17
18.4337
28.6031
54.0776
17.8913
6.44678e-13
8.90775e-10
9.03921e-18
9.31757e-13
1.13842e-19
55.0642
45.8971
3.59629e-16
116.521
3.28838e-05
3.48732e-08
67.0446
4.40462e-14
39.4932
82.0871
26.6643
60.148
7.21388e-06
56.7355
44.9776
38.1941
8.09842e-18
70.4339
14.5723
46.0513
31.5756
0.000906677
42.9227
39.9632
58.8691
26.6327
27.034
2.49412e-14
3.87376e-17
94.326
23.1244
7.15951e-09
6.87563e-11
52.7126
76.3426
16.5051
24.1885
80.3145
11.6119
1.7093e-18
102.685
76.0862
84.6168
44.9635
1.13834e-18
2.17909e-16
31.3709
21.0439
56.5733
84.103
55.4187
56.4796
1.17432e-10
32.4222
0.000906259
1.73456e-07
39.6353
6.026
2.3043e-05
89.7693
40.9516
51.7081
112.883
2.8385e-12
6.20562e-06
1.43479e-16
39.0484
7.82073
60.8953
43.1876
1.6339e-17
53.0213
12.9604
41.0451
1.48588e-15
3.06385e-17
44.5592
5.91689e-05
5.48069e-16
2.30366e-11
1.30174e-15
5.58792
1.03463e-13
24.077
159.199
7.57969e-09
46.3595
20.4162
5.53635e-14
75.1686
2.41299e-16
28.4848
34.5195
23.8987
1.87993e-15
25.5557
7.32288e-05
4.94018e-18
50.7069
38.9359
30.4123
17.2122
1.24357e-18
3.41675e-16
0.00546848
50.9443
3.16703e-08
42.5033
32.9101
0.000906312
63.4379
1.07042e-13
9.88731e-18
39.3336
8.23635e-10
30.9788
102.509
14.0156
6.54393e-13
83.51
27.7516
2.81541e-17
8.57107e-15
55.5648
2.73128e-11
3.83763e-17
2.56147
3.31992e-18
1.71802e-09
3.96419e-10
42.0326
25.8925
44.8054
1.32253e-12
85.9758
1.32439e-17
84.7652
35.6189
44.7436
32.9864
2.14457e-16
32.6326
28.9639
0.000409142
6.98975e-12
1.20224e-15
1.35078e-18
22.5958
21.1357
40.9852
41.7172
3.29543e-09
3.52209e-13
26.3011
3.47463e-17
12.3881
1.03693e-13
27.4395
25.999
4.56866e-11
102.832
15.3148
2.78638e-11
75.7178
1.93692e-15
59.9184
50.3716
18.7492
1.24698e-15
5.61187e-12
4.68401e-15
46.195
5.62378e-05
1.44481e-05
33.6991
0.000906317
15.0997
40.08
4.91061e-14
0.014742
75.4369
22.906
14.7089
53.4342
45.4405
1.84638e-17
3.53245e-19
36.7861
16.9631
1.13081e-06
71.5831
14.0459
20.4829
22.1604
27.021
39.7736
54.3752
9.99196
9.33255e-12
30.177
0.000161845
97.2014
16.763
4.42354e-11
1.40082e-10
5.30978e-12
1.04941e-17
9.88523e-19
9.65001e-09
2.12595e-18
6.09613
2.08442e-13
41.1297
39.2861
7.05643
29.7844
9.46355
1.60678e-05
48.4102
28.1702
37.5957
1.41747e-15
1.09827e-06
61.2262
2.43644e-08
8.04346e-09
41.957
15.6457
20.374
41.7688
21.2664
4.68255
9.88464
39.5484
5.22031
15.7635
54.4354
19.8378
21.7836
43.6459
31.6009
0.000906874
5.27061e-16
6.94425e-05
0.000429229
30.5018
29.8412
0.00884197
10.7747
8.92769e-09
6.51324e-13
32.3203
24.5646
22.5903
22.9448
108.25
24.6241
26.7928
9.13114
53.1123
29.1873
20.3798
41.788
21.2829
7.33406e-08
9.5199
5.34094e-17
3.70463
14.3742
2.98401e-06
46.7488
12.6857
3.66071e-17
30.085
23.1995
2.00012e-10
2.58686e-05
6.51807e-18
53.2569
1.61585e-14
1.08994e-10
12.0366
63.4783
2.22484e-12
32.6485
16.3619
3.01738e-07
1.03422e-09
1.2809e-16
41.0766
25.7869
1.35308e-14
18.7464
20.6682
20.374
41.7691
21.266
37.2998
105.507
39.7143
1.37754
18.3304
38.209
0.000269855
83.5021
0.0152879
49.0589
28.1705
4.59315e-15
4.34158e-15
19.3791
5.40278
24.0695
3.22053e-15
47.6602
3.37404e-09
1.7054e-18
2.78035e-19
23.9102
2.93274e-17
4.30495e-12
77.3396
3.40549e-15
35.4429
9.09159
22.8383
128.393
1.34679e-17
44.0354
32.579
4.92958e-17
1.40479e-18
3.67583e-16
1.73002e-13
55.2772
7.05721
13.6272
91.8178
1.07668e-15
1.09474e-17
4.44711e-18
1.67742e-19
1.7762e-18
20.8024
0.0285204
1.2511e-18
2.03838e-08
1.31875e-14
3.30539e-07
105.894
32.2476
23.403
13.9993
40.0725
73.7923
85.477
59.5276
38.7072
22.6281
1.67535e-13
9.30244e-15
66.3496
1.76277e-10
73.2433
5.147e-05
118.252
50.2385
3.66886e-07
5.48614e-13
56.6551
101.603
4.87922e-16
83.2836
25.6964
40.5015
3.28193e-14
28.7687
1.57302e-18
4.10358e-07
2.51988e-06
8.97754e-14
38.8716
48.1865
31.5803
19.5325
38.2025
1.82301e-13
7.35729e-12
3.7671e-11
24.0613
88.1556
50.8116
19.7847
57.8321
4.09866e-09
4.1228e-12
56.4735
20.1892
23.9802
2.09456e-13
31.8825
65.8159
3.21084e-09
8.41124e-18
64.3945
188.76
8.23752e-16
96.5258
4.87606e-10
3.16986e-18
2.79328e-16
61.6428
14.3568
71.0333
15.2104
5.67208e-17
32.429
26.2571
53.788
8.7164e-07
32.9859
53.6848
62.656
1.02021e-16
26.4675
7.3983e-09
58.6107
3.48104e-11
49.9354
39.197
37.0004
16.2442
1.1129e-14
30.0423
21.4188
73.9838
2.36697e-12
25.8912
5.51755e-18
7.50003e-10
5.09957e-08
24.0806
5.14484
1.84398e-15
44.7287
3.03859e-17
3.90735e-12
34.2667
2.95551e-15
4.47162e-09
2.98969e-10
41.66
38.8688
3.50945e-18
8.47827e-19
8.38895e-18
4.41102e-18
18.4513
2.92277e-14
3.07969e-08
4.92506e-18
50.7192
38.8867
45.2801
18.5051
41.9779
42.8734
49.0937
73.3765
24.4027
6.11636e-13
32.9102
0.00139391
5.90943e-10
1.64722e-05
8.04141e-11
26.5662
39.2762
49.826
7.21501e-07
1.12419e-05
1.25565e-17
83.5262
28.0353
1.16026e-13
48.547
4.62499e-09
5.98148
13.8058
59.0162
1.05075e-08
44.3161
2.45636e-16
49.1105
25.8903
6.38562e-14
23.7223
97.3378
9.36894e-17
2.03202e-16
27.6433
42.7622
2.62237e-07
49.5244
32.6317
0.00090671
3.03393e-12
54.539
3.33155e-17
25.8322
20.5224
44.7833
4.0597e-17
17.8405
5.30144e-05
2.0543e-14
26.2988
66.8182
27.3105
9.70283
3.30313e-07
2.45412e-13
49.1817
18.8549
17.6042
26.3714
72.1755
28.4089
3.94845e-14
2.30459
88.299
95.9987
0.0258168
7.89839e-17
34.5176
3.42281e-07
60.2977
33.6998
0.00139388
45.9232
40.8886
18.613
2.16159e-17
2.35922e-13
19.2008
5.96177e-08
23.3308
3.75048e-09
1.19799e-17
2.67083e-17
36.8683
13.2382
4.58509e-11
1.0617e-13
3.96883e-05
1.10174e-16
2.0947e-17
27.4547
0.265521
54.9289
27.2888
49.6709
38.6451
42.4944
87.3919
50.9467
6.14661e-15
24.9351
74.1338
8.10954e-18
5.65457e-19
9.64666e-09
1.17155e-13
5.96975
2.5782e-18
4.27907e-05
8.15061e-16
51.8962
29.0128
61.6272
8.92535e-15
48.4096
28.1688
1.03055e-14
2.44615e-15
3.07014e-14
64.4952
13.441
78.8299
67.3994
8.90844
20.3733
41.768
21.2652
8.88596
14.6997
11.9297
4.10738
10.9223
1.52317e-13
40.3121
74.6231
43.8251
31.6067
30.3739
9.91708
4.60128
4.30726e-16
16.4871
37.1427
35.1834
21.2945
49.8066
2.66817e-12
32.3263
24.5705
2.58151e-06
1.34815e-14
46.5288
6.13122e-18
16.4579
127.171
2.55663e-15
8.9758e-18
20.379
41.7871
21.2819
13.1527
11.9527
12.8689
5.79621
11.8089
18.7303
32.2823
37.5653
1.90774e-12
30.0916
23.1974
6.3396
16.7248
21.6996
3.74242e-14
51.6894
1.31631e-15
17.2528
70.8443
40.9503
32.6523
16.2018
2.58017e-07
1.49015e-16
30.2257
5.03553
23.4438
14.9609
11.9177
22.7386
20.3733
41.7682
21.2652
1.51975e-08
2.5846e-14
4.03051e-13
14.6949
29.942
68.1217
35.1426
6.03854e-18
26.6949
49.058
28.1698
4.57016e-15
1.41849e-13
24.833
1.55161e-07
6.48018e-18
13.2331
319.23
42.0577
3.2426e-19
7.4681e-18
8.50613e-17
2.60027e-16
6.65307e-13
30.5047
1.83942e-16
44.0138
32.7272
4.50039e-11
1.51959e-14
1.66337e-07
48.1304
28.7604
3.44549e-13
4.80651e-16
8.31617e-13
115.062
31.511
28.6505
1.92984e-16
1.34888e-12
6.94526e-16
1.09923e-17
2.96482e-17
2.27195e-16
31.9904
2.67211e-11
4.3166e-19
45.17
50.1178
6.80625e-18
11.1
36.5127
43.1381
29.5187
21.8937
7.49749e-05
73.729
5.24986e-17
64.1599
13.1439
51.7068
6.37828
6.95042e-13
86.3188
78.7787
52.6594
2.79786e-05
35.2652
28.4906
3.25556e-05
2.03522e-18
1.29431e-17
0.000166198
3.38566e-12
3.40596e-18
71.7544
2.66461e-16
1.80476e-13
9.21971
17.1887
5.47457e-17
4.97463e-17
39.6703
2.27177e-18
7.31516e-16
38.5268
25.8066
35.7831
40.8287
5.62008e-07
3.45234e-15
2.31395e-12
32.8938
43.3535
87.652
28.8608
75.3889
72.4461
49.324
5.24844e-17
29.3872
52.5076
55.5032
6.8366e-08
4.9722e-08
56.5511
5.73075e-11
78.6677
38.5938
163
3.63532e-13
18.3891
79.1671
54.5338
31.8513
6.70308e-13
9.12815e-12
2.55878e-13
43.0214
29.298
160.887
1.78665e-17
2.04099e-17
1.47388e-09
3.24266e-12
29.8308
24.4921
60.0045
4.37568e-10
3.99991e-17
1.60799e-17
29.9357
1.97641e-09
32.162
40.4304
3.30759e-15
75.769
5.37712
3.61979e-16
0.000103801
4.8291e-12
35.1612
2.41777e-07
2.23712e-07
14.112
1.48756e-16
30.3376
45.9823
9.19828
53.3538
1.10715e-15
6.99958e-08
2.53432e-14
5.23764e-07
1.56965e-15
0.00233815
4.37024e-13
9.13985e-11
5.82047e-12
31.3999
26.9134
4.41329e-15
43.2159
46.0466
20.7749
19.6102
6.3387e-09
105.12
3.3883e-11
38.099
51.1209
42.5185
42.8868
33.4128
0.00139331
30.4019
1.96882e-07
1.60231e-05
3.68442e-18
23.7398
44.1375
10.3598
84.2606
9.18865e-10
237.58
2.24498e-10
5.61821e-19
3.56641e-19
2.29907e-15
23.4228
174.852
4.49236e-07
2.38373e-15
24.7549
39.6095
95.9286
27.1234
3.24952e-09
53.6415
4.12888e-17
87.755
8.93174e-17
1.37793e-06
22.4214
41.3764
43.481
33.0976
0.00139372
1.20274e-05
24.8253
0.00297666
4.98106e-12
1.35996e-10
2.14283e-14
0.0358065
40.6967
23.6115
71.5538
28.2014
1.38629e-11
17.3059
27.458
3.77417e-14
62.0189
38.8812
48.3414
144.327
1.33298e-09
50.8765
16.5954
67.9643
36.2688
5.66023e-14
6.40442
5.66426e-15
4.55016e-16
63.5116
8.36428e-17
2.56158e-10
34.2049
0.00139324
26.8769
39.5549
65.7942
29.0604
29.5117
3.38732e-14
21.1419
88.1686
3.42096e-05
0.000143342
60.4813
0.00484111
8.58893e-14
3.54633e-18
8.76495e-18
1.95681e-07
7.86206e-15
24.0465
13.1047
84.7792
55.6386
5.25956e-18
3.01625e-11
2.45357e-08
37.0753
59.5117
6.2972e-08
1.03575e-08
1.42865e-12
32.7647
9.58414e-19
7.63631e-09
1.48784e-08
5.44297e-07
50.489
1.26343e-10
16.0684
2.73848e-16
7.18309e-18
5.42359
0.0153956
5.30864e-11
48.1812
28.0558
1.33618e-14
1.11492e-16
7.40487e-18
3.47076e-13
7.87862e-12
23.7472
1.37423e-15
2.61095e-10
20.3724
41.6654
21.1754
23.1037
0.00136201
30.9445
4.49727e-14
3.81259e-05
1.30778e-17
16.895
1.7423e-13
8.34701e-15
34.8142
0.00139194
1.60188e-13
52.0406
14.8857
7.57566
3.98324e-15
33.1519
8.96249
0.12096
2.36401e-14
35.4803
23.517
10.22
39.5656
17.0711
2.66341e-08
14.9261
4.64875e-17
8.92427e-13
1.36349e-17
20.3738
41.6879
21.1951
22.2619
4.22824e-13
13.5267
59.211
36.1572
58.4968
32.2605
11.805
6.58527e-19
30.3409
22.8362
8.36603e-07
27.2891
3.38174e-15
3.09448e-09
37.7028
4.7347e-14
9.30389e-11
5.12251e-09
8.39263e-09
35.8419
16.5337
22.4298
8.07648e-17
32.9453
8.18832e-11
8.95977e-16
1.42147e-16
43.4488
8.14602e-11
20.3727
41.6656
21.1758
17.57
1.99151e-12
21.6495
1.21304e-12
15.7752
8.57734
21.6209
8.62374e-10
3.25286e-11
48.8237
27.9825
1.92636e-09
14.6686
2.49985e-17
8.60776e-15
24.3027
31.8846
22.5686
5.00822e-06
5.60205e-19
68.1296
3.22197e-16
47.9789
35.7554
9.15652e-13
1.21862e-11
62.2328
54.8005
12.1612
1.02705e-08
4.52661e-10
65.4087
34.3242
2.93484e-19
18.4255
3.95323e-14
46.1196
1.6403e-14
2.53744e-14
8.83817e-14
1.59205e-10
1.48192e-13
73.3536
1.76672
9.48965e-17
3.65712e-17
42.4072
44.5618
18.3055
59.4615
2.74865e-08
41.691
35.3141
48.8252
28.5146
5.78192e-10
20.665
39.7056
42.5692
26.5127
9.33405
6.42271e-05
29.0915
8.77905e-12
7.48074e-20
60.419
45.3574
4.763e-09
32.0913
34.8257
57.7578
20.637
1.21708e-07
2.31989e-06
37
7.09732e-17
99.9823
0.000840009
5.76235e-07
9.80763e-18
55.3375
19.9708
1.71219e-08
6.56747e-08
6.11966e-13
4.94983e-17
48.8266
28.5178
1.29366e-13
3.15191e-14
3.15084e-18
19.2796
57.2715
17.4084
5.75277e-16
59.6442
26.3865
3.99394e-17
60.5392
44.7571
6.74771e-17
2.09701e-12
32.2048
29.3643
27.8068
70.5554
37.5649
4.89573e-10
1.69937e-13
7.33112e-16
33.4219
5.06607e-14
2.95155e-07
1.51811e-12
46.0343
44.0707
19.9251
51.469
8.54406
48.8252
28.5165
8.83089e-10
41.2031
42.0193
5.84384e-12
3.27616e-15
3.62903e-12
2.47379e-12
1.86626e-14
2.51947e-09
2.04844e-17
1.21792e-17
45.0894
4.08157e-14
2.77168e-15
3.38607e-19
33.0675
21.4936
59.9208
10.249
1.1476e-11
7.28954e-15
34.3496
31.3499
4.03179e-17
11.1069
7.56524e-12
5.28794e-16
6.25001e-15
7.73984e-13
9.90938e-17
VECTORS velocity float
-4.42522e-17 -2.6218e-18 0
1.67458e-16 -2.55836e-16 0
-25.0109 22.5181 6.86593
-3.17445e-06 2.33596e-05 0
-2.34053e-08 -6.30905e-09 0
-7.59849 -24.7949 34.9983
17.3295 16.0297 1.48858
56.8516 -50.8534 3.32909
4.23375 -37.2462 -2.96997
2.97592 0.735316 15.2143
-1.11521e-07 -2.18023e-07 0
-0.784552 -61.928 -0.392149
-12.2228 -28.9762 49.0111
-9.76351e-18 -3.09086e-16 0
14.6876 6.81934 -4.74217
-6.43132e-18 -6.79204e-18 0
11.4627 15.2633 -3.91585
-1.38035 5.3656 0
-37.3452 -44.7513 61.5153
26.2223 -14.8956 53.1223
1.37019e-09 -2.36688e-10 0
18.8605 -8.97546 8.32232
2.6885 44.4804 -0.321676
-27.6518 -8.38701e-06 39.4594
-28.0847 -0.00405137 4.94336
8.58684 15.2851 -0.128361
11.9872 -6.53717 0
-29.8857 -15.3896 2.896
-30.9665 -16.9661 9.8025
-39.2826 33.2465 57.5968
0.332661 27.3171 23.4788
-50.7645 23.0646 25.9862
-25.6221 -19.9412 2.96114
-1.09774e-06 7.62181e-06 0
-8.72964e-15 -8.4349e-15 0
7.14048 -54.1647 -5.44412
24.2168 4.20282 16.1973
10.1705 13.4416 16.2418
17.8443 -1.77812 -2.02368
1.63568e-11 1.39714e-10 0
7.66868 2.4893 2.21051
-1.51115e-07 9.73573e-07 0
18.3719 41.6759 96.0641
-2.71991e-15 -1.44345e-15 0
-46.5038 -4.20871 11.5014
-3.98961e-20 3.53492e-20 0
1.1777e-07 1.89795e-07 0
-3.58226e-19 -9.52623e-19 0
-4.04753e-17 -5.47199e-17 0
-3.53066e-05 -5.73924e-05 0
-1.31762e-07 -1.63141e-08 0
18.3553 2.84876 14.881
64.3785 -27.4886 2.33776
-24.872 -22.3055 9.09997
-2.52509e-15 -2.9729e-15 0
-7.47073e-14 -4.66259e-14 0
-27.6223 4.30662e-06 39.4816
-28.0854 -0.00203377 4.94893
-0.110003 -0.199904 0
-10.6086 9.23248 6.63993
8.02677e-06 -2.94881e-06 0
7.13722 -1.19498 -5.219
0.0419594 -0.0915241 0
9.68625 -18.5018 5.88005
26.0733 -17.1135 45.8993
0.889856 0.585363 14.0551
-0.684847 0.287707 0
-4.10399e-20 -7.26002e-19 0
-1.2376e-19 -9.66768e-20 0
-2.07358e-16 3.34635e-16 0
7.24047e-15 7.22482e-14 0
26.9905 30.7408 15.9112
-5.53111e-17 2.09853e-17 0
6.5924 33.4162 -3.65088
32.2721 2.41577 0.224337
-53.6493 -3.34005 10.0305
2.664 -9.25206 9.12953
-5.29103e-06 3.89694e-05 0
-12.9634 86.1271 19.7002
-1.38305e-06 1.01902e-05 0
23.5536 4.71861 -2.92162
-0.0238178 0.015923 0
5.66186e-16 -2.07984e-15 0
-2.44269e-16 -7.90292e-16 0
-4.53353e-06 3.55345e-05 0
5.34313e-13 -3.00355e-12 0
14.8458 -64.2994 8.27857
-5.79485e-16 1.29035e-15 0
-7.92337e-16 -5.59955e-15 0
-27.6518 1.20719e-05 39.4594
-28.0792 -9.38209e-05 4.96751
-21.387 6.88224 3.29561
-65.3367 14.1778 9.64597
-3.83426e-19 8.57469e-19 0
10.2699 -12.992 9.19654
8.69494e-10 -3.01213e-11 0
4.05358e-06 4.7559e-06 0
-28.3441 -4.03567 17.4231
9.70478 16.3737 6.67809
1.19784e-15 6.02121e-15 0
-7.8306 41.6467 43.7035
-4.20163e-14 -1.41738e-14 0
19.452 -15.1632 -0.697949
-2.55038e-17 2.44664e-17 0
15.4538 -24.852 6.68236
7.14144e-10 -6.63104e-10 0
-16.0465 46.2837 -1.18947
30.4806 -0.282488 66.4134
19.6386 2.97216 8.10404
15.5888 12.4117 36.6865
-1.5736e-07 -3.26019e-08 0
2.46719e-17 4.56091e-17 0
-24.4134 -23.1654 6.7391
-1.74034e-11 -4.20922e-12 0
-13.3791 31.1343 -2.05274
23.0432 -35.4237 10.5852
13.6632 -11.1863 1.93353
2.9581 -17.6709 -2.40951
13.2659 65.0129 55.9084
5.55084e-17 -5.79613e-16 0
-1.80702e-14 6.51691e-14 0
4.18723e-20 -7.51397e-19 0
-3.15069e-16 -8.24973e-16 0
-1.53426e-12 -3.2087e-10 0
-8.86885e-19 -2.7869e-18 0
26.7751 -11.4106 46.0769
-7.13848e-16 -8.0187e-16 0
1.68489 -7.24557 18.7657
0.000368756 0.000784832 0
-2.44759e-14 3.51887e-16 0
8.41871 23.474 7.07841
-1.64541e-11 -2.46876e-11 0
3.8893e-19 1.46162e-18 0
-0.000263635 -27.6335 39.4696
0.231865 -27.68 4.09949
-6.04426 -9.65992 16.7416
16.3803 16.7583 17.342
1.88999e-15 -2.24912e-15 0
-4.38257 15.0297 11.7414
22.447 -32.456 17.1492
-20.6189 1.98862 7.00772
4.57518 -57.6272 30.1943
21.7089 -5.78534 15.9428
-1.04689e-05 -8.07409e-05 20.3726
-3.94846e-05 -2.08114e-05 41.6654
-0.000170242 -0.00012662 21.1758
24.9673 12.4883 0.821274
3.23625 0.375673 6.40918
11.7421 11.3439 25.5626
-1.2112e-07 7.19077e-08 0
36.6901 34.2943 53.3892
4.46506e-11 7.52111e-11 0
9.01657 27.4215 63.8412
-6.04342e-06 4.61737e-05 0
-28.6918 18.5549 9.45638
2.80469 30.3858 16.2603
-5.52348e-08 0.00139193 0
15.9856 0.863379 -0.110425
-2.13622e-18 -3.38052e-19 0
23.5892 -9.87617 19.0294
-1.25273e-08 -2.80933e-07 0
4.76465e-16 5.61684e-16 0
-16.5219 -37.9788 1.63989
-27.2876 35.7803 14.7998
16.8769 -21.3084 29.7977
20.9577 -27.9991 39.6145
3.2567 -24.2878 24.768
-0.40577 -24.5476 -1.2144
3.92518 6.10129 -1.60014
-157.418 -52.3289 64.9293
0.250582 0.0358868 0
9.40191 -72.2635 -4.68799
6.06239 -16.944 0.781389
1.23199e-13 3.21423e-13 0
-5.07866e-18 -8.16925e-19 0
-0.135292 -27.168 22.0686
-5.41294e-06 1.19515e-05 20.3738
-3.66606e-05 -2.95606e-14 41.6879
-0.000733023 0.000114345 21.1953
-5.35308e-11 3.74715e-12 0
6.47224 -7.96732 3.36836
6.65813 0.692429 15.9943
5.30312 1.80367 15.482
9.11805 2.62504 71.1369
-2.72791e-11 -1.68518e-10 0
16.9172 2.80621 24.6364
21.0411 0.496338 30.3573
6.96885 -43.7244 -3.52998
6.18817 13.4509 25.4421
-0.000684785 13.7892 18.9168
-2.27166 -10.0022 -0.366432
3.16508 3.85466 8.53708
-16.9369 12.3815 7.38777
10.2994 69.3585 -2.27156
-2.41866e-18 1.98725e-18 0
-2.077e-19 6.35614e-19 0
-2.66796e-10 -1.63556e-10 0
-2.21631 -12.8321 6.84165
-2.75861 42.2528 4.37784
3.23238 -24.3647 24.9787
1.56063 -3.34271 15.5116
12.7418 32.9214 8.76097
3.68613e-09 -2.07539e-08 0
23.8928 5.03593 44.9306
-20.0313 -13.4787 46.2132
15.2254 -23.7845 5.82405
1.14515e-18 1.71551e-18 0
20.8836 48.0416 24.5393
-1.96104e-05 2.48862e-05 0
-3.4968e-05 4.11768e-05 20.3727
-3.94846e-05 2.08114e-05 41.6654
-0.00116907 0.000121306 21.1761
-8.65847 -21.0288 33.0995
1.8021e-08 1.91709e-08 0
8.95404 -18.8892 19.9519
-3.97758e-05 1.12164e-05 0
10.3188 -26.8104 5.24876
7.22773 -4.58645 6.65377
18.9598 -19.1699 -1.11211
-8.80318e-19 -4.60145e-18 0
-3.05617e-18 2.57113e-18 0
-0.000188545 32.0822 36.8034
-0.000233835 27.8907 3.03709
12.1998 13.8721 -3.5916
-2.47921 -8.39553 9.52186
11.1457 26.7138 19.7383
-2.12143e-11 -8.71026e-11 0
13.8767 21.1877 27.1391
20.5824 30.1662 3.20883
5.50268e-17 2.71137e-18 0
44.8217 57.9353 28.1445
-1.04471e-19 1.7473e-18 0
-13.5949 -83.1982 87.3708
-9.18694e-17 3.26232e-16 0
17.0392 -31.2065 32.0947
17.493 -9.98476 41.3334
9.2231e-10 1.91081e-09 0
55.1729 -4.48987 52.1093
55.8209 19.4849 30.0938
2.77297e-18 -3.73419e-18 0
9.81246e-12 -1.68696e-10 0
-5.59036e-07 4.11892e-06 0
-9.90549 -19.4285 9.52862
3.19315e-18 -1.22601e-16 0
-101.981 60.38 2.01068
-1.13302e-16 -3.00762e-16 0
25.7162 17.8943 6.87463
-3.82795e-18 9.91204e-20 0
-5.58076e-12 -3.15976e-12 0
-49.727 -1.01999 12.361
1.18044e-11 -4.50342e-12 0
8.34146e-17 -4.67915e-16 0
0.0115416 0.0204148 0
-0.00129461 0.00198122 0
-2.38599e-12 -5.37833e-11 0
1.09048e-17 8.58688e-17 0
-2.29767e-16 2.01121e-16 0
6.41844 23.0363 9.1981
4.36153e-07 9.64283e-08 0
-4.30786e-08 -7.6795e-08 0
2.17237 28.8637 -3.35767
6.67783 -7.46303 13.5127
1.5756e-08 -5.26284e-09 0
-31.3783 1.88097 2.1685
-21.6195 -2.38784 32.1872
27.6646 3.09357 17.3491
0.00139338 -5.52949e-08 0
10.7193 -45.3871 49.7162
-9.85432e-18 -6.5957e-18 0
7.46586 -20.1966 49.9115
-26.4265 -15.8179 85.9326
-43.2829 46.0802 -0.463317
12.3007 8.17705 -4.98642
44.6942 9.44444 -1.38877
20.8552 32.9062 38.0835
10.9499 -11.4356 -0.631318
-36.6011 -175.367 76.0948
2.22126e-16 -3.38119e-16 0
-1.59356e-17 -9.76328e-18 0
-1.47201e-18 -5.28812e-19 0
-1.83208e-14 -2.77054e-14 0
19.8135 33.4101 23.598
-5.45728e-12 -8.18803e-12 0
-5.24386e-17 -6.65209e-17 0
-5.19073 -0.863746 33.0006
-5.32668e-15 1.11015e-14 0
26.8636 -26.4395 14.6841
41.9616 -55.3422 34.2955
13.6676 17.6945 15.2727
-1.34551e-07 1.08026e-07 0
1.68273e-13 3.33329e-13 0
15.3037 28.0383 6.00185
37.603 12.4598 8.27786
-6.1512e-10 -3.73143e-10 0
21.8617 30.9248 48.5599
2.48606e-14 -5.92263e-13 0
41.8955 9.86697 -2.14218
-42.9064 3.07786 6.97439
26.6956 3.02632 17.5754
0.00139382 -1.31992e-08 0
18.8207 21.5888 14.8676
1.32646e-05 1.7511e-06 0
-35.2046 -8.41053 6.42335
-4.22592e-07 -9.46695e-06 0
12.6474 -4.41138 0
4.78229 -4.77306 -4.51061
-25.6333 16.9278 12.5455
-6.25614 -0.120704 13.7862
1.70336e-13 3.19969e-13 0
73.6374 24.4889 22.0471
-80.1626 -15.2551 37.5763
0.492253 6.85758 20.5975
1.06208e-08 2.13132e-08 0
-9.54899 -16.0353 14.0886
6.07522e-17 3.50821e-16 0
3.24947 -1.73214 -1.25245
6.25407 5.37291 8.27592
-32.2032 -33.9089 10.6914
6.32993e-14 -2.01723e-14 0
7.69848 -1.97314 22.1243
-2.40124 135.258 12.5875
9.24896e-16 -8.65404e-16 0
-2.93625e-19 -2.64475e-19 0
-1.85158e-16 6.44946e-16 0
13.0675 -18.3799 16.5795
41.5641 -51.8478 30.427
-1.02512e-11 -2.64385e-12 0
17.5941 -20.4244 64.1145
-1.29106 -42.7284 2.11594
-28.1716 12.6909 34.1807
-41.7204 1.5603 4.94822
27.8246 -1.1072 17.6999
0.00139332 6.1306e-08 0
87.9492 -179.784 242.522
27.4331 25.9181 89.6197
8.58103 22.3275 23.1997
3.09771 -19.1648 9.03701
3.04247e-16 2.93985e-17 0
8.21902e-15 -1.94127e-13 0
-5.9041e-12 -1.89682e-12 0
32.4446 -6.09634 20.857
-4.08198e-11 3.00839e-10 0
-9.9714e-08 -2.2338e-06 0
-3.40573e-18 5.169e-18 0
63.9278 92.6138 9.25499
31.2029 -18.8164 4.84298
-6.52979e-06 4.80539e-05 0
-93.6671 9.86932 41.964
1.40266e-08 1.16349e-08 0
-3.84802e-16 1.40264e-16 0
7.15586 -40.2915 5.67153
0.236602 -0.0714047 0
1.43451e-14 -4.00649e-14 0
16.6137 26.3423 2.23656
-6.4371 -20.6088 24.4944
-0.00642479 -0.00109443 0
-1.52445e-14 -3.71317e-14 0
-2.45469e-08 1.5016e-08 0
-69.5831 15.5992 -0.870291
12.0283 3.59661 -1.67587
1.26615e-08 2.59111e-08 0
-31.4283 82.7991 -1.3898
26.5534 2.55566 -5.22408
-2.25737e-15 2.20027e-14 0
-4.68394e-09 2.49666e-09 0
27.6235 -2.52085 14.3689
1.99615e-09 3.36228e-09 0
-1.63716e-07 -3.34919e-08 0
-4.81614e-19 -5.09461e-19 0
3.37269e-09 5.68094e-09 0
-3.10033e-16 -3.11333e-16 0
2.1623e-05 1.90985e-05 0
-1.86085e-18 -2.45265e-18 0
31.4106 43.1802 44.094
-4.3816e-16 -4.22587e-15 0
-3.81525e-18 -3.14921e-18 0
25.3842 41.9889 23.2381
0.359892 27.7339 26.8874
-0.013179 0.00259792 0
-37.5838 -25.7202 -1.10079
-5.12062e-18 -2.73088e-18 0
19.2064 5.08352 14.0297
9.17736 2.90676 30.7005
13.6173 -5.22631 0.0216943
1.00377e-17 3.83397e-18 0
1.14034e-16 -5.54261e-18 0
-2.75879 7.04841 33.437
-29.2642 -0.984657 -0.560229
5.42457 3.97897 -1.5016
-1.13323e-12 -3.89577e-13 0
-42.4329 9.12678 -6.18514
-42.6446 23.6884 12.8085
16.8948 16.5822 16.1713
23.4565 -15.3467 -5.81094
-9.4775 -77.0046 -4.1724
19.9174 12.5989 -3.27872
-9.09666e-12 -2.03785e-10 0
-8.20136e-14 1.1189e-13 0
23.6525 -6.8434 17.165
-3.97314e-12 -8.87246e-11 0
1.21236e-11 1.94038e-11 0
109.589 -35.2079 23.3128
-1.70539e-18 -4.80095e-18 0
-7.49429e-07 -1.40229e-07 0
-9.94146e-17 -4.41658e-17 0
-3.14921e-15 -2.78611e-14 0
-4.32776 6.65841 38.782
-8.52972e-11 -1.61067e-11 0
8.68467 5.06027 42.8165
43.5599 -14.2741 2.56002
-1.0064e-07 -4.43831e-07 0
5.4814e-19 1.02956e-17 0
-1.18297e-09 -9.28848e-11 0
-8.92592e-14 -3.02286e-14 0
8.32881e-17 3.1215e-17 0
4.14394 -29.3597 27.9382
16.9044 -33.6057 30.6836
6.97631 -2.01033 5.15752
38.319 10.8402 9.49788
-11.8802 5.32126 29.9543
-23.9994 -0.256585 8.55959
0.00416199 -0.00503016 0
4.96225 -6.34219 4.93729
-1.81966e-11 1.62949e-12 0
-2.08752e-16 1.68275e-17 0
-20.6746 -32.6973 5.35322
-40.5087 26.5564 6.01293
-52.3454 15.9507 22.4514
-5.02367e-14 1.81666e-13 0
-1.5169e-06 1.07567e-05 0
-1.08865e-19 2.6091e-19 0
2.39504e-18 -2.74429e-17 0
81.8718 4.55026 176.693
-6.46709e-17 -2.52332e-17 0
84.9436 -52.4546 25.5882
-6.61664e-15 1.23211e-14 0
-56.6065 14.1003 10.8931
11.9438 12.7747 38.5549
-131.986 95.0941 62.8838
-7.50297e-16 -5.22724e-17 0
-1.15738e-12 8.31412e-13 0
6.03229 -69.3059 18.676
26.2291 2.70403 17.4655
-15.0337 -44.5915 -5.49888
-2.45569e-07 -8.00609e-08 0
-3.37452e-07 4.18632e-07 0
1.17859e-19 -3.2078e-18 0
6.44066e-05 0.00118539 0
1.09448e-12 -3.0453e-13 0
14.9237 -2.57049 20.8062
-4.99991e-16 -6.33498e-16 0
-2.49472e-07 1.62023e-06 0
-6.23448 -1.5143 33.5334
-29.396 0.353876 2.56245
-1.70666e-07 -3.82327e-06 0
25.4887 -12.1531 29.4269
32.9035 -38.2497 5.30671
-21.6083 23.9575 -4.55686
9.65722e-14 3.58391e-14 0
5.98277 -21.8435 -1.79774
-8.86944e-17 2.04569e-16 0
-6.32343e-09 -3.96309e-09 0
-1.73892e-17 1.49519e-16 0
-8.64221e-18 8.34867e-18 0
-56.8677 88.3305 5.97389
-0.120378 -0.199658 0
-1.10821 -16.1257 6.47383
10.7701 26.0128 2.46999
7.28357e-15 7.74522e-15 0
-8.08754e-16 -1.41716e-15 0
30.5682 46.7033 50.2015
-18.0713 -5.7693 42.9461
-25.4742 -11.6251 -2.39254
-1.11383e-07 -2.49521e-06 0
-5.31444e-06 3.87575e-05 0
38.7738 -10.206 10.3634
-8.99639e-18 7.15947e-17 0
-1.50962e-05 0.00013232 0
6.83015 17.9772 6.01711
10.586 -17.2593 17.5169
-1.00067e-18 2.11654e-18 0
4.00926 -23.3212 4.59024
-1.53488e-15 9.51403e-16 0
-4.55389 46.3291 9.89212
1.40247e-22 -7.56353e-19 0
2.44187e-16 -1.37782e-15 0
-5.57738e-10 -3.98208e-09 0
9.15053e-19 -2.94223e-17 0
-0.193397 5.79852 -2.71969
18.0347 22.7512 2.44024
73.8966 8.69741 46.9037
4.05932 17.1299 6.95543
1.13131 -3.45998 13.7874
-3.28377e-13 2.41993e-12 0
18.4445 -0.70898 -3.01834
-1.70488e-14 -2.20119e-14 0
-8.21194e-06 -22.8735 42.6649
0.226663 -27.9265 3.69239
4.60982e-13 -1.55385e-13 0
2.88641e-10 4.79214e-11 0
-1.04132e-10 3.77271e-10 0
19.7387 -43.2124 58.9598
-45.6549 -19.9272 37.2948
-3.18435 7.87416 21.982
-3.09046e-12 -2.37933e-11 0
5.86542e-15 5.69759e-14 0
-1.32633e-05 -0.000104544 20.3734
-3.33796e-06 -1.46819e-05 41.768
-3.69832e-05 -0.000160294 21.2654
-1.84773e-13 -2.45423e-13 0
-11.9667 -13.8222 3.54811
2.18375 2.76385 1.21754
4.57211 1.71698 -1.07351
-8.79187 17.1269 34.6441
1.50302e-17 1.01252e-17 0
4.30098 -5.11878 8.76565
3.79447e-16 2.94089e-16 0
3.02769 -43.0287 7.34932
3.08325 25.8898 17.8667
-2.02386e-08 0.000906813 0
1.73965e-09 6.74344e-09 0
3.61335 3.72052 -4.75016
-5.01908e-12 2.20788e-11 0
1.80063e-14 -4.28449e-13 0
-0.482522 31.5727 7.23648
19.8689 -1.46906 14.6492
8.13982 6.87591 1.44573
-2.44278e-07 -5.47234e-06 0
8.45161 20.3107 18.6529
3.54968 -19.1879 25.7727
-0.453233 -24.5389 -1.02701
-0.15262 0.385055 0
11.5438 31.2818 -2.12103
1.1285e-17 -5.88546e-17 0
-10.1046 11.2715 19.1682
-3.18837e-05 1.82694e-05 0
26.65 -44.6907 19.0039
23.7743 -45.2241 21.9844
5.16111e-11 1.51744e-10 0
5.81928e-05 1.68254e-05 20.3793
-3.08044e-06 5.71515e-10 41.7871
-8.23023e-05 1.12332e-05 21.2823
13.3568 -14.3097 22.7211
-13.07 -5.60794 0.0880568
26.7051 11.2383 15.1958
7.21697 3.65343 3.44291
3.07238 -2.48927 12.4922
5.26542 7.20179 27.3213
22.1045 9.26091 58.4414
6.56171 0.629453 12.5663
-2.66384e-05 -4.04245e-06 0
3.35151 21.6952 20.5826
-1.60284 12.3594 19.5321
9.86082 -12.0416 19.2674
-1.66128e-18 1.06087e-17 0
8.17291e-14 8.39562e-13 0
-9.97048e-16 2.14525e-14 0
9.87362 9.50322 -0.997391
-4.16153e-15 -6.58376e-15 0
4.34272 36.3563 -6.02145
4.4583 1.54766 1.80659
1.47879 43.1922 -2.72576
3.49806 -19.313 26.0954
1.78394 -3.10166 15.9499
1.39587e-05 -6.30344e-05 0
4.65524 14.2485 12.066
-1.6083e-18 -5.25363e-19 0
0.0543035 -0.137437 0
-9.63805e-16 1.46285e-12 0
9.06213 65.4158 83.1264
3.55219 -29.2468 0.354468
-1.07834e-15 -5.73445e-15 0
2.7775e-05 2.9261e-05 20.3737
-3.32634e-06 1.46852e-05 41.768
-0.000367251 7.92134e-05 21.2657
-20.4583 0.279645 6.46413
4.66492 -7.35424 2.62735
-7.76514e-16 -3.92124e-16 0
3.20713 -12.1327 30.4861
26.5655 -36.486 -3.92264
-3.31456e-07 -1.19801e-06 0
-4.43668 -9.00956 9.127
-20.2534 -16.0541 18.2206
-3.34042e-18 7.13915e-19 0
-1.23429e-05 27.7725 40.4398
-0.228656 27.9239 3.69851
-1.02205e-16 -4.64551e-15 0
-4.15593e-09 1.61333e-09 0
6.79198 -2.14601 13.012
-25.5879 38.6205 53.4588
-4.80164e-17 -5.61705e-16 0
-2.00495e-12 -8.85348e-13 0
0.158617 -6.20945 3.33008
2.67206 32.4371 12.312
-7.80092e-18 1.5987e-16 0
-1.97227e-17 -6.4639e-18 0
22.5257 -0.394801 14.6793
-19.8272 50.908 -2.32138
1.0786e-13 1.24274e-13 0
-18.4017 -33.0419 11.5796
-7.51627e-16 2.6608e-15 0
-1.31016 -10.3638 54.8186
-29.6332 -26.7067 -0.786462
6.7777e-07 -1.67899e-06 0
-8.76766e-12 -2.17778e-12 0
-50.2959 12.6413 -5.00402
-2.85168e-20 -7.47075e-20 0
-6.87737e-14 -3.28827e-14 0
-6.21456e-11 -1.85264e-10 0
5.71087e-14 -4.34811e-14 0
9.42254e-16 -2.70917e-15 0
-36.9748 -19.5377 -3.84375
8.49426 -22.6036 20.9598
62.9374 69.8524 1.24286
4.34338e-13 -3.5396e-13 0
-15.0299 -37.2641 47.6127
1.5755e-18 -1.86857e-18 0
2.03897e-17 -1.55231e-17 0
2.73597e-19 4.34369e-18 0
1.02972e-19 -2.57114e-19 0
0.000119606 -0.000220827 0
2.13886e-16 -2.492e-16 0
2.82228e-11 2.34102e-11 0
20.4451 4.02458 6.19711
7.26666 -2.24089 3.0981
14.1529 31.0988 10.3839
-5.68511e-12 3.73956e-11 0
-43.8732 7.09017 -3.47024
26.7865 3.1561 17.6658
0.00139401 -1.09104e-07 0
6.07866e-15 -1.09302e-14 0
4.30344e-16 -1.02435e-15 0
35.5459 -4.40306 3.23645
-19.8723 -5.7109 1.58775
23.8812 -15.1253 3.11867
16.1137 -17.2193 5.95891
-9.33824e-16 9.09346e-16 0
-1.28415e-18 -3.76384e-18 0
48.9092 6.63828 -3.77585
7.22794e-20 3.77526e-19 0
-1.35527e-16 -1.60611e-16 0
10.4732 50.6016 67.729
-5.81201e-11 -6.8469e-11 0
-48.0465 5.73548 12.7047
-61.9583 40.0276 48.8311
-2.52098e-05 -4.35189e-06 0
-6.14537e-07 -1.11117e-07 0
-1.55163e-16 -6.28286e-17 0
5.87718e-15 1.14386e-14 0
-3.49009e-17 -4.93306e-17 0
79.8242 -3.31559 3.19358
13.3941 18.2183 15.186
-8.68933e-18 2.19704e-19 0
-1.30164e-14 -4.25152e-15 0
-35.5335 9.09089 30.0451
-5.83969 32.7436 32.7648
21.0979 18.8145 -0.984388
-4.93382e-15 -3.33059e-14 0
-1.80331e-07 -4.0398e-06 0
11.5471 -9.38097 20.4516
-3.40854e-07 4.22853e-07 0
25.8379 3.08991 17.8904
0.000906748 3.79372e-11 0
5.99266e-14 -3.89854e-14 0
9.31669 27.6109 14.4243
19.3007 78.5541 73.1205
7.65183 -5.55356 14.8332
26.1935 -1.36959 6.91161
8.46846 -5.09884 7.38125
-4.26974 -33.7916 9.28284
8.94636 32.8246 -4.49695
-2.72917e-17 6.08885e-18 0
-22.0464 -33.2081 61.5571
-74.2797 13.5157 47.6658
-32.3854 -45.7514 10.3633
-3.40943 -2.01785 2.35403
15.9483 -27.3577 9.18893
-2.87553e-14 5.8452e-14 0
7.29558 -5.85687 -2.80113
-4.84288e-06 3.51466e-05 0
-5.01281e-13 -6.64242e-13 0
16.8242 17.7436 37.0817
-7.20128e-17 -7.73341e-17 0
47.1769 16.8101 62.2037
5.83046e-16 -5.86093e-16 0
3.25659e-19 -4.10333e-18 0
-4.52481e-19 2.69e-19 0
13.139 -19.9148 -6.30841
26.9918 -30.7944 56.6818
-1.14688e-14 -3.33124e-14 0
9.24824 -37.0205 -3.76973
1.68777e-09 -4.76676e-09 0
5.05939e-15 -2.93216e-15 0
-80.7256 28.6184 4.14572
26.9105 -1.10819 18.0522
0.00139386 1.1226e-07 0
5.85511e-09 -1.62947e-09 0
-61.7706 26.2911 8.04487
37.139 -14.4152 -1.19962
4.24523 -1.98846 0
2.53453e-08 4.85807e-08 0
-21.6408 15.5386 23.0628
22.2731 -6.1393 -5.99053
20.4064 0.763632 15.3661
-5.80735e-06 4.27254e-05 0
2.05486e-05 1.66363e-05 0
8.73865e-17 2.91797e-17 0
-7.04529 -38.3583 -1.19371
0.00258553 0.00214466 0
-46.3699 -28.2005 18.9753
0.00204083 0.00135509 0
5.13961e-11 1.77752e-11 0
-16.8756 -1.43247 17.6963
7.6264 -37.6986 0.990405
8.57796 -23.4917 9.26049
-3.9715e-14 2.50563e-14 0
-7.47846e-18 7.4605e-18 0
-16.2334 6.84807 10.0684
-4.27683e-07 -7.4961e-08 0
-3.30242e-08 -5.02889e-08 0
-2.36334e-16 2.41523e-16 0
-18.0606 29.8328 18.6358
-16.0731 -21.2195 4.06444
0.693012 -12.4415 4.49375
2.16614e-10 4.10101e-10 0
-1.01189e-18 -5.17414e-19 0
-2.22462e-09 -4.98366e-08 0
22.467 5.96428 21.0498
-27.7204 7.46769 4.13588
-2.90666e-14 -9.82541e-15 0
3.52617e-13 1.08892e-13 0
-79.8618 -51.2847 1.08061
-3.61459e-17 -4.26447e-17 0
1.38394 0.158934 13.0719
-8.70252e-07 -1.62224e-07 0
20.2534 -15.5905 11.9278
-11.4845 24.1074 4.12846
-36.1284 -31.4722 -3.99224
-3.81312e-18 -3.14113e-18 0
7.89124 49.216 10.8572
0.813857 28.2876 26.7178
23.5205 -17.8453 11.2957
2.85726e-17 -7.10405e-18 0
-15.5736 2.9991 32.3523
3.7555e-14 -8.96245e-13 0
5.64983e-12 1.23226e-11 0
5.77217 25.8383 21.4377
39.5335 -29.0265 0.557369
4.78446e-17 2.24654e-18 0
-20.1989 3.54386 25.7384
-27.0166 -0.947174 -3.2584
5.10176 4.13042 0
3.44532e-12 1.24795e-12 0
3.2088 -2.54735 3.99623
-31.6448 11.1589 -0.844112
-4.34974 -7.70879 -0.191651
-2.6976e-14 -1.26162e-16 0
-15.4128 4.46072 -1.0397
16.2121 -66.7793 38.9387
-2.53273e-12 -5.6732e-11 0
1.5664e-09 3.46802e-09 0
-1.85181 -2.37103 0
4.42783e-19 -4.05521e-19 0
6.60191e-15 -7.73642e-14 0
-1.20028e-15 -7.93537e-15 0
4.84667 2.50219 4.15598
-1.41608e-16 -5.43369e-17 0
-7.94403e-19 -5.4742e-19 0
-2.70996e-17 -3.81797e-18 0
-1.39728e-17 -4.27743e-19 0
-1.13051e-11 -2.81868e-12 0
14.5889 10.8556 40.3863
-4.75279 11.9641 20.096
6.99906e-18 -2.62043e-18 0
-6.909e-12 -1.0521e-11 0
44.1909 62.6636 27.3393
-72.6032 -15.6739 17.1254
-30.5644 46.7848 5.7177
21.9668 -0.526195 0.788022
-5.81432 30.1529 5.78939
-1.89366e-18 1.58291e-18 0
4.47849e-08 -9.83505e-08 0
-19.252 3.50326 26.1076
-12.2913 -0.278361 14.7602
5.60391 -5.88445 0.535457
0.418228 -5.78032 1.80003
-4.45327e-15 -2.38881e-16 0
-14.2263 -2.92087 8.85837
-17.1594 -10.5527 6.01058
2.1377e-14 2.15478e-14 0
-14.2495 -16.639 -3.12152
15.7778 -11.2615 1.65158
-2.85237e-10 2.09903e-09 0
2.13832e-14 1.96646e-14 0
10.2786 -15.6515 22.0422
26.7077 -44.6766 -4.78241
5.83927e-15 -6.69128e-14 0
-10.8063 -6.10219 28.0027
-6.12018e-13 5.621e-13 0
-27.9205 22.8902 4.24912
-1.78708e-12 -4.31813e-13 0
69.5169 -64.0084 40.9391
-2.29331e-14 -6.67539e-14 0
4.29073 -14.8176 21.8275
25.6889 -69.8057 11.6511
-1.30345e-15 1.39461e-16 0
-36.7121 55.214 71.2456
-9.34628e-19 -6.56648e-19 0
-4.24899 -61.0083 31.3622
12.0332 -21.1873 13.7564
-4.15167e-06 3.05868e-05 0
1.83231 -19.4664 4.07674
-94.6996 -26.7947 13.1314
-1.02868 0.652189 35.0987
2.06399e-05 3.52872e-05 0
-20.1264 -0.881942 27.0137
-25.0418 0.215813 4.09385
0.0522966 -0.0640811 0
-35.0553 -0.819222 19.3346
-16.0227 -22.8978 7.19444
9.80968 0.844688 17.0398
-20.6988 -11.0476 11.9981
-1.96226e-10 1.57214e-09 0
-9.92103e-05 0.000187035 0
-2.66764e-07 1.71844e-06 0
-3.19129e-11 2.09719e-10 0
-1.32942e-17 1.28136e-17 0
-1.55722e-19 -9.47848e-19 0
1.66617e-07 2.69401e-07 0
61.2557 52.2623 -3.94178
-1.22186e-15 2.48569e-15 0
-5.09968 9.51765 53.3633
-60.2459 -23.9189 4.8198
20.8329 -49.9363 34.1546
-6.58634e-17 2.6304e-17 0
-6.12027 -3.35757 35.0427
-7.6403e-07 -1.37191e-07 0
-35.8542 -40.3697 4.51629
2.71024e-12 -6.21104e-12 0
-1.22874e-07 7.86715e-07 0
8.5644e-06 -2.32554e-05 0
13.855 9.70268 2.65183
-5.57959e-10 -1.61445e-10 0
-2.22408e-18 -4.83406e-19 0
-5.7767e-18 -5.48037e-19 0
-8.29436e-17 -1.317e-16 0
-5.64899e-07 -1.00209e-07 0
-3.50967e-22 -4.41145e-19 0
2.08903e-16 -1.17883e-15 0
-1.88277e-09 -1.4744e-08 0
1.74557e-18 -3.27705e-17 0
-0.401278 5.63576 -2.43557
-1.78068e-19 -4.18822e-18 0
27.0526 -36.7704 30.5447
-2.3104 17.4997 33.6482
-2.74401e-11 2.7411e-10 0
-11.6239 33.2021 20.3728
3.22184 -5.42825 -1.84208
2.34593e-16 1.35254e-16 0
5.55219e-06 -22.863 42.6712
0.226878 -27.9266 3.68974
-102.028 59.0004 16.0049
60.9527 -167.678 89.4265
-3.89898e-12 8.3873e-11 0
-7.33021e-08 2.32853e-05 0
5.01345e-13 5.024e-13 0
23.7577 6.69478 0.24971
37.4875 10.8516 0.948734
-9.55348e-06 7.01781e-05 0
-7.93073e-06 -9.65195e-06 20.3738
2.97423e-08 -1.45937e-05 41.7688
-8.72659e-07 -4.35651e-05 21.2658
-21.4572 15.5993 27.4047
8.22343 -17.7045 1.33595
-8.98072e-09 1.82551e-08 0
4.71521 27.0544 27.229
-48.5874 31.7879 60.7731
5.54212 20.7251 16.5244
9.77962 4.44014 -0.0841017
17.7092 7.67087 21.0509
3.13818 -42.8955 7.10275
3.08434 25.8777 17.8755
-2.2801e-08 0.000906839 0
0.697384 -15.0397 6.24927
0.000170096 0.00034809 0
-3.11765e-18 -1.10972e-18 0
7.15003 0.816591 -4.32308
-0.355087 -0.170725 16.0575
30.0284 29.5236 31.0766
74.3645 -92.9847 29.7616
-2.25029e-15 -6.53936e-15 0
8.73215 19.925 19.8169
3.55208 -19.171 25.7776
-0.452887 -24.5388 -1.02699
8.24572 -42.3169 24.6958
-7.03627e-08 5.17421e-07 0
-1.09012e-17 1.32258e-17 0
-37.6865 -18.1753 4.69292
8.27445 -46.9155 11.4074
-7.78396e-18 -3.21373e-17 0
-0.1511 -39.2876 15.964
21.4304 14.6107 16.8824
6.26144e-05 1.80135e-05 20.3801
6.69309e-08 1.22923e-08 41.788
5.29045e-05 1.52065e-05 21.2831
-4.05517 -5.55342 17.2165
-2.46981e-07 -3.70568e-07 0
46.8994 -41.4696 29.5554
3.57562 -0.35597 1.45424
5.38368 -0.117712 13.1178
2.12158e-12 1.4154e-12 0
-13.1017 15.4689 35.3258
6.98542 18.4414 -3.81056
-5.42442e-07 -1.21518e-05 0
3.35428 21.6791 20.5898
-1.55893 12.4535 19.5115
0.00179074 -0.00049836 0
26.2364 0.625828 22.3928
2.47158e-19 5.82406e-19 0
-2.71246e-17 2.10671e-17 0
-25.1152 -37.7082 9.46362
-4.70995e-17 -1.22504e-16 0
-9.66174 48.7593 54.5462
-9.1734 28.7238 49.13
3.38456 43.0806 -1.88566
3.49933 -19.2978 26.1029
1.78723 -3.10541 15.9534
-6.74727e-07 5.30285e-07 0
4.615 15.121 6.7639
3.66257 25.8977 13.5211
9.90566 15.6238 20.736
-2.97122e-18 7.71351e-19 0
-11.7841 -41.9357 -0.406858
-3.60222 -24.8418 6.97151
-1.74399e-06 -1.13057e-06 0
5.50919e-05 1.59404e-05 20.3741
3.12509e-05 2.35842e-05 41.7689
-2.28434e-05 4.923e-05 21.266
6.89025 6.38958 -1.11295
-1.84034e-14 -2.92694e-14 0
5.92393 22.9707 2.99725
-23.4222 -29.644 17.7744
-9.32432 -20.2316 53.5061
-4.55869 -14.0059 16.6744
-2.8228 15.6019 30.912
10.6026 10.8487 -3.52339
-2.82397e-08 1.80835e-07 0
7.14548e-06 27.7629 40.4471
-0.226621 27.9265 3.68969
-4.27856e-17 -5.02204e-15 0
-8.00085 16.5121 14.518
-1.7685e-18 1.43899e-18 0
-4.85884e-07 -3.38378e-05 0
4.58336 12.7223 -1.60501
-2.11206e-08 -5.7795e-08 0
5.09088 11.2574 -3.20093
4.35272e-15 1.8041e-15 0
-6.85535e-18 8.61031e-17 0
-61.2373 -28.4311 31.3131
-0.49272 -33.9954 0.450387
31.0677 35.7654 65.4737
-2.54405e-16 -2.07766e-15 0
19.1367 -0.472231 15.6269
7.23888 51.0338 14.0504
-17.7624 -29.3405 42.5732
9.03337e-11 -4.07913e-10 0
3.6137e-19 6.35675e-18 0
4.26968e-17 1.06944e-17 0
-1.2954e-06 9.54441e-06 0
-3.01053e-16 -1.96336e-17 0
4.95185e-16 1.01209e-16 0
1.15283e-15 -1.6062e-15 0
1.26982e-15 -9.32323e-16 0
7.46211e-18 -4.62399e-18 0
8.91712 31.4159 3.20927
-2.53988 2.66202 3.75337
-10.9178 4.72343 -4.68176
11.8715 -8.65253 6.65239
4.86725 4.299 -5.19043
8.02583e-16 -7.31895e-16 0
2.44166e-17 -1.86209e-17 0
1.36923e-16 1.69348e-16 0
4.35046e-19 -1.13039e-18 0
1.10995e-19 -9.92533e-18 0
6.80719 32.2917 12.0361
-5.31758e-17 1.9884e-16 0
12.5746 29.4409 6.08907
7.60263 -3.50373 1.84196
2.99857e-13 2.2809e-12 0
0.0780213 0.162437 0
-2.62928e-07 -1.08599e-07 0
26.7862 3.15756 17.6667
0.00139401 -7.05514e-08 0
2.85964e-17 2.4927e-17 0
3.4434e-07 2.85626e-07 0
-1.99436e-14 -7.36477e-14 0
-23.8574 -5.48418 16.9127
-7.9315 -27.1182 3.48502
-22.5359 14.9575 15.6366
42.6087 -28.7453 21.5755
1.42315e-10 3.34786e-10 0
-1.87627e-05 -5.97433e-06 0
1.22764e-14 2.79303e-14 0
-2.00729e-19 -1.51086e-18 0
-17.1744 27.7677 28.0868
-11.0104 17.4464 35.7691
-7.822e-06 5.75632e-05 0
-1.01802e-10 2.65317e-10 0
32.6205 -50.3202 -3.67533
1.10569e-05 2.30133e-05 0
-3.57894e-18 -4.35583e-17 0
1.32227e-14 1.65485e-16 0
-6.96316e-06 7.91279e-06 0
82.1163 2.69265 0.424242
13.3785 18.2252 15.1871
-48.2349 34.3811 4.36574
-2.78951e-19 4.80031e-19 0
43.8783 -30.5924 -3.14114
7.6856 31.4589 22.9454
-3.36376e-12 -8.3991e-11 0
28.4973 -19.0182 -2.09499
27.8668 -25.1503 17.6147
-57.2045 15.2738 13.9132
-2.07472e-14 1.30344e-15 0
25.8406 3.09014 17.8904
0.000906762 1.1458e-08 0
-1.88805e-14 -5.51591e-14 0
-23.2865 8.85923 22.2354
1.29522e-12 -1.13032e-13 0
1.32667e-08 2.7148e-08 0
12.6237 11.0163 -1.40542
-1.33788e-12 -4.42185e-13 0
-2.77904e-09 -3.44087e-10 0
-4.43261e-14 -5.36355e-14 0
26.3352 47.4497 59.5165
-41.437 -66.4396 42.134
-74.2969 13.7236 47.583
5.39294 -49.8304 19.156
-5.50715 -8.39492 1.27431
18.7255 4.10457 -2.9136
-10.6676 2.99371 13.5176
-2.66599e-10 1.96006e-09 0
23.5958 -12.9593 -2.95838
-2.46018e-08 1.70126e-07 0
-3.22929e-10 2.37457e-09 0
6.15028e-10 1.1692e-09 0
47.7456 13.6028 60.292
1.84659e-14 -1.98174e-14 0
-1.78304e-16 -2.35035e-16 0
8.12202e-17 8.136e-17 0
25.6843 -39.905 31.2096
-28.794 37.3071 -3.50145
17.3211 38.1987 1.18647
-9.02817e-10 3.50466e-10 0
8.65093e-16 1.08701e-15 0
-5.21235 15.2809 10.0385
-4.55677e-07 -8.03087e-08 0
26.9099 -1.10913 18.053
0.000906308 6.82379e-08 0
36.6635 19.8622 11.1867
-0.577185 -16.7041 10.9317
18.4708 -7.80042 28.8993
1.95577e-18 -2.26648e-19 0
45.8891 -13.2043 15.8384
1.61225e-14 -1.38864e-15 0
-8.98595 -38.0016 14.4456
-4.95948e-18 -7.36221e-20 0
-7.59516e-06 5.58719e-05 0
3.2095e-05 2.59843e-05 0
8.73411e-17 2.87673e-17 0
-6.98864 -38.418 -0.995083
1.25191e-12 -1.9132e-12 0
15.9663 -2.1514 3.79267
4.95433e-11 7.42931e-11 0
12.9562 -1.53414 -1.71685
-2.10815e-16 -4.18498e-18 0
-2.97324e-08 2.28135e-07 0
-2.3406e-06 1.68945e-05 0
16.8749 92.1955 65.0029
-5.97598e-17 3.09445e-17 0
-16.7228 -29.6388 44.7527
2.01986e-15 2.93642e-15 0
-6.52229 -16.7811 3.36486
54.0895 -26.8772 29.686
5.40718 -9.63844 12.9082
15.985 -2.24991 7.70743
-15.0234 21.3769 4.62899
-8.64448e-18 2.24019e-19 0
8.4728 -37.7193 11.5443
1.64111e-17 -4.84383e-17 0
-2.67682 -29.1719 14.4069
-35.9353 52.0338 40.5421
-1.98871e-15 -6.65357e-14 0
-4.53456 -5.92643 28.7334
4.8985e-19 -6.81888e-19 0
5.21574e-10 9.8357e-10 0
-4.28922e-07 2.78603e-06 0
6.91304e-12 -5.25825e-12 0
12.2904 -6.1542 7.14457
0.597667 3.32363 2.96419
-4.12742e-06 -3.76257e-06 0
-3.81308e-18 -3.14109e-18 0
6.98207 49.1976 10.0896
0.836784 27.5764 26.516
-21.6574 12.5205 -5.20663
26.901 27.6159 12.0626
59.0117 -13.3491 29.841
-18.2454 -15.8156 1.16422
-19.4015 9.53839 23.3926
4.33179 13.2351 30.311
7.78535e-14 2.99064e-14 0
1.14634e-18 -8.79503e-19 0
-20.1979 3.54345 25.7383
-0.000906262 -3.20605e-08 0
35.6725 43.6321 2.56026
2.21042e-05 -6.24286e-05 0
21.6904 5.66764 3.01722
12.0756 -31.0389 13.4921
25.7631 -3.8484 4.10048
-4.9576e-18 -1.87331e-18 0
0.587725 32.2509 25.2421
15.0205 -20.2194 4.77158
3.24366e-12 2.68967e-12 0
-31.2574 77.3589 -2.07522
-1.92762 12.8359 20.9367
3.79637e-19 -3.85383e-19 0
-4.58205e-07 3.04475e-06 0
-34.9077 -17.1318 34.0194
-3.44348e-06 2.5331e-05 0
23.9373 83.9801 3.41526
3.88938 11.8792 -4.3052
-27.2399 61.5275 3.38133
-2.9202e-11 -6.19602e-12 0
-2.11072e-09 1.36524e-08 0
14.6627 10.9343 40.3205
-15.6177 12.2417 16.3893
66.107 -44.4468 26.4776
-1.65478e-06 -4.04581e-06 0
8.42344 62.4584 19.408
4.82294 25.0961 5.58885
16.722 25.9568 2.86767
-0.000100882 -5.90567e-06 0
-9.56897e-12 -1.45715e-11 0
3.03543e-17 -2.31414e-16 0
-1.8461e-10 1.44083e-09 0
-19.2521 3.50325 26.1081
-0.000906664 5.81672e-09 0
-2.14649e-12 5.29125e-13 0
-11.7857 -1.24651 30.2334
-2.88495e-15 -1.50584e-16 0
-1.12791e-11 -4.54758e-13 0
-22.3059 0.586325 -1.75618
-2.58278e-08 2.37212e-08 0
1.93133e-13 -1.64024e-13 0
-1.96573e-14 1.37554e-15 0
4.10636e-19 1.01735e-17 0
2.38813e-10 4.50748e-10 0
-5.72717 -16.1632 20.0009
9.22972 -29.0801 4.54598
-6.89749 -5.55758 4.37654
-18.3223 20.1861 21.6502
-5.8728e-18 6.83303e-18 0
-1.19545e-05 -2.96747e-05 0
17.8623 -10.7473 3.60477
4.71448e-19 2.80269e-18 0
-2.01218e-16 -4.53951e-16 0
-1.01722e-17 4.33148e-16 0
27.6659 -69.4133 11.0053
-1.35856e-15 -1.37873e-15 0
13.4149 -23.598 61.9104
1.34072 -26.0284 -5.27278
-44.7171 -20.0892 14.1947
-1.52676e-18 -1.67937e-17 0
-1.73447e-06 1.28196e-05 0
-6.82014e-06 5.02108e-05 0
-6.75455 17.8188 -2.26866
0.0549582 -13.7087 14.167
1.25499e-13 2.18883e-13 0
-20.1255 -0.88158 27.0134
-0.000906268 4.6358e-08 0
-2.32879 -7.18995 2.03859
-35.0543 -0.799042 19.3488
-4.69922e-18 -3.69457e-18 0
-1.9538e-17 -1.40509e-16 0
3.13506e-19 3.10131e-18 0
-4.3168 25.1357 26.8361
-1.06879e-11 1.32591e-11 0
-9.62338 -2.9608 -5.10265
-21.3806 12.9496 3.55002
-1.32942e-17 1.28135e-17 0
3.88981e-19 2.73237e-18 0
9.11387e-19 1.7846e-17 0
-11.6249 21.9967 1.67708
-0.0975996 2.15968 -4.89503
51.484 13.7181 49.1849
-9.49619e-17 -2.73995e-17 0
5.28137 -2.01081 21.8648
22.1695 10.3459 19.4232
-31.2241 -12.409 29.5183
-9.8492e-16 7.73259e-16 0
-6.77641e-16 9.83785e-16 0
-18.3259 -6.15568 30.917
-12.6938 29.3192 -1.20387
-9.62128e-07 1.25937e-06 0
-6.34701 55.187 -3.00238
43.3588 25.5335 1.89461
-6.01069e-05 4.55575e-07 0
2.43603e-09 -6.89585e-09 0
-3.05607e-14 3.54917e-14 0
6.75375 17.1273 13.0898
-3.41996e-20 -2.52692e-18 0
-2.68927e-19 -3.25169e-18 0
-1.24046e-09 -9.57238e-09 0
1.66551e-18 -1.78197e-17 0
-0.375657 5.60249 -2.36087
-9.96895e-11 3.55694e-11 0
-9.85841e-15 -2.60294e-14 0
-2.14947 22.442 30.1785
-4.38022 1.44801 9.09672
-11.5285 27.207 13.7129
-0.00352775 0.0188248 0
-5.45595e-13 7.79537e-12 0
5.37098e-06 -22.8629 42.6712
0.226525 -27.9268 3.68991
-2.32766e-15 -1.85249e-16 0
6.7382 6.3828 36.8764
-0.00022492 0.00131701 0
15.9809 -43.1573 35.201
-1.89108 18.3882 5.89776
-10.0233 -2.97193 0.318303
-2.07571 26.5971 5.02036
11.1376 24.3168 13.4793
-8.73649e-05 -8.78743e-05 20.3739
2.28379e-08 -1.45881e-05 41.7688
5.93905e-06 -0.000261376 21.2662
7.23633 -7.46608 10.4506
-13.3757 -18.4377 12.2085
9.14698 0.203549 8.7722
4.5959 1.6456 -2.41458
-12.0958 -16.3341 12.3896
14.7842 9.5058 13.0253
-7.99905 6.5928 6.40108
2.34927e-07 7.19519e-07 0
3.10453 -42.9186 7.04568
3.08657 25.8785 17.8755
1.7097e-08 0.000906874 0
-2.80265 -11.5652 -5.30224
0.000117526 0.000221588 0
-2.67994e-17 5.47959e-17 0
2.44753e-08 5.00352e-08 0
-4.4927e-14 -1.81561e-13 0
-8.15199 -3.74851 9.71323
2.57109e-16 -1.45135e-15 0
5.28368e-08 -2.44237e-08 0
5.06383e-12 -1.69143e-12 0
3.55231 -19.1708 25.7775
-0.452918 -24.5385 -1.02727
8.21422e-07 1.50495e-07 0
-3.3636 11.4848 -1.70654
50.3702 -0.0577958 96.2077
4.45261e-16 -1.38824e-15 0
45.3605 -7.02771 34.5517
1.17438e-16 -1.40854e-16 0
-4.50659 -36.9926 58.4206
-2.75096 -1.36819 -4.92398
5.02357e-08 -1.0183e-07 20.3798
5.81399e-05 1.67382e-05 41.7882
4.04888e-05 -2.32151e-05 21.2828
3.65922 23.481 33.5882
-7.90613 4.54923 10.6091
-3.57385e-15 -5.57613e-15 0
3.71804 -0.327368 1.347
5.59013 0.982025 12.5992
30.1297 39.0563 52.6026
10.6774 24.3346 28.4823
-11.5167 0.235704 0
-4.93239e-08 -1.10722e-06 0
3.35465 21.6787 20.5896
-1.5589 12.4534 19.5115
11.9222 -19.6634 -4.02122
-1.71678 0.78158 21.5115
-2.94022e-16 9.10194e-15 0
-5.73354e-17 6.69905e-17 0
-40.9306 -47.5439 -1.0545
-5.72058e-06 4.20852e-05 0
1.12979e-11 -5.88632e-10 0
15.0173 -6.72232 2.90633
3.03514 43.2346 -3.77933
3.50151 -19.2985 26.1041
1.78941 -3.11095 15.9531
2.70839e-15 -4.50941e-14 0
5.58339 17.8806 6.13802
-2.60525 48.9921 12.3468
8.00111e-11 -2.48402e-10 0
-3.04323e-17 1.9819e-17 0
-1.1203e-14 -1.25174e-12 0
7.32712 -14.6792 -0.956347
7.44138 -34.7393 26.4116
4.57778e-08 4.32904e-08 20.3738
0.000151021 5.80728e-05 41.7693
4.42542e-08 3.84064e-05 21.2658
9.33668 -2.59804 4.98509
-9.80573e-15 -2.73778e-14 0
-25.6949 54.9786 18.6498
-71.8984 3.14625 19.945
2.3929e-16 -1.03149e-15 0
1.90416e-11 1.89231e-11 0
8.54069 16.3562 0
-1.87632e-12 -1.00619e-12 0
-2.40315e-16 -2.69926e-14 0
0.000121583 27.7631 40.4474
-0.226492 27.9271 3.68994
-1.4471e-17 -4.99354e-15 0
5.13547e-15 -1.02189e-14 0
13.4533 -13.641 -2.75651
-34.216 11.0547 2.77943
5.4453e-11 4.45343e-11 0
-1.50288e-06 5.88676e-07 0
5.24924e-18 -2.00119e-17 0
-11.4925 14.4735 19.7359
-1.94703e-18 9.69904e-18 0
3.90064e-19 -4.79114e-20 0
1.04422e-17 8.56949e-17 0
-31.6025 31.8884 2.3998
-2.54573e-12 -3.59937e-12 0
-5.09808e-16 4.05229e-16 0
7.83145 59.8283 16.7136
-8.95474 -19.2538 20.5803
5.25054 20.4617 56.009
1.58996e-05 -2.06469e-05 0
-6.55142 -18.0147 68.9958
-2.02268e-10 -2.38284e-10 0
-52.5585 -6.72987 5.92667
5.78934 -0.480144 10.7498
-59.2185 19.1058 19.3493
32.3452 -73.9626 11.0086
38.3092 25.7647 44.1802
-84.4171 9.87951 40.287
29.0801 20.4947 1.09098
-3.7607 15.9056 1.94504
-3.04329 0.453249 0
-0.000100038 0.00011228 0
8.00664e-16 -7.30636e-16 0
2.06531e-17 -1.57336e-17 0
4.58294e-20 4.28576e-18 0
-5.10496 -11.2653 -5.02605
7.2508e-17 -5.43478e-16 0
-2.84079e-09 -1.60923e-09 0
4.92298e-07 -1.13327e-07 0
-13.805 -3.3766 29.7931
9.35774 -3.04492 1.03866
2.78772e-05 4.19105e-05 0
-33.9869 29.7155 11.2366
15.9821 -46.5341 5.45374
26.7852 3.15975 17.6652
0.000906374 -2.46594e-08 0
-12.1099 -12.0852 0.816538
4.83989e-17 -5.94863e-18 0
-15.84 -7.94684 5.07384
17.251 21.8137 6.6863
33.8955 -42.0288 -3.01016
-12.1343 -13.0589 1.52423
3.24889e-13 5.56827e-13 0
5.59968e-10 -6.9276e-10 0
7.52167e-18 5.01315e-18 0
3.74837e-13 8.53035e-13 0
-1.61357e-20 -1.12693e-19 0
8.05237 21.528 50.0377
22.4058 40.012 -1.88814
-1.21615e-17 3.59424e-16 0
-9.30635 -111.802 31.4778
-3.59275e-06 3.2687e-05 0
2.6841e-08 2.22643e-08 0
-9.0539 -26.146 61.0687
3.70297e-14 -2.38509e-14 0
14.6049 34.6679 12.0227
81.9438 4.79012 0.755631
12.641 17.8677 15.2294
-48.9073 34.7643 4.16012
-3.21697e-07 -7.20671e-06 0
11.7585 -55.4266 2.92336
-34.5419 -8.21935 27.6094
-36.2425 3.23082 11.612
-7.54424e-18 -2.94429e-18 0
-18.3561 -67.9316 -3.0481
4.48835 -7.76104 11.4879
11.3685 42.4553 13.7489
25.8371 3.08964 17.8862
0.000906677 2.33123e-08 0
-14.2533 13.2481 38.2582
-39.7632 -3.90957 0.808622
47.6725 34.536 0.413602
24.4828 -10.0542 2.96758
-5.05719 -25.8276 6.18011
-2.26147e-14 -1.05185e-14 0
3.69121e-18 3.85614e-17 0
-37.6847 35.74 78.7395
-20.3616 -10.9611 0
2.38961e-09 -6.74895e-09 0
-3.0666e-12 -6.86878e-11 0
-8.69179 -46.5015 23.2525
13.1699 63.0577 40.9691
-14.1114 -8.43907 1.4389
-22.3182 9.30201 0.672642
-57.3368 -8.89986 55.5311
10.6957 -3.79373 2.45908
-1.60913e-18 5.7656e-19 0
16.641 -95.5753 33.6535
31.0845 -19.4274 66.6742
42.5108 16.1091 71.3676
-37.7664 23.8736 -5.04603
-8.53171e-19 -7.53601e-19 0
-5.12901e-18 2.17848e-16 0
27.8464 -7.79222 12.1652
-8.02501 18.7183 5.29825
43.2781 -3.26232 36.2892
21.7545 73.1914 35.2572
30.3406 10.4952 45.1723
-36.8179 22.4745 36.4594
9.93221e-13 -1.17428e-10 0
26.9091 -1.11085 18.0517
0.000906259 6.01045e-08 0
1.33504e-07 1.1074e-07 0
-37.3782 -7.05255 11.1395
-4.433 -4.06852 0.329085
1.72708e-05 1.52545e-05 0
38.4622 76.3719 27.3223
17.7299 -30.5 20.795
-0.0597417 16.999 48.8339
-35.2408 -48.9623 95.411
-1.78138e-12 2.20992e-12 0
4.82309e-06 3.90481e-06 0
1.3295e-16 5.39489e-17 0
-6.92602 -38.4163 -0.99529
5.84279 -4.86168 1.84115
8.01773 -60.3154 2.45158
-14.8421 -38.3633 13.1581
-1.25368e-17 1.04781e-17 0
34.1366 20.4016 35.0675
11.0887 6.58518 1.28329
37.2774 6.68155 15.8258
3.8099e-16 -1.4362e-15 0
-2.90386e-17 9.77116e-18 0
16.8257 -40.0017 10.1132
-7.96974e-06 5.86297e-05 0
-2.51743e-17 5.47491e-16 0
7.53461e-12 2.17696e-11 0
1.69473e-16 1.29066e-15 0
2.04824 -2.20914 4.7063
-6.33457e-14 -8.18038e-14 0
22.9408 7.30306 -0.290036
156.91 18.3488 19.6761
3.38072e-09 6.78398e-09 0
13.621 -36.8432 24.6222
17.6226 -10.2195 1.35227
-3.05971e-14 -4.61404e-14 0
-24.8743 -46.6143 53.4667
-1.37413e-16 -1.9835e-16 0
-1.87035 21.7295 18.3224
-2.10383 34.2036 4.15743
-20.8351 11.6838 -0.733747
-1.04296e-15 -1.56409e-15 0
-4.6393 20.1165 15.0631
-5.40038e-05 -4.94576e-05 0
-3.81303e-18 -3.14106e-18 0
6.98471 49.198 10.0979
0.853124 28.2896 26.7391
-27.6276 -4.21366 11.9945
-8.04563 -1.93364 15.0927
1.24146e-18 -7.25677e-20 0
-1.94057e-16 -2.81218e-16 0
-0.0034319 0.0042575 0
-49.3779 10.8559 6.26867
6.94799e-10 -3.16627e-08 0
-32.7305 27.0606 -1.72183
-20.198 3.54153 25.7405
-0.000906312 -2.34716e-08 0
48.6221 20.5434 35.1884
4.45479e-14 9.73313e-14 0
-9.73509e-18 -1.72827e-18 0
-35.6544 16.5988 0.616194
-6.82227e-11 8.20805e-10 0
-18.9828 -24.4614 -0.989692
10.587 47.2847 90.3341
-9.61099 -3.11564 9.71386
2.18841e-13 -6.16716e-13 0
-31.6472 77.2563 -1.95946
-1.62559 -22.1345 16.6606
2.23942e-17 -1.70633e-17 0
-7.72049e-15 -3.72254e-15 0
50.6507 -20.8975 9.23284
-1.76752e-11 -2.08225e-11 0
2.62132e-17 -2.80287e-17 0
0.099992 1.54713 -2.039
-3.04698e-18 1.31826e-18 0
5.69473e-10 -1.6209e-09 0
1.30187e-10 -3.74432e-10 0
14.836 9.92808 38.0534
-16.0429 12.1226 16.3123
44.7521 -1.5132 1.57461
-1.28863e-12 -2.97518e-13 0
1.08883 -85.8854 -3.78889
1.10654e-17 7.27729e-18 0
-70.4222 -5.99593 46.7964
-23.9713 -23.0279 12.7985
-35.1235 -24.5 12.9644
25.0067 -3.0425 21.2958
-1.62912e-16 1.39469e-16 0
-19.2529 3.5038 26.1139
-28.8622 -2.42052 -0.135302
-0.000367377 0.000180087 0
-6.75989e-12 -1.77779e-12 0
-1.20043e-15 -6.59512e-17 0
-1.14993e-18 -7.08716e-19 0
-22.5083 0.591574 -1.89533
6.55177 10.9852 16.8261
-25.7611 -21.5728 23.4683
29.6659 -19.4738 21.9324
1.68021e-09 2.83492e-09 0
1.66689e-13 3.10267e-13 0
-6.28635 -15.7413 20.1107
6.51299e-18 -3.41304e-17 0
1.13707 -11.8855 -3.30277
-4.57438e-14 9.30582e-14 0
-21.9333 -3.58935 16.0926
-8.28007 2.61679 24.506
2.51096e-11 3.81677e-11 0
-37.5601 10.1881 95.1829
11.4681 4.88845 8.89542
2.14462e-11 1.77891e-11 0
27.151 -69.8629 10.7324
-1.35774e-15 -1.38138e-15 0
-26.3335 1.70737 53.7945
46.3914 -18.9234 5.20021
11.4917 14.1653 -4.33779
-1.86256e-16 1.23299e-15 0
5.32276e-12 -1.77802e-12 0
-2.70257e-15 -3.82571e-15 0
-23.5829 -39.3755 -5.23432
-7.5926e-06 5.57229e-05 0
-1.94313e-06 1.43168e-05 0
-20.1258 -0.880343 27.0149
-0.000906317 6.3472e-08 0
-2.89427 10.3518 10.6048
-35.0675 -0.759522 19.3934
-5.02333e-15 -4.88485e-14 0
0.0077543 0.0125378 0
8.92278 -65.2979 36.7056
11.9388 -8.2181 17.7373
-11.9196 8.20801 -2.62723
-33.9009 -41.1807 3.17604
29.9069 33.901 -4.59772
-1.3294e-17 1.28133e-17 0
-8.90016e-20 3.41849e-19 0
31.3211 18.5557 -5.281
-14.6159 -5.28411 -6.79711
-1.11256e-06 -2.02322e-07 0
-62.2061 34.2068 9.18818
-12.6755 5.27498 2.96565
-18.0225 -8.84904 4.05379
-17.6631 10.1967 8.66744
-14.5485 16.0509 16.1508
39.5744 0.625166 -3.92635
-35.5415 -40.7919 5.43088
9.12859 0.601133 4.01832
-1.15812e-12 9.26042e-12 0
26.3917 -14.2923 -3.14017
0.000160502 2.08064e-05 0
2.67621 72.541 64.6432
-1.72166 -4.1326 16.1541
3.4047e-11 2.82414e-11 0
-4.37862e-11 -1.33063e-10 0
-4.17475e-12 3.28104e-12 0
4.05157e-20 -1.0494e-17 0
2.24919e-19 -9.62595e-19 0
-1.2334e-09 -9.57086e-09 0
2.6368e-19 -2.10954e-18 0
-0.296867 5.60767 -2.37248
1.97743e-13 -6.5923e-14 0
-17.4148 -28.9339 23.4778
0.853388 31.4978 23.4638
6.61339 2.46096 0
11.5534 24.8196 11.731
-1.79172 9.07144 2.0143
-7.16528e-07 -1.60518e-05 0
5.20589e-06 -22.863 42.6712
0.226536 -27.9266 3.68992
9.83273 14.7337 33.1613
1.41595e-15 6.55464e-17 0
-2.01647e-07 1.0796e-06 0
20.1691 -43.2523 38.3548
1.87527e-08 1.55551e-08 0
-4.42211e-09 -6.7188e-09 0
18.9988 -25.5794 27.297
11.5647 7.47616 7.42651
0.000113682 -0.000113767 20.374
-1.49379e-08 -1.45916e-05 41.7688
0.000151652 -0.000369278 21.2664
3.4453 -0.624924 3.10896
-4.30863 8.46356 2.74043
23.9056 7.07641 30.7005
4.47924 1.68791 -2.08304
-14.9247 1.91016 -4.70031
26.303 -45.9544 12.6319
7.88508 3.23781 17.9132
11.5698 17.9274 4.39015
3.06506 -42.9998 6.82522
3.08892 25.8764 17.8742
4.40856e-08 0.000906874 0
5.27053e-16 2.95357e-18 0
3.09731e-05 6.21524e-05 0
0.000192252 0.000383766 0
16.9508 -11.137 22.7815
1.48568 -29.7102 2.36571
-0.00506893 0.00724475 0
8.02062 7.13915 -0.891953
-8.62315e-09 -2.3119e-09 0
6.27774e-13 -1.73559e-13 0
3.5524 -19.1708 25.7771
-0.453066 -24.539 -1.02641
-11.9596 -18.5798 4.69935
-22.7396 -0.485892 -3.02322
-43.3587 -66.7698 73.3474
-3.60693 14.1084 19.8568
15.344 19.0081 11.0048
6.63513 6.0825 -1.53492
20.2269 -33.9548 35.4805
16.0308 23.3026 7.20403
1.51646e-07 -1.59521e-07 20.3798
2.01171e-05 5.79757e-06 41.788
5.95811e-05 -5.1315e-05 21.2829
5.83521e-08 -4.44283e-08 0
-1.56908 5.49388 7.61471
-5.14236e-17 1.44281e-17 0
3.48952 -0.396172 1.17923
5.27368 0.896571 13.3417
1.39368e-06 2.63856e-06 0
17.0103 26.1235 34.8377
5.23096 11.4023 1.88454
3.22963e-17 -1.72343e-17 0
3.35485 21.6783 20.5889
-1.5585 12.4532 19.5116
-1.89603e-10 -6.3683e-11 0
1.08653e-05 2.34761e-05 0
2.45464e-18 -6.03821e-18 0
4.01862 53.1034 -0.423258
5.212e-15 -1.52948e-14 0
-1.59023e-11 1.07828e-10 0
-1.2056 -0.141479 11.9752
24.839 58.2648 4.21013
1.2226e-13 2.22148e-12 0
3.50326 -19.297 26.1013
1.76948 -3.12459 15.963
-2.94003e-07 -6.78795e-08 0
6.75739e-10 7.82939e-10 0
4.02022e-17 1.21617e-16 0
-22.3457 0.855753 34.4561
0.0695458 -25.7362 1.61396
1.28285e-14 -4.30272e-15 0
-1.64837 -18.6736 -0.0987639
-14.2057 -14.949 -1.37835
2.07253e-05 -4.06831e-06 20.374
9.2785e-05 4.13085e-05 41.7691
3.99592e-05 4.75652e-05 21.266
-7.40713 34.6894 11.5349
-93.9401 -46.0902 13.5184
-28.0815 -9.13487 26.5558
-0.154171 -1.36888 0
-7.80935 -16.0073 4.33406
17.6257 14.8996 30.4511
0.00022652 0.000146664 0
-25.8862 -3.15002 79.3258
0.0101869 0.0113994 0
0.000108989 27.7631 40.4474
-0.226504 27.9269 3.68973
-8.17276e-17 -4.59242e-15 0
-6.8444e-16 -4.28729e-15 0
-1.43716 -19.3236 -0.285143
3.42472 -2.49766 -3.35008
0.764179 23.3257 5.88827
1.79187e-15 2.67601e-15 0
33.9028 12.2726 31.1685
1.12614e-09 -3.18056e-09 0
1.71638e-19 1.69674e-18 0
2.60343e-19 -9.75983e-20 0
-22.9782 -6.25016 -2.15327
1.19056e-17 2.68022e-17 0
-2.4543e-12 -3.53682e-12 0
5.08464 -1.01089 77.1657
1.09994e-15 -3.22297e-15 0
2.31482 -25.603 24.3992
-2.24314 -8.26102 3.06282
-9.22354 18.074 10.4806
67.435 100.619 42.5805
1.07021e-17 -8.17623e-18 0
-27.1101 -28.4187 19.9132
23.6313 22.0313 -4.19243
3.13669e-17 -3.80288e-17 0
-1.16097e-18 -7.9095e-19 0
3.21626e-16 -1.77972e-16 0
1.37646e-13 -1.04801e-13 0
-8.77148 53.433 11.1151
-2.57628 -1.09843 6.47769
-12.968 4.0927 -0.883119
80.5498 -39.6095 19.3218
7.89884e-16 -7.3166e-16 0
8.73905e-18 -6.59357e-18 0
-1.42691e-19 4.44482e-18 0
4.44189e-20 -1.61753e-19 0
7.39935e-19 -1.61474e-18 0
-6.28969 -18.2367 7.78496
0.0150375 0.024234 0
-8.86926e-19 8.8239e-19 0
1.95005e-08 -5.93548e-09 0
1.17814e-14 -5.92515e-15 0
2.54407e-07 2.11028e-07 0
-36.003 99.1772 9.01742
26.7894 3.16038 17.6705
22.5349 1.31504 6.17653
-9.41064 -9.33778 4.4975
-28.5882 -26.9577 7.86113
16.613 69.9048 16.8117
-22.968 -45.2674 68.7724
-57.0622 -1.4544 16.8915
-34.2877 -6.93604 16.5677
10.1124 19.0065 6.96587
1.17341e-13 1.19578e-13 0
6.26463e-15 6.87676e-15 0
-19.5444 -51.2649 37.3121
-7.8578e-12 -1.76102e-10 0
15.7692 55.3695 45.2784
3.10945e-05 4.10157e-05 0
54.1319 64.1539 83.2925
-38.6587 -27.7493 16.1058
-5.39558e-08 3.62897e-07 0
4.22393e-13 3.50087e-13 0
4.41248 -54.8671 13.4137
29.6046 -11.2379 96.5421
3.45272e-16 -3.44754e-16 0
77.9851 28.7037 -5.5294
-0.360857 19.7373 16.4503
12.6439 8.57606 37.5094
1.82606e-14 -2.727e-14 0
-28.2753 4.39381 2.9731
-9.93631e-19 -1.21947e-18 0
3.15842e-07 2.61987e-07 0
-5.80006e-08 2.51921e-06 0
-2.90789e-14 -8.49356e-14 0
6.95381 22.6361 30.8262
-9.19332 20.8207 42.4726
25.8401 3.08963 17.8902
14.024 0.0646378 13.5957
-36.2912 -11.4149 3.47555
1.40366e-13 1.16323e-13 0
7.32906e-12 -6.43806e-13 0
7.10437e-12 -3.6995e-11 0
22.9972 -4.88492 5.11976
-61.4142 57.6 26.1142
-45.0293 -23.4809 -1.68223
-19.1563 -4.75563 1.3611
28.943 49.1103 9.7489
1.368e-09 -3.86362e-09 0
1.92555e-12 3.64551e-12 0
23.9297 -40.6516 31.0495
-13.2286 -13.5204 7.05737
-19.0848 -9.34573 11.1121
1.79907e-13 1.07263e-13 0
6.6923 31.1222 1.76625
45.412 -47.5988 1.96188
1.07168e-09 -3.02671e-09 0
8.17542e-18 1.97774e-18 0
53.0426 35.8738 6.79766
-112.533 92.8953 119.739
5.82927e-16 -5.82033e-16 0
77.0583 -41.0753 41.1347
2.48922e-10 4.19283e-10 0
-2.53307e-19 3.15972e-18 0
1.41487e-16 -2.40843e-16 0
-42.7214 39.2957 20.7502
2.41631 -14.1 -1.21241
48.5524 35.7906 37.5157
0.555365 -12.0659 9.24462
2.49383e-17 5.09444e-17 0
26.9137 -1.11213 18.0571
26.1073 1.12521 -2.56494
-26.3139 41.7097 21.4716
-5.64074e-07 -6.64513e-07 0
-15.7045 15.2394 24.6819
-36.3592 -38.9248 6.70222
-21.4693 -58.4165 7.23591
5.07742e-17 -8.84887e-17 0
22.0505 10.1807 10.5195
-7.39453e-09 -2.36013e-10 0
-2.76837 -12.8236 57.1236
2.70551e-11 2.1904e-11 0
25.1638 43.1283 0.531886
-7.63039 -38.4117 -1.6485
-36.8595 2.38585 -2.17164
15.7907 -3.65009 -1.09757
-6.57775e-15 -8.97705e-15 0
-27.6885 -10.6482 -4.74346
17.2803 7.51461 10.1826
28.1106 68.043 7.31731
1.82191e-12 1.51102e-12 0
-7.13426 -3.1361 24.6905
-4.23824e-18 3.53281e-18 0
-6.7447e-10 3.28016e-10 0
2.50974e-08 4.43923e-08 0
10.3769 7.50501 20.3929
1.72346 1.48382 -4.6149
3.74047e-16 1.80564e-15 0
-9.1582 12.9337 41.8271
2.12993e-17 -2.16714e-17 0
3.01089e-12 2.49036e-12 0
-2.57075 31.8009 12.502
1.22954e-15 -2.68762e-15 0
2.85059e-09 -3.44521e-09 0
-2.35061e-10 1.8474e-10 0
15.7896 -38.494 -2.11246
17.6398 -34.2875 4.89734
3.29491e-18 1.2082e-18 0
7.72177e-19 -3.50078e-19 0
-3.05183e-18 -7.81415e-18 0
1.92819e-18 -3.96727e-18 0
13.2145 -12.4879 3.14341
-4.55479e-15 2.88706e-14 0
-2.26952e-08 -2.08178e-08 0
-3.80898e-18 -3.12216e-18 0
7.01485 49.2139 10.0612
0.818392 28.4078 26.5424
22.9993 -38.9878 1.12727
-9.17386 8.29492 13.7649
31.6856 25.7939 9.6355
3.847 36.3069 22.4752
38.2904 29.8829 7.14459
44.1422 56.3317 16.1959
1.50416 24.0099 4.09301
4.56899e-13 4.06623e-13 0
-20.199 3.541 25.7399
-0.00139391 -3.47417e-08 0
-8.24129e-11 5.85168e-10 0
-2.28604e-06 1.63128e-05 0
-4.45977e-11 -6.69139e-11 0
-18.863 -18.707 0
-38.6242 4.1693 5.77979
-17.8192 -46.1992 5.545
-4.52798e-07 5.61727e-07 0
-1.53298e-06 1.11369e-05 0
1.00574e-17 -7.51759e-18 0
-30.2216 77.8594 -1.08974
-12.6664 -18.0761 17.2858
1.14331e-13 -1.97583e-14 0
39.341 -28.0145 -4.92816
3.84418e-09 -2.57155e-09 0
-0.969349 0.681649 5.86292
6.10998 -12.3802 0
22.4244 50.7691 20.064
3.50532e-09 -9.90554e-09 0
26.9923 2.7649 35.0384
2.11408e-16 1.25075e-16 0
12.727 13.0869 45.5916
-16.0414 12.1145 16.3163
-5.94644e-14 -2.32723e-14 0
10.3793 21.3085 -0.984539
52.5226 81.8982 -2.95058
-7.8163e-17 5.16551e-17 0
-1.61268e-16 -1.23626e-16 0
-23.8439 -12.923 5.34935
-30.7276 -29.3919 -4.53166
2.01838e-07 1.67422e-07 0
27.4715 41.1449 -2.25301
-19.2522 3.50345 26.1134
-0.00090671 4.46921e-08 0
-3.02748e-12 -1.97654e-13 0
43.957 28.4908 15.1841
2.60074e-17 -2.08216e-17 0
17.8759 17.7477 5.72504
-19.7731 4.54662 -3.08552
8.11976 40.1043 18.2005
4.66886e-18 4.03276e-17 0
-17.6338 -1.44709 -2.28913
-7.13398e-06 5.25322e-05 0
1.13976e-14 1.70912e-14 0
-6.2905 -15.7313 20.1142
54.2109 36.8032 13.0911
-16.5158 -13.2211 17.2712
7.66584 -3.92168 -4.47217
3.1822e-07 -8.85601e-08 0
1.1974e-13 2.14218e-13 0
14.3632 -19.7079 42.71
12.296 -8.4728 11.5119
-10.736 -6.45525 12.3684
-14.2606 -13.8519 17.3265
7.34976 -70.6678 12.7024
13.4242 -24.7417 3.83476
3.78159e-14 -1.13571e-14 0
0.281526 -2.28733 0
63.7951 50.3303 34.5507
-48.3002 -73.346 38.7713
-0.00398395 0.0255075 0
7.4202e-17 -2.7065e-17 0
-3.163 29.4812 17.6725
2.63445e-07 2.18524e-07 0
-40.2358 26.3977 36.3326
-20.1276 -0.879746 27.0144
-0.00139388 1.268e-07 0
5.20258 27.8026 36.1786
-36.7155 -0.467611 17.9896
-1.69536 -17.4287 -6.30966
5.52886e-19 -2.16088e-17 0
-1.26833e-14 2.35581e-13 0
-7.17456 -13.6086 11.4893
-5.24813e-08 -2.82839e-08 0
-16.2352 -2.39561 16.5833
-4.96651e-10 3.71745e-09 0
-8.65757e-18 8.28035e-18 0
1.8305e-18 2.66455e-17 0
31.3682 18.4999 -5.7501
-7.14472 1.92305 10.9775
3.74804e-12 4.56975e-11 0
-1.0394e-14 -1.0566e-13 0
1.61316e-05 3.6262e-05 0
1.84732e-17 1.08614e-16 0
3.04146e-18 2.0725e-17 0
-17.6691 -10.6072 18.1397
-0.0118407 -0.265257 0
-36.8736 -40.5541 3.58953
-19.0478 -13.0239 14.5683
-8.18617 -29.4493 39.1526
31.7962 20.3797 8.19247
27.8726 -6.09402 31.4921
3.45075 84.882 20.5058
48.9326 7.209 12.2147
3.41101e-15 5.1133e-15 0
0.230641 22.1403 11.4679
12.903 37.5516 62.6036
4.4467e-19 -8.09734e-18 0
5.61233e-19 -6.89902e-20 0
-1.23959e-09 -9.56668e-09 0
3.04604e-14 -1.13125e-13 0
-1.88502 4.87333 -2.88709
1.67777e-18 -1.95761e-18 0
-2.59663e-05 3.40118e-05 0
4.66842e-16 6.68119e-16 0
12.6911 38.9382 31.8742
-0.677798 28.7502 -3.83589
8.39608 43.0353 43.3056
-2.47824e-15 -8.57439e-15 0
2.08578e-05 -22.8735 42.6649
0.22876 -27.924 3.69845
-8.62889e-15 5.63424e-15 0
4.08014e-17 -2.4458e-15 0
-6.21839e-15 3.00651e-14 0
-8.90399 -52.6038 36.2379
-0.0105384 13.046 -3.23438
-1.25883 -9.81124 78.2068
-21.2759 -21.3845 60.272
-8.11891 -3.21128 -1.76955
0.000211038 -0.00012055 20.3733
3.33923e-06 -1.46815e-05 41.768
0.000178721 -0.000149414 21.2652
-5.92414 -2.28564 6.21616
10.2757 -10.4553 -1.08556
-4.92882 10.7124 1.80782
3.0043 2.56097 -1.13409
8.47249 5.57428 -4.05466
-1.19758e-13 9.41197e-14 0
-2.53923 30.334 26.4284
32.792 -12.8697 65.785
2.81041 -43.2528 6.47599
3.08778 25.8895 17.8657
-1.33659 30.278 2.00803
-9.78519 0.0651639 -1.61069
0.464878 1.74125 -4.23364
1.09421e-16 4.16595e-16 0
-9.69795 -13.0922 -2.52359
-1.22151 37.1098 -0.975068
16.2477 6.06369 30.6124
6.98 14.7834 13.645
-17.0016 -2.8361 46.729
2.53073e-12 -8.45315e-13 0
3.55215 -19.1878 25.772
-0.452387 -24.5444 -1.03667
-3.97739e-07 2.55068e-06 0
1.32346e-14 2.56836e-15 0
17.7149 1.04822 43.0118
-5.12963e-18 3.35839e-18 0
-7.74768 -14.5137 -0.435043
114.443 -14.1802 53.6107
2.55469e-15 9.97669e-17 0
-5.2817e-19 -8.96025e-18 0
2.84785e-07 -9.38067e-08 20.379
3.10942e-06 1.10932e-09 41.7871
1.99954e-05 -5.96917e-07 21.2819
8.16603 -9.31132 4.42823
10.2062 -4.98738 3.7184
6.49715 -1.92024 10.9411
1.43094 1.11838 5.50433
6.12624 6.04082 8.0888
-12.0286 -13.7746 4.04894
-3.87 -32.0133 -1.52343
-17.5445 3.10582 33.071
-2.84994e-13 1.88633e-12 0
3.35468 21.6946 20.5815
-1.55758 12.4482 19.5124
-3.66566 2.54519 4.50284
5.23819 15.8784 -0.394849
-0.113049 20.8409 -6.04267
1.91054e-14 3.218e-14 0
47.5412 -19.747 4.65727
1.6655e-16 1.30573e-15 0
-1.93469 -16.6769 -3.97473
56.4595 -32.619 27.6992
20.0102 26.9296 23.4802
3.50175 -19.3128 26.0946
1.94979 -2.91221 15.8182
-2.3092e-09 -2.58006e-07 0
-3.05108e-17 1.45858e-16 0
10.8584 26.0319 10.8641
-3.10762 0.16402 3.95883
-4.63044 -19.1145 12.7595
-0.181744 3.70748 14.4931
-4.64635 -10.691 2.47884
-15.8779 15.41 5.24113
7.31201e-05 -3.01571e-06 20.3733
3.90512e-05 7.59883e-06 41.7682
0.000189152 3.91987e-05 21.2652
6.11372e-09 1.39135e-08 0
-7.78453e-15 -2.46458e-14 0
3.88932e-13 -1.05743e-13 0
-9.6131 -8.79994 6.78884
20.9029 0.627597 21.4289
36.5226 -51.1932 26.1903
-1.71021 -29.8621 18.4481
5.8756e-18 1.39332e-18 0
-6.73704 21.6429 14.1001
1.89111e-05 27.7725 40.4398
-0.226548 27.9259 3.69181
-7.85057e-17 -4.56948e-15 0
-8.87436e-14 -1.10661e-13 0
-21.1681 -12.2813 -4.21452
1.43669e-08 -1.54495e-07 0
-4.2063e-18 4.92948e-18 0
11.4159 -0.289557 6.6863
-267.206 -113.801 132.507
-32.3382 -12.8954 23.5967
6.7479e-21 3.24189e-19 0
-3.75427e-18 6.45585e-18 0
1.12246e-17 8.43175e-17 0
2.29963e-16 1.2137e-16 0
-3.76562e-13 -5.48484e-13 0
-30.0104 -5.33301 1.21146
1.7067e-16 6.86024e-17 0
-10.7974 -27.5143 32.6128
-29.9495 -13.1931 -0.208459
3.57068e-11 -2.7393e-11 0
1.51189e-14 -1.52853e-15 0
1.28025e-07 1.06195e-07 0
-36.9239 -30.427 5.23014
-2.70771 23.2039 16.7752
1.15086e-13 -3.2476e-13 0
1.94993e-16 -4.39321e-16 0
6.12575e-13 -5.6244e-13 0
-0.00828752 18.2032 113.613
-7.43916 -18.5733 24.344
-1.35008 24.0856 15.4568
7.27659e-17 -1.7874e-16 0
1.03832e-12 8.61026e-13 0
4.94068e-16 -4.88123e-16 0
8.75927e-18 -6.64129e-18 0
-1.03071e-17 2.77989e-17 0
-1.62372e-16 -1.58912e-16 0
0.942178 -31.927 -1.77946
2.66855e-11 -1.37771e-12 0
7.77143e-20 -4.24606e-19 0
35.9099 -10.5618 25.2835
47.7828 -0.771809 15.0997
4.57852e-18 5.03609e-18 0
5.77438 4.70125 8.23191
7.84652 -31.0924 17.4606
-32.2256 21.1177 19.4022
29.4033 -0.356885 2.58287
-15.1172 10.2883 12.0397
-7.48072e-05 5.01139e-06 0
-45.9213 46.147 34.6072
5.07816e-17 -1.33167e-17 0
53.62 14.6522 32.0421
-6.17632 9.92552 -6.00837
50.5665 -9.21762 -5.62672
4.89218 -3.38894 2.29436
4.67248e-13 5.14551e-13 0
25.1747 82.5033 3.22199
18.5191 -76.5308 2.48063
-24.4149 12.2553 45.0192
-3.80356e-06 2.77188e-05 0
-34.0082 -8.14244 -4.55855
-19.9861 20.301 0.368494
1.66196e-05 2.79939e-05 0
1.38214e-18 -1.49393e-18 0
-2.94787e-18 1.26029e-17 0
-0.000140796 -8.83079e-05 0
2.60474e-12 2.16288e-12 0
2.96397e-18 -1.67794e-18 0
-47.1707 36.4525 39.9353
-2.50749e-16 9.01443e-17 0
1.74531e-13 -4.59429e-14 0
-8.85603 1.12862 2.30215
-5.45773 16.2123 -1.68069
3.47755e-17 -4.22818e-17 0
-2.74418e-17 4.14926e-17 0
-34.44 10.1076 16.8954
1.49554e-18 -1.71006e-18 0
-4.11311e-16 6.04929e-16 0
-19.0578 19.0586 27.5297
24.9548 0.241466 6.57115
1.0244 -30.8163 18.1587
4.42095 -40.4639 3.18013
4.32563e-07 3.58806e-07 0
1.77439e-16 -3.44778e-15 0
2.21714e-12 -6.62297e-13 0
18.0924 1.36836 27.4372
27.0285 24.5042 23.4207
-64.6114 49.2859 32.8502
25.2593 13.2808 -4.30474
42.6151 43.1032 44.8281
-58.7463 -11.7133 40.7444
-32.9344 26.1773 25.7474
3.33271e-18 -5.23785e-17 0
-11.714 -13.0272 23.5941
-51.2172 10.0323 5.76154
26.4338 48.7192 -2.88019
6.7161e-08 1.27794e-08 0
6.35253e-09 4.93146e-08 0
-44.6467 -33.1856 10.1692
5.63692e-11 1.03275e-11 0
-49.2013 40.0068 46.5542
-28.7093 21.0047 14.9687
146.263 -39.2776 60.2767
1.82706e-13 3.14284e-13 0
-17.3984 -1.97936 -5.61576
7.11031 -70.1457 36.0063
-0.280742 -40.7894 36.195
1.37189 -31.709 2.67553
-2.01155e-14 -6.70006e-13 0
2.86698e-12 8.66624e-12 0
2.13896e-13 1.40434e-13 0
-34.0408 -1.61208 26.2576
29.2804 0.987232 -0.247137
35.0867 42.62 151.12
1.31581e-17 1.20862e-17 0
5.43741e-18 1.96723e-17 0
4.89226e-10 -1.39032e-09 0
3.09056e-12 -9.81476e-13 0
-0.134974 -13.1228 26.789
-1.07744 -14.2386 19.8988
-1.07853 50.4636 32.447
2.23377e-10 3.76256e-10 0
3.11259e-17 2.51218e-17 0
1.57532e-17 3.22469e-18 0
-21.8602 -11.4898 16.9191
8.28907e-11 -1.97467e-09 0
18.3094 20.988 16.0831
37.4532 11.2136 10.302
3.13321e-16 3.29272e-15 0
-9.70704 25.2773 70.7657
-3.44502 0.380261 4.11104
1.54915e-16 -3.27155e-16 0
-0.000103517 -7.6711e-06 0
-3.55665e-12 3.26656e-12 0
-19.1944 16.9532 24.093
1.8609e-07 1.54359e-07 0
-3.28303e-08 2.2129e-07 0
-6.61189 12.3051 2.0034
1.05114e-16 1.0526e-16 0
-19.8054 -22.8913 -2.02529
10.3024 39.5919 20.9931
-5.01302 -6.06132 4.76847
31.7583 32.8704 27.524
8.78724e-16 6.73523e-16 0
4.42563e-08 -5.4229e-08 0
-3.37569e-15 -2.51174e-14 0
4.03128e-07 3.3439e-07 0
1.24691e-15 -9.53424e-16 0
0.00157531 0.00172781 0
3.17372e-13 3.00441e-13 0
3.44107e-11 -8.46735e-11 0
4.48444e-12 3.71047e-12 0
-20.7542 -19.2753 13.5529
-21.0554 16.6269 -2.132
-2.18193e-15 -3.83618e-15 0
-3.52769 15.4623 40.2006
-12.6376 40.5527 17.778
-6.85618 15.5321 11.9725
13.0366 -14.6494 0
-1.38429e-09 6.1857e-09 0
86.9514 -49.479 32.2716
2.60792e-11 2.16319e-11 0
31.1457 21.5376 4.19615
-3.47681 -45.8105 22.42
-11.2766 17.5288 37.0595
42.8399 -0.0932872 2.00279
-21.212 3.48497 25.5797
-0.00139331 -3.0468e-08 0
-15.3864 -25.4499 6.31188
-1.95127e-07 2.62308e-08 0
-2.21889e-06 1.58687e-05 0
3.23747e-18 1.75891e-18 0
-23.729 0.499378 0.509087
-39.8012 2.7693 18.8763
5.02897 9.05069 0.345372
40.6473 65.702 33.6286
-1.23085e-10 9.10584e-10 0
202.658 -121.304 25.6771
-9.99601e-12 -2.24275e-10 0
-8.86971e-20 -5.54775e-19 0
9.06035e-20 -3.44941e-19 0
2.15823e-15 7.92339e-16 0
-13.9446 -18.815 -0.413013
-100.206 70.6571 124.658
3.45766e-07 2.86809e-07 0
2.17369e-15 -9.78378e-16 0
-9.6098 -22.8136 0
-12.2881 8.35472 36.7166
-36.2581 49.5617 73.6972
-15.2913 17.811 13.5875
1.75199e-10 3.24479e-09 0
47.9393 -24.0306 -1.32884
1.39126e-17 -3.88742e-17 0
29.5263 82.6052 -2.34709
4.68856e-17 7.6022e-17 0
-6.14475e-08 -1.37656e-06 0
13.1958 15.2771 9.75711
1.48298 4.88579 41.0602
43.258 1.44957 -4.15287
-20.2416 3.4476 25.9585
-0.00139372 5.43838e-08 0
-1.20234e-05 -3.11657e-07 0
-23.8448 6.44657 -2.48243
0.000270473 0.00296435 0
3.22653e-12 3.79479e-12 0
1.3596e-10 -3.09873e-12 0
1.99666e-14 7.77875e-15 0
-0.0290624 -0.020916 0
-15.1946 -21.852 30.7869
-4.18262 5.90125 22.4763
11.5045 -62.8039 32.2994
-5.52528 -22.0851 16.6444
-1.02101e-11 9.37735e-12 0
-7.98098 -9.96502 11.6832
-9.93315 -22.1997 12.7455
2.57853e-14 2.756e-14 0
61.1272 10.4677 -0.483705
38.0734 7.51168 -2.3956
-25.1571 -20.9739 35.5542
-123.334 -5.78906 74.7363
4.44785e-10 -1.25658e-09 0
-14.8611 -14.8855 46.3248
12.6706 -4.61296 9.67387
19.7541 52.7196 38.073
31.3709 -18.1894 -0.658892
1.75677e-14 5.38071e-14 0
5.32168 -2.85798 2.12797
5.6547e-15 3.28891e-16 0
4.30118e-16 -1.48453e-16 0
14.6825 -61.1298 9.01642
-5.77752e-17 -6.04826e-17 0
2.55469e-10 1.87798e-11 0
-21.1879 -0.872764 26.8382
-0.00139324 1.1359e-07 0
-10.7493 -23.9786 5.64346
-39.0372 5.97206 2.23977
-36.3806 -53.0303 13.8965
-20.4308 -13.9734 15.2262
-3.49491 3.88239 29.0457
3.28602e-14 -8.22213e-15 0
-19.3326 -8.45971 -1.28959
47.2747 48.78 56.2077
-4.60147e-06 3.38987e-05 0
-5.67247e-05 0.000131641 0
-52.772 20.4807 21.299
0.00201142 0.00440347 0
1.45199e-14 8.46531e-14 0
2.67954e-18 2.32304e-18 0
-8.68887e-18 -1.15231e-18 0
1.50611e-07 1.2493e-07 0
7.42629e-15 2.58111e-15 0
-23.3368 3.46842 4.64752
-5.44523 -11.7076 -2.23941
-71.4635 42.8594 15.6064
-38.7893 -39.8821 0.683499
-3.70833e-18 -3.72979e-18 0
2.32153e-11 1.92568e-11 0
-4.60488e-10 2.45314e-08 0
11.9005 35.0768 1.60379
-10.6381 25.0651 52.9171
4.84679e-08 4.02036e-08 0
5.72995e-09 8.62815e-09 0
-9.21232e-14 1.42568e-12 0
-29.7196 -3.9812 13.2067
1.70824e-19 -9.43067e-19 0
5.87747e-09 4.87529e-09 0
-2.00255e-09 -1.4743e-08 0
-2.42725e-08 -5.43755e-07 0
-37.4199 -13.6575 31.022
-3.83381e-12 -1.26284e-10 0
1.97411 -12.7951 9.51755
2.43742e-16 1.24831e-16 0
-1.36762e-18 -7.0517e-18 0
-0.122605 -3.029 4.49727
0.00187629 0.0152808 0
1.56227e-12 -5.30634e-11 0
0.000191325 -27.6333 39.4693
0.000324845 -27.8909 3.03719
7.42664e-15 1.11077e-14 0
6.57426e-17 -9.00471e-17 0
5.48861e-18 -4.97064e-18 0
-2.64295e-13 -2.24967e-13 0
6.26848e-12 -4.77272e-12 0
-2.98074 -22.5039 6.97262
7.60372e-16 -1.1447e-15 0
2.51536e-10 -7.00019e-11 0
4.88236e-05 -2.78398e-05 20.3724
3.94846e-05 -2.08114e-05 41.6654
0.000111864 -4.43196e-05 21.1754
-21.718 -2.33922 7.52572
-0.00135169 -0.00016736 0
-18.8016 8.51491 23.0555
4.47843e-14 4.1122e-15 0
-1.68027e-05 3.42236e-05 0
1.20376e-17 5.11109e-18 0
-3.37024 10.2535 12.9981
2.19559e-14 1.72841e-13 0
-1.06686e-15 8.27855e-15 0
-1.03408 30.6486 16.4809
7.52122e-08 0.00139194 0
9.39018e-14 1.2978e-13 0
51.4665 1.54878 7.55116
-6.54981 -5.55027 12.1605
-4.36304 6.15481 0.687599
-3.93219e-15 -6.35674e-16 0
-14.0956 27.9066 11.0264
-2.99689 -8.39466 0.935114
-0.00944356 -0.12059 0
1.31165e-14 1.96676e-14 0
-0.787076 -24.3543 25.7895
-0.394034 -23.5074 0.544273
-8.63478 5.06394 -2.06036
-1.85686 -36.0371 16.2271
-7.35843 15.3452 1.3426
1.69789e-08 -2.05206e-08 0
-11.3229 6.74898 7.00217
3.51019e-17 -3.04787e-17 0
2.97868e-13 -8.4125e-13 0
7.80476e-18 -1.11802e-17 0
2.52862e-05 -2.53539e-07 20.3738
3.66746e-05 -2.79566e-09 41.6879
0.000156065 -4.00587e-07 21.1951
2.94921 -9.89706 19.7216
-3.22106e-13 -2.73913e-13 0
-10.4508 -4.89706 7.05498
-47.59 12.4057 32.9733
-13.1964 -2.23325 33.5889
43.799 -33.5087 19.5112
8.6448 -7.90771 30.0579
2.04675 -2.35809 11.3846
4.9934e-19 -4.29323e-19 0
-1.49602 15.9858 25.7446
-1.51205 12.6697 18.939
-1.26028e-07 8.27056e-07 0
-20.0971 1.14296 18.4255
-4.71719e-16 -3.34867e-15 0
-2.19586e-09 2.18037e-09 0
-16.1773 30.0764 15.9751
-1.54175e-14 -4.47664e-14 0
9.6482e-12 9.25373e-11 0
2.61276e-09 4.40609e-09 0
4.55359e-10 8.38027e-09 0
-0.793771 -24.4762 26.1711
0.265075 -3.56621 16.1424
-17.1963 -12.9552 6.28851
5.70345e-17 5.71841e-17 0
-31.1938 10.1007 3.21242
8.05425e-11 1.47565e-11 0
-1.79204e-16 -8.77873e-16 0
-8.43952e-17 -1.14382e-16 0
5.31325 -42.8916 4.45906
3.33825e-11 7.4306e-11 0
0.000238778 -2.175e-06 20.3727
7.52388e-05 1.37028e-05 41.6656
0.000380536 4.17435e-05 21.1758
-3.29403 4.3467 16.7021
1.76839e-13 -1.98364e-12 0
-12.1452 -10.8539 14.2614
6.18697e-13 1.04339e-12 0
-12.1916 7.77767 6.3031
-4.17137 4.61394 -5.9061
-2.64002 -15.0554 15.2914
4.4024e-10 7.41537e-10 0
-4.96479e-12 3.21475e-11 0
0.000190983 32.0822 36.8034
-0.231964 27.6797 4.09909
-1.39549e-09 -1.32795e-09 0
-5.70764 -13.5106 0.23065
-2.37074e-17 -7.93016e-18 0
-4.72503e-15 -7.19497e-15 0
20.6192 11.8975 -4.89062
-7.01191 -29.5924 9.57886
-16.7287 9.16037 12.0657
-6.7367e-07 4.96271e-06 0
1.71765e-19 5.33223e-19 0
12.2236 53.9183 39.8126
-1.60043e-17 3.218e-16 0
-23.0821 42.0406 -1.33549
-24.6788 1.30264 25.84
4.67168e-13 7.8751e-13 0
-1.1814e-11 -2.98849e-12 0
60.0861 -16.1919 -0.639099
4.22503 -51.7109 17.6419
-1.50423 -0.883811 12.0354
9.89447e-09 -2.75361e-09 0
-6.08286e-11 4.48555e-10 0
-63.2733 15.1566 6.71222
24.4173 23.1626 6.74073
8.83609e-20 -2.79866e-19 0
-12.3834 6.5185 11.9858
3.1794e-14 -2.34934e-14 0
4.61812 -45.8614 1.55838
-5.8027e-15 -1.53423e-14 0
-8.26244e-15 -2.39915e-14 0
-2.85918e-14 -8.36292e-14 0
-1.51622e-12 -1.59197e-10 0
1.46228e-13 -2.40468e-14 0
36.7345 -31.8437 54.93
-0.237607 1.75067 0
2.77479e-17 9.07491e-17 0
2.34063e-17 -2.80998e-17 0
24.7314 -30.6576 15.7112
-6.00582 -8.35157 43.3583
5.64048 -15.8459 7.22377
53.658 24.3336 8.02283
1.2104e-08 2.4678e-08 0
-18.143 -37.4135 3.0327
33.7856 7.28765 7.24599
32.0986 -1.05212e-05 36.791
28.0787 0.000269356 4.96702
-5.74488e-10 6.53387e-11 0
0.284645 -0.622571 20.6536
33.9548 16.5993 12.1685
36.3665 21.5968 -4.81582
-4.488 -8.82619 24.5943
7.26966 2.87906 5.0978
-8.68154e-06 6.36377e-05 0
-23.2678 17.1477 3.29926
6.7455e-12 5.61871e-12 0
3.89943e-20 6.38403e-20 0
-38.3507 46.4776 4.41736
-35.9443 27.3101 4.41188
4.65979e-09 -9.86135e-10 0
-31.8458 -3.46614 1.91846
-27.5174 16.0168 14.1098
10.8046 -56.5164 5.01223
-10.9749 -10.4679 13.995
1.17252e-07 -3.2631e-08 0
-1.88308e-06 -1.35496e-06 0
15.2421 -27.3209 19.7547
4.77783e-17 -5.24827e-17 0
-52.8852 81.6326 23.1459
-0.000173083 0.000821984 0
-5.42723e-07 1.93644e-07 0
9.55931e-18 -2.19295e-18 0
39.1002 -38.5935 6.63025
-18.1441 7.91577 2.63893
-6.62787e-09 1.57871e-08 0
2.88338e-08 5.90066e-08 0
5.32761e-13 3.01111e-13 0
1.52961e-18 -4.94747e-17 0
32.0724 2.10702e-06 36.8157
28.0851 0.00216184 4.9486
-1.29292e-13 -4.36712e-15 0
-1.74187e-14 -2.62686e-14 0
1.49171e-18 -2.77535e-18 0
-10.4795 -1.3312 16.1279
35.1876 -14.3619 42.8438
-12.7454 -10.3523 5.7825
3.04144e-16 4.88303e-16 0
-26.8072 34.1259 40.9174
-20.0627 -2.24919 16.9905
2.41127e-17 3.18393e-17 0
-28.2315 53.3815 -4.28788
-37.3353 -24.675 -0.649232
5.73954e-17 3.54815e-17 0
1.61426e-12 1.33851e-12 0
-27.9803 -13.4738 8.52699
-14.1682 -11.0192 23.24
1.36138 27.6459 -2.65891
-45.3951 7.30002 53.5169
-29.8658 9.8016 20.569
2.5283e-10 4.19236e-10 0
5.67465e-14 -1.60183e-13 0
-3.8258e-16 -6.25368e-16 0
-31.9662 6.52462 7.25374
-5.06562e-14 6.79231e-16 0
2.27173e-07 1.88438e-07 0
-3.58735e-13 -1.47511e-12 0
-20.884 -40.453 6.8238
25.606 35.3868 -5.85956
-10.707 -16.8037 0.0679187
41.0381 29.3278 10.2381
5.73576 -6.33261 0
32.0986 1.23161e-05 36.791
28.0848 0.00407692 4.94347
-8.71203e-10 -1.44399e-10 0
5.89478 -36.7496 17.6752
21.2006 -36.1451 -3.1125
-2.58478e-12 5.24112e-12 0
-5.58318e-16 -3.22823e-15 0
-5.56159e-13 3.58616e-12 0
-1.30395e-12 2.10222e-12 0
-1.44274e-14 1.18381e-14 0
1.28618e-09 2.16644e-09 0
-1.1673e-17 1.68331e-17 0
7.76301e-18 9.38451e-18 0
28.358 32.8515 12.2335
2.95548e-14 2.81502e-14 0
2.7396e-15 -4.20449e-16 0
3.29356e-19 -7.86109e-20 0
9.24954 7.68984 30.8021
2.93786 20.4764 5.83626
59.2029 7.64159 5.20797
-7.24829 4.84422 5.38861
8.83294e-12 7.32659e-12 0
4.21379e-15 5.94823e-15 0
25.0142 -22.5179 6.86531
-11.3454 -26.2578 12.8308
-4.38927e-19 4.03155e-17 0
-4.76879 -10.005 -0.722655
5.82288e-12 4.8298e-12 0
-3.00747e-16 -4.34941e-16 0
6.21891e-15 -6.22667e-16 0
3.94872e-13 6.65678e-13 0
6.5187e-17 -7.4634e-17 0
