# vtk DataFile Version 3.0
water particles
ASCII
DATASET POLYDATA
POINTS 2541 float
-2.03058 -1.07991 0
2.04732 -2.80668 0
-90.1937 79.8513 0
0.504888 1.49034 0
-17.5786 -4.40805 0
-29.8722 -96.6528 100.536
41.7235 38.5579 0
152.923 -138.208 0
5.15466 -58.5385 0
10.5763 2.25241 23.8485
-12.7866 -23.5428 0
-3.04084 -121.236 0
-49.4035 -114.559 158.739
-0.248751 -2.30689 0
19.5803 8.83124 0
-6.49168 -6.22638 0
16.8203 23.3791 0
-5.33225 18.0735 0
-146.86 -175.186 206.466
101.18 -58.4443 172.939
3.21839 -1.12818 0
66.7012 -32.3055 0
3.71343 88.8093 0
-110.199 -0.300033 122.646
-94.2245 -0.313372 0
17.1531 28.1192 0
0.212703 1.22659 0
-86.4604 -43.8999 0
-115.926 -63.7974 0.124691
-154.427 129.551 191.162
0.678406 106.489 56.6148
-197.902 89.1601 66.0935
-65.5991 -51.088 0
-0.195664 1.49647 0
-2.58826 -4.2261 0
8.22046 -70.2883 0
93.8817 16.4619 30.2149
38.7067 52.6016 29.9212
31.3583 -2.4673 0
1.86033 25.5184 0
18.8088 6.48051 0
-0.468553 1.58001 0
71.1659 160.005 334.724
-2.56312 0.909979 0
-181.215 -16.7388 8.84077
-4.37057 1.80064 0
4.42663 4.68923 0
-3.58855 -7.01801 0
-5.23337 -6.57562 0
-18.4025 -28.3886 0
-7.04204 -1.11562 0
69.3937 10.8592 23.5559
168.355 -73.1682 0
-96.4068 -85.011 0.0190073
-2.48184 -3.84299 0
-2.3849 0.92505 0
-110.083 1.693e-05 122.733
-94.2271 -0.00672127 0
-14.7739 -28.039 0
-35.0967 29.7755 0
12.5427 -5.06107 0
7.05538 -1.87128 0
14.7617 -34.9008 0
29.2067 -57.7519 0
100.525 -66.4085 143.349
2.45016 2.27051 19.917
-48.392 20.2465 0
-1.3927 -5.96343 0
-2.54232 -1.53324 0
-3.13393 6.97838 0
0.801377 19.6293 0
103.506 118.813 27.193
-10.3038 3.87986 0
8.86139 50.6358 0
69.3068 5.62239 0
-204.784 -13.5372 2.80946
9.3515 -35.1305 0.282315
0.393883 1.7884 0
-51.5533 335.463 43.3179
0.502913 1.90864 0
40.4203 8.37878 0
-33.8097 21.9824 0
2.25956 -5.1136 0
-3.70548 -8.58064 0
0.111063 1.2987 0
-0.205605 -3.3131 0
51.606 -226.726 0
-2.56101 2.37464 0
-0.689761 -1.98985 0
-110.199 0.300048 122.646
-94.2064 0.299676 0
-52.86 17.3409 0
-257.304 55.6209 4.54189
-1.70981 2.65476 0
38.8362 -49.4061 0.0470514
30.9445 -1.01344 0
22.3577 26.0072 0
-107.249 -15.9152 30.7972
32.2072 56.2637 0
-0.561205 3.65332 0
-32.1596 164.288 137.917
-2.65862 -0.58079 0
40.7656 -32.0601 0
-8.02697 7.14273 0
53.5424 -86.6111 0
6.3673 -6.61419 0
-33.7454 94.2118 0
117.774 -0.70053 224.731
72.7269 11.7602 0
59.1112 47.1981 102.396
-2.32708 0.395731 0
3.24127 4.73973 0
-87.4155 -81.5223 0
-2.3459 0.576754 0
-26.329 59.1773 0
88.4146 -136.865 6.53032
33.5681 -28.6532 0
4.05899 -30.7457 0
50.6932 253.836 183.796
0.0818673 -3.11213 0
-1.42641 3.61873 0
-0.711523 -4.35616 0
-1.01902 -1.81484 0
-0.988673 -17.7738 0
-2.1592 -4.58467 0
104.158 -45.1114 147.475
-0.983685 -1.27308 0
6.08578 -26.9488 37.0751
5.29206 12.6779 0
-2.9711 -0.0855074 0
25.9049 75.9379 0
-2.30247 -2.83817 0
0.25536 2.75369 0
-0.901017 -109.527 122.686
-0.172047 -87.8069 0
-22.413 -35.9484 25.4488
61.0063 63.1607 28.8249
9.03373 -12.4124 0
-15.8488 56.9374 8.15514
86.771 -127.164 33.1847
-69.5203 6.1059 0
16.8442 -223.921 82.4159
83.1064 -22.7886 26.7268
-0.90004 -0.300307 48.387
-0.900156 -0.300082 132.057
-0.900667 -0.300487 51.2079
46.3681 23.6325 0
9.09698 1.13498 0
45.1729 44.2104 67.0421
-18.318 11.028 0
142.4 133.643 174.727
1.6541 1.74894 0
34.0694 106.058 212.923
0.275179 1.34701 0
-111.706 70.836 0.60701
10.1555 119.774 31.2
-0.900965 24.6826 0
31.4581 2.30837 0
-3.73194 0.411237 0
89.1691 -38.0851 36.6603
0.510997 -1.65549 0
3.27793 5.15332 0
-39.2782 -88.5414 0
-105.891 138.819 22.2037
63.6336 -81.4728 77.7056
78.9713 -107.115 114.467
11.937 -96.0376 64.7347
-1.76864 -53.1532 0
6.97175 11.9859 0
-588.675 -195.042 205.93
10.8773 1.40794 0
12.0337 -99.5167 0
14.3168 -35.0923 0
2.25904 4.61966 0
-4.8217 -1.43727 0
-1.4277 -104.917 48.2462
-0.900021 4.6165e-05 48.3918
-0.900144 9.13045e-13 132.145
-0.902846 0.000444329 51.2852
-2.87098 0.0650593 0
13.683 -17.5619 0
24.174 2.16039 19.423
19.8605 7.06088 27.0804
34.7113 10.2529 244.045
-4.22124 -19.1408 0
64.8656 10.91 61.4503
80.7096 1.92528 83.151
8.87552 -61.375 0
23.4641 53.4423 67.3338
-0.902607 54.9603 41.5184
-4.8499 -16.3063 0
11.278 15.2107 0
-57.3651 41.685 0
17.7179 125.482 0
-2.00942 2.2764 0
-1.74759 1.68249 0
-2.24822 0.608149 0
-8.39953 -42.8863 0
-8.89523 123.084 0
11.8412 -96.0405 65.5653
5.20952 -13.8929 27.9332
45.5187 118.827 0
2.50887 -18.9785 0
92.4358 19.6946 141.636
-77.6987 -52.681 143.355
46.0514 -71.6058 0
0.960325 3.46219 0
79.6341 184.082 58.9152
-0.467011 0.160318 0
-0.900126 0.300154 48.3874
-0.900156 0.300082 132.057
-0.904526 0.300467 51.209
-32.5907 -76.7497 83.9052
7.15668 8.53426 0
34.2333 -73.8162 45.0272
0.171358 0.4501 0
32.7037 -87.0095 0
23.8275 -15.6574 0
36.2742 -37.2861 0
-1.21109 -3.06564 0
-1.72938 1.9301 0
-0.900743 127.063 112.177
-0.900675 82.696 0
17.7864 20.3824 0
-8.31887 -31.1592 0
42.7983 105.229 44.1814
-4.17509 -13.9382 0
53.2982 83.153 72.2023
54.298 77.6606 0
6.69964 1.18642 0
170.456 219.71 70.0931
-0.90373 3.41546 0
-52.0479 -319.054 298.673
-2.00433 3.04032 0
65.3598 -120.719 89.8388
67.7376 -38.8365 128.863
0.828487 2.07942 0
211.782 -17.3425 166.318
214.242 74.618 81.4681
2.05109 -3.12952 0
1.4124 -24.8661 0
0.135999 2.14556 0
-39.394 -75.7433 1.51662
-0.991791 -10.0404 0
-249.787 149.08 0
-1.24292 -1.22018 0
87.2435 60.6521 0
-2.72419 -1.15633 0
-28.828 -16.3282 0
-193.449 -4.89241 12.9261
23.2918 -9.35754 0
-0.551507 -3.38503 0
3.52589 7.19752 0
-30.6873 47.0575 0
-0.578661 -1.35875 0
0.949687 10.0985 0
-7.72822 7.12443 0
24.4933 89.6778 2.3235
13.379 2.99065 0
-17.573 -29.7173 0
2.96879 42.9488 0
25.398 -29.4787 17.2061
2.99428 -1.59677 0
-75.6694 4.9681 0
-84.9061 -9.54139 88.6368
108.447 11.8941 35.4906
24.1091 -0.300963 0
41.1101 -171.871 152.217
-10.4683 -6.93945 0
29.0696 -77.275 154.884
-101.141 -59.6269 290.645
-77.6886 83.4912 0
14.5691 9.91515 0
82.8072 17.364 0
78.4714 125.205 110.61
19.8915 -21.7445 0
-143.954 -687.847 265.133
6.68438 -13.2648 0
-5.62037 -3.20831 0
-2.26085 -0.95335 0
-1.39759 -1.62224 0
74.9548 128.341 54.7318
-1.87911 -2.11661 0
-2.26996 -1.59168 0
-20.8477 -3.76972 91.7835
-2.15169 3.02499 0
102.366 -101.143 20.7201
165.019 -217.118 100.447
53.304 68.8596 26.7822
-23.8246 18.3672 0
1.75164 1.95343 0
50.8712 95.0709 0
142.484 46.7298 0
-2.47278 0.455094 0
83.1243 119.84 152.606
1.27909 -5.85696 0
65.5333 16.4461 0
-150.706 10.7433 0
104.627 11.9289 36.3822
24.1185 -0.00021782 0
71.9057 82.4464 20.3652
5.90766 0.860993 0
-115.05 -27.948 0
0.190896 -1.63822 0
1.16217 -1.55767 0
5.05473 -6.064 0
-97.0981 64.8853 12.2068
-24.9584 -0.465525 17.8989
1.23632 1.75239 0
288.759 96.0224 52.9495
-314.737 -59.9994 113.046
0.690641 26.137 46.8518
1.15575 2.8202 0
-37.9673 -62.4072 21.1084
1.2538 4.84741 0
5.05081 -3.1621 0
22.4663 20.3148 0
-124.001 -127.937 5.14543
2.64461 -1.14865 0
28.6118 -7.09321 49.4118
-9.7652 530.524 15.9574
7.11887 -7.28538 0
-3.17576 -1.63094 0
-2.13625 3.71269 0
49.6755 -70.4899 28.9745
158.121 -197.777 81.3568
-2.2999 0.646195 0
64.7482 -76.5234 202.982
-2.97765 -101.835 0
-106.524 47.7889 91.2216
-126.647 4.99067 0
109.078 -4.06449 36.8735
24.1084 0.301078 0
334.043 -682.229 884.435
104.343 98.4805 303.804
31.1517 84.6131 50.73
11.0224 -74.5036 0.0228472
2.38343 -0.845737 0
1.4151 -5.49137 0
-8.08386 -2.43346 0
123.692 -23.0447 44.127
0.871905 1.68401 0
0.151578 -1.80301 0
-3.6218 7.88917 0
249.58 360.752 2.49305
99.0684 -59.5814 0
0.297979 1.373 0
-365.639 38.9068 129.263
2.3983 0.467917 0
-12.9759 4.85882 0
21.8208 -128.889 0
8.41343 -2.65447 0
1.48272 -2.20511 0
42.2949 70.2361 0
-23.5901 -77.3994 57.4624
-2.13984 0.0648037 0
-3.73082 -8.93364 0
-21.5065 13.0019 0
-141.521 32.1116 0
20.8925 6.88243 0
0.739581 2.74607 0
-57.7649 148.747 0
28.616 3.38726 0
-0.883178 2.56254 0
-26.2777 15.7083 0
107.052 -9.69047 23.2512
1.62563 1.49756 0
-2.3554 0.37246 0
-2.9517 -2.88338 0
1.71789 1.42584 0
-1.06309 -1.75321 0
4.57531 4.17976 0
-6.1816 -6.36921 0
120.849 166.593 135.664
-0.504214 -2.08803 0
-11.4594 -9.27546 0
98.421 163.879 58.0875
0.518447 107.998 71.5082
-28.5424 4.90579 0
-78.112 -53.3764 0
-8.85484 -4.87627 0
73.3685 19.1512 20.4615
33.5965 11.4916 81.0028
25.8936 -9.83314 0
3.66259 2.46711 0
7.67305 -0.493519 0
-11.9326 27.4514 98.8331
-67.2744 -2.52306 0
10.1249 7.7509 0
-2.33074 0.817958 0
-50.2938 10.3671 0
-167.258 92.2193 16.1292
63.7142 62.5115 23.584
23.5322 -16.4509 0
-13.0145 -96.4638 0
26.2184 17.3055 0
-0.15607 -1.87982 0
-18.8402 24.5574 0
91.6378 -26.5758 34.2063
0.0574523 -1.99114 0
1.31452 1.2683 0
427.207 -137.556 57.1529
-2.89926 -7.76886 0
-2.24809 0.162787 0
-3.27907 -0.148738 0
-3.85682 -21.5041 0
-16.1285 25.0661 109.408
-2.21195 -0.381172 0
33.7573 20.135 134.37
118.147 -38.9973 0
-11.9039 -49.7442 0
-0.753828 2.8663 0
-66.5513 -5.22903 0
-2.59437 -0.406196 0
6.60555 1.43456 0
15.0226 -114.271 73.9713
64.3523 -130.468 84.1885
19.4298 -6.02261 0
148.307 42.2387 2.06269
-47.7955 20.9589 85.1386
-95.6276 -1.00778 0.899592
3.99876 -6.41804 0
14.4111 -19.942 0
-19.6141 1.69377 0
-5.46865 0.418206 0
-67.6957 -105.3 0
-136.267 88.8728 0
-203.737 61.869 52.3936
-1.81708 3.49118 0
-0.209259 1.68138 0
-3.49241 6.28328 0
1.45077 -4.46206 0
317.601 16.9672 650.712
-2.42776 1.12667 0
330.911 -204.582 66.0584
-8.00294 15.5356 0
-220.047 54.3734 7.0626
44.4919 47.9249 108.603
-509.092 366.286 206.486
-2.73742 1.09259 0
-18.347 13.2689 0
23.2906 -270.741 39.9234
101.753 10.3411 35.3855
-19.5526 -54.389 0
-11.074 -4.36854 0
-2.80608 3.50492 0
-1.10935 -4.48713 0
2.64523 16.351 0
3.18489 0.296327 0
56.852 -9.94529 45.6798
-1.03033 -1.47298 0
-0.311759 1.36204 0
-25.6004 -5.66318 99.222
-84.7666 1.30593 0
-0.14283 -1.63033 0
98.2056 -47.191 81.9444
106.294 -124.29 0
-31.2955 33.8557 0
6.61889 3.10087 0
9.72293 -38.4366 0
-3.8527 5.7982 0
-2.27171 0.522314 0
-1.57471 1.70351 0
-12.2178 11.5259 0
-183.786 283.516 0
-29.5901 -49.7764 0
-4.85608 -56.2776 0
26.5094 68.4513 0
5.80512 7.56096 0
-2.2165 -5.73524 0
116.865 179.57 157.906
-71.0105 -21.7971 131.712
-34.1832 -15.7561 0
-0.209173 -1.58381 0
-0.0542084 1.71891 0
150.545 -40.498 7.06328
-0.764841 2.33769 0
-3.87852 27.2268 0
22.1846 61.2999 0
40.2994 -66.8222 33.5573
-2.04384 1.51115 0
11.319 -70.1661 0
-7.42364 3.58346 0
-15.9461 177.381 2.61986
-0.633324 -4.34431 0
-0.20207 -3.13092 0
-3.28076 -18.3561 0
0.209302 -4.10105 0
-0.947773 10.0922 0
48.0695 60.7856 0
279.752 32.9829 141.062
13.8247 60.3689 0
4.00649 -13.2917 13.4278
-0.124888 2.40961 0
26.4839 -1.67687 0
-7.09944 -9.15355 0
-0.600032 -90.7625 135.279
0.0932499 -86.3204 0
15.9914 -4.92624 0
4.20573 -0.114665 0
-1.73111 3.52044 0
76.4936 -169.176 196.383
-171.994 -75.1556 103.771
-12.981 30.2052 51.0294
-0.598951 -1.73841 0
-0.734491 4.25853 0
-0.60005 -0.300397 48.3902
-0.600013 -0.300058 132.461
-0.600144 -0.300616 51.5614
-2.00184 -1.67007 0
-26.9235 -30.0707 0
3.55892 6.18948 0
8.85899 3.25329 0
-33.2404 64.845 94.265
4.7933 2.49829 0
16.0167 -20.0855 0
2.13498 -0.802993 0
10.1861 -153.63 0
11.5533 102.05 37.5304
-0.600493 24.4859 0
3.18258 16.9976 0
4.53314 5.24301 0
-3.7275 14.7128 0
0.873653 -5.58812 0
-2.30432 112.724 0
76.4799 -5.97885 22.0615
19.0211 16.3723 0
-0.160348 -1.54057 0
32.3511 78.8985 37.6463
13.3919 -75.9334 68.6935
-1.58657 -54.0189 0
-6.91188 16.8671 0
19.606 54.1947 0
0.778441 -7.20476 0
-37.4949 43.4444 37.2553
-31.2894 18.0898 0
103.006 -173.845 39.4514
91.6118 -175.511 50.5855
-0.70466 1.36061 0
-0.599776 6.46628e-05 48.4135
-0.600012 4.37852e-09 132.537
-0.600323 4.43088e-05 51.6283
47.9871 -52.2446 45.2792
-17.2114 -7.55194 0
100.859 42.4285 21.6093
20.5649 10.7137 0
11.3998 -9.72185 14.9958
18.9383 27.2786 66.3011
85.1348 35.9219 191.991
24.4501 2.39933 11.3956
-0.461608 -0.153551 0
12.6108 85.8164 48.2354
-6.88907 49.3521 43.9312
37.5745 -46.0216 39.7442
-0.0476083 3.72567 0
0.899133 15.498 0
-0.370889 3.9512 0
19.4191 19.7386 0
-1.38607 -1.42112 0
3.8879 37.6875 0
9.97046 3.42763 0
1.55694 63.6254 0
13.1884 -76.1266 69.9656
6.38365 -12.9516 29.6469
1.35096 -8.8564 0
17.7893 54.3564 13.33
-2.78406 -1.35442 0
8.4102 -22.6033 0
-1.2031 2.25642 0
34.5305 253.749 287.681
7.2868 -63.5579 0
-0.864138 -1.70093 0
-0.599885 0.300108 48.3912
-0.600013 0.300058 132.461
-0.601419 0.300304 51.5624
-60.4863 0.940632 0
10.3701 -18.46 0
-1.02118 -2.26029 0
11.926 -47.0862 85.1734
29.1899 -41.3576 0
-11.2158 -36.2807 0
-17.849 -34.7225 1.15467
-78.2691 -62.6113 34.8835
-3.55562 0.42146 0
-0.600049 110.073 126.508
-1.29936 86.3125 0
-0.677343 -2.9746 0
-10.8458 3.35297 0
24.3294 -9.12092 13.1348
-100.539 151.241 174.899
-1.70617 -5.80916 0
-22.6825 -8.7665 0
-0.185572 -16.8357 0
9.78045 125.925 12.6567
-0.598573 3.41467 0
-7.32857 -2.56467 0
86.5817 -0.524076 22.5087
-35.7093 89.8934 0
6.47178 6.93705 0
-72.1954 -128.338 10.3082
-1.42983 3.04653 0
-5.70539 -39.884 179.449
-58.7789 -51.8043 0
8.32178 -20.6992 0
-2.54355 0.589026 0
-55.1229 12.859 0
-1.62151 -2.58578 0
-1.16983 -1.65484 0
0.237639 -2.21412 0
3.33461 -2.76923 0
0.935843 -2.27271 0
-43.0958 -23.3698 0
32.3924 -88.5258 46.6387
148.242 164.512 0
1.6355 -2.2855 0
-58.5069 -141.359 146.008
2.21882 -2.85057 0
11.1294 -9.15593 0
0.507974 6.90019 0
1.41138 -4.38943 0
16.1068 -31.399 0
1.83138 -2.06106 0
2.38192 -0.170209 0
68.5036 13.1752 0
19.6332 -6.61621 0
53.2748 117.872 2.8631
-0.780043 1.64128 0
-62.5783 9.70942 0
105.285 12.1407 36.7389
24.4212 -0.301887 0
4.12326 -4.74305 0
2.42847 -2.86379 0
98.1421 -11.7969 0
-45.18 -12.9696 0
59.6175 -38.7381 0
49.0818 -53.2524 0
-2.75887 1.46022 0
-1.64338 -2.83761 0
61.1819 9.09622 0
0.790033 3.59429 0
-1.65535 -4.14712 0
40.396 197.8 231.473
-2.24819 -3.57701 0
-186.488 21.9132 14.4483
-240.654 154.243 154.055
-0.432106 -0.168821 0
-2.28405 -0.0522338 0
-2.95667 -1.31426 0
3.31003 8.28374 0
-4.50731 -7.5056 0
232.033 -10.0732 0
52.5306 70.9148 26.4408
-6.90196 0.552807 0
-4.98003 -3.08351 0
-139.119 35.0129 82.5382
-22.9996 126.996 92.828
36.6711 34.6395 0
-0.284392 -9.78363 0
-0.228544 -1.3453 0
43.2265 -36.1171 41.6299
-2.64321 3.44217 0
101.546 12.1796 37.6238
24.1795 7.08297e-06 0
20.8266 -13.4595 0
36.3875 105.245 19.2642
74.7035 298.67 244.151
29.6491 -21.6733 23.7233
91.1259 -4.53721 0
30.3052 -17.6079 0
-14.6269 -128.973 0
9.32962 38.9509 0
-5.64146 1.71868 0
-84.9056 -129.98 206.55
-291.4 52.6366 152.539
-127.474 -179.318 7.23979
-9.44408 -5.13315 0
61.9894 -105.815 1.3555
-2.07773 4.49394 0
10.2201 -8.60754 0
-0.0797235 1.58945 0
-0.985779 -1.43194 0
63.2911 67.281 105.557
-8.81084 -8.27633 0
185.099 65.6849 210.717
6.97759 -7.31267 0
-0.376181 -6.27569 0
-4.14701 2.57802 0
12.7843 -20.5642 0
103.319 -118.926 185.292
0.400851 -2.47723 0
11.1544 -48.2298 0
1.17202 -1.87197 0
7.26924 -3.36273 0
-227.43 79.4767 0
105.774 -4.06844 38.2619
24.4203 0.301965 0
2.85059 -0.575318 0
-208.814 89.4313 0
74.994 -29.0031 0
36.3357 -16.9527 0
1.44066 2.3321 0
-81.4673 58.9793 53.0352
23.9287 -6.4294 0
78.4552 3.21457 24.0105
0.408012 1.47953 0
9.83706 8.5747 0
10.7703 4.40478 0
-14.9124 -78.8095 0
2.05572 0.211401 0
-180.565 -108.991 40.3032
33.9291 22.8844 0
6.17828 2.70977 0
-65.1994 -4.77896 34.1245
14.5471 -74.6281 0
33.2802 -89.6954 0
-11.1153 6.94073 0
-4.73887 4.74437 0
-62.1557 25.3882 4.21911
-2.0315 -0.204739 0
-4.00525 -4.88281 0
-6.01741 6.40263 0
-70.3394 116.967 38.3725
-47.968 -62.2339 0
1.71589 -36.9496 0
5.05869 8.07984 0
-2.00342 -0.941844 0
-0.282198 -1.59562 0
87.8764 23.1481 46.4392
-85.367 23.2092 0
-2.91649 -0.381113 0
7.34093 2.85466 0
-176.446 -113.601 0
-4.39864 -2.63036 0
4.62091 -0.068024 11.6152
-2.20714 0.142479 0
77.5962 -60.5353 10.795
-33.9017 69.1919 0
-45.8493 -39.9876 0
-11.1535 -9.25267 0
30.0835 192.241 9.49687
2.59593 110.167 70.8426
88.885 -67.6941 6.60524
3.88141 -2.10451 0
-60.01 11.8547 85.2868
1.03308 -5.72626 0
6.17663 16.149 0
20.6348 99.2153 47.3428
82.9335 -62.581 0
7.13281 0.168929 0
-80.2193 13.6689 68.5584
-48.78 -1.96961 0
10.5929 9.24598 0
5.97282 2.39863 0
8.6346 -7.57433 0
-65.8645 22.7835 0
-7.92611 -13.9879 0
-11.7661 -0.117378 0
-30.2048 8.31846 0
60.5262 -253.371 112.523
-0.304845 -1.92241 0
25.7505 59.203 0
-25.8468 -30.0955 0
2.90755 -3.08245 0
-0.656962 -1.51546 0
-0.804266 -1.70315 0
13.66 7.29547 0
-2.49244 -1.25806 0
-2.99724 -2.53994 0
-2.19832 -0.91281 0
-3.70329 -0.430962 0
-2.47724 0.583631 0
57.2268 42.8774 124.84
-19.5178 46.3743 45.7189
5.16421 -2.09065 0
-4.06372 -4.62274 0
171.626 243.879 72.2768
-263.569 -56.9864 24.6635
-94.0556 142.965 0
47.8729 -1.75133 0
-18.1996 90.9213 0
-4.09421 2.54563 0
0.730264 -1.59657 0
-76.4865 13.8089 70.0135
-49.5264 -1.0897 24.9898
11.2683 -13.1646 0
0.189553 -14.6412 0
-10.9172 -0.563943 0
-55.7758 -10.8335 0
-58.6869 -35.2261 0
2.14691 3.77064 0
-18.0868 -22.0719 0
34.8503 -25.2223 0
0.745255 1.65574 0
2.18779 3.69089 0
39.4617 -60.8362 53.3427
36.5317 -61.4823 0
-0.656809 -1.49471 0
-42.7835 -23.5519 75.5021
-4.06555 3.67518 0
-82.5231 66.6324 0
-2.70306 0.590064 0
264.48 -243.733 119.614
0.148996 -2.363 0
16.3085 -56.7585 48.1459
100.557 -272.684 12.4237
-11.0575 0.0453969 0
-141.899 214.058 242.385
-3.35375 -1.54558 0
-16.6822 -233.365 83.6499
45.4541 -80.4302 16.5832
0.428553 1.81115 0
4.9106 -55.4601 0
-361.067 -101.458 13.7451
-4.37306 2.72267 100.185
1.01187 -0.449618 0
-79.9333 -3.17648 73.5851
-79.327 0.97368 0
7.65086 -10.1348 0
-137.947 -2.91467 42.5047
-58.3608 -81.2415 0
36.6106 3.12473 28.1814
-80.8727 -42.643 12.1095
0.79059 1.4008 0
0.126201 1.49006 0
-0.381059 1.57287 0
-0.613388 1.61382 0
-12.5285 12.0892 0
-1.49526 -4.65788 0
2.68167 3.09398 0
77.1564 67.2113 0
-1.61402 4.1761 0
-20.1459 37.5059 173.71
-184.4 -73.9898 0
77.4578 -190.14 94.322
-2.27439 1.20916 0
-23.5743 -12.6251 95.8063
-2.12207 -0.0872784 0
-112.217 -125.415 0
4.46244 -14.4799 0
-0.418441 1.80033 0
2.58881 -10.2213 0
34.5532 25.3181 0
-20.9076 -5.36518 0
-3.18424 -0.874321 0
-3.79737 -0.584467 0
-2.38583 -4.4999 0
-2.00129 -0.144311 0
-0.299989 -3.86608 0
-0.0200558 -3.2119 0
-2.90023 -19.5783 0
0.419042 -4.12005 0
-1.03951 10.0529 0
-1.56801 -5.84768 0
103.193 -139.282 79.8464
-9.30321 67.6879 96.9539
-1.29327 9.43056 0
-45.386 128.276 44.323
4.62077 -8.70715 0
2.29225 -0.843386 0
-0.299978 -90.7212 135.304
0.393899 -86.3209 0
-382.305 220.573 22.8596
224.399 -620.806 294.844
-0.523485 4.19318 0
0.433582 1.25885 0
2.80617 2.41572 0
48.2101 14.4471 0
85.58 24.0645 0
0.228662 1.50288 0
-0.30003 -0.300037 48.3919
-0.3 -0.300057 132.465
-0.300003 -0.300172 51.5633
-78.7907 56.5959 62.7116
14.4871 -31.7688 0
-2.53835 5.42532 0
18.1159 105.365 72.451
-183.155 120.158 193.287
22.4984 79.6337 28.2202
20.3708 9.07742 0
68.2292 30.2154 44.8734
10.7386 -151.225 0
11.8577 102.003 37.5647
-0.300561 24.4873 0
1.9665 -48.7754 0
0.958321 2.53498 0
-3.1265 -0.595768 0
9.79405 1.36523 0
-1.69199 -0.921319 27.3728
114.397 114.071 84.5423
284.089 -355.771 77.2664
0.243306 -2.63429 0
33.7441 77.3927 42.1793
13.7013 -75.8667 68.7128
-1.28581 -54.0186 0
30.1803 -159.178 55.9482
0.658573 1.44254 0
-5.13733 5.4056 0
-115.304 -56.3298 0
31.9408 -182.917 10.2843
-0.729592 -2.17014 0
-1.2794 -152.234 27.3312
80.9824 56.0715 28.2873
-0.299759 6.92856e-05 48.4168
-0.3 9.5719e-08 132.54
-0.299796 5.85131e-05 51.6313
-15.1682 -20.4505 25.5717
-2.17749 -2.49048 0
175.628 -155.804 74.2857
8.80229 -0.906238 0
20.7256 -0.459148 17.4388
2.58456 0.615508 0
-51.1206 60.0006 102.336
6.96382 20.8066 0
-0.018773 -1.5215 0
12.9217 85.7527 48.2637
-6.41682 49.7211 43.8501
3.33002 -0.42268 0
100.137 2.37057 49.3814
2.67563 8.02173 0
-3.04923 1.84515 0
-96.8344 -143.56 0.376842
0.316432 -2.8314 0
-37.3458 184.186 171.113
-35.3935 110.204 151.463
5.18487 70.44 0
13.4934 -76.0669 69.9949
6.69651 -12.9663 29.6605
-3.90185 1.90715 0
16.3479 52.5734 0
13.9558 100.993 18.5299
36.1079 59.4728 41.7758
-3.72904 0.380768 0
-23.1858 -78.2851 0
-12.8136 -86.0558 0
0.763469 0.128424 0
-0.299788 0.300061 48.393
-0.299881 0.300092 132.465
-0.300091 0.300193 51.5642
9.63524 9.52127 0
-1.4382 -1.52485 0
14.045 55.5907 0
-91.5707 -115.211 34.9941
-36.5522 -78.3469 173.48
-17.9853 -54.0142 29.8773
-11.227 60.6851 84.5615
14.0601 15.4092 0
-0.340839 1.98118 0
-0.299972 110.035 126.537
-0.993142 86.3204 0
-0.386217 -2.97282 0
-30.6201 61.4427 16.3717
-3.28881 3.01246 0
-1.65905 -21.6065 0
6.7152 22.637 0
-12.2643 -30.9937 0
5.84821 13.8839 0
3.77897 2.12839 0
-0.291625 3.41831 0
-239.564 -110.243 87.1596
-1.19211 -75.4447 0
119.393 139.098 219.84
-1.41887 -4.14598 0
74.0812 -1.03079 26.4892
27.8582 198.475 20.1554
-69.5151 -113.83 131.732
1.78851 -8.85603 0
0.0401416 5.33019 0
5.72198 1.74312 0
0.582678 1.66162 0
-4.49309 -0.701481 0
8.59731 2.23628 0
2.48284 -3.10371 0
1.89689 -1.93517 0
5.52809 -4.28372 0
25.934 86.6531 0
-6.61091 6.85301 0
-11.6568 5.24462 0
40.7032 -30.3179 0
4.81223 4.33379 0
7.8139 -7.70607 0
11.445 -9.17923 0
7.16146 9.32964 0
1.55619 -4.13733 0
0.0507732 -3.92779 0
27.2902 125 12.973
-0.519639 6.20653 0
38.3879 89.9372 0
18.9477 -9.23389 0
0.452241 4.55974 0
1.04929 -0.489607 0
-28.9062 -11.4229 0
105.584 12.1464 36.7423
24.7224 -0.301207 0
5.53982 3.28635 0
2.14784 0.283046 0
0.423779 -2.25089 0
-90.5232 -21.2568 30.6369
-22.6134 -76.5101 0
-87.2785 57.5799 25.4031
160.893 -108.425 46.1463
-0.644409 1.2534 0
-0.446458 -0.118021 0
2.11216 4.15516 0
-1.29515 -4.15955 0
-67.537 108.412 76.284
-42.5671 66.4658 101.252
0.351128 1.59233 0
-11.141 31.141 0
38.2791 -55.9003 0
-0.19302 1.35729 0
-1.02849 -5.29876 0
4.25933 -0.604235 0
0.440981 0.184784 0
196.089 5.88155 0
52.7695 70.9419 26.4452
-149.332 106.139 0
-2.19302 2.54738 0
64.1555 -44.4255 0
29.8828 122.024 54.6404
0.42032 -1.93127 0
42.8158 -28.6533 0
107.885 -97.6522 33.6419
-215.18 57.1467 15.8392
-2.89891 0.249828 0
101.856 12.1805 37.6237
24.4824 0.000305361 0
0.427622 -2.33661 0
-87.4127 33.146 48.4423
15.5857 -1.37671 0
1.04623 2.80904 0
24.2109 21.3033 0
-2.30784 0.813175 0
-6.42186 -1.52114 0
-4.41562 -2.65934 0
100.504 183.078 193.683
-160.214 -259.712 130.837
-291.168 53.451 152.215
20.3754 -195.251 41.5853
-13.6046 -20.426 0
31.8431 7.26842 0
-40.862 12.2626 17.9242
0.626576 1.86888 0
36.2512 -19.5917 0
-0.424455 1.17818 0
0.708214 1.71909 0
1.29555 1.97912 0
187.631 53.0994 203.217
9.26 -9.81742 0
-6.81599 -8.36911 0
2.49201 2.21339 0
99.5716 -154.594 86.9401
-35.8221 47.2409 0
37.9503 84.1924 0
-19.4901 7.61826 0
1.85585 3.26523 0
-20.7536 58.7575 2.72155
-2.13131 -0.200868 0
106.072 -4.0721 38.2652
24.4699 0.301804 0
138.707 74.1846 5.47408
-1.23504 -63.8188 5.9752
70.6708 -29.7062 73.5884
5.328 -1.22101 0
178.201 -51.0257 27.0379
9.35824 -0.490824 0
-33.1619 -144.336 19.8568
-3.55244 -0.299314 0
0.329993 1.47321 0
10.1482 8.59579 0
11.0651 4.35631 0
-14.7468 -80.3157 0
1.92433 -2.4659 0
47.4851 -6.0268 0
2.60298 1.36126 0
24.0371 -2.46633 0
-6.74859 0.49137 0
-0.410414 1.19713 0
-0.163642 1.75674 0
64.55 354.69 213.76
-7.59822 4.38165 0
-63.2492 -115.347 138.974
2.77224 0.968631 0
-18.7036 -47.5332 0
209.729 -103.604 81.0854
20.9923 -36.9088 16.457
59.0477 -7.83734 0
-41.0296 60.7683 0
-3.13909 -0.733482 0
32.4065 -144.448 8.4428
1.0705 -2.34904 0
-9.922 -114.362 21.9749
-140.388 202.081 122.37
-0.720251 -2.75996 0
-17.334 -23.9056 76.7308
1.72378 -2.8905 0
1.09568 2.02175 0
-0.221186 1.41897 0
4.14276 -3.49872 0
43.3522 -22.2642 0
1.50194 8.40673 0
-23.9468 -22.137 0
-10.8534 -9.25257 0
26.8159 192.168 6.4854
2.98524 107.383 70.052
-29.2612 15.899 0
104.334 106.944 13.2463
228.39 -52.4852 81.7118
-44.2489 -38.6752 0
-72.4748 36.0552 51.2935
17.3492 47.6397 74.9729
5.6584 2.77621 0
3.52009 -1.93463 0
-79.9148 13.6674 68.558
-24.7712 -0.300852 0
84.8603 104.968 0
0.974911 -1.62399 0
58.0162 15.49 0
45.2321 -120.035 18.1947
70.4418 -9.77639 0
-3.47056 -0.730453 0
2.05862 123.588 61.0389
41.7534 -57.483 0
2.25937 -0.410646 0
-60.1178 147.881 0
-8.21867 50.656 47.9818
3.06503 -3.24897 0
-0.203361 1.3688 0
-133.582 -67.0652 98.0576
0.474577 1.42546 0
66.0126 227.874 0
3.95521 13.7317 0
-73.046 169.194 0
-2.57276 0.327488 0
-0.514275 1.87071 0
57.8166 43.1864 124.582
-61.8492 47.4635 31.1746
256.838 -172.382 67.3799
-10.5519 -24.5287 0
32.5517 243.08 41.3673
15.5889 82.1325 0
44.3696 69.0716 0
-0.726093 -0.464549 0
-3.88985 -4.71856 0
-0.614568 -4.68929 0
0.791676 1.58935 0
-76.1862 13.8089 70.0154
-24.7827 0.000146137 0
-5.33124 0.934797 0
-46.097 -4.31342 79.1668
-10.2646 -0.530412 0
-7.28263 -0.254095 0
-42.6325 1.11859 0
-4.42462 3.97189 0
13.1364 -11.954 0
-3.0231 -0.0495501 0
-1.30551 1.62103 0
1.2438 1.94788 0
-23.0402 -62.8442 45.3331
28.6384 -90.8016 0
-21.1836 -16.9112 0
-68.9499 77.3763 47.3189
-3.41457 3.48409 0
0.765482 -0.460702 0
49.7527 -29.8485 0
0.02051 2.98001 0
-1.21722 -1.2904 0
-0.117635 2.90041 0
108.597 -271.147 9.89555
-7.92612 -7.7416 0
51.8009 -92.5374 207.865
0.70865 -33.9308 0
-173.721 -77.5851 20.7865
-0.018819 -8.37648 0
0.543059 1.38534 0
0.367731 1.70901 0
-10.1689 25.6316 0
-0.295536 -52.2536 18.8918
1.20376 1.51691 0
-79.6292 -3.17508 73.5842
-24.7714 0.301215 0
-6.53111 -18.1357 0
-137.643 -2.83555 42.56
-2.76128 -3.37126 0
-1.44211 -5.92295 0
-1.01912 3.32809 0
-16.9957 97.5988 68.7146
-2.81734 3.81579 0
-10.4333 -2.94765 0
-58.5579 35.8503 0
-12.2284 12.0891 0
2.38342 6.54019 0
-0.0419047 9.47919 0
-30.3032 56.9379 0
-0.234178 3.36928 0
200.425 53.8687 157.423
-2.93584 0.646507 0
21.1988 -7.30544 48.7716
85.4647 39.1599 37.3489
-120.642 -47.2642 78.0605
-3.78669 1.25985 0
-4.32833 6.92898 0
-72.6106 -24.7819 85.7523
-25.3209 59.2358 0
-10.3441 14.7751 0
-10.0225 88.9595 0
96.9651 58.1548 0
-0.733809 -0.165246 0
0.704817 -1.70721 0
-8.27022 8.07706 0
25.6891 65.6901 13.8305
-0.00133234 -3.86626 0
0.347499 -3.49899 0
-2.59667 -19.2543 0
0.717499 -4.11989 0
-0.699258 10.0926 0
-9.82747 3.33286 0
-2.08156 -5.23198 0
-8.37598 86.9455 83.4338
-15.4558 5.79566 0
-44.7159 105.022 18.4922
-2.02883 10.2398 0
0.992686 1.80829 0
2.11225e-05 -90.721 135.304
0.692849 -86.3214 0
-4.52405 -0.326025 0
25.4135 24.0464 103.083
-2.50944 14.1041 0
62.4165 -168.962 103.588
-5.8973 55.6085 0
-22.3595 -7.04038 0
-6.7737 78.0956 0
42.9984 93.4724 16.714
-0.000335574 -0.300338 48.3924
1.78082e-07 -0.300057 132.465
2.40597e-05 -0.301011 51.5648
26.4704 -27.5983 0.695734
-47.9664 -65.7567 5.98099
30.8163 1.73262 0
8.39112 2.70532 0
-45.1496 -61.2447 10.2159
57.3437 36.5576 15.7307
-26.0831 21.7113 0
2.43236 5.70914 0
10.8644 -150.534 0
12.1664 102.006 37.565
0.000404921 24.4881 0
-3.08451 -12.1581 0
1.32326 2.4549 0
-1.22899 3.11406 0
0.869187 2.34965 0
0.0630195 -4.76385 0
-31.6348 -14.8744 2.94917
-0.33506 -3.21765 0
16.4382 -8.86196 0
2.81126 -1.58823 0
14.0022 -75.866 68.7123
-0.985871 -54.0181 0
4.35106 -0.0484513 0
-4.27007 15.8126 0
190.132 -1.35075 326.198
3.1456 -10.4862 0
175.708 -28.4069 99.8108
1.8025 -1.96809 0
-17.4803 -143.583 191.918
-3.41362 -1.79729 0
1.88285e-07 -5.03367e-07 48.4155
0.000220899 6.35959e-05 132.541
0.000156421 -9.00127e-05 51.6304
13.1964 84.783 84.2217
-27.2753 14.5395 0
-1.32866 -1.56402 0
9.398 -0.827425 0
21.8326 3.83639 15.414
113.784 146.855 161.63
41.4146 94.3878 75.7959
1.92536 0.836474 0
0.52175 -1.57911 0
13.2231 85.7513 48.2629
-6.11669 49.7209 43.8502
17.1449 -27.6465 0
-6.63885 3.634 48.4228
-0.624621 13.8238 0
-6.0148 8.06772 0
-70.6611 -84.3544 0
0.406458 1.46665 0
-0.357191 -1.4216 0
39.6183 -17.5023 0
3.77152 54.3502 0
13.8019 -76.0693 69.9995
7.00508 -12.988 29.6595
0.249653 -4.25569 0
19.3721 60.0784 0
-10.1864 191.435 14.3177
3.33696 -13.2702 0
-2.98088 1.67412 0
0.361329 -7.63803 0
13.5751 -28.2696 0
28.7236 -133.967 66.668
3.02351e-07 0.3 48.3918
0.000573328 0.300223 132.467
2.77683e-07 0.300151 51.5633
24.2654 -6.57945 0
-1.24833 -1.95695 0
-97.7349 207.944 34.1096
-275.898 11.6653 42.0616
0.159632 -3.71519 0
5.34484 6.56499 0
-2.12333 0.287884 0
-0.718607 -1.17461 0
0.353309 -7.26175 0
0.000467751 110.036 126.538
-0.692758 86.3221 0
-0.0668159 -2.95864 0
-1.08565 -1.43187 0
20.2184 -20.3668 0
-94.4923 30.9303 0
2.38458 3.77333 0
-30.865 12.2519 0
0.918444 -3.42322 0
-45.2447 56.1999 40.9373
0.0063887 3.41786 0
6.97623 -0.453393 0
0.864499 6.31242 0
-83.929 85.2656 0
-3.29971 -4.68612 0
-5.13596 4.98107 0
30.5918 232.738 30.3111
-34.8942 -74.5243 46.0323
19.5275 77.8587 174.421
10.8006 -14.8775 0
-24.4811 -68.7715 227.121
-1.87823 -3.67492 0
-177.641 -23.4508 0
22.4463 -1.99926 5.12391
-227.771 72.8508 39.4443
124.338 -285.824 6.78872
148.013 99.2375 134.317
-326.479 37.6579 120.811
70.2033 48.9021 0
-9.36844 37.9201 0
-22.6102 2.37037 0
-0.449428 0.407893 0
8.09505 -7.69374 0
11.7453 -9.17931 0
0.666981 6.98483 0
-6.38697 -12.291 0
1.28441 -6.68694 0
-7.30705 -4.87973 0
22.6587 -5.66796 0
-53.5693 -13.5385 81.2919
22.2382 -7.61395 0
-0.150681 0.178553 0
-127.784 111.83 6.26284
48.205 -145.182 0
105.88 12.155 36.7365
24.7715 -0.30065 0
-24.4548 -25.9968 0
3.07746 0.498427 0
-47.6024 -24.3572 0
55.0512 69.0873 0
49.0827 -61.8828 0
-26.6465 -29.6458 0
1.55807 1.77111 0
6.43713 -8.88502 0
3.18322 1.37803 0
2.92068 4.93807 0
-0.949294 -4.16196 0
31.5189 83.985 162.217
36.2385 63.415 0
0.540057 10.9104 0
-36.4734 -433.592 86.7385
-0.121301 -0.434348 0
2.01222 -0.255326 0
-34.5565 -100.825 199.715
16.523 -11.0219 0
57.1345 132.08 10.0601
201.139 11.183 0
50.1753 69.539 26.611
-148.912 105.76 0
-0.163555 -1.42996 0
27.9985 -134.353 0
-134.069 -32.0263 72.855
-140.625 12.3008 10.0925
-2.91906 -0.73885 0
-25.8948 -99.0939 0
17.9926 -29.8253 8.34123
44.0327 164.584 17.8484
102.142 12.1785 37.6072
24.7821 0.000604801 0
-53.4696 49.4941 105.58
-86.8368 -8.7327 0
108.302 77.1962 0
68.5094 -27.9829 0
-15.4745 -79.0914 0
-18.0946 -9.42374 0
2.1344 3.03209 0
-141.914 135.903 262.33
-0.60273 1.4613 0
1.20387 -1.76553 0
-0.348031 -1.8826 0
-34.3359 -182.249 57.5854
49.1418 239.353 119.861
-32.827 -19.9383 0
-49.0284 21.759 0
-222.181 -34.3309 180.44
28.1353 -9.69107 0
-5.32291 2.04743 0
64.7752 -363.93 91.9488
117.785 -74.4316 216.886
167.391 62.9336 246.674
-50.8927 32.2652 0
-3.81629 -1.82574 0
-1.53011 2.09276 0
107.497 -29.6681 11.8876
-24.6509 58.608 0
160.815 -12.3217 99.5844
84.4148 283.24 101.185
117.4 40.5982 138.914
-141.912 86.5554 104.5
-0.537007 -1.34516 0
106.369 -4.07885 38.2601
24.7712 0.301578 0
1.93213 0.505208 0
-141.784 -27.0264 7.0692
-8.6224 -8.4493 0
4.60655 3.87004 0
144.056 286.17 64.8917
69.0306 -118.266 46.4168
0.37918 62.5664 145.25
-135.959 -187.469 331.381
-3.11299 3.79157 0
10.4484 8.59586 0
11.7168 5.27774 0
-14.3155 -80.3122 0
14.1815 -11.1126 0
22.2658 -162.514 0
-56.8916 -148.562 17.3717
-2.16964 2.72707 0
132.814 79.723 101.901
26.9319 16.3389 0
144.353 26.2602 26.2785
1.05567 -3.24868 0
-7.48751 2.91 0
64.5622 -154.807 4.19252
0.322443 1.49293 0
-0.736364 3.6472 0
2.4369 5.2568 0
0.35159 4.52127 0
6.52757 -6.24496 0
-11.2644 -14.3369 0
46.4791 15.7283 0
602.118 71.2662 40.5647
1.74835 2.25457 0
53.4825 -142.836 60.1069
41.8037 -24.2716 0
-1.64729 -1.47583 0
-94.1313 -179.77 169.261
-4.88619 -7.39758 0
-7.23835 84.1603 37.2319
-6.69176 94.4219 0
-41.8319 22.8292 0
-2.1205 -3.06839 0
-17.8054 75.661 21.2292
-25.1709 -23.6333 0
-10.5532 -9.25249 0
27.1264 192.17 6.51772
3.34926 110.175 70.9258
-106.879 -16.9418 10.3747
-31.5388 -8.19306 25.0657
5.11806 -1.06137 0
-2.68085 -3.47641 0
-2.8076 3.32243 0
-166.214 35.953 0
0.572316 -1.68645 0
-53.9259 46.0721 0
-79.6151 13.6599 68.5665
-24.4699 -0.300652 0
181.743 76.8767 95.3068
2.27444 4.38525 0
-5.20699 -0.617604 0
-83.5056 38.6672 0
0.805389 1.25471 0
-36.1918 -46.1844 0
38.6103 179.978 307.997
-37.6894 -11.7239 1.70246
1.57637 -1.77379 0
-61.131 149.076 0
-7.08456 -85.6993 31.6033
3.07944 -2.87162 0
-2.48539 0.969192 0
197.913 -81.6665 2.16041
-2.07236 -4.04589 0
2.05736 -1.61432 0
0.349763 1.98142 0
-4.12357 1.39823 0
0.651423 -1.8678 0
0.67537 -1.94361 0
58.7961 39.238 115.686
-63.217 46.9966 30.8727
111.32 -3.48924 0
-4.59595 -1.93849 0
2.61295 -111.128 0
3.47212 2.19267 0
-272.27 -23.3188 145.073
-92.9912 -89.6252 15.3331
-136.031 -95.1279 15.6055
93.6923 -11.541 44.2844
-2.09341 1.56423 0
-75.8893 13.8111 70.0381
-66.7282 -5.4648 0
-6.6852 2.57879 0
-2.32395 0.713422 0
-9.18275 -0.514959 0
-4.15991 -1.71679 0
-42.3128 1.11791 0
24.341 41.9065 27.8604
-100.149 -81.5716 55.7564
111.635 -73.3085 46.5525
1.5424 1.32228 0
1.58744 1.88632 0
-24.9346 -61.1883 45.7642
1.52883 -7.73334 0
1.983 -18.868 0
-2.10649 4.60937 0
-85.5942 -13.3681 28.2468
-31.0337 9.28616 58.7936
2.0523 0.856938 0
-145.133 39.8358 328.79
40.1817 18.4997 0
2.39386 -0.192949 0
106.881 -272.907 8.82717
-7.62188 -7.75568 0
-103.144 6.29878 176.166
145.745 -60.5244 0
15.2629 19.0213 0
-0.171223 2.53711 0
3.03532 -1.73447 0
-5.40391 -7.73126 0
-24.6087 -39.3801 0
0.0839005 1.78759 0
0.55519 1.6992 0
-79.3306 -3.17021 73.5903
-24.4701 0.301639 0
-11.6265 39.8374 4.7518
-137.395 -2.68096 42.7342
-2.48746 -8.52639 0
3.00656 3.3929 0
32.4935 -248.722 103.432
46.594 -31.6087 34.0286
-19.3078 13.7424 0
-85.7972 -104.473 0
31.6712 36.1755 0
-11.9283 12.089 0
-2.10871 8.44982 0
40.6473 24.6423 0
-15.9988 -5.28204 0
-2.10455 0.0591553 0
-225.542 124.718 0
-33.6211 12.664 0
-50.8819 -24.8419 0
-62.8717 36.588 0
-55.9665 62.3725 27.0225
50.104 1.72628 0
-117.038 -134.074 0
24.1953 2.29044 0
-1.48904 14.9623 0
42.4203 -21.5899 0
16.1291 2.64065 0
8.54308 267.915 201.791
-7.07022 -15.0067 27.0766
2.39667 0.51327 0
-4.97384 -15.0201 0
-3.66149 1.40977 0
0.297738 -3.8636 0
0.861937 -3.31497 0
-2.28188 -19.2515 0
1.01264 -4.12283 0
-0.253403 10.1022 0
2.55885 -1.33373 0
-65.3266 -109.399 53.1772
3.6257 122.234 57.2687
10.7274 3.37435 0
45.1132 95.7633 10.8043
-4.13281 21.9567 0
0.284299 -1.37957 0
0.30002 -90.7212 135.304
0.992878 -86.3207 0
37.9222 56.2195 92.9566
12.7208 0.24883 0
-1.72922 10.3553 0
79.0748 -169.333 115.906
2.26886 0.576104 0
-1.86696 -0.381431 0
73.9864 -99.6245 71.1856
41.1889 26.0263 0
0.300437 -0.300438 48.3927
0.3 -0.300057 132.465
0.300583 -0.301426 51.5656
8.09699 -1.82538 0
-8.35399 17.3578 0
87.856 26.9679 74.7661
8.71955 2.87361 0
-15.8488 2.44136 0
102.93 -176.832 14.1488
30.8871 12.2507 34.7924
34.1286 52.107 0
10.8883 -148.884 0
12.4756 101.998 37.5598
0.301061 24.4881 0
5.29559 -0.630698 0
1.52891 2.42758 0
11.8415 22.9815 0
66.3739 -43.4707 54.638
4.65392 -76.8529 0
-10.0367 13.4011 0
16.0298 13.794 0
-30.5324 -8.68404 0
2.68909 -0.364135 0
14.3026 -75.8662 68.7107
-0.686186 -54.0191 0
-34.2331 -53.9598 0
-34.8252 -0.691654 0
-164.312 -252.38 240.603
-13.405 53.8184 42.3738
59.9074 73.9535 8.36078
11.867 9.90411 0
78.7575 -131.801 102.937
55.246 78.8817 0
0.300001 -8.11801e-07 48.4155
0.300077 2.20511e-05 132.54
0.30023 -0.000198212 51.6306
4.32275 -3.21619 0
-4.7389 14.4002 0
-4.48369 0.377165 0
8.99466 -0.987232 0
20.8972 3.50249 18.3138
4.8426 7.95453 0
66.2804 101.326 100.443
13.1942 28.1038 0
2.00666 -1.11183 0
13.5239 85.7498 48.2603
-5.81513 49.72 43.8508
-2.59644 -0.306774 0
-0.15799 -0.139571 0
1.55507 -4.67575 0
8.93909 114.258 0
2.2248 -8.34026 0
-0.697916 1.44313 0
-3.6566 0.142593 10.7673
67.8854 157.925 0
1.18885 16.7783 0
14.1088 -76.0636 69.9888
7.22717 -13.0414 29.6982
-5.28102 -2.15415 0
10.6358 11.4891 0
3.5115 9.78228 0
-86.7752 3.65666 100.05
0.514914 -58.7408 0
2.2447 -1.29591 0
-3.10838 -38.4234 0
-25.1236 -26.5509 0
0.300079 0.299985 48.3927
0.300352 0.300159 132.466
0.300153 0.300187 51.5642
-26.8 126.643 4.47572
-342.049 -168.224 11.3603
-106.157 -34.9128 63.6028
-1.71498 -17.7083 0
-23.4442 -48.3665 0
67.6693 56.0727 78.1602
8.88877 5.8915 0
-99.6382 -11.8559 270.928
30.7855 34.5791 0
0.300419 110.036 126.538
-0.392794 86.3216 0
0.237044 -2.96295 0
-1.11004 -1.22909 0
-3.41589 -35.0124 0
5.81286 -3.61977 0
2.64796 78.4601 0
2.48261 1.76556 0
131.074 48.0222 84.9448
1.27342 -1.82348 0
0.304747 3.41822 0
9.06774 -2.96032 0
-39.988 -10.0141 0
2.83746 4.54807 0
-2.95806 -4.6845 0
19.7371 -3.27897 264.618
1.82797 -1.53673 0
9.32031 -99.2656 60.9137
-5.8947 -22.3111 0
-34.5432 68.478 4.31005
258.598 385.232 127.615
3.19242 -3.15049 0
-105.856 -111.214 43.6655
36.8116 33.6593 0
1.92645 -1.97248 0
-4.91236 -4.18762 0
8.32684 -4.88693 0
3.466 -2.84834 0
-34.0593 206.327 8.25906
-8.11134 -4.13328 0
-24.2671 7.30465 0
310.588 -152.604 38.8065
8.28587 -7.70311 0
12.0455 -9.17947 0
0.630154 7.11077 0
1.16945 -2.80977 0
1.81555 -3.28358 0
-22.1263 -66.1622 0
4.64852 5.22999 0
-2.63047 1.56945 0
37.4611 -11.8614 0
2.22398 -1.16955 0
2.1913 0.0330651 0
-136.767 372.734 0
106.197 12.1574 36.757
80.6265 4.33749 0
-26.4577 -24.4746 0
-99.9214 -95.672 0
64.3602 264.132 27.7056
-87.479 -174.79 230.547
-217.577 -6.15426 29.7559
-132.123 -27.1468 28.9777
35.8069 64.653 0
8.13805 6.19984 0
9.11823 9.3722 0
-75.8867 -199.918 113.122
-0.339865 -1.79517 0
62.0294 216.474 143.572
0.183261 0.148392 0
211.575 249.696 290.087
-149.405 -107.702 27.5137
-0.369684 1.20248 0
2.61174 0.699934 0
17.0765 -208.158 14.1643
113.822 -43.4068 333.85
1.56087 -2.23323 0
104.728 37.6607 0
-0.540073 76.8749 31.4018
48.3063 33.9128 112.146
1.98861 -1.46025 0
-72.1576 11.7973 0
-2.96272 -2.67707 0
2.00554 0.0048405 0
-0.927748 12.9546 0
0.297204 -2.30034 0
27.3769 86.7135 82.6481
-34.3429 80.7176 127.41
102.454 12.1785 37.6228
56.3092 0.253054 20.431
-101.752 -32.51 0
2.75959 0.418042 0
17.7458 -1.52333 0
0.89262 -8.15502 0
73.7526 -15.2781 0
-237.091 222.937 65.9042
-75.4877 -39.7217 0
-40.7877 -10.0983 0
112.339 189.603 1.52863
1.26371 -1.80608 0
4.243 6.69914 0
93.3311 -159.394 87.9955
-47.0338 -48.3882 0
-72.6708 -35.6431 9.19333
11.3376 6.65657 0
14.003 71.0922 0
112.906 -116.535 0
1.25088 -1.85909 0
4.52703 0.778045 0
179.125 120.506 0
-440.655 364.22 436.468
7.87887 -7.26752 0
300.787 -159.544 125.589
1.95246 1.76877 0
-0.0614434 6.79556 0
3.60503 -3.69543 0
-165.194 152.469 45.7643
5.0389 -26.3387 0
187.753 137.428 109.702
2.98763 -46.1527 0.349167
1.52034 4.04804 0
106.687 -4.08383 38.281
50.2316 2.41508 0
-99.9561 160.39 47.1288
-1.93133 -3.66259 0
-59.661 58.7294 59.7664
-124.851 -134.462 0
-72.1912 -196.115 0
4.96941 -5.87798 0
85.7283 39.7058 5.64894
-46.1009 -1.14538 0
-10.2005 -48.6374 184.088
10.7487 8.59602 0
60.0815 101.53 0
-14.6044 -75.8087 0
-62.5758 4.60068 0
28.2329 -6.34155 0
-3.84371 -4.04603 0
-35.5372 -13.3208 0
65.723 28.5466 2.33757
99.0257 239.137 0
2.16816 -0.545288 0
-27.3038 -11.3602 59.5138
-4.3183 3.30824 0
-6.07339 3.2126 0
3.60345 6.59818 0
37.9887 28.4188 41.5535
3.13192 2.71206 0
2.4432 9.17518 0
-34.6451 47.2986 119.102
5.04715 -3.89777 0
2.09101 -0.483343 0
-9.36035 123.227 12.4704
1.59632 -2.54488 0
3.39523 -5.69048 0
-3.83745 1.93084 0
29.1401 -70.2473 0
55.9837 -108.259 0
7.5261 1.39347 0
3.69839 -1.92203 0
-1.36454 -2.2301 0
1.90245 -5.06919 0
32.8052 -31.2313 0
0.043054 8.26425 0
-18.95 -18.2393 0
-10.2418 -9.19908 0
27.5446 192.232 6.37395
3.5131 110.638 70.1564
50.6037 -86.5725 0
-35.5208 31.839 19.9205
123.851 100.042 3.33742
15.2258 140.308 52.4432
135.036 105.566 0
169.786 216.112 27.4016
4.72348 68.6901 0
2.34147 0.868301 0
-79.3192 13.6578 68.5642
-24.4205 -0.300663 0
-0.177392 2.08554 0
-0.1686 1.55566 0
-2.03663 -2.23798 0
-30.0757 -28.4828 0
-128.063 13.573 0
-53.9594 -138.321 0
-2.67384 3.23058 0
-0.138098 1.90439 0
2.55418 -2.11554 0
-62.9845 162.847 0
-49.9069 -69.8479 34.0452
3.58541 -1.21571 0
43.2796 -29.1743 0
27.9438 -18.4951 0
-2.87943 1.92247 0
-0.157523 0.417313 0
87.1249 195.846 42.81
0.848098 -1.77559 0
104.354 10.5946 99.4309
2.26715 -0.852095 0
50.8211 51.6334 145.265
-62.9108 46.9646 30.8882
-23.9132 -9.1413 0
19.967 41.4751 0
86.3005 133.779 0
-3.26891 2.01023 0
-6.41381 -6.11026 0
-76.0755 -41.6045 0
-38.9641 -37.1631 0
2.24686 0.357674 0
42.5444 65.3103 0
-75.5866 13.8097 70.0363
-24.1784 0.00112212 0
-4.48733 -0.314602 0
166.563 107.629 21.8911
2.52239 -3.45865 0
54.0993 55.3213 0
-32.577 7.60516 0
29.3736 149.827 31.8535
-0.894553 6.64406 0
-28.3927 -2.35587 0
0.240647 1.83238 0
2.84221 1.20192 0
-24.6508 -61.1491 45.778
208.517 139.997 13.7229
-64.0842 -51.1864 32.6708
11.2132 -5.31789 0
3.30224 -0.475761 0
1.20975 1.5901 0
55.9478 -76.0519 130.185
47.3728 -31.8928 8.32907
-41.0329 -24.6075 12.0461
-54.2486 -52.9697 30.863
29.6582 -276.061 16.5394
39.7888 -74.855 0
2.60281 -1.12987 0
2.3917 -29.3601 0
248.918 196.318 99.9863
-186.182 -283.779 113.714
-0.146959 1.62169 0
2.15317 -1.07892 0
-11.2031 113.77 32.2402
1.99054 0.402892 0
-153.86 102.238 105.027
-79.0377 -3.16789 73.5883
-24.42 0.302157 0
19.2251 106.145 101.995
-143.562 -1.53565 37.2258
-1.46898 -18.4075 0
0.26805 -3.98073 0
1.08428 1.57823 0
-27.5343 -52.1195 7.9836
-12.4392 -6.66489 0
-62.181 -9.02907 28.2709
0.709685 1.43448 0
-11.0384 11.4348 0
0.185513 13.6658 0
38.7508 23.2379 0
-27.8481 8.22865 8.98227
0.589619 17.2628 0
-0.128469 -2.15411 0
-0.148645 -0.428073 0
1.93773 10.8901 0
-1.20597 1.50866 0
-67.9908 -40.4874 34.4043
0.134352 -1.45057 0
-107.532 -118.326 0
-74.7422 -51.4286 21.8724
-30.845 -113.875 117.128
120.916 77.4346 0
108.972 -23.1997 88.4978
13.6301 330.066 45.3596
189.706 28.3737 10.9242
2.6436 1.75594 0
0.971159 84.5706 8.37134
48.9354 142.917 202.48
0.600784 -3.85387 0
6.14966 -1.32296 0
-1.99465 -19.2381 0
3.2878 -12.9621 0
-2.72368 8.25274 0
3.39331 -4.88001 0
-0.459216 0.185513 0
4.89596 7.07631 0
49.5827 149.572 89.438
-0.393243 41.6392 0
32.1401 163.934 128.385
-0.539012 -2.16232 0
0.600082 -90.7625 135.279
1.29967 -86.3128 0
-1.67698 2.2231 0
0.0151363 -3.36851 0
-0.264279 3.52689 0
-34.176 -205.857 107.638
0.728162 16.423 0
-4.29251 -38.5488 269.615
-81.9218 -83.349 199.081
-13.6383 -6.03399 0
0.60081 -0.300463 48.3899
0.600013 -0.300058 132.461
0.600689 -0.300579 51.5607
-16.5857 -6.99608 0
13.4745 -12.8851 0
-9.56628 22.5817 0
6.78775 4.97546 0
7.50726 5.69447 0
-3.26099 1.8925 0
-9.24713 117.351 67.8151
124.895 -49.3006 213.924
10.1063 -146.645 0
12.7711 102.049 37.5264
-2.99493 82.4988 0
-14.8945 0.205795 0
1.29634 2.57207 0
2.44445 6.9515 0
-15.6651 -21.0815 0
-1.85935 74.5669 0
62.3585 22.3878 80.2728
27.6183 56.9542 17.7722
-63.2754 -11.3204 143.803
3.06412 -1.88901 0
14.6016 -75.9331 68.6908
-0.380656 -53.81 0
-0.249795 1.46504 0
2.35609 -0.875101 0
69.0183 3.73246 132.072
-5.25049 4.52724 0
-15.5768 -31.4672 0
437.088 -55.2423 169.47
16.7041 -0.400705 0
0.278254 -3.01065 0
0.600002 -5.72749e-07 48.4122
0.600012 9.09986e-09 132.537
0.600079 -2.60517e-06 51.6266
21.3702 -23.8818 0
20.4408 -10.7679 0
23.156 -7.39556 0.951657
5.36281 3.72258 0
23.9674 23.042 0
-32.4495 -38.622 0
-5.35418 -49.5112 0
-67.2922 12.0173 93.0233
-0.218983 2.56307 0
13.8232 85.8141 48.2311
-5.51155 49.7004 43.8539
-10.587 8.3534 0
9.98412 28.653 0
0.431149 25.0098 0
2.09536 1.8097 0
145.845 -61.5687 0
0.403592 4.6467 0
-1.9529 -20.3712 0
217.471 -125.504 71.3473
78.0596 104.866 54.9334
14.4029 -76.1259 69.9622
8.23293 -12.2099 29.1313
0.520018 -8.38832 0
-0.0164017 3.40606 0
42.4538 101.977 8.0926
-9.16717 -0.633028 0
-17.3572 -73.9387 14.5821
-1.38586 14.1152 18.8503
-10.8544 -27.1979 0
-47.0396 46.239 0
0.60028 0.299988 48.3898
0.600147 0.300031 132.462
0.600728 0.300155 51.5608
2.65046 5.23374 0
-0.683773 -2.14499 0
2.63869 -0.223274 0
-33.5602 -30.9691 0
77.7583 2.55443 43.663
138.063 -194.243 63.3806
-6.0327 -115.519 36.8631
4.75025 0.707356 0
-25.6277 83.7031 19.0817
0.600075 110.073 126.508
-0.0929272 86.3186 0
0.53973 -2.94375 0
-1.6165 -1.53592 0
-26.5972 -15.0255 0
2.64706 -35.588 0
-2.34048 1.43984 0
37.3103 -0.460253 0
-1003.11 -426.51 460.206
-124.539 -49.4978 56.3487
0.606631 3.4166 0
-2.08106 6.03919 0
1.52969 6.20126 0
8.38679 4.9432 0
-2.49079 -4.17751 0
-67.2679 -11.424 0
11.5572 5.26121 0
-41.4742 -106.713 92.9196
-62.3451 -26.4062 0
14.0737 -11.2821 0
2.07959 -1.20187 0
2.36465 0.145456 0
-119.063 -98.9541 0
-9.41669 91.053 32.6905
1.37415 -2.18096 0
4.2261 -7.8401 0
11.6868 -10.5824 0
0.534288 69.8091 401.559
-29.3521 -72.3516 58.1385
-4.03974 92.6925 25.0296
3.32798 -7.17131 0
2.33191 -0.477695 0
7.97409 -7.5876 0
12.3764 -9.24621 0
-2.86028 10.405 0
-4.90078 -6.08294 0
2.88438 -58.9391 0
18.5354 -0.99866 0
1.43026 -3.33324 0
140.632 -41.559 64.3578
186.467 -3.4045 24.272
3.071 1.12735 0
22.2591 17.15 0
29.6674 -120.153 32.0586
-125.628 82.7808 43.5911
84.7876 -1.31449 0
-56.65 39.0021 10.6906
-33.218 2.55011 0
-175.215 177.409 98.7543
9.39502 -2.17382 0
209.644 56.792 90.6937
-5.28337 9.98188 0
60.9119 -11.8758 0
13.0517 -8.69778 0
12.3934 12.6793 0
74.3002 240.057 0
50.5268 -207.57 0
-94.9906 47.6747 142.564
-0.0848816 1.79298 0
-41.9239 -9.34645 0
-43.2698 44.3041 0
1.86302 1.35682 0
2.196 -2.07679 0
0.0126551 3.34134 0
-2.13798 0.168877 0
2.18384 -0.471221 0
7.3942 -3.50048 0
-182.899 142.119 122.917
-8.67394 3.16214 0
2.56416 -0.31819 0
-22.4112 2.66185 0
-9.4116 30.2757 0
1.88983 -1.94693 0
-3.61041 3.90357 0
-131.587 38.4834 30.3449
2.53812 -2.13987 0
-0.825164 3.48856 0
-73.852 74.9821 75.5562
91.2611 0.869973 0
5.43762 -119.11 36.2807
11.9237 -105.819 0
2.01669 0.256908 0
1.41242 -5.0646 0
3.16323 -1.29151 0
71.216 5.30007 71.5411
105.693 94.924 56.0527
-248.358 190.326 91.849
29.6 15.3184 0
168.384 169.7 142.588
-228.091 -45.2182 125.004
-128.604 101.681 66.9717
-0.817543 -2.86493 0
-44.8435 -50.5709 58.3172
-162.951 32.8885 0
43.1823 77.9291 0
23.0209 3.79349 0
4.24795 27.6027 0
-170.705 -126.858 3.71069
4.59442 -0.322687 0
-191.898 156.715 149.279
-111.477 82.1472 25.5775
563.775 -152.051 196.966
1.24566 1.57882 0
-19.3844 -2.02322 0
27.3372 -269.478 103.393
-0.425537 -157.301 105.006
4.76356 -81.2063 0
-1.42849 -1.48989 0
2.86579 5.67618 0
2.4396 -0.425562 0
-132.767 -6.05054 70.5578
68.892 2.58217 0
135.263 163.116 541.534
3.75157 2.32785 0
1.32248 6.25706 0
0.673123 -1.20646 0
3.19794 -1.39414 0
0.177552 -50.7101 69.7185
-3.48697 -55.0507 43.0341
-4.05938 194.96 89.6568
1.4644 1.52088 0
11.0821 8.65 0
10.1858 2.73594 0
-84.5803 -45.271 32.4745
1.12002 -5.73188 0
72.4836 82.6363 29.1358
146.926 44.3041 6.32044
2.21137 6.40197 0
-37.0366 98.6764 240.685
-9.52632 1.53227 0
5.61539 -9.28326 0
-0.771444 -0.457677 0
-4.58813 4.23829 0
-73.973 66.1264 61.3251
2.25456 0.0175604 0
-0.497877 1.35213 0
-15.0204 30.7109 0
3.00603 2.15691 0
-32.8229 -38.5753 0
40.7534 154.424 47.1841
-14.409 -17.8989 0
123.596 127.7 71.5424
2.28974 -0.697412 0
6.84169 -9.68372 0
-2.6961 -9.36293 0
2.10722 0.255396 0
1.87893 -1.94306 0
27.0935 27.8413 0
2.29419 0.908558 0
6.50552 -15.4553 0
2.14025 -0.41388 0
-77.5707 -73.0478 14.6107
-33.1183 26.6694 0
-1.16693 -1.74843 0
-13.2612 60.0875 121.871
-49.2745 158.258 36.6636
-25.4944 60.7179 11.2529
32.8768 -36.6055 0
-3.11686 18.9079 0
339.528 -193.243 91.505
2.1214 -0.323745 0
90.6601 60.7637 0
-13.0447 -174.016 49.9089
-42.4529 66.867 107.23
104.571 -0.525064 0
-83.0126 13.4369 67.9332
-24.1082 -0.300555 0
-48.5695 -80.282 0
-21.6216 2.71634 0
-0.138715 1.46879 0
7.71535 3.514 0
-52.7704 0.824267 0
-151.238 10.0554 37.4005
9.0421 18.2193 0
154.043 249.123 91.0425
0.677296 1.95072 0
795.559 -475.703 67.3092
-0.4646 -1.56567 0
-0.591607 -3.62413 0
2.30896 -3.81121 0
8.87064 2.49487 0
-25.0218 -35.0476 0
-380.179 267.443 437.373
2.02148 0.0339261 0
2.11607 -0.916237 0
-0.372996 1.29656 0
-46.6787 32.4201 106.23
-140.977 193.182 253.029
-59.6682 69.3223 20.1704
-0.572582 1.44436 0
83.4183 -42.5996 0
1.17197 -2.42673 0
52.4593 144.675 0
3.08802 4.59644 0
0.187406 -1.82511 0
51.3624 58.4061 2.57244
6.36304 18.4519 121.986
51.8652 1.69691 0
-79.1871 13.5895 69.426
-24.1165 0.000906573 0
-8.44237 -0.237996 0
-42.9489 11.8274 0
3.3638 20.488 0
17.2187 19.5682 0
12.033 0.395527 0
4.48737 1.34832 0
-25.0804 -17.0928 0
-57.6217 -83.0324 80.4024
-15.0666 22.6034 50.9912
45.4803 -245.879 93.3459
-21.3492 -86.0855 32.1531
-4.36662 4.03374 0
-30.2425 -38.5873 11.1125
-38.2402 -85.6228 14.743
2.30568 3.92936 0
123.962 21.1889 0
64.1688 12.9205 0
-96.8607 -79.892 101.915
-467.718 -22.397 246.3
1.38637 -1.57313 0
-57.142 -57.8374 148.121
49.363 -18.7439 4.29549
78.3101 206.535 114.864
64.7249 -38.8453 0
1.83387 5.04441 0
13.046 -6.71901 0
12.2279 1.42356 0
7.20383 -1.72151 0
51.6839 -220.122 0
-1.1987 -2.07651 0
21.7263 1.8069 0
-82.9177 -3.14035 72.8938
-24.1071 0.301943 0
-32.2519 -73.3971 0
-105.25 16.5221 0
-138.133 -198.551 15.3466
-78.715 -54.1952 25.0969
-12.6472 15.3654 77.7201
15.0811 -3.26354 0
-35.7113 -15.6734 0
181.67 185.591 179.649
0.396101 1.82811 0
-0.737516 0.471989 0
-205.554 79.0345 48.8674
9.81619 18.8509 0
2.71016 12.3692 0
2.87454 1.90398 0
-8.15182 -0.767195 0
2.34689 0.224988 0
16.7408 5.9436 0
-70.3664 11.0108 0
-7.82788 -18.6071 0
-274.175 162.7 23.1291
-91.2087 -94.1041 0
-2.90743 -3.21253 0
2.5352 0.0423092 0
0.822503 31.825 0
29.5331 84.2683 0
-40.0759 98.1172 170.251
1.9588 0.594173 0
12.2991 17.6557 0
1.02918 1.69405 0
-113.162 -14.6327 15.6349
0.904078 -3.43088 0
2.08481 -0.292322 0
-1.86531 -19.5397 0
-0.226184 -1.65903 0
-145.925 -53.9292 88.4036
0.413597 -1.87211 0
7.43906 -48.0937 1.22066
7.49346 4.51395 0
0.653854 -2.80126 0
0.53647 -9.49427 0
5.13992 28.5493 0
0.515152 -1.90577 0
0.900754 -109.527 122.685
0.900934 -82.6965 0
2.78681 1.06479 0
0.857501 -2.80477 0
5.29514 -4.72708 0
-15.0642 -14.1342 0
4.5895 -3.42155 0
-9.20049 -74.4895 0
2.00999 -2.46282 0
2.85666 -0.674994 0
0.900187 -0.300107 48.3862
0.900156 -0.300082 132.057
0.900441 -0.300175 51.2066
-67.3669 -7.73195 0
-7.23033 -1.3321 0
-72.8723 33.1102 57.2047
27.3632 3.37631 0
-4.48313 10.6645 0
3.87515 1.11847 0
-12.1704 39.469 15.7168
-0.193951 5.92577 0
-0.537372 5.36637 0
-3.17625 120.81 32.0696
0.901304 24.6825 0
10.6 13.3781 0
178.644 5.61138 0
-24.7053 -20.7919 12.04
-8.67006 12.6146 0
-3.72787 0.761472 0
-54.5029 106.762 6.99587
-6.02458 -19.6074 0
-4.56187 -41.7726 0
2.55585 1.61378 0
-2.20244 -96.2998 68.7612
-0.0712158 -58.542 0
-15.7241 9.49618 0
-6.38593 -141.499 30.3122
-17.2576 37.27 0
3.42605 -5.99668 0
-39.3481 23.4288 0
6.07675 -5.09555 0
1.16079 -2.11812 0
1.99088 -1.81675 0
0.900097 -1.04764e-06 48.3918
0.900145 -2.13249e-08 132.145
0.900611 -1.54153e-06 51.2842
11.6586 -36.4378 35.2216
-1.21166 -1.70947 0
-34.4503 -16.7101 0
-184.971 48.453 94.8876
-50.6394 -8.72279 97.3925
169.424 -129.422 39.1206
34.5129 -30.7438 82.5279
8.85922 -9.16799 10.0315
2.4373 -2.0571 0
-4.99328 63.4128 68.5287
-5.03287 50.5677 41.6056
-0.3334 1.25397 0
-76.197 5.0972 36.1751
-1.61103 -13.4075 0
-22.9236 23.7568 0
-62.2817 117.57 28.5982
0.383408 -2.43342 0
2.72941 17.6013 0
1.62202 1.32215 0
2.60332 15.2438 0
-2.22887 -96.4802 70.2655
1.93737 -14.7681 30.4027
-54.3336 -41.7181 0
3.15046 2.25449 0
-88.0815 28.8323 0
4.56072 0.207902 0
0.660656 -2.46529 0
-1.88255 -1.43225 0
16.1482 -126.736 0
0.923018 1.99492 0
0.900914 0.299992 48.3874
0.900289 0.300055 132.057
0.901471 0.300165 51.2081
-10.8567 16.6085 21.967
0.70373 -4.95918 0
-46.7546 -42.2879 22.6984
1.37505 1.53486 0
-38.1214 23.9343 0
-3.67926 5.28979 0
-9.33661 -58.0929 24.6133
2.11104 1.01955 0
-0.724467 1.82894 0
0.900753 127.063 112.177
0.171734 87.8058 0
-3.15867 -4.60359 0
-11.2133 -26.1476 0
-5.90187 -0.638537 0
-3.42053 -3.99255 0
18.4074 12.6051 0
-26.2462 -113.76 2.00706
-63.8614 36.0862 12.0571
0.604719 1.54431 0
0.909739 3.41765 0
48.458 210.522 120.522
0.594585 7.448 0
-44.17 82.4003 0
-95.9327 5.45043 68.0707
1.30638 1.33868 0
-2.38785 0.613695 0
123.372 -32.1213 0
17.2444 -199.485 33.1155
-4.93145 -3.04926 12.0259
2.99453 -0.075046 0
0.833907 1.70773 0
-222.901 52.3493 0
87.4289 81.5123 0
1.9943 -3.15327 0
-47.3534 24.8204 13.2845
2.0752 -1.39819 0
12.6731 -116.422 0
-2.87844 -10.7547 0
0.497198 -2.44761 0
0.308598 -2.29929 0
0.446798 -1.79409 0
2.45067 -0.632678 0
145.608 -125.812 181.958
0.167867 1.83397 0
0.551753 6.51382 0
7.46455 -8.16097 0
97.5791 -120.219 27.5946
-21.8539 -33.4154 135.229
21.6743 -57.5192 0
177.471 80.735 0
0.931822 2.19408 0
-45.8309 -97.5589 0
119.293 25.3343 0
127.727 -0.300041 112.128
94.2047 -0.299106 0
-8.82391 0.826182 0
0.198897 -2.07979 41.4172
134.18 64.7518 14.5515
50.4075 29.3871 0
-17.197 -33.8329 56.7417
22.7975 8.19978 0
0.144601 1.46215 0
-59.2573 43.9396 0
2.27305 0.758585 0
1.90582 2.79132 0
-117.566 144.593 0
-110.998 84.7934 0
33.8626 -6.27186 0
-80.0814 -8.57142 0
-105.846 62.008 20.2656
34.0615 -173.055 0
-41.36 -39.5045 18.9681
3.22882 -0.117185 0
-25.2798 -17.0714 0
58.9043 -104.55 40.3457
14.778 -15.237 0
-203.554 316.797 53.9185
-6.47899 29.5413 0
-10.0911 3.25769 0
5.5601 -1.76479 0
132.491 -129.161 0
-47.7778 20.9924 0
-4.77688 13.3297 0
0.81969 2.5421 0
4.0299 4.12876 0
-0.598341 -2.51107 0
127.624 8.28297e-06 112.225
94.2261 0.00713755 0
-4.47713 -0.185909 0
-1.42152 -1.55362 0
2.56506 -3.18571 0
-39.1717 -5.38414 27.0546
138.434 -56.0935 133.541
-41.0039 -33.851 0
1.74585 3.23193 0
-101.567 128.746 118.455
-76.6946 -9.14543 29.7499
11.2235 13.6071 0
-40.1701 79.3856 0
-79.793 -53.2335 0
10.5422 6.2585 0
2.22116 -0.530912 0
-103.567 -50.8451 0
-54.079 -42.7139 56.9325
3.00043 42.5003 0
-174.52 28.2336 172.307
-112.667 37.8092 43.2976
1.82097 0.840583 0
1.23398 -2.24998 0
-1.24841 -1.62743 0
-117.078 24.1661 0
-14.1339 0.69275 0
2.05992 0.437552 0
-3.35924 -15.5044 0
-71.4575 -140.274 0
29.909 39.1251 0
-21.7529 -36.1215 0
159.064 113.076 3.7913
-0.419923 -1.43562 0
127.727 0.300049 112.128
94.2249 0.313454 0
-8.83517 -1.34624 0
22.666 -139.257 30.5998
37.4925 -61.4941 0
-2.72498 5.44346 0
-0.900596 -1.87853 0
-0.693496 2.12185 0
-2.80614 6.86533 0
-5.80844 5.61733 0
1.53133 1.44654 0
-5.14249 10.4541 0
2.43479 1.81145 0
112.515 129.513 14.456
15.3571 14.0748 0
10.3118 -0.789286 0
6.23495 -0.364068 0
37.1263 30.4345 86.5095
8.31431 64.3365 0
187.317 24.4327 0
-20.4816 13.8991 0
2.52119 -0.1882 0
-1.08782 1.46378 0
90.2054 -79.8504 0
-43.2946 -101.794 15.5175
1.36292 7.54718 0
-9.02584 -20.3509 0
2.57555 0.527467 0
-3.87705 -5.77427 0
17.678 -1.48495 0
1.28412 1.36031 0
1.32405 -2.49692 0
VERTICES 2541 5082
1 0
1 1
1 2
1 3
1 4
1 5
1 6
1 7
1 8
1 9
1 10
1 11
1 12
1 13
1 14
1 15
1 16
1 17
1 18
1 19
1 20
1 21
1 22
1 23
1 24
1 25
1 26
1 27
1 28
1 29
1 30
1 31
1 32
1 33
1 34
1 35
1 36
1 37
1 38
1 39
1 40
1 41
1 42
1 43
1 44
1 45
1 46
1 47
1 48
1 49
1 50
1 51
1 52
1 53
1 54
1 55
1 56
1 57
1 58
1 59
1 60
1 61
1 62
1 63
1 64
1 65
1 66
1 67
1 68
1 69
1 70
1 71
1 72
1 73
1 74
1 75
1 76
1 77
1 78
1 79
1 80
1 81
1 82
1 83
1 84
1 85
1 86
1 87
1 88
1 89
1 90
1 91
1 92
1 93
1 94
1 95
1 96
1 97
1 98
1 99
1 100
1 101
1 102
1 103
1 104
1 105
1 106
1 107
1 108
1 109
1 110
1 111
1 112
1 113
1 114
1 115
1 116
1 117
1 118
1 119
1 120
1 121
1 122
1 123
1 124
1 125
1 126
1 127
1 128
1 129
1 130
1 131
1 132
1 133
1 134
1 135
1 136
1 137
1 138
1 139
1 140
1 141
1 142
1 143
1 144
1 145
1 146
1 147
1 148
1 149
1 150
1 151
1 152
1 153
1 154
1 155
1 156
1 157
1 158
1 159
1 160
1 161
1 162
1 163
1 164
1 165
1 166
1 167
1 168
1 169
1 170
1 171
1 172
1 173
1 174
1 175
1 176
1 177
1 178
1 179
1 180
1 181
1 182
1 183
1 184
1 185
1 186
1 187
1 188
1 189
1 190
1 191
1 192
1 193
1 194
1 195
1 196
1 197
1 198
1 199
1 200
1 201
1 202
1 203
1 204
1 205
1 206
1 207
1 208
1 209
1 210
1 211
1 212
1 213
1 214
1 215
1 216
1 217
1 218
1 219
1 220
1 221
1 222
1 223
1 224
1 225
1 226
1 227
1 228
1 229
1 230
1 231
1 232
1 233
1 234
1 235
1 236
1 237
1 238
1 239
1 240
1 241
1 242
1 243
1 244
1 245
1 246
1 247
1 248
1 249
1 250
1 251
1 252
1 253
1 254
1 255
1 256
1 257
1 258
1 259
1 260
1 261
1 262
1 263
1 264
1 265
1 266
1 267
1 268
1 269
1 270
1 271
1 272
1 273
1 274
1 275
1 276
1 277
1 278
1 279
1 280
1 281
1 282
1 283
1 284
1 285
1 286
1 287
1 288
1 289
1 290
1 291
1 292
1 293
1 294
1 295
1 296
1 297
1 298
1 299
1 300
1 301
1 302
1 303
1 304
1 305
1 306
1 307
1 308
1 309
1 310
1 311
1 312
1 313
1 314
1 315
1 316
1 317
1 318
1 319
1 320
1 321
1 322
1 323
1 324
1 325
1 326
1 327
1 328
1 329
1 330
1 331
1 332
1 333
1 334
1 335
1 336
1 337
1 338
1 339
1 340
1 341
1 342
1 343
1 344
1 345
1 346
1 347
1 348
1 349
1 350
1 351
1 352
1 353
1 354
1 355
1 356
1 357
1 358
1 359
1 360
1 361
1 362
1 363
1 364
1 365
1 366
1 367
1 368
1 369
1 370
1 371
1 372
1 373
1 374
1 375
1 376
1 377
1 378
1 379
1 380
1 381
1 382
1 383
1 384
1 385
1 386
1 387
1 388
1 389
1 390
1 391
1 392
1 393
1 394
1 395
1 396
1 397
1 398
1 399
1 400
1 401
1 402
1 403
1 404
1 405
1 406
1 407
1 408
1 409
1 410
1 411
1 412
1 413
1 414
1 415
1 416
1 417
1 418
1 419
1 420
1 421
1 422
1 423
1 424
1 425
1 426
1 427
1 428
1 429
1 430
1 431
1 432
1 433
1 434
1 435
1 436
1 437
1 438
1 439
1 440
1 441
1 442
1 443
1 444
1 445
1 446
1 447
1 448
1 449
1 450
1 451
1 452
1 453
1 454
1 455
1 456
1 457
1 458
1 459
1 460
1 461
1 462
1 463
1 464
1 465
1 466
1 467
1 468
1 469
1 470
1 471
1 472
1 473
1 474
1 475
1 476
1 477
1 478
1 479
1 480
1 481
1 482
1 483
1 484
1 485
1 486
1 487
1 488
1 489
1 490
1 491
1 492
1 493
1 494
1 495
1 496
1 497
1 498
1 499
1 500
1 501
1 502
1 503
1 504
1 505
1 506
1 507
1 508
1 509
1 510
1 511
1 512
1 513
1 514
1 515
1 516
1 517
1 518
1 519
1 520
1 521
1 522
1 523
1 524
1 525
1 526
1 527
1 528
1 529
1 530
1 531
1 532
1 533
1 534
1 535
1 536
1 537
1 538
1 539
1 540
1 541
1 542
1 543
1 544
1 545
1 546
1 547
1 548
1 549
1 550
1 551
1 552
1 553
1 554
1 555
1 556
1 557
1 558
1 559
1 560
1 561
1 562
1 563
1 564
1 565
1 566
1 567
1 568
1 569
1 570
1 571
1 572
1 573
1 574
1 575
1 576
1 577
1 578
1 579
1 580
1 581
1 582
1 583
1 584
1 585
1 586
1 587
1 588
1 589
1 590
1 591
1 592
1 593
1 594
1 595
1 596
1 597
1 598
1 599
1 600
1 601
1 602
1 603
1 604
1 605
1 606
1 607
1 608
1 609
1 610
1 611
1 612
1 613
1 614
1 615
1 616
1 617
1 618
1 619
1 620
1 621
1 622
1 623
1 624
1 625
1 626
1 627
1 628
1 629
1 630
1 631
1 632
1 633
1 634
1 635
1 636
1 637
1 638
1 639
1 640
1 641
1 642
1 643
1 644
1 645
1 646
1 647
1 648
1 649
1 650
1 651
1 652
1 653
1 654
1 655
1 656
1 657
1 658
1 659
1 660
1 661
1 662
1 663
1 664
1 665
1 666
1 667
1 668
1 669
1 670
1 671
1 672
1 673
1 674
1 675
1 676
1 677
1 678
1 679
1 680
1 681
1 682
1 683
1 684
1 685
1 686
1 687
1 688
1 689
1 690
1 691
1 692
1 693
1 694
1 695
1 696
1 697
1 698
1 699
1 700
1 701
1 702
1 703
1 704
1 705
1 706
1 707
1 708
1 709
1 710
1 711
1 712
1 713
1 714
1 715
1 716
1 717
1 718
1 719
1 720
1 721
1 722
1 723
1 724
1 725
1 726
1 727
1 728
1 729
1 730
1 731
1 732
1 733
1 734
1 735
1 736
1 737
1 738
1 739
1 740
1 741
1 742
1 743
1 744
1 745
1 746
1 747
1 748
1 749
1 750
1 751
1 752
1 753
1 754
1 755
1 756
1 757
1 758
1 759
1 760
1 761
1 762
1 763
1 764
1 765
1 766
1 767
1 768
1 769
1 770
1 771
1 772
1 773
1 774
1 775
1 776
1 777
1 778
1 779
1 780
1 781
1 782
1 783
1 784
1 785
1 786
1 787
1 788
1 789
1 790
1 791
1 792
1 793
1 794
1 795
1 796
1 797
1 798
1 799
1 800
1 801
1 802
1 803
1 804
1 805
1 806
1 807
1 808
1 809
1 810
1 811
1 812
1 813
1 814
1 815
1 816
1 817
1 818
1 819
1 820
1 821
1 822
1 823
1 824
1 825
1 826
1 827
1 828
1 829
1 830
1 831
1 832
1 833
1 834
1 835
1 836
1 837
1 838
1 839
1 840
1 841
1 842
1 843
1 844
1 845
1 846
1 847
1 848
1 849
1 850
1 851
1 852
1 853
1 854
1 855
1 856
1 857
1 858
1 859
1 860
1 861
1 862
1 863
1 864
1 865
1 866
1 867
1 868
1 869
1 870
1 871
1 872
1 873
1 874
1 875
1 876
1 877
1 878
1 879
1 880
1 881
1 882
1 883
1 884
1 885
1 886
1 887
1 888
1 889
1 890
1 891
1 892
1 893
1 894
1 895
1 896
1 897
1 898
1 899
1 900
1 901
1 902
1 903
1 904
1 905
1 906
1 907
1 908
1 909
1 910
1 911
1 912
1 913
1 914
1 915
1 916
1 917
1 918
1 919
1 920
1 921
1 922
1 923
1 924
1 925
1 926
1 927
1 928
1 929
1 930
1 931
1 932
1 933
1 934
1 935
1 936
1 937
1 938
1 939
1 940
1 941
1 942
1 943
1 944
1 945
1 946
1 947
1 948
1 949
1 950
1 951
1 952
1 953
1 954
1 955
1 956
1 957
1 958
1 959
1 960
1 961
1 962
1 963
1 964
1 965
1 966
1 967
1 968
1 969
1 970
1 971
1 972
1 973
1 974
1 975
1 976
1 977
1 978
1 979
1 980
1 981
1 982
1 983
1 984
1 985
1 986
1 987
1 988
1 989
1 990
1 991
1 992
1 993
1 994
1 995
1 996
1 997
1 998
1 999
1 1000
1 1001
1 1002
1 1003
1 1004
1 1005
1 1006
1 1007
1 1008
1 1009
1 1010
1 1011
1 1012
1 1013
1 1014
1 1015
1 1016
1 1017
1 1018
1 1019
1 1020
1 1021
1 1022
1 1023
1 1024
1 1025
1 1026
1 1027
1 1028
1 1029
1 1030
1 1031
1 1032
1 1033
1 1034
1 1035
1 1036
1 1037
1 1038
1 1039
1 1040
1 1041
1 1042
1 1043
1 1044
1 1045
1 1046
1 1047
1 1048
1 1049
1 1050
1 1051
1 1052
1 1053
1 1054
1 1055
1 1056
1 1057
1 1058
1 1059
1 1060
1 1061
1 1062
1 1063
1 1064
1 1065
1 1066
1 1067
1 1068
1 1069
1 1070
1 1071
1 1072
1 1073
1 1074
1 1075
1 1076
1 1077
1 1078
1 1079
1 1080
1 1081
1 1082
1 1083
1 1084
1 1085
1 1086
1 1087
1 1088
1 1089
1 1090
1 1091
1 1092
1 1093
1 1094
1 1095
1 1096
1 1097
1 1098
1 1099
1 1100
1 1101
1 1102
1 1103
1 1104
1 1105
1 1106
1 1107
1 1108
1 1109
1 1110
1 1111
1 1112
1 1113
1 1114
1 1115
1 1116
1 1117
1 1118
1 1119
1 1120
1 1121
1 1122
1 1123
1 1124
1 1125
1 1126
1 1127
1 1128
1 1129
1 1130
1 1131
1 1132
1 1133
1 1134
1 1135
1 1136
1 1137
1 1138
1 1139
1 1140
1 1141
1 1142
1 1143
1 1144
1 1145
1 1146
1 1147
1 1148
1 1149
1 1150
1 1151
1 1152
1 1153
1 1154
1 1155
1 1156
1 1157
1 1158
1 1159
1 1160
1 1161
1 1162
1 1163
1 1164
1 1165
1 1166
1 1167
1 1168
1 1169
1 1170
1 1171
1 1172
1 1173
1 1174
1 1175
1 1176
1 1177
1 1178
1 1179
1 1180
1 1181
1 1182
1 1183
1 1184
1 1185
1 1186
1 1187
1 1188
1 1189
1 1190
1 1191
1 1192
1 1193
1 1194
1 1195
1 1196
1 1197
1 1198
1 1199
1 1200
1 1201
1 1202
1 1203
1 1204
1 1205
1 1206
1 1207
1 1208
1 1209
1 1210
1 1211
1 1212
1 1213
1 1214
1 1215
1 1216
1 1217
1 1218
1 1219
1 1220
1 1221
1 1222
1 1223
1 1224
1 1225
1 1226
1 1227
1 1228
1 1229
1 1230
1 1231
1 1232
1 1233
1 1234
1 1235
1 1236
1 1237
1 1238
1 1239
1 1240
1 1241
1 1242
1 1243
1 1244
1 1245
1 1246
1 1247
1 1248
1 1249
1 1250
1 1251
1 1252
1 1253
1 1254
1 1255
1 1256
1 1257
1 1258
1 1259
1 1260
1 1261
1 1262
1 1263
1 1264
1 1265
1 1266
1 1267
1 1268
1 1269
1 1270
1 1271
1 1272
1 1273
1 1274
1 1275
1 1276
1 1277
1 1278
1 1279
1 1280
1 1281
1 1282
1 1283
1 1284
1 1285
1 1286
1 1287
1 1288
1 1289
1 1290
1 1291
1 1292
1 1293
1 1294
1 1295
1 1296
1 1297
1 1298
1 1299
1 1300
1 1301
1 1302
1 1303
1 1304
1 1305
1 1306
1 1307
1 1308
1 1309
1 1310
1 1311
1 1312
1 1313
1 1314
1 1315
1 1316
1 1317
1 1318
1 1319
1 1320
1 1321
1 1322
1 1323
1 1324
1 1325
1 1326
1 1327
1 1328
1 1329
1 1330
1 1331
1 1332
1 1333
1 1334
1 1335
1 1336
1 1337
1 1338
1 1339
1 1340
1 1341
1 1342
1 1343
1 1344
1 1345
1 1346
1 1347
1 1348
1 1349
1 1350
1 1351
1 1352
1 1353
1 1354
1 1355
1 1356
1 1357
1 1358
1 1359
1 1360
1 1361
1 1362
1 1363
1 1364
1 1365
1 1366
1 1367
1 1368
1 1369
1 1370
1 1371
1 1372
1 1373
1 1374
1 1375
1 1376
1 1377
1 1378
1 1379
1 1380
1 1381
1 1382
1 1383
1 1384
1 1385
1 1386
1 1387
1 1388
1 1389
1 1390
1 1391
1 1392
1 1393
1 1394
1 1395
1 1396
1 1397
1 1398
1 1399
1 1400
1 1401
1 1402
1 1403
1 1404
1 1405
1 1406
1 1407
1 1408
1 1409
1 1410
1 1411
1 1412
1 1413
1 1414
1 1415
1 1416
1 1417
1 1418
1 1419
1 1420
1 1421
1 1422
1 1423
1 1424
1 1425
1 1426
1 1427
1 1428
1 1429
1 1430
1 1431
1 1432
1 1433
1 1434
1 1435
1 1436
1 1437
1 1438
1 1439
1 1440
1 1441
1 1442
1 1443
1 1444
1 1445
1 1446
1 1447
1 1448
1 1449
1 1450
1 1451
1 1452
1 1453
1 1454
1 1455
1 1456
1 1457
1 1458
1 1459
1 1460
1 1461
1 1462
1 1463
1 1464
1 1465
1 1466
1 1467
1 1468
1 1469
1 1470
1 1471
1 1472
1 1473
1 1474
1 1475
1 1476
1 1477
1 1478
1 1479
1 1480
1 1481
1 1482
1 1483
1 1484
1 1485
1 1486
1 1487
1 1488
1 1489
1 1490
1 1491
1 1492
1 1493
1 1494
1 1495
1 1496
1 1497
1 1498
1 1499
1 1500
1 1501
1 1502
1 1503
1 1504
1 1505
1 1506
1 1507
1 1508
1 1509
1 1510
1 1511
1 1512
1 1513
1 1514
1 1515
1 1516
1 1517
1 1518
1 1519
1 1520
1 1521
1 1522
1 1523
1 1524
1 1525
1 1526
1 1527
1 1528
1 1529
1 1530
1 1531
1 1532
1 1533
1 1534
1 1535
1 1536
1 1537
1 1538
1 1539
1 1540
1 1541
1 1542
1 1543
1 1544
1 1545
1 1546
1 1547
1 1548
1 1549
1 1550
1 1551
1 1552
1 1553
1 1554
1 1555
1 1556
1 1557
1 1558
1 1559
1 1560
1 1561
1 1562
1 1563
1 1564
1 1565
1 1566
1 1567
1 1568
1 1569
1 1570
1 1571
1 1572
1 1573
1 1574
1 1575
1 1576
1 1577
1 1578
1 1579
1 1580
1 1581
1 1582
1 1583
1 1584
1 1585
1 1586
1 1587
1 1588
1 1589
1 1590
1 1591
1 1592
1 1593
1 1594
1 1595
1 1596
1 1597
1 1598
1 1599
1 1600
1 1601
1 1602
1 1603
1 1604
1 1605
1 1606
1 1607
1 1608
1 1609
1 1610
1 1611
1 1612
1 1613
1 1614
1 1615
1 1616
1 1617
1 1618
1 1619
1 1620
1 1621
1 1622
1 1623
1 1624
1 1625
1 1626
1 1627
1 1628
1 1629
1 1630
1 1631
1 1632
1 1633
1 1634
1 1635
1 1636
1 1637
1 1638
1 1639
1 1640
1 1641
1 1642
1 1643
1 1644
1 1645
1 1646
1 1647
1 1648
1 1649
1 1650
1 1651
1 1652
1 1653
1 1654
1 1655
1 1656
1 1657
1 1658
1 1659
1 1660
1 1661
1 1662
1 1663
1 1664
1 1665
1 1666
1 1667
1 1668
1 1669
1 1670
1 1671
1 1672
1 1673
1 1674
1 1675
1 1676
1 1677
1 1678
1 1679
1 1680
1 1681
1 1682
1 1683
1 1684
1 1685
1 1686
1 1687
1 1688
1 1689
1 1690
1 1691
1 1692
1 1693
1 1694
1 1695
1 1696
1 1697
1 1698
1 1699
1 1700
1 1701
1 1702
1 1703
1 1704
1 1705
1 1706
1 1707
1 1708
1 1709
1 1710
1 1711
1 1712
1 1713
1 1714
1 1715
1 1716
1 1717
1 1718
1 1719
1 1720
1 1721
1 1722
1 1723
1 1724
1 1725
1 1726
1 1727
1 1728
1 1729
1 1730
1 1731
1 1732
1 1733
1 1734
1 1735
1 1736
1 1737
1 1738
1 1739
1 1740
1 1741
1 1742
1 1743
1 1744
1 1745
1 1746
1 1747
1 1748
1 1749
1 1750
1 1751
1 1752
1 1753
1 1754
1 1755
1 1756
1 1757
1 1758
1 1759
1 1760
1 1761
1 1762
1 1763
1 1764
1 1765
1 1766
1 1767
1 1768
1 1769
1 1770
1 1771
1 1772
1 1773
1 1774
1 1775
1 1776
1 1777
1 1778
1 1779
1 1780
1 1781
1 1782
1 1783
1 1784
1 1785
1 1786
1 1787
1 1788
1 1789
1 1790
1 1791
1 1792
1 1793
1 1794
1 1795
1 1796
1 1797
1 1798
1 1799
1 1800
1 1801
1 1802
1 1803
1 1804
1 1805
1 1806
1 1807
1 1808
1 1809
1 1810
1 1811
1 1812
1 1813
1 1814
1 1815
1 1816
1 1817
1 1818
1 1819
1 1820
1 1821
1 1822
1 1823
1 1824
1 1825
1 1826
1 1827
1 1828
1 1829
1 1830
1 1831
1 1832
1 1833
1 1834
1 1835
1 1836
1 1837
1 1838
1 1839
1 1840
1 1841
1 1842
1 1843
1 1844
1 1845
1 1846
1 1847
1 1848
1 1849
1 1850
1 1851
1 1852
1 1853
1 1854
1 1855
1 1856
1 1857
1 1858
1 1859
1 1860
1 1861
1 1862
1 1863
1 1864
1 1865
1 1866
1 1867
1 1868
1 1869
1 1870
1 1871
1 1872
1 1873
1 1874
1 1875
1 1876
1 1877
1 1878
1 1879
1 1880
1 1881
1 1882
1 1883
1 1884
1 1885
1 1886
1 1887
1 1888
1 1889
1 1890
1 1891
1 1892
1 1893
1 1894
1 1895
1 1896
1 1897
1 1898
1 1899
1 1900
1 1901
1 1902
1 1903
1 1904
1 1905
1 1906
1 1907
1 1908
1 1909
1 1910
1 1911
1 1912
1 1913
1 1914
1 1915
1 1916
1 1917
1 1918
1 1919
1 1920
1 1921
1 1922
1 1923
1 1924
1 1925
1 1926
1 1927
1 1928
1 1929
1 1930
1 1931
1 1932
1 1933
1 1934
1 1935
1 1936
1 1937
1 1938
1 1939
1 1940
1 1941
1 1942
1 1943
1 1944
1 1945
1 1946
1 1947
1 1948
1 1949
1 1950
1 1951
1 1952
1 1953
1 1954
1 1955
1 1956
1 1957
1 1958
1 1959
1 1960
1 1961
1 1962
1 1963
1 1964
1 1965
1 1966
1 1967
1 1968
1 1969
1 1970
1 1971
1 1972
1 1973
1 1974
1 1975
1 1976
1 1977
1 1978
1 1979
1 1980
1 1981
1 1982
1 1983
1 1984
1 1985
1 1986
1 1987
1 1988
1 1989
1 1990
1 1991
1 1992
1 1993
1 1994
1 1995
1 1996
1 1997
1 1998
1 1999
1 2000
1 2001
1 2002
1 2003
1 2004
1 2005
1 2006
1 2007
1 2008
1 2009
1 2010
1 2011
1 2012
1 2013
1 2014
1 2015
1 2016
1 2017
1 2018
1 2019
1 2020
1 2021
1 2022
1 2023
1 2024
1 2025
1 2026
1 2027
1 2028
1 2029
1 2030
1 2031
1 2032
1 2033
1 2034
1 2035
1 2036
1 2037
1 2038
1 2039
1 2040
1 2041
1 2042
1 2043
1 2044
1 2045
1 2046
1 2047
1 2048
1 2049
1 2050
1 2051
1 2052
1 2053
1 2054
1 2055
1 2056
1 2057
1 2058
1 2059
1 2060
1 2061
1 2062
1 2063
1 2064
1 2065
1 2066
1 2067
1 2068
1 2069
1 2070
1 2071
1 2072
1 2073
1 2074
1 2075
1 2076
1 2077
1 2078
1 2079
1 2080
1 2081
1 2082
1 2083
1 2084
1 2085
1 2086
1 2087
1 2088
1 2089
1 2090
1 2091
1 2092
1 2093
1 2094
1 2095
1 2096
1 2097
1 2098
1 2099
1 2100
1 2101
1 2102
1 2103
1 2104
1 2105
1 2106
1 2107
1 2108
1 2109
1 2110
1 2111
1 2112
1 2113
1 2114
1 2115
1 2116
1 2117
1 2118
1 2119
1 2120
1 2121
1 2122
1 2123
1 2124
1 2125
1 2126
1 2127
1 2128
1 2129
1 2130
1 2131
1 2132
1 2133
1 2134
1 2135
1 2136
1 2137
1 2138
1 2139
1 2140
1 2141
1 2142
1 2143
1 2144
1 2145
1 2146
1 2147
1 2148
1 2149
1 2150
1 2151
1 2152
1 2153
1 2154
1 2155
1 2156
1 2157
1 2158
1 2159
1 2160
1 2161
1 2162
1 2163
1 2164
1 2165
1 2166
1 2167
1 2168
1 2169
1 2170
1 2171
1 2172
1 2173
1 2174
1 2175
1 2176
1 2177
1 2178
1 2179
1 2180
1 2181
1 2182
1 2183
1 2184
1 2185
1 2186
1 2187
1 2188
1 2189
1 2190
1 2191
1 2192
1 2193
1 2194
1 2195
1 2196
1 2197
1 2198
1 2199
1 2200
1 2201
1 2202
1 2203
1 2204
1 2205
1 2206
1 2207
1 2208
1 2209
1 2210
1 2211
1 2212
1 2213
1 2214
1 2215
1 2216
1 2217
1 2218
1 2219
1 2220
1 2221
1 2222
1 2223
1 2224
1 2225
1 2226
1 2227
1 2228
1 2229
1 2230
1 2231
1 2232
1 2233
1 2234
1 2235
1 2236
1 2237
1 2238
1 2239
1 2240
1 2241
1 2242
1 2243
1 2244
1 2245
1 2246
1 2247
1 2248
1 2249
1 2250
1 2251
1 2252
1 2253
1 2254
1 2255
1 2256
1 2257
1 2258
1 2259
1 2260
1 2261
1 2262
1 2263
1 2264
1 2265
1 2266
1 2267
1 2268
1 2269
1 2270
1 2271
1 2272
1 2273
1 2274
1 2275
1 2276
1 2277
1 2278
1 2279
1 2280
1 2281
1 2282
1 2283
1 2284
1 2285
1 2286
1 2287
1 2288
1 2289
1 2290
1 2291
1 2292
1 2293
1 2294
1 2295
1 2296
1 2297
1 2298
1 2299
1 2300
1 2301
1 2302
1 2303
1 2304
1 2305
1 2306
1 2307
1 2308
1 2309
1 2310
1 2311
1 2312
1 2313
1 2314
1 2315
1 2316
1 2317
1 2318
1 2319
1 2320
1 2321
1 2322
1 2323
1 2324
1 2325
1 2326
1 2327
1 2328
1 2329
1 2330
1 2331
1 2332
1 2333
1 2334
1 2335
1 2336
1 2337
1 2338
1 2339
1 2340
1 2341
1 2342
1 2343
1 2344
1 2345
1 2346
1 2347
1 2348
1 2349
1 2350
1 2351
1 2352
1 2353
1 2354
1 2355
1 2356
1 2357
1 2358
1 2359
1 2360
1 2361
1 2362
1 2363
1 2364
1 2365
1 2366
1 2367
1 2368
1 2369
1 2370
1 2371
1 2372
1 2373
1 2374
1 2375
1 2376
1 2377
1 2378
1 2379
1 2380
1 2381
1 2382
1 2383
1 2384
1 2385
1 2386
1 2387
1 2388
1 2389
1 2390
1 2391
1 2392
1 2393
1 2394
1 2395
1 2396
1 2397
1 2398
1 2399
1 2400
1 2401
1 2402
1 2403
1 2404
1 2405
1 2406
1 2407
1 2408
1 2409
1 2410
1 2411
1 2412
1 2413
1 2414
1 2415
1 2416
1 2417
1 2418
1 2419
1 2420
1 2421
1 2422
1 2423
1 2424
1 2425
1 2426
1 2427
1 2428
1 2429
1 2430
1 2431
1 2432
1 2433
1 2434
1 2435
1 2436
1 2437
1 2438
1 2439
1 2440
1 2441
1 2442
1 2443
1 2444
1 2445
1 2446
1 2447
1 2448
1 2449
1 2450
1 2451
1 2452
1 2453
1 2454
1 2455
1 2456
1 2457
1 2458
1 2459
1 2460
1 2461
1 2462
1 2463
1 2464
1 2465
1 2466
1 2467
1 2468
1 2469
1 2470
1 2471
1 2472
1 2473
1 2474
1 2475
1 2476
1 2477
1 2478
1 2479
1 2480
1 2481
1 2482
1 2483
1 2484
1 2485
1 2486
1 2487
1 2488
1 2489
1 2490
1 2491
1 2492
1 2493
1 2494
1 2495
1 2496
1 2497
1 2498
1 2499
1 2500
1 2501
1 2502
1 2503
1 2504
1 2505
1 2506
1 2507
1 2508
1 2509
1 2510
1 2511
1 2512
1 2513
1 2514
1 2515
1 2516
1 2517
1 2518
1 2519
1 2520
1 2521
1 2522
1 2523
1 2524
1 2525
1 2526
1 2527
1 2528
1 2529
1 2530
1 2531
1 2532
1 2533
1 2534
1 2535
1 2536
1 2537
1 2538
1 2539
1 2540
POINT_DATA 2541
SCALARS density float 1
LOOKUP_TABLE default
500
500
500
500
500
500
500
500
500
500
500
500
500
500
500
500
500
500
500
500
500
500
500
500
500
500
500
500
500
500
500
500
500
500
500
500
500
500
500
500
500
500
500
500
500
500
500
500
500
500
500
500
500
500
500
500
500
500
500
500
500
500
500
500
500
500
500
500
500
500
500
500
500
500
500
500
500
500
500
500
500
500
500
500
500
500
500
500
500
500
500
500
500
500
500
500
500
500
500
500
500
500
500
500
500
500
500
500
500
500
500
500
500
500
500
500
500
500
500
500
500
500
500
500
500
500
500
500
500
500
500
500
500
500
500
500
500
500
500
500
500
500
500
500
500
500
500
500
500
500
500
500
500
500
500
500
500
500
500
500
500
500
500
500
500
500
500
500
500
500
500
500
500
500
500
500
500
500
500
500
500
500
500
500
500
500
500
500
500
500
500
500
500
500
500
500
500
500
500
500
500
500
500
500
500
500
500
500
500
500
500
500
500
500
500
500
500
500
500
500
500
500
500
500
500
500
500
500
500
500
500
500
500
500
500
500
500
500
500
500
500
500
500
500
500
500
500
500
500
500
500
500
500
500
500
500
500
500
500
500
500
500
500
500
500
500
500
500
500
500
500
500
500
500
500
500
500
500
500
500
500
500
500
500
500
500
500
500
500
500
500
500
500
500
500
500
500
500
500
500
500
500
500
500
500
500
500
500
500
500
500
500
500
500
500
500
500
500
500
500
500
500
500
500
500
500
500
500
500
500
500
500
500
500
500
500
500
500
500
500
500
500
500
500
500
500
500
500
500
500
500
500
500
500
500
500
500
500
500
500
500
500
500
500
500
500
500
500
500
500
500
500
500
500
500
500
500
500
500
500
500
500
500
500
500
500
500
500
500
500
500
500
500
500
500
500
500
500
500
500
500
500
500
500
500
500
500
500
500
500
500
500
500
500
500
500
500
500
500
500
500
500
500
500
500
500
500
500
500
500
500
500
500
500
500
500
500
500
500
500
500
500
500
500
500
500
500
500
500
500
500
500
500
500
500
500
500
500
500
500
500
500
500
500
500
500
500
500
500
500
500
500
500
500
500
500
500
500
500
500
500
500
500
500
500
500
500
500
500
500
500
500
500
500
500
500
500
500
500
500
500
500
500
500
500
500
500
500
500
500
500
500
500
500
500
500
500
500
500
500
500
500
500
500
500
500
500
500
500
500
500
500
500
500
500
500
500
500
500
500
500
500
500
500
500
500
500
500
500
500
500
500
500
500
500
500
500
500
500
500
500
500
500
500
500
500
500
500
500
500
500
500
500
500
500
500
500
500
500
500
500
500
500
500
500
500
500
500
500
500
500
500
500
500
500
500
500
500
500
500
500
500
500
500
500
500
500
500
500
500
500
500
500
500
500
500
500
500
500
500
500
500
500
500
500
500
500
500
500
500
500
500
500
500
500
500
500
500
500
500
500
500
500
500
500
500
500
500
500
500
500
500
500
500
500
500
500
500
500
500
500
500
500
500
500
500
500
500
500
500
500
500
500
500
500
500
500
500
500
500
500
500
500
500
500
500
500
500
500
500
500
500
500
500
500
500
500
500
500
500
500
500
500
500
500
500
500
500
500
500
500
500
500
500
500
500
500
500
500
500
500
500
500
500
500
500
500
500
500
500
500
500
500
500
500
500
500
500
500
500
500
500
500
500
500
500
500
500
500
500
500
500
500
500
500
500
500
500
500
500
500
500
500
500
500
500
500
500
500
500
500
500
500
500
500
500
500
500
500
500
500
500
500
500
500
500
500
500
500
500
500
500
500
500
500
500
500
500
500
500
500
500
500
500
500
500
500
500
500
500
500
500
500
500
500
500
500
500
500
500
500
500
500
500
500
500
500
500
500
500
500
500
500
500
500
500
500
500
500
500
500
500
500
500
500
500
500
500
500
500
500
500
500
500
500
500
500
500
500
500
500
500
500
500
500
500
500
500
500
500
500
500
500
500
500
500
500
500
500
500
500
500
500
500
500
500
500
500
500
500
500
500
500
500
500
500
500
500
500
500
500
500
500
500
500
500
500
500
500
500
500
500
500
500
500
500
500
500
500
500
500
500
500
500
500
500
500
500
500
500
500
500
500
500
500
500
500
500
500
500
500
500
500
500
500
500
500
500
500
500
500
500
500
500
500
500
500
500
500
500
500
500
500
500
500
500
500
500
500
500
500
500
500
500
500
500
500
500
500
500
500
500
500
500
500
500
500
500
500
500
500
500
500
500
500
500
500
500
500
500
500
500
500
500
500
500
500
500
500
500
500
500
500
500
500
500
500
500
500
500
500
500
500
500
500
500
500
500
500
500
500
500
500
500
500
500
500
500
500
500
500
500
500
500
500
500
500
500
500
500
500
500
500
500
500
500
500
500
500
500
500
500
500
500
500
500
500
500
500
500
500
500
500
500
500
500
500
500
500
500
500
500
500
500
500
500
500
500
500
500
500
500
500
500
500
500
500
500
500
500
500
500
500
500
500
500
500
500
500
500
500
500
500
500
500
500
500
500
500
500
500
500
500
500
500
500
500
500
500
500
500
500
500
500
500
500
500
500
500
500
500
500
500
500
500
500
500
500
500
500
500
500
500
500
500
500
500
500
500
500
500
500
500
500
500
500
500
500
500
500
500
500
500
500
500
500
500
500
500
500
500
500
500
500
500
500
500
500
500
500
500
500
500
500
500
500
500
500
500
500
500
500
500
500
500
500
500
500
500
500
500
500
500
500
500
500
500
500
500
500
500
500
500
500
500
500
500
500
500
500
500
500
500
500
500
500
500
500
500
500
500
500
500
500
500
500
500
500
500
500
500
500
500
500
500
500
500
500
500
500
500
500
500
500
500
500
500
500
500
500
500
500
500
500
500
500
500
500
500
500
500
500
500
500
500
500
500
500
500
500
500
500
500
500
500
500
500
500
500
500
500
500
500
500
500
500
500
500
500
500
500
500
500
500
500
500
500
500
500
500
500
500
500
500
500
500
500
500
500
500
500
500
500
500
500
500
500
500
500
500
500
500
500
500
500
500
500
500
500
500
500
500
500
500
500
500
500
500
500
500
500
500
500
500
500
500
500
500
500
500
500
500
500
500
500
500
500
500
500
500
500
500
500
500
500
500
500
500
500
500
500
500
500
500
500
500
500
500
500
500
500
500
500
500
500
500
500
500
500
500
500
500
500
500
500
500
500
500
500
500
500
500
500
500
500
500
500
500
500
500
500
500
500
500
500
500
500
500
500
500
500
500
500
500
500
500
500
500
500
500
500
500
500
500
500
500
500
500
500
500
500
500
500
500
500
500
500
500
500
500
500
500
500
500
500
500
500
500
500
500
500
500
500
500
500
500
500
500
500
500
500
500
500
500
500
500
500
500
500
500
500
500
500
500
500
500
500
500
500
500
500
500
500
500
500
500
500
500
500
500
500
500
500
500
500
500
500
500
500
500
500
500
500
500
500
500
500
500
500
500
500
500
500
500
500
500
500
500
500
500
500
500
500
500
500
500
500
500
500
500
500
500
500
500
500
500
500
500
500
500
500
500
500
500
500
500
500
500
500
500
500
500
500
500
500
500
500
500
500
500
500
500
500
500
500
500
500
500
500
500
500
500
500
500
500
500
500
500
500
500
500
500
500
500
500
500
500
500
500
500
500
500
500
500
500
500
500
500
500
500
500
500
500
500
500
500
500
500
500
500
500
500
500
500
500
500
500
500
500
500
500
500
500
500
500
500
500
500
500
500
500
500
500
500
500
500
500
500
500
500
500
500
500
500
500
500
500
500
500
500
500
500
500
500
500
500
500
500
500
500
500
500
500
500
500
500
500
500
500
500
500
500
500
500
500
500
500
500
500
500
500
500
500
500
500
500
500
500
500
500
500
500
500
500
500
500
500
500
500
500
500
500
500
500
500
500
500
500
500
500
500
500
500
500
500
500
500
500
500
500
500
500
500
500
500
500
500
500
500
500
500
500
500
500
500
500
500
500
500
500
500
500
500
500
500
500
500
500
500
500
500
500
500
500
500
500
500
500
500
500
500
500
500
500
500
500
500
500
500
500
500
500
500
500
500
500
500
500
500
500
500
500
500
500
500
500
500
500
500
500
500
500
500
500
500
500
500
500
500
500
500
500
500
500
500
500
500
500
500
500
500
500
500
500
500
500
500
500
500
500
500
500
500
500
500
500
500
500
500
500
500
500
500
500
500
500
500
500
500
500
500
500
500
500
500
500
500
500
500
500
500
500
500
500
500
500
500
500
500
500
500
500
500
500
500
500
500
500
500
500
500
500
500
500
500
500
500
500
500
500
500
500
500
500
500
500
500
500
500
500
500
500
500
500
500
500
500
500
500
500
500
500
500
500
500
500
500
500
500
500
500
500
500
500
500
500
500
500
500
500
500
500
500
500
500
500
500
500
500
500
500
500
500
500
500
500
500
500
500
500
500
500
500
500
500
500
500
500
500
500
500
500
500
500
500
500
500
500
500
500
500
500
500
500
500
500
500
500
500
500
500
500
500
500
500
500
500
500
500
500
500
500
500
500
500
500
500
500
500
500
500
500
500
500
500
500
500
500
500
500
500
500
500
500
500
500
500
500
500
500
500
500
500
500
500
500
500
500
500
500
500
500
500
500
500
500
500
500
500
500
500
500
500
500
500
500
500
500
500
500
500
500
500
500
500
500
500
500
500
500
500
500
500
500
500
500
500
500
500
500
500
500
500
500
500
500
500
500
500
500
500
500
500
500
500
500
500
500
500
500
500
500
500
500
500
500
500
500
500
500
500
500
500
500
500
500
500
500
500
500
500
500
500
500
500
500
500
500
500
500
500
500
500
500
500
500
500
500
500
500
500
500
500
500
500
500
500
500
500
500
500
500
500
500
500
500
500
500
500
500
500
500
500
500
500
500
500
500
500
500
500
500
500
500
500
500
500
500
500
500
500
500
500
500
500
500
500
500
500
500
500
500
500
500
500
500
500
500
500
500
500
500
500
500
500
500
500
500
500
500
500
500
500
500
500
500
500
500
500
500
500
500
500
500
500
500
500
500
500
500
500
500
500
500
500
500
500
500
500
500
500
500
500
500
500
500
500
500
500
500
500
500
500
500
500
500
500
500
500
500
500
500
500
500
500
500
500
500
500
500
500
500
500
500
500
500
500
500
500
500
500
500
500
500
500
500
500
500
500
500
500
500
500
500
500
500
500
500
500
500
500
500
500
500
500
500
500
500
500
500
500
500
500
500
500
500
500
500
500
500
500
500
500
500
500
500
500
500
500
500
500
500
500
500
500
500
500
500
500
500
500
500
500
500
500
500
500
500
500
500
500
500
500
500
500
500
500
500
500
500
500
500
500
500
500
500
500
500
500
500
500
500
500
500
500
500
500
500
500
500
500
500
500
500
500
500
500
500
500
500
500
500
500
500
500
500
500
500
500
500
500
500
500
500
500
500
500
500
500
500
500
500
500
500
500
500
500
500
500
500
500
500
500
500
500
500
500
500
500
500
500
500
500
500
500
500
500
500
500
500
500
500
500
500
500
500
500
500
500
500
500
500
500
500
500
500
500
500
500
500
500
500
500
500
500
500
500
500
500
500
500
500
500
500
500
500
500
500
500
500
500
500
500
500
500
500
500
500
500
500
500
500
500
500
500
500
500
500
500
500
500
500
500
500
500
500
500
500
500
500
500
500
500
500
500
500
500
500
500
500
500
500
500
500
500
500
500
500
500
500
500
SCALARS pressure float 1
LOOKUP_TABLE default
0
0
0
0
0
0
0
0
0
0
0
0
0
0
0
0
0
0
0
0
0
0
0
0
0
0
0
0
0
0
0
0
0
0
0
0
0
0
0
0
0
0
0
0
0
0
0
0
0
0
0
0
0
0
0
0
0
0
0
0
0
0
0
0
0
0
0
0
0
0
0
0
0
0
0
0
0
0
0
0
0
0
0
0
0
0
0
0
0
0
0
0
0
0
0
0
0
0
0
0
0
0
0
0
0
0
0
0
0
0
0
0
0
0
0
0
0
0
0
0
0
0
0
0
0
0
0
0
0
0
0
0
0
0
0
0
0
0
0
0
0
0
0
0
0
0
0
0
0
0
0
0
0
0
0
0
0
0
0
0
0
0
0
0
0
0
0
0
0
0
0
0
0
0
0
0
0
0
0
0
0
0
0
0
0
0
0
0
0
0
0
0
0
0
0
0
0
0
0
0
0
0
0
0
0
0
0
0
0
0
0
0
0
0
0
0
0
0
0
0
0
0
0
0
0
0
0
0
0
0
0
0
0
0
0
0
0
0
0
0
0
0
0
0
0
0
0
0
0
0
0
0
0
0
0
0
0
0
0
0
0
0
0
0
0
0
0
0
0
0
0
0
0
0
0
0
0
0
0
0
0
0
0
0
0
0
0
0
0
0
0
0
0
0
0
0
0
0
0
0
0
0
0
0
0
0
0
0
0
0
0
0
0
0
0
0
0
0
0
0
0
0
0
0
0
0
0
0
0
0
0
0
0
0
0
0
0
0
0
0
0
0
0
0
0
0
0
0
0
0
0
0
0
0
0
0
0
0
0
0
0
0
0
0
0
0
0
0
0
0
0
0
0
0
0
0
0
0
0
0
0
0
0
0
0
0
0
0
0
0
0
0
0
0
0
0
0
0
0
0
0
0
0
0
0
0
0
0
0
0
0
0
0
0
0
0
0
0
0
0
0
0
0
0
0
0
0
0
0
0
0
0
0
0
0
0
0
0
0
0
0
0
0
0
0
0
0
0
0
0
0
0
0
0
0
0
0
0
0
0
0
0
0
0
0
0
0
0
0
0
0
0
0
0
0
0
0
0
0
0
0
0
0
0
0
0
0
0
0
0
0
0
0
0
0
0
0
0
0
0
0
0
0
0
0
0
0
0
0
0
0
0
0
0
0
0
0
0
0
0
0
0
0
0
0
0
0
0
0
0
0
0
0
0
0
0
0
0
0
0
0
0
0
0
0
0
0
0
0
0
0
0
0
0
0
0
0
0
0
0
0
0
0
0
0
0
0
0
0
0
0
0
0
0
0
0
0
0
0
0
0
0
0
0
0
0
0
0
0
0
0
0
0
0
0
0
0
0
0
0
0
0
0
0
0
0
0
0
0
0
0
0
0
0
0
0
0
0
0
0
0
0
0
0
0
0
0
0
0
0
0
0
0
0
0
0
0
0
0
0
0
0
0
0
0
0
0
0
0
0
0
0
0
0
0
0
0
0
0
0
0
0
0
0
0
0
0
0
0
0
0
0
0
0
0
0
0
0
0
0
0
0
0
0
0
0
0
0
0
0
0
0
0
0
0
0
0
0
0
0
0
0
0
0
0
0
0
0
0
0
0
0
0
0
0
0
0
0
0
0
0
0
0
0
0
0
0
0
0
0
0
0
0
0
0
0
0
0
0
0
0
0
0
0
0
0
0
0
0
0
0
0
0
0
0
0
0
0
0
0
0
0
0
0
0
0
0
0
0
0
0
0
0
0
0
0
0
0
0
0
0
0
0
0
0
0
0
0
0
0
0
0
0
0
0
0
0
0
0
0
0
0
0
0
0
0
0
0
0
0
0
0
0
0
0
0
0
0
0
0
0
0
0
0
0
0
0
0
0
0
0
0
0
0
0
0
0
0
0
0
0
0
0
0
0
0
0
0
0
0
0
0
0
0
0
0
0
0
0
0
0
0
0
0
0
0
0
0
0
0
0
0
0
0
0
0
0
0
0
0
0
0
0
0
0
0
0
0
0
0
0
0
0
0
0
0
0
0
0
0
0
0
0
0
0
0
0
0
0
0
0
0
0
0
0
0
0
0
0
0
0
0
0
0
0
0
0
0
0
0
0
0
0
0
0
0
0
0
0
0
0
0
0
0
0
0
0
0
0
0
0
0
0
0
0
0
0
0
0
0
0
0
0
0
0
0
0
0
0
0
0
0
0
0
0
0
0
0
0
0
0
0
0
0
0
0
0
0
0
0
0
0
0
0
0
0
0
0
0
0
0
0
0
0
0
0
0
0
0
0
0
0
0
0
0
0
0
0
0
0
0
0
0
0
0
0
0
0
0
0
0
0
0
0
0
0
0
0
0
0
0
0
0
0
0
0
0
0
0
0
0
0
0
0
0
0
0
0
0
0
0
0
0
0
0
0
0
0
0
0
0
0
0
0
0
0
0
0
0
0
0
0
0
0
0
0
0
0
0
0
0
0
0
0
0
0
0
0
0
0
0
0
0
0
0
0
0
0
0
0
0
0
0
0
0
0
0
0
0
0
0
0
0
0
0
0
0
0
0
0
0
0
0
0
0
0
0
0
0
0
0
0
0
0
0
0
0
0
0
0
0
0
0
0
0
0
0
0
0
0
0
0
0
0
0
0
0
0
0
0
0
0
0
0
0
0
0
0
0
0
0
0
0
0
0
0
0
0
0
0
0
0
0
0
0
0
0
0
0
0
0
0
0
0
0
0
0
0
0
0
0
0
0
0
0
0
0
0
0
0
0
0
0
0
0
0
0
0
0
0
0
0
0
0
0
0
0
0
0
0
0
0
0
0
0
0
0
0
0
0
0
0
0
0
0
0
0
0
0
0
0
0
0
0
0
0
0
0
0
0
0
0
0
0
0
0
0
0
0
0
0
0
0
0
0
0
0
0
0
0
0
0
0
0
0
0
0
0
0
0
0
0
0
0
0
0
0
0
0
0
0
0
0
0
0
0
0
0
0
0
0
0
0
0
0
0
0
0
0
0
0
0
0
0
0
0
0
0
0
0
0
0
0
0
0
0
0
0
0
0
0
0
0
0
0
0
0
0
0
0
0
0
0
0
0
0
0
0
0
0
0
0
0
0
0
0
0
0
0
0
0
0
0
0
0
0
0
0
0
0
0
0
0
0
0
0
0
0
0
0
0
0
0
0
0
0
0
0
0
0
0
0
0
0
0
0
0
0
0
0
0
0
0
0
0
0
0
0
0
0
0
0
0
0
0
0
0
0
0
0
0
0
0
0
0
0
0
0
0
0
0
0
0
0
0
0
0
0
0
0
0
0
0
0
0
0
0
0
0
0
0
0
0
0
0
0
0
0
0
0
0
0
0
0
0
0
0
0
0
0
0
0
0
0
0
0
0
0
0
0
0
0
0
0
0
0
0
0
0
0
0
0
0
0
0
0
0
0
0
0
0
0
0
0
0
0
0
0
0
0
0
0
0
0
0
0
0
0
0
0
0
0
0
0
0
0
0
0
0
0
0
0
0
0
0
0
0
0
0
0
0
0
0
0
0
0
0
0
0
0
0
0
0
0
0
0
0
0
0
0
0
0
0
0
0
0
0
0
0
0
0
0
0
0
0
0
0
0
0
0
0
0
0
0
0
0
0
0
0
0
0
0
0
0
0
0
0
0
0
0
0
0
0
0
0
0
0
0
0
0
0
0
0
0
0
0
0
0
0
0
0
0
0
0
0
0
0
0
0
0
0
0
0
0
0
0
0
0
0
0
0
0
0
0
0
0
0
0
0
0
0
0
0
0
0
0
0
0
0
0
0
0
0
0
0
0
0
0
0
0
0
0
0
0
0
0
0
0
0
0
0
0
0
0
0
0
0
0
0
0
0
0
0
0
0
0
0
0
0
0
0
0
0
0
0
0
0
0
0
0
0
0
0
0
0
0
0
0
0
0
0
0
0
0
0
0
0
0
0
0
0
0
0
0
0
0
0
0
0
0
0
0
0
0
0
0
0
0
0
0
0
0
0
0
0
0
0
0
0
0
0
0
0
0
0
0
0
0
0
0
0
0
0
0
0
0
0
0
0
0
0
0
0
0
0
0
0
0
0
0
0
0
0
0
0
0
0
0
0
0
0
0
0
0
0
0
0
0
0
0
0
0
0
0
0
0
0
0
0
0
0
0
0
0
0
0
0
0
0
0
0
0
0
0
0
0
0
0
0
0
0
0
0
0
0
0
0
0
0
0
0
0
0
0
0
0
0
0
0
0
0
0
0
0
0
0
0
0
0
0
0
0
0
0
0
0
0
0
0
0
0
0
0
0
0
0
0
0
0
0
0
0
0
0
0
0
0
0
0
0
0
0
0
0
0
0
0
0
0
0
0
0
0
0
0
0
0
0
0
0
0
0
0
0
0
0
0
0
0
0
0
0
0
0
0
0
0
0
0
0
0
0
0
0
0
0
0
0
0
0
0
0
0
0
0
0
0
0
0
0
0
0
0
0
0
0
0
0
0
0
0
0
0
0
0
0
0
0
0
0
0
0
0
0
0
0
0
0
0
0
0
0
0
0
0
0
0
0
0
0
0
0
0
0
0
0
0
0
0
0
0
0
0
0
0
0
0
0
0
0
0
0
0
0
0
0
0
0
0
0
0
0
0
0
0
0
0
0
0
0
0
0
0
0
0
0
0
0
0
0
0
0
0
0
0
0
0
0
0
0
0
0
0
0
0
0
0
0
0
0
0
0
0
0
0
0
0
0
0
0
0
0
0
0
0
0
0
0
0
0
0
0
0
0
0
0
0
0
0
0
0
0
0
0
0
0
0
0
0
0
0
0
0
0
0
0
0
0
0
0
0
0
0
0
0
0
0
0
0
0
0
0
0
0
0
0
0
0
0
0
0
0
0
0
0
0
0
0
0
0
0
0
0
0
0
0
0
0
0
0
0
0
0
0
0
0
0
0
0
0
0
0
0
0
0
0
0
0
0
0
0
0
0
0
0
0
0
0
0
0
0
0
0
0
0
0
0
0
0
0
0
0
0
0
0
0
0
0
0
0
0
0
0
0
0
0
0
0
0
0
0
0
0
0
0
0
0
0
0
0
0
0
0
0
0
0
0
0
0
0
0
0
0
0
0
0
0
0
0
0
0
0
0
0
0
0
0
0
0
0
0
0
0
0
0
0
0
0
0
0
0
0
0
0
0
0
0
0
0
0
0
0
0
0
0
0
0
0
0
0
0
0
0
0
0
0
0
0
0
0
0
0
0
0
0
0
0
0
0
0
0
0
0
0
0
0
0
0
0
0
0
0
0
0
0
0
0
0
0
0
0
0
0
0
0
0
0
0
0
0
0
0
0
0
0
0
0
0
0
0
0
0
0
0
0
0
0
0
0
0
0
0
0
0
0
0
0
0
0
0
0
0
0
0
0
0
0
0
0
0
0
0
0
0
0
0
0
0
0
0
0
0
0
0
0
0
0
0
0
0
0
0
0
0
0
0
0
0
0
0
0
0
0
0
0
0
0
0
0
0
0
0
0
0
0
0
0
0
0
0
0
0
0
0
0
0
0
0
0
0
0
0
0
0
0
0
0
0
0
0
0
0
0
0
0
0
0
0
0
0
0
0
0
0
0
0
0
0
0
0
0
0
0
0
0
0
0
0
0
0
0
0
0
0
0
0
0
0
0
0
0
0
0
0
0
0
0
0
0
0
0
0
0
0
0
0
0
0
0
0
0
0
0
0
0
0
0
0
0
0
0
SCALARS speed float 1
LOOKUP_TABLE default
5.7643e-76
5.88453e-73
3.03539e-07
1.90936e-51
3.28639e-68
26.789
1.16117e-29
2.03881e-22
5.54824e-48
13.3941
3.32005e-67
5.6922e-39
37.6714
1.2495e-65
6.68314e-52
1.33016e-77
7.75878e-49
7.51118e-60
67.0929
39.0783
1.87734e-69
0.000439153
5.43048e-38
29.8283
6.18079e-13
1.04737e-39
5.13453e-53
7.74381e-22
39.8318
59.2259
27.7273
55.7918
1.02238e-26
1.37096e-52
1.88441e-74
8.33626e-54
27.3712
20.6945
1.94171e-43
1.90708e-70
6.00912e-27
7.69199e-49
81.6655
5.91031e-29
49.5974
7.22654e-80
1.51271e-58
1.3798e-78
9.22747e-77
9.13531e-65
2.53189e-66
22.8841
1.06427e-24
38.5022
5.17367e-73
3.2383e-29
29.8094
6.18096e-13
3.09339e-61
1.49433e-11
1.15933e-65
9.64553e-57
1.365e-61
3.46631e-14
35.8243
14.2376
1.00707e-60
2.16896e-78
7.20552e-69
3.23932e-75
9.84399e-74
42.7205
8.02028e-77
2.47131e-49
3.88423e-35
56.7458
21.4082
7.94359e-49
87.4963
8.83871e-49
8.28795e-45
3.88418e-62
2.92026e-75
1.1613e-75
4.6337e-53
4.09263e-72
6.80161e-05
1.51088e-49
6.40937e-63
29.8283
6.17959e-13
1.44317e-25
69.3831
8.38385e-44
25.2435
1.17951e-69
8.47199e-66
30.6039
3.55563e-09
1.20642e-57
45.0938
9.76271e-50
3.43472e-36
4.83445e-77
1.11519e-07
1.924e-21
1.63943e-38
48.8265
0.0201623
21.6314
1.80549e-34
3.05483e-75
8.3361e-08
3.7194e-33
4.86513e-42
45.7943
6.45178e-28
9.51024e-45
71.8675
4.10855e-75
6.29238e-73
1.27326e-78
7.02231e-64
3.48825e-65
4.91652e-78
34.1197
1.17547e-62
12.0556
4.9817e-61
7.43736e-43
1.48444e-10
4.1967e-70
1.94889e-62
29.8152
2.61335e-16
16.196
25.845
3.98285e-75
22.7506
40.9859
3.86963e-09
57.8277
25.6137
7.88166
13.4063
7.07861
3.40202e-38
1.48506e-15
16.5436
1.90964e-67
56.147
2.58802e-59
45.8102
2.53128e-52
38.9901
32.7806
1.88661e-63
7.10396e-38
7.13905e-78
27.1805
3.54953e-63
2.31961e-75
2.74268e-31
46.9563
27.2197
36.7637
24.7465
3.96713e-37
2.81717e-40
169.854
3.43189e-61
5.36855e-52
1.21e-34
4.66136e-73
6.97381e-78
27.8576
7.88045
13.4287
7.05909
1.31302e-41
2.82856e-29
13.9668
13.945
43.9079
2.31439e-70
17.5222
21.1467
2.81124e-51
15.0677
16.6504
1.47256e-42
0.0184359
9.27625e-09
4.93501e-43
6.76356e-40
8.5506e-30
2.8681e-33
1.02779e-09
7.24538e-20
24.79
13.2646
0.00415786
2.85771e-68
29.5612
30.0827
9.70833e-16
1.24923e-66
52.5039
2.45558e-60
7.88154
13.4063
7.07829
23.2462
3.5671e-68
22.4879
1.796e-58
2.67117e-13
1.03941e-09
6.8054e-40
5.30305e-76
5.5469e-34
33.1936
1.31064e-20
1.77723e-48
0.00888622
30.166
1.2154e-70
25.3462
2.34579e-25
7.47501e-77
73.2326
3.12055e-60
102.939
1.479e-53
35.7537
24.0094
7.31073e-52
60.262
59.1388
1.49026e-74
2.29094e-70
5.69011e-49
28.7389
1.66271e-76
5.02426e-28
1.49099e-65
9.00395e-09
1.45919e-65
8.69456e-72
52.2035
1.71286e-71
3.7604e-75
3.17939e-62
3.2086e-63
2.19981e-59
1.1735e-76
4.13551e-76
30.5719
6.05586e-67
1.19376e-67
4.97108e-49
17.8189
2.23482e-68
1.00505e-29
22.0982
29.8906
1.88832e-63
51.3246
1.60762e-77
30.5315
65.3696
5.08465e-41
6.18945e-55
2.38812e-41
40.1695
1.09747e-40
185.38
5.48468e-76
2.53368e-77
1.0979e-72
1.69913e-66
39.1127
1.42697e-71
2.58583e-72
7.08358
2.33929e-53
40.0519
69.6977
25.8487
2.33932e-67
1.44156e-60
1.90141e-10
0.146426
3.21458e-34
42.9613
5.97058e-72
3.07578e-46
6.92571e-08
28.905
1.8872e-63
31.6083
1.81393e-65
9.10292e-11
1.75883e-62
1.3066e-56
1.58329e-54
34.4948
15.7612
3.61955e-55
77.8328
82.1129
10.2895
3.89966e-54
23.426
4.82698e-76
2.96159e-42
0.00353619
49.9423
9.62627e-74
10.0355
136.153
1.71579e-75
1.50344e-58
7.86206e-75
25.3894
66.4714
5.98358e-33
44.851
1.36676e-29
31.4539
1.25596e-17
29.7734
1.88779e-63
293.134
72.0238
24.4426
27.3114
1.00882e-71
1.7118e-72
8.40732e-72
33.8236
6.15298e-52
1.10269e-62
8.39214e-78
114.101
1.07958e-14
4.28795e-52
95.156
2.52757e-61
5.55266e-76
3.80503e-13
3.35058e-61
2.46337e-63
3.57103e-26
21.9109
4.41695e-39
5.43781e-74
3.9012e-68
2.38655e-38
3.21745e-43
3.30814e-57
5.37203e-42
6.35815e-57
1.01102e-48
7.19594e-69
31.0133
4.42131e-59
5.59692e-35
9.61015e-79
1.43277e-60
4.8511e-65
4.22265e-62
4.39015e-78
55.6827
5.2459e-63
6.70691e-78
49.3101
27.7635
1.8211e-62
3.60748e-38
7.86774e-78
24.4304
9.92992
1.7775e-38
1.06218e-65
1.54782e-76
9.17031
1.2797e-34
6.18311e-40
7.71408e-30
1.03452e-56
51.1578
26.573
3.27524e-58
6.63195e-53
3.54174e-51
4.75864e-62
1.88079e-73
26.999
2.0279e-63
7.00651e-58
115.185
6.90726e-78
7.33502e-38
4.74573e-47
3.80127e-74
13.1825
7.90299e-45
17.6887
3.90414e-24
6.16991e-67
2.00311e-53
7.63991e-37
2.99915e-49
1.20515e-76
29.6456
37.6874
1.41966e-18
44.0095
13.1248
31.041
8.85125e-63
6.55231e-16
2.47685e-71
2.8393e-76
1.51976e-13
7.91815e-11
55.016
1.73973e-72
2.85197e-52
3.8328e-79
3.71639e-77
169.54
8.60278e-26
99.847
1.89604e-74
60.8513
20.291
166.281
6.40283e-25
5.08534e-53
70.2083
28.4841
1.48718e-55
3.50172e-67
1.61615e-65
4.34934e-78
1.60945e-63
4.72322e-69
16.8729
9.28224e-63
1.2794e-49
8.30542
1.85984e-22
8.89489e-60
28.2555
4.69141e-13
1.3315e-51
1.39651e-73
1.03609e-43
3.02287e-76
1.12514e-33
7.58495e-34
1.62907e-77
9.76814e-13
3.16075e-61
2.60238e-08
1.17551e-25
1.44141e-74
2.21214e-75
59.963
23.9873
1.32061e-49
1.53372e-59
1.14121e-51
43.8957
5.98251e-49
1.80554e-64
7.44073e-11
22.9137
9.98129e-26
1.68489e-17
2.44822e-75
50.0321
1.28045e-78
1.05051e-74
5.45133e-69
1.7834e-76
1.16185e-44
6.79061e-25
76.6901
3.75809e-07
14.9161
1.33047e-52
1.15425e-48
3.77465e-74
27.0273
5.46092e-18
6.59518e-73
2.95807e-69
5.28576e-70
56.5524
50.616
10.5572
7.79846e-60
2.87018e-67
7.88084
13.5088
6.98911
1.42332e-72
7.7504e-29
1.3469e-37
5.95028e-39
20.2792
2.45693e-77
1.19319
7.27137e-71
2.17948e-06
28.06
1.22986e-63
9.44161e-69
2.13556e-52
3.06967e-71
4.02457e-72
3.77621e-06
24.1207
9.35582e-31
1.35933e-59
23.9982
19.6663
2.22163e-36
5.61542e-61
6.44478e-44
8.72261e-77
17.652
4.98192e-65
52.8375
51.4641
5.66201e-45
7.87497
13.5278
6.97224
20.3376
3.70079e-46
31.7737
8.99688e-21
16.2485
8.96813
38.5337
17.0143
3.91545e-62
23.2497
15.2094
17.969
3.41613e-57
6.6266e-58
1.95048e-60
7.05589e-39
5.81694e-66
7.6369e-59
2.03136e-32
8.61152e-50
19.7412
12.8128
8.75195e-65
22.0587
2.35417e-65
2.00345e-61
7.39471e-43
85.8412
3.53608e-35
2.77649e-62
7.88058
13.5088
6.98883
2.56121e-15
7.53132e-28
1.0803e-66
12.7431
5.19378e-55
1.6852e-66
21.6001
27.718
7.40698e-78
30.3205
5.46043e-18
9.88987e-74
6.04398e-69
16.8223
52.7274
7.61162e-76
2.97139e-72
9.30089e-23
36.2342
5.93448e-57
2.81381e-77
26.2977
4.46141e-44
2.2309e-73
41.3244
8.00819e-68
28.5363
2.38318e-39
2.45473e-66
5.122e-33
3.3946e-57
1.6668e-74
3.30498e-65
2.58023e-66
9.74628e-74
2.11912e-65
1.5103e-53
25.2194
1.4737e-30
9.56846e-66
44.5901
1.19151e-74
3.47496e-77
5.95773e-78
4.8839e-79
3.40476e-64
7.57539e-66
2.20714e-65
1.24035e-10
1.32117e-23
38.5508
1.64279e-44
4.34121e-51
28.9696
1.88834e-63
1.69559e-74
1.54889e-75
2.62917e-23
7.6705e-31
4.98662e-26
6.98726e-15
1.45561e-20
9.27641e-78
7.53127e-54
2.60111e-66
3.75398e-74
65.0106
1.24446e-69
50.8136
76.5615
4.11421e-62
2.95937e-40
3.56079e-62
1.74349e-74
8.2032e-77
1.5862e-20
26.1117
1.23926e-77
1.85643e-74
36.7131
33.5568
1.27366e-40
4.56466e-74
1.9238e-59
16.7963
1.49773e-65
28.0041
1.23341e-63
9.69235e-74
32.2491
92.4778
16.4147
6.49683e-08
3.24646e-07
14.3871
3.37432e-54
3.791e-77
51.9282
77.9364
58.8265
2.54486e-26
36.9556
8.84504e-74
1.04434e-49
5.70053e-52
1.77673e-62
25.9898
3.33487e-40
60.4896
1.12222e-75
5.5805e-78
7.215e-79
1.17782e-58
49.8371
1.7912e-69
1.1877e-52
1.30427e-59
7.91152e-75
1.70047e-20
28.7948
1.88608e-63
8.19954e-69
1.43312e-06
8.6663e-39
6.35548e-60
4.05138e-54
27.1367
1.35942e-25
24.1431
1.95749e-51
3.58658e-65
1.24903e-76
3.08927e-38
4.31213e-61
55.047
3.3212e-63
7.36874e-71
19.954
1.47098e-36
16.252
6.36632e-74
1.43212e-77
25.3163
1.52873e-42
8.12895e-68
4.58124e-76
36.1681
3.92573e-19
3.7486e-18
6.95203e-69
2.55277e-76
1.90093e-59
24.3309
8.63644e-18
4.11184e-47
5.00329e-73
1.30176e-32
3.81749e-76
15.2444
3.30604e-38
30.3225
4.56925e-20
4.75215e-54
6.69774e-78
52.7819
28.3345
34.0409
3.98431e-77
16.3764
8.77391e-72
1.83784e-71
27.3328
2.14349e-34
6.49359e-77
20.6568
9.32702e-45
8.89926e-60
5.00936e-72
3.92649e-20
6.29096e-38
1.09522e-41
3.65726e-74
1.71109e-40
69.5284
4.37497e-62
5.15905e-69
4.0787e-60
1.63742e-78
1.59593e-59
4.21307e-62
3.39856e-20
1.13013e-68
1.30942e-78
5.29792e-76
3.83831e-56
5.18623e-33
21.8541
15.2383
1.01321e-77
1.33821e-70
76.6661
75.0879
2.95562e-15
5.37975e-34
1.62412e-15
3.33811e-78
1.58112e-60
19.6814
18.2521
1.71465e-33
8.94629e-29
6.04612e-75
1.68471
7.79424e-11
1.98726e-73
9.04104e-52
5.42348e-32
1.85775e-51
2.1511e-73
19.7244
3.83461e-52
1.64459e-59
12.4099
1.12654e-72
8.19145e-19
2.16414e-33
95.3223
5.37976e-67
16.7083
76.1958
1.77721e-75
79.0037
1.79137e-58
61.2208
28.3473
8.26915e-49
9.18805e-21
99.5498
6.94858
8.19959e-62
20.1795
1.53678e-16
1.12136e-61
36.1736
3.34218e-06
14.9213
28.5383
1.39309e-52
1.11417e-51
3.37579e-49
1.38079e-48
2.50324e-77
1.3029e-78
1.76106e-66
1.0589e-52
3.75507e-75
27.3244
3.97778e-16
54.4157
1.44637e-25
9.73371
1.19467e-41
5.09744e-16
9.18727e-72
1.71224e-49
3.35982e-65
1.93947e-26
7.87473e-70
4.72531e-56
1.13878e-56
1.01089e-75
2.78152e-42
6.25731e-79
9.30624e-75
2.02469e-68
1.55225e-76
9.40306e-44
7.92275e-78
45.6966
18.4525
3.73477e-70
36.0422
4.51086e-47
1.60774e-71
27.0217
5.46096e-18
118.467
188.565
7.31925e-64
7.96754e-53
1.23131e-57
2.96252e-35
7.09737e-32
1.99896e-51
7.88044
13.5097
6.98861
26.5358
3.15429e-37
2.75253e-68
27.4751
66.5321
24.4459
6.31943e-37
20.5956
2.52148e-07
28.0458
1.23271e-63
6.75906e-12
2.64008e-54
1.00336e-51
3.99848e-54
12.2021
42.1958
119.046
5.10167e-70
23.3286
19.6497
2.22163e-36
43.2496
5.54759e-52
2.34038e-77
7.05121e-17
50.5196
9.74927e-66
41.1564
28.3147
7.87413
13.5287
6.97144
13.0031
6.02613e-67
62.6032
3.60244e-29
16.0639
2.0016e-61
21.4642
5.37125e-55
3.23963e-60
23.2327
15.2931
2.50985e-63
26.8847
8.57745e-79
1.49546e-16
49.038
6.08016e-73
56.2187
36.6648
2.00723e-46
19.7259
12.8109
1.15999e-66
3.37496e-07
30.0135
19.9648
6.93468e-78
1.6915e-39
4.04137e-08
4.56787e-61
7.88015
13.5098
6.98839
2.44515e-46
1.33052e-66
8.66736e-28
39.1985
33.6646
18.7329
16.0724
1.48177e-51
3.15038e-53
30.3146
5.46092e-18
2.67074e-74
22.9163
3.09103e-78
4.58798e-65
8.20254e-43
8.34226e-68
3.84559e-53
1.25014e-65
2.68174e-56
67.569
3.03108e-33
60.2316
2.84491e-75
22.9279
53.454
37.1579
9.08273e-69
8.63196e-78
5.96736e-77
1.74308e-49
2.43609e-75
5.28526e-50
2.66819e-75
9.92461e-66
1.19015e-77
4.88996e-22
3.58104e-23
6.71085e-57
4.22188e-09
3.20155e-59
6.84008e-31
4.16155e-77
2.95247e-76
1.66958e-78
4.75782e-77
36.7635
3.13513e-76
3.45387e-14
8.39954e-29
3.10208e-72
2.49317e-61
3.85669e-67
28.9693
1.88677e-63
5.14305e-77
5.47898e-61
1.61185e-66
26.9738
6.50879e-22
29.8402
51.8188
7.76325e-49
5.32482e-62
4.16492e-74
1.80296e-77
32.6427
21.9506
1.95172e-49
3.85268e-70
6.90107e-55
9.53823e-53
5.92524e-77
6.06515e-74
5.1901e-59
2.29872e-31
26.108
1.53574e-16
1.83264e-44
1.41323e-48
32.8091
3.26748e-65
3.29605e-48
39.0082
60.9069
3.20212e-38
28.0066
1.23156e-63
7.09775e-68
25.626
1.76264e-72
2.49479e-54
7.54894e-41
7.1608e-30
3.7964e-69
9.40278e-74
62.6133
79.5042
77.9686
50.9291
3.21007e-30
7.67427e-46
18.4343
4.77339e-49
2.58988e-48
2.0733e-49
2.16928e-50
1.48737e-55
59.0709
3.67231e-74
3.99961e-76
3.54718e-61
47.537
1.10628e-53
6.67479e-34
1.31297e-69
1.87929e-75
24.3368
2.68845e-42
28.794
1.23123e-63
45.046
24.0671
20.0561
2.66781e-78
49.3279
6.77539e-33
41.4102
1.06643e-51
1.89081e-51
5.59075e-65
1.24669e-76
1.73278e-37
3.31804e-69
2.37589e-19
1.49735e-67
2.88168e-42
2.85256e-76
2.07761e-49
5.65278e-52
100.65
9.12358e-77
37.8099
2.7773e-63
1.51024e-21
60.4021
18.9084
0.000522148
1.05819e-19
2.22655e-52
42.107
2.9478e-65
32.3957
64.4041
2.25738e-70
7.47575
2.2894e-70
2.9846e-53
1.2592e-52
1.01078e-70
2.93423e-07
1.8695e-25
7.5718e-66
6.69766e-78
52.895
27.6376
1.38993e-53
41.8058
60.5096
1.37808e-30
22.1546
14.0735
1.13068e-73
1.97085e-78
20.6557
1.22916e-63
2.38922e-28
2.42945e-59
2.53174e-23
36.4224
5.17178e-21
1.71648e-56
32.3893
2.41449e-19
1.14172e-67
2.83518e-41
14.8979
9.86865e-79
1.05216e-52
39.3008
1.09545e-51
6.41005e-23
6.07742e-56
4.25689e-22
9.82101e-37
3.08007e-49
21.9062
23.1161
79.6611
5.9261e-66
63.6273
1.33116e-12
7.22208e-25
1.40923e-62
1.82111e-70
3.15911e-76
7.24156e-52
19.6813
1.22919e-63
2.99718e-72
12.0125
3.91655e-75
1.53038e-71
1.79387e-41
4.73568e-68
3.43523e-73
8.74985e-43
1.01086e-35
2.56812e-55
19.0271
4.43138e-16
6.30704e-18
28.0439
1.04235e-73
9.79563e-61
3.12146e-22
2.25809e-59
2.03942e-65
2.76533e-59
76.6713
2.62417e-75
43.227
9.41258e-54
50.9874
2.28616e-77
5.34546e-52
5.58816e-49
4.33916e-48
19.6534
2.75712e-55
20.1784
1.22917e-63
6.53571e-28
36.1688
3.67843e-77
1.92033e-76
4.29351e-61
25.5373
1.14952e-68
4.28385e-58
1.19265e-23
2.50323e-77
1.19118e-77
2.42259e-77
9.0902e-28
1.02483e-53
57.2302
1.88179e-37
8.52943
26.0045
33.6154
1.59979e-74
1.61954e-75
19.5099
1.90867e-39
2.14861e-66
1.09017e-46
2.1659e-31
1.26542e-62
2.37348e-62
6.34971e-74
23.8476
6.22939e-78
1.11619e-77
6.74765e-66
2.4311e-77
2.21071e-43
1.21618e-69
3.77352e-74
22.6213
0.000353192
32.9262
2.59395e-62
2.48484e-52
27.0217
5.46099e-18
1.67287e-74
12.6641
1.81136e-63
46.5315
9.77656e-16
1.08145e-34
5.21662e-18
30.5495
7.8803
13.5097
6.98822
20.6142
27.8572
2.58972e-06
5.34504e-44
25.7788
23.2521
1.96612e-12
1.02603e-66
1.06586e-07
28.0467
4.26283e-63
1.19835e-57
7.8375e-54
1.955e-64
8.71961e-54
2.53572e-73
20.5948
1.12881e-74
7.89154e-68
5.39572e-71
19.6495
2.2216e-36
1.12782e-66
8.68304e-50
84.5654
1.97652e-75
46.3208
1.6741e-65
47.9333
1.2837e-55
7.87447
13.5289
6.97167
24.3497
0.0337164
7.76875e-66
1.58149e-29
16.65
54.9959
26.5689
4.2365e-55
3.1639e-63
23.2324
15.2931
1.25835e-50
7.00173
1.23462e-74
1.19544e-76
1.60777e-42
1.73487e-51
3.08264e-59
1.62595e-25
2.79408e-54
19.7267
12.8128
6.08552e-74
9.60995e-10
51.5644
3.53424e-70
1.03611e-16
1.69614e-72
4.8048e-41
35.567
7.88046
13.5101
6.98863
5.28279e-22
1.28558e-66
61.4282
72.4288
1.42691e-75
3.63949e-71
3.58098e-37
4.43543e-60
3.75458e-74
30.3149
5.46104e-18
9.91386e-75
1.85069e-63
4.36261e-48
1.71564e-23
9.48313e-71
2.18823e-66
3.14182e-77
20.3461
1.46918e-56
5.32797e-79
1.17045e-76
1.21842e-25
1.17422e-71
8.82738e-76
61.4186
22.5739
34.8699
3.53295e-65
45.0138
4.06256e-69
2.05017e-10
18.4407
62.844
82.5288
48.8252
85.8208
1.3198e-30
4.50373e-29
5.21306e-30
3.47118e-60
2.78691e-27
3.5183e-77
5.8119e-78
1.65144e-56
7.43339e-76
4.42636e-69
6.8488e-67
14.2915
6.51661e-32
7.58996e-60
48.236
6.15913e-15
28.9692
1.23138e-63
2.05342e-35
7.22494e-68
1.08751e-16
8.11532e-12
2.19467e-48
1.19938e-31
1.88494e-58
1.20765e-69
3.74834e-70
9.21135e-72
1.65156e-79
31.6587
1.38456e-46
4.87561e-76
112.209
4.38347e-63
2.26176e-65
42.9116
5.97148e-74
40.9624
4.68476e-30
25.4646
1.80541e-17
1.55608e-59
2.07018e-27
35.5041
40.003
6.20701e-52
3.3187e-49
19.0101
46.2727
28.0049
1.22995e-63
21.8744
1.50497e-33
1.44128e-33
4.59832e-23
5.06846e-15
3.38136e-74
5.35741e-77
72.413
1.36733e-48
2.29167e-59
5.69381e-62
47.5598
65.6457
2.22109e-30
5.10205e-33
64.0996
1.30126e-26
2.31736e-78
97.1408
53.0879
62.6376
1.19856e-51
4.24954e-59
3.96986e-38
33.0841
1.4282e-14
44.1279
76.6587
36.2802
43.8983
2.42996e-59
28.7938
1.22916e-63
3.7026e-58
41.7019
3.53695e-37
2.95364e-64
85.4957
36.0509
26.685
90.251
1.98922e-69
8.45892e-66
1.94643e-76
1.73221e-37
3.73511e-30
3.36849e-24
43.8075
9.33808e-49
40.3383
1.13239e-30
39.85
2.0027e-75
4.15376e-77
47.0254
2.18773e-51
4.82679e-60
6.89405e-71
1.00747e-74
1.84851e-17
1.40268e-73
1.06834e-37
158.175
4.15297e-57
39.4391
6.51325e-30
6.80002e-69
58.5288
3.27029e-76
23.96
1.86845e-21
1.22992e-38
2.83345e-73
24.4944
9.92787e-65
6.69755e-78
52.8929
28.3365
32.3264
15.5446
1.68738e-78
3.13554e-74
7.3675e-63
4.62989e-10
9.13948e-63
9.52412e-45
20.6551
1.23123e-63
53.2249
1.45521e-73
1.34046e-77
4.64902e-32
1.83394e-54
5.89416e-41
78.7321
21.1113
4.43332e-62
6.71466e-41
25.0349
2.85734e-76
6.07442e-29
57.9874
4.20714e-70
2.95134e-67
5.26812e-46
1.03376e-77
1.04842e-62
6.5952e-63
20.3585
23.3823
5.21313e-29
1.79299e-72
1.73775e-52
2.66026e-62
73.0515
36.65
45.462
26.1289
1.1942e-25
19.6815
1.0902e-33
5.54687e-64
8.52375e-31
5.80291e-25
1.35379e-62
7.6587e-42
17.1496
33.9325
36.0372
5.62462e-59
1.10327e-58
18.8013
4.71067e-77
4.18268e-48
1.40446e-73
25.3299
9.4567
9.79383e-58
77.4015
0.0194691
1.46601e-65
76.9568
2.62595e-75
36.7145
8.31599e-14
3.69038e-53
8.23094e-56
6.1215e-71
6.35026e-75
3.48586e-58
3.82759e-49
3.19997e-49
20.1786
1.23123e-63
20.6617
36.1697
6.65748e-74
1.99849e-62
66.4289
17.9044
1.0342e-46
3.42626e-25
8.12647e-58
2.5032e-77
4.78906e-79
3.61067e-54
1.18038e-58
2.93926e-39
0.0720637
2.08733e-25
5.28547e-20
0.00156141
24.8101
9.29114e-54
2.8182e-12
2.10746e-22
1.26524e-71
1.05141e-47
2.19418e-64
81.181
12.9005
3.56348e-61
1.89914e-70
7.18434e-72
4.33786e-77
5.25272e-78
1.39828e-62
2.9081e-78
2.21406e-43
3.30249e-73
34.099
31.8644
9.56664e-60
31.9703
1.65619e-29
2.21057e-63
27.0217
5.46094e-18
18.3758
1.92171e-75
2.76392e-65
48.7693
5.82628e-59
3.56272e-46
31.8703
6.95794e-07
7.88023
13.5097
6.98802
1.48441e-29
1.12265e-32
25.0448
2.1051e-42
2.00907e-56
55.1938
13.3996
2.04529e-19
1.23893e-08
28.0455
1.61389e-61
7.14554e-76
4.19066e-54
5.8192e-64
21.0031
1.44111e-26
1.19873e-62
4.16961e-40
1.21036e-68
1.01755e-68
19.6497
2.22134e-36
2.1181e-19
2.18817e-48
91.4743
16.807
29.8989
2.67658e-44
40.1685
7.00582e-08
7.87447
13.5288
6.97163
9.92529e-68
4.00672e-15
7.24088e-77
2.68896e-30
15.841
4.0392e-66
31.8534
2.24694e-29
1.6163e-70
23.2323
15.2928
3.04512e-45
1.56156e-59
1.01338e-77
4.82067e-36
2.19066e-74
6.33852e-45
16.3223
6.16468e-22
3.01629e-72
19.7259
12.8039
4.09076e-67
1.40213e-69
1.73655e-76
23.2003
1.70429e-31
2.70321e-70
1.9689e-37
5.28503e-43
7.88023
13.51
6.98839
39.206
105.646
29.572
1.86796e-60
8.24305e-18
23.1783
3.65851e-64
57.3291
2.07461e-62
30.3149
5.461e-18
9.6093e-74
9.42763e-64
1.34315e-40
2.28446e-48
2.47983e-11
1.98693e-66
36.1648
1.558e-59
2.25867e-59
3.76942e-79
1.13605e-38
2.134e-75
1.05309e-71
49.1722
5.67513e-64
25.9892
9.66698e-24
26.9699
121.943
1.28561e-76
40.1428
1.52372e-49
5.16146e-66
1.90453e-78
4.98345e-76
2.34034e-73
56.7834
3.94582e-11
6.12694e-41
90.1846
8.17348e-24
1.48656e-77
6.4008e-78
5.48955e-69
1.5354e-74
0.000623981
4.87307e-55
1.08988e-17
2.76349e-68
1.50875e-70
1.4368e-62
0.923081
28.9712
3.63431e-08
1.71086e-21
1.71111e-05
72.7407
64.933
58.1876
36.8748
2.25305e-08
2.27133e-73
2.04555e-51
55.5938
6.48554e-60
60.0212
6.59063e-59
100.351
49.1023
1.37133e-49
2.26691e-61
56.9971
75.2536
1.85264e-65
3.00114e-53
22.9961
17.8576
3.77248e-67
4.35042e-25
2.12825e-78
1.41535e-62
3.41628e-66
2.99243e-67
23.8137
26.829
28.0062
20.2833
4.90964e-21
3.34783e-64
9.94559e-72
7.91149e-71
1.07165e-14
84.2067
3.57419e-43
1.14376e-33
59.9198
1.7489e-59
5.58942e-72
47.2436
2.2621e-06
27.2974
2.83967e-73
1.18094e-30
1.81279e-28
1.3069e-59
1.1398e-77
9.02173e-10
172.188
1.27628e-31
88.2464
2.73334e-62
4.29748e-78
3.78694e-76
58.5152
1.15056e-41
61.0109
22.5188
7.68983e-77
28.7962
2.43858e-42
49.7695
1.17657e-66
22.168
3.62322e-08
1.16263e-08
2.80168e-57
30.0673
1.00301e-68
31.7014
9.91847e-69
2.4938e-32
6.4251e-40
3.01631e-44
7.30224e-41
1.50873e-74
3.9012e-53
26.1039
1.02156e-06
1.83358e-68
8.5681
4.65211e-77
1.0168e-69
2.50372e-41
15.0244
1.67529e-53
2.49994e-75
20.8597
4.11952e-77
2.62361e-68
35.574
1.54725e-66
6.0957e-69
3.86393e-69
2.92828e-43
2.03933e-15
4.75787e-78
1.20802e-78
1.03158e-69
8.00796e-78
7.59127e-26
3.96249e-74
4.17524e-68
6.67709e-78
52.9242
28.4646
1.46948e-32
19.0471
44.8898
36.9565
5.8086e-06
72.5591
2.6757e-20
9.92917e-59
20.6561
1.88687e-63
3.31811e-52
1.91551e-52
8.66327e-70
3.60167e-59
1.74404e-11
7.19204e-16
1.75845e-65
8.12728e-52
1.46709e-72
1.56585e-37
24.6424
1.23189e-72
7.48239e-57
6.27025e-69
3.45467e-13
3.65297e-57
56.0894
6.49737e-60
27.9619
1.30476e-71
25.1689
23.3749
8.6572e-74
7.93233e-39
2.93748e-46
2.80345e-17
2.74634e-76
6.92537e-14
9.98177e-54
5.26759e-61
2.66634e-47
19.6808
1.23335e-63
4.08817e-72
53.9766
4.69408e-77
4.181e-14
2.23057e-46
42.1258
5.50387e-77
1.94516e-46
8.36955e-49
1.34103e-66
18.7928
67.2398
23.8322
3.55369e-52
8.10528e-66
3.68254e-55
28.3416
22.4302
20.2277
22.6816
72.7147
9.8254e-19
7.33229e-74
3.12441e-60
81.4832
88.428
3.76193e-52
9.92457e-71
31.4754
4.09103e-59
48.7841
20.1804
1.88683e-63
29.367
38.118
8.64449e-59
1.14015e-76
4.47823e-54
22.7498
8.08256e-68
20.1342
3.15843e-52
1.62415e-77
3.62093e-77
1.15091e-55
18.7918
6.21616e-71
8.4316e-64
4.78409e-63
1.49366e-76
7.36079e-39
22.9523
3.90206e-61
6.09631e-20
26.8228
32.4426
0.0383374
28.7073
85.2853
51.9851
6.21403e-67
27.7801
52.489
1.11638e-77
7.66609e-79
1.20676e-59
5.40052e-73
1.8028e-45
3.49536e-78
2.82524e-60
1.105e-75
41.1042
3.72472e-50
46.3469
1.42166e-63
27.0273
5.46044e-18
2.22072e-38
1.04137e-74
2.07292e-56
53.9334
5.38414e-52
50.909
43.9783
2.59621e-44
7.88093
13.5088
6.98931
1.41888e-16
3.33806e-48
1.21978e-34
3.12706e-39
3.25433e-59
3.74868e-17
30.4879
51.4601
3.96933e-10
28.0605
4.60779e-25
1.65508e-46
3.56594e-51
5.83795e-76
1.00345e-45
8.0771e-39
17.4976
21.9211
25.2597
2.98802e-71
19.6668
1.44469e-36
1.77128e-51
5.8555e-72
23.0738
8.3123e-78
1.48925e-36
118.046
3.46611e-75
5.35892e-74
7.87529
13.5278
6.97267
2.15173e-23
2.36076e-30
18.5889
3.44475e-13
0.031802
3.63007e-21
5.45406e-46
18.4522
7.0713e-56
23.2499
15.2882
4.88846e-18
7.53341e-41
7.64212e-57
3.25264e-64
4.86012e-16
1.02903e-74
9.32782e-54
65.1922
33.8805
19.7418
12.9193
3.49773e-67
1.64499e-56
33.1291
6.17265e-22
25.0332
14.2515
6.55247e-28
3.72889e-17
7.88095
13.509
6.98927
2.0558e-68
1.00082e-63
3.66906e-68
1.8084e-07
21.9935
62.9053
31.4708
8.19207e-78
26.7183
30.3205
5.46081e-18
2.28129e-74
9.63456e-69
4.95127e-53
2.10357e-67
1.23386e-21
2.13327e-09
308.503
35.1168
7.73374e-63
1.01247e-77
1.15159e-76
3.52527e-76
9.18274e-73
3.60308e-32
2.49252e-76
29.8695
8.13552e-37
3.67023e-33
4.32737e-68
1.25206e-62
1.87961e-13
26.024
1.72084e-62
6.51634e-76
1.12745e-72
87.2562
20.3819
27.3023
2.61634e-76
2.26421e-68
1.2652e-27
1.49026e-77
4.01951e-77
3.08016e-76
8.18576e-43
3.62266e-71
2.73407e-78
37.5401
49.5555
7.26059e-67
0.00319354
33.8278
39.5237
1.86031e-22
24.4351
1.01646e-64
65.3963
7.11741e-77
55.7018
1.58489e-59
1.4e-54
2.17442e-28
9.42291e-73
1.71258e-20
1.84172e-24
32.0439
1.07966e-51
3.46828e-54
8.09287e-35
1.16676e-61
1.12353e-68
1.4495e-56
3.16141e-38
2.90607e-68
2.09431e-77
60.7336
3.61249e-76
2.91288e-68
1.57436e-26
5.81285e-42
9.99232e-66
6.74426e-77
37.639
1.66922e-72
4.92635e-60
26.9559
1.26094e-06
32.4371
9.52081e-25
6.49049e-61
4.85739e-75
2.48955e-71
18.1583
36.7933
81.3744
2.47683e-56
62.8231
61.1765
42.1355
4.41632e-71
18.1247
1.14859e-12
7.07052e-47
9.26861e-68
6.74098e-68
58.4822
8.14085e-70
65.9858
37.9646
154.758
1.84079e-55
6.421e-57
70.9135
41.5462
2.36552e-26
1.91514e-66
1.35289e-70
2.02368e-68
34.1297
1.69772e-33
134.665
1.27826e-65
2.78294e-77
3.41253e-64
3.55473e-71
13.2021
16.5413
50.6371
8.50573e-58
4.355e-72
2.18e-77
27.1675
2.66187e-69
30.3889
43.0114
4.47619e-75
50.3891
7.86364e-20
4.90747e-76
8.40354e-63
5.75713e-71
25.9395
1.01861e-63
6.80409e-49
5.10383e-28
6.31023e-61
7.19658e-25
41.5405
7.42601e-17
45.7015
1.10871e-69
9.48955e-68
3.43586e-74
5.3031e-61
1.12286e-65
3.16991e-63
2.24932e-58
1.23912e-70
4.07735e-67
31.9059
6.98115e-46
2.79705e-65
19.8499
43.7395
23.5192
2.65862e-59
8.59359e-69
100.101
1.2579e-65
6.47957e-20
46.3008
22.6205
5.787e-30
21.657
1.88778e-63
2.76525e-13
2.6692e-67
1.11465e-52
4.99509e-78
8.93993e-34
40.9757
1.67304e-37
77.4278
3.82014e-49
236.148
2.48495e-59
4.29241e-78
4.94428e-79
3.17454e-46
1.62334e-40
155.935
2.93106e-62
1.00173e-71
2.32844e-49
17.0952
76.3755
27.6743
1.21516e-48
1.37429e-42
2.49551e-65
7.16366e-44
2.96358e-75
3.61936e-63
27.3749
13.7814
8.89113e-56
20.6562
1.88751e-63
1.63059e-65
2.67455e-43
4.03556e-63
8.62842e-54
1.84374e-70
2.90511e-74
4.84495e-62
26.7294
9.25664
63.9621
25.5502
1.5401e-70
20.9154
28.839
2.54883e-73
3.19312e-38
1.55355e-45
33.5489
131.898
2.186e-59
27.7228
22.9539
57.1354
5.85949e-37
7.67376e-74
1.08193e-29
7.67922e-75
1.70507e-59
0.041482
1.16579e-66
3.47282e-70
21.248
1.88769e-63
1.38979e-15
9.23703e-25
65.8784
27.9658
5.28186
4.5923e-74
2.61112e-41
73.4384
9.13401e-49
1.60238e-62
57.0197
6.56325e-63
1.16443e-73
1.11962e-63
1.18829e-77
6.00157e-62
1.06588e-74
6.11704e-17
2.18388e-46
84.2656
1.55657e-31
1.63991e-77
6.96605e-65
3.32639e-68
1.37411e-30
36.7284
6.34022e-58
1.4042e-68
4.34834e-53
33.5421
4.72829e-78
1.76661e-65
8.01055e-59
1.22834e-59
39.9211
3.27252e-64
22.7707
3.71265e-76
1.26018e-72
9.11964e-19
2.08723e-62
2.63474e-63
29.8149
1.31065e-20
2.64422e-65
1.60948e-72
1.0039e-77
4.70542e-73
9.87028e-71
1.35125e-10
8.43342e-70
3.75766e-70
7.88187
13.4063
7.07895
8.4516e-11
1.84417e-63
21.2801
3.29946e-62
5.16885e-65
1.773e-77
18.6852
2.36173e-73
1.13163e-74
32.8415
1.8871e-63
2.17172e-73
1.09918e-06
18.2379
1.39308e-35
5.39018e-75
35.6894
6.84882e-33
1.63989e-61
8.23295e-68
24.4859
2.06435e-30
8.05091e-42
38.0282
2.29889e-30
3.60754e-68
1.5764e-06
6.30246e-77
4.13946e-62
3.79008e-66
7.88044
13.4287
7.05936
13.3942
2.08194e-65
2.50157e-10
49.3947
14.404
55.8232
11.851
17.154
3.3954e-72
16.2471
15.7956
1.15723e-49
22.3966
4.58473e-75
4.19529e-69
36.2838
2.21365e-69
1.26136e-70
2.70193e-60
1.13782e-68
24.572
12.6276
1.72537e-12
3.162e-59
1.16204e-21
1.16056e-69
6.13811e-69
4.41398e-72
2.32089e-18
4.71218e-52
7.88157
13.4065
7.07855
12.7736
2.69996e-72
21.4697
7.61594e-57
2.06868e-13
4.72403e-59
20.0383
5.75351e-58
8.67777e-49
33.1936
2.61331e-16
2.60105e-69
1.16178e-38
3.38913e-77
1.16704e-74
8.72926e-57
35.6809
25.0121
2.13207e-51
1.9635e-66
56.4684
4.3644e-76
3.32446e-40
24.8253
1.29042e-57
6.16359e-33
7.58359e-38
52.9456
16.3104
1.62434e-68
9.82592e-52
5.86828e-07
8.33631e-08
2.41919e-74
21.4558
2.30866e-67
3.00622e-28
2.2238e-74
1.53364e-69
3.06876e-67
1.77822e-63
3.00302e-70
55.4394
6.81421e-49
1.28587e-76
4.95807e-77
41.3294
18.2686
3.09459e-06
1.45935e-07
1.17304e-52
6.32169e-25
3.11732e-07
33.2063
6.17947e-13
7.83873e-70
7.63145
41.067
2.02537e-52
10.5546
3.11885e-17
8.8891e-52
1.85663e-25
2.84311e-58
1.46992e-79
2.40354e-16
2.77021e-16
6.45735e-69
1.80064e-27
34.8325
3.531e-16
20.8135
2.68378e-66
9.76659e-65
32.412
9.62207e-77
97.378
1.13883e-63
7.80148e-67
1.32965e-77
1.19081e-09
1.68601e-24
2.32127e-68
2.73928e-56
8.29662e-73
7.22688e-67
33.1874
6.18089e-13
1.84818e-73
1.61731e-66
1.24141e-77
16.08
40.6997
2.34888e-13
7.82697e-76
45.1948
23.1135
5.41472e-77
3.30449e-50
4.05099e-36
9.1481e-77
1.97838e-68
0.0315247
18.6323
9.6965e-48
52.4485
32.3519
1.06331e-57
7.57389e-63
1.51598e-65
0.000188377
6.86824e-74
9.22354e-59
2.05815e-72
4.76428e-08
1.60169e-56
1.55444e-35
53.5497
1.07007e-56
33.2063
6.18082e-13
1.19723e-69
38.6853
1.67751e-45
6.44106e-71
4.13186e-63
5.22798e-53
3.35109e-72
2.53014e-74
1.54756e-58
2.77714e-77
3.8834e-65
46.2508
5.53352e-74
3.75765e-75
4.59061e-79
12.2923
2.95915e-13
1.76864e-14
4.03485e-18
4.7711e-66
4.82218e-40
3.0356e-07
32.4906
5.46603e-77
7.56654e-38
1.12112e-61
7.16903e-76
3.73915e-74
4.14063e-57
1.33677e-65
VECTORS velocity float
-3.27386e-76 -4.74437e-76 0
-1.21712e-74 -5.88328e-73 0
-2.25582e-07 2.03098e-07 0
1.23147e-52 1.90539e-51 0
-3.17313e-68 -8.55338e-69 0
-7.59674 -24.7891 6.74065
8.52412e-30 7.88479e-30 0
1.51959e-22 -1.35926e-22 0
6.26631e-49 -5.51274e-48 0
2.97523 0.735147 -13.0388
-1.51193e-67 -2.95581e-67 0
-7.21074e-41 -5.69174e-39 0
-12.22 -28.9695 20.7502
-1.54949e-66 -1.23986e-65 0
6.06165e-52 2.81438e-52 0
-9.22154e-78 -9.58625e-78 0
4.65923e-49 6.20405e-49 0
-1.87139e-60 7.27432e-60 0
-37.3366 -44.741 33.2516
26.2163 -14.8922 24.8605
1.84994e-69 -3.19567e-70 0
0.000396541 -0.000188708 0
3.27633e-39 5.42059e-38 0
-27.6454 -8.37171e-06 11.2008
-6.18079e-13 -8.91111e-17 0
5.12985e-40 9.13144e-40 0
4.34065e-54 5.11615e-53 0
-6.88462e-22 -3.54522e-22 0
-30.9593 -16.9622 -18.4493
-39.2735 33.2388 29.334
0.332585 27.3108 -4.77621
-50.7528 23.0593 -2.26938
-8.06821e-27 -6.27936e-27 0
-7.84532e-53 1.1243e-52 0
-1.3208e-74 -1.34405e-74 0
1.08953e-54 -8.26475e-54 0
24.2112 4.20186 -12.056
10.1681 13.4385 -12.0115
1.93214e-43 -1.92531e-44 0
2.21755e-71 1.89415e-70 0
5.71554e-27 1.8553e-27 0
-6.29204e-49 4.42458e-49 0
18.3677 41.6663 67.7924
-4.83463e-29 3.39973e-29 0
-46.4931 -4.20774 -16.7508
-5.40885e-80 4.79241e-80 0
1.0539e-58 1.08516e-58 0
-4.85658e-79 -1.2915e-78 0
-5.48736e-77 -7.41856e-77 0
-4.78663e-65 -7.78088e-65 0
-2.5127e-66 -3.11111e-67 0
18.351 2.84811 -13.372
9.78778e-25 -4.17923e-25 0
-24.8662 -22.3003 -19.1517
-3.34747e-73 -3.94477e-73 0
-2.64893e-29 1.86273e-29 0
-27.616 4.30045e-06 11.2229
-6.18096e-13 -4.47612e-17 0
-1.49135e-61 -2.71016e-61 0
-1.12723e-11 9.81009e-12 0
1.08822e-65 -3.99779e-66 0
9.51311e-57 -1.59277e-57 0
5.68858e-62 -1.24082e-61 0
1.60772e-14 -3.07092e-14 0
26.0673 -17.1095 17.6392
0.889651 0.585228 -14.1977
-9.28469e-61 3.90054e-61 0
-1.86582e-79 -2.16092e-78 0
-6.45164e-69 -3.20872e-69 0
-1.70727e-75 2.75289e-75 0
9.81615e-75 9.79492e-74 0
26.9843 30.7337 -12.342
-7.4987e-77 2.84504e-77 0
4.78325e-50 2.42458e-49 0
3.87339e-35 2.89948e-36 0
-53.6369 -3.33928 -18.2213
2.66339 -9.24993 -19.1221
5.1233e-50 7.92705e-49 0
-12.9604 86.1072 -8.55391
5.70062e-50 8.82031e-49 0
8.12648e-45 1.62802e-45 0
-3.22905e-62 2.15873e-62 0
7.67058e-76 -2.81772e-75 0
-3.46433e-76 -1.10842e-75 0
2.512e-54 4.62689e-53 0
7.16797e-73 -4.02937e-72 0
1.53014e-05 -6.62726e-05 0
-1.2359e-49 8.69088e-50 0
-7.94821e-64 -6.35989e-63 0
-27.6454 1.20609e-05 11.2008
-6.17959e-13 -2.1124e-18 0
-1.37379e-25 4.42079e-26 0
-65.3216 14.1745 -18.6058
-6.85799e-44 4.82255e-44 0
10.2676 -12.989 -19.0551
1.1788e-69 -4.08364e-71 0
5.49557e-66 6.44773e-66 0
-28.3376 -4.03474 -10.8304
1.81293e-09 3.05872e-09 0
-5.44648e-59 1.20519e-57 0
-7.8288 41.6371 15.4439
-7.98589e-50 5.6157e-50 0
2.70892e-36 -2.11165e-36 0
-3.49022e-77 3.34518e-77 0
5.88892e-08 -9.47028e-08 0
1.30812e-21 -1.41088e-21 0
-5.37028e-39 1.54898e-38 0
30.4736 -0.282423 38.1485
0.0199353 0.00301707 0
15.5852 12.4088 8.42854
-1.47689e-34 1.03855e-34 0
1.23426e-75 2.79438e-75 0
-6.04705e-08 -5.73792e-08 0
-3.04247e-33 2.13947e-33 0
-1.92081e-42 4.46989e-42 0
23.0379 -35.4155 -17.6668
4.9921e-28 -4.08711e-28 0
1.57016e-45 -9.37972e-45 0
13.2628 64.9979 27.646
6.25861e-76 -4.06061e-75 0
-1.67522e-73 6.06529e-73 0
8.95974e-80 -1.2701e-78 0
-8.70842e-65 -6.96811e-64 0
-3.3772e-66 -3.47186e-65 0
-1.75133e-78 -4.59402e-78 0
26.7689 -11.4079 17.8168
-1.54624e-63 -1.16526e-62 0
1.6845 -7.2439 -9.48823
2.05286e-61 4.53907e-61 0
-6.08376e-43 4.27811e-43 0
5.01126e-11 1.3973e-10 0
-2.32749e-70 -3.49215e-70 0
-7.52708e-64 1.94744e-62 0
-0.000263574 -27.6271 11.211
2.18902e-18 -2.61326e-16 0
-6.04287 -9.6577 -11.5118
16.3765 16.7544 -10.9115
2.56232e-75 -3.0492e-75 0
-4.38156 15.0262 -16.5108
22.4418 -32.4485 -11.1043
-3.85176e-09 3.7149e-10 0
4.57413 -57.6139 1.9378
21.7039 -5.78401 -12.3104
-1.04503e-05 -8.06225e-05 -7.88166
-3.94565e-05 -2.07804e-05 13.4063
-0.000170766 -0.000126336 -7.07861
3.04264e-38 1.52188e-38 0
1.47516e-15 1.7124e-16 0
11.7394 11.3413 -2.6928
-1.64206e-67 9.74877e-68 0
36.6817 34.2864 25.1273
1.67879e-60 2.58257e-59 0
9.01449 27.4152 35.5769
1.63278e-53 2.526e-52 0
-28.6851 18.5506 -18.7954
2.80404 30.3788 -11.993
-7.485e-68 1.88661e-63 0
7.09362e-38 3.83124e-39 0
-7.05052e-78 -1.1208e-78 0
23.5838 -9.8739 -9.22455
-8.4342e-65 -3.54853e-63 0
1.18691e-75 1.99294e-75 0
-1.0941e-31 -2.515e-31 0
-27.2813 35.7721 -13.4532
16.8731 -21.3035 1.54127
20.9528 -27.9927 11.3558
3.25595 -24.2822 -3.48727
-6.55692e-39 -3.96659e-37 0
1.52421e-40 2.36923e-40 0
-157.382 -52.3168 36.6648
3.39723e-61 4.86529e-62 0
6.92643e-53 -5.32368e-52 0
4.07619e-35 -1.13927e-34 0
1.66846e-73 4.35253e-73 0
-6.88531e-78 -1.10753e-78 0
-0.13526 -27.1618 -6.18607
-5.37294e-06 1.18605e-05 -7.88045
-3.66415e-05 5.53934e-13 13.4287
-0.000732308 0.000113986 -7.05909
-1.07405e-41 7.55277e-42 0
1.78347e-29 -2.19545e-29 0
6.65659 0.692269 -12.2589
5.3019 1.80326 -12.7711
9.11595 2.62444 42.871
-3.69831e-71 -2.28465e-70 0
16.9133 2.80556 -3.61881
21.0362 0.496224 2.10073
4.42473e-52 -2.7762e-51 0
6.18674 13.4478 -2.81337
-0.000684627 13.786 -9.33709
-3.26139e-43 -1.43599e-42 0
0.0116993 0.0142482 0
-7.48861e-09 5.47444e-09 0
7.24877e-44 4.88148e-43 0
-5.53259e-40 3.89053e-40 0
-6.99439e-30 4.91847e-30 0
-2.3461e-33 1.64979e-33 0
-1.74925e-10 -1.01279e-09 0
-4.72034e-21 7.22999e-20 0
3.23164 -24.359 -3.27663
1.56028 -3.34194 -12.7415
0.00150076 0.00387756 0
4.99741e-69 -2.81368e-68 0
23.8873 5.03477 16.6707
-20.0267 -13.4756 17.953
5.23414e-16 -8.17652e-16 0
-5.63975e-68 1.24796e-66 0
20.8788 48.0305 -3.71587
2.49764e-61 -2.44284e-60 0
-3.48336e-05 4.11143e-05 -7.88154
-3.94565e-05 2.07804e-05 13.4063
-0.00116786 0.000121247 -7.07829
-8.65647 -21.0239 4.84229
2.44316e-68 2.59907e-68 0
8.95198 -18.8849 -8.30225
4.41321e-59 1.74093e-58 0
9.59473e-14 -2.4929e-13 0
8.77627e-10 -5.56909e-10 0
4.78556e-40 -4.83859e-40 0
-6.61687e-77 -5.26161e-76 0
-4.53736e-34 3.19068e-34 0
-0.000188502 32.0748 8.54538
-1.09883e-25 1.31064e-20 0
1.17368e-48 1.33455e-48 0
-0.00251667 -0.0085224 0
11.1431 26.7076 -8.51578
-2.87609e-71 -1.18088e-70 0
13.8735 21.1828 -1.11672
1.32211e-25 1.93772e-25 0
7.46569e-77 3.73161e-78 0
44.8113 57.922 -0.11152
-1.40879e-61 3.11737e-60 0
-13.5918 -83.179 59.1011
-1.20982e-53 8.50747e-54 0
17.0352 -31.1994 3.8377
17.489 -9.98246 13.0744
4.71514e-53 7.29551e-52 0
55.1601 -4.48884 23.8478
55.808 19.4804 1.83733
-3.39653e-76 -1.48987e-74 0
1.33031e-71 -2.28707e-70 0
3.6699e-50 5.67826e-49 0
-9.9032 -19.424 -18.7231
4.32905e-78 -1.66214e-76 0
-4.32331e-28 2.55971e-28 0
-1.97298e-66 -1.47788e-65 0
7.39075e-09 5.14275e-09 0
-1.30652e-65 -6.498e-66 0
-7.56601e-72 -4.28379e-72 0
-49.7155 -1.01975 -15.8914
1.60036e-71 -6.10543e-72 0
6.57875e-76 -3.70241e-75 0
1.56473e-62 2.7677e-62 0
-1.75514e-63 2.686e-63 0
-2.72798e-60 -2.18283e-59 0
1.4784e-77 1.16415e-76 0
-3.11177e-76 2.72385e-76 0
6.41696 23.031 -19.0536
5.91307e-67 1.30731e-67 0
-5.8403e-68 -1.04114e-67 0
3.73078e-50 4.95707e-49 0
6.67629 -7.46131 -14.74
2.1197e-68 -7.08023e-69 0
-1.00324e-29 6.01393e-31 0
-21.6145 -2.38729 3.93021
27.6582 3.09286 -10.9044
1.88832e-63 -7.48943e-68 0
10.7169 -45.3767 21.4552
-1.33598e-77 -8.94201e-78 0
7.46414 -20.1919 21.6505
-26.4204 -15.8143 57.6633
-3.48114e-41 3.70612e-41 0
5.15446e-55 3.4265e-55 0
2.33652e-41 4.93736e-42 0
20.8504 32.8986 9.82514
7.59009e-41 -7.92682e-41 0
-36.5926 -175.326 47.8277
3.01143e-76 -4.58399e-76 0
-2.16044e-77 -1.32364e-77 0
-9.83034e-73 -4.88912e-73 0
-2.11017e-67 -1.68597e-66 0
19.8089 33.4024 -4.65695
-7.91399e-72 -1.18741e-71 0
-2.31502e-72 -1.15206e-72 0
-5.18953 -0.863547 4.74343
-1.91354e-53 1.3456e-53 0
26.8574 -26.4334 -13.5688
41.9519 -55.3295 6.03804
13.6644 17.6904 -12.9804
-1.82415e-67 1.46454e-67 0
3.56259e-61 1.39684e-60 0
9.10958e-11 1.66899e-10 0
0.138994 0.046056 0
-2.62952e-34 1.84909e-34 0
21.8566 30.9177 20.2992
2.50405e-73 -5.96533e-72 0
2.99387e-46 7.05098e-47 0
-6.90796e-08 4.95537e-09 0
26.6894 3.02563 -10.6782
1.8872e-63 -1.77598e-68 0
18.8164 21.5838 -13.3854
1.79833e-65 2.37402e-66 0
-8.85376e-11 -2.1152e-11 0
-2.12386e-63 -1.74596e-62 0
-3.02091e-58 -1.30625e-56 0
1.12063e-54 -1.11847e-54 0
-25.6274 16.9239 -15.7069
-6.2547 -0.120677 -14.4665
2.33448e-56 3.61202e-55 0
73.6205 24.4833 -6.20751
-80.1442 -15.2516 9.31806
0.492139 6.856 -7.65677
1.0059e-54 3.76769e-54 0
-9.54679 -16.0316 -14.1642
8.23638e-77 4.75619e-76 0
2.61347e-42 -1.39312e-42 0
0.00268227 0.00230436 0
-32.1958 -33.9011 -17.5607
8.63602e-74 -4.25257e-74 0
7.69671 -1.97269 -6.13036
-2.40069 135.227 -15.665
1.25281e-75 -1.17235e-75 0
-1.34614e-58 -6.69502e-59 0
-2.10086e-75 7.57617e-75 0
13.0645 -18.3756 -11.6738
41.5545 -51.8359 2.17044
-4.89456e-33 3.44187e-33 0
17.5901 -20.4197 35.8502
-4.12786e-31 -1.36613e-29 0
-28.1651 12.688 5.92326
-1.25508e-17 4.69387e-19 0
27.8182 -1.10694 -10.5537
1.88779e-63 8.2987e-68 0
87.9289 -179.743 214.217
27.4268 25.9122 61.3495
8.57906 22.3223 -5.0552
3.097 -19.1604 -19.2146
6.91703e-72 7.34341e-72 0
7.18879e-74 -1.71029e-72 0
-8.00438e-72 -2.57158e-72 0
32.4371 -6.09494 -7.39731
3.96843e-53 6.14017e-52 0
-1.34557e-63 -1.09445e-62 0
-4.61726e-78 7.00778e-78 0
63.9131 92.5925 -18.9967
9.24491e-15 -5.575e-15 0
2.76575e-53 4.27902e-52 0
-93.6455 9.86704 13.7048
1.72492e-61 1.84751e-61 0
-5.21689e-76 1.9016e-76 0
6.6537e-14 -3.74641e-13 0
3.20769e-61 -9.68056e-62 0
-5.69541e-65 -2.46271e-63 0
1.90497e-26 3.02049e-26 0
-6.43562 -20.6041 -3.76084
-3.61307e-39 2.54072e-39 0
-2.06523e-74 -5.03037e-74 0
-3.32791e-68 2.03577e-68 0
-2.32875e-38 5.2206e-39 0
3.08259e-43 9.21733e-44 0
7.4468e-58 3.22323e-57 0
-1.90637e-42 5.02239e-42 0
6.3289e-57 6.09132e-58 0
-8.27016e-49 5.8156e-49 0
-6.35017e-69 3.3848e-69 0
27.6171 -2.52027 -13.884
2.85163e-60 4.4121e-59 0
-4.57827e-35 3.21945e-35 0
-6.60146e-79 -6.98396e-79 0
9.24442e-62 1.42978e-60 0
-6.01764e-66 -4.81363e-65 0
3.1649e-62 2.7954e-62 0
-2.70058e-78 -3.46126e-78 0
31.4033 43.1703 15.8343
-6.5054e-64 -5.2054e-63 0
-5.17245e-78 -4.26947e-78 0
25.3784 41.9792 -5.01679
0.359809 27.7275 -1.36834
-1.78672e-62 3.52209e-63 0
-2.97709e-38 -2.03735e-38 0
-6.94219e-78 -3.70234e-78 0
19.2019 5.08235 -14.2231
9.17524 2.90609 2.44392
1.65947e-38 -6.36903e-39 0
8.04947e-66 6.93024e-66 0
1.546e-76 -7.51429e-78 0
-2.75816 7.04679 5.17976
-1.27897e-34 -4.30338e-36 0
4.98567e-40 3.65703e-40 0
-6.31012e-30 4.43729e-30 0
-1.01139e-56 2.17536e-57 0
-42.6347 23.683 -15.444
16.8909 16.5784 -12.082
2.74076e-58 -1.79317e-58 0
-8.10128e-54 -6.58229e-53 0
2.99318e-51 1.89336e-51 0
-5.90106e-63 -4.72191e-62 0
-1.11189e-73 1.51693e-73 0
23.647 -6.84183 -11.0885
-2.5141e-64 -2.01225e-63 0
4.51892e-59 6.99192e-58 0
109.564 -35.1998 -4.9421
-2.31206e-78 -6.50881e-78 0
-6.00004e-38 4.21924e-38 0
-3.882e-47 2.72983e-47 0
-4.26948e-75 -3.77722e-74 0
-4.32677 6.65687 10.5235
-6.46464e-45 4.54595e-45 0
8.68267 5.05911 14.5571
3.71002e-24 -1.21573e-24 0
-1.36441e-67 -6.01716e-67 0
-1.63854e-53 1.15223e-53 0
-7.61318e-37 -6.38476e-38 0
-2.45331e-49 1.72517e-49 0
1.12861e-76 4.22635e-77 0
4.14299 -29.353 -0.317832
16.9005 -33.5979 2.42702
1.36415e-18 -3.93101e-19 0
38.3102 10.8377 -18.7539
-11.8775 5.32003 1.69781
-23.9938 -0.256525 -19.6919
5.64255e-63 -6.81955e-63 0
4.03764e-16 -5.16045e-16 0
-2.46698e-71 2.20915e-72 0
-2.83012e-76 2.28136e-77 0
-8.12206e-14 -1.28452e-13 0
-6.62201e-11 4.34121e-11 0
-52.3333 15.947 -5.80335
-4.62998e-73 1.67699e-72 0
-3.62279e-53 2.82886e-52 0
-1.47592e-79 3.53724e-79 0
3.23608e-78 -3.70227e-77 0
81.8529 4.54921 148.402
-7.03707e-26 4.94848e-26 0
84.9241 -52.4425 -2.66727
-8.97039e-75 1.67041e-74 0
-56.5935 14.097 -17.359
11.941 12.7718 10.2965
-131.955 95.0722 34.6197
-5.23751e-25 3.68303e-25 0
-4.18836e-53 2.88416e-53 0
6.03091 -69.2899 -9.57791
26.2231 2.70341 -10.7881
-4.75117e-56 -1.40924e-55 0
-3.32926e-67 -1.08541e-67 0
-1.01426e-65 1.25826e-65 0
1.58097e-79 -4.34646e-78 0
8.73182e-65 1.60708e-63 0
3.46441e-69 3.21041e-69 0
14.9203 -2.5699 -7.44819
-1.15184e-63 -9.2105e-63 0
-1.04655e-49 7.3594e-50 0
-6.23304 -1.51395 5.27609
-1.85971e-22 2.23876e-24 0
-1.10302e-60 -8.82623e-60 0
25.4828 -12.1503 1.17059
3.05945e-13 -3.55656e-13 0
-8.91783e-52 9.8874e-52 0
1.30926e-73 4.85882e-74 0
2.73696e-44 -9.99283e-44 0
-1.20246e-76 2.77341e-76 0
-9.20367e-34 6.47204e-34 0
-6.20448e-34 4.36301e-34 0
-1.17165e-77 1.13186e-77 0
-5.28771e-13 8.2132e-13 0
-1.63201e-61 -2.70683e-61 0
-1.78423e-09 -2.59625e-08 0
4.49681e-26 1.0861e-25 0
9.87458e-75 1.05004e-74 0
-1.09645e-75 -1.92129e-75 0
30.5612 46.6925 21.9404
-18.0672 -5.76797 14.6866
-1.20142e-49 -5.48264e-50 0
-1.90193e-60 -1.52188e-59 0
6.57515e-53 1.13932e-51 0
38.7649 -10.2037 -17.8885
-4.89369e-49 3.44126e-49 0
-2.04665e-65 1.7939e-64 0
2.64268e-11 6.95562e-11 0
10.5836 -17.2553 -10.7367
-8.16469e-26 5.74143e-26 0
2.8547e-18 -1.66053e-17 0
-2.08088e-75 1.28985e-75 0
-4.55284 46.3185 -18.3597
3.39212e-80 -1.28001e-78 0
1.83263e-75 -1.03441e-74 0
-7.56144e-70 -5.39863e-69 0
9.66248e-78 -1.78078e-76 0
-4.02871e-46 1.16115e-44 0
4.2183e-25 5.3215e-25 0
73.8795 8.69541 18.6433
8.66565e-08 3.65682e-07 0
1.13105 -3.45918 -14.4653
8.58095e-54 1.3277e-52 0
1.1534e-48 -4.4335e-50 0
-2.31136e-74 -2.98423e-74 0
-8.19412e-06 -22.8682 14.4055
4.43218e-20 -5.46074e-18 0
6.24969e-73 -2.10661e-73 0
2.91082e-69 5.26591e-70 0
-1.40635e-70 5.09524e-70 0
19.7342 -43.2025 30.6966
-45.6444 -19.9226 9.03665
-3.18362 7.87234 -6.27259
-9.67081e-61 -7.73826e-60 0
-1.29576e-68 2.86725e-67 0
-1.31512e-05 -0.000104192 -7.88084
-3.34878e-06 -1.46615e-05 13.5088
-3.70621e-05 -0.000159868 -6.98911
-3.82796e-73 -1.37088e-72 0
-5.07295e-29 -5.85951e-29 0
8.35013e-38 1.05683e-37 0
5.57045e-39 2.09189e-39 0
-8.78984 17.1229 6.38659
2.03769e-77 1.37271e-77 0
0.767576 -0.913524 0
5.14824e-71 5.13501e-71 0
1.52979e-07 -2.1741e-06 0
3.08254 25.8838 -10.3869
-2.74857e-68 1.22986e-63 0
2.3585e-69 9.1423e-69 0
1.48785e-52 1.53197e-52 0
-6.80453e-72 2.9933e-71 0
1.68819e-73 -4.02103e-72 0
-5.77047e-08 3.77577e-06 0
19.8643 -1.46872 -13.6038
7.14713e-31 6.03737e-31 0
-1.68566e-60 -1.34884e-59 0
8.44967 20.306 -9.60099
3.54886 -19.1835 -2.48275
-4.10254e-38 -2.22125e-36 0
-2.06912e-61 5.22031e-61 0
2.23122e-44 6.04623e-44 0
1.52425e-77 -8.58839e-77 0
-10.1022 11.2689 -9.0858
-4.32258e-65 2.47685e-65 0
26.6438 -44.6804 -9.25008
23.7688 -45.2137 -6.27023
-4.63152e-45 3.2569e-45 0
5.79462e-05 1.66707e-05 -7.87497
-3.08551e-06 2.22278e-09 13.5278
-8.27531e-05 1.11733e-05 -6.97224
13.3537 -14.3064 -5.53373
-3.40095e-46 -1.45925e-46 0
26.6989 11.2357 -13.0573
8.02695e-21 4.06347e-21 0
3.07167 -2.48869 -15.7602
5.26421 7.20014 -0.934597
22.0994 9.25878 30.1784
6.5602 0.629308 -15.6861
-7.94731e-63 -3.83395e-62 0
3.35075 21.6902 -7.67169
-1.60247 12.3566 -8.7219
9.85855 -12.0389 -8.98662
-1.54224e-58 3.41265e-57 0
-5.35284e-61 6.6266e-58 0
-8.80556e-62 1.94849e-60 0
5.08371e-39 4.893e-39 0
-7.36967e-67 -5.77007e-66 0
9.05779e-60 7.58299e-59 0
1.91902e-32 6.66173e-33 0
2.94664e-51 8.60647e-50 0
3.49726 -19.3085 -2.16013
1.78353 -3.10094 -12.3033
1.89224e-65 -8.54494e-65 0
4.65417 14.2452 -16.1863
-2.10786e-65 -1.04835e-65 0
7.3621e-62 -1.86328e-61 0
-6.04887e-43 4.25358e-43 0
9.06004 65.4008 54.8577
4.26344e-36 -3.51028e-35 0
-3.44311e-63 -2.75506e-62 0
2.77628e-05 2.92322e-05 -7.88058
-3.30063e-06 1.46753e-05 13.5088
-0.000366814 7.90951e-05 -6.98883
-2.56097e-15 3.50059e-17 0
4.03411e-28 -6.35977e-28 0
-1.33967e-67 -1.07196e-66 0
3.20639 -12.1299 2.22949
3.05711e-55 -4.19875e-55 0
-4.49366e-67 -1.62418e-66 0
-4.43566 -9.00749 -19.1247
-20.2487 -16.0504 -10.0331
-7.39003e-78 5.00799e-79 0
-1.23174e-05 27.7661 12.181
-4.4711e-20 5.46024e-18 0
-1.16119e-74 -9.82146e-74 0
-5.63433e-69 2.18724e-69 0
6.79042 -2.14551 -15.2406
-25.582 38.6116 25.1969
-6.48425e-77 -7.58396e-76 0
-2.71817e-72 -1.2003e-72 0
2.37508e-24 -9.29786e-23 0
2.67145 32.4297 -15.9404
-2.67916e-58 5.92843e-57 0
-2.67387e-77 -8.76332e-78 0
22.5205 -0.39471 -13.5736
-1.61912e-44 4.15724e-44 0
1.46229e-73 1.68482e-73 0
-18.3974 -33.0343 -16.6727
-3.61535e-69 8.00002e-68 0
-1.30985 -10.3615 26.5564
-1.77031e-39 -1.59548e-39 0
9.18874e-67 -2.27626e-66 0
-4.18979e-33 2.94627e-33 0
-3.2922e-57 8.27459e-58 0
-2.06715e-75 -1.65393e-74 0
-4.11734e-66 -3.27923e-65 0
-2.85966e-67 -2.56433e-66 0
7.75449e-74 -5.90406e-74 0
-4.89947e-67 -2.11855e-65 0
-1.33534e-53 -7.05603e-54 0
8.4923 -22.5984 -7.29462
9.86459e-31 1.09484e-30 0
-2.21226e-67 -9.5659e-66 0
-15.0264 -37.2555 19.3522
-2.69043e-76 -1.1912e-74 0
2.76486e-77 -2.10496e-77 0
3.87121e-79 5.94514e-78 0
1.52308e-79 -4.64033e-79 0
1.62154e-64 -2.99383e-64 0
-1.75146e-67 -7.57337e-66 0
1.50642e-65 1.61312e-65 0
1.217e-10 2.39564e-11 0
1.2625e-23 -3.89329e-24 0
14.1496 31.0916 -17.8681
-1.3438e-44 9.44964e-45 0
-4.28561e-51 6.9258e-52 0
26.7803 3.15538 -10.5878
1.88834e-63 -1.47411e-67 0
8.24104e-75 -1.48185e-74 0
5.82426e-76 -1.43522e-75 0
2.60923e-23 -3.23205e-24 0
-7.37212e-31 -2.1186e-31 0
4.21275e-26 -2.66818e-26 0
4.77422e-15 -5.10182e-15 0
-1.19069e-20 8.37297e-21 0
-2.22704e-78 -9.00512e-78 0
7.46284e-54 1.01291e-54 0
-1.17429e-67 2.59846e-66 0
-2.42909e-74 -2.86214e-74 0
10.4708 50.5899 39.4639
-8.05338e-70 -9.48737e-70 0
-48.0355 5.73416 -15.5478
-61.944 40.0183 20.5703
-1.34263e-62 -3.88897e-62 0
-2.42076e-40 1.70229e-40 0
-3.18824e-62 -1.58567e-62 0
7.96789e-75 1.55077e-74 0
-4.73771e-77 -6.69676e-77 0
1.58483e-20 -6.58279e-22 0
13.391 18.2141 -13.0671
-1.23894e-77 2.8459e-79 0
-1.76468e-74 -5.76393e-75 0
-35.5253 9.08879 1.78866
-5.83834 32.7361 4.50769
9.50585e-41 8.47703e-41 0
-6.68894e-75 -4.51539e-74 0
-2.38536e-60 -1.90896e-59 0
11.5444 -9.37881 -7.80264
-9.39944e-66 1.16606e-65 0
25.8319 3.08919 -10.3633
1.23341e-63 4.86614e-71 0
8.12444e-74 -5.28537e-74 0
9.31454 27.6046 -13.8286
19.2962 78.5361 44.8541
7.65007 -5.55228 -13.4198
6.48797e-08 -3.39238e-09 0
2.78124e-07 -1.67458e-07 0
-1.80355 -14.2736 0
8.87306e-55 3.25556e-54 0
-3.70003e-77 8.25486e-78 0
-22.0414 -33.2004 33.2934
-74.2626 13.5126 19.4052
-32.3779 -45.7409 -17.8886
-2.19004e-26 -1.29616e-26 0
15.9446 -27.3514 -19.0627
-3.9044e-74 7.93665e-74 0
8.14378e-50 -6.5378e-50 0
1.7898e-53 5.69772e-52 0
-2.20601e-63 -1.76298e-62 0
16.8204 17.7395 8.82357
-2.45695e-40 -2.25494e-40 0
47.166 16.8062 33.9398
7.91561e-76 -7.95489e-76 0
4.41507e-79 -5.56301e-78 0
-6.19355e-79 3.70082e-79 0
6.48627e-59 -9.83129e-59 0
26.9856 -30.7873 28.4192
-1.41707e-70 -1.78559e-69 0
2.87859e-53 -1.15229e-52 0
-3.01553e-61 -1.30393e-59 0
6.84505e-75 -3.96704e-75 0
-1.60273e-20 5.68191e-21 0
26.9043 -1.10794 -10.2015
1.88608e-63 1.51622e-67 0
7.90123e-69 -2.19156e-69 0
-1.31865e-06 5.61249e-07 0
8.07907e-39 -3.13583e-39 0
5.7554e-60 -2.69582e-60 0
1.04503e-54 3.91428e-54 0
-21.6358 15.535 -5.1921
1.30966e-25 -3.64428e-26 0
20.4017 0.763456 -12.887
1.26251e-52 1.95341e-51 0
2.78753e-65 2.25681e-65 0
1.18473e-76 3.95592e-77 0
-5.58072e-39 -3.03844e-38 0
2.94694e-61 3.14801e-61 0
-46.3592 -28.194 -9.27863
2.76681e-63 1.83714e-63 0
6.96402e-71 2.40849e-71 0
-16.8717 -1.43214 -10.5573
2.91669e-37 -1.44177e-36 0
5.57439 -15.2661 0
-5.38429e-74 3.39697e-74 0
-1.01388e-77 1.01144e-77 0
-16.2296 6.8465 -18.1835
-1.2505e-42 8.79355e-43 0
-4.46209e-68 -6.79482e-68 0
-3.20405e-76 3.27441e-76 0
-18.0565 29.8259 -9.61809
-2.37037e-19 -3.12932e-19 0
2.08479e-19 -3.7428e-18 0
3.24693e-69 6.14721e-69 0
-2.28553e-76 -1.13709e-76 0
-2.35732e-60 -1.88625e-59 0
22.4618 5.96291 -7.20456
-8.33915e-18 2.24651e-18 0
-3.36348e-47 2.36521e-47 0
4.78054e-73 1.47628e-73 0
-1.09536e-32 -7.03405e-33 0
-2.43913e-76 -2.93664e-76 0
1.38362 0.158897 -15.1806
-2.70434e-38 1.9017e-38 0
20.2488 -15.5869 -16.3245
-1.96515e-20 4.12508e-20 0
-3.58324e-54 -3.12143e-54 0
-5.16957e-78 -4.25855e-78 0
7.88943 49.2047 -17.3949
0.81367 28.2811 -1.53787
23.515 -17.8412 -16.9564
3.86658e-77 -9.61416e-78 0
-15.57 2.99841 4.09526
3.67889e-73 -8.76619e-72 0
7.65966e-72 1.67061e-71 0
5.77084 25.8323 -6.81683
1.72779e-34 -1.26858e-34 0
6.48644e-77 3.0457e-78 0
-20.1945 3.54303 -2.51711
-9.3213e-45 -3.26795e-46 0
6.91663e-60 5.59975e-60 0
4.71013e-72 1.7054e-72 0
3.07526e-20 -2.44133e-20 0
-5.9329e-38 2.09211e-38 0
-5.38215e-42 -9.53846e-42 0
-3.65722e-74 -1.71042e-76 0
-1.64364e-40 4.75697e-41 0
16.2083 -66.764 10.6801
-5.42534e-63 -4.3412e-62 0
2.12362e-69 4.70171e-69 0
-2.51056e-60 -3.21448e-60 0
1.15247e-78 -1.16316e-78 0
-1.9791e-60 -1.58361e-59 0
-5.22461e-63 -4.18055e-62 0
3.01985e-20 1.55906e-20 0
-1.01189e-68 -5.03264e-69 0
-1.07731e-78 -7.44306e-79 0
-4.79423e-76 -2.25461e-76 0
-3.13974e-56 2.20787e-56 0
-4.24234e-33 2.98322e-33 0
14.5855 10.8531 12.1274
-4.7517 11.9613 -8.15814
9.48885e-78 -3.5526e-78 0
-7.34563e-71 -1.11859e-70 0
44.1807 62.6491 -0.916522
-72.5865 -15.6703 -11.1281
-1.61651e-15 2.47438e-15 0
5.37821e-34 -1.2883e-35 0
-3.07511e-16 1.59474e-15 0
-2.56139e-78 2.14062e-78 0
-3.6556e-62 -1.5807e-60 0
-19.2478 3.50243 -2.14797
-12.2885 -0.278297 -13.4927
1.18248e-33 -1.24168e-33 0
6.4561e-30 -8.92296e-29 0
-6.03744e-75 -3.23859e-76 0
-1.65029 -0.338827 0
-6.63922e-11 -4.083e-11 0
1.51095e-73 1.29082e-73 0
-5.88086e-52 -6.86701e-52 0
4.41438e-32 -3.15078e-32 0
1.19818e-52 1.85388e-51 0
1.65053e-73 1.37949e-73 0
10.2762 -15.6479 -6.21243
1.96757e-52 -3.29134e-52 0
-2.03945e-60 -1.6319e-59 0
-10.8038 -6.10079 -0.253337
-8.29704e-73 7.62031e-73 0
-6.3347e-19 5.19339e-19 0
-1.77027e-33 1.24486e-33 0
69.5009 -63.9937 12.6801
-6.66352e-68 -5.33833e-67 0
4.28974 -14.8142 -6.42707
25.683 -69.7896 -16.6011
-1.76712e-75 1.89072e-76 0
-36.7036 55.2013 42.9797
-1.60395e-58 -7.97725e-59 0
-4.24801 -60.9943 3.10542
12.0304 -21.1825 -14.4963
5.33328e-50 8.25194e-49 0
8.61038e-22 -9.14761e-21 0
-94.6778 -26.7885 -15.1212
-1.02844 0.652038 6.84104
7.98992e-62 -1.84242e-62 0
-20.1219 -0.881737 -1.24216
-1.53672e-16 1.32436e-18 0
7.09003e-62 -8.68768e-62 0
-35.0472 -0.819011 -8.91934
-1.91615e-06 -2.73835e-06 0
9.80742 0.844494 -11.2137
-20.694 -11.045 -16.2543
8.98488e-54 1.39019e-52 0
7.18324e-53 1.11185e-51 0
-2.76139e-49 1.94183e-49 0
-1.12949e-48 7.94258e-49 0
-1.80234e-77 1.73718e-77 0
-2.11036e-79 -1.2857e-78 0
9.26318e-67 1.49775e-66 0
8.05551e-53 6.87283e-53 0
-1.65652e-75 3.36994e-75 0
-5.0985 9.51546 25.1015
-3.69706e-16 -1.46781e-16 0
20.8281 -49.9248 5.89722
-1.18313e-25 8.31982e-26 0
-6.11886 -3.3568 6.78503
-9.77243e-42 6.872e-42 0
-3.38497e-16 -3.81129e-16 0
3.67436e-72 -8.42051e-72 0
-1.4006e-49 9.84919e-50 0
1.1611e-65 -3.15281e-65 0
1.58865e-26 1.11254e-26 0
-7.56443e-70 -2.18877e-70 0
-3.8653e-56 2.71809e-56 0
-9.31518e-57 6.55046e-57 0
-5.68135e-76 -8.36133e-76 0
-2.27528e-42 1.59998e-42 0
8.86966e-82 -6.25731e-79 0
1.62043e-75 -9.16408e-75 0
-2.56356e-69 -2.00839e-68 0
9.00458e-78 -1.54964e-76 0
-6.67663e-45 9.37933e-44 0
-4.5781e-79 -7.90951e-78 0
27.0464 -36.762 2.28808
-2.30987 17.4957 5.39089
-3.72014e-71 3.7162e-70 0
-11.6212 33.1944 -7.88149
2.30234e-47 -3.87905e-47 0
1.22274e-71 1.0439e-71 0
5.53477e-06 -22.8577 14.4118
4.43635e-20 -5.46078e-18 0
-102.005 58.9868 -12.2484
60.9386 -167.64 61.1564
-3.30432e-65 7.31178e-64 0
5.14039e-54 7.95094e-53 0
9.33121e-58 8.03377e-58 0
2.85147e-35 8.03527e-36 0
6.81749e-32 1.97347e-32 0
1.28924e-52 1.9948e-51 0
-7.931e-06 -9.81279e-06 -7.88044
3.55842e-08 -1.45656e-05 13.5097
-8.52809e-07 -4.38654e-05 -6.98861
-21.4522 15.5957 -0.851198
1.32877e-37 -2.86075e-37 0
-1.21505e-68 2.46983e-68 0
4.71413 27.0482 -1.02686
-48.5763 31.7805 32.5096
5.54084 20.7204 -11.7289
5.75413e-37 2.61249e-37 0
17.7051 7.66911 -7.20347
1.83974e-08 -2.51476e-07 0
3.08363 25.8718 -10.3782
-4.86411e-68 1.23271e-63 0
3.13079e-13 -6.75181e-12 0
6.75507e-55 2.55219e-54 0
-8.20747e-52 5.77151e-52 0
3.97266e-54 4.5371e-55 0
-0.355005 -0.170686 -12.1957
30.0215 29.5168 2.81988
74.3473 -92.9633 1.50521
-5.12828e-71 -5.07583e-70 0
8.73014 19.9204 -8.43722
3.55126 -19.1666 -2.47785
-4.09954e-38 -2.22125e-36 0
8.24382 -42.3071 -3.55949
3.57798e-53 5.53604e-52 0
-1.49138e-77 1.80364e-77 0
-6.35118e-17 -3.06302e-17 0
8.27255 -46.9047 -16.8447
-1.209e-66 -9.67402e-66 0
-0.151065 -39.2785 -12.2892
21.4254 14.6073 -11.371
6.23665e-05 1.79055e-05 -7.87413
1.918e-07 4.96247e-08 13.5287
5.24641e-05 1.50596e-05 -6.97144
-4.05424 -5.55214 -11.0371
-3.3421e-67 -5.01444e-67 0
46.8886 -41.4601 1.29903
3.58472e-29 -3.5688e-30 0
5.38244 -0.117685 -15.1348
1.36597e-61 1.46305e-61 0
-13.0987 15.4654 7.0681
1.90265e-55 5.02297e-55 0
-4.01681e-61 -3.21463e-60 0
3.35351 21.6741 -7.66452
-1.55858 12.4506 -8.74258
2.41796e-63 -6.72914e-64 0
26.2304 0.625684 -5.86191
3.3508e-79 7.89587e-79 0
-1.22328e-16 8.60215e-17 0
-25.1094 -37.6995 -18.7881
-5.16328e-74 -6.0582e-73 0
-9.65952 48.7481 26.2841
-9.17129 28.7172 20.8691
1.5721e-47 2.00106e-46 0
3.49853 -19.2934 -2.15268
1.78682 -3.1047 -12.2999
-9.1203e-67 7.16788e-67 0
9.85187e-08 3.22796e-07 0
3.66173 25.8918 -14.7316
9.90338 15.6202 -7.51836
-6.91094e-78 5.73305e-79 0
-4.57595e-40 -1.62843e-39 0
-5.7996e-09 -3.99954e-08 0
4.16203e-61 -1.88226e-61 0
5.49811e-05 1.5933e-05 -7.88015
3.13062e-05 2.35764e-05 13.5098
-2.31252e-05 4.91817e-05 -6.98839
1.79289e-46 1.66261e-46 0
-1.65385e-67 -1.32021e-66 0
2.16441e-28 8.39276e-28 0
-23.4169 -29.6371 -10.4793
-9.32217 -20.227 25.2443
-4.55764 -14.0027 -11.579
-2.82215 15.5983 2.65531
1.03568e-51 1.05972e-51 0
-2.51549e-53 1.89662e-53 0
7.255e-06 27.7565 12.1882
-4.4314e-20 5.46074e-18 0
-1.91031e-75 -2.6639e-74 0
-7.999 16.5083 -13.7349
-2.39761e-78 1.95088e-78 0
-6.58729e-67 -4.5875e-65 0
2.78016e-43 7.71702e-43 0
-2.86339e-68 -7.83545e-68 0
1.58458e-53 3.50396e-53 0
9.47388e-66 8.1566e-66 0
-1.21069e-57 2.679e-56 0
-61.2232 -28.4245 3.05632
-4.3927e-35 -3.03076e-33 0
31.0605 35.7572 37.2091
-3.58182e-76 -2.82227e-75 0
19.1323 -0.472122 -12.6263
7.23721 51.0221 -14.2024
-17.7583 -29.3337 14.3139
1.96376e-69 -8.8679e-69 0
4.89921e-79 8.61805e-78 0
5.78854e-77 1.44987e-77 0
1.12422e-50 1.73945e-49 0
-2.43092e-75 -1.58697e-76 0
4.94656e-50 1.8616e-50 0
1.55463e-75 -2.1685e-75 0
-2.29461e-67 -9.92196e-66 0
1.01166e-77 -6.26889e-78 0
1.33522e-22 4.70413e-22 0
-2.47204e-23 2.59092e-23 0
-6.15914e-57 2.66468e-57 0
3.41183e-09 -2.48671e-09 0
2.39958e-59 2.11943e-59 0
5.3572e-31 -4.25289e-31 0
3.30907e-77 -2.5236e-77 0
1.8563e-76 2.29591e-76 0
5.91503e-79 -1.56129e-78 0
2.59157e-78 -4.75075e-77 0
6.80562 32.2842 -16.2162
-6.74259e-77 3.06177e-76 0
1.35663e-14 3.17628e-14 0
7.62842e-29 -3.51561e-29 0
4.04334e-73 3.07562e-72 0
1.70121e-61 1.82258e-61 0
-3.5646e-67 -1.47231e-67 0
26.78 3.15683 -10.5869
1.88677e-63 -9.53177e-68 0
3.8769e-77 3.37944e-77 0
3.73915e-61 4.00475e-61 0
-3.83375e-68 -1.6114e-66 0
-23.8519 -5.48292 -11.3407
-1.82714e-22 -6.24708e-22 0
-22.5307 14.9541 -12.6165
42.5989 -28.7387 -6.67903
-6.35033e-49 4.46557e-49 0
-8.28634e-63 -5.25995e-62 0
1.68536e-74 3.80869e-74 0
-7.33158e-78 -1.64716e-77 0
-17.1705 27.7613 -0.169237
-11.0079 17.4424 7.51126
1.25878e-50 1.94765e-49 0
-1.38016e-70 3.59699e-70 0
3.75391e-55 -5.79077e-55 0
-7.74387e-53 5.56869e-53 0
-4.85209e-78 -5.90534e-77 0
6.01274e-74 7.95639e-75 0
3.03018e-59 4.21369e-59 0
2.29749e-31 7.53363e-33 0
13.3754 18.221 -13.066
-1.25057e-16 8.91388e-17 0
-1.4991e-44 1.05417e-44 0
1.15928e-48 -8.08265e-49 0
7.68383 31.4516 -5.30948
-1.69871e-66 -3.26306e-65 0
2.7416e-48 -1.82965e-48 0
27.8604 -25.1445 -10.6389
-57.1913 15.2703 -14.3395
-2.61933e-38 1.84192e-38 0
25.8346 3.08943 -10.3633
1.23156e-63 1.55207e-68 0
-1.86797e-69 -7.09529e-68 0
-23.2811 8.85718 -6.01926
1.75597e-72 -1.53241e-73 0
6.43517e-55 2.41037e-54 0
5.68772e-41 4.9635e-41 0
-5.85753e-30 4.11903e-30 0
-3.76763e-69 -4.6649e-70 0
-5.98994e-74 -7.24795e-74 0
26.3292 47.4388 31.2532
-41.4274 -66.4243 13.8747
-74.2798 13.7205 19.3225
5.3917 -49.819 -9.09792
-1.76078e-30 -2.68407e-30 0
7.4963e-46 1.64316e-46 0
-10.6651 2.99302 -14.735
3.07865e-50 4.76346e-49 0
2.27004e-48 -1.24676e-48 0
-1.69596e-49 1.1926e-49 0
1.3991e-51 2.16477e-50 0
9.77158e-57 1.48416e-55 0
47.7346 13.5997 32.0286
2.50349e-74 -2.68671e-74 0
-2.41732e-76 -3.18645e-76 0
2.68815e-61 2.31438e-61 0
25.6784 -39.8958 2.95289
-6.7593e-54 8.75773e-54 0
2.75651e-34 6.07901e-34 0
-1.22398e-69 4.75138e-70 0
1.17006e-75 1.47061e-75 0
-5.21115 15.2773 -18.2133
-2.19915e-42 1.54645e-42 0
26.9037 -1.10888 -10.2007
1.23123e-63 9.25594e-68 0
36.655 19.8576 -17.0654
-0.577053 -16.7002 -17.3204
18.4666 -7.79862 0.643055
2.65009e-78 -3.06971e-79 0
45.8785 -13.2012 -12.4148
6.74928e-33 -5.94338e-34 0
-8.98388 -37.9928 -13.8073
-8.72342e-52 6.13433e-52 0
1.21951e-52 1.88687e-51 0
4.34521e-65 3.51791e-65 0
1.18411e-76 3.90014e-77 0
-3.1012e-38 -1.7048e-37 0
-7.49676e-71 -3.3172e-69 0
2.35461e-19 -3.17275e-20 0
1.02187e-67 1.09446e-67 0
2.86168e-42 -3.38852e-43 0
-2.852e-76 -5.66044e-78 0
-1.69948e-49 1.19508e-49 0
9.31148e-54 5.65201e-52 0
16.871 92.1743 36.7384
-8.10183e-77 4.19525e-77 0
-16.7189 -29.632 16.4929
1.89535e-63 2.03004e-63 0
-5.47112e-22 -1.40766e-21 0
54.077 -26.871 1.42959
5.40593 -9.63622 -15.3443
0.000517051 -7.27755e-05 0
-6.08447e-20 8.65765e-20 0
-1.82132e-52 1.28075e-52 0
8.47085 -37.7106 -16.7079
-6.81542e-67 -2.94701e-65 0
-2.6762 -29.1652 -13.846
-35.927 52.0218 12.2832
-2.79852e-71 -2.23996e-70 0
-4.53351 -5.92506 0.477185
-5.29318e-72 -2.28879e-70 0
1.92495e-54 2.97838e-53 0
-1.02255e-52 7.34837e-53 0
8.04244e-71 -6.12267e-71 0
2.62369e-07 -1.31377e-07 0
3.30874e-26 1.83999e-25 0
-5.59567e-66 -5.10103e-66 0
-5.16952e-78 -4.25848e-78 0
6.98046 49.1862 -18.1623
0.836591 27.5701 -1.73971
-1.20331e-53 6.95656e-54 0
26.8948 27.6095 -16.1898
58.9981 -13.346 1.58456
-1.04132e-30 -9.02643e-31 0
-19.397 9.5362 -4.8623
4.33079 13.232 2.05446
1.05548e-73 4.0545e-74 0
1.56784e-78 -1.19421e-78 0
-20.1933 3.54263 -2.51721
-1.22916e-63 -4.33951e-68 0
1.51228e-28 1.84971e-28 0
-5.61667e-61 -2.4288e-59 0
2.4495e-23 6.40047e-24 0
12.0728 -31.0317 -14.7606
5.11503e-21 -7.64064e-22 0
-1.40408e-56 9.87349e-57 0
0.58759 32.2434 -3.01329
1.43984e-19 -1.9382e-19 0
7.79847e-68 8.33889e-68 0
-1.06215e-41 2.6287e-41 0
-1.92717 12.833 -7.31767
7.17963e-79 -6.77075e-79 0
-8.54708e-53 6.13612e-53 0
-34.8997 -17.1279 5.76197
7.06531e-53 1.09317e-51 0
1.75711e-23 6.16452e-23 0
1.89104e-56 5.77573e-56 0
-1.7233e-22 3.89247e-22 0
-8.03358e-37 5.64923e-37 0
-2.51949e-49 1.77172e-49 0
14.6593 10.9318 12.0616
-15.6144 12.2388 -11.8641
66.0918 -44.4365 -1.77802
-2.24345e-66 -5.48503e-66 0
8.4215 62.4441 -8.84606
2.51224e-13 1.30724e-12 0
3.91126e-25 6.07128e-25 0
1.33694e-62 4.45549e-63 0
-9.99631e-71 -1.52223e-70 0
4.10856e-77 -3.13228e-76 0
4.67052e-53 7.22648e-52 0
-19.2477 3.50244 -2.14748
-1.22919e-63 7.89475e-69 0
-2.91006e-72 7.17352e-73 0
-11.783 -1.24623 1.97689
-3.91123e-75 -2.04152e-76 0
-1.52914e-71 -6.1653e-73 0
-1.79325e-41 4.71369e-43 0
-3.48785e-68 3.20337e-68 0
2.61837e-73 -2.22372e-73 0
-7.15737e-43 5.03308e-43 0
-8.26884e-36 5.81467e-36 0
1.66113e-56 2.56274e-55 0
-5.72585 -16.1595 -8.25328
1.34057e-16 -4.22375e-16 0
-4.91119e-18 -3.95714e-18 0
-18.3181 20.1815 -6.6043
-6.54162e-74 8.11526e-74 0
-3.5614e-61 -9.12529e-61 0
2.67465e-22 -1.60927e-22 0
-1.01868e-60 2.25579e-59 0
-2.67331e-66 -2.02182e-65 0
9.61324e-61 2.76366e-59 0
27.6595 -69.3973 -17.2468
-1.84184e-75 -1.86919e-75 0
13.4118 -23.5926 33.6466
4.84199e-55 -9.40012e-54 0
-44.7068 -20.0846 -14.0581
-2.06988e-78 -2.27677e-77 0
3.44767e-53 5.33433e-52 0
3.60414e-50 5.57652e-49 0
-1.53805e-48 4.05743e-48 0
0.0549455 -13.7055 -14.0859
1.77823e-56 2.75138e-55 0
-20.1209 -0.881375 -1.2424
-1.22917e-63 6.28961e-68 0
-2.01388e-28 -6.21769e-28 0
-35.0463 -0.798836 -8.90518
-2.49249e-77 -2.70523e-77 0
-2.63958e-77 -1.9021e-76 0
-1.93833e-62 4.28913e-61 0
-4.3158 25.1299 -1.41967
-7.21412e-69 8.9496e-69 0
-4.09444e-58 -1.25972e-58 0
-1.02013e-23 6.17861e-24 0
-1.80233e-77 1.73717e-77 0
1.3262e-78 1.18378e-77 0
1.2356e-78 2.41944e-77 0
-4.24738e-28 8.03688e-28 0
-4.62665e-55 1.02378e-53 0
51.4721 13.7149 20.924
-1.5393e-37 1.08244e-37 0
5.28016 -2.01034 -6.3898
22.1644 10.3436 -8.83087
-31.2169 -12.4061 1.26195
-1.25787e-74 9.88477e-75 0
-9.18701e-76 1.33375e-75 0
-18.3217 -6.15426 2.66036
-7.58339e-40 1.75156e-39 0
-1.30439e-66 1.70736e-66 0
-1.24559e-47 1.08303e-46 0
1.86633e-31 1.09906e-31 0
1.21686e-62 3.47208e-63 0
-5.48718e-64 -2.37284e-62 0
-4.14321e-74 4.81172e-74 0
6.7522 17.1233 -15.1628
5.45879e-79 -6.20542e-78 0
5.4443e-79 -1.11486e-77 0
-7.77755e-67 -6.70268e-66 0
2.25768e-78 -2.4206e-77 0
-1.47896e-44 2.20575e-43 0
-1.14545e-69 4.08696e-70 0
-1.33654e-74 -3.52889e-74 0
-2.14897 22.4368 1.92203
-0.000335344 0.000110858 0
-11.5258 27.2008 -14.5398
-4.77787e-63 2.54957e-62 0
1.60262e-53 2.47966e-52 0
5.36976e-06 -22.8577 14.4118
4.42948e-20 -5.46081e-18 0
-1.66911e-74 -1.12155e-75 0
6.73665 6.38133 8.61837
-3.04932e-64 1.78551e-63 0
15.9772 -43.1474 6.94337
-1.00016e-16 9.72526e-16 0
-1.03684e-34 -3.07423e-35 0
-4.05884e-19 5.2008e-18 0
11.135 24.3112 -14.7733
-8.68683e-05 -8.7652e-05 -7.8803
9.24055e-08 -1.45429e-05 13.5097
6.15716e-06 -0.000260827 -6.98822
7.23466 -7.46436 -17.8014
-13.3726 -18.4335 -16.0439
2.58908e-06 5.7615e-08 0
5.03186e-44 1.80275e-44 0
-12.093 -16.3303 -15.8628
14.7808 9.50361 -15.2272
-1.51721e-12 1.25048e-12 0
3.1846e-67 9.75358e-67 0
7.68992e-09 -1.06308e-07 0
3.08586 25.8726 -10.3782
-1.64307e-65 4.2628e-63 0
-2.82234e-58 -1.16464e-57 0
2.02164e-54 7.57228e-54 0
-8.826e-66 1.95301e-64 0
5.62793e-55 8.70143e-54 0
-6.0909e-74 -2.46148e-73 0
-8.15012 -3.74765 -18.5386
1.97018e-75 -1.11148e-74 0
7.16326e-68 -3.3112e-68 0
5.11777e-71 -1.70944e-71 0
3.55149 -19.1664 -2.47797
-4.09981e-38 -2.22122e-36 0
1.10935e-66 2.03248e-67 0
-2.44053e-50 8.333e-50 0
50.3586 -0.0577825 67.936
6.03656e-76 -1.88208e-75 0
45.3501 -7.02609 6.29415
-3.87058e-67 -1.67365e-65 0
-4.50556 -36.9841 30.1576
-1.14939e-55 -5.71649e-56 0
5.77298e-08 -2.04484e-07 -7.87447
5.80346e-05 1.67079e-05 13.5289
4.04313e-05 -2.34378e-05 -6.97167
3.65838 23.4756 5.33094
-0.0292238 0.0168156 0
-9.65301e-67 -7.70855e-66 0
1.57539e-29 -1.38728e-30 0
5.58884 0.981799 -15.6532
30.1228 39.0473 24.3409
10.6749 24.329 0.226186
2.89116e-55 3.09663e-55 0
-7.66512e-65 -3.16297e-63 0
3.35387 21.6737 -7.66473
-1.55854 12.4506 -8.74257
6.52402e-51 -1.07601e-50 0
-1.71638 0.781399 -6.74297
-3.98616e-76 1.23398e-74 0
-7.77314e-77 9.08212e-77 0
-1.04896e-42 -1.21845e-42 0
1.11893e-52 1.73125e-51 0
-3.82276e-60 -3.05885e-59 0
1.48405e-25 -6.64317e-26 0
1.95668e-55 2.78722e-54 0
3.5007 -19.294 -2.15152
1.78897 -3.11025 -12.3001
3.64844e-75 -6.07458e-74 0
2.86439e-10 9.17313e-10 0
-2.60465 48.9808 -15.9056
1.08357e-70 -3.36404e-70 0
-8.47534e-17 5.95988e-17 0
-1.51798e-74 -1.69607e-72 0
2.14585e-41 -4.299e-41 0
7.43966 -34.7313 -1.84408
1.46899e-07 6.03831e-08 -7.88046
0.000150623 5.79328e-05 13.5101
1.30617e-07 3.83298e-05 -6.98863
5.08942e-22 -1.41619e-22 0
-1.59439e-67 -1.27565e-66 0
-25.689 54.966 -9.60402
-71.8818 3.14552 -8.30917
3.21916e-76 -1.39013e-75 0
2.58153e-71 2.56546e-71 0
-2.92924e-37 2.05985e-37 0
-5.54289e-61 -4.40066e-60 0
-3.34299e-76 -3.75443e-74 0
0.000121406 27.7567 12.1886
-4.42882e-20 5.46086e-18 0
2.76153e-76 -9.91002e-75 0
-2.29734e-64 -1.83637e-63 0
3.06338e-48 -3.10613e-48 0
-1.63255e-23 5.27453e-24 0
7.34074e-71 6.00361e-71 0
-2.0375e-66 7.98087e-67 0
7.98069e-78 -3.03877e-77 0
-11.4899 14.4702 -8.51815
-6.6327e-58 1.46768e-56 0
5.28823e-79 -6.49551e-80 0
1.41712e-77 1.16184e-76 0
-8.57665e-26 8.65424e-26 0
-7.67017e-72 -8.89088e-72 0
-6.91029e-76 5.49277e-76 0
7.82965 59.8145 -11.5398
-8.95268 -19.2494 -7.674
5.24933 20.457 27.7465
2.15557e-65 -2.79916e-65 0
-6.54992 -18.0106 40.7303
-2.62905e-69 -3.09718e-69 0
-2.03356e-10 -2.60388e-11 0
5.78801 -0.480033 -17.5022
-59.2048 19.1014 -8.90469
32.3377 -73.9455 -17.2435
38.3004 25.7588 15.9205
-84.3977 9.87724 12.0281
1.0788e-30 7.60302e-31 0
-1.03629e-29 4.38289e-29 0
-5.17124e-30 6.5903e-31 0
1.20224e-60 -3.25634e-60 0
2.18273e-27 -1.73279e-27 0
2.79871e-77 -2.13206e-77 0
6.21428e-80 5.81157e-78 0
-6.81637e-57 -1.5042e-56 0
9.83015e-77 -7.36811e-76 0
-3.85136e-69 -2.18169e-69 0
6.67424e-67 -1.53641e-67 0
-13.8018 -3.37583 1.53666
6.19681e-32 -2.01638e-32 0
-3.21402e-60 6.87586e-60 0
-33.9791 29.7086 -17.0156
2.00064e-15 -5.82514e-15 0
26.7791 3.15902 -10.5884
1.23138e-63 -3.36266e-68 0
-1.45347e-35 -1.4505e-35 0
4.93061e-68 5.28098e-68 0
-9.72039e-17 -4.87667e-17 0
5.03394e-12 6.36536e-12 0
1.37774e-48 -1.70833e-48 0
-8.15926e-32 -8.79074e-32 0
1.22119e-59 1.88098e-58 0
7.59166e-70 -9.39197e-70 0
2.55802e-70 2.73982e-70 0
3.70559e-72 8.43312e-72 0
-2.35441e-80 -1.63469e-79 0
8.05051 21.523 21.7766
6.76478e-47 1.20804e-46 0
-1.64877e-77 4.87282e-76 0
-9.30421 -111.776 3.22104
-3.15483e-63 -3.04333e-63 0
1.54414e-65 1.65264e-65 0
-9.05181 -26.14 32.8051
5.02024e-74 -3.23354e-74 0
14.6015 34.6599 -16.2296
4.67678e-30 2.73386e-31 0
12.6382 17.8636 -13.0237
-1.47153e-17 1.046e-17 0
-1.92965e-60 -1.54407e-59 0
4.29618e-28 -2.02511e-27 0
-34.534 -8.21746 -0.646499
-36.2341 3.23007 -16.6403
-5.07733e-52 3.57039e-52 0
-8.65713e-50 -3.20379e-49 0
4.48732 -7.75925 -16.7643
11.3659 42.4455 -14.5038
25.8312 3.08893 -10.3675
1.22995e-63 3.14354e-68 0
-14.25 13.245 9.99981
-1.49775e-33 -1.47261e-34 0
1.16718e-33 8.45556e-34 0
4.25361e-23 -1.74681e-23 0
-9.73938e-16 -4.97401e-15 0
-3.06595e-74 -1.42603e-74 0
5.83217e-78 5.32557e-77 0
-37.676 35.7318 50.4718
-1.11847e-48 7.86512e-49 0
-5.29844e-61 -2.29106e-59 0
-7.06081e-63 -5.64986e-62 0
-8.68978 -46.4908 -5.00238
13.1669 63.0432 12.7101
-1.90622e-30 -1.13998e-30 0
-4.70938e-33 1.96282e-33 0
-57.3236 -8.89781 27.2688
1.2264e-26 -4.35001e-27 0
-2.18155e-78 7.81661e-79 0
16.6372 -95.5533 5.39617
31.0774 -19.423 38.4093
42.501 16.1054 43.1016
-1.01312e-51 6.40428e-52 0
-3.80493e-59 -1.89238e-59 0
-3.24734e-38 2.28354e-38 0
27.84 -7.79043 -16.0872
-5.62766e-15 1.31265e-14 0
43.2682 -3.26157 8.03124
21.7495 73.1746 6.99952
30.3336 10.4928 16.9123
-36.8094 22.4693 8.20143
-3.01329e-60 -2.4112e-59 0
26.9029 -1.11059 -10.202
1.22916e-63 8.1478e-68 0
2.52686e-58 2.70633e-58 0
-37.3696 -7.05092 -17.1126
-2.60583e-37 -2.39158e-37 0
2.21376e-64 1.95531e-64 0
38.4534 76.3543 -0.93351
17.7258 -30.493 -7.45938
-0.059728 16.9951 20.5731
-35.2327 -48.951 67.1394
-1.24839e-69 1.54871e-69 0
6.57439e-66 5.32267e-66 0
1.8036e-76 7.31852e-77 0
-3.07343e-38 -1.70472e-37 0
2.87116e-30 -2.38904e-30 0
4.43869e-25 -3.33911e-24 0
-14.8387 -38.3544 -15.0945
-7.63854e-49 5.37144e-49 0
34.1287 20.3969 6.80986
9.73641e-31 5.78209e-31 0
37.2688 6.68001 -12.4274
5.13507e-76 -1.93575e-75 0
-3.93686e-77 1.32471e-77 0
16.8219 -39.9925 -18.1387
1.41101e-52 2.18318e-51 0
-2.17909e-61 4.82187e-60 0
2.54114e-71 6.40863e-71 0
1.31288e-75 9.9888e-75 0
1.25679e-17 -1.35552e-17 0
-8.58798e-74 -1.10904e-73 0
1.018e-37 3.24073e-38 0
156.873 18.3446 -8.57804
1.07124e-57 4.01243e-57 0
13.6179 -36.8347 -3.63298
5.63439e-30 -3.26743e-30 0
-8.55577e-70 -6.74598e-69 0
-24.8686 -46.6036 25.2048
-1.86235e-76 -2.68821e-76 0
-1.86992 21.7245 -9.93134
-1.1471e-22 1.86492e-21 0
-1.07275e-38 6.01575e-39 0
-1.57144e-73 -2.35776e-73 0
-4.63823 20.1119 -13.1899
-7.32147e-65 -6.70512e-65 0
-5.16944e-78 -4.25841e-78 0
6.98312 49.1867 -18.154
0.852924 28.2831 -1.51663
-27.6212 -4.21269 -16.2578
-8.04377 -1.93319 -13.1603
1.68449e-78 -9.86863e-80 0
-2.02563e-74 -2.39342e-74 0
-4.62368e-63 5.73599e-63 0
-4.5219e-10 9.94158e-11 0
-2.11662e-64 -9.13703e-63 0
-7.34026e-45 6.06872e-45 0
-20.1934 3.54072 -2.51503
-1.23123e-63 -3.18618e-68 0
48.6109 20.5386 6.93075
6.05165e-74 1.32341e-73 0
-1.31982e-77 -2.34307e-78 0
-4.21467e-32 1.96213e-32 0
1.18283e-55 1.83012e-54 0
-3.61359e-41 -4.65651e-41 0
10.5845 47.2738 62.0637
-9.60878 -3.11492 -18.5379
-1.025e-63 -4.43213e-62 0
-2.5453e-41 6.21354e-41 0
-1.62521 -22.1294 -11.5928
2.27331e-76 -1.73103e-76 0
-4.96887e-29 3.49412e-29 0
50.6391 -20.8927 -19.0188
-2.72261e-70 -3.2074e-70 0
-6.82361e-69 -2.95055e-67 0
3.39773e-47 5.25715e-46 0
-8.78652e-78 5.44642e-78 0
-2.42392e-64 -1.04814e-62 0
-1.52483e-64 -6.59344e-63 0
14.8326 9.92579 9.79509
-16.0391 12.1199 -11.9409
5.21015e-29 -1.76171e-30 0
-1.74703e-72 -4.03355e-73 0
2.20289e-54 -1.73761e-52 0
2.01601e-62 1.7357e-62 0
-70.406 -5.99455 18.5361
-23.9658 -23.0226 -15.454
-35.1154 -24.4943 -15.2881
25.0009 -3.0418 -6.95867
-9.76855e-26 6.86927e-26 0
-19.2485 3.50299 -2.14172
-1.08638e-33 -9.11091e-35 0
-4.98065e-64 2.4415e-64 0
-6.97242e-31 4.90302e-31 0
-5.79484e-25 3.05851e-26 0
-1.21215e-62 -6.02864e-63 0
-7.65606e-42 2.0122e-43 0
6.55026 10.9827 -11.4273
-25.7552 -21.5678 -4.78663
29.659 -19.4693 -6.32224
3.62768e-60 5.61291e-59 0
7.26855e-60 1.10087e-58 0
-6.28491 -15.7376 -8.14345
8.82987e-78 -4.62718e-77 0
3.98333e-49 -4.16367e-48 0
-6.19569e-74 1.26041e-73 0
-21.9282 -3.58852 -12.1606
-8.27816 2.61619 -3.74922
6.68371e-58 7.15871e-58 0
-37.5514 10.1857 66.9114
0.0179099 0.00763434 0
1.0006e-65 1.07144e-65 0
27.1447 -69.8468 -17.5196
-1.84073e-75 -1.87278e-75 0
-26.3274 1.70698 25.5325
7.70003e-14 -3.14091e-14 0
2.32498e-53 2.86589e-53 0
5.30863e-57 8.21381e-56 0
5.80616e-71 -1.93938e-71 0
-3.66397e-75 -5.18664e-75 0
-1.7911e-58 -2.99052e-58 0
2.46864e-50 3.81962e-49 0
2.06386e-50 3.19331e-49 0
-20.1212 -0.88014 -1.24085
-1.23123e-63 8.63216e-68 0
-2.89361 10.3494 -17.6472
-35.0594 -0.759391 -8.86067
-6.81029e-75 -6.62255e-74 0
1.05121e-62 1.69968e-62 0
8.92073 -65.2829 8.44755
11.936 -8.21621 -10.5164
-8.51778e-47 5.86547e-47 0
-2.17762e-25 -2.64523e-25 0
5.37607e-58 6.09405e-58 0
-1.80231e-77 1.73714e-77 0
-1.20662e-79 4.63456e-79 0
3.10645e-54 1.84037e-54 0
-1.11006e-58 -4.01322e-59 0
-2.40431e-39 1.69072e-39 0
-0.0631462 0.0347237 0
-1.92711e-25 8.01981e-26 0
-4.74442e-20 -2.32951e-20 0
-0.00135226 0.000780646 0
-14.5451 16.0472 -12.1025
9.28998e-54 1.46756e-55 0
-1.85133e-12 -2.12482e-12 0
2.10291e-22 1.3848e-23 0
-1.5701e-72 1.25546e-71 0
9.24543e-48 -5.0068e-48 0
2.17598e-64 2.82079e-65 0
2.6756 72.5243 36.3788
-1.72126 -4.13165 -12.0992
2.43187e-61 2.60469e-61 0
-5.93624e-71 -1.80398e-70 0
-5.6486e-72 4.43937e-72 0
2.26674e-78 -4.33193e-77 0
1.30807e-78 -5.08724e-78 0
-1.61134e-63 -1.38897e-62 0
3.59778e-79 -2.88576e-78 0
-1.1705e-44 2.21096e-43 0
2.85831e-73 -1.65423e-73 0
-17.4108 -28.9272 -4.77712
0.853191 31.4906 -4.79111
8.96599e-60 3.3364e-60 0
11.5507 24.8139 -16.5213
-3.20918e-30 1.6248e-29 0
-2.09391e-64 -2.20063e-63 0
5.22299e-06 -22.8577 14.4118
4.42972e-20 -5.46077e-18 0
9.83046 14.7303 4.90409
1.91965e-75 8.88634e-77 0
-5.09006e-66 2.71664e-65 0
20.1645 -43.2423 10.0965
3.9761e-59 4.25867e-59 0
-2.9143e-46 2.04934e-46 0
18.9944 -25.5735 -0.958799
5.84327e-07 3.77745e-07 0
0.000113358 -0.000113541 -7.88023
2.29219e-08 -1.45569e-05 13.5097
0.00015133 -0.000368318 -6.98802
1.46058e-29 -2.64926e-30 0
-5.09319e-33 1.00047e-32 0
23.9001 7.07478 2.4439
1.97044e-42 7.40798e-43 0
-1.99281e-56 2.55052e-57 0
26.2969 -45.9438 -15.6205
7.88326 3.23706 -10.3405
1.10906e-19 1.71849e-19 0
8.80889e-10 -1.2358e-08 0
3.08821 25.8704 -10.3795
-8.68693e-64 1.61387e-61 0
7.14543e-76 4.00425e-78 0
1.08096e-54 4.04884e-54 0
2.60642e-64 5.20284e-64 0
16.9469 -11.1344 -5.47333
7.19739e-28 -1.43931e-26 0
-6.87211e-63 9.82195e-63 0
3.11453e-40 2.77224e-40 0
-1.16907e-68 -3.13432e-69 0
6.956e-69 7.42667e-69 0
3.55158 -19.1665 -2.47839
-4.10058e-38 -2.22096e-36 0
-1.14642e-19 -1.78102e-19 0
-2.18767e-48 -4.67454e-50 0
-43.3487 -66.7544 45.0809
-3.6061 14.1051 -8.39734
15.3405 19.0037 -17.2473
1.973e-44 1.80868e-44 0
20.2223 -33.947 7.22276
3.97073e-08 5.7719e-08 0
3.45966e-07 -3.37219e-07 -7.87447
2.02171e-05 5.82193e-06 13.5288
5.96053e-05 -5.1483e-05 -6.97163
7.89688e-68 -6.01255e-68 0
-1.10034e-15 3.85266e-15 0
-6.97167e-77 1.95607e-77 0
2.67185e-30 -3.02825e-31 0
5.27247 0.896364 -14.9109
1.8865e-66 3.57159e-66 0
17.0064 26.1175 6.5801
9.36925e-30 2.04229e-29 0
-3.72559e-72 -1.61587e-70 0
3.35408 21.6733 -7.66541
-1.55814 12.4503 -8.74242
-2.4909e-45 1.75161e-45 0
-1.52929e-59 -3.15846e-60 0
3.39158e-78 -9.54938e-78 0
3.63766e-37 4.80692e-36 0
7.06608e-75 -2.07357e-74 0
-5.1849e-45 3.64604e-45 0
-1.20532 -0.141447 -16.2771
2.41756e-22 5.67086e-22 0
1.65752e-73 3.01173e-72 0
3.50245 -19.2926 -2.15425
1.7691 -3.12385 -12.2903
-3.9859e-67 -9.20265e-68 0
9.16121e-70 1.06146e-69 0
5.45035e-77 1.6488e-76 0
-22.3405 0.855556 6.19864
4.60541e-34 -1.70428e-31 0
-6.23173e-72 -2.70249e-70 0
-1.73128e-38 -1.96127e-37 0
-3.64061e-43 -3.83112e-43 0
2.07256e-05 -4.0553e-06 -7.88023
9.26637e-05 4.12269e-05 13.51
4.00963e-05 4.73987e-05 -6.98839
-7.40542 34.6814 -16.7173
-93.9185 -46.0796 -14.7343
-28.075 -9.13277 -1.69989
-2.09053e-61 -1.85623e-60 0
-3.6143e-18 -7.40843e-18 0
17.6216 14.8961 2.19452
3.07101e-64 1.98838e-64 0
-25.8802 -3.1493 51.058
1.38239e-62 1.54694e-62 0
0.000108874 27.7567 12.1885
-4.42905e-20 5.46082e-18 0
-9.13811e-75 -9.56575e-74 0
-1.18869e-64 -9.3524e-64 0
-9.96191e-42 -1.33945e-40 0
1.84574e-48 -1.34611e-48 0
8.11989e-13 2.4785e-11 0
1.49653e-66 1.30702e-66 0
33.895 12.2698 2.91179
-3.60215e-61 -1.55758e-59 0
-1.01969e-60 2.25636e-59 0
3.52955e-79 -1.32317e-79 0
-1.10258e-38 -2.73721e-39 0
8.58648e-76 1.95363e-75 0
-6.76913e-72 -8.06715e-72 0
5.08347 -1.01066 48.8983
-1.31211e-65 -5.67361e-64 0
2.31428 -25.5971 -3.85593
-2.53318e-24 -9.32918e-24 0
-9.22142 18.0698 -17.7714
67.4195 100.596 14.3211
1.02269e-76 -7.79035e-77 0
-27.1039 -28.4122 -8.34096
1.1145e-49 1.03904e-49 0
-1.19335e-67 -5.16008e-66 0
-1.57396e-78 -1.07232e-78 0
4.36039e-76 -2.41283e-76 0
1.86205e-73 -1.41773e-73 0
-8.76946 53.4207 -17.137
-3.62968e-11 -1.54755e-11 0
-5.84286e-41 1.84401e-41 0
80.5312 -39.6004 -8.93222
6.40153e-24 -5.08194e-24 0
1.18667e-77 -8.95367e-78 0
-2.10488e-79 6.39733e-78 0
-1.2692e-70 -5.48808e-69 0
-3.53933e-76 -1.53499e-74 0
-0.000203446 -0.000589883 0
3.39506e-55 3.49576e-55 0
-8.91522e-18 6.2692e-18 0
2.64374e-68 -8.04692e-69 0
-3.46125e-72 -1.50835e-70 0
9.8061e-63 1.05014e-62 0
-0.314982 0.867678 0
26.7833 3.15965 -10.5832
3.62813e-08 2.11722e-09 0
-1.21446e-21 -1.20505e-21 0
-1.24492e-05 -1.17392e-05 0
16.6092 69.8887 -11.4418
-22.9627 -45.2569 40.507
-57.049 -1.45407 -11.3619
-34.2798 -6.93444 -11.6856
1.05827e-08 1.98904e-08 0
1.59084e-73 1.62116e-73 0
1.49989e-51 1.3909e-51 0
-19.5399 -51.2531 9.05399
-8.04268e-61 -6.43548e-60 0
15.7656 55.3568 17.0184
2.8136e-59 5.95987e-59 0
54.1194 64.1392 55.0238
-38.6498 -27.7429 -12.1475
-1.12175e-49 7.88817e-50 0
1.54703e-61 1.65698e-61 0
4.41146 -54.8545 -14.839
29.5978 -11.2353 68.2703
-4.28337e-67 -1.85214e-65 0
2.81643e-53 1.03663e-53 0
-0.360774 19.7327 -11.803
12.6409 8.57409 9.25124
-8.7221e-69 -3.77148e-67 0
-4.29883e-25 6.68012e-26 0
-1.34514e-78 -1.64926e-78 0
9.65978e-63 1.03446e-62 0
-7.86333e-68 3.41538e-66 0
-3.62506e-68 -2.9704e-67 0
6.95221 22.6309 2.56956
-9.1912 20.8159 14.2133
25.8342 3.08892 -10.3635
14.0207 0.0646229 -14.657
-4.68343e-21 -1.47311e-21 0
2.28469e-64 2.44706e-64 0
9.90744e-72 -8.70299e-73 0
9.3766e-72 -7.85573e-71 0
1.04826e-14 -2.22665e-15 0
-61.4 57.5867 -2.14137
-3.16918e-43 -1.6526e-43 0
-1.11007e-33 -2.75579e-34 0
28.9363 49.099 -18.5029
-4.04353e-61 -1.74844e-59 0
2.61053e-72 4.94234e-72 0
23.9242 -40.6423 2.79283
-1.58201e-06 -1.6169e-06 0
-19.0804 -9.34358 -17.14
2.43906e-73 1.4542e-73 0
2.48267e-31 1.15455e-30 0
1.25136e-28 -1.31161e-28 0
-3.02161e-61 -1.30655e-59 0
1.10784e-77 2.67995e-78 0
7.47307e-10 5.05419e-10 0
-112.507 92.8739 91.4615
9.99588e-32 -7.93537e-32 0
77.0406 -41.0658 12.8757
1.86699e-63 2.72696e-62 0
-3.43417e-79 4.28374e-78 0
1.91818e-76 -3.26519e-76 0
-42.7115 39.2867 -7.50418
1.94338e-42 -1.13403e-41 0
48.5412 35.7824 9.25752
0.555241 -12.0631 -19.0071
3.38096e-77 6.9067e-77 0
26.9075 -1.11187 -10.1966
2.43632e-42 1.05004e-43 0
-26.3079 41.7 -6.78287
-7.61403e-67 -8.96979e-67 0
-15.7009 15.2359 -3.57332
-2.47326e-08 -2.64777e-08 0
-4.01063e-09 -1.09126e-08 0
1.983e-57 -1.97917e-57 0
22.0454 10.1784 -17.7325
-1.0025e-68 -3.19971e-70 0
-2.76773 -12.8206 28.8609
7.70877e-69 6.24107e-69 0
1.25676e-32 2.15397e-32 0
-1.25187e-40 -6.30196e-40 0
-3.01001e-44 1.94832e-45 0
7.11464e-41 -1.64458e-41 0
-8.9172e-75 -1.217e-74 0
-3.64122e-53 -1.40031e-53 0
17.2763 7.51288 -18.0693
3.9006e-07 9.44157e-07 0
1.25212e-68 1.33948e-68 0
-7.13262 -3.13538 -3.56474
-3.4505e-77 3.1203e-77 0
-9.14401e-70 4.44701e-70 0
1.55219e-41 1.96452e-41 0
10.3746 7.50328 -7.86136
1.26958e-53 1.09305e-53 0
5.07108e-76 2.44797e-75 0
-9.15609 12.9307 13.5679
2.88761e-77 -2.93806e-77 0
1.79174e-68 1.91651e-68 0
-2.57015 31.7936 -15.7504
-3.5773e-68 -1.54684e-66 0
3.88593e-69 -4.69651e-69 0
-3.03797e-69 2.38762e-69 0
1.11128e-43 -2.70922e-43 0
9.32943e-16 -1.81342e-15 0
4.46702e-78 1.638e-78 0
1.10426e-78 -4.89814e-79 0
-1.27932e-70 -1.02362e-69 0
3.153e-78 -7.36111e-78 0
5.51738e-26 -5.21401e-26 0
-6.17507e-75 3.91408e-74 0
-3.07686e-68 -2.82233e-68 0
-5.16396e-78 -4.23285e-78 0
7.01322 49.2025 -18.1907
0.818207 28.4013 -1.71326
7.4663e-33 -1.26567e-32 0
-9.17175 8.29301 -14.4878
31.6783 25.788 -18.6163
3.84612 36.2986 -5.77948
4.57914e-06 3.5737e-06 0
44.1321 56.3187 -12.0574
1.67298e-21 2.67047e-20 0
6.77607e-59 7.25763e-59 0
-20.1944 3.54018 -2.51562
-1.88687e-63 -4.69701e-68 0
1.73647e-53 3.31357e-52 0
-4.15026e-53 1.87001e-52 0
-4.80466e-70 -7.20885e-70 0
-2.55732e-59 -2.53617e-59 0
-1.73397e-11 1.87174e-12 0
-2.58815e-16 -6.71021e-16 0
-1.10357e-65 1.36905e-65 0
4.37851e-53 8.11548e-52 0
-3.3906e-74 -1.4667e-72 0
-5.66608e-38 1.45974e-37 0
-12.6635 -18.0719 -10.9678
1.21378e-72 -2.10477e-73 0
6.09498e-57 -4.3402e-57 0
5.21168e-69 -3.48633e-69 0
-2.82592e-13 1.98719e-13 0
3.59465e-57 -6.50124e-58 0
22.4192 50.7574 -8.19021
-1.50222e-61 -6.49564e-60 0
26.9861 2.76426 6.78075
1.07803e-71 7.3501e-72 0
12.7241 13.0839 17.3316
-16.0375 12.1117 -11.937
-8.06178e-74 -3.1551e-74 0
3.47364e-39 7.13132e-39 0
1.58576e-46 2.47267e-46 0
-2.29322e-17 1.6126e-17 0
-2.17957e-76 -1.6709e-76 0
-6.08862e-14 -3.29992e-14 0
-7.21321e-54 -6.89966e-54 0
3.59487e-61 3.85025e-61 0
1.48057e-47 2.21749e-47 0
-19.2477 3.50264 -2.14217
-1.23335e-63 6.06082e-68 0
-4.07948e-72 -2.66322e-73 0
43.9469 28.4842 -13.0689
3.63119e-77 -2.97471e-77 0
2.96703e-14 2.94576e-14 0
-2.17384e-46 4.99852e-47 0
8.11789 40.0951 -10.0533
6.32973e-78 5.46735e-77 0
-1.93864e-46 -1.59092e-47 0
5.39803e-50 8.35213e-49 0
9.15177e-67 9.80217e-67 0
-6.28905 -15.7277 -8.13995
54.1984 36.7947 -15.1615
-16.512 -13.2181 -10.9823
3.16373e-52 -1.6185e-52 0
7.80853e-66 -2.1731e-66 0
2.3751e-56 3.67487e-55 0
14.3599 -19.7034 14.4506
12.2932 -8.47085 -16.7403
-10.7335 -6.45376 -15.884
-14.2573 -13.8487 -10.927
7.34807 -70.6515 -15.5501
4.68572e-19 -8.63612e-19 0
5.27984e-74 -5.08781e-74 0
3.81674e-61 -3.10101e-60 0
63.7804 50.3187 6.29314
-48.2891 -73.3291 10.5128
-8.47796e-54 3.76098e-52 0
-2.22507e-72 -9.92207e-71 0
-3.16227 29.4744 -10.5811
2.79189e-59 2.9903e-59 0
-40.2266 26.3916 8.07466
-20.123 -0.879544 -1.24135
-1.88683e-63 1.71464e-67 0
5.20138 27.7962 7.92068
-36.7071 -0.467503 -10.2641
-8.36937e-60 -8.60388e-59 0
6.13914e-78 -1.13849e-76 0
2.88828e-55 4.4689e-54 0
-7.17291 -13.6055 -16.7629
-7.11506e-68 -3.83454e-68 0
-16.2315 -2.39506 -11.6701
2.03706e-53 3.15185e-52 0
-1.17373e-77 1.12259e-77 0
2.48167e-78 3.61242e-77 0
9.91342e-56 5.84658e-56 0
-7.14308 1.9226 -17.2746
5.08134e-72 6.19535e-71 0
-1.04559e-64 -8.36652e-64 0
-3.87476e-63 -2.80602e-63 0
2.50447e-77 1.47252e-76 0
-6.02112e-39 4.23406e-39 0
-17.665 -10.6048 -10.114
-2.01824e-62 -3.89683e-61 0
-4.10121e-20 -4.51056e-20 0
-19.0434 -13.0209 -13.6846
-8.18428 -29.4425 10.894
0.0322767 0.0206876 0
27.8662 -6.09262 3.23533
3.44996 84.8624 -7.74846
48.9213 7.20734 -16.0377
4.70909e-67 4.05446e-67 0
0.230587 22.1352 -16.7843
12.9 37.5429 34.3396
6.12629e-79 -1.1147e-77 0
7.60882e-79 -9.35323e-80 0
-1.39064e-60 -1.19872e-59 0
1.58224e-73 -5.16354e-73 0
-6.50371e-46 1.6814e-45 0
2.27461e-78 -2.65399e-78 0
5.32851e-61 -2.77453e-60 0
6.32913e-76 9.0579e-76 0
12.6881 38.9292 3.61734
-8.77876e-52 3.72369e-50 0
8.39414 43.0254 15.0461
-1.76299e-64 -1.41068e-63 0
2.08349e-05 -22.8682 14.4055
4.47313e-20 -5.46026e-18 0
-1.81655e-38 1.2774e-38 0
1.3074e-75 -1.03313e-74 0
-9.35832e-58 2.0708e-56 0
-8.90194 -52.5917 7.97998
-4.34921e-55 5.38414e-52 0
-1.25854 -9.80898 49.9392
-21.271 -21.3796 32.0086
-2.41422e-44 -9.54898e-45 0
0.000210362 -0.000120218 -7.88093
3.35374e-06 -1.46601e-05 13.5088
0.000178408 -0.000149386 -6.98931
-1.32377e-16 -5.10735e-17 0
2.33982e-48 -2.38074e-48 0
-5.09848e-35 1.10812e-34 0
2.37976e-39 2.0286e-39 0
2.71868e-59 1.78869e-59 0
-3.06642e-17 2.15631e-17 0
-2.53864 30.327 -1.82723
32.7844 -12.8667 37.5203
2.5737e-11 -3.96097e-10 0
3.08707 25.8835 -10.388
-2.03208e-26 4.60331e-25 0
-1.65504e-46 1.10216e-48 0
9.19818e-52 3.44527e-51 0
1.48306e-76 5.64643e-76 0
-5.97282e-46 -8.06329e-46 0
-2.65723e-40 8.07273e-39 0
16.2439 6.06229 2.35576
6.97839 14.78 -14.6077
-16.9976 -2.83545 18.4687
2.8341e-71 -9.46649e-72 0
3.55133 -19.1834 -2.48344
-2.66232e-38 -1.44445e-36 0
-1.44811e-51 1.02002e-51 0
4.79992e-72 3.35376e-72 0
17.7108 1.04798 14.7523
-6.95441e-78 4.55308e-78 0
-7.0132e-37 -1.31378e-36 0
114.417 -14.177 25.3488
3.46347e-75 1.35257e-76 0
-5.3724e-75 -5.33192e-74 0
7.26726e-07 -2.66963e-07 -7.87529
3.20128e-06 4.72376e-09 13.5278
2.05212e-05 -8.3893e-07 -6.97267
1.41875e-23 -1.61774e-23 0
2.12106e-30 -1.03648e-30 0
6.49566 -1.9198 -17.3109
2.71413e-13 2.12128e-13 0
0.0226447 0.022329 0
-2.3877e-21 -2.73428e-21 0
-6.54561e-47 -5.41464e-46 0
-17.5405 3.1051 4.81384
4.56071e-57 7.05658e-56 0
3.3539 21.6896 -7.67282
-1.55723 12.4453 -8.74162
-4.01545e-18 2.78806e-18 0
2.36011e-41 7.15416e-41 0
-4.14531e-59 7.64201e-57 0
5.47367e-65 3.20625e-64 0
4.48834e-16 -1.8643e-16 0
1.3345e-75 1.02034e-74 0
-1.07491e-54 -9.26568e-54 0
56.4465 -32.6115 -0.556691
20.0056 26.9234 -4.77479
3.50095 -19.3083 -2.16101
1.94934 -2.91153 -12.435
-3.1304e-69 -3.49759e-67 0
-7.42642e-58 1.64331e-56 0
10.8559 26.0259 -17.388
-6.16407e-22 3.25339e-23 0
-4.62938 -19.1101 -15.4929
-0.181702 3.70663 -13.7598
-2.61173e-28 -6.00946e-28 0
-2.67586e-17 2.597e-17 0
7.31263e-05 -3.01085e-06 -7.88095
3.90767e-05 7.63008e-06 13.509
0.000188823 3.91377e-05 -6.98927
8.27018e-69 1.88212e-68 0
-1.24112e-64 -9.931e-64 0
2.5049e-68 2.68094e-68 0
-1.3339e-07 -1.22107e-07 0
20.8981 0.627453 -6.82556
36.5141 -51.1814 -2.06532
-1.70981 -29.8552 -9.80575
7.97099e-78 1.89031e-78 0
-6.73549 21.6379 -14.1527
1.90112e-05 27.7661 12.181
-4.42991e-20 5.46063e-18 0
-1.73571e-75 -2.27468e-74 0
-1.2092e-69 -9.55838e-69 0
-4.28267e-53 -2.48471e-53 0
1.94776e-68 -2.09454e-67 0
-1.0093e-21 7.09741e-22 0
2.13258e-09 -5.40914e-11 0
-267.144 -113.774 104.227
-32.3307 -12.8925 -4.65827
-3.49145e-64 7.72586e-63 0
-5.08978e-78 8.7524e-78 0
1.52032e-77 1.14151e-76 0
3.11769e-76 1.64546e-76 0
-5.21464e-73 -7.55846e-73 0
-3.54751e-32 -6.3041e-33 0
2.31268e-76 9.29616e-77 0
-10.7949 -27.5079 4.35576
-7.44515e-37 -3.27969e-37 0
2.82129e-33 -2.34754e-33 0
-1.00048e-69 -4.32622e-68 0
8.54506e-63 9.15138e-63 0
-1.45056e-13 -1.19533e-13 0
-2.70708 23.1986 -11.4782
-3.97864e-64 -1.72038e-62 0
2.64358e-76 -5.95602e-76 0
8.30488e-73 -7.62518e-73 0
-0.00828562 18.199 85.3372
-7.43745 -18.5691 -3.91115
-1.34977 24.08 -12.7963
9.86511e-77 -2.42323e-76 0
1.54582e-68 1.65442e-68 0
9.90914e-28 -7.86651e-28 0
1.18752e-77 -9.00376e-78 0
-1.39737e-77 3.76879e-77 0
-2.20133e-76 -2.15442e-76 0
2.4146e-44 -8.1822e-43 0
3.61784e-71 -1.8678e-72 0
3.45127e-79 -2.7122e-78 0
35.9017 -10.5594 -2.97192
47.7718 -0.771631 -13.1533
4.95493e-67 5.30706e-67 0
0.00247654 0.00201629 0
7.84472 -31.0852 -10.793
-32.2182 21.1128 -8.85186
1.86017e-22 -2.2578e-24 0
-15.1137 10.2859 -16.2126
-1.01419e-64 6.7941e-66 0
-45.9107 46.1364 6.34969
6.88463e-77 -1.80539e-77 0
53.6076 14.6488 3.78521
-8.37343e-60 1.34564e-59 0
1.3773e-54 -2.51065e-55 0
1.78744e-28 -1.23821e-28 0
6.33463e-73 6.97593e-73 0
4.9982e-21 1.63802e-20 0
4.33161e-25 -1.79005e-24 0
-24.4092 12.2525 16.7593
6.115e-53 1.07793e-51 0
-3.37295e-54 -8.07573e-55 0
-5.67762e-35 5.76707e-35 0
4.76995e-62 1.0648e-61 0
-2.59764e-70 -1.12323e-68 0
-6.54389e-58 1.44803e-56 0
-2.58603e-38 1.8185e-38 0
1.98441e-68 2.12305e-68 0
1.81433e-77 -1.04611e-77 0
-47.1599 36.4441 11.6766
-3.39949e-76 1.22212e-76 0
1.98845e-68 2.1286e-68 0
-1.56173e-26 1.99029e-27 0
-1.85457e-42 5.50906e-42 0
-2.31026e-67 -9.98965e-66 0
-3.72038e-77 5.62529e-77 0
-34.4321 10.1053 -11.3581
-3.85908e-74 -1.66877e-72 0
-2.22403e-61 4.92133e-60 0
-19.0534 19.0542 -0.726216
1.26088e-06 1.22005e-08 0
1.02417 -30.8092 -10.095
1.03406e-25 -9.46449e-25 0
4.42946e-61 4.74408e-61 0
2.47979e-76 -4.85105e-75 0
2.38297e-71 -7.20614e-72 0
18.0882 1.36805 -0.818705
27.0222 24.4985 -4.83422
-64.5966 49.2746 4.59311
2.19227e-56 1.15265e-56 0
42.6053 43.0933 16.5682
-58.7327 -11.7106 12.4855
-32.9268 26.1713 -2.50812
-5.47661e-72 -4.38223e-71 0
-11.7113 -13.0241 -4.66087
-1.12717e-12 2.20789e-13 0
3.37193e-47 6.21469e-47 0
9.10524e-68 1.73254e-68 0
8.61233e-69 6.68574e-68 0
-44.6365 -33.1779 -18.0827
8.00756e-70 1.46709e-70 0
-49.19 39.9976 18.2939
-28.7027 20.9998 -13.2843
146.23 -39.2686 32.0133
1.18724e-56 1.83696e-55 0
-6.37985e-57 -7.25813e-58 0
7.10867 -70.1295 7.74842
-0.280677 -40.78 7.93712
1.02249e-27 -2.3633e-26 0
-2.3822e-67 -1.90026e-66 0
4.20368e-71 1.28592e-70 0
1.38143e-68 1.47883e-68 0
-34.033 -1.61171 -1.99799
1.69676e-33 5.72089e-35 0
35.0786 42.6102 122.835
9.68697e-66 8.34005e-66 0
7.3861e-78 2.68314e-77 0
-1.12746e-65 -3.41067e-64 0
3.38625e-71 -1.0814e-71 0
-0.134943 -13.1197 -1.46668
-1.07719 -14.2353 -8.35533
-1.07828 50.4519 4.19001
5.48587e-59 8.48802e-58 0
3.38477e-72 2.74033e-72 0
2.13571e-77 4.37182e-78 0
-21.8552 -11.4872 -11.3343
1.11639e-70 -2.65952e-69 0
18.3051 20.9832 -12.1701
37.4446 11.211 -17.9499
4.24019e-76 4.45607e-75 0
-9.70481 25.2715 42.4998
-7.81617e-20 8.62747e-21 0
2.10023e-76 -4.43534e-76 0
8.0327e-63 2.46885e-63 0
-4.24015e-71 3.89431e-71 0
-19.19 16.9493 -4.16212
6.95748e-64 7.43978e-64 0
-5.56574e-49 3.91384e-49 0
-2.41577e-28 4.4959e-28 0
4.78207e-61 4.11715e-61 0
-4.73359e-25 -5.42069e-25 0
10.3 39.5827 -7.26125
-4.73276e-17 -5.72246e-17 0
31.751 32.8628 -0.73185
7.56856e-70 8.10187e-70 0
5.99997e-68 -7.352e-68 0
-4.57653e-75 -3.40524e-74 0
3.61912e-61 3.87618e-61 0
-2.59609e-67 -1.12256e-65 0
2.1357e-63 2.34245e-63 0
1.53503e-58 1.64412e-58 0
4.66517e-71 -1.14795e-70 0
2.78316e-67 2.97974e-67 0
-20.7494 -19.2708 -14.6997
-5.47885e-46 4.3265e-46 0
-3.47002e-66 -2.77545e-65 0
-3.52688 15.4588 11.9418
-12.6347 40.5434 -10.4756
-6.8546 15.5286 -16.2798
1.76741e-59 -1.98607e-59 0
-1.87673e-69 8.38616e-69 0
86.9314 -49.4676 4.0146
8.58556e-66 9.19338e-66 0
5.32943e-20 3.68537e-20 0
-3.47601 -45.8 -5.83474
-11.274 17.5248 8.80139
5.78699e-30 -1.26016e-32 0
-21.2068 3.48419 -2.6757
-1.88778e-63 -4.10613e-68 0
-1.43067e-13 -2.36639e-13 0
-2.6454e-67 3.55619e-68 0
-4.07304e-53 1.03757e-52 0
4.38914e-78 2.38461e-78 0
-8.93795e-34 1.88099e-35 0
-39.7921 2.76866 -9.37756
8.12601e-38 1.46245e-37 0
40.638 65.6869 5.37131
2.46384e-50 3.81218e-49 0
202.612 -121.276 -2.57839
-3.08157e-60 -2.46577e-59 0
5.04754e-79 -4.26263e-78 0
1.33395e-79 -4.76093e-79 0
2.97125e-46 1.11776e-46 0
-9.66595e-41 -1.3042e-40 0
-100.183 70.6408 96.3793
2.00037e-62 2.14234e-62 0
2.80559e-72 -9.61642e-72 0
-1.90466e-49 1.33937e-49 0
-12.2853 8.35279 8.4586
-36.2498 49.5503 45.4307
-15.2878 17.8069 -14.6652
-9.94003e-49 6.98985e-49 0
1.22858e-42 -6.15851e-43 0
-5.76971e-67 -2.49484e-65 0
2.41117e-44 6.74569e-44 0
1.20746e-75 2.70645e-75 0
-4.32497e-64 -3.59343e-63 0
13.1928 15.2736 -18.4947
1.48264 4.88466 12.8011
8.88614e-56 2.97773e-57 0
-20.2366 3.44683 -2.29701
-1.88751e-63 7.36468e-68 0
-1.63005e-65 -4.22524e-67 0
-2.58186e-43 6.98019e-44 0
3.66689e-64 4.01887e-63 0
5.69817e-54 6.47924e-54 0
1.84326e-70 -4.20105e-72 0
2.70693e-74 1.05459e-74 0
-3.93242e-62 -2.83013e-62 0
-15.1911 -21.8469 2.5303
-4.18166 5.89989 -5.77844
11.5018 -62.7895 4.04241
-5.52401 -22.08 -11.609
-1.13429e-70 1.04178e-70 0
-7.97914 -9.96272 -16.569
-9.93086 -22.1946 -15.507
1.92938e-73 1.66553e-73 0
3.14731e-38 5.38958e-39 0
1.52417e-45 3.00711e-46 0
-25.1513 -20.9691 7.29648
-123.305 -5.78772 46.4695
-5.05411e-61 -2.18541e-59 0
-14.8577 -14.882 18.0646
12.6677 -4.6119 -18.5779
19.7496 52.7075 9.81472
5.06904e-37 -2.93912e-37 0
2.38171e-74 7.2948e-74 0
9.53174e-30 -5.11897e-30 0
7.66626e-75 4.45888e-76 0
1.68166e-59 -2.81559e-60 0
0.00968782 -0.0403348 0
-1.44572e-67 -1.15679e-66 0
3.46348e-70 2.54603e-71 0
-21.1827 -0.872565 -1.41754
-1.88769e-63 1.53774e-67 0
-5.68514e-16 -1.2682e-15 0
-9.1308e-25 1.39686e-25 0
-36.3723 -53.0181 -14.3562
-20.4261 -13.9702 -13.0269
-3.49411 3.8815 0.789413
4.45496e-74 -1.1147e-74 0
-2.39212e-41 -1.04676e-41 0
47.2638 48.7688 27.9452
5.89108e-50 9.11499e-49 0
1.08009e-62 1.18365e-62 0
-52.7599 20.4759 -6.95548
2.72695e-63 5.96992e-63 0
1.96851e-74 1.14767e-73 0
8.48479e-64 7.30504e-64 0
-1.17798e-77 -1.56222e-78 0
4.09577e-62 4.38673e-62 0
1.00681e-74 3.4993e-75 0
-6.05058e-17 8.99264e-18 0
-9.20991e-47 -1.98018e-46 0
-71.447 42.8495 -12.6467
-1.08526e-31 -1.11584e-31 0
-1.1007e-77 -1.21563e-77 0
4.75413e-65 5.09158e-65 0
-6.24299e-70 3.3258e-68 0
4.41477e-31 1.30126e-30 0
-10.6356 25.0593 24.6553
4.32682e-58 4.63432e-58 0
7.76828e-69 1.16975e-68 0
2.80451e-54 4.33928e-53 0
-29.7128 -3.98028 -15.0459
1.11198e-78 -4.59568e-78 0
1.20585e-65 1.29105e-65 0
-9.23114e-60 -7.95719e-59 0
-1.52325e-60 -1.21886e-59 0
-37.4112 -13.6544 2.76531
-8.80666e-66 -3.27134e-64 0
1.97365 -12.7921 -18.7342
3.30449e-76 1.69237e-76 0
-4.27956e-74 -1.25945e-72 0
-3.68832e-20 -9.11218e-19 0
2.54374e-63 2.07167e-62 0
-6.13341e-65 -2.63402e-63 0
0.000191281 -27.627 11.2107
1.52651e-25 -1.31065e-20 0
1.80452e-65 1.93277e-65 0
-3.76191e-74 -1.60905e-72 0
7.44109e-78 -6.73886e-78 0
-3.58313e-73 -3.04995e-73 0
7.85311e-71 -5.97923e-71 0
-1.77429e-11 -1.33955e-10 0
-1.94922e-71 -8.43117e-70 0
3.62352e-70 -9.95012e-71 0
4.89656e-05 -2.79043e-05 -7.88187
3.94565e-05 -2.07804e-05 13.4063
0.000111925 -4.43176e-05 -7.07895
-8.403e-11 -9.05078e-12 0
-1.8302e-63 -2.26606e-64 0
-18.7973 8.51295 -5.19938
3.28428e-62 3.16099e-63 0
-2.278e-65 4.6398e-65 0
1.63198e-77 6.92928e-78 0
-3.36946 10.2511 -15.2545
2.97617e-74 2.3429e-73 0
-1.44638e-75 1.12235e-74 0
-1.03384 30.6415 -11.7724
1.01968e-67 1.8871e-63 0
1.27306e-73 1.75946e-73 0
1.09868e-06 3.30625e-08 0
-6.5483 -5.54899 -16.0919
-8.05638e-36 1.13649e-35 0
-5.3211e-75 -8.60202e-76 0
-14.0923 27.9002 -17.2257
-2.30269e-33 -6.45011e-33 0
-1.28029e-62 -1.63488e-61 0
6.23819e-68 5.37276e-68 0
-0.786895 -24.3487 -2.466
-3.4598e-32 -2.06406e-30 0
-6.94474e-42 4.0728e-42 0
-1.85643 -36.0287 -12.0262
-9.94006e-31 2.07289e-30 0
2.29975e-68 -2.77947e-68 0
-1.3541e-06 8.0711e-07 0
4.75887e-77 -4.13209e-77 0
-9.57058e-64 -4.13835e-62 0
-8.76281e-68 -3.78906e-66 0
2.55757e-05 -3.12742e-07 -7.88044
3.66965e-05 -1.09152e-08 13.4287
0.000156156 -4.06008e-07 -7.05936
2.94853 -9.89478 -8.53249
-2.58335e-66 -2.06585e-65 0
-2.26522e-10 -1.06144e-10 0
-47.579 12.4029 4.71611
-13.1934 -2.23274 5.33156
43.7889 -33.501 -8.7428
8.64281 -7.90589 1.8014
2.04628 -2.35754 -16.8676
-7.85021e-74 -3.39449e-72 0
-1.49567 15.9821 -2.51085
-1.51171 12.6668 -9.31492
-9.46614e-50 6.65662e-50 0
-20.0925 1.1427 -9.82834
-6.39525e-76 -4.53991e-75 0
-2.977e-69 2.956e-69 0
-16.1736 30.0695 -12.2781
-1.78401e-70 -2.20645e-69 0
1.30804e-71 1.25456e-70 0
1.74285e-61 2.6963e-60 0
6.17345e-70 1.13614e-68 0
-0.793589 -24.4705 -2.08449
0.265014 -3.56539 -12.1109
-1.37806e-12 -1.03819e-12 0
2.39625e-59 2.06307e-59 0
-1.10553e-21 3.57977e-22 0
1.14156e-69 2.09149e-70 0
-1.47888e-70 -6.13633e-69 0
-5.59652e-73 -4.37836e-72 0
2.85322e-19 -2.30328e-18 0
3.03917e-53 4.70237e-52 0
0.000238233 -2.17287e-06 -7.88157
7.51622e-05 1.36815e-05 13.4065
0.000380085 4.16843e-05 -7.07855
-3.29327 4.3457 -11.5513
2.39746e-73 -2.68929e-72 0
-12.1424 -10.8514 -13.9914
4.912e-58 7.60008e-57 0
-1.74401e-13 1.1126e-13 0
-3.16811e-59 3.50423e-59 0
-2.63941 -15.0519 -12.9617
3.92643e-58 4.20547e-58 0
-7.09841e-49 4.99162e-49 0
0.000190939 32.0748 8.54537
-2.18996e-18 2.61322e-16 0
-1.88426e-69 -1.79306e-69 0
-4.52114e-39 -1.0702e-38 0
-3.21408e-77 -1.07512e-77 0
-6.40634e-75 -9.75489e-75 0
7.56088e-57 4.3627e-57 0
-7.0103 -29.5855 -18.6729
-16.7248 9.15826 -16.1867
1.3751e-52 2.12763e-51 0
-8.86435e-68 1.9615e-66 0
12.2208 53.9059 11.5539
-2.16789e-77 4.35902e-76 0
-1.59998e-40 2.91412e-40 0
-24.6732 1.30234 -2.41554
8.32268e-59 1.28773e-57 0
-5.04182e-33 3.54542e-33 0
7.32237e-38 -1.97323e-38 0
4.22406 -51.699 -10.6118
-1.50388 -0.883608 -16.2169
1.56497e-68 -4.35151e-69 0
6.33734e-53 9.80547e-52 0
-5.70683e-07 1.36702e-07 0
6.048e-08 5.73722e-08 0
-5.58534e-76 -2.41854e-74 0
-12.3806 6.517 -16.2665
-5.33767e-69 -2.30804e-67 0
3.01195e-29 -2.9911e-28 0
-7.86691e-75 -2.08001e-74 0
-1.07367e-70 -1.52988e-69 0
-3.33509e-68 -3.05059e-67 0
-4.23341e-65 -1.77771e-63 0
2.07121e-70 2.17445e-70 0
36.7261 -31.8364 26.6678
4.3949e-50 6.80003e-49 0
3.75867e-77 1.22971e-76 0
3.17326e-77 -3.80958e-77 0
24.7257 -30.6505 -12.542
-6.00444 -8.34965 15.0987
1.03776e-06 -2.91539e-06 0
1.32907e-07 6.02726e-08 0
7.56584e-54 1.1706e-52 0
-2.75836e-25 -5.68816e-25 0
3.04724e-07 6.57297e-08 0
32.0912 -1.05054e-05 8.53303
6.17947e-13 5.9744e-18 0
-7.78852e-70 8.85818e-71 0
0.284579 -0.622427 -7.6007
33.9469 16.5955 -16.0839
1.74144e-52 1.03418e-52 0
-4.48696 -8.82415 -3.66089
2.89972e-17 1.1484e-17 0
5.73103e-53 8.87061e-52 0
-1.4946e-25 1.10148e-25 0
1.94026e-58 2.07815e-58 0
5.78143e-80 1.35145e-79 0
-1.52973e-16 1.8539e-16 0
-2.20576e-16 1.67591e-16 0
6.31743e-69 -1.33694e-69 0
-1.79007e-27 -1.94833e-28 0
-27.511 16.0131 -14.143
6.63038e-17 -3.46819e-16 0
-10.9723 -10.4655 -14.2578
2.58552e-66 -7.19546e-67 0
-7.9271e-65 -5.70503e-65 0
15.2386 -27.3146 -8.4994
6.47746e-77 -7.11525e-77 0
-52.873 81.6138 -5.10902
-2.34654e-64 1.11439e-63 0
-7.34778e-67 2.62169e-67 0
1.29599e-77 -2.97306e-78 0
8.475e-10 -8.36518e-10 0
-1.54534e-24 6.74191e-25 0
-8.98562e-69 2.1403e-68 0
2.48514e-57 2.72798e-56 0
7.22281e-73 4.08226e-73 0
-8.962e-68 -7.17109e-67 0
32.0651 2.10398e-06 8.55757
6.18089e-13 4.75786e-17 0
-1.84701e-73 -6.56229e-75 0
-2.00918e-67 -1.60478e-66 0
6.57581e-78 -1.05295e-77 0
-10.4771 -1.3309 -12.1254
35.1795 -14.3586 14.5844
-1.82324e-13 -1.4809e-13 0
4.14283e-76 6.64066e-76 0
-26.801 34.118 12.6584
-20.058 -2.24867 -11.2629
3.26904e-77 4.31655e-77 0
-1.54487e-50 2.92113e-50 0
-3.37959e-36 -2.23358e-36 0
7.78128e-77 4.81034e-77 0
1.3509e-68 1.44537e-68 0
-0.0284031 -0.0136774 0
-14.165 -11.0167 -5.01492
4.7691e-49 9.68476e-48 0
-45.3846 7.29834 25.255
-29.8589 9.79935 -7.68532
7.25648e-58 7.77219e-58 0
-1.75111e-64 -7.57186e-63 0
-1.88713e-66 -1.50419e-65 0
-0.000184572 3.76729e-05 0
-6.86762e-74 9.20856e-76 0
6.29453e-59 6.74186e-59 0
-4.86349e-73 -1.99986e-72 0
-2.18552e-08 -4.23343e-08 0
9.3895e-57 1.2976e-56 0
-8.35302e-36 -1.31094e-35 0
41.0286 29.321 -18.0138
-1.32699e-57 -1.06181e-56 0
32.0912 1.23024e-05 8.53302
6.18082e-13 8.9676e-17 0
-1.18112e-69 -1.95767e-70 0
5.89342 -36.7412 -10.5785
8.48712e-46 -1.44698e-45 0
-2.84398e-71 5.77919e-71 0
-5.1239e-64 -4.09997e-63 0
-4.27647e-53 3.00725e-53 0
-1.76639e-72 2.84775e-72 0
-1.95597e-74 1.60493e-74 0
9.98122e-60 1.54434e-58 0
-1.58255e-77 2.28211e-77 0
2.94126e-65 2.5357e-65 0
28.3515 32.8439 -16.0189
4.00685e-74 3.81642e-74 0
3.71416e-75 -5.70017e-76 0
4.46518e-79 -1.06575e-79 0
9.24741 7.68807 2.54544
4.20261e-14 2.92916e-13 0
1.75409e-14 2.26408e-15 0
-3.35463e-18 2.24199e-18 0
3.25661e-66 3.48682e-66 0
-3.94454e-40 2.77381e-40 0
2.25611e-07 -2.03096e-07 0
-11.3427 -26.2517 -15.4217
-5.95068e-79 5.46571e-77 0
-3.25562e-38 -6.83034e-38 0
7.65098e-62 8.19472e-62 0
-4.07733e-76 -5.89664e-76 0
3.72389e-74 -3.37442e-75 0
2.67054e-58 4.13201e-57 0
-3.09066e-67 -1.33641e-65 0
