# vtk DataFile Version 3.0
water particles
ASCII
DATASET POLYDATA
POINTS 2541 float
-2.03058 -1.07991 0
2.04732 -2.80668 0
-15.9496 13.007 9.45226
0.504888 1.49033 0
-16.3844 -4.08614 0.0798502
-4.5717 -14.094 23.8377
8.83838 8.13922 6.24472
26.6215 -25.2322 6.81833
0.892503 -21.0425 3.40682
0.667489 -0.195954 13.0244
-11.2706 -20.5788 0.276731
-1.91918 -32.6989 4.14943
-8.70551 -18.0777 35.3824
-0.248751 -2.30689 0
7.30566 3.13221 3.56208
-6.49168 -6.22638 0
5.59016 8.42542 4.08299
-3.07684 9.30641 1.74602
-22.5124 -26.1785 41.475
13.8685 -8.84674 35.8939
3.13867 -1.11441 0
7.65953 -4.20846 8.02246
-0.275444 22.8146 4.54782
-18.1278 -0.300005 31.0933
-18.4375 -0.302442 10.1975
4.95389 6.40393 3.63201
-0.785929 0.290409 0
-18.7217 -9.01795 8.41324
-12.8173 -7.30573 7.32019
-23.6286 18.8508 39.2178
-0.429248 15.5317 18.2728
-28.873 12.3624 19.4027
-13.5192 -10.5551 5.05332
-0.195661 1.49645 0
-2.58826 -4.2261 0
3.08845 -31.3591 3.16971
13.2477 2.46785 16.1177
4.84236 7.84527 15.6759
9.21895 -0.261195 4.40939
1.85937 25.5103 0
3.08329 1.37591 6.79599
-0.468318 1.5794 0
9.99336 21.2382 54.6964
-2.56312 0.909979 0
-26.3728 -2.72522 10.3793
-4.37057 1.80064 0
4.42663 4.68923 0
-3.58855 -7.01801 0
-5.23337 -6.57562 0
-14.0234 -21.2701 0.978836
-7.04203 -1.11561 0
8.27664 1.37371 13.8417
32.2842 -15.0679 7.47207
-13.5913 -10.741 9.55369
-2.48184 -3.84299 0
-2.3849 0.92505 0
-18.1098 2.59797e-06 31.1069
-18.438 -0.00123301 10.2008
-7.66237 -15.1156 0.879817
-5.61 4.11382 6.97023
9.41506 -3.91207 0.85225
2.6323 -1.13073 2.29486
8.65559 -21.5818 1.66583
3.59115 -8.82348 6.82989
13.7091 -9.42619 30.3536
-0.512772 0.321437 12.9528
-28.7704 12.0034 1.11866
-1.3927 -5.96343 0
-2.54232 -1.53324 0
-3.13393 6.97838 0
0.801377 19.6293 0
13.6363 16.4566 14.0485
-10.3038 3.87986 0
2.64006 19.1005 3.54487
16.7786 1.69032 5.31199
-26.1492 -2.41594 9.24564
0.481237 -4.32417 9.71859
0.393934 1.78816 0
-8.3894 48.6881 17.5573
0.502913 1.90863 0
12.8932 2.86414 4.75684
-22.1631 14.1962 1.51549
2.25956 -5.1136 0
-3.70548 -8.58064 0
0.110974 1.29864 0
-0.205636 -3.31292 0
6.06729 -29.4916 6.97249
-2.56101 2.37464 0
-0.689761 -1.98985 0
-18.1278 0.300007 31.0933
-18.4342 0.299931 10.2121
-8.04106 2.91841 5.23691
-39.7543 8.41336 12.2586
-1.70981 2.65476 0
4.6406 -6.14704 9.26019
30.894 -1.01168 0
17.5213 20.3328 0.725837
-12.8721 -2.47777 12.6185
4.18486 8.98506 8.59571
-0.561205 3.65332 0
-6.0862 25.6181 32.2333
-2.65862 -0.58079 0
9.97945 -8.06173 6.22501
-8.02697 7.14273 0
7.9465 -13.2859 9.68517
6.32578 -6.57563 0
-10.3709 26.7912 5.5011
16.2833 0.240062 43.4304
9.6598 2.21549 10.0595
7.20563 5.87129 20.0765
-2.32708 0.395732 0
3.24127 4.73973 0
-15.604 -13.3818 9.37953
-2.3459 0.576755 0
-9.00713 18.868 4.99245
11.6883 -18.9159 11.1197
6.41069 -6.41901 6.53781
0.57523 -9.93472 4.29747
6.52211 37.3646 37.4735
0.0818673 -3.11213 0
-1.42641 3.61873 0
-0.711523 -4.35616 0
-1.01902 -1.81484 0
-0.988584 -17.7552 0
-2.1592 -4.58467 0
15.0052 -7.11791 33.8885
-0.983685 -1.27308 0
0.47564 -2.82338 14.4262
3.30123 8.4408 1.16323
-2.9711 -0.0855074 0
2.20203 9.84689 6.30803
-2.30247 -2.83817 0
0.25536 2.75369 0
-0.900139 -17.5166 31.0995
-0.760183 -17.5952 9.69911
-2.28759 -3.78399 9.53933
6.46524 7.36102 10.9163
9.03373 -12.4124 0
-1.25624 6.89353 8.89459
12.0299 -19.0963 15.9181
-9.98372 0.363783 7.61835
1.61029 -32.0409 21.7133
10.8228 -3.52525 13.4769
-0.900005 -0.300038 20.3876
-0.900024 -0.300013 33.159
-0.900099 -0.300066 20.534
9.32457 5.10394 2.87943
0.625979 0.151642 5.07179
6.07542 6.43883 21.7614
-16.0709 9.69392 0.121712
20.234 19.4542 36.7931
1.6541 1.74894 0
4.04715 14.7532 40.1875
0.244432 1.22729 0
-16.1717 9.05433 8.95498
0.81679 18.5994 16.8931
-0.900666 17.1678 1.54793
7.309 1.00409 4.5772
-3.73194 0.411237 0
10.6247 -5.2007 13.1332
0.510996 -1.65548 0
3.27793 5.15332 0
-9.41254 -19.889 4.8863
-15.0322 19.6824 12.7599
7.43886 -10.5228 18.3236
9.18904 -13.8871 22.398
1.09328 -15.167 22.1
-1.14469 -15.4069 6.48128
1.43064 3.3728 5.62906
-64.5237 -20.8043 29.5713
6.10182 0.724015 1.80957
4.51486 -41.7263 3.23796
4.23105 -6.90313 4.75999
2.25903 4.61965 0
-4.8217 -1.43727 0
-0.977219 -14.4566 14.5997
-0.900003 6.49678e-06 20.3883
-0.900022 -1.24992e-13 33.1729
-0.900406 6.41027e-05 20.5462
-2.86786 0.0648412 0
1.16806 -2.15597 3.15546
2.00455 -0.145175 6.0016
2.20281 1.05524 15.365
4.35116 1.51236 47.0165
-4.21966 -19.131 0
8.53667 1.56626 19.2537
10.6497 0.272635 21.9057
2.98882 -24.4403 2.63146
2.85954 8.65508 22.4546
-0.900327 9.0468 18.3662
-1.9088 -3.35658 2.83483
1.02849 2.72807 9.30231
-8.15528 5.71087 6.95416
5.03212 40.0532 4.63013
-2.00942 2.2764 0
-1.74759 1.68249 0
-2.24821 0.608149 0
-2.03987 -6.06463 7.85553
-2.39434 23.5124 6.26857
1.07839 -14.9141 22.2291
0.0131162 -2.7628 16.1193
5.1728 14.5841 7.14782
2.32079 -17.9196 0.0900384
12.8804 2.92654 31.8668
-11.0009 -7.80136 29.3143
7.02034 -10.6334 5.74125
0.960325 3.46219 0
10.0985 24.1196 17.0418
-0.467005 0.160287 0
-0.90001 0.300017 20.3876
-0.900024 0.300013 33.159
-0.900635 0.300063 20.5341
-3.76077 -6.73071 13.5293
6.40406 7.73362 0.11467
4.41922 -10.9211 18.4285
-0.597888 -0.121448 0
5.04378 -15.1436 9.0628
3.02262 -2.45539 8.60031
9.67949 -10.3968 4.88299
-1.21109 -3.06564 0
-1.72938 1.9301 0
-0.900115 20.2394 29.4678
-0.90013 17.7223 9.059
5.61454 6.54206 3.87754
-0.357166 -4.19787 5.65823
5.68679 16.2811 18.2938
-4.17386 -13.9331 0
7.09334 12.605 21.6726
11.1653 14.4438 5.43718
6.69964 1.18642 0
21.2149 26.8044 16.2156
-0.90373 3.41546 0
-6.78123 -42.0312 47.5916
-2.00433 3.04032 0
8.62496 -16.8117 22.8087
9.49161 -5.59045 31.0705
0.828486 2.07942 0
28.0738 -2.39271 32.6454
28.377 9.73951 21.1001
2.05109 -3.12952 0
1.41183 -24.8563 0
0.135999 2.14556 0
-6.41196 -11.0527 9.62406
-0.991791 -10.0404 0
-51.6754 31.784 5.80257
-1.24292 -1.22018 0
12.7569 8.82163 8.19479
-2.72419 -1.15633 0
-28.8277 -16.328 0
-27.874 -1.49618 11.6027
23.2912 -9.35728 0
-0.551507 -3.38503 0
1.8463 4.22666 1.27634
-20.2947 31.1531 0.643492
-0.57866 -1.35874 0
0.949687 10.0985 0
-7.72822 7.12443 0
3.12194 12.9744 11.5315
11.1991 2.50871 0.384108
-16.1628 -27.2034 0.183724
0.879598 15.1903 3.40508
3.16305 -4.62921 12.048
2.60136 -1.46553 0.163797
-16.4071 1.41563 4.85004
-12.9202 -1.59065 21.2986
16.3334 1.59352 17.5584
16.5864 -0.300665 1.52691
5.41818 -20.7462 26.5127
-10.4683 -6.93945 0
4.21069 -10.0269 28.5292
-13.1491 -6.95837 44.3521
-20.0924 22.1726 3.33371
6.06043 4.25893 2.62074
23.7352 4.88139 4.37625
9.03051 15.6384 23.6385
4.82792 -6.01264 3.94142
-22.0846 -103.933 51.5967
6.68438 -13.2648 0
-5.62037 -3.20831 0
-2.26085 -0.95335 0
-1.39759 -1.62223 0
8.98229 17.0966 15.9926
-1.87911 -2.11661 0
-2.26996 -1.59168 0
-3.56421 -0.893726 21.7369
-2.15169 3.02499 0
12.9189 -13.1081 11.6613
25.3011 -32.8464 26.0884
7.79553 9.9427 15.7637
-21.3282 16.3629 0.299218
1.75164 1.95343 0
7.78358 16.1291 9.26647
20.7141 6.38096 10.0651
-2.47278 0.455094 0
10.3321 16.8703 30.7522
1.27909 -5.85695 0
19.9633 5.71375 3.22212
-24.884 1.71755 8.49322
15.7398 1.85226 17.6965
16.593 -0.000146513 1.52359
9.2389 10.5629 10.6956
4.26242 0.643801 0.980023
-16.5651 -4.41957 7.86271
0.190896 -1.63822 0
0.658569 -0.546316 0
1.57457 -2.59056 2.5638
-11.7476 8.52132 10.269
-4.12749 -0.0636182 11.83
1.23632 1.75239 0
43.57 14.4822 19.3743
-47.821 -9.20495 27.764
-0.9484 3.30345 18.1033
1.15575 2.8202 0
-6.17229 -9.01471 14.0326
1.2538 4.84741 0
0.726772 -0.857154 4.33026
2.49447 3.15694 9.27212
-16.7748 -15.0312 9.38134
2.64461 -1.14865 0
2.97825 -0.523293 15.5798
-1.76984 80.1573 13.8798
7.11887 -7.28538 0
-3.17576 -1.63094 0
-2.13625 3.71269 0
6.16502 -9.2909 13.6047
19.726 -25.1402 19.8794
-2.2999 0.646195 0
6.16541 -8.51674 29.3363
-0.539297 -21.1368 4.98514
-12.7213 5.53239 17.2456
-23.8244 1.14522 6.57792
16.4312 -0.377881 17.7731
16.5859 0.300747 1.52706
41.2008 -83.6055 116.749
12.9998 12.1815 45.2337
2.57967 10.2699 13.3172
0.708072 -10.6911 9.76717
2.38343 -0.845737 0
1.4151 -5.49136 0
-8.08351 -2.43335 0
15.6615 -2.74584 14.5144
0.871905 1.68401 0
0.151578 -1.80301 0
-3.6218 7.88917 0
36.7211 52.3779 11.5116
17.6746 -10.4982 8.98208
-0.0275396 1.0698 0
-53.7584 6.04522 29.3709
2.3983 0.467917 0
-12.9759 4.85882 0
2.63931 -20.8873 7.97918
3.90434 -1.29366 1.39146
1.48272 -2.20511 0
8.0771 15.981 6.86979
-2.15663 -8.77871 15.7388
-0.311827 -0.250246 0
-3.73082 -8.93364 0
-20.254 12.2358 0.0671361
-40.1604 9.38852 5.08501
5.75258 2.3554 4.14535
0.739581 2.74607 0
-17.6405 43.0381 3.95826
13.1162 1.89547 2.04374
-0.883178 2.56254 0
-26.0054 15.5631 0
15.0748 -1.29685 15.2421
1.62563 1.49756 0
-2.35539 0.372461 0
-2.9517 -2.88338 0
1.71789 1.42584 0
-1.06309 -1.75321 0
4.5753 4.17975 0
-6.1816 -6.36921 0
16.2623 22.8171 28.6798
-0.504214 -2.08803 0
-11.4594 -9.27546 0
13.8998 24.0694 20.5468
-0.679878 15.6536 21.8165
-18.9044 3.0059 1.52337
-22.6879 -15.4473 5.56377
-8.85484 -4.87627 0
9.41757 2.22469 13.5819
3.0389 1.81304 18.6146
5.68981 -2.07897 4.03212
3.66259 2.46711 0
7.67305 -0.493519 0
-2.7467 3.98245 27.3334
-18.852 -0.89378 6.87472
2.36947 2.06223 5.6887
-2.33074 0.817958 0
-25.5248 5.03956 2.58894
-25.2655 13.3444 13.3157
7.45989 7.29804 9.57348
11.3178 -8.45959 1.92676
-5.86162 -38.3471 2.50469
9.03531 6.43619 2.54548
-0.15607 -1.87982 0
-18.8401 24.5574 0
12.8827 -3.78949 16.8869
0.0574525 -1.99114 0
1.31447 1.26827 0
62.3113 -20.3257 19.3634
-2.89926 -7.76886 0
-2.24809 0.162791 0
-3.27907 -0.148738 0
-3.85682 -21.5041 0
-1.71843 2.89579 20.1109
-2.21195 -0.381172 0
4.84016 3.28595 31.6401
24.5105 -8.31362 7.4652
-10.5358 -43.7106 0.298726
-0.753828 2.8663 0
-66.4825 -5.22363 0
-2.59437 -0.406196 0
6.60555 1.43456 0
1.22464 -16.5126 20.781
8.06615 -18.5721 21.8566
2.29902 -1.08611 5.90003
20.7167 6.14449 10.2725
-8.23822 3.24086 25.2353
-15.7175 -0.153441 12.2336
1.96354 -3.95829 1.25258
1.60083 -3.5694 8.34388
-19.613 1.69368 0
-5.46865 0.418206 0
-12.649 -18.243 8.57942
-23.308 14.8202 8.76007
-29.4437 8.75845 17.4724
-1.81708 3.49118 0
-0.209258 1.68137 0
-3.49241 6.28328 0
1.45077 -4.46206 0
44.9944 1.81631 102.217
-2.42776 1.12667 0
48.076 -29.925 20.6927
-8.00294 15.5356 0
-31.5654 7.42401 10.6269
4.723 5.38912 20.0618
-69.6224 49.6532 36.9382
-2.73742 1.09259 0
-18.3469 13.2688 0
3.205 -39.9753 17.5732
14.4188 1.33752 17.0657
-9.96524 -25.9521 2.53944
-9.34501 -3.80487 0.305508
-2.80607 3.50492 0
-1.10935 -4.48713 0
2.29751 9.95121 1.09714
3.18489 0.296327 0
7.16086 -1.3864 16.2367
-1.03033 -1.47298 0
-0.311425 1.36165 0
-4.84156 -0.621042 27.4014
-18.9316 0.513396 8.75786
-0.14283 -1.63033 0
13.3365 -6.72499 23.797
18.0953 -21.7604 9.00947
-13.2372 13.834 3.37715
6.61888 3.10087 0
2.4078 -11.7285 4.02177
-3.8527 5.7982 0
-2.2717 0.522315 0
-1.57471 1.70351 0
-12.2178 11.5259 0
-31.3512 46.7436 7.19037
-17.9104 -30.4046 1.65056
-1.60627 -8.98935 10.0759
4.03627 14.1726 6.84192
5.80512 7.56096 0
-2.2165 -5.73524 0
15.0827 24.0632 30.5859
-10.8389 -2.58723 28.5506
-10.3721 -4.88999 2.29552
-0.209173 -1.58381 0
-0.0542067 1.7189 0
21.4407 -6.5153 12.3911
-0.764841 2.33769 0
-3.01504 19.6583 0.769549
3.01575 10.8469 9.08083
5.05136 -9.35432 15.0663
-2.04384 1.51115 0
1.3658 -12.2698 7.67854
-7.42364 3.58346 0
-0.783099 23.1203 9.51693
-0.633324 -4.34431 0
-0.20207 -3.13092 0
-3.24832 -18.1245 0
0.209302 -4.10105 0
-0.714789 3.10668 4.89794
9.78898 12.4937 7.30637
33.7001 4.02337 24.7227
1.70163 9.21094 9.61532
0.239589 -1.7711 7.35482
-0.124888 2.40961 0
8.24759 -0.97589 3.25962
-7.09944 -9.15355 0
-0.600005 -14.6014 33.0534
-0.463336 -17.7452 9.45246
15.9914 -4.92623 0
4.20249 -0.11497 0
-1.72506 3.49849 0
10.7701 -25.2931 39.9011
-19.9778 -8.8045 19.4261
-2.3781 3.98685 17.671
-0.598785 -1.73733 0
-0.734491 4.25853 0
-0.600006 -0.30005 20.3881
-0.600002 -0.300009 33.2222
-0.600021 -0.300083 20.5893
-2.00183 -1.67006 0
-3.67652 -3.2193 2.90741
0.161722 1.88984 2.97704
2.07545 0.705848 5.67668
-3.96635 7.81797 18.746
4.7933 2.49829 0
1.7598 -3.11777 9.95643
2.13498 -0.802993 0
1.08955 -24.352 8.70232
1.28712 15.8459 17.8745
-0.600331 17.2065 1.51819
3.08142 16.6055 0
1.51341 2.13371 3.52817
-3.72721 14.7115 0
0.873653 -5.58812 0
-0.845921 17.2971 9.38382
10.3229 -1.08737 13.1192
3.86762 3.57177 5.9418
-0.160348 -1.54057 0
4.21001 11.2704 15.373
1.57259 -12.0439 22.7132
-0.873335 -15.4027 6.59299
-4.00328 9.52879 1.19368
5.69919 16.5095 4.16612
0.778441 -7.20476 0
-3.84997 5.91401 13.2661
-22.7858 13.2172 0.434613
14.2701 -25.0394 16.0094
12.4511 -24.9299 17.2192
-0.707015 1.35818 0
-0.599969 8.85306e-06 20.3917
-0.600002 6.87053e-11 33.234
-0.600048 6.96243e-06 20.5999
3.51334 -4.59793 9.46012
-2.64226 -1.30075 0.982769
11.9397 5.00855 10.8469
3.62255 2.13699 8.31833
1.16975 -1.4334 13.2354
1.40612 3.29894 15.1648
11.534 5.08612 37.235
2.6017 0.303459 9.38843
-0.461594 -0.153533 0
1.45134 13.5784 19.5366
-1.55214 8.19912 18.7301
4.74114 -5.9269 15.4247
-0.0476083 3.72567 0
0.899129 15.4979 0
-0.370889 3.9512 0
4.94749 5.80989 5.3969
-1.38607 -1.42112 0
1.78289 20.0648 1.84063
1.95154 0.643938 4.52802
0.201308 24.0305 2.43063
1.54097 -11.8206 22.9109
0.443701 -2.62404 16.3736
0.810228 -6.41458 1.12367
2.28889 6.9136 12.9888
-2.78406 -1.35442 0
4.89956 -13.7181 1.64394
-1.2031 2.25633 0
4.35658 35.9359 50.7318
1.50502 -15.954 5.10387
-0.864138 -1.70093 0
-0.599978 0.30001 20.3881
-0.600002 0.300009 33.2222
-0.600197 0.30004 20.5894
-7.48828 0.216202 4.57966
1.01403 -3.71014 5.40769
-1.02118 -2.26029 0
1.24733 -6.68821 23.4994
11.5313 -17.1046 1.76662
-9.5592 -30.2931 0.573975
-3.07629 -4.72359 10.5994
-10.8319 -9.15634 14.0493
-3.55562 0.42146 0
-0.600008 17.5998 31.6916
-0.737882 17.7436 9.45618
-0.677343 -2.9746 0
-10.6041 3.25917 0
1.71432 -1.97542 9.64385
-15.3396 22.6472 36.7329
-1.70617 -5.80916 0
-22.6823 -8.76645 0
-0.543664 -2.81729 7.31136
0.883352 17.92 11.4963
-0.598573 3.41467 0
-7.32857 -2.56467 0
11.5784 0.790484 13.4658
-12.1804 29.4809 4.31636
6.47177 6.93704 0
-10.9238 -18.319 11.5866
-1.42983 3.04653 0
-1.34299 -5.37572 36.7556
-16.6795 -13.8625 4.58934
6.64919 -16.5558 0.458065
-2.54355 0.589026 0
-27.1221 5.82128 1.76831
-1.62151 -2.58578 0
-1.16983 -1.65484 0
0.241248 -2.20364 0
3.33461 -2.76923 0
0.935843 -2.27271 0
-15.8557 -8.97603 2.15515
4.10931 -13.263 16.6841
33.3404 36.9868 5.79985
1.63548 -2.28548 0
-8.46234 -17.2814 27.3075
2.21882 -2.85057 0
11.1294 -9.15593 0
0.507974 6.90019 0
1.41138 -4.38943 0
11.4735 -22.8447 1.07823
1.83138 -2.06106 0
2.38192 -0.170209 0
10.9406 1.844 8.79012
3.55499 -1.65802 7.13303
6.15029 14.3236 8.12279
-0.780043 1.64127 0
-25.123 3.65643 2.66463
16.0951 1.6319 17.752
16.8948 -0.301298 1.52174
4.12326 -4.74305 0
2.42847 -2.86379 0
20.133 -2.13397 6.60515
-8.54255 -2.44078 5.44327
10.2165 -7.44966 5.26261
7.04873 -8.33511 6.16826
-2.75887 1.46022 0
-1.64338 -2.83761 0
26.0299 4.32516 1.98258
0.790033 3.59429 0
-1.65535 -4.14712 0
5.52367 29.3129 45.7924
-2.24819 -3.57701 0
-26.5087 2.81595 11.9803
-34.3527 20.9641 31.2973
-0.432095 -0.168803 0
-2.28405 -0.0522327 0
-2.95667 -1.31426 0
3.31003 8.28373 0
-4.50731 -7.5056 0
47.5129 -2.40897 8.44562
7.9327 10.2539 15.7111
-6.90196 0.552807 0
-4.98003 -3.08351 0
-20.8036 4.7432 22.3323
-3.55534 17.9708 23.5665
7.83683 8.92597 4.32319
-0.284392 -9.78363 0
-0.228543 -1.34529 0
4.77848 -4.88155 13.3673
-2.64321 3.44217 0
15.5139 1.89123 17.8892
16.9021 6.78191e-06 1.51975
20.8266 -13.4595 0
5.36592 13.3098 11.0707
10.4385 37.1103 40.5186
4.17104 -3.18174 14.1683
14.0783 -0.508609 8.84411
4.93828 -2.33451 8.37327
-0.423476 -16.5648 8.59134
2.98022 15.6546 2.44206
-5.64146 1.71868 0
-11.4982 -19.4074 41.4189
-44.0731 7.63379 33.6624
-19.6413 -26.9809 12.568
-2.29924 -0.904504 7.2188
8.8869 -14.7227 10.594
-2.07773 4.49393 0
3.26954 -3.02763 2.76736
-0.0718594 1.57592 0
-0.985749 -1.4319 0
7.27188 8.20065 21.9213
-8.81084 -8.27633 0
28.0155 9.7127 43.4332
6.97759 -7.31267 0
-0.376181 -6.27569 0
-4.14701 2.57802 0
6.17901 -10.5526 2.09136
13.4447 -16.3907 36.3948
0.400851 -2.47723 0
3.92486 -19.2902 2.38556
1.17202 -1.87197 0
7.26924 -3.36273 0
-40.8263 13.3229 6.22659
16.1708 -0.378519 17.9886
16.8942 0.301359 1.52142
2.85059 -0.575318 0
-24.3385 10.914 6.31248
21.2286 -8.13449 5.50335
20.5766 -9.57115 1.90638
1.44066 2.33209 0
-9.41057 7.24079 16.0783
11.9297 -3.12203 2.16335
10.5084 0.671928 12.6811
0.408013 1.47951 0
9.83705 8.57469 0
10.7703 4.40478 0
-4.52287 -22.2433 5.74683
0.0739497 0.0398208 0
-26.168 -15.0921 16.9563
22.9112 15.5686 1.21809
6.17529 2.70873 0
-9.00922 -0.00930561 15.0362
2.68291 -15.9814 3.33957
4.71835 -11.4755 8.94464
-11.1153 6.94073 0
-4.73887 4.74437 0
-8.10391 2.5863 10.5292
-2.0315 -0.204735 0
-3.55608 -4.19883 0.33367
-6.01741 6.40263 0
-10.2034 17.6336 16.1561
-9.36727 -11.2738 7.71623
0.0079246 -6.28671 7.65712
5.05869 8.07984 0
-2.00342 -0.941844 0
-0.282198 -1.59562 0
13.0687 3.28898 16.1847
-17.0485 4.80462 8.51881
-2.91649 -0.381113 0
7.34091 2.85465 0
-38.5521 -25.05 5.00662
-4.39864 -2.63036 0
0.0128491 -0.597221 7.92447
-2.20713 0.142483 0
10.1589 -8.62412 10.9138
-6.83752 12.3811 6.9282
-20.2082 -17.6512 2.07868
-11.1535 -9.25267 0
3.80824 28.3673 13.1807
-0.113953 15.9787 21.7155
10.5695 -8.27498 8.82873
3.88141 -2.10451 0
-8.15517 1.86865 17.3989
1.03308 -5.72625 0
6.1763 16.1483 0
1.41536 13.1823 15.797
17.5188 -14.552 5.02495
7.13281 0.168929 0
-12.963 1.86908 22.6926
-17.2057 -0.862647 5.19204
5.0657 4.77108 1.58053
5.97262 2.39856 0
0.957316 -1.47961 7.78629
-18.629 6.12687 5.45118
-2.0988 -3.66047 2.99742
-11.7661 -0.117378 0
-8.86292 2.14176 4.57478
6.54523 -31.0179 22.7043
-0.304845 -1.92241 0
25.6594 59.0014 0
-15.492 -16.8374 1.99726
2.90755 -3.08245 0
-0.656962 -1.51546 0
-0.804266 -1.70315 0
2.10756 1.33133 7.17202
-2.49244 -1.25806 0
-2.99724 -2.53994 0
-2.19832 -0.91281 0
-3.70329 -0.430962 0
-2.47724 0.583631 0
8.65063 6.73175 30.2012
-3.69255 6.53784 18.6402
5.16421 -2.09065 0
-4.06372 -4.62273 0
24.485 35.2296 21.0804
-21.8238 -4.79744 7.47597
-15.4275 22.6094 6.21922
10.7346 -0.861717 5.05484
-3.24203 13.3517 5.99486
-4.09421 2.54563 0
-0.204237 -0.330134 0
-12.383 2.14419 22.9183
-8.60037 -0.162843 15.6777
1.54184 -2.95123 6.05847
-0.634202 -3.25613 6.58595
-10.9172 -0.563943 0
-8.72346 -1.17303 9.6338
-10.5291 -5.60991 9.16193
2.14691 3.77064 0
-6.17821 -8.16641 2.25391
6.61357 -5.06823 4.7005
0.745255 1.65574 0
2.18779 3.69089 0
5.23738 -8.72171 19.7839
15.1731 -25.7537 3.32856
-0.656809 -1.4947 0
-6.80203 -3.23362 22.097
-4.06554 3.67517 0
-15.2188 11.4541 7.34776
-2.70306 0.590064 0
33.0117 -30.6056 23.1352
0.148996 -2.363 0
2.02181 -7.42079 15.302
15.0208 -40.2539 13.4639
-11.0575 0.0453969 0
-19.6602 30.2134 44.9953
-3.35375 -1.54558 0
-2.53446 -30.2274 19.0586
5.3874 -9.88324 10.6135
0.428553 1.81114 0
0.642078 -10.1116 6.63765
-45.7478 -12.2402 9.85655
-0.947888 0.551091 23.1524
-0.266132 -0.282915 0
-12.9186 -0.239899 23.4732
-16.0327 0.428202 9.55962
4.26995 -5.99199 1.52557
-21.2242 -0.186963 17.9612
-9.93286 -12.0338 9.51583
3.94761 0.312196 11.2791
-11.9525 -5.85808 11.9945
0.79059 1.4008 0
-0.984517 0.337868 0
-0.381059 1.57286 0
-0.613389 1.61381 0
-12.5285 12.0892 0
-1.49526 -4.65788 0
2.68167 3.09397 0
30.3743 27.2976 2.41603
-1.61402 4.1761 0
-3.16562 5.81523 35.8626
-32.1256 -13.5335 7.83747
8.09084 -23.8689 20.4327
-2.27439 1.20916 0
-3.19573 -1.44549 18.9603
-2.12206 -0.0872757 0
-21.2711 -23.015 8.63136
4.46228 -14.4796 0
-0.418441 1.80033 0
1.52655 -7.33689 0.944229
6.0173 5.33428 6.10316
-20.8752 -5.3558 0
-3.18424 -0.874321 0
-3.79737 -0.584467 0
-2.38583 -4.4999 0
-2.00129 -0.144306 0
-0.299989 -3.86608 0
-0.0200558 -3.2119 0
-2.79075 -18.721 0.0116286
0.419042 -4.12005 0
-0.538037 3.00988 5.06676
-1.56801 -5.84768 0
13.1169 -16.8488 17.9772
-1.61033 9.41957 24.751
-1.29168 9.41465 0
-6.6822 17.7241 16.323
1.11635 -2.80281 2.88183
2.29225 -0.843386 0
-0.299997 -14.595 33.0572
-0.163212 -17.7453 9.4509
-42.5844 24.1209 9.40321
21.4466 -62.4917 36.9175
-0.523258 4.1883 0
0.433577 1.2588 0
2.80615 2.41569 0
9.54048 3.5502 5.23238
18.8278 4.74163 5.85218
0.228646 1.50278 0
-0.300004 -0.300005 20.3884
-0.3 -0.300009 33.2227
-0.3 -0.300026 20.5896
-7.34535 4.65532 11.2975
1.84209 -4.5451 2.64643
-2.24428 4.82756 0.0695368
2.41576 15.2831 21.622
-21.3741 14.3152 30.7672
4.04494 10.6257 13.0339
5.06885 2.13006 5.10045
9.26327 4.67386 14.6152
1.4513 -24.2776 8.56473
1.5878 15.8385 17.8799
-0.300378 17.2075 1.51886
0.0406665 -7.2432 7.77117
0.544088 1.68728 1.41491
-3.1265 -0.595768 0
4.46214 0.756283 2.53132
-0.509657 -0.352868 13.7412
14.4122 15.7668 20.902
36.4791 -46.1623 18.0045
0.243306 -2.63429 0
4.66887 11.0489 16.0301
1.87406 -12.0336 22.7162
-0.573116 -15.4027 6.59303
2.72472 -18.2766 13.554
0.658984 1.43672 0
-5.13733 5.4056 0
-21.0673 -10.8815 7.73143
4.38961 -26.7033 12.1358
-0.729592 -2.17014 0
-0.776292 -21.4191 14.011
9.62621 7.42275 11.909
-0.299967 9.45332e-06 20.3922
-0.3 1.47375e-09 33.2345
-0.299972 8.08634e-06 20.6003
-1.66581 -1.95937 8.08115
-1.56782 -1.57573 0.350505
19.4688 -17.724 15.7105
1.79182 -0.208312 7.15441
2.79965 -0.0672052 13.5956
2.58453 0.615502 0
-7.49617 8.49408 24.5471
2.19473 8.2163 1.74968
-0.0187729 -1.52149 0
1.75301 13.5685 19.541
-1.22607 8.25506 18.7179
2.02007 -0.0581231 1.35488
12.7781 0.286767 14.6553
2.67563 8.02173 0
-3.04923 1.84515 0
-13.209 -18.0035 8.70071
0.316432 -2.8314 0
-5.17535 21.8331 29.3261
-4.849 14.5627 27.7111
1.53392 23.9687 2.8844
1.84175 -11.8113 22.9154
0.745609 -2.62625 16.3757
-3.09653 1.27422 0.612504
2.5654 7.41501 10.0687
1.76059 14.7615 13.3436
3.12521 7.45064 12.5664
-3.72904 0.380768 0
-6.55037 -19.0851 3.96713
-2.25019 -13.2079 8.54784
0.763392 0.128439 0
-0.299971 0.300008 20.3885
-0.299985 0.300013 33.2228
-0.300014 0.300029 20.5898
1.95466 2.39878 2.31599
-1.4382 -1.52484 0
2.27047 9.93342 4.52302
-13.5822 -16.5063 15.6458
-5.50526 -10.9821 35.1567
-2.80638 -7.37897 14.1917
-1.82802 8.73586 21.4693
5.00852 6.14752 2.68694
-0.340839 1.98118 0
-0.299996 17.5939 31.696
-0.436658 17.7452 9.45088
-0.386217 -2.97282 0
-3.97988 6.46261 7.86607
-3.28881 3.01246 0
-1.57057 -15.445 0.627219
0.863651 6.39453 4.25829
-11.3822 -28.58 0.109428
1.86858 5.08372 1.92243
3.77897 2.12839 0
-0.291625 3.41831 0
-35.6639 -15.5763 22.7318
-0.345788 -17.0522 5.91052
15.948 20.0108 41.6681
-1.41887 -4.14598 0
10.3623 0.541588 14.2913
3.75505 28.5491 13.2067
-10.3722 -16.1355 29.8119
1.78849 -8.85592 0
0.0401416 5.33019 0
5.72198 1.74312 0
0.582677 1.66162 0
-4.49309 -0.701481 0
8.59731 2.23628 0
2.48284 -3.10371 0
1.89689 -1.93517 0
5.52809 -4.28372 0
5.80281 15.7287 7.5507
-0.899759 0.867216 6.19568
-5.08732 2.40243 1.84436
6.31763 -5.256 8.7902
2.36533 2.17256 1.54806
7.8139 -7.70607 0
11.445 -9.17923 0
7.16146 9.32964 0
1.55619 -4.13733 0
0.0507732 -3.92779 0
4.62449 17.4794 12.7312
-0.519639 6.20653 0
5.24721 12.3449 6.20523
4.04178 -2.36437 6.43275
0.452223 4.55961 0
0.757153 0.282022 0
-25.3319 -9.94653 0.222292
16.3948 1.63274 17.7526
17.1957 -0.300826 1.52133
5.53982 3.28635 0
2.14784 0.283044 0
0.42378 -2.25089 0
-11.0859 -2.99624 14.1577
-4.63598 -15.0443 7.04901
-12.2412 7.77619 13.1729
19.0199 -12.7123 14.1416
-0.644182 1.25304 0
-0.446446 -0.11801 0
2.11215 4.15515 0
-1.29515 -4.15955 0
-10.3518 15.9542 22.5988
-5.9059 8.37499 21.9877
0.351129 1.59232 0
-11.1351 31.1256 0
16.5956 -22.4514 1.60484
-0.693723 0.00631634 0
-1.02849 -5.29876 0
4.25933 -0.604235 0
0.445448 0.181222 0
49.1293 1.06265 6.86384
8.22342 10.258 15.7118
-28.2841 19.8576 8.61573
-2.19302 2.54738 0
21.5624 -14.7291 3.28248
4.29221 17.2759 18.0744
0.42032 -1.93127 0
14.3837 -9.67869 2.4315
15.098 -13.9098 14.8253
-24.7072 6.28998 9.34729
-2.89891 0.249828 0
15.8155 1.89136 17.8892
17.2042 0.000213374 1.51758
0.427622 -2.33661 0
-9.87633 3.64769 14.2402
15.5856 -1.3767 0
1.04623 2.80904 0
6.95826 6.24748 4.86986
-2.30784 0.813175 0
-6.42186 -1.52114 0
-4.41562 -2.65934 0
12.816 25.0856 35.3474
-22.2421 -38.4899 30.379
-43.783 7.75576 33.6141
2.41871 -29.3316 17.6366
-3.20355 -4.57106 6.60075
10.8012 2.6561 4.32243
-5.34255 2.29452 12.7495
0.626576 1.86888 0
12.7094 -6.66209 3.29123
-0.424463 1.17815 0
0.708214 1.71909 0
1.29555 1.97912 0
28.6536 7.80654 42.2985
9.26 -9.81742 0
-6.81599 -8.36911 0
2.49201 2.21339 0
14.0513 -21.7235 22.8568
-14.8681 20.0918 1.84334
8.82215 19.9551 4.25505
-19.4376 7.59788 0
1.85585 3.26523 0
-3.39819 7.87718 9.13116
-2.13131 -0.200866 0
16.4705 -0.37906 17.9891
17.1954 0.301256 1.52069
16.63 8.04986 8.06066
0.686797 -8.19963 9.41081
9.16893 -3.73333 17.1979
5.328 -1.22101 0
25.4056 -7.05978 14.1357
9.35824 -0.490824 0
-3.24155 -17.8033 11.5922
-3.55244 -0.299314 0
0.329994 1.47319 0
10.1482 8.59578 0
11.0651 4.35631 0
-4.18922 -22.2785 5.86572
1.92425 -2.46579 0
9.14103 -0.860076 8.42562
2.6001 1.35693 0
7.1462 -0.466284 4.69589
-6.74859 0.49137 0
-0.610135 1.11721 0
-0.163641 1.75673 0
8.36191 47.709 37.1562
-7.59822 4.38165 0
-7.56784 -16.6598 29.7969
2.77224 0.968631 0
-3.74414 -9.04425 7.80417
29.6283 -14.1117 22.0754
2.98819 -4.81592 13.3115
8.86387 -0.773912 10.0417
-5.35548 10.0073 5.9889
-3.13909 -0.733482 0
4.19479 -18.8546 9.83859
1.0705 -2.34904 0
-1.00906 -17.2295 13.8393
-20.7353 28.8255 27.2127
-0.720251 -2.75996 0
-2.23544 -4.17249 20.8927
1.72378 -2.8905 0
1.09568 2.02175 0
-0.157025 1.2154 0
4.14275 -3.49872 0
6.64748 -3.8849 9.06071
0.222568 1.29214 6.47001
-19.0224 -17.6479 0.409466
-10.8534 -9.25257 0
3.56793 28.3563 12.7249
0.199026 15.5626 21.5971
-13.1109 6.56222 3.1475
14.7626 14.9919 12.9166
31.9002 -8.0371 22.1857
-10.4467 -9.37456 6.3295
-7.87412 4.29543 13.2382
2.92576 3.57123 13.8817
5.65839 2.77621 0
3.52009 -1.93463 0
-12.6623 1.86886 22.6925
-17.4963 -0.300595 1.52017
15.5617 20.2074 4.75892
0.0124153 -0.283564 0
10.2192 3.00079 7.2542
5.02426 -16.6852 13.105
10.8883 -0.880489 6.34458
-3.47056 -0.730453 0
0.10169 16.2027 16.8256
5.81577 -9.10659 5.88801
2.25937 -0.410646 0
-19.0865 46.3326 5.22503
-1.80034 7.91658 18.104
3.06503 -3.24897 0
-0.203361 1.36877 0
-17.3504 -10.0218 24.6188
0.473284 1.42496 0
13.4797 43.571 6.29993
1.43987 6.04914 1.8721
-12.0396 31.3976 6.95378
-2.57276 0.327488 0
-0.515086 1.86843 0
8.99468 6.77859 30.1621
-9.84657 6.70283 16.4383
36.7229 -24.3888 19.0526
-8.57749 -19.7016 0.693171
4.50444 35.1136 16.5797
2.48725 13.9586 8.81279
8.87537 13.9756 6.46059
-0.725382 -0.465786 0
-3.88984 -4.71855 0
-0.614568 -4.68929 0
0.791535 1.58574 0
-12.0829 2.1442 22.9186
-17.5044 9.9448e-05 1.51508
-5.33112 0.934766 0
-6.85437 -0.162931 18.334
-10.2646 -0.530412 0
-7.28203 -0.25407 0
-12.9502 0.338367 5.02754
-3.94517 3.53154 0.274908
13.1364 -11.954 0
-3.0231 -0.0495501 0
-1.30551 1.62103 0
1.2438 1.94788 0
-3.9706 -9.02582 18.5714
5.14376 -16.7769 8.72072
-4.06024 -3.11419 8.19868
-7.94266 10.1631 15.0652
-3.41457 3.48409 0
0.764983 -0.462437 0
9.4269 -5.58547 6.7269
0.02051 2.98001 0
-1.21722 -1.2904 0
-0.117635 2.90041 0
16.4788 -40.023 13.086
-7.92612 -7.7416 0
7.13384 -13.9637 41.5584
-0.279082 -14.7553 3.17778
-24.8277 -10.6945 13.3574
-0.018819 -8.37648 0
0.555131 0.634855 0
0.367732 1.70901 0
-3.30828 7.53288 2.73913
-0.478528 -6.60812 11.555
1.20376 1.51691 0
-12.6179 -0.239711 23.473
-17.4964 0.300843 1.52032
-1.86043 -3.71539 6.6478
-20.9235 -0.17503 17.9694
-2.76128 -3.37126 0
-1.44211 -5.92295 0
-1.01912 3.32809 0
-2.62214 13.905 19.1939
-2.81734 3.81579 0
-5.16236 -1.32596 1.75293
-11.8284 7.54778 5.83438
-12.2284 12.0891 0
2.38342 6.54019 0
-0.0419047 9.47919 0
-7.19713 13.2166 7.02269
-0.157005 1.6616 3.3431
29.0004 8.19187 33.4882
-2.93584 0.646507 0
3.61361 -0.610103 15.8036
11.6476 4.71132 12.5107
-16.6758 -5.94636 19.6087
-3.78669 1.25985 0
-4.32833 6.92898 0
-11.5913 -4.28552 22.6432
-7.28699 17.5824 5.13892
-7.96973 11.6672 0.572494
-3.29013 30.4223 3.87133
18.9779 12.2289 4.38526
-0.733783 -0.165218 0
0.704815 -1.7072 0
-8.27022 8.07706 0
3.20132 8.6618 10.0804
-0.00133234 -3.86626 0
0.347499 -3.49899 0
-2.52454 -18.6977 0
0.717499 -4.11989 0
-0.22304 2.99034 5.11069
-9.82746 3.33286 0
-2.08156 -5.23198 0
-1.21895 12.221 22.7837
-1.62556 1.22367 6.08237
-6.32984 14.4313 12.6674
-1.25932 6.13356 1.24149
0.992686 1.80829 0
3.23889e-06 -14.5949 33.0573
0.136603 -17.7454 9.451
-4.52405 -0.326025 0
2.97744 2.79376 20.1316
-1.69371 9.32771 1.34795
9.20544 -25.2624 26.2147
-1.03243 8.30411 5.73411
-5.59387 -2.06934 5.58333
-1.67668 12.7848 6.20479
5.91398 12.5055 11.6668
-4.5349e-05 -0.300045 20.3884
2.7353e-09 -0.300009 33.2227
3.97264e-06 -0.300141 20.5898
2.37576 -2.73863 5.73342
-3.42972 -4.36511 5.16535
3.0053 1.11374 5.08237
2.68901 0.663636 4.89248
-4.87445 -6.85755 8.79716
8.11716 4.90633 12.1952
-4.13761 3.62392 7.0943
2.02831 4.47164 0.422884
1.73245 -24.2906 8.53294
1.88913 15.839 17.88
0.000267661 17.2081 1.51968
-1.49899 -5.61541 1.94756
0.896893 1.65102 1.35735
-1.22899 3.11406 0
0.869185 2.34964 0
0.0630221 -4.76384 0
-4.49131 -2.39305 10.4419
-0.33506 -3.21765 0
14.7086 -8.06245 0.112111
2.81125 -1.58822 0
2.17419 -12.0335 22.7162
-0.273127 -15.4025 6.5929
3.37056 -0.228093 0.305807
-1.0958 4.97425 1.72034
22.4154 -1.1583 45.6921
3.1456 -10.4862 0
24.6716 -5.00686 24.5996
1.8025 -1.96809 0
-2.4748 -20.41 37.2312
-1.51074 -0.850896 2.5489
1.08802e-08 -1.94752e-08 20.392
2.74428e-05 7.90065e-06 33.2346
2.16747e-05 -1.23874e-05 20.6002
1.01235 6.59878 12.2185
-1.67274 -0.192331 2.51964
-1.32866 -1.56402 0
2.17531 -0.191438 7.09143
3.21928 0.566563 13.2973
13.4622 16.8103 26.3151
5.86239 13.3613 20.7937
0.804033 -0.242488 0
0.521748 -1.57909 0
2.05318 13.5683 19.5409
-0.926054 8.25499 18.7179
6.53755 -10.1518 3.39439
-0.922532 1.0316 16.631
-0.624621 13.8238 0
-6.0148 8.06772 0
-19.142 -24.5111 3.4176
0.406458 1.46662 0
-0.359124 -1.4158 0
8.01278 -3.3544 6.15734
1.64473 24.0548 1.86119
2.14305 -11.8117 22.9161
1.04695 -2.62951 16.3755
0.249652 -4.25569 0
3.40091 8.93099 9.72551
-1.51175 28.3076 13.0415
3.33231 -13.2557 0
-2.98088 1.67412 0
0.361329 -7.63803 0
3.62717 -8.33983 4.1762
3.94627 -18.2964 18.5607
7.20492e-09 0.3 20.3884
7.09941e-05 0.300029 33.223
6.95558e-09 0.300024 20.5896
2.93494 -0.644003 4.00666
-1.24833 -1.95695 0
-12.1791 24.883 11.8464
-36.5001 1.18937 15.4859
0.159632 -3.71519 0
5.34373 6.56389 0
0.0501438 -0.0653179 0
-0.718496 -1.17455 0
0.353309 -7.26175 0
6.31293e-05 17.594 31.6962
-0.136594 17.7455 9.45098
-0.0668159 -2.95864 0
-1.08565 -1.43187 0
6.55379 -6.51148 3.254
-19.7098 6.76911 7.53947
2.38141 3.77074 0
-25.5709 10.1782 0.481701
0.918444 -3.42322 0
-6.97833 8.00771 15.0577
0.00638875 3.41785 0
6.97623 -0.453393 0
0.864499 6.31242 0
-18.2712 19.0138 6.86131
-3.29959 -4.68593 0
-5.13596 4.98107 0
4.51562 33.5296 14.4948
-5.07778 -10.4153 17.3412
2.04494 9.72786 27.7639
7.90548 -11.118 0.709875
-2.66702 -8.7884 37.2219
-1.87823 -3.67491 0
-30.1354 -4.56342 9.35385
3.16968 -0.400536 9.16508
-30.5927 9.23472 14.8519
16.6396 -39.5525 9.9682
20.4552 13.4493 27.046
-45.3976 4.76233 26.5036
16.59 11.1171 6.28998
-2.09662 7.16444 5.87116
-11.313 0.687829 1.56508
-0.445343 0.406384 0
8.09505 -7.69374 0
11.7453 -9.17931 0
0.666981 6.98483 0
-3.22332 -5.30963 2.15007
1.28441 -6.68694 0
-7.14187 -4.78616 0
19.1926 -4.87007 0.331798
-7.60308 -2.29549 21.9253
5.32267 -2.1098 5.9851
-0.150675 0.178501 0
-14.6183 12.8875 8.6834
6.8027 -24.6336 7.12863
16.6943 1.63404 17.7517
17.4965 -0.300452 1.52102
-4.74381 -6.32608 4.3497
3.07746 0.498427 0
-7.5661 -4.27122 7.12504
7.56778 9.045 6.42291
15.8749 -20.7067 3.19449
-4.71201 -6.03995 5.0756
1.55807 1.77111 0
6.40457 -8.84474 0
3.18322 1.37803 0
2.92068 4.93807 0
-0.949294 -4.16196 0
4.70711 12.3038 35.4427
12.2708 20.6139 2.81981
0.540057 10.9104 0
-5.48629 -61.3285 21.7622
-0.121313 -0.434316 0
2.01222 -0.255328 0
-4.40994 -13.7676 36.2106
16.523 -11.0219 0
8.50495 16.6476 9.86309
49.3267 2.30862 7.06064
8.08474 10.0455 15.7368
-28.3774 20.0816 8.49547
-0.163554 -1.42996 0
4.62693 -24.1854 4.59217
-19.0551 -4.6585 20.7593
-19.9494 1.54319 11.2631
-2.91906 -0.73885 0
-8.73705 -35.5973 2.88343
3.04781 -3.98358 9.92483
6.1793 23.2219 11.9036
16.1133 1.89104 17.8866
17.504 0.000417582 1.51584
-6.01068 5.38222 18.0272
-19.2528 -2.08777 5.10781
27.7042 18.8077 5.70475
14.3388 -5.73696 7.4535
-2.32818 -11.9515 5.40532
-18.0946 -9.42374 0
2.1344 3.03209 0
-16.4365 16.9008 39.9872
-0.202381 0.279356 0
1.20387 -1.76552 0
-0.348031 -1.8826 0
-5.39512 -27.4138 19.9967
5.29021 29.3916 23.2821
-6.42971 -4.15181 6.02787
-10.2917 5.61388 5.81048
-31.2681 -4.69723 35.3742
6.10635 -1.87744 6.48484
-5.32291 2.04743 0
9.36613 -45.6951 19.7283
14.2838 -9.74455 34.7171
25.844 9.29539 48.8778
-19.6706 12.5285 3.75194
-3.81629 -1.82574 0
-1.53011 2.09276 0
14.7778 -3.72253 11.2162
-3.57291 9.44393 8.11534
16.7133 -1.45922 18.5879
11.9793 39.5359 23.6245
16.3751 5.65252 28.3399
-19.3203 11.7227 22.9366
-0.537333 -1.34434 0
16.77 -0.380094 17.9883
17.4962 0.301095 1.52061
1.93213 0.505203 0
-17.3266 -3.54372 9.81289
-1.68621 -2.0834 4.44487
4.60655 3.87004 0
15.9889 31.8759 13.7518
9.99578 -16.7114 17.0109
0.5781 5.96523 22.4835
-18.6187 -24.4408 53.5284
-3.11299 3.79157 0
10.4484 8.59586 0
11.7168 5.27774 0
-3.85251 -22.2775 5.86577
3.09404 -1.88691 5.57962
5.10303 -33.4025 7.53543
-7.47223 -20.8251 13.3941
-2.16964 2.72707 0
19.1501 11.7923 24.9727
6.28863 4.07962 6.22228
20.2319 4.01277 13.4183
1.05567 -3.24868 0
-7.48751 2.91 0
8.5379 -21.6145 10.3534
0.322445 1.49291 0
-0.736364 3.6472 0
2.4369 5.25678 0
0.35159 4.52127 0
1.35055 -0.661237 8.12951
-11.2644 -14.3369 0
11.8229 4.69576 4.82784
79.6597 10.1706 14.8844
1.74835 2.25457 0
8.12885 -20.1607 17.9575
8.52094 -4.97067 6.41515
-1.64729 -1.47583 0
-11.308 -24.5595 31.0685
-4.88619 -7.39758 0
-1.0107 11.8081 16.0588
-1.88538 16.2808 5.87942
-11.2944 5.70446 5.01139
-2.1205 -3.06839 0
-2.35807 8.67966 10.9086
-18.4727 -17.4989 0.576758
-10.5532 -9.25249 0
3.86952 28.3565 12.7298
0.508644 15.9798 21.7279
-14.8877 -2.91163 10.2715
-4.74951 -1.75468 14.6466
5.11806 -1.06137 0
-2.68085 -3.47641 0
-1.68599 1.931 1.36569
-26.7467 5.29049 8.72887
0.353974 -0.685984 0
-15.9683 14.6898 3.33561
-12.3623 1.8677 22.6938
-17.1954 -0.300463 1.52066
19.8466 8.47394 17.9755
2.27444 4.38525 0
-5.20699 -0.617604 0
-20.3385 9.25992 6.29134
0.805387 1.25469 0
-10.5899 -13.1936 4.14982
3.35921 22.5357 47.0482
-5.68792 -1.34984 9.19309
1.57637 -1.77379 0
-19.0184 46.2715 5.29388
-1.67188 -11.9986 15.9637
3.07944 -2.87162 0
-2.48539 0.969192 0
29.2625 -12.0846 11.2527
-2.07236 -4.04589 0
2.05736 -1.61432 0
0.232903 0.173308 3.77733
-4.12357 1.39823 0
0.651423 -1.86779 0
0.67537 -1.94361 0
9.39707 6.18067 28.8156
-9.79955 6.63201 16.3925
25.5908 -0.590487 6.35983
-4.59594 -1.93849 0
1.77159 -44.7628 2.30841
3.47212 2.19267 0
-37.7873 -3.35428 29.0906
-13.1744 -12.9499 12.5529
-19.0815 -13.5509 12.2727
10.4282 -1.41044 13.211
-2.09341 1.56423 0
-11.7834 2.14454 22.9221
-17.6723 -1.35074 6.71187
-4.70182 1.60654 1.17213
-2.32395 0.713422 0
-9.18275 -0.514959 0
-4.15991 -1.71679 0
-12.7663 0.341358 4.94704
2.5257 5.32938 11.6696
-14.3729 -9.74121 17.4491
12.8573 -8.46706 13.3595
1.5424 1.32227 0
1.58744 1.88632 0
-4.00303 -8.77498 18.6366
1.52883 -7.73334 0
0.817836 -6.68879 3.83961
-2.10649 4.60937 0
-12.5635 -1.41673 14.4983
-3.4637 0.573097 17.0313
2.0523 0.856936 0
-20.0704 5.91287 51.6963
3.24998 2.75708 7.7738
2.39386 -0.192949 0
16.4774 -40.2861 12.9263
-7.62188 -7.75568 0
-15.4625 0.613793 36.8824
23.0619 -10.4808 8.6767
6.38298 8.07553 2.77746
-0.171223 2.53711 0
3.03532 -1.73447 0
-5.40391 -7.73126 0
-12.5408 -19.2308 1.60336
0.0839021 1.78758 0
0.55519 1.6992 0
-12.3181 -0.238958 23.474
-17.1955 0.301129 1.52112
-1.98955 5.36918 9.27573
-20.6314 -0.151933 17.9952
-2.48746 -8.52639 0
1.87808 1.56828 1.18921
2.78353 -31.3013 21.0489
6.84178 -4.2451 14.8038
-6.34278 4.81455 3.70112
-14.754 -18.1741 5.45876
15.8289 18.2174 1.36872
-11.9283 12.089 0
-2.10871 8.44982 0
18.4181 11.4729 2.97301
-8.51953 -2.57804 2.36434
-2.10454 0.0591595 0
-25.7737 14.8662 6.66656
-6.8301 1.51471 6.1434
-8.24846 -3.90889 7.20155
-7.1018 4.39265 7.34347
-7.52487 8.92839 13.0803
21.3049 1.27134 2.11695
-20.4888 -23.2619 9.16698
3.50449 0.927917 5.88454
-1.48897 14.9618 0
15.3764 -6.94453 3.69443
9.91168 1.83467 0.582245
-0.367834 26.3771 26.3847
-1.33766 -1.2465 13.1233
2.39667 0.51327 0
-4.97129 -15.0124 0
-3.66149 1.40977 0
0.297738 -3.8636 0
0.861937 -3.31497 0
-2.21016 -18.695 0
1.01264 -4.12283 0
0.122936 2.9934 5.10386
2.55885 -1.33373 0
-7.34083 -13.0586 14.8382
0.7842 17.3566 18.9764
5.97879 1.60729 1.85194
6.64415 13.122 11.5786
-0.684397 4.4975 5.60205
0.284307 -1.37955 0
0.300003 -14.595 33.0572
0.436605 -17.7453 9.451
5.18243 7.16119 22.3749
12.7208 0.24883 0
-1.41228 8.64617 0.513677
11.9182 -25.317 28.0316
2.26886 0.576104 0
-1.61295 0.00895103 0
10.7265 -14.4534 20.1299
6.44313 3.56446 8.45005
0.300059 -0.300059 20.3885
0.3 -0.300009 33.2227
0.300079 -0.300198 20.5899
1.40403 -0.611381 3.78646
-0.720594 2.36328 2.61144
8.25811 3.40579 12.378
2.92031 0.688294 5.08705
-6.59969 1.2576 1.92782
15.3492 -23.8192 11.9232
4.6324 1.46979 14.982
6.44691 9.21444 6.8442
2.01042 -24.3361 8.40994
2.19052 15.8377 17.8792
0.300707 17.208 1.51962
5.29559 -0.630698 0
1.15965 1.68658 1.25473
8.44181 16.1952 1.12652
9.93315 -6.38804 18.6178
1.62073 -16.196 6.36844
-6.32968 8.10291 1.19731
4.70723 3.71582 4.66149
-30.031 -8.54961 0
2.68909 -0.364135 0
2.47424 -12.0335 22.7159
0.0267902 -15.4028 6.59334
-5.61891 -9.50639 6.05798
-12.1377 -0.206874 3.39417
-19.9416 -30.0584 36.2145
-1.39508 6.84206 16.0918
8.81681 10.6626 11.553
3.81399 2.52179 3.6015
11.4085 -18.7424 24.6328
8.09177 10.3377 7.9817
0.3 -2.98847e-08 20.392
0.300009 2.71049e-06 33.2346
0.300031 -2.70916e-05 20.6002
3.5293 -2.61208 0.191767
-0.617658 -0.0296906 2.06042
-4.48369 0.377165 0
2.34132 -0.231902 6.99436
3.33755 0.517205 13.725
3.69341 5.77884 0.364602
9.64151 14.3438 24.2797
3.12656 6.15847 5.90219
2.00666 -1.11183 0
2.35331 13.5682 19.5406
-0.625841 8.25489 18.718
-2.58569 -0.303122 0
-0.157999 -0.139586 0
1.55507 -4.67575 0
2.61511 30.6904 5.69217
2.2248 -8.34026 0
-0.697878 1.4429 0
0.357662 0.613673 10.7284
12.0325 26.9109 5.27815
1.18884 16.7781 0
2.44411 -11.8108 22.9145
1.33533 -2.63753 16.3813
-4.24535 -1.91504 0.501442
10.5965 11.4436 0
3.5115 9.78228 0
-12.3713 0.807279 25.1569
0.3892 -12.2188 4.94016
2.2447 -1.29591 0
-0.588559 -9.87761 4.73051
-7.24293 -7.73459 3.78322
0.30001 0.299998 20.3885
0.300043 0.300021 33.2229
0.30002 0.300028 20.5897
-2.1367 11.1384 5.90292
-29.2588 -14.7589 6.18322
-12.6548 -4.49668 15.0153
-0.852899 -10.0539 1.75934
-4.12731 -8.77163 8.12621
8.9814 6.46208 16.6025
6.18815 4.14293 0.996095
-13.4456 -1.36731 46.6332
19.653 22.1216 0.986198
0.300056 17.594 31.6961
0.163399 17.7454 9.4509
0.237044 -2.96295 0
-1.11004 -1.22909 0
-1.43882 -8.42919 3.47335
2.2727 -1.03791 4.00786
0.523918 13.6263 9.01351
2.48261 1.76556 0
18.1889 7.15825 20.9983
1.27342 -1.82348 0
0.304747 3.41822 0
9.06774 -2.96032 0
-11.6859 -2.31582 4.52843
2.83746 4.54807 0
-2.95794 -4.68431 0
2.80691 0.0869797 47.5165
1.82797 -1.53673 0
1.61272 -14.0158 19.5068
-0.951728 -4.10716 7.11316
-3.83184 8.29749 9.24766
34.0618 50.204 25.6702
3.19242 -3.15049 0
-15.5885 -16.5892 17.1957
14.7231 13.0664 3.92432
1.92645 -1.97248 0
-4.91236 -4.18762 0
8.32684 -4.88693 0
3.46599 -2.84834 0
-4.85315 28.4126 11.0841
-0.81146 -1.0209 8.33246
-6.54386 1.7112 4.15691
42.3831 -20.7169 14.3059
8.28587 -7.70311 0
12.0455 -9.17947 0
0.630154 7.11077 0
1.16945 -2.80977 0
1.81555 -3.28358 0
-2.38028 -8.90951 9.83836
3.18947 2.87863 1.57149
-2.63047 1.56945 0
36.3272 -11.5163 0
2.22398 -1.16955 0
2.19129 0.033063 0
-19.5344 49.7947 8.08225
16.9968 1.6344 17.7548
14.5435 0.481178 10.7968
-4.78894 -2.97359 5.23956
-12.743 -13.4657 7.99416
9.04434 31.3722 11.5628
-11.0029 -24.0648 41.3922
-27.5781 -1.31157 13.3473
-17.9557 -4.05208 13.6472
6.24343 9.08792 8.34244
8.13805 6.19983 0
9.11823 9.3722 0
-10.8102 -29.222 28.7194
-0.339865 -1.79517 0
9.523 32.1112 32.6442
0.183239 0.148368 0
31.3332 36.0838 52.5843
-20.6843 -15.3054 13.7213
-0.369696 1.20241 0
2.61174 0.699934 0
2.38434 -25.4683 9.3358
15.2479 -5.98813 52.2306
1.56087 -2.23323 0
47.2751 16.5141 3.3271
0.661463 11.1562 16.4622
6.20634 5.35728 27.0864
1.98861 -1.46025 0
-12.3947 2.51051 6.10431
-2.96272 -2.67707 0
2.00554 0.00483566 0
-0.858546 9.94884 0.431359
0.297205 -2.30034 0
4.22295 11.3426 19.8414
-3.7321 11.3915 25.8243
16.4152 1.89102 17.889
9.614 0.0378315 14.9963
-18.1883 -6.22621 7.69073
2.75959 0.418042 0
17.7454 -1.52329 0
0.89262 -8.15502 0
13.5565 -2.49168 8.42566
-32.6016 31.1483 18.787
-20.0252 -10.8004 3.91569
-8.05604 -1.97252 4.26253
15.9679 26.0817 8.90259
1.26371 -1.80607 0
4.243 6.69913 0
13.653 -24.0368 24.4453
-7.05088 -7.52338 9.9325
-9.12451 -4.52486 12.0283
11.3376 6.65656 0
1.66478 13.714 5.09725
25.0962 -24.4966 5.80328
1.25088 -1.85909 0
4.52703 0.778045 0
28.829 18.8582 7.44327
-65.9574 54.9091 77.6119
7.87887 -7.26752 0
44.208 -22.7768 28.4582
1.95246 1.76877 0
-0.0614434 6.79556 0
3.60503 -3.69543 0
-22.9461 21.6265 16.5076
1.82353 -7.57602 4.27267
26.089 18.2565 24.6214
1.13847 -5.97728 9.40224
1.52034 4.04804 0
17.0728 -0.38081 17.9914
16.6656 0.9684 5.60404
-12.3393 21.5107 15.4699
-1.25799 -2.86935 0.564147
-7.37018 7.98705 17.4182
-18.8829 -21.0168 9.10062
-10.199 -27.438 7.00067
4.9694 -5.87797 0
12.3074 5.80728 10.4572
-45.6709 -1.13166 0
-0.982765 -5.939 33.7195
10.7487 8.59602 0
15.953 25.8976 6.23879
-3.97005 -22.2748 5.4784
-18.8346 1.7694 4.10099
6.6519 -1.35302 4.43933
-3.84371 -4.04603 0
-14.391 -5.1885 2.98871
8.18524 3.52539 8.26735
15.3272 36.5418 8.28911
2.16816 -0.545288 0
-3.54904 -0.918024 17.137
-4.3183 3.30824 0
-6.03418 3.19353 0
3.60345 6.59817 0
3.43687 3.42959 13.4864
1.75364 1.52543 3.13591
2.4432 9.17518 0
-4.15126 4.23372 19.6655
5.04715 -3.89777 0
2.09101 -0.483343 0
-0.800598 17.34 10.6774
1.59632 -2.54488 0
3.39523 -5.69048 0
-3.83745 1.93083 0
9.69216 -22.8344 4.49339
10.6047 -20.0528 8.3372
7.5261 1.39347 0
3.69839 -1.92203 0
-1.36454 -2.2301 0
1.90245 -5.06919 0
5.23175 -5.17386 5.37307
0.0430542 8.26425 0
-17.792 -17.1771 0.045198
-10.2418 -9.19908 0
4.18746 28.366 12.7081
0.788113 16.0491 21.6135
10.4778 -18.5523 5.08518
-4.97483 4.21961 13.9223
18.3486 14.1571 11.089
2.41654 19.4175 17.4426
19.3054 15.2457 9.60253
22.8067 28.5453 13.309
1.19235 12.3249 6.80853
2.34147 0.868301 0
-12.0631 1.86741 22.6934
-16.8943 -0.300475 1.52201
-0.177424 2.08551 0
-0.1686 1.55563 0
-2.03662 -2.23797 0
-16.5314 -15.0505 1.95322
-21.4019 2.05947 8.9475
-8.59983 -20.7186 6.29023
-2.67383 3.23057 0
-0.138097 1.90439 0
2.55418 -2.11554 0
-17.8733 46.6283 5.80876
-7.7318 -9.66049 16.3239
3.58541 -1.21571 0
20.6695 -13.0738 1.79704
27.7203 -18.3455 0
-0.211293 0.0462259 8.62434
0.169939 -0.251194 0
12.4589 26.8011 15.8382
0.848108 -1.77549 0
14.4787 1.38836 22.5992
2.26715 -0.852095 0
8.44415 8.05827 33.2939
-9.49864 6.62719 16.3949
-23.9132 -9.1413 0
4.84777 10.4355 5.24553
30.1168 46.1716 3.86759
-3.26891 2.01023 0
-6.41381 -6.11026 0
-12.8051 -7.31302 8.39386
-16.6031 -15.774 2.55209
2.24686 0.357673 0
14.1469 22.7785 2.88543
-11.4831 2.14433 22.9218
-16.9014 0.000763334 1.52039
-4.48716 -0.31459 0
20.2008 12.7639 11.1676
2.52239 -3.45865 0
6.82606 8.38698 7.26892
-10.8917 2.61885 4.26099
2.33746 16.2926 11.0864
-0.894553 6.64406 0
-9.05367 -0.768833 3.40145
0.240648 1.83237 0
2.84221 1.20192 0
-3.70547 -8.7691 18.6387
28.0122 17.4548 9.96838
-9.09194 -7.16429 14.9978
4.80669 -2.04048 3.30987
3.30224 -0.47576 0
1.20975 1.5901 0
8.123 -10.4309 27.8098
6.43096 -3.68108 9.83271
-5.28565 -3.11361 10.6981
-6.76546 -6.84741 13.0058
5.18587 -40.7606 14.0791
7.30816 -14.9909 8.57686
2.60281 -1.12987 0
0.817485 -16.57 1.94298
36.501 28.7346 24.7785
-25.3582 -39.5606 24.4528
-0.0466226 -0.500466 0
2.15317 -1.07892 0
-0.671373 15.6073 13.231
1.99054 0.402889 0
-19.888 14.3423 23.8863
-12.0193 -0.238623 23.4736
-16.894 0.301473 1.52252
1.90219 13.5712 21.3663
-21.3107 0.0213456 17.1611
-0.616681 -9.64575 2.05124
0.26805 -3.98073 0
1.08428 1.57823 0
-3.64533 -6.80734 9.56259
-11.1319 -5.96032 0.201512
-8.12303 -1.05245 12.8885
0.709684 1.43448 0
-11.0384 11.4348 0
0.185513 13.6658 0
18.7466 11.4401 2.69857
-4.05849 1.82553 12.2654
0.589401 17.2602 0
-0.128469 -2.15411 0
-0.447505 -0.537892 0
1.93773 10.8901 0
-1.20597 1.50866 0
-9.15857 -5.16877 13.8395
-0.915277 -0.17006 0
-20.9686 -23.1226 8.08836
-11.3193 -8.06327 13.1992
-3.58771 -15.818 26.5972
18.8063 11.9876 9.93024
16.1648 -2.90859 23.4739
2.14017 47.4364 16.9165
26.7762 4.37006 10.088
2.6436 1.75594 0
0.203201 10.8507 10.0217
5.97271 17.8827 33.8646
0.600784 -3.85387 0
6.14966 -1.32296 0
-1.92258 -18.6819 0
3.2878 -12.9621 0
-0.520651 2.55727 4.79936
3.39331 -4.88001 0
-0.459211 0.185478 0
4.89596 7.07631 0
7.3256 19.9202 23.1418
0.222003 15.5422 3.36363
4.18391 20.6404 24.0259
-0.539012 -2.16231 0
0.600013 -14.6014 33.0534
0.737936 -17.7437 9.45618
-1.67698 2.2231 0
0.0151363 -3.36851 0
-0.264278 3.52689 0
-4.5286 -30.703 26.8125
0.736969 5.52026 2.3548
-0.101004 -5.88054 49.0462
-11.08 -12.1455 38.2292
-3.7844 -2.13646 3.91377
0.600108 -0.300062 20.388
0.600002 -0.300009 33.2222
0.600094 -0.300081 20.5892
-1.4522 -1.15732 4.63099
3.03741 -2.26552 1.6128
-1.32203 4.66343 3.17598
2.35738 1.19884 5.64321
3.32421 2.94233 0.94296
-3.26099 1.8925 0
-0.792339 16.3489 19.6517
15.7083 -6.44874 34.7165
2.16833 -24.4779 8.21523
2.4898 15.8457 17.874
-0.169905 18.5029 8.11418
-4.07501 0.133743 2.78629
0.870181 0.975849 3.83191
2.44445 6.9515 0
-4.68024 -6.25189 3.98974
-0.0909932 20.8437 5.11597
8.25905 2.19766 18.1782
4.37715 7.73019 12.1735
-6.66577 -1.87707 28.0448
3.06412 -1.88901 0
2.7741 -12.0439 22.7129
0.327181 -15.406 6.58712
-0.249793 1.46501 0
2.35609 -0.875101 0
10.0334 0.242219 28.6915
-5.25049 4.52724 0
-3.3845 -8.62752 5.70429
56.0282 -8.02678 30.7985
16.7041 -0.400705 0
0.278254 -3.01065 0
0.6 -1.57518e-08 20.3915
0.600002 1.86991e-10 33.234
0.600012 -2.72201e-07 20.5996
3.30212 -3.27964 4.28248
1.25687 -1.39341 1.94852
1.52262 -1.00179 4.35587
1.43701 0.65428 9.52629
4.12873 3.47997 10.6981
-4.64428 -6.78077 6.46108
-1.0751 -14.114 2.71628
-8.8746 1.67589 22.7421
-0.218966 2.56296 0
2.65321 13.5782 19.5361
-0.325304 8.2519 18.7185
-1.45384 2.01193 8.08083
2.82515 6.9522 3.52877
0.498155 12.657 2.55145
2.09536 1.8097 0
25.2542 -11.4796 8.32553
0.403592 4.6467 0
-0.510167 -7.93498 2.29804
29.4795 -16.8936 18.9525
11.4322 15.1988 16.5867
2.7432 -11.8205 22.9104
1.74078 -2.51324 16.2966
0.531559 -7.0988 0.500234
-0.0164016 3.40606 0
6.29893 15.2998 11.7533
-1.98366 -1.01217 6.64086
-1.93936 -10.2935 11.9315
-0.780715 1.77049 10.4278
-1.57739 -5.85194 5.65354
-7.336 7.70548 6.27909
0.600036 0.299999 20.388
0.600016 0.300006 33.2223
0.600098 0.300024 20.5893
2.39509 4.65262 0.0635945
-0.683772 -2.14499 0
2.63869 -0.223274 0
-4.93754 -4.76762 9.84737
8.15832 0.464739 12.1463
16.4543 -23.7868 16.0102
-0.338263 -16.0875 15.2717
4.75025 0.707356 0
-3.19551 11.6392 11.9676
0.600012 17.5998 31.6916
0.463374 17.7449 9.45215
0.53973 -2.94375 0
-1.61649 -1.53592 0
-10.2402 -5.53552 2.63067
2.28917 -31.7394 0.22344
-2.34048 1.43984 0
4.34697 0.375838 8.5686
-113.4 -47.5905 58.8356
-16.8639 -6.5602 17.614
0.606631 3.4166 0
-2.08106 6.03919 0
1.52969 6.20126 0
8.38679 4.9432 0
-2.49077 -4.17748 0
-14.0998 -1.97576 5.23017
11.5572 5.26121 0
-5.52236 -15.0994 24.1641
-16.023 -6.00069 5.02051
14.0716 -11.2805 0
2.07959 -1.20187 0
2.36465 0.145456 0
-20.752 -17.9414 8.84177
-0.40091 13.7916 16.6691
1.37415 -2.18096 0
4.2261 -7.8401 0
11.6868 -10.5823 0
0.561882 9.19826 63.0997
-4.58206 -10.5084 16.9155
0.455599 12.4953 13.3981
3.32798 -7.17131 0
2.33191 -0.477695 0
7.97409 -7.5876 0
12.3764 -9.24621 0
-2.86028 10.405 0
-4.90078 -6.08294 0
1.69847 -18.7527 4.32166
18.5339 -0.99858 0
1.43026 -3.33324 0
21.0635 -6.39169 20.0068
27.3663 -0.834629 13.8296
3.071 1.12735 0
3.81917 2.13702 9.31423
3.54103 -16.625 13.7553
-18.3271 12.4658 18.8229
18.936 -0.515217 8.77019
-6.31461 4.7455 10.4369
-23.9395 1.92854 0.790359
-22.3122 23.7547 23.3581
9.39502 -2.17382 0
31.1073 8.00488 23.8384
-2.34516 5.26009 1.77779
26.3891 -5.58277 3.01168
3.32787 -1.96184 5.88069
12.3933 12.6793 0
16.1068 49.3442 8.36778
11.218 -45.1253 7.25905
-13.697 6.86843 32.4996
-0.0848806 1.79298 0
-17.7876 -3.5676 2.44569
-10.3793 10.8954 5.2848
-0.291505 0.604977 0
2.196 -2.07679 0
0.0126552 3.34134 0
-0.763206 0.0213071 0
2.18384 -0.471222 0
7.3942 -3.50048 0
-25.8355 20.7443 29.78
-8.67394 3.16214 0
2.56416 -0.31819 0
-4.09144 0.327154 6.86876
-2.24728 8.99391 4.67736
1.88983 -1.94693 0
-3.61041 3.90357 0
-16.9132 4.82836 13.9235
2.53812 -2.13987 0
-0.825164 3.48856 0
-10.3959 11.5231 23.7259
16.2854 0.144498 11.0545
2.0267 -16.5022 15.6527
2.53978 -19.9303 5.84154
2.01668 0.256904 0
1.41242 -5.0646 0
3.16322 -1.29151 0
10.9743 0.743869 20.0189
15.6965 13.3331 17.904
-33.2228 26.22 22.303
14.1737 7.20748 1.66268
26.4894 26.1802 33.1596
-32.4854 -6.21674 29.1728
-18.9431 14.519 21.0759
-0.817543 -2.86493 0
-5.83975 -7.19476 19.5911
-24.7406 5.81608 8.07179
15.3817 26.6908 3.64483
20.8224 3.37516 0.13503
3.98265 25.5431 0.0814799
-22.046 -16.3609 9.68523
4.59442 -0.322687 0
-28.0732 23.5052 34.103
-15.8847 12.2084 15.5711
76.7657 -21.269 36.0988
1.24566 1.57882 0
-9.07203 -0.85001 2.29775
3.6622 -35.9159 23.3385
0.509243 -21.486 24.3226
1.95033 -16.1831 5.90816
-1.42849 -1.48985 0
2.86579 5.67617 0
2.4396 -0.425562 0
-19.4222 -0.682828 22.9631
18.8618 0.895326 7.06358
18.4359 21.2047 78.1888
3.75157 2.32785 0
1.32248 6.25706 0
0.673126 -1.20635 0
3.19794 -1.39414 0
0.626971 -7.01558 20.3543
0.100565 -7.6408 16.6122
-0.468227 26.9329 21.4533
1.4644 1.52088 0
11.0821 8.65 0
10.1858 2.73594 0
-11.7928 -7.01366 15.9739
1.1152 -5.61694 0
11.5194 12.7531 15.4189
22.2192 6.96654 11.8528
2.21137 6.40197 0
-4.71531 14.5111 44.893
-1.22187 0.615627 7.7992
5.61539 -9.28326 0
-0.515687 -0.879273 0
-4.58813 4.23829 0
-10.0618 9.67777 20.9379
2.25456 0.0175591 0
-0.497883 1.35212 0
-1.87845 6.25289 6.3972
3.00603 2.15691 0
-9.85453 -12.0282 3.69524
6.44971 22.5964 17.1184
-1.69319 -2.52406 8.08608
17.8508 18.2523 19.7309
2.28974 -0.697412 0
6.84169 -9.68372 0
-2.6961 -9.36293 0
2.10721 0.255393 0
1.87893 -1.94306 0
18.5888 18.5132 0.971529
2.29419 0.908558 0
6.50351 -15.4503 0
2.14025 -0.413881 0
-8.4659 -8.86748 9.31842
-9.64774 8.13534 3.45488
-1.16693 -1.74843 0
-1.51516 8.60294 27.8507
-7.19525 23.2305 17.3032
-2.66559 9.00085 11.223
18.7534 -20.7348 2.07552
-3.03637 18.5483 0
50.0075 -28.4934 23.8857
2.1214 -0.323745 0
17.2628 10.0086 6.72503
-1.46804 -21.4813 15.0923
-4.9056 8.50167 23.6689
24.433 -0.350557 4.98502
-12.3843 1.83302 22.5957
-16.5858 -0.300391 1.52739
-7.32593 -12.0631 6.30461
-18.9689 2.35974 0.373471
-0.173431 1.38083 0
7.71535 3.514 0
-12.4391 -0.024506 5.58527
-18.713 0.834542 14.383
1.30918 4.3023 4.13742
18.7011 30.3564 18.9048
0.677296 1.95072 0
120.773 -71.7988 21.6475
-0.4646 -1.56567 0
-0.591607 -3.62413 0
2.30896 -3.81121 0
8.87064 2.49487 0
-5.83837 -9.16405 3.6778
-46.526 32.178 62.1385
2.02147 0.0339213 0
2.11607 -0.916237 0
-0.299184 -0.109859 0
-5.76328 4.60162 23.8099
-20.2492 28.1579 47.476
-8.75297 10.0175 14.7629
-0.572586 1.44435 0
23.0773 -12.3524 3.71393
1.17197 -2.42673 0
17.4205 46.6469 4.27004
3.08802 4.59644 0
0.187406 -1.8251 0
7.42452 7.53832 9.91908
1.42519 2.18382 25.1036
24.668 0.785534 1.65932
-11.7899 2.11008 22.8272
-16.5916 0.000612941 1.52512
-6.25305 -0.181247 0.932631
-13.3647 3.8292 4.99776
2.70553 13.2734 1.44629
17.2185 19.568 0
12.0251 0.395707 0
4.48736 1.34832 0
-15.5848 -10.259 1.31803
-7.02876 -10.2725 17.7265
-1.13986 2.95416 15.9871
7.17412 -36.7627 25.634
-2.95183 -12.5491 16.5675
-4.36662 4.03373 0
-3.66841 -5.40708 12.0457
-5.16607 -11.7051 12.1391
2.30568 3.92936 0
34.3689 5.84669 4.65962
21.3856 4.47963 3.77728
-13.0957 -10.0557 23.3652
-57.0566 -3.12135 37.2873
1.38637 -1.57311 0
-7.6593 -8.27373 33.7096
7.17385 -3.38428 11.9193
12.5353 30.9953 27.9281
16.4866 -10.8758 5.67135
1.83387 5.04441 0
2.80368 -1.21845 5.38364
12.2279 1.42356 0
7.20383 -1.72151 0
4.66476 -24.3595 7.06859
-1.1987 -2.07651 0
21.7114 1.80581 0
-12.3695 -0.234326 23.366
-16.585 0.301329 1.52861
-4.59897 -11.7111 6.39544
-22.3896 3.84571 7.80594
-16.9977 -21.9775 8.91023
-10.6872 -7.66836 14.2332
-1.01024 2.43831 20.8421
15.0811 -3.26354 0
-9.81154 -4.34003 4.43121
24.2606 23.169 32.3298
0.396102 1.82811 0
-0.738048 0.472207 0
-29.84 10.8406 17.7833
6.53435 11.6662 1.37442
2.71016 12.3692 0
2.87454 1.90398 0
-8.15182 -0.767195 0
2.34689 0.224988 0
16.7408 5.9436 0
-11.8015 2.30657 7.99295
-1.80707 -5.66199 3.43773
-36.2249 19.9922 10.9995
-21.7894 -22.7292 6.38778
-2.90743 -3.21253 0
2.5352 0.0423092 0
0.849278 30.3986 0.0451673
7.59293 19.5992 5.40585
-4.65463 14.6585 33.8885
1.95879 0.594168 0
11.9659 17.154 0
1.02918 1.69405 0
-14.2048 -1.3766 11.4954
0.904078 -3.43088 0
2.08481 -0.292322 0
-1.74889 -18.684 0.0282054
-0.226184 -1.65902 0
-21.3289 -8.45402 24.945
0.413598 -1.87211 0
0.865898 -5.49024 9.36495
7.49346 4.51395 0
0.653854 -2.80126 0
0.838637 -2.02911 7.65448
3.76776 17.3742 0.832504
0.515152 -1.90577 0
0.900117 -17.5165 31.0994
0.900177 -17.7224 9.05904
2.78681 1.06479 0
0.857501 -2.80477 0
5.29514 -4.72708 0
-15.0642 -14.1341 0
4.5895 -3.42155 0
-0.808225 -11.1298 6.63172
2.00999 -2.46282 0
2.85666 -0.674994 0
0.900025 -0.300014 20.3875
0.900024 -0.300013 33.159
0.900068 -0.300027 20.5339
-6.41542 -1.16692 4.96602
-3.94028 -0.924736 0.721102
-10.2691 4.7583 20.272
27.3631 3.37631 0
-3.0665 7.77916 0.986269
3.87515 1.11847 0
-0.948564 5.32824 12.2721
-0.193953 5.92576 0
-0.537372 5.36637 0
0.266887 18.7603 17.0281
0.900898 17.1677 1.54798
10.6 13.3781 0
24.9414 0.986017 7.74811
-2.89659 -2.31127 11.3841
-1.52923 2.54127 4.59471
-3.72787 0.761472 0
-7.56931 13.8425 10.116
-0.742098 -4.81051 5.64989
-3.1876 -24.2238 1.2731
2.55585 1.61378 0
0.418267 -15.2078 22.7252
0.662334 -14.7796 7.5418
-4.23392 2.75764 5.35386
-0.203204 -21.5072 16.1159
-3.49265 8.56469 6.19838
3.42605 -5.99668 0
-5.12508 3.03032 9.98575
6.07675 -5.09555 0
1.16079 -2.11812 0
1.99088 -1.81675 0
0.900013 -1.199e-07 20.3883
0.900022 -2.67405e-10 33.1729
0.900091 -1.96821e-07 20.5461
1.83872 -3.48381 9.38973
-1.21164 -1.70946 0
-4.74398 -2.79022 6.82794
-26.5123 7.14593 24.9319
-6.69965 -1.28679 25.3871
23.5876 -17.8485 13.9891
5.72855 -4.41366 22.2795
2.0442 -1.31633 11.9592
2.4373 -2.0571 0
-0.0120204 10.1853 22.6421
0.00177739 8.38183 18.3796
-0.321467 1.22565 0
-9.28026 1.29151 14.6589
-1.61103 -13.4075 0
-22.796 23.63 0
-8.41661 17.4252 15.2409
0.383408 -2.43342 0
2.72885 17.5959 0
1.62202 1.32214 0
2.60332 15.2438 0
0.414129 -14.9825 22.9589
1.05477 -2.89374 16.4885
-7.46491 -6.40858 7.04085
3.15046 2.25449 0
-17.0974 5.84723 7.80482
4.56072 0.207902 0
0.660656 -2.46529 0
-1.88255 -1.43225 0
3.24459 -22.5715 7.21199
0.923018 1.99492 0
0.90012 0.299999 20.3877
0.900039 0.30001 33.1591
0.900204 0.300026 20.5341
0.111325 2.13535 6.18913
0.70372 -4.95907 0
-6.31521 -6.14796 15.047
1.37505 1.53486 0
-5.33185 3.01608 6.48914
-1.54468 2.92874 1.9141
-0.546215 -7.96334 13.5326
2.11103 1.01955 0
-0.724467 1.82894 0
0.900117 20.2394 29.4678
0.760121 17.595 9.69891
-3.07748 -4.52632 0
-2.79632 -6.22381 3.67523
-5.90187 -0.638537 0
-3.42053 -3.99255 0
6.18596 5.55318 1.89076
-2.89878 -15.2268 9.9472
-8.16028 5.58518 11.717
0.604719 1.54431 0
0.909739 3.41765 0
7.75729 30.9914 27.7936
0.594585 7.448 0
-12.4162 24.5656 4.89851
-13.7602 1.11307 21.8666
1.30638 1.33868 0
-2.38785 0.613695 0
34.2237 -8.09762 5.02476
3.1764 -27.3041 14.2085
0.0771339 -0.106454 11.7865
2.99452 -0.0750456 0
0.833907 1.70773 0
-35.0757 7.35737 9.89394
15.6061 13.3801 9.38046
1.9943 -3.15327 0
-6.12067 3.11591 13.2104
2.0752 -1.39819 0
3.66025 -26.9178 6.83782
-2.87844 -10.7547 0
0.497198 -2.44761 0
0.308599 -2.29929 0
0.446798 -1.79409 0
2.45067 -0.632679 0
23.294 -19.7825 38.8935
-0.198998 -0.492509 0
0.551753 6.51382 0
7.46455 -8.16097 0
15.2315 -18.1388 15.1161
-1.8565 -5.60734 30.6942
4.57543 -9.48313 9.58441
19.6373 9.15847 5.64088
0.931821 2.19407 0
-7.48369 -18.4813 6.02058
19.0012 3.70114 8.36616
20.8494 -0.300006 29.4602
18.4339 -0.299835 10.2118
-8.79051 0.822383 0
-0.748889 -0.00682423 12.4819
21.1214 9.48142 13.8691
21.6518 12.3102 3.27294
-2.25339 -4.4446 14.6852
4.48847 0.948722 6.99704
0.144602 1.46211 0
-10.4971 8.00472 5.22477
2.27305 0.758585 0
1.90582 2.79132 0
-20.9778 27.5367 8.69847
-20.1472 15.7659 8.73572
33.5916 -6.21452 0
-16.4973 -1.65084 6.71867
-14.2223 8.67715 13.1192
6.7523 -30.2073 7.30404
-4.8173 -4.64983 12.2039
3.22881 -0.117185 0
-25.1183 -16.9716 0
8.1531 -13.5807 14.4036
14.778 -15.237 0
-27.4634 44.9868 16.685
-4.41546 19.7415 0.661928
-8.17896 2.57543 0.592586
5.5601 -1.76479 0
21.3489 -19.4592 7.94152
-8.77517 3.97662 7.32153
-4.4387 12.5242 0.0581168
0.819688 2.54209 0
4.02986 4.12874 0
-0.598341 -2.51107 0
20.8334 1.271e-06 29.4753
18.4378 0.00130372 10.2007
-4.47713 -0.185909 0
-1.42152 -1.55362 0
2.56506 -3.18571 0
-4.2784 -0.95166 13.1886
21.2704 -8.27312 30.7195
-6.7248 -6.00826 7.84755
1.74585 3.23193 0
-12.3073 15.1177 22.0479
-9.89248 -1.65637 13.0116
11.2235 13.6071 0
-15.0522 31.8913 3.60806
-21.0396 -14.4032 6.07069
10.5422 6.2585 0
2.22115 -0.530912 0
-13.7114 -7.57554 8.84529
-6.90348 -6.02343 19.3855
1.60542 14.1714 3.2083
-23.3694 3.92686 33.9478
-13.2236 5.17304 14.6442
1.82096 0.840573 0
1.23398 -2.24998 0
-1.24841 -1.62743 0
-17.8725 3.91732 10.7927
-14.1339 0.69275 0
2.05991 0.43755 0
-3.35922 -15.5043 0
-10.4036 -22.0107 8.85413
14.7318 18.1506 2.4235
-4.42194 -8.92191 5.4671
22.4201 15.4239 9.53624
-0.573647 0.426667 0
20.8494 0.300008 29.4602
18.4376 0.302455 10.1976
-8.78451 -1.33784 0
3.03828 -16.8927 11.5819
13.6693 -20.8777 4.6129
-2.72498 5.44346 0
-0.900596 -1.87853 0
-0.693496 2.12185 0
-2.80606 6.86521 0
-5.80844 5.61733 0
1.53133 1.44653 0
-5.14249 10.4541 0
2.43479 1.81145 0
18.0915 20.1286 13.557
15.3571 14.0748 0
10.3118 -0.789286 0
6.23495 -0.364068 0
6.32835 4.82986 23.7832
0.412872 9.26475 7.66976
32.884 4.49935 8.09739
-2.55258 1.91668 5.5539
2.52119 -0.1882 0
-1.08782 1.46378 0
15.9515 -13.0069 9.4519
-5.51818 -14.3644 12.6298
1.36292 7.54718 0
-1.77882 -5.14656 5.51236
2.57555 0.527467 0
-3.87705 -5.77427 0
17.678 -1.48495 0
1.28412 1.36031 0
1.32405 -2.49692 0
VERTICES 2541 5082
1 0
1 1
1 2
1 3
1 4
1 5
1 6
1 7
1 8
1 9
1 10
1 11
1 12
1 13
1 14
1 15
1 16
1 17
1 18
1 19
1 20
1 21
1 22
1 23
1 24
1 25
1 26
1 27
1 28
1 29
1 30
1 31
1 32
1 33
1 34
1 35
1 36
1 37
1 38
1 39
1 40
1 41
1 42
1 43
1 44
1 45
1 46
1 47
1 48
1 49
1 50
1 51
1 52
1 53
1 54
1 55
1 56
1 57
1 58
1 59
1 60
1 61
1 62
1 63
1 64
1 65
1 66
1 67
1 68
1 69
1 70
1 71
1 72
1 73
1 74
1 75
1 76
1 77
1 78
1 79
1 80
1 81
1 82
1 83
1 84
1 85
1 86
1 87
1 88
1 89
1 90
1 91
1 92
1 93
1 94
1 95
1 96
1 97
1 98
1 99
1 100
1 101
1 102
1 103
1 104
1 105
1 106
1 107
1 108
1 109
1 110
1 111
1 112
1 113
1 114
1 115
1 116
1 117
1 118
1 119
1 120
1 121
1 122
1 123
1 124
1 125
1 126
1 127
1 128
1 129
1 130
1 131
1 132
1 133
1 134
1 135
1 136
1 137
1 138
1 139
1 140
1 141
1 142
1 143
1 144
1 145
1 146
1 147
1 148
1 149
1 150
1 151
1 152
1 153
1 154
1 155
1 156
1 157
1 158
1 159
1 160
1 161
1 162
1 163
1 164
1 165
1 166
1 167
1 168
1 169
1 170
1 171
1 172
1 173
1 174
1 175
1 176
1 177
1 178
1 179
1 180
1 181
1 182
1 183
1 184
1 185
1 186
1 187
1 188
1 189
1 190
1 191
1 192
1 193
1 194
1 195
1 196
1 197
1 198
1 199
1 200
1 201
1 202
1 203
1 204
1 205
1 206
1 207
1 208
1 209
1 210
1 211
1 212
1 213
1 214
1 215
1 216
1 217
1 218
1 219
1 220
1 221
1 222
1 223
1 224
1 225
1 226
1 227
1 228
1 229
1 230
1 231
1 232
1 233
1 234
1 235
1 236
1 237
1 238
1 239
1 240
1 241
1 242
1 243
1 244
1 245
1 246
1 247
1 248
1 249
1 250
1 251
1 252
1 253
1 254
1 255
1 256
1 257
1 258
1 259
1 260
1 261
1 262
1 263
1 264
1 265
1 266
1 267
1 268
1 269
1 270
1 271
1 272
1 273
1 274
1 275
1 276
1 277
1 278
1 279
1 280
1 281
1 282
1 283
1 284
1 285
1 286
1 287
1 288
1 289
1 290
1 291
1 292
1 293
1 294
1 295
1 296
1 297
1 298
1 299
1 300
1 301
1 302
1 303
1 304
1 305
1 306
1 307
1 308
1 309
1 310
1 311
1 312
1 313
1 314
1 315
1 316
1 317
1 318
1 319
1 320
1 321
1 322
1 323
1 324
1 325
1 326
1 327
1 328
1 329
1 330
1 331
1 332
1 333
1 334
1 335
1 336
1 337
1 338
1 339
1 340
1 341
1 342
1 343
1 344
1 345
1 346
1 347
1 348
1 349
1 350
1 351
1 352
1 353
1 354
1 355
1 356
1 357
1 358
1 359
1 360
1 361
1 362
1 363
1 364
1 365
1 366
1 367
1 368
1 369
1 370
1 371
1 372
1 373
1 374
1 375
1 376
1 377
1 378
1 379
1 380
1 381
1 382
1 383
1 384
1 385
1 386
1 387
1 388
1 389
1 390
1 391
1 392
1 393
1 394
1 395
1 396
1 397
1 398
1 399
1 400
1 401
1 402
1 403
1 404
1 405
1 406
1 407
1 408
1 409
1 410
1 411
1 412
1 413
1 414
1 415
1 416
1 417
1 418
1 419
1 420
1 421
1 422
1 423
1 424
1 425
1 426
1 427
1 428
1 429
1 430
1 431
1 432
1 433
1 434
1 435
1 436
1 437
1 438
1 439
1 440
1 441
1 442
1 443
1 444
1 445
1 446
1 447
1 448
1 449
1 450
1 451
1 452
1 453
1 454
1 455
1 456
1 457
1 458
1 459
1 460
1 461
1 462
1 463
1 464
1 465
1 466
1 467
1 468
1 469
1 470
1 471
1 472
1 473
1 474
1 475
1 476
1 477
1 478
1 479
1 480
1 481
1 482
1 483
1 484
1 485
1 486
1 487
1 488
1 489
1 490
1 491
1 492
1 493
1 494
1 495
1 496
1 497
1 498
1 499
1 500
1 501
1 502
1 503
1 504
1 505
1 506
1 507
1 508
1 509
1 510
1 511
1 512
1 513
1 514
1 515
1 516
1 517
1 518
1 519
1 520
1 521
1 522
1 523
1 524
1 525
1 526
1 527
1 528
1 529
1 530
1 531
1 532
1 533
1 534
1 535
1 536
1 537
1 538
1 539
1 540
1 541
1 542
1 543
1 544
1 545
1 546
1 547
1 548
1 549
1 550
1 551
1 552
1 553
1 554
1 555
1 556
1 557
1 558
1 559
1 560
1 561
1 562
1 563
1 564
1 565
1 566
1 567
1 568
1 569
1 570
1 571
1 572
1 573
1 574
1 575
1 576
1 577
1 578
1 579
1 580
1 581
1 582
1 583
1 584
1 585
1 586
1 587
1 588
1 589
1 590
1 591
1 592
1 593
1 594
1 595
1 596
1 597
1 598
1 599
1 600
1 601
1 602
1 603
1 604
1 605
1 606
1 607
1 608
1 609
1 610
1 611
1 612
1 613
1 614
1 615
1 616
1 617
1 618
1 619
1 620
1 621
1 622
1 623
1 624
1 625
1 626
1 627
1 628
1 629
1 630
1 631
1 632
1 633
1 634
1 635
1 636
1 637
1 638
1 639
1 640
1 641
1 642
1 643
1 644
1 645
1 646
1 647
1 648
1 649
1 650
1 651
1 652
1 653
1 654
1 655
1 656
1 657
1 658
1 659
1 660
1 661
1 662
1 663
1 664
1 665
1 666
1 667
1 668
1 669
1 670
1 671
1 672
1 673
1 674
1 675
1 676
1 677
1 678
1 679
1 680
1 681
1 682
1 683
1 684
1 685
1 686
1 687
1 688
1 689
1 690
1 691
1 692
1 693
1 694
1 695
1 696
1 697
1 698
1 699
1 700
1 701
1 702
1 703
1 704
1 705
1 706
1 707
1 708
1 709
1 710
1 711
1 712
1 713
1 714
1 715
1 716
1 717
1 718
1 719
1 720
1 721
1 722
1 723
1 724
1 725
1 726
1 727
1 728
1 729
1 730
1 731
1 732
1 733
1 734
1 735
1 736
1 737
1 738
1 739
1 740
1 741
1 742
1 743
1 744
1 745
1 746
1 747
1 748
1 749
1 750
1 751
1 752
1 753
1 754
1 755
1 756
1 757
1 758
1 759
1 760
1 761
1 762
1 763
1 764
1 765
1 766
1 767
1 768
1 769
1 770
1 771
1 772
1 773
1 774
1 775
1 776
1 777
1 778
1 779
1 780
1 781
1 782
1 783
1 784
1 785
1 786
1 787
1 788
1 789
1 790
1 791
1 792
1 793
1 794
1 795
1 796
1 797
1 798
1 799
1 800
1 801
1 802
1 803
1 804
1 805
1 806
1 807
1 808
1 809
1 810
1 811
1 812
1 813
1 814
1 815
1 816
1 817
1 818
1 819
1 820
1 821
1 822
1 823
1 824
1 825
1 826
1 827
1 828
1 829
1 830
1 831
1 832
1 833
1 834
1 835
1 836
1 837
1 838
1 839
1 840
1 841
1 842
1 843
1 844
1 845
1 846
1 847
1 848
1 849
1 850
1 851
1 852
1 853
1 854
1 855
1 856
1 857
1 858
1 859
1 860
1 861
1 862
1 863
1 864
1 865
1 866
1 867
1 868
1 869
1 870
1 871
1 872
1 873
1 874
1 875
1 876
1 877
1 878
1 879
1 880
1 881
1 882
1 883
1 884
1 885
1 886
1 887
1 888
1 889
1 890
1 891
1 892
1 893
1 894
1 895
1 896
1 897
1 898
1 899
1 900
1 901
1 902
1 903
1 904
1 905
1 906
1 907
1 908
1 909
1 910
1 911
1 912
1 913
1 914
1 915
1 916
1 917
1 918
1 919
1 920
1 921
1 922
1 923
1 924
1 925
1 926
1 927
1 928
1 929
1 930
1 931
1 932
1 933
1 934
1 935
1 936
1 937
1 938
1 939
1 940
1 941
1 942
1 943
1 944
1 945
1 946
1 947
1 948
1 949
1 950
1 951
1 952
1 953
1 954
1 955
1 956
1 957
1 958
1 959
1 960
1 961
1 962
1 963
1 964
1 965
1 966
1 967
1 968
1 969
1 970
1 971
1 972
1 973
1 974
1 975
1 976
1 977
1 978
1 979
1 980
1 981
1 982
1 983
1 984
1 985
1 986
1 987
1 988
1 989
1 990
1 991
1 992
1 993
1 994
1 995
1 996
1 997
1 998
1 999
1 1000
1 1001
1 1002
1 1003
1 1004
1 1005
1 1006
1 1007
1 1008
1 1009
1 1010
1 1011
1 1012
1 1013
1 1014
1 1015
1 1016
1 1017
1 1018
1 1019
1 1020
1 1021
1 1022
1 1023
1 1024
1 1025
1 1026
1 1027
1 1028
1 1029
1 1030
1 1031
1 1032
1 1033
1 1034
1 1035
1 1036
1 1037
1 1038
1 1039
1 1040
1 1041
1 1042
1 1043
1 1044
1 1045
1 1046
1 1047
1 1048
1 1049
1 1050
1 1051
1 1052
1 1053
1 1054
1 1055
1 1056
1 1057
1 1058
1 1059
1 1060
1 1061
1 1062
1 1063
1 1064
1 1065
1 1066
1 1067
1 1068
1 1069
1 1070
1 1071
1 1072
1 1073
1 1074
1 1075
1 1076
1 1077
1 1078
1 1079
1 1080
1 1081
1 1082
1 1083
1 1084
1 1085
1 1086
1 1087
1 1088
1 1089
1 1090
1 1091
1 1092
1 1093
1 1094
1 1095
1 1096
1 1097
1 1098
1 1099
1 1100
1 1101
1 1102
1 1103
1 1104
1 1105
1 1106
1 1107
1 1108
1 1109
1 1110
1 1111
1 1112
1 1113
1 1114
1 1115
1 1116
1 1117
1 1118
1 1119
1 1120
1 1121
1 1122
1 1123
1 1124
1 1125
1 1126
1 1127
1 1128
1 1129
1 1130
1 1131
1 1132
1 1133
1 1134
1 1135
1 1136
1 1137
1 1138
1 1139
1 1140
1 1141
1 1142
1 1143
1 1144
1 1145
1 1146
1 1147
1 1148
1 1149
1 1150
1 1151
1 1152
1 1153
1 1154
1 1155
1 1156
1 1157
1 1158
1 1159
1 1160
1 1161
1 1162
1 1163
1 1164
1 1165
1 1166
1 1167
1 1168
1 1169
1 1170
1 1171
1 1172
1 1173
1 1174
1 1175
1 1176
1 1177
1 1178
1 1179
1 1180
1 1181
1 1182
1 1183
1 1184
1 1185
1 1186
1 1187
1 1188
1 1189
1 1190
1 1191
1 1192
1 1193
1 1194
1 1195
1 1196
1 1197
1 1198
1 1199
1 1200
1 1201
1 1202
1 1203
1 1204
1 1205
1 1206
1 1207
1 1208
1 1209
1 1210
1 1211
1 1212
1 1213
1 1214
1 1215
1 1216
1 1217
1 1218
1 1219
1 1220
1 1221
1 1222
1 1223
1 1224
1 1225
1 1226
1 1227
1 1228
1 1229
1 1230
1 1231
1 1232
1 1233
1 1234
1 1235
1 1236
1 1237
1 1238
1 1239
1 1240
1 1241
1 1242
1 1243
1 1244
1 1245
1 1246
1 1247
1 1248
1 1249
1 1250
1 1251
1 1252
1 1253
1 1254
1 1255
1 1256
1 1257
1 1258
1 1259
1 1260
1 1261
1 1262
1 1263
1 1264
1 1265
1 1266
1 1267
1 1268
1 1269
1 1270
1 1271
1 1272
1 1273
1 1274
1 1275
1 1276
1 1277
1 1278
1 1279
1 1280
1 1281
1 1282
1 1283
1 1284
1 1285
1 1286
1 1287
1 1288
1 1289
1 1290
1 1291
1 1292
1 1293
1 1294
1 1295
1 1296
1 1297
1 1298
1 1299
1 1300
1 1301
1 1302
1 1303
1 1304
1 1305
1 1306
1 1307
1 1308
1 1309
1 1310
1 1311
1 1312
1 1313
1 1314
1 1315
1 1316
1 1317
1 1318
1 1319
1 1320
1 1321
1 1322
1 1323
1 1324
1 1325
1 1326
1 1327
1 1328
1 1329
1 1330
1 1331
1 1332
1 1333
1 1334
1 1335
1 1336
1 1337
1 1338
1 1339
1 1340
1 1341
1 1342
1 1343
1 1344
1 1345
1 1346
1 1347
1 1348
1 1349
1 1350
1 1351
1 1352
1 1353
1 1354
1 1355
1 1356
1 1357
1 1358
1 1359
1 1360
1 1361
1 1362
1 1363
1 1364
1 1365
1 1366
1 1367
1 1368
1 1369
1 1370
1 1371
1 1372
1 1373
1 1374
1 1375
1 1376
1 1377
1 1378
1 1379
1 1380
1 1381
1 1382
1 1383
1 1384
1 1385
1 1386
1 1387
1 1388
1 1389
1 1390
1 1391
1 1392
1 1393
1 1394
1 1395
1 1396
1 1397
1 1398
1 1399
1 1400
1 1401
1 1402
1 1403
1 1404
1 1405
1 1406
1 1407
1 1408
1 1409
1 1410
1 1411
1 1412
1 1413
1 1414
1 1415
1 1416
1 1417
1 1418
1 1419
1 1420
1 1421
1 1422
1 1423
1 1424
1 1425
1 1426
1 1427
1 1428
1 1429
1 1430
1 1431
1 1432
1 1433
1 1434
1 1435
1 1436
1 1437
1 1438
1 1439
1 1440
1 1441
1 1442
1 1443
1 1444
1 1445
1 1446
1 1447
1 1448
1 1449
1 1450
1 1451
1 1452
1 1453
1 1454
1 1455
1 1456
1 1457
1 1458
1 1459
1 1460
1 1461
1 1462
1 1463
1 1464
1 1465
1 1466
1 1467
1 1468
1 1469
1 1470
1 1471
1 1472
1 1473
1 1474
1 1475
1 1476
1 1477
1 1478
1 1479
1 1480
1 1481
1 1482
1 1483
1 1484
1 1485
1 1486
1 1487
1 1488
1 1489
1 1490
1 1491
1 1492
1 1493
1 1494
1 1495
1 1496
1 1497
1 1498
1 1499
1 1500
1 1501
1 1502
1 1503
1 1504
1 1505
1 1506
1 1507
1 1508
1 1509
1 1510
1 1511
1 1512
1 1513
1 1514
1 1515
1 1516
1 1517
1 1518
1 1519
1 1520
1 1521
1 1522
1 1523
1 1524
1 1525
1 1526
1 1527
1 1528
1 1529
1 1530
1 1531
1 1532
1 1533
1 1534
1 1535
1 1536
1 1537
1 1538
1 1539
1 1540
1 1541
1 1542
1 1543
1 1544
1 1545
1 1546
1 1547
1 1548
1 1549
1 1550
1 1551
1 1552
1 1553
1 1554
1 1555
1 1556
1 1557
1 1558
1 1559
1 1560
1 1561
1 1562
1 1563
1 1564
1 1565
1 1566
1 1567
1 1568
1 1569
1 1570
1 1571
1 1572
1 1573
1 1574
1 1575
1 1576
1 1577
1 1578
1 1579
1 1580
1 1581
1 1582
1 1583
1 1584
1 1585
1 1586
1 1587
1 1588
1 1589
1 1590
1 1591
1 1592
1 1593
1 1594
1 1595
1 1596
1 1597
1 1598
1 1599
1 1600
1 1601
1 1602
1 1603
1 1604
1 1605
1 1606
1 1607
1 1608
1 1609
1 1610
1 1611
1 1612
1 1613
1 1614
1 1615
1 1616
1 1617
1 1618
1 1619
1 1620
1 1621
1 1622
1 1623
1 1624
1 1625
1 1626
1 1627
1 1628
1 1629
1 1630
1 1631
1 1632
1 1633
1 1634
1 1635
1 1636
1 1637
1 1638
1 1639
1 1640
1 1641
1 1642
1 1643
1 1644
1 1645
1 1646
1 1647
1 1648
1 1649
1 1650
1 1651
1 1652
1 1653
1 1654
1 1655
1 1656
1 1657
1 1658
1 1659
1 1660
1 1661
1 1662
1 1663
1 1664
1 1665
1 1666
1 1667
1 1668
1 1669
1 1670
1 1671
1 1672
1 1673
1 1674
1 1675
1 1676
1 1677
1 1678
1 1679
1 1680
1 1681
1 1682
1 1683
1 1684
1 1685
1 1686
1 1687
1 1688
1 1689
1 1690
1 1691
1 1692
1 1693
1 1694
1 1695
1 1696
1 1697
1 1698
1 1699
1 1700
1 1701
1 1702
1 1703
1 1704
1 1705
1 1706
1 1707
1 1708
1 1709
1 1710
1 1711
1 1712
1 1713
1 1714
1 1715
1 1716
1 1717
1 1718
1 1719
1 1720
1 1721
1 1722
1 1723
1 1724
1 1725
1 1726
1 1727
1 1728
1 1729
1 1730
1 1731
1 1732
1 1733
1 1734
1 1735
1 1736
1 1737
1 1738
1 1739
1 1740
1 1741
1 1742
1 1743
1 1744
1 1745
1 1746
1 1747
1 1748
1 1749
1 1750
1 1751
1 1752
1 1753
1 1754
1 1755
1 1756
1 1757
1 1758
1 1759
1 1760
1 1761
1 1762
1 1763
1 1764
1 1765
1 1766
1 1767
1 1768
1 1769
1 1770
1 1771
1 1772
1 1773
1 1774
1 1775
1 1776
1 1777
1 1778
1 1779
1 1780
1 1781
1 1782
1 1783
1 1784
1 1785
1 1786
1 1787
1 1788
1 1789
1 1790
1 1791
1 1792
1 1793
1 1794
1 1795
1 1796
1 1797
1 1798
1 1799
1 1800
1 1801
1 1802
1 1803
1 1804
1 1805
1 1806
1 1807
1 1808
1 1809
1 1810
1 1811
1 1812
1 1813
1 1814
1 1815
1 1816
1 1817
1 1818
1 1819
1 1820
1 1821
1 1822
1 1823
1 1824
1 1825
1 1826
1 1827
1 1828
1 1829
1 1830
1 1831
1 1832
1 1833
1 1834
1 1835
1 1836
1 1837
1 1838
1 1839
1 1840
1 1841
1 1842
1 1843
1 1844
1 1845
1 1846
1 1847
1 1848
1 1849
1 1850
1 1851
1 1852
1 1853
1 1854
1 1855
1 1856
1 1857
1 1858
1 1859
1 1860
1 1861
1 1862
1 1863
1 1864
1 1865
1 1866
1 1867
1 1868
1 1869
1 1870
1 1871
1 1872
1 1873
1 1874
1 1875
1 1876
1 1877
1 1878
1 1879
1 1880
1 1881
1 1882
1 1883
1 1884
1 1885
1 1886
1 1887
1 1888
1 1889
1 1890
1 1891
1 1892
1 1893
1 1894
1 1895
1 1896
1 1897
1 1898
1 1899
1 1900
1 1901
1 1902
1 1903
1 1904
1 1905
1 1906
1 1907
1 1908
1 1909
1 1910
1 1911
1 1912
1 1913
1 1914
1 1915
1 1916
1 1917
1 1918
1 1919
1 1920
1 1921
1 1922
1 1923
1 1924
1 1925
1 1926
1 1927
1 1928
1 1929
1 1930
1 1931
1 1932
1 1933
1 1934
1 1935
1 1936
1 1937
1 1938
1 1939
1 1940
1 1941
1 1942
1 1943
1 1944
1 1945
1 1946
1 1947
1 1948
1 1949
1 1950
1 1951
1 1952
1 1953
1 1954
1 1955
1 1956
1 1957
1 1958
1 1959
1 1960
1 1961
1 1962
1 1963
1 1964
1 1965
1 1966
1 1967
1 1968
1 1969
1 1970
1 1971
1 1972
1 1973
1 1974
1 1975
1 1976
1 1977
1 1978
1 1979
1 1980
1 1981
1 1982
1 1983
1 1984
1 1985
1 1986
1 1987
1 1988
1 1989
1 1990
1 1991
1 1992
1 1993
1 1994
1 1995
1 1996
1 1997
1 1998
1 1999
1 2000
1 2001
1 2002
1 2003
1 2004
1 2005
1 2006
1 2007
1 2008
1 2009
1 2010
1 2011
1 2012
1 2013
1 2014
1 2015
1 2016
1 2017
1 2018
1 2019
1 2020
1 2021
1 2022
1 2023
1 2024
1 2025
1 2026
1 2027
1 2028
1 2029
1 2030
1 2031
1 2032
1 2033
1 2034
1 2035
1 2036
1 2037
1 2038
1 2039
1 2040
1 2041
1 2042
1 2043
1 2044
1 2045
1 2046
1 2047
1 2048
1 2049
1 2050
1 2051
1 2052
1 2053
1 2054
1 2055
1 2056
1 2057
1 2058
1 2059
1 2060
1 2061
1 2062
1 2063
1 2064
1 2065
1 2066
1 2067
1 2068
1 2069
1 2070
1 2071
1 2072
1 2073
1 2074
1 2075
1 2076
1 2077
1 2078
1 2079
1 2080
1 2081
1 2082
1 2083
1 2084
1 2085
1 2086
1 2087
1 2088
1 2089
1 2090
1 2091
1 2092
1 2093
1 2094
1 2095
1 2096
1 2097
1 2098
1 2099
1 2100
1 2101
1 2102
1 2103
1 2104
1 2105
1 2106
1 2107
1 2108
1 2109
1 2110
1 2111
1 2112
1 2113
1 2114
1 2115
1 2116
1 2117
1 2118
1 2119
1 2120
1 2121
1 2122
1 2123
1 2124
1 2125
1 2126
1 2127
1 2128
1 2129
1 2130
1 2131
1 2132
1 2133
1 2134
1 2135
1 2136
1 2137
1 2138
1 2139
1 2140
1 2141
1 2142
1 2143
1 2144
1 2145
1 2146
1 2147
1 2148
1 2149
1 2150
1 2151
1 2152
1 2153
1 2154
1 2155
1 2156
1 2157
1 2158
1 2159
1 2160
1 2161
1 2162
1 2163
1 2164
1 2165
1 2166
1 2167
1 2168
1 2169
1 2170
1 2171
1 2172
1 2173
1 2174
1 2175
1 2176
1 2177
1 2178
1 2179
1 2180
1 2181
1 2182
1 2183
1 2184
1 2185
1 2186
1 2187
1 2188
1 2189
1 2190
1 2191
1 2192
1 2193
1 2194
1 2195
1 2196
1 2197
1 2198
1 2199
1 2200
1 2201
1 2202
1 2203
1 2204
1 2205
1 2206
1 2207
1 2208
1 2209
1 2210
1 2211
1 2212
1 2213
1 2214
1 2215
1 2216
1 2217
1 2218
1 2219
1 2220
1 2221
1 2222
1 2223
1 2224
1 2225
1 2226
1 2227
1 2228
1 2229
1 2230
1 2231
1 2232
1 2233
1 2234
1 2235
1 2236
1 2237
1 2238
1 2239
1 2240
1 2241
1 2242
1 2243
1 2244
1 2245
1 2246
1 2247
1 2248
1 2249
1 2250
1 2251
1 2252
1 2253
1 2254
1 2255
1 2256
1 2257
1 2258
1 2259
1 2260
1 2261
1 2262
1 2263
1 2264
1 2265
1 2266
1 2267
1 2268
1 2269
1 2270
1 2271
1 2272
1 2273
1 2274
1 2275
1 2276
1 2277
1 2278
1 2279
1 2280
1 2281
1 2282
1 2283
1 2284
1 2285
1 2286
1 2287
1 2288
1 2289
1 2290
1 2291
1 2292
1 2293
1 2294
1 2295
1 2296
1 2297
1 2298
1 2299
1 2300
1 2301
1 2302
1 2303
1 2304
1 2305
1 2306
1 2307
1 2308
1 2309
1 2310
1 2311
1 2312
1 2313
1 2314
1 2315
1 2316
1 2317
1 2318
1 2319
1 2320
1 2321
1 2322
1 2323
1 2324
1 2325
1 2326
1 2327
1 2328
1 2329
1 2330
1 2331
1 2332
1 2333
1 2334
1 2335
1 2336
1 2337
1 2338
1 2339
1 2340
1 2341
1 2342
1 2343
1 2344
1 2345
1 2346
1 2347
1 2348
1 2349
1 2350
1 2351
1 2352
1 2353
1 2354
1 2355
1 2356
1 2357
1 2358
1 2359
1 2360
1 2361
1 2362
1 2363
1 2364
1 2365
1 2366
1 2367
1 2368
1 2369
1 2370
1 2371
1 2372
1 2373
1 2374
1 2375
1 2376
1 2377
1 2378
1 2379
1 2380
1 2381
1 2382
1 2383
1 2384
1 2385
1 2386
1 2387
1 2388
1 2389
1 2390
1 2391
1 2392
1 2393
1 2394
1 2395
1 2396
1 2397
1 2398
1 2399
1 2400
1 2401
1 2402
1 2403
1 2404
1 2405
1 2406
1 2407
1 2408
1 2409
1 2410
1 2411
1 2412
1 2413
1 2414
1 2415
1 2416
1 2417
1 2418
1 2419
1 2420
1 2421
1 2422
1 2423
1 2424
1 2425
1 2426
1 2427
1 2428
1 2429
1 2430
1 2431
1 2432
1 2433
1 2434
1 2435
1 2436
1 2437
1 2438
1 2439
1 2440
1 2441
1 2442
1 2443
1 2444
1 2445
1 2446
1 2447
1 2448
1 2449
1 2450
1 2451
1 2452
1 2453
1 2454
1 2455
1 2456
1 2457
1 2458
1 2459
1 2460
1 2461
1 2462
1 2463
1 2464
1 2465
1 2466
1 2467
1 2468
1 2469
1 2470
1 2471
1 2472
1 2473
1 2474
1 2475
1 2476
1 2477
1 2478
1 2479
1 2480
1 2481
1 2482
1 2483
1 2484
1 2485
1 2486
1 2487
1 2488
1 2489
1 2490
1 2491
1 2492
1 2493
1 2494
1 2495
1 2496
1 2497
1 2498
1 2499
1 2500
1 2501
1 2502
1 2503
1 2504
1 2505
1 2506
1 2507
1 2508
1 2509
1 2510
1 2511
1 2512
1 2513
1 2514
1 2515
1 2516
1 2517
1 2518
1 2519
1 2520
1 2521
1 2522
1 2523
1 2524
1 2525
1 2526
1 2527
1 2528
1 2529
1 2530
1 2531
1 2532
1 2533
1 2534
1 2535
1 2536
1 2537
1 2538
1 2539
1 2540
POINT_DATA 2541
SCALARS density float 1
LOOKUP_TABLE default
500
500
500
500
500
500
500
500
500
500
500
500
500
500
500
500
500
500
500
500
500
500
500
500
500
500
500
500
500
500
500
500
500
500
500
500
500
500
500
500
500
500
500
500
500
500
500
500
500
500
500
500
500
500
500
500
500
500
500
500
500
500
500
500
500
500
500
500
500
500
500
500
500
500
500
500
500
500
500
500
500
500
500
500
500
500
500
500
500
500
500
500
500
500
500
500
500
500
500
500
500
500
500
500
500
500
500
500
500
500
500
500
500
500
500
500
500
500
500
500
500
500
500
500
500
500
500
500
500
500
500
500
500
500
500
500
500
500
500
500
500
500
500
500
500
500
500
500
500
500
500
500
500
500
500
500
500
500
500
500
500
500
500
500
500
500
500
500
500
500
500
500
500
500
500
500
500
500
500
500
500
500
500
500
500
500
500
500
500
500
500
500
500
500
500
500
500
500
500
500
500
500
500
500
500
500
500
500
500
500
500
500
500
500
500
500
500
500
500
500
500
500
500
500
500
500
500
500
500
500
500
500
500
500
500
500
500
500
500
500
500
500
500
500
500
500
500
500
500
500
500
500
500
500
500
500
500
500
500
500
500
500
500
500
500
500
500
500
500
500
500
500
500
500
500
500
500
500
500
500
500
500
500
500
500
500
500
500
500
500
500
500
500
500
500
500
500
500
500
500
500
500
500
500
500
500
500
500
500
500
500
500
500
500
500
500
500
500
500
500
500
500
500
500
500
500
500
500
500
500
500
500
500
500
500
500
500
500
500
500
500
500
500
500
500
500
500
500
500
500
500
500
500
500
500
500
500
500
500
500
500
500
500
500
500
500
500
500
500
500
500
500
500
500
500
500
500
500
500
500
500
500
500
500
500
500
500
500
500
500
500
500
500
500
500
500
500
500
500
500
500
500
500
500
500
500
500
500
500
500
500
500
500
500
500
500
500
500
500
500
500
500
500
500
500
500
500
500
500
500
500
500
500
500
500
500
500
500
500
500
500
500
500
500
500
500
500
500
500
500
500
500
500
500
500
500
500
500
500
500
500
500
500
500
500
500
500
500
500
500
500
500
500
500
500
500
500
500
500
500
500
500
500
500
500
500
500
500
500
500
500
500
500
500
500
500
500
500
500
500
500
500
500
500
500
500
500
500
500
500
500
500
500
500
500
500
500
500
500
500
500
500
500
500
500
500
500
500
500
500
500
500
500
500
500
500
500
500
500
500
500
500
500
500
500
500
500
500
500
500
500
500
500
500
500
500
500
500
500
500
500
500
500
500
500
500
500
500
500
500
500
500
500
500
500
500
500
500
500
500
500
500
500
500
500
500
500
500
500
500
500
500
500
500
500
500
500
500
500
500
500
500
500
500
500
500
500
500
500
500
500
500
500
500
500
500
500
500
500
500
500
500
500
500
500
500
500
500
500
500
500
500
500
500
500
500
500
500
500
500
500
500
500
500
500
500
500
500
500
500
500
500
500
500
500
500
500
500
500
500
500
500
500
500
500
500
500
500
500
500
500
500
500
500
500
500
500
500
500
500
500
500
500
500
500
500
500
500
500
500
500
500
500
500
500
500
500
500
500
500
500
500
500
500
500
500
500
500
500
500
500
500
500
500
500
500
500
500
500
500
500
500
500
500
500
500
500
500
500
500
500
500
500
500
500
500
500
500
500
500
500
500
500
500
500
500
500
500
500
500
500
500
500
500
500
500
500
500
500
500
500
500
500
500
500
500
500
500
500
500
500
500
500
500
500
500
500
500
500
500
500
500
500
500
500
500
500
500
500
500
500
500
500
500
500
500
500
500
500
500
500
500
500
500
500
500
500
500
500
500
500
500
500
500
500
500
500
500
500
500
500
500
500
500
500
500
500
500
500
500
500
500
500
500
500
500
500
500
500
500
500
500
500
500
500
500
500
500
500
500
500
500
500
500
500
500
500
500
500
500
500
500
500
500
500
500
500
500
500
500
500
500
500
500
500
500
500
500
500
500
500
500
500
500
500
500
500
500
500
500
500
500
500
500
500
500
500
500
500
500
500
500
500
500
500
500
500
500
500
500
500
500
500
500
500
500
500
500
500
500
500
500
500
500
500
500
500
500
500
500
500
500
500
500
500
500
500
500
500
500
500
500
500
500
500
500
500
500
500
500
500
500
500
500
500
500
500
500
500
500
500
500
500
500
500
500
500
500
500
500
500
500
500
500
500
500
500
500
500
500
500
500
500
500
500
500
500
500
500
500
500
500
500
500
500
500
500
500
500
500
500
500
500
500
500
500
500
500
500
500
500
500
500
500
500
500
500
500
500
500
500
500
500
500
500
500
500
500
500
500
500
500
500
500
500
500
500
500
500
500
500
500
500
500
500
500
500
500
500
500
500
500
500
500
500
500
500
500
500
500
500
500
500
500
500
500
500
500
500
500
500
500
500
500
500
500
500
500
500
500
500
500
500
500
500
500
500
500
500
500
500
500
500
500
500
500
500
500
500
500
500
500
500
500
500
500
500
500
500
500
500
500
500
500
500
500
500
500
500
500
500
500
500
500
500
500
500
500
500
500
500
500
500
500
500
500
500
500
500
500
500
500
500
500
500
500
500
500
500
500
500
500
500
500
500
500
500
500
500
500
500
500
500
500
500
500
500
500
500
500
500
500
500
500
500
500
500
500
500
500
500
500
500
500
500
500
500
500
500
500
500
500
500
500
500
500
500
500
500
500
500
500
500
500
500
500
500
500
500
500
500
500
500
500
500
500
500
500
500
500
500
500
500
500
500
500
500
500
500
500
500
500
500
500
500
500
500
500
500
500
500
500
500
500
500
500
500
500
500
500
500
500
500
500
500
500
500
500
500
500
500
500
500
500
500
500
500
500
500
500
500
500
500
500
500
500
500
500
500
500
500
500
500
500
500
500
500
500
500
500
500
500
500
500
500
500
500
500
500
500
500
500
500
500
500
500
500
500
500
500
500
500
500
500
500
500
500
500
500
500
500
500
500
500
500
500
500
500
500
500
500
500
500
500
500
500
500
500
500
500
500
500
500
500
500
500
500
500
500
500
500
500
500
500
500
500
500
500
500
500
500
500
500
500
500
500
500
500
500
500
500
500
500
500
500
500
500
500
500
500
500
500
500
500
500
500
500
500
500
500
500
500
500
500
500
500
500
500
500
500
500
500
500
500
500
500
500
500
500
500
500
500
500
500
500
500
500
500
500
500
500
500
500
500
500
500
500
500
500
500
500
500
500
500
500
500
500
500
500
500
500
500
500
500
500
500
500
500
500
500
500
500
500
500
500
500
500
500
500
500
500
500
500
500
500
500
500
500
500
500
500
500
500
500
500
500
500
500
500
500
500
500
500
500
500
500
500
500
500
500
500
500
500
500
500
500
500
500
500
500
500
500
500
500
500
500
500
500
500
500
500
500
500
500
500
500
500
500
500
500
500
500
500
500
500
500
500
500
500
500
500
500
500
500
500
500
500
500
500
500
500
500
500
500
500
500
500
500
500
500
500
500
500
500
500
500
500
500
500
500
500
500
500
500
500
500
500
500
500
500
500
500
500
500
500
500
500
500
500
500
500
500
500
500
500
500
500
500
500
500
500
500
500
500
500
500
500
500
500
500
500
500
500
500
500
500
500
500
500
500
500
500
500
500
500
500
500
500
500
500
500
500
500
500
500
500
500
500
500
500
500
500
500
500
500
500
500
500
500
500
500
500
500
500
500
500
500
500
500
500
500
500
500
500
500
500
500
500
500
500
500
500
500
500
500
500
500
500
500
500
500
500
500
500
500
500
500
500
500
500
500
500
500
500
500
500
500
500
500
500
500
500
500
500
500
500
500
500
500
500
500
500
500
500
500
500
500
500
500
500
500
500
500
500
500
500
500
500
500
500
500
500
500
500
500
500
500
500
500
500
500
500
500
500
500
500
500
500
500
500
500
500
500
500
500
500
500
500
500
500
500
500
500
500
500
500
500
500
500
500
500
500
500
500
500
500
500
500
500
500
500
500
500
500
500
500
500
500
500
500
500
500
500
500
500
500
500
500
500
500
500
500
500
500
500
500
500
500
500
500
500
500
500
500
500
500
500
500
500
500
500
500
500
500
500
500
500
500
500
500
500
500
500
500
500
500
500
500
500
500
500
500
500
500
500
500
500
500
500
500
500
500
500
500
500
500
500
500
500
500
500
500
500
500
500
500
500
500
500
500
500
500
500
500
500
500
500
500
500
500
500
500
500
500
500
500
500
500
500
500
500
500
500
500
500
500
500
500
500
500
500
500
500
500
500
500
500
500
500
500
500
500
500
500
500
500
500
500
500
500
500
500
500
500
500
500
500
500
500
500
500
500
500
500
500
500
500
500
500
500
500
500
500
500
500
500
500
500
500
500
500
500
500
500
500
500
500
500
500
500
500
500
500
500
500
500
500
500
500
500
500
500
500
500
500
500
500
500
500
500
500
500
500
500
500
500
500
500
500
500
500
500
500
500
500
500
500
500
500
500
500
500
500
500
500
500
500
500
500
500
500
500
500
500
500
500
500
500
500
500
500
500
500
500
500
500
500
500
500
500
500
500
500
500
500
500
500
500
500
500
500
500
500
500
500
500
500
500
500
500
500
500
500
500
500
500
500
500
500
500
500
500
500
500
500
500
500
500
500
500
500
500
500
500
500
500
500
500
500
500
500
500
500
500
500
500
500
500
500
500
500
500
500
500
500
500
500
500
500
500
500
500
500
500
500
500
500
500
500
500
500
500
500
500
500
500
500
500
500
500
500
500
500
500
500
500
500
500
500
500
500
500
500
500
500
500
500
500
500
500
500
500
500
500
500
500
500
500
500
500
500
500
500
500
500
500
500
500
500
500
500
500
500
500
500
500
500
500
500
500
500
500
500
500
500
500
500
500
500
500
500
500
500
500
500
500
500
500
500
500
500
500
500
500
500
500
500
500
500
500
500
500
500
500
500
500
500
500
500
500
500
500
500
500
500
500
500
500
500
500
500
500
500
500
500
500
500
500
500
500
500
500
500
500
500
500
500
500
500
500
500
500
500
500
500
500
500
500
500
500
500
500
500
500
500
500
500
500
500
500
500
500
500
500
500
500
500
500
500
500
500
500
500
500
500
500
500
500
500
500
500
500
500
500
500
500
500
500
500
500
500
500
500
500
500
500
500
500
500
500
500
500
500
500
500
500
500
500
500
500
500
500
500
500
500
500
500
500
500
500
500
500
500
500
500
500
500
500
500
500
500
500
500
500
500
500
500
500
500
500
500
500
500
500
500
500
500
500
500
500
500
500
500
500
500
500
500
500
500
500
500
500
500
500
500
500
500
500
500
500
500
500
500
500
500
500
500
500
500
500
500
500
500
500
500
500
500
500
500
500
500
500
500
500
500
500
500
500
500
500
500
500
500
500
500
500
500
500
500
500
500
500
500
500
500
500
500
500
500
500
500
500
500
500
500
500
500
500
500
500
500
500
500
500
500
500
500
500
500
500
500
500
500
500
500
500
500
500
500
500
500
500
500
500
500
500
500
500
500
500
500
500
500
500
500
500
500
500
500
500
500
500
500
500
500
500
500
500
500
500
500
500
500
500
500
500
500
500
500
500
500
500
500
500
500
500
500
500
500
500
500
500
500
500
500
500
500
500
500
500
500
500
500
500
500
500
500
500
500
500
500
500
500
500
500
500
500
500
500
500
500
500
500
500
500
500
500
500
500
500
500
500
500
500
500
500
500
500
500
500
500
SCALARS pressure float 1
LOOKUP_TABLE default
0
0
0
0
0
0
0
0
0
0
0
0
0
0
0
0
0
0
0
0
0
0
0
0
0
0
0
0
0
0
0
0
0
0
0
0
0
0
0
0
0
0
0
0
0
0
0
0
0
0
0
0
0
0
0
0
0
0
0
0
0
0
0
0
0
0
0
0
0
0
0
0
0
0
0
0
0
0
0
0
0
0
0
0
0
0
0
0
0
0
0
0
0
0
0
0
0
0
0
0
0
0
0
0
0
0
0
0
0
0
0
0
0
0
0
0
0
0
0
0
0
0
0
0
0
0
0
0
0
0
0
0
0
0
0
0
0
0
0
0
0
0
0
0
0
0
0
0
0
0
0
0
0
0
0
0
0
0
0
0
0
0
0
0
0
0
0
0
0
0
0
0
0
0
0
0
0
0
0
0
0
0
0
0
0
0
0
0
0
0
0
0
0
0
0
0
0
0
0
0
0
0
0
0
0
0
0
0
0
0
0
0
0
0
0
0
0
0
0
0
0
0
0
0
0
0
0
0
0
0
0
0
0
0
0
0
0
0
0
0
0
0
0
0
0
0
0
0
0
0
0
0
0
0
0
0
0
0
0
0
0
0
0
0
0
0
0
0
0
0
0
0
0
0
0
0
0
0
0
0
0
0
0
0
0
0
0
0
0
0
0
0
0
0
0
0
0
0
0
0
0
0
0
0
0
0
0
0
0
0
0
0
0
0
0
0
0
0
0
0
0
0
0
0
0
0
0
0
0
0
0
0
0
0
0
0
0
0
0
0
0
0
0
0
0
0
0
0
0
0
0
0
0
0
0
0
0
0
0
0
0
0
0
0
0
0
0
0
0
0
0
0
0
0
0
0
0
0
0
0
0
0
0
0
0
0
0
0
0
0
0
0
0
0
0
0
0
0
0
0
0
0
0
0
0
0
0
0
0
0
0
0
0
0
0
0
0
0
0
0
0
0
0
0
0
0
0
0
0
0
0
0
0
0
0
0
0
0
0
0
0
0
0
0
0
0
0
0
0
0
0
0
0
0
0
0
0
0
0
0
0
0
0
0
0
0
0
0
0
0
0
0
0
0
0
0
0
0
0
0
0
0
0
0
0
0
0
0
0
0
0
0
0
0
0
0
0
0
0
0
0
0
0
0
0
0
0
0
0
0
0
0
0
0
0
0
0
0
0
0
0
0
0
0
0
0
0
0
0
0
0
0
0
0
0
0
0
0
0
0
0
0
0
0
0
0
0
0
0
0
0
0
0
0
0
0
0
0
0
0
0
0
0
0
0
0
0
0
0
0
0
0
0
0
0
0
0
0
0
0
0
0
0
0
0
0
0
0
0
0
0
0
0
0
0
0
0
0
0
0
0
0
0
0
0
0
0
0
0
0
0
0
0
0
0
0
0
0
0
0
0
0
0
0
0
0
0
0
0
0
0
0
0
0
0
0
0
0
0
0
0
0
0
0
0
0
0
0
0
0
0
0
0
0
0
0
0
0
0
0
0
0
0
0
0
0
0
0
0
0
0
0
0
0
0
0
0
0
0
0
0
0
0
0
0
0
0
0
0
0
0
0
0
0
0
0
0
0
0
0
0
0
0
0
0
0
0
0
0
0
0
0
0
0
0
0
0
0
0
0
0
0
0
0
0
0
0
0
0
0
0
0
0
0
0
0
0
0
0
0
0
0
0
0
0
0
0
0
0
0
0
0
0
0
0
0
0
0
0
0
0
0
0
0
0
0
0
0
0
0
0
0
0
0
0
0
0
0
0
0
0
0
0
0
0
0
0
0
0
0
0
0
0
0
0
0
0
0
0
0
0
0
0
0
0
0
0
0
0
0
0
0
0
0
0
0
0
0
0
0
0
0
0
0
0
0
0
0
0
0
0
0
0
0
0
0
0
0
0
0
0
0
0
0
0
0
0
0
0
0
0
0
0
0
0
0
0
0
0
0
0
0
0
0
0
0
0
0
0
0
0
0
0
0
0
0
0
0
0
0
0
0
0
0
0
0
0
0
0
0
0
0
0
0
0
0
0
0
0
0
0
0
0
0
0
0
0
0
0
0
0
0
0
0
0
0
0
0
0
0
0
0
0
0
0
0
0
0
0
0
0
0
0
0
0
0
0
0
0
0
0
0
0
0
0
0
0
0
0
0
0
0
0
0
0
0
0
0
0
0
0
0
0
0
0
0
0
0
0
0
0
0
0
0
0
0
0
0
0
0
0
0
0
0
0
0
0
0
0
0
0
0
0
0
0
0
0
0
0
0
0
0
0
0
0
0
0
0
0
0
0
0
0
0
0
0
0
0
0
0
0
0
0
0
0
0
0
0
0
0
0
0
0
0
0
0
0
0
0
0
0
0
0
0
0
0
0
0
0
0
0
0
0
0
0
0
0
0
0
0
0
0
0
0
0
0
0
0
0
0
0
0
0
0
0
0
0
0
0
0
0
0
0
0
0
0
0
0
0
0
0
0
0
0
0
0
0
0
0
0
0
0
0
0
0
0
0
0
0
0
0
0
0
0
0
0
0
0
0
0
0
0
0
0
0
0
0
0
0
0
0
0
0
0
0
0
0
0
0
0
0
0
0
0
0
0
0
0
0
0
0
0
0
0
0
0
0
0
0
0
0
0
0
0
0
0
0
0
0
0
0
0
0
0
0
0
0
0
0
0
0
0
0
0
0
0
0
0
0
0
0
0
0
0
0
0
0
0
0
0
0
0
0
0
0
0
0
0
0
0
0
0
0
0
0
0
0
0
0
0
0
0
0
0
0
0
0
0
0
0
0
0
0
0
0
0
0
0
0
0
0
0
0
0
0
0
0
0
0
0
0
0
0
0
0
0
0
0
0
0
0
0
0
0
0
0
0
0
0
0
0
0
0
0
0
0
0
0
0
0
0
0
0
0
0
0
0
0
0
0
0
0
0
0
0
0
0
0
0
0
0
0
0
0
0
0
0
0
0
0
0
0
0
0
0
0
0
0
0
0
0
0
0
0
0
0
0
0
0
0
0
0
0
0
0
0
0
0
0
0
0
0
0
0
0
0
0
0
0
0
0
0
0
0
0
0
0
0
0
0
0
0
0
0
0
0
0
0
0
0
0
0
0
0
0
0
0
0
0
0
0
0
0
0
0
0
0
0
0
0
0
0
0
0
0
0
0
0
0
0
0
0
0
0
0
0
0
0
0
0
0
0
0
0
0
0
0
0
0
0
0
0
0
0
0
0
0
0
0
0
0
0
0
0
0
0
0
0
0
0
0
0
0
0
0
0
0
0
0
0
0
0
0
0
0
0
0
0
0
0
0
0
0
0
0
0
0
0
0
0
0
0
0
0
0
0
0
0
0
0
0
0
0
0
0
0
0
0
0
0
0
0
0
0
0
0
0
0
0
0
0
0
0
0
0
0
0
0
0
0
0
0
0
0
0
0
0
0
0
0
0
0
0
0
0
0
0
0
0
0
0
0
0
0
0
0
0
0
0
0
0
0
0
0
0
0
0
0
0
0
0
0
0
0
0
0
0
0
0
0
0
0
0
0
0
0
0
0
0
0
0
0
0
0
0
0
0
0
0
0
0
0
0
0
0
0
0
0
0
0
0
0
0
0
0
0
0
0
0
0
0
0
0
0
0
0
0
0
0
0
0
0
0
0
0
0
0
0
0
0
0
0
0
0
0
0
0
0
0
0
0
0
0
0
0
0
0
0
0
0
0
0
0
0
0
0
0
0
0
0
0
0
0
0
0
0
0
0
0
0
0
0
0
0
0
0
0
0
0
0
0
0
0
0
0
0
0
0
0
0
0
0
0
0
0
0
0
0
0
0
0
0
0
0
0
0
0
0
0
0
0
0
0
0
0
0
0
0
0
0
0
0
0
0
0
0
0
0
0
0
0
0
0
0
0
0
0
0
0
0
0
0
0
0
0
0
0
0
0
0
0
0
0
0
0
0
0
0
0
0
0
0
0
0
0
0
0
0
0
0
0
0
0
0
0
0
0
0
0
0
0
0
0
0
0
0
0
0
0
0
0
0
0
0
0
0
0
0
0
0
0
0
0
0
0
0
0
0
0
0
0
0
0
0
0
0
0
0
0
0
0
0
0
0
0
0
0
0
0
0
0
0
0
0
0
0
0
0
0
0
0
0
0
0
0
0
0
0
0
0
0
0
0
0
0
0
0
0
0
0
0
0
0
0
0
0
0
0
0
0
0
0
0
0
0
0
0
0
0
0
0
0
0
0
0
0
0
0
0
0
0
0
0
0
0
0
0
0
0
0
0
0
0
0
0
0
0
0
0
0
0
0
0
0
0
0
0
0
0
0
0
0
0
0
0
0
0
0
0
0
0
0
0
0
0
0
0
0
0
0
0
0
0
0
0
0
0
0
0
0
0
0
0
0
0
0
0
0
0
0
0
0
0
0
0
0
0
0
0
0
0
0
0
0
0
0
0
0
0
0
0
0
0
0
0
0
0
0
0
0
0
0
0
0
0
0
0
0
0
0
0
0
0
0
0
0
0
0
0
0
0
0
0
0
0
0
0
0
0
0
0
0
0
0
0
0
0
0
0
0
0
0
0
0
0
0
0
0
0
0
0
0
0
0
0
0
0
0
0
0
0
0
0
0
0
0
0
0
0
0
0
0
0
0
0
0
0
0
0
0
0
0
0
0
0
0
0
0
0
0
0
0
0
0
0
0
0
0
0
0
0
0
0
0
0
0
0
0
0
0
0
0
0
0
0
0
0
0
0
0
0
0
0
0
0
0
0
0
0
0
0
0
0
0
0
0
0
0
0
0
0
0
0
0
0
0
0
0
0
0
0
0
0
0
0
0
0
0
0
0
0
0
0
0
0
0
0
0
0
0
0
0
0
0
0
0
0
0
0
0
0
0
0
0
0
0
0
0
0
0
0
0
0
0
0
0
0
0
0
0
0
0
0
0
0
0
0
0
0
0
0
0
0
0
0
0
0
0
0
0
0
0
0
0
0
0
0
0
0
0
0
0
0
0
0
0
0
0
0
0
0
0
0
0
0
0
0
0
0
0
0
0
0
0
0
0
0
0
0
0
0
0
0
0
0
0
0
0
0
0
0
0
0
0
0
0
0
0
0
0
0
0
0
0
0
0
0
0
0
0
0
0
0
0
0
0
0
0
0
0
0
0
0
0
0
0
0
0
0
0
0
0
0
0
0
0
0
0
0
0
0
0
0
0
0
0
0
0
0
0
0
0
0
0
0
0
0
0
0
0
0
0
0
0
0
0
0
0
0
0
0
0
0
0
0
0
0
0
0
0
0
0
0
0
0
0
0
0
0
0
0
0
0
0
0
0
0
0
0
0
0
0
0
0
0
0
0
0
0
0
0
0
0
0
0
0
0
0
0
0
0
0
0
0
0
0
0
0
0
0
0
0
0
0
0
0
0
0
0
0
0
0
0
0
0
0
0
0
0
0
0
0
0
0
0
0
0
0
0
0
0
0
0
0
0
0
0
0
0
0
0
0
0
0
0
0
0
0
0
0
0
0
0
0
0
0
0
0
0
0
0
0
0
0
0
0
0
0
0
0
0
0
0
0
0
0
0
0
0
0
0
0
0
0
0
0
0
0
0
0
0
0
0
0
0
0
0
0
0
0
0
0
0
0
0
0
0
0
0
0
0
0
0
0
0
0
0
0
0
0
0
0
0
0
0
0
0
0
0
0
0
0
0
0
0
0
0
0
0
0
0
0
0
0
0
0
0
0
0
0
0
SCALARS speed float 1
LOOKUP_TABLE default
1.00308e-07
1.37095e-07
35.4958
2.27828e-05
36.1817
47.181
24.3342
76.6718
37.5152
19.8674
41.9629
62.0657
61.9966
6.60569e-08
16.1974
2.09891e-08
19.0955
20.2678
88.0036
64.9636
3.14626
24.4652
44.7507
51.8626
29.6037
18.0489
16.6055
34.4024
38.0657
80.5873
39.0445
63.5098
33.296
9.69443e-05
2.68514e-05
54.645
32.0786
26.6617
18.092
0.318085
10.4357
0.0250209
110.323
3.68701e-08
49.3337
1.20532e-10
6.90786e-09
2.30138e-09
1.53906e-07
42.7268
6.05334e-09
26.7842
70.329
36.04
5.73221e-07
1.08946e-08
51.8657
29.6062
40.1243
17.8886
20.2253
7.28142
42.0318
23.2842
59.1981
18.5008
55.1911
1.33543e-09
2.62348e-10
1.84464e-07
0.000164189
45.6811
1.33771e-07
34.07
32.6943
55.6622
16.6179
0.00940394
90.3771
1.12583e-06
24.0688
43.5547
4.87471e-06
1.86006e-06
0.00353035
0.00690976
67.2032
3.1987e-06
1.78748e-06
51.8626
29.6062
23.754
68.3222
1.73478e-09
21.4372
1.96732
52.5074
36.009
22.0308
1.38847e-05
64.1202
9.12556e-06
24.9432
7.98043e-08
31.2994
2.20365
49.0942
77.1113
23.4789
45.6782
2.12982e-07
2.634e-08
35.4562
3.32572e-06
33.9706
44.8437
18.7653
18.0292
89.6777
4.80087e-07
1.25731e-05
1.6357e-09
3.83954e-07
0.725573
6.55409e-09
58.2814
6.76387e-07
24.3453
17.7773
8.16238e-06
27.4598
7.80242e-09
3.37783e-09
51.8615
28.9618
24.0305
31.9777
6.64305e-06
22.4977
44.971
23.6558
67.3789
30.3188
24.7877
46.0814
25.5913
28.4041
11.3037
34.1361
37.0351
76.5764
1.41242e-08
74.1111
4.80652
36.8781
36.8606
28.4063
16.578
3.79155e-09
34.6942
8.51826e-06
1.62586e-06
41.8586
48.9306
43.6976
56.2312
38.108
24.7596
7.78186
179.804
12.5812
72.8757
18.7316
0.000109851
1.16317e-08
37.9417
24.7889
46.104
25.6109
0.121468
12.8822
21.4801
20.6706
76.1476
0.386021
33.7358
40.6468
44.2867
33.3273
27.1024
11.0272
13.8792
24.0726
70.1543
3.8873e-09
1.35575e-09
1.30812e-08
17.2133
43.2475
38.3164
20.2654
37.6811
31.6231
55.0579
56.092
30.0401
4.66724e-09
59.8556
0.00012298
24.7878
46.0814
25.5916
43.8704
25.4995
32.1056
3.35411
30.3104
13.9927
27.1647
1.0593e-08
4.64493e-09
52.2338
28.87
18.4925
16.4582
37.7003
0.202718
40.4626
37.3075
1.24565e-07
80.1625
2.5198e-09
124.629
7.56633e-07
50.9635
49.9875
2.66329e-09
79.1176
68.4601
1.03678e-08
0.382108
1.3743e-07
25.8852
2.77326e-07
118.694
2.23722e-07
33.3024
8.51678e-09
0.0145018
52.4921
0.0285691
2.5854e-07
10.0018
73.1675
1.86135e-05
1.9573e-07
6.90599e-07
27.5177
21.3018
54.94
28.9656
20.5354
7.54051
32.1177
42.5783
35.3363
28.441
71.452
2.68137e-08
58.4397
95.4558
63.3459
14.7822
45.7829
57.6547
16.2789
196.412
9.14797e-07
4.22596e-08
3.46178e-09
6.22004e-06
47.8923
6.28018e-10
6.07998e-08
37.7846
2.78585e-05
42.2561
79.5138
29.7918
45.5958
6.08093e-09
33.5996
41.5987
2.35041e-05
65.1219
1.35362e-05
43.1032
44.5003
34.7197
28.4522
34.5279
9.66843
37.7844
5.52483e-06
11.0598
6.75758
35.0905
19.2469
4.11166e-09
81.9932
91.7747
25.9406
1.44045e-09
26.2817
8.05099e-07
4.85377
15.1342
49.1449
4.24928e-05
27.7043
136.349
2.86454e-06
8.64965e-10
8.27621e-08
30.8122
75.034
6.76969e-07
73.6432
43.2453
49.4415
42.7881
35.5609
28.4403
317.872
101.329
36.5347
23.6192
4.31846e-07
4.14961e-05
0.0140227
41.5763
1.24945e-05
1.16051e-05
1.39974e-08
113.366
37.5962
17.3016
104.989
2.82652e-07
9.26136e-07
42.1481
12.0715
2.5124e-07
31.8471
36.0828
17.3971
9.07752e-05
42.5526
71.4008
12.8502
2.93719e-09
88.6179
26.6893
5.00054e-05
12.0022
33.5008
3.99511e-05
1.93044e-05
1.58316e-09
2.79246e-08
2.80894e-07
9.35925e-08
6.90533e-09
72.1429
7.67134e-07
1.11866e-08
56.3233
41.8238
31.5452
45.664
1.31227e-08
27.1102
36.4119
15.246
2.30992e-08
2.58164e-07
38.6022
29.5344
7.3312
3.66813e-06
43.441
51.7351
31.3729
28.0666
77.5888
23.5959
4.31275e-08
0.000313699
32.7418
1.54128e-05
0.00230292
118.402
1.15207e-08
4.23193e-05
2.35933e-07
6.34019e-05
43.9219
1.09157e-05
48.2903
46.3682
77.777
1.61212e-08
2.68322
2.22886e-05
2.01146e-07
43.8861
51.4506
12.0143
42.1845
36.7527
27.2839
10.2242
12.3415
0.0413117
4.73571e-07
39.9008
49.549
60.9631
3.77953e-05
3.11301e-05
6.39279e-10
6.23392e-08
198.812
4.13209e-09
104.249
3.16243e-05
60.3133
46.3936
176.052
1.69698e-06
0.00322239
73.3024
34.2651
47.0718
18.9563
2.41332e-09
7.26009e-09
24.0555
5.03267e-07
29.4188
5.054e-07
0.0194571
38.4877
30.2157
4.70016e-06
44.0766
51.3845
32.2642
0.000232926
22.7995
5.04188e-07
5.80592e-08
3.40645e-07
2.71715e-08
105.57
63.1371
19.4897
28.9848
2.40415e-05
3.68966e-06
78.0958
51.0202
28.0753
8.7397e-06
2.44527e-05
42.7327
1.44567e-08
35.611
21.8788
29.8495
5.08257e-09
25.3197
4.08342e-06
48.7029
1.64385e-09
9.00648e-07
9.09235
3.02249e-08
6.04443
29.8315
90.3907
20.9575
18.5629
6.48115e-07
18.5115
6.2958e-05
52.3436
29.0813
0.00110002
0.12619
0.885533
79.2065
64.9725
27.7303
0.0424921
7.73948e-05
24.7886
46.1841
25.6809
0.000187891
19.9421
6.64303
5.91734
43.5469
4.09795e-08
14.7794
3.67806e-08
44.7121
34.2975
28.476
15.7478
5.19743
0.0511994
5.36857e-05
33.6587
27.5754
12.1609
6.11515e-05
31.8768
35.9462
24.7767
20.0457
33.4238
1.34106e-07
28.024
54.8776
57.0625
57.5115
0.131197
24.7945
46.2032
25.6978
33.4602
14.9185
34.9873
11.2774
17.3635
32.967
67.2722
18.216
0.000189371
33.2693
26.9966
28.3394
9.03265e-09
0.00190743
1.04739e-05
14.1241
1.10472e-05
36.6513
7.80897
43.2521
36.2792
20.677
12.0335
22.2785
3.6414e-09
26.1585
0.00330826
109.661
29.8462
2.65245e-06
24.7888
46.1841
25.6812
23.1733
11.2001
1.95971e-06
37.0895
45.1369
58.5369
16.8596
34.3564
7.02512e-09
52.7581
29.0804
1.04715e-05
10.0808
18.8266
74.1349
1.27561e-06
0.00495603
9.92808
36.5948
3.50107e-07
4.6932e-08
29.533
54.6748
0.000372096
41.0648
6.25396e-06
60.1493
40.0581
36.0576
7.89584e-06
51.8654
1.78528e-10
0.000172265
0.430925
3.2659e-05
1.35447e-09
41.8248
35.0288
94.1972
0.00126876
65.7392
4.21918e-09
5.79454e-08
9.82677e-09
5.9722e-10
43.705
2.74497e-07
6.10382e-07
23.3846
10.6898
37.2361
1.90509e-05
44.454
34.8584
28.4559
2.8281e-05
2.51317e-06
36.6269
21.531
29.2557
25.7645
2.94919e-06
8.99481e-09
49.3636
8.68124e-10
1.48178e-09
88.7438
6.22682e-07
51.3285
90.9765
0.000187395
1.14735e-05
3.78766e-07
2.90799e-05
1.36615e-07
80.2573
29.9258
1.9496e-08
3.09636e-05
50.3281
49.8871
28.4768
7.61346e-05
2.0305e-05
28.9779
1.06233e-09
34.2744
28.468
0.00016166
34.7008
112.053
21.4452
28.5712
15.3905
36.7126
34.0233
6.32306e-08
77.0811
91.723
57.9709
7.84298
34.4663
0.000125439
9.49409
0.607868
0.00188774
48.1662
2.38949e-07
83.3469
1.86902e-06
9.3078e-09
1.18828e-09
23.9345
73.5527
5.99143e-06
38.165
1.31057e-05
1.32272e-05
86.0781
35.0748
28.4551
5.60846e-07
68.2817
39.9694
40.4864
1.19871e-07
38.2737
23.1582
28.4312
2.6366e-05
1.5354e-08
2.08328e-07
39.1341
20.227
59.0996
49.3575
0.122984
27.8528
38.8416
28.5045
0.000106185
2.38866e-08
22.8081
3.00864e-06
11.5821
7.64111e-07
41.8045
27.9385
15.3181
7.37631e-09
2.51875e-09
1.21574e-05
34.4797
29.9559
3.90872e-06
0.000834506
95.073
4.63879e-08
17.5424
8.6971e-07
30.3381
28.0374
47.9177
1.11712e-08
52.1335
42.0737
33.4448
6.65959e-08
40.0429
5.49994e-05
0.0306535
37.0049
49.2984
1.08307e-07
36.467
27.0589
15.6088
0.00827522
9.35579
33.7453
9.80736
6.1e-05
16.397
81.2544
1.06159e-06
8.60486
40.0049
1.21594e-09
3.28398e-05
3.12444e-06
10.1593
3.43227e-07
2.18115e-09
6.19193e-08
3.16248e-08
1.97704e-07
48.3523
27.6866
1.68995e-08
3.32644e-08
82.9961
77.3388
56.7969
22.5814
32.3604
5.58309e-09
7.78464
36.2574
22.7785
9.51516
8.49774
1.00844e-05
19.6752
22.6831
2.78749e-05
21.9457
20.3122
1.81024e-05
1.98934e-05
32.4137
52.0541
1.22914e-05
34.7126
4.33292e-06
37.1305
1.04289e-05
104.821
1.40171e-05
30.4414
76.1004
2.96423e-06
100.606
2.58342e-09
70.8548
30.3965
2.06542e-06
21.3174
99.9728
39.5333
12.4658
37.3319
26.4496
14.7959
42.352
30.2633
23.6065
28.6342
2.72758e-05
21.8186
4.19e-05
1.32676e-05
4.17519e-08
2.17188e-09
3.26357e-09
80.5252
6.26313e-06
58.7802
65.4772
66.4495
1.30143e-07
40.0713
4.13635e-06
54.7285
0.0153236
9.83049e-06
16.222
18.3319
1.31344
5.14044e-09
1.31155e-08
1.44969e-07
1.4798e-06
9.94776e-10
6.90276e-07
34.4089
4.51562e-08
5.98675
8.89267e-09
57.5003
41.9579
0.621745
43.0352
6.81663
9.83019e-08
52.3447
29.0807
119.619
201.594
0.189954
0.000891906
0.00160546
25.1207
39.3948
0.002683
24.789
46.1849
25.6813
41.4286
20.3511
12.7639
41.8999
87.2993
29.9791
11.5809
31.9534
44.527
34.2942
28.4774
18.4504
5.13957
9.38261e-10
7.19734
20.4762
55.0743
123.876
2.04872e-07
32.5652
35.9415
24.7765
52.0222
0.226609
3.87127e-08
42.8216
50.2
3.76894e-08
44.2601
33.5614
24.7953
46.2041
25.6986
22.6984
9.22706
71.2292
6.8816
18.3412
0.00129435
44.6136
19.73
2.72688e-06
33.2644
27.0189
5.35109
37.5163
1.43064e-09
1.26598e-09
47.3861
2.79885e-07
77.1207
61.4531
43.2889
36.2775
20.6813
8.52127
19.363
31.7153
31.2224
6.25235e-09
43.7454
27.5642
0.00156585
24.7893
46.185
25.6815
9.96038
2.17301e-05
24.8541
43.8161
62.0591
25.7242
38.7227
15.1961
5.00656e-06
52.7592
29.0805
1.08164e-05
26.3657
5.15558e-09
32.9476
13.8119
59.0855
12.4149
1.06607e-05
1.65465e-07
76.3885
34.3465
84.4348
4.7363e-06
27.7154
54.7543
58.176
0.00430443
1.43974e-08
9.95304e-08
1.52886e-05
1.5291e-07
1.14252e-06
4.47421e-06
3.53086e-06
1.98506e-08
33.5362
8.95856
11.8992
18.3929
6.54051
2.45642e-06
6.94395e-08
4.92446e-07
2.73169e-09
1.35554e-08
36.8756
4.56538e-07
33.694
10.4511
0.00520645
17.7948
48.6527
34.8587
28.4575
8.57817e-08
2.01916e-08
1.86752e-05
32.468
29.3389
33.6708
57.5978
0.0163517
0.000181306
6.89578e-05
1.55555e-09
46.0705
45.1715
1.13526e-05
0.642595
59.9752
15.2134
9.8828e-08
2.92709e-05
0.222391
82.3057
29.9237
59.8833
1.07578e-09
53.5073
42.3959
2.0717e-05
34.3403
43.5261
61.9824
7.12895e-06
34.2764
28.4721
1.349e-05
36.4836
0.00293994
4.8277e-09
17.0233
3.03945e-06
1.531e-07
0.000157421
83.8611
91.0966
91.7208
55.389
11.5401
19.2295
21.0796
3.32629e-06
26.9606
0.000248762
1.33739e-05
2.91589e-09
81.5602
6.1251e-05
6.67101e-07
1.10274e-07
59.3415
47.1371
42.3162
2.18991
3.14249e-06
21.6701
2.01984e-05
35.0748
28.4571
44.5225
22.6914
38.8835
4.45244e-09
51.8704
3.65918e-05
43.3671
1.11744e-08
3.35704e-05
1.53793e-08
2.07936e-07
39.1993
0.00517454
18.0812
0.202061
13.3231
4.76958e-07
8.36655
1.90674e-05
116.638
1.52173e-07
59.7978
2.37965e-06
19.6136
69.3631
20.5485
20.1879
27.6498
1.82139e-08
41.8251
1.09544e-08
34.8209
77.5911
0.000150658
33.9786
1.2442e-09
6.25695e-09
8.30153
0.000210357
17.96
8.11495
46.7642
1.11711e-08
51.7659
41.4484
25.0295
41.9275
69.5296
24.7829
35.2239
37.4151
0.000188588
3.26406e-09
36.4662
28.4589
56.7905
20.5488
23.6192
37.8151
27.4063
1.19836e-08
43.8191
26.8118
2.22878e-06
83.4709
28.4819
1.21555e-09
0.000237214
54.6756
0.0537645
87.6785
12.5006
67.7403
3.96926e-06
0.093804
48.3315
28.751
85.4429
36.905
67.3784
27.4444
31.725
0.056032
3.06106e-08
5.27899e-07
0.140777
36.2577
28.4732
0.00499903
36.62
6.53247e-06
0.0235317
22.4721
10.6159
0.000572967
6.08493e-06
2.16282e-08
1.59185e-09
29.8366
31.7994
12.4802
37.7181
6.64294e-09
0.070758
22.3363
6.16642e-09
3.60444e-07
4.7305e-07
76.3007
4.37688e-06
71.6671
26.0779
52.4375
3.81312e-08
22.5682
3.86457e-06
19.1772
23.0919
1.09678e-06
37.3311
28.459
9.93817
42.3587
1.33804e-08
3.20859e-07
6.68648e-09
40.338
1.38108e-07
10.0924
26.2355
4.17517e-08
4.10934e-09
4.04068e-08
25.6154
2.21474
75.5783
2.52602e-09
26.8808
34.159
47.7548
5.30589e-09
2.70125e-06
40.276
32.1113
31.7553
55.5707
50.7142
0.000205442
9.4902e-06
0.000105908
25.4047
5.04619e-09
6.40486e-09
21.8262
4.04779e-08
5.97902
1.91316e-05
6.2939e-05
41.2923
14.2776
34.6672
12.4712
3.38278e-06
52.3447
29.0809
1.7254e-06
42.3226
17.9115
60.7256
21.1678
11.4764
28.2982
32.1809
24.7891
46.1849
25.6817
18.1411
28.1999
16.0504
5.27556
26.373
24.7613
14.9814
10.2408
44.5322
34.2951
28.4782
11.9334
5.2066
1.36208e-07
4.77561e-09
0.000422937
16.7367
8.91037e-07
36.3345
1.12656e-05
35.9413
24.7762
7.25446
12.2702
112.53
3.29667e-06
60.2128
2.34626e-07
73.0575
3.11449
24.795
46.2042
25.6983
44.8229
17.5764
4.3817e-06
6.86469
17.9361
75.3959
42.2907
16.0988
7.43874e-06
33.2641
27.0189
22.9995
25.9954
2.05924e-05
1.99388e-07
62.8276
2.81488e-05
0.237486
18.009
43.3472
36.279
20.682
0.000102255
21.5007
51.8473
0.590218
5.07499e-08
3.82342e-08
16.7674
47.0382
24.789
46.1854
25.6813
13.5014
6.56694e-05
64.9241
75.9807
2.39733e-06
0.0607036
14.7468
0.00480086
5.20368e-08
52.7596
29.0812
1.07282e-05
2.54059e-05
19.2313
36.6714
0.159208
49.3737
4.59008e-08
30.4117
8.74812e-09
8.8866e-10
1.95209e-07
45.4111
0.00851273
1.47266e-06
63.9331
32.798
64.0119
25.5031
75.8744
7.58502e-09
53.9892
16.2395
66.61
82.189
67.0312
96.035
36.0013
17.5384
26.5752
0.102715
2.45134e-06
5.87137e-08
9.69155e-09
12.3836
1.23983e-06
7.3828
36.619
37.0436
11.251
0.000203639
47.7832
50.1838
34.8572
28.4589
17.891
2.23335e-08
20.1026
29.9453
54.0139
18.7901
2.09446e-05
2.01426
1.85197e-08
4.79762e-10
2.56019e-10
59.1065
45.9295
8.1321e-07
117.794
0.000285112
9.87077e-07
71.0914
9.95992e-05
41.0544
82.2493
29.4105
60.6158
1.10556e-05
57.1354
47.8163
39.7607
4.81825e-09
70.3837
18.2562
47.558
34.2709
28.4723
46.9018
40.2964
59.0674
27.4781
28.3715
5.63983e-05
8.7321e-08
98.0446
12.9496
1.8195e-07
1.77465e-06
54.8053
78.8025
17.4537
24.7093
83.4308
13.2683
3.86515e-09
104.219
79.9858
88.3751
44.6855
2.57402e-09
1.48096e-07
33.3332
22.5643
59.5036
86.0501
59.0745
59.4271
0.0337922
35.0734
28.4587
7.59363e-09
41.0964
7.66221
5.7916e-08
91.2131
43.3618
55.898
116.642
3.41268e-08
1.53796e-08
3.24408e-07
39.1865
9.84448
61.2343
44.7322
3.22747e-08
56.0409
14.0997
42.9423
3.36301e-06
6.92811e-08
45.7651
2.9466e-05
1.23563e-06
3.96554e-08
7.67788e-07
9.60572
0.000233955
24.4268
159.811
3.02561e-07
48.8493
21.1726
9.17764e-06
78.3728
5.45664e-07
31.5072
35.3253
24.1703
1.43844e-08
28.3836
46.2301
1.1171e-08
51.769
42.0916
32.4094
21.1903
2.81166e-09
2.94106e-07
6.08345
51.6754
21.2953
42.5552
36.4679
28.4573
65.9912
0.000175417
2.23576e-08
39.6507
0.000465937
31.153
106.424
17.3698
4.46562e-06
83.5261
30.6072
1.81211e-09
1.13815e-05
56.4684
4.48329e-08
3.15707e-08
2.83669
7.40173e-09
4.81929e-06
3.90255e-06
46.0689
28.8789
45.1781
2.36452e-09
85.8976
2.81958e-08
87.2831
37.4338
46.2178
35.9959
4.85334e-07
36.2631
29.279
8.9236
3.5777e-06
2.71857e-06
3.05451e-09
22.6575
24.7952
43.6647
44.1994
2.08719e-07
6.23443e-09
29.8136
7.85699e-08
11.9918
0.000142467
30.2416
30.1971
4.45877e-08
106.935
18.2371
5.29839e-07
76.4712
4.37986e-06
63.9135
51.0185
18.2413
7.3414e-07
6.06667e-07
1.05917e-05
45.9065
1.3547e-05
1.1888e-05
37.3326
28.4573
18.47
42.394
0.000111041
6.42148
77.6835
26.473
14.5828
53.879
45.2093
4.17512e-08
7.98773e-10
36.4167
15.7239
1.15592e-06
72.285
15.5877
21.7913
24.2309
29.871
39.5838
54.9938
12.4425
0.0211032
30.0413
28.0907
100.195
21.0509
1.08069e-06
0.31676
2.38607e-07
1.61689e-08
1.21143e-09
21.8211
4.80056e-09
5.97547
5.04758e-05
43.8014
42.0734
11.0305
31.7843
11.2623
0.000476171
52.3447
29.0807
41.543
3.20524e-06
17.1908
64.0863
1.19581e-07
17.0523
44.9558
18.1622
24.7892
46.1849
25.6819
8.29861
11.8911
43.0668
5.32447
15.0497
55.6278
23.9002
23.0827
44.5517
34.2928
28.4782
1.19181e-06
5.36067
31.6569
33.9273
30.5113
20.7817
11.3011
20.1877
7.37771e-07
35.941
24.7768
23.9028
22.7881
111.292
28.3056
28.8888
9.45091
56.1595
30.5787
24.795
46.2041
25.6984
12.8359
13.3176
1.20772e-07
6.60459
18.5451
16.3458
50.1268
14.038
2.89696e-08
33.2633
27.0189
0.441427
0.000180326
1.44082e-08
53.4065
3.65383e-05
0.0088164
16.4351
63.9253
0.00503091
36.2761
20.6921
10.3924
2.33863
2.89642e-07
44.8456
26.4339
2.68364e-05
19.2372
20.8452
24.7892
46.1852
25.6815
38.8936
106.167
42.7937
18.4242
19.844
41.8138
13.2143
87.7097
54.867
52.7596
29.0809
1.03989e-05
9.14204e-06
19.8128
4.3705
25.512
3.70086e-07
50.6591
1.01335e-07
3.80269e-09
6.28706e-10
23.921
1.61399e-09
0.00851351
81.7476
1.93926e-06
38.6162
11.3664
25.1724
129.928
3.09651e-09
46.2014
32.3101
6.17307e-08
3.17658e-09
8.31196e-07
1.48784e-05
56.3331
11.2468
14.0501
92.8505
2.43476e-06
2.47486e-08
9.95883e-09
3.25464e-10
4.01649e-09
22.8254
8.28689
1.80804e-09
46.0927
2.97978e-05
3.32454e-07
106.365
34.8639
24.9352
15.9748
41.1682
74.9241
89.0705
60.9296
40.7937
24.3529
0.000378838
2.10351e-05
68.9313
3.62387e-06
76.0542
0.000776004
121.407
51.8246
0.00171045
7.39298e-07
57.8615
105.81
3.80533e-07
83.1103
28.7243
44.6225
7.4303e-05
29.554
3.55813e-09
3.4091e-07
21.2892
2.06326e-05
42.4592
52.1211
34.2757
22.8271
38.855
1.13221e-07
0.0166442
6.05446e-08
25.3709
89.5658
50.859
20.5662
58.7398
8.59981e-06
6.04813e-10
59.018
22.1232
26.3191
0.000473632
32.4292
66.0974
8.14055e-06
1.90213e-08
65.0112
191.598
1.86274e-06
98.4915
3.52916e-09
7.16783e-09
6.31629e-07
63.2678
14.66
73.4631
18.2342
1.2826e-07
35.0805
26.1979
55.6995
8.29362
36.4083
54.4144
63.3201
2.30694e-07
28.5123
16.7294
62.9231
1.538e-08
50.1788
39.2612
37.006
16.5436
5.01705e-06
29.6684
23.8368
74.5526
6.91266e-07
30.1313
3.50341e-09
1.69594
0.000299897
27.9189
2.28311
4.16969e-06
48.8836
6.87101e-08
2.23461e-05
36.1132
5.72476e-06
5.77916e-09
2.73567e-09
41.6716
39.6689
7.93572e-09
1.90185e-09
6.46779e-09
9.44841e-09
19.6906
6.60909e-05
45.3837
1.11368e-08
51.7779
42.0253
45.6056
21.9884
43.2069
45.3453
49.9293
74.4781
25.5179
1.40775e-06
36.468
28.4551
0.00179613
0.000558209
4.50897e-09
40.9289
40.1653
50.51
8.56221e-08
2.44891e-05
2.84186e-08
83.5882
30.954
4.06755e-10
48.3007
10.4582
10.3458
8.67035
60.6614
0.00377204
47.8844
6.89142e-08
53.2358
28.8775
0.000144395
23.9496
97.3076
1.03767e-07
4.59712e-07
28.8258
42.5231
4.50862e-08
49.5221
36.2624
28.4666
0.00686701
55.9309
7.48728e-08
27.1549
20.3333
46.7534
9.17998e-08
17.8209
3.45124e-06
6.34961e-06
29.8121
67.8238
30.2969
8.61123
9.62633e-06
8.09549e-07
53.0624
21.8326
20.9434
29.4614
73.0843
29.3338
3.17064e-05
30.6975
90.1211
97.8685
15.9495
1.2402e-07
36.974
1.84803e-08
63.0584
37.3332
28.4544
49.4775
43.0154
17.6138
2.66799e-08
4.80404e-06
22.1276
24.4976
26.651
2.99471e-05
2.70895e-08
6.03941e-08
36.443
17.0786
0.10368
3.85074e-06
12.2151
2.4913e-07
1.74777e-08
30.5527
17.8367
55.3948
29.8806
53.2218
39.8168
45.8634
88.535
52.1832
8.22772e-07
27.2497
77.9003
1.83247e-08
1.27864e-09
21.8084
0.000164978
5.44404
5.82995e-09
0.000116729
1.84305e-06
54.7205
28.765
64.8077
1.75713e-05
52.3436
29.0806
2.33184e-05
3.69506e-06
6.9521e-05
67.0774
13.0998
83.2142
71.3769
9.12307
24.7885
46.1841
25.6807
12.3831
15.0333
13.3334
5.13292
10.1485
1.17748e-08
43.3361
78.5452
44.6928
34.297
30.9816
10.1795
1.81135
9.74017e-07
16.4028
37.2902
39.0863
24.3609
53.9719
4.95489e-10
35.9458
24.7808
0.000226811
3.03648e-05
50.6394
1.38642e-08
16.9272
129.099
5.78118e-06
1.05899e-08
24.7941
46.2032
25.6974
15.2182
13.9713
16.7843
10.084
15.1779
20.1516
32.3769
41.5059
0.00431789
33.2684
27.0172
9.97195
17.1971
20.9055
7.00883e-09
52.2743
7.49353e-07
16.7951
72.6866
43.6332
36.2787
20.5346
13.2859
3.22683e-07
32.0791
8.93316
26.1113
19.2691
13.5431
24.1423
24.7884
46.1843
25.6807
14.831
5.65996e-05
2.40677e-06
17.1868
33.2458
69.9402
37.6492
1.36532e-08
29.2686
52.7581
29.0806
1.03437e-05
0.000105139
24.4745
62.8889
1.44194e-08
15.9264
321.099
44.6858
7.32192e-10
1.68872e-08
1.92387e-07
5.87984e-07
0.00150522
30.9966
4.15971e-07
47.3793
32.9969
0.101765
3.43909e-05
3.95489e-09
48.8095
31.5409
1.43198e-07
1.08687e-06
0.00188049
119.427
35.0349
31.255
4.36384e-07
6.44962e-07
1.56975e-06
2.48564e-08
6.70419e-08
5.13744e-07
32.0506
0.0604229
7.0604e-10
47.7829
51.6215
5.01462e-09
14.6762
38.8192
45.2971
30.2277
24.6
47.4207
75.904
1.18712e-07
66.477
11.7989
51.4159
8.96836
0.00157166
86.5991
79.0438
56.4818
1.48079e-05
34.9709
28.8879
12.4501
3.50887e-09
1.92162e-08
1.70976
7.98255e-05
3.43737e-09
74.3045
6.02533e-07
7.50133e-07
11.1725
17.324
5.64093e-08
1.12489e-07
41.7434
5.12696e-09
1.6544e-06
41.7969
27.2679
38.2145
41.4086
3.60969e-09
7.80019e-06
4.69129e-05
36.6582
45.8905
89.4034
28.5392
78.0974
75.0203
51.7673
5.92361e-08
33.0376
53.1753
55.4516
42.6237
47.6969
57.5112
4.19324e-08
81.3608
40.5123
164.689
1.31054e-07
17.5524
81.2729
57.5605
32.5221
0.00149021
0.000288708
4.21323e-07
45.8509
29.593
165.047
3.73944e-08
4.61102e-08
0.00327253
2.23391e-05
33.8521
28.1973
62.5043
4.07468e-07
1.54495e-08
3.63605e-08
32.6356
4.47376
34.5827
41.7754
7.48138e-06
79.9104
9.20339
8.18523e-07
6.95775
4.47622e-09
38.3225
4.79698e-07
8.30915e-05
15.3733
9.51916e-08
30.3651
48.1598
12.0916
55.7615
1.32426e-07
3.56488e-05
5.73072e-05
1.21109e-07
3.48873e-06
47.0481
1.59653e-06
0.206675
3.93841e-05
33.5437
26.9267
9.13598e-06
47.3517
47.926
23.5972
46.4854
14.3334
106.562
1.47305e-06
38.8353
53.207
46.4183
43.3196
36.9034
28.4399
31.6158
34.0828
3.67777
8.33137e-09
24.2405
46.1998
11.3961
86.1207
1.44249e-06
238.106
1.57793e-05
1.11435e-09
8.03706e-10
5.19914e-06
23.7594
178.032
2.85424e-06
5.31627e-06
12.2088
43.7344
99.3637
29.5836
3.7966e-05
53.7157
5.37585e-09
87.7511
1.15626e-07
1.46435e-05
24.6655
45.762
43.2846
36.6639
28.4495
12.6079
24.7772
25.6055
0.0112634
0.30752
4.84547e-05
35.3645
44.1323
27.8475
73.6545
31.0133
6.72403e-10
20.5466
29.7661
3.31157e-05
62.1437
38.8612
51.6766
146.667
0.000451038
54.9283
19.5021
70.5346
36.4581
7.21885e-09
8.90488
1.28083e-05
1.0289e-06
64.2893
6.16705e-08
0.579237
37.7695
28.4382
28.1379
40.0495
66.8684
31.599
33.8666
7.65957e-05
21.3334
91.0496
1.57041e-06
0.0229552
62.1756
26.9496
0.000194217
5.71943e-09
1.98197e-08
6.13013e-07
1.7778e-05
25.2745
13.0943
85.7048
55.8695
1.18479e-08
5.77437e-08
55.7338
37.5276
63.4714
6.31537e-09
23.4208
4.95027e-06
34.7807
1.27406e-09
1.24441e-06
34.3759
6.36142e-06
53.3172
1.83058e-05
19.0195
6.19238e-07
8.17113e-09
9.41353
35.9161
1.37828e-05
51.8611
28.8702
5.21843e-06
2.51145e-07
1.67442e-08
0.000784824
8.1406e-09
25.3973
7.53435e-07
3.14751e-06
24.7875
46.0814
25.5909
24.8949
11.6459
34.3611
0.000101694
16.2216
2.95721e-08
20.487
0.000393987
1.88746e-05
37.1096
28.4061
0.000362225
52.8638
18.6671
9.10793
9.0097e-06
34.8708
10.396
50.3811
5.87452e-06
38.809
24.0288
10.2836
41.573
17.9663
1.39633e-08
17.439
1.0512e-07
1.93216e-08
8.44603e-09
24.7889
46.104
25.6106
26.2535
0.000959922
16.2716
61.7804
40.2927
60.1156
36.4102
16.1052
1.47657e-09
34.1678
26.6128
1.19454
30.4455
7.64693e-06
6.99739
39.7762
9.06884e-06
0.210384
1.32738e-07
0.000955105
39.1829
20.8663
24.0446
4.56433e-08
33.6649
1.59486e-09
1.95281e-06
8.86775e-08
44.1225
1.75914e-07
24.7878
46.0817
25.5913
21.8102
0.0045033
24.7819
1.7544e-07
18.0004
6.39663
24.9399
9.21389e-07
6.94494e-06
52.2338
28.9613
4.35871
15.3853
5.65278e-08
7.91497e-06
23.8111
33.4779
25.2072
2.33135e-05
1.26547e-09
70.8025
7.28665e-07
48.0608
39.0664
3.96724e-07
4.26263e-06
62.3462
56.3788
16.5427
1.64221e-06
4.19986e-05
66.0103
35.4576
6.10393e-10
21.5602
8.95266e-05
46.4803
3.70912e-05
4.37001e-06
2.04759e-05
3.02922e-05
5.03784e-05
76.7179
16.852
2.14602e-07
8.26964e-08
44.2347
48.8694
20.4544
60.2183
1.36335e-06
42.2437
36.4779
52.2342
29.6055
1.30743
25.0786
41.2744
42.2994
30.6532
12.3138
0.000238016
29.9165
3.0891e-07
1.57945e-10
60.9033
45.9988
10.7703
32.655
36.8373
58.3089
23.8531
2.18779e-05
7.37983
39.5349
1.60488e-07
101.099
39.9838
18.4143
2.21775e-08
56.0401
21.0154
25.6112
4.21003e-07
0.0013838
7.33793e-08
52.2375
29.6058
0.000290059
1.20088e-05
5.00367e-09
23.1002
60.6468
19.3293
1.30012e-06
62.7571
29.4245
9.03129e-08
60.3894
44.9122
1.52582e-07
1.23963e-06
33.6452
32.9698
27.736
73.9624
40.1538
3.36059e-09
5.16676e-08
4.29671e-07
34.6503
0.000114556
1.3206e-07
0.00343281
46.894
43.7049
20.4236
52.5275
16.4632
52.2342
29.6038
1.99688
43.2824
41.9256
0.000105545
1.17408e-06
2.49906e-06
0.00559455
4.22006e-05
1.63668e-07
4.63203e-08
1.45885e-08
46.4834
9.22944e-05
6.26744e-06
7.65674e-10
37.2155
23.0874
60.4668
13.1193
4.75939e-07
2.81522e-06
35.4977
33.4016
9.11687e-08
11.6825
2.32572e-07
1.19573e-06
6.57163e-06
4.40604e-07
6.78797e-08
VECTORS velocity float
-1.00133e-07 -5.9182e-09 0
7.51763e-08 -1.14645e-07 0
-25.0118 22.5189 11.2808
4.78543e-06 2.22745e-05 0
-34.4013 -9.2731 -6.29865
-7.59876 -24.7957 39.4141
17.3301 16.0303 5.90321
56.8536 -50.8553 7.74379
4.23391 -37.2475 1.4445
2.97602 0.735343 19.6294
-19.0189 -37.1818 -4.08382
-0.78458 -61.9302 4.02242
-12.2233 -28.9772 53.4274
1.07822e-08 -6.51709e-08 0
14.6881 6.81959 -0.327759
-1.44114e-08 -1.52596e-08 0
11.4631 15.2639 0.498592
-5.02649 19.5386 -1.93868
-37.3466 -44.7529 65.9321
26.2233 -14.8961 57.5388
3.10034 -0.535554 0
18.8612 -8.97578 12.7372
2.6886 44.482 4.09289
-27.6528 -8.38961e-06 43.8754
-28.0857 -0.00405188 9.35812
8.58714 15.2856 4.28622
4.56336 15.9662 0
-29.8868 -15.3902 7.31069
-30.9676 -16.9667 14.2174
-39.284 33.2477 62.0134
0.332673 27.3181 27.8942
-50.7663 23.0655 30.4017
-25.623 -19.9419 7.37583
-2.61472e-06 9.69091e-05 0
-1.93968e-05 -1.85678e-05 0
7.14074 -54.1667 -1.02973
24.2176 4.20298 20.6125
10.1708 13.4421 20.657
17.845 -1.77818 2.39083
0.0369869 0.315928 0
7.66896 2.48939 6.62517
-0.00914702 0.023289 0
18.3726 41.6774 100.482
-3.46485e-08 1.26051e-08 0
-46.5055 -4.20886 15.9164
-9.02149e-11 7.99333e-11 0
5.13748e-09 4.61788e-09 0
-8.10036e-10 -2.15412e-09 0
-9.15245e-08 -1.23735e-07 0
-22.2617 -36.1873 -4.52526
-6.015e-09 -6.80259e-10 0
18.3559 2.84887 19.2961
64.3808 -27.4896 6.75243
-24.8728 -22.3063 13.5149
-3.89003e-07 -4.21022e-07 0
-1.08011e-08 1.42468e-09 0
-27.6233 4.30767e-06 43.8976
-28.0865 -0.00203382 9.36369
-19.3402 -35.146 -0.823203
-10.609 9.23281 11.0547
18.429 -6.7703 -4.85782
7.13748 -1.19502 -0.804602
17.4606 -38.0859 -3.35606
9.6866 -18.5024 10.2948
26.0742 -17.1141 50.3155
0.889888 0.585384 18.4702
-50.8716 21.3714 -1.18302
-5.85526e-11 -1.33414e-09 0
-1.9669e-10 -1.73607e-10 0
-9.68936e-08 1.56967e-07 0
1.63725e-05 0.000163371 0
26.9915 30.7419 20.3264
-1.25072e-07 4.74529e-08 0
6.59264 33.4174 0.763569
32.2732 2.41586 4.63893
-53.6512 -3.34017 14.4455
2.6641 -9.2524 13.5444
-0.00195559 0.00919835 0
-12.9639 86.1302 24.1155
-1.59937e-07 1.11441e-06 0
23.5544 4.71878 1.49286
-36.0902 24.1275 -3.51667
1.28043e-06 -4.70354e-06 0
-5.48368e-07 -1.77739e-06 0
0.00350402 0.000430374 0
0.00121021 -0.00680295 0
14.8464 -64.3018 12.6935
-1.31043e-06 2.91796e-06 0
-2.74098e-07 -1.76634e-06 0
-27.6528 1.20737e-05 43.8754
-28.0802 -9.34734e-05 9.38228
-21.3878 6.88249 7.71031
-65.339 14.1783 14.0609
-4.59428e-10 1.67284e-09 0
10.2703 -12.9925 13.6115
1.96614 -0.0681116 0
33.8891 39.7607 -5.25752
-28.3451 -4.03581 21.8383
9.70513 16.3742 11.0929
2.71435e-06 1.36168e-05 0
-7.83089 41.6482 48.1197
-8.70259e-06 -2.74603e-06 0
19.4527 -15.1638 3.71661
-5.75852e-08 5.5251e-08 0
15.4543 -24.8529 11.0972
1.61486 -1.49944 0
-16.047 46.2854 3.22506
30.4817 -0.282498 70.8303
19.6393 2.97227 12.5189
15.5893 12.4121 41.1025
-2.10484e-07 3.25235e-08 0
1.86271e-08 1.86233e-08 0
-24.4143 -23.1663 11.1539
-3.31514e-06 2.65007e-07 0
-13.3796 31.1354 2.36177
23.044 -35.425 15.0002
13.6637 -11.1867 6.34818
2.95821 -17.6715 2.00498
13.2664 65.0153 60.325
-2.11287e-08 -4.79621e-07 0
-3.51854e-06 1.20707e-05 0
8.61091e-11 -1.63343e-09 0
-1.8237e-07 -3.37879e-07 0
-0.00346934 -0.725565 0
-1.97359e-09 -6.24988e-09 0
26.776 -11.411 50.4932
-3.35366e-07 -5.87392e-07 0
1.68495 -7.24583 23.1809
7.40878 15.7683 -3.5359
-8.14573e-06 5.21058e-07 0
8.41901 23.4748 11.4932
-2.74685e-09 -7.30291e-09 0
8.78511e-10 3.26159e-09 0
-0.000263645 -27.6345 43.8856
0.231873 -27.681 8.51422
-6.04448 -9.66027 21.1568
16.3809 16.7589 21.7572
4.27372e-06 -5.08581e-06 0
-4.38273 15.0302 16.1564
22.4478 -32.4572 21.5644
-20.6196 1.98869 11.4226
4.57535 -57.6292 34.61
21.7097 -5.78555 20.358
-1.04198e-05 -8.07576e-05 24.7877
-3.94932e-05 -2.08173e-05 46.0814
-0.000170209 -0.000126679 25.5913
24.9682 12.4887 5.23588
3.23637 0.375687 10.824
11.7426 11.3443 29.9781
-31.7782 18.8664 -2.40951
36.6914 34.2956 57.8057
1.08034e-08 9.09832e-09 0
9.01689 27.4225 68.258
1.19593 4.65536 0
-28.6928 18.5555 13.8713
2.80479 30.3869 20.6755
-0.00110983 27.9662 -4.98112
15.9862 0.86341 4.30415
-3.74515e-09 -5.91341e-10 0
23.5901 -9.87653 23.4447
-2.74364e-06 -8.06432e-06 0
1.06077e-06 1.23215e-06 0
-16.5224 -37.9802 6.05453
-27.2886 35.7816 19.2149
16.8775 -21.3091 34.2133
20.9584 -28.0002 44.0305
3.25682 -24.2887 29.1834
-0.405776 -24.5485 3.20011
3.92532 6.10151 2.81438
-157.424 -52.3308 69.3463
12.0989 1.73273 -2.98354
9.40225 -72.2661 -0.273582
6.0626 -16.9446 5.196
4.41995e-05 0.000100567 0
-1.14841e-08 -1.84727e-09 0
-0.135296 -27.169 26.4839
-5.25705e-06 1.19522e-05 24.7889
-3.66682e-05 -1.62946e-13 46.104
-0.000733398 0.000114446 25.6109
-0.121171 0.00848208 0
6.47248 -7.96761 7.78306
6.65852 0.692508 20.4102
5.30331 1.80374 19.8971
9.11837 2.62514 75.554
-0.0616847 -0.381061 0
16.9178 2.80631 29.0519
21.0418 0.496356 34.7729
6.9691 -43.726 0.884474
6.18839 13.4514 29.8575
-0.00068481 13.7897 23.3321
-2.27172 -10.0026 4.04813
3.16519 3.8548 12.952
-16.9375 12.3819 11.8026
10.2998 69.361 2.14294
-2.76754e-09 2.7298e-09 0
-4.1717e-10 1.28997e-09 0
-1.28644e-08 -2.37175e-09 0
-2.21639 -12.8326 11.2565
-2.75871 42.2543 8.79258
3.23249 -24.3655 29.3942
1.56069 -3.34283 19.9267
12.7422 32.9226 13.1759
5.41792 -30.5043 -6.33653
23.8937 5.03611 49.3468
-20.0321 -13.4792 50.6294
15.226 -23.7853 10.2388
2.59148e-09 3.88167e-09 0
20.8844 48.0433 28.9548
-9.05973e-05 8.31639e-05 0
-3.47766e-05 4.11704e-05 24.7878
-3.94932e-05 2.08173e-05 46.0814
-0.00116963 0.000121343 25.5916
-8.65878 -21.0295 37.5152
17.2168 18.3155 -4.28354
8.95437 -18.8899 24.3672
-3.30488 0.572591 0
10.3192 -26.8113 9.66353
7.22799 -4.58661 11.0686
18.9605 -19.1706 3.30243
-1.99072e-09 -1.04042e-08 0
-3.27106e-09 3.29781e-09 0
-0.000188552 32.0834 41.2193
-0.000233541 27.8917 7.45178
12.2003 13.8726 0.822851
-2.4793 -8.39583 13.9368
11.1461 26.7147 24.1536
-0.0479707 -0.19696 0
13.8772 21.1884 31.5546
20.5831 30.1673 7.62353
1.24415e-07 6.11653e-09 0
44.8233 57.9374 32.5601
5.88713e-11 2.51912e-09 0
-13.5954 -83.2012 91.7885
-2.03392e-07 7.28783e-07 0
17.0398 -31.2077 36.5104
17.4936 -9.98512 45.7495
3.41765e-10 2.64127e-09 0
55.1748 -4.49003 56.5258
55.8229 19.4856 34.5095
6.18552e-09 -8.32046e-09 0
0.0221884 -0.381464 0
5.51763e-08 1.25867e-07 0
-9.90584 -19.4292 13.9435
7.22049e-09 -2.77232e-07 0
-101.985 60.3822 6.42533
-7.59776e-08 -2.10426e-07 0
25.7172 17.8949 11.2895
-8.51206e-09 2.83599e-10 0
-0.0126195 -0.007145 0
-49.7287 -1.02002 16.776
0.0266926 -0.0101833 0
4.57332e-08 -2.54463e-07 0
4.80281 8.49524 -2.19098
-40.0159 61.2388 -1.42203
4.40538e-06 -1.80847e-05 0
2.46585e-08 1.94171e-07 0
-5.19645e-07 4.54858e-07 0
6.41867 23.0371 13.613
20.4271 4.51619 -4.01282
-26.7516 -47.6893 -5.33728
2.17245 28.8647 1.05679
6.67807 -7.4633 17.9277
6.36723 -2.12679 -3.43431
-31.3794 1.88103 6.58316
-21.6203 -2.38793 36.6029
27.6659 3.09366 21.7642
27.9954 -0.00111101 -5.01474
10.7197 -45.3888 54.1326
-2.2283e-08 -1.49145e-08 0
7.46612 -20.1973 54.3279
-26.4274 -15.8185 90.3503
-43.2844 46.0819 3.95125
12.3011 8.17735 -0.572021
44.6958 9.44478 3.02576
20.8559 32.9073 42.4994
10.9502 -11.4361 3.78324
-36.6024 -175.373 80.5121
5.02281e-07 -7.6457e-07 0
-3.60344e-08 -2.20772e-08 0
-3.254e-09 -1.18127e-09 0
-3.39193e-06 -5.2138e-06 0
19.8142 33.4113 28.0135
-3.07546e-10 -5.4756e-10 0
-3.92582e-08 -4.64263e-08 0
-5.19092 -0.863777 37.4164
-1.20515e-05 2.51168e-05 0
26.8645 -26.4405 19.0993
41.9631 -55.3442 38.7113
13.6684 17.6951 19.6878
-35.3022 28.3428 -5.42365
4.71021e-09 3.84599e-09 0
15.3043 28.0393 10.4166
37.6043 12.4603 12.6927
-2.3105e-05 -4.313e-06 0
21.8625 30.926 52.9763
5.65835e-07 -1.35243e-05 0
41.897 9.86732 2.27233
-42.9079 3.07797 11.3892
26.6968 3.02641 21.9905
28.0059 -0.000265421 -5.01984
18.8214 21.5895 19.2827
8.36367 1.10411 -4.72319
-35.2059 -8.41084 10.8382
-1.8164e-06 -5.21771e-06 0
-9.68041 5.34878 0
4.78246 -4.77323 -0.0961913
-25.6342 16.9284 16.9606
-6.25637 -0.120709 18.2013
1.7276e-09 3.73111e-09 0
73.6401 24.4898 26.4625
-80.1655 -15.2556 41.9922
0.49227 6.85783 25.0129
8.31662e-10 1.17611e-09 0
-9.54934 -16.0359 18.5037
1.37376e-07 7.93292e-07 0
3.24958 -1.73221 3.16208
6.2543 5.3731 12.6908
-32.2043 -33.9102 15.1063
4.09152e-05 -1.14711e-05 0
7.69912 -1.97321 26.5397
-2.40133 135.263 17.0025
2.09171e-06 -1.95713e-06 0
-6.35716e-10 -5.86541e-10 0
-3.66256e-08 7.42168e-08 0
13.068 -18.3805 20.9947
41.5656 -51.8497 34.8427
-6.76735e-07 -1.77863e-08 0
17.5948 -20.4251 68.5314
-1.29111 -42.7299 6.53059
-28.1726 12.6914 38.5965
-41.7219 1.56036 9.36298
27.8259 -1.10724 22.115
27.9947 0.00123191 -5.0144
87.9524 -179.791 246.945
27.4341 25.9191 94.0375
8.58134 22.3283 27.6151
3.09782 -19.1655 13.4519
4.19193e-07 -1.03771e-07 0
1.8987e-06 -4.14526e-05 0
-0.0133506 -0.00428917 0
32.4458 -6.09656 25.2724
9.10132e-08 1.24942e-05 0
-3.78054e-06 -1.0972e-05 0
-7.70119e-09 1.16884e-08 0
63.9301 92.6172 13.6699
31.204 -18.8171 9.25773
12.661 11.7917 0
-93.6705 9.86967 46.3801
2.71458e-07 7.8757e-08 0
-8.70132e-07 3.17171e-07 0
7.15612 -40.2929 10.0863
11.4239 -3.44764 -1.82486
1.83757e-07 -1.71333e-07 0
16.6143 26.3432 6.65122
-6.43734 -20.6096 28.9098
-0.947243 -17.3713 0
-3.44756e-05 -8.39737e-05 0
-36.0793 22.0707 -4.67898
-69.5856 15.5997 3.54426
12.0287 3.59674 2.73865
1.87788e-09 2.25846e-09 0
-31.4295 82.8021 3.02473
26.5544 2.55575 -0.809692
-5.10646e-06 4.9744e-05 0
-10.5915 5.64556 0
27.6245 -2.52094 18.784
3.18196e-05 2.41579e-05 0
-1.76392e-05 -7.84328e-06 0
-1.08756e-09 -1.15048e-09 0
2.23371e-08 1.67581e-08 0
-2.01473e-07 -1.95729e-07 0
6.95446e-08 6.26347e-08 0
-4.16145e-09 -5.51052e-09 0
31.4117 43.1818 48.5102
-9.88014e-08 -7.60745e-07 0
-8.62722e-09 -7.12113e-09 0
25.3851 41.9904 27.6535
0.359905 27.7348 31.303
-30.7225 6.05621 -3.81441
-37.5852 -25.7211 3.31375
-1.1579e-08 -6.17519e-09 0
19.2071 5.08371 18.4447
9.17769 2.90687 35.1162
13.6178 -5.2265 4.43628
2.15929e-08 8.20508e-09 0
2.57859e-07 -1.25332e-08 0
-2.75889 7.04866 37.8528
-29.2653 -0.984692 3.85433
5.42476 3.97911 2.91292
-3.21651e-06 -1.7633e-06 0
-42.4344 9.12711 -1.77078
-42.6461 23.6893 17.2236
16.8956 16.5829 20.5867
23.4574 -15.3472 -1.39657
-9.47784 -77.0074 0.242034
19.9181 12.5994 1.13575
1.32333e-08 -4.1047e-08 0
-0.000185453 0.000253011 0
23.6533 -6.84365 21.5802
-5.02081e-06 -1.45721e-05 0
0.00202352 0.00109945 0
109.593 -35.2091 27.7282
-3.85631e-09 -1.08561e-08 0
-2.12686e-05 -3.65865e-05 0
-2.13624e-07 -1.00144e-07 0
-7.12113e-06 -6.30007e-05 0
-4.32792 6.65864 43.198
-1.03352e-05 -3.51233e-06 0
8.68498 5.06045 47.2326
43.5615 -14.2746 6.97469
-17.1632 -75.6912 -5.05197
1.9874e-09 1.59982e-08 0
-2.67499 -0.210035 0
-2.1103e-05 -7.17256e-06 0
1.88349e-07 7.05993e-08 0
4.14409 -29.3608 32.3537
16.905 -33.6069 35.0993
6.97656 -2.01041 9.57229
38.3204 10.8405 13.9128
-11.8807 5.32145 34.3699
-24.0002 -0.256594 12.9745
6.30667 -7.6222 -2.58106
4.96243 -6.34242 9.35205
-0.0411471 0.00368467 0
-4.7204e-07 3.80512e-08 0
-20.6754 -32.6985 9.768
-40.5102 26.5574 10.4277
-52.3473 15.9513 26.8668
-1.02546e-05 3.63776e-05 0
-4.93764e-06 3.0736e-05 0
-2.4617e-10 5.89981e-10 0
5.41866e-09 -6.21033e-08 0
81.8747 4.55043 181.114
-4.09617e-09 -5.43661e-10 0
84.9467 -52.4565 30.0037
-1.49618e-05 2.78611e-05 0
-56.6086 14.1008 15.308
11.9442 12.7752 42.9709
-131.991 95.0975 67.3006
-1.69301e-06 -1.15997e-07 0
-0.00261712 0.00188003 0
6.03251 -69.3084 23.0912
26.2301 2.70413 21.8807
-15.0343 -44.5931 -1.0845
-17.6941 -5.76866 -3.60314
-1.64298e-09 1.76768e-09 0
2.66622e-10 -7.2552e-09 0
1.29404 23.8165 -3.12479
5.0324e-07 -5.17858e-09 0
14.9243 -2.57058 25.2215
-3.13065e-07 -3.96762e-07 0
-0.012988 0.0144876 0
-6.2347 -1.51436 37.9492
-29.397 0.353889 6.97713
-3.02504e-07 -4.69041e-06 0
25.4896 -12.1536 33.8426
32.9047 -38.2511 9.72148
-21.609 23.9584 -0.142442
0.000218374 8.1041e-05 0
5.98299 -21.8443 2.61677
-2.0056e-07 4.62582e-07 0
-5.60985e-08 1.4961e-08 0
-3.9354e-08 3.38364e-07 0
-1.95422e-08 1.88784e-08 0
-56.8698 88.3337 10.3887
-32.5604 -54.0044 -3.10471
-1.10825 -16.1263 10.8886
10.7705 26.0137 6.88466
1.64699e-05 1.75138e-05 0
-1.82879e-06 -3.20455e-06 0
30.5693 46.705 54.6179
-18.072 -5.76951 47.3622
-25.4752 -11.6255 2.02195
2.47008e-06 -8.38338e-06 0
-9.53448e-06 2.25173e-05 0
38.7752 -10.2064 14.7784
-1.98101e-09 1.43203e-08 0
-4.02158 35.2495 -3.07325
6.8304 17.9778 10.4319
10.5864 -17.2599 21.9321
-2.08371e-09 4.6358e-09 0
4.00941 -23.3221 9.00499
-3.47073e-06 2.15136e-06 0
-4.55405 46.3308 14.3071
-8.4898e-12 -1.64383e-09 0
1.56964e-07 -8.86864e-07 0
-1.26118 -9.00446 0
-1.43248e-10 -3.02246e-08 0
-0.193366 5.79875 1.69474
18.0353 22.752 6.85491
73.8992 8.69773 51.3199
4.05947 17.1306 11.3703
1.13135 -3.46011 18.2025
-2.66894e-08 6.47566e-07 0
18.4452 -0.709006 1.39613
-3.85515e-05 -4.97744e-05 0
-8.21476e-06 -22.8743 47.081
0.226671 -27.9275 8.1071
0.00104239 -0.000351364 0
0.125637 0.0117957 0
-0.235609 0.853614 0
19.7394 -43.214 63.3765
-45.6565 -19.9279 41.7107
-3.18447 7.87444 26.3974
-0.00648076 -0.041995 0
1.5735e-05 7.57784e-05 0
-1.32712e-05 -0.000104596 24.7886
-3.33194e-06 -1.46849e-05 46.1841
-3.69503e-05 -0.000160385 25.6809
-0.000135037 -0.000130645 0
-11.9672 -13.8227 7.96282
2.18383 2.76395 5.63217
4.57228 1.71706 3.34079
-8.79218 17.1275 39.06
3.39869e-08 2.28956e-08 0
4.30114 -5.11897 13.1805
3.60366e-08 7.35997e-09 0
3.0278 -43.0303 11.7642
3.08336 25.8907 22.282
-0.000625447 28.0285 -5.02835
3.93377 15.2486 0
3.61348 3.72065 -0.335745
-0.0113494 0.0499256 0
2.29985e-06 -5.36364e-05 0
-0.482549 31.574 11.6515
19.8696 -1.46911 19.0643
8.14011 6.87616 5.86036
2.41291e-05 -5.61898e-05 0
8.45192 20.3115 23.0681
3.54981 -19.1886 30.1882
-0.453258 -24.5398 3.38757
-7.36899 18.5916 -1.37119
11.5442 31.283 2.29348
2.55316e-08 -1.31653e-07 0
-10.1049 11.2719 23.5834
-47.5821 27.2646 -2.03293
26.6509 -44.6923 23.4191
23.7752 -45.2257 26.3998
0.0914134 0.094107 0
5.82854e-05 1.68491e-05 24.7945
-3.07532e-06 2.90764e-10 46.2032
-8.21759e-05 1.12362e-05 25.6978
13.3573 -14.3102 27.1365
-13.0704 -5.60814 4.50264
26.706 11.2387 19.6109
7.21723 3.65356 7.85762
3.07249 -2.48936 16.9073
5.26561 7.20205 31.7368
22.1053 9.26125 62.8581
6.56195 0.629475 16.9814
-0.000187954 2.3118e-05 0
3.35163 21.696 24.9979
-1.6029 12.3599 23.9474
9.86117 -12.0421 23.6826
-9.71742e-10 8.98023e-09 0
0.00018481 0.00189846 0
-4.86127e-07 1.04627e-05 0
9.87397 9.50356 3.41715
-6.02431e-06 -9.26006e-06 0
4.34287 36.3576 -1.60709
4.45845 1.5477 6.22148
1.47885 43.1938 1.68873
3.49818 -19.3137 30.511
1.78401 -3.10177 20.365
2.41707 -10.915 -4.45259
4.65541 14.249 16.481
-3.46477e-09 -1.12032e-09 0
9.54736 -24.1635 -3.03962
-2.17961e-06 0.00330826 0
9.06246 65.4182 87.544
3.55232 -29.2478 4.76906
-6.44486e-07 -2.57296e-06 0
2.78676e-05 2.92567e-05 24.7888
-3.32604e-06 1.46866e-05 46.1841
-0.000367308 7.92362e-05 25.6812
-20.459 0.279655 10.8789
4.66509 -7.35451 7.04203
-1.75335e-06 -8.75347e-07 0
3.20724 -12.1331 34.9017
26.5664 -36.4873 0.491802
-15.5237 -56.1084 -6.11753
-4.43684 -9.00989 13.5419
-20.2541 -16.0547 22.6359
-6.8072e-09 1.73617e-09 0
-1.23469e-05 27.7735 44.8559
-0.228656 27.9248 8.1131
-2.30032e-07 -1.0469e-05 0
-9.39757 3.64813 0
6.79223 -2.14608 17.427
-25.5888 38.6219 57.8753
-1.08644e-07 -1.27097e-06 0
-0.00453368 -0.00200199 0
0.158623 -6.20968 7.74478
2.67216 32.4383 16.727
-1.64215e-08 3.49722e-07 0
-4.45979e-08 -1.46165e-08 0
22.5265 -0.394815 19.0945
-19.8279 50.9098 2.09312
0.000243898 0.000281014 0
-18.4023 -33.0431 15.9946
-1.70009e-06 6.01845e-06 0
-1.3102 -10.3642 59.2352
-29.6342 -26.7077 3.62809
13.4115 -33.2234 -4.06104
-7.76274e-06 -1.44371e-06 0
-50.2977 12.6418 -0.589615
-6.3736e-11 -1.66763e-10 0
-0.00015566 -7.37925e-05 0
-0.140378 -0.40742 0
2.59852e-05 -1.97833e-05 0
-3.32626e-11 -1.35407e-09 0
-36.9762 -19.5384 0.570694
8.49456 -22.6044 25.3751
62.9396 69.8549 5.65749
0.000983669 -0.000801339 0
-15.0304 -37.2654 52.029
2.92403e-09 -3.04164e-09 0
4.61046e-08 -3.51005e-08 0
6.14431e-10 9.80754e-09 0
2.29529e-10 -5.51351e-10 0
20.7108 -38.2379 -4.36526
1.73225e-07 -2.12936e-07 0
6.06879e-07 6.52983e-08 0
20.4458 4.02472 10.6119
7.26692 -2.24097 7.51279
14.1534 31.0999 14.7988
-6.01492e-06 1.80764e-05 0
-43.8748 7.09043 0.944212
26.7876 3.15624 22.081
28.0091 -0.00219301 -5.02283
1.37454e-05 -2.4716e-05 0
9.7317e-07 -2.3171e-06 0
35.5472 -4.40322 7.65115
-19.873 -5.71111 6.00239
23.882 -15.1259 7.53336
16.1142 -17.22 10.3737
-2.11281e-06 2.05761e-06 0
-2.90446e-09 -8.51297e-09 0
48.911 6.63852 0.638594
1.62716e-10 8.52738e-10 0
-2.96312e-10 -1.45185e-09 0
10.4736 50.6034 72.1461
-4.45597e-07 -4.34944e-07 0
-48.0483 5.73569 17.1198
-61.9605 40.029 53.2475
-0.000186194 2.11855e-05 0
-1.09222e-05 -3.51379e-06 0
-3.51076e-07 -1.42159e-07 0
1.32898e-05 2.58655e-05 0
-7.89036e-08 -1.11526e-07 0
79.827 -3.31571 7.60828
13.3947 18.219 19.6011
-1.94896e-08 5.00272e-10 0
-2.94334e-05 -9.61374e-06 0
-35.5348 9.09122 34.4608
-5.8399 32.7448 37.1806
21.0987 18.8152 3.43016
-1.11566e-05 -7.53128e-05 0
8.97757e-06 -1.82126e-05 0
11.5475 -9.38131 24.8669
-5.93464e-10 8.81101e-10 0
25.8388 3.09002 22.3057
28.0208 1.14267e-06 -5.02578
0.000135509 -8.81555e-05 0
9.31702 27.6119 18.8394
19.3014 78.557 77.5377
7.65211 -5.55376 19.2483
26.1945 -1.36964 11.3264
8.46877 -5.09902 11.7961
-4.26989 -33.7928 13.6978
8.94668 32.8258 -0.0825358
-6.17134e-08 1.37684e-08 0
-22.0472 -33.2093 65.9739
-74.2824 13.5161 52.0821
-32.3866 -45.7531 14.7782
-3.40955 -2.01793 6.7687
15.9488 -27.3587 13.6038
-5.53717e-05 0.000112556 0
7.29585 -5.85708 1.61335
-0.305842 0.525322 0
-0.00113707 -0.00150686 0
16.8248 17.7442 41.4976
-1.62839e-07 -1.74871e-07 0
47.1786 16.8107 66.6205
1.31812e-06 -1.32506e-06 0
7.36395e-10 -9.27863e-09 0
-1.02162e-09 6.06867e-10 0
13.1394 -19.9155 -1.89405
26.9928 -30.7955 61.0985
-1.94376e-06 -5.66736e-06 0
9.24858 -37.0219 0.644714
6.26028e-06 -1.15138e-05 0
1.14442e-05 -6.63248e-06 0
-80.7285 28.6194 8.56045
26.9114 -1.10823 22.4674
28.0081 0.00225643 -5.02344
5.43225e-07 -1.39482e-07 0
-61.7728 26.292 12.4597
37.1403 -14.4157 3.21492
36.589 -17.1382 -2.58404
6.64122e-08 9.97922e-08 0
-21.6416 15.5392 27.4782
22.2739 -6.13952 -1.57617
20.4072 0.763659 19.7812
5.69252e-06 2.57442e-05 0
1.20408e-08 9.52695e-09 0
1.97602e-07 6.59826e-08 0
-7.04554 -38.3597 3.22081
-12.9449 -15.5421 0
-46.3715 -28.2015 23.3906
41.0029 27.2255 -3.70148
0.116229 0.0401977 0
-16.8762 -1.43252 22.1115
7.62667 -37.7 5.40502
8.57827 -23.4926 13.6754
-8.98054e-05 5.66585e-05 0
-1.69106e-08 1.687e-08 0
-16.234 6.84832 14.4834
-2.40424e-06 -1.80875e-06 0
-5.63483 -8.58067 -5.36345
-5.34409e-07 5.46144e-07 0
-18.0613 29.8339 23.051
-16.0737 -21.2203 8.47916
0.693037 -12.442 8.90849
4.78809e-09 5.61107e-09 0
-2.23266e-09 -1.16589e-09 0
-4.62856e-08 -1.21574e-05 0
22.4678 5.9645 25.4652
-27.7214 7.46796 8.55061
-3.70246e-06 -1.25297e-06 0
0.000797353 0.000246231 0
-79.8647 -51.2866 5.49523
-3.07477e-08 -3.47335e-08 0
1.38399 0.158939 17.487
-8.45893e-07 -2.02141e-07 0
20.2542 -15.591 16.3428
-11.4849 24.1082 8.54319
-36.1297 -31.4733 0.422201
-8.6224e-09 -7.10287e-09 0
7.89155 49.2178 15.272
0.813887 28.2886 31.1334
23.5213 -17.846 15.7107
6.46284e-08 -1.60685e-08 0
-15.5741 2.99921 36.768
2.15599e-06 -5.49572e-05 0
0.0127757 0.0278643 0
5.77238 25.8392 25.853
39.535 -29.0275 4.97197
1.08188e-07 5.07997e-09 0
-20.1995 3.54399 30.1539
-27.0176 -0.947208 1.15607
12.076 9.77684 -1.48863
0.00778048 0.0028184 0
3.20892 -2.54744 8.41095
-31.6459 11.1593 3.57044
-4.34993 -7.70904 4.22293
-6.09993e-05 -2.85284e-07 0
-15.4134 4.46088 3.37484
16.2127 -66.7817 43.3547
-1.45186e-07 -1.05161e-06 0
3.54201 7.84205 0
-24.5545 -31.4393 -3.00631
9.14836e-10 -8.00996e-10 0
4.91756e-06 -3.24695e-05 0
-5.47353e-07 -3.07613e-06 0
4.84685 2.50228 8.57071
-3.20447e-07 -1.22957e-07 0
-1.79626e-09 -1.23729e-09 0
-6.13136e-08 -8.63981e-09 0
-3.161e-08 -9.67106e-10 0
-1.97639e-07 -5.04438e-09 0
14.5894 10.856 44.8023
-4.75297 11.9645 24.5113
1.58266e-08 -5.92544e-09 0
-2.06632e-08 -2.60683e-08 0
44.1925 62.6658 31.7549
-72.6058 -15.6744 21.5406
-30.5655 46.7865 10.1325
21.9676 -0.526214 5.20263
-5.81453 30.154 10.2042
-4.28358e-09 3.58076e-09 0
-3.14106 7.12281 0
-19.2525 3.50339 30.5232
-12.2917 -0.278371 19.1753
5.60411 -5.88466 4.95006
0.418243 -5.78053 6.21467
-1.00699e-05 -5.40169e-07 0
-14.2268 -2.92097 13.2733
-17.16 -10.5531 10.4254
1.63584e-05 2.25701e-05 0
-14.2501 -16.6396 1.29295
15.7783 -11.2619 6.06622
6.54111e-07 1.80906e-05 0
1.2704e-05 1.53087e-05 0
10.279 -15.6521 26.4576
26.7087 -44.6782 -0.368
2.14763e-06 -1.21023e-05 0
-10.8067 -6.10241 32.4183
-3.19101e-06 2.93116e-06 0
-27.9215 22.891 8.66385
-1.00905e-05 -2.63488e-06 0
69.5194 -64.0107 45.3552
-4.56493e-06 -1.3253e-05 0
4.29088 -14.8181 26.2429
25.6899 -69.8082 16.0661
-2.94741e-06 3.15356e-07 0
-36.7134 55.216 75.6628
-2.11388e-09 -1.48512e-09 0
-4.24914 -61.0105 35.7779
12.0336 -21.1881 18.1715
3.82761e-07 2.02965e-06 0
1.83238 -19.4671 8.49147
-94.7031 -26.7957 17.5464
-1.02872 0.652212 39.5145
-12.2537 -2.28967 0
-20.127 -0.881975 31.4292
-25.0427 0.215821 8.50858
9.19455 -11.2664 -2.72879
-35.0566 -0.819255 23.7499
-16.0233 -22.8986 11.6093
9.81003 0.844719 21.455
-20.6995 -11.048 16.4131
4.99963e-07 2.72712e-05 0
-5.65377 21.0733 0
2.44852e-06 4.18284e-05 0
3.7807e-06 1.27175e-05 0
-3.00615e-08 2.89746e-08 0
-3.52146e-10 -2.14314e-09 0
2.70309e-09 1.82871e-09 0
61.2579 52.2642 0.472655
-2.76293e-06 5.62077e-06 0
-5.09986 9.51799 57.7798
-60.2481 -23.9198 9.23456
20.8337 -49.9381 38.5705
-1.02948e-07 7.96176e-08 0
-6.12049 -3.35769 39.4585
-3.92642e-06 -1.301e-06 0
-35.8555 -40.3712 8.93103
0.00612852 -0.0140447 0
1.84865e-06 9.6551e-06 0
5.40006 -14.6631 -4.35725
13.8555 9.70303 7.0665
-1.26168 -0.365068 0
-5.02295e-09 -1.09279e-09 0
-1.30568e-08 -1.2391e-09 0
-6.95349e-08 -1.27204e-07 0
-1.40228e-06 -4.72671e-07 0
-7.37745e-13 -9.94775e-10 0
1.202e-07 -6.7973e-07 0
-4.25744 -33.3401 -7.36789
2.20586e-09 -4.51023e-08 0
-0.401334 5.63594 1.97896
-3.45956e-10 -8.88594e-09 0
27.0536 -36.7718 34.9604
-2.31048 17.5003 38.064
-0.061832 0.618663 0
-11.6243 33.2033 24.7881
3.22196 -5.42845 2.57244
9.67436e-08 -1.74338e-08 0
5.55494e-06 -22.8638 47.0873
0.226886 -27.9277 8.10445
-102.032 59.0025 20.42
60.9549 -167.684 93.8443
-0.00882079 0.189749 0
0.000122844 0.000883406 0
0.00113404 0.00113642 0
23.7586 6.69502 4.6643
37.4889 10.852 5.36335
0.000710069 0.00258733 0
-7.93213e-06 -9.61579e-06 24.789
2.86516e-08 -1.45983e-05 46.1849
-8.74596e-07 -4.35209e-05 25.6813
-21.4579 15.5999 31.8203
8.22373 -17.7051 5.75058
-5.57861 11.3396 -1.79114
4.71538 27.0554 31.6445
-48.5892 31.789 65.1899
5.54232 20.7259 20.9396
9.77997 4.4403 4.33048
17.7099 7.67115 25.4663
3.1383 -42.897 11.5176
3.08445 25.8786 22.2907
-0.000705013 28.0301 -5.02725
0.697409 -15.0402 10.6641
1.4448 2.95671 -3.94785
-8.42917e-10 -4.12097e-10 0
7.15028 0.81662 0.0913415
-0.355139 -0.170704 20.4724
30.0295 29.5247 35.4923
74.3671 -92.9881 34.1773
-6.36271e-08 -1.94741e-07 0
8.73247 19.9257 24.2322
3.55222 -19.1716 30.1931
-0.452903 -24.5396 3.38755
8.24602 -42.3184 29.1112
-0.0160141 0.226043 0
-2.46152e-08 2.98791e-08 0
-37.6878 -18.1759 9.10767
8.27475 -46.9172 15.8224
-6.56089e-09 -3.7114e-08 0
-0.151105 -39.289 20.3792
21.4311 14.6112 21.2976
6.26605e-05 1.80322e-05 24.7953
4.67046e-08 6.24511e-09 46.2041
5.2977e-05 1.52311e-05 25.6986
-4.05532 -5.55362 21.6317
-4.88891 -7.33527 -2.72598
46.9011 -41.4711 33.971
3.57574 -0.355984 5.86888
5.38388 -0.117716 17.5328
0.00126597 0.000269546 0
-13.1022 15.4695 39.7416
6.98567 18.442 0.60388
8.46177e-07 -2.59226e-06 0
3.3544 21.6798 25.0051
-1.55898 12.454 23.9268
4.17571 -1.16209 -3.13802
26.2374 0.625851 26.8082
5.58885e-10 1.31696e-09 0
-1.20514e-09 3.87767e-10 0
-25.1161 -37.7096 13.8785
-1.03047e-07 -2.60225e-07 0
-9.66209 48.7611 58.9628
-9.17373 28.7248 53.5464
3.38468 43.0822 2.52885
3.49945 -19.2986 30.5185
1.78736 -3.10551 20.3685
-5.64301 4.43499 -4.5934
4.61516 15.1216 11.1787
3.66271 25.8987 17.9362
9.90602 15.6244 25.1513
-5.96697e-09 1.86741e-09 0
-11.7845 -41.9372 4.00771
-3.60235 -24.8427 11.3863
0.00124089 -0.000955033 0
5.51265e-05 1.59366e-05 24.7893
3.12424e-05 2.35856e-05 46.185
-2.28102e-05 4.92432e-05 25.6815
6.8905 6.38981 3.30159
-1.05534e-05 -1.89954e-05 0
5.92414 22.9716 7.41194
-23.4231 -29.645 22.1896
-9.32465 -20.2324 57.9226
-4.55885 -14.0065 21.0895
-2.82291 15.6024 35.3277
10.603 10.8491 0.891065
1.67467e-06 4.71817e-06 0
7.12834e-06 27.7639 44.8631
-0.226629 27.9275 8.1044
-1.92436e-07 -1.08147e-05 0
-8.00113 16.5127 18.9331
-3.99901e-09 3.25391e-09 0
-0.471328 -32.8241 -2.8104
4.58352 12.7227 2.80951
-20.1781 -55.2159 -5.92741
5.09107 11.2578 1.21353
9.84828e-06 4.08188e-06 0
-9.99315e-09 1.65163e-07 0
-61.2395 -28.4321 35.7288
-0.492738 -33.9966 4.86498
31.0688 35.7667 69.8907
-5.75637e-07 -4.70118e-06 0
19.1374 -0.472248 20.042
7.23912 51.0357 18.4656
-17.763 -29.3416 46.9893
0.000937719 -0.00420105 0
8.17146e-10 1.43742e-08 0
9.65479e-08 2.41827e-08 0
1.73093e-06 1.51903e-05 0
-1.52589e-07 -9.9073e-09 0
1.1194e-06 2.28718e-07 0
2.60899e-06 -3.63479e-06 0
2.85489e-06 -2.07764e-06 0
1.68737e-08 -1.0456e-08 0
8.91744 31.4171 7.62397
-2.53997 2.66211 8.16808
-10.9181 4.7236 -0.267348
11.8719 -8.65284 11.0672
4.8675 4.29922 -0.776118
1.81506e-06 -1.65517e-06 0
5.5215e-08 -4.21088e-08 0
3.09616e-07 3.82938e-07 0
9.83304e-10 -2.54858e-09 0
-3.87139e-10 -1.35499e-08 0
6.80743 32.2928 16.4512
-1.2146e-07 4.40085e-07 0
12.575 29.4419 10.5039
7.60291 -3.50385 6.25661
0.000678624 0.00516204 0
7.26463 -16.2444 0
-44.8399 -18.5205 -3.66829
26.7871 3.15769 22.082
28.0107 -0.00141802 -5.02344
6.46634e-08 5.63661e-08 0
1.93019e-08 -5.92746e-09 0
-6.08274e-06 -1.76568e-05 0
-23.8582 -5.48438 21.3279
-7.93179 -27.1192 7.89972
-22.5367 14.9581 20.0518
42.6102 -28.7464 25.9909
-0.00905922 0.0136128 0
-0.000171289 5.94305e-05 0
2.7743e-05 6.31309e-05 0
-2.18687e-10 -1.5401e-09 0
-17.175 27.7687 32.5024
-11.0108 17.447 40.1849
6.54428e-07 1.13337e-05 0
-0.230199 0.599947 0
32.6216 -50.322 0.739122
-7.94496 12.974 0
-8.09287e-09 -9.8496e-08 0
2.92698e-05 2.587e-07 0
-0.175055 0.137162 0
82.1192 2.69275 4.83884
13.379 18.2259 19.6022
-48.2366 34.3823 8.7805
-5.51908e-10 9.23417e-10 0
43.8799 -30.5936 1.27332
7.68588 31.46 27.3608
-6.74968e-06 -1.95866e-05 0
28.4984 -19.0189 2.31951
27.8678 -25.1512 22.0299
-57.2065 15.2743 18.3283
-7.11584e-06 4.32061e-07 0
25.8414 3.09026 22.3057
28.0243 0.000354191 -5.02939
-4.39553e-06 -1.27538e-05 0
-23.2873 8.85954 26.6508
0.00292881 -0.000255592 0
3.11399e-10 4.81765e-09 0
12.6241 11.0167 3.00911
-2.46502e-06 1.77818e-06 0
-1.46935e-07 -4.3008e-08 0
-0.000100283 -0.000121345 0
26.3362 47.4514 63.9332
-41.4385 -66.442 46.5501
-74.2996 13.7242 51.9993
5.39313 -49.8322 23.5713
-5.50735 -8.39522 5.68894
18.7262 4.10471 1.50087
-10.6679 2.99381 17.9327
-5.49964e-08 3.32583e-06 0
23.5966 -12.9598 1.45609
9.80182e-05 0.000228637 0
4.84393e-07 1.33651e-05 0
1.88554e-09 2.22423e-09 0
47.7473 13.6033 64.7088
4.1756e-05 -4.48121e-05 0
-4.03189e-07 -5.31472e-07 0
7.79302e-08 7.80212e-08 0
25.6852 -39.9064 35.6253
-28.795 37.3084 0.913
17.3217 38.2001 5.60109
-2.04149 0.792489 0
1.95691e-06 2.45881e-06 0
-5.21253 15.2814 14.4535
-1.56459e-05 -1.27742e-05 0
26.9108 -1.10917 22.4683
28.01 0.0021094 -5.02468
36.6648 19.8629 15.6017
-0.577206 -16.7047 15.3467
18.4715 -7.8007 33.3149
4.42284e-09 -5.12587e-10 0
45.8908 -13.2047 20.2536
3.64569e-05 -3.14005e-06 0
-8.98628 -38.0029 18.8607
-1.11734e-08 -1.49249e-10 0
3.48101e-06 3.33895e-05 0
1.20538e-08 9.55146e-09 0
1.975e-07 6.50497e-08 0
-6.98889 -38.4194 3.41948
0.00283327 -0.00432995 0
15.9669 -2.15147 8.20739
0.112106 0.16811 0
12.9566 -1.53419 2.69767
-4.76864e-07 -9.46674e-09 0
7.7681 3.10736 0
-6.52655e-06 1.79156e-05 0
16.8755 92.1988 69.4198
-1.35132e-07 6.99731e-08 0
-16.7234 -29.6398 49.1689
1.362e-06 1.95133e-06 0
-6.52252 -16.7817 7.77956
54.0914 -26.8782 34.1016
5.40737 -9.63879 17.3232
15.9856 -2.24999 12.1223
-15.0239 21.3777 9.04374
-1.81877e-08 9.75354e-10 0
8.47311 -37.7206 15.9593
2.11526e-09 -1.07483e-08 0
-2.67692 -29.1729 18.822
-35.9366 52.0356 44.9581
-4.5011e-06 -0.000150591 0
-4.53472 -5.92664 33.149
8.29959e-10 -9.26927e-10 0
4.06318e-09 4.75815e-09 0
-2.49582 7.91747 0
0.000172891 -0.000119828 0
12.2908 -6.15442 11.5594
0.597689 3.32375 7.37888
-34.5057 -31.4555 -2.60776
-8.62232e-09 -7.10278e-09 0
6.98232 49.1993 14.5046
0.836814 27.5774 30.9315
-21.6581 12.5209 -0.792235
26.9019 27.6169 16.4776
59.0139 -13.3496 34.2566
-18.2461 -15.8162 5.57884
-19.4022 9.53874 27.8081
4.33194 13.2355 34.7267
0.000176046 6.76257e-05 0
2.58859e-09 -1.9883e-09 0
-20.1983 3.5436 30.1538
-28.0117 -0.000991238 -5.02554
35.6738 43.6337 6.97493
17.6217 -10.5703 0
21.6912 5.66784 7.43191
12.076 -31.04 17.9072
25.764 -3.84854 8.51521
-1.12091e-08 -4.23822e-09 0
0.587747 32.252 29.6576
15.0211 -20.2201 9.18634
2.22125e-06 -1.83119e-07 0
-31.2583 77.3617 2.33924
-1.92769 12.8364 25.3521
8.52201e-10 -8.66782e-10 0
3.3855e-05 0.000234786 0
-34.909 -17.1324 38.4352
0.0503208 0.0189326 0
23.9382 83.9832 7.82996
3.88952 11.8796 0.109229
-27.2409 61.5297 7.79603
-3.90974e-06 6.84801e-07 0
0.0315219 0.088349 0
14.6632 10.9347 44.7365
-15.618 12.2422 20.8045
66.1094 -44.4484 30.8932
-13.8345 -33.8241 -5.14902
8.42374 62.4607 23.8232
4.82312 25.097 10.0036
16.7226 25.9577 7.28236
-0.0272879 0.0489383 0
-1.69958e-08 -2.54588e-08 0
6.86559e-08 -5.23415e-07 0
0.00549963 0.14067 0
-19.2524 3.50339 30.5237
-28.0247 0.000179761 -5.03355
-0.00485374 0.00119648 0
-11.7862 -1.24656 34.6491
-6.52359e-06 -3.40508e-07 0
-0.0235114 -0.00097665 0
-22.3066 0.586345 2.65838
-6.78036 6.22733 -5.28624
0.000436722 -0.000370898 0
-6.06998e-06 4.26279e-07 0
-2.58591e-10 2.16266e-08 0
8.84866e-10 1.32325e-09 0
-5.7273 -16.1639 24.4162
9.23005 -29.0811 8.96072
-6.89774 -5.55778 8.79128
-18.3229 20.1868 26.0656
-4.64958e-09 4.74448e-09 0
0.0180158 0.068426 0
17.863 -10.7477 8.01948
1.06334e-09 6.07405e-09 0
-1.39499e-07 -3.32356e-07 0
5.40543e-08 4.69951e-07 0
27.6669 -69.4158 15.4203
-3.07203e-06 -3.11765e-06 0
13.4153 -23.5988 66.3272
1.34077 -26.0293 -0.858387
-44.7187 -20.09 18.6098
-3.45239e-09 -3.79746e-08 0
-22.3311 3.26229 0
1.64434e-06 3.4973e-06 0
-6.75479 17.8194 2.14584
0.0549601 -13.7092 18.5821
1.9926e-07 1.07853e-06 0
-20.1259 -0.881614 31.429
-28.0118 0.00143294 -5.02527
-2.32888 -7.19021 6.45325
-35.0556 -0.799074 23.7641
-1.05557e-08 -8.22276e-09 0
-4.42044e-08 -3.17799e-07 0
9.48369e-10 6.61889e-09 0
-4.31695 25.1366 31.2516
-3.57867e-08 1.33391e-07 0
-9.62372 -2.9609 -0.688252
-21.3814 12.95 7.96473
-3.00613e-08 2.89744e-08 0
6.7094e-10 4.0542e-09 0
2.06087e-09 4.03542e-08 0
-11.6254 21.9975 6.09172
-0.0976031 2.15975 -0.480622
51.4859 13.7186 53.6012
-2.49322e-09 -4.05706e-10 0
5.2812 -2.01088 26.2801
22.1703 10.3463 23.8384
-31.2252 -12.4094 33.9339
-4.90731e-09 2.01762e-09 0
-1.53231e-06 2.22458e-06 0
-18.3266 -6.1559 35.3327
-12.6943 29.3203 3.21066
-19.0383 24.9199 -4.99432
-6.34724 55.189 1.41209
43.3603 25.5345 6.30926
-0.000166241 -0.000120708 0
-7.04928e-06 -6.35386e-06 0
-6.91052e-05 8.02554e-05 0
6.754 17.1279 17.5048
-2.2943e-10 -5.04097e-09 0
-7.0806e-10 -6.3656e-09 0
-2.80495 -21.6453 0
3.76739e-09 -4.03022e-08 0
-0.375675 5.60269 2.05364
-1.78426e-05 6.9036e-06 0
-2.22923e-05 -5.88589e-05 0
-2.14954 22.4428 34.5942
-4.38038 1.44806 13.5116
-11.5289 27.208 18.128
-2.25855 12.0521 -2.27539
1.34032e-07 3.38013e-06 0
5.37117e-06 -22.8637 47.0873
0.226533 -27.9278 8.10462
-1.71483e-06 -1.90695e-07 0
6.73845 6.38303 41.2923
-2.93732 17.1993 -4.0469
15.9814 -43.1589 39.6169
-1.89114 18.3889 10.3126
-10.0237 -2.97204 4.7329
-2.07578 26.5981 9.43513
11.138 24.3176 17.8944
-8.74607e-05 -8.78888e-05 24.7891
1.15962e-08 -1.45954e-05 46.1849
5.91168e-06 -0.000261494 25.6817
7.23659 -7.46635 14.8655
-13.3762 -18.4384 16.6235
9.14731 0.203555 13.1871
4.59608 1.64565 1.99987
-12.0962 -16.3347 16.8046
14.7847 9.50615 17.4404
-7.99934 6.59304 10.8159
3.02183 9.25507 -3.17577
3.10464 -42.9201 11.4605
3.08668 25.8795 22.2907
0.000528536 28.0312 -5.02575
-2.80275 -11.5656 -0.887848
1.53532 2.89468 -4.04627
-6.01348e-08 1.22214e-07 0
1.95367e-09 4.3577e-09 0
-0.000101591 -0.000410554 0
-8.15229 -3.74865 14.1282
1.54534e-07 -8.77534e-07 0
32.8114 -15.167 -3.684
1.06852e-05 -3.5693e-06 0
3.55245 -19.1715 30.193
-0.452934 -24.5394 3.38728
6.8706 1.25879 -1.95898
-3.36372 11.4852 2.70798
50.3721 -0.0577979 100.626
1.00685e-06 -3.13915e-06 0
45.3622 -7.02797 38.9675
1.39624e-07 -1.8856e-07 0
-4.50676 -36.9939 62.8373
-2.75105 -1.36824 -0.509573
4.32624e-08 -7.8169e-08 24.795
5.81566e-05 1.6743e-05 46.2042
4.05049e-05 -2.31812e-05 25.6983
3.65935 23.4819 38.004
-7.90641 4.5494 15.024
-2.36966e-06 -3.68565e-06 0
3.71817 -0.327387 5.76125
5.59033 0.98206 17.0143
30.1308 39.0577 57.019
10.6778 24.3355 32.8979
4.34467 -15.5015 0
-2.40314e-06 -7.03987e-06 0
3.35477 21.6795 25.0049
-1.55896 12.4539 23.9268
11.9226 -19.6641 0.393214
-1.71684 0.781608 25.9269
-6.64857e-07 2.05817e-05 0
-1.29649e-07 1.51482e-07 0
-40.932 -47.5456 3.36004
6.01425e-06 2.74988e-05 0
0.0752005 -0.225265 0
15.0178 -6.72256 7.32101
3.03525 43.2362 0.635118
3.50163 -19.2992 30.5196
1.78955 -3.11104 20.3682
6.13047e-06 -0.000102071 0
5.5836 17.8813 10.5528
-2.60534 48.9939 16.7618
0.180955 -0.561794 0
-4.40203e-08 2.5254e-08 0
2.98265e-10 -3.8233e-08 0
7.32738 -14.6797 3.4582
7.44165 -34.7405 30.8271
2.8891e-08 3.53201e-08 24.789
0.000151085 5.80952e-05 46.1854
2.87134e-08 3.84247e-05 25.6813
9.33702 -2.59813 9.39985
-2.20111e-05 -6.18707e-05 0
-25.6959 54.9806 23.0651
-71.901 3.14636 24.3603
5.41862e-07 -2.33529e-06 0
0.0430577 0.0427897 0
-10.635 10.2159 0
-0.00423829 -0.00225503 0
2.41407e-09 -5.19807e-08 0
0.00012161 27.7641 44.8635
-0.2265 27.9281 8.10466
-1.35474e-07 -1.07274e-05 0
1.23508e-05 -2.22017e-05 0
13.4538 -13.6415 1.65797
-34.2172 11.0551 7.19411
0.123241 0.100792 0
-45.7515 17.9208 -4.8384
1.16436e-08 -4.43994e-08 0
-11.4929 14.4741 24.1512
-1.64741e-09 8.5916e-09 0
8.82031e-10 -1.08339e-10 0
2.36088e-08 1.93776e-07 0
-31.6036 31.8895 6.81447
-0.00467707 -0.00711277 0
-1.15284e-06 9.16351e-07 0
7.83174 59.8304 21.1288
-8.95506 -19.2545 24.9956
5.25073 20.4625 60.4256
15.4232 -20.0282 -3.37714
-6.55166 -18.0154 73.4128
-4.13521e-09 -6.35866e-09 0
-52.5604 -6.73011 10.3415
5.78955 -0.480161 15.1648
-59.2206 19.1065 23.7646
32.3463 -73.9652 15.4236
38.3106 25.7657 48.5964
-84.4202 9.87987 44.703
29.0812 20.4955 5.5056
-3.76084 15.9062 6.3597
-26.2296 3.90648 -1.72784
0.0455185 -0.0920785 0
1.81075e-06 -1.65234e-06 0
4.6705e-08 -3.55801e-08 0
1.03628e-10 9.691e-09 0
-5.10515 -11.2658 -0.611654
1.63958e-07 -1.22894e-06 0
-6.42373 -3.63887 0
35.4717 -8.16557 -4.00379
-13.8055 -3.37672 34.2087
9.35808 -3.04503 5.45328
-1.14992e-05 0.000203314 0
-33.9881 29.7166 15.6515
15.9827 -46.5358 9.86852
26.7861 3.15987 22.0805
28.012 -0.000762053 -5.02404
-12.1104 -12.0857 5.23116
2.08269e-08 8.06383e-09 0
-15.8406 -7.94712 9.48861
17.2516 21.8144 11.1011
33.8967 -42.0303 1.40432
-12.1347 -13.0593 5.93887
1.20055e-05 1.71623e-05 0
1.26622 -1.5665 0
1.58447e-08 9.58772e-09 0
2.37438e-10 4.16887e-10 0
-3.65073e-11 -2.53403e-10 0
8.05266 21.5287 54.4541
22.4066 40.0134 2.52637
-2.75002e-08 8.12745e-07 0
-9.30669 -111.806 35.8936
-7.47597e-05 0.000275136 0
9.81905e-07 1.00913e-07 0
-9.05423 -26.1469 65.4855
8.37333e-05 -5.39327e-05 0
14.6054 34.6691 16.4377
81.9467 4.79029 5.17024
12.641 17.8683 19.6445
-48.9091 34.7656 8.57484
3.4617e-06 -1.04996e-05 0
11.7589 -55.4286 7.33805
-34.5432 -8.21965 32.025
-36.2438 3.23093 16.027
-4.21283e-09 -2.33828e-09 0
-18.3568 -67.934 1.36637
4.48852 -7.76132 15.9029
11.3689 42.4568 18.164
25.8378 3.08976 22.3015
28.024 0.000720915 -5.03228
-14.2538 13.2486 42.6741
-39.7647 -3.90971 5.22323
47.6742 34.5372 4.8282
24.4837 -10.0546 7.38227
-5.05737 -25.8286 10.5949
-5.11375e-05 -2.37849e-05 0
8.1305e-09 8.69416e-08 0
-37.6861 35.7413 83.1569
-12.9131 -0.970846 0
-2.08516e-08 -1.80752e-07 0
-2.54029e-07 -1.75637e-06 0
-8.6921 -46.5032 27.6679
13.1704 63.06 45.3851
-14.1119 -8.43937 5.85354
-22.319 9.30235 5.08725
-57.3389 -8.90018 59.9477
10.696 -3.79387 6.87374
-3.63864e-09 1.30374e-09 0
16.6416 -95.5787 38.0693
31.0856 -19.4281 71.0912
42.5124 16.1097 75.7848
-37.7678 23.8744 -0.631629
-1.92916e-09 -1.70409e-09 0
-5.32613e-09 1.48e-07 0
27.8474 -7.7925 16.5802
-8.0253 18.7189 9.71302
43.2797 -3.26244 40.705
21.7553 73.1941 39.673
30.3417 10.4956 49.5885
-36.8192 22.4753 40.8753
0.0127108 -0.0313105 0
26.9099 -1.11089 22.467
28.0115 0.00185796 -5.02479
7.37989e-09 1.789e-09 0
-37.3796 -7.0528 15.5545
-4.43316 -4.06867 4.74368
4.41177e-08 3.75219e-08 0
38.4636 76.3747 31.7379
17.7306 -30.5011 25.2103
-0.0597439 16.9996 53.2503
-35.2421 -48.964 99.829
-1.63823e-08 2.99376e-08 0
1.20541e-08 9.55156e-09 0
3.00602e-07 1.2198e-07 0
-6.92626 -38.4177 3.41926
5.84303 -4.8619 6.25578
8.01802 -60.3176 6.86625
-14.8426 -38.3647 17.5732
-2.61105e-08 1.89709e-08 0
34.1378 20.4023 39.4833
11.0891 6.58542 5.69791
37.2787 6.68179 20.241
8.623e-07 -3.25058e-06 0
-6.56634e-08 2.2095e-08 0
16.8263 -40.0032 14.5282
2.0291e-06 2.9396e-05 0
-5.75905e-08 1.23429e-06 0
1.86932e-08 3.49731e-08 0
9.96295e-08 7.61297e-07 0
2.04831 -2.20922 9.12105
-0.00014324 -0.000184978 0
22.9417 7.30332 4.12453
156.915 18.3495 24.0913
1.25957e-07 2.75096e-07 0
13.6215 -36.8445 29.0377
17.6232 -10.2198 5.7669
-5.02282e-06 -7.68117e-06 0
-24.8752 -46.616 57.8832
-3.10741e-07 -4.48541e-07 0
-1.87042 21.7303 22.7377
-2.10391 34.2048 8.57216
-20.8358 11.6842 3.68081
-8.75377e-09 -1.14141e-08 0
-4.63947 20.1172 19.4782
-34.0508 -31.1843 -2.30297
-8.6222e-09 -7.10271e-09 0
6.98496 49.1997 14.5128
0.85316 28.2906 31.1547
-27.6286 -4.21381 16.4095
-8.04592 -1.93371 19.5078
2.80687e-09 -1.64014e-10 0
-1.2496e-07 -2.66239e-07 0
-3.38134 4.19478 -2.82465
-49.3797 10.8563 10.6835
5.22506 -20.6443 0
-32.7317 27.0616 2.69269
-20.1986 3.54167 30.156
-28.0101 -0.000725472 -5.02465
48.6239 20.5441 39.6043
7.3933e-05 0.000159075 0
-2.20134e-08 -3.90805e-09 0
-35.6557 16.5994 5.0308
5.24853e-05 0.000462971 0
-18.9835 -24.4623 3.42485
10.5873 47.2864 94.7519
-9.61134 -3.11575 14.1288
2.4661e-06 -3.72292e-06 0
-31.6485 77.259 2.4551
-1.62565 -22.1353 21.0757
1.42766e-09 -1.11603e-09 0
-1.04766e-05 -4.4472e-06 0
50.6525 -20.8983 13.6478
-2.19506e-08 -3.90917e-08 0
1.94494e-08 -2.48683e-08 0
0.0999956 1.54718 2.37551
-6.80421e-09 2.91345e-09 0
-1.50403e-06 -4.57859e-06 0
-1.21036e-06 -3.71011e-06 0
14.8365 9.92844 42.4694
-16.0436 12.123 20.7274
44.7537 -1.51326 5.98925
-2.26094e-09 -6.92161e-10 0
1.08887 -85.8885 0.625553
2.33749e-08 1.57676e-08 0
-70.4247 -5.99614 51.2127
-23.9722 -23.0287 17.2135
-35.1248 -24.5009 17.3795
25.0076 -3.04261 25.7112
-3.68683e-07 3.1563e-07 0
-19.2534 3.50394 30.5294
-28.8633 -2.42061 4.27927
-7.38109 3.61819 -3.47258
-3.34895e-06 -1.25877e-06 0
-2.71447e-06 -1.49132e-07 0
-2.60035e-09 -1.60257e-09 0
-22.5092 0.591597 2.51913
6.55201 10.9856 21.2413
-25.7621 -21.5736 27.8838
29.6669 -19.4745 26.3477
1.82689e-07 1.00938e-07 0
3.92293e-09 4.84549e-09 0
-6.28663 -15.7418 24.5261
1.47275e-08 -7.71773e-08 0
1.13711 -11.8859 1.1117
-6.28223e-05 0.000127868 0
-21.9341 -3.58948 20.5078
-8.28037 2.61689 28.9214
4.27676e-08 1.26092e-08 0
-37.5614 10.1884 99.6009
11.4685 4.88862 13.3103
5.27404e-07 5.07463e-08 0
27.1519 -69.8654 15.1474
-3.07018e-06 -3.12365e-06 0
-26.3344 1.70743 58.211
46.393 -18.9241 9.61498
11.4922 14.1658 0.0766371
-1.09685e-07 7.259e-07 0
4.62205e-07 -3.92953e-07 0
-6.11118e-06 -8.65087e-06 0
-23.5838 -39.3769 -0.819925
-6.53676e-06 1.18656e-05 0
1.486e-06 1.17948e-05 0
-20.1264 -0.880375 31.4305
-28.0103 0.00196153 -5.02379
-2.89438 10.3522 15.0198
-35.0687 -0.759542 23.8087
-1.1359e-05 -0.000110458 0
3.22693 5.21757 -1.89716
8.9231 -65.3003 41.1215
11.9392 -8.2184 22.1525
-11.92 8.2083 1.78726
-33.9021 -41.1822 7.59074
29.9079 33.9022 -0.183305
-3.0061e-08 2.89741e-08 0
-2.01255e-10 7.73004e-10 0
31.3222 18.5564 -0.866605
-14.6164 -5.2843 -2.38277
-1.10224e-06 -3.48169e-07 0
-62.2084 34.2081 13.6031
-12.6759 5.27517 7.38034
-18.0231 -8.84935 8.46852
-17.6637 10.1971 13.0823
-14.549 16.0514 20.5659
39.5759 0.625188 0.488093
-35.5427 -40.7933 9.84566
9.12892 0.601154 8.43304
-0.00261879 0.0209401 0
26.3927 -14.2928 1.2743
27.7921 3.60279 -1.92476
2.67631 72.5436 69.0601
-1.72172 -4.13275 20.5693
8.94988e-07 6.05716e-07 0
-0.0990114 -0.300889 0
-1.95477e-07 1.36829e-07 0
-4.85103e-10 -1.61616e-08 0
2.45902e-10 -1.18621e-09 0
-2.78902 -21.6421 0
5.95644e-10 -4.76346e-09 0
-0.29687 5.60787 2.04202
4.79613e-05 -1.57328e-05 0
-17.4155 -28.9349 27.8933
0.853418 31.499 27.8793
10.1748 3.78623 -1.95166
11.5538 24.8205 16.146
-1.79179 9.07177 6.42896
-0.000373626 -0.000295199 0
5.20318e-06 -22.8638 47.0873
0.226543 -27.9276 8.10464
9.83308 14.7342 37.5771
3.20181e-06 1.48217e-07 0
-2.96996 16.0156 -5.49564
20.1698 -43.2538 42.7708
1.1671e-07 2.60462e-08 0
-7.3617 -15.3814 0
18.9995 -25.5803 31.7126
11.5651 7.47643 11.8414
0.000113732 -0.000113775 24.7892
-2.11422e-08 -1.45972e-05 46.1849
0.000151714 -0.000369475 25.6819
3.44542 -0.624947 7.52366
-4.30879 8.46386 7.15511
23.9065 7.07666 35.1162
4.47938 1.68797 2.33151
-14.9253 1.91022 -0.285896
26.3039 -45.956 17.047
7.88536 3.23793 22.3284
11.5703 17.928 8.80489
3.0652 -43.0014 11.2401
3.08903 25.8773 22.2894
0.00136283 28.0312 -5.02565
1.1918e-06 6.67875e-09 0
1.47284 2.9556 -4.22278
14.065 28.076 -4.00948
16.9514 -11.1374 27.1969
1.48573 -29.7113 6.78037
-11.8166 16.8888 -2.64849
8.02091 7.13941 3.5226
-19.4991 -5.22777 0
7.34467e-07 6.97464e-08 0
3.55254 -19.1715 30.1926
-0.453082 -24.5399 3.38813
-11.96 -18.5805 9.1141
-22.7404 -0.48591 1.39125
-43.3602 -66.7722 77.7646
-3.60706 14.1089 24.2721
15.3446 19.0088 15.4198
6.63537 6.08272 2.87961
20.2277 -33.956 39.8963
16.0314 23.3035 11.6189
1.10423e-07 -1.19593e-07 24.795
2.01008e-05 5.79366e-06 46.2041
5.95838e-05 -5.12936e-05 25.6984
9.95385 -7.5787 -2.87134
-1.56914 5.49408 12.0296
-1.16281e-07 3.26256e-08 0
3.4895 -0.396232 5.59347
5.27387 0.896603 17.7568
7.57483 14.3409 -2.03561
17.011 26.1244 39.2535
5.23115 11.4027 6.29918
2.53642e-08 -1.39964e-08 0
3.35497 21.6791 25.0042
-1.55855 12.4537 23.9269
-0.417947 -0.142052 0
-0.000142986 0.000109875 0
5.53412e-09 -1.3303e-08 0
4.01876 53.1053 3.99131
1.17856e-05 -3.45853e-05 0
-0.00156692 0.00867603 0
-1.20564 -0.141484 16.3902
24.8399 58.2669 8.62486
0.00027646 0.0050233 0
3.50338 -19.2977 30.5169
1.76955 -3.12471 20.3781
-8.9504 -2.06647 -4.86031
1.52801 1.77042 0
9.09071e-08 2.75006e-07 0
-22.3465 0.855784 38.872
0.0695483 -25.7371 6.0286
2.54468e-05 -8.52373e-06 0
-1.64843 -18.6742 4.31581
-14.2062 -14.9496 3.03618
2.07198e-05 -4.07632e-06 24.7892
9.28046e-05 4.13216e-05 46.1852
3.99405e-05 4.75999e-05 25.6815
-7.40739 34.6906 15.9499
-93.9435 -46.0919 17.9334
-28.0825 -9.1352 30.9713
-2.04427 -18.151 -2.41083
-7.80963 -16.0078 8.7488
17.6263 14.9001 34.8668
10.7718 6.9744 -3.15329
-25.8871 -3.15014 83.7433
36.5346 40.883 -2.04775
0.000109007 27.7641 44.8634
-0.226512 27.9279 8.10444
-1.84724e-07 -1.03973e-05 0
-9.6681e-07 -9.09077e-06 0
-1.43721 -19.3243 4.12943
3.42484 -2.49775 1.06438
0.764207 23.3265 10.3031
2.16719e-07 2.99994e-07 0
33.904 12.2731 35.5842
3.1468e-08 -9.63252e-08 0
4.00577e-10 3.78153e-09 0
5.88698e-10 -2.20694e-10 0
-22.979 -6.25038 2.26123
8.7777e-10 1.35443e-09 0
-0.0046433 -0.0071358 0
5.08482 -1.01093 81.583
5.48868e-07 -1.85997e-06 0
2.3149 -25.604 28.8147
-2.24322 -8.26132 7.47751
-9.22387 18.0747 14.8956
67.4374 100.623 46.9966
2.43301e-09 -1.91542e-09 0
-27.1111 -28.4197 24.3285
23.6322 22.0321 0.222003
3.65861e-08 -4.97206e-08 0
-2.62523e-09 -1.78853e-09 0
7.27276e-07 -4.02439e-07 0
1.18378e-05 -9.01289e-06 0
-8.7718 53.435 15.5301
-2.57637 -1.09847 10.8925
-12.9685 4.09285 3.53143
80.5527 -39.6109 23.7371
1.78621e-06 -1.65454e-06 0
1.97562e-08 -1.49059e-08 0
-3.182e-10 9.95375e-09 0
6.40597e-11 -3.19097e-10 0
1.67281e-09 -3.65156e-09 0
-6.28992 -18.2373 12.1998
4.0675 6.55507 -3.0264
-1.27316e-09 1.28378e-09 0
44.0954 -13.4216 0
2.6616e-05 -1.33976e-05 0
3.30796e-07 3.31643e-08 0
-36.0043 99.1808 13.4323
26.7904 3.1605 22.0857
22.5357 1.31508 10.5913
-9.41098 -9.33812 8.91225
-28.5893 -26.9587 12.276
16.6136 69.9073 21.2269
-22.9689 -45.269 73.1895
-57.0642 -1.45445 21.3067
-34.289 -6.93629 20.9829
10.1128 19.0072 11.3807
0.000265338 0.000270396 0
1.41659e-05 1.555e-05 0
-19.5451 -51.2668 41.7281
1.38314e-07 -3.62123e-06 0
15.7698 55.3715 49.6946
0.00070946 -0.000314403 0
54.1338 64.1563 87.7101
-38.6601 -27.7503 20.5209
0.000276817 0.0016879 0
6.88488e-07 2.69344e-07 0
4.41264 -54.8691 17.8287
29.6057 -11.2383 100.96
2.65556e-07 -2.72554e-07 0
77.9879 28.7048 -1.11502
-0.36087 19.738 20.8655
12.6443 8.57637 41.9254
4.13232e-05 -6.17522e-05 0
-28.2763 4.39397 7.38779
-2.24736e-09 -2.75856e-09 0
3.39267e-07 3.34318e-08 0
-0.484902 21.0613 -3.06863
-6.72072e-06 -1.95073e-05 0
6.95406 22.6369 35.2419
-9.19365 20.8214 46.8888
25.8408 3.08973 22.3055
14.0245 0.0646401 18.0108
-36.2925 -11.4153 7.89026
1.10572e-07 2.43492e-08 0
0.0165803 -0.00145647 0
-5.31326e-09 -6.0311e-08 0
22.9981 -4.8851 9.53453
-61.4164 57.602 30.5297
-45.0309 -23.4817 2.73229
-19.157 -4.75581 5.77573
28.944 49.1121 14.1638
6.71548e-06 -5.37206e-06 0
3.51011e-10 4.92534e-10 0
23.9306 -40.6531 35.4652
-13.2291 -13.5209 11.4722
-19.0855 -9.34607 15.5271
0.000406814 0.000242549 0
6.69254 31.1233 6.18089
45.4136 -47.6005 6.37654
5.28414e-06 -6.19245e-06 0
1.8488e-08 4.4725e-09 0
53.0445 35.8751 11.2125
-112.537 92.8986 124.158
1.31817e-06 -1.31615e-06 0
77.0611 -41.0768 45.5507
2.4497e-09 2.54046e-09 0
-5.7279e-10 7.14491e-09 0
3.19936e-07 -5.44606e-07 0
-42.7229 39.2972 25.1655
2.4164 -14.1005 3.20213
48.5542 35.7919 41.9316
0.555252 -12.0662 13.6595
5.63916e-08 1.15198e-07 0
26.9146 -1.11217 22.4723
26.1083 1.12526 1.84955
-26.3149 41.7112 25.887
-4.71817 -5.55829 -3.95328
-15.705 15.24 29.0974
-36.3605 -38.9262 11.117
-21.4701 -58.4186 11.6507
1.14813e-07 -2.00095e-07 0
22.0513 10.1811 14.9344
-16.7209 -0.533684 0
-2.76847 -12.824 61.5402
1.20544e-08 9.55175e-09 0
25.1647 43.1298 4.94649
-7.63067 -38.4131 2.76602
-36.8608 2.38593 2.24286
15.7913 -3.65022 3.31697
-3.7398e-06 -3.34435e-06 0
-27.6895 -10.6486 -0.329046
17.2809 7.51488 14.5976
28.1116 68.0454 11.7322
6.86619e-07 8.00251e-08 0
-7.13452 -3.13622 29.106
-2.94754e-09 1.89364e-09 0
-1.52514 0.741724 0
0.000192387 0.000230055 0
10.3773 7.50528 24.8082
1.72352 1.48387 -0.20049
8.45813e-07 4.083e-06 0
-9.15853 12.9341 46.2432
4.81629e-08 -4.90043e-08 0
2.22307e-05 2.26768e-06 0
-2.57084 31.802 16.9171
2.16588e-06 -5.29923e-06 0
2.58134e-09 -5.17062e-09 0
-2.5441e-09 1.00573e-09 0
15.7901 -38.4954 2.30204
17.6404 -34.2888 9.3121
7.45061e-09 2.73204e-09 0
1.73108e-09 -7.87639e-10 0
-2.52043e-09 -5.95648e-09 0
4.21955e-09 -8.45386e-09 0
13.2149 -12.4883 7.5581
-1.02995e-05 6.52835e-05 0
-33.3576 -30.5982 -3.27114
-8.61303e-09 -7.05997e-09 0
7.01511 49.2157 14.4761
0.818417 28.4088 30.9579
23.0001 -38.9892 5.54189
-9.17419 8.29522 18.18
31.6867 25.7948 14.0504
3.84714 36.3082 26.8906
38.2918 29.884 11.5594
44.1438 56.3337 20.6111
1.50421 24.0108 8.50774
8.23115e-07 1.14204e-06 0
-20.1998 3.54114 30.1553
-28.0084 -0.00069839 -5.02228
0.0012295 0.00130936 0
5.5422e-05 0.000555451 0
-1.19859e-09 -4.34674e-09 0
-29.021 -28.7811 -2.14546
-38.6256 4.16945 10.1946
-17.8198 -46.2008 9.95978
-3.72275e-08 7.71055e-08 0
-1.5231e-06 2.44416e-05 0
2.2763e-08 -1.70137e-08 0
-30.2227 77.8622 3.32481
-12.6669 -18.0767 21.701
3.98141e-10 -8.32684e-11 0
39.3424 -28.0155 -0.513759
8.69263 -5.8149 0
-0.969384 0.681673 10.2777
-4.27535 -7.54297 0
22.4252 50.7709 24.4793
-0.00045825 -0.0037441 0
26.9933 2.765 39.4542
6.36013e-08 -2.65339e-08 0
12.7275 13.0874 50.0079
-16.0421 12.1149 20.7314
-0.000134464 -5.26244e-05 0
10.3796 21.3092 3.43001
52.5245 81.9012 1.46389
-9.11767e-08 4.95412e-08 0
-3.64845e-07 -2.79684e-07 0
-23.8447 -12.9234 9.76412
-30.7287 -29.393 -0.117242
4.38909e-08 1.03125e-08 0
27.4725 41.1464 2.16149
-19.2528 3.50357 30.5289
-28.0197 0.00138155 -5.02447
-0.00685242 -0.000447375 0
43.9586 28.4918 19.5992
5.85345e-08 -4.66867e-08 0
17.8765 17.7483 10.1398
-19.7738 4.54679 1.32895
8.12005 40.1058 22.6157
1.05574e-08 9.11907e-08 0
-17.6344 -1.44714 2.12537
-1.38157e-06 3.16265e-06 0
3.52293e-06 5.28266e-06 0
-6.29077 -15.7318 24.5296
54.2129 36.8045 17.5062
-16.5164 -13.2216 21.6864
7.66611 -3.92182 -0.0577459
9.47701e-06 1.68892e-06 0
1.25604e-07 7.99746e-07 0
14.3637 -19.7086 47.1261
12.2965 -8.47311 15.9269
-10.7363 -6.45548 16.7834
-14.2611 -13.8524 21.7417
7.35003 -70.6703 17.1175
13.4246 -24.7426 8.24947
3.08272e-05 -7.41479e-06 0
3.73296 -30.3295 -2.91987
63.7974 50.3321 38.9665
-48.3019 -73.3486 43.1873
8.28554 -13.6286 0
1.16731e-07 -4.18911e-08 0
-3.16311 29.4823 22.0878
1.82121e-08 -3.13707e-09 0
-40.2373 26.3986 40.7485
-20.1283 -0.879777 31.43
-28.0078 0.00254825 -5.02138
5.20277 27.8036 40.5945
-36.7169 -0.467628 22.4048
-1.69542 -17.4293 -1.8953
-1.63881e-10 -2.66794e-08 0
2.46024e-07 4.79773e-06 0
-7.17482 -13.6091 15.9043
-21.1839 -11.4167 -4.58638
-16.2358 -2.3957 20.9985
1.47441e-06 2.99108e-05 0
-1.95769e-08 1.87239e-08 0
4.13922e-09 6.02521e-08 0
31.3693 18.5005 -1.33572
-7.14498 1.92312 15.3925
0.00847525 0.103333 0
-1.24118e-06 -3.64523e-06 0
-2.14041 -12.0261 0
4.17725e-08 2.45603e-07 0
9.02934e-09 1.49647e-08 0
-17.6697 -10.6076 22.555
-16.1104 -7.65522 0
-36.8749 -40.5555 8.00424
-19.0485 -13.0244 18.9834
-8.18646 -29.4504 43.5685
31.7973 20.3804 12.6073
27.8736 -6.09424 35.9079
3.45088 84.885 24.9211
48.9343 7.20926 16.6297
4.58275e-07 6.83328e-07 0
0.230649 22.1411 15.8829
12.9034 37.5529 67.0204
1.00495e-09 -1.82971e-08 0
1.26909e-09 -1.56004e-10 0
-2.8027 -21.6275 0
3.81784e-05 -0.0001605 0
-1.88509 4.87351 1.52739
3.79386e-09 -4.42663e-09 0
-7.76947e-05 8.71156e-05 0
1.05564e-06 1.51078e-06 0
12.6915 38.9396 36.29
-0.677822 28.7512 0.578549
8.39638 43.0369 47.7218
-5.36618e-06 -1.67319e-05 0
2.08614e-05 -22.8743 47.081
0.228769 -27.925 8.11317
-1.95248e-05 1.27487e-05 0
-2.36718e-07 -3.68747e-06 0
-1.4082e-05 6.80799e-05 0
-8.90431 -52.6057 40.6538
-0.0105387 13.0465 1.18009
-1.25888 -9.81159 82.6242
-21.2767 -21.3853 64.6887
-8.1192 -3.2114 2.64497
0.000211156 -0.0001206 24.7885
3.33258e-06 -1.46847e-05 46.1841
0.000178782 -0.00014944 25.6807
-5.92435 -2.28572 10.631
10.276 -10.4557 3.32898
-4.929 10.7128 6.22247
3.0044 2.56107 3.28045
8.4728 5.57448 0.359772
-1.0152e-08 5.96502e-09 0
-2.53932 30.3351 30.8439
32.7932 -12.8701 70.2019
2.81049 -43.2544 10.8908
3.08789 25.8904 22.2809
-1.33664 30.2791 6.42269
-9.78554 0.0651663 2.80383
0.464895 1.74131 0.180792
2.47437e-07 9.42064e-07 0
-9.6983 -13.0927 1.89089
-1.22155 37.1111 3.43948
16.2483 6.06391 35.0281
6.98025 14.784 18.06
-17.0022 -2.8362 51.1453
3.90356e-10 -3.05175e-10 0
3.55229 -19.1885 30.1875
-0.452403 -24.5453 3.37787
3.92227e-06 0.000226777 0
2.9824e-05 5.70479e-06 0
17.7156 1.04826 47.4279
-1.15994e-08 7.59415e-09 0
-7.74796 -14.5142 3.97952
114.448 -14.1807 58.0272
5.77678e-06 2.25598e-07 0
-8.52901e-10 -1.05555e-08 0
1.9853e-07 -6.32261e-08 24.7941
3.08965e-06 6.25999e-10 46.2032
1.98898e-05 -5.55744e-07 25.6974
8.16632 -9.31166 8.84297
10.2065 -4.98756 8.13312
6.49739 -1.92031 15.3561
1.43099 1.11842 9.91911
6.12646 6.04103 12.5037
-12.0291 -13.7751 8.46367
-3.87014 -32.0144 2.8911
-17.5452 3.10593 37.4868
-0.000645042 0.00426944 0
3.3548 21.6954 24.9968
-1.55764 12.4487 23.9277
-3.66579 2.54528 8.91758
5.23838 15.879 4.01972
-0.113053 20.8417 -1.62831
5.11496e-09 4.79176e-09 0
47.5429 -19.7477 9.07202
8.62992e-08 7.44367e-07 0
-1.93476 -16.6775 0.439707
56.4615 -32.6202 32.1148
20.0109 26.9305 27.8956
3.50187 -19.3135 30.5101
1.94986 -2.91231 20.2333
-0.108155 -12.0841 -5.52062
-6.61072e-08 3.15839e-07 0
10.8588 26.0328 15.2791
-3.10773 0.164026 8.37355
-4.63061 -19.1152 17.1746
-0.181751 3.70762 18.9082
-4.64652 -10.6914 6.89351
-15.8785 15.4106 9.6559
7.30966e-05 -3.02352e-06 24.7884
3.90439e-05 7.59352e-06 46.1843
0.000189207 3.92159e-05 25.6807
5.84186 13.2939 -3.01706
-1.73525e-05 -5.3874e-05 0
2.3871e-06 -3.07097e-07 0
-9.61344 -8.80025 11.2037
20.9037 0.62762 25.8443
36.5239 -51.195 30.6058
-1.71027 -29.8631 22.8633
1.32848e-08 3.1503e-09 0
-6.73729 21.6437 18.5152
1.88952e-05 27.7735 44.8559
-0.226556 27.9269 8.10652
-1.77614e-07 -1.03422e-05 0
-7.98571e-05 -6.83897e-05 0
-21.1688 -12.2817 0.199908
5.79914 -62.3613 -5.69672
-9.33145e-09 1.09929e-08 0
11.4163 -0.289567 11.1011
-267.215 -113.805 136.926
-32.3393 -12.8959 28.0121
1.47939e-11 7.32042e-10 0
-8.48932e-09 1.45983e-08 0
2.53854e-08 1.90705e-07 0
5.20003e-07 2.74448e-07 0
-0.000851926 -0.00124093 0
-30.0115 -5.33321 5.62609
3.85958e-07 1.55139e-07 0
-10.7978 -27.5152 37.0286
-29.9505 -13.1936 4.20611
0.0807418 -0.0619423 0
3.42197e-05 -3.42666e-06 0
3.95489e-09 -4.63894e-12 0
-36.9252 -30.4281 9.6449
-2.7078 23.2047 21.1904
1.09136e-07 -9.27088e-08 0
4.40927e-07 -9.93413e-07 0
0.00138518 -0.00127182 0
-0.00828782 18.2039 118.032
-7.43943 -18.574 28.7595
-1.35013 24.0865 19.8719
1.64542e-07 -4.04174e-07 0
6.42007e-07 6.16671e-08 0
1.11663e-06 -1.10329e-06 0
1.98069e-08 -1.50176e-08 0
-2.3307e-08 6.28602e-08 0
-3.67163e-07 -3.59338e-07 0
0.942212 -31.9282 2.63506
0.0603425 -0.00311533 0
1.06131e-10 -6.98018e-10 0
35.9112 -10.5622 29.6989
47.7845 -0.771836 19.5148
4.37382e-09 2.45279e-09 0
5.77459 4.70142 12.6468
7.84681 -31.0935 21.8758
-32.2268 21.1185 23.8174
29.4044 -0.356898 6.99755
-15.1177 10.2886 16.4547
-47.1678 3.1598 -3.7339
-45.9229 46.1487 39.0231
1.1483e-07 -3.01123e-08 0
53.6219 14.6527 36.4579
-6.17654 9.92588 -1.594
50.5683 -9.21795 -1.21234
4.89233 -3.38901 6.70904
0.00105656 0.00116353 0
25.1756 82.5062 7.63669
18.5198 -76.5336 6.89531
-24.4157 12.2558 49.4354
-7.15524e-06 1.29645e-05 0
-34.0094 -8.14274 -0.144137
-19.9869 20.3017 4.78309
2.87471 -12.1137 0
2.25742e-09 -2.68631e-09 0
-4.63421e-09 1.86491e-08 0
0.460714 -1.64652 0
5.87974e-05 5.39906e-05 0
3.01232e-09 -1.65571e-09 0
-47.1724 36.4538 44.3513
-5.67006e-07 2.03838e-07 0
7.44378e-07 9.27368e-08 0
-8.85635 1.12867 6.71681
-5.45793 16.2129 2.73383
3.52852e-08 -4.40109e-08 0
-6.20527e-08 9.3825e-08 0
-34.4413 10.108 21.3105
3.37278e-09 -3.86136e-09 0
-9.31831e-07 1.36702e-06 0
-19.0584 19.0593 31.9453
24.9557 0.241474 10.986
1.02444 -30.8174 22.5739
4.42111 -40.4653 7.59482
3.29478e-09 1.47454e-09 0
4.00966e-07 -7.78988e-06 0
4.62282e-05 -7.98606e-06 0
18.093 1.36841 31.8527
27.0294 24.5051 27.8362
-64.6138 49.2877 37.266
25.2602 13.2813 0.109682
42.6166 43.1048 49.2443
-58.7484 -11.7137 45.1604
-32.9356 26.1783 30.1629
9.30707e-09 -5.85004e-08 0
-11.7144 -13.0276 28.0096
-51.2191 10.0327 10.1763
26.4348 48.7209 1.53428
41.7066 7.93594 -3.78967
6.06906 47.114 -4.29376
-44.6483 -33.1868 14.5841
4.19179e-08 1.10545e-09 0
-49.2031 40.0082 50.9704
-28.7103 21.0054 19.3839
146.268 -39.279 64.6935
1.13789e-07 6.50171e-08 0
-17.399 -1.97943 -1.20138
7.11056 -70.1482 40.4222
-0.280752 -40.7908 40.6109
1.37194 -31.7102 7.09021
-2.47413e-05 -0.00149001 0
0.000162498 0.000238635 0
4.20027e-07 3.30218e-08 0
-34.042 -1.61214 30.6731
29.2814 0.987268 4.16744
35.0879 42.6216 155.54
2.67734e-08 2.61061e-08 0
1.22916e-08 4.44418e-08 0
-0.000470351 -0.00323855 0
2.20119e-05 -3.8095e-06 0
-0.134979 -13.1232 31.2046
-1.07748 -14.2391 24.3141
-1.07857 50.4654 36.8628
2.34307e-07 3.33362e-07 0
1.20933e-08 9.61455e-09 0
3.56219e-08 7.29183e-09 0
-21.861 -11.4902 21.3343
0.18763 -4.46983 0
18.31 20.9888 20.4983
37.4546 11.214 14.717
7.08693e-07 7.44774e-06 0
-9.70739 25.2782 75.1828
-3.44514 0.380274 8.52577
3.503e-07 -7.39777e-07 0
-6.07387 -3.39388 0
-3.46001e-09 2.83988e-09 0
-19.1951 16.9538 28.5084
4.75168e-07 6.57646e-08 0
2.83247e-05 7.81147e-05 0
-6.61213 12.3056 6.41805
6.73247e-08 6.72965e-08 0
-19.8061 -22.8922 2.38922
10.3028 39.5933 25.4085
-5.0132 -6.06154 9.18323
31.7595 32.8715 31.9396
1.30568e-07 2.21031e-08 0
1.89477e-05 -3.01964e-05 0
-7.63326e-06 -5.67966e-05 0
9.00175e-08 8.10202e-08 0
2.78145e-06 -2.10589e-06 0
31.6501 34.714 -2.59462
9.43682e-07 1.28778e-06 0
0.0778111 -0.191468 0
3.79947e-05 1.03686e-05 0
-20.755 -19.2759 17.968
-21.0562 16.6275 2.28251
-4.38687e-06 -8.01382e-06 0
-3.52782 15.4629 44.6166
-12.6381 40.5542 22.1932
-6.85643 15.5327 16.3875
30.857 -34.6745 -2.53352
-3.13022 13.9874 0
86.9546 -49.4808 36.6873
1.46708e-06 1.32441e-07 0
31.1469 21.5384 8.61088
-3.47693 -45.8122 26.8354
-11.277 17.5295 41.4754
42.8415 -0.0932906 6.41744
-21.2134 3.48506 29.9951
-27.9945 -0.000612565 -5.01382
-15.3869 -25.4508 10.7267
-33.2771 4.47341 -5.85332
1.35056 3.42081 0
7.32071e-09 3.97732e-09 0
-23.7299 0.499396 4.92369
-39.8027 2.7694 23.2916
5.02915 9.05102 4.75997
40.6488 65.7044 38.0444
-3.45985e-08 1.44207e-06 0
202.666 -121.309 30.0926
3.43e-06 -1.5402e-05 0
-2.30002e-10 -1.09035e-09 0
2.02171e-10 -7.77862e-10 0
4.88062e-06 1.79182e-06 0
-13.9451 -18.8157 4.00155
-100.209 70.6597 129.077
2.04382e-06 1.99236e-06 0
4.78458e-06 -2.31744e-06 0
-0.20629 12.207 0
-12.2886 8.35502 41.1325
-36.2594 49.5635 78.1144
-15.2919 17.8116 18.0026
1.56233e-05 3.46025e-05 0
47.941 -24.0314 3.08569
2.01222e-09 -4.98505e-09 0
29.5273 82.6082 2.06741
7.07007e-08 9.14925e-08 0
-4.76996e-06 -1.38448e-05 0
13.1962 15.2776 14.1719
1.48304 4.88596 45.4762
43.2595 1.44962 0.261559
-20.243 3.44768 30.3739
-28.0036 0.00109276 -5.01703
-11.6631 -0.302319 -4.77901
-23.8457 6.4468 1.93206
2.29593 25.1631 -4.14541
0.00729598 0.00858095 0
0.30744 -0.007007 0
4.51493e-05 1.75897e-05 0
-28.6261 -20.602 -2.59854
-15.1951 -21.8527 35.2026
-4.18277 5.90146 26.8917
11.5049 -62.8062 36.7152
-5.52548 -22.0859 21.0595
-5.37473e-10 4.0404e-10 0
-7.98127 -9.96538 16.0982
-9.93351 -22.2005 17.1606
1.69139e-05 2.84705e-05 0
61.1294 10.468 3.93086
38.0748 7.51195 2.01889
-25.158 -20.9747 39.9701
-123.338 -5.78927 79.1536
-0.000153586 -0.000424083 0
-14.8616 -14.886 50.741
12.6711 -4.61313 14.0888
19.7548 52.7215 42.489
31.3721 -18.1901 3.75567
9.20067e-10 7.15998e-09 0
5.32187 -2.85808 6.54263
1.27867e-05 7.43703e-07 0
9.72602e-07 -3.35689e-07 0
14.683 -61.132 13.4313
-4.18231e-08 -4.53219e-08 0
0.577678 0.0424656 0
-21.1893 -0.87279 31.2536
-27.9931 0.00228248 -5.01168
-10.7497 -23.9795 10.0582
-39.0386 5.97227 6.65443
-36.382 -53.0322 18.3116
-20.4315 -13.9739 19.6413
-3.49504 3.88253 33.4613
7.43049e-05 -1.85923e-05 0
-19.3333 -8.46001 3.12495
47.2764 48.7818 60.6243
1.42351e-07 1.56394e-06 0
0.0206539 -0.0100178 0
-52.7739 20.4814 25.7143
11.0982 24.2965 -3.57688
3.2833e-05 0.000191421 0
4.70976e-09 3.245e-09 0
-1.96477e-08 -2.60565e-09 0
6.12005e-07 -3.51357e-08 0
1.67927e-05 5.83653e-06 0
-23.3376 3.46855 9.06227
-5.44543 -11.708 2.17509
-71.4661 42.8609 20.0216
-38.7907 -39.8835 5.0981
-8.36271e-09 -8.39275e-09 0
5.75116e-08 5.17292e-09 0
-1.04128 55.4715 -5.29897
11.9009 35.0781 6.01842
-10.6384 25.066 57.3336
6.20453e-09 1.17797e-09 0
12.9568 19.5104 0
1.91727e-07 4.94656e-06 0
-29.7207 -3.98134 17.6218
1.55895e-10 -1.26448e-09 0
1.23824e-06 1.23732e-07 0
-4.52766 -33.2766 -7.33967
1.49983e-06 -6.18209e-06 0
-37.4212 -13.658 35.4377
-5.96359e-06 -1.73071e-05 0
1.97431 -12.7956 13.9325
5.5116e-07 2.82273e-07 0
-1.58042e-09 -8.01684e-09 0
-0.122609 -3.02911 8.91202
4.37396 35.6223 -1.37492
-4.46467e-06 -1.30397e-05 0
0.000191332 -27.6343 43.8853
0.000324554 -27.8919 7.45188
2.92437e-06 4.32204e-06 0
1.4881e-07 -2.02311e-07 0
1.24111e-08 -1.12398e-08 0
-0.000597635 -0.000508705 0
6.61771e-09 -4.7408e-09 0
-2.98085 -22.5047 11.3875
4.16516e-07 -6.27836e-07 0
3.10378e-06 -5.22849e-07 0
4.87849e-05 -2.78256e-05 24.7875
3.94932e-05 -2.08173e-05 46.0814
0.00011186 -4.43133e-05 25.5909
-21.7188 -2.33931 11.9406
-11.4752 -1.42081 -1.38838
-18.8023 8.51522 27.4709
0.000101268 9.2987e-06 0
-6.88644 14.0262 -4.35702
2.72201e-08 1.15574e-08 0
-3.37036 10.2538 17.4131
4.96489e-05 0.000390846 0
-2.41244e-06 1.87198e-05 0
-1.03411 30.6497 20.8961
0.00151111 27.9659 -4.98108
0.000212335 0.000293463 0
51.4684 1.54883 11.966
-6.55005 -5.55047 16.5755
-4.36319 6.15503 5.1022
-8.89423e-06 -1.43783e-06 0
-14.0961 27.9076 15.4414
-2.997 -8.39496 5.34973
-3.92975 -50.1813 -2.15725
3.26079e-06 4.88644e-06 0
-0.787104 -24.3552 30.205
-0.394048 -23.5083 4.95887
-8.63509 5.06412 2.35414
-1.85692 -36.0383 20.6423
-7.35869 15.3457 5.75723
6.6678e-09 -1.22684e-08 0
-11.3233 6.74923 11.417
7.93739e-08 -6.89197e-08 0
1.39031e-08 -1.34174e-08 0
5.62467e-09 -6.30067e-09 0
2.52035e-05 -2.44175e-07 24.7889
3.66749e-05 -1.32357e-09 46.104
0.000156086 -3.96355e-07 25.6106
2.94931 -9.89742 24.1369
-0.000731429 -0.00062166 0
-10.4512 -4.89724 11.4698
-47.5917 12.4062 37.389
-13.1969 -2.23333 38.0046
43.8006 -33.5099 23.9265
8.64511 -7.908 34.4735
2.04682 -2.35817 15.7996
1.11942e-09 -9.62894e-10 0
-1.49607 15.9864 30.1601
-1.51211 12.6701 23.3543
-0.464296 1.10062 0
-20.0978 1.143 22.8407
-1.06667e-06 -7.57217e-06 0
-4.96539 4.93036 0
-16.1779 30.0775 20.3903
-2.95403e-06 -8.57424e-06 0
0.021817 0.20925 0
1.15836e-07 6.48178e-08 0
0.000117651 0.000947832 0
-0.793801 -24.4771 30.5867
0.264945 -3.56638 20.5575
-17.1969 -12.9556 10.7033
3.22067e-08 3.23426e-08 0
-31.1949 10.1011 7.62712
1.59027e-09 -1.20892e-10 0
-3.81087e-07 -1.91527e-06 0
-4.9788e-08 -7.33816e-08 0
5.31344 -42.8931 8.8738
6.90582e-09 1.75779e-07 0
0.000238845 -2.18324e-06 24.7878
7.52559e-05 1.3707e-05 46.0817
0.000380681 4.17646e-05 25.5913
-3.29415 4.34686 21.1173
0.000399876 -0.00448551 0
-12.1456 -10.8543 18.6765
1.50675e-07 8.98669e-08 0
-12.192 7.77795 10.7179
-4.17152 4.6141 -1.49173
-2.64011 -15.0559 19.7065
4.86177e-07 7.82681e-07 0
1.86468e-06 6.68993e-06 0
0.00019099 32.0834 41.2193
-0.231972 27.6807 8.51382
-3.15754 -3.00471 0
-5.70785 -13.5111 4.64524
-5.36082e-08 -1.7932e-08 0
-4.34488e-06 -6.6158e-06 0
20.6199 11.8979 -0.476218
-7.01216 -29.5934 13.9938
-16.7293 9.1607 16.4807
2.56434e-06 2.31721e-05 0
3.87505e-10 1.20468e-09 0
12.2241 53.9202 44.2286
-3.61945e-08 7.27766e-07 0
-23.083 42.0421 3.07904
-24.6797 1.30268 30.2555
3.46479e-07 1.93241e-07 0
-4.21361e-06 6.44587e-07 0
60.0882 -16.1925 3.77546
4.22518 -51.7127 22.0571
-1.50428 -0.883843 16.4504
1.62897e-06 2.08127e-07 0
-7.39664e-06 4.13421e-05 0
-63.2756 15.1571 11.127
24.4182 23.1634 11.1556
1.69011e-10 -5.86528e-10 0
-12.3839 6.51873 16.4008
7.2003e-05 -5.32032e-05 0
4.61828 -45.863 5.97301
-1.31213e-05 -3.46927e-05 0
-1.42337e-06 -4.1317e-06 0
-6.67016e-06 -1.9359e-05 0
-1.30866e-05 -2.73196e-05 0
4.4118e-05 2.43225e-05 0
36.7358 -31.8449 59.3466
-11.0807 -12.6967 0
6.27533e-08 2.05222e-07 0
5.29273e-08 -6.35406e-08 0
24.7323 -30.6587 20.1263
-6.00603 -8.35187 47.7744
5.64068 -15.8464 11.6386
53.6599 24.3344 12.4377
1.06119e-06 8.5592e-07 0
-18.1436 -37.4149 7.44739
33.7869 7.28792 11.6608
32.0998 -1.05238e-05 41.2069
28.0797 0.000269023 9.38178
-1.29906 0.147747 0
0.284695 -0.622621 25.0692
33.956 16.5999 16.5835
36.3678 21.5976 -0.401416
-4.48816 -8.8265 29.0098
7.26993 2.87917 9.51256
2.37603e-05 0.000236827 0
-23.2686 17.1483 7.71396
2.20415e-07 2.16432e-07 0
8.70006e-11 1.31823e-10 0
-38.3521 46.4793 8.8321
-35.9456 27.3111 8.82662
10.5369 -2.22989 0
-31.8469 -3.46626 6.33311
-27.5184 16.0174 18.5249
10.8049 -56.5183 9.42692
-10.9753 -10.4683 18.4101
2.154e-05 3.83049e-06 0
-6.27736 -3.88028 0
15.2426 -27.3218 24.17
1.08038e-07 -1.18676e-07 0
-52.8871 81.6355 27.5613
-8.23069 39.0882 -1.75302
-16.5249 5.89609 -5.59001
2.1616e-08 -4.95881e-09 0
39.1016 -38.5949 11.0451
-18.1447 7.91606 7.0536
-9.74171 23.204 -4.75473
3.07055e-07 2.8803e-07 0
0.0012047 0.000680887 0
6.64422e-09 -7.30779e-08 0
32.0736 2.10754e-06 41.2316
28.0861 0.00216192 9.36336
-0.000289896 -9.70712e-06 0
-6.76528e-06 -9.92185e-06 0
2.17965e-09 -4.50397e-09 0
-10.4799 -1.33125 20.5431
35.1888 -14.3624 47.2599
-12.7459 -10.3527 10.1973
6.87237e-07 1.10363e-06 0
-26.8081 34.1271 45.3334
-20.0634 -2.24927 21.4057
5.45247e-08 7.19964e-08 0
-28.2325 53.3835 0.12655
-37.3366 -24.6759 3.76533
1.29785e-07 8.02324e-08 0
1.23766e-06 -6.98555e-08 0
-27.9813 -13.4743 12.9419
-14.1687 -11.0196 27.6554
1.36142 27.6469 1.75558
-45.3967 7.30029 57.9334
-29.8669 9.80196 24.9843
2.84162e-09 1.79409e-09 0
3.98223e-08 -3.292e-08 0
-2.29635e-07 -3.6316e-07 0
-31.9674 6.52486 11.6686
-0.000114546 1.53591e-06 0
1.30172e-07 2.22516e-08 0
-0.000811188 -0.00333559 0
-20.8848 -40.4545 11.2386
25.6069 35.388 -1.44519
-10.7073 -16.8043 4.4825
41.0396 29.3288 14.6531
-11.5553 -11.7266 0
32.0998 1.23184e-05 41.2069
28.0858 0.00407742 9.35822
-1.97 -0.326522 0
5.89499 -36.751 22.0904
21.2014 -36.1464 1.30197
-5.7847e-05 8.82805e-05 0
-2.23356e-07 -1.15264e-06 0
8.33684e-07 2.3559e-06 0
-0.00294893 0.00475424 0
-3.26239e-05 2.67689e-05 0
1.41954e-07 8.14627e-08 0
-2.63955e-08 3.80637e-08 0
1.03484e-08 1.02827e-08 0
28.3591 32.8527 16.6485
6.68308e-05 6.36546e-05 0
6.19491e-06 -9.50739e-07 0
7.44754e-10 -1.77759e-10 0
9.24988 7.69012 35.2178
2.93797 20.4772 10.2511
59.205 7.64187 9.62274
-7.24855 4.84439 9.80338
4.73853e-07 4.45186e-08 0
1.82445e-06 2.14402e-06 0
25.0151 -22.5187 11.2801
-11.3458 -26.2587 17.2459
-9.92522e-10 9.11633e-08 0
-4.76897 -10.0054 3.6919
2.27426e-07 4.86566e-08 0
-6.80063e-07 -9.83509e-07 0
6.52912e-06 -7.46328e-07 0
3.06333e-07 3.1669e-07 0
4.32031e-08 -5.2356e-08 0
