# vtk DataFile Version 3.0
water particles
ASCII
DATASET POLYDATA
POINTS 2541 float
-2.03058 -1.07991 0
2.04732 -2.80668 0
-90.1937 79.8513 0
0.504888 1.49034 0
-17.5786 -4.40805 0
-36.5723 -118.516 102.626
41.7235 38.5579 0
152.923 -138.208 0
5.15466 -58.5385 0
13.2004 2.90079 8.49414
-12.7866 -23.5428 0
-3.04084 -121.236 0
-60.1812 -140.109 173.185
-0.248751 -2.30689 0
19.5803 8.83124 0
-6.49168 -6.22638 0
16.8203 23.3791 0
-5.33225 18.0735 0
-179.79 -214.646 231.939
124.302 -71.5787 191.011
3.21839 -1.12818 0
66.7012 -32.3055 0
3.71343 88.8093 0
-134.582 -0.30004 128.67
-94.2245 -0.313372 0
17.1531 28.1192 0
0.212703 1.22659 0
-86.4604 -43.8999 0
-116.722 -64.2335 0
-189.065 158.866 213.179
0.971735 130.576 48.5477
-242.665 109.498 60.2374
-65.5991 -51.088 0
-0.195664 1.49647 0
-2.58826 -4.2261 0
8.22046 -70.2883 0
115.235 20.1678 15.7274
47.6746 64.454 15.4728
31.3583 -2.4673 0
1.86033 25.5184 0
18.8088 6.48051 0
-0.468553 1.58001 0
87.3657 196.754 390.66
-2.56312 0.909979 0
-203.751 -18.7784 0
-4.37057 1.80064 0
4.42663 4.68923 0
-3.58855 -7.01801 0
-5.23337 -6.57562 0
-18.4025 -28.3886 0
-7.04204 -1.11562 0
85.5788 13.3711 7.90764
168.355 -73.1682 0
-97.0462 -85.5844 0
-2.48184 -3.84299 0
-2.3849 0.92505 0
-134.44 2.07223e-05 128.777
-94.2271 -0.00672127 0
-14.7739 -28.039 0
-35.0967 29.7755 0
12.5427 -5.06107 0
7.05538 -1.87128 0
14.7617 -34.9008 0
29.2067 -57.7519 0
123.515 -81.4985 155.051
3.2348 2.78666 3.54044
-48.392 20.2465 0
-1.3927 -5.96343 0
-2.54232 -1.53324 0
-3.13393 6.97838 0
0.801377 19.6293 0
127.305 145.92 12.4532
-10.3038 3.87986 0
8.86139 50.6358 0
69.3068 5.62239 0
-213.887 -14.1039 0
9.44396 -35.4516 0
0.393883 1.7884 0
-62.984 411.407 31.9191
0.502913 1.90864 0
40.4203 8.37878 0
-33.8097 21.9824 0
2.25956 -5.1136 0
-3.70548 -8.58064 0
0.111063 1.2987 0
-0.205605 -3.3131 0
51.606 -226.726 0
-2.56101 2.37464 0
-0.689761 -1.98985 0
-134.582 0.300058 128.67
-94.2064 0.299676 0
-52.86 17.3409 0
-273.681 59.1746 0
-1.70981 2.65476 0
39.1002 -49.7401 0
30.9445 -1.01344 0
22.3577 26.0072 0
-132.242 -19.4737 17.3905
32.2072 56.2637 0
-0.561205 3.65332 0
-39.0643 201.011 147.684
-2.65862 -0.58079 0
40.7656 -32.0601 0
-8.02697 7.14273 0
53.5424 -86.6111 0
6.3673 -6.61419 0
-33.7454 94.2118 0
144.65 -0.949618 254.522
72.7274 11.7603 0
72.8568 58.1422 105.975
-2.32708 0.395731 0
3.24127 4.73973 0
-87.4155 -81.5223 0
-2.3459 0.576754 0
-26.329 59.1773 0
96.6785 -149.569 0
33.5681 -28.6532 0
4.05899 -30.7457 0
62.3906 311.163 204.324
0.0818673 -3.11213 0
-1.42641 3.61873 0
-0.711523 -4.35616 0
-1.01902 -1.81484 0
-0.988673 -17.7738 0
-2.1592 -4.58467 0
127.767 -55.1729 159.334
-0.983685 -1.27308 0
7.57146 -33.3377 24.8522
5.29206 12.6779 0
-2.9711 -0.0855074 0
25.9049 75.9379 0
-2.30247 -2.83817 0
0.25536 2.75369 0
-0.901249 -133.893 128.719
-0.172047 -87.8069 0
-27.7426 -44.4662 11.4412
75.4499 77.9376 15.3468
9.03373 -12.4124 0
-17.8542 63.815 0
106.564 -155.783 19.5365
-69.5203 6.1059 0
20.8784 -274.734 80.2704
102.249 -27.8899 12.0149
-0.900049 -0.300378 37.5811
-0.90019 -0.3001 140.026
-0.900818 -0.300598 41.1102
46.3681 23.6325 0
9.09698 1.13498 0
55.5267 54.213 60.8126
-18.318 11.028 0
174.752 163.883 193.034
1.6541 1.74894 0
42.0199 130.237 240.446
0.275179 1.34701 0
-113.218 71.8139 0
12.6286 146.567 16.7679
-0.900965 24.6826 0
31.4581 2.30837 0
-3.73194 0.411237 0
109.969 -46.7936 24.6699
0.510997 -1.65549 0
3.27793 5.15332 0
-39.2782 -88.5414 0
-129.952 170.369 6.48386
78.5151 -100.262 75.2104
97.451 -131.804 120.628
14.8087 -117.454 57.8045
-1.76864 -53.1532 0
6.97175 11.9859 0
-727.481 -241.184 234.413
10.8773 1.40794 0
12.0337 -99.5167 0
14.3168 -35.0923 0
2.25904 4.61966 0
-4.8217 -1.43727 0
-1.54699 -128.873 38.9357
-0.900025 5.66136e-05 37.5869
-0.900177 1.40186e-12 140.135
-0.903492 0.000544827 41.2048
-2.87098 0.0650593 0
13.683 -17.5619 0
30.0449 2.77095 4.75643
24.5366 8.6513 11.9621
42.7513 12.5676 278.001
-4.22124 -19.1408 0
79.7826 13.3844 54.4041
99.2629 2.36293 81.1492
8.87552 -61.375 0
28.9206 65.3029 60.9979
-0.903211 67.1192 29.4289
-4.8499 -16.3063 0
11.2783 15.211 0
-57.3651 41.685 0
17.7179 125.482 0
-2.00942 2.2764 0
-1.74759 1.68249 0
-2.24822 0.608149 0
-8.39953 -42.8863 0
-8.89523 123.084 0
14.6914 -117.524 58.8209
6.58564 -16.8404 12.841
45.5187 118.827 0
2.50887 -18.9785 0
113.504 24.1351 152.485
-95.3617 -64.5661 155.334
46.0514 -71.6058 0
0.960325 3.46219 0
98.0486 226.444 51.7834
-0.467011 0.160318 0
-0.900157 0.30019 37.5816
-0.90019 0.3001 140.026
-0.905556 0.300574 41.1116
-40.2254 -95.2921 84.3214
7.15668 8.53426 0
42.1286 -90.4721 33.8503
0.171358 0.4501 0
32.7037 -87.0095 0
23.8275 -15.6574 0
36.2742 -37.2861 0
-1.21109 -3.06564 0
-1.72938 1.9301 0
-0.900909 155.352 115.859
-0.900675 82.696 0
17.7864 20.3824 0
-8.31894 -31.1594 0
52.6262 128.785 32.8162
-4.17509 -13.9382 0
65.5341 101.836 67.3628
54.298 77.6606 0
6.69964 1.18642 0
209.979 270.795 66.1402
-0.90373 3.41546 0
-64.0354 -392.416 346.944
-2.00433 3.04032 0
80.3844 -148.236 89.369
83.1623 -47.6407 136.539
0.828487 2.07942 0
260.431 -21.3015 183.496
263.463 91.7991 79.234
2.05109 -3.12952 0
1.4124 -24.8661 0
0.135999 2.14556 0
-40.3617 -77.6413 0
-0.991791 -10.0404 0
-249.787 149.08 0
-1.24292 -1.22018 0
87.2435 60.6521 0
-2.72419 -1.15633 0
-28.828 -16.3282 0
-227.836 -5.59776 0
23.2918 -9.35754 0
-0.551507 -3.38503 0
3.52589 7.19752 0
-30.6873 47.0575 0
-0.578661 -1.35875 0
0.949687 10.0985 0
-7.72822 7.12443 0
25.409 92.9646 0
13.379 2.99065 0
-17.573 -29.7173 0
2.96879 42.9488 0
31.2863 -36.0593 0.351359
2.99428 -1.59677 0
-75.6694 4.9681 0
-103.969 -11.6469 88.2485
132.841 14.6219 22.0187
24.1091 -0.300963 0
50.562 -211.891 167.285
-10.4683 -6.93945 0
35.6527 -95.0837 170.124
-124.443 -73.5746 337.648
-77.6886 83.4912 0
14.5691 9.91515 0
82.8072 17.364 0
96.8608 154.221 115.42
19.8915 -21.7445 0
-176.228 -842.479 303.461
6.68438 -13.2648 0
-5.62037 -3.20831 0
-2.26085 -0.95335 0
-1.39759 -1.62224 0
92.4256 157.801 46.7699
-1.87911 -2.11661 0
-2.26996 -1.59168 0
-25.4247 -4.53134 92.1125
-2.15169 3.02499 0
126.053 -124.457 4.8983
202.02 -265.917 101.917
65.3555 84.462 11.4793
-23.8246 18.3672 0
1.75164 1.95343 0
50.8712 95.0709 0
142.488 46.731 0
-2.47278 0.455094 0
102.401 147.108 166.655
1.27909 -5.85696 0
65.5333 16.4461 0
-150.706 10.7433 0
128.166 14.5975 23.1097
24.1185 -0.00021782 0
88.5012 101.483 4.70516
5.90766 0.860993 0
-115.05 -27.948 0
0.190896 -1.63822 0
1.16217 -1.55767 0
5.05473 -6.064 0
-114.133 76.1346 0
-30.4749 -0.571957 1.28531
1.23632 1.75239 0
353.69 117.616 43.6201
-385.421 -73.4508 117.41
1.12469 32.1838 36.2442
1.15575 2.8202 0
-46.3873 -76.5466 4.76152
1.2538 4.84741 0
5.05081 -3.1621 0
22.4663 20.3149 0
-133.522 -137.962 0
2.64461 -1.14865 0
35.4 -8.83306 40.1505
-11.7695 643.421 0
7.11887 -7.28538 0
-3.17576 -1.63094 0
-2.13625 3.71269 0
61.198 -86.6966 14.824
194.771 -243.494 79.4165
-2.2999 0.646195 0
80.262 -94.5329 230.746
-2.97765 -101.835 0
-131.364 58.9793 92.5911
-126.647 4.99067 0
133.613 -5.04078 23.7109
24.1084 0.301078 0
411.594 -840.756 1069.51
128.533 121.334 354.057
38.7182 104.301 42.4169
11.1021 -74.9963 0
2.38343 -0.845737 0
1.4151 -5.49137 0
-8.08386 -2.43346 0
152.3 -28.4202 33.7482
0.871905 1.68401 0
0.151578 -1.80301 0
-3.6218 7.88917 0
259.276 374.799 0
99.0684 -59.5814 0
0.297979 1.373 0
-448.232 47.6093 137.495
2.3983 0.467917 0
-12.9759 4.85882 0
21.8208 -128.889 0
8.41343 -2.65447 0
1.48272 -2.20511 0
42.2949 70.2361 0
-29.2661 -95.5716 50.2909
-2.13984 0.0648037 0
-3.73082 -8.93364 0
-21.5065 13.0019 0
-141.521 32.1116 0
20.8925 6.88243 0
0.739581 2.74607 0
-57.7649 148.747 0
28.616 3.38726 0
-0.883178 2.56254 0
-26.2777 15.7083 0
131.41 -11.9133 7.15143
1.62563 1.49756 0
-2.3554 0.37246 0
-2.9517 -2.88338 0
1.71789 1.42584 0
-1.06309 -1.75321 0
4.57531 4.17976 0
-6.1816 -6.36921 0
148.546 204.668 145.775
-0.504214 -2.08803 0
-11.4594 -9.27546 0
120.804 200.903 49.8083
0.835788 132.453 66.4468
-28.5424 4.90579 0
-78.112 -53.3764 0
-8.85484 -4.87627 0
90.3041 23.6336 4.06254
41.6888 14.0547 79.3037
25.8936 -9.83314 0
3.66259 2.46711 0
7.67305 -0.493519 0
-14.3652 33.6664 99.547
-67.2744 -2.52306 0
10.1249 7.7509 0
-2.33074 0.817958 0
-50.2938 10.3671 0
-203.217 112.194 0
78.6115 77.1332 9.07356
23.5322 -16.4509 0
-13.0145 -96.4638 0
26.2184 17.3055 0
-0.15607 -1.87982 0
-18.8402 24.5574 0
112.494 -32.6101 20.572
0.0574523 -1.99114 0
1.31452 1.2683 0
523.838 -168.602 48.9395
-2.89926 -7.76886 0
-2.24809 0.162787 0
-3.27907 -0.148738 0
-3.85682 -21.5041 0
-19.9445 30.9373 114.834
-2.21195 -0.381172 0
41.4151 24.597 143.355
118.147 -38.9973 0
-11.9039 -49.7442 0
-0.753828 2.8663 0
-66.5513 -5.22903 0
-2.59437 -0.406196 0
6.60555 1.43456 0
18.6766 -140.159 69.8365
79.2581 -160.1 82.4745
19.4298 -6.02261 0
153.084 43.5903 0
-58.2711 25.651 82.7815
-97.3243 -1.02592 0
3.99876 -6.41804 0
14.4111 -19.942 0
-19.6141 1.69377 0
-5.46865 0.418206 0
-67.6957 -105.3 0
-136.267 88.8728 0
-249.893 75.9338 43.4206
-1.81708 3.49118 0
-0.209259 1.68138 0
-3.49241 6.28328 0
1.45077 -4.46206 0
389.793 20.9795 777.744
-2.42776 1.12667 0
405.811 -250.834 59.8514
-8.00294 15.5356 0
-241.875 59.8107 0
55.0235 59.1892 113.829
-625.473 450.136 233.165
-2.73742 1.09259 0
-18.347 13.2689 0
28.6096 -331.853 27.6214
124.881 12.7254 22.0162
-19.5526 -54.389 0
-11.074 -4.36854 0
-2.80608 3.50492 0
-1.10935 -4.48713 0
2.64523 16.351 0
3.18489 0.296327 0
70.0112 -12.2119 35.2562
-1.03033 -1.47298 0
-0.311759 1.36204 0
-31.0977 -6.99844 100.021
-84.7666 1.30593 0
-0.14283 -1.63033 0
120.681 -57.9072 79.1223
106.294 -124.29 0
-31.2955 33.8557 0
6.61889 3.10087 0
9.72293 -38.4366 0
-3.8527 5.7982 0
-2.27171 0.522314 0
-1.57471 1.70351 0
-12.2178 11.5259 0
-183.786 283.516 0
-29.5901 -49.7764 0
-4.85608 -56.2776 0
26.5094 68.4513 0
5.80512 7.56096 0
-2.2165 -5.73524 0
143.819 220.751 173.402
-86.9452 -26.8843 140.811
-34.1832 -15.7561 0
-0.209173 -1.58381 0
-0.0542084 1.71891 0
165.148 -44.3418 0
-0.764841 2.33769 0
-3.87852 27.2268 0
22.1846 61.2999 0
49.6338 -82.0409 20.2333
-2.04384 1.51115 0
11.319 -70.1661 0
-7.42364 3.58346 0
-16.6778 184.825 0
-0.633324 -4.34431 0
-0.20207 -3.13092 0
-3.28076 -18.3561 0
0.209302 -4.10105 0
-0.947773 10.0922 0
48.0695 60.7856 0
344.911 40.652 153.65
13.8247 60.3689 0
4.87023 -15.9334 0
-0.124888 2.40961 0
26.4839 -1.67687 0
-7.09944 -9.15355 0
-0.60004 -110.932 144.13
0.0932499 -86.3204 0
15.9914 -4.92624 0
4.20573 -0.114665 0
-1.73111 3.52044 0
93.8985 -207.28 219.602
-212.251 -92.7267 107.887
-15.7888 37.1484 41.6426
-0.598951 -1.73841 0
-0.734491 4.25853 0
-0.600062 -0.300489 37.585
-0.600016 -0.300071 140.521
-0.600177 -0.300757 41.5427
-2.00184 -1.67007 0
-26.9235 -30.0707 0
3.55892 6.18948 0
8.85899 3.25329 0
-40.9928 79.9469 96.0432
4.7933 2.49829 0
16.0364 -20.109 0
2.13498 -0.802993 0
10.1861 -153.63 0
14.272 124.879 24.5148
-0.600493 24.4859 0
3.18258 16.9976 0
4.53314 5.24301 0
-3.7275 14.7128 0
0.873653 -5.58812 0
-2.30432 112.724 0
93.9996 -7.27422 6.2089
19.0211 16.3723 0
-0.160348 -1.54057 0
39.8035 96.8078 25.324
16.5219 -92.8527 62.6492
-1.58657 -54.0189 0
-6.91188 16.8671 0
19.606 54.1947 0
0.778441 -7.20476 0
-46.4047 53.3832 25.3873
-31.2894 18.0898 0
126.505 -213.252 27.4386
112.575 -215.389 41.2008
-0.70466 1.36061 0
-0.599725 7.93456e-05 37.6134
-0.600015 6.52736e-09 140.613
-0.600396 5.41481e-05 41.6244
59.7647 -64.8624 36.5441
-17.2114 -7.55194 0
124.407 52.338 6.23859
20.5649 10.7137 0
13.8282 -11.6894 0
23.5811 33.6289 61.6223
104.626 44.0879 214.753
28.5744 2.79498 0
-0.461608 -0.153551 0
15.5661 104.946 37.6146
-8.30239 60.2503 32.3842
46.2694 -56.6395 27.9637
-0.0476083 3.72567 0
0.899133 15.498 0
-0.370889 3.9512 0
19.4191 19.7386 0
-1.38607 -1.42112 0
3.8879 37.6875 0
9.97046 3.42763 0
1.55694 63.6254 0
16.2728 -93.1561 64.2059
7.95667 -15.6865 14.9412
1.35096 -8.8564 0
21.0505 64.3379 0
-2.78406 -1.35442 0
8.4102 -22.6033 0
-1.2031 2.25642 0
42.5212 311.431 332.209
7.2868 -63.5579 0
-0.864138 -1.70093 0
-0.599861 0.300134 37.5862
-0.600016 0.300071 140.521
-0.601743 0.300374 41.5439
-60.4863 0.940632 0
10.3701 -18.46 0
-1.02118 -2.26029 0
14.754 -57.7844 83.2852
29.1899 -41.3576 0
-11.2158 -36.2807 0
-18.2026 -35.4405 0
-96.1278 -76.7672 22.18
-3.55562 0.42146 0
-0.60006 134.562 133.397
-1.29936 86.3125 0
-0.677343 -2.9746 0
-10.8458 3.35297 0
29.2096 -10.6629 0
-123.101 185.295 193.267
-1.70617 -5.80916 0
-22.6825 -8.7665 0
-0.185572 -16.8357 0
11.6042 148.065 0
-0.598573 3.41467 0
-7.32857 -2.56467 0
106.444 -0.872197 6.68262
-35.7093 89.8934 0
6.47178 6.93705 0
-82.4373 -146.728 0
-1.42983 3.04653 0
-6.86064 -49.0224 199.017
-58.7789 -51.8043 0
8.32178 -20.6992 0
-2.54355 0.589026 0
-55.1229 12.859 0
-1.62151 -2.58578 0
-1.16983 -1.65484 0
0.237639 -2.21412 0
3.33461 -2.76923 0
0.935843 -2.27271 0
-43.0958 -23.3698 0
39.8824 -108.457 36.3505
148.242 164.512 0
1.6355 -2.2855 0
-71.7597 -174.217 159.221
2.21882 -2.85057 0
11.1294 -9.15593 0
0.507974 6.90019 0
1.41138 -4.38943 0
16.1068 -31.399 0
1.83138 -2.06106 0
2.38192 -0.170209 0
68.5036 13.1752 0
19.6332 -6.61621 0
55.8035 123.429 0
-0.780043 1.64128 0
-62.5783 9.70942 0
128.905 14.9236 23.5463
24.4212 -0.301887 0
4.12326 -4.74305 0
2.42847 -2.86379 0
98.1421 -11.7969 0
-45.18 -12.9696 0
59.6175 -38.7381 0
49.0818 -53.2524 0
-2.75887 1.46022 0
-1.64338 -2.83761 0
61.1819 9.09622 0
0.790033 3.59429 0
-1.65535 -4.14712 0
49.6309 242.419 262.425
-2.24819 -3.57701 0
-223.603 26.3437 0
-295.286 189.538 168.342
-0.432106 -0.168821 0
-2.28405 -0.0522338 0
-2.95667 -1.31426 0
3.31003 8.28374 0
-4.50731 -7.5056 0
232.033 -10.0732 0
64.341 86.9791 11.0615
-6.90196 0.552807 0
-4.98003 -3.08351 0
-170.451 43.0289 80.2611
-28.1488 155.869 92.9491
36.6711 34.6395 0
-0.284392 -9.78363 0
-0.228544 -1.3453 0
53.4083 -44.3889 30.8937
-2.64321 3.44217 0
124.329 14.9042 24.6292
24.1795 7.08297e-06 0
20.8266 -13.4595 0
44.6026 129.592 3.21319
91.7221 367.936 279.857
36.3963 -26.5702 8.03291
91.1259 -4.53721 0
30.3052 -17.6079 0
-14.6733 -129.34 0
9.32962 38.9509 0
-5.64146 1.71868 0
-104.345 -159.261 232.059
-356.898 64.5543 165.8
-139.963 -196.961 0
-9.44408 -5.13315 0
63.4039 -108.241 0
-2.07773 4.49394 0
10.2201 -8.60754 0
-0.0797235 1.58945 0
-0.985779 -1.43194 0
78.1261 82.9266 109.484
-8.81084 -8.27633 0
226.698 80.5074 236.796
6.97759 -7.31267 0
-0.376181 -6.27569 0
-4.14701 2.57802 0
12.7843 -20.5642 0
127.119 -146.08 206.503
0.400851 -2.47723 0
11.1544 -48.2298 0
1.17202 -1.87197 0
7.26924 -3.36273 0
-227.43 79.4767 0
129.503 -5.0456 25.4099
24.4203 0.301965 0
2.85059 -0.575318 0
-208.814 89.4313 0
74.994 -29.0031 0
36.3357 -16.9527 0
1.44066 2.3321 0
-100.549 72.6806 44.6013
23.9287 -6.4294 0
96.4488 3.88792 8.79006
0.408012 1.47953 0
9.83706 8.5747 0
10.7703 4.40478 0
-14.9124 -78.8095 0
2.05572 0.211401 0
-221.452 -133.857 28.2652
33.9291 22.8844 0
6.17828 2.70977 0
-80.0797 -6.04206 20.9587
14.5471 -74.6281 0
33.4235 -90.0879 0
-11.1153 6.94073 0
-4.73887 4.74437 0
-66.0786 27.043 0
-2.0315 -0.204739 0
-4.00525 -4.88281 0
-6.01741 6.40263 0
-86.2646 143.273 26.0351
-47.968 -62.2339 0
1.71589 -36.9496 0
5.05869 8.07984 0
-2.00342 -0.941844 0
-0.282198 -1.59562 0
107.687 28.4072 36.2304
-85.367 23.2092 0
-2.91649 -0.381113 0
7.34093 2.85466 0
-176.446 -113.601 0
-4.39864 -2.63036 0
5.52814 0.0361643 0
-2.20714 0.142479 0
89.4154 -69.6334 0
-33.9017 69.1919 0
-45.8493 -39.9876 0
-11.1535 -9.25267 0
34.0496 216.976 0
3.31356 135.11 65.6317
97.7433 -74.415 0
3.88141 -2.10451 0
-73.7423 14.4992 85.0441
1.03308 -5.72626 0
6.17663 16.149 0
25.7245 121.999 37.476
82.9335 -62.581 0
7.13281 0.168929 0
-98.0301 16.7938 62.4839
-48.78 -1.96961 0
10.5929 9.24598 0
5.97282 2.39863 0
8.6346 -7.57433 0
-65.8645 22.7835 0
-7.92611 -13.9879 0
-11.7661 -0.117378 0
-30.2048 8.31846 0
74.8214 -312.255 118.088
-0.304845 -1.92241 0
25.7505 59.203 0
-25.8468 -30.0955 0
2.90755 -3.08245 0
-0.656962 -1.51546 0
-0.804266 -1.70315 0
13.66 7.29547 0
-2.49244 -1.25806 0
-2.99724 -2.53994 0
-2.19832 -0.91281 0
-3.70329 -0.430962 0
-2.47724 0.583631 0
70.0907 52.4495 131.681
-23.7087 56.9238 34.6691
5.16421 -2.09065 0
-4.06372 -4.62274 0
210.592 299.134 67.6139
-327.588 -70.807 10.9943
-94.0556 142.965 0
47.8729 -1.75133 0
-18.1996 90.9213 0
-4.09421 2.54563 0
0.730264 -1.59657 0
-93.4625 16.8979 64.2645
-60.3644 -1.33514 9.23507
11.2683 -13.1646 0
0.189553 -14.6412 0
-10.9172 -0.563943 0
-55.8182 -10.8422 0
-58.6869 -35.2261 0
2.14691 3.77064 0
-18.0868 -22.0719 0
34.8503 -25.2223 0
0.745255 1.65574 0
2.18779 3.69089 0
48.525 -74.6371 44.009
36.5317 -61.4823 0
-0.656809 -1.49471 0
-52.3121 -28.9326 71.4241
-4.06555 3.67518 0
-82.5231 66.6324 0
-2.70306 0.590064 0
325.778 -300.173 126.943
0.148996 -2.363 0
20.092 -69.8241 38.6229
117.166 -317.817 0
-11.0575 0.0453969 0
-174.271 262.744 276.438
-3.35375 -1.54558 0
-20.4288 -287.16 82.5342
56.0645 -99.1125 0
0.428553 1.81115 0
4.9106 -55.4601 0
-432.518 -121.675 0
-5.28012 3.29774 102.364
1.01187 -0.449618 0
-97.6802 -3.95414 68.635
-79.327 0.97368 0
7.65086 -10.1348 0
-168.857 -3.63701 30.7836
-58.3608 -81.2415 0
45.2605 3.86955 14.4368
-94.2555 -49.7858 0
0.79059 1.4008 0
0.126201 1.49006 0
-0.381059 1.57287 0
-0.613388 1.61382 0
-12.5285 12.0892 0
-1.49526 -4.65788 0
2.68167 3.09398 0
77.1564 67.2113 0
-1.61402 4.1761 0
-24.6426 45.8982 191.995
-184.4 -73.9898 0
95.8276 -234.172 95.6686
-2.27439 1.20916 0
-28.9709 -15.5857 97.9359
-2.12207 -0.0872784 0
-112.217 -125.415 0
4.46244 -14.4799 0
-0.418441 1.80033 0
2.58881 -10.2213 0
34.5532 25.3181 0
-20.9076 -5.36518 0
-3.18424 -0.874321 0
-3.79737 -0.584467 0
-2.38583 -4.4999 0
-2.00129 -0.144311 0
-0.299989 -3.86608 0
-0.0200558 -3.2119 0
-2.90023 -19.5783 0
0.419042 -4.12005 0
-1.03951 10.0529 0
-1.56801 -5.84768 0
127.047 -171.705 78.0099
-11.3404 83.1185 97.8539
-1.29327 9.43056 0
-55.6355 157.553 33.5172
4.62077 -8.70715 0
2.29225 -0.843386 0
-0.299973 -110.881 144.16
0.393899 -86.3209 0
-472.269 272.597 8.20231
278.145 -768.659 344.928
-0.523485 4.19318 0
0.433582 1.25885 0
2.80617 2.41572 0
48.2101 14.4471 0
85.58 24.0645 0
0.228662 1.50288 0
-0.300037 -0.300046 37.587
-0.3 -0.30007 140.525
-0.300004 -0.30021 41.545
-97.7108 70.3508 58.1063
14.4871 -31.7688 0
-2.53835 5.42532 0
22.2736 129.221 67.6908
-225.997 148.188 218.105
27.3853 97.9084 14.0211
20.3708 9.07742 0
83.8446 36.9793 34.6656
10.7386 -151.225 0
14.5773 124.821 24.5569
-0.300561 24.4873 0
1.9665 -48.7754 0
0.958321 2.53498 0
-3.1265 -0.595768 0
9.79405 1.36523 0
-2.0051 -1.07186 12.762
140.875 140.104 83.1748
349.661 -437.762 74.7394
0.243306 -2.63429 0
41.4438 94.9618 30.8834
16.8334 -92.7711 62.6728
-1.28581 -54.0186 0
37.4511 -196.492 48.9543
0.658573 1.44254 0
-5.13733 5.4056 0
-115.304 -56.3298 0
36.4717 -208.606 0
-0.729592 -2.17014 0
-1.41264 -186.876 12.638
99.879 68.9547 14.4039
-0.299704 8.50637e-05 37.6175
-0.299999 1.44282e-07 140.618
-0.29975 7.17773e-05 41.6282
-18.7439 -25.3473 11.9828
-2.17749 -2.49048 0
216.983 -192.371 71.5769
8.80229 -0.906238 0
25.4727 -0.562942 0.235789
2.58456 0.615508 0
-62.6732 73.6406 104.715
6.96382 20.8066 0
-0.018773 -1.5215 0
15.8794 104.869 37.6492
-7.79144 60.7022 32.2849
3.33002 -0.42268 0
123.271 2.92241 40.3569
2.67563 8.02173 0
-3.04923 1.84515 0
-97.9321 -145.208 0
0.316432 -2.8314 0
-45.8652 227.18 190.44
-43.4822 135.531 166.015
5.18487 70.44 0
16.579 -93.0831 64.2418
8.27243 -15.7045 14.9578
-3.90185 1.90715 0
16.3479 52.5734 0
17.1853 123.828 1.68252
44.8423 73.2493 31.2903
-3.72904 0.380768 0
-23.1858 -78.2851 0
-12.8136 -86.0558 0
0.763469 0.128424 0
-0.299739 0.300075 37.5884
-0.299853 0.300113 140.526
-0.300111 0.300236 41.5461
9.63524 9.52127 0
-1.4382 -1.52485 0
14.045 55.5907 0
-112.224 -141.35 21.8972
-44.7741 -96.1865 191.89
-22.005 -66.3642 15.8104
-13.7161 74.4423 83.0489
14.0601 15.4092 0
-0.340839 1.98118 0
-0.299966 134.516 133.432
-0.993142 86.3204 0
-0.386217 -2.97282 0
-37.675 76.0025 0.403445
-3.28881 3.01246 0
-1.65905 -21.6065 0
6.7152 22.637 0
-12.2643 -30.9937 0
5.84821 13.8839 0
3.77897 2.12839 0
-0.291625 3.41831 0
-293.561 -135.312 86.0006
-1.19211 -75.4447 0
146.788 170.635 248.802
-1.41887 -4.14598 0
90.9552 -1.44719 11.4986
34.2411 243.475 3.77484
-85.1773 -139.701 140.502
1.78851 -8.85603 0
0.0401416 5.33019 0
5.72198 1.74312 0
0.582678 1.66162 0
-4.49309 -0.701481 0
8.59731 2.23628 0
2.48284 -3.10371 0
1.89689 -1.93517 0
5.52809 -4.28372 0
25.934 86.6531 0
-6.61091 6.85301 0
-11.6568 5.24462 0
40.7032 -30.3179 0
4.81223 4.33379 0
7.8139 -7.70607 0
11.445 -9.17923 0
7.16146 9.32964 0
1.55619 -4.13733 0
0.0507732 -3.92779 0
31.9364 147.04 0
-0.519639 6.20653 0
38.3879 89.9372 0
18.9477 -9.23389 0
0.452241 4.55974 0
1.04929 -0.489607 0
-28.9062 -11.4229 0
129.203 14.9306 23.5504
24.7224 -0.301207 0
5.53982 3.28635 0
2.14784 0.283046 0
0.423779 -2.25089 0
-111.56 -26.0925 16.7802
-22.6134 -76.5101 0
-107.15 70.7689 10.4212
198.464 -133.771 36.4011
-0.644409 1.2534 0
-0.446458 -0.118021 0
2.11216 4.15516 0
-1.29515 -4.15955 0
-82.6808 132.896 72.2802
-52.2757 81.8494 104.023
0.351128 1.59233 0
-11.141 31.141 0
38.2791 -55.9003 0
-0.19302 1.35729 0
-1.02849 -5.29876 0
4.25933 -0.604235 0
0.440981 0.184784 0
196.089 5.88155 0
64.5662 87.0122 11.0669
-149.332 106.139 0
-2.19302 2.54738 0
64.1555 -44.4255 0
36.6597 149.763 46.103
0.42032 -1.93127 0
42.8158 -28.6533 0
132.457 -119.829 20.4042
-264.77 70.3874 0
-2.89891 0.249828 0
124.642 14.9053 24.6291
24.4824 0.000305361 0
0.427622 -2.33661 0
-107.946 40.9578 39.2789
15.5857 -1.37671 0
1.04623 2.80904 0
24.2109 21.3033 0
-2.30784 0.813175 0
-6.42186 -1.52114 0
-4.41562 -2.65934 0
123.725 224.917 217.393
-196.751 -318.296 139.219
-356.68 65.552 165.403
25.1308 -239.19 29.7067
-13.6046 -20.426 0
31.8431 7.26842 0
-50.2683 14.9023 1.07376
0.626576 1.86888 0
36.2512 -19.5917 0
-0.424455 1.17818 0
0.708214 1.71909 0
1.29555 1.97912 0
229.731 65.0939 227.61
9.26 -9.81742 0
-6.81599 -8.36911 0
2.49201 2.21339 0
122.219 -189.781 85.6899
-35.8221 47.2409 0
37.9503 84.1924 0
-19.4901 7.61826 0
1.85585 3.26523 0
-21.5911 61.2128 0
-2.13131 -0.200868 0
129.8 -5.0501 25.4139
24.4699 0.301804 0
150.206 80.4142 0
-1.43165 -69.5087 0
86.9578 -36.5843 70.301
5.328 -1.22101 0
218.665 -62.6687 12.2339
9.35824 -0.490824 0
-41.0854 -177.845 3.82466
-3.55244 -0.299314 0
0.329993 1.47321 0
10.1482 8.59579 0
11.0651 4.35631 0
-14.7468 -80.3157 0
1.92433 -2.4659 0
47.4851 -6.0268 0
2.60298 1.36126 0
24.0371 -2.46633 0
-6.74859 0.49137 0
-0.410414 1.19713 0
-0.163642 1.75674 0
79.4297 435.985 242.308
-7.59822 4.38165 0
-77.9947 -141.482 149.666
2.77224 0.968631 0
-18.7036 -47.5332 0
257.423 -127.303 78.4917
25.6398 -45.1931 0
59.0477 -7.83734 0
-41.0296 60.7683 0
-3.13909 -0.733482 0
36.3599 -162.047 0
1.0705 -2.34904 0
-12.2823 -140.085 5.90864
-172.075 247.963 129.349
-0.720251 -2.75996 0
-21.3324 -29.1313 73.2971
1.72378 -2.8905 0
1.09568 2.02175 0
-0.221186 1.41897 0
4.14276 -3.49872 0
43.3522 -22.2642 0
1.50194 8.40673 0
-23.9468 -22.137 0
-10.8534 -9.25257 0
29.2571 209.369 0
3.72309 131.699 64.6631
-29.2612 15.899 0
123.179 126.29 0
280.425 -64.256 79.2548
-44.2489 -38.6752 0
-89.5824 44.4658 43.1505
21.1688 59.3099 72.9303
5.6584 2.77621 0
3.52009 -1.93463 0
-97.7246 16.7919 62.4833
-24.7712 -0.300852 0
84.8603 104.968 0
0.974911 -1.62399 0
58.0162 15.49 0
55.88 -147.404 1.32177
70.4418 -9.77639 0
-3.47056 -0.730453 0
2.57686 152.025 54.5267
41.7534 -57.483 0
2.25937 -0.410646 0
-60.1178 147.881 0
-9.91838 61.9743 37.6733
3.06503 -3.24897 0
-0.203361 1.3688 0
-164.362 -82.1714 99.2849
0.474577 1.42546 0
66.0126 227.874 0
3.95521 13.7317 0
-73.046 169.194 0
-2.57276 0.327488 0
-0.514275 1.87071 0
70.7457 52.8279 131.365
-75.6206 58.2578 16.8563
315.129 -211.574 61.9572
-10.5519 -24.5287 0
39.9792 298.154 29.7108
15.5889 82.1325 0
44.3696 69.0716 0
-0.726093 -0.464549 0
-3.88985 -4.71856 0
-0.614568 -4.68929 0
0.791676 1.58935 0
-93.1621 16.8979 64.2669
-24.7827 0.000146137 0
-5.33124 0.934797 0
-56.4893 -5.41255 77.0558
-10.2646 -0.530412 0
-7.28263 -0.254095 0
-42.6325 1.11859 0
-4.42462 3.97189 0
13.1364 -11.954 0
-3.0231 -0.0495501 0
-1.30551 1.62103 0
1.2438 1.94788 0
-28.0902 -77.0964 34.1994
28.6384 -90.8016 0
-21.1836 -16.9112 0
-85.1059 95.1757 37.6395
-3.41457 3.48409 0
0.765482 -0.460702 0
49.7527 -29.8485 0
0.02051 2.98001 0
-1.21722 -1.2904 0
-0.117635 2.90041 0
123 -307.282 0
-7.92612 -7.7416 0
63.6297 -113.345 233.686
0.70865 -33.9308 0
-213.151 -95.2991 4.53313
-0.018819 -8.37648 0
0.543059 1.38534 0
0.367731 1.70901 0
-10.1689 25.6316 0
-0.247075 -64.3414 2.61394
1.20376 1.51691 0
-97.3751 -3.95243 68.6339
-24.7714 0.301215 0
-6.53111 -18.1357 0
-168.553 -3.54009 30.8514
-2.76128 -3.37126 0
-1.44211 -5.92295 0
-1.01912 3.32809 0
-20.8021 119.763 63.6079
-2.81734 3.81579 0
-10.4333 -2.94765 0
-58.5579 35.8503 0
-12.2284 12.0891 0
2.38342 6.54019 0
-0.0419047 9.47919 0
-30.3032 56.9379 0
-0.234178 3.36928 0
245.822 65.9648 172.023
-2.93584 0.646507 0
25.8557 -9.0785 39.2814
105.013 48.2826 25.7058
-148.174 -58.206 75.3189
-3.78669 1.25985 0
-4.32833 6.92898 0
-88.7698 -30.2098 84.2441
-25.3209 59.2358 0
-10.3441 14.7751 0
-10.0225 88.9595 0
96.9651 58.1548 0
-0.733809 -0.165246 0
0.704817 -1.70721 0
-8.27022 8.07706 0
30.7848 78.6126 0
-0.00133234 -3.86626 0
0.347499 -3.49899 0
-2.59667 -19.2543 0
0.717499 -4.11989 0
-0.699258 10.0926 0
-9.82747 3.33286 0
-2.08156 -5.23198 0
-10.2713 106.734 81.2744
-15.4558 5.79566 0
-54.8813 129.012 1.81398
-2.02883 10.2398 0
0.992686 1.80829 0
2.58585e-05 -110.881 144.16
0.692849 -86.3214 0
-4.52405 -0.326025 0
31.355 29.6745 106.83
-2.50944 14.1041 0
76.5079 -207.017 105.857
-5.8973 55.6085 0
-22.3595 -7.04038 0
-6.7737 78.0956 0
52.8192 114.914 0
-0.000412125 -0.300415 37.5877
2.6853e-07 -0.30007 140.525
2.95193e-05 -0.301241 41.5469
26.9169 -28.0589 0
-52.7633 -72.3689 0
30.8163 1.73262 0
8.39112 2.70532 0
-52.0994 -70.6297 0
69.6837 44.4918 0
-26.0831 21.7113 0
2.43236 5.70914 0
10.8644 -150.534 0
14.888 124.825 24.5572
0.000404921 24.4881 0
-3.08451 -12.1581 0
1.32326 2.4549 0
-1.22899 3.11406 0
0.869187 2.34965 0
0.0630195 -4.76385 0
-33.018 -15.5104 0
-0.33506 -3.21765 0
16.4382 -8.86196 0
2.81126 -1.58823 0
17.1345 -92.7701 62.6722
-0.985871 -54.0181 0
4.35106 -0.0484513 0
-4.27007 15.8126 0
234.547 -1.40171 382.261
3.1456 -10.4862 0
215.705 -34.6037 101.507
1.8025 -1.96809 0
-21.454 -176.202 214.662
-3.41362 -1.79729 0
2.40232e-07 -6.97521e-07 37.6159
0.000272072 7.83282e-05 140.618
0.000192074 -0.000110713 41.6271
16.4229 105.488 85.0689
-27.276 14.54 0
-1.32866 -1.56402 0
9.398 -0.827425 0
26.351 4.63013 0
140.352 181.294 179.243
50.8295 115.845 72.1408
1.92536 0.836474 0
0.52175 -1.57911 0
16.1811 104.867 37.6483
-7.49128 60.7019 32.2849
17.1449 -27.6465 0
-8.15264 4.32317 38.6211
-0.624621 13.8238 0
-6.0148 8.06772 0
-70.6611 -84.3544 0
0.406458 1.46665 0
-0.357191 -1.4216 0
39.6183 -17.5023 0
3.77152 54.3502 0
16.8895 -93.0861 64.2474
8.58289 -15.7311 14.9567
0.249653 -4.25569 0
19.3721 60.0784 0
-12.152 228.4 0
3.33696 -13.2702 0
-2.98088 1.67412 0
0.361329 -7.63803 0
13.5751 -28.2696 0
35.2852 -164.599 61.187
4.45643e-07 0.3 37.5869
0.000706125 0.300274 140.528
4.03924e-07 0.300185 41.5449
24.2654 -6.57945 0
-1.24833 -1.95695 0
-120.392 256.422 21.7846
-339.296 14.4396 30.8786
0.159632 -3.71519 0
5.34484 6.56499 0
-2.12333 0.287884 0
-0.718607 -1.17461 0
0.353309 -7.26175 0
0.000574807 134.517 133.434
-0.692758 86.3221 0
-0.0668159 -2.95864 0
-1.08565 -1.43187 0
20.2184 -20.3668 0
-94.4923 30.9303 0
2.38458 3.77333 0
-30.865 12.2519 0
0.918444 -3.42322 0
-55.3785 68.9622 29.57
0.0063887 3.41786 0
6.97623 -0.453393 0
0.864499 6.31242 0
-83.929 85.2656 0
-3.29971 -4.68612 0
-5.13596 4.98107 0
37.4973 285.493 16.2788
-42.7901 -91.5017 35.4095
24.1573 95.9011 195.038
10.8006 -14.8775 0
-30.258 -84.6563 259.189
-1.87823 -3.67492 0
-177.641 -23.4508 0
24.1579 -2.14121 0
-279.988 89.6976 27.736
136.52 -313.68 0
181.792 121.956 144.504
-400.915 46.3693 127.565
70.2033 48.9021 0
-9.36844 37.9201 0
-22.6102 2.37037 0
-0.449428 0.407893 0
8.09505 -7.69374 0
11.7453 -9.17931 0
0.666981 6.98483 0
-6.38697 -12.291 0
1.28441 -6.68694 0
-7.30705 -4.87973 0
22.6587 -5.66796 0
-65.7421 -16.5158 78.7926
22.2382 -7.61395 0
-0.150681 0.178553 0
-139.972 122.487 0
48.205 -145.182 0
129.499 14.9411 23.5434
24.7715 -0.30065 0
-24.4548 -25.9968 0
3.07746 0.498427 0
-47.6024 -24.3572 0
55.0512 69.0873 0
49.0827 -61.8828 0
-26.6465 -29.6458 0
1.55807 1.77111 0
6.43713 -8.88502 0
3.18322 1.37803 0
2.92068 4.93807 0
-0.949294 -4.16196 0
38.6192 102.968 177.569
36.2385 63.415 0
0.540057 10.9104 0
-44.6795 -532.174 85.7248
-0.121301 -0.434348 0
2.01222 -0.255326 0
-42.5399 -123.88 224.793
16.523 -11.0219 0
65.2632 151.376 0
201.139 11.183 0
61.3217 85.2941 11.27
-148.912 105.76 0
-0.163555 -1.42996 0
27.9985 -134.353 0
-164.526 -39.2738 68.4303
-160.471 14.0699 0
-2.91906 -0.73885 0
-25.8948 -99.0939 0
20.0464 -33.3768 0
54.057 202.02 1.20191
124.925 14.9029 24.6088
24.7821 0.000604801 0
-66.0377 61.1758 110.545
-86.8368 -8.7327 0
108.302 77.1962 0
68.5094 -27.9829 0
-15.4745 -79.0914 0
-18.0946 -9.42374 0
2.1344 3.03209 0
-175.144 167.418 302.99
-0.60273 1.4613 0
1.20387 -1.76553 0
-0.348031 -1.8826 0
-42.0001 -223.252 49.3189
60.7545 294.955 127.216
-32.827 -19.9383 0
-49.0284 21.759 0
-272.739 -42.1785 200.636
28.1353 -9.69107 0
-5.32291 2.04743 0
79.4487 -448.205 92.8535
145.194 -91.562 246.907
204.876 77.138 280.834
-50.8927 32.2652 0
-3.81629 -1.82574 0
-1.53011 2.09276 0
125.251 -34.636 0
-24.6509 58.608 0
198.977 -15.1983 102.813
103.597 347.777 103.504
144.153 49.8525 149.976
-174.377 106.373 107.879
-0.537007 -1.34516 0
130.096 -5.05836 25.4077
24.7712 0.301578 0
1.93213 0.505208 0
-156.534 -29.8095 0
-8.6224 -8.4493 0
4.60655 3.87004 0
177.97 353.512 60.2138
84.6643 -145.16 35.9833
0.326502 77.5556 159.54
-167.033 -230.643 386.742
-3.11299 3.79157 0
10.4484 8.59586 0
11.7168 5.27774 0
-14.3155 -80.3122 0
14.1815 -11.1126 0
22.2658 -162.514 0
-69.9788 -182.39 0.204226
-2.16964 2.72707 0
162.914 97.7124 104.053
26.9319 16.3389 0
177.223 32.1517 11.4634
1.05567 -3.24868 0
-7.48751 2.91 0
68.6282 -164.474 0
0.322443 1.49293 0
-0.736364 3.6472 0
2.4369 5.2568 0
0.35159 4.52127 0
6.52757 -6.24496 0
-11.2644 -14.3369 0
46.4791 15.7283 0
740.475 87.4456 29.1445
1.74835 2.25457 0
65.493 -175.324 53.0482
41.8037 -24.2716 0
-1.64729 -1.47583 0
-116.065 -220.873 187.636
-4.88619 -7.39758 0
-8.88756 103.321 24.6182
-6.69176 94.4219 0
-41.8319 22.8292 0
-2.1205 -3.06839 0
-21.8962 93.3991 5.74157
-25.1709 -23.6333 0
-10.5532 -9.25249 0
29.5684 209.371 0
4.10152 135.12 65.7336
-122.504 -19.3249 0
-38.6332 -9.89807 9.60411
5.11806 -1.06137 0
-2.68085 -3.47641 0
-2.8076 3.32243 0
-166.214 35.953 0
0.572316 -1.68645 0
-53.9259 46.0721 0
-97.425 16.7827 62.4938
-24.4699 -0.300652 0
224.616 94.9911 97.5649
2.27444 4.38525 0
-5.20699 -0.617604 0
-83.5056 38.6672 0
0.805389 1.25471 0
-36.1918 -46.1844 0
47.9456 221.672 358.88
-38.7148 -12.0563 0
1.57637 -1.77379 0
-61.131 149.076 0
-8.51795 -105.217 17.5242
3.07944 -2.87162 0
-2.48539 0.969192 0
204.684 -84.4601 0
-2.07236 -4.04589 0
2.05736 -1.61432 0
0.349763 1.98142 0
-4.12357 1.39823 0
0.651423 -1.8678 0
0.67537 -1.94361 0
71.8779 47.9922 120.471
-77.3629 57.6859 16.4867
111.32 -3.48924 0
-4.59595 -1.93849 0
2.61295 -111.128 0
3.47212 2.19267 0
-334.366 -28.6058 157.567
-112.367 -108.238 0
-165.042 -115.364 0
115.742 -14.2237 34.2925
-2.09341 1.56423 0
-92.8658 16.9006 64.2946
-66.7282 -5.4648 0
-6.6852 2.57879 0
-2.32395 0.713422 0
-9.18275 -0.514959 0
-4.15991 -1.71679 0
-42.3128 1.11791 0
30.1181 51.5929 13.9273
-122.864 -100.594 47.6802
137.793 -90.4798 37.1219
1.5424 1.32228 0
1.58744 1.88632 0
-30.4776 -75.0684 34.7274
1.52883 -7.73334 0
1.983 -18.868 0
-2.10649 4.60937 0
-104.934 -16.5331 13.6669
-38.3347 11.5936 51.6324
2.0523 0.856938 0
-178.252 48.8193 383.949
40.1821 18.4999 0
2.39386 -0.192949 0
119.55 -305.505 0
-7.62188 -7.75568 0
-126.364 7.80428 194.83
145.745 -60.5244 0
15.2629 19.0213 0
-0.171223 2.53711 0
3.03532 -1.73447 0
-5.40391 -7.73126 0
-24.6087 -39.3801 0
0.0839005 1.78759 0
0.55519 1.6992 0
-97.0768 -3.94647 68.6413
-24.4701 0.301639 0
-12.4041 42.6184 0
-168.316 -3.35072 31.0648
-2.48746 -8.52639 0
3.00656 3.3929 0
40.3613 -306.3 107.028
57.1213 -38.8551 20.8989
-19.3078 13.7424 0
-85.7972 -104.473 0
31.6712 36.1755 0
-11.9283 12.089 0
-2.10871 8.44982 0
40.6473 24.6423 0
-15.9988 -5.28204 0
-2.10455 0.0591553 0
-225.544 124.719 0
-33.6211 12.664 0
-50.8819 -24.8419 0
-62.8717 36.588 0
-68.7948 76.5256 12.494
50.104 1.72628 0
-117.038 -134.074 0
24.1953 2.29044 0
-1.48904 14.9623 0
42.4203 -21.5899 0
16.1291 2.64065 0
10.9029 331.879 230.021
-8.58832 -18.6507 12.551
2.39667 0.51327 0
-4.97384 -15.0201 0
-3.66149 1.40977 0
0.297738 -3.8636 0
0.861937 -3.31497 0
-2.28188 -19.2515 0
1.01264 -4.12283 0
-0.253403 10.1022 0
2.55885 -1.33373 0
-80.6824 -134.912 45.1093
4.37819 150.008 49.1885
10.7274 3.37435 0
51.8554 110.247 0
-4.13281 21.9567 0
0.284299 -1.37957 0
0.300025 -110.881 144.16
0.992878 -86.3207 0
46.5924 69.2111 93.4273
12.7208 0.24883 0
-1.72922 10.3553 0
96.8592 -207.471 120.956
2.26886 0.576104 0
-1.86696 -0.381431 0
90.7389 -122.18 66.4854
41.1889 26.0263 0
0.300537 -0.300538 37.588
0.3 -0.30007 140.525
0.300717 -0.301751 41.5478
8.09699 -1.82538 0
-8.35399 17.3578 0
108.935 33.2077 73.067
8.71955 2.87361 0
-15.8488 2.44136 0
122.775 -211.505 0
37.8399 15.1056 21.8179
34.1286 52.107 0
10.8883 -148.884 0
15.1993 124.815 24.5509
0.301061 24.4881 0
5.29559 -0.630698 0
1.52891 2.42758 0
11.8415 22.9815 0
81.3206 -53.2909 45.9562
4.65392 -76.8529 0
-10.0367 13.4011 0
16.0298 13.794 0
-30.5324 -8.68404 0
2.68909 -0.364135 0
17.435 -92.7704 62.6702
-0.686186 -54.0191 0
-34.2331 -53.9598 0
-34.8252 -0.691654 0
-202.544 -311.255 276.508
-16.5855 66.2587 31.1131
66.7908 82.4806 0
11.867 9.90411 0
96.5929 -161.741 105.452
55.246 78.8817 0
0.300001 -1.1331e-06 37.6159
0.300094 2.71892e-05 140.618
0.300282 -0.000243641 41.6273
4.32275 -3.21619 0
-4.7389 14.4002 0
-4.48369 0.377165 0
8.99466 -0.987232 0
25.5474 4.29306 1.30829
4.8426 7.95453 0
81.2795 124.361 102.392
13.1942 28.1038 0
2.00666 -1.11183 0
16.4821 104.865 37.6451
-7.18936 60.7008 32.2857
-2.59644 -0.306774 0
-0.15799 -0.139571 0
1.55507 -4.67575 0
8.93909 114.258 0
2.2248 -8.34026 0
-0.697916 1.44313 0
-4.36014 0.0600311 0
67.8854 157.925 0
1.18885 16.7783 0
17.1979 -93.079 64.2343
8.78747 -15.7965 15.004
-5.28102 -2.15415 0
10.6358 11.4891 0
3.5115 9.78228 0
-106.479 4.41123 101.662
0.514914 -58.7408 0
2.2447 -1.29591 0
-3.10838 -38.4234 0
-25.1236 -26.5509 0
0.300097 0.299981 37.588
0.300434 0.300195 140.527
0.300189 0.300228 41.5461
-28.79 135.962 0
-403.631 -198.439 0
-130.918 -42.9676 58.249
-1.71498 -17.7083 0
-23.4442 -48.3665 0
83.211 69.2107 76.2411
8.88877 5.8915 0
-122.464 -14.6334 312.105
30.7855 34.5791 0
0.300515 134.517 133.433
-0.392794 86.3216 0
0.237044 -2.96295 0
-1.11004 -1.22909 0
-3.41589 -35.0124 0
5.81286 -3.61977 0
2.64796 78.4601 0
2.48261 1.76556 0
160.968 58.8438 83.6583
1.27342 -1.82348 0
0.304747 3.41822 0
9.06774 -2.96032 0
-39.988 -10.0141 0
2.83746 4.54807 0
-2.95806 -4.6845 0
24.2206 -4.17034 303.891
1.82797 -1.53673 0
11.3614 -121.842 53.6583
-5.8947 -22.3111 0
-36.8552 73.0084 0
318.06 473.955 136.391
3.19242 -3.15049 0
-129.761 -136.273 32.4544
36.8116 33.6593 0
1.92645 -1.97248 0
-4.91236 -4.18762 0
8.32684 -4.88693 0
3.466 -2.84834 0
-37.9942 230.297 0
-8.11134 -4.13328 0
-24.2671 7.30465 0
381.614 -187.53 27.0741
8.28587 -7.70311 0
12.0455 -9.17947 0
0.630154 7.11077 0
1.16945 -2.80977 0
1.81555 -3.28358 0
-22.1263 -66.1623 0
4.64852 5.22999 0
-2.63047 1.56945 0
37.4611 -11.8614 0
2.22398 -1.16955 0
2.1913 0.0330651 0
-136.775 372.756 0
129.819 14.9442 23.5684
80.6265 4.33749 0
-26.4577 -24.4746 0
-99.9214 -95.672 0
79.009 325.772 13.7598
-107.731 -214.706 262.419
-267.892 -7.4367 15.8805
-162.356 -33.2628 14.8168
35.8069 64.653 0
8.13805 6.19984 0
9.11823 9.3722 0
-93.1202 -245.121 117.253
-0.339865 -1.79517 0
75.9341 265.297 154.727
0.183261 0.148392 0
259.306 306.264 334.761
-183.493 -132.17 12.9454
-0.369684 1.20248 0
2.61174 0.699934 0
20.5246 -251.034 0
139.926 -53.316 390.208
1.56087 -2.23323 0
104.728 37.6607 0
-0.858264 94.2786 17.1374
59.4552 41.4749 116.451
1.98861 -1.46025 0
-72.1576 11.7973 0
-2.96272 -2.67707 0
2.00554 0.0048405 0
-0.927748 12.9546 0
0.297204 -2.30034 0
33.5085 106.673 81.0598
-42.4492 99.0765 136.091
125.239 14.9028 24.628
68.6751 0.31005 3.64944
-101.752 -32.51 0
2.75959 0.418042 0
17.7458 -1.52333 0
0.89262 -8.15502 0
73.7526 -15.2781 0
-291.244 273.727 60.161
-75.4877 -39.7217 0
-40.7877 -10.0983 0
115.166 194.401 0
1.26371 -1.80608 0
4.243 6.69914 0
114.432 -195.239 86.6042
-47.0338 -48.3882 0
-82.0909 -40.2561 0
11.3376 6.65657 0
14.003 71.0922 0
112.906 -116.535 0
1.25088 -1.85909 0
4.52703 0.778045 0
179.125 120.506 0
-539.882 446.132 513.28
7.87887 -7.26752 0
368.735 -195.763 133.09
1.95246 1.76877 0
-0.0614434 6.79556 0
3.60503 -3.69543 0
-202.864 187.118 35.2913
5.0389 -26.3387 0
230.565 168.987 114.012
3.0119 -46.68 0
1.52034 4.04804 0
130.418 -5.06447 25.4333
50.2316 2.41508 0
-123.159 197.168 37.292
-1.93133 -3.66259 0
-73.5086 72.167 52.7602
-124.851 -134.462 0
-72.1912 -196.115 0
4.96941 -5.87798 0
92.6442 42.8989 0
-46.1009 -1.14538 0
-12.6416 -59.9448 205.688
10.7487 8.59602 0
60.0815 101.53 0
-14.6044 -75.8087 0
-62.5758 4.60068 0
28.2329 -6.34155 0
-3.84371 -4.04603 0
-35.5372 -13.3208 0
68.1885 29.6188 0
99.0257 239.137 0
2.16816 -0.545288 0
-33.5946 -14.1255 52.5152
-4.3183 3.30824 0
-6.07339 3.2126 0
3.60345 6.59818 0
47.1388 35.0365 30.7654
3.13192 2.71206 0
2.4432 9.17518 0
-42.7205 58.7031 127.213
5.04715 -3.89777 0
2.09101 -0.483343 0
-11.0918 144.646 0
1.59632 -2.54488 0
3.39523 -5.69048 0
-3.83745 1.93084 0
29.1401 -70.2473 0
55.9837 -108.259 0
7.5261 1.39347 0
3.69839 -1.92203 0
-1.36454 -2.2301 0
1.90245 -5.06919 0
32.8052 -31.2313 0
0.043054 8.26425 0
-18.95 -18.2393 0
-10.2418 -9.19908 0
29.9341 208.996 0
4.23473 135.687 64.7908
50.6037 -86.5725 0
-43.61 39.1532 3.28813
130.083 105.115 0
18.618 172.322 43.4913
135.036 105.566 0
208.709 265.783 12.9128
4.72348 68.6901 0
2.34147 0.868301 0
-97.13 16.7801 62.4909
-24.4205 -0.300663 0
-0.177392 2.08554 0
-0.1686 1.55566 0
-2.03663 -2.23798 0
-30.0757 -28.4828 0
-128.063 13.573 0
-53.9594 -138.321 0
-2.67384 3.23058 0
-0.138098 1.90439 0
2.55418 -2.11554 0
-62.9845 162.847 0
-61.0757 -85.7867 20.5174
3.58541 -1.21571 0
43.2796 -29.1743 0
27.9438 -18.4951 0
-2.87943 1.92247 0
-0.157523 0.417313 0
106.898 240.612 31.7319
0.848098 -1.77559 0
128.155 13.0326 101.557
2.26715 -0.852095 0
62.0433 63.1729 156.696
-77.0554 57.6467 16.5056
-23.9132 -9.1413 0
19.967 41.4751 0
86.3005 133.779 0
-3.26891 2.01023 0
-6.41381 -6.11026 0
-76.0755 -41.6045 0
-38.9641 -37.1631 0
2.24686 0.357674 0
42.5444 65.3103 0
-92.5625 16.8989 64.2924
-24.1784 0.00112212 0
-4.48733 -0.314602 0
205.323 132.751 6.51013
2.52239 -3.45865 0
54.0993 55.3213 0
-32.577 7.60516 0
36.5334 185.19 19.1322
-0.894553 6.64406 0
-28.3927 -2.35587 0
0.240647 1.83238 0
2.84221 1.20192 0
-30.1975 -75.0204 34.7442
249.419 167.765 0
-78.6472 -62.8444 19.1302
11.2132 -5.31789 0
3.30224 -0.475761 0
1.20975 1.5901 0
68.6127 -93.4297 139.076
52.9994 -35.7699 0
-48.0708 -28.8392 0
-66.8232 -65.1838 17.3711
35.9753 -336.8 0
39.7888 -74.855 0
2.60281 -1.12987 0
2.3917 -29.3601 0
305.17 240.698 101.682
-228.772 -348.453 119.132
-0.146959 1.62169 0
2.15317 -1.07892 0
-13.9921 139.766 19.0535
1.99054 0.402892 0
-189.339 125.515 108.294
-96.7855 -3.94362 68.6389
-24.42 0.302157 0
23.8126 130.66 105.126
-175.936 -1.94797 24.3186
-1.46898 -18.4075 0
0.26805 -3.98073 0
1.08428 1.57823 0
-30.6883 -58.1019 0
-12.4392 -6.66489 0
-76.4966 -11.1414 14.1238
0.709685 1.43448 0
-11.0384 11.4348 0
0.185513 13.6658 0
38.7508 23.2379 0
-31.2461 9.14324 0
0.589619 17.2628 0
-0.128469 -2.15411 0
-0.148645 -0.428073 0
1.93773 10.8901 0
-1.20597 1.50866 0
-83.5708 -49.8405 21.6295
0.134352 -1.45057 0
-107.532 -118.326 0
-91.5378 -62.9126 5.94846
-38.0633 -139.842 122.881
120.917 77.4352 0
133.549 -28.5732 87.4967
16.6728 404.912 34.6711
219.142 32.7104 0
2.6436 1.75594 0
1.0767 94.7019 0
60.3128 176.029 228.911
0.600784 -3.85387 0
6.14966 -1.32296 0
-1.99465 -19.2381 0
3.2878 -12.9621 0
-2.72368 8.25274 0
3.39331 -4.88001 0
-0.459216 0.185513 0
4.89596 7.07631 0
60.7733 183.906 88.7738
-0.393243 41.6392 0
39.5435 201.881 137.8
-0.539012 -2.16232 0
0.600101 -110.932 144.13
1.29967 -86.3128 0
-1.67698 2.2231 0
0.0151363 -3.36851 0
-0.264279 3.52689 0
-42.0272 -252.241 110.822
0.728162 16.423 0
-5.40251 -47.2 309.805
-100.682 -102.205 223.457
-13.6383 -6.03399 0
0.600995 -0.300569 37.5846
0.600016 -0.300071 140.521
0.600846 -0.300711 41.5417
-16.5857 -6.99608 0
13.4745 -12.8851 0
-9.56628 22.5817 0
6.78775 4.97546 0
7.50726 5.69447 0
-3.26099 1.8925 0
-11.4861 144.099 62.349
153.81 -60.6486 243.162
10.1063 -146.645 0
15.4938 124.878 24.51
-2.99493 82.4988 0
-14.8945 0.205795 0
1.29634 2.57207 0
2.44445 6.9515 0
-15.6651 -21.0815 0
-1.85935 74.5669 0
76.6852 27.7345 78.4959
33.773 69.9897 1.03409
-78.2668 -13.8211 156.237
3.06412 -1.88901 0
17.7338 -92.8522 62.6459
-0.380656 -53.81 0
-0.249795 1.46504 0
2.35609 -0.875101 0
84.6387 4.65674 141.229
-5.25049 4.52724 0
-15.5768 -31.4672 0
538 -67.7459 187.972
16.7041 -0.400705 0
0.278254 -3.01065 0
0.600002 -8.31577e-07 37.6119
0.600015 1.37048e-08 140.613
0.600098 -3.37631e-06 41.6224
21.3702 -23.8818 0
20.4408 -10.7679 0
23.6738 -7.5486 0
5.36281 3.72258 0
23.968 23.0426 0
-32.4495 -38.622 0
-5.35418 -49.5112 0
-82.7623 14.7559 93.4144
-0.218983 2.56307 0
16.7812 104.944 37.6094
-6.88498 60.6768 32.2895
-10.587 8.3534 0
9.98412 28.653 0
0.431149 25.0098 0
2.09536 1.8097 0
145.845 -61.5687 0
0.403592 4.6467 0
-1.9529 -20.3712 0
267.255 -154.267 67.0018
95.7038 128.611 46.8676
17.4906 -93.1552 64.2017
9.95219 -14.7778 14.3094
0.520018 -8.38832 0
-0.0164017 3.40606 0
47.2272 113.421 0
-9.16717 -0.633028 0
-20.9757 -88.8757 0
-1.54612 17.3843 2.86003
-10.8544 -27.1979 0
-47.0396 46.239 0
0.600344 0.299986 37.5845
0.600181 0.300038 140.522
0.600894 0.300189 41.5419
2.65046 5.23374 0
-0.683773 -2.14499 0
2.63869 -0.223274 0
-33.5602 -30.9691 0
96.1898 3.10783 33.7886
170.267 -239.384 57.7045
-7.5407 -141.85 24.3602
4.75025 0.707356 0
-31.5682 102.787 2.74491
0.600091 134.562 133.397
-0.0929272 86.3186 0
0.53973 -2.94375 0
-1.6165 -1.53592 0
-26.5972 -15.0255 0
2.64706 -35.588 0
-2.34048 1.43984 0
37.3103 -0.460253 0
-1238.72 -526.855 548.277
-153.054 -60.8686 48.3857
0.606631 3.4166 0
-2.08106 6.03919 0
1.52969 6.20126 0
8.38679 4.9432 0
-2.49079 -4.17751 0
-67.2679 -11.424 0
11.5572 5.26121 0
-50.995 -130.974 92.9067
-62.3451 -26.4062 0
14.0737 -11.2821 0
2.07959 -1.20187 0
2.36465 0.145456 0
-119.063 -98.9541 0
-11.8043 111.513 18.7126
1.37415 -2.18096 0
4.2261 -7.8401 0
11.6868 -10.5824 0
0.52698 85.86 472.969
-35.9116 -88.7289 50.8345
-5.23019 113.93 9.88907
3.32798 -7.17131 0
2.33191 -0.477695 0
7.97409 -7.5876 0
12.3764 -9.24621 0
-2.86028 10.405 0
-4.90078 -6.08294 0
2.88438 -58.9391 0
18.5354 -0.99866 0
1.43026 -3.33324 0
172.296 -50.8721 57.8821
228.601 -4.08506 8.81662
3.071 1.12735 0
22.2592 17.1501 0
36.5862 -147.569 18.685
-154.043 101.402 31.9295
84.7876 -1.31449 0
-65.4718 45.006 0
-33.218 2.55011 0
-215.707 218.1 100.5
9.39502 -2.17382 0
256.925 69.7118 90.1776
-5.28337 9.98188 0
60.9119 -11.8758 0
13.0517 -8.69778 0
12.3934 12.6793 0
74.3002 240.057 0
50.5268 -207.57 0
-116.519 58.481 153.491
-0.0848816 1.79298 0
-41.9239 -9.34645 0
-43.2698 44.3041 0
1.86302 1.35682 0
2.196 -2.07679 0
0.0126551 3.34134 0
-2.13798 0.168877 0
2.18384 -0.471221 0
7.3942 -3.50048 0
-224.492 174.262 129.361
-8.67394 3.16214 0
2.56416 -0.31819 0
-22.4112 2.66185 0
-9.4116 30.2757 0
1.88983 -1.94693 0
-3.61041 3.90357 0
-161.955 47.3959 16.4729
2.53812 -2.13987 0
-0.825164 3.48856 0
-90.6565 91.7874 71.0611
91.2611 0.869973 0
6.34091 -146.283 23.5226
11.9237 -105.819 0
2.01669 0.256908 0
1.41242 -5.0646 0
3.16323 -1.29151 0
87.1692 6.50664 66.9645
129.525 116.531 47.9345
-305.33 233.785 92.0454
29.6 15.3184 0
205.96 207.707 153.346
-279.892 -55.5465 132.161
-157.645 124.763 60.905
-0.817543 -2.86493 0
-55.1725 -62.0578 50.3519
-162.951 32.8885 0
43.1823 77.9291 0
23.0209 3.79349 0
4.24795 27.6027 0
-180.289 -133.982 0
4.59442 -0.322687 0
-235.282 191.991 161.559
-136.792 100.668 10.0067
692.744 -186.684 221.346
1.24566 1.57882 0
-19.3844 -2.02322 0
33.6068 -331.33 106.372
-0.673085 -193.268 108.151
4.76356 -81.2063 0
-1.42849 -1.48989 0
2.86579 5.67618 0
2.4396 -0.425562 0
-162.783 -7.47202 64.9411
68.892 2.58217 0
166.201 200.696 646.016
3.75157 2.32785 0
1.32248 6.25706 0
0.673123 -1.20646 0
3.19794 -1.39414 0
0.0585371 -62.2813 64.5703
-4.43702 -67.6058 31.8104
-5.01038 239.457 89.4977
1.4644 1.52088 0
11.0821 8.65 0
10.1858 2.73594 0
-103.856 -55.4023 18.6235
1.12002 -5.73188 0
88.6282 101.143 14.5476
159.684 48.1238 0
2.21137 6.40197 0
-45.5959 120.965 274.314
-9.52632 1.53227 0
5.61539 -9.28326 0
-0.771444 -0.457677 0
-4.58813 4.23829 0
-90.8979 81.0752 53.7997
2.25456 0.0175604 0
-0.497877 1.35213 0
-15.0204 30.7109 0
3.00603 2.15691 0
-32.8229 -38.5753 0
49.8377 189.335 36.9254
-14.409 -17.8989 0
151.599 156.684 67.0423
2.28974 -0.697412 0
6.84169 -9.68372 0
-2.6961 -9.36293 0
2.10722 0.255396 0
1.87893 -1.94306 0
27.0935 27.8413 0
2.29419 0.908558 0
6.50552 -15.4553 0
2.14025 -0.41388 0
-94.3458 -88.6275 0
-33.1183 26.6694 0
-1.16693 -1.74843 0
-16.3718 73.7216 128.549
-60.4179 194.016 23.5698
-29.6805 70.2011 0
32.8768 -36.6055 0
-3.11686 18.9079 0
416.198 -236.871 91.1912
2.1214 -0.323745 0
90.6601 60.7637 0
-16.1104 -214.41 40.9083
-52.3962 82.3234 111.138
104.571 -0.525064 0
-101.716 16.5098 61.7188
-24.1082 -0.300555 0
-48.5695 -80.282 0
-21.6216 2.71634 0
-0.138715 1.46879 0
7.71535 3.514 0
-52.7704 0.824267 0
-186.333 12.4973 25.2752
9.0421 18.2193 0
189.885 307.057 91.9253
0.677296 1.95072 0
974.256 -582.665 61.1806
-0.4646 -1.56567 0
-0.591607 -3.62413 0
2.30896 -3.81121 0
8.87064 2.49487 0
-25.0218 -35.0476 0
-468.537 329.746 518.522
2.02148 0.0339261 0
2.11607 -0.916237 0
-0.372996 1.29656 0
-57.514 39.787 109.835
-172.948 236.884 289.243
-73.1516 85.0274 3.38161
-0.572582 1.44436 0
83.4183 -42.5996 0
1.17197 -2.42673 0
52.4593 144.675 0
3.08802 4.59644 0
0.187406 -1.82511 0
53.3639 60.7233 0
7.67069 22.76 129.422
51.8652 1.69691 0
-97.0351 16.6295 63.5455
-24.1165 0.000906573 0
-8.44237 -0.237996 0
-42.9489 11.8274 0
3.3638 20.488 0
17.2187 19.5682 0
12.033 0.395527 0
4.48737 1.34832 0
-25.0804 -17.0928 0
-71.0197 -102.301 78.7795
-18.7547 27.8069 42.0402
55.6246 -301.258 93.0566
-26.2212 -105.559 18.0597
-4.36662 4.03374 0
-34.9717 -44.4923 0
-46.0025 -102.971 0
2.30568 3.92936 0
123.962 21.1889 0
64.1688 12.9205 0
-119.043 -98.3861 104.495
-576.469 -27.5016 283.43
1.38637 -1.57313 0
-70.246 -70.9629 160.199
52.4249 -19.8587 0
95.7286 253.021 119.666
64.7249 -38.8453 0
1.83387 5.04441 0
13.046 -6.71901 0
12.2279 1.42356 0
7.20383 -1.72151 0
51.6841 -220.123 0
-1.1987 -2.07651 0
21.7263 1.8069 0
-101.6 -3.90993 67.789
-24.1071 0.301943 0
-32.2519 -73.3971 0
-105.25 16.5221 0
-169.113 -243.709 0
-96.7301 -66.5165 9.75303
-15.7289 18.7888 74.5618
15.0811 -3.26354 0
-35.7113 -15.6734 0
223.355 228.603 200.441
0.396101 1.82811 0
-0.737516 0.471989 0
-252.086 97.0936 38.8783
9.81619 18.8509 0
2.71016 12.3692 0
2.87454 1.90398 0
-8.15182 -0.767195 0
2.34689 0.224988 0
16.7408 5.9436 0
-70.3664 11.0108 0
-7.82788 -18.6071 0
-337.189 200.492 8.12056
-91.2087 -94.1041 0
-2.90743 -3.21253 0
2.5352 0.0423092 0
0.822503 31.825 0
29.5331 84.2683 0
-49.4562 120.219 188.141
1.9588 0.594173 0
12.2991 17.6557 0
1.02918 1.69405 0
-137.968 -17.9557 0
0.904078 -3.43088 0
2.08481 -0.292322 0
-1.86531 -19.5397 0
-0.226184 -1.65903 0
-178.92 -65.972 86.988
0.413597 -1.87211 0
7.61415 -49.2285 0
7.49346 4.51395 0
0.653854 -2.80126 0
0.53647 -9.49427 0
5.13992 28.5493 0
0.515152 -1.90577 0
0.900923 -133.893 128.718
0.900934 -82.6965 0
2.78681 1.06479 0
0.857501 -2.80477 0
5.29514 -4.72708 0
-15.0642 -14.1342 0
4.5895 -3.42155 0
-9.20049 -74.4895 0
2.00999 -2.46282 0
2.85666 -0.674994 0
0.900231 -0.300131 37.5801
0.90019 -0.3001 140.026
0.90054 -0.300214 41.1087
-67.3669 -7.73195 0
-7.23033 -1.3321 0
-89.4509 40.6183 48.7644
27.3632 3.37631 0
-4.48313 10.6645 0
3.87515 1.11847 0
-14.9834 48.0273 0
-0.193951 5.92577 0
-0.537372 5.36637 0
-4.08806 147.835 17.8322
0.901304 24.6825 0
10.6 13.3781 0
178.644 5.61138 0
-28.9401 -24.3804 0
-8.67006 12.6146 0
-3.72787 0.761472 0
-59.9384 117.524 0
-6.02458 -19.6074 0
-4.56187 -41.7726 0
2.55585 1.61378 0
-2.89646 -117.775 62.7317
-0.0712158 -58.542 0
-15.7241 9.49618 0
-8.02324 -173.275 15.8509
-17.2576 37.27 0
3.42605 -5.99668 0
-39.3481 23.4288 0
6.07675 -5.09555 0
1.16079 -2.11812 0
1.99088 -1.81675 0
0.90012 -1.33156e-06 37.587
0.900177 -3.19666e-08 140.135
0.900749 -1.89986e-06 41.2035
14.2591 -45.1647 23.8417
-1.21166 -1.70947 0
-34.4503 -16.7101 0
-226.935 59.392 95.1925
-62.2755 -10.692 98.2402
208.045 -158.969 27.5551
42.1356 -37.7165 80.2621
9.96155 -10.438 0
2.4373 -2.0571 0
-6.31242 77.5085 62.4597
-6.36615 61.7394 29.5356
-0.3334 1.25397 0
-93.9179 6.10503 23.6522
-1.61103 -13.4075 0
-22.9236 23.7568 0
-76.5463 144.09 13.9147
0.383408 -2.43342 0
2.72941 17.6013 0
1.62202 1.32215 0
2.60332 15.2438 0
-2.92879 -118.062 64.5725
2.17111 -17.9126 15.8667
-54.3336 -41.7181 0
3.15046 2.25449 0
-88.0815 28.8323 0
4.56072 0.207902 0
0.660656 -2.46529 0
-1.88255 -1.43225 0
16.1482 -126.736 0
0.923018 1.99492 0
0.901124 0.29999 37.5815
0.900355 0.300068 140.027
0.901806 0.300202 41.1105
-13.7613 20.4412 7.92448
0.70373 -4.95918 0
-57.4638 -51.8584 6.50383
1.37505 1.53486 0
-38.1214 23.9343 0
-3.67926 5.28979 0
-11.6645 -71.3683 9.32694
2.11104 1.01955 0
-0.724467 1.82894 0
0.900921 155.352 115.859
0.171734 87.8058 0
-3.15867 -4.60359 0
-11.2133 -26.1476 0
-5.90187 -0.638537 0
-3.42053 -3.99255 0
18.4074 12.6051 0
-27.1204 -117.449 0
-74.6773 42.0089 0
0.604719 1.54431 0
0.909739 3.41765 0
59.2363 258.065 126.857
0.594585 7.448 0
-44.17 82.4003 0
-117.694 6.59905 62.0857
1.30638 1.33868 0
-2.38785 0.613695 0
123.372 -32.1213 0
20.9699 -245.081 19.9017
-5.90401 -3.62069 0
2.99453 -0.075046 0
0.833907 1.70773 0
-222.901 52.3493 0
87.4289 81.5123 0
1.9943 -3.15327 0
-56.0284 29.3868 0
2.0752 -1.39819 0
12.6731 -116.422 0
-2.87844 -10.7547 0
0.497198 -2.44761 0
0.308598 -2.29929 0
0.446798 -1.79409 0
2.45067 -0.632678 0
177.999 -153.891 201.624
0.167867 1.83397 0
0.551753 6.51382 0
7.46455 -8.16097 0
119.386 -147.251 12.6784
-27.1496 -40.7795 144.691
21.6743 -57.5192 0
177.471 80.735 0
0.931822 2.19408 0
-45.8309 -97.5589 0
119.293 25.3343 0
156.031 -0.300051 115.799
94.2047 -0.299106 0
-8.82391 0.826182 0
0.449887 -2.62875 30.8591
159.799 77.276 0
50.4075 29.3871 0
-21.1543 -41.6156 49.6583
22.7975 8.19978 0
0.144601 1.46215 0
-59.2573 43.9396 0
2.27305 0.758585 0
1.90582 2.79132 0
-117.566 144.593 0
-110.998 84.7934 0
33.8626 -6.27186 0
-80.0814 -8.57142 0
-130.11 76.1311 3.93736
34.0615 -173.055 0
-51.0373 -48.7347 2.53863
3.22882 -0.117185 0
-25.2798 -17.0714 0
72.3442 -128.641 28.9949
14.778 -15.237 0
-250.186 388.778 45.558
-6.47899 29.5413 0
-10.0911 3.25769 0
5.5601 -1.76479 0
132.491 -129.161 0
-47.7778 20.9924 0
-4.77688 13.3297 0
0.81969 2.5421 0
4.0299 4.12876 0
-0.598341 -2.51107 0
155.905 1.01383e-05 115.918
94.2261 0.00713755 0
-4.47713 -0.185909 0
-1.42152 -1.55362 0
2.56506 -3.18571 0
-48.4122 -6.55794 12.5058
169.461 -68.7573 142.549
-41.0039 -33.851 0
1.74585 3.23193 0
-125.204 158.837 125.765
-94.3851 -11.1287 15.9618
11.2235 13.6071 0
-40.1701 79.3856 0
-79.793 -53.2335 0
10.5422 6.2585 0
2.22116 -0.530912 0
-103.568 -50.8454 0
-66.5721 -52.4303 48.6549
3.00043 42.5003 0
-214.548 34.6705 190.727
-139.002 46.4519 32.6648
1.82097 0.840583 0
1.23398 -2.24998 0
-1.24841 -1.62743 0
-117.078 24.1661 0
-14.1339 0.69275 0
2.05992 0.437552 0
-3.35924 -15.5044 0
-71.4575 -140.274 0
29.909 39.1251 0
-21.7529 -36.1215 0
168.242 119.635 0
-0.419923 -1.43562 0
156.031 0.300059 115.799
94.2249 0.313454 0
-8.83517 -1.34624 0
27.8638 -171.662 17.4154
37.4925 -61.4941 0
-2.72498 5.44346 0
-0.900596 -1.87853 0
-0.693496 2.12185 0
-2.80614 6.86533 0
-5.80844 5.61733 0
1.53133 1.44654 0
-5.14249 10.4541 0
2.43479 1.81145 0
133.911 154.3 0
15.3571 14.0748 0
10.3118 -0.789286 0
6.23495 -0.364068 0
45.2823 37.2152 84.9
8.31431 64.3365 0
187.317 24.4327 0
-20.4816 13.8991 0
2.52119 -0.1882 0
-1.08782 1.46378 0
90.2054 -79.8504 0
-52.5654 -123.251 0
1.36292 7.54718 0
-9.02584 -20.3509 0
2.57555 0.527467 0
-3.87705 -5.77427 0
17.678 -1.48495 0
1.28412 1.36031 0
1.32405 -2.49692 0
VERTICES 2541 5082
1 0
1 1
1 2
1 3
1 4
1 5
1 6
1 7
1 8
1 9
1 10
1 11
1 12
1 13
1 14
1 15
1 16
1 17
1 18
1 19
1 20
1 21
1 22
1 23
1 24
1 25
1 26
1 27
1 28
1 29
1 30
1 31
1 32
1 33
1 34
1 35
1 36
1 37
1 38
1 39
1 40
1 41
1 42
1 43
1 44
1 45
1 46
1 47
1 48
1 49
1 50
1 51
1 52
1 53
1 54
1 55
1 56
1 57
1 58
1 59
1 60
1 61
1 62
1 63
1 64
1 65
1 66
1 67
1 68
1 69
1 70
1 71
1 72
1 73
1 74
1 75
1 76
1 77
1 78
1 79
1 80
1 81
1 82
1 83
1 84
1 85
1 86
1 87
1 88
1 89
1 90
1 91
1 92
1 93
1 94
1 95
1 96
1 97
1 98
1 99
1 100
1 101
1 102
1 103
1 104
1 105
1 106
1 107
1 108
1 109
1 110
1 111
1 112
1 113
1 114
1 115
1 116
1 117
1 118
1 119
1 120
1 121
1 122
1 123
1 124
1 125
1 126
1 127
1 128
1 129
1 130
1 131
1 132
1 133
1 134
1 135
1 136
1 137
1 138
1 139
1 140
1 141
1 142
1 143
1 144
1 145
1 146
1 147
1 148
1 149
1 150
1 151
1 152
1 153
1 154
1 155
1 156
1 157
1 158
1 159
1 160
1 161
1 162
1 163
1 164
1 165
1 166
1 167
1 168
1 169
1 170
1 171
1 172
1 173
1 174
1 175
1 176
1 177
1 178
1 179
1 180
1 181
1 182
1 183
1 184
1 185
1 186
1 187
1 188
1 189
1 190
1 191
1 192
1 193
1 194
1 195
1 196
1 197
1 198
1 199
1 200
1 201
1 202
1 203
1 204
1 205
1 206
1 207
1 208
1 209
1 210
1 211
1 212
1 213
1 214
1 215
1 216
1 217
1 218
1 219
1 220
1 221
1 222
1 223
1 224
1 225
1 226
1 227
1 228
1 229
1 230
1 231
1 232
1 233
1 234
1 235
1 236
1 237
1 238
1 239
1 240
1 241
1 242
1 243
1 244
1 245
1 246
1 247
1 248
1 249
1 250
1 251
1 252
1 253
1 254
1 255
1 256
1 257
1 258
1 259
1 260
1 261
1 262
1 263
1 264
1 265
1 266
1 267
1 268
1 269
1 270
1 271
1 272
1 273
1 274
1 275
1 276
1 277
1 278
1 279
1 280
1 281
1 282
1 283
1 284
1 285
1 286
1 287
1 288
1 289
1 290
1 291
1 292
1 293
1 294
1 295
1 296
1 297
1 298
1 299
1 300
1 301
1 302
1 303
1 304
1 305
1 306
1 307
1 308
1 309
1 310
1 311
1 312
1 313
1 314
1 315
1 316
1 317
1 318
1 319
1 320
1 321
1 322
1 323
1 324
1 325
1 326
1 327
1 328
1 329
1 330
1 331
1 332
1 333
1 334
1 335
1 336
1 337
1 338
1 339
1 340
1 341
1 342
1 343
1 344
1 345
1 346
1 347
1 348
1 349
1 350
1 351
1 352
1 353
1 354
1 355
1 356
1 357
1 358
1 359
1 360
1 361
1 362
1 363
1 364
1 365
1 366
1 367
1 368
1 369
1 370
1 371
1 372
1 373
1 374
1 375
1 376
1 377
1 378
1 379
1 380
1 381
1 382
1 383
1 384
1 385
1 386
1 387
1 388
1 389
1 390
1 391
1 392
1 393
1 394
1 395
1 396
1 397
1 398
1 399
1 400
1 401
1 402
1 403
1 404
1 405
1 406
1 407
1 408
1 409
1 410
1 411
1 412
1 413
1 414
1 415
1 416
1 417
1 418
1 419
1 420
1 421
1 422
1 423
1 424
1 425
1 426
1 427
1 428
1 429
1 430
1 431
1 432
1 433
1 434
1 435
1 436
1 437
1 438
1 439
1 440
1 441
1 442
1 443
1 444
1 445
1 446
1 447
1 448
1 449
1 450
1 451
1 452
1 453
1 454
1 455
1 456
1 457
1 458
1 459
1 460
1 461
1 462
1 463
1 464
1 465
1 466
1 467
1 468
1 469
1 470
1 471
1 472
1 473
1 474
1 475
1 476
1 477
1 478
1 479
1 480
1 481
1 482
1 483
1 484
1 485
1 486
1 487
1 488
1 489
1 490
1 491
1 492
1 493
1 494
1 495
1 496
1 497
1 498
1 499
1 500
1 501
1 502
1 503
1 504
1 505
1 506
1 507
1 508
1 509
1 510
1 511
1 512
1 513
1 514
1 515
1 516
1 517
1 518
1 519
1 520
1 521
1 522
1 523
1 524
1 525
1 526
1 527
1 528
1 529
1 530
1 531
1 532
1 533
1 534
1 535
1 536
1 537
1 538
1 539
1 540
1 541
1 542
1 543
1 544
1 545
1 546
1 547
1 548
1 549
1 550
1 551
1 552
1 553
1 554
1 555
1 556
1 557
1 558
1 559
1 560
1 561
1 562
1 563
1 564
1 565
1 566
1 567
1 568
1 569
1 570
1 571
1 572
1 573
1 574
1 575
1 576
1 577
1 578
1 579
1 580
1 581
1 582
1 583
1 584
1 585
1 586
1 587
1 588
1 589
1 590
1 591
1 592
1 593
1 594
1 595
1 596
1 597
1 598
1 599
1 600
1 601
1 602
1 603
1 604
1 605
1 606
1 607
1 608
1 609
1 610
1 611
1 612
1 613
1 614
1 615
1 616
1 617
1 618
1 619
1 620
1 621
1 622
1 623
1 624
1 625
1 626
1 627
1 628
1 629
1 630
1 631
1 632
1 633
1 634
1 635
1 636
1 637
1 638
1 639
1 640
1 641
1 642
1 643
1 644
1 645
1 646
1 647
1 648
1 649
1 650
1 651
1 652
1 653
1 654
1 655
1 656
1 657
1 658
1 659
1 660
1 661
1 662
1 663
1 664
1 665
1 666
1 667
1 668
1 669
1 670
1 671
1 672
1 673
1 674
1 675
1 676
1 677
1 678
1 679
1 680
1 681
1 682
1 683
1 684
1 685
1 686
1 687
1 688
1 689
1 690
1 691
1 692
1 693
1 694
1 695
1 696
1 697
1 698
1 699
1 700
1 701
1 702
1 703
1 704
1 705
1 706
1 707
1 708
1 709
1 710
1 711
1 712
1 713
1 714
1 715
1 716
1 717
1 718
1 719
1 720
1 721
1 722
1 723
1 724
1 725
1 726
1 727
1 728
1 729
1 730
1 731
1 732
1 733
1 734
1 735
1 736
1 737
1 738
1 739
1 740
1 741
1 742
1 743
1 744
1 745
1 746
1 747
1 748
1 749
1 750
1 751
1 752
1 753
1 754
1 755
1 756
1 757
1 758
1 759
1 760
1 761
1 762
1 763
1 764
1 765
1 766
1 767
1 768
1 769
1 770
1 771
1 772
1 773
1 774
1 775
1 776
1 777
1 778
1 779
1 780
1 781
1 782
1 783
1 784
1 785
1 786
1 787
1 788
1 789
1 790
1 791
1 792
1 793
1 794
1 795
1 796
1 797
1 798
1 799
1 800
1 801
1 802
1 803
1 804
1 805
1 806
1 807
1 808
1 809
1 810
1 811
1 812
1 813
1 814
1 815
1 816
1 817
1 818
1 819
1 820
1 821
1 822
1 823
1 824
1 825
1 826
1 827
1 828
1 829
1 830
1 831
1 832
1 833
1 834
1 835
1 836
1 837
1 838
1 839
1 840
1 841
1 842
1 843
1 844
1 845
1 846
1 847
1 848
1 849
1 850
1 851
1 852
1 853
1 854
1 855
1 856
1 857
1 858
1 859
1 860
1 861
1 862
1 863
1 864
1 865
1 866
1 867
1 868
1 869
1 870
1 871
1 872
1 873
1 874
1 875
1 876
1 877
1 878
1 879
1 880
1 881
1 882
1 883
1 884
1 885
1 886
1 887
1 888
1 889
1 890
1 891
1 892
1 893
1 894
1 895
1 896
1 897
1 898
1 899
1 900
1 901
1 902
1 903
1 904
1 905
1 906
1 907
1 908
1 909
1 910
1 911
1 912
1 913
1 914
1 915
1 916
1 917
1 918
1 919
1 920
1 921
1 922
1 923
1 924
1 925
1 926
1 927
1 928
1 929
1 930
1 931
1 932
1 933
1 934
1 935
1 936
1 937
1 938
1 939
1 940
1 941
1 942
1 943
1 944
1 945
1 946
1 947
1 948
1 949
1 950
1 951
1 952
1 953
1 954
1 955
1 956
1 957
1 958
1 959
1 960
1 961
1 962
1 963
1 964
1 965
1 966
1 967
1 968
1 969
1 970
1 971
1 972
1 973
1 974
1 975
1 976
1 977
1 978
1 979
1 980
1 981
1 982
1 983
1 984
1 985
1 986
1 987
1 988
1 989
1 990
1 991
1 992
1 993
1 994
1 995
1 996
1 997
1 998
1 999
1 1000
1 1001
1 1002
1 1003
1 1004
1 1005
1 1006
1 1007
1 1008
1 1009
1 1010
1 1011
1 1012
1 1013
1 1014
1 1015
1 1016
1 1017
1 1018
1 1019
1 1020
1 1021
1 1022
1 1023
1 1024
1 1025
1 1026
1 1027
1 1028
1 1029
1 1030
1 1031
1 1032
1 1033
1 1034
1 1035
1 1036
1 1037
1 1038
1 1039
1 1040
1 1041
1 1042
1 1043
1 1044
1 1045
1 1046
1 1047
1 1048
1 1049
1 1050
1 1051
1 1052
1 1053
1 1054
1 1055
1 1056
1 1057
1 1058
1 1059
1 1060
1 1061
1 1062
1 1063
1 1064
1 1065
1 1066
1 1067
1 1068
1 1069
1 1070
1 1071
1 1072
1 1073
1 1074
1 1075
1 1076
1 1077
1 1078
1 1079
1 1080
1 1081
1 1082
1 1083
1 1084
1 1085
1 1086
1 1087
1 1088
1 1089
1 1090
1 1091
1 1092
1 1093
1 1094
1 1095
1 1096
1 1097
1 1098
1 1099
1 1100
1 1101
1 1102
1 1103
1 1104
1 1105
1 1106
1 1107
1 1108
1 1109
1 1110
1 1111
1 1112
1 1113
1 1114
1 1115
1 1116
1 1117
1 1118
1 1119
1 1120
1 1121
1 1122
1 1123
1 1124
1 1125
1 1126
1 1127
1 1128
1 1129
1 1130
1 1131
1 1132
1 1133
1 1134
1 1135
1 1136
1 1137
1 1138
1 1139
1 1140
1 1141
1 1142
1 1143
1 1144
1 1145
1 1146
1 1147
1 1148
1 1149
1 1150
1 1151
1 1152
1 1153
1 1154
1 1155
1 1156
1 1157
1 1158
1 1159
1 1160
1 1161
1 1162
1 1163
1 1164
1 1165
1 1166
1 1167
1 1168
1 1169
1 1170
1 1171
1 1172
1 1173
1 1174
1 1175
1 1176
1 1177
1 1178
1 1179
1 1180
1 1181
1 1182
1 1183
1 1184
1 1185
1 1186
1 1187
1 1188
1 1189
1 1190
1 1191
1 1192
1 1193
1 1194
1 1195
1 1196
1 1197
1 1198
1 1199
1 1200
1 1201
1 1202
1 1203
1 1204
1 1205
1 1206
1 1207
1 1208
1 1209
1 1210
1 1211
1 1212
1 1213
1 1214
1 1215
1 1216
1 1217
1 1218
1 1219
1 1220
1 1221
1 1222
1 1223
1 1224
1 1225
1 1226
1 1227
1 1228
1 1229
1 1230
1 1231
1 1232
1 1233
1 1234
1 1235
1 1236
1 1237
1 1238
1 1239
1 1240
1 1241
1 1242
1 1243
1 1244
1 1245
1 1246
1 1247
1 1248
1 1249
1 1250
1 1251
1 1252
1 1253
1 1254
1 1255
1 1256
1 1257
1 1258
1 1259
1 1260
1 1261
1 1262
1 1263
1 1264
1 1265
1 1266
1 1267
1 1268
1 1269
1 1270
1 1271
1 1272
1 1273
1 1274
1 1275
1 1276
1 1277
1 1278
1 1279
1 1280
1 1281
1 1282
1 1283
1 1284
1 1285
1 1286
1 1287
1 1288
1 1289
1 1290
1 1291
1 1292
1 1293
1 1294
1 1295
1 1296
1 1297
1 1298
1 1299
1 1300
1 1301
1 1302
1 1303
1 1304
1 1305
1 1306
1 1307
1 1308
1 1309
1 1310
1 1311
1 1312
1 1313
1 1314
1 1315
1 1316
1 1317
1 1318
1 1319
1 1320
1 1321
1 1322
1 1323
1 1324
1 1325
1 1326
1 1327
1 1328
1 1329
1 1330
1 1331
1 1332
1 1333
1 1334
1 1335
1 1336
1 1337
1 1338
1 1339
1 1340
1 1341
1 1342
1 1343
1 1344
1 1345
1 1346
1 1347
1 1348
1 1349
1 1350
1 1351
1 1352
1 1353
1 1354
1 1355
1 1356
1 1357
1 1358
1 1359
1 1360
1 1361
1 1362
1 1363
1 1364
1 1365
1 1366
1 1367
1 1368
1 1369
1 1370
1 1371
1 1372
1 1373
1 1374
1 1375
1 1376
1 1377
1 1378
1 1379
1 1380
1 1381
1 1382
1 1383
1 1384
1 1385
1 1386
1 1387
1 1388
1 1389
1 1390
1 1391
1 1392
1 1393
1 1394
1 1395
1 1396
1 1397
1 1398
1 1399
1 1400
1 1401
1 1402
1 1403
1 1404
1 1405
1 1406
1 1407
1 1408
1 1409
1 1410
1 1411
1 1412
1 1413
1 1414
1 1415
1 1416
1 1417
1 1418
1 1419
1 1420
1 1421
1 1422
1 1423
1 1424
1 1425
1 1426
1 1427
1 1428
1 1429
1 1430
1 1431
1 1432
1 1433
1 1434
1 1435
1 1436
1 1437
1 1438
1 1439
1 1440
1 1441
1 1442
1 1443
1 1444
1 1445
1 1446
1 1447
1 1448
1 1449
1 1450
1 1451
1 1452
1 1453
1 1454
1 1455
1 1456
1 1457
1 1458
1 1459
1 1460
1 1461
1 1462
1 1463
1 1464
1 1465
1 1466
1 1467
1 1468
1 1469
1 1470
1 1471
1 1472
1 1473
1 1474
1 1475
1 1476
1 1477
1 1478
1 1479
1 1480
1 1481
1 1482
1 1483
1 1484
1 1485
1 1486
1 1487
1 1488
1 1489
1 1490
1 1491
1 1492
1 1493
1 1494
1 1495
1 1496
1 1497
1 1498
1 1499
1 1500
1 1501
1 1502
1 1503
1 1504
1 1505
1 1506
1 1507
1 1508
1 1509
1 1510
1 1511
1 1512
1 1513
1 1514
1 1515
1 1516
1 1517
1 1518
1 1519
1 1520
1 1521
1 1522
1 1523
1 1524
1 1525
1 1526
1 1527
1 1528
1 1529
1 1530
1 1531
1 1532
1 1533
1 1534
1 1535
1 1536
1 1537
1 1538
1 1539
1 1540
1 1541
1 1542
1 1543
1 1544
1 1545
1 1546
1 1547
1 1548
1 1549
1 1550
1 1551
1 1552
1 1553
1 1554
1 1555
1 1556
1 1557
1 1558
1 1559
1 1560
1 1561
1 1562
1 1563
1 1564
1 1565
1 1566
1 1567
1 1568
1 1569
1 1570
1 1571
1 1572
1 1573
1 1574
1 1575
1 1576
1 1577
1 1578
1 1579
1 1580
1 1581
1 1582
1 1583
1 1584
1 1585
1 1586
1 1587
1 1588
1 1589
1 1590
1 1591
1 1592
1 1593
1 1594
1 1595
1 1596
1 1597
1 1598
1 1599
1 1600
1 1601
1 1602
1 1603
1 1604
1 1605
1 1606
1 1607
1 1608
1 1609
1 1610
1 1611
1 1612
1 1613
1 1614
1 1615
1 1616
1 1617
1 1618
1 1619
1 1620
1 1621
1 1622
1 1623
1 1624
1 1625
1 1626
1 1627
1 1628
1 1629
1 1630
1 1631
1 1632
1 1633
1 1634
1 1635
1 1636
1 1637
1 1638
1 1639
1 1640
1 1641
1 1642
1 1643
1 1644
1 1645
1 1646
1 1647
1 1648
1 1649
1 1650
1 1651
1 1652
1 1653
1 1654
1 1655
1 1656
1 1657
1 1658
1 1659
1 1660
1 1661
1 1662
1 1663
1 1664
1 1665
1 1666
1 1667
1 1668
1 1669
1 1670
1 1671
1 1672
1 1673
1 1674
1 1675
1 1676
1 1677
1 1678
1 1679
1 1680
1 1681
1 1682
1 1683
1 1684
1 1685
1 1686
1 1687
1 1688
1 1689
1 1690
1 1691
1 1692
1 1693
1 1694
1 1695
1 1696
1 1697
1 1698
1 1699
1 1700
1 1701
1 1702
1 1703
1 1704
1 1705
1 1706
1 1707
1 1708
1 1709
1 1710
1 1711
1 1712
1 1713
1 1714
1 1715
1 1716
1 1717
1 1718
1 1719
1 1720
1 1721
1 1722
1 1723
1 1724
1 1725
1 1726
1 1727
1 1728
1 1729
1 1730
1 1731
1 1732
1 1733
1 1734
1 1735
1 1736
1 1737
1 1738
1 1739
1 1740
1 1741
1 1742
1 1743
1 1744
1 1745
1 1746
1 1747
1 1748
1 1749
1 1750
1 1751
1 1752
1 1753
1 1754
1 1755
1 1756
1 1757
1 1758
1 1759
1 1760
1 1761
1 1762
1 1763
1 1764
1 1765
1 1766
1 1767
1 1768
1 1769
1 1770
1 1771
1 1772
1 1773
1 1774
1 1775
1 1776
1 1777
1 1778
1 1779
1 1780
1 1781
1 1782
1 1783
1 1784
1 1785
1 1786
1 1787
1 1788
1 1789
1 1790
1 1791
1 1792
1 1793
1 1794
1 1795
1 1796
1 1797
1 1798
1 1799
1 1800
1 1801
1 1802
1 1803
1 1804
1 1805
1 1806
1 1807
1 1808
1 1809
1 1810
1 1811
1 1812
1 1813
1 1814
1 1815
1 1816
1 1817
1 1818
1 1819
1 1820
1 1821
1 1822
1 1823
1 1824
1 1825
1 1826
1 1827
1 1828
1 1829
1 1830
1 1831
1 1832
1 1833
1 1834
1 1835
1 1836
1 1837
1 1838
1 1839
1 1840
1 1841
1 1842
1 1843
1 1844
1 1845
1 1846
1 1847
1 1848
1 1849
1 1850
1 1851
1 1852
1 1853
1 1854
1 1855
1 1856
1 1857
1 1858
1 1859
1 1860
1 1861
1 1862
1 1863
1 1864
1 1865
1 1866
1 1867
1 1868
1 1869
1 1870
1 1871
1 1872
1 1873
1 1874
1 1875
1 1876
1 1877
1 1878
1 1879
1 1880
1 1881
1 1882
1 1883
1 1884
1 1885
1 1886
1 1887
1 1888
1 1889
1 1890
1 1891
1 1892
1 1893
1 1894
1 1895
1 1896
1 1897
1 1898
1 1899
1 1900
1 1901
1 1902
1 1903
1 1904
1 1905
1 1906
1 1907
1 1908
1 1909
1 1910
1 1911
1 1912
1 1913
1 1914
1 1915
1 1916
1 1917
1 1918
1 1919
1 1920
1 1921
1 1922
1 1923
1 1924
1 1925
1 1926
1 1927
1 1928
1 1929
1 1930
1 1931
1 1932
1 1933
1 1934
1 1935
1 1936
1 1937
1 1938
1 1939
1 1940
1 1941
1 1942
1 1943
1 1944
1 1945
1 1946
1 1947
1 1948
1 1949
1 1950
1 1951
1 1952
1 1953
1 1954
1 1955
1 1956
1 1957
1 1958
1 1959
1 1960
1 1961
1 1962
1 1963
1 1964
1 1965
1 1966
1 1967
1 1968
1 1969
1 1970
1 1971
1 1972
1 1973
1 1974
1 1975
1 1976
1 1977
1 1978
1 1979
1 1980
1 1981
1 1982
1 1983
1 1984
1 1985
1 1986
1 1987
1 1988
1 1989
1 1990
1 1991
1 1992
1 1993
1 1994
1 1995
1 1996
1 1997
1 1998
1 1999
1 2000
1 2001
1 2002
1 2003
1 2004
1 2005
1 2006
1 2007
1 2008
1 2009
1 2010
1 2011
1 2012
1 2013
1 2014
1 2015
1 2016
1 2017
1 2018
1 2019
1 2020
1 2021
1 2022
1 2023
1 2024
1 2025
1 2026
1 2027
1 2028
1 2029
1 2030
1 2031
1 2032
1 2033
1 2034
1 2035
1 2036
1 2037
1 2038
1 2039
1 2040
1 2041
1 2042
1 2043
1 2044
1 2045
1 2046
1 2047
1 2048
1 2049
1 2050
1 2051
1 2052
1 2053
1 2054
1 2055
1 2056
1 2057
1 2058
1 2059
1 2060
1 2061
1 2062
1 2063
1 2064
1 2065
1 2066
1 2067
1 2068
1 2069
1 2070
1 2071
1 2072
1 2073
1 2074
1 2075
1 2076
1 2077
1 2078
1 2079
1 2080
1 2081
1 2082
1 2083
1 2084
1 2085
1 2086
1 2087
1 2088
1 2089
1 2090
1 2091
1 2092
1 2093
1 2094
1 2095
1 2096
1 2097
1 2098
1 2099
1 2100
1 2101
1 2102
1 2103
1 2104
1 2105
1 2106
1 2107
1 2108
1 2109
1 2110
1 2111
1 2112
1 2113
1 2114
1 2115
1 2116
1 2117
1 2118
1 2119
1 2120
1 2121
1 2122
1 2123
1 2124
1 2125
1 2126
1 2127
1 2128
1 2129
1 2130
1 2131
1 2132
1 2133
1 2134
1 2135
1 2136
1 2137
1 2138
1 2139
1 2140
1 2141
1 2142
1 2143
1 2144
1 2145
1 2146
1 2147
1 2148
1 2149
1 2150
1 2151
1 2152
1 2153
1 2154
1 2155
1 2156
1 2157
1 2158
1 2159
1 2160
1 2161
1 2162
1 2163
1 2164
1 2165
1 2166
1 2167
1 2168
1 2169
1 2170
1 2171
1 2172
1 2173
1 2174
1 2175
1 2176
1 2177
1 2178
1 2179
1 2180
1 2181
1 2182
1 2183
1 2184
1 2185
1 2186
1 2187
1 2188
1 2189
1 2190
1 2191
1 2192
1 2193
1 2194
1 2195
1 2196
1 2197
1 2198
1 2199
1 2200
1 2201
1 2202
1 2203
1 2204
1 2205
1 2206
1 2207
1 2208
1 2209
1 2210
1 2211
1 2212
1 2213
1 2214
1 2215
1 2216
1 2217
1 2218
1 2219
1 2220
1 2221
1 2222
1 2223
1 2224
1 2225
1 2226
1 2227
1 2228
1 2229
1 2230
1 2231
1 2232
1 2233
1 2234
1 2235
1 2236
1 2237
1 2238
1 2239
1 2240
1 2241
1 2242
1 2243
1 2244
1 2245
1 2246
1 2247
1 2248
1 2249
1 2250
1 2251
1 2252
1 2253
1 2254
1 2255
1 2256
1 2257
1 2258
1 2259
1 2260
1 2261
1 2262
1 2263
1 2264
1 2265
1 2266
1 2267
1 2268
1 2269
1 2270
1 2271
1 2272
1 2273
1 2274
1 2275
1 2276
1 2277
1 2278
1 2279
1 2280
1 2281
1 2282
1 2283
1 2284
1 2285
1 2286
1 2287
1 2288
1 2289
1 2290
1 2291
1 2292
1 2293
1 2294
1 2295
1 2296
1 2297
1 2298
1 2299
1 2300
1 2301
1 2302
1 2303
1 2304
1 2305
1 2306
1 2307
1 2308
1 2309
1 2310
1 2311
1 2312
1 2313
1 2314
1 2315
1 2316
1 2317
1 2318
1 2319
1 2320
1 2321
1 2322
1 2323
1 2324
1 2325
1 2326
1 2327
1 2328
1 2329
1 2330
1 2331
1 2332
1 2333
1 2334
1 2335
1 2336
1 2337
1 2338
1 2339
1 2340
1 2341
1 2342
1 2343
1 2344
1 2345
1 2346
1 2347
1 2348
1 2349
1 2350
1 2351
1 2352
1 2353
1 2354
1 2355
1 2356
1 2357
1 2358
1 2359
1 2360
1 2361
1 2362
1 2363
1 2364
1 2365
1 2366
1 2367
1 2368
1 2369
1 2370
1 2371
1 2372
1 2373
1 2374
1 2375
1 2376
1 2377
1 2378
1 2379
1 2380
1 2381
1 2382
1 2383
1 2384
1 2385
1 2386
1 2387
1 2388
1 2389
1 2390
1 2391
1 2392
1 2393
1 2394
1 2395
1 2396
1 2397
1 2398
1 2399
1 2400
1 2401
1 2402
1 2403
1 2404
1 2405
1 2406
1 2407
1 2408
1 2409
1 2410
1 2411
1 2412
1 2413
1 2414
1 2415
1 2416
1 2417
1 2418
1 2419
1 2420
1 2421
1 2422
1 2423
1 2424
1 2425
1 2426
1 2427
1 2428
1 2429
1 2430
1 2431
1 2432
1 2433
1 2434
1 2435
1 2436
1 2437
1 2438
1 2439
1 2440
1 2441
1 2442
1 2443
1 2444
1 2445
1 2446
1 2447
1 2448
1 2449
1 2450
1 2451
1 2452
1 2453
1 2454
1 2455
1 2456
1 2457
1 2458
1 2459
1 2460
1 2461
1 2462
1 2463
1 2464
1 2465
1 2466
1 2467
1 2468
1 2469
1 2470
1 2471
1 2472
1 2473
1 2474
1 2475
1 2476
1 2477
1 2478
1 2479
1 2480
1 2481
1 2482
1 2483
1 2484
1 2485
1 2486
1 2487
1 2488
1 2489
1 2490
1 2491
1 2492
1 2493
1 2494
1 2495
1 2496
1 2497
1 2498
1 2499
1 2500
1 2501
1 2502
1 2503
1 2504
1 2505
1 2506
1 2507
1 2508
1 2509
1 2510
1 2511
1 2512
1 2513
1 2514
1 2515
1 2516
1 2517
1 2518
1 2519
1 2520
1 2521
1 2522
1 2523
1 2524
1 2525
1 2526
1 2527
1 2528
1 2529
1 2530
1 2531
1 2532
1 2533
1 2534
1 2535
1 2536
1 2537
1 2538
1 2539
1 2540
POINT_DATA 2541
SCALARS density float 1
LOOKUP_TABLE default
500
500
500
500
500
500
500
500
500
500
500
500
500
500
500
500
500
500
500
500
500
500
500
500
500
500
500
500
500
500
500
500
500
500
500
500
500
500
500
500
500
500
500
500
500
500
500
500
500
500
500
500
500
500
500
500
500
500
500
500
500
500
500
500
500
500
500
500
500
500
500
500
500
500
500
500
500
500
500
500
500
500
500
500
500
500
500
500
500
500
500
500
500
500
500
500
500
500
500
500
500
500
500
500
500
500
500
500
500
500
500
500
500
500
500
500
500
500
500
500
500
500
500
500
500
500
500
500
500
500
500
500
500
500
500
500
500
500
500
500
500
500
500
500
500
500
500
500
500
500
500
500
500
500
500
500
500
500
500
500
500
500
500
500
500
500
500
500
500
500
500
500
500
500
500
500
500
500
500
500
500
500
500
500
500
500
500
500
500
500
500
500
500
500
500
500
500
500
500
500
500
500
500
500
500
500
500
500
500
500
500
500
500
500
500
500
500
500
500
500
500
500
500
500
500
500
500
500
500
500
500
500
500
500
500
500
500
500
500
500
500
500
500
500
500
500
500
500
500
500
500
500
500
500
500
500
500
500
500
500
500
500
500
500
500
500
500
500
500
500
500
500
500
500
500
500
500
500
500
500
500
500
500
500
500
500
500
500
500
500
500
500
500
500
500
500
500
500
500
500
500
500
500
500
500
500
500
500
500
500
500
500
500
500
500
500
500
500
500
500
500
500
500
500
500
500
500
500
500
500
500
500
500
500
500
500
500
500
500
500
500
500
500
500
500
500
500
500
500
500
500
500
500
500
500
500
500
500
500
500
500
500
500
500
500
500
500
500
500
500
500
500
500
500
500
500
500
500
500
500
500
500
500
500
500
500
500
500
500
500
500
500
500
500
500
500
500
500
500
500
500
500
500
500
500
500
500
500
500
500
500
500
500
500
500
500
500
500
500
500
500
500
500
500
500
500
500
500
500
500
500
500
500
500
500
500
500
500
500
500
500
500
500
500
500
500
500
500
500
500
500
500
500
500
500
500
500
500
500
500
500
500
500
500
500
500
500
500
500
500
500
500
500
500
500
500
500
500
500
500
500
500
500
500
500
500
500
500
500
500
500
500
500
500
500
500
500
500
500
500
500
500
500
500
500
500
500
500
500
500
500
500
500
500
500
500
500
500
500
500
500
500
500
500
500
500
500
500
500
500
500
500
500
500
500
500
500
500
500
500
500
500
500
500
500
500
500
500
500
500
500
500
500
500
500
500
500
500
500
500
500
500
500
500
500
500
500
500
500
500
500
500
500
500
500
500
500
500
500
500
500
500
500
500
500
500
500
500
500
500
500
500
500
500
500
500
500
500
500
500
500
500
500
500
500
500
500
500
500
500
500
500
500
500
500
500
500
500
500
500
500
500
500
500
500
500
500
500
500
500
500
500
500
500
500
500
500
500
500
500
500
500
500
500
500
500
500
500
500
500
500
500
500
500
500
500
500
500
500
500
500
500
500
500
500
500
500
500
500
500
500
500
500
500
500
500
500
500
500
500
500
500
500
500
500
500
500
500
500
500
500
500
500
500
500
500
500
500
500
500
500
500
500
500
500
500
500
500
500
500
500
500
500
500
500
500
500
500
500
500
500
500
500
500
500
500
500
500
500
500
500
500
500
500
500
500
500
500
500
500
500
500
500
500
500
500
500
500
500
500
500
500
500
500
500
500
500
500
500
500
500
500
500
500
500
500
500
500
500
500
500
500
500
500
500
500
500
500
500
500
500
500
500
500
500
500
500
500
500
500
500
500
500
500
500
500
500
500
500
500
500
500
500
500
500
500
500
500
500
500
500
500
500
500
500
500
500
500
500
500
500
500
500
500
500
500
500
500
500
500
500
500
500
500
500
500
500
500
500
500
500
500
500
500
500
500
500
500
500
500
500
500
500
500
500
500
500
500
500
500
500
500
500
500
500
500
500
500
500
500
500
500
500
500
500
500
500
500
500
500
500
500
500
500
500
500
500
500
500
500
500
500
500
500
500
500
500
500
500
500
500
500
500
500
500
500
500
500
500
500
500
500
500
500
500
500
500
500
500
500
500
500
500
500
500
500
500
500
500
500
500
500
500
500
500
500
500
500
500
500
500
500
500
500
500
500
500
500
500
500
500
500
500
500
500
500
500
500
500
500
500
500
500
500
500
500
500
500
500
500
500
500
500
500
500
500
500
500
500
500
500
500
500
500
500
500
500
500
500
500
500
500
500
500
500
500
500
500
500
500
500
500
500
500
500
500
500
500
500
500
500
500
500
500
500
500
500
500
500
500
500
500
500
500
500
500
500
500
500
500
500
500
500
500
500
500
500
500
500
500
500
500
500
500
500
500
500
500
500
500
500
500
500
500
500
500
500
500
500
500
500
500
500
500
500
500
500
500
500
500
500
500
500
500
500
500
500
500
500
500
500
500
500
500
500
500
500
500
500
500
500
500
500
500
500
500
500
500
500
500
500
500
500
500
500
500
500
500
500
500
500
500
500
500
500
500
500
500
500
500
500
500
500
500
500
500
500
500
500
500
500
500
500
500
500
500
500
500
500
500
500
500
500
500
500
500
500
500
500
500
500
500
500
500
500
500
500
500
500
500
500
500
500
500
500
500
500
500
500
500
500
500
500
500
500
500
500
500
500
500
500
500
500
500
500
500
500
500
500
500
500
500
500
500
500
500
500
500
500
500
500
500
500
500
500
500
500
500
500
500
500
500
500
500
500
500
500
500
500
500
500
500
500
500
500
500
500
500
500
500
500
500
500
500
500
500
500
500
500
500
500
500
500
500
500
500
500
500
500
500
500
500
500
500
500
500
500
500
500
500
500
500
500
500
500
500
500
500
500
500
500
500
500
500
500
500
500
500
500
500
500
500
500
500
500
500
500
500
500
500
500
500
500
500
500
500
500
500
500
500
500
500
500
500
500
500
500
500
500
500
500
500
500
500
500
500
500
500
500
500
500
500
500
500
500
500
500
500
500
500
500
500
500
500
500
500
500
500
500
500
500
500
500
500
500
500
500
500
500
500
500
500
500
500
500
500
500
500
500
500
500
500
500
500
500
500
500
500
500
500
500
500
500
500
500
500
500
500
500
500
500
500
500
500
500
500
500
500
500
500
500
500
500
500
500
500
500
500
500
500
500
500
500
500
500
500
500
500
500
500
500
500
500
500
500
500
500
500
500
500
500
500
500
500
500
500
500
500
500
500
500
500
500
500
500
500
500
500
500
500
500
500
500
500
500
500
500
500
500
500
500
500
500
500
500
500
500
500
500
500
500
500
500
500
500
500
500
500
500
500
500
500
500
500
500
500
500
500
500
500
500
500
500
500
500
500
500
500
500
500
500
500
500
500
500
500
500
500
500
500
500
500
500
500
500
500
500
500
500
500
500
500
500
500
500
500
500
500
500
500
500
500
500
500
500
500
500
500
500
500
500
500
500
500
500
500
500
500
500
500
500
500
500
500
500
500
500
500
500
500
500
500
500
500
500
500
500
500
500
500
500
500
500
500
500
500
500
500
500
500
500
500
500
500
500
500
500
500
500
500
500
500
500
500
500
500
500
500
500
500
500
500
500
500
500
500
500
500
500
500
500
500
500
500
500
500
500
500
500
500
500
500
500
500
500
500
500
500
500
500
500
500
500
500
500
500
500
500
500
500
500
500
500
500
500
500
500
500
500
500
500
500
500
500
500
500
500
500
500
500
500
500
500
500
500
500
500
500
500
500
500
500
500
500
500
500
500
500
500
500
500
500
500
500
500
500
500
500
500
500
500
500
500
500
500
500
500
500
500
500
500
500
500
500
500
500
500
500
500
500
500
500
500
500
500
500
500
500
500
500
500
500
500
500
500
500
500
500
500
500
500
500
500
500
500
500
500
500
500
500
500
500
500
500
500
500
500
500
500
500
500
500
500
500
500
500
500
500
500
500
500
500
500
500
500
500
500
500
500
500
500
500
500
500
500
500
500
500
500
500
500
500
500
500
500
500
500
500
500
500
500
500
500
500
500
500
500
500
500
500
500
500
500
500
500
500
500
500
500
500
500
500
500
500
500
500
500
500
500
500
500
500
500
500
500
500
500
500
500
500
500
500
500
500
500
500
500
500
500
500
500
500
500
500
500
500
500
500
500
500
500
500
500
500
500
500
500
500
500
500
500
500
500
500
500
500
500
500
500
500
500
500
500
500
500
500
500
500
500
500
500
500
500
500
500
500
500
500
500
500
500
500
500
500
500
500
500
500
500
500
500
500
500
500
500
500
500
500
500
500
500
500
500
500
500
500
500
500
500
500
500
500
500
500
500
500
500
500
500
500
500
500
500
500
500
500
500
500
500
500
500
500
500
500
500
500
500
500
500
500
500
500
500
500
500
500
500
500
500
500
500
500
500
500
500
500
500
500
500
500
500
500
500
500
500
500
500
500
500
500
500
500
500
500
500
500
500
500
500
500
500
500
500
500
500
500
500
500
500
500
500
500
500
500
500
500
500
500
500
500
500
500
500
500
500
500
500
500
500
500
500
500
500
500
500
500
500
500
500
500
500
500
500
500
500
500
500
500
500
500
500
500
500
500
500
500
500
500
500
500
500
500
500
500
500
500
500
500
500
500
500
500
500
500
500
500
500
500
500
500
500
500
500
500
500
500
500
500
500
500
500
500
500
500
500
500
500
500
500
500
500
500
500
500
500
500
500
500
500
500
500
500
500
500
500
500
500
500
500
500
500
500
500
500
500
500
500
500
500
500
500
500
500
500
500
500
500
500
500
500
500
500
500
500
500
500
500
500
500
500
500
500
500
500
500
500
500
500
500
500
500
500
500
500
500
500
500
500
500
500
500
500
500
500
500
500
500
500
500
500
500
500
500
500
500
500
500
500
500
500
500
500
500
500
500
500
500
500
500
500
500
500
500
500
500
500
500
500
500
500
500
500
500
500
500
500
500
500
500
500
500
500
500
500
500
500
500
500
500
500
500
500
500
500
500
500
500
500
500
500
500
500
500
500
500
500
500
500
500
500
500
500
500
500
500
500
500
500
500
500
500
500
500
500
500
500
500
500
500
500
500
500
500
500
500
500
500
500
500
500
500
500
500
500
500
500
500
500
500
500
500
500
500
500
500
500
500
500
500
500
500
500
500
500
500
500
500
500
500
500
500
500
500
500
500
500
500
500
500
500
500
500
500
500
500
500
500
500
500
500
500
500
500
500
500
500
500
500
500
500
500
500
500
500
500
500
500
500
500
500
500
500
500
500
500
500
500
500
500
500
500
500
500
500
500
500
500
500
500
500
500
500
500
500
500
500
500
500
500
500
500
500
500
500
500
500
500
500
500
500
500
500
500
500
500
500
500
500
500
500
500
500
500
500
500
500
500
500
500
500
500
500
500
500
500
500
500
500
500
500
500
500
500
500
500
500
500
500
500
500
500
500
500
500
500
500
500
500
500
500
500
500
500
500
500
500
500
500
500
500
500
500
500
500
500
500
500
500
500
500
500
500
500
500
500
500
500
500
500
500
500
500
500
500
500
500
500
500
500
500
500
500
500
500
500
500
500
500
500
500
500
500
500
500
500
500
500
500
500
500
500
500
500
500
500
500
500
500
500
500
500
500
500
500
500
500
500
500
500
500
500
500
500
500
500
500
500
500
500
500
500
500
500
500
500
500
500
500
500
500
500
500
500
500
500
500
500
500
500
500
500
500
500
500
500
500
500
500
500
500
500
SCALARS pressure float 1
LOOKUP_TABLE default
0
0
0
0
0
0
0
0
0
0
0
0
0
0
0
0
0
0
0
0
0
0
0
0
0
0
0
0
0
0
0
0
0
0
0
0
0
0
0
0
0
0
0
0
0
0
0
0
0
0
0
0
0
0
0
0
0
0
0
0
0
0
0
0
0
0
0
0
0
0
0
0
0
0
0
0
0
0
0
0
0
0
0
0
0
0
0
0
0
0
0
0
0
0
0
0
0
0
0
0
0
0
0
0
0
0
0
0
0
0
0
0
0
0
0
0
0
0
0
0
0
0
0
0
0
0
0
0
0
0
0
0
0
0
0
0
0
0
0
0
0
0
0
0
0
0
0
0
0
0
0
0
0
0
0
0
0
0
0
0
0
0
0
0
0
0
0
0
0
0
0
0
0
0
0
0
0
0
0
0
0
0
0
0
0
0
0
0
0
0
0
0
0
0
0
0
0
0
0
0
0
0
0
0
0
0
0
0
0
0
0
0
0
0
0
0
0
0
0
0
0
0
0
0
0
0
0
0
0
0
0
0
0
0
0
0
0
0
0
0
0
0
0
0
0
0
0
0
0
0
0
0
0
0
0
0
0
0
0
0
0
0
0
0
0
0
0
0
0
0
0
0
0
0
0
0
0
0
0
0
0
0
0
0
0
0
0
0
0
0
0
0
0
0
0
0
0
0
0
0
0
0
0
0
0
0
0
0
0
0
0
0
0
0
0
0
0
0
0
0
0
0
0
0
0
0
0
0
0
0
0
0
0
0
0
0
0
0
0
0
0
0
0
0
0
0
0
0
0
0
0
0
0
0
0
0
0
0
0
0
0
0
0
0
0
0
0
0
0
0
0
0
0
0
0
0
0
0
0
0
0
0
0
0
0
0
0
0
0
0
0
0
0
0
0
0
0
0
0
0
0
0
0
0
0
0
0
0
0
0
0
0
0
0
0
0
0
0
0
0
0
0
0
0
0
0
0
0
0
0
0
0
0
0
0
0
0
0
0
0
0
0
0
0
0
0
0
0
0
0
0
0
0
0
0
0
0
0
0
0
0
0
0
0
0
0
0
0
0
0
0
0
0
0
0
0
0
0
0
0
0
0
0
0
0
0
0
0
0
0
0
0
0
0
0
0
0
0
0
0
0
0
0
0
0
0
0
0
0
0
0
0
0
0
0
0
0
0
0
0
0
0
0
0
0
0
0
0
0
0
0
0
0
0
0
0
0
0
0
0
0
0
0
0
0
0
0
0
0
0
0
0
0
0
0
0
0
0
0
0
0
0
0
0
0
0
0
0
0
0
0
0
0
0
0
0
0
0
0
0
0
0
0
0
0
0
0
0
0
0
0
0
0
0
0
0
0
0
0
0
0
0
0
0
0
0
0
0
0
0
0
0
0
0
0
0
0
0
0
0
0
0
0
0
0
0
0
0
0
0
0
0
0
0
0
0
0
0
0
0
0
0
0
0
0
0
0
0
0
0
0
0
0
0
0
0
0
0
0
0
0
0
0
0
0
0
0
0
0
0
0
0
0
0
0
0
0
0
0
0
0
0
0
0
0
0
0
0
0
0
0
0
0
0
0
0
0
0
0
0
0
0
0
0
0
0
0
0
0
0
0
0
0
0
0
0
0
0
0
0
0
0
0
0
0
0
0
0
0
0
0
0
0
0
0
0
0
0
0
0
0
0
0
0
0
0
0
0
0
0
0
0
0
0
0
0
0
0
0
0
0
0
0
0
0
0
0
0
0
0
0
0
0
0
0
0
0
0
0
0
0
0
0
0
0
0
0
0
0
0
0
0
0
0
0
0
0
0
0
0
0
0
0
0
0
0
0
0
0
0
0
0
0
0
0
0
0
0
0
0
0
0
0
0
0
0
0
0
0
0
0
0
0
0
0
0
0
0
0
0
0
0
0
0
0
0
0
0
0
0
0
0
0
0
0
0
0
0
0
0
0
0
0
0
0
0
0
0
0
0
0
0
0
0
0
0
0
0
0
0
0
0
0
0
0
0
0
0
0
0
0
0
0
0
0
0
0
0
0
0
0
0
0
0
0
0
0
0
0
0
0
0
0
0
0
0
0
0
0
0
0
0
0
0
0
0
0
0
0
0
0
0
0
0
0
0
0
0
0
0
0
0
0
0
0
0
0
0
0
0
0
0
0
0
0
0
0
0
0
0
0
0
0
0
0
0
0
0
0
0
0
0
0
0
0
0
0
0
0
0
0
0
0
0
0
0
0
0
0
0
0
0
0
0
0
0
0
0
0
0
0
0
0
0
0
0
0
0
0
0
0
0
0
0
0
0
0
0
0
0
0
0
0
0
0
0
0
0
0
0
0
0
0
0
0
0
0
0
0
0
0
0
0
0
0
0
0
0
0
0
0
0
0
0
0
0
0
0
0
0
0
0
0
0
0
0
0
0
0
0
0
0
0
0
0
0
0
0
0
0
0
0
0
0
0
0
0
0
0
0
0
0
0
0
0
0
0
0
0
0
0
0
0
0
0
0
0
0
0
0
0
0
0
0
0
0
0
0
0
0
0
0
0
0
0
0
0
0
0
0
0
0
0
0
0
0
0
0
0
0
0
0
0
0
0
0
0
0
0
0
0
0
0
0
0
0
0
0
0
0
0
0
0
0
0
0
0
0
0
0
0
0
0
0
0
0
0
0
0
0
0
0
0
0
0
0
0
0
0
0
0
0
0
0
0
0
0
0
0
0
0
0
0
0
0
0
0
0
0
0
0
0
0
0
0
0
0
0
0
0
0
0
0
0
0
0
0
0
0
0
0
0
0
0
0
0
0
0
0
0
0
0
0
0
0
0
0
0
0
0
0
0
0
0
0
0
0
0
0
0
0
0
0
0
0
0
0
0
0
0
0
0
0
0
0
0
0
0
0
0
0
0
0
0
0
0
0
0
0
0
0
0
0
0
0
0
0
0
0
0
0
0
0
0
0
0
0
0
0
0
0
0
0
0
0
0
0
0
0
0
0
0
0
0
0
0
0
0
0
0
0
0
0
0
0
0
0
0
0
0
0
0
0
0
0
0
0
0
0
0
0
0
0
0
0
0
0
0
0
0
0
0
0
0
0
0
0
0
0
0
0
0
0
0
0
0
0
0
0
0
0
0
0
0
0
0
0
0
0
0
0
0
0
0
0
0
0
0
0
0
0
0
0
0
0
0
0
0
0
0
0
0
0
0
0
0
0
0
0
0
0
0
0
0
0
0
0
0
0
0
0
0
0
0
0
0
0
0
0
0
0
0
0
0
0
0
0
0
0
0
0
0
0
0
0
0
0
0
0
0
0
0
0
0
0
0
0
0
0
0
0
0
0
0
0
0
0
0
0
0
0
0
0
0
0
0
0
0
0
0
0
0
0
0
0
0
0
0
0
0
0
0
0
0
0
0
0
0
0
0
0
0
0
0
0
0
0
0
0
0
0
0
0
0
0
0
0
0
0
0
0
0
0
0
0
0
0
0
0
0
0
0
0
0
0
0
0
0
0
0
0
0
0
0
0
0
0
0
0
0
0
0
0
0
0
0
0
0
0
0
0
0
0
0
0
0
0
0
0
0
0
0
0
0
0
0
0
0
0
0
0
0
0
0
0
0
0
0
0
0
0
0
0
0
0
0
0
0
0
0
0
0
0
0
0
0
0
0
0
0
0
0
0
0
0
0
0
0
0
0
0
0
0
0
0
0
0
0
0
0
0
0
0
0
0
0
0
0
0
0
0
0
0
0
0
0
0
0
0
0
0
0
0
0
0
0
0
0
0
0
0
0
0
0
0
0
0
0
0
0
0
0
0
0
0
0
0
0
0
0
0
0
0
0
0
0
0
0
0
0
0
0
0
0
0
0
0
0
0
0
0
0
0
0
0
0
0
0
0
0
0
0
0
0
0
0
0
0
0
0
0
0
0
0
0
0
0
0
0
0
0
0
0
0
0
0
0
0
0
0
0
0
0
0
0
0
0
0
0
0
0
0
0
0
0
0
0
0
0
0
0
0
0
0
0
0
0
0
0
0
0
0
0
0
0
0
0
0
0
0
0
0
0
0
0
0
0
0
0
0
0
0
0
0
0
0
0
0
0
0
0
0
0
0
0
0
0
0
0
0
0
0
0
0
0
0
0
0
0
0
0
0
0
0
0
0
0
0
0
0
0
0
0
0
0
0
0
0
0
0
0
0
0
0
0
0
0
0
0
0
0
0
0
0
0
0
0
0
0
0
0
0
0
0
0
0
0
0
0
0
0
0
0
0
0
0
0
0
0
0
0
0
0
0
0
0
0
0
0
0
0
0
0
0
0
0
0
0
0
0
0
0
0
0
0
0
0
0
0
0
0
0
0
0
0
0
0
0
0
0
0
0
0
0
0
0
0
0
0
0
0
0
0
0
0
0
0
0
0
0
0
0
0
0
0
0
0
0
0
0
0
0
0
0
0
0
0
0
0
0
0
0
0
0
0
0
0
0
0
0
0
0
0
0
0
0
0
0
0
0
0
0
0
0
0
0
0
0
0
0
0
0
0
0
0
0
0
0
0
0
0
0
0
0
0
0
0
0
0
0
0
0
0
0
0
0
0
0
0
0
0
0
0
0
0
0
0
0
0
0
0
0
0
0
0
0
0
0
0
0
0
0
0
0
0
0
0
0
0
0
0
0
0
0
0
0
0
0
0
0
0
0
0
0
0
0
0
0
0
0
0
0
0
0
0
0
0
0
0
0
0
0
0
0
0
0
0
0
0
0
0
0
0
0
0
0
0
0
0
0
0
0
0
0
0
0
0
0
0
0
0
0
0
0
0
0
0
0
0
0
0
0
0
0
0
0
0
0
0
0
0
0
0
0
0
0
0
0
0
0
0
0
0
0
0
0
0
0
0
0
0
0
0
0
0
0
0
0
0
0
0
0
0
0
0
0
0
0
0
0
0
0
0
0
0
0
0
0
0
0
0
0
0
0
0
0
0
0
0
0
0
0
0
0
0
0
0
0
0
0
0
0
0
0
0
0
0
0
0
0
0
0
0
0
0
0
0
0
0
0
0
0
0
0
0
0
0
0
0
0
0
0
0
0
0
0
0
0
0
0
0
0
0
0
0
0
0
0
0
0
0
0
0
0
0
0
0
0
0
0
0
0
0
0
0
0
0
0
0
0
0
0
0
0
0
0
0
0
0
0
0
0
0
0
0
0
0
0
0
0
0
0
0
0
0
0
0
0
0
0
0
0
0
0
0
0
0
0
0
0
0
0
0
0
0
0
0
0
0
0
0
0
0
0
0
0
0
0
0
0
0
0
0
0
0
0
0
0
0
0
0
0
0
0
0
0
0
0
0
0
0
0
0
0
0
0
0
0
0
0
0
0
0
0
0
0
0
0
0
0
0
0
0
0
0
0
0
0
0
0
0
0
0
0
0
0
0
0
0
0
0
0
0
0
0
0
0
0
0
0
0
0
0
0
0
0
0
0
0
0
0
0
0
0
0
0
0
0
0
0
0
0
0
0
0
0
0
0
0
0
0
0
0
0
0
0
0
0
0
0
0
0
0
0
0
0
0
0
0
0
0
0
0
0
0
0
0
0
0
0
0
0
0
0
0
0
0
0
0
0
0
0
0
0
0
0
0
0
0
0
0
0
0
0
0
0
0
0
0
0
0
0
0
0
0
0
0
0
0
0
0
0
0
0
0
0
0
0
0
0
0
0
0
0
0
0
0
0
0
0
0
0
0
0
0
0
0
0
0
0
0
SCALARS speed float 1
LOOKUP_TABLE default
1.38381e-93
1.12339e-90
1.40505e-25
1.72444e-69
1.52124e-86
25.9956
5.37492e-48
9.43745e-41
2.56823e-66
21.9054
1.53682e-85
2.63486e-57
33.686
1.34794e-83
3.09356e-70
6.24485e-96
3.59147e-67
3.47686e-78
63.2481
34.2286
8.67908e-88
2.0328e-22
2.51372e-56
27.7607
2.86103e-31
4.84818e-58
4.44808e-71
3.58454e-40
1.63407e-17
55.4483
30.4335
56.8015
4.73251e-45
1.77496e-67
9.0955e-93
3.85878e-72
32.1332
26.6626
8.98799e-62
8.82771e-89
2.78157e-45
5.18157e-64
74.6335
1.00887e-45
7.51722e-08
3.3451e-98
7.00218e-77
6.38695e-97
4.27131e-95
4.22865e-83
1.50484e-84
28.807
4.92639e-43
1.54611e-17
3.8983e-91
5.35455e-46
27.7334
2.86111e-31
1.4319e-79
6.91713e-30
5.36641e-84
4.46227e-75
6.31848e-80
1.60452e-32
32.4476
22.8736
4.66165e-79
1.17124e-96
1.03858e-86
1.88259e-93
4.55669e-92
45.9695
3.71251e-95
1.14395e-67
1.79797e-53
2.45001e-14
6.85487e-18
5.11959e-67
88.7546
5.7043e-67
3.83641e-63
1.79795e-80
1.35147e-93
5.432e-94
1.05082e-69
1.88835e-90
3.1484e-23
1.01604e-64
5.22268e-81
27.7607
2.86047e-31
6.68028e-44
1.47127e-12
2.16848e-59
7.66412e-18
5.45983e-88
3.9216e-84
34.6226
1.64587e-27
7.56217e-76
42.9045
7.26962e-65
1.5899e-54
2.24391e-95
5.16212e-26
1.86351e-39
7.58878e-57
42.4083
9.33296e-21
19.9216
7.31012e-51
2.2566e-93
3.8587e-26
1.54936e-49
2.25202e-60
1.63495e-10
2.98647e-46
4.4022e-63
68.9979
2.56194e-93
3.67258e-91
6.25176e-97
5.83102e-82
1.61468e-83
2.52977e-96
30.5051
9.43331e-81
19.6049
2.30598e-79
2.11723e-58
6.87133e-29
2.47921e-88
1.52581e-80
27.7434
1.20969e-34
23.1586
30.521
1.84362e-93
6.9216e-09
44.1204
1.79122e-27
58.1798
30.7219
16.5332
4.75321
15.7302
1.57476e-56
6.87421e-34
19.8772
8.83956e-86
52.8406
4.65769e-77
39.4658
2.3193e-70
5.75793e-17
36.8346
8.73229e-82
3.28835e-56
3.89929e-96
31.1953
2.88894e-81
1.45146e-93
1.26956e-49
50.1221
28.0891
35.0677
27.3405
1.83635e-55
1.30404e-58
168.187
1.58859e-79
2.48505e-70
5.60096e-53
2.15693e-91
3.22811e-96
30.9489
16.532
4.77566
15.7107
3.63742e-57
1.30931e-47
21.9549
22.1421
35.5063
1.07131e-88
21.0822
22.037
1.3013e-69
18.7228
22.6631
6.81636e-61
8.53382e-21
4.29389e-27
2.28437e-61
6.82477e-56
1.35792e-46
1.17982e-49
4.75753e-28
3.35382e-38
27.3132
21.7083
1.92463e-21
1.32281e-86
25.6933
25.8662
4.49389e-34
1.88926e-84
53.8092
1.20206e-78
16.5331
4.75321
15.7299
23.0518
1.65118e-86
26.91
8.31113e-77
1.23646e-31
4.81134e-28
3.15016e-58
1.01248e-93
2.2051e-50
32.0727
6.06681e-39
8.22663e-67
4.11335e-21
33.6462
5.62596e-89
27.1389
1.08584e-43
3.46093e-95
73.7499
2.60973e-78
98.22
2.61474e-68
35.8692
20.6156
6.62949e-70
57.3866
59.4977
2.86424e-92
1.06045e-88
3.68172e-67
3.16727e-16
7.69652e-95
2.32568e-46
1.58668e-83
4.16784e-27
1.58103e-83
4.02463e-90
0.00160869
7.92869e-90
2.18402e-93
1.47171e-80
1.48523e-81
1.33985e-77
5.43203e-95
1.91368e-94
2.99331e-15
2.8032e-85
5.52579e-86
2.30111e-67
25.4435
1.03204e-86
4.65226e-48
22.2512
34.0127
8.73983e-82
48.3474
7.44152e-96
25.1452
57.8765
2.35364e-59
2.86504e-73
1.10544e-59
38.9643
5.08008e-59
183.325
2.5388e-94
1.17282e-95
2.10686e-90
1.84515e-84
41.049
6.87434e-90
4.96246e-90
6.55389
4.13532e-68
43.7444
69.48
31.105
1.08285e-85
1.79082e-78
8.80146e-29
6.77791e-20
1.29449e-50
39.6111
3.49225e-90
1.42375e-64
3.20585e-26
33.0909
8.73223e-82
36.1304
8.39652e-84
4.21366e-29
1.40993e-80
6.02772e-75
7.32459e-73
0.000272852
23.949
4.61427e-73
78.9896
81.5794
17.6975
2.45424e-72
29.4728
2.23436e-94
1.37089e-60
1.63687e-21
8.86927e-12
5.79413e-92
16.7819
4.30932
7.94021e-94
9.22808e-77
4.68819e-93
30.3543
66.7467
2.49945e-49
38.2867
6.32659e-48
31.0093
5.8137e-36
33.8201
8.73674e-82
286.852
64.8076
27.5624
8.98426e-18
1.8718e-89
9.96889e-91
3.89167e-90
36.6978
5.57917e-70
8.88905e-81
3.88464e-96
2.1671e-14
4.99727e-33
3.902e-70
94.2927
2.07925e-79
2.57027e-94
1.76131e-31
1.55095e-79
2.01141e-81
1.653e-44
24.8989
4.59802e-55
2.51654e-92
1.80583e-86
1.10471e-56
1.48933e-61
3.09087e-75
2.48666e-60
2.94313e-75
6.79205e-64
3.33093e-87
35.7321
7.95657e-77
2.34759e-51
4.47801e-97
2.78845e-78
5.20669e-83
2.54706e-80
2.06284e-96
53.861
4.28172e-81
3.10456e-96
50.9196
29.4829
8.4297e-81
1.66987e-56
3.6419e-96
30.2939
11.4526
8.22787e-57
8.92404e-84
7.16473e-95
8.32564
5.92359e-53
2.8621e-58
1.22686e-46
4.78867e-75
2.39069
31.4633
1.51608e-76
3.06987e-71
1.63944e-69
3.85496e-80
8.70599e-92
31.5526
1.65796e-81
1.04485e-75
115.871
3.1973e-96
7.61678e-54
3.52469e-62
1.75957e-92
8.1563
2.48877e-60
11.6544
1.80719e-42
2.856e-85
3.53832e-68
5.41063e-55
2.28017e-64
5.57751e-95
30.9693
38.1183
6.57146e-37
2.10602e-15
14.7553
9.57273e-17
4.09716e-81
3.033e-34
1.14651e-89
1.31429e-94
7.03482e-32
3.66524e-29
56.5828
1.0147e-90
1.12977e-67
1.77417e-97
1.71772e-95
162.009
5.53015e-43
100.444
8.77658e-93
8.21831e-10
17.5603
164.686
4.41181e-42
2.35396e-71
71.8964
32.7529
6.88401e-74
1.62091e-85
9.65482e-84
2.014e-96
7.44998e-82
6.85384e-87
22.0995
7.50682e-81
8.64126e-65
7.24825
8.60902e-41
5.44072e-78
29.2039
2.17161e-31
6.16337e-70
6.46432e-92
4.79595e-62
1.39926e-94
4.54959e-50
3.01518e-50
7.54081e-96
4.52158e-31
1.46308e-79
1.20461e-26
5.44133e-44
6.67216e-93
1.02398e-93
57.3609
19.9009
6.11296e-68
9.35739e-78
1.69365e-68
3.67149e-10
4.01917e-64
8.35767e-83
3.44424e-29
28.0285
6.4154e-43
7.7992e-36
1.13326e-93
1.37918e-14
6.28854e-97
6.07897e-93
2.52337e-87
1.01998e-94
5.45673e-63
3.14331e-43
75.0521
1.73959e-25
0.00369499
1.21203e-70
5.34293e-67
1.74725e-92
23.579
2.52781e-36
3.05285e-91
1.73091e-87
2.44386e-88
52.3587
49.8008
17.1707
4.77358e-78
4.38413e-85
16.5324
4.85571
15.6407
2.15134e-90
3.58759e-47
6.23409e-56
2.75403e-57
19.3788
1.13729e-95
5.52316e-19
1.15056e-88
1.00886e-24
32.2775
5.6936e-82
4.37043e-87
9.87744e-71
1.42092e-89
2.34924e-90
1.74797e-24
29.8659
4.33072e-49
8.29496e-78
28.58
22.4617
1.02837e-54
2.59932e-79
2.98323e-62
4.12396e-95
23.3157
2.30608e-83
55.012
53.2121
1.47113e-60
16.5265
4.8747
15.6239
24.1696
1.71306e-64
36.1969
4.16457e-39
0.0146152
13.0938
32.2074
1.04518e-05
1.98746e-80
27.3509
21.3791
23.5201
2.13251e-75
3.06739e-76
1.63707e-78
3.26611e-57
6.22894e-84
3.53505e-77
9.40299e-51
3.98619e-68
22.4031
21.2577
4.05107e-83
0.000745879
2.55011e-83
9.27379e-80
1.91237e-58
80.5812
1.63682e-53
2.24706e-80
16.5321
4.85571
15.6404
1.18556e-33
3.48618e-46
1.17141e-84
14.0942
2.40415e-73
7.80062e-85
6.1624e-17
31.8848
3.8296e-96
27.9874
2.52758e-36
1.81051e-91
2.7977e-87
0.000838899
49.1799
3.51892e-94
1.37543e-90
4.30529e-41
0.000684249
3.68558e-75
1.30249e-95
31.6417
2.06514e-62
1.03266e-91
1.91081e-06
1.21709e-85
20.7258
1.10315e-57
1.13627e-84
2.16768e-49
1.57133e-75
3.21368e-92
3.54354e-83
2.77117e-84
4.5136e-92
2.28994e-83
6.99105e-72
28.9311
6.8216e-49
1.03509e-83
41.5692
2.29245e-92
1.60863e-95
2.76591e-96
2.42235e-97
1.57603e-82
8.17263e-84
2.39523e-83
5.74147e-29
6.11555e-42
2.3959e-14
4.26055e-60
2.0095e-69
33.1237
8.73872e-82
7.84872e-93
8.11551e-94
1.21702e-41
3.5506e-49
2.30826e-44
3.23434e-33
4.03685e-38
1.25617e-95
3.48615e-72
3.93234e-84
2.84411e-92
60.1481
7.34689e-88
0.0755621
74.6978
2.11972e-80
3.33143e-56
2.9022e-80
8.07044e-93
3.7987e-95
7.34237e-39
31.3478
5.82244e-96
8.59323e-93
37.3038
33.5076
5.89566e-59
2.11294e-92
1.17099e-77
22.1798
8.94113e-84
32.2225
5.71509e-82
4.4865e-92
36.7966
88.5985
24.0097
3.00732e-26
1.50276e-25
6.65967e-18
1.56194e-72
1.75482e-95
46.8502
76.2386
7.89673e-10
1.17799e-44
2.98944e-16
4.09619e-92
4.83414e-68
3.95291e-68
1.43444e-80
24.445
2.30417e-58
56.0899
5.19665e-94
2.58316e-96
3.35082e-97
5.45202e-77
45.4588
2.57247e-87
5.49777e-71
7.99799e-78
3.65986e-93
7.8713e-39
32.8694
8.72535e-82
3.79463e-87
6.63378e-25
4.01155e-57
2.94189e-78
2.54589e-72
30.0166
1.10595e-43
29.6757
1.76775e-69
1.6605e-83
5.78163e-95
1.42999e-56
3.47686e-79
57.1415
1.53735e-81
3.41033e-89
25.6054
6.80902e-55
7.5229e-18
2.94691e-92
6.62915e-96
2.52018e-13
4.05346e-58
3.75892e-86
2.12061e-94
39.3602
1.81718e-37
1.73519e-36
4.11258e-87
6.49484e-94
1.15915e-77
28.1324
3.99773e-36
3.04587e-62
2.31598e-91
6.02575e-51
2.19897e-94
8.04275e-06
3.39835e-54
4.70213e-06
2.11506e-38
2.19973e-72
3.10032e-96
1.89928e-07
30.0699
2.70354e-10
1.84327e-95
16.4969
5.12514e-90
8.50717e-90
30.6559
9.92201e-53
3.00582e-95
23.3465
4.31739e-63
4.11938e-78
2.32466e-90
1.81719e-38
2.91203e-56
5.06965e-60
1.69291e-92
7.92048e-59
68.7283
3.54584e-80
2.38808e-87
1.88799e-78
9.18742e-97
9.73887e-78
3.4078e-80
1.57316e-38
1.62884e-86
6.06327e-97
1.28125e-93
2.00632e-70
2.18591e-49
18.5081
21.1706
4.69005e-96
7.84518e-89
77.2501
76.8427
1.36813e-33
2.49024e-52
7.51791e-34
1.54405e-96
9.72436e-79
22.3457
25.3262
7.93697e-52
4.14115e-47
2.79869e-93
7.79837e-19
3.60788e-29
1.14245e-91
4.18501e-70
2.51048e-50
1.67931e-69
1.24367e-91
23.9029
1.77501e-70
1.00337e-77
15.2718
5.21461e-91
3.79174e-37
9.31708e-50
94.5543
5.87093e-85
21.5684
0.000279143
8.22654e-94
74.6451
1.10075e-76
61.3888
15.8331
5.33046e-67
4.25306e-39
0.0649334
2.18275
3.79236e-80
22.439
7.11359e-35
5.19066e-80
39.2115
1.54706e-24
22.1699
8.80503e-05
1.27589e-70
1.06281e-69
2.27546e-64
9.30125e-64
1.15873e-95
6.03194e-97
1.00386e-84
4.90155e-71
1.73818e-93
19.6734
1.84128e-34
54.1615
9.29296e-43
7.22423
3.19829e-57
2.35956e-34
4.2527e-90
1.15397e-64
1.55523e-83
8.97764e-45
3.64514e-88
2.46293e-70
5.95391e-71
5.83336e-94
7.37645e-58
2.96434e-97
5.41605e-93
9.43357e-87
8.74319e-95
4.35091e-62
3.98302e-96
46.0777
17.9451
1.72879e-88
38.8599
2.08803e-65
2.99971e-89
23.5704
2.52783e-36
119.663
185.926
8.28318e-82
7.44166e-71
7.48331e-76
1.37132e-53
3.28531e-50
1.81154e-69
16.532
4.85659
15.6402
28.1715
1.46009e-55
1.27332e-86
29.1102
62.7555
29.5859
2.9252e-55
24.9724
1.16717e-25
32.2628
5.71115e-82
3.12871e-30
1.67709e-72
1.96048e-66
1.85086e-72
20.8507
42.5006
119.243
7.35107e-88
27.6586
22.4452
1.02837e-54
44.7963
5.03414e-70
1.08571e-95
3.26394e-35
1.56449e-06
1.05654e-83
44.5097
32.7601
16.5257
4.87564
15.6231
20.854
2.78783e-85
63.0158
1.66665e-47
24.3875
1.65486e-79
20.3275
2.4863e-73
1.99331e-78
27.3342
21.4471
1.16035e-81
29.9829
3.97042e-97
1.69856e-34
4.96264e-17
1.15931e-90
52.7272
32.5251
9.29128e-65
22.3866
21.2551
5.36462e-85
1.56224e-25
35.0777
24.566
3.61286e-96
7.82979e-58
1.87071e-26
2.12885e-79
16.5317
4.85669
15.64
1.13184e-64
1.44337e-84
4.01204e-46
42.3378
27.7706
25.0217
16.947
6.85897e-70
5.46212e-68
27.9788
2.52781e-36
3.88096e-92
28.9412
1.43081e-96
2.12373e-83
3.79688e-61
3.86155e-86
1.78009e-71
1.05024e-83
1.66297e-74
67.7267
1.40306e-51
55.3025
1.3249e-93
28.6172
56.3696
34.752
5.41143e-87
3.99565e-96
2.76223e-95
1.12702e-67
4.3951e-16
5.98799e-68
1.23575e-93
1.06967e-83
5.50908e-96
2.26352e-40
1.65763e-41
3.10639e-75
1.95427e-27
1.48138e-77
2.20329e-48
1.92614e-95
1.36667e-94
7.76729e-97
2.68507e-95
0.000693801
1.50057e-94
1.59876e-32
3.88807e-47
1.43355e-90
1.15104e-79
1.78523e-85
33.1232
8.72929e-82
2.38067e-95
4.4426e-79
1.74981e-84
31.6002
3.01286e-40
34.4016
53.6212
5.2345e-64
2.63421e-80
1.93463e-92
1.40171e-95
33.811
20.6556
1.25966e-67
1.78337e-88
3.19444e-73
1.67846e-67
2.74274e-95
4.07117e-92
2.40293e-77
1.06406e-49
31.3444
7.1088e-35
4.74463e-60
6.54172e-67
35.2564
3.50806e-83
1.52571e-66
42.1944
10.5659
3.52615e-54
32.2248
5.70393e-82
7.882e-86
28.9069
8.15911e-91
1.57074e-72
3.49433e-59
1.1389e-46
1.75732e-87
4.34814e-92
58.7704
78.4526
76.2808
53.1572
1.48591e-48
3.55235e-64
25.8765
3.08257e-67
1.19883e-66
1.39929e-64
1.45226e-68
1.89655e-73
54.8593
1.69988e-92
1.85138e-94
2.84446e-79
47.783
5.12087e-72
3.08969e-52
6.07759e-88
8.69321e-94
4.78329e-15
7.13217e-58
32.8685
5.70278e-82
1.87182e-11
2.73207e-11
21.5852
1.2347e-96
52.1782
5.08209e-51
45.037
2.08957e-66
1.7081e-69
2.58681e-83
5.77081e-95
8.02085e-56
4.76853e-87
1.09978e-37
1.70116e-85
1.91143e-16
1.31956e-94
1.40218e-64
5.66418e-68
97.8171
4.22322e-95
34.9123
2.33476e-81
6.99077e-40
60.8114
1.28192
2.41697e-22
4.89824e-38
4.35233e-67
2.62952e-08
3.18495e-83
36.9292
63.3216
3.26422e-88
11.0671
3.3012e-88
2.73751e-71
2.21528e-67
5.94255e-89
1.35823e-25
8.65375e-44
3.50491e-84
3.10028e-96
1.2496e-10
29.4736
6.43385e-72
0.00191836
60.8961
6.37901e-49
25.4902
15.406
5.23381e-92
9.13996e-97
23.3455
5.69041e-82
1.10595e-46
1.4847e-77
1.17192e-41
40.7022
2.39397e-39
8.95078e-71
34.2916
1.11764e-37
1.4831e-85
1.31238e-59
20.5765
5.28682e-97
1.85216e-67
38.9807
9.91088e-70
2.96715e-41
2.81318e-74
1.97047e-40
1.05158e-52
2.07482e-64
18.6003
28.5381
80.3157
2.74313e-84
65.3895
6.1618e-31
3.34303e-43
6.51693e-81
1.06677e-88
1.4616e-94
6.56356e-70
22.3454
5.68982e-82
1.38736e-90
13.599
1.81293e-93
7.08399e-90
8.30218e-60
2.18947e-86
1.59014e-91
2.49016e-58
4.03876e-52
3.27795e-73
24.0759
2.05125e-34
2.91947e-36
31.2327
1.04349e-91
4.52986e-79
1.4449e-40
1.2821e-77
2.17174e-83
3.97922e-77
6.73909e-07
1.2147e-93
36.8915
4.357e-72
54.0135
1.05824e-95
4.85337e-70
3.60061e-67
2.00856e-66
26.5478
3.51389e-73
22.4381
5.69042e-82
3.02532e-46
39.2038
3.13165e-95
8.88496e-95
3.60098e-79
27.4133
8.88082e-87
1.98295e-76
5.52068e-42
1.15872e-95
6.66944e-96
1.1214e-95
4.20777e-46
4.72745e-72
54.6593
2.05529e-53
16.0674
30.0632
34.3928
9.4263e-93
7.49668e-94
20.2339
8.83507e-58
9.94571e-85
5.04631e-65
1.00257e-49
5.83017e-81
1.92515e-80
2.93922e-92
0.012147
3.31539e-96
6.6017e-96
5.56544e-84
1.12721e-95
1.0227e-61
7.14746e-88
1.74672e-92
23.5213
1.63489e-22
37.5556
1.20034e-80
2.25895e-70
23.5703
2.52784e-36
5.68668e-12
9.27862
8.38463e-82
46.039
4.52548e-34
5.00594e-53
2.41472e-36
17.3797
16.5319
4.8566
15.6398
2.69557e-17
8.81269e-11
1.19876e-24
2.49546e-62
2.43051e-06
0.559897
9.101e-31
4.74923e-85
4.93376e-26
32.2636
1.99872e-81
5.54707e-76
4.92334e-72
2.20514e-82
8.06518e-72
1.17376e-91
4.08959e-15
6.54268e-93
3.65292e-86
3.15537e-89
22.4451
1.02836e-54
5.21442e-85
4.0193e-68
77.7795
9.14913e-94
45.9485
1.80366e-83
43.0154
5.93647e-74
16.526
4.87583
15.6233
23.9884
1.5607e-20
8.34094e-84
7.31837e-48
0.0496522
51.7476
27.8703
1.9543e-73
2.56236e-81
27.3341
21.4471
5.82476e-69
15.5097
5.71495e-93
5.53356e-95
7.44223e-61
1.56722e-69
1.87614e-77
7.52637e-44
1.29335e-72
22.387
21.2563
2.81142e-92
4.44835e-28
0.0323695
1.63543e-88
1.17448e-34
7.84993e-91
2.2241e-59
37.0351
16.532
4.85708
15.6402
2.44488e-40
1.41202e-84
63.3555
73.9177
6.59695e-94
1.68469e-89
3.76647e-53
2.6953e-78
1.75141e-92
27.979
2.52786e-36
6.34554e-93
1.50606e-81
2.01941e-66
7.94153e-42
4.38206e-89
1.01291e-84
1.50185e-95
25.2221
9.11654e-75
2.46627e-97
5.41797e-95
5.63995e-44
6.25362e-90
4.08587e-94
63.6101
26.7797
28.4693
1.63537e-83
37.3638
2.39365e-87
9.49003e-29
1.10159e-12
64.6355
7.39214e-10
46.722
85.0347
6.10922e-49
2.08474e-47
4.10588e-48
2.00548e-78
4.67647e-45
1.62836e-95
2.69054e-96
7.64434e-75
3.44085e-94
2.04892e-87
3.17024e-85
15.8899
3.01648e-50
3.10287e-78
1.74662e-10
2.851e-33
33.1235
5.70356e-82
9.5051e-54
1.06805e-85
5.03398e-35
3.75651e-30
1.01589e-66
5.55181e-50
3.37779e-76
5.59011e-88
5.66166e-88
5.38736e-90
7.97092e-98
26.4611
6.40897e-65
2.25687e-94
112.286
4.4932e-81
2.40276e-83
36.7203
2.76414e-92
1.90061e-06
2.16853e-48
30.7988
8.35708e-36
9.4842e-78
9.58267e-46
36.6934
1.19492e-06
1.21285e-66
1.53619e-67
3.96377e-09
49.6657
32.2244
5.69434e-82
19.5001
6.96637e-52
6.67153e-52
2.12852e-41
2.34614e-33
1.5652e-92
2.49492e-95
66.6667
9.21157e-64
1.4021e-77
4.61226e-80
49.2243
64.5266
1.02812e-48
2.36169e-51
60.9196
6.0234e-45
1.07268e-96
97.0386
47.2037
57.0262
5.54803e-70
2.62537e-77
4.00031e-54
7.05359e-05
6.61098e-33
43.3923
76.351
33.1405
43.1247
1.47944e-77
32.8686
5.69039e-82
2.2661e-76
8.24414e-10
1.63646e-55
1.44142e-82
86.0203
38.7739
20.7575
84.0074
1.53856e-87
3.92203e-84
9.01157e-95
8.01822e-56
1.72792e-48
1.55924e-42
47.4854
6.2789e-64
39.7992
5.24172e-49
43.3323
9.25374e-94
1.92273e-95
6.20742e-13
1.97572e-69
4.04455e-78
3.72482e-89
5.83533e-93
8.55559e-36
6.49286e-92
4.94523e-56
158.868
3.55367e-75
41.1454
3.01492e-48
9.69631e-87
55.3523
1.51364e-94
28.6479
8.64887e-40
5.69316e-57
2.13884e-91
30.0495
4.59552e-83
3.10023e-96
1.24962e-10
30.0657
2.17227e-06
23.3275
7.81273e-97
2.35993e-92
3.40382e-81
2.14313e-28
7.42975e-81
4.40862e-63
23.3442
5.70281e-82
52.7961
6.74173e-92
6.20484e-96
2.15199e-50
2.33075e-72
2.72835e-59
72.103
2.25749e-16
3.59818e-80
3.10815e-59
30.0351
1.67252e-94
1.02481e-45
4.45798e-15
2.49034e-88
3.20897e-85
2.4238e-64
6.50362e-96
8.52223e-81
5.37205e-81
17.8826
28.7772
2.41311e-47
8.29958e-91
8.04388e-71
1.66019e-80
71.3435
0.29079
0.886703
29.6292
7.67488e-43
22.3433
5.04455e-52
2.5676e-82
1.37654e-47
4.94669e-43
1.11808e-80
3.54663e-60
23.8045
36.1792
38.5065
1.01168e-76
1.97514e-76
23.858
2.18052e-95
1.93612e-66
6.49919e-92
30.4432
15.1376
6.02676e-76
70.0517
9.01208e-21
1.59783e-83
5.09817e-08
1.21553e-93
31.3183
3.84939e-32
1.70824e-71
1.05314e-73
3.58772e-89
2.93948e-93
1.61357e-76
2.47015e-67
2.06455e-67
22.4377
5.70278e-82
5.59859e-13
39.1949
3.08168e-92
9.25061e-81
65.8852
24.028
4.7872e-65
1.58598e-43
3.76167e-76
1.15871e-95
2.21681e-97
1.67135e-72
5.46385e-77
3.07313e-55
3.33576e-20
9.66205e-44
2.44659e-38
7.22764e-22
29.9954
4.30078e-72
1.30452e-30
9.75523e-41
5.8567e-90
4.86687e-66
1.01567e-82
77.6841
21.2276
2.93364e-79
8.79094e-89
3.32354e-90
2.42233e-95
2.98311e-96
8.6419e-81
1.34981e-96
1.02487e-61
2.24091e-91
36.3331
34.2484
4.42831e-78
5.03657e-06
7.66634e-48
1.63475e-81
23.5704
2.52782e-36
18.1004
8.8954e-94
1.64961e-83
47.7312
3.61223e-77
2.46286e-61
33.2719
3.22077e-25
16.5318
4.85659
15.6396
6.87118e-48
5.19664e-51
25.6851
1.27429e-60
9.29978e-75
0.0349348
20.816
9.46747e-38
5.73491e-27
32.2629
7.46794e-80
3.3076e-94
2.63473e-72
2.69365e-82
24.711
6.67077e-45
5.54883e-81
1.93007e-58
5.60262e-87
1.46452e-86
22.4454
1.02817e-54
9.80447e-38
1.01288e-66
87.5282
22.4186
7.02014e-09
1.23896e-62
39.5368
3.24293e-26
16.526
4.8757
15.6233
4.59181e-86
1.85467e-33
2.12708e-11
1.25384e-48
24.1613
1.86881e-84
31.233
1.04009e-47
2.31111e-88
27.3342
21.4468
8.6951e-61
7.21178e-78
4.88204e-96
2.23144e-54
1.01403e-92
1.64686e-60
2.23246e-07
2.85357e-40
1.39621e-90
22.3873
21.247
1.89357e-85
6.49032e-88
8.03834e-95
22.4896
7.88899e-50
3.86853e-88
9.11386e-56
2.44639e-61
16.5318
4.85689
15.64
1.84755e-12
0.000604132
31.2834
8.64661e-79
3.81563e-36
23.9592
1.69349e-82
49.7751
9.60317e-81
27.9791
2.52785e-36
1.74902e-91
7.59458e-82
6.21731e-59
1.05746e-66
1.14789e-29
2.13093e-84
36.4991
9.5454e-78
1.88407e-77
1.74483e-97
5.25867e-57
1.57915e-93
5.54164e-90
40.5751
4.62427e-82
28.5818
4.47475e-42
4.46537e-13
121.223
7.51076e-95
42.7832
7.05316e-68
5.57046e-84
8.81587e-97
2.30679e-94
1.0826e-91
1.55609e-08
1.82648e-29
2.8361e-59
91.4413
7.18377e-42
6.88455e-96
3.01537e-96
7.89304e-87
2.94576e-92
2.88835e-22
3.04378e-73
1.19473e-35
1.2792e-86
2.15704e-88
1.18078e-80
4.27286e-19
33.1239
1.68229e-26
7.91943e-40
7.92058e-24
74.5875
59.9138
60.4713
40.4551
1.04291e-26
1.05138e-91
9.46867e-70
54.8491
3.97468e-78
58.1587
3.05299e-77
95.8735
51.9205
9.26038e-65
1.87428e-79
0.132242
67.4972
2.00262e-83
1.3892e-71
28.4224
15.2851
4.07047e-85
2.01377e-43
9.84533e-97
1.14888e-80
1.58137e-84
3.26451e-85
24.442
23.4227
32.2245
27.1997
2.27263e-39
3.69633e-82
4.59964e-90
4.06179e-89
4.96058e-33
84.8627
1.65446e-61
5.29438e-52
8.27905e-16
1.07099e-77
2.58729e-90
47.5203
1.04711e-24
5.26318e-08
1.31445e-91
5.46648e-49
8.39125e-47
8.01316e-78
5.27524e-96
4.17607e-28
167.74
4.11256e-49
87.398
6.85807e-80
1.98926e-96
1.75294e-94
60.235
5.32582e-60
60.3033
1.32303e-17
3.55955e-95
32.8694
1.1288e-60
51.6612
5.43895e-85
25.0607
1.67715e-26
5.38171e-27
1.72651e-75
1.09026e-11
4.64285e-87
24.0897
5.99361e-87
1.15436e-50
2.97412e-58
1.39622e-62
3.38014e-59
6.98368e-93
1.80583e-71
2.35867e-15
4.72869e-25
2.5678e-86
14.4894
2.70693e-95
4.70669e-88
1.73946e-59
20.8946
7.75456e-72
1.1572e-93
16.5879
1.90689e-95
3.66931e-86
0.000435984
1.67849e-84
2.82637e-87
2.27697e-87
1.35547e-61
9.43987e-34
2.20237e-96
5.67466e-97
1.49596e-87
3.99517e-96
3.51393e-44
1.8342e-92
1.93268e-86
3.09076e-96
8.1258e-11
30.2428
6.80208e-51
26.2351
6.78097e-14
39.2486
2.68875e-24
74.482
1.23856e-38
6.16454e-77
23.3452
8.73006e-82
8.55546e-69
1.11063e-67
5.08013e-88
1.66718e-77
8.073e-30
3.32913e-34
1.04802e-83
1.83538e-68
2.79486e-90
7.24818e-56
29.5262
7.22918e-91
3.46353e-75
2.90244e-87
1.59691e-31
1.68841e-75
57.984
3.98466e-78
27.1899
2.49228e-89
20.2078
28.7701
4.00733e-92
3.6718e-57
1.35973e-64
3.24489e-35
1.27005e-94
3.20569e-32
4.62047e-72
4.28317e-79
1.23422e-65
22.3429
5.71482e-82
1.03486e-11
56.6926
2.19804e-95
1.93535e-32
1.03251e-64
44.9794
2.54769e-95
9.00397e-65
5.39801e-67
1.51222e-84
23.8501
0.0432307
28.8579
1.64497e-70
4.83204e-84
4.69074e-73
25.0591
6.60193e-09
7.23265e-05
27.8983
8.24126
4.54808e-37
7.80604e-92
1.44626e-78
81.2684
87.8144
6.81051e-68
1.41896e-88
35.3342
2.46352e-77
48.1113
22.4395
8.72989e-82
28.2862
41.2945
4.00145e-77
6.46961e-95
4.58775e-72
2.87365e-09
3.74134e-86
26.1174
2.87624e-70
7.51805e-96
1.6761e-95
5.32743e-74
7.74254e-09
2.8774e-89
7.00519e-82
4.89562e-81
6.91403e-95
7.42007e-55
27.8674
1.92032e-79
2.82193e-38
32.1092
30.6388
1.7746e-20
29.0323
86.4955
2.1537e-05
5.79329e-85
9.78912e-09
47.2798
5.21069e-96
3.54856e-97
5.593e-78
3.03965e-91
8.345e-64
1.61797e-96
1.43029e-78
5.11496e-94
41.2503
1.72414e-68
44.2973
1.16615e-81
23.579
2.52759e-36
2.23806e-54
5.82116e-93
1.28623e-74
53.3403
2.49227e-70
42.4514
38.1423
1.20176e-62
16.5325
4.85571
15.6409
6.56788e-35
1.54516e-66
5.64626e-53
1.44749e-57
1.5064e-77
4.31482e-35
32.1847
45.5347
1.83736e-28
32.2782
2.1329e-43
7.66119e-65
1.64648e-69
2.70212e-94
4.64488e-64
3.73881e-57
18.4451
28.4268
19.8307
1.75394e-89
22.4623
6.68804e-55
1.36459e-66
1.12782e-89
18.7597
3.84769e-96
6.89358e-55
116.486
1.60443e-93
1.02536e-91
16.5269
4.8747
15.6243
9.96014e-42
1.09277e-48
4.15725e-17
1.59454e-31
1.47209e-20
1.68003e-39
2.52463e-64
18.2209
9.04844e-74
27.3515
21.4432
2.26282e-36
3.48714e-59
3.53747e-75
6.75166e-82
2.2497e-34
5.96263e-93
4.31776e-72
65.8325
36.1276
22.4039
21.3754
1.61903e-85
1.02046e-74
5.26867e-09
2.855e-40
0.0472501
22.7161
3.03307e-46
1.72607e-35
16.5325
4.85596
15.6409
9.50965e-87
8.17469e-82
5.27553e-86
8.37091e-26
26.0117
63.774
35.1397
3.7928e-96
32.1482
27.9874
2.52776e-36
3.51964e-92
1.37341e-86
2.29189e-71
9.73725e-86
3.25178e-39
9.8747e-28
305.666
37.2623
8.68062e-81
4.68665e-96
5.32831e-95
1.63181e-94
4.30561e-91
1.66783e-50
1.15359e-94
29.8589
3.76585e-55
2.72898e-51
4.67268e-86
1.04811e-80
8.70055e-32
30.8321
1.39964e-80
3.01635e-94
5.21886e-91
78.8089
23.6199
32.2736
1.21108e-94
3.20506e-86
2.12379e-45
6.89828e-96
1.86059e-95
1.42578e-94
3.78911e-61
1.6769e-89
3.77388e-96
39.1835
52.5153
8.18933e-85
1.47826e-21
37.4936
42.3075
8.61119e-41
3.3641e-06
4.70509e-83
65.1234
3.29458e-95
55.7819
7.33631e-78
6.48047e-73
1.00652e-46
4.36177e-91
7.92739e-39
8.52514e-43
28.4875
1.82002e-68
1.60543e-72
3.74611e-53
1.85656e-79
1.60898e-86
8.99118e-75
3.25015e-54
4.08106e-86
1.20025e-95
59.673
1.67219e-94
4.18635e-86
7.28587e-45
2.69071e-60
1.07698e-83
3.12186e-95
41.0838
3.17966e-90
4.12179e-78
28.5297
5.83678e-25
36.077
4.40709e-43
5.26023e-79
2.29783e-93
1.45902e-89
20.4622
38.8853
81.3403
1.1465e-74
61.1095
60.0071
43.5133
6.39281e-89
21.9992
5.31674e-31
3.27288e-65
4.29035e-86
3.12033e-86
2.18525e-13
4.80922e-88
64.1236
41.783
153.191
2.34986e-73
2.97222e-75
70.4897
40.7843
1.09497e-44
2.06812e-84
8.00454e-89
2.88799e-86
35.6945
7.85861e-52
126.813
1.07382e-83
1.29045e-95
2.71763e-82
2.08399e-89
16.5683
22.2038
50.6568
1.30738e-75
3.43538e-90
1.0091e-95
31.7639
1.22967e-87
34.7677
6.3906e-11
2.07085e-93
43.3381
3.64e-38
2.27162e-94
3.89248e-81
3.38679e-89
28.6293
1.09209e-81
4.58629e-64
2.36251e-46
4.952e-79
6.29675e-43
43.8847
3.43743e-35
46.646
1.58147e-87
4.39262e-86
1.59043e-92
4.29801e-79
1.21003e-83
1.46732e-81
1.39077e-76
5.73577e-89
4.46372e-85
0.247786
3.23151e-64
3.00331e-83
16.1924
46.5724
1.13736e-05
1.23065e-77
3.97789e-87
100.121
1.34183e-83
2.99933e-38
48.1589
20.837
2.67875e-48
24.2923
8.73669e-82
1.28001e-31
1.23555e-85
9.83279e-68
2.31218e-96
4.13821e-52
43.7709
7.74435e-56
77.3055
2.46965e-67
236.385
1.51479e-77
2.9584e-96
2.30473e-97
2.60463e-64
7.51429e-59
150.73
2.36615e-80
1.35168e-89
1.5712e-64
14.8561
71.5624
33.0813
8.18661e-64
6.36148e-61
2.69685e-83
3.31599e-62
2.17459e-93
2.90724e-81
3.88746e-15
6.57733
4.11562e-74
23.2642
8.73432e-82
7.54787e-84
1.23803e-61
1.86802e-81
3.99402e-72
8.53449e-89
1.34475e-92
2.24135e-80
27.3027
16.1405
63.996
30.4705
9.03642e-89
3.6135e-06
0.0584293
1.46723e-91
1.47807e-56
7.19126e-64
32.7716
129.095
1.33605e-77
23.0376
1.92879e-13
56.2941
2.7123e-55
3.55211e-92
5.00817e-48
3.55464e-93
1.04437e-77
1.92016e-20
1.27222e-84
1.60754e-88
23.4692
8.73629e-82
6.43323e-34
4.27574e-43
4.84872
32.8974
9.43896
2.12573e-92
1.20866e-59
70.5958
5.88833e-67
7.1042e-81
58.7026
3.03806e-81
5.39003e-92
8.08709e-82
5.50049e-96
4.90329e-80
4.93388e-93
2.83152e-35
1.0109e-64
85.9848
7.2052e-50
1.22001e-95
7.55502e-83
1.53975e-86
6.36063e-49
31.5758
3.8881e-76
6.49989e-87
4.02132e-71
0.955172
2.67286e-96
1.88135e-83
3.70709e-77
7.50392e-78
40.2552
2.76555e-82
1.22218e-16
1.71855e-94
2.40928e-90
4.22139e-37
9.66158e-81
2.15359e-81
27.7432
6.06686e-39
2.93033e-83
3.07955e-90
4.64697e-96
2.1781e-91
5.81448e-89
6.25482e-29
1.2137e-87
1.77901e-88
16.5334
4.75321
15.7306
3.91217e-29
8.53317e-82
24.8516
1.52729e-80
2.39261e-83
8.20703e-96
0.343815
1.09317e-91
5.23822e-93
36.8371
8.7352e-82
1.00527e-91
5.088e-25
3.22186e-05
6.44842e-54
2.49365e-93
4.40447e-10
3.17025e-51
7.59089e-80
8.39535e-86
26.7769
9.55568e-49
3.72669e-60
41.5799
1.06414e-48
1.66942e-86
7.29699e-25
2.91735e-95
3.36409e-80
4.09084e-84
16.532
4.77566
15.711
20.0468
2.23566e-83
1.15796e-28
49.3229
13.786
57.8094
13.5689
6.66521e-08
6.46595e-90
19.5509
22.0341
7.81715e-65
27.3214
2.12223e-93
1.94196e-87
40.0454
3.1767e-87
5.83871e-89
5.20756e-78
5.26684e-87
26.7325
21.0677
7.98658e-31
1.47304e-77
5.37899e-40
6.85533e-88
8.82182e-87
8.34706e-90
1.07432e-36
4.2758e-70
16.5331
4.75346
15.7302
20.9254
1.24978e-90
27.8897
1.01714e-74
9.57574e-32
2.18671e-77
26.4691
3.5484e-76
5.84465e-64
32.0727
1.20968e-34
1.20251e-87
5.37779e-57
1.5688e-95
5.40222e-93
4.04069e-75
1.60832e-15
7.15756e-05
1.92558e-69
2.96864e-84
55.346
2.01971e-94
1.53886e-58
27.0715
1.90525e-75
2.5869e-49
3.51037e-56
55.3291
6.54736e-06
8.23531e-87
8.8989e-70
2.71637e-25
3.8588e-26
4.64527e-92
0.000696349
2.49056e-85
1.39155e-46
1.02938e-92
2.20549e-87
3.34962e-85
1.45889e-81
4.53974e-88
51.8317
4.39638e-67
5.95124e-95
2.29505e-95
44.7186
12.1367
1.43245e-24
6.75521e-26
1.06709e-70
2.92625e-43
1.44298e-25
32.0891
2.86042e-31
3.62848e-88
16.2667
0.0249362
9.37527e-71
15.7984
1.44369e-35
8.49095e-70
8.59416e-44
1.75358e-76
7.4779e-98
1.11258e-34
1.28231e-34
2.98905e-87
8.33498e-46
39.1498
1.63447e-34
27.4719
1.59804e-84
5.85741e-83
35.6695
4.45396e-95
98.2059
5.27153e-82
3.60971e-85
6.15483e-96
5.51213e-28
7.80436e-43
1.0745e-86
3.35507e-74
3.84043e-91
7.86302e-85
32.063
2.86108e-31
3.44853e-11
1.7533e-84
6.90784e-96
23.3065
38.4544
1.08728e-31
3.62695e-94
43.5673
28.3531
2.50642e-95
1.52962e-68
1.87516e-54
4.23457e-95
2.77935e-86
1.45925e-20
22.5554
4.48841e-66
48.8705
35.4166
6.53462e-76
6.17107e-81
1.62661e-83
8.7198e-23
3.17924e-92
5.63989e-77
9.52697e-91
2.20534e-26
7.41405e-75
7.19537e-54
3.04834e-13
4.91492e-75
32.0891
2.86104e-31
5.54188e-88
41.8836
7.76505e-64
3.78013e-89
3.36683e-81
9.24643e-68
1.5508e-90
1.17118e-92
2.77463e-76
1.28551e-95
4.12755e-83
0.028633
2.56141e-92
1.73938e-93
2.12495e-97
13.4868
1.36976e-31
8.18687e-33
1.86769e-36
5.28514e-84
4.88803e-56
1.40515e-25
0.384972
2.53017e-95
3.50248e-56
9.27741e-80
3.31848e-94
2.13921e-92
5.62681e-75
1.4457e-83
VECTORS velocity float
-7.08302e-94 -1.18879e-93 0
-2.51403e-92 -1.12311e-90 0
-1.0442e-25 9.40123e-26 0
1.11211e-70 1.72085e-69 0
-1.46881e-86 -3.95928e-87 0
-7.5962 -24.7874 -1.91194
3.94573e-48 3.64979e-48 0
7.03402e-41 -6.29189e-41 0
2.90061e-67 -2.5518e-66 0
2.97502 0.735095 -21.6899
-6.99856e-86 -1.36822e-85 0
-3.33778e-59 -2.63465e-57 0
-12.2191 -28.9674 12.0967
-1.67156e-84 -1.33753e-83 0
2.80588e-70 1.30275e-70 0
-4.33949e-96 -4.49076e-96 0
2.15671e-67 2.8718e-67 0
-8.66247e-79 3.36722e-78 0
-37.334 -44.7379 24.5971
26.2144 -14.8911 16.2067
8.55241e-88 -1.4774e-88 0
1.83555e-22 -8.73512e-23 0
1.51658e-57 2.50914e-56 0
-27.6435 -8.36781e-06 2.54791
-2.86103e-31 -4.12417e-35 0
2.37456e-58 4.22686e-58 0
5.17318e-73 4.44778e-71 0
-3.18683e-40 -1.64105e-40 0
-1.43308e-17 -7.85164e-18 0
-39.2708 33.2365 20.6798
0.332561 27.3089 -13.428
-50.7492 23.0577 -10.9213
-3.7347e-45 -2.90665e-45 0
-1.45167e-67 1.02135e-67 0
-6.33029e-93 -6.53111e-93 0
5.04335e-73 -3.82568e-72 0
24.2095 4.20156 -20.7072
10.1674 13.4376 -20.6628
8.94369e-62 -8.91206e-63 0
1.02648e-89 8.76783e-89 0
2.64567e-45 8.58801e-46 0
-4.23852e-64 2.98054e-64 0
18.3664 41.6634 59.1355
-8.25254e-46 5.80321e-46 0
-7.48662e-08 -6.77557e-09 0
-2.5037e-98 2.21836e-98 0
4.87841e-77 5.0231e-77 0
-2.24807e-97 -5.97824e-97 0
-2.54005e-95 -3.43398e-95 0
-2.21569e-83 -3.6017e-83 0
-1.49343e-84 -1.8491e-85 0
18.3497 2.84791 -22.0232
4.53067e-43 -1.93452e-43 0
-1.15103e-17 -1.03226e-17 0
-2.52238e-91 -2.97227e-91 0
-4.38002e-46 3.08004e-46 0
-27.6141 4.29886e-06 2.57002
-2.86111e-31 -2.07198e-35 0
-6.90331e-80 -1.25451e-79 0
-5.21785e-30 4.541e-30 0
5.03725e-84 -1.85054e-84 0
4.40101e-75 -7.36859e-76 0
2.63319e-80 -5.74365e-80 0
7.44199e-33 -1.4215e-32 0
26.0654 -17.1083 8.98582
0.889588 0.585187 -22.8488
-4.2978e-79 1.80552e-79 0
-1.04854e-97 -1.16654e-96 0
-9.29915e-87 -4.62494e-87 0
-9.92236e-94 1.59988e-93 0
4.5438e-93 4.53398e-92 0
26.9824 30.7315 -20.9933
-3.47108e-95 1.31694e-95 0
2.21412e-68 1.12231e-67 0
1.79296e-53 1.34214e-54 0
-2.44528e-14 -1.52236e-15 0
1.8967e-18 -6.58724e-18 0
3.30194e-68 5.10894e-67 0
-12.9595 86.1011 -17.2054
3.67905e-68 5.69242e-67 0
3.76167e-63 7.53594e-64 0
-1.4947e-80 9.99256e-81 0
3.54988e-94 -1.30402e-93 0
-1.62523e-94 -5.18317e-94 0
-8.37803e-70 6.34275e-70 0
3.30731e-91 -1.85916e-90 0
7.08287e-24 -3.0677e-23 0
-8.31122e-65 5.84447e-65 0
-6.47661e-82 -5.18237e-81 0
-27.6435 1.2058e-05 2.54791
-2.86047e-31 -9.84564e-37 0
-6.35914e-44 2.04634e-44 0
-1.43781e-12 3.11999e-13 0
-1.77382e-59 1.24735e-59 0
4.75276e-18 -6.01248e-18 0
5.45656e-88 -1.89028e-89 0
2.54385e-84 2.98459e-84 0
-28.3356 -4.03445 -19.4818
8.39186e-28 1.41585e-27 0
-3.41399e-77 7.55446e-76 0
-7.82825 41.6341 6.7907
-5.94655e-65 4.18163e-65 0
1.25393e-54 -9.77464e-55 0
-1.62021e-95 1.55244e-95 0
2.72593e-26 -4.3837e-26 0
1.26699e-39 -1.36653e-39 0
-2.48585e-57 7.17009e-57 0
30.4714 -0.282403 29.4937
9.22788e-21 1.39657e-21 0
15.5841 12.4079 -0.224171
-5.97967e-51 4.20492e-51 0
9.10286e-94 2.06486e-93 0
-2.79912e-26 -2.65603e-26 0
-1.26738e-49 8.91223e-50 0
-8.89127e-61 2.06907e-60 0
8.9151e-11 -1.3705e-10 0
2.3108e-46 -1.89188e-46 0
7.26814e-64 -4.34179e-63 0
13.2619 64.9933 18.9919
3.49337e-94 -2.53801e-93 0
-9.77623e-92 3.54007e-91 0
4.6116e-98 -6.23473e-97 0
-7.2311e-83 -5.78601e-82 0
-1.56327e-84 -1.60709e-83 0
-9.57484e-97 -2.34157e-96 0
26.767 -11.4071 9.16339
-1.21142e-81 -9.3552e-81 0
1.68438 -7.24339 -18.1397
9.50251e-80 2.10109e-79 0
-1.73189e-58 1.21787e-58 0
2.31966e-29 6.46795e-29 0
-1.37497e-88 -2.06299e-88 0
-3.6584e-82 1.52537e-80 0
-0.000263556 -27.6252 2.55806
1.01328e-36 -1.20965e-34 0
-6.04244 -9.65701 -20.1631
16.3754 16.7533 -19.5629
1.18607e-93 -1.41145e-93 0
-1.93761e-09 6.64487e-09 0
22.4402 -32.4462 -19.7557
-1.78294e-27 1.71959e-28 0
4.57381 -57.6098 -6.71446
21.7024 -5.7836 -20.9616
-1.04448e-05 -8.05865e-05 -16.5332
-3.94528e-05 -2.07723e-05 4.75321
-0.000170938 -0.000126248 -15.7302
1.40841e-56 7.04463e-57 0
6.82836e-34 7.92654e-35 0
11.7386 11.3405 -11.3447
-7.60093e-86 4.51261e-86 0
36.6791 34.284 16.4734
3.0153e-78 4.64792e-77 0
9.01386 27.4133 26.9223
1.39857e-71 2.31508e-70 0
-4.83499e-17 3.12677e-17 0
2.80384 30.3767 -20.6443
-3.46426e-86 8.73229e-82 0
3.28357e-56 1.77345e-57 0
-3.85089e-96 -6.12465e-97 0
23.5821 -9.8732 -17.876
-6.86326e-83 -2.88812e-81 0
7.02202e-94 1.27029e-93 0
-5.06447e-50 -1.16417e-49 0
-27.2794 35.7695 -22.1043
16.8719 -21.302 -7.11096
20.9514 -27.9907 2.70286
3.25572 -24.2805 -12.1391
-3.03514e-57 -1.8361e-55 0
7.05542e-59 1.09669e-58 0
-157.371 -52.3131 28.0101
1.57254e-79 2.2521e-80 0
3.20618e-71 -2.46428e-70 0
1.88683e-53 -5.27358e-53 0
7.72059e-92 2.01402e-91 0
-3.18714e-96 -5.12666e-97 0
-0.135251 -27.1599 -14.8377
-5.36084e-06 1.18327e-05 -16.532
-3.66407e-05 5.54481e-13 4.77566
-0.000732217 0.000113901 -15.7107
-2.97541e-57 2.09231e-57 0
8.2555e-48 -1.01625e-47 0
6.65612 0.69222 -20.9102
5.30152 1.80313 -21.4223
9.1153 2.62425 34.2158
-1.71191e-89 -1.05754e-88 0
16.9121 2.80536 -12.2707
21.0347 0.496189 -6.55154
2.04817e-70 -1.28508e-69 0
6.18631 13.4469 -11.4653
-0.000684579 13.785 -17.9885
-1.50967e-61 -6.64708e-61 0
5.41547e-21 6.59535e-21 0
-3.46641e-27 2.53407e-27 0
3.35539e-62 2.25959e-61 0
-5.58266e-56 3.92574e-56 0
-1.11077e-46 7.81099e-47 0
-9.65093e-50 6.78656e-50 0
-8.09709e-29 -4.68812e-28 0
-2.185e-39 3.34669e-38 0
3.23141 -24.3573 -11.9285
1.56017 -3.3417 -21.3928
6.94687e-22 1.79489e-21 0
2.31326e-87 -1.30242e-86 0
23.8856 5.03442 8.01739
-20.0253 -13.4746 9.29962
2.42283e-34 -3.78483e-34 0
-8.5292e-86 1.88734e-84 0
20.8773 48.0271 -12.3677
3.05117e-79 -1.1627e-78 0
-3.47927e-05 4.10952e-05 -16.5331
-3.94528e-05 2.07723e-05 4.75321
-0.00116763 0.000121236 -15.7299
-8.65586 -21.0224 -3.81017
1.13092e-86 1.20308e-86 0
8.95135 -18.8836 -16.9538
2.08929e-77 8.04423e-77 0
4.44131e-32 -1.15394e-31 0
4.06245e-28 -2.57788e-28 0
2.21519e-58 -2.23974e-58 0
-1.25744e-94 -1.00464e-93 0
-1.80377e-50 1.26841e-50 0
-0.000188488 32.0725 -0.107345
-5.0864e-44 6.06681e-39 0
5.43283e-67 6.17752e-67 0
-1.16494e-21 -3.94494e-21 0
11.1423 26.7057 -17.1673
-1.33132e-89 -5.46618e-89 0
13.8725 21.1813 -9.76876
6.1199e-44 8.96952e-44 0
3.45658e-95 1.73521e-96 0
44.8082 57.9179 -8.76363
-1.17818e-79 2.60707e-78 0
-13.5908 -83.1732 50.4448
-2.13886e-68 1.50405e-68 0
17.034 -31.1972 -4.81469
17.4877 -9.98175 4.42132
4.27576e-71 6.61569e-70 0
55.1563 -4.48852 15.194
55.8041 19.4791 -6.81492
-6.597e-94 -2.86348e-92 0
6.15787e-90 -1.05866e-88 0
2.37446e-68 3.67406e-67 0
-1.43862e-16 -2.8217e-16 0
2.00388e-96 -7.69391e-95 0
-2.00122e-46 1.18486e-46 0
-2.04452e-84 -1.57345e-83 0
3.42111e-27 2.38053e-27 0
-1.41561e-83 -7.04056e-84 0
-3.50224e-90 -1.98293e-90 0
-0.00160835 -3.29902e-05 0
7.4079e-90 -2.82614e-90 0
3.80655e-94 -2.1506e-93 0
7.24298e-81 1.28114e-80 0
-8.12437e-82 1.24332e-81 0
-1.66154e-78 -1.3295e-77 0
6.84339e-96 5.38875e-95 0
-1.43995e-94 1.26044e-94 0
8.03404e-16 2.88348e-15 0
2.7371e-85 6.05141e-86 0
-2.70342e-86 -4.81932e-86 0
1.72696e-68 2.29462e-67 0
6.67582 -7.46079 -23.3911
9.78878e-87 -3.26966e-87 0
-4.64392e-48 2.78379e-49 0
-21.613 -2.38712 -4.72219
27.6562 3.09264 -19.5558
8.73983e-82 -3.46578e-86 0
10.7161 -45.3735 12.8015
-6.18414e-96 -4.13917e-96 0
7.46361 -20.1905 12.9968
-26.4185 -15.8132 49.0071
-1.61139e-59 1.71553e-59 0
2.38595e-73 1.58609e-73 0
1.08155e-59 2.28546e-60 0
20.8489 32.8963 1.17233
3.51338e-59 -3.66925e-59 0
-36.59 -175.314 39.1722
1.39396e-94 -2.12188e-94 0
-1.00005e-95 -6.127e-96 0
-1.88642e-90 -9.38213e-91 0
-2.29068e-85 -1.83088e-84 0
19.8075 33.4 -13.3087
-3.81251e-90 -5.72025e-90 0
-4.44282e-90 -2.21073e-90 0
-5.18917 -0.863486 -3.90902
-3.38269e-68 2.37871e-68 0
26.8555 -26.4315 -22.22
41.9489 -55.3256 -2.6145
13.6634 17.6892 -21.6316
-8.44384e-86 6.77922e-86 0
4.2253e-79 1.74027e-78 0
4.21674e-29 7.72559e-29 0
6.4339e-20 2.13189e-20 0
-1.05889e-50 7.44616e-51 0
21.8551 30.9155 11.6457
1.46465e-91 -3.48918e-90 0
1.38583e-64 3.26383e-65 0
-3.19763e-26 2.29379e-27 0
26.6875 3.02542 -19.3296
8.73223e-82 -8.20183e-87 0
18.815 21.5823 -22.0366
8.3243e-84 1.09891e-84 0
-4.09832e-29 -9.79106e-30 0
-1.71389e-81 -1.39947e-80 0
-1.39363e-76 -6.02611e-75 0
5.18427e-73 -5.17426e-73 0
-0.000227685 0.000150359 0
-6.25426 -0.120668 -23.1176
2.97603e-74 4.60466e-73 0
73.6153 24.4816 -14.8592
-80.1385 -15.2505 0.665284
0.492104 6.85552 -16.3083
6.33058e-73 2.37119e-72 0
-9.54612 -16.0305 -22.8153
3.81254e-95 2.2016e-94 0
1.20975e-60 -6.44863e-61 0
1.2416e-21 1.06667e-21 0
-6.10768e-12 -6.43119e-12 0
4.09479e-92 -4.09934e-92 0
7.69616 -1.97255 -14.782
-0.0764913 4.30864 0
5.79755e-94 -5.42543e-94 0
-8.26258e-77 -4.1094e-77 0
-1.25156e-93 4.51804e-93 0
13.0636 -18.3743 -20.3251
41.5516 -51.8322 -6.48183
-2.04455e-49 1.43773e-49 0
17.5888 -20.4183 27.1955
-1.91075e-49 -6.3237e-48 0
-28.1632 12.6871 -2.72928
-5.80964e-36 2.17275e-37 0
27.8162 -1.10686 -19.2051
8.73674e-82 3.83958e-86 0
87.9227 -179.73 205.549
27.4249 25.9103 52.6931
8.57845 22.3207 -13.707
1.43357e-18 -8.86915e-18 0
1.28251e-89 1.36338e-89 0
4.18534e-92 -9.9601e-91 0
-3.70515e-90 -1.19036e-90 0
32.4349 -6.09451 -16.0489
3.59835e-71 5.56755e-70 0
-1.08906e-81 -8.82208e-81 0
-2.13728e-96 3.24384e-96 0
1.23107e-14 1.78348e-14 0
4.27938e-33 -2.58062e-33 0
2.47827e-71 3.89412e-70 0
-93.6389 9.86635 5.05171
1.41897e-79 1.51981e-79 0
-2.41485e-94 8.80234e-95 0
3.07994e-32 -1.73418e-31 0
1.48481e-79 -4.48104e-80 0
-4.65046e-83 -2.01087e-81 0
8.81794e-45 1.39815e-44 0
-6.43517 -20.6026 -12.4127
-3.76118e-55 2.64487e-55 0
-9.55757e-93 -2.32799e-92 0
-1.54046e-86 9.42339e-87 0
-1.07795e-56 2.41656e-57 0
1.4269e-61 4.26661e-62 0
6.54993e-76 3.02067e-75 0
-8.8244e-61 2.32482e-60 0
2.92959e-75 2.81961e-76 0
-5.55589e-64 3.90692e-64 0
-2.93944e-87 1.56679e-87 0
27.6152 -2.5201 -22.5351
5.13175e-78 7.94e-77 0
-1.92032e-51 1.35038e-51 0
-3.07542e-97 -3.25491e-97 0
1.79888e-79 2.78264e-78 0
-6.45825e-84 -5.16649e-83 0
1.90904e-80 1.68616e-80 0
-1.27523e-96 -1.62145e-96 0
31.4011 43.1672 7.18104
-5.30973e-82 -4.24867e-81 0
-2.39428e-96 -1.9763e-96 0
25.3766 41.9763 -13.6686
0.359784 27.7255 -10.0204
-8.27054e-81 1.63034e-81 0
-1.37807e-56 -9.43071e-57 0
-3.21347e-96 -1.71378e-96 0
19.2006 5.08199 -22.8742
9.1746 2.90589 -6.20837
7.68154e-57 -2.94816e-57 0
6.76288e-84 5.82254e-84 0
7.15628e-95 -3.47829e-96 0
-2.75796 7.04629 -3.47272
-5.92024e-53 -1.99199e-54 0
2.30782e-58 1.69281e-58 0
-1.00357e-46 7.05714e-47 0
-4.68161e-75 1.00695e-75 0
-2.0899 1.16091 0
16.8898 16.5773 -20.7332
1.26867e-76 -8.30041e-77 0
-3.75001e-72 -3.04688e-71 0
1.38551e-69 8.76419e-70 0
-4.78044e-81 -3.82521e-80 0
-5.14681e-92 7.02172e-92 0
23.6454 -6.84134 -19.7398
-2.05544e-82 -1.64517e-81 0
6.73886e-77 1.04267e-75 0
109.556 -35.1973 -13.5939
-1.07023e-96 -3.01287e-96 0
-6.23052e-54 4.38132e-54 0
-2.8832e-62 2.02747e-62 0
-1.9763e-93 -1.74844e-92 0
-4.32646 6.6564 1.87064
-2.03582e-60 1.43159e-60 0
8.68205 5.05875 5.90392
1.71733e-42 -5.62751e-43 0
-6.3157e-86 -2.78529e-85 0
-2.89435e-68 2.03531e-68 0
-5.3917e-55 -4.52173e-56 0
-1.86518e-64 1.3116e-64 0
5.22346e-95 1.95555e-95 0
4.14269 -29.3509 -8.96993
16.8993 -33.5956 -6.22527
6.31451e-37 -1.81963e-37 0
2.0265e-15 5.7328e-16 0
-11.8767 5.31966 -6.95443
-9.57218e-17 -1.02339e-18 0
2.61188e-81 -3.1567e-81 0
1.86899e-34 -2.38873e-34 0
-1.14194e-89 1.02259e-90 0
-1.31004e-94 1.05602e-95 0
-3.75962e-32 -5.94592e-32 0
-3.06527e-29 2.00951e-29 0
-52.3296 15.9459 -14.4551
-2.7003e-91 9.78108e-91 0
-9.23047e-68 6.51424e-68 0
-6.83187e-98 1.63735e-97 0
1.49642e-96 -1.71119e-95 0
81.8471 4.54889 139.74
-4.52366e-43 3.18105e-43 0
84.9181 -52.4388 -11.3192
-4.15231e-93 7.73218e-93 0
-7.97463e-10 1.98642e-10 0
11.9402 12.7709 1.64365
-131.946 95.0655 25.9652
-3.60886e-42 2.53776e-42 0
-1.93875e-71 1.33505e-71 0
6.03048 -69.285 -18.2293
26.2212 2.70321 -19.4394
-2.19927e-74 -6.52325e-74 0
-1.54108e-85 -5.02427e-86 0
-6.05916e-84 7.5168e-84 0
7.22793e-98 -2.0127e-96 0
4.04188e-83 7.43901e-82 0
4.86499e-87 4.82774e-87 0
14.9192 -2.56971 -16.0998
-9.31374e-82 -7.44882e-81 0
-7.06854e-65 4.97062e-65 0
-6.2326 -1.51385 -3.3764
-8.6084e-41 1.0363e-42 0
-6.74684e-79 -5.39873e-78 0
25.481 -12.1495 -7.48161
1.41619e-31 -1.6463e-31 0
-4.12798e-70 4.57678e-70 0
6.06045e-92 2.2491e-92 0
1.26691e-62 -4.62559e-62 0
-5.56607e-95 1.28379e-94 0
-3.72156e-50 2.61701e-50 0
-2.46641e-50 1.73439e-50 0
-5.42347e-96 5.23926e-96 0
-2.44763e-31 3.80181e-31 0
-7.5544e-80 -1.25297e-79 0
-8.25905e-28 -1.20178e-26 0
2.08153e-44 5.02745e-44 0
4.57085e-93 4.86056e-93 0
-5.07538e-94 -8.89347e-94 0
30.559 46.6892 13.2867
-18.0659 -5.76756 6.03349
-5.56125e-68 -2.53786e-68 0
-1.16039e-78 -9.28516e-78 0
-1.33311e-68 1.04464e-68 0
3.55055e-10 -9.34573e-11 0
-3.28768e-64 2.31191e-64 0
-9.47373e-84 8.3038e-83 0
1.22327e-29 3.21969e-29 0
10.5828 -17.2541 -19.3881
-5.24779e-43 3.69026e-43 0
1.32141e-36 -7.68645e-36 0
-9.6322e-94 5.97059e-94 0
-1.34915e-15 1.37256e-14 0
2.04734e-98 -6.2852e-97 0
1.05777e-93 -5.98623e-93 0
-3.50012e-88 -2.49898e-87 0
5.65585e-96 -1.01841e-94 0
-1.92129e-64 5.45335e-63 0
1.95261e-43 2.46327e-43 0
73.8743 8.6948 9.98986
4.01125e-26 1.69271e-25 0
0.00114833 -0.00351202 0
7.47929e-72 1.20972e-70 0
5.33898e-67 -2.05223e-68 0
-1.06991e-92 -1.38137e-92 0
-8.18877e-06 -22.8666 5.75241
2.05162e-38 -2.52773e-36 0
2.89292e-91 -9.75128e-92 0
1.70312e-87 3.0893e-88 0
-6.50225e-89 2.35578e-88 0
19.7328 -43.1994 22.0423
-45.6412 -19.9212 0.383891
-3.18339 7.87179 -14.9243
-5.91969e-79 -4.73674e-78 0
-1.97924e-86 4.37966e-85 0
-1.31174e-05 -0.000104086 -16.5324
-3.3471e-06 -1.46549e-05 4.85571
-3.7058e-05 -0.00015975 -15.6407
-3.65512e-91 -2.12006e-90 0
-2.34822e-47 -2.71231e-47 0
3.86484e-56 4.89151e-56 0
2.57823e-57 9.68208e-58 0
-8.78922 17.1217 -2.26598
9.43227e-96 6.35413e-96 0
3.55304e-19 -4.22862e-19 0
8.11783e-89 8.15355e-89 0
7.08127e-26 -1.00637e-24 0
3.08232 25.882 -19.0383
-1.27316e-86 5.6936e-82 0
1.09173e-87 4.23188e-87 0
6.88161e-71 7.08571e-71 0
-3.14975e-90 1.38557e-89 0
9.85407e-92 -2.34718e-90 0
-2.6711e-26 1.74777e-24 0
19.8629 -1.46862 -22.2549
3.30834e-49 2.79464e-49 0
-1.02863e-78 -8.23094e-78 0
8.44907 20.3046 -18.2524
3.54861 -19.1821 -11.1347
-1.89903e-56 -1.02819e-54 0
-9.57778e-80 2.41643e-79 0
1.03281e-62 2.79874e-62 0
7.04744e-96 -4.0633e-95 0
-10.1015 11.2681 -17.7373
-2.00088e-83 1.14651e-83 0
26.642 -44.6773 -17.9015
23.7671 -45.2105 -14.9219
-1.20338e-60 8.46222e-61 0
5.78716e-05 1.6624e-05 -16.5265
-3.08263e-06 2.63583e-09 4.8747
-8.27728e-05 1.11386e-05 -15.6239
13.3528 -14.3054 -14.1855
-1.57427e-64 -6.75472e-65 0
26.697 11.2349 -21.7085
3.7156e-39 1.88094e-39 0
0.0113558 -0.00920057 0
5.26384 7.19963 -9.58665
22.0979 9.25812 21.5241
1.0404e-05 9.98036e-07 0
-5.97472e-81 -1.89553e-80 0
3.35051 21.6887 -16.3233
-1.60235 12.3557 -17.3734
9.85785 -12.038 -17.6381
-9.62735e-77 2.13033e-75 0
-2.47778e-79 3.06739e-76 0
-7.39066e-80 1.6354e-78 0
2.3532e-57 2.26493e-57 0
-7.82382e-85 -6.17961e-84 0
4.19276e-78 3.5101e-77 0
8.88298e-51 3.08365e-51 0
1.36397e-69 3.98385e-68 0
3.49701 -19.3072 -10.8121
1.78341 -3.10073 -20.9546
8.75872e-84 -3.95526e-83 0
0.000231643 0.000708998 0
-2.2833e-83 -1.1356e-83 0
3.40785e-80 -8.62495e-80 0
-1.56431e-58 1.10003e-58 0
9.0594 65.3962 46.2017
1.97351e-54 -1.62488e-53 0
-2.78658e-81 -2.22972e-80 0
2.77589e-05 2.92234e-05 -16.5321
-3.28777e-06 1.4672e-05 4.85571
-0.000366552 7.90533e-05 -15.6404
-1.18545e-33 1.62039e-35 0
1.86735e-46 -2.94388e-46 0
-1.45266e-85 -1.16237e-84 0
3.20616 -12.1291 -6.42279
1.41511e-73 -1.94356e-73 0
-2.08007e-85 -7.51818e-85 0
-2.72243e-17 -5.52843e-17 0
-20.2473 -16.0493 -18.6845
-3.82602e-96 1.65665e-97 0
-1.23097e-05 27.7641 3.52798
-2.06962e-38 2.5275e-36 0
-2.21481e-92 -1.79691e-91 0
-2.60808e-87 1.01245e-87 0
0.00079992 -0.000252744 0
-25.5802 38.6089 16.543
-2.9979e-95 -3.50613e-94 0
-1.25822e-90 -5.55606e-91 0
1.0994e-42 -4.30389e-41 0
5.61759e-05 0.00068194 0
-1.66388e-76 3.68182e-75 0
-1.23771e-95 -4.05646e-96 0
22.5189 -0.394682 -22.2248
-7.49476e-63 1.92435e-62 0
6.76881e-92 7.79889e-92 0
-9.2971e-07 -1.66938e-06 0
-5.49464e-87 1.21585e-85 0
-1.30976 -10.3607 17.9025
-8.1946e-58 -7.38534e-58 0
4.25338e-85 -1.05366e-84 0
-1.77316e-49 1.24689e-49 0
-1.52393e-75 3.83023e-76 0
-3.98549e-93 -3.18887e-92 0
-4.40637e-84 -3.51604e-83 0
-3.0828e-85 -2.75397e-84 0
3.59118e-92 -2.73423e-92 0
-5.29443e-85 -2.28933e-83 0
-6.18118e-72 -3.26617e-72 0
8.4917 -22.5968 -15.9462
4.56623e-49 5.06792e-49 0
-2.39317e-85 -1.03482e-83 0
-15.0253 -37.2529 10.6987
-5.26173e-94 -2.29185e-92 0
1.27991e-95 -9.74428e-96 0
1.8148e-97 2.75995e-96 0
7.23005e-98 -2.31193e-97 0
7.50597e-83 -1.38581e-82 0
-1.88954e-85 -8.17045e-84 0
1.63474e-83 1.75064e-83 0
5.63337e-29 1.10892e-29 0
5.84399e-42 -1.80217e-42 0
9.92421e-15 2.18069e-14 0
-3.48513e-60 2.45075e-60 0
-1.98377e-69 3.20589e-70 0
26.7784 3.15515 -19.2391
8.73872e-82 -6.81636e-86 0
3.8147e-93 -6.85933e-93 0
2.67308e-94 -7.66265e-94 0
1.20779e-41 -1.49608e-42 0
-3.41249e-49 -9.80679e-50 0
1.95004e-44 -1.23507e-44 0
2.20994e-33 -2.36158e-33 0
-3.30214e-38 2.32207e-38 0
-2.05842e-96 -1.23919e-95 0
3.45448e-72 4.68865e-73 0
-1.77528e-85 3.92833e-84 0
-1.84039e-92 -2.16839e-92 0
10.47 50.5864 30.809
-4.75447e-88 -5.60105e-88 0
-0.0750294 0.00895653 0
-61.9396 40.0155 11.9168
-9.00883e-81 -1.91876e-80 0
-2.72511e-56 1.9163e-56 0
-2.59855e-80 -1.29239e-80 0
3.68826e-93 7.17836e-93 0
-2.1939e-95 -3.10112e-95 0
7.33605e-39 -3.04711e-40 0
13.39 18.2128 -21.7183
-5.82099e-96 1.29858e-97 0
-8.16854e-93 -2.66807e-93 0
-35.5228 9.08815 -6.86358
-5.83793 32.7338 -4.14474
4.40017e-59 3.92394e-59 0
-3.09625e-93 -2.09013e-92 0
-1.45198e-78 -1.16195e-77 0
11.5436 -9.37814 -16.4542
-5.61126e-84 6.96115e-84 0
25.8301 3.08898 -19.0146
5.71509e-82 2.21625e-89 0
3.76073e-92 -2.44655e-92 0
9.31388 27.6026 -22.4798
19.2949 78.5305 36.1988
7.64953 -5.55189 -22.071
3.00322e-26 -1.5703e-27 0
1.28741e-25 -7.75146e-26 0
-8.34846e-19 -6.60714e-18 0
4.10725e-73 1.50697e-72 0
-1.71271e-95 3.82109e-96 0
-22.0398 -33.1981 24.6389
-74.2574 13.5116 10.7517
-4.5624e-10 -6.44538e-10 0
-1.01375e-44 -5.99982e-45 0
1.50556e-16 -2.58264e-16 0
-1.80815e-92 3.67551e-92 0
3.76968e-68 -3.02629e-68 0
-3.20849e-68 2.30892e-68 0
-1.78048e-81 -1.42334e-80 0
16.8192 17.7382 0.170833
-1.69759e-58 -1.55801e-58 0
47.1627 16.805 25.2853
3.66562e-94 -3.68352e-94 0
2.04369e-97 -2.57507e-96 0
-2.87528e-97 1.72069e-97 0
3.00243e-77 -4.55081e-77 0
26.9837 -30.7852 19.7651
-2.03596e-88 -2.56441e-87 0
1.33247e-71 -5.33385e-71 0
-1.84917e-79 -7.99585e-78 0
3.16651e-93 -1.83515e-93 0
-7.41889e-39 2.6301e-39 0
26.9024 -1.10786 -18.8529
8.72535e-82 7.01037e-86 0
3.65929e-87 -1.0044e-87 0
-6.1039e-25 2.59797e-25 0
3.73973e-57 -1.45154e-57 0
2.66412e-78 -1.24787e-78 0
6.56693e-73 2.45974e-72 0
-21.6343 15.5339 -13.8439
1.06547e-43 -2.96479e-44 0
20.4003 0.763402 -21.5382
1.13968e-70 1.76407e-69 0
1.29056e-83 1.04485e-83 0
5.48398e-95 1.83115e-95 0
-2.58326e-57 -1.40647e-56 0
2.37467e-79 2.53958e-79 0
-46.3559 -28.192 -17.9301
1.28073e-81 8.50394e-82 0
3.22302e-89 1.11468e-89 0
-16.8705 -1.43204 -19.2087
1.35011e-55 -6.67383e-55 0
2.58033e-18 -7.06654e-18 0
-2.49234e-92 1.57242e-92 0
-4.69315e-96 4.68188e-96 0
-2.32202e-13 9.79549e-14 0
-3.31573e-58 2.33163e-58 0
-2.06332e-86 -3.14201e-86 0
-1.48313e-94 1.51569e-94 0
-18.0552 29.8238 -18.2695
-1.09722e-37 -1.44853e-37 0
9.65031e-38 -1.7325e-36 0
1.92077e-87 3.63648e-87 0
-5.81404e-94 -2.89479e-94 0
-1.43745e-78 -1.1502e-77 0
22.4602 5.96249 -15.8562
-3.86011e-36 1.03989e-36 0
-2.49152e-62 1.75204e-62 0
2.21287e-91 6.83355e-92 0
-5.07032e-51 -3.256e-51 0
-1.40418e-94 -1.69226e-94 0
7.99023e-06 9.17612e-07 0
-2.77985e-54 1.95479e-54 0
3.72605e-06 -2.8682e-06 0
-9.0965e-39 1.90946e-38 0
-1.65865e-72 -1.44488e-72 0
-2.39295e-96 -1.97124e-96 0
3.00688e-08 1.87533e-07 0
0.813612 28.2791 -10.1899
2.15379e-10 -1.63411e-10 0
1.7888e-95 -4.44789e-96 0
-15.5689 2.9982 -4.55714
2.14907e-91 -5.12063e-90 0
3.54558e-90 7.73309e-90 0
5.77044 25.8305 -15.4685
7.99776e-53 -5.87215e-53 0
3.00251e-95 1.40983e-96 0
-20.193 3.54278 -11.1691
-4.31474e-63 -1.5127e-64 0
3.20164e-78 2.59207e-78 0
2.18583e-90 7.91327e-91 0
1.42324e-38 -1.12986e-38 0
-2.74628e-56 9.68418e-57 0
-2.49134e-60 -4.41526e-60 0
-1.69289e-92 -7.91738e-95 0
-7.60825e-59 2.20195e-59 0
16.2072 -66.7592 2.02728
-4.39715e-81 -3.51848e-80 0
9.83002e-88 2.17638e-87 0
-1.16211e-78 -1.48795e-78 0
6.46949e-97 -6.52338e-97 0
-1.20771e-78 -9.6637e-78 0
-4.22599e-81 -3.38149e-80 0
1.39786e-38 7.21673e-39 0
-1.45842e-86 -7.25344e-87 0
-4.98718e-97 -3.44837e-97 0
-1.14949e-93 -5.65913e-94 0
-1.64117e-70 1.15408e-70 0
-1.78808e-49 1.25738e-49 0
14.5845 10.8523 3.47443
-4.75136 11.9605 -16.8097
4.3923e-96 -1.64447e-96 0
-4.30632e-89 -6.55762e-89 0
44.1776 62.6447 -9.56858
-72.5814 -15.6692 -19.7794
-7.48265e-34 1.14537e-33 0
2.48952e-52 -5.96343e-54 0
-1.42344e-34 7.38192e-34 0
-1.18481e-96 9.9011e-97 0
-2.2483e-80 -9.72176e-79 0
-19.2464 3.50219 -10.7999
-12.2876 -0.278277 -22.1439
5.47361e-52 -5.74762e-52 0
2.98847e-48 -4.13035e-47 0
-2.79467e-93 -1.49911e-94 0
-7.63903e-19 -1.5684e-19 0
-3.07323e-29 -1.88998e-29 0
8.71726e-92 7.3844e-92 0
-2.72219e-70 -3.17868e-70 0
2.04337e-50 -1.45847e-50 0
1.08309e-70 1.67582e-69 0
9.55944e-92 7.95536e-92 0
10.2755 -15.6468 -14.8641
9.10769e-71 -1.52353e-70 0
-1.24427e-78 -9.95621e-78 0
-10.8031 -6.10036 -8.90544
-3.84058e-91 3.52733e-91 0
-2.93227e-37 2.40397e-37 0
-7.62136e-50 5.35936e-50 0
69.496 -63.9892 4.02711
-7.26968e-86 -5.82575e-85 0
4.28944 -14.8131 -15.0787
9.64057e-05 -0.000261967 0
-8.17985e-94 8.75198e-95 0
-36.701 55.1974 34.3245
-9.85583e-77 -4.9018e-77 0
-4.24771 -60.99 -5.54691
7.81923 -13.7676 0
3.43793e-68 5.31936e-67 0
3.98566e-40 -4.23434e-39 0
-0.0624805 -0.0176785 0
-1.02837 0.651992 -1.81156
3.69258e-80 -8.642e-81 0
-20.1205 -0.881675 -9.89419
-7.11332e-35 6.13034e-37 0
3.28191e-80 -4.02145e-80 0
-35.0447 -0.818947 -17.5708
-8.86969e-25 -1.26755e-24 0
9.80673 0.844434 -19.865
-7.76786e-05 -4.14595e-05 0
8.22901e-72 1.27324e-70 0
-1.64586e-71 1.06268e-69 0
-1.86132e-64 1.30889e-64 0
-7.60842e-64 5.35026e-64 0
-8.34285e-96 8.04122e-96 0
-9.76751e-98 -5.95233e-97 0
5.2803e-85 8.53764e-85 0
3.72882e-71 3.18137e-71 0
-7.66786e-94 1.55991e-93 0
-5.09814 9.51479 16.4476
-1.71133e-34 -6.79437e-35 0
20.8267 -49.9212 -2.75531
-7.60164e-43 5.34549e-43 0
-6.11843 -3.35656 -1.86757
-2.6162e-57 1.83972e-57 0
-1.56687e-34 -1.76421e-34 0
1.70083e-90 -3.89778e-90 0
-9.43948e-65 6.63787e-65 0
5.37464e-84 -1.45941e-83 0
7.35372e-45 5.14984e-45 0
-3.5015e-88 -1.01316e-88 0
-2.01467e-70 1.41672e-70 0
-4.8703e-71 3.4248e-71 0
-3.28912e-94 -4.81765e-94 0
-6.03393e-58 4.24307e-58 0
8.7856e-100 -2.96432e-97 0
9.34467e-94 -5.33482e-93 0
-1.19373e-87 -9.35773e-87 0
5.1022e-96 -8.72829e-95 0
-3.08908e-63 4.33993e-62 0
-2.42406e-97 -3.97564e-96 0
27.0445 -36.7594 -6.3642
-2.3097 17.4944 -3.2616
-1.72202e-89 1.72019e-88 0
-11.6204 33.1921 -16.5331
1.06573e-65 -1.79558e-65 0
2.2296e-89 2.00678e-89 0
5.52955e-06 -22.8561 5.75864
2.05354e-38 -2.52774e-36 0
-101.997 58.9826 -20.8996
60.9343 -167.628 52.4999
-3.7395e-83 8.27473e-82 0
4.75306e-72 7.42647e-71 0
5.67105e-76 4.88253e-76 0
1.31992e-53 3.71945e-54 0
3.15575e-50 9.13501e-51 0
1.07014e-70 1.80838e-69 0
-7.93126e-06 -9.86194e-06 -16.532
3.66846e-08 -1.45579e-05 4.85659
-8.47201e-07 -4.39585e-05 -15.6402
-21.4507 15.5946 -9.50326
6.15077e-56 -1.32422e-55 0
-5.62083e-87 1.14255e-86 0
4.71379 27.0463 -9.67891
-48.5728 31.7783 23.8551
5.54045 20.7189 -20.3802
2.66353e-55 1.2093e-55 0
17.7039 7.66857 -15.8551
8.51599e-27 -1.16406e-25 0
3.08341 25.8699 -19.0296
-2.52422e-86 5.71115e-82 0
1.44921e-31 -3.12535e-30 0
4.2557e-73 1.6222e-72 0
-1.60367e-66 1.1277e-66 0
1.8389e-72 2.10018e-73 0
-0.35498 -0.170674 -20.847
30.0194 29.5147 -5.83244
74.3421 -92.9568 -7.14701
-7.39315e-89 -7.31379e-88 0
8.72953 19.919 -17.0887
3.55101 -19.1652 -11.1298
-1.89764e-56 -1.02819e-54 0
8.24324 -42.3041 -12.2114
3.24681e-71 5.02366e-70 0
-6.92257e-96 8.36389e-96 0
-2.9399e-35 -1.41784e-35 0
2.71733e-07 -1.54071e-06 0
-1.3102e-84 -1.04838e-83 0
-0.151054 -39.2757 -20.9405
21.4239 14.6063 -20.0223
6.22914e-05 1.7873e-05 -16.5257
2.27537e-07 6.03116e-08 4.87564
5.23386e-05 1.50189e-05 -15.6231
-4.05395 -5.55175 -19.6884
-1.54613e-85 -2.3198e-85 0
46.8853 -41.4572 -7.35318
1.65845e-47 -1.65109e-48 0
5.38206 -0.117677 -23.7859
1.12935e-79 1.20961e-79 0
-13.0978 15.4643 -1.58452
8.80719e-74 2.32508e-73 0
-2.47151e-79 -1.97793e-78 0
3.35327 21.6726 -16.3161
-1.55847 12.4497 -17.3941
1.11787e-81 -3.111e-82 0
26.2286 0.62564 -14.5136
1.55105e-97 3.65492e-97 0
-1.38942e-34 9.77044e-35 0
-2.75098e-17 -4.13036e-17 0
-9.84231e-92 -1.15512e-90 0
-9.65884 48.7447 17.6301
-9.17064 28.7152 12.2155
7.27712e-66 9.26274e-65 0
3.49828 -19.2921 -10.8046
1.78669 -3.10448 -20.9511
-4.21786e-85 3.31493e-85 0
4.56034e-26 1.49419e-25 0
3.66147 25.89 -23.3826
9.90268 15.6191 -16.1699
-3.60741e-96 1.98452e-97 0
-2.11816e-58 -7.53784e-58 0
-2.68458e-27 -1.85135e-26 0
1.96718e-79 -8.13739e-80 0
5.49472e-05 1.59307e-05 -16.5317
3.13236e-05 2.35747e-05 4.85669
-2.32118e-05 4.91684e-05 -15.64
8.29913e-65 7.69609e-65 0
-1.79306e-85 -1.43219e-84 0
1.00189e-46 3.88493e-46 0
-23.4152 -29.635 -19.1306
-9.32151 -20.2256 16.5904
-4.55732 -14.0017 -20.2303
-2.82195 15.5972 -5.99699
4.79406e-70 4.90535e-70 0
-4.46793e-68 3.14202e-68 0
7.28853e-06 27.7546 3.53523
-2.05126e-38 2.52773e-36 0
-4.07792e-93 -3.85947e-92 0
-7.99844 16.5072 -22.386
-1.10983e-96 9.03046e-97 0
-3.04919e-85 -2.12351e-83 0
1.28691e-61 3.57214e-61 0
-1.32544e-86 -3.62696e-86 0
7.33485e-72 1.62195e-71 0
7.95897e-84 6.85233e-84 0
-7.50757e-76 1.66127e-74 0
-61.2189 -28.4225 -5.59601
-2.03334e-53 -1.40291e-51 0
31.0584 35.7547 28.5543
-1.73072e-94 -1.31354e-93 0
19.1309 -0.472089 -21.2775
7.2367 51.0185 -22.8535
-17.757 -29.3317 5.66074
1.16999e-87 -5.28344e-87 0
2.2678e-97 3.98921e-96 0
2.67946e-95 6.71133e-96 0
7.26885e-69 1.12468e-67 0
-4.36514e-16 -5.12257e-17 0
5.6045e-68 2.10847e-68 0
7.18385e-94 -1.00549e-93 0
-2.47311e-85 -1.06938e-83 0
4.68289e-96 -2.90181e-96 0
6.18062e-41 2.1775e-40 0
-1.14428e-41 1.19931e-41 0
-2.85101e-75 1.23345e-75 0
1.5793e-27 -1.15107e-27 0
1.1103e-77 9.8067e-78 0
1.72563e-48 -1.36992e-48 0
1.53157e-95 -1.16802e-95 0
8.59266e-95 1.06275e-94 0
2.74042e-97 -7.2678e-97 0
1.54452e-96 -2.68062e-95 0
0.00014311 0.000678881 0
-3.05494e-95 1.46914e-94 0
6.27972e-33 1.47027e-32 0
3.53112e-47 -1.62734e-47 0
1.86853e-91 1.42132e-90 0
7.86118e-80 8.40779e-80 0
-1.65002e-85 -6.81518e-86 0
26.7781 3.15661 -19.2383
8.72929e-82 -4.4075e-86 0
1.79458e-95 1.56431e-95 0
3.03186e-79 3.24724e-79 0
-4.18252e-86 -1.74931e-84 0
-23.8502 -5.48253 -19.9921
-8.45765e-41 -2.89171e-40 0
-22.5291 14.953 -21.2678
42.5959 -28.7367 -15.3307
-4.28182e-64 3.01098e-64 0
-6.40895e-81 -2.55505e-80 0
7.85416e-93 1.76802e-92 0
-6.66028e-96 -1.23337e-95 0
-17.1692 27.7594 -8.82134
-11.0071 17.4411 -1.14138
8.12387e-69 1.25703e-67 0
-6.38864e-89 1.66501e-88 0
1.73765e-73 -2.68049e-73 0
-1.37297e-67 9.65493e-68 0
-2.24599e-96 -2.73353e-95 0
4.02728e-92 5.96222e-93 0
1.4023e-77 1.95132e-77 0
1.06349e-49 3.48724e-51 0
13.3745 18.2197 -21.7172
-5.78877e-35 4.12615e-35 0
-3.8811e-60 2.7292e-60 0
5.36621e-67 -3.74138e-67 0
7.68329 31.4494 -13.9612
-1.82293e-84 -3.50333e-83 0
1.26906e-66 -8.46929e-67 0
27.8585 -25.1427 -19.2903
-10.2083 2.72564 0
-2.88439e-54 2.02831e-54 0
25.8328 3.08921 -19.0147
5.70393e-82 7.1825e-87 0
-2.14685e-87 -7.87907e-86 0
-23.2795 8.85656 -14.671
8.12822e-91 -7.09337e-92 0
4.0516e-73 1.51758e-72 0
2.63279e-59 2.29756e-59 0
-9.31617e-47 6.55115e-47 0
-1.744e-87 -2.15934e-88 0
-2.76994e-92 -3.35168e-92 0
26.3273 47.4354 22.5989
-41.4245 -66.4196 5.22165
-74.2745 13.7195 10.669
5.39132 -49.8154 -17.7494
-8.15047e-49 -1.24243e-48 0
3.46997e-64 7.60603e-65 0
-10.6643 2.9928 -23.3861
1.98814e-68 3.07615e-67 0
1.05078e-66 -5.77112e-67 0
-1.14462e-64 8.04899e-65 0
9.36651e-70 1.44924e-68 0
1.23846e-74 1.8925e-73 0
47.7312 13.5987 23.3742
1.15884e-92 -1.24365e-92 0
-1.11896e-94 -1.47498e-94 0
2.15561e-79 1.85588e-79 0
25.6765 -39.893 -5.69944
-3.12882e-72 4.05387e-72 0
1.27596e-52 2.81392e-52 0
-5.66568e-88 2.19937e-88 0
5.41216e-94 6.80298e-94 0
-1.54423e-15 4.52716e-15 0
-5.83411e-58 4.10256e-58 0
26.9018 -1.1088 -18.8521
5.70278e-82 4.28513e-86 0
1.64583e-11 8.91618e-12 0
-9.43466e-13 -2.73044e-11 0
18.4653 -7.79807 -8.00911
1.2265e-96 -1.42051e-97 0
45.8753 -13.2003 -21.066
5.0625e-51 -4.45801e-52 0
-8.98325 -37.9901 -22.4584
-1.70926e-66 1.20196e-66 0
1.0978e-70 1.70457e-69 0
2.01051e-83 1.62772e-83 0
5.48114e-95 1.80535e-95 0
-1.43551e-56 -7.89135e-56 0
-1.09443e-88 -4.76727e-87 0
1.08993e-37 -1.46864e-38 0
1.16108e-85 1.24331e-85 0
1.90489e-16 -1.57983e-17 0
-1.3193e-94 -2.61829e-96 0
-1.14698e-64 8.0656e-65 0
-4.60881e-68 3.29268e-68 0
16.8699 92.1678 28.0837
-3.75026e-95 1.94194e-95 0
-16.7177 -29.6299 7.83957
1.59333e-81 1.70657e-81 0
-2.53253e-40 -6.51592e-40 0
54.0732 -26.8691 -7.22263
0.627201 -1.118 0
2.39338e-22 -3.36871e-23 0
-2.81644e-38 4.00755e-38 0
-3.5602e-67 2.50354e-67 0
5.76303e-09 -2.56559e-08 0
-7.36373e-85 -3.1841e-83 0
-2.67601 -29.1631 -22.4971
-35.9245 52.0181 3.6302
-4.04754e-89 -3.23902e-88 0
-4.53319 -5.92464 -8.17497
-7.63249e-90 -3.30031e-88 0
1.76559e-72 2.73181e-71 0
-1.81209e-67 1.27428e-67 0
4.72824e-89 -3.59968e-89 0
1.21448e-25 -6.08131e-26 0
1.53158e-44 8.51714e-44 0
-2.59018e-84 -2.36122e-84 0
-2.39292e-96 -1.97121e-96 0
1.75583e-11 1.2372e-10 0
0.836532 27.5681 -10.3917
-5.57003e-72 3.22013e-72 0
0.00133858 0.00137416 0
58.994 -13.3451 -7.06767
-4.82017e-49 -4.17825e-49 0
-19.3957 9.53552 -13.5141
4.33048 13.2311 -6.5978
4.88574e-92 1.87679e-92 0
7.27685e-97 -5.5305e-97 0
-20.1919 3.54238 -11.1691
-5.69041e-82 -2.00772e-86 0
7.00018e-47 8.56212e-47 0
-3.43253e-79 -1.4843e-77 0
1.13385e-41 2.96272e-42 0
12.072 -31.0295 -23.4116
2.3677e-39 -3.53678e-40 0
-7.32174e-71 5.14866e-71 0
0.587549 32.2412 -11.6652
6.66488e-38 -8.97173e-38 0
1.01266e-85 1.08357e-85 0
-4.91659e-60 1.2168e-59 0
-1.92704 12.832 -15.9693
3.89793e-97 -3.57163e-97 0
-1.51505e-67 1.06541e-67 0
-34.8972 -17.1267 -2.89056
6.3893e-71 9.89027e-70 0
8.13349e-42 2.8535e-41 0
8.75345e-75 2.67353e-74 0
-7.97701e-41 1.80179e-40 0
-8.60188e-53 6.04886e-53 0
-1.6972e-64 1.19348e-64 0
14.6583 10.9311 3.40864
-15.6133 12.2379 -20.5154
66.0871 -44.4334 -10.43
-1.03847e-84 -2.53897e-84 0
8.4209 62.4397 -17.4976
1.16289e-31 6.05107e-31 0
1.81049e-43 2.81034e-43 0
6.18366e-81 2.05736e-81 0
-5.85566e-89 -8.91695e-89 0
1.90087e-95 -1.44919e-94 0
4.23324e-71 6.54989e-70 0
-19.2464 3.50219 -10.7994
-5.68982e-82 3.65567e-87 0
-1.34704e-90 3.32055e-91 0
-11.7822 -1.24614 -6.67536
-1.81047e-93 -9.45e-95 0
-7.07824e-90 -2.85386e-91 0
-8.29932e-60 2.18153e-61 0
-1.61255e-86 1.48103e-86 0
1.21202e-91 -1.02934e-91 0
-2.03695e-58 1.43239e-58 0
-3.3037e-52 2.32317e-52 0
2.11825e-74 3.2711e-73 0
-5.72545 -16.1584 -16.9048
6.20539e-35 -1.95513e-34 0
-2.27334e-36 -1.83172e-36 0
-18.3168 20.18 -15.256
-6.54874e-92 8.12414e-92 0
-1.6466e-79 -4.22e-79 0
1.23807e-40 -7.44916e-41 0
-5.76908e-79 1.2808e-77 0
-2.78257e-84 -2.15385e-83 0
2.18371e-78 3.97322e-77 0
2.4951e-07 -6.26017e-07 0
-8.52569e-94 -8.65233e-94 0
13.4108 -23.5909 24.9921
2.24131e-73 -4.35123e-72 0
-44.7036 -20.0832 -22.7093
-9.58129e-97 -1.0539e-95 0
3.12971e-71 4.84327e-70 0
2.32224e-68 3.59311e-67 0
-7.11947e-67 1.87815e-66 0
0.0549416 -13.7046 -22.737
2.26632e-74 3.50658e-73 0
-20.1194 -0.881313 -9.89443
-5.69042e-82 2.91207e-86 0
-9.32207e-47 -2.87811e-46 0
-35.0438 -0.798777 -17.5567
-2.07763e-95 -2.34323e-95 0
-1.22054e-95 -8.80073e-95 0
-1.62568e-80 3.5973e-79 0
-4.3155 25.1282 -10.0717
-5.57341e-87 6.91419e-87 0
-1.89528e-76 -5.83115e-77 0
-4.72209e-42 2.86002e-42 0
-8.34282e-96 8.04117e-96 0
7.26848e-97 6.62972e-96 0
5.71946e-97 1.11994e-95 0
-1.96607e-46 3.7202e-46 0
-2.13424e-73 4.72263e-72 0
51.4685 13.714 12.2704
-1.68123e-53 1.18224e-53 0
5.27978 -2.0102 -15.0415
22.1628 10.3428 -17.4824
-31.2147 -12.4052 -7.39026
-7.41157e-93 5.82442e-93 0
-4.25258e-94 6.1738e-94 0
-18.3204 -6.15383 -5.99195
-3.51028e-58 8.10779e-58 0
-6.03789e-85 7.90322e-85 0
-5.76572e-66 5.01327e-65 0
8.63905e-50 5.08745e-50 0
5.63726e-81 1.48734e-81 0
-4.45081e-82 -1.92464e-80 0
-1.91785e-92 2.2273e-92 0
0.00445596 0.0113002 0
3.38067e-97 -3.29811e-96 0
4.64376e-97 -6.58535e-96 0
-6.41426e-85 -5.52835e-84 0
1.04574e-96 -1.12235e-95 0
-6.8418e-63 1.02041e-61 0
-6.7318e-88 2.40191e-88 0
-6.1867e-93 -1.63349e-92 0
-2.14882 22.4352 -6.73022
-1.55227e-22 5.1315e-23 0
-11.525 27.1989 -23.1909
-2.21095e-81 1.17981e-80 0
1.45693e-71 2.25424e-70 0
5.36939e-06 -22.856 5.75869
2.05037e-38 -2.52776e-36 0
-5.64792e-12 -6.62793e-13 0
6.73618 6.38088 -0.0343599
-1.4115e-82 8.26497e-82 0
15.9761 -43.1443 -1.70923
-4.62966e-35 4.50173e-34 0
-4.79942e-53 -1.42303e-53 0
-1.8788e-37 2.4074e-36 0
7.23724 15.8011 0
-8.67174e-05 -8.75846e-05 -16.5319
1.12349e-07 -1.45301e-05 4.8566
6.22206e-06 -0.000260668 -15.6398
1.87604e-17 -1.93561e-17 0
-5.17488e-11 -7.13331e-11 0
1.19846e-24 2.66694e-26 0
2.34913e-62 8.41974e-63 0
-1.44643e-06 -1.95325e-06 0
0.470949 0.302806 0
-7.02304e-31 5.78837e-31 0
1.47407e-85 4.51467e-85 0
3.55959e-27 -4.9209e-26 0
3.08564 25.8708 -19.0296
-7.74394e-84 1.99871e-81 0
-1.30644e-76 -5.39103e-76 0
1.26995e-72 4.75673e-72 0
-9.95527e-84 2.2029e-82 0
5.20525e-73 8.04836e-72 0
-2.81942e-92 -1.1394e-91 0
-3.7156e-15 -1.70853e-15 0
1.13756e-93 -6.44303e-93 0
3.31581e-86 -1.53272e-86 0
2.99283e-89 -9.99665e-90 0
3.55124 -19.165 -11.1299
-1.89776e-56 -1.02818e-54 0
5.12905e-85 9.3971e-86 0
-1.1297e-68 3.85727e-68 0
50.3551 -0.0577784 59.2791
2.79426e-94 -8.71199e-94 0
45.3469 -7.0256 -2.35841
-4.17014e-85 -1.80318e-83 0
-4.50524 -36.9815 21.5034
-5.31536e-74 -2.6436e-74 0
6.004e-08 -2.35414e-07 -16.526
5.80033e-05 1.66989e-05 4.87583
4.04146e-05 -2.35008e-05 -15.6233
3.65812 23.474 -3.32155
-1.35274e-20 7.78377e-21 0
-1.03588e-84 -8.27636e-84 0
7.29016e-48 -6.4197e-49 0
0.0489033 0.0085909 0
30.1207 39.0446 15.687
10.6742 24.3273 -8.42595
1.33369e-73 1.42847e-73 0
-6.18022e-83 -2.56162e-81 0
3.35364 21.6722 -16.3163
-1.55843 12.4497 -17.3941
3.01991e-69 -4.98076e-69 0
-1.71626 0.781344 -15.3946
-1.84515e-94 5.71197e-93 0
-3.59811e-95 4.20403e-95 0
-4.85555e-61 -5.64008e-61 0
1.01032e-70 1.56396e-69 0
-2.32659e-78 -1.86166e-77 0
6.86951e-44 -3.07506e-44 0
9.05728e-74 1.29018e-72 0
3.50046 -19.2927 -10.8035
1.78883 -3.11004 -20.9514
1.68552e-93 -2.80637e-92 0
1.3259e-28 4.24616e-28 0
-0.00171888 0.0323238 0
5.01407e-89 -1.55667e-88 0
-9.60722e-35 6.75582e-35 0
-7.02535e-93 -7.84962e-91 0
9.93291e-60 -1.98997e-59 0
7.43914 -34.7288 -10.4961
1.77698e-07 6.55547e-08 -16.532
0.000150506 5.78921e-05 4.85708
1.55206e-07 3.83083e-05 -15.6402
2.35539e-40 -6.55414e-41 0
-1.75117e-85 -1.40112e-84 0
-25.6872 54.9621 -18.2555
-71.8767 3.1453 -16.9607
1.48729e-94 -6.42711e-94 0
1.19497e-89 1.18753e-89 0
-3.08097e-53 2.16654e-53 0
-3.36206e-79 -2.67424e-78 0
-1.55948e-94 -1.75134e-92 0
0.000121352 27.7548 3.53557
-2.05006e-38 2.52778e-36 0
3.78686e-95 -6.34542e-93 0
-1.86909e-82 -1.49442e-81 0
1.41801e-66 -1.4378e-66 0
-7.5569e-42 2.44153e-42 0
3.39208e-89 2.77421e-89 0
-9.43141e-85 3.69427e-85 0
3.81608e-96 -1.45256e-95 0
-11.4891 14.4692 -17.1697
-4.11572e-76 9.10724e-75 0
2.44787e-97 -3.00671e-98 0
6.56174e-96 5.37808e-95 0
-3.97005e-44 4.00597e-44 0
-4.14599e-90 -4.68172e-90 0
-3.19852e-94 2.5424e-94 0
7.8291 59.8103 -20.1911
-8.95204 -19.2481 -16.3256
5.24896 20.4556 19.0924
9.97791e-84 -1.29571e-83 0
-6.54945 -18.0093 32.0753
-1.54903e-87 -1.82485e-87 0
-9.41318e-29 -1.20531e-29 0
1.09782e-12 -9.10486e-14 0
-59.2007 19.1 -17.5562
2.96188e-10 -6.77282e-10 0
38.2977 25.757 7.26722
-84.3917 9.87654 3.37515
4.99365e-49 3.51937e-49 0
-4.79687e-48 2.0288e-47 0
-4.07293e-48 5.1906e-49 0
1.1839e-78 -1.61874e-78 0
3.66265e-45 -2.90765e-45 0
1.29531e-95 -9.86771e-96 0
2.8766e-98 2.69039e-96 0
-3.15523e-75 -6.96279e-75 0
4.55028e-95 -3.41063e-94 0
-1.78276e-87 -1.00988e-87 0
3.08944e-85 -7.11188e-86 0
-13.8009 -3.37559 -7.11557
2.86844e-50 -9.33365e-51 0
-6.41574e-79 3.03582e-78 0
-1.31491e-10 1.14965e-10 0
9.26079e-34 -2.6964e-33 0
26.7772 3.15879 -19.2398
5.70356e-82 -1.55929e-86 0
-6.72798e-54 -6.71425e-54 0
7.28881e-86 7.80677e-86 0
-4.49948e-35 -2.25736e-35 0
2.33016e-30 2.94647e-30 0
6.37744e-67 -7.90772e-67 0
-3.77685e-50 -4.06915e-50 0
2.18493e-77 3.37072e-76 0
3.51411e-88 -4.34746e-88 0
3.86375e-88 4.13834e-88 0
2.16725e-90 4.9322e-90 0
-1.20706e-98 -7.87899e-98 0
8.04995 21.5215 13.1229
3.13135e-65 5.59192e-65 0
-7.63202e-96 2.25558e-94 0
-9.30355 -111.768 -5.43131
-4.05051e-81 -1.9448e-81 0
1.64008e-83 1.75595e-83 0
-9.05118 -26.1381 24.1507
2.32382e-92 -1.49678e-92 0
7.37884e-07 1.75153e-06 0
2.16483e-48 1.26548e-49 0
12.6373 17.8623 -21.6749
-6.81157e-36 4.84182e-36 0
-1.17611e-78 -9.41099e-78 0
1.98866e-46 -9.37404e-46 0
-34.5315 -8.21688 -9.29857
-1.1902e-06 1.061e-07 0
-9.92108e-67 6.97653e-67 0
-4.00731e-68 -1.48301e-67 0
1.98438e-09 -3.43129e-09 0
11.3651 42.4425 -23.1549
25.8293 3.08871 -19.0189
5.69434e-82 1.45271e-86 0
-14.249 13.2441 1.34698
-6.93294e-52 -6.81655e-53 0
5.40278e-52 3.914e-52 0
1.96895e-41 -8.08581e-42 0
-4.50827e-34 -2.30242e-33 0
-1.4192e-92 -6.60095e-93 0
2.81673e-96 2.47897e-95 0
-37.6734 35.7292 41.8161
-7.53505e-64 5.29867e-64 0
-3.24171e-79 -1.40173e-77 0
-5.7196e-81 -4.57666e-80 0
-8.68917 -46.4875 -13.6541
13.166 63.0388 4.05706
-8.8237e-49 -5.27687e-49 0
-2.17993e-51 9.08572e-52 0
-57.3196 -8.89718 18.6147
5.67687e-45 -2.01358e-45 0
-1.00982e-96 3.61823e-97 0
16.636 -95.5465 -3.25633
31.0752 -19.4216 29.7544
42.498 16.1043 34.4464
-4.68962e-70 2.96448e-70 0
-2.35069e-77 -1.16912e-77 0
-3.27225e-54 2.30105e-54 0
6.79265e-05 -1.90078e-05 0
-2.60499e-33 6.07611e-33 0
43.2651 -3.26134 -0.621442
21.748 73.1694 -1.65309
30.3315 10.4921 8.259
-36.8068 22.4677 -0.451268
-1.8346e-78 -1.46802e-77 0
26.901 -1.11051 -18.8534
5.69039e-82 3.77143e-86 0
1.54651e-76 1.65636e-76 0
-8.1012e-10 -1.52854e-10 0
-1.20565e-55 -1.10653e-55 0
1.08035e-82 9.54222e-83 0
38.4507 76.349 -9.58556
17.7246 -30.4908 -16.111
-0.0597238 16.9939 11.9196
-35.2302 -48.9476 58.4826
-9.65568e-88 1.19785e-87 0
3.04825e-84 2.46788e-84 0
8.35032e-95 3.38831e-95 0
-1.42266e-56 -7.891e-56 0
1.32824e-48 -1.1052e-48 0
2.05463e-43 -1.54564e-42 0
-14.8376 -38.3517 -23.7455
-5.13614e-64 3.61174e-64 0
34.1263 20.3954 -1.84274
4.50689e-49 2.67648e-49 0
37.2661 6.67954 -21.0786
2.37273e-94 -8.94438e-94 0
-1.82233e-95 6.13195e-96 0
2.40675e-13 -5.72185e-13 0
1.26825e-70 1.97165e-69 0
-1.82594e-79 4.04042e-78 0
1.39113e-89 3.45529e-89 0
7.6046e-94 5.78557e-93 0
5.81691e-36 -6.27388e-36 0
-3.9753e-92 -5.13364e-92 0
4.71222e-56 1.5001e-56 0
156.862 18.3433 -17.2296
9.16648e-76 3.43342e-75 0
13.6169 -36.8321 -12.2848
2.60811e-48 -1.51246e-48 0
-1.213e-87 -9.62014e-87 0
-24.8668 -46.6003 16.5509
-8.61978e-95 -1.24422e-94 0
-1.86979 21.723 -18.5828
-5.30981e-41 8.63256e-40 0
-4.96567e-57 2.78463e-57 0
-1.1862e-91 -1.77976e-91 0
-4.6379 20.1104 -21.8411
-3.38904e-83 -3.10374e-83 0
-2.39288e-96 -1.97117e-96 0
1.75649e-11 1.23721e-10 0
0.852864 28.2811 -10.1686
-2.14743e-06 -3.27519e-07 0
-8.0432 -1.93306 -21.8115
7.79934e-97 -4.57239e-98 0
-1.52558e-92 -1.80052e-92 0
-2.13616e-81 2.65006e-81 0
-2.09314e-28 4.60186e-29 0
-1.72163e-82 -7.42776e-81 0
-3.39774e-63 2.80915e-63 0
-20.1919 3.54047 -11.167
-5.70281e-82 -1.47542e-86 0
48.6075 20.5372 -1.72186
2.80297e-92 6.13142e-92 0
-6.10931e-96 -1.08459e-96 0
-1.95093e-50 9.08251e-51 0
1.50323e-73 2.3259e-72 0
-1.6727e-59 -2.15545e-59 0
10.5838 47.2704 53.4072
-2.14747e-16 -6.96154e-17 0
-8.31913e-82 -3.59722e-80 0
-1.1782e-59 2.87619e-59 0
-1.6251 -22.1278 -20.2441
1.33068e-94 -1.01323e-94 0
-8.38292e-46 5.89489e-46 0
4.12101e-15 -1.70025e-15 0
-1.6116e-88 -1.89857e-88 0
-7.41926e-87 -3.20811e-85 0
1.56326e-65 2.41876e-64 0
-5.42444e-96 3.58782e-96 0
-1.97035e-82 -8.51996e-81 0
-1.24205e-82 -5.37061e-81 0
14.8315 9.92509 1.14229
-16.038 12.119 -20.5922
2.41173e-47 -8.15479e-49 0
-8.08685e-91 -1.86709e-91 0
1.0197e-72 -8.04324e-71 0
1.25814e-80 1.0832e-80 0
-70.401 -5.99412 9.88267
-0.209705 -0.201451 0
-0.727256 -0.507289 0
24.9992 -3.04158 -15.6103
-6.27805e-43 4.41474e-43 0
-19.2471 3.50274 -10.7937
-5.0269e-52 -4.21579e-53 0
-2.3055e-82 1.13015e-82 0
-1.126e-47 7.91809e-48 0
-4.93981e-43 2.60723e-44 0
-1.0011e-80 -4.97898e-81 0
-3.5454e-60 9.31817e-62 0
6.5498 10.9819 -20.0786
-25.7534 -21.5663 -13.4384
29.6569 -19.4679 -14.9739
6.52497e-78 1.00958e-76 0
1.2917e-77 1.97091e-76 0
-6.28447 -15.7365 -16.795
4.08726e-96 -2.14188e-95 0
1.84385e-67 -1.92732e-66 0
-2.86709e-92 5.8326e-92 0
-21.9267 -3.58827 -20.8119
-8.27758 2.616 -12.4011
4.11291e-76 4.4052e-76 0
-37.5488 10.185 58.2546
8.29032e-21 3.53386e-21 0
1.09053e-83 1.16782e-83 0
1.84676e-08 -4.75193e-08 0
-8.52058e-94 -8.66893e-94 0
-26.3256 1.70686 16.8786
3.56427e-32 -1.4539e-32 0
1.07621e-71 1.3266e-71 0
6.75511e-75 1.05097e-73 0
3.40291e-89 -1.13664e-89 0
-1.69602e-93 -2.40085e-93 0
-8.29081e-77 -1.38428e-76 0
1.59032e-68 2.46502e-67 0
1.33156e-68 2.06025e-67 0
-20.1198 -0.880079 -9.89288
-5.70278e-82 3.99955e-86 0
-1.5075e-13 5.39181e-13 0
-35.0569 -0.759346 -17.5122
-3.15242e-93 -3.06552e-92 0
4.86583e-81 7.86749e-81 0
8.9201 -65.2783 -0.205164
11.9352 -8.21563 -19.1677
-3.9428e-65 2.71507e-65 0
-1.008e-43 -1.22445e-43 0
2.48853e-76 2.82088e-76 0
-8.34274e-96 8.04107e-96 0
-5.58535e-98 2.14529e-97 0
1.43795e-72 8.51888e-73 0
-5.13835e-77 -1.85768e-77 0
-2.51382e-55 1.76772e-55 0
-2.92298e-20 1.60733e-20 0
-8.92043e-44 3.7123e-44 0
-2.19615e-38 -1.07831e-38 0
-6.25949e-22 3.61354e-22 0
-14.5441 16.046 -20.7538
4.30024e-72 6.79319e-74 0
-8.56962e-31 -9.83558e-31 0
9.73415e-41 6.4101e-42 0
-7.26784e-91 5.81143e-90 0
4.27962e-66 -2.3176e-66 0
1.00724e-82 1.30572e-83 0
2.67541 72.5192 27.7241
-1.72114 -4.13136 -20.7504
2.00204e-79 2.14432e-79 0
-2.74783e-89 -8.35046e-89 0
-2.61309e-90 2.05369e-90 0
1.3627e-96 -2.4185e-95 0
7.46925e-97 -2.88809e-96 0
-9.95869e-82 -8.58433e-81 0
1.66864e-97 -1.33946e-96 0
-5.41817e-63 1.02343e-61 0
1.3566e-91 -1.78363e-91 0
-17.4096 -28.9251 -13.4289
0.853131 31.4884 -13.4429
4.15027e-78 1.54439e-78 0
2.12549e-06 4.5661e-06 0
-1.4855e-48 7.52105e-48 0
-1.63818e-82 -1.62652e-81 0
5.22811e-06 -22.8561 5.75865
2.05048e-38 -2.52774e-36 0
9.82977 14.7292 -3.74838
8.88588e-94 4.1134e-95 0
-3.03806e-84 1.62139e-83 0
20.163 -43.2393 1.44362
2.46513e-77 2.64032e-77 0
-2.01462e-61 1.41668e-61 0
18.9931 -25.5717 -9.61085
2.70479e-25 1.74855e-25 0
0.00011326 -0.000113472 -16.5318
3.33937e-08 -1.45472e-05 4.85659
0.000151236 -0.000368037 -15.6396
6.76086e-48 -1.22632e-48 0
-2.35759e-51 4.63108e-51 0
23.8984 7.07428 -6.20839
1.19282e-60 4.48326e-61 0
-9.22454e-75 1.18061e-75 0
0.0173541 -0.0303196 0
7.8827 3.23684 -18.9919
5.13375e-38 7.95472e-38 0
4.07755e-28 -5.7204e-27 0
3.08799 25.8686 -19.0309
-4.01969e-82 7.46784e-80 0
3.30755e-94 1.85353e-96 0
6.79616e-73 2.54557e-72 0
1.20649e-82 2.40835e-82 0
16.9457 -11.1337 -14.1251
3.3316e-46 -6.66245e-45 0
-3.18103e-81 4.54649e-81 0
1.44169e-58 1.28325e-58 0
-5.41151e-87 -1.45085e-87 0
1.00021e-86 1.06977e-86 0
3.55133 -19.1651 -11.1303
-1.89799e-56 -1.02799e-54 0
-5.30669e-38 -8.24419e-38 0
-1.01265e-66 -2.1638e-68 0
-43.3456 -66.7497 36.4256
-3.60585 14.1041 -17.0489
4.4095e-09 5.46248e-09 0
9.13285e-63 8.37219e-63 0
20.2208 -33.9446 -1.42987
1.83801e-26 2.67176e-26 0
4.04513e-07 -3.9072e-07 -16.526
2.02454e-05 5.829e-06 4.8757
5.961e-05 -5.15297e-05 -15.6233
3.65339e-86 -2.78163e-86 0
-5.09338e-34 1.78336e-33 0
-2.11258e-11 -2.47915e-12 0
1.24588e-48 -1.41067e-49 0
5.2721 0.896301 -23.562
8.72825e-85 1.65246e-84 0
17.0052 26.1156 -2.07248
4.33694e-48 9.45355e-48 0
-5.31938e-90 -2.31049e-88 0
3.35384 21.6718 -16.317
-1.55803 12.4495 -17.3939
-7.11259e-61 5.00159e-61 0
-7.06295e-78 -1.45756e-78 0
1.57922e-96 -4.61957e-96 0
1.68384e-55 2.22508e-54 0
3.27082e-93 -9.59835e-93 0
-1.34713e-60 9.47307e-61 0
-2.21725e-07 -2.60198e-08 0
1.11907e-40 2.62499e-40 0
7.6725e-92 1.3941e-90 0
3.5022 -19.2912 -10.8062
1.76899 -3.12362 -20.9415
-1.84504e-85 -4.25982e-86 0
4.24064e-88 4.91338e-88 0
2.52291e-95 7.63216e-95 0
-22.339 0.855496 -2.45391
2.1318e-52 -7.88896e-50 0
-8.935e-90 -3.8675e-88 0
-8.01392e-57 -9.07856e-56 0
-1.6852e-61 -1.77339e-61 0
2.07259e-05 -4.05139e-06 -16.5318
9.26293e-05 4.12033e-05 4.85689
4.0138e-05 4.73503e-05 -15.64
-3.85805e-13 1.80682e-12 0
-0.000542368 -0.000266104 0
-28.073 -9.13212 -10.3519
-9.67685e-80 -8.59229e-79 0
-1.67302e-36 -3.42929e-36 0
17.6204 14.8951 -6.45775
1.42154e-82 9.20401e-83 0
-25.8784 -3.14907 42.4023
6.39894e-81 7.16063e-81 0
0.000108839 27.7548 3.53549
-2.05017e-38 2.52776e-36 0
-1.7337e-92 -1.74041e-91 0
-9.53715e-83 -7.53446e-82 0
-4.61127e-60 -6.20019e-59 0
8.54377e-67 -6.23101e-67 0
3.75862e-31 1.14727e-29 0
1.58842e-84 1.42049e-84 0
33.8926 12.269 -5.74053
-2.20693e-79 -9.54285e-78 0
-8.50575e-79 1.88215e-77 0
1.63379e-97 -6.12484e-98 0
-5.10375e-57 -1.26703e-57 0
6.35352e-94 1.4457e-93 0
-3.61946e-90 -4.19635e-90 0
5.08311 -1.01059 40.2428
-1.06915e-83 -4.62304e-82 0
2.31412 -25.5953 -12.5078
-1.17258e-42 -4.31839e-42 0
-2.02975e-13 3.97739e-13 0
67.4147 100.589 5.66797
5.97495e-95 -4.55098e-95 0
-27.102 -28.4102 -16.9925
5.15893e-68 4.80962e-68 0
-1.28791e-85 -5.56897e-84 0
-7.28572e-97 -4.96365e-97 0
2.01838e-94 -1.11688e-94 0
8.61352e-92 -6.55819e-92 0
-2.52071e-09 1.53554e-08 0
-1.68014e-29 -7.16348e-30 0
-2.7046e-59 8.53573e-60 0
80.5256 -39.5976 -17.5837
5.62638e-42 -4.46658e-42 0
5.49568e-96 -4.14663e-96 0
-9.98365e-98 3.01372e-96 0
-1.8249e-88 -7.89093e-87 0
-6.80582e-94 -2.94498e-92 0
-9.41734e-23 -2.73051e-22 0
2.1206e-73 2.1835e-73 0
-9.77284e-36 6.87229e-36 0
1.22376e-86 -3.72484e-87 0
-4.95552e-90 -2.15647e-88 0
8.05858e-81 8.63032e-81 0
-1.45802e-19 4.0164e-19 0
26.7814 3.15943 -19.2345
1.67943e-26 9.8004e-28 0
-5.6216e-40 -5.57808e-40 0
-5.76261e-24 -5.43395e-24 0
16.608 69.8837 -20.0931
-22.9611 -45.2537 31.8521
-57.045 -1.45396 -20.0132
-34.2774 -6.93395 -20.3369
4.89863e-27 9.20708e-27 0
7.36383e-92 7.5042e-92 0
6.94285e-70 6.43836e-70 0
-19.5385 -51.2495 0.401231
-4.92898e-79 -3.944e-78 0
15.7645 55.3529 8.36506
1.30857e-77 2.75833e-77 0
54.1156 64.1346 46.3678
-38.647 -27.7409 -20.7988
-7.57498e-65 5.32675e-65 0
1.27909e-79 1.36999e-79 0
0.0106008 -0.131816 0
29.5957 -11.2345 59.6134
-4.63014e-85 -2.00209e-83 0
1.3037e-71 4.79847e-72 0
-0.360748 19.7313 -20.4543
12.6401 8.57348 0.598468
-9.41106e-87 -4.06938e-85 0
-1.98989e-43 3.09217e-44 0
-6.22375e-97 -7.6286e-97 0
7.84093e-81 8.39715e-81 0
-3.63986e-86 1.58095e-84 0
-3.9413e-86 -3.24063e-85 0
6.95172 22.6293 -6.08274
-9.19055 20.8144 5.56019
25.8323 3.0887 -19.0149
14.0197 0.0646184 -23.3081
-2.16792e-39 -6.8189e-40 0
2.52253e-82 2.7018e-82 0
4.58199e-90 -4.02496e-91 0
4.30419e-90 -4.03892e-89 0
4.85232e-33 -1.0307e-33 0
-61.3957 57.5826 -10.7933
-1.46699e-61 -7.64971e-62 0
-5.1384e-52 -1.27563e-52 0
4.20354e-16 7.13253e-16 0
-2.47617e-79 -1.0707e-77 0
1.20839e-90 2.28776e-90 0
23.9225 -40.6394 -5.85949
-7.32295e-25 -7.48448e-25 0
-4.72685e-08 -2.31471e-08 0
1.12902e-91 6.73137e-92 0
1.1492e-49 5.34431e-49 0
5.7924e-47 -6.07134e-47 0
-1.85267e-79 -8.01102e-78 0
5.12736e-96 1.24033e-96 0
3.45922e-28 2.33954e-28 0
-112.499 92.8673 82.803
3.22099e-49 -2.55702e-49 0
77.0351 -41.0629 4.22263
4.58733e-81 6.84271e-80 0
-1.58964e-97 1.9829e-96 0
8.87908e-95 -1.51143e-94 0
-42.7085 39.2839 -16.1558
8.99574e-61 -5.2493e-60 0
48.5378 35.7799 0.604748
6.08322e-19 -1.32163e-17 0
1.56502e-95 3.19705e-95 0
26.9056 -1.11179 -18.848
1.12775e-60 4.86055e-62 0
-26.306 41.6971 -15.4345
-3.51976e-85 -4.1465e-85 0
-15.6997 15.2348 -12.2252
-1.14485e-26 -1.22563e-26 0
-1.85648e-27 -5.05136e-27 0
1.222e-75 -1.21965e-75 0
9.89848e-12 4.57015e-12 0
-4.64048e-87 -1.48111e-88 0
-2.76754 -12.8197 20.2067
4.65831e-87 3.7714e-87 0
5.81743e-51 9.97052e-51 0
-5.79478e-59 -2.91712e-58 0
-1.39331e-62 9.01861e-64 0
3.2933e-59 -7.61261e-60 0
-4.12762e-93 -5.63334e-93 0
-1.68549e-71 -6.48191e-72 0
2.163e-15 9.40614e-16 0
1.80555e-25 4.37041e-25 0
1.75295e-86 1.87637e-86 0
-7.13212 -3.13516 -12.2166
-2.00487e-95 1.81878e-95 0
-4.23268e-88 2.05848e-88 0
1.07838e-59 1.36485e-59 0
10.3738 7.50275 -16.5129
5.87661e-72 5.05951e-72 0
2.34736e-94 1.13314e-93 0
-9.15544 12.9298 4.91484
1.33665e-95 -1.36e-95 0
2.50498e-86 2.68121e-86 0
-3.51298e-05 0.000434566 0
-3.88073e-86 -1.67804e-84 0
1.80177e-87 -2.17761e-87 0
-1.79024e-87 1.40699e-87 0
5.14399e-62 -1.25407e-61 0
4.3185e-34 -8.39415e-34 0
2.06774e-96 7.58213e-97 0
5.19262e-97 -2.28878e-97 0
-1.85521e-88 -1.48441e-87 0
1.53582e-96 -3.68818e-96 0
2.55394e-44 -2.41352e-44 0
-2.85838e-93 1.81179e-92 0
-1.42425e-86 -1.30643e-86 0
-2.39035e-96 -1.95935e-96 0
1.14664e-11 8.04449e-11 0
0.818149 28.3992 -10.3653
3.45608e-51 -5.85865e-51 0
-9.1711 8.29243 -23.1389
5.25879e-14 4.28097e-14 0
3.84584 36.296 -14.4312
2.11964e-24 1.65423e-24 0
44.129 56.3147 -20.7086
7.74405e-40 1.23613e-38 0
4.20694e-77 4.50591e-77 0
-20.1929 3.53993 -11.1676
-8.73006e-82 -2.17236e-86 0
-6.84833e-69 5.12799e-69 0
-9.07821e-68 6.39818e-68 0
-2.81744e-88 -4.22726e-88 0
-1.18376e-77 -1.17397e-77 0
-8.02637e-30 8.66409e-31 0
-1.19803e-34 -3.10609e-34 0
-6.57716e-84 8.15942e-84 0
-1.46457e-68 1.10619e-68 0
-6.4612e-92 -2.79412e-90 0
-2.62278e-56 6.75701e-56 0
-12.6626 -18.0706 -19.6191
7.12266e-91 -1.2364e-91 0
2.82131e-75 -2.00904e-75 0
2.41244e-87 -1.61379e-87 0
-1.30627e-31 9.18574e-32 0
1.66146e-75 -3.00464e-76 0
22.4176 50.7538 -16.8418
-9.21268e-80 -3.98359e-78 0
26.9842 2.76406 -1.87185
1.97788e-89 1.51639e-89 0
12.7232 13.083 8.67823
-16.0364 12.1109 -20.5883
-3.73172e-92 -1.46047e-92 0
1.60791e-57 3.30102e-57 0
7.34035e-65 1.14458e-64 0
-2.65431e-35 1.86652e-35 0
-1.00794e-94 -7.72717e-95 0
-2.81836e-32 -1.5275e-32 0
-3.33893e-72 -3.19379e-72 0
2.92304e-79 3.13072e-79 0
6.85341e-66 1.02646e-65 0
-19.2464 3.50239 -10.7941
-5.71482e-82 2.80574e-86 0
-1.02781e-11 -1.20615e-12 0
43.9438 28.4822 -21.7201
1.69574e-95 -1.39852e-95 0
1.37341e-32 1.36356e-32 0
-1.00625e-64 2.31377e-65 0
8.11732 40.0923 -18.7047
2.92997e-96 2.53078e-95 0
-8.9738e-65 -7.36422e-66 0
3.48117e-68 5.38677e-67 0
1.032e-84 1.10535e-84 0
-6.2886 -15.7265 -16.7915
0.035767 0.0242818 0
-16.5108 -13.2172 -19.6336
1.46446e-70 -7.49188e-71 0
4.65513e-84 -1.29552e-84 0
3.02535e-74 4.68097e-73 0
14.3589 -19.702 5.79742
5.43629e-09 -3.74597e-09 0
-6.19846e-05 -3.72697e-05 0
-14.2563 -13.8477 -19.5783
0.852529 -8.19705 0
2.16897e-37 -3.99758e-37 0
2.71355e-92 -7.31921e-92 0
1.76673e-79 -1.43543e-78 0
63.7759 50.3152 -2.35942
-48.2857 -73.3239 1.85999
-5.55517e-68 3.93994e-68 0
-3.1443e-90 -1.41861e-88 0
-3.16205 29.4723 -19.2324
1.68121e-77 1.80068e-77 0
-40.2237 26.3897 -0.578026
-20.1215 -0.879482 -9.89338
-8.72989e-82 7.93065e-86 0
5.20102 27.7943 -0.731998
-36.7045 -0.46747 -18.9155
-3.8741e-78 -3.98266e-77 0
3.60001e-96 -6.45959e-95 0
2.95892e-73 4.5782e-72 0
-1.34017e-09 -2.54201e-09 0
-3.2935e-86 -1.77497e-86 0
-16.2303 -2.39489 -20.3213
1.85506e-71 2.87025e-70 0
-5.43311e-96 5.19638e-96 0
1.14874e-96 1.67216e-95 0
4.58883e-74 2.70633e-74 0
-7.47646e-09 2.01234e-09 0
2.35211e-90 2.86777e-89 0
-8.68706e-83 -6.95111e-82 0
-4.52537e-81 -1.86764e-81 0
1.1593e-95 6.81615e-95 0
-6.06961e-55 4.26817e-55 0
-17.6638 -10.604 -18.7654
-1.08125e-80 -1.91727e-79 0
-1.89841e-38 -2.08789e-38 0
-19.042 -13.02 -22.3357
-8.18371 -29.4404 2.24109
1.49406e-20 9.57611e-21 0
27.8642 -6.09219 -5.41702
3.44971 84.8564 -16.4
2.1307e-05 3.13905e-06 0
4.39005e-85 3.78016e-85 0
1.0197e-10 9.78859e-09 0
12.8991 37.5403 25.6851
2.86185e-97 -5.20282e-96 0
3.52205e-97 -4.32952e-98 0
-6.44522e-79 -5.55574e-78 0
8.97926e-92 -2.904e-91 0
-3.01051e-64 7.78305e-64 0
1.0529e-96 -1.22851e-96 0
5.22606e-79 -1.33139e-78 0
2.92969e-94 4.19282e-94 0
12.6872 38.9265 -5.03504
-4.0636e-70 1.72366e-68 0
8.39355 43.0224 6.3929
-1.44614e-82 -1.15715e-81 0
2.0828e-05 -22.8666 5.75241
2.07056e-38 -2.5275e-36 0
-1.83073e-54 1.28737e-54 0
7.80966e-94 -5.76853e-93 0
-5.80675e-76 1.28491e-74 0
-8.90131 -52.588 -0.672697
-2.01321e-73 2.49227e-70 0
-1.25846 -9.80829 41.2836
-21.2695 -21.3781 23.3542
-1.11752e-62 -4.42013e-63 0
0.000210156 -0.000120117 -16.5325
3.35293e-06 -1.46533e-05 4.85571
0.000178328 -0.0001494 -15.6409
-6.12763e-35 -2.36415e-35 0
1.08308e-66 -1.10202e-66 0
-2.36004e-53 5.12938e-53 0
1.10157e-57 9.3902e-58 0
1.25845e-77 8.27969e-78 0
-3.52952e-35 2.48197e-35 0
-2.53846 30.3249 -10.4792
32.7821 -12.8658 28.8655
1.19134e-29 -1.8335e-28 0
3.08685 25.8816 -19.0393
-9.40631e-45 2.13083e-43 0
-7.66102e-65 5.10182e-67 0
4.24701e-70 1.59076e-69 0
6.86437e-95 2.61347e-94 0
-2.76476e-64 -3.73242e-64 0
-1.23e-58 3.73679e-57 0
16.2428 6.06186 -6.29652
6.9779 14.779 -23.2588
-16.9964 -2.83525 9.81531
1.66359e-89 -5.55674e-90 0
3.55108 -19.182 -11.1354
-1.23249e-56 -6.6869e-55 0
-1.11623e-66 7.84937e-67 0
8.88284e-90 6.94938e-90 0
17.7096 1.04791 6.09914
-3.21913e-96 2.10758e-96 0
-3.24635e-55 -6.08134e-55 0
114.409 -14.1759 16.6949
1.60321e-93 6.26093e-95 0
-1.02915e-92 -1.02018e-91 0
8.60206e-07 -3.19356e-07 -16.5269
3.223e-06 5.69298e-09 4.8747
2.06508e-05 -9.08513e-07 -15.6243
6.56728e-42 -7.48835e-42 0
9.81819e-49 -4.79779e-49 0
3.98677e-17 -1.17829e-17 0
1.25634e-31 9.81922e-32 0
1.0482e-20 1.03359e-20 0
-1.10505e-39 -1.26545e-39 0
-3.0299e-65 -2.50638e-64 0
-17.5392 3.10488 -3.83861
5.80393e-75 9.0298e-74 0
3.35367 21.688 -16.3244
-1.55712 12.4445 -17.3931
-1.85871e-36 1.29057e-36 0
1.09247e-59 3.3116e-59 0
-1.91883e-77 3.53741e-75 0
9.72862e-83 6.6812e-82 0
2.07761e-34 -8.62966e-35 0
7.74056e-94 5.91217e-93 0
-4.97567e-73 -4.28899e-72 0
56.4425 -32.6092 -9.20877
20.0042 26.9215 -13.4266
3.5007 -19.307 -10.813
1.9492 -2.91133 -21.0863
-1.449e-87 -1.61896e-85 0
-4.60692e-76 1.01942e-74 0
2.02829e-09 4.86261e-09 0
-2.85103e-40 1.50477e-41 0
-0.0111245 -0.0459219 0
-0.181689 3.70637 -22.411
-1.20895e-46 -2.78172e-46 0
-1.23863e-35 1.20213e-35 0
7.31283e-05 -3.00942e-06 -16.5325
3.90805e-05 7.63901e-06 4.85596
0.000188694 3.91204e-05 -15.6409
3.82558e-87 8.70622e-87 0
-1.01374e-82 -8.11159e-82 0
3.60097e-86 3.85543e-86 0
-6.17451e-26 -5.65222e-26 0
20.8967 0.627408 -15.4772
36.5116 -51.1778 -10.7173
-1.70969 -29.8531 -18.4572
3.69044e-96 8.75196e-97 0
-6.73502 21.6364 -22.8038
1.90412e-05 27.7641 3.52798
-2.05056e-38 2.52767e-36 0
-3.18858e-93 -3.50517e-92 0
-1.71557e-87 -1.36265e-86 0
-1.98241e-71 -1.15015e-71 0
9.01601e-87 -9.69541e-86 0
-2.65995e-39 1.87048e-39 0
9.87152e-28 -2.50384e-29 0
-267.125 -113.766 95.5675
-32.3284 -12.8916 -13.3101
-3.91892e-82 8.67177e-81 0
-2.35601e-96 4.0514e-96 0
7.03537e-96 5.28166e-95 0
1.44315e-94 7.61666e-95 0
-2.45007e-91 -3.54054e-91 0
-1.64211e-50 -2.91811e-51 0
1.07035e-94 4.30247e-95 0
-10.7942 -27.506 -4.29666
-3.44629e-55 -1.51814e-55 0
2.09775e-51 -1.7455e-51 0
-1.08032e-87 -4.67143e-86 0
7.15301e-81 7.66078e-81 0
-6.71451e-32 -5.53307e-32 0
-2.70689 23.1969 -20.1295
-3.23602e-82 -1.39927e-80 0
1.22369e-94 -2.75698e-94 0
3.84425e-91 -3.52963e-91 0
-0.00828503 18.1977 76.6791
-7.43692 -18.5677 -12.563
-1.34968 24.0783 -21.4475
4.56647e-95 -1.12169e-94 0
2.18776e-86 2.34225e-86 0
1.66337e-45 -1.32049e-45 0
5.49693e-96 -4.16775e-96 0
-6.4683e-96 1.74454e-95 0
-1.01897e-94 -9.97258e-95 0
1.1177e-62 -3.78746e-61 0
1.67467e-89 -8.64588e-91 0
1.42387e-97 -3.7712e-96 0
35.8991 -10.5586 -11.6238
47.7684 -0.771576 -21.8045
5.58873e-85 5.98591e-85 0
1.14637e-21 9.33323e-22 0
7.84416 -31.083 -19.4444
-32.2159 21.1113 -17.5034
8.61056e-41 -1.04511e-42 0
-2.78113e-06 1.89275e-06 0
-4.69457e-83 3.14492e-84 0
-45.9075 46.1331 -2.30287
3.18683e-95 -8.35698e-96 0
53.6038 14.6478 -4.86718
-3.87598e-78 6.22882e-78 0
6.37541e-73 -1.16215e-73 0
8.27391e-47 -5.73155e-47 0
2.93224e-91 3.22909e-91 0
2.31362e-39 7.58226e-39 0
2.00506e-43 -8.28599e-43 0
-24.4075 12.2516 8.10598
-1.43952e-68 1.11368e-68 0
-1.56131e-72 -3.73818e-73 0
-2.62812e-53 2.66952e-53 0
4.52648e-80 1.80054e-79 0
-3.72003e-88 -1.60855e-86 0
-4.05913e-76 8.98201e-75 0
-2.65862e-54 1.86955e-54 0
2.78594e-86 2.98222e-86 0
1.03954e-95 -5.9997e-96 0
-47.1565 36.4415 3.02362
-1.57359e-94 5.65706e-95 0
2.8574e-86 3.05954e-86 0
-7.22741e-45 9.21071e-46 0
-8.58465e-61 2.55009e-60 0
-2.49002e-85 -1.07669e-83 0
-1.72213e-95 2.60389e-95 0
-34.4297 10.1046 -20.0094
-7.35139e-92 -3.17881e-90 0
-1.86081e-79 4.11759e-78 0
-19.052 19.0529 -9.37828
5.83651e-25 5.64748e-27 0
1.02409 -30.807 -18.7464
4.78656e-44 -4.38102e-43 0
3.58985e-79 3.84486e-79 0
1.16858e-94 -2.29486e-93 0
1.39652e-89 -4.22461e-90 0
18.0869 1.36795 -9.47077
27.0203 24.4968 -13.486
-64.592 49.2711 -4.05934
1.01478e-74 5.33553e-75 0
42.6023 43.0903 7.91494
-58.7286 -11.7098 3.83246
-32.9245 26.1694 -11.1601
-7.92765e-90 -6.34346e-89 0
-11.7105 -13.0232 -13.3127
-5.21758e-31 1.02201e-31 0
1.56084e-65 2.87672e-65 0
4.21473e-86 8.01978e-87 0
3.98657e-87 3.09476e-86 0
-1.75383e-13 -1.30361e-13 0
4.73048e-88 8.66684e-89 0
-49.1865 39.9947 9.6405
-28.7006 20.9984 -21.9354
146.219 -39.2658 23.3589
1.51557e-74 2.34496e-73 0
-2.95317e-75 -3.35972e-76 0
7.10817 -70.1246 -0.90424
-0.280658 -40.7771 -0.715557
4.73299e-46 -1.09395e-44 0
-2.57052e-85 -2.05208e-84 0
2.48657e-89 7.60852e-89 0
1.97123e-86 2.11063e-86 0
-34.0306 -1.6116 -10.65
7.85414e-52 2.64815e-53 0
35.0761 42.6072 114.175
8.13767e-84 7.00618e-84 0
3.42099e-96 1.24428e-95 0
-7.85557e-84 -2.71649e-82 0
1.9852e-89 -6.3406e-90 0
-0.134933 -13.1188 -10.1187
-1.07712 -14.2343 -17.0069
-1.0782 50.4484 -4.46241
8.43212e-77 1.30466e-75 0
2.67002e-90 2.16167e-90 0
9.88602e-96 2.02368e-96 0
-21.8537 -11.4864 -19.9856
5.15724e-89 -1.22859e-87 0
18.3039 20.9817 -20.8214
6.12209e-11 1.83297e-11 0
1.96167e-94 2.06154e-93 0
-9.70412 25.2697 33.8447
-3.61803e-38 3.99358e-39 0
9.72177e-95 -2.05308e-94 0
3.72092e-81 1.1429e-81 0
-2.49438e-89 2.29093e-89 0
-19.1886 16.9481 -12.8139
7.45654e-82 7.97917e-82 0
-3.75158e-64 2.63812e-64 0
-1.11824e-46 2.08111e-46 0
3.75275e-79 3.23096e-79 0
-4.14173e-43 -4.74291e-43 0
10.2993 39.58 -15.9129
-2.19075e-35 -2.64887e-35 0
31.7488 32.8605 -9.38392
1.07948e-87 1.15575e-87 0
2.77733e-86 -3.40317e-86 0
-2.11843e-93 -1.57626e-92 0
2.93318e-79 3.14155e-79 0
-2.79763e-85 -1.2097e-83 0
9.88596e-82 1.0843e-81 0
9.49119e-77 1.01657e-76 0
2.15946e-89 -5.31373e-89 0
3.04668e-85 3.26229e-85 0
-0.181561 -0.168623 0
-2.53611e-64 2.0027e-64 0
-3.72551e-84 -2.98011e-83 0
-3.52663 15.4577 3.28879
-12.6338 40.5405 -19.127
-4.59295e-06 1.0405e-05 0
8.18119e-78 -9.19334e-78 0
-8.68719e-88 3.88187e-87 0
86.9253 -49.4641 -4.6378
9.15811e-84 9.80716e-84 0
2.46694e-38 1.70592e-38 0
-3.47576 -45.7968 -14.4864
-11.2732 17.5236 0.148654
2.67874e-48 -5.83316e-51 0
-21.2053 3.48394 -11.3276
-8.73669e-82 -1.89722e-86 0
-6.62242e-32 -1.09538e-31 0
-1.22453e-85 1.64613e-86 0
-8.03997e-68 5.66061e-68 0
2.03169e-96 1.10381e-96 0
-4.13729e-52 8.70694e-54 0
-39.7892 2.76846 -18.029
3.76145e-56 6.76952e-56 0
40.6351 65.6823 -3.28118
1.59283e-68 2.46451e-67 0
202.597 -121.268 -11.2303
-1.87848e-78 -1.5031e-77 0
4.03592e-97 -2.93074e-96 0
6.32732e-98 -2.21618e-97 0
2.43794e-64 9.1682e-65 0
-4.47428e-59 -6.037e-59 0
-100.176 70.6359 87.7204
1.61482e-80 1.72946e-80 0
5.29543e-90 -1.24364e-89 0
-1.28524e-64 9.03784e-65 0
-12.2844 8.3522 -0.194117
-36.2472 49.5468 36.7753
-15.2867 17.8056 -23.3162
-6.69664e-64 4.70909e-64 0
5.68698e-61 -2.85072e-61 0
-6.23522e-85 -2.69613e-83 0
1.11611e-62 3.12252e-62 0
8.8186e-94 1.98775e-93 0
-3.50515e-82 -2.88603e-81 0
2.54114e-15 2.94193e-15 0
1.48254 4.88432 4.14812
4.11331e-74 1.37836e-75 0
-20.2352 3.44659 -10.949
-8.73432e-82 3.40787e-86 0
-7.54533e-84 -1.95582e-85 0
-1.19512e-61 3.23107e-62 0
1.69737e-82 1.8603e-81 0
2.63763e-72 2.99918e-72 0
8.53228e-89 -1.94463e-90 0
1.25301e-92 4.8816e-93 0
-1.81919e-80 -1.30926e-80 0
-15.19 -21.8454 -6.122
-4.18136 5.89947 -14.4302
11.501 -62.785 -4.60999
-5.52362 -22.0785 -20.2603
-6.65536e-89 6.11253e-89 0
-2.25888e-06 -2.82043e-06 0
-0.023864 -0.0533338 0
1.11564e-91 9.52952e-92 0
1.45686e-56 2.49478e-57 0
7.05525e-64 1.39196e-64 0
-25.1495 -20.9676 -1.35615
-123.297 -5.78732 37.8141
-3.08901e-79 -1.3357e-77 0
-14.8566 -14.881 9.41117
1.81241e-13 -6.59838e-14 0
19.7482 52.7038 1.16191
2.34641e-55 -1.36049e-55 0
1.10247e-92 3.37669e-92 0
4.41215e-48 -2.36952e-48 0
3.54864e-93 2.06397e-94 0
1.03003e-77 -1.72458e-78 0
4.4844e-21 -1.86706e-20 0
-1.5777e-85 -1.2624e-84 0
1.60321e-88 1.17853e-89 0
-21.1813 -0.872504 -10.0696
-8.73629e-82 7.11491e-86 0
-2.6316e-34 -5.87036e-34 0
-4.22656e-43 6.46595e-44 0
-2.74296 -3.99828 0
-20.4246 -13.9692 -21.6781
-3.49386 3.88123 -7.86276
2.06216e-92 -5.15985e-93 0
-1.10729e-59 -4.84535e-60 0
47.2605 48.7654 19.2911
3.79774e-68 5.87607e-67 0
5.38341e-81 4.63557e-81 0
-52.7562 20.4745 -15.6071
1.26228e-81 2.76342e-81 0
9.11203e-93 5.31245e-92 0
6.12861e-82 5.27647e-82 0
-5.45275e-96 -7.23136e-97 0
3.34624e-80 3.58398e-80 0
4.66041e-93 1.61979e-93 0
-2.80076e-35 4.16261e-36 0
-4.26318e-65 -9.16608e-65 0
-71.442 42.8465 -21.298
-5.02359e-50 -5.16512e-50 0
-8.07495e-96 -9.14537e-96 0
5.15602e-83 5.52212e-83 0
-2.88982e-88 1.53948e-86 0
2.04355e-49 6.02341e-49 0
-10.6349 25.0576 16.0015
2.6534e-76 2.84197e-76 0
3.59587e-87 5.41464e-87 0
2.59359e-72 4.01295e-71 0
-0.946715 -0.126821 0
6.38956e-97 -2.59536e-96 0
1.28407e-83 1.375e-83 0
-4.27195e-78 -3.68239e-77 0
-9.30551e-79 -7.446e-78 0
-37.4086 -13.6534 -5.88701
-7.72379e-84 -2.76447e-82 0
1.86361e-17 -1.20789e-16 0
1.52962e-94 7.83384e-95 0
-8.17778e-92 -2.40789e-90 0
-1.70729e-38 -4.21794e-37 0
1.17748e-81 9.58957e-81 0
-5.02402e-83 -2.153e-81 0
0.000191267 -27.625 2.55774
7.06607e-44 -6.06686e-39 0
1.99978e-83 2.1419e-83 0
-7.21271e-92 -3.07871e-90 0
3.44441e-96 -3.11935e-96 0
-1.6586e-91 -1.41179e-91 0
4.62618e-89 -3.5223e-89 0
-8.21304e-30 -6.20066e-29 0
-2.80575e-89 -1.21337e-87 0
1.72032e-88 -4.5319e-89 0
4.90091e-05 -2.79241e-05 -16.5334
3.94529e-05 -2.07723e-05 4.75321
0.000111932 -4.43e-05 -15.7306
-3.88967e-29 -4.18952e-30 0
-8.46851e-82 -1.04853e-82 0
-18.7959 8.51235 -13.8511
1.52026e-80 1.46319e-81 0
-1.05447e-83 2.14772e-83 0
7.5543e-96 3.2075e-96 0
-0.107359 0.326623 0
1.37757e-92 1.08445e-91 0
-6.69516e-94 5.19525e-93 0
-1.03376 30.6394 -20.4237
4.71998e-86 8.7352e-82 0
5.89286e-92 8.14439e-92 0
5.0857e-25 1.53043e-26 0
-2.45802e-05 -2.08291e-05 0
-3.72922e-54 5.2607e-54 0
-2.46169e-93 -3.97953e-94 0
-1.98576e-10 3.93143e-10 0
-1.06589e-51 -2.9857e-51 0
-5.92636e-81 -7.56772e-80 0
6.35937e-86 5.48091e-86 0
-0.786839 -24.347 -11.1179
-1.60151e-50 -9.55434e-49 0
-3.21466e-60 1.88526e-60 0
-1.8563 -36.0262 -20.6775
-4.60116e-49 9.5952e-49 0
1.06423e-86 -1.28623e-86 0
-6.26802e-25 3.73603e-25 0
2.20284e-95 -1.91271e-95 0
-7.77789e-82 -3.36319e-80 0
-9.45818e-86 -4.08975e-84 0
2.56642e-05 -3.30883e-07 -16.532
3.67072e-05 -1.3174e-08 4.77566
0.000156205 -4.06532e-07 -15.711
2.94832 -9.89408 -17.184
-2.77367e-84 -2.21838e-83 0
-1.04855e-28 -4.91332e-29 0
-47.5756 12.402 -3.93634
-13.1924 -2.23258 -3.32094
43.7859 -33.4987 -17.3943
8.6422 -7.90533 -6.85084
4.369e-08 -5.03358e-08 0
-1.49495e-91 -6.46422e-90 0
-1.49557 15.981 -11.1628
-1.5116 12.6659 -17.9664
-6.39442e-65 4.49657e-65 0
-20.091 1.14262 -18.4798
-2.9603e-94 -2.10148e-93 0
-1.37803e-87 1.3683e-87 0
-16.1724 30.0674 -20.9294
-2.56161e-88 -3.16636e-87 0
6.05479e-90 5.80723e-89 0
3.3589e-79 5.19671e-78 0
2.85763e-88 5.25909e-87 0
-0.793533 -24.4688 -10.7365
0.264995 -3.56513 -20.7622
-6.37893e-31 -4.80569e-31 0
1.11631e-77 9.61091e-78 0
-5.11739e-40 1.65704e-40 0
6.74309e-88 1.23542e-88 0
-2.12695e-88 -8.81925e-87 0
-1.04869e-90 -8.28092e-90 0
1.32073e-37 -1.06617e-36 0
2.75772e-71 4.26689e-70 0
0.000238067 -2.17225e-06 -16.5331
7.51445e-05 1.36761e-05 4.75346
0.000379984 4.16674e-05 -15.7302
-3.29304 4.3454 -20.2026
1.10976e-91 -1.24485e-90 0
-12.1415 -10.8506 -22.6425
6.56016e-76 1.01502e-74 0
-8.07286e-32 5.1501e-32 0
-1.46649e-77 1.62207e-77 0
-2.63922 -15.0509 -21.6129
2.42157e-76 2.59367e-76 0
-4.78092e-64 3.36195e-64 0
0.000190926 32.0725 -0.107351
-1.01371e-36 1.20964e-34 0
-8.71123e-88 -8.28962e-88 0
-2.09279e-57 -4.95387e-57 0
-1.48777e-95 -4.97662e-96 0
-2.9655e-93 -4.51551e-93 0
3.49986e-75 2.01945e-75 0
-3.70824e-16 -1.56499e-15 0
-6.27797e-05 3.43771e-05 0
1.24192e-70 1.92158e-69 0
-1.34021e-85 2.96561e-84 0
12.2199 53.9021 2.90093
-1.00323e-95 2.01722e-94 0
-7.40615e-59 1.34892e-58 0
-24.6714 1.30225 -11.0675
1.22881e-76 1.90128e-75 0
-2.11608e-49 1.48803e-49 0
3.38946e-56 -9.13388e-57 0
4.22376 -51.6953 -19.2631
-5.64508e-06 -3.31678e-06 0
7.93566e-87 -2.20129e-87 0
5.73944e-71 8.88037e-70 0
-2.64164e-25 6.32782e-26 0
2.79956e-26 2.65571e-26 0
-1.07346e-93 -4.64403e-92 0
-0.000616193 0.000324358 0
-5.75825e-87 -2.48989e-85 0
1.39421e-47 -1.38455e-46 0
-3.64152e-93 -9.62815e-93 0
-1.54377e-88 -2.20008e-87 0
-3.62853e-86 -3.32991e-85 0
-3.50381e-83 -1.45847e-81 0
3.11148e-88 3.30574e-88 0
36.7235 -31.8342 18.0138
2.83448e-68 4.38724e-67 0
1.7394e-95 5.69137e-95 0
1.46887e-95 -1.76342e-95 0
24.724 -30.6484 -21.1932
-6.00401 -8.34906 6.44554
4.80369e-25 -1.34951e-24 0
6.15215e-26 2.78996e-26 0
6.88246e-72 1.06487e-70 0
-1.27682e-43 -2.633e-43 0
1.41054e-25 3.04257e-26 0
32.0889 -1.05013e-05 -0.119688
2.86042e-31 2.77209e-36 0
-3.60523e-88 4.10037e-89 0
0.284559 -0.622384 -16.2523
0.0224025 0.0109518 0
8.06096e-71 4.78712e-71 0
-4.48665 -8.82353 -12.3128
1.34225e-35 5.31583e-36 0
-1.37627e-71 8.48983e-70 0
-6.91835e-44 5.09862e-44 0
1.19671e-76 1.28176e-76 0
2.75334e-98 6.95256e-98 0
-7.08098e-35 8.58152e-35 0
-1.02103e-34 7.75765e-35 0
2.92428e-87 -6.18855e-88 0
-8.28604e-46 -9.01864e-47 0
-27.5091 16.012 -22.7941
3.06914e-35 -1.60539e-34 0
-10.9716 -10.4647 -22.9089
1.53954e-84 -4.28451e-85 0
-4.75419e-83 -3.42154e-83 0
15.2375 -27.3126 -17.1509
2.99835e-95 -3.29358e-95 0
-52.8693 81.608 -13.7608
-1.08619e-82 5.15841e-82 0
-3.39979e-85 1.21304e-85 0
5.999e-96 -1.3762e-96 0
3.923e-28 -3.87216e-28 0
-7.15325e-43 3.12077e-43 0
-4.15936e-87 9.90726e-87 0
2.7791e-75 3.34354e-74 0
3.34337e-91 1.88964e-91 0
-9.75088e-86 -7.80233e-85 0
32.0629 2.10319e-06 -0.0951659
2.86108e-31 2.20238e-35 0
-3.42503e-11 -4.01933e-12 0
-2.17714e-85 -1.73973e-84 0
3.68492e-96 -5.84291e-96 0
-10.4764 -1.3308 -20.7766
35.177 -14.3576 5.93123
-8.4396e-32 -6.85494e-32 0
1.92042e-94 3.0768e-94 0
-26.7991 34.1156 4.00539
-20.0566 -2.24851 -19.9142
1.51321e-95 1.99809e-95 0
-7.15107e-69 1.35216e-68 0
-1.56438e-54 -1.0339e-54 0
3.60188e-95 2.22666e-95 0
1.8973e-86 2.03102e-86 0
-1.31475e-20 -6.33113e-21 0
-14.164 -11.0159 -13.6667
2.20757e-67 4.48298e-66 0
-45.3814 7.29783 16.6011
-29.8568 9.79865 -16.3369
4.45949e-76 4.77642e-76 0
-1.42677e-82 -6.16942e-81 0
-2.02197e-84 -1.61399e-83 0
-8.54365e-23 1.74384e-23 0
-3.17896e-92 4.26255e-94 0
3.8489e-77 4.12243e-77 0
-2.25126e-91 -9.25715e-91 0
-1.01166e-26 -1.95961e-26 0
4.34631e-75 6.00647e-75 0
-3.86653e-54 -6.06822e-54 0
2.48011e-13 1.77241e-13 0
-6.09496e-76 -4.87698e-75 0
32.0889 1.22988e-05 -0.119689
2.86104e-31 4.15035e-35 0
-5.46729e-88 -9.06185e-89 0
5.893 -36.7386 -19.2298
3.92861e-64 -6.69792e-64 0
-1.66899e-89 3.39174e-89 0
-4.17518e-82 -3.34084e-81 0
-7.56357e-68 5.31872e-68 0
-8.17442e-91 1.31787e-90 0
-9.054e-93 7.42908e-93 0
1.78953e-77 2.76885e-76 0
-7.32545e-96 1.05637e-95 0
3.12316e-83 2.69861e-83 0
0.01871 0.0216746 0
1.85473e-92 1.76658e-92 0
1.71925e-93 -2.63855e-94 0
2.06689e-97 -4.93328e-98 0
9.24676 7.68753 -6.10686
1.94535e-32 1.35588e-31 0
8.11951e-33 1.04802e-33 0
-1.55283e-36 1.03779e-36 0
3.60727e-84 3.86268e-84 0
-3.9984e-56 2.81169e-56 0
1.04433e-25 -9.40112e-26 0
-0.152694 -0.353395 0
-2.75451e-97 2.53002e-95 0
-1.50699e-56 -3.1617e-56 0
6.33129e-80 6.78124e-80 0
-1.88736e-94 -2.7295e-94 0
2.13058e-92 -1.91932e-93 0
3.62907e-76 5.61509e-75 0
-3.34252e-85 -1.44532e-83 0
