# vtk DataFile Version 3.0
water particles
ASCII
DATASET POLYDATA
POINTS 2541 float
-2.03058 -1.07991 0
2.04732 -2.80668 0
-90.1937 79.8513 0
0.504888 1.49034 0
-17.5786 -4.40805 0
-37.8029 -122.532 102.181
41.7235 38.5579 0
152.923 -138.208 0
5.15466 -58.5385 0
13.6823 3.01987 4.84451
-12.7866 -23.5428 0
-3.04084 -121.236 0
-62.1607 -144.802 175.009
-0.248751 -2.30689 0
19.5803 8.83124 0
-6.49168 -6.22638 0
16.8203 23.3791 0
-5.33225 18.0735 0
-185.838 -221.894 235.788
128.549 -73.991 193.501
3.21839 -1.12818 0
66.7012 -32.3055 0
3.71343 88.8093 0
-139.06 -0.300042 128.947
-94.2245 -0.313372 0
17.1531 28.1192 0
0.212703 1.22659 0
-86.4604 -43.8999 0
-116.722 -64.2335 0
-195.427 164.251 216.393
1.02561 135 46.2365
-250.886 113.233 58.3323
-65.5991 -51.088 0
-0.195664 1.49647 0
-2.58826 -4.2261 0
8.22046 -70.2883 0
119.157 20.8484 12.2369
49.3217 66.6308 11.9896
31.3583 -2.4673 0
1.86033 25.5184 0
18.8088 6.48051 0
-0.468553 1.58001 0
90.341 203.503 400.104
-2.56312 0.909979 0
-203.751 -18.7784 0
-4.37057 1.80064 0
4.42663 4.68923 0
-3.58855 -7.01801 0
-5.23337 -6.57562 0
-18.4025 -28.3886 0
-7.04204 -1.11562 0
88.5514 13.8325 4.20403
168.355 -73.1682 0
-97.0462 -85.5844 0
-2.48184 -3.84299 0
-2.3849 0.92505 0
-138.913 2.14187e-05 129.057
-94.2271 -0.00672127 0
-14.7739 -28.039 0
-35.0967 29.7755 0
12.5427 -5.06107 0
7.05538 -1.87128 0
14.7617 -34.9008 0
29.2067 -57.7519 0
127.738 -84.2701 156.371
3.37611 2.87962 0
-48.392 20.2465 0
-1.3927 -5.96343 0
-2.54232 -1.53324 0
-3.13393 6.97838 0
0.801377 19.6293 0
131.676 150.898 8.91641
-10.3038 3.87986 0
8.86139 50.6358 0
69.3068 5.62239 0
-213.887 -14.1039 0
9.44396 -35.4516 0
0.393883 1.7884 0
-65.0834 425.355 28.9959
0.502913 1.90864 0
40.4203 8.37878 0
-33.8097 21.9824 0
2.25956 -5.1136 0
-3.70548 -8.58064 0
0.111063 1.2987 0
-0.205605 -3.3131 0
51.606 -226.726 0
-2.56101 2.37464 0
-0.689761 -1.98985 0
-139.06 0.30006 128.947
-94.2064 0.299676 0
-52.86 17.3409 0
-273.681 59.1746 0
-1.70981 2.65476 0
39.1002 -49.7401 0
30.9445 -1.01344 0
22.3577 26.0072 0
-136.832 -20.1273 14.0986
32.2072 56.2637 0
-0.561205 3.65332 0
-40.3325 207.755 148.648
-2.65862 -0.58079 0
40.7656 -32.0601 0
-8.02697 7.14273 0
53.5424 -86.6111 0
6.3673 -6.61419 0
-33.7454 94.2118 0
149.587 -0.995367 259.164
72.7274 11.7603 0
75.3814 60.1523 105.803
-2.32708 0.395731 0
3.24127 4.73973 0
-87.4155 -81.5223 0
-2.3459 0.576754 0
-26.329 59.1773 0
96.6785 -149.569 0
33.5681 -28.6532 0
4.05899 -30.7457 0
64.539 321.691 207.265
0.0818673 -3.11213 0
-1.42641 3.61873 0
-0.711523 -4.35616 0
-1.01902 -1.81484 0
-0.988673 -17.7738 0
-2.1592 -4.58467 0
132.103 -57.0208 160.683
-0.983685 -1.27308 0
7.84432 -34.5111 21.7777
5.29206 12.6779 0
-2.9711 -0.0855074 0
25.9049 75.9379 0
-2.30247 -2.83817 0
0.25536 2.75369 0
-0.901292 -138.369 128.998
-0.172047 -87.8069 0
-28.7215 -46.0306 8.03888
78.1027 80.6516 12.0417
9.03373 -12.4124 0
-17.8542 63.815 0
110.199 -161.039 16.2002
-69.5203 6.1059 0
21.6194 -284.067 79.0468
105.764 -28.8268 8.48324
-0.900051 -0.300391 34.7669
-0.900197 -0.300104 140.66
-0.900845 -0.300619 38.4261
46.3681 23.6325 0
9.09698 1.13498 0
57.4284 56.0502 58.8388
-18.318 11.028 0
180.694 169.437 195.567
1.6541 1.74894 0
43.4801 134.678 244.672
0.275179 1.34701 0
-113.218 71.8139 0
13.0828 151.488 13.2877
-0.900965 24.6826 0
31.4581 2.30837 0
-3.73194 0.411237 0
113.789 -48.3931 21.6382
0.510997 -1.65549 0
3.27793 5.15332 0
-39.2782 -88.5414 0
-134.371 176.164 2.7671
81.2483 -103.713 73.9225
100.845 -136.338 120.93
15.3361 -121.387 55.7021
-1.76864 -53.1532 0
6.97175 11.9859 0
-752.974 -249.659 238.815
10.8773 1.40794 0
12.0337 -99.5167 0
14.3168 -35.0923 0
2.25904 4.61966 0
-4.8217 -1.43727 0
-1.5689 -133.273 36.3962
-0.900026 5.85301e-05 34.7729
-0.900183 1.4917e-12 140.772
-0.903611 0.000563278 38.5238
-2.87098 0.0650593 0
13.683 -17.5619 0
31.1232 2.88309 1.23313
25.3954 8.9434 8.35579
44.2279 12.9927 283.408
-4.22124 -19.1408 0
82.5224 13.8389 52.2804
102.67 2.44332 79.952
8.87552 -61.375 0
29.9228 67.4813 59.0047
-0.903322 69.3523 26.3789
-4.8499 -16.3063 0
11.2783 15.211 0
-57.3651 41.685 0
17.7179 125.482 0
-2.00942 2.2764 0
-1.74759 1.68249 0
-2.24822 0.608149 0
-8.39953 -42.8863 0
-8.89523 123.084 0
15.2149 -121.47 56.7526
6.83838 -17.3818 9.23952
45.5187 118.827 0
2.50887 -18.9785 0
117.373 24.9506 153.648
-98.6057 -66.749 156.705
46.0514 -71.6058 0
0.960325 3.46219 0
101.431 234.224 49.6439
-0.467011 0.160318 0
-0.900163 0.300197 34.7673
-0.900197 0.300104 140.66
-0.905745 0.300594 38.4275
-41.6276 -98.6977 83.5682
7.15668 8.53426 0
43.5788 -93.5312 30.9679
0.171358 0.4501 0
32.7037 -87.0095 0
23.8275 -15.6574 0
36.2742 -37.2861 0
-1.21109 -3.06564 0
-1.72938 1.9301 0
-0.90094 160.547 115.705
-0.900675 82.696 0
17.7864 20.3824 0
-8.31894 -31.1594 0
54.4312 133.111 29.8992
-4.17509 -13.9382 0
67.7815 105.267 65.6444
54.298 77.6606 0
6.69964 1.18642 0
217.238 280.178 64.5846
-0.90373 3.41546 0
-66.2371 -405.89 354.98
-2.00433 3.04032 0
83.1439 -153.29 88.4531
85.9952 -49.2577 137.12
0.828487 2.07942 0
269.366 -22.0287 185.822
272.504 94.9547 77.9942
2.05109 -3.12952 0
1.4124 -24.8661 0
0.135999 2.14556 0
-40.3617 -77.6413 0
-0.991791 -10.0404 0
-249.787 149.08 0
-1.24292 -1.22018 0
87.2435 60.6521 0
-2.72419 -1.15633 0
-28.828 -16.3282 0
-227.837 -5.59776 0
23.2918 -9.35754 0
-0.551507 -3.38503 0
3.52589 7.19752 0
-30.6873 47.0575 0
-0.578661 -1.35875 0
0.949687 10.0985 0
-7.72822 7.12443 0
25.409 92.9646 0
13.379 2.99065 0
-17.573 -29.7173 0
2.96879 42.9488 0
31.5179 -36.3182 0
2.99428 -1.59677 0
-75.6694 4.9681 0
-107.471 -12.0336 87.3477
137.321 15.1229 18.7148
24.1091 -0.300963 0
52.298 -219.242 169.223
-10.4683 -6.93945 0
36.8618 -98.3545 172.094
-128.722 -76.1363 345.451
-77.6886 83.4912 0
14.5691 9.91515 0
82.8072 17.364 0
100.238 159.55 115.474
19.8915 -21.7445 0
-182.155 -870.879 309.671
6.68438 -13.2648 0
-5.62037 -3.20831 0
-2.26085 -0.95335 0
-1.39759 -1.62224 0
95.6344 163.212 44.478
-1.87911 -2.11661 0
-2.26996 -1.59168 0
-26.2653 -4.67122 91.3434
-2.15169 3.02499 0
130.404 -128.738 1.16281
208.815 -274.88 101.358
67.569 87.3276 7.83914
-23.8246 18.3672 0
1.75164 1.95343 0
50.8712 95.0709 0
142.488 46.731 0
-2.47278 0.455094 0
105.942 152.117 168.406
1.27909 -5.85696 0
65.5333 16.4461 0
-150.706 10.7433 0
132.49 15.0876 19.8425
24.1185 -0.00021782 0
91.5492 104.979 0.999386
5.90766 0.860993 0
-115.05 -27.948 0
0.190896 -1.63822 0
1.16217 -1.55767 0
5.05473 -6.064 0
-114.133 76.1346 0
-30.9725 -0.581559 0
1.23632 1.75239 0
365.615 121.582 41.077
-398.403 -75.9213 117.382
1.20441 33.2943 33.4664
1.15575 2.8202 0
-47.9338 -79.1435 0.929591
1.2538 4.84741 0
5.05081 -3.1621 0
22.4663 20.3149 0
-133.522 -137.962 0
2.64461 -1.14865 0
36.6468 -9.15261 37.62
-11.7714 643.531 0
7.11887 -7.28538 0
-3.17576 -1.63094 0
-2.13625 3.71269 0
63.3143 -89.6732 11.3955
201.502 -251.891 78.2306
-2.2999 0.646195 0
83.1114 -97.8407 235.016
-2.97765 -101.835 0
-135.927 61.0346 92.0131
-126.647 4.99067 0
138.119 -5.22009 20.4638
24.1084 0.301078 0
425.837 -869.872 1102.68
132.976 125.532 362.458
40.1079 107.917 40.0605
11.1021 -74.9963 0
2.38343 -0.845737 0
1.4151 -5.49137 0
-8.08386 -2.43346 0
157.555 -29.4075 31.0124
0.871905 1.68401 0
0.151578 -1.80301 0
-3.6218 7.88917 0
259.276 374.799 0
99.0684 -59.5814 0
0.297979 1.373 0
-463.401 49.2076 138.178
2.3983 0.467917 0
-12.9759 4.85882 0
21.8208 -128.889 0
8.41343 -2.65447 0
1.48272 -2.20511 0
42.2949 70.2361 0
-30.3086 -98.9092 48.1442
-2.13984 0.0648037 0
-3.73082 -8.93364 0
-21.5065 13.0019 0
-141.521 32.1116 0
20.8925 6.88243 0
0.739581 2.74607 0
-57.7649 148.747 0
28.616 3.38726 0
-0.883178 2.56254 0
-26.2777 15.7083 0
135.883 -12.3215 3.36489
1.62563 1.49756 0
-2.3554 0.37246 0
-2.9517 -2.88338 0
1.71789 1.42584 0
-1.06309 -1.75321 0
4.57531 4.17976 0
-6.1816 -6.36921 0
153.633 211.661 146.802
-0.504214 -2.08803 0
-11.4594 -9.27546 0
124.915 207.703 47.4582
0.894072 136.945 64.6877
-28.5424 4.90579 0
-78.112 -53.3764 0
-8.85484 -4.87627 0
93.4145 24.4569 0.22106
43.1751 14.5255 78.1621
25.8936 -9.83314 0
3.66259 2.46711 0
7.67305 -0.493519 0
-14.812 34.8079 98.8485
-67.2744 -2.52306 0
10.1249 7.7509 0
-2.33074 0.817958 0
-50.2938 10.3671 0
-203.271 112.224 0
81.3476 79.8187 5.57892
23.5322 -16.4509 0
-13.0145 -96.4638 0
26.2184 17.3055 0
-0.15607 -1.87982 0
-18.8402 24.5574 0
116.324 -33.7184 17.2383
0.0574523 -1.99114 0
1.31452 1.2683 0
541.586 -174.303 46.6015
-2.89926 -7.76886 0
-2.24809 0.162787 0
-3.27907 -0.148738 0
-3.85682 -21.5041 0
-20.6454 32.0156 115.002
-2.21195 -0.381172 0
42.8216 25.4165 144.175
118.147 -38.9973 0
-11.9039 -49.7442 0
-0.753828 2.8663 0
-66.5513 -5.22903 0
-2.59437 -0.406196 0
6.60555 1.43456 0
19.3477 -144.914 68.2475
81.9957 -165.543 81.3301
19.4298 -6.02261 0
153.084 43.5903 0
-60.1951 26.5128 81.519
-97.3243 -1.02592 0
3.99876 -6.41804 0
14.4111 -19.942 0
-19.6141 1.69377 0
-5.46865 0.418206 0
-67.6957 -105.3 0
-136.267 88.8728 0
-258.371 78.517 40.943
-1.81708 3.49118 0
-0.209259 1.68138 0
-3.49241 6.28328 0
1.45077 -4.46206 0
403.052 21.7164 800.245
-2.42776 1.12667 0
419.568 -259.329 57.8818
-8.00294 15.5356 0
-241.875 59.8107 0
56.9577 61.2581 113.96
-646.848 465.537 237.236
-2.73742 1.09259 0
-18.347 13.2689 0
29.5866 -343.077 24.5324
129.129 13.1633 18.7312
-19.5526 -54.389 0
-11.074 -4.36854 0
-2.80608 3.50492 0
-1.10935 -4.48713 0
2.64523 16.351 0
3.18489 0.296327 0
72.4281 -12.6281 32.5121
-1.03033 -1.47298 0
-0.311759 1.36204 0
-32.1074 -7.24368 99.338
-84.7666 1.30593 0
-0.14283 -1.63033 0
124.809 -59.8754 77.7744
106.294 -124.29 0
-31.2955 33.8557 0
6.61889 3.10087 0
9.72293 -38.4366 0
-3.8527 5.7982 0
-2.27171 0.522314 0
-1.57471 1.70351 0
-12.2178 11.5259 0
-183.786 283.516 0
-29.5901 -49.7764 0
-4.85608 -56.2776 0
26.5094 68.4513 0
5.80512 7.56096 0
-2.2165 -5.73524 0
148.77 228.315 175.419
-89.8719 -27.8186 141.653
-34.1832 -15.7561 0
-0.209173 -1.58381 0
-0.0542084 1.71891 0
165.148 -44.3418 0
-0.764841 2.33769 0
-3.87852 27.2268 0
22.1846 61.2999 0
51.3482 -84.836 16.9566
-2.04384 1.51115 0
11.319 -70.1661 0
-7.42364 3.58346 0
-16.6778 184.825 0
-0.633324 -4.34431 0
-0.20207 -3.13092 0
-3.28076 -18.3561 0
0.209302 -4.10105 0
-0.947773 10.0922 0
48.0695 60.7856 0
356.879 42.0606 155.133
13.8247 60.3689 0
4.87026 -15.9335 0
-0.124888 2.40961 0
26.4839 -1.67687 0
-7.09944 -9.15355 0
-0.600041 -114.636 144.926
0.0932499 -86.3204 0
15.9914 -4.92624 0
4.20573 -0.114665 0
-1.73111 3.52044 0
97.0952 -214.278 223.037
-219.644 -95.9539 107.813
-16.3045 38.4236 39.089
-0.598951 -1.73841 0
-0.734491 4.25853 0
-0.600064 -0.300506 34.7709
-0.600017 -0.300073 141.172
-0.600183 -0.300783 38.873
-2.00184 -1.67007 0
-26.9235 -30.0707 0
3.55892 6.18948 0
8.85899 3.25329 0
-42.4166 82.7206 95.5403
4.7933 2.49829 0
16.0364 -20.109 0
2.13498 -0.802993 0
10.1861 -153.63 0
14.7714 129.072 21.2948
-0.600493 24.4859 0
3.18258 16.9976 0
4.53314 5.24301 0
-3.7275 14.7128 0
0.873653 -5.58812 0
-2.30432 112.724 0
97.2174 -7.51213 2.46775
19.0211 16.3723 0
-0.160348 -1.54057 0
41.1722 100.097 22.2312
17.0967 -95.9602 60.7095
-1.58657 -54.0189 0
-6.91188 16.8671 0
19.606 54.1947 0
0.778441 -7.20476 0
-48.0412 55.2086 22.378
-31.2894 18.0898 0
130.821 -220.489 24.4027
116.425 -222.713 38.6476
-0.70466 1.36061 0
-0.599715 8.2038e-05 34.8003
-0.600015 6.96031e-09 141.267
-0.600409 5.5952e-05 38.9575
61.9278 -67.1799 34.1102
-17.2114 -7.55194 0
128.731 54.158 2.58597
20.5649 10.7137 0
13.8285 -11.6896 0
24.4339 34.7952 59.9334
108.206 45.5877 218.104
28.5744 2.79498 0
-0.461608 -0.153551 0
16.1088 108.46 34.8344
-8.56197 62.2519 29.4338
47.8664 -58.5896 24.9705
-0.0476083 3.72567 0
0.899133 15.498 0
-0.370889 3.9512 0
19.4191 19.7386 0
-1.38607 -1.42112 0
3.8879 37.6875 0
9.97046 3.42763 0
1.55694 63.6254 0
16.8394 -96.2838 62.3185
8.24558 -16.1888 11.4107
1.35096 -8.8564 0
21.0505 64.3379 0
-2.78406 -1.35442 0
8.4102 -22.6033 0
-1.2031 2.25642 0
43.9888 322.025 339.558
7.2868 -63.5579 0
-0.864138 -1.70093 0
-0.599856 0.300138 34.7721
-0.600017 0.300073 141.172
-0.601802 0.300386 38.8743
-60.4863 0.940632 0
10.3701 -18.46 0
-1.02118 -2.26029 0
15.2734 -59.7493 82.1089
29.1899 -41.3576 0
-11.2158 -36.2807 0
-18.2026 -35.4405 0
-99.4078 -79.3672 19.0173
-3.55562 0.42146 0
-0.600062 139.06 133.833
-1.29936 86.3125 0
-0.677343 -2.9746 0
-10.8458 3.35297 0
29.2096 -10.6629 0
-127.245 191.55 195.811
-1.70617 -5.80916 0
-22.6825 -8.7665 0
-0.185572 -16.8357 0
11.6042 148.065 0
-0.598573 3.41467 0
-7.32857 -2.56467 0
110.092 -0.936136 2.94635
-35.7093 89.8934 0
6.47178 6.93705 0
-82.4373 -146.728 0
-1.42983 3.04653 0
-7.07282 -50.7009 201.781
-58.7789 -51.8043 0
8.32178 -20.6992 0
-2.54355 0.589026 0
-55.1229 12.859 0
-1.62151 -2.58578 0
-1.16983 -1.65484 0
0.237639 -2.21412 0
3.33461 -2.76923 0
0.935843 -2.27271 0
-43.0958 -23.3698 0
41.258 -112.118 33.6313
148.242 164.512 0
1.6355 -2.2855 0
-74.1938 -180.252 160.819
2.21882 -2.85057 0
11.1294 -9.15593 0
0.507974 6.90019 0
1.41138 -4.38943 0
16.1068 -31.399 0
1.83138 -2.06106 0
2.38192 -0.170209 0
68.5036 13.1752 0
19.6332 -6.61621 0
55.8035 123.429 0
-0.780043 1.64128 0
-62.5783 9.70942 0
133.243 15.4348 20.2937
24.4212 -0.301887 0
4.12326 -4.74305 0
2.42847 -2.86379 0
98.1421 -11.7969 0
-45.18 -12.9696 0
59.6175 -38.7381 0
49.0818 -53.2524 0
-2.75887 1.46022 0
-1.64338 -2.83761 0
61.1819 9.09622 0
0.790033 3.59429 0
-1.65535 -4.14712 0
51.327 250.613 267.28
-2.24819 -3.57701 0
-223.605 26.344 0
-305.32 196.02 170.137
-0.432106 -0.168821 0
-2.28405 -0.0522338 0
-2.95667 -1.31426 0
3.31003 8.28374 0
-4.50731 -7.5056 0
232.033 -10.0732 0
66.5102 89.9295 7.40733
-6.90196 0.552807 0
-4.98003 -3.08351 0
-176.206 44.5012 79.0134
-29.0946 161.171 92.1418
36.6711 34.6395 0
-0.284392 -9.78363 0
-0.228544 -1.3453 0
55.2784 -45.9082 28.0922
-2.64321 3.44217 0
128.513 15.4046 21.413
24.1795 7.08297e-06 0
20.8266 -13.4595 0
46.0337 133.833 0
94.8479 380.658 285.585
37.6355 -27.4696 4.32157
91.1259 -4.53721 0
30.3052 -17.6079 0
-14.6733 -129.34 0
9.32962 38.9509 0
-5.64146 1.71868 0
-107.916 -164.639 235.914
-368.927 66.7432 167.405
-139.963 -196.961 0
-9.44408 -5.13315 0
63.4039 -108.241 0
-2.07773 4.49394 0
10.2201 -8.60754 0
-0.0797235 1.58945 0
-0.985779 -1.43194 0
80.8508 85.8002 109.376
-8.81084 -8.27633 0
234.338 83.2298 240.756
6.97759 -7.31267 0
-0.376181 -6.27569 0
-4.14701 2.57802 0
12.7843 -20.5642 0
131.491 -151.067 209.569
0.400851 -2.47723 0
11.1544 -48.2298 0
1.17202 -1.87197 0
7.26924 -3.36273 0
-227.43 79.4767 0
133.861 -5.22507 22.2198
24.4203 0.301965 0
2.85059 -0.575318 0
-208.814 89.4313 0
74.994 -29.0031 0
36.3357 -16.9527 0
1.44066 2.3321 0
-104.054 75.1971 42.2228
23.9287 -6.4294 0
99.7537 4.01159 5.16502
0.408012 1.47953 0
9.83706 8.5747 0
10.7703 4.40478 0
-14.9124 -78.8095 0
2.05572 0.211401 0
-228.962 -138.424 25.2247
33.9291 22.8844 0
6.17828 2.70977 0
-82.8127 -6.27405 17.7111
14.5471 -74.6281 0
33.4235 -90.0879 0
-11.1153 6.94073 0
-4.73887 4.74437 0
-66.0786 27.043 0
-2.0315 -0.204739 0
-4.00525 -4.88281 0
-6.01741 6.40263 0
-89.1895 148.104 22.9396
-47.968 -62.2339 0
1.71589 -36.9496 0
5.05869 8.07984 0
-2.00342 -0.941844 0
-0.282198 -1.59562 0
111.326 29.3731 33.5259
-85.367 23.2092 0
-2.91649 -0.381113 0
7.34093 2.85466 0
-176.446 -113.601 0
-4.39864 -2.63036 0
5.52814 0.0361643 0
-2.20714 0.142479 0
89.4154 -69.6334 0
-33.9017 69.1919 0
-45.8493 -39.9876 0
-11.1535 -9.25267 0
34.0496 216.976 0
3.44536 139.691 63.845
97.7433 -74.415 0
3.88141 -2.10451 0
-76.2644 14.9849 84.17
1.03308 -5.72626 0
6.17663 16.149 0
26.6593 126.183 34.8343
82.9335 -62.581 0
7.13281 0.168929 0
-101.301 17.3677 60.5386
-48.78 -1.96961 0
10.5929 9.24598 0
5.97282 2.39863 0
8.6346 -7.57433 0
-65.8645 22.7835 0
-7.92611 -13.9879 0
-11.7661 -0.117378 0
-30.2048 8.31846 0
77.447 -323.07 118.28
-0.304845 -1.92241 0
25.7505 59.203 0
-25.8468 -30.0955 0
2.90755 -3.08245 0
-0.656962 -1.51546 0
-0.804266 -1.70315 0
13.66 7.29547 0
-2.49244 -1.25806 0
-2.99724 -2.53994 0
-2.19832 -0.91281 0
-3.70329 -0.430962 0
-2.47724 0.583631 0
72.4534 54.2075 132.108
-24.4784 58.8613 31.8101
5.16421 -2.09065 0
-4.06372 -4.62274 0
217.749 309.282 65.928
-339.346 -73.3454 7.65423
-94.0556 142.965 0
47.8729 -1.75133 0
-18.1996 90.9213 0
-4.09421 2.54563 0
0.730264 -1.59657 0
-96.5804 17.4652 62.3791
-62.355 -1.38022 5.5119
11.2683 -13.1646 0
0.189553 -14.6412 0
-10.9172 -0.563943 0
-55.8182 -10.8422 0
-58.6869 -35.2261 0
2.14691 3.77064 0
-18.0868 -22.0719 0
34.8503 -25.2223 0
0.745255 1.65574 0
2.18779 3.69089 0
50.1896 -77.1719 41.4651
36.5317 -61.4823 0
-0.656809 -1.49471 0
-54.0622 -29.9209 69.8456
-4.06555 3.67518 0
-82.5231 66.6324 0
-2.70306 0.590064 0
337.036 -310.539 127.46
0.148996 -2.363 0
20.7868 -72.2238 36.0443
117.166 -317.817 0
-11.0575 0.0453969 0
-180.216 271.686 281.862
-3.35375 -1.54558 0
-21.1169 -297.041 81.4997
56.2655 -99.4663 0
0.428553 1.81115 0
4.9106 -55.4601 0
-432.519 -121.675 0
-5.44671 3.40337 101.935
1.01187 -0.449618 0
-100.94 -4.09697 66.8963
-79.327 0.97368 0
7.65086 -10.1348 0
-174.535 -3.76968 27.8012
-58.3608 -81.2415 0
46.8492 4.00635 11.0828
-94.2555 -49.7858 0
0.79059 1.4008 0
0.126201 1.49006 0
-0.381059 1.57287 0
-0.613388 1.61382 0
-12.5285 12.0892 0
-1.49526 -4.65788 0
2.68167 3.09398 0
77.1564 67.2113 0
-1.61402 4.1761 0
-25.4685 47.4396 194.523
-184.4 -73.9898 0
99.2015 -242.26 95.0863
-2.27439 1.20916 0
-29.9621 -16.1294 97.4975
-2.12207 -0.0872784 0
-112.217 -125.415 0
4.46244 -14.4799 0
-0.418441 1.80033 0
2.58881 -10.2213 0
34.5532 25.3181 0
-20.9076 -5.36518 0
-3.18424 -0.874321 0
-3.79737 -0.584467 0
-2.38583 -4.4999 0
-2.00129 -0.144311 0
-0.299989 -3.86608 0
-0.0200558 -3.2119 0
-2.90023 -19.5783 0
0.419042 -4.12005 0
-1.03951 10.0529 0
-1.56801 -5.84768 0
131.429 -177.66 76.843
-11.7146 85.9525 97.1897
-1.29327 9.43056 0
-57.518 162.93 30.703
4.62077 -8.70715 0
2.29225 -0.843386 0
-0.299972 -114.584 144.957
0.393899 -86.3209 0
-488.793 282.152 4.68072
288.016 -795.815 353.297
-0.523485 4.19318 0
0.433582 1.25885 0
2.80617 2.41572 0
48.2101 14.4471 0
85.58 24.0645 0
0.228662 1.50288 0
-0.300039 -0.300047 34.773
-0.3 -0.300073 141.176
-0.300004 -0.300217 38.8754
-101.186 72.8771 56.4309
14.4871 -31.7688 0
-2.53835 5.42532 0
23.0372 133.603 65.9869
-233.866 153.336 221.834
28.2828 101.265 10.5837
20.3708 9.07742 0
86.7126 38.2216 31.9612
10.7386 -151.225 0
15.0768 129.012 21.3382
-0.300561 24.4873 0
1.9665 -48.7754 0
0.958321 2.53498 0
-3.1265 -0.595768 0
9.79405 1.36523 0
-2.0626 -1.09951 9.24892
145.738 144.885 82.0941
361.704 -452.821 73.4457
0.243306 -2.63429 0
42.858 98.1887 27.9792
17.4087 -95.8758 60.7339
-1.28581 -54.0186 0
38.7865 -203.345 46.8402
0.658573 1.44254 0
-5.13733 5.4056 0
-115.304 -56.3298 0
36.4717 -208.606 0
-0.729592 -2.17014 0
-1.43711 -193.239 9.10974
103.35 71.3209 11.0244
-0.299694 8.79586e-05 34.8045
-0.299999 1.54216e-07 141.271
-0.299742 7.42098e-05 38.9614
-19.4006 -26.2467 8.65746
-2.17749 -2.49048 0
224.578 -199.087 70.2498
8.80229 -0.906238 0
25.6595 -0.567025 0
2.58456 0.615508 0
-64.7951 76.1458 104.323
6.96382 20.8066 0
-0.018773 -1.5215 0
16.4226 108.38 34.8702
-8.04391 62.719 29.3312
3.33002 -0.42268 0
127.52 3.02376 37.8698
2.67563 8.02173 0
-3.04923 1.84515 0
-97.9321 -145.208 0
0.316432 -2.8314 0
-47.4299 235.077 193.16
-44.9679 140.183 167.858
5.18487 70.44 0
17.1457 -96.2084 62.3556
8.56187 -16.2074 11.4279
-3.90185 1.90715 0
16.3479 52.5734 0
17.5093 126.119 0
46.4465 75.7796 28.5349
-3.72904 0.380768 0
-23.1858 -78.2851 0
-12.8136 -86.0558 0
0.763469 0.128424 0
-0.29973 0.300078 34.7744
-0.299848 0.300116 141.177
-0.300115 0.300244 38.8765
9.63524 9.52127 0
-1.4382 -1.52485 0
14.045 55.5907 0
-116.017 -146.151 18.6621
-46.2841 -99.463 194.442
-22.7433 -68.6324 12.3972
-14.1732 76.969 81.9415
14.0601 15.4092 0
-0.340839 1.98118 0
-0.299964 139.012 133.869
-0.993142 86.3204 0
-0.386217 -2.97282 0
-37.9525 76.5753 0
-3.28881 3.01246 0
-1.65905 -21.6065 0
6.7152 22.637 0
-12.2643 -30.9937 0
5.84821 13.8839 0
3.77897 2.12839 0
-0.291625 3.41831 0
-303.479 -139.917 84.9582
-1.19211 -75.4447 0
151.819 176.427 253.292
-1.41887 -4.14598 0
94.0544 -1.52366 7.91584
35.4135 251.74 0
-88.0539 -144.453 141.283
1.78851 -8.85603 0
0.0401416 5.33019 0
5.72198 1.74312 0
0.582678 1.66162 0
-4.49309 -0.701481 0
8.59731 2.23628 0
2.48284 -3.10371 0
1.89689 -1.93517 0
5.52809 -4.28372 0
25.934 86.6531 0
-6.61091 6.85301 0
-11.6568 5.24462 0
40.7032 -30.3179 0
4.81223 4.33379 0
7.8139 -7.70607 0
11.445 -9.17923 0
7.16146 9.32964 0
1.55619 -4.13733 0
0.0507732 -3.92779 0
31.9364 147.041 0
-0.519639 6.20653 0
38.3879 89.9372 0
18.9477 -9.23389 0
0.452241 4.55974 0
1.04929 -0.489607 0
-28.9062 -11.4229 0
133.541 15.442 20.298
24.7224 -0.301207 0
5.53982 3.28635 0
2.14784 0.283046 0
0.423779 -2.25089 0
-115.424 -26.9807 13.4056
-22.6134 -76.5101 0
-110.8 73.1913 6.83994
205.364 -138.427 33.7816
-0.644409 1.2534 0
-0.446458 -0.118021 0
2.11216 4.15516 0
-1.29515 -4.15955 0
-85.4622 137.393 70.7153
-54.0588 84.6748 103.702
0.351128 1.59233 0
-11.141 31.141 0
38.2791 -55.9003 0
-0.19302 1.35729 0
-1.02849 -5.29876 0
4.25933 -0.604235 0
0.440981 0.184784 0
196.089 5.88155 0
66.7328 89.9638 7.41284
-149.332 106.139 0
-2.19302 2.54738 0
64.1555 -44.4255 0
37.9043 154.858 43.7055
0.42032 -1.93127 0
42.8158 -28.6533 0
136.971 -123.902 17.1433
-265.032 70.4575 0
-2.89891 0.249828 0
128.826 15.4057 21.4129
24.4824 0.000305361 0
0.427622 -2.33661 0
-111.717 42.3925 36.7663
15.5857 -1.37671 0
1.04623 2.80904 0
24.2109 21.3033 0
-2.30784 0.813175 0
-6.42186 -1.52114 0
-4.41562 -2.65934 0
127.99 232.602 220.918
-203.462 -329.056 139.929
-368.712 67.7745 166.995
26.0041 -247.26 26.6954
-13.6046 -20.426 0
31.8431 7.26842 0
-51.0214 15.1137 0
0.626576 1.86888 0
36.2512 -19.5917 0
-0.424455 1.17818 0
0.708214 1.71909 0
1.29555 1.97912 0
237.464 67.2968 231.261
9.26 -9.81742 0
-6.81599 -8.36911 0
2.49201 2.21339 0
126.379 -196.244 84.6307
-35.8221 47.2409 0
37.9503 84.1924 0
-19.4901 7.61826 0
1.85585 3.26523 0
-21.5911 61.2128 0
-2.13131 -0.200868 0
134.158 -5.22972 22.224
24.4699 0.301804 0
150.206 80.4142 0
-1.43165 -69.5087 0
89.9491 -37.8476 68.8677
5.328 -1.22101 0
226.097 -64.8072 8.68537
9.35824 -0.490824 0
-42.5406 -183.999 0.0505494
-3.55244 -0.299314 0
0.329993 1.47321 0
10.1482 8.59579 0
11.0651 4.35631 0
-14.7468 -80.3157 0
1.92433 -2.4659 0
47.4851 -6.0268 0
2.60298 1.36126 0
24.0371 -2.46633 0
-6.74859 0.49137 0
-0.410414 1.19713 0
-0.163642 1.75674 0
82.1626 450.916 246.721
-7.59822 4.38165 0
-80.703 -146.282 150.8
2.77224 0.968631 0
-18.7036 -47.5332 0
266.183 -131.656 77.1858
25.6559 -45.2218 0
59.0477 -7.83734 0
-41.0296 60.7683 0
-3.13909 -0.733482 0
36.3599 -162.047 0
1.0705 -2.34904 0
-12.7158 -144.81 2.12826
-177.894 256.389 129.801
-0.720251 -2.75996 0
-22.0668 -30.0911 71.8369
1.72378 -2.8905 0
1.09568 2.02175 0
-0.221186 1.41897 0
4.14276 -3.49872 0
43.3522 -22.2642 0
1.50194 8.40673 0
-23.9468 -22.137 0
-10.8534 -9.25257 0
29.2571 209.369 0
3.85861 136.165 62.8437
-29.2612 15.899 0
123.179 126.29 0
289.982 -66.4179 77.974
-44.2489 -38.6752 0
-92.7245 46.0105 40.8254
21.8703 61.4533 71.7256
5.6584 2.77621 0
3.52009 -1.93463 0
-100.996 17.3658 60.5381
-24.7712 -0.300852 0
84.8603 104.968 0
0.974911 -1.62399 0
58.0162 15.49 0
56.8405 -149.872 0
70.4418 -9.77639 0
-3.47056 -0.730453 0
2.67204 157.248 52.5011
41.7534 -57.483 0
2.25937 -0.410646 0
-60.1178 147.881 0
-10.2306 64.053 34.9504
3.06503 -3.24897 0
-0.203361 1.3688 0
-170.016 -84.9459 98.6807
0.474577 1.42546 0
66.0126 227.874 0
3.95521 13.7317 0
-73.046 169.194 0
-2.57276 0.327488 0
-0.514275 1.87071 0
73.1203 54.5987 131.781
-78.1499 60.2403 13.3969
325.835 -218.772 60.1317
-10.5519 -24.5287 0
41.3434 308.269 26.7403
15.5889 82.1325 0
44.3696 69.0716 0
-0.726093 -0.464549 0
-3.88985 -4.71856 0
-0.614568 -4.68929 0
0.791676 1.58935 0
-96.28 17.4653 62.3815
-24.7827 0.000146137 0
-5.33124 0.934797 0
-58.398 -5.61443 75.8386
-10.2646 -0.530412 0
-7.28263 -0.254095 0
-42.6325 1.11859 0
-4.42462 3.97189 0
13.1364 -11.954 0
-3.0231 -0.0495501 0
-1.30551 1.62103 0
1.2438 1.94788 0
-29.0178 -79.714 31.325
28.6384 -90.8016 0
-21.1836 -16.9112 0
-88.0732 98.4448 35.0322
-3.41457 3.48409 0
0.765482 -0.460702 0
49.7527 -29.8485 0
0.02051 2.98001 0
-1.21722 -1.2904 0
-0.117635 2.90041 0
123 -307.282 0
-7.92612 -7.7416 0
65.8022 -117.167 237.599
0.70865 -33.9308 0
-220.393 -98.5526 0.718379
-0.018819 -8.37648 0
0.543059 1.38534 0
0.367731 1.70901 0
-10.1689 25.6316 0
-0.239836 -66.1473 0
1.20376 1.51691 0
-100.634 -4.0952 66.8951
-24.7714 0.301215 0
-6.53111 -18.1357 0
-174.23 -3.66949 27.8713
-2.76128 -3.37126 0
-1.44211 -5.92295 0
-1.01912 3.32809 0
-21.5012 123.833 61.8405
-2.81734 3.81579 0
-10.4333 -2.94765 0
-58.5579 35.8503 0
-12.2284 12.0891 0
2.38342 6.54019 0
-0.0419047 9.47919 0
-30.3032 56.9379 0
-0.234178 3.36928 0
254.16 68.1865 173.875
-2.93584 0.646507 0
26.711 -9.40415 36.7088
108.603 49.9582 22.7378
-153.231 -60.2156 73.9858
-3.78669 1.25985 0
-4.32833 6.92898 0
-91.7376 -31.2067 83.1375
-25.3209 59.2358 0
-10.3441 14.7751 0
-10.0225 88.9595 0
96.9651 58.1548 0
-0.733809 -0.165246 0
0.704817 -1.70721 0
-8.27022 8.07706 0
30.785 78.6129 0
-0.00133234 -3.86626 0
0.347499 -3.49899 0
-2.59667 -19.2543 0
0.717499 -4.11989 0
-0.699258 10.0926 0
-9.82747 3.33286 0
-2.08156 -5.23198 0
-10.6194 110.368 80.0482
-15.4558 5.79566 0
-56.0035 131.66 0
-2.02883 10.2398 0
0.992686 1.80829 0
2.67283e-05 -114.583 144.957
0.692849 -86.3214 0
-4.52405 -0.326025 0
32.4462 30.7082 106.689
-2.50944 14.1041 0
79.096 -214.006 105.445
-5.8973 55.6085 0
-22.3595 -7.04038 0
-6.7737 78.0956 0
53.0052 115.32 0
-0.00042617 -0.300429 34.7736
2.87036e-07 -0.300073 141.176
3.05283e-05 -0.301283 38.8774
26.9169 -28.0589 0
-52.7633 -72.3689 0
30.8163 1.73262 0
8.39112 2.70532 0
-52.0994 -70.6297 0
69.6958 44.4996 0
-26.0831 21.7113 0
2.43236 5.70914 0
10.8644 -150.534 0
15.3879 129.016 21.3386
0.000404921 24.4881 0
-3.08451 -12.1581 0
1.32326 2.4549 0
-1.22899 3.11406 0
0.869187 2.34965 0
0.0630195 -4.76385 0
-33.018 -15.5104 0
-0.33506 -3.21765 0
16.4382 -8.86196 0
2.81126 -1.58823 0
17.7098 -95.8748 60.7333
-0.985871 -54.0181 0
4.35106 -0.0484513 0
-4.27007 15.8126 0
242.704 -1.41107 391.728
3.1456 -10.4862 0
223.051 -35.7418 100.99
1.8025 -1.96809 0
-22.1839 -182.193 218.01
-3.41362 -1.79729 0
2.49995e-07 -7.36141e-07 34.8028
0.000281468 8.10333e-05 141.272
0.000198621 -0.000114521 38.9602
17.0156 109.291 84.3949
-27.276 14.54 0
-1.32866 -1.56402 0
9.398 -0.827425 0
26.3522 4.63036 0
145.231 187.619 181.649
52.5587 119.786 70.6399
1.92536 0.836474 0
0.52175 -1.57911 0
16.7244 108.378 34.8692
-7.74374 62.7187 29.3312
17.1449 -27.6465 0
-8.43068 4.44975 35.9913
-0.624621 13.8238 0
-6.0148 8.06772 0
-70.6611 -84.3544 0
0.406458 1.46665 0
-0.357191 -1.4216 0
39.6183 -17.5023 0
3.77152 54.3502 0
17.4565 -96.2114 62.3613
8.87268 -16.235 11.4267
0.249653 -4.25569 0
19.3721 60.0784 0
-12.1521 228.401 0
3.33696 -13.2702 0
-2.98088 1.67412 0
0.361329 -7.63803 0
13.5751 -28.2696 0
36.4903 -170.225 59.3508
4.74913e-07 0.3 34.7729
0.000730505 0.300283 141.178
4.29443e-07 0.300191 38.8754
24.2654 -6.57945 0
-1.24833 -1.95695 0
-124.553 265.326 18.6914
-350.94 14.9491 27.9951
0.159632 -3.71519 0
5.34484 6.56499 0
-2.12333 0.287884 0
-0.718607 -1.17461 0
0.353309 -7.26175 0
0.000594465 139.013 133.871
-0.692758 86.3221 0
-0.0668159 -2.95864 0
-1.08565 -1.43187 0
20.2184 -20.3668 0
-94.4923 30.9303 0
2.38458 3.77333 0
-30.865 12.2519 0
0.918444 -3.42322 0
-57.2397 71.3062 26.6527
0.0063887 3.41786 0
6.97623 -0.453393 0
0.864499 6.31242 0
-83.929 85.2656 0
-3.29971 -4.68612 0
-5.13596 4.98107 0
38.7656 295.182 12.872
-44.2404 -94.6199 32.6289
25.0076 99.2149 197.995
10.8006 -14.8775 0
-31.319 -87.5738 264.249
-1.87823 -3.67492 0
-177.641 -23.4508 0
24.1579 -2.14121 0
-289.578 92.7918 24.7561
136.52 -313.68 0
187.996 126.129 145.545
-414.587 47.9693 127.976
70.2033 48.9021 0
-9.36844 37.9201 0
-22.6102 2.37037 0
-0.449428 0.407893 0
8.09505 -7.69374 0
11.7453 -9.17931 0
0.666981 6.98483 0
-6.38697 -12.291 0
1.28441 -6.68694 0
-7.30705 -4.87973 0
22.6587 -5.66796 0
-67.9778 -17.0627 77.504
22.2382 -7.61395 0
-0.150681 0.178553 0
-139.972 122.487 0
48.205 -145.182 0
133.837 15.4529 20.2907
24.7715 -0.30065 0
-24.4548 -25.9968 0
3.07746 0.498427 0
-47.6024 -24.3572 0
55.0512 69.0873 0
49.0827 -61.8828 0
-26.6465 -29.6458 0
1.55807 1.77111 0
6.43713 -8.88502 0
3.18322 1.37803 0
2.92068 4.93807 0
-0.949294 -4.16196 0
39.9233 106.454 179.559
36.2385 63.415 0
0.540057 10.9104 0
-46.1866 -550.281 84.7091
-0.121301 -0.434348 0
2.01222 -0.255326 0
-44.0062 -128.114 228.57
16.523 -11.0219 0
65.2632 151.376 0
201.139 11.183 0
63.369 88.1878 7.62279
-148.912 105.76 0
-0.163555 -1.42996 0
27.9985 -134.353 0
-170.12 -40.6049 66.788
-160.471 14.0699 0
-2.91906 -0.73885 0
-25.8948 -99.0939 0
20.0464 -33.3768 0
54.8596 205.017 0
129.109 15.4032 21.3919
24.7821 0.000604801 0
-68.346 63.3213 110.627
-86.8368 -8.7327 0
108.302 77.1962 0
68.5094 -27.9829 0
-15.4745 -79.0914 0
-18.0946 -9.42374 0
2.1344 3.03209 0
-181.247 173.206 309.628
-0.60273 1.4613 0
1.20387 -1.76553 0
-0.348031 -1.8826 0
-43.4077 -230.783 46.9711
62.8874 305.168 127.738
-32.827 -19.9383 0
-49.0284 21.759 0
-282.024 -43.6198 203.516
28.1353 -9.69107 0
-5.32291 2.04743 0
82.1437 -463.683 92.1901
150.228 -94.7083 251.591
211.76 79.7469 286.278
-50.8927 32.2652 0
-3.81629 -1.82574 0
-1.53011 2.09276 0
125.251 -34.636 0
-24.6509 58.608 0
205.985 -15.7266 102.577
107.12 359.631 103.1
149.067 51.5522 151.178
-180.339 110.012 107.67
-0.537007 -1.34516 0
134.454 -5.23826 22.2176
24.7712 0.301578 0
1.93213 0.505208 0
-156.534 -29.8095 0
-8.6224 -8.4493 0
4.60655 3.87004 0
184.199 365.88 58.5251
87.5356 -150.1 33.2374
0.316826 80.3085 161.335
-172.741 -238.572 396.08
-3.11299 3.79157 0
10.4484 8.59586 0
11.7168 5.27774 0
-14.3155 -80.3122 0
14.1815 -11.1126 0
22.2658 -162.514 0
-70.3602 -183.376 0
-2.16964 2.72707 0
168.443 101.016 103.619
26.9319 16.3389 0
183.26 33.2338 7.91278
1.05567 -3.24868 0
-7.48751 2.91 0
68.6282 -164.474 0
0.322443 1.49293 0
-0.736364 3.6472 0
2.4369 5.2568 0
0.35159 4.52127 0
6.52757 -6.24496 0
-11.2644 -14.3369 0
46.4791 15.7283 0
765.887 90.4172 26.2175
1.74835 2.25457 0
67.699 -181.29 50.9222
41.8037 -24.2716 0
-1.64729 -1.47583 0
-120.093 -228.422 190.181
-4.88619 -7.39758 0
-9.19046 106.84 21.4719
-6.69176 94.4219 0
-41.8319 22.8292 0
-2.1205 -3.06839 0
-22.6475 96.6569 2.06745
-25.1709 -23.6333 0
-10.5532 -9.25249 0
29.5684 209.371 0
4.23968 139.701 63.9504
-122.504 -19.3249 0
-39.9362 -10.2112 5.93479
5.11806 -1.06137 0
-2.68085 -3.47641 0
-2.8076 3.32243 0
-166.214 35.953 0
0.572316 -1.68645 0
-53.9259 46.0721 0
-100.696 17.3562 60.5489
-24.4699 -0.300652 0
232.49 98.3181 97.1501
2.27444 4.38525 0
-5.20699 -0.617604 0
-83.5056 38.6672 0
0.805389 1.25471 0
-36.1918 -46.1844 0
49.6601 229.33 367.396
-38.7148 -12.0563 0
1.57637 -1.77379 0
-61.131 149.076 0
-8.78122 -108.801 14.1088
3.07944 -2.87162 0
-2.48539 0.969192 0
204.684 -84.4601 0
-2.07236 -4.04589 0
2.05736 -1.61432 0
0.349763 1.98142 0
-4.12357 1.39823 0
0.651423 -1.8678 0
0.67537 -1.94361 0
74.2806 49.6001 120.52
-79.9611 59.6492 13.0149
111.32 -3.48924 0
-4.59595 -1.93849 0
2.61295 -111.128 0
3.47212 2.19267 0
-345.771 -29.5768 159.032
-112.372 -108.243 0
-165.061 -115.377 0
119.792 -14.7165 31.6278
-2.09341 1.56423 0
-95.9838 17.468 62.4102
-66.7282 -5.4648 0
-6.6852 2.57879 0
-2.32395 0.713422 0
-9.18275 -0.514959 0
-4.15991 -1.71679 0
-42.3128 1.11791 0
31.1792 53.3719 10.5387
-127.036 -104.087 45.3673
142.598 -93.6336 34.5603
1.5424 1.32228 0
1.58744 1.88632 0
-31.4957 -77.6177 31.8707
1.52883 -7.73334 0
1.983 -18.868 0
-2.10649 4.60937 0
-108.486 -17.1144 10.1596
-39.6757 12.0173 49.4875
2.0523 0.856938 0
-184.335 50.4692 393.25
40.1821 18.4999 0
2.39386 -0.192949 0
119.55 -305.505 0
-7.62188 -7.75568 0
-130.629 8.08078 197.429
145.745 -60.5244 0
15.2629 19.0213 0
-0.171223 2.53711 0
3.03532 -1.73447 0
-5.40391 -7.73126 0
-24.6087 -39.3801 0
0.0839005 1.78759 0
0.55519 1.6992 0
-100.336 -4.08904 66.9028
-24.4701 0.301639 0
-12.4041 42.6184 0
-173.995 -3.47374 28.092
-2.48746 -8.52639 0
3.00656 3.3929 0
41.8063 -316.875 106.859
59.0547 -40.1861 17.6579
-19.3078 13.7424 0
-85.7972 -104.473 0
31.6712 36.1755 0
-11.9283 12.089 0
-2.10871 8.44982 0
40.6473 24.6423 0
-15.9988 -5.28204 0
-2.10455 0.0591553 0
-225.544 124.719 0
-33.6211 12.664 0
-50.8819 -24.8419 0
-62.8717 36.588 0
-71.151 79.1251 8.99599
50.104 1.72628 0
-117.038 -134.074 0
24.1953 2.29044 0
-1.48904 14.9623 0
42.4203 -21.5899 0
16.1291 2.64065 0
11.3363 343.627 234.377
-8.86715 -19.32 9.05357
2.39667 0.51327 0
-4.97384 -15.0201 0
-3.66149 1.40977 0
0.297738 -3.8636 0
0.861937 -3.31497 0
-2.28188 -19.2515 0
1.01264 -4.12283 0
-0.253403 10.1022 0
2.55885 -1.33373 0
-83.5028 -139.598 42.798
4.5164 155.109 46.8749
10.7274 3.37435 0
51.8554 110.247 0
-4.13281 21.9567 0
0.284299 -1.37957 0
0.300026 -114.584 144.957
0.992878 -86.3207 0
48.1848 71.5973 92.6842
12.7208 0.24883 0
-1.72922 10.3553 0
100.126 -214.476 121.054
2.26886 0.576104 0
-1.86696 -0.381431 0
93.8158 -126.322 64.7925
41.1889 26.0263 0
0.300555 -0.300556 34.774
0.3 -0.300073 141.176
0.300741 -0.30181 38.8783
8.09699 -1.82538 0
-8.35399 17.3578 0
112.807 34.3537 71.9254
8.71955 2.87361 0
-15.8488 2.44136 0
122.776 -211.506 0
39.1169 15.63 18.6053
34.1286 52.107 0
10.8883 -148.884 0
15.6996 129.005 21.332
0.301061 24.4881 0
5.29559 -0.630698 0
1.52891 2.42758 0
11.8415 22.9815 0
84.0657 -55.0945 43.532
4.65392 -76.8529 0
-10.0367 13.4011 0
16.0298 13.794 0
-30.5324 -8.68404 0
2.68909 -0.364135 0
18.0103 -95.8751 60.7313
-0.686186 -54.0191 0
-34.2331 -53.9598 0
-34.8252 -0.691654 0
-209.566 -322.069 282.273
-17.1696 68.5436 28.2153
66.7908 82.4806 0
11.867 9.90411 0
99.8687 -167.24 105.085
55.246 78.8817 0
0.300001 -1.19723e-06 34.8028
0.300098 2.81336e-05 141.272
0.300292 -0.00025199 38.9604
4.32275 -3.21619 0
-4.7389 14.4002 0
-4.48369 0.377165 0
8.99466 -0.987232 0
25.9668 4.36438 0
4.8426 7.95453 0
84.0344 128.592 101.92
13.1942 28.1038 0
2.00666 -1.11183 0
17.0254 108.376 34.8659
-7.44176 62.7176 29.332
-2.59644 -0.306774 0
-0.15799 -0.139571 0
1.55507 -4.67575 0
8.93909 114.258 0
2.2248 -8.34026 0
-0.697916 1.44313 0
-4.36014 0.0600311 0
67.8854 157.925 0
1.18885 16.7783 0
17.7652 -96.2042 62.3478
9.07404 -16.3025 11.4756
-5.28102 -2.15415 0
10.6358 11.4891 0
3.5115 9.78228 0
-110.098 4.54982 101.129
0.514914 -58.7408 0
2.2447 -1.29591 0
-3.10838 -38.4234 0
-25.1236 -26.5509 0
0.300101 0.29998 34.774
0.300449 0.300202 141.178
0.300195 0.300236 38.8765
-28.79 135.962 0
-403.631 -198.439 0
-135.466 -44.447 56.4361
-1.71498 -17.7083 0
-23.4442 -48.3665 0
86.0655 71.6236 75.0591
8.88877 5.8915 0
-126.656 -15.1436 318.838
30.7855 34.5791 0
0.300533 139.013 133.87
-0.392794 86.3216 0
0.237044 -2.96295 0
-1.11004 -1.22909 0
-3.41589 -35.0124 0
5.81286 -3.61977 0
2.64796 78.4601 0
2.48261 1.76556 0
166.459 60.8313 82.5925
1.27342 -1.82348 0
0.304747 3.41822 0
9.06774 -2.96032 0
-39.988 -10.0141 0
2.83746 4.54807 0
-2.95806 -4.6845 0
25.044 -4.33405 310.274
1.82797 -1.53673 0
11.7363 -125.988 51.4962
-5.8947 -22.3111 0
-36.8552 73.0084 0
328.981 490.25 137.173
3.19242 -3.15049 0
-134.152 -140.875 29.5658
36.8116 33.6593 0
1.92645 -1.97248 0
-4.91236 -4.18762 0
8.32684 -4.88693 0
3.466 -2.84834 0
-37.9942 230.297 0
-8.11134 -4.13328 0
-24.2671 7.30465 0
394.659 -193.945 24.0896
8.28587 -7.70311 0
12.0455 -9.17947 0
0.630154 7.11077 0
1.16945 -2.80977 0
1.81555 -3.28358 0
-22.1263 -66.1623 0
4.64852 5.22999 0
-2.63047 1.56945 0
37.4611 -11.8614 0
2.22398 -1.16955 0
2.1913 0.0330651 0
-136.775 372.756 0
134.158 15.456 20.3166
80.6265 4.33749 0
-26.4577 -24.4746 0
-99.9214 -95.672 0
81.6995 337.093 10.3688
-111.451 -222.037 267.443
-277.133 -7.67224 12.5025
-167.909 -34.3861 11.3864
35.8069 64.653 0
8.13805 6.19984 0
9.11823 9.3722 0
-96.2854 -253.424 117.182
-0.339865 -1.79517 0
78.488 274.264 155.946
0.183261 0.148392 0
268.073 316.654 342.137
-189.754 -136.664 9.44013
-0.369684 1.20248 0
2.61174 0.699934 0
20.5249 -251.037 0
144.721 -55.1359 399.729
1.56087 -2.23323 0
104.728 37.6607 0
-0.916705 97.475 13.6879
61.5029 42.8637 116.412
1.98861 -1.46025 0
-72.1576 11.7973 0
-2.96272 -2.67707 0
2.00554 0.0048405 0
-0.927748 12.9546 0
0.297204 -2.30034 0
34.6347 110.339 79.9385
-43.9381 102.448 136.856
129.424 15.4032 21.4117
70.9021 0.320314 0
-101.752 -32.51 0
2.75959 0.418042 0
17.7458 -1.52333 0
0.89262 -8.15502 0
73.7526 -15.2781 0
-301.19 283.055 58.2766
-75.4877 -39.7217 0
-40.7877 -10.0983 0
115.166 194.401 0
1.26371 -1.80608 0
4.243 6.69914 0
118.307 -201.822 85.519
-47.0338 -48.3882 0
-82.0909 -40.2561 0
11.3376 6.65657 0
14.003 71.0922 0
112.906 -116.535 0
1.25088 -1.85909 0
4.52703 0.778045 0
179.125 120.506 0
-558.107 461.176 526.558
7.87887 -7.26752 0
381.214 -202.415 133.638
1.95246 1.76877 0
-0.0614434 6.79556 0
3.60503 -3.69543 0
-209.783 193.482 32.5382
5.0389 -26.3387 0
238.428 174.783 113.974
3.0119 -46.68 0
1.52034 4.04804 0
134.777 -5.24458 22.2441
50.2316 2.41508 0
-127.42 203.923 34.6557
-1.93133 -3.66259 0
-76.052 74.635 50.6439
-124.851 -134.462 0
-72.1912 -196.115 0
4.96941 -5.87798 0
92.6442 42.8989 0
-46.1009 -1.14538 0
-13.0899 -62.0215 208.825
10.7487 8.59602 0
60.0815 101.53 0
-14.6044 -75.8087 0
-62.5758 4.60068 0
28.2329 -6.34155 0
-3.84371 -4.04603 0
-35.5372 -13.3208 0
68.1885 29.6188 0
99.0257 239.137 0
2.16816 -0.545288 0
-34.75 -14.6334 50.4002
-4.3183 3.30824 0
-6.07339 3.2126 0
3.60345 6.59818 0
48.8193 36.2519 27.9545
3.13192 2.71206 0
2.4432 9.17518 0
-44.2036 60.7977 127.874
5.04715 -3.89777 0
2.09101 -0.483343 0
-11.0918 144.646 0
1.59632 -2.54488 0
3.39523 -5.69048 0
-3.83745 1.93084 0
29.1401 -70.2473 0
55.9837 -108.259 0
7.5261 1.39347 0
3.69839 -1.92203 0
-1.36454 -2.2301 0
1.90245 -5.06919 0
32.8052 -31.2313 0
0.043054 8.26425 0
-18.95 -18.2393 0
-10.2418 -9.19908 0
29.9341 208.996 0
4.36727 140.288 62.9758
50.6037 -86.5725 0
-45.0191 40.4273 0
130.083 105.115 0
19.241 178.202 41.0176
135.036 105.566 0
215.858 274.906 9.42214
4.72348 68.6901 0
2.34147 0.868301 0
-100.401 17.3536 60.5459
-24.4205 -0.300663 0
-0.177392 2.08554 0
-0.1686 1.55566 0
-2.03663 -2.23798 0
-30.0757 -28.4828 0
-128.063 13.573 0
-53.9594 -138.321 0
-2.67384 3.23058 0
-0.138098 1.90439 0
2.55418 -2.11554 0
-62.9845 162.847 0
-63.127 -88.7141 17.2033
3.58541 -1.21571 0
43.2796 -29.1743 0
27.9438 -18.4951 0
-2.87943 1.92247 0
-0.157523 0.417313 0
110.53 248.834 28.8677
0.848098 -1.77559 0
132.527 13.4803 101.118
2.26715 -0.852095 0
64.1045 65.2923 157.966
-79.6532 59.6087 13.0344
-23.9132 -9.1413 0
19.967 41.4751 0
86.3005 133.779 0
-3.26891 2.01023 0
-6.41381 -6.11026 0
-76.0755 -41.6045 0
-38.9641 -37.1631 0
2.24686 0.357674 0
42.5444 65.3103 0
-95.6804 17.4663 62.4079
-24.1784 0.00112212 0
-4.48733 -0.314602 0
212.442 137.365 2.85562
2.52239 -3.45865 0
54.0993 55.3213 0
-32.577 7.60516 0
37.8484 191.685 15.9662
-0.894553 6.64406 0
-28.3927 -2.35587 0
0.240647 1.83238 0
2.84221 1.20192 0
-31.2163 -77.5681 31.8882
249.42 167.766 0
-81.3219 -64.9855 15.8137
11.2132 -5.31789 0
3.30224 -0.475761 0
1.20975 1.5901 0
70.9388 -96.6214 139.879
52.9994 -35.7699 0
-48.0708 -28.8392 0
-69.1327 -67.4271 14.0636
35.9972 -337.011 0
39.7888 -74.855 0
2.60281 -1.12987 0
2.3917 -29.3601 0
315.502 248.849 101.164
-236.594 -360.331 119.297
-0.146959 1.62169 0
2.15317 -1.07892 0
-14.5044 144.54 15.8019
1.99054 0.402892 0
-195.855 129.79 108.065
-100.045 -4.0861 66.9003
-24.42 0.302157 0
24.6551 135.163 104.871
-181.882 -2.0237 21.1184
-1.46898 -18.4075 0
0.26805 -3.98073 0
1.08428 1.57823 0
-30.6883 -58.1019 0
-12.4392 -6.66489 0
-79.1259 -11.5294 10.6958
0.709685 1.43448 0
-11.0384 11.4348 0
0.185513 13.6658 0
38.7508 23.2379 0
-31.2461 9.14324 0
0.589619 17.2628 0
-0.128469 -2.15411 0
-0.148645 -0.428073 0
1.93773 10.8901 0
-1.20597 1.50866 0
-86.4323 -51.5583 18.4537
0.134352 -1.45057 0
-107.532 -118.326 0
-94.6226 -65.0218 2.19422
-39.389 -144.611 123.109
120.917 77.4352 0
138.063 -29.5601 86.4833
17.2317 418.659 31.8785
219.142 32.7104 0
2.6436 1.75594 0
1.0767 94.7019 0
62.4025 182.11 232.937
0.600784 -3.85387 0
6.14966 -1.32296 0
-1.99465 -19.2381 0
3.2878 -12.9621 0
-2.72368 8.25274 0
3.39331 -4.88001 0
-0.459216 0.185513 0
4.89596 7.07631 0
62.8286 190.212 87.8223
-0.393243 41.6392 0
40.9032 208.851 138.7
-0.539012 -2.16232 0
0.600104 -114.636 144.926
1.29967 -86.3128 0
-1.67698 2.2231 0
0.0151363 -3.36851 0
-0.264279 3.52689 0
-43.4692 -260.76 110.577
0.728162 16.423 0
-5.60638 -48.7889 316.357
-104.128 -105.668 227.104
-13.6383 -6.03399 0
0.601029 -0.300588 34.7705
0.600017 -0.300073 141.172
0.600875 -0.300735 38.872
-16.5857 -6.99608 0
13.4745 -12.8851 0
-9.56628 22.5817 0
6.78775 4.97546 0
7.50726 5.69447 0
-3.26099 1.8925 0
-11.8974 149.011 60.5155
159.12 -62.7329 247.702
10.1063 -146.645 0
15.9939 129.07 21.2898
-2.99493 82.4988 0
-14.8945 0.205795 0
1.29634 2.57207 0
2.44445 6.9515 0
-15.6651 -21.0815 0
-1.85935 74.5669 0
79.3165 28.7165 77.34
34.2032 70.9009 0
-81.0202 -14.2804 157.691
3.06412 -1.88901 0
18.309 -95.9597 60.7061
-0.380656 -53.81 0
-0.249795 1.46504 0
2.35609 -0.875101 0
87.5076 4.8265 142.081
-5.25049 4.52724 0
-15.5768 -31.4672 0
556.534 -70.0424 190.541
16.7041 -0.400705 0
0.278254 -3.01065 0
0.600002 -8.84132e-07 34.7987
0.600016 1.46414e-08 141.267
0.600101 -3.52456e-06 38.9554
21.3702 -23.8818 0
20.4408 -10.7679 0
23.6738 -7.5486 0
5.36281 3.72258 0
23.968 23.0426 0
-32.4495 -38.622 0
-5.35418 -49.5112 0
-85.6036 15.2588 92.6566
-0.218983 2.56307 0
17.3245 108.457 34.8289
-7.13723 62.6928 29.336
-10.587 8.3534 0
9.98412 28.653 0
0.431149 25.0098 0
2.09536 1.8097 0
145.845 -61.5687 0
0.403592 4.6467 0
-1.9529 -20.3712 0
276.399 -159.549 65.3741
98.9445 132.972 44.5566
18.0578 -96.2829 62.3141
10.268 -15.2495 10.7576
0.520018 -8.38832 0
-0.0164017 3.40606 0
47.2272 113.421 0
-9.16717 -0.633028 0
-20.976 -88.8769 0
-1.57151 17.9022 0
-10.8544 -27.1979 0
-47.0396 46.239 0
0.600356 0.299985 34.7704
0.600187 0.300039 141.173
0.600925 0.300195 38.8723
2.65046 5.23374 0
-0.683773 -2.14499 0
2.63869 -0.223274 0
-33.5602 -30.9691 0
99.5751 3.20947 31.1454
176.182 -247.674 55.8324
-7.81767 -146.686 21.2343
4.75025 0.707356 0
-32.5093 105.81 0
0.600095 139.06 133.833
-0.0929272 86.3186 0
0.53973 -2.94375 0
-1.6165 -1.53592 0
-26.5972 -15.0255 0
2.64706 -35.588 0
-2.34048 1.43984 0
37.3103 -0.460253 0
-1282 -545.285 563.623
-158.291 -62.957 46.0936
0.606631 3.4166 0
-2.08106 6.03919 0
1.52969 6.20126 0
8.38679 4.9432 0
-2.49079 -4.17751 0
-67.2679 -11.424 0
11.5572 5.26121 0
-52.7437 -135.43 92.0748
-62.3451 -26.4062 0
14.0737 -11.2821 0
2.07959 -1.20187 0
2.36465 0.145456 0
-119.063 -98.9541 0
-12.2428 115.271 15.3158
1.37415 -2.18096 0
4.2261 -7.8401 0
11.6868 -10.5824 0
0.525638 88.8081 485.256
-37.1164 -91.7368 48.6634
-5.44884 117.831 6.27872
3.32798 -7.17131 0
2.33191 -0.477695 0
7.97409 -7.5876 0
12.3764 -9.24621 0
-2.86028 10.405 0
-4.90078 -6.08294 0
2.88438 -58.9391 0
18.5354 -0.99866 0
1.43026 -3.33324 0
178.112 -52.5825 55.8632
236.339 -4.21005 5.14843
3.071 1.12735 0
22.2592 17.1501 0
37.8569 -152.604 15.3991
-159.262 104.822 28.9581
84.7876 -1.31449 0
-65.4718 45.006 0
-33.218 2.55011 0
-223.144 225.574 99.991
9.39502 -2.17382 0
265.608 72.0847 89.2532
-5.28337 9.98188 0
60.9119 -11.8758 0
13.0517 -8.69778 0
12.3934 12.6793 0
74.3002 240.057 0
50.5268 -207.57 0
-120.473 60.4658 154.668
-0.0848816 1.79298 0
-41.9239 -9.34645 0
-43.2698 44.3041 0
1.86302 1.35682 0
2.196 -2.07679 0
0.0126551 3.34134 0
-2.13798 0.168877 0
2.18384 -0.471221 0
7.3942 -3.50048 0
-232.131 180.165 129.715
-8.67394 3.16214 0
2.56416 -0.31819 0
-22.4112 2.66185 0
-9.4116 30.2757 0
1.88983 -1.94693 0
-3.61041 3.90357 0
-167.533 49.0329 13.0955
2.53812 -2.13987 0
-0.825164 3.48856 0
-93.7429 94.8739 69.406
91.2611 0.869973 0
6.50681 -151.274 20.3499
11.9237 -105.819 0
2.01669 0.256908 0
1.41242 -5.0646 0
3.16323 -1.29151 0
90.0993 6.72825 65.2944
133.903 120.499 45.614
-315.794 241.767 91.2519
29.6 15.3184 0
212.862 214.687 154.492
-289.406 -57.4435 132.646
-162.978 129.003 58.9613
-0.817543 -2.86493 0
-57.0696 -64.1676 48.0594
-162.951 32.8885 0
43.1823 77.9291 0
23.0209 3.79349 0
4.24795 27.6027 0
-180.289 -133.982 0
4.59442 -0.322687 0
-243.25 198.47 162.985
-141.442 104.07 6.31728
716.432 -193.045 224.994
1.24566 1.57882 0
-19.3844 -2.02322 0
34.7583 -342.69 106.09
-0.718551 -199.874 107.9
4.76356 -81.2063 0
-1.42849 -1.48989 0
2.86579 5.67618 0
2.4396 -0.425562 0
-168.296 -7.7331 63.0799
68.892 2.58217 0
171.884 207.599 664.376
3.75157 2.32785 0
1.32248 6.25706 0
0.673123 -1.20646 0
3.19794 -1.39414 0
0.0366781 -64.4065 62.7952
-4.61151 -69.9117 28.9194
-5.18505 247.63 88.6389
1.4644 1.52088 0
11.0821 8.65 0
10.1858 2.73594 0
-107.396 -57.2631 15.2499
1.12002 -5.73188 0
91.5934 104.542 11.0386
159.684 48.1238 0
2.21137 6.40197 0
-47.168 125.059 279.661
-9.52632 1.53227 0
5.61539 -9.28326 0
-0.771444 -0.457677 0
-4.58813 4.23829 0
-94.0065 83.8208 51.5879
2.25456 0.0175604 0
-0.497877 1.35213 0
-15.0204 30.7109 0
3.00603 2.15691 0
-32.8229 -38.5753 0
51.5062 195.747 34.2116
-14.409 -17.8989 0
156.742 162.007 65.3863
2.28974 -0.697412 0
6.84169 -9.68372 0
-2.6961 -9.36293 0
2.10722 0.255396 0
1.87893 -1.94306 0
27.0935 27.8413 0
2.29419 0.908558 0
6.50552 -15.4553 0
2.14025 -0.41388 0
-94.3505 -88.6319 0
-33.1183 26.6694 0
-1.16693 -1.74843 0
-16.9431 76.2258 128.946
-62.4646 200.583 20.3354
-29.6805 70.2011 0
32.8768 -36.6055 0
-3.11686 18.9079 0
430.28 -244.885 90.304
2.1214 -0.323745 0
90.6601 60.7637 0
-16.6735 -221.829 38.4256
-54.2225 85.1622 111.027
104.571 -0.525064 0
-105.152 17.0742 59.7478
-24.1082 -0.300555 0
-48.5695 -80.282 0
-21.6216 2.71634 0
-0.138715 1.46879 0
7.71535 3.514 0
-52.7704 0.824267 0
-192.779 12.9458 22.2186
9.0421 18.2193 0
196.468 317.697 91.2579
0.677296 1.95072 0
1007.08 -602.31 59.2254
-0.4646 -1.56567 0
-0.591607 -3.62413 0
2.30896 -3.81121 0
8.87064 2.49487 0
-25.0218 -35.0476 0
-484.765 341.189 532.597
2.02148 0.0339261 0
2.11607 -0.916237 0
-0.372996 1.29656 0
-59.504 41.1401 109.668
-178.82 244.911 295.065
-75.5004 87.7633 0
-0.572582 1.44436 0
83.4183 -42.5996 0
1.17197 -2.42673 0
52.4593 144.675 0
3.08802 4.59644 0
0.187406 -1.82511 0
53.3639 60.7233 0
7.91086 23.5513 129.958
51.8652 1.69691 0
-100.313 17.1879 61.6359
-24.1165 0.000906573 0
-8.44237 -0.237996 0
-42.9489 11.8274 0
3.3638 20.488 0
17.2187 19.5682 0
12.033 0.395527 0
4.48737 1.34832 0
-25.0804 -17.0928 0
-73.4805 -105.84 77.6519
-19.4321 28.7626 39.5667
57.4877 -311.429 92.1739
-27.116 -109.136 14.6417
-4.36662 4.03374 0
-34.9717 -44.4923 0
-46.0031 -102.972 0
2.30568 3.92936 0
123.962 21.1889 0
64.1688 12.9205 0
-123.118 -101.783 104.14
-596.443 -28.4392 289.42
1.38637 -1.57313 0
-72.6528 -73.3736 161.588
52.4249 -19.8587 0
98.9278 261.559 119.718
64.7249 -38.8453 0
1.83387 5.04441 0
13.046 -6.71901 0
12.2279 1.42356 0
7.20383 -1.72151 0
51.6841 -220.123 0
-1.1987 -2.07651 0
21.7263 1.8069 0
-105.032 -4.05127 66.0219
-24.1071 0.301943 0
-32.2519 -73.3971 0
-105.25 16.5221 0
-169.184 -243.812 0
-100.039 -68.7795 6.10533
-16.2949 19.4175 73.1521
15.0811 -3.26354 0
-35.7113 -15.6734 0
231.011 236.503 203.43
0.396101 1.82811 0
-0.737516 0.471989 0
-260.633 100.41 36.2141
9.81619 18.8509 0
2.71016 12.3692 0
2.87454 1.90398 0
-8.15182 -0.767195 0
2.34689 0.224988 0
16.7408 5.9436 0
-70.3664 11.0108 0
-7.82788 -18.6071 0
-348.763 207.433 4.53443
-91.2087 -94.1041 0
-2.90743 -3.21253 0
2.5352 0.0423092 0
0.822503 31.825 0
29.5331 84.2683 0
-51.179 124.278 190.598
1.9588 0.594173 0
12.2991 17.6557 0
1.02918 1.69405 0
-137.992 -17.959 0
0.904078 -3.43088 0
2.08481 -0.292322 0
-1.86531 -19.5397 0
-0.226184 -1.65903 0
-184.981 -68.1838 85.8984
0.413597 -1.87211 0
7.61415 -49.2285 0
7.49346 4.51395 0
0.653854 -2.80126 0
0.53647 -9.49427 0
5.13992 28.5493 0
0.515152 -1.90577 0
0.900954 -138.368 128.996
0.900934 -82.6965 0
2.78681 1.06479 0
0.857501 -2.80477 0
5.29514 -4.72708 0
-15.0642 -14.1342 0
4.5895 -3.42155 0
-9.20049 -74.4895 0
2.00999 -2.46282 0
2.85666 -0.674994 0
0.900239 -0.300136 34.7658
0.900197 -0.300104 140.66
0.900558 -0.300221 38.4245
-67.3669 -7.73195 0
-7.23033 -1.3321 0
-92.4959 41.9973 46.3847
27.3632 3.37631 0
-4.48313 10.6645 0
3.87515 1.11847 0
-14.9862 48.0357 0
-0.193951 5.92577 0
-0.537372 5.36637 0
-4.25553 152.799 14.3877
0.901304 24.6825 0
10.6 13.3781 0
178.644 5.61138 0
-28.9401 -24.3804 0
-8.67006 12.6146 0
-3.72787 0.761472 0
-59.9384 117.524 0
-6.02458 -19.6074 0
-4.56187 -41.7726 0
2.55585 1.61378 0
-3.02392 -121.719 60.7947
-0.0712158 -58.542 0
-15.7241 9.49618 0
-8.32396 -179.111 12.3653
-17.2576 37.27 0
3.42605 -5.99668 0
-39.3481 23.4288 0
6.07675 -5.09555 0
1.16079 -2.11812 0
1.99088 -1.81675 0
0.900124 -1.38545e-06 34.7729
0.900183 -3.41353e-08 140.772
0.900774 -1.96573e-06 38.5224
14.7368 -46.7675 20.922
-1.21166 -1.70947 0
-34.4503 -16.7101 0
-234.642 61.4011 94.4189
-64.4126 -11.0537 97.5663
215.138 -164.395 24.6014
43.5356 -38.9972 79.0164
9.96155 -10.438 0
2.4373 -2.0571 0
-6.5547 80.0974 60.5154
-6.61102 63.7913 26.4892
-0.3334 1.25397 0
-97.1727 6.29013 20.5227
-1.61103 -13.4075 0
-22.9236 23.7568 0
-79.1662 148.961 10.3883
0.383408 -2.43342 0
2.72941 17.6013 0
1.62202 1.32215 0
2.60332 15.2438 0
-3.05734 -122.026 62.6973
2.21404 -18.4902 12.3673
-54.3336 -41.7181 0
3.15046 2.25449 0
-88.0815 28.8323 0
4.56072 0.207902 0
0.660656 -2.46529 0
-1.88255 -1.43225 0
16.1482 -126.736 0
0.923018 1.99492 0
0.901163 0.299989 34.7673
0.900367 0.30007 140.661
0.901868 0.300208 38.4264
-14.2948 21.1452 4.51579
0.70373 -4.95918 0
-59.4307 -53.6162 2.69989
1.37505 1.53486 0
-38.1214 23.9343 0
-3.67926 5.28979 0
-12.092 -73.8065 5.6898
2.11104 1.01955 0
-0.724467 1.82894 0
0.900952 160.547 115.705
0.171734 87.8058 0
-3.15867 -4.60359 0
-11.2133 -26.1476 0
-5.90187 -0.638537 0
-3.42053 -3.99255 0
18.4074 12.6051 0
-27.1204 -117.449 0
-74.6773 42.0089 0
0.604719 1.54431 0
0.909739 3.41765 0
61.216 266.797 127.192
0.594585 7.448 0
-44.17 82.4003 0
-121.69 6.81002 60.1569
1.30638 1.33868 0
-2.38785 0.613695 0
123.372 -32.1213 0
21.6541 -253.456 16.6452
-5.90401 -3.62069 0
2.99453 -0.075046 0
0.833907 1.70773 0
-222.901 52.3493 0
87.4289 81.5123 0
1.9943 -3.15327 0
-56.0284 29.3868 0
2.0752 -1.39819 0
12.6731 -116.422 0
-2.87844 -10.7547 0
0.497198 -2.44761 0
0.308598 -2.29929 0
0.446798 -1.79409 0
2.45067 -0.632678 0
183.948 -159.048 204.406
0.167867 1.83397 0
0.551753 6.51382 0
7.46455 -8.16097 0
123.392 -152.216 9.10923
-28.1223 -42.132 145.599
21.6743 -57.5192 0
177.471 80.735 0
0.931822 2.19408 0
-45.8309 -97.5589 0
119.293 25.3343 0
161.229 -0.300052 115.644
94.2047 -0.299106 0
-8.82391 0.826182 0
0.495985 -2.72958 28.0903
159.799 77.2763 0
50.4075 29.3871 0
-21.8812 -43.045 47.5278
22.7975 8.19978 0
0.144601 1.46215 0
-59.2573 43.9396 0
2.27305 0.758585 0
1.90582 2.79132 0
-117.566 144.593 0
-110.998 84.7934 0
33.8626 -6.27186 0
-80.0814 -8.57142 0
-134.567 78.725 0.108861
34.0615 -173.055 0
-52.483 -50.1136 0
3.22882 -0.117185 0
-25.2798 -17.0714 0
74.8127 -133.065 26.0806
14.778 -15.237 0
-258.751 401.998 43.1929
-6.47899 29.5413 0
-10.0911 3.25769 0
5.5601 -1.76479 0
132.491 -129.161 0
-47.7778 20.9924 0
-4.77688 13.3297 0
0.81969 2.5421 0
4.0299 4.12876 0
-0.598341 -2.51107 0
161.099 1.0479e-05 115.766
94.2261 0.00713755 0
-4.47713 -0.185909 0
-1.42152 -1.55362 0
2.56506 -3.18571 0
-50.1094 -6.77353 9.00417
175.159 -71.0833 143.374
-41.0039 -33.851 0
1.74585 3.23193 0
-129.546 164.364 126.278
-97.6343 -11.4929 12.5999
11.2235 13.6071 0
-40.1701 79.3856 0
-79.793 -53.2335 0
10.5422 6.2585 0
2.22116 -0.530912 0
-103.568 -50.8454 0
-68.8666 -54.2149 46.3051
3.00043 42.5003 0
-221.9 35.8527 193.28
-143.839 48.0393 29.8824
1.82097 0.840583 0
1.23398 -2.24998 0
-1.24841 -1.62743 0
-117.078 24.1661 0
-14.1339 0.69275 0
2.05992 0.437552 0
-3.35924 -15.5044 0
-71.4575 -140.274 0
29.909 39.1251 0
-21.7529 -36.1215 0
168.242 119.635 0
-0.419923 -1.43562 0
161.229 0.300061 115.644
94.2249 0.313454 0
-8.83517 -1.34624 0
28.8184 -177.613 14.1643
37.4925 -61.4941 0
-2.72498 5.44346 0
-0.900596 -1.87853 0
-0.693496 2.12185 0
-2.80614 6.86533 0
-5.80844 5.61733 0
1.53133 1.44654 0
-5.14249 10.4541 0
2.43479 1.81145 0
133.911 154.3 0
15.3571 14.0748 0
10.3118 -0.789286 0
6.23495 -0.364068 0
46.7802 38.4605 83.7748
8.31431 64.3365 0
187.317 24.4327 0
-20.4816 13.8991 0
2.52119 -0.1882 0
-1.08782 1.46378 0
90.2054 -79.8504 0
-52.5694 -123.26 0
1.36292 7.54718 0
-9.02584 -20.3509 0
2.57555 0.527467 0
-3.87705 -5.77427 0
17.678 -1.48495 0
1.28412 1.36031 0
1.32405 -2.49692 0
VERTICES 2541 5082
1 0
1 1
1 2
1 3
1 4
1 5
1 6
1 7
1 8
1 9
1 10
1 11
1 12
1 13
1 14
1 15
1 16
1 17
1 18
1 19
1 20
1 21
1 22
1 23
1 24
1 25
1 26
1 27
1 28
1 29
1 30
1 31
1 32
1 33
1 34
1 35
1 36
1 37
1 38
1 39
1 40
1 41
1 42
1 43
1 44
1 45
1 46
1 47
1 48
1 49
1 50
1 51
1 52
1 53
1 54
1 55
1 56
1 57
1 58
1 59
1 60
1 61
1 62
1 63
1 64
1 65
1 66
1 67
1 68
1 69
1 70
1 71
1 72
1 73
1 74
1 75
1 76
1 77
1 78
1 79
1 80
1 81
1 82
1 83
1 84
1 85
1 86
1 87
1 88
1 89
1 90
1 91
1 92
1 93
1 94
1 95
1 96
1 97
1 98
1 99
1 100
1 101
1 102
1 103
1 104
1 105
1 106
1 107
1 108
1 109
1 110
1 111
1 112
1 113
1 114
1 115
1 116
1 117
1 118
1 119
1 120
1 121
1 122
1 123
1 124
1 125
1 126
1 127
1 128
1 129
1 130
1 131
1 132
1 133
1 134
1 135
1 136
1 137
1 138
1 139
1 140
1 141
1 142
1 143
1 144
1 145
1 146
1 147
1 148
1 149
1 150
1 151
1 152
1 153
1 154
1 155
1 156
1 157
1 158
1 159
1 160
1 161
1 162
1 163
1 164
1 165
1 166
1 167
1 168
1 169
1 170
1 171
1 172
1 173
1 174
1 175
1 176
1 177
1 178
1 179
1 180
1 181
1 182
1 183
1 184
1 185
1 186
1 187
1 188
1 189
1 190
1 191
1 192
1 193
1 194
1 195
1 196
1 197
1 198
1 199
1 200
1 201
1 202
1 203
1 204
1 205
1 206
1 207
1 208
1 209
1 210
1 211
1 212
1 213
1 214
1 215
1 216
1 217
1 218
1 219
1 220
1 221
1 222
1 223
1 224
1 225
1 226
1 227
1 228
1 229
1 230
1 231
1 232
1 233
1 234
1 235
1 236
1 237
1 238
1 239
1 240
1 241
1 242
1 243
1 244
1 245
1 246
1 247
1 248
1 249
1 250
1 251
1 252
1 253
1 254
1 255
1 256
1 257
1 258
1 259
1 260
1 261
1 262
1 263
1 264
1 265
1 266
1 267
1 268
1 269
1 270
1 271
1 272
1 273
1 274
1 275
1 276
1 277
1 278
1 279
1 280
1 281
1 282
1 283
1 284
1 285
1 286
1 287
1 288
1 289
1 290
1 291
1 292
1 293
1 294
1 295
1 296
1 297
1 298
1 299
1 300
1 301
1 302
1 303
1 304
1 305
1 306
1 307
1 308
1 309
1 310
1 311
1 312
1 313
1 314
1 315
1 316
1 317
1 318
1 319
1 320
1 321
1 322
1 323
1 324
1 325
1 326
1 327
1 328
1 329
1 330
1 331
1 332
1 333
1 334
1 335
1 336
1 337
1 338
1 339
1 340
1 341
1 342
1 343
1 344
1 345
1 346
1 347
1 348
1 349
1 350
1 351
1 352
1 353
1 354
1 355
1 356
1 357
1 358
1 359
1 360
1 361
1 362
1 363
1 364
1 365
1 366
1 367
1 368
1 369
1 370
1 371
1 372
1 373
1 374
1 375
1 376
1 377
1 378
1 379
1 380
1 381
1 382
1 383
1 384
1 385
1 386
1 387
1 388
1 389
1 390
1 391
1 392
1 393
1 394
1 395
1 396
1 397
1 398
1 399
1 400
1 401
1 402
1 403
1 404
1 405
1 406
1 407
1 408
1 409
1 410
1 411
1 412
1 413
1 414
1 415
1 416
1 417
1 418
1 419
1 420
1 421
1 422
1 423
1 424
1 425
1 426
1 427
1 428
1 429
1 430
1 431
1 432
1 433
1 434
1 435
1 436
1 437
1 438
1 439
1 440
1 441
1 442
1 443
1 444
1 445
1 446
1 447
1 448
1 449
1 450
1 451
1 452
1 453
1 454
1 455
1 456
1 457
1 458
1 459
1 460
1 461
1 462
1 463
1 464
1 465
1 466
1 467
1 468
1 469
1 470
1 471
1 472
1 473
1 474
1 475
1 476
1 477
1 478
1 479
1 480
1 481
1 482
1 483
1 484
1 485
1 486
1 487
1 488
1 489
1 490
1 491
1 492
1 493
1 494
1 495
1 496
1 497
1 498
1 499
1 500
1 501
1 502
1 503
1 504
1 505
1 506
1 507
1 508
1 509
1 510
1 511
1 512
1 513
1 514
1 515
1 516
1 517
1 518
1 519
1 520
1 521
1 522
1 523
1 524
1 525
1 526
1 527
1 528
1 529
1 530
1 531
1 532
1 533
1 534
1 535
1 536
1 537
1 538
1 539
1 540
1 541
1 542
1 543
1 544
1 545
1 546
1 547
1 548
1 549
1 550
1 551
1 552
1 553
1 554
1 555
1 556
1 557
1 558
1 559
1 560
1 561
1 562
1 563
1 564
1 565
1 566
1 567
1 568
1 569
1 570
1 571
1 572
1 573
1 574
1 575
1 576
1 577
1 578
1 579
1 580
1 581
1 582
1 583
1 584
1 585
1 586
1 587
1 588
1 589
1 590
1 591
1 592
1 593
1 594
1 595
1 596
1 597
1 598
1 599
1 600
1 601
1 602
1 603
1 604
1 605
1 606
1 607
1 608
1 609
1 610
1 611
1 612
1 613
1 614
1 615
1 616
1 617
1 618
1 619
1 620
1 621
1 622
1 623
1 624
1 625
1 626
1 627
1 628
1 629
1 630
1 631
1 632
1 633
1 634
1 635
1 636
1 637
1 638
1 639
1 640
1 641
1 642
1 643
1 644
1 645
1 646
1 647
1 648
1 649
1 650
1 651
1 652
1 653
1 654
1 655
1 656
1 657
1 658
1 659
1 660
1 661
1 662
1 663
1 664
1 665
1 666
1 667
1 668
1 669
1 670
1 671
1 672
1 673
1 674
1 675
1 676
1 677
1 678
1 679
1 680
1 681
1 682
1 683
1 684
1 685
1 686
1 687
1 688
1 689
1 690
1 691
1 692
1 693
1 694
1 695
1 696
1 697
1 698
1 699
1 700
1 701
1 702
1 703
1 704
1 705
1 706
1 707
1 708
1 709
1 710
1 711
1 712
1 713
1 714
1 715
1 716
1 717
1 718
1 719
1 720
1 721
1 722
1 723
1 724
1 725
1 726
1 727
1 728
1 729
1 730
1 731
1 732
1 733
1 734
1 735
1 736
1 737
1 738
1 739
1 740
1 741
1 742
1 743
1 744
1 745
1 746
1 747
1 748
1 749
1 750
1 751
1 752
1 753
1 754
1 755
1 756
1 757
1 758
1 759
1 760
1 761
1 762
1 763
1 764
1 765
1 766
1 767
1 768
1 769
1 770
1 771
1 772
1 773
1 774
1 775
1 776
1 777
1 778
1 779
1 780
1 781
1 782
1 783
1 784
1 785
1 786
1 787
1 788
1 789
1 790
1 791
1 792
1 793
1 794
1 795
1 796
1 797
1 798
1 799
1 800
1 801
1 802
1 803
1 804
1 805
1 806
1 807
1 808
1 809
1 810
1 811
1 812
1 813
1 814
1 815
1 816
1 817
1 818
1 819
1 820
1 821
1 822
1 823
1 824
1 825
1 826
1 827
1 828
1 829
1 830
1 831
1 832
1 833
1 834
1 835
1 836
1 837
1 838
1 839
1 840
1 841
1 842
1 843
1 844
1 845
1 846
1 847
1 848
1 849
1 850
1 851
1 852
1 853
1 854
1 855
1 856
1 857
1 858
1 859
1 860
1 861
1 862
1 863
1 864
1 865
1 866
1 867
1 868
1 869
1 870
1 871
1 872
1 873
1 874
1 875
1 876
1 877
1 878
1 879
1 880
1 881
1 882
1 883
1 884
1 885
1 886
1 887
1 888
1 889
1 890
1 891
1 892
1 893
1 894
1 895
1 896
1 897
1 898
1 899
1 900
1 901
1 902
1 903
1 904
1 905
1 906
1 907
1 908
1 909
1 910
1 911
1 912
1 913
1 914
1 915
1 916
1 917
1 918
1 919
1 920
1 921
1 922
1 923
1 924
1 925
1 926
1 927
1 928
1 929
1 930
1 931
1 932
1 933
1 934
1 935
1 936
1 937
1 938
1 939
1 940
1 941
1 942
1 943
1 944
1 945
1 946
1 947
1 948
1 949
1 950
1 951
1 952
1 953
1 954
1 955
1 956
1 957
1 958
1 959
1 960
1 961
1 962
1 963
1 964
1 965
1 966
1 967
1 968
1 969
1 970
1 971
1 972
1 973
1 974
1 975
1 976
1 977
1 978
1 979
1 980
1 981
1 982
1 983
1 984
1 985
1 986
1 987
1 988
1 989
1 990
1 991
1 992
1 993
1 994
1 995
1 996
1 997
1 998
1 999
1 1000
1 1001
1 1002
1 1003
1 1004
1 1005
1 1006
1 1007
1 1008
1 1009
1 1010
1 1011
1 1012
1 1013
1 1014
1 1015
1 1016
1 1017
1 1018
1 1019
1 1020
1 1021
1 1022
1 1023
1 1024
1 1025
1 1026
1 1027
1 1028
1 1029
1 1030
1 1031
1 1032
1 1033
1 1034
1 1035
1 1036
1 1037
1 1038
1 1039
1 1040
1 1041
1 1042
1 1043
1 1044
1 1045
1 1046
1 1047
1 1048
1 1049
1 1050
1 1051
1 1052
1 1053
1 1054
1 1055
1 1056
1 1057
1 1058
1 1059
1 1060
1 1061
1 1062
1 1063
1 1064
1 1065
1 1066
1 1067
1 1068
1 1069
1 1070
1 1071
1 1072
1 1073
1 1074
1 1075
1 1076
1 1077
1 1078
1 1079
1 1080
1 1081
1 1082
1 1083
1 1084
1 1085
1 1086
1 1087
1 1088
1 1089
1 1090
1 1091
1 1092
1 1093
1 1094
1 1095
1 1096
1 1097
1 1098
1 1099
1 1100
1 1101
1 1102
1 1103
1 1104
1 1105
1 1106
1 1107
1 1108
1 1109
1 1110
1 1111
1 1112
1 1113
1 1114
1 1115
1 1116
1 1117
1 1118
1 1119
1 1120
1 1121
1 1122
1 1123
1 1124
1 1125
1 1126
1 1127
1 1128
1 1129
1 1130
1 1131
1 1132
1 1133
1 1134
1 1135
1 1136
1 1137
1 1138
1 1139
1 1140
1 1141
1 1142
1 1143
1 1144
1 1145
1 1146
1 1147
1 1148
1 1149
1 1150
1 1151
1 1152
1 1153
1 1154
1 1155
1 1156
1 1157
1 1158
1 1159
1 1160
1 1161
1 1162
1 1163
1 1164
1 1165
1 1166
1 1167
1 1168
1 1169
1 1170
1 1171
1 1172
1 1173
1 1174
1 1175
1 1176
1 1177
1 1178
1 1179
1 1180
1 1181
1 1182
1 1183
1 1184
1 1185
1 1186
1 1187
1 1188
1 1189
1 1190
1 1191
1 1192
1 1193
1 1194
1 1195
1 1196
1 1197
1 1198
1 1199
1 1200
1 1201
1 1202
1 1203
1 1204
1 1205
1 1206
1 1207
1 1208
1 1209
1 1210
1 1211
1 1212
1 1213
1 1214
1 1215
1 1216
1 1217
1 1218
1 1219
1 1220
1 1221
1 1222
1 1223
1 1224
1 1225
1 1226
1 1227
1 1228
1 1229
1 1230
1 1231
1 1232
1 1233
1 1234
1 1235
1 1236
1 1237
1 1238
1 1239
1 1240
1 1241
1 1242
1 1243
1 1244
1 1245
1 1246
1 1247
1 1248
1 1249
1 1250
1 1251
1 1252
1 1253
1 1254
1 1255
1 1256
1 1257
1 1258
1 1259
1 1260
1 1261
1 1262
1 1263
1 1264
1 1265
1 1266
1 1267
1 1268
1 1269
1 1270
1 1271
1 1272
1 1273
1 1274
1 1275
1 1276
1 1277
1 1278
1 1279
1 1280
1 1281
1 1282
1 1283
1 1284
1 1285
1 1286
1 1287
1 1288
1 1289
1 1290
1 1291
1 1292
1 1293
1 1294
1 1295
1 1296
1 1297
1 1298
1 1299
1 1300
1 1301
1 1302
1 1303
1 1304
1 1305
1 1306
1 1307
1 1308
1 1309
1 1310
1 1311
1 1312
1 1313
1 1314
1 1315
1 1316
1 1317
1 1318
1 1319
1 1320
1 1321
1 1322
1 1323
1 1324
1 1325
1 1326
1 1327
1 1328
1 1329
1 1330
1 1331
1 1332
1 1333
1 1334
1 1335
1 1336
1 1337
1 1338
1 1339
1 1340
1 1341
1 1342
1 1343
1 1344
1 1345
1 1346
1 1347
1 1348
1 1349
1 1350
1 1351
1 1352
1 1353
1 1354
1 1355
1 1356
1 1357
1 1358
1 1359
1 1360
1 1361
1 1362
1 1363
1 1364
1 1365
1 1366
1 1367
1 1368
1 1369
1 1370
1 1371
1 1372
1 1373
1 1374
1 1375
1 1376
1 1377
1 1378
1 1379
1 1380
1 1381
1 1382
1 1383
1 1384
1 1385
1 1386
1 1387
1 1388
1 1389
1 1390
1 1391
1 1392
1 1393
1 1394
1 1395
1 1396
1 1397
1 1398
1 1399
1 1400
1 1401
1 1402
1 1403
1 1404
1 1405
1 1406
1 1407
1 1408
1 1409
1 1410
1 1411
1 1412
1 1413
1 1414
1 1415
1 1416
1 1417
1 1418
1 1419
1 1420
1 1421
1 1422
1 1423
1 1424
1 1425
1 1426
1 1427
1 1428
1 1429
1 1430
1 1431
1 1432
1 1433
1 1434
1 1435
1 1436
1 1437
1 1438
1 1439
1 1440
1 1441
1 1442
1 1443
1 1444
1 1445
1 1446
1 1447
1 1448
1 1449
1 1450
1 1451
1 1452
1 1453
1 1454
1 1455
1 1456
1 1457
1 1458
1 1459
1 1460
1 1461
1 1462
1 1463
1 1464
1 1465
1 1466
1 1467
1 1468
1 1469
1 1470
1 1471
1 1472
1 1473
1 1474
1 1475
1 1476
1 1477
1 1478
1 1479
1 1480
1 1481
1 1482
1 1483
1 1484
1 1485
1 1486
1 1487
1 1488
1 1489
1 1490
1 1491
1 1492
1 1493
1 1494
1 1495
1 1496
1 1497
1 1498
1 1499
1 1500
1 1501
1 1502
1 1503
1 1504
1 1505
1 1506
1 1507
1 1508
1 1509
1 1510
1 1511
1 1512
1 1513
1 1514
1 1515
1 1516
1 1517
1 1518
1 1519
1 1520
1 1521
1 1522
1 1523
1 1524
1 1525
1 1526
1 1527
1 1528
1 1529
1 1530
1 1531
1 1532
1 1533
1 1534
1 1535
1 1536
1 1537
1 1538
1 1539
1 1540
1 1541
1 1542
1 1543
1 1544
1 1545
1 1546
1 1547
1 1548
1 1549
1 1550
1 1551
1 1552
1 1553
1 1554
1 1555
1 1556
1 1557
1 1558
1 1559
1 1560
1 1561
1 1562
1 1563
1 1564
1 1565
1 1566
1 1567
1 1568
1 1569
1 1570
1 1571
1 1572
1 1573
1 1574
1 1575
1 1576
1 1577
1 1578
1 1579
1 1580
1 1581
1 1582
1 1583
1 1584
1 1585
1 1586
1 1587
1 1588
1 1589
1 1590
1 1591
1 1592
1 1593
1 1594
1 1595
1 1596
1 1597
1 1598
1 1599
1 1600
1 1601
1 1602
1 1603
1 1604
1 1605
1 1606
1 1607
1 1608
1 1609
1 1610
1 1611
1 1612
1 1613
1 1614
1 1615
1 1616
1 1617
1 1618
1 1619
1 1620
1 1621
1 1622
1 1623
1 1624
1 1625
1 1626
1 1627
1 1628
1 1629
1 1630
1 1631
1 1632
1 1633
1 1634
1 1635
1 1636
1 1637
1 1638
1 1639
1 1640
1 1641
1 1642
1 1643
1 1644
1 1645
1 1646
1 1647
1 1648
1 1649
1 1650
1 1651
1 1652
1 1653
1 1654
1 1655
1 1656
1 1657
1 1658
1 1659
1 1660
1 1661
1 1662
1 1663
1 1664
1 1665
1 1666
1 1667
1 1668
1 1669
1 1670
1 1671
1 1672
1 1673
1 1674
1 1675
1 1676
1 1677
1 1678
1 1679
1 1680
1 1681
1 1682
1 1683
1 1684
1 1685
1 1686
1 1687
1 1688
1 1689
1 1690
1 1691
1 1692
1 1693
1 1694
1 1695
1 1696
1 1697
1 1698
1 1699
1 1700
1 1701
1 1702
1 1703
1 1704
1 1705
1 1706
1 1707
1 1708
1 1709
1 1710
1 1711
1 1712
1 1713
1 1714
1 1715
1 1716
1 1717
1 1718
1 1719
1 1720
1 1721
1 1722
1 1723
1 1724
1 1725
1 1726
1 1727
1 1728
1 1729
1 1730
1 1731
1 1732
1 1733
1 1734
1 1735
1 1736
1 1737
1 1738
1 1739
1 1740
1 1741
1 1742
1 1743
1 1744
1 1745
1 1746
1 1747
1 1748
1 1749
1 1750
1 1751
1 1752
1 1753
1 1754
1 1755
1 1756
1 1757
1 1758
1 1759
1 1760
1 1761
1 1762
1 1763
1 1764
1 1765
1 1766
1 1767
1 1768
1 1769
1 1770
1 1771
1 1772
1 1773
1 1774
1 1775
1 1776
1 1777
1 1778
1 1779
1 1780
1 1781
1 1782
1 1783
1 1784
1 1785
1 1786
1 1787
1 1788
1 1789
1 1790
1 1791
1 1792
1 1793
1 1794
1 1795
1 1796
1 1797
1 1798
1 1799
1 1800
1 1801
1 1802
1 1803
1 1804
1 1805
1 1806
1 1807
1 1808
1 1809
1 1810
1 1811
1 1812
1 1813
1 1814
1 1815
1 1816
1 1817
1 1818
1 1819
1 1820
1 1821
1 1822
1 1823
1 1824
1 1825
1 1826
1 1827
1 1828
1 1829
1 1830
1 1831
1 1832
1 1833
1 1834
1 1835
1 1836
1 1837
1 1838
1 1839
1 1840
1 1841
1 1842
1 1843
1 1844
1 1845
1 1846
1 1847
1 1848
1 1849
1 1850
1 1851
1 1852
1 1853
1 1854
1 1855
1 1856
1 1857
1 1858
1 1859
1 1860
1 1861
1 1862
1 1863
1 1864
1 1865
1 1866
1 1867
1 1868
1 1869
1 1870
1 1871
1 1872
1 1873
1 1874
1 1875
1 1876
1 1877
1 1878
1 1879
1 1880
1 1881
1 1882
1 1883
1 1884
1 1885
1 1886
1 1887
1 1888
1 1889
1 1890
1 1891
1 1892
1 1893
1 1894
1 1895
1 1896
1 1897
1 1898
1 1899
1 1900
1 1901
1 1902
1 1903
1 1904
1 1905
1 1906
1 1907
1 1908
1 1909
1 1910
1 1911
1 1912
1 1913
1 1914
1 1915
1 1916
1 1917
1 1918
1 1919
1 1920
1 1921
1 1922
1 1923
1 1924
1 1925
1 1926
1 1927
1 1928
1 1929
1 1930
1 1931
1 1932
1 1933
1 1934
1 1935
1 1936
1 1937
1 1938
1 1939
1 1940
1 1941
1 1942
1 1943
1 1944
1 1945
1 1946
1 1947
1 1948
1 1949
1 1950
1 1951
1 1952
1 1953
1 1954
1 1955
1 1956
1 1957
1 1958
1 1959
1 1960
1 1961
1 1962
1 1963
1 1964
1 1965
1 1966
1 1967
1 1968
1 1969
1 1970
1 1971
1 1972
1 1973
1 1974
1 1975
1 1976
1 1977
1 1978
1 1979
1 1980
1 1981
1 1982
1 1983
1 1984
1 1985
1 1986
1 1987
1 1988
1 1989
1 1990
1 1991
1 1992
1 1993
1 1994
1 1995
1 1996
1 1997
1 1998
1 1999
1 2000
1 2001
1 2002
1 2003
1 2004
1 2005
1 2006
1 2007
1 2008
1 2009
1 2010
1 2011
1 2012
1 2013
1 2014
1 2015
1 2016
1 2017
1 2018
1 2019
1 2020
1 2021
1 2022
1 2023
1 2024
1 2025
1 2026
1 2027
1 2028
1 2029
1 2030
1 2031
1 2032
1 2033
1 2034
1 2035
1 2036
1 2037
1 2038
1 2039
1 2040
1 2041
1 2042
1 2043
1 2044
1 2045
1 2046
1 2047
1 2048
1 2049
1 2050
1 2051
1 2052
1 2053
1 2054
1 2055
1 2056
1 2057
1 2058
1 2059
1 2060
1 2061
1 2062
1 2063
1 2064
1 2065
1 2066
1 2067
1 2068
1 2069
1 2070
1 2071
1 2072
1 2073
1 2074
1 2075
1 2076
1 2077
1 2078
1 2079
1 2080
1 2081
1 2082
1 2083
1 2084
1 2085
1 2086
1 2087
1 2088
1 2089
1 2090
1 2091
1 2092
1 2093
1 2094
1 2095
1 2096
1 2097
1 2098
1 2099
1 2100
1 2101
1 2102
1 2103
1 2104
1 2105
1 2106
1 2107
1 2108
1 2109
1 2110
1 2111
1 2112
1 2113
1 2114
1 2115
1 2116
1 2117
1 2118
1 2119
1 2120
1 2121
1 2122
1 2123
1 2124
1 2125
1 2126
1 2127
1 2128
1 2129
1 2130
1 2131
1 2132
1 2133
1 2134
1 2135
1 2136
1 2137
1 2138
1 2139
1 2140
1 2141
1 2142
1 2143
1 2144
1 2145
1 2146
1 2147
1 2148
1 2149
1 2150
1 2151
1 2152
1 2153
1 2154
1 2155
1 2156
1 2157
1 2158
1 2159
1 2160
1 2161
1 2162
1 2163
1 2164
1 2165
1 2166
1 2167
1 2168
1 2169
1 2170
1 2171
1 2172
1 2173
1 2174
1 2175
1 2176
1 2177
1 2178
1 2179
1 2180
1 2181
1 2182
1 2183
1 2184
1 2185
1 2186
1 2187
1 2188
1 2189
1 2190
1 2191
1 2192
1 2193
1 2194
1 2195
1 2196
1 2197
1 2198
1 2199
1 2200
1 2201
1 2202
1 2203
1 2204
1 2205
1 2206
1 2207
1 2208
1 2209
1 2210
1 2211
1 2212
1 2213
1 2214
1 2215
1 2216
1 2217
1 2218
1 2219
1 2220
1 2221
1 2222
1 2223
1 2224
1 2225
1 2226
1 2227
1 2228
1 2229
1 2230
1 2231
1 2232
1 2233
1 2234
1 2235
1 2236
1 2237
1 2238
1 2239
1 2240
1 2241
1 2242
1 2243
1 2244
1 2245
1 2246
1 2247
1 2248
1 2249
1 2250
1 2251
1 2252
1 2253
1 2254
1 2255
1 2256
1 2257
1 2258
1 2259
1 2260
1 2261
1 2262
1 2263
1 2264
1 2265
1 2266
1 2267
1 2268
1 2269
1 2270
1 2271
1 2272
1 2273
1 2274
1 2275
1 2276
1 2277
1 2278
1 2279
1 2280
1 2281
1 2282
1 2283
1 2284
1 2285
1 2286
1 2287
1 2288
1 2289
1 2290
1 2291
1 2292
1 2293
1 2294
1 2295
1 2296
1 2297
1 2298
1 2299
1 2300
1 2301
1 2302
1 2303
1 2304
1 2305
1 2306
1 2307
1 2308
1 2309
1 2310
1 2311
1 2312
1 2313
1 2314
1 2315
1 2316
1 2317
1 2318
1 2319
1 2320
1 2321
1 2322
1 2323
1 2324
1 2325
1 2326
1 2327
1 2328
1 2329
1 2330
1 2331
1 2332
1 2333
1 2334
1 2335
1 2336
1 2337
1 2338
1 2339
1 2340
1 2341
1 2342
1 2343
1 2344
1 2345
1 2346
1 2347
1 2348
1 2349
1 2350
1 2351
1 2352
1 2353
1 2354
1 2355
1 2356
1 2357
1 2358
1 2359
1 2360
1 2361
1 2362
1 2363
1 2364
1 2365
1 2366
1 2367
1 2368
1 2369
1 2370
1 2371
1 2372
1 2373
1 2374
1 2375
1 2376
1 2377
1 2378
1 2379
1 2380
1 2381
1 2382
1 2383
1 2384
1 2385
1 2386
1 2387
1 2388
1 2389
1 2390
1 2391
1 2392
1 2393
1 2394
1 2395
1 2396
1 2397
1 2398
1 2399
1 2400
1 2401
1 2402
1 2403
1 2404
1 2405
1 2406
1 2407
1 2408
1 2409
1 2410
1 2411
1 2412
1 2413
1 2414
1 2415
1 2416
1 2417
1 2418
1 2419
1 2420
1 2421
1 2422
1 2423
1 2424
1 2425
1 2426
1 2427
1 2428
1 2429
1 2430
1 2431
1 2432
1 2433
1 2434
1 2435
1 2436
1 2437
1 2438
1 2439
1 2440
1 2441
1 2442
1 2443
1 2444
1 2445
1 2446
1 2447
1 2448
1 2449
1 2450
1 2451
1 2452
1 2453
1 2454
1 2455
1 2456
1 2457
1 2458
1 2459
1 2460
1 2461
1 2462
1 2463
1 2464
1 2465
1 2466
1 2467
1 2468
1 2469
1 2470
1 2471
1 2472
1 2473
1 2474
1 2475
1 2476
1 2477
1 2478
1 2479
1 2480
1 2481
1 2482
1 2483
1 2484
1 2485
1 2486
1 2487
1 2488
1 2489
1 2490
1 2491
1 2492
1 2493
1 2494
1 2495
1 2496
1 2497
1 2498
1 2499
1 2500
1 2501
1 2502
1 2503
1 2504
1 2505
1 2506
1 2507
1 2508
1 2509
1 2510
1 2511
1 2512
1 2513
1 2514
1 2515
1 2516
1 2517
1 2518
1 2519
1 2520
1 2521
1 2522
1 2523
1 2524
1 2525
1 2526
1 2527
1 2528
1 2529
1 2530
1 2531
1 2532
1 2533
1 2534
1 2535
1 2536
1 2537
1 2538
1 2539
1 2540
POINT_DATA 2541
SCALARS density float 1
LOOKUP_TABLE default
500
500
500
500
500
500
500
500
500
500
500
500
500
500
500
500
500
500
500
500
500
500
500
500
500
500
500
500
500
500
500
500
500
500
500
500
500
500
500
500
500
500
500
500
500
500
500
500
500
500
500
500
500
500
500
500
500
500
500
500
500
500
500
500
500
500
500
500
500
500
500
500
500
500
500
500
500
500
500
500
500
500
500
500
500
500
500
500
500
500
500
500
500
500
500
500
500
500
500
500
500
500
500
500
500
500
500
500
500
500
500
500
500
500
500
500
500
500
500
500
500
500
500
500
500
500
500
500
500
500
500
500
500
500
500
500
500
500
500
500
500
500
500
500
500
500
500
500
500
500
500
500
500
500
500
500
500
500
500
500
500
500
500
500
500
500
500
500
500
500
500
500
500
500
500
500
500
500
500
500
500
500
500
500
500
500
500
500
500
500
500
500
500
500
500
500
500
500
500
500
500
500
500
500
500
500
500
500
500
500
500
500
500
500
500
500
500
500
500
500
500
500
500
500
500
500
500
500
500
500
500
500
500
500
500
500
500
500
500
500
500
500
500
500
500
500
500
500
500
500
500
500
500
500
500
500
500
500
500
500
500
500
500
500
500
500
500
500
500
500
500
500
500
500
500
500
500
500
500
500
500
500
500
500
500
500
500
500
500
500
500
500
500
500
500
500
500
500
500
500
500
500
500
500
500
500
500
500
500
500
500
500
500
500
500
500
500
500
500
500
500
500
500
500
500
500
500
500
500
500
500
500
500
500
500
500
500
500
500
500
500
500
500
500
500
500
500
500
500
500
500
500
500
500
500
500
500
500
500
500
500
500
500
500
500
500
500
500
500
500
500
500
500
500
500
500
500
500
500
500
500
500
500
500
500
500
500
500
500
500
500
500
500
500
500
500
500
500
500
500
500
500
500
500
500
500
500
500
500
500
500
500
500
500
500
500
500
500
500
500
500
500
500
500
500
500
500
500
500
500
500
500
500
500
500
500
500
500
500
500
500
500
500
500
500
500
500
500
500
500
500
500
500
500
500
500
500
500
500
500
500
500
500
500
500
500
500
500
500
500
500
500
500
500
500
500
500
500
500
500
500
500
500
500
500
500
500
500
500
500
500
500
500
500
500
500
500
500
500
500
500
500
500
500
500
500
500
500
500
500
500
500
500
500
500
500
500
500
500
500
500
500
500
500
500
500
500
500
500
500
500
500
500
500
500
500
500
500
500
500
500
500
500
500
500
500
500
500
500
500
500
500
500
500
500
500
500
500
500
500
500
500
500
500
500
500
500
500
500
500
500
500
500
500
500
500
500
500
500
500
500
500
500
500
500
500
500
500
500
500
500
500
500
500
500
500
500
500
500
500
500
500
500
500
500
500
500
500
500
500
500
500
500
500
500
500
500
500
500
500
500
500
500
500
500
500
500
500
500
500
500
500
500
500
500
500
500
500
500
500
500
500
500
500
500
500
500
500
500
500
500
500
500
500
500
500
500
500
500
500
500
500
500
500
500
500
500
500
500
500
500
500
500
500
500
500
500
500
500
500
500
500
500
500
500
500
500
500
500
500
500
500
500
500
500
500
500
500
500
500
500
500
500
500
500
500
500
500
500
500
500
500
500
500
500
500
500
500
500
500
500
500
500
500
500
500
500
500
500
500
500
500
500
500
500
500
500
500
500
500
500
500
500
500
500
500
500
500
500
500
500
500
500
500
500
500
500
500
500
500
500
500
500
500
500
500
500
500
500
500
500
500
500
500
500
500
500
500
500
500
500
500
500
500
500
500
500
500
500
500
500
500
500
500
500
500
500
500
500
500
500
500
500
500
500
500
500
500
500
500
500
500
500
500
500
500
500
500
500
500
500
500
500
500
500
500
500
500
500
500
500
500
500
500
500
500
500
500
500
500
500
500
500
500
500
500
500
500
500
500
500
500
500
500
500
500
500
500
500
500
500
500
500
500
500
500
500
500
500
500
500
500
500
500
500
500
500
500
500
500
500
500
500
500
500
500
500
500
500
500
500
500
500
500
500
500
500
500
500
500
500
500
500
500
500
500
500
500
500
500
500
500
500
500
500
500
500
500
500
500
500
500
500
500
500
500
500
500
500
500
500
500
500
500
500
500
500
500
500
500
500
500
500
500
500
500
500
500
500
500
500
500
500
500
500
500
500
500
500
500
500
500
500
500
500
500
500
500
500
500
500
500
500
500
500
500
500
500
500
500
500
500
500
500
500
500
500
500
500
500
500
500
500
500
500
500
500
500
500
500
500
500
500
500
500
500
500
500
500
500
500
500
500
500
500
500
500
500
500
500
500
500
500
500
500
500
500
500
500
500
500
500
500
500
500
500
500
500
500
500
500
500
500
500
500
500
500
500
500
500
500
500
500
500
500
500
500
500
500
500
500
500
500
500
500
500
500
500
500
500
500
500
500
500
500
500
500
500
500
500
500
500
500
500
500
500
500
500
500
500
500
500
500
500
500
500
500
500
500
500
500
500
500
500
500
500
500
500
500
500
500
500
500
500
500
500
500
500
500
500
500
500
500
500
500
500
500
500
500
500
500
500
500
500
500
500
500
500
500
500
500
500
500
500
500
500
500
500
500
500
500
500
500
500
500
500
500
500
500
500
500
500
500
500
500
500
500
500
500
500
500
500
500
500
500
500
500
500
500
500
500
500
500
500
500
500
500
500
500
500
500
500
500
500
500
500
500
500
500
500
500
500
500
500
500
500
500
500
500
500
500
500
500
500
500
500
500
500
500
500
500
500
500
500
500
500
500
500
500
500
500
500
500
500
500
500
500
500
500
500
500
500
500
500
500
500
500
500
500
500
500
500
500
500
500
500
500
500
500
500
500
500
500
500
500
500
500
500
500
500
500
500
500
500
500
500
500
500
500
500
500
500
500
500
500
500
500
500
500
500
500
500
500
500
500
500
500
500
500
500
500
500
500
500
500
500
500
500
500
500
500
500
500
500
500
500
500
500
500
500
500
500
500
500
500
500
500
500
500
500
500
500
500
500
500
500
500
500
500
500
500
500
500
500
500
500
500
500
500
500
500
500
500
500
500
500
500
500
500
500
500
500
500
500
500
500
500
500
500
500
500
500
500
500
500
500
500
500
500
500
500
500
500
500
500
500
500
500
500
500
500
500
500
500
500
500
500
500
500
500
500
500
500
500
500
500
500
500
500
500
500
500
500
500
500
500
500
500
500
500
500
500
500
500
500
500
500
500
500
500
500
500
500
500
500
500
500
500
500
500
500
500
500
500
500
500
500
500
500
500
500
500
500
500
500
500
500
500
500
500
500
500
500
500
500
500
500
500
500
500
500
500
500
500
500
500
500
500
500
500
500
500
500
500
500
500
500
500
500
500
500
500
500
500
500
500
500
500
500
500
500
500
500
500
500
500
500
500
500
500
500
500
500
500
500
500
500
500
500
500
500
500
500
500
500
500
500
500
500
500
500
500
500
500
500
500
500
500
500
500
500
500
500
500
500
500
500
500
500
500
500
500
500
500
500
500
500
500
500
500
500
500
500
500
500
500
500
500
500
500
500
500
500
500
500
500
500
500
500
500
500
500
500
500
500
500
500
500
500
500
500
500
500
500
500
500
500
500
500
500
500
500
500
500
500
500
500
500
500
500
500
500
500
500
500
500
500
500
500
500
500
500
500
500
500
500
500
500
500
500
500
500
500
500
500
500
500
500
500
500
500
500
500
500
500
500
500
500
500
500
500
500
500
500
500
500
500
500
500
500
500
500
500
500
500
500
500
500
500
500
500
500
500
500
500
500
500
500
500
500
500
500
500
500
500
500
500
500
500
500
500
500
500
500
500
500
500
500
500
500
500
500
500
500
500
500
500
500
500
500
500
500
500
500
500
500
500
500
500
500
500
500
500
500
500
500
500
500
500
500
500
500
500
500
500
500
500
500
500
500
500
500
500
500
500
500
500
500
500
500
500
500
500
500
500
500
500
500
500
500
500
500
500
500
500
500
500
500
500
500
500
500
500
500
500
500
500
500
500
500
500
500
500
500
500
500
500
500
500
500
500
500
500
500
500
500
500
500
500
500
500
500
500
500
500
500
500
500
500
500
500
500
500
500
500
500
500
500
500
500
500
500
500
500
500
500
500
500
500
500
500
500
500
500
500
500
500
500
500
500
500
500
500
500
500
500
500
500
500
500
500
500
500
500
500
500
500
500
500
500
500
500
500
500
500
500
500
500
500
500
500
500
500
500
500
500
500
500
500
500
500
500
500
500
500
500
500
500
500
500
500
500
500
500
500
500
500
500
500
500
500
500
500
500
500
500
500
500
500
500
500
500
500
500
500
500
500
500
500
500
500
500
500
500
500
500
500
500
500
500
500
500
500
500
500
500
500
500
500
500
500
500
500
500
500
500
500
500
500
500
500
500
500
500
500
500
500
500
500
500
500
500
500
500
500
500
500
500
500
500
500
500
500
500
500
500
500
500
500
500
500
500
500
500
500
500
500
500
500
500
500
500
500
500
500
500
500
500
500
500
500
500
500
500
500
500
500
500
500
500
500
500
500
500
500
500
500
500
500
500
500
500
500
500
500
500
500
500
500
500
500
500
500
500
500
500
500
500
500
500
500
500
500
500
500
500
500
500
500
500
500
500
500
500
500
500
500
500
500
500
500
500
500
500
500
500
500
500
500
500
500
500
500
500
500
500
500
500
500
500
500
500
500
500
500
500
500
500
500
500
500
500
500
500
500
500
500
500
500
500
500
500
500
500
500
500
500
500
500
500
500
500
500
500
500
500
500
500
500
500
500
500
500
500
500
500
500
500
500
500
500
500
500
500
500
500
500
500
500
500
500
500
500
500
500
500
500
500
500
500
500
500
500
500
500
500
500
500
500
500
500
500
500
500
500
500
500
500
500
500
500
500
500
500
500
500
500
500
500
500
500
500
500
500
500
500
500
500
500
500
500
500
500
500
500
500
500
500
500
500
500
500
500
500
500
500
500
500
500
500
500
500
500
500
500
500
500
500
500
500
500
500
500
500
500
500
500
500
500
500
500
500
500
500
500
500
500
500
500
500
500
500
500
500
500
500
500
500
500
500
500
500
500
500
500
500
500
500
500
500
500
500
500
500
500
500
500
500
500
500
500
500
500
500
500
500
500
500
500
500
500
500
500
500
500
500
500
500
500
500
500
500
500
500
500
500
500
500
500
500
500
500
500
500
500
500
500
500
500
500
500
500
500
500
500
500
500
500
500
500
500
500
500
500
500
500
500
500
500
500
500
500
500
500
500
500
500
500
500
500
500
500
500
500
500
500
500
500
500
500
500
500
500
500
500
500
500
500
500
500
500
500
500
500
500
500
500
500
500
500
500
500
500
500
500
500
500
500
500
500
500
500
500
500
500
500
500
500
500
500
500
500
500
500
500
500
500
500
500
500
500
500
500
500
500
500
500
500
500
500
500
500
500
500
500
500
500
500
500
500
500
500
500
500
500
500
500
500
500
500
500
500
500
500
500
500
500
500
500
500
500
500
500
500
500
500
500
500
500
500
500
500
500
500
500
500
500
500
500
500
500
500
500
500
500
500
500
500
500
500
500
500
500
500
500
500
500
500
500
500
500
500
500
500
500
500
500
500
500
500
500
500
500
500
500
500
500
500
500
500
500
500
500
500
500
500
500
500
500
500
500
500
500
500
500
500
500
500
500
500
500
500
500
500
500
500
500
500
500
500
500
500
500
500
500
500
500
500
500
500
500
SCALARS pressure float 1
LOOKUP_TABLE default
0
0
0
0
0
0
0
0
0
0
0
0
0
0
0
0
0
0
0
0
0
0
0
0
0
0
0
0
0
0
0
0
0
0
0
0
0
0
0
0
0
0
0
0
0
0
0
0
0
0
0
0
0
0
0
0
0
0
0
0
0
0
0
0
0
0
0
0
0
0
0
0
0
0
0
0
0
0
0
0
0
0
0
0
0
0
0
0
0
0
0
0
0
0
0
0
0
0
0
0
0
0
0
0
0
0
0
0
0
0
0
0
0
0
0
0
0
0
0
0
0
0
0
0
0
0
0
0
0
0
0
0
0
0
0
0
0
0
0
0
0
0
0
0
0
0
0
0
0
0
0
0
0
0
0
0
0
0
0
0
0
0
0
0
0
0
0
0
0
0
0
0
0
0
0
0
0
0
0
0
0
0
0
0
0
0
0
0
0
0
0
0
0
0
0
0
0
0
0
0
0
0
0
0
0
0
0
0
0
0
0
0
0
0
0
0
0
0
0
0
0
0
0
0
0
0
0
0
0
0
0
0
0
0
0
0
0
0
0
0
0
0
0
0
0
0
0
0
0
0
0
0
0
0
0
0
0
0
0
0
0
0
0
0
0
0
0
0
0
0
0
0
0
0
0
0
0
0
0
0
0
0
0
0
0
0
0
0
0
0
0
0
0
0
0
0
0
0
0
0
0
0
0
0
0
0
0
0
0
0
0
0
0
0
0
0
0
0
0
0
0
0
0
0
0
0
0
0
0
0
0
0
0
0
0
0
0
0
0
0
0
0
0
0
0
0
0
0
0
0
0
0
0
0
0
0
0
0
0
0
0
0
0
0
0
0
0
0
0
0
0
0
0
0
0
0
0
0
0
0
0
0
0
0
0
0
0
0
0
0
0
0
0
0
0
0
0
0
0
0
0
0
0
0
0
0
0
0
0
0
0
0
0
0
0
0
0
0
0
0
0
0
0
0
0
0
0
0
0
0
0
0
0
0
0
0
0
0
0
0
0
0
0
0
0
0
0
0
0
0
0
0
0
0
0
0
0
0
0
0
0
0
0
0
0
0
0
0
0
0
0
0
0
0
0
0
0
0
0
0
0
0
0
0
0
0
0
0
0
0
0
0
0
0
0
0
0
0
0
0
0
0
0
0
0
0
0
0
0
0
0
0
0
0
0
0
0
0
0
0
0
0
0
0
0
0
0
0
0
0
0
0
0
0
0
0
0
0
0
0
0
0
0
0
0
0
0
0
0
0
0
0
0
0
0
0
0
0
0
0
0
0
0
0
0
0
0
0
0
0
0
0
0
0
0
0
0
0
0
0
0
0
0
0
0
0
0
0
0
0
0
0
0
0
0
0
0
0
0
0
0
0
0
0
0
0
0
0
0
0
0
0
0
0
0
0
0
0
0
0
0
0
0
0
0
0
0
0
0
0
0
0
0
0
0
0
0
0
0
0
0
0
0
0
0
0
0
0
0
0
0
0
0
0
0
0
0
0
0
0
0
0
0
0
0
0
0
0
0
0
0
0
0
0
0
0
0
0
0
0
0
0
0
0
0
0
0
0
0
0
0
0
0
0
0
0
0
0
0
0
0
0
0
0
0
0
0
0
0
0
0
0
0
0
0
0
0
0
0
0
0
0
0
0
0
0
0
0
0
0
0
0
0
0
0
0
0
0
0
0
0
0
0
0
0
0
0
0
0
0
0
0
0
0
0
0
0
0
0
0
0
0
0
0
0
0
0
0
0
0
0
0
0
0
0
0
0
0
0
0
0
0
0
0
0
0
0
0
0
0
0
0
0
0
0
0
0
0
0
0
0
0
0
0
0
0
0
0
0
0
0
0
0
0
0
0
0
0
0
0
0
0
0
0
0
0
0
0
0
0
0
0
0
0
0
0
0
0
0
0
0
0
0
0
0
0
0
0
0
0
0
0
0
0
0
0
0
0
0
0
0
0
0
0
0
0
0
0
0
0
0
0
0
0
0
0
0
0
0
0
0
0
0
0
0
0
0
0
0
0
0
0
0
0
0
0
0
0
0
0
0
0
0
0
0
0
0
0
0
0
0
0
0
0
0
0
0
0
0
0
0
0
0
0
0
0
0
0
0
0
0
0
0
0
0
0
0
0
0
0
0
0
0
0
0
0
0
0
0
0
0
0
0
0
0
0
0
0
0
0
0
0
0
0
0
0
0
0
0
0
0
0
0
0
0
0
0
0
0
0
0
0
0
0
0
0
0
0
0
0
0
0
0
0
0
0
0
0
0
0
0
0
0
0
0
0
0
0
0
0
0
0
0
0
0
0
0
0
0
0
0
0
0
0
0
0
0
0
0
0
0
0
0
0
0
0
0
0
0
0
0
0
0
0
0
0
0
0
0
0
0
0
0
0
0
0
0
0
0
0
0
0
0
0
0
0
0
0
0
0
0
0
0
0
0
0
0
0
0
0
0
0
0
0
0
0
0
0
0
0
0
0
0
0
0
0
0
0
0
0
0
0
0
0
0
0
0
0
0
0
0
0
0
0
0
0
0
0
0
0
0
0
0
0
0
0
0
0
0
0
0
0
0
0
0
0
0
0
0
0
0
0
0
0
0
0
0
0
0
0
0
0
0
0
0
0
0
0
0
0
0
0
0
0
0
0
0
0
0
0
0
0
0
0
0
0
0
0
0
0
0
0
0
0
0
0
0
0
0
0
0
0
0
0
0
0
0
0
0
0
0
0
0
0
0
0
0
0
0
0
0
0
0
0
0
0
0
0
0
0
0
0
0
0
0
0
0
0
0
0
0
0
0
0
0
0
0
0
0
0
0
0
0
0
0
0
0
0
0
0
0
0
0
0
0
0
0
0
0
0
0
0
0
0
0
0
0
0
0
0
0
0
0
0
0
0
0
0
0
0
0
0
0
0
0
0
0
0
0
0
0
0
0
0
0
0
0
0
0
0
0
0
0
0
0
0
0
0
0
0
0
0
0
0
0
0
0
0
0
0
0
0
0
0
0
0
0
0
0
0
0
0
0
0
0
0
0
0
0
0
0
0
0
0
0
0
0
0
0
0
0
0
0
0
0
0
0
0
0
0
0
0
0
0
0
0
0
0
0
0
0
0
0
0
0
0
0
0
0
0
0
0
0
0
0
0
0
0
0
0
0
0
0
0
0
0
0
0
0
0
0
0
0
0
0
0
0
0
0
0
0
0
0
0
0
0
0
0
0
0
0
0
0
0
0
0
0
0
0
0
0
0
0
0
0
0
0
0
0
0
0
0
0
0
0
0
0
0
0
0
0
0
0
0
0
0
0
0
0
0
0
0
0
0
0
0
0
0
0
0
0
0
0
0
0
0
0
0
0
0
0
0
0
0
0
0
0
0
0
0
0
0
0
0
0
0
0
0
0
0
0
0
0
0
0
0
0
0
0
0
0
0
0
0
0
0
0
0
0
0
0
0
0
0
0
0
0
0
0
0
0
0
0
0
0
0
0
0
0
0
0
0
0
0
0
0
0
0
0
0
0
0
0
0
0
0
0
0
0
0
0
0
0
0
0
0
0
0
0
0
0
0
0
0
0
0
0
0
0
0
0
0
0
0
0
0
0
0
0
0
0
0
0
0
0
0
0
0
0
0
0
0
0
0
0
0
0
0
0
0
0
0
0
0
0
0
0
0
0
0
0
0
0
0
0
0
0
0
0
0
0
0
0
0
0
0
0
0
0
0
0
0
0
0
0
0
0
0
0
0
0
0
0
0
0
0
0
0
0
0
0
0
0
0
0
0
0
0
0
0
0
0
0
0
0
0
0
0
0
0
0
0
0
0
0
0
0
0
0
0
0
0
0
0
0
0
0
0
0
0
0
0
0
0
0
0
0
0
0
0
0
0
0
0
0
0
0
0
0
0
0
0
0
0
0
0
0
0
0
0
0
0
0
0
0
0
0
0
0
0
0
0
0
0
0
0
0
0
0
0
0
0
0
0
0
0
0
0
0
0
0
0
0
0
0
0
0
0
0
0
0
0
0
0
0
0
0
0
0
0
0
0
0
0
0
0
0
0
0
0
0
0
0
0
0
0
0
0
0
0
0
0
0
0
0
0
0
0
0
0
0
0
0
0
0
0
0
0
0
0
0
0
0
0
0
0
0
0
0
0
0
0
0
0
0
0
0
0
0
0
0
0
0
0
0
0
0
0
0
0
0
0
0
0
0
0
0
0
0
0
0
0
0
0
0
0
0
0
0
0
0
0
0
0
0
0
0
0
0
0
0
0
0
0
0
0
0
0
0
0
0
0
0
0
0
0
0
0
0
0
0
0
0
0
0
0
0
0
0
0
0
0
0
0
0
0
0
0
0
0
0
0
0
0
0
0
0
0
0
0
0
0
0
0
0
0
0
0
0
0
0
0
0
0
0
0
0
0
0
0
0
0
0
0
0
0
0
0
0
0
0
0
0
0
0
0
0
0
0
0
0
0
0
0
0
0
0
0
0
0
0
0
0
0
0
0
0
0
0
0
0
0
0
0
0
0
0
0
0
0
0
0
0
0
0
0
0
0
0
0
0
0
0
0
0
0
0
0
0
0
0
0
0
0
0
0
0
0
0
0
0
0
0
0
0
0
0
0
0
0
0
0
0
0
0
0
0
0
0
0
0
0
0
0
0
0
0
0
0
0
0
0
0
0
0
0
0
0
0
0
0
0
0
0
0
0
0
0
0
0
0
0
0
0
0
0
0
0
0
0
0
0
0
0
0
0
0
0
0
0
0
0
0
0
0
0
0
0
0
0
0
0
0
0
0
0
0
0
0
0
0
0
0
0
0
0
0
0
0
0
0
0
0
0
0
0
0
0
0
0
0
0
0
0
0
0
0
0
0
0
0
0
0
0
0
0
0
0
0
0
0
0
0
0
0
0
0
0
0
0
0
0
0
0
0
0
0
0
0
0
0
0
0
0
0
0
0
0
0
0
0
0
0
0
0
0
0
0
0
0
0
0
0
0
0
0
0
0
0
0
0
0
0
0
0
0
0
0
0
0
0
0
0
0
0
0
0
0
0
0
0
0
0
0
0
0
0
0
0
0
0
0
0
0
0
0
0
0
0
0
0
0
0
0
0
0
0
0
0
0
0
0
0
0
0
0
0
0
0
0
0
0
0
0
0
0
0
0
0
0
0
0
0
0
0
0
0
0
0
0
0
0
0
0
0
0
0
0
0
0
0
0
0
0
0
0
0
0
0
0
0
0
0
0
0
0
0
0
0
0
0
0
0
0
0
0
0
0
0
0
0
0
0
0
0
0
0
0
0
0
0
0
0
0
0
0
0
0
0
0
0
0
0
0
0
0
0
0
0
0
0
0
0
0
0
0
0
0
0
0
0
0
0
0
0
0
0
0
0
0
0
0
0
0
0
0
0
0
0
0
0
0
0
0
0
0
0
0
0
0
0
0
0
0
0
0
0
0
0
0
0
0
0
0
0
0
0
0
0
0
0
0
0
0
0
0
0
0
0
0
0
0
0
0
0
0
0
0
0
0
0
0
0
0
0
0
0
0
0
0
0
0
0
0
0
0
0
0
0
0
0
0
0
0
0
0
0
0
0
0
0
0
0
0
0
0
0
0
0
0
0
0
0
0
0
0
0
0
0
0
0
0
0
0
0
0
0
0
0
0
0
0
0
0
0
0
0
0
0
0
0
0
0
0
0
0
0
0
0
0
0
0
0
0
0
0
0
0
0
0
0
0
0
0
0
0
0
0
0
0
0
SCALARS speed float 1
LOOKUP_TABLE default
7.72171e-97
6.01531e-94
6.02737e-29
8.18688e-73
6.52578e-90
26.1602
2.30572e-51
4.04846e-44
1.10171e-69
23.4797
6.59262e-89
1.1303e-60
33.1481
6.6005e-87
1.32707e-73
2.6858e-99
1.54066e-70
1.49149e-81
62.6463
33.5049
3.72227e-91
8.72025e-26
1.07833e-59
27.6597
1.22732e-34
2.07976e-61
2.2505e-74
1.53769e-43
7.00981e-21
54.8746
31.1669
57.1276
2.03014e-48
1.94349e-70
3.93228e-96
1.65533e-75
33.1792
27.9119
3.85565e-65
3.78689e-92
1.19323e-48
5.09742e-67
73.3798
6.54666e-49
3.22472e-11
1.43497e-101
3.00378e-80
2.73986e-100
1.8323e-98
1.814e-86
6.71756e-88
30.0391
2.11331e-46
6.63245e-21
1.80769e-94
3.46625e-49
27.6312
1.22735e-34
6.14254e-83
2.96729e-33
2.30207e-87
1.91401e-78
2.71049e-83
6.88304e-36
32.0435
0.449871
1.99974e-82
5.15602e-100
5.32093e-90
8.3777e-97
1.95472e-95
46.716
1.59258e-98
4.90727e-71
7.7129e-57
1.051e-17
2.94059e-21
2.30906e-70
89.0752
2.57334e-70
1.64574e-66
7.71282e-84
5.79728e-97
2.33466e-97
1.14267e-72
8.09582e-94
1.35059e-26
9.9923e-68
2.44752e-84
27.6597
1.22708e-34
2.86569e-47
6.31143e-16
1.91693e-62
3.28774e-21
2.34215e-91
1.68228e-87
35.5407
7.0604e-31
3.40043e-79
42.6813
7.27824e-68
6.82032e-58
9.63069e-99
2.21444e-29
8.7605e-43
3.25542e-60
41.3183
4.00363e-24
20.0024
5.25242e-54
1.04357e-96
1.6553e-29
1.1138e-52
9.66067e-64
7.01356e-14
1.28113e-49
1.88845e-66
68.5766
1.1678e-96
1.63528e-94
2.71006e-100
2.74197e-85
6.92661e-87
1.10791e-99
30.0656
4.41176e-84
21.0837
9.89216e-83
1.88771e-61
2.94765e-32
1.10577e-91
7.2536e-84
27.6418
5.18932e-38
24.5544
31.5628
7.90873e-97
2.96921e-12
44.8539
7.68392e-31
58.3838
31.827
18.1222
3.16394
17.3192
6.75539e-60
2.94888e-37
20.8249
3.79198e-89
52.3662
2.45588e-80
38.3987
1.10808e-73
2.47003e-20
37.7478
3.74591e-85
1.41063e-59
1.71953e-99
32.132
1.35384e-84
6.56567e-97
5.44613e-53
50.8423
28.5325
34.9807
28.0819
7.87752e-59
5.59405e-62
167.927
6.81469e-83
1.06603e-73
2.40269e-56
9.25216e-95
1.38479e-99
31.7411
18.121
3.18638
17.2997
3.23489e-60
5.61666e-51
23.4732
23.6828
33.977
4.59569e-92
22.0448
22.5602
5.58227e-73
19.7357
23.9437
2.92407e-64
3.66082e-24
1.84198e-30
1.19632e-06
5.42917e-59
8.76267e-50
8.47343e-53
2.04087e-31
1.43871e-41
28.0434
23.2757
8.25625e-25
5.67455e-90
25.2423
25.338
1.92778e-37
9.74048e-88
54.1958
5.22064e-82
18.1221
3.16394
17.3189
23.3668
7.08317e-90
27.9381
3.56512e-80
5.30413e-35
2.06396e-31
1.35135e-61
5.42504e-97
1.57909e-53
32.117
2.60253e-42
3.52904e-70
1.76453e-24
34.4837
2.41341e-92
27.7503
4.65803e-47
1.48473e-98
73.9547
1.22721e-81
97.4121
2.86243e-71
36.1164
20.3339
3.14932e-73
56.9856
59.6998
1.53518e-95
4.5491e-92
1.6616e-70
1.35869e-19
3.30164e-98
9.97665e-50
7.75596e-87
1.78791e-30
7.74688e-87
1.72648e-93
6.90093e-07
3.40123e-93
9.72167e-97
6.31332e-84
6.3713e-85
5.99962e-81
2.33022e-98
8.20878e-98
1.28407e-18
1.20251e-88
2.37044e-89
9.8713e-71
0.00660724
4.42531e-90
1.99572e-51
22.6415
34.9501
3.74911e-85
47.9504
3.19225e-99
24.3614
56.5364
1.00966e-62
1.22904e-76
4.74208e-63
38.9484
2.17924e-62
182.99
1.08909e-97
5.03113e-99
1.12873e-93
9.04797e-88
41.5909
2.97313e-93
2.65867e-93
7.60936
4.52698e-71
44.5721
69.557
32.23
4.64518e-89
8.9824e-82
3.77563e-32
2.90757e-23
9.29198e-54
39.1728
1.55541e-93
6.10757e-68
1.37524e-29
34.0432
3.74566e-85
37.1206
3.60192e-87
1.80756e-32
6.59266e-84
2.58415e-78
3.14175e-76
1.17048e-07
0.0355804
2.30856e-76
79.3029
81.5809
19.1717
1.10386e-75
30.7191
9.58493e-98
5.88082e-64
7.02181e-25
3.80472e-15
2.71375e-95
18.197
0.0018486
3.40601e-97
4.13726e-80
2.09515e-96
31.4402
66.9189
1.79709e-52
37.1742
2.71397e-51
31.1889
2.49395e-39
34.7468
3.74774e-85
285.711
63.5214
28.3859
3.85405e-21
9.98986e-93
4.43739e-94
1.66944e-93
37.4197
2.65058e-73
4.1596e-84
1.66643e-99
9.29636e-18
2.14372e-36
1.85673e-73
94.2197
9.75665e-83
1.10259e-97
7.55565e-35
6.65324e-83
9.43007e-85
7.09098e-48
25.7277
3.67854e-58
1.0795e-95
7.74659e-90
4.73896e-60
6.38888e-65
1.48093e-78
1.06672e-63
1.26254e-78
6.67842e-67
1.4289e-90
36.7546
4.19541e-80
1.69735e-54
1.92397e-100
1.49124e-81
2.54757e-86
1.13928e-83
8.87332e-100
53.6715
2.00714e-84
1.33179e-99
51.3684
30.0598
3.61615e-84
7.16336e-60
1.5623e-99
31.5107
12.3861
3.52957e-60
4.19953e-87
3.07351e-98
9.10372
2.54109e-56
1.22778e-61
7.91913e-50
2.05423e-78
0.00102555
32.5321
6.50364e-80
1.31691e-74
7.03282e-73
1.80491e-83
3.73468e-95
32.57
7.77539e-85
5.37098e-79
116.067
1.37157e-99
6.07722e-57
3.49776e-65
7.54817e-96
7.94377
2.27293e-63
10.9354
7.75243e-46
1.22516e-88
3.8729e-71
2.46865e-58
2.2905e-67
2.39255e-98
31.466
38.4093
2.81901e-40
9.03437e-19
15.5673
4.10649e-20
1.75759e-84
1.30109e-37
4.91827e-93
5.63799e-98
3.01778e-35
1.57231e-32
57.0087
4.5176e-94
1.2364e-70
7.61079e-101
7.36664e-99
160.638
3.21851e-46
100.634
3.76496e-96
3.52547e-13
17.4831
164.441
2.58083e-45
1.0098e-74
72.3148
33.72
2.95309e-77
6.95336e-89
4.31268e-87
8.64059e-100
3.19588e-85
3.51708e-90
23.2825
3.514e-84
8.505e-68
8.11128
3.69308e-44
2.43783e-81
29.6505
9.31572e-35
2.64395e-73
2.77305e-95
2.05735e-65
6.0025e-98
3.2638e-53
2.15918e-53
3.23484e-99
1.93966e-34
6.2763e-83
5.16753e-30
2.33421e-47
2.86221e-96
4.39264e-97
57.013
19.4778
2.62232e-71
4.191e-81
1.8205e-71
1.57499e-13
3.95196e-67
3.58526e-86
1.4775e-32
29.1501
3.73362e-46
3.34569e-39
4.86142e-97
5.91636e-18
2.72611e-100
2.70407e-96
1.08247e-90
4.52834e-98
2.34701e-66
1.34841e-46
74.8561
7.46244e-29
1.58507e-06
5.77564e-74
2.292e-70
7.49532e-96
23.2421
1.08437e-39
1.3096e-94
7.70986e-91
1.04814e-91
51.7091
49.8132
18.5684
2.13907e-81
2.26336e-88
18.1214
3.26644
17.2297
1.13251e-93
1.53899e-50
2.67424e-59
1.18139e-60
19.628
4.87872e-99
2.36931e-22
6.00069e-92
4.32778e-28
33.2392
2.44248e-85
1.87482e-90
4.23658e-74
6.09543e-93
1.04605e-93
7.49842e-28
31.0678
1.85778e-52
3.71535e-81
29.6198
23.2901
4.41148e-58
1.11505e-82
1.27974e-65
1.77592e-98
24.5461
9.89258e-87
55.5487
53.6788
1.30155e-63
18.1155
3.28543
17.2129
25.1349
7.34865e-68
37.1713
1.78651e-42
6.2696e-06
14.2982
31.1673
4.48357e-09
8.67089e-84
28.3277
22.6892
24.7339
9.58275e-79
1.31584e-79
7.70215e-82
1.40109e-60
3.04733e-87
1.51646e-80
4.03367e-54
1.70999e-71
23.2115
22.8255
1.73781e-86
3.19966e-07
1.24947e-86
3.97825e-83
1.69048e-61
79.6796
7.02159e-57
1.05194e-83
18.1211
3.26644
17.2295
5.08579e-37
1.49549e-49
5.74073e-88
14.8856
1.03133e-76
3.34629e-88
2.64353e-20
32.841
1.67449e-99
27.8314
1.08428e-39
9.67345e-95
1.20015e-90
3.59869e-07
48.6677
1.50919e-97
5.90029e-94
1.84688e-44
2.93528e-07
1.65482e-78
5.58738e-99
32.7771
8.85901e-66
4.4299e-95
8.19695e-10
6.27955e-89
19.3694
4.73228e-61
4.87436e-88
1.56018e-52
6.74064e-79
1.72336e-95
1.73359e-86
1.35649e-87
1.9364e-95
1.12158e-86
2.99901e-75
29.8361
2.92632e-52
5.07066e-87
41.1883
1.22902e-95
6.90073e-99
1.18716e-99
1.0519e-100
6.76083e-86
4.00211e-87
1.17498e-86
2.46296e-32
2.62344e-45
1.02779e-17
3.76817e-63
8.62033e-73
34.0709
3.74854e-85
3.36693e-96
3.635e-97
5.22074e-45
1.52313e-52
9.90192e-48
1.38746e-36
2.12808e-41
6.72012e-99
1.49548e-75
2.02726e-87
1.31985e-95
59.349
3.27654e-91
3.24145e-05
74.4599
9.27062e-84
2.70096e-59
1.36015e-83
3.46204e-96
1.62968e-98
3.14971e-42
32.4686
2.50447e-99
3.6863e-96
37.6282
33.7406
2.52911e-62
9.06403e-96
5.24311e-81
23.3828
3.99355e-87
33.1847
2.4521e-85
1.92461e-95
8.00017
87.96
25.478
1.29007e-29
6.44649e-29
2.85685e-21
6.70037e-76
7.52777e-99
46.0337
76.0297
3.38752e-13
5.05332e-48
1.2824e-19
1.75733e-95
2.07374e-71
4.3136e-71
6.71299e-84
24.4852
1.04833e-61
55.3909
2.2294e-97
1.10812e-99
1.4383e-100
2.33879e-80
44.7902
1.31761e-90
2.35842e-74
3.58514e-81
1.56982e-96
3.37661e-42
33.8056
3.74258e-85
1.62808e-90
2.84575e-28
1.72087e-60
1.26201e-81
1.14488e-75
30.7815
5.11977e-47
30.8481
8.39251e-73
7.12341e-87
2.48019e-98
6.13435e-60
1.62716e-82
57.6592
6.59489e-85
1.46291e-92
26.8179
2.92092e-58
3.22716e-21
1.26416e-95
2.84376e-99
1.0811e-16
3.59568e-61
1.61219e-89
9.09695e-98
40.122
7.79531e-41
7.44358e-40
1.83465e-90
3.63824e-97
5.19107e-81
29.0574
1.71494e-39
3.02187e-65
9.93503e-95
2.58491e-54
9.77299e-98
3.45016e-09
2.71043e-57
2.01711e-09
9.07316e-42
9.43633e-76
1.32997e-99
8.14749e-11
30.6446
1.15976e-13
7.90639e-99
17.0044
2.28222e-93
3.64938e-93
31.4873
4.25632e-56
1.28943e-98
24.1468
1.85206e-66
1.76712e-81
9.9769e-94
7.79509e-42
1.2492e-59
2.17477e-63
7.26221e-96
3.39771e-62
68.6989
1.66029e-83
1.02443e-90
8.09906e-82
4.07753e-100
4.36204e-81
1.59518e-83
6.7485e-42
8.34491e-90
2.60117e-100
7.15762e-97
2.47172e-73
1.57279e-52
18.2764
22.453
2.01193e-99
3.49537e-92
77.462
77.266
5.86896e-37
1.06826e-55
3.22502e-37
6.62274e-100
4.36123e-82
23.1553
26.7265
3.40478e-55
1.77646e-50
1.20058e-96
3.34533e-22
1.5477e-32
5.07603e-95
1.79528e-73
1.07694e-53
7.97361e-73
5.53015e-95
24.922
7.61438e-74
4.49394e-81
16.2497
2.23695e-94
1.62657e-40
6.71536e-53
94.4988
2.88068e-88
22.7076
1.19746e-07
3.529e-97
73.9268
4.93573e-80
61.552
0.00679206
2.40424e-70
1.82447e-42
2.7855e-05
3.61216
1.62659e-83
23.1833
3.05157e-38
2.22668e-83
39.9484
6.63656e-28
23.6041
3.77716e-08
6.07356e-74
5.48659e-73
2.23876e-67
9.15015e-67
4.97067e-99
2.58764e-100
4.45498e-88
2.10266e-74
7.45642e-97
18.3653
7.89867e-38
54.2649
5.40793e-46
7.78778
2.83717e-60
1.0122e-37
1.82431e-93
1.13533e-67
6.67158e-87
3.85121e-48
1.56368e-91
3.03344e-73
7.33532e-74
2.59403e-97
6.54195e-61
1.27764e-100
2.41311e-96
4.05338e-90
3.87313e-98
1.86631e-65
1.73346e-99
46.3234
18.3006
7.41613e-92
39.5616
8.9572e-69
1.60225e-92
23.233
1.08438e-39
119.949
185.481
4.08201e-85
3.55698e-74
3.50962e-13
5.88268e-57
1.40932e-53
8.64585e-73
18.121
3.26732
17.2292
28.7462
6.26347e-59
5.46164e-90
29.6761
62.1679
30.7018
1.25485e-58
26.01
5.00689e-29
33.2245
2.45036e-85
1.34215e-33
7.55983e-76
2.16636e-69
7.93977e-76
22.4394
42.7471
119.347
3.76727e-91
28.6673
23.2739
4.41148e-58
45.2548
2.3922e-73
4.65932e-99
1.40016e-38
6.71129e-10
5.17704e-87
45.2785
33.7544
18.1147
3.28636
17.2121
22.3603
1.19579e-88
63.2202
7.14884e-51
0.00355283
7.77033e-83
20.5124
1.06657e-76
8.94116e-82
28.3112
22.7547
4.97651e-85
30.7832
1.70322e-100
8.07795e-38
2.12886e-20
6.20728e-94
52.2166
31.9618
3.98575e-68
23.1952
22.8229
2.30092e-88
6.70165e-29
0.228808
25.6396
1.58169e-99
3.35881e-61
8.02494e-30
9.14466e-83
18.1207
3.26742
17.229
4.85533e-68
7.07664e-88
1.72108e-49
43.0787
26.851
26.3229
17.5721
2.94235e-73
5.98115e-71
27.8223
1.08437e-39
2.03602e-95
0.0121057
6.13785e-100
9.11033e-87
1.62878e-64
1.65652e-89
7.63619e-75
4.94219e-87
7.46485e-78
67.8756
6.0188e-55
54.4982
5.69217e-97
29.8174
33.4935
34.5283
2.41649e-90
1.71405e-99
1.18494e-98
5.08659e-71
4.40004e-19
2.94675e-71
5.30374e-97
5.23723e-87
2.36327e-99
9.70998e-44
7.11086e-45
1.33257e-78
8.38338e-31
6.3543e-81
1.21533e-51
8.26253e-99
5.8627e-98
3.33506e-100
1.18985e-98
2.97625e-07
6.47607e-98
6.85834e-36
1.66789e-50
6.14776e-94
4.93532e-83
7.65822e-89
34.0703
3.74432e-85
1.02125e-98
2.08044e-82
8.57681e-88
32.6284
1.29245e-43
35.4057
54.0963
5.15036e-67
1.14414e-83
8.30499e-96
6.57643e-99
34.2595
20.8037
5.68359e-71
7.65027e-92
1.37034e-76
1.83812e-70
1.17657e-98
1.86036e-95
1.03084e-80
4.56457e-53
32.4653
3.04952e-38
4.19497e-63
2.80625e-70
35.9149
1.71673e-86
6.54497e-70
42.9436
0.00453254
2.82575e-57
33.1869
2.44711e-85
3.87915e-89
29.7446
3.50008e-94
7.06527e-76
1.49899e-62
7.35137e-50
7.5385e-91
1.86491e-95
58.177
78.3619
76.0738
53.708
6.37423e-52
1.52388e-67
0.0409509
1.39078e-70
5.14272e-70
1.37704e-67
6.59863e-72
9.48949e-77
54.2005
7.2921e-96
7.94202e-98
1.33014e-82
47.9979
2.19674e-75
1.32541e-55
2.60715e-91
3.72874e-97
2.05192e-18
6.32549e-61
33.8047
2.44664e-85
8.02971e-15
1.172e-14
22.2237
5.29643e-100
52.8392
2.33337e-54
45.8496
2.30961e-69
8.11116e-73
1.1096e-86
2.47555e-98
3.44077e-59
2.44216e-90
4.7178e-41
8.39656e-89
1.03435e-19
5.65995e-98
1.37988e-67
6.18684e-71
97.3715
1.81167e-98
34.5897
1.09939e-84
2.99889e-43
61.0198
0.000549914
1.03683e-25
2.10124e-41
4.80976e-70
1.12801e-11
1.5599e-86
37.9179
63.2496
1.67335e-91
12.2877
1.69157e-91
1.3031e-74
2.42579e-70
2.64875e-92
5.8265e-29
3.71227e-47
1.50353e-87
1.32995e-99
5.36051e-14
30.0703
2.75998e-75
8.22933e-07
61.1001
2.73645e-52
26.3668
16.1504
2.24519e-95
3.92219e-100
24.1458
2.44111e-85
4.74428e-50
6.65178e-81
5.02727e-45
0.18938
1.02696e-42
1.10247e-73
34.8638
4.79444e-41
7.4929e-89
5.62981e-63
21.8326
2.33242e-100
2.02828e-70
39.1301
4.70697e-73
1.27284e-44
1.20679e-77
8.45289e-44
8.40654e-56
2.04112e-67
18.3754
29.7007
80.5365
1.17674e-87
65.8317
2.64328e-34
1.43409e-46
2.7951e-84
4.75237e-92
6.26936e-98
3.1181e-73
23.155
2.44081e-85
5.95149e-94
14.4454
7.77708e-97
3.03887e-93
3.56134e-63
9.39027e-90
6.82133e-95
2.2201e-61
2.89483e-55
1.64027e-76
25.2168
8.79939e-38
1.25239e-39
32.0386
5.05911e-95
1.94286e-82
6.19828e-44
5.71956e-81
1.06164e-86
2.06375e-80
2.89092e-10
5.2108e-97
35.8335
1.86905e-75
54.7
4.53962e-99
2.30656e-73
1.62393e-70
8.61627e-70
1.03358
1.75804e-76
23.1825
2.44112e-85
1.29779e-49
39.9403
1.4899e-98
3.81113e-98
1.69425e-82
28.0358
4.13221e-90
8.50643e-80
2.36825e-45
4.97065e-99
2.95203e-99
4.81054e-99
1.80504e-49
2.02668e-75
54.3239
1.64574e-56
17.5639
31.0139
34.7685
4.20278e-96
3.21591e-97
20.7598
3.79005e-61
4.26649e-88
2.16476e-68
4.30082e-53
2.49952e-84
9.01552e-84
1.26086e-95
5.21079e-06
1.45698e-99
2.95546e-99
2.61258e-87
4.83724e-99
4.38665e-65
3.18564e-91
7.49306e-96
24.024
7.01333e-26
0.397682
5.14892e-84
1.07364e-73
23.2329
1.08439e-39
3.73044e-15
9.41942
3.59682e-85
46.1248
1.94133e-37
2.14744e-56
1.03586e-39
0.0074555
18.1209
3.26732
17.2288
1.15634e-20
3.78045e-14
5.1424e-28
1.07245e-65
1.04263e-09
0.000240183
3.90413e-34
2.0373e-88
2.11647e-29
33.2253
8.59416e-85
2.37957e-79
2.21383e-75
1.08631e-85
3.84499e-75
5.03518e-95
1.75434e-18
2.91144e-96
1.56702e-89
1.40531e-92
23.2738
4.41143e-58
2.23639e-88
1.72419e-71
76.5742
3.92478e-97
46.0568
8.83035e-87
42.2428
2.54617e-77
18.115
3.28655
17.2123
24.2592
6.69506e-24
4.08188e-87
3.13925e-51
2.12997e-05
51.2875
28.3908
8.3782e-77
1.20005e-84
28.3111
22.7547
2.49869e-72
17.088
2.45159e-96
2.37377e-98
3.19255e-64
7.44098e-73
8.39971e-81
3.22865e-47
5.5482e-76
23.1954
22.824
1.20561e-95
1.90825e-31
1.38858e-05
7.0152e-92
5.58504e-38
3.36734e-94
9.54087e-63
37.516
18.121
3.26781
17.2292
1.04876e-43
6.93616e-88
63.8308
74.2975
2.8294e-97
7.22693e-93
3.00679e-56
1.20674e-81
7.52375e-96
27.8226
1.0844e-39
2.95287e-96
7.05797e-85
8.66283e-70
3.40674e-45
1.87921e-92
4.34517e-88
6.48001e-99
26.3294
4.09283e-78
1.05797e-100
2.32419e-98
2.41941e-47
2.7471e-93
1.75273e-97
64.1314
27.7767
27.4285
7.01538e-87
36.0083
1.0672e-90
4.07101e-32
4.72536e-16
65.0843
3.17106e-13
46.5008
84.9853
2.62072e-52
8.94305e-51
1.89467e-51
8.97184e-82
2.37099e-48
6.98512e-99
1.15421e-99
3.27925e-78
1.47605e-97
8.78942e-91
1.35996e-88
16.6621
1.294e-53
1.3075e-81
7.49262e-14
1.22302e-36
34.0707
2.44699e-85
4.07748e-57
5.49022e-89
2.15947e-38
1.61146e-33
4.35795e-70
2.3816e-53
1.77957e-79
2.39803e-91
2.92015e-91
2.39951e-93
3.45166e-101
25.7096
2.74931e-68
9.68149e-98
112.373
2.13002e-84
1.17516e-86
35.6947
1.18576e-95
8.15321e-10
9.30251e-52
31.9367
3.585e-39
4.24734e-81
4.11075e-49
37.1275
5.12596e-10
1.34027e-69
6.58993e-71
1.70037e-12
0.162445
33.1867
2.44283e-85
19.4548
2.98842e-55
2.86194e-55
9.13086e-45
1.00644e-36
6.71437e-96
1.07145e-98
65.6807
9.0621e-67
6.28272e-81
2.15943e-83
49.6879
64.4454
4.41041e-52
1.01311e-54
60.4522
2.5839e-48
4.60157e-100
97.1037
46.2178
56.0798
2.37998e-73
1.17806e-80
3.18149e-57
3.02583e-08
2.83596e-36
43.4436
76.4009
32.7802
43.17
6.62429e-81
33.8049
2.44111e-85
1.01547e-79
3.53655e-13
7.01945e-59
6.25103e-86
86.2108
39.4602
19.8872
82.9078
7.16023e-91
1.68297e-87
3.8659e-98
3.43964e-59
7.41157e-52
6.6888e-46
0.0176404
6.17486e-67
39.9038
2.24858e-52
44.1267
3.96835e-97
8.2481e-99
2.66284e-16
9.38205e-73
1.90244e-81
1.63988e-92
2.59543e-96
3.67008e-39
2.78529e-95
2.12139e-59
159.046
1.67604e-78
41.647
1.29333e-51
4.96111e-90
54.8973
6.49304e-98
29.703
3.71017e-43
2.44224e-60
9.9206e-95
31.2233
1.97137e-86
1.32993e-99
5.36059e-14
30.6394
9.31854e-10
24.8195
3.35165e-100
1.09421e-95
1.45965e-84
9.19356e-32
3.4806e-84
1.8912e-66
24.1445
2.44666e-85
52.8711
2.8925e-95
2.66174e-99
9.23155e-54
1.16557e-75
1.1704e-62
70.933
9.68411e-20
1.68524e-83
1.33333e-62
31.128
7.45021e-98
6.6442e-49
1.91237e-18
1.11106e-91
1.574e-88
1.0386e-67
2.94478e-99
3.9923e-84
2.51738e-84
17.8514
29.9346
1.03517e-50
3.56034e-94
3.45065e-74
7.46081e-84
71.1399
0.000124742
0.000380376
30.496
4.46653e-46
23.1526
2.16385e-55
1.10144e-85
8.91008e-51
2.29997e-46
5.24927e-84
1.52154e-63
25.1591
36.7986
39.1514
5.33401e-80
1.04049e-79
25.0019
9.35397e-99
8.30554e-70
2.78786e-95
31.5506
16.4646
2.70258e-79
68.7349
3.86598e-24
7.84412e-87
2.187e-11
5.21434e-97
30.4908
1.6513e-35
7.32797e-75
5.27283e-77
1.59835e-92
1.26097e-96
6.92186e-80
1.11449e-70
9.31375e-71
23.182
2.44664e-85
2.40167e-16
39.9298
1.32197e-95
3.96829e-84
65.9085
25.3136
2.0536e-68
6.80352e-47
1.61367e-79
4.97059e-99
9.50962e-101
7.1697e-76
2.34387e-80
2.46049e-58
1.43097e-23
4.1448e-47
1.04953e-41
3.1005e-25
31.1157
1.84494e-75
5.5961e-34
4.18478e-44
2.51239e-93
2.08778e-69
4.35698e-86
77.1302
22.7833
1.37666e-82
3.77112e-92
1.42556e-93
1.0718e-98
1.32309e-99
3.87817e-84
5.79328e-100
4.39645e-65
1.07865e-94
36.9495
34.9024
1.89965e-81
2.16057e-09
3.28869e-51
7.56313e-85
23.233
1.08438e-39
18.4947
3.81593e-97
7.36806e-87
47.7089
1.62187e-80
2.42982e-64
33.7648
1.38164e-28
18.1208
3.26732
17.2286
2.94758e-51
2.22924e-54
26.1145
5.70259e-64
3.9894e-78
1.49863e-05
22.2752
4.06133e-41
2.46015e-30
33.2247
3.20338e-83
1.41889e-97
1.1849e-75
1.15552e-85
25.6523
2.86161e-48
2.38032e-84
8.27958e-62
2.4034e-90
7.50807e-90
23.2742
4.41057e-58
4.2059e-41
4.34504e-70
86.8778
23.6494
3.01149e-12
5.31487e-66
39.6256
1.39114e-29
18.115
3.28642
17.2123
1.96959e-89
7.95613e-37
1.37432e-14
5.38589e-52
0.0304176
8.01609e-88
31.3781
4.46175e-51
1.18297e-91
28.3112
22.7544
7.82071e-64
3.09238e-81
2.10958e-99
9.57239e-58
4.34998e-96
1.45702e-63
9.57519e-11
1.22412e-43
5.98943e-94
23.1959
22.8146
8.12301e-89
2.7842e-91
3.44827e-98
22.7177
3.3842e-53
1.98048e-91
3.90964e-59
1.04945e-64
18.1208
3.26762
17.229
7.92557e-16
2.59159e-07
31.8442
3.7092e-82
1.63682e-39
24.4352
7.2647e-86
48.4278
4.11955e-84
27.8226
1.08439e-39
9.33943e-95
3.55496e-85
2.66709e-62
4.53625e-70
4.92419e-33
1.04461e-87
36.7821
4.27817e-81
8.85639e-81
7.48492e-101
2.25585e-60
7.30441e-97
2.42978e-93
38.9989
2.16769e-85
29.3118
1.91957e-45
1.91555e-16
121.157
3.34476e-98
43.4383
3.02565e-71
2.72805e-87
3.78181e-100
9.89562e-98
4.64355e-95
6.67528e-12
7.8352e-33
1.21662e-62
91.759
3.3494e-45
2.95358e-99
1.29766e-99
4.04241e-90
1.57832e-95
1.23904e-25
1.36775e-76
5.66876e-39
5.48746e-90
1.10409e-91
5.54739e-84
1.83296e-22
34.0709
7.21663e-30
3.39726e-43
3.39775e-27
75.0302
59.0835
61.0149
41.2763
4.47387e-30
4.51017e-95
4.06185e-73
54.8598
1.78143e-81
57.9507
1.30984e-80
95.1138
52.5766
9.11403e-68
8.8005e-83
5.67288e-05
66.097
9.80902e-87
5.95936e-75
29.5863
15.3053
1.99378e-88
8.63862e-47
4.22295e-100
5.38809e-84
6.78371e-88
1.60182e-88
24.8848
23.0968
33.1866
5.92333
9.74907e-43
1.81565e-85
1.97282e-93
1.77393e-92
2.12798e-36
85.0784
7.09725e-65
2.27117e-55
3.55153e-19
4.79973e-81
1.10989e-93
47.7417
4.49185e-28
2.25779e-11
5.63872e-95
2.345e-52
3.59966e-50
3.59187e-81
2.2629e-99
1.79144e-31
166.959
2.26863e-52
87.3345
3.80338e-83
8.5335e-100
7.51971e-98
60.6797
2.28466e-63
60.3075
5.67551e-21
1.52697e-98
33.8053
4.84229e-64
52.1574
2.33262e-88
25.8728
7.19462e-30
2.30863e-30
7.74462e-79
4.67696e-15
1.99168e-90
22.7728
2.68169e-90
4.95193e-54
1.27583e-61
5.98948e-66
1.45e-62
2.99584e-96
7.7466e-75
1.01182e-18
2.0285e-28
1.3114e-89
15.8522
1.20482e-98
2.01906e-91
7.91922e-63
22.1717
3.25162e-06
4.96413e-97
16.1881
8.18012e-99
1.87357e-89
1.87027e-07
8.22672e-88
1.21282e-90
1.01521e-90
5.81468e-65
4.0495e-37
9.44769e-100
2.44083e-100
7.67324e-91
1.73657e-99
1.5074e-47
7.8683e-96
8.29076e-90
1.32587e-99
3.48579e-14
30.8232
2.91794e-54
3.39547
2.90889e-17
39.8598
1.15341e-27
74.9384
5.31313e-42
2.76826e-80
24.1455
3.74468e-85
9.27006e-72
1.21583e-70
2.26349e-91
7.15183e-81
3.46314e-33
1.42812e-37
4.6799e-87
1.98562e-71
1.49588e-93
3.10931e-59
30.6049
3.22154e-94
1.48578e-78
1.24508e-90
6.84864e-35
7.24093e-79
58.4646
1.78613e-81
27.345
1.33567e-92
19.5777
29.9275
1.71906e-95
1.57512e-60
5.83294e-68
1.54546e-38
5.44729e-98
1.37517e-35
1.98208e-75
2.00654e-82
5.29454e-69
23.1522
2.45198e-85
6.73054e-15
57.3196
9.449e-99
8.30221e-36
4.42923e-68
45.6626
1.0929e-98
3.8625e-68
2.43495e-70
7.45362e-88
24.9941
1.8545e-05
29.9614
7.05656e-74
2.15783e-87
2.34655e-76
24.7394
2.83208e-12
3.10265e-08
29.0353
0.00353532
1.95103e-40
4.015e-95
6.20413e-82
81.329
87.7939
7.44849e-71
7.263e-92
36.2233
1.10199e-80
48.156
23.1838
3.74461e-85
28.3715
42.0457
1.71653e-80
2.86904e-98
2.227e-75
1.23273e-12
1.60495e-89
27.3718
1.36771e-73
3.22508e-99
7.19008e-99
2.28535e-77
3.32138e-12
1.23434e-92
3.29432e-85
2.31618e-84
2.96596e-98
5.90167e-58
28.9611
8.34301e-83
1.21054e-41
33.2339
30.5633
7.61266e-24
29.37
86.8098
9.23887e-09
2.78254e-88
4.19931e-12
46.435
2.23908e-99
1.52225e-100
2.39982e-81
1.34646e-94
3.57982e-67
6.94072e-100
6.25234e-82
2.1942e-97
41.4738
7.39617e-72
44.0954
5.47152e-85
23.2421
1.08428e-39
1.78e-57
2.57589e-96
5.77426e-78
53.3833
1.06913e-73
40.907
37.1899
5.15528e-66
18.1215
3.26644
17.2299
2.81747e-38
6.62839e-70
2.42212e-56
6.20939e-61
6.46211e-81
2.05424e-38
32.7363
44.5437
7.88188e-32
33.24
9.14968e-47
3.28648e-68
7.05975e-73
1.15913e-97
1.99255e-67
1.60387e-60
19.046
0.0392759
19.0939
7.81586e-93
23.2908
2.86907e-58
1.3733e-69
6.05204e-93
18.3046
1.65057e-99
2.95719e-58
116.268
6.88265e-97
5.49355e-95
18.1159
3.28543
17.2133
4.27268e-45
4.68776e-52
1.78337e-20
6.84024e-35
6.31492e-24
7.20672e-43
1.08301e-67
18.6204
4.53044e-77
28.3283
22.751
9.70701e-40
1.49591e-62
1.51749e-78
3.66384e-85
9.65073e-38
2.65219e-96
1.85222e-75
66.0727
36.7474
23.2124
22.9443
6.94524e-89
4.58107e-78
2.26014e-12
1.22455e-43
2.02693e-05
0.430557
1.30112e-49
7.40444e-39
18.1215
3.26669
17.2299
4.07892e-90
3.83264e-85
2.7033e-89
3.59093e-29
26.9872
64.0594
35.9994
1.62709e-99
2.62923
27.8314
1.08435e-39
1.85979e-95
7.02645e-90
9.83172e-75
4.17706e-89
1.70803e-42
4.23603e-31
305.169
37.8586
4.273e-84
2.01047e-99
2.28555e-98
7.00011e-98
1.85204e-94
7.15464e-54
4.94851e-98
30.1283
1.61547e-58
1.25178e-54
2.28907e-89
4.93666e-84
3.73234e-35
31.892
6.55729e-84
1.29395e-97
2.23878e-94
77.2625
24.5018
33.3504
5.19527e-98
1.63931e-89
1.07684e-48
2.95921e-99
7.98152e-99
6.11626e-98
1.62545e-64
7.19351e-93
2.01046e-99
39.6835
53.1941
4.03662e-88
6.3414e-25
38.3414
42.9888
3.69401e-44
1.44312e-09
2.01838e-86
65.1981
1.4133e-98
55.9422
3.14711e-81
2.77998e-76
4.31775e-50
1.8711e-94
3.40067e-42
3.65709e-46
28.0763
1.96069e-71
6.88696e-76
1.607e-56
9.85146e-83
8.23584e-90
4.03635e-78
2.59195e-57
2.08499e-89
5.33052e-99
59.6128
7.17332e-98
2.1453e-89
3.12534e-48
1.15426e-63
5.27306e-87
1.33921e-98
41.8803
1.7018e-93
1.93834e-81
29.0905
2.50385e-28
36.9273
1.89054e-46
2.46314e-82
9.90141e-97
6.50009e-93
21.2443
39.4641
81.434
4.91823e-78
60.9232
59.9258
43.9472
3.2777e-92
22.9955
2.28076e-34
1.40399e-68
1.84046e-89
1.33855e-89
9.37423e-17
2.145e-91
63.9031
42.6382
152.955
1.17599e-76
1.27502e-78
70.5271
40.8426
4.6972e-48
1.01317e-87
3.57103e-92
1.47885e-89
36.2
3.37117e-55
125.382
5.05311e-87
5.53751e-99
1.27051e-85
9.28474e-93
17.5838
23.443
50.8208
6.75002e-79
1.60311e-93
4.32882e-99
32.7867
5.27306e-91
35.7417
2.74143e-14
8.88261e-97
42.1082
1.56148e-41
9.74474e-98
1.66998e-84
1.5097e-92
29.3747
5.34342e-85
4.51231e-67
1.01347e-49
2.30872e-82
2.93478e-46
44.4851
1.47458e-38
46.9909
8.10299e-91
1.88434e-89
6.82258e-96
2.0126e-82
5.92431e-87
6.29448e-85
6.24121e-80
2.46052e-92
2.19534e-88
0.000106295
1.38625e-67
1.4696e-86
15.9455
47.2467
4.87903e-09
5.27921e-81
1.70643e-90
100.206
6.56684e-87
1.28665e-41
48.6599
20.886
1.14912e-51
25.0725
3.74772e-85
5.49096e-35
5.30022e-89
1.07669e-70
9.91873e-100
1.7752e-55
44.4485
3.32215e-59
77.3882
1.11443e-70
236.462
6.78339e-81
1.35593e-99
9.89958e-101
1.2209e-67
3.22346e-62
149.809
1.10828e-83
6.85357e-93
1.54617e-67
14.9613
70.7579
6.44468
8.0538e-67
2.72893e-64
1.32089e-86
1.42249e-65
1.00482e-96
1.36007e-84
1.66763e-18
5.70977
1.76551e-77
24.0527
3.74661e-85
3.23787e-87
5.31085e-65
8.0134e-85
1.71334e-75
3.66111e-92
5.76866e-96
9.61383e-84
27.702
17.5756
64.1292
31.5491
4.02651e-92
1.55011e-09
2.50649e-05
6.52018e-95
6.34057e-60
3.08489e-67
32.8753
128.637
5.98609e-81
22.4351
8.27407e-17
56.283
1.16352e-58
1.52378e-95
2.14839e-51
1.52486e-96
4.68098e-81
8.23706e-24
6.24219e-88
6.89597e-92
24.1934
3.74754e-85
2.75971e-37
1.8342e-46
0.00207999
33.9653
10.7985
9.11892e-96
5.18489e-63
70.1772
2.65588e-70
3.03665e-84
59.1442
1.30326e-84
2.3122e-95
3.73789e-85
2.35959e-99
2.29964e-83
2.11652e-96
1.21466e-38
4.33653e-68
86.391
3.09087e-53
5.70622e-99
3.70347e-86
6.6052e-90
2.72857e-52
30.8005
1.74274e-79
2.78831e-90
1.91756e-74
0.000409748
1.1847e-99
9.20474e-87
1.59019e-80
3.36153e-81
40.5176
1.3045e-85
5.24289e-20
7.3722e-98
1.29016e-93
1.81088e-40
4.1446e-84
1.00979e-84
27.6416
2.60255e-42
1.44013e-86
1.6492e-93
1.99345e-99
9.34354e-95
2.59238e-92
2.68318e-32
6.21711e-91
7.66907e-92
18.1224
3.16394
17.3196
1.67823e-32
3.66028e-85
25.7708
6.55173e-84
1.02638e-86
3.52064e-99
0.000147489
4.68941e-95
2.24708e-96
37.7409
3.74721e-85
4.31239e-95
2.18264e-28
1.38211e-08
2.76623e-57
1.06961e-96
1.88942e-13
1.35997e-54
3.25632e-83
4.09692e-89
27.4745
4.09918e-52
1.59867e-63
42.3921
4.56491e-52
7.16108e-90
3.13025e-28
1.25148e-98
1.57586e-83
2.00348e-87
18.121
3.18638
17.3
21.4245
1.094e-86
4.96737e-32
49.4744
14.2523
58.3065
14.4365
2.85923e-11
3.46049e-93
20.4996
23.3477
7.69408e-68
28.42
9.10388e-97
8.33058e-91
40.8979
1.6269e-90
2.50468e-92
2.78064e-81
2.25936e-90
27.409
22.6352
3.42606e-34
6.32778e-81
2.30747e-43
3.05755e-91
4.51776e-90
4.46366e-93
4.60858e-40
2.03145e-73
18.1221
3.16419
17.3192
22.4633
5.3613e-94
29.1943
5.13311e-78
4.10778e-35
9.3805e-81
27.7815
1.59175e-79
5.74955e-67
32.117
5.18925e-38
5.15733e-91
2.30695e-60
6.72979e-99
2.31744e-96
1.73337e-78
6.89934e-19
3.07044e-08
9.14167e-73
1.53046e-87
55.2847
8.6637e-98
6.60136e-62
27.7587
9.77904e-79
1.86064e-52
1.50587e-59
55.9016
2.80867e-09
3.59777e-90
4.22674e-73
1.16526e-28
1.65534e-29
2.48927e-95
2.98718e-07
1.21988e-88
5.96945e-50
4.4158e-96
1.12984e-90
1.64371e-88
6.84518e-85
2.34905e-91
51.3003
1.98329e-70
2.55287e-98
9.84524e-99
45.4927
11.3726
6.14491e-28
2.89783e-29
5.0719e-74
1.2553e-46
6.19006e-29
32.134
1.22706e-34
1.55654e-91
17.8544
1.06971e-05
4.02178e-74
17.0658
6.19309e-39
4.38894e-73
3.6867e-47
7.86624e-80
3.26138e-101
4.77271e-38
5.5008e-38
1.28223e-90
3.57552e-49
40.0954
7.0115e-38
1.14348
7.13527e-88
2.61793e-86
36.4598
1.91065e-98
98.4399
2.26137e-85
1.54837e-88
2.64029e-99
2.36458e-31
3.3479e-46
4.60935e-90
1.67081e-77
1.64746e-94
3.85563e-88
32.1067
1.22734e-34
2.22718e-14
8.59494e-88
3.05607e-99
24.7334
38.241
4.66417e-35
1.55619e-97
43.4495
29.4907
1.0752e-98
6.56171e-72
8.04404e-58
1.81654e-98
1.42005e-89
6.25985e-24
23.552
1.92543e-69
48.3532
36.1767
2.92991e-79
2.89202e-84
7.95908e-87
3.7406e-26
1.36382e-95
2.52729e-80
4.08686e-94
9.46043e-30
3.18046e-78
3.08666e-57
1.30767e-16
2.10539e-78
32.134
1.22732e-34
2.37734e-91
42.6361
3.33104e-67
1.68447e-92
1.57788e-84
1.01231e-70
6.6523e-94
5.0241e-96
1.46199e-79
5.51456e-99
2.01722e-86
1.22829e-05
1.09879e-95
7.46156e-97
9.11556e-101
14.2767
5.87598e-35
3.51198e-36
8.012e-40
2.60178e-87
3.89169e-59
6.02778e-29
0.000165145
1.08539e-98
1.50249e-59
4.35699e-83
1.42355e-97
9.49818e-96
2.84847e-78
7.08181e-87
VECTORS velocity float
-3.92993e-97 -6.64684e-97 0
-1.35371e-95 -6.01379e-94 0
-4.47937e-29 4.03292e-29 0
5.27903e-74 8.16984e-73 0
-6.30088e-90 -1.69844e-90 0
-7.5961 -24.7871 -3.50113
1.69263e-51 1.56568e-51 0
3.01744e-44 -2.69908e-44 0
1.2443e-70 -1.09466e-69 0
2.97498 0.735086 -23.2789
-3.00223e-89 -5.86935e-89 0
-1.43184e-62 -1.13021e-60 0
-12.219 -28.9671 10.5073
-8.18517e-88 -6.54955e-87 0
1.20366e-73 5.5885e-74 0
-1.86713e-99 -1.93064e-99 0
9.25182e-71 1.23194e-70 0
-3.71601e-82 1.44446e-81 0
-37.3335 -44.7373 23.0076
26.2141 -14.8909 14.6172
3.66795e-91 -6.33629e-92 0
7.87411e-26 -3.74717e-26 0
6.50581e-61 1.07637e-59 0
-27.6431 -8.36715e-06 0.958664
-1.22732e-34 -1.76912e-38 0
1.01863e-61 1.81323e-61 0
-1.80402e-75 2.24326e-74 0
-1.36708e-43 -7.03974e-44 0
-6.14759e-21 -3.36818e-21 0
-39.2702 33.236 19.0903
0.332557 27.3085 -15.017
-50.7485 23.0574 -12.5104
-1.6021e-48 -1.24689e-48 0
-1.58966e-70 1.1181e-70 0
-2.73334e-96 -2.82696e-96 0
2.16349e-76 -1.64113e-75 0
24.2092 4.2015 -22.2962
10.1673 13.4374 -22.2517
3.83665e-65 -3.82307e-66 0
4.40339e-93 3.7612e-92 0
1.13493e-48 3.68406e-49 0
-4.16969e-67 2.93213e-67 0
18.3662 41.6628 57.5455
-5.35517e-49 3.76576e-49 0
-3.21159e-11 -2.90657e-12 0
-1.07403e-101 9.51628e-102 0
2.09273e-80 2.1548e-80 0
-9.6437e-101 -2.56453e-100 0
-1.08962e-98 -1.4731e-98 0
-9.5048e-87 -1.54505e-86 0
-6.66665e-88 -8.25434e-89 0
18.3495 2.84787 -23.6121
1.94356e-46 -8.29868e-47 0
-4.93768e-21 -4.42817e-21 0
-1.16966e-94 -1.37827e-94 0
-2.83539e-49 1.99386e-49 0
-27.6138 4.29859e-06 0.98077
-1.22735e-34 -8.88837e-39 0
-2.96137e-83 -5.38155e-83 0
-2.23834e-33 1.94799e-33 0
2.16087e-87 -7.93841e-88 0
1.88774e-78 -3.16063e-79 0
1.12958e-83 -2.4639e-83 0
3.19245e-36 -6.09791e-36 0
26.0651 -17.1081 7.39649
0.375843 0.247237 0
-1.84366e-82 7.74529e-83 0
-4.64349e-101 -5.13507e-100 0
-4.76423e-90 -2.36949e-90 0
-4.41555e-97 7.1196e-97 0
1.94919e-96 1.94498e-95 0
26.982 30.7311 -22.5822
-1.48902e-98 5.6494e-99 0
9.49809e-72 4.81448e-71 0
7.69138e-57 5.75749e-58 0
-1.04897e-17 -6.53059e-19 0
8.13644e-22 -2.82578e-21 0
1.48926e-71 2.30426e-70 0
-12.9593 86.1 -18.7944
1.6597e-71 2.56798e-70 0
1.61367e-66 3.23275e-67 0
-6.41192e-84 4.28659e-84 0
1.52276e-97 -5.59372e-97 0
-6.98893e-98 -2.22759e-97 0
-9.2444e-73 6.71651e-73 0
1.41792e-94 -7.97068e-94 0
3.03839e-27 -1.31597e-26 0
-8.1737e-68 5.74776e-68 0
-3.03515e-85 -2.42863e-84 0
-27.6431 1.20575e-05 0.958664
-1.22708e-34 -4.22888e-40 0
-2.72793e-47 8.77835e-48 0
-6.16788e-16 1.33841e-16 0
-1.56805e-62 1.10266e-62 0
2.03883e-21 -2.57922e-21 0
2.34074e-91 -8.10887e-93 0
1.09125e-87 1.28032e-87 0
-28.3352 -4.0344 -21.0708
3.59992e-31 6.0737e-31 0
-1.53515e-80 3.39696e-79 0
-7.82815 41.6336 5.2014
-5.9536e-68 4.18658e-68 0
5.37909e-58 -4.1931e-58 0
-6.95396e-99 6.66278e-99 0
1.16936e-29 -1.88051e-29 0
5.95623e-43 -6.42415e-43 0
-1.06638e-60 3.07581e-60 0
30.471 -0.282399 27.9041
3.95855e-24 5.99099e-25 0
15.5839 12.4078 -1.81338
-4.29648e-54 3.02129e-54 0
4.2088e-97 9.54931e-97 0
-1.20076e-29 -1.13938e-29 0
-9.11089e-53 6.4068e-53 0
-3.81416e-64 8.87585e-64 0
3.82438e-14 -5.87912e-14 0
9.9128e-50 -8.11575e-50 0
3.11787e-67 -1.86253e-66 0
13.2617 64.9925 17.4025
1.52977e-97 -1.15773e-96 0
-4.35296e-95 1.57628e-94 0
2.01482e-101 -2.70256e-100 0
-3.40034e-86 -2.72081e-85 0
-6.70609e-88 -6.89407e-87 0
-4.2384e-100 -1.02363e-99 0
26.7667 -11.407 7.57406
-5.64993e-85 -4.37543e-84 0
1.68436 -7.2433 -19.7286
4.07637e-83 9.01321e-83 0
-1.54414e-61 1.08585e-61 0
9.95085e-33 2.77461e-32 0
-6.13264e-92 -9.20134e-92 0
-1.48117e-85 7.25209e-84 0
-0.000263552 -27.6248 0.968821
4.34674e-40 -5.18914e-38 0
-6.04236 -9.65689 -21.7521
16.3752 16.753 -21.1518
5.08798e-97 -6.05479e-97 0
-8.3119e-13 2.8505e-12 0
22.4399 -32.4458 -21.3446
-7.64843e-31 7.37666e-32 0
4.57375 -57.6091 -8.30358
21.7021 -5.78352 -22.5506
-1.04438e-05 -8.05799e-05 -18.1222
-3.94521e-05 -2.07708e-05 3.16394
-0.000170969 -0.000126232 -17.3192
6.04176e-60 3.02199e-60 0
2.92921e-37 3.40031e-38 0
11.7385 11.3404 -12.9338
-3.26063e-89 1.93581e-89 0
36.6786 34.2836 14.884
1.58953e-81 2.45073e-80 0
9.01374 27.4129 25.3327
5.95652e-75 1.10648e-73 0
-2.0741e-20 1.34131e-20 0
2.80381 30.3763 -22.2332
-1.48605e-89 3.74591e-85 0
1.40858e-59 7.60769e-61 0
-1.69818e-99 -2.70108e-100 0
23.5818 -9.87307 -19.465
-3.21687e-86 -1.35345e-84 0
3.14929e-97 5.76108e-97 0
-2.17255e-53 -4.99404e-53 0
-27.279 35.7691 -23.6933
16.8716 -21.3017 -8.70008
20.9511 -27.9904 1.11362
3.25568 -24.2802 -13.7282
-1.30201e-60 -7.87645e-59 0
3.02662e-62 4.70457e-62 0
-157.369 -52.3125 26.4205
6.74586e-83 9.66099e-84 0
1.37538e-74 -1.05712e-73 0
8.09408e-57 -2.26225e-56 0
3.31176e-95 8.63914e-95 0
-1.36721e-99 -2.19922e-100 0
-0.135249 -27.1595 -16.4268
-5.35863e-06 1.18276e-05 -18.121
-3.66406e-05 5.54579e-13 3.18638
-0.0007322 0.000113886 -17.2997
-2.64614e-60 1.86077e-60 0
3.54143e-51 -4.35949e-51 0
6.65604 0.692211 -22.4991
5.30145 1.8031 -23.0113
9.11518 2.62422 32.6262
-7.34373e-93 -4.53663e-92 0
16.9119 2.80533 -13.8597
21.0344 0.496182 -8.14067
8.78619e-74 -5.51269e-73 0
6.18623 13.4467 -13.0543
-0.00068457 13.7849 -19.5775
-6.47614e-65 -2.85145e-64 0
2.32312e-24 2.82926e-24 0
-1.48701e-30 1.08706e-30 0
1.67522e-07 1.18453e-06 0
-4.44105e-59 3.12296e-59 0
-7.16786e-50 5.04045e-50 0
-6.93126e-53 4.87408e-53 0
-3.47347e-32 -2.0111e-31 0
-9.37317e-43 1.43566e-41 0
3.23137 -24.357 -13.5176
1.56014 -3.34166 -22.9817
2.98005e-25 7.69967e-25 0
9.92335e-91 -5.58711e-90 0
23.8853 5.03435 6.42808
-20.025 -13.4745 7.71029
1.03934e-37 -1.62361e-37 0
-4.39741e-89 9.73055e-88 0
20.8771 48.0265 -13.9568
1.45818e-82 -5.01286e-82 0
-3.47853e-05 4.10917e-05 -18.1221
-3.94521e-05 2.07708e-05 3.16394
-0.00116759 0.000121234 -17.3189
-8.65575 -21.0222 -5.39933
4.85138e-90 5.16096e-90 0
8.95123 -18.8833 -18.5428
8.99915e-81 3.44967e-80 0
1.90522e-35 -4.95014e-35 0
1.7427e-31 -1.10585e-31 0
9.50268e-62 -9.60797e-62 0
-6.7356e-98 -5.38307e-97 0
-1.29169e-53 9.08323e-54 0
-0.000188486 32.0721 -1.69655
-2.18195e-47 2.60253e-42 0
2.33056e-70 2.65002e-70 0
-4.99735e-25 -1.69229e-24 0
11.1422 26.7054 -18.7563
-5.71105e-93 -2.34487e-92 0
13.8723 21.181 -11.3578
2.6253e-47 3.84773e-47 0
1.48286e-98 7.44987e-100 0
44.8076 57.9171 -10.3527
-5.54031e-83 1.22596e-81 0
-13.5906 -83.1721 48.855
-2.34147e-71 1.64652e-71 0
17.0338 -31.1968 -6.40384
17.4875 -9.98163 2.83205
2.03119e-74 3.14276e-73 0
55.1555 -4.48846 13.6046
55.8034 19.4788 -8.40404
-3.53834e-97 -1.53477e-95 0
2.64159e-93 -4.54143e-92 0
1.07153e-71 1.65814e-70 0
-6.17138e-20 -1.21045e-19 0
8.59619e-100 -3.30052e-98 0
-8.5848e-50 5.0828e-50 0
-9.96358e-88 -7.6917e-87 0
1.46758e-30 1.02119e-30 0
-6.93636e-87 -3.4498e-87 0
-1.50238e-93 -8.50632e-94 0
-6.89948e-07 -1.41521e-08 0
3.17782e-93 -1.21235e-93 0
1.69228e-97 -9.57324e-97 0
3.10708e-84 5.49582e-84 0
-3.48518e-85 5.33358e-85 0
-7.44011e-82 -5.95331e-81 0
2.93566e-99 2.31165e-98 0
-6.17669e-98 5.40671e-98 0
3.44643e-19 1.23695e-18 0
1.17416e-88 2.59592e-89 0
-1.15971e-89 -2.06738e-89 0
7.4083e-72 9.84346e-71 0
0.00440581 -0.00492386 0
4.19735e-90 -1.402e-90 0
-1.99214e-51 1.19418e-52 0
-21.6127 -2.38709 -6.31134
27.6559 3.0926 -21.1447
3.74911e-85 -1.48666e-89 0
10.716 -45.3729 11.2122
-2.65286e-99 -1.77561e-99 0
7.46351 -20.1902 11.4075
-26.4182 -15.8129 47.4172
-6.91249e-63 7.35924e-63 0
1.02352e-76 6.80398e-77 0
4.63963e-63 9.80411e-64 0
20.8486 32.8958 -0.416892
1.50716e-62 -1.57403e-62 0
-36.5896 -175.311 37.5825
5.97979e-98 -9.10241e-98 0
-4.28999e-99 -2.62835e-99 0
-1.01064e-93 -5.0264e-94 0
-1.12321e-88 -8.97798e-88 0
19.8073 33.3996 -14.8978
-1.6489e-93 -2.47399e-93 0
-2.38027e-93 -1.18441e-93 0
-5.1891 -0.863475 -5.49818
-3.70307e-71 2.60401e-71 0
26.8551 -26.4312 -23.8089
41.9484 -55.3249 -4.20368
13.6632 17.6889 -23.2205
-3.62222e-89 2.90814e-89 0
2.09823e-82 8.73389e-82 0
1.80889e-32 3.31411e-32 0
2.76e-23 9.14532e-24 0
-7.60084e-54 5.34493e-54 0
21.8548 30.9151 10.0563
6.52339e-95 -1.55404e-93 0
5.94492e-68 1.40011e-68 0
-1.37171e-29 9.83987e-31 0
26.6871 3.02538 -20.9185
3.74566e-85 -3.51691e-90 0
18.8148 21.582 -23.6255
3.57094e-87 4.71409e-88 0
-1.75809e-32 -4.20015e-33 0
-8.02091e-85 -6.54369e-84 0
-5.97466e-80 -2.58346e-78 0
2.2237e-76 -2.2194e-76 0
-9.76718e-08 6.45007e-08 0
-0.0355738 -0.000686352 0
1.48894e-77 2.30375e-76 0
73.6143 24.4813 -16.4482
-80.1375 -15.2503 -0.923935
0.492098 6.85543 -17.8973
2.84735e-76 1.06651e-75 0
-9.546 -16.0303 -24.4042
1.6355e-98 9.44436e-98 0
5.18956e-64 -2.76632e-64 0
5.32619e-25 4.57576e-25 0
-2.62006e-15 -2.75884e-15 0
1.7727e-95 -2.05475e-95 0
7.69606 -1.97252 -16.3711
-3.28131e-05 0.00184831 0
2.4869e-97 -2.32729e-97 0
-3.70439e-80 -1.84238e-80 0
-5.59247e-97 2.01914e-96 0
13.0634 -18.3741 -21.9141
41.551 -51.8316 -8.07096
-1.47002e-52 1.03372e-52 0
17.5886 -20.418 25.606
-8.19668e-53 -2.71273e-51 0
-28.1628 12.6869 -4.31845
-2.49221e-39 9.32061e-41 0
27.8159 -1.10685 -20.794
3.74774e-85 1.64695e-89 0
87.9216 -179.728 203.958
27.4245 25.91 51.1032
8.57834 22.3204 -15.296
6.1497e-22 -3.80467e-21 0
6.84435e-93 7.27682e-93 0
1.86293e-95 -4.43348e-94 0
-1.58943e-93 -5.10638e-94 0
32.4344 -6.09443 -17.6379
1.70952e-74 2.64506e-73 0
-5.09887e-85 -4.12823e-84 0
-9.16847e-100 1.39153e-99 0
5.281e-18 7.65071e-18 0
1.83576e-36 -1.10703e-36 0
1.15041e-74 1.85317e-73 0
-93.6377 9.86622 3.46244
6.65834e-83 7.13153e-83 0
-1.03592e-97 3.77601e-98 0
1.32122e-35 -7.43923e-35 0
6.3695e-83 -1.92227e-83 0
-2.18027e-86 -9.42755e-85 0
3.7827e-48 5.99777e-48 0
-6.43508 -20.6024 -14.0017
-3.00904e-58 2.11597e-58 0
-4.09981e-96 -9.98614e-96 0
-6.60822e-90 4.04243e-90 0
-4.62418e-60 1.03665e-60 0
6.1211e-65 1.83028e-65 0
3.10477e-79 1.44802e-78 0
-3.78547e-64 9.97296e-64 0
1.25673e-78 1.20955e-79 0
-5.46294e-67 3.84155e-67 0
-1.26095e-90 6.72119e-91 0
27.6148 -2.52006 -24.124
2.70592e-81 4.18668e-80 0
-1.38843e-54 9.76351e-55 0
-1.32127e-100 -1.39854e-100 0
9.62012e-83 1.48813e-81 0
-3.15991e-87 -2.5279e-86 0
8.53896e-84 7.54204e-84 0
-5.49029e-100 -6.97083e-100 0
31.4007 43.1667 5.59173
-2.48904e-85 -1.99164e-84 0
-1.02709e-99 -8.47787e-100 0
25.3763 41.9757 -15.2576
0.359779 27.7251 -11.6094
-3.54788e-84 6.9938e-85 0
-5.91161e-60 -4.04556e-60 0
-1.37851e-99 -7.35174e-100 0
19.2003 5.08193 -24.4632
9.17448 2.90585 -7.7975
3.29521e-60 -1.2647e-60 0
3.18251e-87 2.74e-87 0
3.06989e-98 -1.49211e-99 0
-2.75793 7.0462 -5.06189
-2.53965e-56 -8.5452e-58 0
9.90003e-62 7.26176e-62 0
-6.47785e-50 4.55524e-50 0
-2.00831e-78 4.31961e-79 0
-0.000896522 0.000498006 0
16.8895 16.577 -22.3222
5.44232e-80 -3.56069e-80 0
-1.60867e-75 -1.30704e-74 0
5.94355e-73 3.75964e-73 0
-2.23823e-84 -1.79098e-83 0
-2.20787e-95 3.01216e-95 0
23.645 -6.84125 -21.3288
-9.63949e-86 -7.71541e-85 0
3.46408e-80 5.3598e-79 0
109.554 -35.1968 -15.1829
-4.59105e-100 -1.29245e-99 0
-4.97116e-57 3.49573e-57 0
-2.86117e-65 2.01198e-65 0
-8.4779e-97 -7.50041e-96 0
-4.3264 6.65632 0.281403
-1.85925e-63 1.30743e-63 0
8.68194 5.05868 4.31463
7.36698e-46 -2.41408e-46 0
-2.7093e-89 -1.19483e-88 0
-3.16803e-71 2.22777e-71 0
-2.46001e-58 -2.06308e-59 0
-1.87362e-67 1.31754e-67 0
2.24068e-98 8.38825e-99 0
4.14264 -29.3505 -10.559
16.8991 -33.5951 -7.8144
2.70878e-40 -7.80579e-41 0
8.69321e-19 2.45924e-19 0
-11.8765 5.31959 -8.54355
-4.10625e-20 -4.39012e-22 0
1.12044e-84 -1.35416e-84 0
8.01753e-38 -1.02471e-37 0
-4.89867e-93 4.3867e-94 0
-5.61976e-98 4.5301e-99 0
-1.6128e-35 -2.55067e-35 0
-1.31493e-32 8.62033e-33 0
-52.329 15.9457 -16.0441
-1.20221e-94 4.3547e-94 0
-1.01085e-70 7.11945e-71 0
-2.93072e-101 7.02389e-101 0
6.4181e-100 -7.33863e-99 0
81.8461 4.54883 138.149
-2.63274e-46 1.85135e-46 0
84.917 -52.4381 -12.9083
-1.78125e-96 3.31694e-96 0
-3.42094e-13 8.52132e-14 0
11.94 12.7707 0.0544167
-131.944 95.0643 24.3756
-2.11112e-45 1.48454e-45 0
-8.31681e-75 5.72708e-75 0
6.0304 -69.2841 -19.8183
26.2209 2.70318 -21.0284
-9.43438e-78 -2.79833e-77 0
-6.61089e-89 -2.1553e-89 0
-2.70654e-87 3.35765e-87 0
3.09055e-101 -8.63506e-100 0
1.73387e-86 3.19117e-85 0
2.48755e-90 2.48635e-90 0
14.919 -2.56968 -17.6888
-4.35974e-85 -3.48685e-84 0
-6.95708e-68 4.89224e-68 0
-6.23252 -1.51383 -4.96557
-3.69281e-44 4.4455e-46 0
-3.02307e-82 -2.41902e-81 0
25.4807 -12.1493 -9.07072
6.07514e-35 -7.06225e-35 0
-1.77081e-73 1.96334e-73 0
2.5998e-95 9.64815e-96 0
5.43477e-66 -1.98427e-65 0
-2.38772e-98 5.50716e-98 0
-2.66979e-53 1.8774e-53 0
-1.76621e-53 1.242e-53 0
-2.32655e-99 2.24752e-99 0
-1.04998e-34 1.63089e-34 0
-3.24067e-83 -5.37494e-83 0
-3.54295e-31 -5.15537e-30 0
8.92931e-48 2.15667e-47 0
1.96079e-96 2.08507e-96 0
-2.17723e-97 -3.8151e-97 0
30.5587 46.6886 11.6973
-18.0657 -5.76749 4.4442
-2.38565e-71 -1.08869e-71 0
-5.19718e-82 -4.15865e-81 0
-1.46483e-71 1.08097e-71 0
1.52311e-13 -4.00911e-14 0
-3.2327e-67 2.27324e-67 0
-4.06402e-87 3.56215e-86 0
5.24757e-33 1.38118e-32 0
10.5827 -17.2539 -20.977
-3.0541e-46 2.14765e-46 0
5.66857e-40 -3.29731e-39 0
-4.132e-97 2.56125e-97 0
-5.78756e-19 5.88799e-18 0
9.15836e-102 -2.72458e-100 0
4.70115e-97 -2.66289e-96 0
-1.50147e-91 -1.07201e-90 0
2.51923e-99 -4.52132e-98 0
-8.28633e-68 2.34554e-66 0
8.37627e-47 1.05669e-46 0
73.8734 8.69468 8.40053
1.72074e-29 7.26134e-29 0
4.92606e-07 -1.50658e-06 0
3.31287e-75 5.76613e-74 0
2.29031e-70 -8.80359e-72 0
-4.58966e-96 -5.92578e-96 0
-8.18779e-06 -22.8663 4.16312
8.80097e-42 -1.08434e-39 0
1.241e-94 -4.18308e-95 0
7.58598e-91 1.37654e-91 0
-2.78872e-92 1.01036e-91 0
19.7325 -43.1989 20.4528
-45.6406 -19.9209 -1.20532
-3.18335 7.87168 -16.5133
-2.65264e-82 -2.12256e-81 0
-1.02181e-89 2.26105e-88 0
-1.31112e-05 -0.000104066 -18.1214
-3.34679e-06 -1.46538e-05 3.26644
-3.70573e-05 -0.000159729 -17.2297
-1.83152e-94 -1.1176e-93 0
-1.00734e-50 -1.16352e-50 0
1.6579e-59 2.09831e-59 0
1.10598e-60 4.15332e-61 0
-8.78911 17.1215 -3.85516
4.04623e-99 2.72578e-99 0
1.52417e-22 -1.81398e-22 0
4.2313e-92 4.25491e-92 0
3.03771e-29 -4.3171e-28 0
3.08228 25.8816 -20.6273
-5.46232e-90 2.44248e-85 0
4.68326e-91 1.81538e-90 0
2.95162e-74 3.03917e-74 0
-1.35117e-93 5.94378e-93 0
4.38771e-95 -1.04513e-93 0
-1.14584e-29 7.49754e-28 0
19.8627 -1.4686 -23.8438
1.4192e-52 1.19884e-52 0
-4.60729e-82 -3.68667e-81 0
8.44896 20.3043 -19.8414
3.54857 -19.1819 -12.7238
-8.14641e-60 -4.41073e-58 0
-4.10865e-83 1.0366e-82 0
4.43052e-66 1.2006e-65 0
3.02255e-99 -1.75001e-98 0
-10.1014 11.2679 -19.3263
-8.58334e-87 4.91827e-87 0
26.6416 -44.6767 -19.4905
23.7668 -45.2099 -16.5109
-1.06467e-63 7.48676e-64 0
5.7858e-05 1.66155e-05 -18.1155
-3.08213e-06 2.70499e-09 3.28543
-8.27763e-05 1.11324e-05 -17.2129
13.3526 -14.3052 -15.7745
-6.75325e-68 -2.89763e-68 0
26.6967 11.2348 -23.2974
1.59391e-42 8.06882e-43 0
4.87138e-06 -3.94684e-06 0
5.26377 7.19953 -11.1757
22.0976 9.258 19.9347
4.46309e-09 4.28135e-10 0
-2.73725e-84 -8.2275e-84 0
3.35047 21.6884 -17.9123
-1.60233 12.3556 -18.9624
9.85772 -12.0378 -19.2271
-4.3262e-80 9.57298e-79 0
-1.06291e-82 1.31584e-79 0
-3.47719e-83 7.6943e-82 0
1.00947e-60 9.71603e-61 0
-3.82381e-88 -3.02324e-87 0
1.7986e-81 1.50575e-80 0
3.8106e-54 1.32282e-54 0
5.85114e-73 1.70899e-71 0
3.49696 -19.3069 -12.4012
1.78339 -3.10069 -22.5435
3.75728e-87 -1.69671e-86 0
9.93696e-08 3.04144e-07 0
-1.11874e-86 -5.56408e-87 0
1.46189e-83 -3.69991e-83 0
-1.38281e-61 9.72398e-62 0
9.05929 65.3953 44.6119
8.46591e-58 -6.97036e-57 0
-1.3045e-84 -1.04382e-83 0
2.77582e-05 2.92218e-05 -18.1211
-3.28541e-06 1.46715e-05 3.26644
-0.000366505 7.90457e-05 -17.2295
-5.08531e-37 6.95112e-39 0
8.01053e-50 -1.26286e-49 0
-7.11905e-89 -5.69642e-88 0
3.20612 -12.1289 -8.01191
6.07049e-77 -8.33744e-77 0
-8.92305e-89 -3.22513e-88 0
-1.16786e-20 -2.37157e-20 0
-20.247 -16.0491 -20.2735
-1.6732e-99 6.58561e-101 0
-1.23083e-05 27.7638 1.93873
-8.87822e-42 1.08424e-39 0
-1.18654e-95 -9.6004e-95 0
-1.11881e-90 4.34319e-91 0
3.43148e-07 -1.08421e-07 0
-25.5798 38.6084 14.9536
-1.28575e-98 -1.5037e-97 0
-5.39747e-94 -2.38342e-94 0
4.7162e-46 -1.84627e-44 0
2.40982e-08 2.92537e-07 0
-7.47081e-80 1.65314e-78 0
-5.3095e-99 -1.74013e-99 0
22.5186 -0.394677 -23.8137
-3.21509e-66 8.25501e-66 0
2.90367e-95 3.34555e-95 0
-3.98825e-10 -7.16127e-10 0
-2.83495e-90 6.27315e-89 0
-1.30975 -10.3606 16.313
-3.5153e-61 -3.16815e-61 0
1.82461e-88 -4.51997e-88 0
-1.27622e-52 8.97443e-53 0
-6.53732e-79 1.64308e-79 0
-2.13724e-96 -1.71006e-95 0
-2.15525e-87 -1.72014e-86 0
-1.50971e-88 -1.34807e-87 0
1.54067e-95 -1.17303e-95 0
-2.59314e-88 -1.12128e-86 0
-2.65159e-75 -1.40111e-75 0
8.49159 -22.5965 -17.5352
1.95881e-52 2.17403e-52 0
-1.17235e-88 -5.0693e-87 0
-15.0251 -37.2524 9.10938
-2.82428e-97 -1.2287e-95 0
5.49059e-99 -4.18013e-99 0
7.80309e-101 1.18459e-99 0
3.11569e-101 -1.00469e-100 0
3.21989e-86 -5.94483e-86 0
-9.25303e-89 -4.00104e-87 0
8.0192e-87 8.58785e-87 0
2.41659e-32 4.75701e-33 0
2.50694e-45 -7.73089e-46 0
4.25726e-18 9.35468e-18 0
-3.08236e-63 2.16753e-63 0
-8.50992e-73 1.37525e-73 0
26.778 3.15511 -20.8281
3.74854e-85 -2.9235e-89 0
1.63642e-96 -2.9425e-96 0
1.14297e-97 -3.45062e-97 0
5.18115e-45 -6.41787e-46 0
-1.46388e-52 -4.20689e-53 0
8.36524e-48 -5.29819e-48 0
9.48016e-37 -1.01307e-36 0
-1.74077e-41 1.22411e-41 0
-1.04823e-99 -6.63787e-99 0
1.48189e-75 2.01133e-76 0
-9.15222e-89 2.0252e-87 0
-8.54063e-96 -1.00627e-95 0
10.4699 50.5857 29.2194
-2.12038e-91 -2.49794e-91 0
-3.2186e-05 3.84215e-06 0
-61.9388 40.015 10.3274
-4.07849e-84 -8.32528e-84 0
-2.20939e-59 1.55365e-59 0
-1.21784e-83 -6.05694e-84 0
1.58218e-96 3.07936e-96 0
-9.41204e-99 -1.33041e-98 0
3.147e-42 -1.30714e-43 0
13.3898 18.2126 -23.3072
-2.50385e-99 5.55586e-101 0
-3.50412e-96 -1.14454e-96 0
-35.5224 9.08804 -8.45271
-5.83785 32.7333 -5.7339
1.88757e-62 1.68328e-62 0
-1.32822e-96 -8.96619e-96 0
-6.50127e-82 -5.20264e-81 0
11.5435 -9.37802 -18.0432
-2.50626e-87 3.10919e-87 0
25.8298 3.08894 -20.6036
2.4521e-85 9.4793e-93 0
1.61327e-95 -1.04951e-95 0
2.55779 7.58027 0
19.2946 78.5295 34.6091
7.64943 -5.55181 -23.6599
1.28831e-29 -6.73623e-31 0
5.52271e-29 -3.32521e-29 0
-3.5813e-22 -2.83432e-21 0
1.76192e-76 6.46457e-76 0
-7.34714e-99 1.63916e-99 0
-22.0395 -33.1977 23.0494
-74.2564 13.5114 9.1624
-1.95717e-13 -2.76493e-13 0
-4.34875e-48 -2.57379e-48 0
6.45852e-20 -1.1079e-19 0
-7.75723e-96 1.57685e-95 0
1.61711e-71 -1.29821e-71 0
-3.51671e-71 2.49799e-71 0
-8.33211e-85 -6.66108e-84 0
16.819 17.738 -1.41838
-7.72349e-62 -7.08846e-62 0
47.1621 16.8048 23.6958
1.57259e-97 -1.58025e-97 0
8.76699e-101 -1.10465e-99 0
-1.23409e-100 7.38735e-101 0
1.28798e-80 -1.9522e-80 0
26.9834 -30.7848 18.1756
-1.04287e-91 -1.31347e-90 0
5.716e-75 -2.2881e-74 0
-8.28897e-83 -3.58418e-81 0
1.35821e-96 -7.87147e-97 0
-3.18254e-42 1.12826e-42 0
26.902 -1.10784 -20.4419
3.74258e-85 3.00666e-89 0
1.57039e-90 -4.29555e-91 0
-2.61844e-28 1.11447e-28 0
1.60426e-60 -6.2268e-61 0
1.14285e-81 -5.35309e-82 0
2.95312e-76 1.10614e-75 0
-21.634 15.5337 -15.4329
4.93237e-47 -1.37249e-47 0
20.4 0.763392 -23.1271
5.40714e-74 8.37507e-73 0
5.53641e-87 4.48232e-87 0
2.35251e-98 7.85521e-99 0
-1.10816e-60 -6.03342e-60 0
1.11127e-82 1.18859e-82 0
-46.3553 -28.1917 -19.5191
5.49406e-85 3.648e-85 0
1.38256e-92 4.78157e-93 0
-16.8703 -1.43202 -20.7977
5.79167e-59 -2.86292e-58 0
1.10691e-21 -3.03139e-21 0
-1.06916e-95 6.74535e-96 0
-2.01326e-99 2.00842e-99 0
-9.96096e-17 4.20205e-17 0
-2.94127e-61 2.0683e-61 0
-8.84952e-90 -1.3476e-89 0
-6.36228e-98 6.50199e-98 0
-18.055 29.8234 -19.8585
-4.70684e-41 -6.21389e-41 0
4.13977e-41 -7.43206e-40 0
8.56869e-91 1.62226e-90 0
-3.25682e-97 -1.62169e-97 0
-6.43741e-82 -5.151e-81 0
22.4599 5.96241 -17.4452
-1.6559e-39 4.46089e-40 0
-2.47189e-65 1.73824e-65 0
9.4927e-95 2.93144e-95 0
-2.17505e-54 -1.39675e-54 0
-6.24015e-98 -7.52143e-98 0
3.42763e-09 3.93635e-10 0
-2.21713e-57 1.55909e-57 0
1.59839e-09 -1.23039e-09 0
-3.90219e-42 8.19116e-42 0
-7.11523e-76 -6.19821e-76 0
-1.02652e-99 -8.45619e-100 0
1.28988e-11 8.04474e-11 0
0.813602 28.2787 -11.779
9.23927e-14 -7.00997e-14 0
7.67275e-99 -1.90786e-99 0
-15.5687 2.99816 -6.14629
9.56988e-95 -2.28022e-93 0
1.52098e-93 3.31732e-93 0
5.77036 25.8301 -17.0575
3.43086e-56 -2.51902e-56 0
1.28801e-98 6.04784e-100 0
-20.1928 3.54273 -12.7581
-1.85093e-66 -6.48916e-68 0
1.37343e-81 1.11194e-81 0
9.38109e-94 3.39612e-94 0
6.10517e-42 -4.84668e-42 0
-1.17809e-59 4.1543e-60 0
-1.06873e-63 -1.89405e-63 0
-7.26213e-96 -3.39638e-98 0
-3.26377e-62 9.4459e-63 0
16.207 -66.7584 0.438039
-2.05891e-84 -1.64748e-83 0
4.21686e-91 9.33618e-91 0
-4.98521e-82 -6.38299e-82 0
2.87235e-100 -2.89411e-100 0
-5.40935e-82 -4.32837e-81 0
-1.97818e-84 -1.58287e-83 0
5.99652e-42 3.09582e-42 0
-7.47182e-90 -3.71611e-90 0
-2.13943e-100 -1.47951e-100 0
-6.41846e-97 -3.16779e-97 0
-2.02186e-73 1.42178e-73 0
-1.28654e-52 9.04698e-53 0
14.5843 10.8522 1.88518
-4.7513 11.9603 -18.3987
1.8842e-99 -7.05439e-100 0
-1.91866e-92 -2.92171e-92 0
44.177 62.6439 -11.1577
-72.5804 -15.669 -21.3683
-3.20989e-37 4.91338e-37 0
1.06795e-55 -2.55818e-57 0
-6.10624e-38 3.16668e-37 0
-5.0819e-100 4.24675e-100 0
-1.00833e-83 -4.36006e-82 0
-19.2462 3.50214 -12.389
-12.2874 -0.278274 -23.7328
2.34806e-55 -2.4656e-55 0
1.28199e-51 -1.77183e-50 0
-1.19885e-96 -6.43086e-98 0
-3.27697e-22 -6.72809e-23 0
-1.31835e-32 -8.1076e-33 0
3.87511e-95 3.27865e-95 0
-1.16776e-73 -1.36358e-73 0
8.76562e-54 -6.2565e-54 0
5.14266e-74 7.95701e-73 0
4.2518e-95 3.53619e-95 0
10.2754 -15.6466 -16.4531
3.907e-74 -6.53561e-74 0
-5.57292e-82 -4.45925e-81 0
-10.8029 -6.10028 -10.4945
-1.64752e-94 1.51314e-94 0
-1.25788e-40 1.03125e-40 0
-5.49316e-53 3.8628e-53 0
69.4951 -63.9883 2.43785
-3.5668e-89 -2.85851e-88 0
4.28938 -14.8129 -16.6677
4.13559e-08 -1.12378e-07 0
-3.50897e-97 3.7544e-98 0
-36.7005 55.1967 32.7349
-4.41933e-80 -2.19795e-80 0
-4.24765 -60.9892 -7.13605
0.00335428 -0.00590601 0
1.55064e-71 2.39923e-70 0
1.70976e-43 -1.81644e-42 0
-2.68028e-05 -7.58369e-06 0
-1.02836 0.651984 -3.40074
1.58357e-83 -3.71617e-84 0
-20.1202 -0.881663 -11.4833
-3.05146e-38 2.62978e-40 0
1.40786e-83 -1.72511e-83 0
-35.0443 -0.818935 -19.1598
-3.8049e-28 -5.43753e-28 0
9.8066 0.844423 -21.454
-3.33224e-08 -1.77852e-08 0
3.9172e-75 6.06092e-74 0
-6.49536e-74 5.44801e-73 0
-1.8313e-67 1.28778e-67 0
-7.48481e-67 5.26334e-67 0
-3.5789e-99 3.44951e-99 0
-4.18995e-101 -2.55349e-100 0
2.34333e-88 3.78889e-88 0
1.59958e-74 1.36474e-74 0
-3.28934e-97 6.69167e-97 0
-5.09808 9.51466 14.8581
-7.34124e-38 -2.91463e-38 0
20.8264 -49.9206 -4.34449
-4.42368e-46 3.11074e-46 0
-6.11835 -3.35651 -3.45676
-2.32081e-60 1.632e-60 0
-6.72153e-38 -7.56806e-38 0
7.29617e-94 -1.67206e-93 0
-9.287e-68 6.53064e-68 0
2.3056e-87 -6.26053e-87 0
3.15458e-48 2.20917e-48 0
-1.50207e-91 -4.34623e-92 0
-2.48135e-73 1.74489e-73 0
-6.00029e-74 4.21941e-74 0
-1.46338e-97 -2.14185e-97 0
-5.35131e-61 3.76306e-61 0
4.20215e-103 -1.27763e-100 0
4.15071e-97 -2.37714e-96 0
-5.12843e-91 -4.02081e-90 0
2.26218e-99 -3.86652e-98 0
-1.32503e-66 1.8616e-65 0
-1.06385e-100 -1.73019e-99 0
27.0441 -36.7589 -7.95333
-2.30967 17.4942 -4.85077
-7.38707e-93 7.37924e-92 0
-11.6202 33.1916 -18.122
4.57176e-69 -7.70263e-69 0
1.1871e-92 1.0761e-92 0
5.5286e-06 -22.8558 4.16936
8.80924e-42 -1.08435e-39 0
-101.996 58.9818 -22.4886
60.9335 -167.626 50.91
-1.84285e-86 4.07785e-85 0
2.23579e-75 3.54994e-74 0
2.9321e-13 1.92879e-13 0
5.66216e-57 1.59556e-57 0
1.35375e-53 3.91872e-54 0
4.37739e-74 8.63476e-73 0
-7.93132e-06 -9.87096e-06 -18.121
3.68378e-08 -1.45565e-05 3.26732
-8.46202e-07 -4.39756e-05 -17.2292
-21.4504 15.5944 -11.0923
2.63854e-59 -5.68059e-59 0
-2.41094e-90 4.9007e-90 0
4.71373 27.0459 -11.268
-48.5722 31.7779 22.2656
5.54038 20.7186 -21.9692
1.1426e-58 5.18762e-59 0
17.7037 7.66847 -17.4441
3.65317e-30 -4.99355e-29 0
3.08337 25.8696 -20.6186
-1.10454e-89 2.45036e-85 0
6.2168e-35 -1.34071e-33 0
1.91484e-76 7.31331e-76 0
-1.77208e-69 1.24613e-69 0
7.88849e-76 9.0093e-77 0
-0.354975 -0.170672 -22.4359
30.019 29.5143 -7.42157
74.3411 -92.9556 -8.73613
-3.78897e-92 -3.74817e-91 0
8.72941 19.9187 -18.6777
3.55096 -19.165 -12.7189
-8.14044e-60 -4.41073e-58 0
8.24314 -42.3036 -13.8004
1.54285e-74 2.38722e-73 0
-2.97113e-99 3.58911e-99 0
-1.26115e-38 -6.08223e-39 0
1.16568e-10 -6.60929e-10 0
-6.42001e-88 -5.13708e-87 0
-0.151052 -39.2752 -22.5294
21.4237 14.6061 -21.6113
6.22777e-05 1.7867e-05 -18.1147
2.33931e-07 6.2224e-08 3.28636
5.23162e-05 1.50118e-05 -17.2121
-4.0539 -5.55168 -21.2774
-6.63186e-89 -9.95037e-89 0
46.8847 -41.4566 -8.94229
7.11367e-51 -7.08212e-52 0
0.00355198 -7.76625e-05 0
5.30279e-83 5.67965e-83 0
-13.0976 15.4641 -3.17371
3.77809e-77 9.97409e-77 0
-1.10862e-82 -8.87217e-82 0
3.35323 21.6723 -17.9051
-1.55845 12.4496 -18.9831
4.79431e-85 -1.33425e-85 0
26.2282 0.625632 -16.1026
6.65367e-101 1.56788e-100 0
-6.60776e-38 4.64659e-38 0
-1.18011e-20 -1.77183e-20 0
-5.27004e-95 -6.18487e-94 0
-9.65871 48.744 16.0407
-9.17052 28.7148 10.6262
3.12172e-69 3.97351e-68 0
3.49823 -19.2918 -12.3937
1.78667 -3.10444 -22.5401
-1.80907e-88 1.42179e-88 0
1.95628e-29 6.40976e-29 0
0.0320402 0.226553 0
9.90256 15.6189 -17.7589
-1.57967e-99 7.98593e-101 0
-9.08645e-62 -3.23356e-61 0
-1.15162e-30 -7.94188e-30 0
8.47077e-83 -3.44542e-83 0
5.4941e-05 1.59303e-05 -18.1207
3.13268e-05 2.35744e-05 3.26742
-2.32277e-05 4.9166e-05 -17.229
3.56014e-68 3.30145e-68 0
-8.79041e-89 -7.02183e-88 0
4.29787e-50 1.66655e-49 0
-23.4149 -29.6347 -20.7196
-9.32139 -20.2253 15.0009
-4.55726 -14.0016 -21.8193
-2.82192 15.597 -7.58612
2.05655e-73 2.10429e-73 0
-4.89253e-71 3.44052e-71 0
7.2947e-06 27.7542 1.94597
-8.79944e-42 1.08434e-39 0
-2.20281e-96 -2.02407e-95 0
-0.0052787 0.0108942 0
-4.76093e-100 3.87387e-100 0
-1.30804e-88 -9.1094e-87 0
5.52055e-65 1.53237e-64 0
-5.68583e-90 -1.55588e-89 0
3.14649e-75 6.9578e-75 0
3.74532e-87 3.22456e-87 0
-3.37006e-79 7.45724e-78 0
-61.2181 -28.4221 -7.18515
-8.72257e-57 -6.01817e-55 0
31.058 35.7542 26.9648
-7.49968e-98 -5.64255e-97 0
19.1307 -0.472083 -22.8664
4.70379 33.1616 0
-17.7568 -29.3313 4.07146
5.22464e-91 -2.35934e-90 0
9.72835e-101 1.71128e-99 0
1.14943e-98 2.87901e-99 0
3.28065e-72 5.076e-71 0
-4.37006e-19 -5.12833e-20 0
2.75805e-71 1.03755e-71 0
3.08068e-97 -4.31731e-97 0
-1.21087e-88 -5.23583e-87 0
2.00886e-99 -1.24481e-99 0
2.65135e-44 9.34099e-44 0
-4.90873e-45 5.14478e-45 0
-1.22302e-78 5.29124e-79 0
6.77486e-31 -4.93784e-31 0
4.76258e-81 4.20655e-81 0
9.51853e-52 -7.55642e-52 0
6.56998e-99 -5.01047e-99 0
3.68606e-98 4.55898e-98 0
1.17577e-100 -3.12093e-100 0
6.89718e-100 -1.18785e-98 0
6.13912e-08 2.91225e-07 0
-1.30529e-98 6.34316e-98 0
2.69386e-36 6.30713e-36 0
1.51477e-50 -6.98094e-51 0
8.01316e-95 6.09531e-94 0
3.3712e-83 3.60449e-83 0
-7.07822e-89 -2.92356e-89 0
26.7778 3.15657 -20.8273
3.74432e-85 -1.89035e-89 0
7.69836e-99 6.71054e-99 0
1.41979e-82 1.52066e-82 0
-2.05195e-89 -8.57435e-88 0
-23.8499 -5.48246 -21.581
-3.62814e-44 -1.24048e-43 0
-22.5288 14.9528 -22.8567
42.5953 -28.7363 -16.9197
-4.21299e-67 2.96259e-67 0
-2.94051e-84 -1.10571e-83 0
3.37392e-96 7.58878e-96 0
-3.19009e-99 -5.75089e-99 0
-17.169 27.759 -10.4104
-11.007 17.4409 -2.73058
3.66517e-72 5.67176e-71 0
-2.74059e-92 7.14253e-92 0
7.45413e-77 -1.14987e-76 0
-1.50358e-70 1.05733e-70 0
-9.63479e-100 -1.17262e-98 0
1.83972e-95 2.76306e-96 0
6.01532e-81 8.37137e-81 0
4.56212e-53 1.49595e-54 0
13.3743 18.2194 -23.3061
-2.48325e-38 1.77003e-38 0
-3.43148e-63 2.41303e-63 0
2.30198e-70 -1.60497e-70 0
7.68319 31.449 -15.5503
-8.92028e-88 -1.71441e-86 0
5.44398e-70 -3.63314e-70 0
27.8581 -25.1424 -20.8792
-0.00437913 0.00116924 0
-2.31146e-57 1.62543e-57 0
25.8325 3.08917 -20.6036
2.44711e-85 3.08098e-90 0
-1.06297e-90 -3.87769e-89 0
-23.2792 8.85644 -16.26
3.48682e-94 -3.0429e-95 0
1.82243e-76 6.82619e-76 0
1.12941e-62 9.856e-63 0
-6.01342e-50 4.22865e-50 0
-7.48137e-91 -9.26309e-92 0
-1.18802e-95 -1.43753e-95 0
26.327 47.4348 21.0094
-41.424 -66.4187 3.63237
-74.2736 13.7193 9.07968
5.39125 -49.8148 -19.3384
-3.49637e-52 -5.32975e-52 0
1.48854e-67 3.26282e-68 0
-0.0394278 0.0110649 0
8.96997e-72 1.38788e-70 0
4.50761e-70 -2.47568e-70 0
-1.12642e-67 7.92099e-68 0
4.25586e-73 6.58489e-72 0
6.19232e-78 9.46926e-77 0
47.7306 13.5985 21.7847
4.97117e-96 -5.335e-96 0
-4.80008e-98 -6.32732e-98 0
1.00802e-82 8.67858e-83 0
25.6762 -39.8924 -7.28857
-1.34219e-75 1.73902e-75 0
5.47359e-56 1.20711e-55 0
-2.43045e-91 9.4348e-92 0
2.32139e-97 2.91798e-97 0
-6.62439e-19 1.94205e-18 0
-5.17425e-61 3.63854e-61 0
26.9015 -1.10878 -20.441
2.44664e-85 1.83828e-89 0
7.06023e-15 3.82484e-15 0
-4.04726e-16 -1.1713e-14 0
18.465 -7.79797 -9.59821
5.26126e-100 -6.09333e-101 0
45.8747 -13.2001 -22.655
2.32437e-54 -2.04683e-55 0
-8.98313 -37.9896 -24.0473
-1.88926e-69 1.32853e-69 0
5.18409e-74 8.09457e-73 0
8.62395e-87 6.98201e-87 0
2.35129e-98 7.74454e-99 0
-6.15804e-60 -3.38521e-59 0
-5.61175e-92 -2.44152e-90 0
4.67555e-41 -6.30013e-42 0
5.73092e-89 6.13668e-89 0
1.03081e-19 -8.54911e-21 0
-5.65884e-98 -1.12304e-99 0
-1.12874e-67 7.93732e-68 0
-5.04924e-71 3.57522e-71 0
16.8696 92.1666 26.4941
-1.60878e-98 8.33049e-99 0
-16.7175 -29.6295 6.25026
7.50266e-85 8.03585e-85 0
-1.0864e-43 -2.79518e-43 0
54.0725 -26.8688 -8.81175
0.000269055 -0.000479598 0
1.02671e-25 -1.4451e-26 0
-1.20819e-41 1.71915e-41 0
-3.93438e-70 2.76667e-70 0
2.47221e-12 -1.10058e-11 0
-3.60654e-88 -1.55948e-86 0
-2.67598 -29.1627 -24.086
-35.924 52.0174 2.04094
-2.07494e-92 -1.66043e-91 0
-4.53313 -5.92457 -9.76407
-3.91098e-93 -1.69112e-91 0
8.40451e-76 1.30039e-74 0
-1.98429e-70 1.39537e-70 0
2.10749e-92 -1.60447e-92 0
5.20985e-29 -2.60875e-29 0
6.57015e-48 3.65366e-47 0
-1.11113e-87 -1.01291e-87 0
-1.02651e-99 -8.45606e-100 0
7.53211e-15 5.30733e-14 0
0.836521 27.5678 -11.9808
-2.38942e-75 1.38136e-75 0
5.74221e-07 5.89482e-07 0
58.9932 -13.3449 -8.65679
-2.06774e-52 -1.79238e-52 0
-19.3954 9.5354 -15.1031
4.33043 13.2309 -8.18693
2.09587e-95 8.05102e-96 0
3.12314e-100 -2.37267e-100 0
-20.1916 3.54234 -12.7582
-2.44111e-85 -8.61189e-90 0
3.00292e-50 3.67296e-50 0
-1.53785e-82 -6.65e-81 0
4.86396e-45 1.27094e-45 0
0.0686646 -0.176494 0
1.01569e-42 -1.5172e-43 0
-9.01821e-74 6.34162e-74 0
0.587541 32.2408 -13.2543
2.85908e-41 -3.84867e-41 0
5.11592e-89 5.47457e-89 0
-2.10911e-63 5.21981e-63 0
-1.92701 12.8319 -17.5583
1.72364e-100 -1.57138e-100 0
-1.65913e-70 1.16671e-70 0
-34.8968 -17.1264 -4.47973
3.03223e-74 4.69719e-73 0
3.48909e-45 1.22409e-44 0
3.75504e-78 1.14688e-77 0
-3.42196e-44 7.72927e-44 0
-6.87654e-56 4.8356e-56 0
-1.66964e-67 1.17409e-67 0
14.6581 10.9309 1.81939
-15.6131 12.2378 -22.1043
66.0862 -44.4328 -12.0191
-4.45481e-88 -1.08916e-87 0
8.42079 62.4388 -19.0865
4.98854e-35 2.59578e-34 0
7.76659e-47 1.20557e-46 0
2.65224e-84 8.82149e-85 0
-2.60864e-92 -3.97241e-92 0
8.15357e-99 -6.21612e-98 0
2.01105e-74 3.11161e-73 0
-19.2461 3.50214 -12.3885
-2.44081e-85 1.5683e-90 0
-5.77851e-94 1.42444e-94 0
-11.782 -1.24612 -8.26449
-7.76651e-97 -4.05384e-98 0
-3.03641e-93 -1.22424e-94 0
-3.56011e-63 9.35799e-65 0
-6.91598e-90 6.35189e-90 0
5.19929e-95 -4.41564e-95 0
-1.81604e-61 1.27704e-61 0
-2.36797e-55 1.66516e-55 0
1.05984e-77 1.63684e-76 0
-5.72537 -16.1582 -18.4938
2.66197e-38 -8.38708e-38 0
-9.75213e-40 -7.85768e-40 0
-18.3165 20.1798 -16.845
-3.175e-95 3.93879e-95 0
-7.06201e-83 -1.80997e-82 0
5.31105e-44 -3.19553e-44 0
-2.57156e-82 5.71378e-81 0
-1.35669e-87 -1.05293e-86 0
1.16467e-81 2.06046e-80 0
1.07034e-10 -2.68547e-10 0
-3.65733e-97 -3.71166e-97 0
13.4106 -23.5906 23.4025
9.61473e-77 -1.86658e-75 0
-44.703 -20.0829 -24.2982
-4.11016e-100 -4.52098e-99 0
1.48695e-74 2.30177e-73 0
1.04735e-71 1.62054e-70 0
-3.05409e-70 8.05683e-70 0
0.00414358 -1.03357 0
1.13386e-77 1.75438e-76 0
-20.1192 -0.881301 -11.4835
-2.44112e-85 1.24927e-89 0
-3.99896e-50 -1.23465e-49 0
-35.0433 -0.798767 -19.1456
-9.85977e-99 -1.11699e-98 0
-5.23482e-99 -3.77501e-98 0
-7.64883e-84 1.69253e-82 0
-4.31544 25.1279 -11.6608
-2.59328e-90 3.21715e-90 0
-8.13032e-80 -2.50143e-80 0
-2.02567e-45 1.22689e-45 0
-3.57889e-99 3.44948e-99 0
3.20696e-100 2.93456e-99 0
2.45352e-100 4.80428e-99 0
-8.43401e-50 1.59588e-49 0
-9.1496e-77 2.02462e-75 0
51.4678 13.7138 10.681
-1.34621e-56 9.46661e-57 0
5.27972 -2.01018 -16.6305
22.1625 10.3427 -19.0713
-31.2143 -12.4051 -8.97937
-3.30449e-96 2.59686e-96 0
-1.82426e-97 2.64842e-97 0
-18.3202 -6.15375 -7.58108
-1.50583e-61 3.47806e-61 0
-2.59012e-88 3.39031e-88 0
-2.47337e-69 2.15058e-68 0
3.70596e-53 2.1824e-53 0
2.41923e-84 6.28409e-85 0
-2.08433e-85 -9.01311e-84 0
-8.22716e-96 9.55463e-96 0
1.91151e-06 4.84752e-06 0
1.51783e-100 -1.44905e-99 0
2.17752e-100 -2.94742e-99 0
-3.01101e-88 -2.59517e-87 0
4.48671e-100 -4.81638e-99 0
-2.93465e-66 4.37683e-65 0
-3.00038e-91 1.07053e-91 0
-2.65396e-96 -7.00731e-96 0
-2.14879 22.4349 -8.31934
-6.65891e-26 2.2013e-26 0
-0.155156 0.366166 0
-9.48394e-85 5.06082e-84 0
6.92458e-75 1.07141e-73 0
5.36932e-06 -22.8557 4.16941
8.79562e-42 -1.08435e-39 0
-3.70502e-15 -4.3479e-16 0
6.73609 6.3808 -1.62357
-6.05503e-86 3.54549e-85 0
15.9758 -43.1438 -3.29842
-1.98602e-38 1.93114e-37 0
-2.05884e-56 -6.10449e-57 0
-8.05963e-41 1.03272e-39 0
0.00310461 0.00677833 0
-8.66898e-05 -8.75722e-05 -18.1209
1.15919e-07 -1.45279e-05 3.26732
6.23386e-06 -0.00026064 -17.2288
8.04781e-21 -8.30333e-21 0
-2.21991e-14 -3.06003e-14 0
5.14112e-28 1.14406e-29 0
1.00955e-65 3.61874e-66 0
-6.20488e-10 -8.37901e-10 0
0.000202027 0.000129897 0
-3.01273e-34 2.48308e-34 0
6.32338e-89 1.93668e-88 0
1.52699e-30 -2.11096e-29 0
3.0856 25.8704 -20.6185
-3.33287e-87 8.5941e-85 0
-5.60432e-80 -2.31263e-79 0
5.71045e-76 2.13891e-75 0
-4.90422e-87 1.0852e-85 0
2.48153e-76 3.83698e-75 0
-1.20947e-95 -4.88776e-95 0
-1.59391e-18 -7.32923e-19 0
5.05543e-97 -2.86722e-96 0
1.42241e-89 -6.57504e-90 0
1.33292e-92 -4.45222e-93 0
3.55119 -19.1648 -12.719
-8.14099e-60 -4.41068e-58 0
2.19977e-88 4.03028e-89 0
-4.84615e-72 1.65468e-71 0
50.3544 -0.0577777 57.6891
1.19868e-97 -3.73725e-97 0
45.3463 -7.02551 -3.94759
-2.04161e-88 -8.82799e-87 0
-4.50518 -36.981 19.9139
-2.27977e-77 -1.13385e-77 0
6.04638e-08 -2.41064e-07 -18.115
5.79976e-05 1.66973e-05 3.28655
4.04116e-05 -2.3512e-05 -17.2123
3.65807 23.4737 -4.91072
-5.80297e-24 3.33907e-24 0
-5.06906e-88 -4.05028e-87 0
3.12714e-51 -2.75376e-52 0
2.09784e-05 3.68531e-06 0
30.1203 39.0441 14.0976
10.674 24.327 -10.015
5.71763e-77 6.12396e-77 0
-2.89336e-86 -1.1997e-84 0
3.35359 21.6719 -17.9053
-1.55841 12.4495 -18.9831
1.29547e-72 -2.13664e-72 0
-1.71624 0.781334 -16.9836
-7.9153e-98 2.45031e-96 0
-1.54351e-98 1.80343e-98 0
-2.08292e-64 -2.41947e-64 0
4.79312e-74 7.42552e-73 0
-1.04164e-81 -8.33487e-81 0
2.94687e-47 -1.31913e-47 0
3.88537e-77 5.53458e-76 0
3.50041 -19.2924 -12.3926
1.78881 -3.11 -22.5403
7.22793e-97 -1.20344e-95 0
5.68782e-32 1.82151e-31 0
-7.37361e-07 1.38662e-05 0
2.1508e-92 -6.67735e-92 0
-4.56856e-38 3.21262e-38 0
-3.01363e-96 -3.3672e-94 0
4.261e-63 -8.53652e-63 0
7.43904 -34.7284 -12.0851
1.83344e-07 6.65009e-08 -18.121
0.000150485 5.78847e-05 3.26781
1.59595e-07 3.83045e-05 -17.2292
1.01037e-43 -2.81148e-44 0
-8.60213e-89 -6.88262e-88 0
-25.6869 54.9614 -19.8444
-71.8758 3.14526 -18.5497
6.37807e-98 -2.75657e-97 0
5.12614e-93 5.09423e-93 0
-2.45955e-56 1.72956e-56 0
-1.5049e-82 -1.19732e-81 0
-6.69928e-98 -7.52345e-96 0
0.000121342 27.7544 1.94632
-8.79431e-42 1.08436e-39 0
-9.72556e-101 -2.95287e-96 0
-8.75895e-86 -7.00341e-85 0
6.08295e-70 -6.16784e-70 0
-3.24174e-45 1.04736e-45 0
1.45467e-92 1.1897e-92 0
-4.04586e-88 1.58476e-88 0
1.64661e-99 -6.26731e-99 0
-11.4889 14.469 -18.7587
-1.84773e-79 4.08865e-78 0
1.05008e-100 -1.28981e-101 0
2.815e-99 2.30708e-98 0
-1.70306e-47 1.71847e-47 0
-1.82541e-93 -2.05292e-93 0
-1.37208e-97 1.09062e-97 0
7.829 59.8095 -21.78
-8.95193 -19.2478 -17.9146
5.24889 20.4553 17.503
4.2803e-87 -5.55829e-87 0
-6.54937 -18.0091 30.4857
-6.90626e-91 -8.136e-91 0
-4.03804e-32 -5.17052e-33 0
4.70919e-16 -3.90561e-17 0
-59.1999 19.0998 -19.1452
1.27058e-13 -2.90539e-13 0
38.2972 25.7567 5.67791
-84.3906 9.87641 1.7859
2.14217e-52 1.50973e-52 0
-2.05775e-51 8.70309e-51 0
-1.87947e-51 2.39522e-52 0
5.5722e-82 -7.03168e-82 0
1.85698e-48 -1.47419e-48 0
5.55646e-99 -4.23292e-99 0
1.234e-101 1.15414e-99 0
-1.35352e-78 -2.98688e-78 0
1.95197e-98 -1.46308e-97 0
-7.64763e-91 -4.33217e-91 0
1.3253e-88 -3.05084e-89 0
-13.8007 -3.37554 -8.70469
1.2305e-53 -4.00393e-54 0
-2.08675e-82 1.29074e-81 0
-5.64067e-14 4.93176e-14 0
3.97267e-37 -1.1567e-36 0
26.7769 3.15875 -20.8287
2.44699e-85 -6.69116e-90 0
-2.88616e-57 -2.88026e-57 0
3.74676e-89 4.01302e-89 0
-1.93017e-38 -9.68358e-39 0
9.99588e-34 1.26397e-33 0
2.73578e-70 -3.39223e-70 0
-1.62018e-53 -1.74557e-53 0
1.15091e-80 1.77584e-79 0
1.50747e-91 -1.86496e-91 0
1.99283e-91 2.13446e-91 0
9.65287e-94 2.19678e-93 0
-5.31225e-102 -3.41054e-101 0
8.04984 21.5212 11.5336
1.34328e-68 2.39881e-68 0
-3.27397e-99 9.67595e-98 0
-9.30343 -111.767 -7.02045
-1.94135e-84 -8.76432e-85 0
8.02127e-87 8.58828e-87 0
-9.05106 -26.1378 22.5611
9.96868e-96 -6.42084e-96 0
3.16536e-10 7.51367e-10 0
9.28666e-52 5.42862e-53 0
12.6371 17.8621 -23.2638
-2.92201e-39 2.07703e-39 0
-5.26701e-82 -4.21456e-81 0
8.53091e-50 -4.02126e-49 0
-34.5311 -8.21677 -10.8877
-5.10571e-10 4.55146e-11 0
-1.09634e-69 7.70948e-70 0
-1.71905e-71 -6.36177e-71 0
8.51254e-13 -1.47195e-12 0
0.0420185 0.156917 0
25.829 3.08867 -20.6078
2.44283e-85 6.22993e-90 0
-14.2488 13.2439 -0.242244
-2.97408e-55 -2.92415e-56 0
2.31767e-55 1.67902e-55 0
8.44638e-45 -3.46863e-45 0
-1.93395e-37 -9.87688e-37 0
-6.08806e-96 -2.83166e-96 0
1.21753e-99 1.06451e-98 0
-37.6729 35.7288 40.2264
-7.41279e-67 5.21269e-67 0
-1.45259e-82 -6.28104e-81 0
-2.67788e-84 -2.14276e-83 0
-8.68906 -46.4869 -15.2432
13.1658 63.0379 2.4678
-3.78517e-52 -2.26366e-52 0
-9.3514e-55 3.89757e-55 0
-57.3188 -8.89707 17.0253
2.43525e-48 -8.6378e-49 0
-4.3319e-100 1.55214e-100 0
16.6358 -95.5453 -4.8455
31.0748 -19.4213 28.1648
42.4975 16.1041 32.8568
-2.01174e-73 1.2717e-73 0
-1.0548e-80 -5.24606e-81 0
-2.60246e-57 1.83005e-57 0
2.9139e-08 -8.15392e-09 0
-1.11748e-36 2.60652e-36 0
43.2645 -3.2613 -2.21064
21.7477 73.1684 -3.24228
30.3311 10.4919 6.66968
-36.8063 22.4674 -2.04047
-8.21458e-82 -6.57316e-81 0
26.9007 -1.1105 -20.4423
2.44111e-85 1.61785e-89 0
6.93012e-80 7.42242e-80 0
-3.47523e-13 -6.5571e-14 0
-5.17155e-59 -4.74635e-59 0
4.68517e-86 4.13818e-86 0
38.4502 76.348 -11.1746
17.7243 -30.4904 -17.7
-0.059723 16.9937 10.3302
-35.2298 -48.9469 56.8926
-4.49361e-91 5.57463e-91 0
1.30803e-87 1.05899e-87 0
3.58223e-98 1.45356e-98 0
-6.1029e-60 -3.38507e-59 0
5.69723e-52 -4.74056e-52 0
8.81389e-47 -6.63047e-46 0
-0.00636502 -0.016452 0
-5.05103e-67 3.5519e-67 0
34.1258 20.3952 -3.43193
1.93336e-52 1.14815e-52 0
37.2657 6.67946 -22.6676
1.01751e-97 -3.83568e-97 0
-7.81741e-99 2.63047e-99 0
1.03244e-16 -2.45455e-16 0
5.97744e-74 9.36299e-73 0
-8.5887e-83 1.9005e-81 0
6.13678e-93 1.52073e-92 0
3.38238e-97 2.57329e-96 0
2.49527e-39 -2.6913e-39 0
-1.70531e-95 -2.20222e-95 0
2.02144e-59 6.43511e-60 0
156.86 18.3431 -18.8185
4.32325e-79 1.61933e-78 0
13.6168 -36.8316 -13.8739
1.11882e-51 -6.48812e-52 0
-6.20223e-91 -4.92219e-90 0
-24.8665 -46.5997 14.9615
-3.69763e-98 -5.33734e-98 0
-1.86976 21.7227 -20.1717
-2.27779e-44 3.70318e-43 0
-2.13016e-60 1.19455e-60 0
-5.50198e-95 -8.25509e-95 0
-4.63784 20.1102 -23.43
-1.45382e-86 -1.33143e-86 0
-1.02649e-99 -8.45589e-100 0
7.53496e-15 5.30737e-14 0
0.852853 28.2807 -11.7577
-9.21202e-10 -1.40498e-10 0
-8.0431 -1.93303 -23.4005
3.3459e-100 -1.96179e-101 0
-7.07411e-96 -8.34783e-96 0
-9.16044e-85 1.13642e-84 0
-8.97912e-32 1.9741e-32 0
-8.06611e-86 -3.47967e-84 0
-1.45755e-66 1.20506e-66 0
-20.1917 3.54042 -12.756
-2.44666e-85 -6.32967e-90 0
48.6069 20.5369 -3.31105
1.20255e-95 2.63067e-95 0
-2.62076e-99 -4.65264e-100 0
-8.36906e-54 3.8962e-54 0
7.51715e-77 1.16314e-75 0
-7.1755e-63 -9.24642e-63 0
10.5836 47.2698 51.8173
-9.21215e-20 -2.98635e-20 0
-3.89634e-85 -1.68479e-83 0
-5.0542e-63 1.23382e-62 0
-1.62508 -22.1275 -21.8331
5.92747e-98 -4.5134e-98 0
-5.43495e-49 3.82187e-49 0
1.76782e-18 -7.29369e-19 0
-7.19009e-92 -8.47037e-92 0
-3.63914e-90 -1.57358e-88 0
6.69856e-69 1.03644e-67 0
-2.44911e-99 1.6351e-99 0
-9.23029e-86 -3.99124e-84 0
-5.82036e-86 -2.51671e-84 0
14.8313 9.92497 -0.44694
-16.0378 12.1189 -22.1811
1.03458e-50 -3.49823e-52 0
-3.46908e-94 -8.00941e-95 0
4.37427e-76 -3.45037e-74 0
5.654e-84 4.86785e-84 0
-70.4001 -5.99405 8.29333
-8.99587e-05 -8.64181e-05 0
-0.000311977 -0.000217616 0
24.9988 -3.04154 -17.1993
-3.65362e-46 2.56923e-46 0
-19.2469 3.5027 -12.3828
-2.15628e-55 -1.80836e-56 0
-9.89006e-86 4.84809e-86 0
-7.28844e-51 5.12525e-51 0
-2.29677e-46 1.21223e-47 0
-4.70006e-84 -2.33758e-84 0
-1.52102e-63 3.9976e-65 0
6.54971 10.9817 -21.6676
-25.753 -21.566 -15.0275
29.6565 -19.4677 -16.5629
3.44024e-81 5.32291e-80 0
6.79887e-81 1.03827e-79 0
-6.28439 -15.7363 -18.384
1.75335e-99 -9.18817e-99 0
7.90969e-71 -8.26779e-70 0
-1.22985e-95 2.50192e-95 0
-21.9264 -3.58822 -22.4008
-8.27747 2.61597 -13.9901
1.84435e-79 1.97543e-79 0
-37.5483 10.1849 56.6646
3.55636e-24 1.51595e-24 0
5.35363e-87 5.73313e-87 0
7.92217e-12 -2.03847e-11 0
-3.65514e-97 -3.71878e-97 0
-26.3252 1.70683 15.2892
1.52899e-35 -6.23689e-36 0
4.61671e-75 5.6908e-75 0
3.35016e-78 5.26218e-77 0
1.51601e-92 -5.06377e-93 0
-7.27553e-97 -1.02991e-96 0
-3.55657e-80 -5.93826e-80 0
7.15351e-72 1.1122e-70 0
6.007e-72 9.29436e-71 0
-20.1195 -0.880067 -11.482
-2.44664e-85 1.71602e-89 0
-6.46684e-17 2.31297e-16 0
-35.0565 -0.759337 -19.1012
-1.35232e-96 -1.31504e-95 0
2.08733e-84 3.37497e-84 0
8.91998 -65.2774 -1.79437
11.935 -8.21552 -20.7567
-1.69137e-68 1.1647e-68 0
-4.32409e-47 -5.25263e-47 0
1.06752e-79 1.21009e-79 0
-3.57885e-99 3.44944e-99 0
-2.39599e-101 9.20283e-101 0
6.16847e-76 3.65441e-76 0
-2.20424e-80 -7.96904e-81 0
-2.01268e-58 1.41532e-58 0
-1.25389e-23 6.89508e-24 0
-3.82667e-47 1.59249e-47 0
-9.42098e-42 -4.62571e-42 0
-2.68518e-25 1.55013e-25 0
-14.5439 16.0458 -22.3427
1.84471e-75 2.91413e-77 0
-3.67618e-34 -4.21925e-34 0
4.17573e-44 2.74979e-45 0
-3.11774e-94 2.49297e-93 0
1.83586e-69 -9.94199e-70 0
4.32083e-86 5.60124e-87 0
2.67537 72.5183 26.1345
-1.72112 -4.1313 -22.3394
9.39487e-83 1.00625e-82 0
-1.17876e-92 -3.58216e-92 0
-1.12083e-93 8.8089e-94 0
6.09264e-100 -1.07006e-98 0
3.31541e-100 -1.28088e-99 0
-4.4691e-85 -3.85233e-84 0
7.16065e-101 -5.74885e-100 0
-2.32427e-66 4.3903e-65 0
5.83805e-95 -9.07002e-95 0
-17.4094 -28.9248 -15.0179
0.85312 31.488 -15.0319
1.78037e-81 6.62508e-82 0
9.11789e-10 1.95876e-09 0
-6.37247e-52 3.22636e-51 0
-7.63937e-86 -7.52445e-85 0
5.22904e-06 -22.8558 4.16936
8.79613e-42 -1.08434e-39 0
9.82964 14.729 -5.33754
3.81185e-97 1.76456e-98 0
-1.35697e-87 7.24203e-87 0
20.1628 -43.2387 -0.145605
1.10683e-80 1.18549e-80 0
-1.98759e-64 1.39768e-64 0
18.9929 -25.5714 -11.1999
1.1603e-28 7.50088e-29 0
0.000113242 -0.00011346 -18.1208
3.52378e-08 -1.45455e-05 3.26732
0.000151218 -0.000367986 -17.2286
2.90026e-51 -5.26063e-52 0
-1.01135e-54 1.98663e-54 0
23.8981 7.07419 -7.79752
5.33803e-64 2.00625e-64 0
-3.95712e-78 5.06457e-79 0
7.44451e-06 -1.30064e-05 0
7.8826 3.23679 -20.5809
2.20227e-41 3.4124e-41 0
1.74918e-31 -2.45392e-30 0
3.08795 25.8683 -20.6198
-1.72424e-85 3.20333e-83 0
1.41887e-97 7.95123e-100 0
3.05639e-76 1.1448e-75 0
5.17557e-86 1.03313e-85 0
16.9455 -11.1335 -15.7141
1.42918e-49 -2.85804e-48 0
-1.36459e-84 1.95034e-84 0
6.18452e-62 5.50484e-62 0
-2.32142e-90 -6.22381e-91 0
5.12726e-90 5.48474e-90 0
3.55128 -19.1649 -12.7194
-8.14187e-60 -4.40981e-58 0
-2.27645e-41 -3.53657e-41 0
-4.34405e-70 -9.28223e-72 0
-43.3451 -66.7488 34.836
-3.6058 14.104 -18.6379
1.89158e-12 2.34328e-12 0
3.91779e-66 3.59148e-66 0
20.2206 -33.9441 -3.01906
7.88466e-30 1.14613e-29 0
4.15207e-07 -4.00491e-07 -18.115
2.02504e-05 5.83028e-06 3.28642
5.96107e-05 -5.1538e-05 -17.2123
1.56707e-89 -1.19314e-89 0
-2.18494e-37 7.65023e-37 0
-1.36495e-14 -1.60179e-15 0
5.35171e-52 -6.0585e-53 0
0.0299873 0.0050981 0
3.7439e-88 7.08808e-88 0
17.005 26.1153 -3.66167
1.86045e-51 4.05536e-51 0
-2.72197e-93 -1.18266e-91 0
3.3538 21.6715 -17.906
-1.55801 12.4493 -18.9829
-6.39733e-64 4.49862e-64 0
-3.02858e-81 -6.24913e-82 0
6.78189e-100 -1.99759e-99 0
7.22328e-59 9.54509e-58 0
1.40311e-96 -4.11748e-96 0
-1.19184e-63 8.38105e-64 0
-9.50993e-11 -1.11601e-11 0
4.80054e-44 1.12606e-43 0
3.29133e-95 5.98038e-94 0
3.50216 -19.291 -12.3953
1.76897 -3.12358 -22.5305
-7.91479e-89 -1.82737e-89 0
1.81914e-91 2.10773e-91 0
1.08227e-98 3.27402e-98 0
-22.3387 0.855484 -4.04309
9.14495e-56 -3.38419e-53 0
-4.57488e-93 -1.97995e-91 0
-3.43779e-60 -3.8945e-59 0
-7.22915e-65 -7.60744e-65 0
2.07259e-05 -4.05068e-06 -18.1208
9.26231e-05 4.1199e-05 3.26762
4.01456e-05 4.73416e-05 -17.229
-1.65502e-16 7.75084e-16 0
-2.32664e-07 -1.14153e-07 0
-28.0727 -9.132 -11.941
-4.15115e-83 -3.6859e-82 0
-7.1769e-40 -1.47109e-39 0
17.6202 14.8949 -8.04688
6.09809e-86 3.94832e-86 0
-25.878 -3.14903 40.8125
2.745e-84 3.07175e-84 0
0.000108833 27.7544 1.94624
-8.79476e-42 1.08435e-39 0
-9.28301e-96 -9.29318e-95 0
-4.46185e-86 -3.52685e-85 0
-1.97813e-63 -2.65974e-62 0
3.66509e-70 -2.67296e-70 0
1.61236e-34 4.92155e-33 0
7.76527e-88 6.98722e-88 0
33.8921 12.2688 -7.32967
-9.8913e-83 -4.27703e-81 0
-3.99828e-82 8.84736e-81 0
7.00862e-101 -2.62742e-101 0
-2.1894e-60 -5.43527e-61 0
2.93881e-97 6.68713e-97 0
-1.59093e-93 -1.83651e-93 0
5.08304 -1.01058 38.653
-5.01179e-87 -2.16711e-85 0
2.31409 -25.595 -14.0968
-5.03012e-46 -1.85249e-45 0
-8.70717e-17 1.70621e-16 0
67.4139 100.587 4.07869
2.66084e-98 -2.02667e-98 0
-27.1016 -28.4098 -18.5815
2.21307e-71 2.06322e-71 0
-6.30735e-89 -2.72732e-87 0
-3.12541e-100 -2.1293e-100 0
8.65842e-98 -4.79115e-98 0
3.69456e-95 -2.81297e-95 0
-1.08133e-12 6.58711e-12 0
-7.20744e-33 -3.07297e-33 0
-1.16021e-62 3.66164e-63 0
80.5245 -39.5971 -19.1727
2.62327e-45 -2.08252e-45 0
2.35773e-99 -1.77897e-99 0
-4.30168e-101 1.29695e-99 0
-9.34621e-92 -4.04133e-90 0
-3.64704e-97 -1.5779e-95 0
-4.03983e-26 -1.17133e-25 0
9.52911e-77 9.81174e-77 0
-4.63704e-39 3.26078e-39 0
5.24967e-90 -1.59788e-90 0
-2.5362e-93 -1.1038e-91 0
3.78598e-84 4.05462e-84 0
-6.25458e-23 1.72295e-22 0
26.781 3.15939 -20.8235
7.20438e-30 4.20415e-31 0
-2.41154e-43 -2.39287e-43 0
-2.47203e-27 -2.33104e-27 0
16.6078 69.8828 -21.682
-22.9608 -45.2531 30.2625
-57.0443 -1.45394 -21.6022
-34.277 -6.93386 -21.9259
2.10141e-30 3.94963e-30 0
3.15892e-95 3.21913e-95 0
2.97833e-73 2.76191e-73 0
-19.5383 -51.2488 -1.18798
-2.20914e-82 -1.76768e-81 0
15.7643 55.3521 6.77574
5.61838e-81 1.18323e-80 0
54.1149 64.1338 44.778
-38.6465 -27.7406 -22.3877
-7.45527e-68 5.24257e-68 0
6.00582e-83 6.43264e-83 0
4.54751e-06 -5.65462e-05 0
29.5953 -11.2344 58.0234
-2.26788e-88 -9.80639e-87 0
5.59257e-75 2.05844e-75 0
-0.360744 19.7311 -22.0433
12.6399 8.57337 -0.99075
-4.60969e-90 -1.99325e-88 0
-8.53618e-47 1.32647e-47 0
-2.66963e-100 -3.27205e-100 0
3.67728e-84 3.93817e-84 0
-1.56142e-89 6.78191e-88 0
-1.93273e-89 -1.59012e-88 0
6.95163 22.629 -7.67187
-9.19043 20.8141 3.97091
25.832 3.08866 -20.6039
5.92326 0.0273009 0
-9.29988e-43 -2.92515e-43 0
1.23907e-85 1.32713e-85 0
1.96525e-93 -1.72634e-94 0
1.84355e-93 -1.76433e-92 0
2.08154e-36 -4.42146e-37 0
-61.3949 57.5819 -12.3824
-6.29304e-65 -3.28155e-65 0
-2.20426e-55 -5.47216e-56 0
1.80322e-19 3.0597e-19 0
-1.10972e-82 -4.79844e-81 0
5.18372e-94 9.814e-94 0
23.9222 -40.6389 -7.44862
-3.14138e-28 -3.21068e-28 0
-2.02771e-11 -9.9296e-12 0
4.84323e-95 2.88761e-95 0
4.92983e-53 2.29259e-52 0
2.48481e-50 -2.60447e-50 0
-8.30454e-83 -3.59091e-81 0
2.19946e-99 5.3206e-100 0
1.48393e-31 1.00361e-31 0
-112.497 92.8661 81.2127
1.7768e-52 -1.41054e-52 0
77.0341 -41.0624 2.63336
2.53812e-84 3.7949e-83 0
-6.81922e-101 8.50621e-100 0
3.80893e-98 -6.48368e-98 0
-42.7079 39.2834 -17.7448
3.85897e-64 -2.25183e-63 0
48.5372 35.7794 -0.98447
2.60957e-22 -5.6695e-21 0
6.71357e-99 1.37146e-98 0
26.9052 -1.11178 -20.437
4.83779e-64 2.08507e-65 0
-26.3057 41.6966 -17.0235
-1.50953e-88 -1.77832e-88 0
-15.6995 15.2346 -13.8142
-4.91114e-30 -5.25768e-30 0
-7.96389e-31 -2.16692e-30 0
5.48156e-79 -5.47099e-79 0
4.24623e-15 1.96049e-15 0
-1.99066e-90 -6.35365e-92 0
-2.7675 -12.8196 18.6172
2.08425e-90 1.68742e-90 0
2.49555e-54 4.27713e-54 0
-2.48583e-62 -1.25138e-61 0
-5.97697e-66 3.86878e-67 0
1.41275e-62 -3.26564e-63 0
-1.77065e-96 -2.41657e-96 0
-7.23036e-75 -2.78059e-75 0
9.27877e-19 4.03502e-19 0
7.74542e-29 1.87481e-28 0
8.95219e-90 9.58304e-90 0
-7.13203 -3.13512 -13.8057
-8.92167e-99 8.09715e-99 0
-1.81572e-91 8.83043e-92 0
4.90954e-63 6.21373e-63 0
10.3737 7.50265 -18.1019
2.71656e-06 1.787e-06 0
1.00696e-97 4.86093e-97 0
-9.15532 12.9296 3.32557
5.73392e-99 -5.83409e-99 0
1.27902e-89 1.36908e-89 0
-1.50699e-08 1.86419e-07 0
-1.90205e-89 -8.22452e-88 0
7.73157e-91 -9.34433e-91 0
-7.98194e-91 6.27321e-91 0
2.20666e-65 -5.3797e-65 0
1.85254e-37 -3.6009e-37 0
8.87016e-100 3.25257e-100 0
2.2339e-100 -9.83526e-101 0
-9.51594e-92 -7.614e-91 0
6.64844e-100 -1.60426e-99 0
1.09558e-47 -1.03534e-47 0
-1.22618e-96 7.77217e-96 0
-6.10971e-90 -5.6043e-90 0
-1.02541e-99 -8.40517e-100 0
4.91885e-15 3.45091e-14 0
0.818138 28.3989 -11.9543
1.48258e-54 -2.51323e-54 0
-2.51858 2.27728 0
2.2559e-17 1.83644e-17 0
3.84579 36.2955 -16.0202
9.09278e-28 7.09628e-28 0
44.1284 56.314 -22.2976
3.32203e-43 5.30274e-42 0
1.88917e-80 2.02343e-80 0
-20.1927 3.53989 -12.7566
-3.74468e-85 -9.31748e-90 0
-7.51243e-72 5.43114e-72 0
-9.94226e-71 6.99825e-71 0
-1.25533e-91 -1.88349e-91 0
-5.07806e-81 -5.03607e-81 0
-3.44313e-33 3.7167e-34 0
-5.13929e-38 -1.33244e-37 0
-2.937e-87 3.64355e-87 0
-1.60701e-71 1.16629e-71 0
-3.45825e-95 -1.49548e-93 0
-1.12511e-59 2.89861e-59 0
-12.6624 -18.0704 -21.2081
3.17405e-94 -5.51077e-95 0
1.21028e-78 -8.61832e-79 0
1.03488e-90 -6.9228e-91 0
-5.60219e-35 3.93947e-35 0
7.12535e-79 -1.28855e-79 0
22.4173 50.7532 -18.4307
-4.1296e-83 -1.78565e-81 0
26.9839 2.76403 -3.46103
1.05398e-92 8.20455e-93 0
12.723 13.0828 7.08891
-16.0362 12.1107 -22.1772
-1.60083e-95 -6.26508e-96 0
6.89759e-61 1.41607e-60 0
3.14885e-68 4.90998e-68 0
-1.26418e-38 8.88976e-39 0
-4.32308e-98 -3.31421e-98 0
-1.20902e-35 -6.55265e-36 0
-1.43233e-75 -1.37006e-75 0
1.36936e-82 1.46665e-82 0
2.93996e-69 4.40327e-69 0
-19.2461 3.50235 -12.3832
-2.45198e-85 1.20362e-89 0
-6.68467e-15 -7.84457e-16 0
43.9432 28.4818 -23.3091
7.2861e-99 -6.01634e-99 0
5.89163e-36 5.84939e-36 0
-4.31659e-68 9.92555e-69 0
8.11721 40.0917 -20.2936
1.25689e-99 1.08565e-98 0
-3.84956e-68 -3.15909e-69 0
1.57003e-71 2.42988e-70 0
5.08666e-88 5.44815e-88 0
-6.28852 -15.7263 -18.3805
1.53433e-05 1.04164e-05 0
-16.5106 -13.217 -21.2226
6.28221e-74 -3.21385e-74 0
2.07883e-87 -5.78535e-88 0
1.51344e-77 2.34167e-76 0
14.3587 -19.7018 4.20814
2.33205e-12 -1.60694e-12 0
-2.659e-08 -1.59879e-08 0
-14.2561 -13.8475 -21.1673
0.000365716 -0.00351635 0
9.30442e-41 -1.71487e-40 0
1.20831e-95 -3.82886e-95 0
7.57889e-83 -6.15767e-82 0
63.7751 50.3145 -3.9486
-48.285 -73.323 0.270752
-6.08536e-71 4.29517e-71 0
-1.6057e-93 -7.26123e-92 0
-3.162 29.472 -20.8214
7.52041e-81 8.05486e-81 0
-40.2232 26.3894 -2.16723
-20.1213 -0.87947 -11.4825
-3.74461e-85 3.40158e-89 0
5.20095 27.7939 -2.3212
-36.704 -0.467464 -20.5045
-1.6619e-81 -1.70847e-80 0
1.60394e-99 -2.86456e-98 0
1.43633e-76 2.22236e-75 0
-5.74902e-13 -1.09046e-12 0
-1.41284e-89 -7.61424e-90 0
-16.2301 -2.39486 -21.9103
8.82112e-75 1.36486e-73 0
-2.33068e-99 2.22913e-99 0
4.92785e-100 7.17317e-99 0
1.9685e-77 1.16095e-77 0
-3.20723e-12 8.63247e-13 0
1.009e-93 1.23021e-92 0
-4.08526e-86 -3.26889e-85 0
-2.15618e-84 -8.45906e-85 0
4.97312e-99 2.92397e-98 0
-4.82756e-58 3.39475e-58 0
-17.6635 -10.6039 -20.3544
-4.77325e-84 -8.32935e-83 0
-8.14376e-42 -8.9566e-42 0
-19.0418 -13.0198 -23.9246
-8.1836 -29.4401 0.651855
6.40917e-24 4.10794e-24 0
27.8639 -6.09211 -7.00616
3.44967 84.8553 -17.989
9.14021e-09 1.34658e-09 0
2.10853e-88 1.81566e-88 0
4.37429e-14 4.19909e-12 0
12.8989 37.5398 24.0955
1.22999e-100 -2.2357e-99 0
1.51088e-100 -1.85727e-101 0
-2.76549e-82 -2.38384e-81 0
3.98227e-95 -1.28622e-94 0
-1.29144e-67 3.33876e-67 0
4.51669e-100 -5.27002e-100 0
2.45909e-82 -5.74845e-82 0
1.25677e-97 1.79863e-97 0
12.6871 38.926 -6.62418
-1.7432e-73 7.39412e-72 0
8.39344 43.0218 4.80361
-6.7852e-86 -5.42929e-85 0
2.08267e-05 -22.8663 4.16313
8.88224e-42 -1.08424e-39 0
-1.45604e-57 1.02389e-57 0
3.48824e-97 -2.55216e-96 0
-2.60683e-79 5.76838e-78 0
-8.90119 -52.5873 -2.2619
-8.63622e-77 1.06913e-73 0
-1.25844 -9.80816 39.6938
-21.2692 -21.3778 21.7647
-4.79391e-66 -1.89614e-66 0
0.000210118 -0.000120098 -18.1215
3.35277e-06 -1.46521e-05 3.26644
0.000178313 -0.000149403 -17.2299
-2.62862e-38 -1.01417e-38 0
4.64618e-70 -4.72742e-70 0
-1.0124e-56 2.20039e-56 0
4.72549e-61 4.02819e-61 0
5.39848e-81 3.5518e-81 0
-1.68037e-38 1.18164e-38 0
-2.53843 30.3245 -12.0683
32.7817 -12.8656 27.2759
5.11059e-33 -7.8653e-32 0
3.08681 25.8813 -20.6283
-4.0351e-48 9.14078e-47 0
-3.28641e-68 2.18857e-70 0
1.82103e-73 6.82085e-73 0
2.94462e-98 1.1211e-97 0
-1.18602e-67 -1.60113e-67 0
-5.27645e-62 1.603e-60 0
16.2426 6.06179 -7.88565
0.016769 0.0355162 0
-16.9962 -2.83521 8.22597
7.41325e-93 -2.47618e-93 0
3.55104 -19.1818 -12.7244
-5.28721e-60 -2.86859e-58 0
-1.12336e-69 7.89947e-70 0
4.74037e-93 3.76245e-93 0
17.7094 1.04789 4.50985
-1.38094e-99 9.04104e-100 0
-1.39261e-58 -2.60876e-58 0
114.408 -14.1758 15.1054
6.87741e-97 2.6858e-98 0
-5.51432e-96 -5.4658e-95 0
8.84608e-07 -3.2894e-07 -18.1159
3.22687e-06 5.86048e-09 3.28543
2.06742e-05 -9.20983e-07 -17.2133
2.81722e-45 -3.21233e-45 0
4.21179e-52 -2.05814e-52 0
1.71024e-20 -5.05462e-21 0
5.38943e-35 4.21223e-35 0
4.49656e-24 4.43386e-24 0
-4.74026e-43 -5.42832e-43 0
-1.29976e-68 -1.07518e-67 0
-17.539 3.10484 -5.42777
2.87848e-78 4.52128e-77 0
3.35362 21.6877 -17.9134
-1.5571 12.4443 -18.9821
-7.97346e-40 5.53624e-40 0
4.68647e-63 1.4206e-62 0
-8.23133e-81 1.51747e-78 0
5.15225e-86 3.62743e-85 0
8.91248e-38 -3.70193e-38 0
3.44352e-97 2.62974e-96 0
-2.13445e-76 -1.83988e-75 0
56.4417 -32.6088 -10.7979
20.0039 26.9211 -15.0156
3.50066 -19.3067 -12.402
1.94918 -2.91129 -22.6752
-6.21585e-91 -6.94496e-89 0
-2.06815e-79 4.5764e-78 0
8.7009e-13 2.08595e-12 0
-1.22285e-43 6.4542e-45 0
-4.77215e-06 -1.96995e-05 0
-0.021081 0.430041 0
-5.18611e-50 -1.1933e-49 0
-5.31344e-39 5.15685e-39 0
7.31287e-05 -3.00916e-06 -18.1215
3.90813e-05 7.64066e-06 3.26669
0.000188671 3.91174e-05 -17.2299
1.64089e-90 3.73431e-90 0
-4.75283e-86 -3.80306e-85 0
1.84518e-89 1.97564e-89 0
-2.64873e-29 -2.42468e-29 0
20.8964 0.6274 -17.0662
36.5111 -51.1771 -12.3064
-1.70967 -29.8527 -20.0461
1.58318e-99 3.75454e-100 0
-0.781447 2.51042 0
1.90467e-05 27.7638 1.93873
-8.79647e-42 1.08432e-39 0
-1.70496e-96 -1.85196e-95 0
-8.77227e-91 -6.97148e-90 0
-8.50408e-75 -4.93389e-75 0
3.86767e-90 -4.15912e-89 0
-1.39717e-42 9.8249e-43 0
4.23466e-31 -1.07409e-32 0
-267.122 -113.765 93.977
-32.328 -12.8914 -14.8991
-1.92907e-85 4.26864e-84 0
-1.01068e-99 1.73796e-99 0
3.01786e-99 2.26554e-98 0
6.19078e-98 3.26738e-98 0
-1.05434e-94 -1.52264e-94 0
-7.04427e-54 -1.2518e-54 0
4.59145e-98 1.84561e-98 0
-10.794 -27.5056 -5.88582
-1.47838e-58 -6.51247e-59 0
9.62234e-55 -8.00658e-55 0
-5.29231e-91 -2.28846e-89 0
3.36911e-84 3.60829e-84 0
-2.88037e-35 -2.37356e-35 0
-2.70686 23.1966 -21.7184
-1.51607e-85 -6.55553e-84 0
5.24936e-98 -1.18268e-97 0
1.6491e-94 -1.51413e-94 0
-0.00828492 18.1975 75.0889
-7.43683 -18.5675 -14.152
-1.34966 24.078 -23.0365
1.95891e-98 -4.81181e-98 0
1.11897e-89 1.19802e-89 0
8.43388e-49 -6.69535e-49 0
2.35806e-99 -1.78787e-99 0
-2.77476e-99 7.48368e-99 0
-4.37118e-98 -4.27802e-98 0
4.79466e-66 -1.62474e-64 0
7.18394e-93 -3.70889e-94 0
5.52283e-101 -2.0097e-99 0
35.8987 -10.5585 -13.2129
47.7678 -0.771566 -23.3935
2.75476e-88 2.95053e-88 0
4.91766e-25 4.00375e-25 0
7.84406 -31.0826 -21.0333
-32.2155 21.1111 -19.0923
3.69374e-44 -4.4833e-46 0
-1.19304e-09 8.11946e-10 0
-2.01387e-86 1.3491e-87 0
-45.9069 46.1325 -3.89205
1.36708e-98 -3.58496e-99 0
53.6031 14.6476 -6.45632
-1.66271e-81 2.67202e-81 0
2.73491e-76 -4.98539e-77 0
3.54932e-50 -2.45871e-50 0
1.25787e-94 1.38521e-94 0
9.92492e-43 3.25262e-42 0
8.60128e-47 -3.55451e-46 0
-24.4072 12.2515 6.51667
-1.58086e-71 1.15982e-71 0
-6.69766e-76 -1.6036e-76 0
-1.1274e-56 1.14517e-56 0
2.19879e-83 9.60295e-83 0
-1.90416e-91 -8.23364e-90 0
-1.82224e-79 4.03223e-78 0
-2.12021e-57 1.49094e-57 0
1.42328e-89 1.52364e-89 0
4.6166e-99 -2.66486e-99 0
-47.1559 36.4411 1.43437
-6.75036e-98 2.42675e-98 0
1.46426e-89 1.56788e-89 0
-3.10027e-48 3.95102e-49 0
-3.68262e-64 1.09393e-63 0
-1.21915e-88 -5.27166e-87 0
-7.38754e-99 1.11701e-98 0
-34.4292 10.1044 -21.5984
-3.93458e-95 -1.70134e-93 0
-8.75078e-83 1.93637e-81 0
-19.0518 19.0526 -10.9674
2.50373e-28 2.42264e-30 0
1.02408 -30.8066 -20.3354
2.05333e-47 -1.87936e-46 0
1.68097e-82 1.80039e-82 0
5.0315e-98 -9.88861e-97 0
6.22162e-93 -1.88219e-93 0
18.0867 1.36793 -11.0599
27.02 24.4965 -15.075
-64.5912 49.2705 -5.64849
4.35319e-78 2.28882e-78 0
42.6017 43.0897 6.32563
-58.7278 -11.7096 2.2432
-32.9241 26.1691 -12.7491
-4.06465e-93 -3.2524e-92 0
-11.7103 -13.0231 -14.9017
-2.23823e-34 4.3842e-35 0
6.69564e-69 1.23405e-68 0
1.80802e-89 3.44031e-90 0
1.71015e-90 1.32758e-89 0
-7.52354e-17 -5.59219e-17 0
2.10988e-91 3.86557e-92 0
-49.1859 39.9942 8.05117
-28.7003 20.9981 -23.5244
146.217 -39.2653 21.7694
7.58472e-78 1.17355e-76 0
-1.26684e-78 -1.44124e-79 0
7.10807 -70.1237 -2.49344
-0.280654 -40.7766 -2.30476
2.03035e-49 -4.69281e-48 0
-1.25916e-88 -1.00531e-87 0
1.10929e-92 3.39437e-92 0
1.00939e-89 1.0808e-89 0
-34.0301 -1.61158 -12.239
3.36925e-55 1.136e-56 0
35.0757 42.6067 112.584
3.82939e-87 3.29693e-87 0
1.46769e-99 5.33947e-99 0
-3.61254e-87 -1.26999e-85 0
8.84455e-93 -2.82495e-93 0
-0.134931 -13.1186 -11.7078
-1.0771 -14.2341 -18.5959
-1.07819 50.4477 -6.05156
4.3535e-80 6.73597e-79 0
1.24596e-93 1.00873e-93 0
4.24088e-99 8.68112e-100 0
-21.8534 -11.4862 -21.5746
2.21152e-92 -5.26842e-91 0
18.3036 20.9814 -22.4103
2.62624e-14 7.86303e-15 0
8.41429e-98 8.84267e-97 0
-9.704 25.2694 32.255
-1.55205e-41 1.71316e-42 0
4.17042e-98 -8.80725e-98 0
1.59639e-84 4.90281e-85 0
-1.1119e-92 1.02121e-92 0
-19.1884 16.9479 -14.403
3.64819e-85 3.9042e-85 0
-3.69106e-67 2.59556e-67 0
-4.79699e-50 8.9275e-50 0
1.74961e-82 1.50634e-82 0
-1.93037e-46 -2.21056e-46 0
10.2992 39.5794 -17.5019
-9.39784e-39 -1.13631e-38 0
31.7483 32.86 -10.973
5.53091e-91 5.92178e-91 0
1.19141e-89 -1.45989e-89 0
-9.0876e-97 -6.76179e-96 0
1.3735e-82 1.47108e-82 0
-1.36972e-88 -5.92273e-87 0
4.24086e-85 4.6514e-85 0
4.25926e-80 4.56195e-80 0
9.26362e-93 -2.27947e-92 0
1.4984e-88 1.60446e-88 0
-7.78856e-05 -7.23354e-05 0
-1.08793e-67 8.59113e-68 0
-1.82297e-87 -1.45825e-86 0
-3.52658 15.4575 1.69954
-12.6337 40.54 -20.716
-1.97028e-09 4.46351e-09 0
3.50955e-81 -3.94374e-81 0
-3.72661e-91 1.66524e-90 0
86.9241 -49.4635 -6.22695
4.4819e-87 4.79958e-87 0
1.05826e-41 7.31802e-42 0
-3.47572 -45.7962 -16.0755
-11.273 17.5233 -1.44056
1.14912e-51 -2.5023e-54 0
-21.205 3.4839 -12.9167
-3.74772e-85 -8.13593e-90 0
-2.84087e-35 -4.69894e-35 0
-5.25297e-89 7.06152e-90 0
-8.80577e-71 6.19552e-71 0
8.7155e-100 4.73511e-100 0
-1.77481e-55 3.73508e-57 0
-39.7887 2.76843 -19.618
1.61358e-59 2.90398e-59 0
40.6346 65.6814 -4.87035
7.18765e-72 1.11211e-70 0
202.595 -121.266 -12.8194
-8.41203e-82 -6.73103e-81 0
1.88276e-100 -1.3428e-99 0
2.72636e-101 -9.51676e-101 0
1.14277e-67 4.29733e-68 0
-1.91937e-62 -2.58974e-62 0
-100.174 70.6349 86.13
7.56358e-84 8.10059e-84 0
2.83319e-93 -6.24056e-93 0
-1.26477e-67 8.89387e-68 0
-12.2843 8.3521 -1.78332
-36.2467 49.5461 35.1856
-4.19807 4.8898 0
-6.58801e-67 4.6327e-67 0
2.43959e-64 -1.22289e-64 0
-3.05394e-88 -1.32053e-86 0
4.78785e-66 1.33949e-65 0
4.0725e-97 9.1859e-97 0
-1.64169e-85 -1.35013e-84 0
1.09009e-18 1.26202e-18 0
1.48252 4.88425 2.55885
1.76452e-77 5.91286e-79 0
-20.2349 3.44654 -12.538
-3.74661e-85 1.46181e-89 0
-3.23678e-87 -8.39004e-89 0
-5.12679e-65 1.38606e-65 0
7.28134e-86 7.98026e-85 0
1.13148e-75 1.28658e-75 0
3.66016e-92 -8.34202e-94 0
5.37515e-96 2.0941e-96 0
-7.80309e-84 -5.61582e-84 0
-15.1898 -21.8451 -7.71113
-4.18131 5.8994 -16.0192
11.5009 -62.7842 -6.19914
-5.52355 -22.0782 -21.8493
-2.96554e-92 2.72366e-92 0
-9.69009e-10 -1.2099e-09 0
-1.02371e-05 -2.2879e-05 0
4.96091e-95 4.2311e-95 0
6.2496e-60 1.07021e-60 0
3.02655e-67 5.97121e-68 0
-25.1492 -20.9673 -2.94534
-123.295 -5.78724 36.2244
-1.38401e-82 -5.98449e-81 0
-14.8564 -14.8808 7.82184
7.77484e-17 -2.83056e-17 0
19.7479 52.7031 -0.42732
1.00656e-58 -5.8362e-59 0
4.72935e-96 1.44853e-95 0
1.89272e-51 -1.01647e-51 0
1.52229e-96 8.85399e-98 0
4.61672e-81 -7.72975e-82 0
1.92371e-24 -8.00928e-24 0
-7.74105e-89 -6.19401e-88 0
6.87742e-92 5.05565e-93 0
-21.181 -0.872492 -11.6586
-3.74754e-85 3.05189e-89 0
-1.1289e-37 -2.51825e-37 0
-1.8131e-46 2.77375e-47 0
-0.00117667 -0.00171518 0
-20.4244 -13.969 -23.267
-3.49382 3.88117 -9.45187
8.84621e-96 -2.21346e-96 0
-4.75003e-63 -2.07855e-63 0
47.2599 48.7647 17.7016
1.71294e-71 2.65035e-70 0
2.35278e-84 1.9198e-84 0
-52.7555 20.4742 -17.1961
5.41489e-85 1.18545e-84 0
3.90886e-96 2.27892e-95 0
2.83267e-85 2.43881e-85 0
-2.33911e-99 -3.10209e-100 0
1.56939e-83 1.68089e-83 0
1.99921e-96 6.94854e-97 0
-1.20146e-38 1.78567e-39 0
-1.82881e-68 -3.93204e-68 0
-71.4411 42.8459 -22.8869
-2.15501e-53 -2.21572e-53 0
-3.76959e-99 -4.28382e-99 0
2.52748e-86 2.70695e-86 0
-1.23967e-91 6.60403e-90 0
8.76639e-53 2.58391e-52 0
-10.6347 25.0572 14.4121
1.18932e-79 1.27384e-79 0
1.54255e-90 2.32276e-90 0
1.23675e-75 1.91356e-74 0
-0.00040612 -5.44032e-05 0
2.83874e-100 -1.15019e-99 0
6.28243e-87 6.72742e-87 0
-1.83249e-81 -1.57959e-80 0
-4.16859e-82 -3.33558e-81 0
-37.4081 -13.6533 -7.47614
-3.66664e-87 -1.30398e-85 0
7.99446e-21 -5.18158e-20 0
6.56171e-98 3.36054e-98 0
-4.37931e-95 -1.28942e-93 0
-7.32389e-42 -1.8094e-40 0
5.05111e-85 4.11371e-84 0
-2.35661e-86 -1.00951e-84 0
0.000191265 -27.6247 0.968498
3.03119e-47 -2.60255e-42 0
9.82803e-87 1.05265e-86 0
-3.86325e-95 -1.64875e-93 0
1.47758e-99 -1.33813e-99 0
-7.11501e-95 -6.05628e-95 0
2.06258e-92 -1.57041e-92 0
-3.52321e-33 -2.65995e-32 0
-1.43726e-92 -6.21545e-91 0
7.42258e-92 -1.9287e-92 0
4.90171e-05 -2.79278e-05 -18.1224
3.94522e-05 -2.07708e-05 3.16394
0.000111933 -4.42968e-05 -17.3196
-1.66858e-32 -1.79721e-33 0
-3.63254e-85 -4.49764e-86 0
-18.7957 8.51224 -15.4402
6.5216e-84 6.27677e-85 0
-4.52342e-87 9.21324e-87 0
3.24063e-99 1.37594e-99 0
-4.60545e-05 0.000140114 0
5.90943e-96 4.65203e-95 0
-2.87208e-97 2.22865e-96 0
-1.03375 30.639 -22.0127
2.02477e-89 3.74721e-85 0
2.52791e-95 3.49376e-95 0
2.18165e-28 6.56522e-30 0
-1.05444e-08 -8.93523e-09 0
-1.59975e-57 2.25673e-57 0
-1.0559e-96 -1.70695e-97 0
-8.51846e-14 1.6865e-13 0
-4.57244e-55 -1.2808e-54 0
-2.54228e-84 -3.24638e-83 0
3.1031e-89 2.67498e-89 0
-0.786829 -24.3467 -12.707
-6.87011e-54 -4.0986e-52 0
-1.37902e-63 8.08736e-64 0
-1.85627 -36.0257 -22.2664
-1.97379e-52 4.11613e-52 0
4.56509e-90 -5.51734e-90 0
-2.68884e-28 1.60268e-28 0
9.44968e-99 -8.20508e-99 0
-3.64344e-85 -1.57543e-83 0
-4.63213e-89 -2.00295e-87 0
2.56804e-05 -3.34215e-07 -18.121
3.67091e-05 -1.35762e-08 3.18638
0.000156214 -4.06624e-07 -17.3
2.94828 -9.89396 -18.773
-1.35725e-87 -1.08555e-86 0
-4.49804e-32 -2.10771e-32 0
-47.575 12.4018 -5.5255
-13.1923 -2.23255 -4.9101
43.7853 -33.4982 -18.9833
8.64209 -7.90523 -8.43997
1.8742e-11 -2.15929e-11 0
-8.00076e-95 -3.45956e-93 0
-1.49555 15.9808 -12.7519
-1.51158 12.6657 -19.5554
-6.29375e-68 4.42578e-68 0
-20.0908 1.14261 -20.0687
-1.2699e-97 -9.01488e-97 0
-5.91143e-91 5.86972e-91 0
-16.1722 30.067 -22.5183
-1.31199e-91 -1.6216e-90 0
2.59737e-93 2.49117e-92 0
1.79352e-82 2.77485e-81 0
1.22586e-91 2.25603e-90 0
-0.793522 -24.4685 -12.3255
0.264992 -3.56509 -22.3511
-2.73642e-34 -2.06154e-34 0
4.79536e-81 4.1286e-81 0
-2.19525e-43 7.10833e-44 0
3.00749e-91 5.51012e-92 0
-1.08938e-91 -4.51645e-90 0
-5.60232e-94 -4.42836e-93 0
5.66564e-41 -4.57363e-40 0
1.3102e-74 2.02722e-73 0
0.000238036 -2.17213e-06 -18.1221
7.51413e-05 1.36751e-05 3.16419
0.000379966 4.16643e-05 -17.3192
-3.293 4.34534 -21.7916
4.76063e-95 -5.34012e-94 0
-12.1413 -10.8505 -24.2314
3.31067e-79 5.12242e-78 0
-3.46308e-35 2.20928e-35 0
-6.2909e-81 6.95833e-81 0
-2.63919 -15.0507 -23.2018
1.08628e-79 1.16348e-79 0
-4.70313e-67 3.30725e-67 0
0.000190923 32.0721 -1.69656
-4.34859e-40 5.18907e-38 0
-3.73607e-91 -3.55525e-91 0
-8.97762e-61 -2.1251e-60 0
-6.3822e-99 -2.13486e-99 0
-1.27214e-96 -1.93706e-96 0
1.50136e-78 8.663e-79 0
-1.59075e-19 -6.71345e-19 0
-2.69311e-08 1.4747e-08 0
5.89597e-74 9.12264e-73 0
-6.90938e-89 1.5289e-87 0
12.2198 53.9014 1.31168
-4.30343e-99 8.65301e-98 0
-3.17708e-62 5.78655e-62 0
-24.6711 1.30223 -12.6566
6.3071e-80 9.75868e-79 0
-1.52201e-52 1.07028e-52 0
1.454e-59 -3.91823e-60 0
4.2237 -51.6946 -20.8521
-2.42161e-09 -1.42282e-09 0
3.46704e-90 -9.6102e-91 0
2.72608e-74 4.21794e-73 0
-1.1332e-28 2.7145e-29 0
1.20095e-29 1.13924e-29 0
-5.75277e-97 -2.4886e-95 0
-2.64333e-07 1.39142e-07 0
-2.82039e-90 -1.21955e-88 0
5.98083e-51 -5.93942e-50 0
-1.56213e-96 -4.13026e-96 0
-7.90859e-92 -1.12707e-90 0
-1.77956e-89 -1.63405e-88 0
-1.64661e-86 -6.8432e-85 0
1.6091e-91 1.71139e-91 0
36.723 -31.8337 16.4244
1.27791e-71 1.97916e-70 0
7.46127e-99 2.44141e-98 0
6.30114e-99 -7.56468e-99 0
24.7236 -30.648 -22.7822
-6.00393 -8.34895 4.85625
2.06068e-28 -5.78909e-28 0
2.63914e-29 1.19683e-29 0
3.27125e-75 5.06134e-74 0
-5.47727e-47 -1.1295e-46 0
6.05089e-29 1.30519e-29 0
32.0885 -1.05006e-05 -1.7089
1.22706e-34 1.18968e-39 0
-1.54657e-91 1.75897e-92 0
0.284556 -0.622375 -17.8413
9.61019e-06 4.69809e-06 0
3.45797e-74 2.05357e-74 0
-4.48659 -8.82341 -13.9018
5.75797e-39 2.28037e-39 0
-5.27556e-74 4.35712e-73 0
-2.96782e-47 2.1872e-47 0
5.36825e-80 5.74975e-80 0
1.18736e-101 3.03757e-101 0
-3.03758e-38 3.68128e-38 0
-4.37998e-38 3.32786e-38 0
1.25445e-90 -2.65475e-91 0
-3.55453e-49 -3.8688e-50 0
-27.5087 16.0118 -24.383
1.31659e-38 -6.88678e-38 0
-0.827452 -0.789228 0
6.87404e-88 -1.91303e-88 0
-2.12486e-86 -1.52924e-86 0
15.2373 -27.3123 -18.7399
1.28623e-98 -1.41287e-98 0
-52.8686 81.607 -15.3498
-4.65953e-86 2.21284e-85 0
-1.45832e-88 5.20328e-89 0
2.57344e-99 -5.9036e-100 0
1.68288e-31 -1.66107e-31 0
-3.06858e-46 1.33874e-46 0
-1.78427e-90 4.24999e-90 0
1.36778e-78 1.6652e-77 0
1.43423e-94 8.10614e-95 0
-4.78134e-89 -3.82587e-88 0
32.0625 2.10305e-06 -1.68438
1.22734e-34 9.44772e-39 0
-2.212e-14 -2.59582e-15 0
-1.06721e-88 -8.52843e-88 0
1.63113e-99 -2.58438e-99 0
-10.4762 -1.33079 -22.3656
35.1765 -14.3574 4.34195
-3.6204e-35 -2.94062e-35 0
8.24036e-98 1.32011e-97 0
-26.7988 34.1152 2.41613
-20.0564 -2.24848 -21.5032
6.49132e-99 8.57137e-99 0
-3.06765e-72 5.80048e-72 0
-6.71085e-58 -4.43521e-58 0
1.54513e-98 9.55189e-99 0
9.69362e-90 1.03773e-89 0
-5.63999e-24 -2.71591e-24 0
-14.1638 -11.0158 -15.2557
9.46997e-71 1.9231e-69 0
-45.3808 7.29773 15.0117
-29.8565 9.79853 -17.9259
1.99949e-79 2.14159e-79 0
-6.68647e-86 -2.89125e-84 0
-9.89195e-88 -7.89737e-87 0
-3.66504e-26 7.4807e-27 0
-1.3637e-95 1.82854e-97 0
1.72473e-80 1.8473e-80 0
-9.65742e-95 -3.97111e-94 0
-4.33978e-30 -8.40631e-30 0
1.86447e-78 2.57664e-78 0
-1.65866e-57 -2.60313e-57 0
1.06391e-16 7.60323e-17 0
-2.61087e-79 -2.08913e-78 0
32.0885 1.22982e-05 -1.7089
1.22732e-34 1.78035e-38 0
-2.34534e-91 -3.88733e-92 0
5.89293 -36.7381 -20.8188
1.68529e-67 -2.87326e-67 0
-7.43715e-93 1.5114e-92 0
-1.95672e-85 -1.5657e-84 0
-8.28068e-71 5.82299e-71 0
-3.50648e-94 5.65312e-94 0
-3.88396e-96 3.18691e-96 0
9.42932e-81 1.45895e-79 0
-3.14246e-99 4.53159e-99 0
1.52596e-86 1.31932e-86 0
8.02615e-06 9.29792e-06 0
7.95639e-96 7.57825e-96 0
7.37521e-97 -1.13188e-97 0
8.8665e-101 -2.11627e-101 0
9.24664 7.68743 -7.69599
8.34512e-36 5.81642e-35 0
3.48309e-36 4.49578e-37 0
-6.66128e-40 4.4519e-40 0
1.77578e-87 1.90154e-87 0
-3.1834e-59 2.23857e-59 0
4.47996e-29 -4.03287e-29 0
-6.55022e-05 -0.000151599 0
-1.18162e-100 1.08532e-98 0
-6.46467e-60 -1.3563e-59 0
2.97339e-83 3.1847e-83 0
-8.09634e-98 -1.17089e-97 0
9.45994e-96 -8.51469e-97 0
1.83715e-79 2.84254e-78 0
-1.63734e-88 -7.07992e-87 0
