# vtk DataFile Version 3.0
water particles
ASCII
DATASET POLYDATA
POINTS 2541 float
-2.03058 -1.07991 0
2.04732 -2.80668 0
-27.6549 23.5457 13.6366
0.504888 1.49034 0
-17.5786 -4.40805 0
-8.12785 -25.6982 41.1882
16.9487 15.6413 7.91241
53.2285 -49.032 9.3474
2.87393 -38.474 2.98787
2.06024 0.14818 21.1158
-12.7866 -23.5428 0
-2.28636 -61.6816 4.93693
-14.4259 -31.6388 59.291
-0.248751 -2.30689 0
14.1796 6.32372 2.31374
-6.49168 -6.22638 0
10.9548 15.5688 3.22137
-5.31726 18.0152 0
-39.9902 -47.1225 71.2357
26.1407 -15.818 61.7266
3.21839 -1.12818 0
16.4864 -8.40905 12.8884
0.982796 43.6318 5.3683
-31.0691 -0.300009 50.5317
-31.5814 -0.304338 13.4821
8.9726 13.5575 4.54296
0.310275 -0.740894 0
-32.7084 -16.2204 10.7396
-27.3098 -15.246 12.8789
-42.0132 34.4105 67.1446
-0.27356 28.3163 30.232
-52.6312 23.1568 32.5354
-25.5105 -19.8877 7.41018
-0.195662 1.49647 0
-2.58826 -4.2261 0
6.43026 -56.7086 1.59284
24.5814 4.43481 24.6692
9.60221 14.1361 24.2482
17.5702 -1.09337 4.43332
1.86033 25.5184 0
6.6723 2.54092 8.80155
-0.468553 1.58 0
18.5916 40.7428 100.626
-2.56312 0.909979 0
-48.137 -4.69493 16.7331
-4.37057 1.80064 0
4.42663 4.68923 0
-3.58855 -7.01801 0
-5.23337 -6.57562 0
-18.4025 -28.3886 0
-7.04204 -1.11562 0
16.867 2.70696 21.7771
62.4138 -27.9328 9.53719
-25.2315 -21.1801 14.7836
-2.48184 -3.84299 0
-2.3849 0.92505 0
-31.0372 4.6137e-06 50.5557
-31.5822 -0.00218483 13.488
-14.7727 -28.0369 0
-10.5749 8.43469 11.0488
12.5427 -5.06107 0
5.97258 -1.68999 0.823351
14.7612 -34.8998 0
8.12439 -17.4825 10.5528
25.9116 -17.4354 52.8059
-0.0963128 0.595392 20.5017
-48.3845 20.2434 0
-1.3927 -5.96343 0
-2.54232 -1.53324 0
-3.13393 6.97838 0
0.801377 19.6293 0
26.2681 30.8435 22.4661
-10.3038 3.87986 0
5.72536 34.7396 2.80725
31.8822 2.82092 6.38801
-51.2575 -3.97911 14.911
1.72801 -8.65421 14.9623
0.393883 1.7884 0
-14.4564 88.9962 27.7482
0.502913 1.90863 0
23.9164 5.07248 4.36053
-33.8095 21.9822 0
2.25956 -5.1136 0
-3.70548 -8.58064 0
0.111065 1.29869 0
-0.205605 -3.3131 0
13.0152 -59.5842 11.818
-2.56101 2.37464 0
-0.689761 -1.98985 0
-31.0691 0.300013 50.5317
-31.5755 0.299888 13.5079
-18.0504 6.13936 7.75031
-70.3324 15.0487 17.744
-1.70981 2.65476 0
9.44701 -12.2274 14.5353
30.9445 -1.01344 0
22.3577 26.0072 0
-26.1374 -4.3665 21.7437
8.72677 16.6481 12.6921
-0.561205 3.65332 0
-9.75099 45.1091 53.6579
-2.65862 -0.58079 0
19.0831 -15.1582 6.86939
-8.02697 7.14273 0
15.179 -24.9169 13.7836
6.3673 -6.61419 0
-17.8807 48.4523 5.91544
30.5485 0.107856 75.4834
18.8508 3.60648 14.8232
14.5013 11.68 38.2172
-2.32708 0.395732 0
3.24127 4.73973 0
-27.0297 -24.2234 13.5045
-2.3459 0.576755 0
-15.2687 33.4391 5.00277
22.4727 -35.4944 17.0446
12.8052 -11.6543 8.41374
1.95964 -18.2048 4.14082
12.7306 67.7912 64.6101
0.0818673 -3.11213 0
-1.42641 3.61873 0
-0.711523 -4.35616 0
-1.01902 -1.81484 0
-0.988673 -17.7738 0
-2.1592 -4.58467 0
27.5362 -12.4582 56.4239
-0.983685 -1.27308 0
1.26418 -6.21436 24.1797
5.29205 12.6779 0
-2.9711 -0.0855074 0
6.14205 20.8329 10.5918
-2.30247 -2.83817 0
0.25536 2.75369 0
-0.900262 -30.4493 50.5426
-0.651668 -30.5496 12.5887
-5.11636 -8.30491 18.3456
14.1313 15.204 20.0035
9.03373 -12.4124 0
-3.30732 13.9275 15.3607
22.5352 -34.286 24.9151
-19.6335 1.29447 11.869
3.75152 -59.0109 36.8155
20.9828 -6.23284 21.9094
-0.90001 -0.300076 30.8931
-0.900043 -0.300022 53.6297
-0.900179 -0.300125 31.4155
21.0095 10.9485 4.23482
2.14057 0.32746 9.04236
11.5708 11.7479 34.696
-18.318 11.028 0
37.4052 35.5042 62.7507
1.6541 1.74894 0
8.26697 27.5867 71.0367
0.275178 1.347 0
-29.5997 17.7382 14.3517
2.12941 32.8202 25.4741
-0.900965 24.6826 0
14.7904 1.40816 5.49655
-3.73194 0.411237 0
21.6646 -9.82283 23.0101
0.510997 -1.65549 0
3.27793 5.15332 0
-17.1449 -37.6634 6.62481
-27.803 36.4278 20.6573
15.3374 -20.4953 33.2402
18.9974 -26.991 41.9089
2.61744 -26.5339 34.6626
-1.33459 -26.8954 6.88395
3.26765 6.22825 5.8512
-138.197 -45.2946 60.9298
10.8746 1.40755 0
8.91503 -75.5462 2.01497
7.06829 -14.8331 6.09671
2.25904 4.61966 0
-4.8217 -1.43727 0
-1.04054 -27.1715 25.899
-0.900005 1.20916e-05 30.8944
-0.90004 -1.70569e-13 53.6542
-0.900749 0.000117635 31.4368
-2.87098 0.0650593 0
4.19712 -5.88474 5.7029
5.12061 0.178891 14.4582
4.68471 1.89937 23.5817
8.61847 2.7409 81.2802
-4.22124 -19.1408 0
16.4541 2.87959 31.7548
20.4971 0.504925 37.0842
6.2503 -44.9037 1.95042
5.75565 14.9502 35.3328
-0.900648 15.5003 28.1904
-2.97195 -8.03768 3.63437
2.50978 4.53208 14.2688
-16.0819 11.5055 11.3827
9.85233 72.5135 4.53804
-2.00942 2.2764 0
-1.74759 1.68249 0
-2.24821 0.608149 0
-3.07712 -12.0702 12.0285
-3.68539 43.287 9.28846
2.59117 -26.317 34.8903
0.743506 -4.32721 24.3499
11.1361 29.9916 12.219
2.50887 -18.9785 0
24.0625 5.2834 53.8657
-20.3757 -14.1095 51.9135
14.146 -21.7647 9.43797
0.960325 3.46219 0
19.8722 46.6034 29.4975
-0.467017 0.160321 0
-0.900026 0.300036 30.8932
-0.900043 0.300022 53.6297
-0.901182 0.30012 31.4157
-7.813 -16.5723 29.9912
7.15668 8.53426 0
8.60978 -19.7615 28.7371
0.171345 0.450089 0
9.87308 -27.6911 12.4903
6.40526 -4.60188 12.6854
18.5528 -19.3684 5.33354
-1.21109 -3.06564 0
-1.72938 1.9301 0
-0.900204 35.2541 47.6631
-0.90024 30.7754 11.4514
11.3242 13.0343 3.16767
-1.51745 -8.12705 11.0856
10.9031 28.7833 28.5025
-4.17509 -13.9382 0
13.5877 22.521 35.3449
20.798 28.5619 7.90997
6.69964 1.18642 0
42.1918 53.9185 30.3585
-0.90373 3.41546 0
-13.1438 -80.9686 89.4528
-2.00433 3.04032 0
16.5994 -31.4166 38.8003
17.6785 -10.2634 51.3859
0.828487 2.07942 0
53.8951 -4.49401 58.004
54.5016 18.8586 36.1553
2.05109 -3.12952 0
1.4124 -24.8661 0
0.135999 2.14556 0
-11.0478 -20.1453 15.0546
-0.991791 -10.0404 0
-99.4034 60.0423 7.71461
-1.24292 -1.22018 0
24.7923 17.1963 12.3832
-2.72419 -1.15633 0
-28.828 -16.3282 0
-51.1466 -1.97354 18.3588
23.2918 -9.35754 0
-0.551507 -3.38503 0
3.52576 7.1973 0
-30.6873 47.0575 0
-0.57866 -1.35874 0
0.949687 10.0985 0
-7.72822 7.12443 0
6.12582 23.7556 16.8073
13.379 2.99065 0
-17.573 -29.7173 0
1.89628 28.6987 2.80469
6.28832 -8.12197 19.343
2.99428 -1.59677 0
-31.0924 2.29594 6.83595
-23.0383 -2.70818 37.3334
29.2807 3.04133 26.6489
24.1091 -0.300963 0
10.4349 -41.9877 50.7513
-10.4683 -6.93945 0
7.70477 -19.4791 52.8592
-25.5169 -14.3613 85.5403
-40.3492 43.7385 4.0879
11.8173 8.08585 1.25808
44.6525 9.30147 4.69732
18.7909 31.0387 42.4329
9.95253 -11.3646 4.61698
-39.2141 -186.006 88.1806
6.68438 -13.2648 0
-5.62037 -3.20831 0
-2.26085 -0.95335 0
-1.39759 -1.62224 0
18.2552 32.7328 28.0077
-1.87911 -2.11661 0
-2.26996 -1.59168 0
-5.99352 -1.29797 38.1525
-2.15169 3.02499 0
25.4912 -25.482 19.5046
44.9394 -58.747 43.11
14.1921 18.2238 23.8825
-23.8246 18.3672 0
1.75164 1.95343 0
14.9458 29.2513 13.0464
38.3126 12.2123 14.9103
-2.47278 0.455094 0
20.5635 31.3434 54.4497
1.27909 -5.85696 0
39.5708 10.3316 3.19059
-44.9645 3.15801 12.7283
28.2336 3.2686 26.8929
24.1185 -0.00021782 0
18.0471 20.6666 18.6248
5.90766 0.860993 0
-33.0412 -8.35577 11.8399
0.190896 -1.63822 0
0.481982 -0.819809 0
3.81272 -4.82439 1.42383
-23.7441 16.4437 17.1114
-7.05542 -0.120109 19.2531
1.23632 1.75239 0
78.0329 25.9432 30.6636
-85.3377 -16.3444 46.321
-0.718022 6.51286 28.7142
1.15575 2.8202 0
-10.6413 -16.5194 21.5972
1.2538 4.84741 0
2.24755 -1.66781 4.71512
5.42143 5.67151 14.1163
-31.8462 -30.9008 15.356
2.64461 -1.14865 0
6.58129 -1.44674 26.9051
-2.89364 143.459 20.7419
7.11887 -7.28538 0
-3.17576 -1.63094 0
-2.13625 3.71269 0
12.2807 -17.8928 22.3351
39.1783 -49.4054 35.0905
-2.2999 0.646195 0
14.3996 -18.0755 60.3134
-1.14353 -41.1341 6.94644
-25.9058 11.4718 34.2135
-43.3499 1.87545 9.86475
29.4534 -0.896058 27.0278
24.1084 0.301078 0
82.3617 -167.746 231.223
25.8387 24.3114 88.1475
6.59566 20.7193 25.1458
2.15783 -19.6604 14.9676
2.38343 -0.845737 0
1.4151 -5.49137 0
-8.08386 -2.43346 0
30.8459 -5.59897 25.2467
0.871905 1.68401 0
0.151578 -1.80301 0
-3.6218 7.88917 0
66.6399 95.722 16.814
32.2778 -19.3044 12.2197
0.297978 1.373 0
-97.5953 10.6641 49.9814
2.3983 0.467917 0
-12.9759 4.85882 0
5.98831 -39.744 11.6045
8.41086 -2.6537 0
1.48272 -2.20511 0
15.8524 28.3094 8.88755
-5.16924 -18.4238 28.1734
-2.13977 0.0648162 0
-3.73082 -8.93364 0
-21.5065 13.0019 0
-72.7259 16.6891 5.64873
11.3819 4.03864 4.33205
0.739581 2.74607 0
-32.3492 81.7887 4.27884
25.5434 3.09153 0.569849
-0.883178 2.56254 0
-26.2777 15.7083 0
28.0028 -2.47663 22.9379
1.62563 1.49756 0
-2.3554 0.37246 0
-2.9517 -2.88338 0
1.71789 1.42584 0
-1.06309 -1.75321 0
4.5753 4.17975 0
-6.1816 -6.36921 0
30.9627 43.0258 50.2872
-0.504214 -2.08803 0
-11.4594 -9.27546 0
25.7798 43.7205 32.3934
-0.511445 28.6332 35.3711
-28.5422 4.90576 0
-40.2774 -27.4845 6.01961
-8.85484 -4.87627 0
18.4063 4.60382 21.1189
7.33398 3.17343 33.9537
12.0628 -4.52493 5.0133
3.66259 2.46711 0
7.67305 -0.493519 0
-4.03784 7.28116 43.9532
-32.5479 -1.35461 7.58356
4.90821 3.92442 5.95696
-2.33074 0.817958 0
-45.3837 9.31096 0.665265
-45.2235 24.4308 20.2812
15.3668 15.0587 18.1128
22.2957 -15.642 0.178218
-10.2972 -74.3858 1.523
18.3568 12.3326 1.98204
-0.15607 -1.87982 0
-18.8402 24.5574 0
23.9523 -6.99225 25.8913
0.0574523 -1.99114 0
1.31452 1.2683 0
113.6 -36.8033 31.245
-2.89926 -7.76886 0
-2.24809 0.162788 0
-3.27907 -0.148738 0
-3.85682 -21.5041 0
-3.74386 6.01197 39.2322
-2.21195 -0.381172 0
8.90465 5.6542 52.6495
44.8969 -14.994 9.63433
-11.9039 -49.7442 0
-0.753828 2.8663 0
-66.5513 -5.22903 0
-2.59437 -0.406196 0
6.60555 1.43456 0
3.16404 -30.2532 34.8273
15.9775 -34.2998 37.1878
5.56398 -2.02697 9.28482
38.6503 11.2178 15.6886
-13.7983 5.73125 40.2252
-26.9494 -0.273524 17.2106
3.99871 -6.41799 0
3.9232 -6.5376 11.6256
-19.6141 1.69377 0
-5.46865 0.418206 0
-22.3248 -33.5456 12.0558
-42.2664 27.2488 12.5452
-53.9417 16.2235 28.9508
-1.81708 3.49118 0
-0.209259 1.68138 0
-3.49241 6.28328 0
1.45077 -4.46206 0
83.311 3.94587 185.882
-2.42776 1.12667 0
87.8303 -54.4741 33.6392
-8.00294 15.5356 0
-58.0578 14.0231 16.6959
10.3128 11.3678 39.0769
-131.393 94.158 67.3393
-2.73742 1.09259 0
-18.347 13.2689 0
6.02816 -72.411 27.2847
26.6943 2.60302 26.2107
-17.0011 -46.8213 0.936943
-11.074 -4.36854 0
-2.80608 3.50492 0
-1.10935 -4.48713 0
2.64523 16.3509 0
3.18489 0.296327 0
14.1453 -2.58941 26.9451
-1.03033 -1.47298 0
-0.311755 1.36204 0
-7.75935 -1.32975 44.0664
-32.6891 0.679013 10.9281
-0.14283 -1.63033 0
25.2654 -12.4128 38.54
33.4944 -39.6616 12.4641
-23.35 25.0463 2.21553
6.61889 3.10087 0
5.20779 -21.9515 4.15144
-3.8527 5.7982 0
-2.2717 0.522314 0
-1.57471 1.70351 0
-12.2178 11.5259 0
-57.9658 88.083 10.9572
-29.5888 -49.7743 0
-2.12492 -16.5363 14.0767
9.07678 26.3468 8.96892
5.80512 7.56096 0
-2.2165 -5.73524 0
29.3888 45.9207 55.0516
-19.2964 -5.2873 49.6207
-22.2942 -10.3306 2.14682
-0.209173 -1.58381 0
-0.0542082 1.7189 0
39.5872 -11.2918 18.2123
-0.764841 2.33769 0
-3.87852 27.2268 0
6.21231 19.2604 12.8679
10.0057 -17.4318 24.2354
-2.04384 1.51115 0
3.24217 -23.1843 10.7978
-7.42364 3.58346 0
-2.91436 44.8027 15.1175
-0.633324 -4.34431 0
-0.20207 -3.13092 0
-3.28076 -18.3561 0
0.209302 -4.10105 0
-0.805292 5.82044 4.59612
18.2293 23.1414 9.41945
68.2843 8.09383 47.645
3.60143 17.2279 13.8415
0.769052 -3.3904 14.7785
-0.124888 2.40961 0
16.8798 -1.3077 2.81804
-7.09944 -9.15355 0
-0.600009 -25.3063 53.992
-0.357256 -30.815 12.1516
15.9914 -4.92624 0
4.20573 -0.114665 0
-1.73111 3.52044 0
20.0079 -45.5168 68.4658
-41.3447 -18.1306 37.8514
-3.8684 7.67202 28.9298
-0.598951 -1.73841 0
-0.734491 4.25853 0
-0.600013 -0.300099 30.894
-0.600004 -0.300016 53.741
-0.600038 -0.300158 31.5127
-2.00184 -1.67007 0
-9.27705 -9.68818 5.53898
1.18373 3.18334 4.51789
4.21523 1.50941 6.14521
-8.08101 15.8335 35.9307
4.7933 2.49829 0
3.77269 -5.5134 15.0298
2.13498 -0.802993 0
2.50654 -44.4898 13.1129
2.73011 27.9625 27.2073
-0.600493 24.4858 0
3.18258 16.9976 0
3.20449 3.87494 2.27608
-3.7275 14.7128 0
0.873653 -5.58812 0
-1.07175 32.0734 13.7416
19.6217 -1.7749 20.9461
7.67712 6.78975 7.58943
-0.160348 -1.54057 0
8.16543 20.7759 25.0737
3.23387 -21.024 35.7461
-1.08545 -26.8871 7.08338
-6.91022 16.8629 0
11.1018 31.1496 4.14448
0.778441 -7.20476 0
-8.57899 11.1892 23.208
-31.2894 18.0898 0
26.7425 -45.9551 25.8744
23.5777 -46.0951 28.4791
-0.704662 1.3606 0
-0.599942 1.67326e-05 30.9004
-0.600003 2.74507e-10 53.7617
-0.600086 1.22201e-05 31.5312
9.76442 -11.295 21.0648
-8.7591 -3.92531 1.99501
24.4379 10.2682 18.9297
7.00015 3.84682 10.9007
2.60765 -2.59839 20.0529
3.87038 6.66943 28.9224
21.879 9.4203 65.5571
5.67263 0.598048 16.2406
-0.461612 -0.153547 0
3.01988 23.7319 30.1405
-2.30228 13.9834 28.8423
9.35608 -11.5625 25.413
-0.0476083 3.72567 0
0.899133 15.498 0
-0.370889 3.9512 0
9.56842 10.2575 5.90114
-1.38607 -1.42112 0
3.81531 37.0799 0
4.03806 1.36825 6.34464
0.893396 44.2448 2.12598
3.17808 -20.8592 36.0948
1.2786 -4.07564 24.8093
1.35096 -8.85639 0
4.46758 13.582 19.6068
-2.78406 -1.35442 0
8.40961 -22.6018 0
-1.2031 2.25642 0
8.59772 66.551 90.6066
3.16748 -29.6417 6.24079
-0.864138 -1.70093 0
-0.599965 0.300024 30.8942
-0.600004 0.300016 53.741
-0.600368 0.300077 31.5129
-17.0629 0.347078 8.57595
3.19725 -7.15199 7.60834
-1.02118 -2.26029 0
2.74829 -12.3664 38.7381
23.9641 -34.1803 0.901823
-11.2158 -36.2807 0
-5.15269 -8.94014 15.8419
-20.3106 -16.6698 23.5477
-3.55562 0.42146 0
-0.600013 30.5975 51.5887
-0.844894 30.8122 12.1581
-0.677343 -2.9746 0
-10.8458 3.35297 0
4.89302 -2.97977 16.7046
-27.3149 40.722 62.7231
-1.70617 -5.80916 0
-22.6825 -8.7665 0
-0.46943 -5.72337 9.84088
2.1339 33.1008 18.2295
-0.598573 3.41467 0
-7.32857 -2.56467 0
22.1207 0.605714 21.3069
-21.4597 53.3062 4.20096
6.47178 6.93705 0
-19.536 -33.7829 17.977
-1.42983 3.04653 0
-1.95615 -10.2261 63.3822
-30.5481 -26.3615 5.19229
8.32178 -20.6992 0
-2.54355 0.589026 0
-50.661 11.7375 0.39742
-1.62151 -2.58578 0
-1.16983 -1.65484 0
0.237639 -2.21412 0
3.33461 -2.76923 0
0.935843 -2.27271 0
-33.1602 -18.1198 1.32727
8.08469 -23.8417 27.4645
62.7956 69.6782 7.35254
1.6355 -2.2855 0
-15.4964 -34.7213 50.5617
2.21882 -2.85057 0
11.1294 -9.15593 0
0.507974 6.90019 0
1.41138 -4.38943 0
16.1068 -31.399 0
1.83138 -2.06106 0
2.38192 -0.170209 0
20.5091 3.72753 12.6614
6.95584 -2.70678 9.55399
12.7739 28.8781 13.9536
-0.780043 1.64127 0
-45.656 6.97469 2.01155
28.6315 3.10898 26.9908
24.4211 -0.301887 0
4.12326 -4.74305 0
2.42847 -2.86379 0
36.7688 -4.19463 9.09086
-17.843 -5.11352 7.15737
21.3931 -14.5284 7.6932
14.59 -16.3939 9.9281
-2.75887 1.46022 0
-1.64338 -2.83761 0
48.9198 7.43193 1.18648
0.790033 3.59429 0
-1.65535 -4.14712 0
10.4252 52.9948 78.4612
-2.24819 -3.57701 0
-48.9949 5.5002 18.8972
-63.3497 39.6973 55.1217
-0.43211 -0.168817 0
-2.28405 -0.0522337 0
-2.95667 -1.31426 0
3.31003 8.28374 0
-4.50731 -7.5056 0
84.8712 -3.96069 10.9113
14.2013 18.7802 23.7893
-6.90196 0.552807 0
-4.98003 -3.08351 0
-37.4336 8.99781 37.3646
-6.28836 33.295 39.8717
17.7108 17.7313 4.83351
-0.284392 -9.78363 0
-0.228543 -1.34529 0
10.1826 -9.27192 23.9099
-2.64321 3.44217 0
27.6063 3.33733 27.2331
24.1795 7.08297e-06 0
20.8266 -13.4595 0
9.7262 26.2319 18.7924
19.4713 73.8742 75.7105
7.75216 -5.78085 22.0813
26.3371 -1.14959 13.0498
8.90159 -4.72081 12.7988
-2.42175 -32.3795 13.9068
7.16719 31.0168 1.30847
-5.64146 1.71868 0
-21.8161 -34.9491 71.1991
-78.8366 13.9592 56.9414
-34.7979 -48.3929 18.3891
-3.89488 -1.84888 9.29153
16.3508 -27.5263 15.8655
-2.07773 4.49394 0
6.68394 -5.76869 2.42743
-0.0797232 1.58945 0
-0.985779 -1.43194 0
15.1458 16.5048 40.2468
-8.81084 -8.27633 0
50.0946 17.58 73.516
6.97759 -7.31267 0
-0.376181 -6.27569 0
-4.14701 2.57802 0
12.3282 -19.8729 0.109998
26.0771 -30.8027 63.8934
0.400851 -2.47723 0
8.25311 -36.6161 1.59232
1.17202 -1.87197 0
7.26924 -3.36273 0
-78.6064 26.7165 9.13784
28.7652 -0.897161 27.4081
24.4203 0.301965 0
2.85059 -0.575318 0
-53.2476 23.2184 11.0486
38.6099 -14.8809 5.91294
36.2896 -16.9311 0
1.44066 2.3321 0
-19.5386 14.513 27.8429
22.3537 -5.99527 0.330755
20.0588 1.02931 20.8435
0.408012 1.47953 0
9.83706 8.5747 0
10.7703 4.40478 0
-7.82012 -40.1953 6.15919
2.0557 0.211378 0
-47.8695 -28.2902 26.8079
33.9291 22.8844 0
6.17828 2.70977 0
-16.9071 -0.679712 24.2892
6.25212 -33.6246 4.77411
8.7329 -22.4698 14.2497
-11.1153 6.94073 0
-4.73887 4.74437 0
-15.7013 5.79125 16.2123
-2.0315 -0.204739 0
-4.00525 -4.88281 0
-6.01741 6.40263 0
-18.6559 31.5956 25.8488
-16.8896 -21.2047 10.5894
0.33226 -12.1095 10.7313
5.05869 8.07984 0
-2.00342 -0.941844 0
-0.282198 -1.59562 0
23.5834 6.08032 27.0072
-30.0219 8.29955 11.4255
-2.91649 -0.381113 0
7.34093 2.85466 0
-75.928 -49.0516 6.48338
-4.39864 -2.63036 0
0.660542 -0.522839 15.0133
-2.20714 0.14248 0
19.6377 -15.9206 17.4672
-12.2124 23.6635 9.83138
-37.1166 -32.3804 1.18131
-11.1535 -9.25267 0
7.50141 51.4008 19.233
0.266939 29.2175 35.1907
21.5773 -16.6267 15.0862
3.88141 -2.10451 0
-15.4437 3.27225 33.511
1.03308 -5.72626 0
6.17663 16.149 0
4.11678 25.2749 26.801
36.0208 -28.1366 6.25683
7.13281 0.168929 0
-22.4162 3.52763 35.7094
-29.8497 -1.30593 4.63811
10.5375 9.20111 0
5.97282 2.39863 0
2.45906 -2.67179 10.6276
-33.4391 11.3493 6.02716
-4.13452 -7.26825 3.87875
-11.7661 -0.117378 0
-16.0762 4.22941 5.05922
14.1326 -62.2711 41.8989
-0.304845 -1.92241 0
25.7505 59.203 0
-25.8267 -30.0698 0
2.90755 -3.08245 0
-0.656962 -1.51546 0
-0.804266 -1.70315 0
4.37584 2.50237 10.0881
-2.49244 -1.25806 0
-2.99724 -2.53994 0
-2.19832 -0.91281 0
-3.70329 -0.430962 0
-2.47724 0.583631 0
15.4783 11.8123 50.0733
-5.91689 12.1371 29.0163
5.16421 -2.09065 0
-4.06372 -4.62274 0
45.1667 64.5567 34.8464
-55.8027 -12.1329 16.4618
-29.7319 44.5051 9.86617
21.0152 -1.10798 6.39467
-5.96317 27.4635 9.67536
-4.09421 2.54563 0
0.730264 -1.59657 0
-21.3931 3.78374 36.1079
-14.3528 -0.293119 23.5566
4.16452 -5.7052 7.28009
-0.438468 -5.96136 8.3994
-10.9172 -0.563943 0
-15.3815 -2.54001 14.7506
-18.5598 -10.5487 12.946
2.14691 3.77064 0
-12.8471 -15.9536 1.76404
13.9977 -10.3387 6.44447
0.745255 1.65574 0
2.18779 3.69089 0
10.0478 -16.0467 31.0709
27.6725 -46.6627 2.06138
-0.656809 -1.4947 0
-11.8595 -6.08949 36.1734
-4.06555 3.67518 0
-28.2858 22.1669 10.3074
-2.70306 0.590064 0
65.5462 -60.5621 43.266
0.148996 -2.363 0
4.0299 -14.3555 26.4885
27.0434 -72.9235 19.8877
-11.0575 0.0453969 0
-36.8417 56.054 79.3099
-3.35375 -1.54558 0
-4.52302 -58.7798 34.7074
11.019 -19.7991 18.0226
0.428553 1.81114 0
1.49962 -19.2221 9.51662
-90.068 -24.7803 16.9732
-1.42932 0.856321 40.5499
1.01186 -0.449615 0
-22.3378 -0.652655 37.0868
-27.7524 0.529204 12.4466
7.6503 -10.1341 0
-37.6303 -0.570366 27.981
-17.4316 -22.7502 13.8539
8.53862 0.707517 20.2249
-21.6397 -11.0284 18.5807
0.79059 1.4008 0
0.126202 1.49006 0
-0.381058 1.57286 0
-0.613389 1.61381 0
-12.5285 12.0892 0
-1.49526 -4.65788 0
2.68167 3.09398 0
59.0425 51.7568 1.54227
-1.61402 4.1761 0
-5.55231 10.2696 61.8081
-60.3212 -24.7278 11.0642
17.8408 -47.2395 37.3884
-2.27439 1.20916 0
-6.06007 -3.01686 36.3316
-2.12207 -0.0872782 0
-38.0511 -41.9083 11.716
4.46244 -14.4799 0
-0.418441 1.80033 0
2.58881 -10.2213 0
12.5015 9.87521 8.31526
-20.9076 -5.36518 0
-3.18424 -0.874321 0
-3.79737 -0.584467 0
-2.38583 -4.4999 0
-2.00129 -0.144311 0
-0.299989 -3.86608 0
-0.0200558 -3.2119 0
-2.90023 -19.5783 0
0.419042 -4.12005 0
-0.725847 5.64746 4.89793
-1.56801 -5.84768 0
25.7778 -34.0576 33.2434
-2.69162 17.6096 41.4696
-1.29327 9.43056 0
-12.1223 33.2629 26.8286
2.6242 -5.34328 2.99075
2.29225 -0.843386 0
-0.299994 -25.295 53.9987
-0.0570318 -30.8152 12.1488
-90.3343 51.7335 17.8646
49.9729 -140.967 79.7409
-0.523485 4.19318 0
0.433582 1.25884 0
2.80617 2.41572 0
20.6593 6.68341 6.32028
36.3723 9.82026 7.26722
0.228662 1.50287 0
-0.300008 -0.300009 30.8945
-0.3 -0.300016 53.7419
-0.300001 -0.300046 31.5132
-17.3875 11.9559 25.0942
5.69072 -12.8309 4.24269
-2.53835 5.42532 0
4.62252 27.9448 35.3364
-44.1134 29.1922 60.1805
6.6387 20.3252 21.7385
9.64579 4.20808 6.03212
17.5513 8.26389 25.4383
2.91999 -44.353 12.8599
3.0313 27.9494 27.2168
-0.300561 24.4873 0
0.367048 -14.2819 11.6669
0.958319 2.53498 0
-3.1265 -0.595768 0
7.80841 1.13845 1.47911
-0.675852 -0.43276 22.2272
28.4658 29.5841 36.4171
71.2823 -89.6799 32.9042
0.243306 -2.63429 0
8.75558 20.3739 26.2756
3.53647 -21.0057 35.7514
-0.78507 -26.887 7.08342
6.58378 -38.0813 26.0828
0.658573 1.44254 0
-5.13733 5.4056 0
-38.7049 -19.3877 10.8988
8.26211 -48.6602 18.4456
-0.729592 -2.17014 0
-0.847008 -39.806 22.4533
19.6558 14.2607 20.7812
-0.299938 1.78874e-05 30.9013
-0.3 5.8976e-09 53.7627
-0.299947 1.52083e-05 31.532
-3.56366 -4.55842 17.1096
-2.17749 -2.49048 0
41.4181 -37.1321 30.5137
3.46524 -0.374909 8.80604
5.31926 -0.122295 20.7058
2.58456 0.615508 0
-13.6279 15.7337 42.0509
5.46396 16.847 0.937335
-0.018773 -1.5215 0
3.32284 23.7145 30.1482
-1.95566 14.0834 28.8205
3.33 -0.422674 0
25.0569 0.57966 26.1063
2.67563 8.02173 0
-3.04923 1.84515 0
-24.9631 -35.6512 14.1008
0.316432 -2.8314 0
-9.69712 44.6528 55.8252
-9.14223 28.0056 51.6754
3.11792 44.1308 2.97292
3.47946 -20.8428 36.1028
1.58206 -4.07961 24.813
-3.90185 1.90715 0
4.72525 14.4918 14.2053
3.4747 26.8819 20.6426
7.76114 14.7627 23.242
-3.72904 0.380768 0
-12.0654 -38.7113 4.74774
-3.93606 -24.8341 12.7816
0.763468 0.128422 0
-0.299945 0.300016 30.8948
-0.299971 0.300024 53.742
-0.300025 0.300052 31.5135
5.17935 5.38915 2.76615
-1.4382 -1.52485 0
5.04292 20.6839 6.89678
-24.544 -30.3799 24.9354
-9.86911 -20.4507 61.169
-4.93988 -13.9339 22.9665
-3.14911 16.0377 36.9074
9.97061 11.2248 2.00899
-0.340839 1.98118 0
-0.299993 30.5871 51.5966
-0.542719 30.815 12.1487
-0.386217 -2.97282 0
-7.72434 14.1904 15.6316
-3.28881 3.01246 0
-1.65905 -21.6065 0
3.0087 12.3487 4.47815
-12.2643 -30.9937 0
4.25115 10.3523 1.3954
3.77897 2.12839 0
-0.291625 3.41831 0
-64.3235 -28.8823 38.3576
-0.576385 -32.9623 7.09233
30.4879 36.7493 73.2814
-1.41887 -4.14598 0
19.3184 0.32058 22.5758
7.1429 52.4333 20.7534
-18.6851 -29.8671 50.7076
1.78851 -8.85603 0
0.0401416 5.33019 0
5.72198 1.74312 0
0.582678 1.66162 0
-4.49309 -0.701481 0
8.59731 2.23628 0
2.48284 -3.10371 0
1.89689 -1.93517 0
5.52809 -4.28372 0
9.9761 30.4316 10.0237
-2.08844 2.11306 8.92331
-10.1969 4.61303 0.624284
11.8736 -9.30545 12.8746
4.64328 4.18456 0.0898884
7.8139 -7.70607 0
11.445 -9.17923 0
7.16146 9.32964 0
1.55619 -4.13733 0
0.0507732 -3.92779 0
7.81031 32.5922 19.3352
-0.519639 6.20653 0
11.1322 26.1235 10.026
7.59988 -4.00414 8.26583
0.452241 4.55974 0
1.04843 -0.491368 0
-28.9062 -11.4229 0
28.931 3.1105 26.9917
24.7224 -0.301207 0
5.53982 3.28635 0
2.14784 0.283046 0
0.423779 -2.25089 0
-22.2513 -5.56288 23.044
-8.34799 -27.7358 9.65105
-22.7882 14.7764 21.462
38.9611 -26.1653 25.2101
-0.64441 1.25339 0
-0.446463 -0.118016 0
2.11216 4.15516 0
-1.29515 -4.15955 0
-18.3895 28.9497 36.7146
-11.0589 16.54 39.699
0.351128 1.59233 0
-11.141 31.141 0
31.8622 -46.0017 0.855782
-0.193016 1.35728 0
-1.02849 -5.29876 0
4.25933 -0.604235 0
0.440977 0.184778 0
87.5604 2.32283 8.03341
14.4847 18.7875 23.7905
-50.8584 35.9482 11.63
-2.19302 2.54738 0
42.0978 -29.0466 2.78342
7.88913 31.9989 29.7841
0.42032 -1.93127 0
27.7207 -18.5794 2.42205
28.1399 -25.6804 24.0402
-51.4793 13.4382 16.8298
-2.89891 0.249828 0
27.909 3.33757 27.2331
24.4824 0.000305361 0
0.427622 -2.33661 0
-20.7746 7.79388 25.6176
15.5857 -1.37671 0
1.04623 2.80904 0
12.8662 11.4032 5.18314
-2.30784 0.813175 0
-6.42186 -1.52114 0
-4.41562 -2.65934 0
25.1411 47.2924 64.1727
-41.6349 -69.5841 51.0691
-78.5545 14.1785 56.8544
4.94265 -52.6526 27.5728
-5.78094 -8.49995 8.16816
19.5649 4.57707 3.92987
-10.335 3.6956 20.0469
0.626576 1.86888 0
23.7524 -12.7272 2.8777
-0.424452 1.17817 0
0.708214 1.71909 0
1.29555 1.97912 0
50.9989 14.1728 71.4867
9.26 -9.81742 0
-6.81599 -8.36911 0
2.49201 2.21339 0
26.0717 -40.3994 38.4342
-28.3439 37.5518 1.17565
16.9286 37.8324 5.78135
-19.4901 7.61826 0
1.85585 3.26523 0
-5.83761 15.0288 14.8003
-2.13131 -0.200868 0
29.0645 -0.898142 27.4091
24.4699 0.301804 0
33.7887 17.3455 14.2671
0.416669 -16.0173 15.498
17.8134 -7.38399 31.694
5.328 -1.22101 0
46.8821 -13.2395 22.5193
9.35824 -0.490824 0
-7.44705 -35.5883 19.3239
-3.55244 -0.299314 0
0.329993 1.47321 0
10.1482 8.59579 0
11.0651 4.35631 0
-7.45996 -40.2584 6.37104
1.92433 -2.4659 0
16.6134 -1.86695 11.1716
2.60298 1.36126 0
13.2098 -1.18427 4.86342
-6.74859 0.49137 0
-0.41041 1.19712 0
-0.163642 1.75674 0
16.2595 90.8572 68.5491
-7.59822 4.38165 0
-15.3942 -30.5309 51.7126
2.77224 0.968631 0
-6.79662 -16.898 10.35
54.9426 -26.6905 36.9397
5.51879 -9.32679 20.3237
16.345 -1.82689 14.6199
-12.3865 20.0119 9.12633
-3.13909 -0.733482 0
8.16013 -36.5075 16.2124
1.0705 -2.34904 0
-2.26183 -30.8821 21.5529
-37.5533 53.1777 47.1577
-0.720251 -2.75996 0
-4.35765 -6.9461 35.3111
1.72378 -2.8905 0
1.09568 2.02175 0
-0.221182 1.41896 0
4.14276 -3.49872 0
12.3995 -6.76511 13.3755
0.502281 2.84763 8.8283
-23.9468 -22.137 0
-10.8534 -9.25257 0
6.83559 51.3811 18.4179
0.590648 28.4686 34.9778
-23.2468 12.4219 1.68178
27.3524 27.9163 19.533
59.5182 -14.2846 37.1225
-18.9857 -16.7764 7.84538
-16.9542 8.75947 25.1572
4.95307 9.76534 29.0386
5.6584 2.77621 0
3.52009 -1.93463 0
-22.115 3.52723 35.7093
-24.7712 -0.300852 0
32.2568 40.6275 6.92817
0.974911 -1.62399 0
20.3705 5.65329 9.63731
10.6757 -31.2116 20.3904
22.9456 -2.68157 9.23466
-3.47056 -0.730453 0
0.37675 31.2964 29.6101
12.8455 -18.5694 9.09217
2.25937 -0.410646 0
-33.7151 82.5371 5.22482
-2.70248 13.9239 28.8736
3.06503 -3.24897 0
-0.203357 1.3688 0
-33.6875 -18.0397 41.5111
0.474577 1.42546 0
24.6826 82.8744 8.86933
3.26013 11.6087 0.828255
-24.7881 60.1929 9.5073
-2.57276 0.327488 0
-0.514275 1.87071 0
15.8569 11.896 50.0034
-17.1557 12.4321 25.0797
67.6615 -45.1902 32.4154
-10.5519 -24.5287 0
8.44667 64.3446 26.6338
4.74443 25.7038 12.3994
16.7014 26.1235 8.77371
-0.726095 -0.464549 0
-3.88985 -4.71856 0
-0.614568 -4.68929 0
0.791676 1.58935 0
-21.0929 3.78375 36.1084
-24.7827 0.000146137 0
-5.33124 0.934797 0
-12.3702 -0.74631 33.4545
-10.2646 -0.530412 0
-7.28263 -0.254095 0
-23.3895 0.612771 5.17667
-4.42462 3.97189 0
13.1364 -11.954 0
-3.0231 -0.0495501 0
-1.30551 1.62103 0
1.2438 1.94788 0
-6.65095 -16.5903 28.9029
9.46334 -30.3866 11.8193
-7.28832 -5.71518 11.218
-16.5176 19.6104 26.1687
-3.41457 3.48409 0
0.76547 -0.460698 0
17.7866 -10.6153 9.38499
0.02051 2.98001 0
-1.21722 -1.2904 0
-0.117635 2.90041 0
29.4267 -72.509 19.2076
-7.92612 -7.7416 0
13.4121 -25.0078 71.5039
0.348385 -26.9367 1.6811
-45.7556 -20.0964 20.9717
-0.018819 -8.37648 0
0.543059 1.38534 0
0.367732 1.70901 0
-6.46946 15.8722 2.64841
-0.452808 -13.0239 19.1563
1.20376 1.51691 0
-22.0367 -0.652298 37.0865
-24.7714 0.301215 0
-2.95032 -7.08034 8.5729
-37.3292 -0.548988 27.9958
-2.76128 -3.37126 0
-1.44211 -5.92295 0
-1.01912 3.32809 0
-4.64243 25.6687 32.7244
-2.81734 3.81579 0
-9.66618 -2.71163 0.335876
-21.8347 13.6083 8.46685
-12.2284 12.0891 0
2.38342 6.54019 0
-0.0419047 9.47919 0
-12.6377 23.5113 8.7786
-0.202682 2.67235 2.02322
53.0954 14.612 57.4782
-2.93584 0.646507 0
6.08523 -1.55118 27.0075
22.023 9.5533 22.5719
-31.2889 -11.7538 34.3946
-3.78669 1.25985 0
-4.32833 6.92898 0
-20.168 -7.16643 38.0837
-13.2278 31.3041 5.54652
-10.3441 14.7751 0
-6.26058 56.2502 3.43721
39.2701 24.1788 6.24298
-0.73381 -0.165247 0
0.704817 -1.70721 0
-8.27022 8.07706 0
6.36213 16.6775 17.1775
-0.00133234 -3.86626 0
0.347499 -3.49899 0
-2.59667 -19.2543 0
0.717499 -4.11989 0
-0.398851 5.61235 4.97681
-9.82747 3.33286 0
-2.08156 -5.23198 0
-2.22492 22.724 37.8785
-3.67554 1.90135 11.3107
-11.7253 27.1644 20.0561
-2.0288 10.2396 0
0.992686 1.80829 0
5.75255e-06 -25.295 53.9988
0.242618 -30.8154 12.1489
-4.52405 -0.326025 0
6.13098 5.78096 38.3611
-2.50944 14.1041 0
16.6846 -45.4604 43.6601
-1.91747 16.9099 9.46534
-10.2849 -3.46023 6.70332
-2.64812 25.2324 9.52539
11.1264 23.886 18.9463
-8.62541e-05 -0.300087 30.8946
1.09526e-08 -0.300016 53.7419
6.74522e-06 -0.300264 31.5136
5.76242 -6.23281 11.5954
-9.68965 -12.9941 11.85
7.28616 1.209 10.1589
4.83992 1.43379 4.73346
-10.5354 -14.502 15.5666
15.0363 9.35512 19.2622
-7.88123 6.7094 11.0611
2.43236 5.70914 0
3.1854 -44.3768 12.8014
3.33367 27.9504 27.2169
0.000404922 24.4881 0
-2.81065 -11.028 0.437099
1.32326 2.4549 0
-1.22899 3.11406 0
0.869187 2.34965 0
0.0630195 -4.76385 0
-8.30651 -4.14739 15.9588
-0.33506 -3.21765 0
16.4382 -8.86196 0
2.81126 -1.58823 0
3.8367 -21.0055 35.7513
-0.485096 -26.8868 7.08315
4.35106 -0.0484513 0
-2.66999 10.3492 1.89269
45.9891 -1.18535 91.6891
3.1456 -10.4862 0
45.9007 -8.29589 41.7411
1.8025 -1.96809 0
-4.58392 -37.7228 65.5436
-2.79821 -1.49122 1.21546
3.37225e-08 -6.31214e-08 30.901
5.46559e-05 1.57352e-05 53.7629
4.0626e-05 -2.32443e-05 31.5318
2.72489 17.5881 28.909
-5.37286 1.93675 8.45579
-1.32866 -1.56402 0
3.91539 -0.344646 8.69284
5.8355 1.02616 20.1648
27.5631 35.089 51.9045
10.8595 24.7501 35.0946
1.18777 0.552677 0
0.52175 -1.57911 0
3.62318 23.7141 30.148
-1.65563 14.0833 28.8205
12.1172 -19.3544 2.48345
-1.726 1.39738 27.6696
-0.624621 13.8238 0
-6.0148 8.06772 0
-38.2978 -46.762 3.89511
0.406458 1.46664 0
-0.35719 -1.42159 0
15.041 -6.5005 8.48855
3.06521 44.289 1.06346
3.78178 -20.8435 36.1041
1.88442 -4.08546 24.8127
0.249653 -4.25569 0
6.01398 17.2993 13.5692
-2.73103 51.2363 19.7909
3.33696 -13.2702 0
-2.98088 1.67412 0
0.361329 -7.63803 0
7.05632 -15.2098 4.69965
7.4289 -34.5546 31.8926
2.50947e-08 0.3 30.8945
0.000141686 0.300057 53.7423
2.45126e-08 0.300042 31.5132
7.30458 -1.85991 7.31074
-1.24833 -1.95695 0
-24.2045 50.6135 21.5457
-70.1491 2.66183 25.7913
0.159632 -3.71519 0
5.34484 6.56499 0
-1.7589 0.392931 0
-0.718606 -1.17461 0
0.353309 -7.26175 0
0.000120036 30.5873 51.5969
-0.242594 30.8156 12.1489
-0.0668159 -2.95864 0
-1.08565 -1.43187 0
12.85 -12.8956 2.93496
-35.7231 11.9428 9.81129
2.38458 3.77333 0
-30.865 12.2519 0
0.918444 -3.42322 0
-12.3569 14.7814 25.2653
0.00638875 3.41785 0
6.97623 -0.453393 0
0.864499 6.31242 0
-33.0614 33.9378 8.95546
-3.29971 -4.68612 0
-5.13596 4.98107 0
8.1808 61.5297 23.288
-9.26867 -19.4262 27.944
4.50224 19.3041 54.9475
10.8006 -14.8775 0
-5.73314 -17.2194 70.4835
-1.87823 -3.67492 0
-54.7332 -7.71305 13.0986
5.87914 -0.625247 15.1671
-58.3074 18.1764 24.8786
31.7774 -74.1676 16.0914
38.3842 25.5074 48.6937
-84.9055 9.38602 46.3292
30.1997 20.7088 7.77159
-3.85666 14.6084 7.75248
-22.5772 2.36545 0
-0.449427 0.407889 0
8.09505 -7.69374 0
11.7453 -9.17931 0
0.666981 6.98483 0
-5.61248 -10.5819 0.768867
1.28441 -6.68694 0
-7.30705 -4.87973 0
22.6587 -5.66796 0
-14.0639 -3.87576 36.8397
9.70217 -3.53485 7.44222
-0.150677 0.178555 0
-30.5245 26.7946 14.9132
14.2825 -46.4119 10.6521
29.2299 3.11283 26.9902
24.7715 -0.30065 0
-10.4114 -11.9821 5.70288
3.07746 0.498427 0
-14.9793 -7.9904 10.4707
15.6414 19.254 10.5232
31.7383 -40.3765 2.75674
-10.391 -12.1516 6.75998
1.55807 1.77111 0
6.43713 -8.88502 0
3.18322 1.37803 0
2.92068 4.93807 0
-0.949294 -4.16196 0
8.47568 22.3791 59.8318
22.7569 39.3399 2.90717
0.540057 10.9104 0
-9.84174 -113.653 37.4651
-0.121297 -0.434346 0
2.01222 -0.255326 0
-8.64724 -26.0041 65.7623
16.523 -11.0219 0
15.3402 32.8724 16.4608
87.6771 4.55043 8.3853
14.0007 18.4077 23.8353
-51.2664 36.3516 11.4135
-0.163554 -1.42996 0
10.13 -50.1255 6.93135
-35.221 -8.50522 34.6517
-36.9112 3.05524 17.6686
-2.91906 -0.73885 0
-17.3279 -67.3899 2.42792
5.1484 -7.61581 16.2723
11.4998 43.0913 19.3092
28.2052 3.33702 27.2285
24.7821 0.0006048 0
-12.6813 11.5824 36.9034
-37.8623 -3.91748 6.45728
50.0153 34.9708 6.86934
25.797 -10.4424 9.81338
-4.69498 -24.0391 9.26868
-18.0946 -9.42374 0
2.1344 3.03209 0
-34.0733 33.6274 77.809
-0.903385 0.339895 0
1.20387 -1.76552 0
-0.348031 -1.8826 0
-9.46295 -49.1769 31.8501
11.4538 58.9031 43.427
-13.0339 -8.10136 7.67231
-20.7368 9.9673 7.0963
-58.1022 -8.86244 62.3343
11.112 -3.65293 8.60673
-5.32291 2.04743 0
17.1542 -90.4251 36.4494
28.8316 -18.8367 66.8921
45.7394 16.8346 83.2494
-37.3456 23.7016 2.36138
-3.81629 -1.82574 0
-1.53011 2.09276 0
27.8102 -7.36935 17.8806
-7.32868 18.2042 11.566
36.9678 -2.98601 36.5426
22.1606 73.79 41.0962
30.5748 10.5644 50.4519
-36.5514 22.2409 40.9709
-0.537007 -1.34515 0
29.3637 -0.899979 27.4077
24.7711 0.301578 0
1.93213 0.505204 0
-34.8199 -6.84437 15.9973
-3.76089 -3.9875 5.56991
4.60655 3.87004 0
33.9895 67.6185 27.5099
18.2935 -30.9856 27.7142
0.550141 13.9209 46.3092
-35.1117 -47.3555 99.1525
-3.11299 3.79157 0
10.4484 8.59586 0
11.7168 5.27774 0
-7.09394 -40.2567 6.371
5.82852 -4.16221 7.41232
8.85539 -61.6305 9.65382
-14.4184 -38.7794 20.5232
-2.16964 2.72707 0
35.1262 21.3404 42.3556
11.4782 7.16154 7.79389
37.678 7.13979 21.7959
1.05567 -3.24868 0
-7.48751 2.91 0
16.4125 -40.3356 16.0575
0.322443 1.49293 0
-0.736364 3.6472 0
2.4369 5.2568 0
0.35159 4.52127 0
2.30914 -1.69513 11.3031
-11.2644 -14.3369 0
22.5594 8.11365 5.66313
153.095 18.758 25.064
1.74835 2.25457 0
14.5036 -37.4036 30.4519
16.7684 -9.75347 8.01905
-1.64729 -1.47583 0
-22.9494 -46.3754 57.0624
-4.88619 -7.39758 0
-1.88603 21.9776 25.6048
-2.86999 32.2884 8.79615
-21.0453 11.1726 5.63902
-2.1205 -3.06839 0
-4.5293 18.0943 18.9293
-25.1709 -23.6333 0
-10.5532 -9.25249 0
7.13842 51.3815 18.4267
0.907914 29.2195 35.2131
-27.8176 -4.88366 16.8561
-8.51492 -2.65963 22.6811
5.11806 -1.06137 0
-2.68085 -3.47641 0
-2.80756 3.32239 0
-49.856 10.3712 12.6337
0.572316 -1.68645 0
-31.2864 27.3544 3.50081
-21.8151 3.52517 35.7116
-24.4699 -0.300652 0
42.6022 18.0884 35.4149
2.27444 4.38525 0
-5.20699 -0.617604 0
-37.025 17.0283 7.55075
0.805389 1.25471 0
-19.474 -24.6417 4.65766
8.31399 44.6653 90.2963
-10.1859 -2.80798 14.7103
1.57637 -1.77379 0
-33.8295 82.4281 5.34787
-2.43267 -22.3577 24.732
3.07944 -2.87162 0
-2.48539 0.969192 0
52.9675 -21.8648 16.5447
-2.07236 -4.04589 0
2.05736 -1.61432 0
0.2797 0.897377 3.79408
-4.12357 1.39823 0
0.651423 -1.8678 0
0.67537 -1.94361 0
16.3404 10.8271 47.5959
-17.3078 12.3055 24.9978
46.5351 -1.29868 8.06779
-4.59595 -1.93849 0
2.28117 -84.9578 1.5062
3.47212 2.19267 0
-70.7454 -6.16042 51.9627
-24.3932 -23.7271 19.5138
-35.5196 -25.0171 19.3112
22.1315 -2.83435 24.1486
-2.09341 1.56423 0
-20.7939 3.78435 36.1146
-31.18 -2.48356 7.61957
-6.68519 2.57879 0
-2.32395 0.713422 0
-9.18275 -0.51496 0
-4.15991 -1.71679 0
-23.3004 0.618219 5.03102
5.59198 10.4705 20.5154
-26.4293 -19.8374 29.4035
26.7412 -17.581 24.595
1.5424 1.32228 0
1.58744 1.88632 0
-6.9451 -16.142 29.0196
1.52883 -7.73334 0
1.34999 -12.2513 3.26491
-2.10649 4.60937 0
-22.8285 -3.09658 23.0008
-7.33884 1.79778 29.4713
2.0523 0.856936 0
-37.6488 10.681 97.2137
8.61716 5.04491 12.908
2.39386 -0.192949 0
29.1843 -72.9825 18.9202
-7.62188 -7.75568 0
-27.7868 1.41285 63.0296
44.7734 -19.3371 12.0815
11.7612 14.705 1.71836
-0.171223 2.53711 0
3.03532 -1.73447 0
-5.40391 -7.73126 0
-23.5778 -37.6588 0.124678
0.0839006 1.78759 0
0.55519 1.6992 0
-21.7371 -0.650965 37.0882
-24.47 0.301639 0
-3.34409 10.2139 15.2099
-37.0432 -0.507394 28.0425
-2.48746 -8.52639 0
3.00648 3.39276 0
6.95946 -61.8612 39.1984
12.4292 -8.09124 24.076
-11.9212 8.65596 3.44258
-30.6199 -37.447 7.91619
29.8256 34.0833 0.187979
-11.9283 12.089 0
-2.10871 8.44982 0
33.0766 20.1571 1.47249
-15.3599 -5.05105 0.15426
-2.10455 0.059156 0
-54.8867 30.8752 11.9377
-12.7623 3.98345 8.50238
-16.6831 -8.05031 10.0698
-15.3683 9.1648 12.3709
-14.3337 16.4403 21.61
39.8261 1.56392 1.25041
-37.1225 -42.3529 12.6797
7.77674 1.20925 8.73617
-1.48904 14.9623 0
27.728 -13.6334 3.19583
16.1291 2.64065 0
0.884655 60.3268 57.6093
-2.14341 -3.18059 21.6546
2.39667 0.51327 0
-4.97384 -15.0201 0
-3.66149 1.40977 0
0.297738 -3.8636 0
0.861937 -3.31497 0
-2.28188 -19.2515 0
1.01264 -4.12283 0
-0.0159986 5.61783 4.96454
2.55885 -1.33373 0
-15.4911 -26.5998 26.797
1.18359 32.0978 30.9287
10.6556 3.34761 0
12.0512 24.7378 18.0398
-1.52294 8.74301 7.51579
0.284299 -1.37957 0
0.300006 -25.295 53.9987
0.542625 -30.8151 12.1489
9.78422 14.0567 38.8657
12.7208 0.24883 0
-1.72922 10.3553 0
21.3575 -45.5594 46.9529
2.26886 0.576104 0
-1.86696 -0.381431 0
19.6181 -26.4247 33.8762
11.8555 7.06336 12.8967
0.300112 -0.300112 30.8947
0.3 -0.300016 53.7419
0.30015 -0.300371 31.5138
3.01646 -0.90385 6.2125
-2.73707 6.32429 4.86501
19.4461 6.71761 27.7171
5.01663 1.47825 5.08321
-13.5846 2.15157 0.699061
27.6592 -45.3262 18.806
8.32267 2.98512 24.3365
11.8617 17.6046 9.86985
3.44489 -44.4603 12.5752
3.63616 27.9481 27.2155
0.301061 24.488 0
5.29559 -0.630698 0
1.52891 2.42758 0
11.8415 22.9814 0
17.8663 -11.6002 30.2507
2.31604 -30.1006 8.44663
-10.0366 13.401 0
8.46094 7.057 5.21507
-30.5324 -8.68404 0
2.68909 -0.364135 0
4.13679 -21.0056 35.7508
-0.185248 -26.8872 7.08399
-11.2161 -18.2019 9.22834
-22.78 -0.434276 2.95031
-40.2338 -61.3072 71.5127
-3.08316 13.4449 26.356
15.9979 19.5586 17.6743
6.91928 5.36845 3.85417
20.8748 -34.6335 42.209
15.5943 21.2435 12.3243
0.3 -9.76069e-08 30.901
0.300019 5.4229e-06 53.7627
0.300059 -5.11014e-05 31.5318
4.32275 -3.21619 0
-1.352 2.54149 6.59519
-4.48369 0.377165 0
3.97442 -0.41732 8.51724
5.80568 0.936807 20.94
4.8426 7.95453 0
17.6025 26.5698 41.5551
5.57469 11.4948 7.75519
2.00666 -1.11183 0
3.92341 23.7138 30.1474
-1.35523 14.0831 28.8206
-2.59644 -0.306774 0
-0.157987 -0.139569 0
1.55507 -4.67575 0
4.49585 55.5432 6.46511
2.2248 -8.34026 0
-0.697917 1.44313 0
-0.206568 0.54746 17.3039
23.6574 54.1793 8.21955
1.18885 16.7783 0
4.08366 -20.8419 36.1012
2.16346 -4.09986 24.8232
-5.28102 -2.15415 0
10.6358 11.4891 0
3.5115 9.78228 0
-22.8293 1.20778 42.2537
0.421748 -24.2635 6.66653
2.2447 -1.29591 0
-1.36001 -18.617 5.65531
-13.8913 -14.7309 4.10916
0.30002 0.299996 30.8947
0.300087 0.300041 53.7422
0.300039 0.300051 31.5135
-5.6033 27.3733 12.2724
-73.2235 -36.3295 13.4809
-25.7971 -8.77187 28.4146
-1.71331 -17.6935 0
-7.78215 -16.2632 11.1256
17.2304 13.4352 31.8249
8.88876 5.89149 0
-25.5606 -2.84155 84.7294
30.7854 34.579 0
0.300107 30.5874 51.5968
0.0573937 30.8154 12.1487
0.237044 -2.96295 0
-1.11004 -1.22909 0
-2.11142 -17.4728 4.31092
3.8755 -2.20684 3.41103
0.88156 24.5429 12.7403
2.48261 1.76556 0
34.0557 12.9019 36.5565
1.27342 -1.82348 0
0.304747 3.41822 0
9.06774 -2.96032 0
-22.4398 -5.24095 4.49171
2.83746 4.54807 0
-2.95806 -4.6845 0
5.18656 -0.386126 84.6017
1.82797 -1.53673 0
2.69607 -25.9983 31.8968
-2.00153 -7.97338 9.51761
-8.14853 16.7563 15.1237
65.6219 97.2945 46.5692
3.19242 -3.15049 0
-28.2763 -29.8894 27.4862
25.7827 23.3772 2.93326
1.92645 -1.97248 0
-4.91236 -4.18762 0
8.32684 -4.88693 0
3.466 -2.84834 0
-8.95827 53.4197 17.257
-2.01718 -1.53497 12.3351
-12.613 3.62661 4.71463
80.0811 -39.2545 24.3197
8.28587 -7.70311 0
12.0455 -9.17947 0
0.630154 7.11077 0
1.16945 -2.80977 0
1.81555 -3.28358 0
-5.3239 -17.4444 14.4528
4.64835 5.22972 0
-2.63047 1.56945 0
37.4611 -11.8614 0
2.22398 -1.16955 0
2.1913 0.0330651 0
-36.384 96.2104 13.2735
29.5345 3.11348 26.9957
25.09 1.09663 14.6585
-9.1932 -7.34374 8.31546
-26.1225 -26.0821 12.6443
16.8194 64.0882 20.4018
-21.7521 -45.2503 74.5493
-54.2837 -1.99225 22.2237
-34.0026 -7.2982 22.3721
10.9761 17.9831 12.5735
8.13805 6.19984 0
9.11823 9.3722 0
-19.9571 -53.2144 47.1528
-0.339865 -1.79517 0
16.9031 58.0245 54.8058
0.183258 0.148384 0
56.6674 66.1083 92.5368
-38.7769 -28.2923 22.23
-0.36968 1.20247 0
2.61174 0.699934 0
4.44941 -51.1465 16.5845
29.1031 -11.2476 98.3841
1.56087 -2.23323 0
83.7728 29.9477 1.71033
0.492579 20.3934 25.1321
12.1238 9.37094 45.6121
1.98861 -1.46025 0
-25.6277 4.56685 8.46677
-2.96272 -2.67707 0
2.00554 0.00484049 0
-0.927748 12.9546 0
0.297204 -2.30034 0
7.47739 21.9365 35.2394
-8.03464 21.1357 46.6729
28.5085 3.33699 27.2328
16.1773 0.0680825 22.3302
-35.1729 -11.5685 10.2883
2.75959 0.418042 0
17.7458 -1.52333 0
0.89262 -8.15502 0
24.3194 -4.77786 11.7928
-61.3439 58.1055 31.9797
-41.0993 -21.7896 4.09941
-17.0214 -4.19819 5.87056
29.5135 49.0657 14.4362
1.26371 -1.80608 0
4.243 6.69914 0
24.8523 -43.0621 39.9477
-13.242 -13.851 14.2064
-18.0564 -8.89874 18.1998
11.3376 6.65657 0
4.79683 28.2794 6.89489
46.3494 -46.7732 7.69248
1.25088 -1.85909 0
4.52703 0.778045 0
53.6533 35.6474 11.5957
-118.624 98.3848 134.622
7.87887 -7.26752 0
80.2719 -42.0003 48.6806
1.95246 1.76877 0
-0.0614434 6.79556 0
3.60503 -3.69543 0
-42.94 40.0173 27.1899
2.95439 -14.1749 4.67628
48.812 35.0068 43.1501
1.39834 -11.6242 14.6998
1.52034 4.04804 0
29.6687 -0.901295 27.4133
28.8841 1.49501 5.37466
-24.6544 41.0311 26.4898
-1.93133 -3.66259 0
-14.72 15.1192 29.9406
-35.8993 -39.2339 13.2083
-20.2468 -54.7773 11.3582
4.9694 -5.87797 0
22.6272 10.5719 16.3514
-46.1009 -1.14538 0
-2.27838 -11.9405 61.4248
10.7487 8.59602 0
27.7298 46.082 7.45875
-7.54113 -40.2518 5.67792
-36.0851 2.88599 4.05567
14.0421 -3.06129 4.89668
-3.84371 -4.04603 0
-27.3494 -10.172 1.73976
16.2726 7.04229 14.0039
28.4832 68.3865 12.6847
2.16816 -0.545288 0
-6.88793 -2.38575 29.6634
-4.3183 3.30824 0
-6.07339 3.2126 0
3.60345 6.59818 0
8.29336 6.94199 24.0015
2.56023 2.21987 1.94713
2.4432 9.17518 0
-8.43737 10.2868 40.2119
5.04715 -3.89777 0
2.09101 -0.483343 0
-2.00373 32.223 17.4994
1.59632 -2.54488 0
3.39523 -5.69048 0
-3.83745 1.93084 0
17.0818 -40.8499 4.47576
18.8602 -36.0996 11.6002
7.5261 1.39347 0
3.69839 -1.92203 0
-1.36454 -2.2301 0
1.90245 -5.06919 0
11.4162 -11.0183 7.81523
0.043054 8.26425 0
-18.95 -18.2393 0
-10.2418 -9.19908 0
7.47047 51.3985 18.3878
1.17113 29.3442 35.0065
21.2417 -36.7989 6.58378
-9.26826 8.1017 21.3354
33.1777 26.2288 16.5695
4.21697 36.4094 28.9322
37.2256 29.2312 13.9173
43.4656 54.909 21.8599
1.8963 23.5618 9.69512
2.34147 0.868301 0
-21.5164 3.52462 35.7109
-24.4205 -0.300663 0
-0.177392 2.08554 0
-0.168599 1.55566 0
-2.03663 -2.23798 0
-29.8708 -28.2795 0
-39.4783 4.01073 12.6235
-16.9394 -42.3402 9.85636
-2.67384 3.23058 0
-0.138098 1.90439 0
2.55418 -2.11554 0
-32.0173 83.0671 6.26978
-13.6598 -18.1202 25.3848
3.58541 -1.21571 0
39.0814 -26.1848 0.461643
27.9438 -18.4951 0
-0.664956 0.365243 12.3393
-0.176577 0.378759 0
22.9537 50.5614 26.1993
0.848098 -1.77559 0
27.1114 2.68235 39.9684
2.26715 -0.852095 0
14.4005 14.183 55.6021
-17.0062 12.2968 25.002
-23.9132 -9.1413 0
9.70534 20.408 5.75578
54.6978 84.5006 3.45772
-3.26891 2.01023 0
-6.41381 -6.11026 0
-23.9642 -13.3611 11.8684
-30.9838 -29.5297 1.40227
2.24686 0.357674 0
27.0038 42.0346 2.80202
-20.4933 3.78397 36.1141
-24.1784 0.00112212 0
-4.48733 -0.314602 0
40.773 26.0978 19.2449
2.52239 -3.45865 0
15.1921 16.693 10.9193
-20.1457 4.74671 3.78797
6.13757 35.0618 20.5754
-0.894553 6.64406 0
-17.3064 -1.44608 3.30114
0.240647 1.83238 0
2.84221 1.20192 0
-6.64948 -16.1314 29.0234
53.3833 34.679 17.0661
-16.8215 -13.3519 24.0519
8.39436 -3.87585 2.18789
3.30224 -0.475761 0
1.20975 1.5901 0
14.8451 -19.6544 48.7694
12.1856 -7.64641 16.1914
-10.3102 -6.13472 17.4576
-13.4395 -13.3302 22.0858
8.62562 -73.8337 20.9949
13.5908 -26.5702 11.3426
2.60281 -1.12987 0
2.38864 -29.3352 0
66.3577 52.2896 41.9195
-47.9631 -73.8871 43.5691
-0.146915 1.62142 0
2.15317 -1.07892 0
-2.15168 29.4048 22.4729
1.99054 0.40289 0
-38.7187 26.6967 41.8612
-21.4392 -0.65035 37.0876
-24.42 0.302157 0
4.33704 26.5831 39.2692
-38.4938 -0.1975 26.5513
-1.41012 -17.8025 0.0692914
0.26805 -3.98073 0
1.08428 1.57823 0
-7.00308 -13.1763 15.9107
-12.4392 -6.66489 0
-15.7212 -2.17362 21.6207
0.709685 1.43448 0
-11.0384 11.4348 0
0.185513 13.6658 0
33.4272 20.0982 0.978508
-7.40228 2.72553 18.374
0.589619 17.2628 0
-0.128469 -2.15411 0
-0.148642 -0.42807 0
1.93773 10.8901 0
-1.20597 1.50866 0
-17.4278 -10.133 23.3001
0.134481 -1.44769 0
-38.2257 -42.1022 10.7393
-20.2338 -14.1586 20.9883
-7.4189 -29.6005 45.8919
33.6871 21.5254 14.7354
29.2094 -5.76064 39.1835
3.75514 87.1619 27.4844
49.677 7.74393 16.7755
2.6436 1.75594 0
0.311142 21.2125 16.3598
12.0114 35.4571 64.1346
0.600784 -3.85387 0
6.14966 -1.32296 0
-1.99465 -19.2381 0
3.2878 -12.9621 0
-1.40286 4.83803 4.4192
3.39331 -4.88001 0
-0.459221 0.185515 0
4.89596 7.07631 0
13.2651 38.1436 39.0302
-0.0952114 28.9975 2.53943
8.11334 40.7812 45.2643
-0.539012 -2.16232 0
0.600022 -25.3063 53.992
0.844997 -30.8123 12.1581
-1.67698 2.2231 0
0.0151363 -3.36851 0
-0.264279 3.52689 0
-8.69573 -55.322 44.7432
0.732037 11.6259 1.81212
-0.690149 -10.4723 86.6186
-21.0373 -22.1536 67.408
-7.58411 -3.63937 4.05664
0.600207 -0.300118 30.8939
0.600004 -0.300016 53.741
0.600178 -0.300151 31.5125
-4.22474 -2.22701 8.51122
7.84651 -7.15871 2.07577
-3.62876 9.67694 4.99308
3.76341 2.3974 6.08347
7.2894 5.55114 0.0163704
-3.26099 1.8925 0
-1.98072 30.5455 32.9915
31.0552 -12.4719 66.4754
3.48362 -44.7205 12.2171
3.9349 27.9622 27.2063
-0.795439 32.6733 10.025
-8.65456 0.164241 3.0035
1.08775 1.79077 2.82156
2.44445 6.9515 0
-9.21896 -12.3792 3.77971
-0.662669 38.2114 5.63066
15.8631 5.03552 33.476
7.64384 14.649 19.5305
-14.6226 -3.20439 50.8854
3.06412 -1.88901 0
4.43653 -21.0239 35.7454
0.115461 -26.893 7.07298
-0.249793 1.46504 0
2.35609 -0.875101 0
18.3241 0.732795 49.7924
-5.25049 4.52724 0
-7.01048 -15.42 6.47171
109.589 -14.6632 56.8597
16.7041 -0.400705 0
0.278254 -3.01065 0
0.6 -5.34925e-08 30.9001
0.600003 5.95786e-10 53.7617
0.600021 -5.42869e-07 31.5308
7.12388 -7.63741 7.32595
6.03343 -3.72754 4.65978
4.56334 -1.90048 10.4474
2.1067 1.17769 13.0734
6.99586 6.30712 15.4547
-10.2738 -13.2274 9.32704
-2.88629 -29.0965 2.97433
-17.0856 3.12944 39.1907
-0.218983 2.56307 0
4.22323 23.7314 30.1394
-1.05427 14.0778 28.8215
-3.1694 3.2031 11.1592
5.27666 14.3834 4.31501
0.445247 22.4107 0.694461
2.09536 1.8097 0
47.5038 -20.7213 11.4762
0.403592 4.6467 0
-1.41562 -15.7399 1.40886
55.903 -32.1596 32.887
20.7971 27.8021 28.5466
4.38205 -20.859 36.0939
2.65329 -3.87617 24.6707
0.520018 -8.38832 0
-0.0164016 3.40606 0
11.3807 27.4829 17.8088
-3.43805 -0.935411 9.46465
-4.10644 -19.2393 18.8741
-0.865772 3.50562 18.1817
-3.75191 -10.8554 7.78468
-14.767 14.9175 9.70301
0.600071 0.299997 30.8939
0.600035 0.30001 53.7412
0.600187 0.300043 31.5126
2.65046 5.23374 0
-0.683773 -2.14499 0
2.63869 -0.223274 0
-9.43654 -8.88606 13.9956
17.9411 0.75846 23.1462
33.5471 -47.7456 29.2384
-1.13865 -30.0632 24.8766
4.75025 0.707356 0
-6.3485 21.7682 19.5376
0.60002 30.5975 51.5887
0.357348 30.8144 12.151
0.53973 -2.94375 0
-1.6165 -1.53592 0
-20.147 -11.2833 1.62926
2.64706 -35.588 0
-2.34048 1.43984 0
9.68972 0.240323 12.6689
-238.454 -100.85 121.821
-31.9984 -12.5954 29.6284
0.606631 3.4166 0
-2.08106 6.03919 0
1.52969 6.20126 0
8.38679 4.9432 0
-2.49079 -4.17751 0
-28.145 -4.47165 6.76817
11.5572 5.26121 0
-10.5756 -27.9763 40.3982
-30.0396 -12.1752 5.89398
14.0737 -11.2821 0
2.07959 -1.20187 0
2.36465 0.145456 0
-38.0327 -32.1815 12.2605
-1.66814 24.6512 25.491
1.37415 -2.18096 0
4.2261 -7.8401 0
11.6868 -10.5824 0
0.558004 17.7175 117.242
-8.06365 -19.2009 29.2797
-0.17625 23.7676 21.603
3.32798 -7.17131 0
2.33191 -0.477695 0
7.97409 -7.5876 0
12.3764 -9.24621 0
-2.86028 10.405 0
-4.90078 -6.08294 0
2.13941 -33.6948 4.45989
18.5354 -0.99866 0
1.43026 -3.33324 0
37.8697 -11.3347 32.8107
49.729 -1.19584 21.8674
3.071 1.12735 0
6.52162 4.33724 14.1379
7.21327 -31.1765 22.898
-33.4089 22.349 28.8743
32.697 -0.682242 10.95
-13.3896 9.56049 17.0426
-33.218 2.55011 0
-43.8038 45.3518 40.5256
9.39502 -2.17382 0
56.2019 14.8622 39.8054
-5.21627 9.87405 0
50.0546 -9.89669 1.34935
5.61744 -3.54788 7.9255
12.3934 12.6793 0
27.8888 87.9564 10.8467
19.8851 -80.9424 9.39103
-25.1234 12.604 54.54
-0.0848815 1.79298 0
-33.7037 -7.37833 1.28328
-19.733 20.3965 6.42829
1.86302 1.35682 0
2.196 -2.07679 0
0.0126552 3.34134 0
-2.13798 0.168879 0
2.18384 -0.471221 0
7.3942 -3.50048 0
-47.9117 37.8044 49.441
-8.67394 3.16214 0
2.56416 -0.31819 0
-8.23613 0.855359 8.91721
-4.80154 16.5814 4.86181
1.88983 -1.94693 0
-3.61041 3.90357 0
-33.0314 9.5588 22.8017
2.53812 -2.13987 0
-0.825164 3.48856 0
-19.3151 20.4427 37.5811
27.9644 0.257506 15.1008
2.50613 -30.9244 25.1222
4.60882 -38.8677 8.30089
2.01669 0.256908 0
1.41242 -5.0646 0
3.16323 -1.29151 0
19.4417 1.38427 33.8308
28.346 24.8012 29.8361
-63.4615 49.2862 38.6482
25.9952 13.423 0.619046
46.4336 46.3528 55.1105
-59.9791 -11.6987 49.2126
-34.3567 26.7702 34.0969
-0.817543 -2.86493 0
-11.322 -13.2916 31.6044
-48.7107 10.5113 11.7393
27.7529 49.4918 3.2679
23.0209 3.79349 0
4.24795 27.6027 0
-42.9411 -31.892 15.4155
4.59442 -0.322687 0
-51.0998 42.2287 56.8618
-29.3209 22.0388 23.5476
145.218 -39.6512 65.2798
1.24566 1.57882 0
-17.2146 -1.77637 0.640555
6.98988 -68.7447 41.1607
0.377854 -40.5757 42.2332
2.59239 -31.0232 8.13136
-1.42849 -1.48989 0
2.86579 5.67618 0
2.4396 -0.425562 0
-35.3536 -1.4373 36.2229
32.5653 1.35736 7.91895
34.8567 41.1512 149.885
3.75157 2.32785 0
1.32248 6.25706 0
0.673123 -1.20646 0
3.19794 -1.39414 0
0.563802 -13.1571 33.8628
-0.403687 -14.3046 26.896
-0.972987 50.5502 37.6098
1.4644 1.52088 0
11.0821 8.65 0
10.1858 2.73594 0
-22.0236 -12.391 24.8633
1.12002 -5.73188 0
20.0883 22.5757 23.9169
39.7476 12.2146 17.6452
2.21137 6.40197 0
-9.25828 26.3411 78.9829
-2.83417 0.793592 10.6942
5.61539 -9.28326 0
-0.771444 -0.457678 0
-4.58813 4.23829 0
-19.0449 17.612 33.1846
2.25456 0.0175604 0
-0.497876 1.35213 0
-4.97287 12.0118 8.30583
3.00603 2.15691 0
-19.1236 -22.7415 3.71841
11.2713 41.1257 27.9144
-4.03933 -5.3608 11.2888
32.7139 33.6359 33.5834
2.28974 -0.697412 0
6.84169 -9.68372 0
-2.6961 -9.36293 0
2.10722 0.255396 0
1.87893 -1.94306 0
27.0935 27.8413 0
2.29419 0.908558 0
6.50552 -15.4553 0
2.14025 -0.41388 0
-18.179 -17.8884 16.6323
-19.5018 15.9169 3.42812
-1.16693 -1.74843 0
-3.16614 15.8394 47.636
-13.1098 42.2095 26.5944
-5.87433 16.27 17.7972
32.7352 -36.4464 0
-3.11686 18.9079 0
90.7014 -51.65 39.9601
2.1214 -0.323745 0
31.8392 20.0884 9.65988
-3.09521 -42.921 26.556
-10.1831 16.7053 41.9841
44.4824 -0.394216 6.89337
-22.3118 3.464 35.5382
-24.1082 -0.300555 0
-14.5269 -23.9738 10.2296
-21.6216 2.71634 0
-0.138713 1.46879 0
7.71535 3.514 0
-23.5445 0.209207 6.79455
-37.3403 2.13059 24.1883
3.66278 8.53809 5.27008
37.7243 61.1055 35.6143
0.677296 1.95072 0
215.619 -128.57 34.6356
-0.4646 -1.56567 0
-0.591607 -3.62413 0
2.30896 -3.81121 0
8.87064 2.49487 0
-12.3646 -17.9696 4.45554
-93.4231 65.2461 121.45
2.02148 0.0339261 0
2.11607 -0.916237 0
-0.601847 -0.0678739 0
-11.5142 8.51169 41.9646
-37.2183 51.3532 82.9378
-15.9094 18.3532 22.093
-0.572583 1.44435 0
45.5133 -23.5989 4.06305
1.17197 -2.42673 0
31.239 85.3068 4.14261
3.08802 4.59644 0
0.187406 -1.82511 0
13.6003 14.6881 15.4565
2.11924 4.47041 45.2911
44.9131 1.46394 0.68677
-21.2633 3.72358 35.947
-24.1165 0.000906572 0
-8.44237 -0.237996 0
-24.5243 6.84625 4.80699
3.3638 20.488 0
17.2186 19.5682 0
12.033 0.395527 0
4.48737 1.34832 0
-25.0801 -17.0926 0
-14.1399 -20.4994 33.1061
-3.09736 5.71599 27.4772
12.5583 -66.1554 41.7214
-5.5377 -22.8852 25.3282
-4.36662 4.03374 0
-7.40357 -10.0708 18.4846
-9.81486 -22.0947 19.0751
2.30568 3.92936 0
62.9769 10.7456 5.40427
39.2043 7.99516 3.62714
-24.8695 -19.8717 40.9759
-114.778 -5.83068 73.2355
1.38637 -1.57312 0
-14.6144 -15.2402 56.361
13.1038 -5.54318 17.4178
21.7804 55.6685 46.7176
31.1685 -19.3886 6.33401
1.83387 5.04441 0
5.29427 -2.556 7.35057
12.2279 1.42356 0
7.20383 -1.72151 0
11.5363 -52.9687 12.2594
-1.1987 -2.07651 0
21.7263 1.8069 0
-22.2857 -0.642786 36.8974
-24.1071 0.301943 0
-9.62971 -22.9333 10.0077
-40.6593 6.64068 9.82519
-34.0241 -46.7961 16.3849
-20.2489 -14.208 22.3302
-2.64589 4.2553 35.4067
15.0811 -3.26354 0
-18.8594 -8.29924 4.7987
46.3856 45.9985 59.6065
0.396101 1.82811 0
-0.737519 0.471986 0
-54.5378 20.4257 28.7224
9.81617 18.8509 0
2.71016 12.3692 0
2.87454 1.90398 0
-8.15182 -0.767195 0
2.34689 0.224988 0
16.7408 5.9436 0
-22.7233 3.92982 11.139
-4.35548 -11.1412 3.36069
-69.6704 40.0507 19.2745
-39.9431 -41.3943 7.67868
-2.90743 -3.21253 0
2.5352 0.0423092 0
0.822503 31.825 0
13.1624 36.0154 7.12746
-9.63333 26.3892 59.6252
1.95879 0.594169 0
12.2991 17.6557 0
1.02918 1.69405 0
-28.1139 -3.23983 18.6473
0.904078 -3.43088 0
2.08481 -0.292322 0
-1.86531 -19.5397 0
-0.226183 -1.65903 0
-38.8417 -14.8459 40.4346
0.413597 -1.87211 0
1.78983 -11.4785 14.7903
7.49346 4.51395 0
0.653854 -2.80126 0
0.781257 -3.44671 10.7303
5.1399 28.5491 0
0.515152 -1.90577 0
0.900207 -30.4491 50.5424
0.900329 -30.7756 11.4515
2.78681 1.06479 0
0.857501 -2.80477 0
5.29514 -4.72708 0
-15.0642 -14.1342 0
4.5895 -3.42155 0
-2.20324 -21.6618 10.866
2.00999 -2.46282 0
2.85666 -0.674994 0
0.900048 -0.300027 30.8929
0.900043 -0.300022 53.6297
0.900121 -0.300048 31.4152
-16.5796 -2.2617 9.45914
-7.23032 -1.33209 0
-19.0684 8.74334 32.0332
27.3631 3.37631 0
-4.48313 10.6645 0
3.87515 1.11847 0
-2.52586 10.1269 19.3263
-0.193951 5.92577 0
-0.537372 5.36637 0
-0.217069 33.1041 25.7124
0.901304 24.6824 0
10.6 13.3781 0
49.0282 1.71086 12.2531
-5.96196 -4.90884 18.0463
-3.57117 5.42177 5.88754
-3.72787 0.761472 0
-14.1661 26.903 16.2475
-2.14467 -8.73928 7.05856
-4.56177 -41.7713 0
2.55585 1.61378 0
0.0499098 -26.6058 35.7659
0.477923 -25.7813 8.76755
-8.27506 5.12761 5.36062
-1.07223 -38.3729 24.6813
-6.93645 15.7464 7.79775
3.42605 -5.99668 0
-10.4243 6.18889 14.2338
6.07675 -5.09555 0
1.16079 -2.11812 0
1.99088 -1.81675 0
0.900024 -2.36513e-07 30.8944
0.90004 -1.25406e-09 53.6542
0.900164 -3.83539e-07 31.4366
3.21897 -8.11571 19.5906
-1.21166 -1.70947 0
-9.63503 -5.08208 11.1007
-48.7848 12.9519 41.3347
-12.8757 -2.33197 42.078
44.0859 -33.5309 24.0915
9.77439 -8.11453 37.3179
3.0021 -2.41993 18.2582
2.4373 -2.0571 0
-0.712169 17.6668 35.6618
-0.705876 14.3113 28.2142
-0.333395 1.25397 0
-18.6859 1.82642 24.2532
-1.61103 -13.4075 0
-22.9236 23.7568 0
-15.9877 31.5012 23.6884
0.383408 -2.43342 0
2.72941 17.6013 0
1.62202 1.32215 0
2.60332 15.2438 0
0.0426378 -26.4375 36.1782
1.17882 -4.56276 25.0142
-15.5129 -12.4717 10.9549
3.15046 2.25449 0
-31.6963 10.5744 10.2793
4.56072 0.207902 0
0.660656 -2.46529 0
-1.88255 -1.43225 0
5.73123 -42.645 10.2699
0.923018 1.99492 0
0.900232 0.299998 30.8932
0.900074 0.300016 53.6299
0.900382 0.300045 31.4156
-1.43031 4.16964 14.9769
0.70373 -4.95918 0
-11.9992 -11.2277 22.6925
1.37505 1.53486 0
-11.0376 6.65609 10.4101
-3.49691 5.0881 0.121027
-1.78176 -15.0094 21.6601
2.11104 1.01955 0
-0.724467 1.82894 0
0.900206 35.2541 47.6631
0.651561 30.5493 12.5883
-3.15867 -4.60359 0
-5.46754 -12.5469 4.75421
-5.90187 -0.638537 0
-3.42053 -3.99255 0
15.8359 11.1213 0.572938
-6.18041 -29.0762 15.4012
-15.9894 9.8723 18.3349
0.604719 1.54431 0
0.909739 3.41765 0
13.478 56.2256 47.3972
0.594585 7.448 0
-23.2189 44.2409 5.24452
-25.3101 1.72272 34.9309
1.30638 1.33868 0
-2.38785 0.613696 0
62.3444 -15.6756 5.69668
5.15375 -51.5052 23.4361
-0.626856 -0.520085 18.3902
2.99453 -0.075046 0
0.833907 1.70773 0
-64.6881 14.4508 14.0063
27.0336 24.2204 13.5062
1.9943 -3.15327 0
-11.9162 6.16662 19.7908
2.0752 -1.39819 0
5.82157 -48.3813 8.53818
-2.87844 -10.7547 0
0.497198 -2.44761 0
0.308598 -2.29929 0
0.446798 -1.79409 0
2.45067 -0.632678 0
40.4861 -34.6856 65.5723
0.170448 1.81496 0
0.551753 6.51382 0
7.46455 -8.16097 0
26.806 -32.4868 23.4401
-4.66727 -9.51594 51.9573
7.21522 -16.8991 13.9362
44.7497 20.5468 10.3666
0.931822 2.19408 0
-15.9747 -35.9911 8.41093
34.8132 7.11182 12.7284
35.8718 -0.300011 47.6497
31.575 -0.299709 13.5074
-8.82391 0.826182 0
-0.615662 -0.2982 23.1191
37.0125 17.25 20.535
38.6717 22.4176 1.99012
-4.35381 -8.57533 27.1666
7.89073 2.29615 10.3539
0.144601 1.46214 0
-21.3866 16.03 7.73987
2.27305 0.758585 0
1.90582 2.79132 0
-38.9262 49.2886 11.7369
-36.9694 28.5472 11.7715
33.8626 -6.27186 0
-31.4013 -3.27302 8.58755
-27.1006 16.1732 20.6937
11.8089 -56.6574 10.6208
-9.95362 -9.54888 19.7247
3.22882 -0.117185 0
-25.2798 -17.0714 0
15.2865 -26.367 24.6199
14.778 -15.237 0
-52.2141 83.1915 28.4884
-6.47899 29.5413 0
-10.0911 3.25769 0
5.5601 -1.76479 0
39.6481 -37.5212 12.0156
-17.2667 7.68126 9.52759
-4.77688 13.3297 0
0.81969 2.5421 0
4.0299 4.12876 0
-0.598341 -2.51107 0
35.8435 2.2572e-06 47.6763
31.5819 0.00231548 13.4877
-4.47713 -0.185909 0
-1.42152 -1.55362 0
2.56506 -3.18571 0
-9.18289 -1.57467 21.7076
37.7385 -14.9946 51.7418
-12.6898 -10.8532 11.5248
1.74585 3.23193 0
-24.8533 31.0889 42.1686
-19.282 -2.70901 21.9343
11.2235 13.6071 0
-28.2648 56.8743 2.57233
-38.5128 -25.9513 6.73787
10.5422 6.2585 0
2.22116 -0.530912 0
-26.8064 -13.8814 13.807
-13.5343 -11.1805 31.233
2.24255 27.1098 2.93494
-44.6147 7.34333 59.9652
-27.2011 9.76027 25.2417
1.82096 0.840578 0
1.23398 -2.24998 0
-1.24841 -1.62743 0
-32.8329 6.9709 15.1585
-14.1339 0.69275 0
2.05991 0.437551 0
-3.35924 -15.5044 0
-20.1775 -40.9431 13.0188
26.7156 34.7119 0.652205
-9.43287 -16.7862 6.46992
41.6263 29.1496 15.2988
-0.854016 -0.479031 0
35.8718 0.300013 47.6497
31.5815 0.304363 13.4822
-8.83517 -1.34624 0
5.79708 -34.0918 20.825
23.5913 -37.7939 4.12725
-2.72498 5.44346 0
-0.900596 -1.87853 0
-0.693496 2.12185 0
-2.80614 6.86533 0
-5.80844 5.61733 0
1.53133 1.44654 0
-5.14249 10.4541 0
2.43479 1.81145 0
31.3633 35.5033 20.2534
15.3571 14.0748 0
10.3118 -0.789286 0
6.23495 -0.364068 0
10.6572 8.42877 39.1699
1.78781 18.8479 11.3722
60.5914 8.07568 11.5058
-5.94484 4.18382 9.04684
2.52119 -0.1882 0
-1.08782 1.46378 0
27.6583 -23.5454 13.6359
-10.8279 -26.6533 19.6057
1.36292 7.54718 0
-4.01065 -9.82898 6.14518
2.57555 0.527467 0
-3.87705 -5.77427 0
17.678 -1.48495 0
1.28412 1.36031 0
1.32405 -2.49692 0
VERTICES 2541 5082
1 0
1 1
1 2
1 3
1 4
1 5
1 6
1 7
1 8
1 9
1 10
1 11
1 12
1 13
1 14
1 15
1 16
1 17
1 18
1 19
1 20
1 21
1 22
1 23
1 24
1 25
1 26
1 27
1 28
1 29
1 30
1 31
1 32
1 33
1 34
1 35
1 36
1 37
1 38
1 39
1 40
1 41
1 42
1 43
1 44
1 45
1 46
1 47
1 48
1 49
1 50
1 51
1 52
1 53
1 54
1 55
1 56
1 57
1 58
1 59
1 60
1 61
1 62
1 63
1 64
1 65
1 66
1 67
1 68
1 69
1 70
1 71
1 72
1 73
1 74
1 75
1 76
1 77
1 78
1 79
1 80
1 81
1 82
1 83
1 84
1 85
1 86
1 87
1 88
1 89
1 90
1 91
1 92
1 93
1 94
1 95
1 96
1 97
1 98
1 99
1 100
1 101
1 102
1 103
1 104
1 105
1 106
1 107
1 108
1 109
1 110
1 111
1 112
1 113
1 114
1 115
1 116
1 117
1 118
1 119
1 120
1 121
1 122
1 123
1 124
1 125
1 126
1 127
1 128
1 129
1 130
1 131
1 132
1 133
1 134
1 135
1 136
1 137
1 138
1 139
1 140
1 141
1 142
1 143
1 144
1 145
1 146
1 147
1 148
1 149
1 150
1 151
1 152
1 153
1 154
1 155
1 156
1 157
1 158
1 159
1 160
1 161
1 162
1 163
1 164
1 165
1 166
1 167
1 168
1 169
1 170
1 171
1 172
1 173
1 174
1 175
1 176
1 177
1 178
1 179
1 180
1 181
1 182
1 183
1 184
1 185
1 186
1 187
1 188
1 189
1 190
1 191
1 192
1 193
1 194
1 195
1 196
1 197
1 198
1 199
1 200
1 201
1 202
1 203
1 204
1 205
1 206
1 207
1 208
1 209
1 210
1 211
1 212
1 213
1 214
1 215
1 216
1 217
1 218
1 219
1 220
1 221
1 222
1 223
1 224
1 225
1 226
1 227
1 228
1 229
1 230
1 231
1 232
1 233
1 234
1 235
1 236
1 237
1 238
1 239
1 240
1 241
1 242
1 243
1 244
1 245
1 246
1 247
1 248
1 249
1 250
1 251
1 252
1 253
1 254
1 255
1 256
1 257
1 258
1 259
1 260
1 261
1 262
1 263
1 264
1 265
1 266
1 267
1 268
1 269
1 270
1 271
1 272
1 273
1 274
1 275
1 276
1 277
1 278
1 279
1 280
1 281
1 282
1 283
1 284
1 285
1 286
1 287
1 288
1 289
1 290
1 291
1 292
1 293
1 294
1 295
1 296
1 297
1 298
1 299
1 300
1 301
1 302
1 303
1 304
1 305
1 306
1 307
1 308
1 309
1 310
1 311
1 312
1 313
1 314
1 315
1 316
1 317
1 318
1 319
1 320
1 321
1 322
1 323
1 324
1 325
1 326
1 327
1 328
1 329
1 330
1 331
1 332
1 333
1 334
1 335
1 336
1 337
1 338
1 339
1 340
1 341
1 342
1 343
1 344
1 345
1 346
1 347
1 348
1 349
1 350
1 351
1 352
1 353
1 354
1 355
1 356
1 357
1 358
1 359
1 360
1 361
1 362
1 363
1 364
1 365
1 366
1 367
1 368
1 369
1 370
1 371
1 372
1 373
1 374
1 375
1 376
1 377
1 378
1 379
1 380
1 381
1 382
1 383
1 384
1 385
1 386
1 387
1 388
1 389
1 390
1 391
1 392
1 393
1 394
1 395
1 396
1 397
1 398
1 399
1 400
1 401
1 402
1 403
1 404
1 405
1 406
1 407
1 408
1 409
1 410
1 411
1 412
1 413
1 414
1 415
1 416
1 417
1 418
1 419
1 420
1 421
1 422
1 423
1 424
1 425
1 426
1 427
1 428
1 429
1 430
1 431
1 432
1 433
1 434
1 435
1 436
1 437
1 438
1 439
1 440
1 441
1 442
1 443
1 444
1 445
1 446
1 447
1 448
1 449
1 450
1 451
1 452
1 453
1 454
1 455
1 456
1 457
1 458
1 459
1 460
1 461
1 462
1 463
1 464
1 465
1 466
1 467
1 468
1 469
1 470
1 471
1 472
1 473
1 474
1 475
1 476
1 477
1 478
1 479
1 480
1 481
1 482
1 483
1 484
1 485
1 486
1 487
1 488
1 489
1 490
1 491
1 492
1 493
1 494
1 495
1 496
1 497
1 498
1 499
1 500
1 501
1 502
1 503
1 504
1 505
1 506
1 507
1 508
1 509
1 510
1 511
1 512
1 513
1 514
1 515
1 516
1 517
1 518
1 519
1 520
1 521
1 522
1 523
1 524
1 525
1 526
1 527
1 528
1 529
1 530
1 531
1 532
1 533
1 534
1 535
1 536
1 537
1 538
1 539
1 540
1 541
1 542
1 543
1 544
1 545
1 546
1 547
1 548
1 549
1 550
1 551
1 552
1 553
1 554
1 555
1 556
1 557
1 558
1 559
1 560
1 561
1 562
1 563
1 564
1 565
1 566
1 567
1 568
1 569
1 570
1 571
1 572
1 573
1 574
1 575
1 576
1 577
1 578
1 579
1 580
1 581
1 582
1 583
1 584
1 585
1 586
1 587
1 588
1 589
1 590
1 591
1 592
1 593
1 594
1 595
1 596
1 597
1 598
1 599
1 600
1 601
1 602
1 603
1 604
1 605
1 606
1 607
1 608
1 609
1 610
1 611
1 612
1 613
1 614
1 615
1 616
1 617
1 618
1 619
1 620
1 621
1 622
1 623
1 624
1 625
1 626
1 627
1 628
1 629
1 630
1 631
1 632
1 633
1 634
1 635
1 636
1 637
1 638
1 639
1 640
1 641
1 642
1 643
1 644
1 645
1 646
1 647
1 648
1 649
1 650
1 651
1 652
1 653
1 654
1 655
1 656
1 657
1 658
1 659
1 660
1 661
1 662
1 663
1 664
1 665
1 666
1 667
1 668
1 669
1 670
1 671
1 672
1 673
1 674
1 675
1 676
1 677
1 678
1 679
1 680
1 681
1 682
1 683
1 684
1 685
1 686
1 687
1 688
1 689
1 690
1 691
1 692
1 693
1 694
1 695
1 696
1 697
1 698
1 699
1 700
1 701
1 702
1 703
1 704
1 705
1 706
1 707
1 708
1 709
1 710
1 711
1 712
1 713
1 714
1 715
1 716
1 717
1 718
1 719
1 720
1 721
1 722
1 723
1 724
1 725
1 726
1 727
1 728
1 729
1 730
1 731
1 732
1 733
1 734
1 735
1 736
1 737
1 738
1 739
1 740
1 741
1 742
1 743
1 744
1 745
1 746
1 747
1 748
1 749
1 750
1 751
1 752
1 753
1 754
1 755
1 756
1 757
1 758
1 759
1 760
1 761
1 762
1 763
1 764
1 765
1 766
1 767
1 768
1 769
1 770
1 771
1 772
1 773
1 774
1 775
1 776
1 777
1 778
1 779
1 780
1 781
1 782
1 783
1 784
1 785
1 786
1 787
1 788
1 789
1 790
1 791
1 792
1 793
1 794
1 795
1 796
1 797
1 798
1 799
1 800
1 801
1 802
1 803
1 804
1 805
1 806
1 807
1 808
1 809
1 810
1 811
1 812
1 813
1 814
1 815
1 816
1 817
1 818
1 819
1 820
1 821
1 822
1 823
1 824
1 825
1 826
1 827
1 828
1 829
1 830
1 831
1 832
1 833
1 834
1 835
1 836
1 837
1 838
1 839
1 840
1 841
1 842
1 843
1 844
1 845
1 846
1 847
1 848
1 849
1 850
1 851
1 852
1 853
1 854
1 855
1 856
1 857
1 858
1 859
1 860
1 861
1 862
1 863
1 864
1 865
1 866
1 867
1 868
1 869
1 870
1 871
1 872
1 873
1 874
1 875
1 876
1 877
1 878
1 879
1 880
1 881
1 882
1 883
1 884
1 885
1 886
1 887
1 888
1 889
1 890
1 891
1 892
1 893
1 894
1 895
1 896
1 897
1 898
1 899
1 900
1 901
1 902
1 903
1 904
1 905
1 906
1 907
1 908
1 909
1 910
1 911
1 912
1 913
1 914
1 915
1 916
1 917
1 918
1 919
1 920
1 921
1 922
1 923
1 924
1 925
1 926
1 927
1 928
1 929
1 930
1 931
1 932
1 933
1 934
1 935
1 936
1 937
1 938
1 939
1 940
1 941
1 942
1 943
1 944
1 945
1 946
1 947
1 948
1 949
1 950
1 951
1 952
1 953
1 954
1 955
1 956
1 957
1 958
1 959
1 960
1 961
1 962
1 963
1 964
1 965
1 966
1 967
1 968
1 969
1 970
1 971
1 972
1 973
1 974
1 975
1 976
1 977
1 978
1 979
1 980
1 981
1 982
1 983
1 984
1 985
1 986
1 987
1 988
1 989
1 990
1 991
1 992
1 993
1 994
1 995
1 996
1 997
1 998
1 999
1 1000
1 1001
1 1002
1 1003
1 1004
1 1005
1 1006
1 1007
1 1008
1 1009
1 1010
1 1011
1 1012
1 1013
1 1014
1 1015
1 1016
1 1017
1 1018
1 1019
1 1020
1 1021
1 1022
1 1023
1 1024
1 1025
1 1026
1 1027
1 1028
1 1029
1 1030
1 1031
1 1032
1 1033
1 1034
1 1035
1 1036
1 1037
1 1038
1 1039
1 1040
1 1041
1 1042
1 1043
1 1044
1 1045
1 1046
1 1047
1 1048
1 1049
1 1050
1 1051
1 1052
1 1053
1 1054
1 1055
1 1056
1 1057
1 1058
1 1059
1 1060
1 1061
1 1062
1 1063
1 1064
1 1065
1 1066
1 1067
1 1068
1 1069
1 1070
1 1071
1 1072
1 1073
1 1074
1 1075
1 1076
1 1077
1 1078
1 1079
1 1080
1 1081
1 1082
1 1083
1 1084
1 1085
1 1086
1 1087
1 1088
1 1089
1 1090
1 1091
1 1092
1 1093
1 1094
1 1095
1 1096
1 1097
1 1098
1 1099
1 1100
1 1101
1 1102
1 1103
1 1104
1 1105
1 1106
1 1107
1 1108
1 1109
1 1110
1 1111
1 1112
1 1113
1 1114
1 1115
1 1116
1 1117
1 1118
1 1119
1 1120
1 1121
1 1122
1 1123
1 1124
1 1125
1 1126
1 1127
1 1128
1 1129
1 1130
1 1131
1 1132
1 1133
1 1134
1 1135
1 1136
1 1137
1 1138
1 1139
1 1140
1 1141
1 1142
1 1143
1 1144
1 1145
1 1146
1 1147
1 1148
1 1149
1 1150
1 1151
1 1152
1 1153
1 1154
1 1155
1 1156
1 1157
1 1158
1 1159
1 1160
1 1161
1 1162
1 1163
1 1164
1 1165
1 1166
1 1167
1 1168
1 1169
1 1170
1 1171
1 1172
1 1173
1 1174
1 1175
1 1176
1 1177
1 1178
1 1179
1 1180
1 1181
1 1182
1 1183
1 1184
1 1185
1 1186
1 1187
1 1188
1 1189
1 1190
1 1191
1 1192
1 1193
1 1194
1 1195
1 1196
1 1197
1 1198
1 1199
1 1200
1 1201
1 1202
1 1203
1 1204
1 1205
1 1206
1 1207
1 1208
1 1209
1 1210
1 1211
1 1212
1 1213
1 1214
1 1215
1 1216
1 1217
1 1218
1 1219
1 1220
1 1221
1 1222
1 1223
1 1224
1 1225
1 1226
1 1227
1 1228
1 1229
1 1230
1 1231
1 1232
1 1233
1 1234
1 1235
1 1236
1 1237
1 1238
1 1239
1 1240
1 1241
1 1242
1 1243
1 1244
1 1245
1 1246
1 1247
1 1248
1 1249
1 1250
1 1251
1 1252
1 1253
1 1254
1 1255
1 1256
1 1257
1 1258
1 1259
1 1260
1 1261
1 1262
1 1263
1 1264
1 1265
1 1266
1 1267
1 1268
1 1269
1 1270
1 1271
1 1272
1 1273
1 1274
1 1275
1 1276
1 1277
1 1278
1 1279
1 1280
1 1281
1 1282
1 1283
1 1284
1 1285
1 1286
1 1287
1 1288
1 1289
1 1290
1 1291
1 1292
1 1293
1 1294
1 1295
1 1296
1 1297
1 1298
1 1299
1 1300
1 1301
1 1302
1 1303
1 1304
1 1305
1 1306
1 1307
1 1308
1 1309
1 1310
1 1311
1 1312
1 1313
1 1314
1 1315
1 1316
1 1317
1 1318
1 1319
1 1320
1 1321
1 1322
1 1323
1 1324
1 1325
1 1326
1 1327
1 1328
1 1329
1 1330
1 1331
1 1332
1 1333
1 1334
1 1335
1 1336
1 1337
1 1338
1 1339
1 1340
1 1341
1 1342
1 1343
1 1344
1 1345
1 1346
1 1347
1 1348
1 1349
1 1350
1 1351
1 1352
1 1353
1 1354
1 1355
1 1356
1 1357
1 1358
1 1359
1 1360
1 1361
1 1362
1 1363
1 1364
1 1365
1 1366
1 1367
1 1368
1 1369
1 1370
1 1371
1 1372
1 1373
1 1374
1 1375
1 1376
1 1377
1 1378
1 1379
1 1380
1 1381
1 1382
1 1383
1 1384
1 1385
1 1386
1 1387
1 1388
1 1389
1 1390
1 1391
1 1392
1 1393
1 1394
1 1395
1 1396
1 1397
1 1398
1 1399
1 1400
1 1401
1 1402
1 1403
1 1404
1 1405
1 1406
1 1407
1 1408
1 1409
1 1410
1 1411
1 1412
1 1413
1 1414
1 1415
1 1416
1 1417
1 1418
1 1419
1 1420
1 1421
1 1422
1 1423
1 1424
1 1425
1 1426
1 1427
1 1428
1 1429
1 1430
1 1431
1 1432
1 1433
1 1434
1 1435
1 1436
1 1437
1 1438
1 1439
1 1440
1 1441
1 1442
1 1443
1 1444
1 1445
1 1446
1 1447
1 1448
1 1449
1 1450
1 1451
1 1452
1 1453
1 1454
1 1455
1 1456
1 1457
1 1458
1 1459
1 1460
1 1461
1 1462
1 1463
1 1464
1 1465
1 1466
1 1467
1 1468
1 1469
1 1470
1 1471
1 1472
1 1473
1 1474
1 1475
1 1476
1 1477
1 1478
1 1479
1 1480
1 1481
1 1482
1 1483
1 1484
1 1485
1 1486
1 1487
1 1488
1 1489
1 1490
1 1491
1 1492
1 1493
1 1494
1 1495
1 1496
1 1497
1 1498
1 1499
1 1500
1 1501
1 1502
1 1503
1 1504
1 1505
1 1506
1 1507
1 1508
1 1509
1 1510
1 1511
1 1512
1 1513
1 1514
1 1515
1 1516
1 1517
1 1518
1 1519
1 1520
1 1521
1 1522
1 1523
1 1524
1 1525
1 1526
1 1527
1 1528
1 1529
1 1530
1 1531
1 1532
1 1533
1 1534
1 1535
1 1536
1 1537
1 1538
1 1539
1 1540
1 1541
1 1542
1 1543
1 1544
1 1545
1 1546
1 1547
1 1548
1 1549
1 1550
1 1551
1 1552
1 1553
1 1554
1 1555
1 1556
1 1557
1 1558
1 1559
1 1560
1 1561
1 1562
1 1563
1 1564
1 1565
1 1566
1 1567
1 1568
1 1569
1 1570
1 1571
1 1572
1 1573
1 1574
1 1575
1 1576
1 1577
1 1578
1 1579
1 1580
1 1581
1 1582
1 1583
1 1584
1 1585
1 1586
1 1587
1 1588
1 1589
1 1590
1 1591
1 1592
1 1593
1 1594
1 1595
1 1596
1 1597
1 1598
1 1599
1 1600
1 1601
1 1602
1 1603
1 1604
1 1605
1 1606
1 1607
1 1608
1 1609
1 1610
1 1611
1 1612
1 1613
1 1614
1 1615
1 1616
1 1617
1 1618
1 1619
1 1620
1 1621
1 1622
1 1623
1 1624
1 1625
1 1626
1 1627
1 1628
1 1629
1 1630
1 1631
1 1632
1 1633
1 1634
1 1635
1 1636
1 1637
1 1638
1 1639
1 1640
1 1641
1 1642
1 1643
1 1644
1 1645
1 1646
1 1647
1 1648
1 1649
1 1650
1 1651
1 1652
1 1653
1 1654
1 1655
1 1656
1 1657
1 1658
1 1659
1 1660
1 1661
1 1662
1 1663
1 1664
1 1665
1 1666
1 1667
1 1668
1 1669
1 1670
1 1671
1 1672
1 1673
1 1674
1 1675
1 1676
1 1677
1 1678
1 1679
1 1680
1 1681
1 1682
1 1683
1 1684
1 1685
1 1686
1 1687
1 1688
1 1689
1 1690
1 1691
1 1692
1 1693
1 1694
1 1695
1 1696
1 1697
1 1698
1 1699
1 1700
1 1701
1 1702
1 1703
1 1704
1 1705
1 1706
1 1707
1 1708
1 1709
1 1710
1 1711
1 1712
1 1713
1 1714
1 1715
1 1716
1 1717
1 1718
1 1719
1 1720
1 1721
1 1722
1 1723
1 1724
1 1725
1 1726
1 1727
1 1728
1 1729
1 1730
1 1731
1 1732
1 1733
1 1734
1 1735
1 1736
1 1737
1 1738
1 1739
1 1740
1 1741
1 1742
1 1743
1 1744
1 1745
1 1746
1 1747
1 1748
1 1749
1 1750
1 1751
1 1752
1 1753
1 1754
1 1755
1 1756
1 1757
1 1758
1 1759
1 1760
1 1761
1 1762
1 1763
1 1764
1 1765
1 1766
1 1767
1 1768
1 1769
1 1770
1 1771
1 1772
1 1773
1 1774
1 1775
1 1776
1 1777
1 1778
1 1779
1 1780
1 1781
1 1782
1 1783
1 1784
1 1785
1 1786
1 1787
1 1788
1 1789
1 1790
1 1791
1 1792
1 1793
1 1794
1 1795
1 1796
1 1797
1 1798
1 1799
1 1800
1 1801
1 1802
1 1803
1 1804
1 1805
1 1806
1 1807
1 1808
1 1809
1 1810
1 1811
1 1812
1 1813
1 1814
1 1815
1 1816
1 1817
1 1818
1 1819
1 1820
1 1821
1 1822
1 1823
1 1824
1 1825
1 1826
1 1827
1 1828
1 1829
1 1830
1 1831
1 1832
1 1833
1 1834
1 1835
1 1836
1 1837
1 1838
1 1839
1 1840
1 1841
1 1842
1 1843
1 1844
1 1845
1 1846
1 1847
1 1848
1 1849
1 1850
1 1851
1 1852
1 1853
1 1854
1 1855
1 1856
1 1857
1 1858
1 1859
1 1860
1 1861
1 1862
1 1863
1 1864
1 1865
1 1866
1 1867
1 1868
1 1869
1 1870
1 1871
1 1872
1 1873
1 1874
1 1875
1 1876
1 1877
1 1878
1 1879
1 1880
1 1881
1 1882
1 1883
1 1884
1 1885
1 1886
1 1887
1 1888
1 1889
1 1890
1 1891
1 1892
1 1893
1 1894
1 1895
1 1896
1 1897
1 1898
1 1899
1 1900
1 1901
1 1902
1 1903
1 1904
1 1905
1 1906
1 1907
1 1908
1 1909
1 1910
1 1911
1 1912
1 1913
1 1914
1 1915
1 1916
1 1917
1 1918
1 1919
1 1920
1 1921
1 1922
1 1923
1 1924
1 1925
1 1926
1 1927
1 1928
1 1929
1 1930
1 1931
1 1932
1 1933
1 1934
1 1935
1 1936
1 1937
1 1938
1 1939
1 1940
1 1941
1 1942
1 1943
1 1944
1 1945
1 1946
1 1947
1 1948
1 1949
1 1950
1 1951
1 1952
1 1953
1 1954
1 1955
1 1956
1 1957
1 1958
1 1959
1 1960
1 1961
1 1962
1 1963
1 1964
1 1965
1 1966
1 1967
1 1968
1 1969
1 1970
1 1971
1 1972
1 1973
1 1974
1 1975
1 1976
1 1977
1 1978
1 1979
1 1980
1 1981
1 1982
1 1983
1 1984
1 1985
1 1986
1 1987
1 1988
1 1989
1 1990
1 1991
1 1992
1 1993
1 1994
1 1995
1 1996
1 1997
1 1998
1 1999
1 2000
1 2001
1 2002
1 2003
1 2004
1 2005
1 2006
1 2007
1 2008
1 2009
1 2010
1 2011
1 2012
1 2013
1 2014
1 2015
1 2016
1 2017
1 2018
1 2019
1 2020
1 2021
1 2022
1 2023
1 2024
1 2025
1 2026
1 2027
1 2028
1 2029
1 2030
1 2031
1 2032
1 2033
1 2034
1 2035
1 2036
1 2037
1 2038
1 2039
1 2040
1 2041
1 2042
1 2043
1 2044
1 2045
1 2046
1 2047
1 2048
1 2049
1 2050
1 2051
1 2052
1 2053
1 2054
1 2055
1 2056
1 2057
1 2058
1 2059
1 2060
1 2061
1 2062
1 2063
1 2064
1 2065
1 2066
1 2067
1 2068
1 2069
1 2070
1 2071
1 2072
1 2073
1 2074
1 2075
1 2076
1 2077
1 2078
1 2079
1 2080
1 2081
1 2082
1 2083
1 2084
1 2085
1 2086
1 2087
1 2088
1 2089
1 2090
1 2091
1 2092
1 2093
1 2094
1 2095
1 2096
1 2097
1 2098
1 2099
1 2100
1 2101
1 2102
1 2103
1 2104
1 2105
1 2106
1 2107
1 2108
1 2109
1 2110
1 2111
1 2112
1 2113
1 2114
1 2115
1 2116
1 2117
1 2118
1 2119
1 2120
1 2121
1 2122
1 2123
1 2124
1 2125
1 2126
1 2127
1 2128
1 2129
1 2130
1 2131
1 2132
1 2133
1 2134
1 2135
1 2136
1 2137
1 2138
1 2139
1 2140
1 2141
1 2142
1 2143
1 2144
1 2145
1 2146
1 2147
1 2148
1 2149
1 2150
1 2151
1 2152
1 2153
1 2154
1 2155
1 2156
1 2157
1 2158
1 2159
1 2160
1 2161
1 2162
1 2163
1 2164
1 2165
1 2166
1 2167
1 2168
1 2169
1 2170
1 2171
1 2172
1 2173
1 2174
1 2175
1 2176
1 2177
1 2178
1 2179
1 2180
1 2181
1 2182
1 2183
1 2184
1 2185
1 2186
1 2187
1 2188
1 2189
1 2190
1 2191
1 2192
1 2193
1 2194
1 2195
1 2196
1 2197
1 2198
1 2199
1 2200
1 2201
1 2202
1 2203
1 2204
1 2205
1 2206
1 2207
1 2208
1 2209
1 2210
1 2211
1 2212
1 2213
1 2214
1 2215
1 2216
1 2217
1 2218
1 2219
1 2220
1 2221
1 2222
1 2223
1 2224
1 2225
1 2226
1 2227
1 2228
1 2229
1 2230
1 2231
1 2232
1 2233
1 2234
1 2235
1 2236
1 2237
1 2238
1 2239
1 2240
1 2241
1 2242
1 2243
1 2244
1 2245
1 2246
1 2247
1 2248
1 2249
1 2250
1 2251
1 2252
1 2253
1 2254
1 2255
1 2256
1 2257
1 2258
1 2259
1 2260
1 2261
1 2262
1 2263
1 2264
1 2265
1 2266
1 2267
1 2268
1 2269
1 2270
1 2271
1 2272
1 2273
1 2274
1 2275
1 2276
1 2277
1 2278
1 2279
1 2280
1 2281
1 2282
1 2283
1 2284
1 2285
1 2286
1 2287
1 2288
1 2289
1 2290
1 2291
1 2292
1 2293
1 2294
1 2295
1 2296
1 2297
1 2298
1 2299
1 2300
1 2301
1 2302
1 2303
1 2304
1 2305
1 2306
1 2307
1 2308
1 2309
1 2310
1 2311
1 2312
1 2313
1 2314
1 2315
1 2316
1 2317
1 2318
1 2319
1 2320
1 2321
1 2322
1 2323
1 2324
1 2325
1 2326
1 2327
1 2328
1 2329
1 2330
1 2331
1 2332
1 2333
1 2334
1 2335
1 2336
1 2337
1 2338
1 2339
1 2340
1 2341
1 2342
1 2343
1 2344
1 2345
1 2346
1 2347
1 2348
1 2349
1 2350
1 2351
1 2352
1 2353
1 2354
1 2355
1 2356
1 2357
1 2358
1 2359
1 2360
1 2361
1 2362
1 2363
1 2364
1 2365
1 2366
1 2367
1 2368
1 2369
1 2370
1 2371
1 2372
1 2373
1 2374
1 2375
1 2376
1 2377
1 2378
1 2379
1 2380
1 2381
1 2382
1 2383
1 2384
1 2385
1 2386
1 2387
1 2388
1 2389
1 2390
1 2391
1 2392
1 2393
1 2394
1 2395
1 2396
1 2397
1 2398
1 2399
1 2400
1 2401
1 2402
1 2403
1 2404
1 2405
1 2406
1 2407
1 2408
1 2409
1 2410
1 2411
1 2412
1 2413
1 2414
1 2415
1 2416
1 2417
1 2418
1 2419
1 2420
1 2421
1 2422
1 2423
1 2424
1 2425
1 2426
1 2427
1 2428
1 2429
1 2430
1 2431
1 2432
1 2433
1 2434
1 2435
1 2436
1 2437
1 2438
1 2439
1 2440
1 2441
1 2442
1 2443
1 2444
1 2445
1 2446
1 2447
1 2448
1 2449
1 2450
1 2451
1 2452
1 2453
1 2454
1 2455
1 2456
1 2457
1 2458
1 2459
1 2460
1 2461
1 2462
1 2463
1 2464
1 2465
1 2466
1 2467
1 2468
1 2469
1 2470
1 2471
1 2472
1 2473
1 2474
1 2475
1 2476
1 2477
1 2478
1 2479
1 2480
1 2481
1 2482
1 2483
1 2484
1 2485
1 2486
1 2487
1 2488
1 2489
1 2490
1 2491
1 2492
1 2493
1 2494
1 2495
1 2496
1 2497
1 2498
1 2499
1 2500
1 2501
1 2502
1 2503
1 2504
1 2505
1 2506
1 2507
1 2508
1 2509
1 2510
1 2511
1 2512
1 2513
1 2514
1 2515
1 2516
1 2517
1 2518
1 2519
1 2520
1 2521
1 2522
1 2523
1 2524
1 2525
1 2526
1 2527
1 2528
1 2529
1 2530
1 2531
1 2532
1 2533
1 2534
1 2535
1 2536
1 2537
1 2538
1 2539
1 2540
POINT_DATA 2541
SCALARS density float 1
LOOKUP_TABLE default
500
500
500
500
500
500
500
500
500
500
500
500
500
500
500
500
500
500
500
500
500
500
500
500
500
500
500
500
500
500
500
500
500
500
500
500
500
500
500
500
500
500
500
500
500
500
500
500
500
500
500
500
500
500
500
500
500
500
500
500
500
500
500
500
500
500
500
500
500
500
500
500
500
500
500
500
500
500
500
500
500
500
500
500
500
500
500
500
500
500
500
500
500
500
500
500
500
500
500
500
500
500
500
500
500
500
500
500
500
500
500
500
500
500
500
500
500
500
500
500
500
500
500
500
500
500
500
500
500
500
500
500
500
500
500
500
500
500
500
500
500
500
500
500
500
500
500
500
500
500
500
500
500
500
500
500
500
500
500
500
500
500
500
500
500
500
500
500
500
500
500
500
500
500
500
500
500
500
500
500
500
500
500
500
500
500
500
500
500
500
500
500
500
500
500
500
500
500
500
500
500
500
500
500
500
500
500
500
500
500
500
500
500
500
500
500
500
500
500
500
500
500
500
500
500
500
500
500
500
500
500
500
500
500
500
500
500
500
500
500
500
500
500
500
500
500
500
500
500
500
500
500
500
500
500
500
500
500
500
500
500
500
500
500
500
500
500
500
500
500
500
500
500
500
500
500
500
500
500
500
500
500
500
500
500
500
500
500
500
500
500
500
500
500
500
500
500
500
500
500
500
500
500
500
500
500
500
500
500
500
500
500
500
500
500
500
500
500
500
500
500
500
500
500
500
500
500
500
500
500
500
500
500
500
500
500
500
500
500
500
500
500
500
500
500
500
500
500
500
500
500
500
500
500
500
500
500
500
500
500
500
500
500
500
500
500
500
500
500
500
500
500
500
500
500
500
500
500
500
500
500
500
500
500
500
500
500
500
500
500
500
500
500
500
500
500
500
500
500
500
500
500
500
500
500
500
500
500
500
500
500
500
500
500
500
500
500
500
500
500
500
500
500
500
500
500
500
500
500
500
500
500
500
500
500
500
500
500
500
500
500
500
500
500
500
500
500
500
500
500
500
500
500
500
500
500
500
500
500
500
500
500
500
500
500
500
500
500
500
500
500
500
500
500
500
500
500
500
500
500
500
500
500
500
500
500
500
500
500
500
500
500
500
500
500
500
500
500
500
500
500
500
500
500
500
500
500
500
500
500
500
500
500
500
500
500
500
500
500
500
500
500
500
500
500
500
500
500
500
500
500
500
500
500
500
500
500
500
500
500
500
500
500
500
500
500
500
500
500
500
500
500
500
500
500
500
500
500
500
500
500
500
500
500
500
500
500
500
500
500
500
500
500
500
500
500
500
500
500
500
500
500
500
500
500
500
500
500
500
500
500
500
500
500
500
500
500
500
500
500
500
500
500
500
500
500
500
500
500
500
500
500
500
500
500
500
500
500
500
500
500
500
500
500
500
500
500
500
500
500
500
500
500
500
500
500
500
500
500
500
500
500
500
500
500
500
500
500
500
500
500
500
500
500
500
500
500
500
500
500
500
500
500
500
500
500
500
500
500
500
500
500
500
500
500
500
500
500
500
500
500
500
500
500
500
500
500
500
500
500
500
500
500
500
500
500
500
500
500
500
500
500
500
500
500
500
500
500
500
500
500
500
500
500
500
500
500
500
500
500
500
500
500
500
500
500
500
500
500
500
500
500
500
500
500
500
500
500
500
500
500
500
500
500
500
500
500
500
500
500
500
500
500
500
500
500
500
500
500
500
500
500
500
500
500
500
500
500
500
500
500
500
500
500
500
500
500
500
500
500
500
500
500
500
500
500
500
500
500
500
500
500
500
500
500
500
500
500
500
500
500
500
500
500
500
500
500
500
500
500
500
500
500
500
500
500
500
500
500
500
500
500
500
500
500
500
500
500
500
500
500
500
500
500
500
500
500
500
500
500
500
500
500
500
500
500
500
500
500
500
500
500
500
500
500
500
500
500
500
500
500
500
500
500
500
500
500
500
500
500
500
500
500
500
500
500
500
500
500
500
500
500
500
500
500
500
500
500
500
500
500
500
500
500
500
500
500
500
500
500
500
500
500
500
500
500
500
500
500
500
500
500
500
500
500
500
500
500
500
500
500
500
500
500
500
500
500
500
500
500
500
500
500
500
500
500
500
500
500
500
500
500
500
500
500
500
500
500
500
500
500
500
500
500
500
500
500
500
500
500
500
500
500
500
500
500
500
500
500
500
500
500
500
500
500
500
500
500
500
500
500
500
500
500
500
500
500
500
500
500
500
500
500
500
500
500
500
500
500
500
500
500
500
500
500
500
500
500
500
500
500
500
500
500
500
500
500
500
500
500
500
500
500
500
500
500
500
500
500
500
500
500
500
500
500
500
500
500
500
500
500
500
500
500
500
500
500
500
500
500
500
500
500
500
500
500
500
500
500
500
500
500
500
500
500
500
500
500
500
500
500
500
500
500
500
500
500
500
500
500
500
500
500
500
500
500
500
500
500
500
500
500
500
500
500
500
500
500
500
500
500
500
500
500
500
500
500
500
500
500
500
500
500
500
500
500
500
500
500
500
500
500
500
500
500
500
500
500
500
500
500
500
500
500
500
500
500
500
500
500
500
500
500
500
500
500
500
500
500
500
500
500
500
500
500
500
500
500
500
500
500
500
500
500
500
500
500
500
500
500
500
500
500
500
500
500
500
500
500
500
500
500
500
500
500
500
500
500
500
500
500
500
500
500
500
500
500
500
500
500
500
500
500
500
500
500
500
500
500
500
500
500
500
500
500
500
500
500
500
500
500
500
500
500
500
500
500
500
500
500
500
500
500
500
500
500
500
500
500
500
500
500
500
500
500
500
500
500
500
500
500
500
500
500
500
500
500
500
500
500
500
500
500
500
500
500
500
500
500
500
500
500
500
500
500
500
500
500
500
500
500
500
500
500
500
500
500
500
500
500
500
500
500
500
500
500
500
500
500
500
500
500
500
500
500
500
500
500
500
500
500
500
500
500
500
500
500
500
500
500
500
500
500
500
500
500
500
500
500
500
500
500
500
500
500
500
500
500
500
500
500
500
500
500
500
500
500
500
500
500
500
500
500
500
500
500
500
500
500
500
500
500
500
500
500
500
500
500
500
500
500
500
500
500
500
500
500
500
500
500
500
500
500
500
500
500
500
500
500
500
500
500
500
500
500
500
500
500
500
500
500
500
500
500
500
500
500
500
500
500
500
500
500
500
500
500
500
500
500
500
500
500
500
500
500
500
500
500
500
500
500
500
500
500
500
500
500
500
500
500
500
500
500
500
500
500
500
500
500
500
500
500
500
500
500
500
500
500
500
500
500
500
500
500
500
500
500
500
500
500
500
500
500
500
500
500
500
500
500
500
500
500
500
500
500
500
500
500
500
500
500
500
500
500
500
500
500
500
500
500
500
500
500
500
500
500
500
500
500
500
500
500
500
500
500
500
500
500
500
500
500
500
500
500
500
500
500
500
500
500
500
500
500
500
500
500
500
500
500
500
500
500
500
500
500
500
500
500
500
500
500
500
500
500
500
500
500
500
500
500
500
500
500
500
500
500
500
500
500
500
500
500
500
500
500
500
500
500
500
500
500
500
500
500
500
500
500
500
500
500
500
500
500
500
500
500
500
500
500
500
500
500
500
500
500
500
500
500
500
500
500
500
500
500
500
500
500
500
500
500
500
500
500
500
500
500
500
500
500
500
500
500
500
500
500
500
500
500
500
500
500
500
500
500
500
500
500
500
500
500
500
500
500
500
500
500
500
500
500
500
500
500
500
500
500
500
500
500
500
500
500
500
500
500
500
500
500
500
500
500
500
500
500
500
500
500
500
500
500
500
500
500
500
500
500
500
500
500
500
500
500
500
500
500
500
500
500
500
500
500
500
500
500
500
500
500
500
500
500
500
500
500
500
500
500
500
500
500
500
500
500
500
500
500
500
500
500
500
500
500
500
500
500
500
500
500
500
500
500
500
500
500
500
500
500
500
500
500
500
500
500
500
500
500
500
500
500
500
500
500
500
500
500
500
500
500
500
500
500
500
500
500
500
500
500
500
500
500
500
500
500
500
500
500
500
500
500
500
500
500
500
500
500
500
500
500
500
500
500
500
500
500
500
500
500
500
500
500
500
500
500
500
500
500
500
500
500
500
500
500
500
500
500
500
500
500
500
500
500
500
500
500
500
500
500
500
500
500
500
500
500
500
500
500
500
500
500
500
500
500
500
500
500
500
500
500
500
500
500
500
500
500
500
500
500
500
500
500
500
500
500
500
500
500
500
500
500
500
500
500
500
500
500
500
500
500
500
500
500
500
500
500
500
500
500
500
500
500
500
500
500
500
500
500
500
500
500
500
500
500
500
500
500
500
500
500
500
500
500
500
500
500
500
500
500
500
500
500
500
500
500
500
500
500
500
500
500
500
500
500
500
500
500
500
500
500
500
500
500
500
500
500
500
500
500
500
500
500
500
500
500
500
500
500
500
500
500
500
500
500
500
500
500
500
500
500
500
500
500
500
500
500
500
500
500
500
500
500
500
500
500
500
500
500
500
500
500
500
500
500
500
500
500
500
500
500
500
500
500
500
500
500
500
500
500
500
500
500
500
500
500
500
500
500
500
500
500
500
500
500
500
500
500
500
500
500
500
500
500
500
500
500
500
500
500
500
500
500
500
500
500
500
500
500
500
500
500
500
500
500
500
500
500
500
500
500
500
500
500
500
500
500
500
500
500
500
500
500
500
500
500
500
500
500
500
500
500
500
500
500
500
500
500
500
500
500
500
500
500
500
500
500
500
500
500
500
500
500
500
500
500
500
500
500
500
500
500
500
500
500
500
500
500
500
500
500
500
500
500
500
500
500
500
500
500
500
500
500
500
500
500
500
500
500
500
500
500
500
500
500
500
500
500
500
500
500
500
500
500
500
500
500
500
500
500
500
500
500
500
500
500
500
500
500
500
500
500
500
500
500
500
500
500
500
500
500
500
500
500
500
500
500
500
500
500
500
500
500
500
500
500
500
500
500
500
500
500
500
500
500
500
500
500
500
500
500
500
500
500
500
500
500
500
500
500
500
500
500
500
500
500
500
500
500
500
500
500
500
500
500
500
500
500
500
500
500
500
500
500
500
500
500
500
500
500
500
500
500
500
500
500
500
500
500
500
500
500
500
500
500
500
500
500
500
500
500
500
500
500
500
500
500
500
500
500
500
500
500
500
500
500
500
500
500
500
500
500
500
500
500
500
500
500
500
500
500
500
500
500
500
500
500
500
500
500
500
500
500
500
500
500
500
500
500
500
500
500
500
500
500
500
500
500
500
500
500
500
500
500
500
500
500
500
500
500
500
500
500
500
500
500
500
500
500
500
500
500
500
500
500
500
500
500
500
500
500
500
500
500
500
500
500
500
500
500
500
500
500
500
500
500
500
500
500
500
500
500
500
500
500
500
500
500
500
500
500
500
500
500
500
500
500
500
500
500
500
500
500
500
500
500
500
500
500
500
500
500
500
500
500
500
500
500
500
500
500
500
500
500
500
500
500
500
500
500
500
500
500
500
500
500
500
500
500
500
500
500
500
500
500
500
500
500
500
500
500
500
500
500
500
500
500
500
500
500
500
500
500
500
500
500
500
500
500
500
500
500
500
500
500
500
500
500
500
500
500
500
500
500
500
500
500
500
500
500
500
500
500
500
500
500
500
500
500
500
500
500
500
500
500
500
500
500
500
500
500
500
500
500
500
500
500
500
500
500
500
500
500
500
500
500
SCALARS pressure float 1
LOOKUP_TABLE default
0
0
0
0
0
0
0
0
0
0
0
0
0
0
0
0
0
0
0
0
0
0
0
0
0
0
0
0
0
0
0
0
0
0
0
0
0
0
0
0
0
0
0
0
0
0
0
0
0
0
0
0
0
0
0
0
0
0
0
0
0
0
0
0
0
0
0
0
0
0
0
0
0
0
0
0
0
0
0
0
0
0
0
0
0
0
0
0
0
0
0
0
0
0
0
0
0
0
0
0
0
0
0
0
0
0
0
0
0
0
0
0
0
0
0
0
0
0
0
0
0
0
0
0
0
0
0
0
0
0
0
0
0
0
0
0
0
0
0
0
0
0
0
0
0
0
0
0
0
0
0
0
0
0
0
0
0
0
0
0
0
0
0
0
0
0
0
0
0
0
0
0
0
0
0
0
0
0
0
0
0
0
0
0
0
0
0
0
0
0
0
0
0
0
0
0
0
0
0
0
0
0
0
0
0
0
0
0
0
0
0
0
0
0
0
0
0
0
0
0
0
0
0
0
0
0
0
0
0
0
0
0
0
0
0
0
0
0
0
0
0
0
0
0
0
0
0
0
0
0
0
0
0
0
0
0
0
0
0
0
0
0
0
0
0
0
0
0
0
0
0
0
0
0
0
0
0
0
0
0
0
0
0
0
0
0
0
0
0
0
0
0
0
0
0
0
0
0
0
0
0
0
0
0
0
0
0
0
0
0
0
0
0
0
0
0
0
0
0
0
0
0
0
0
0
0
0
0
0
0
0
0
0
0
0
0
0
0
0
0
0
0
0
0
0
0
0
0
0
0
0
0
0
0
0
0
0
0
0
0
0
0
0
0
0
0
0
0
0
0
0
0
0
0
0
0
0
0
0
0
0
0
0
0
0
0
0
0
0
0
0
0
0
0
0
0
0
0
0
0
0
0
0
0
0
0
0
0
0
0
0
0
0
0
0
0
0
0
0
0
0
0
0
0
0
0
0
0
0
0
0
0
0
0
0
0
0
0
0
0
0
0
0
0
0
0
0
0
0
0
0
0
0
0
0
0
0
0
0
0
0
0
0
0
0
0
0
0
0
0
0
0
0
0
0
0
0
0
0
0
0
0
0
0
0
0
0
0
0
0
0
0
0
0
0
0
0
0
0
0
0
0
0
0
0
0
0
0
0
0
0
0
0
0
0
0
0
0
0
0
0
0
0
0
0
0
0
0
0
0
0
0
0
0
0
0
0
0
0
0
0
0
0
0
0
0
0
0
0
0
0
0
0
0
0
0
0
0
0
0
0
0
0
0
0
0
0
0
0
0
0
0
0
0
0
0
0
0
0
0
0
0
0
0
0
0
0
0
0
0
0
0
0
0
0
0
0
0
0
0
0
0
0
0
0
0
0
0
0
0
0
0
0
0
0
0
0
0
0
0
0
0
0
0
0
0
0
0
0
0
0
0
0
0
0
0
0
0
0
0
0
0
0
0
0
0
0
0
0
0
0
0
0
0
0
0
0
0
0
0
0
0
0
0
0
0
0
0
0
0
0
0
0
0
0
0
0
0
0
0
0
0
0
0
0
0
0
0
0
0
0
0
0
0
0
0
0
0
0
0
0
0
0
0
0
0
0
0
0
0
0
0
0
0
0
0
0
0
0
0
0
0
0
0
0
0
0
0
0
0
0
0
0
0
0
0
0
0
0
0
0
0
0
0
0
0
0
0
0
0
0
0
0
0
0
0
0
0
0
0
0
0
0
0
0
0
0
0
0
0
0
0
0
0
0
0
0
0
0
0
0
0
0
0
0
0
0
0
0
0
0
0
0
0
0
0
0
0
0
0
0
0
0
0
0
0
0
0
0
0
0
0
0
0
0
0
0
0
0
0
0
0
0
0
0
0
0
0
0
0
0
0
0
0
0
0
0
0
0
0
0
0
0
0
0
0
0
0
0
0
0
0
0
0
0
0
0
0
0
0
0
0
0
0
0
0
0
0
0
0
0
0
0
0
0
0
0
0
0
0
0
0
0
0
0
0
0
0
0
0
0
0
0
0
0
0
0
0
0
0
0
0
0
0
0
0
0
0
0
0
0
0
0
0
0
0
0
0
0
0
0
0
0
0
0
0
0
0
0
0
0
0
0
0
0
0
0
0
0
0
0
0
0
0
0
0
0
0
0
0
0
0
0
0
0
0
0
0
0
0
0
0
0
0
0
0
0
0
0
0
0
0
0
0
0
0
0
0
0
0
0
0
0
0
0
0
0
0
0
0
0
0
0
0
0
0
0
0
0
0
0
0
0
0
0
0
0
0
0
0
0
0
0
0
0
0
0
0
0
0
0
0
0
0
0
0
0
0
0
0
0
0
0
0
0
0
0
0
0
0
0
0
0
0
0
0
0
0
0
0
0
0
0
0
0
0
0
0
0
0
0
0
0
0
0
0
0
0
0
0
0
0
0
0
0
0
0
0
0
0
0
0
0
0
0
0
0
0
0
0
0
0
0
0
0
0
0
0
0
0
0
0
0
0
0
0
0
0
0
0
0
0
0
0
0
0
0
0
0
0
0
0
0
0
0
0
0
0
0
0
0
0
0
0
0
0
0
0
0
0
0
0
0
0
0
0
0
0
0
0
0
0
0
0
0
0
0
0
0
0
0
0
0
0
0
0
0
0
0
0
0
0
0
0
0
0
0
0
0
0
0
0
0
0
0
0
0
0
0
0
0
0
0
0
0
0
0
0
0
0
0
0
0
0
0
0
0
0
0
0
0
0
0
0
0
0
0
0
0
0
0
0
0
0
0
0
0
0
0
0
0
0
0
0
0
0
0
0
0
0
0
0
0
0
0
0
0
0
0
0
0
0
0
0
0
0
0
0
0
0
0
0
0
0
0
0
0
0
0
0
0
0
0
0
0
0
0
0
0
0
0
0
0
0
0
0
0
0
0
0
0
0
0
0
0
0
0
0
0
0
0
0
0
0
0
0
0
0
0
0
0
0
0
0
0
0
0
0
0
0
0
0
0
0
0
0
0
0
0
0
0
0
0
0
0
0
0
0
0
0
0
0
0
0
0
0
0
0
0
0
0
0
0
0
0
0
0
0
0
0
0
0
0
0
0
0
0
0
0
0
0
0
0
0
0
0
0
0
0
0
0
0
0
0
0
0
0
0
0
0
0
0
0
0
0
0
0
0
0
0
0
0
0
0
0
0
0
0
0
0
0
0
0
0
0
0
0
0
0
0
0
0
0
0
0
0
0
0
0
0
0
0
0
0
0
0
0
0
0
0
0
0
0
0
0
0
0
0
0
0
0
0
0
0
0
0
0
0
0
0
0
0
0
0
0
0
0
0
0
0
0
0
0
0
0
0
0
0
0
0
0
0
0
0
0
0
0
0
0
0
0
0
0
0
0
0
0
0
0
0
0
0
0
0
0
0
0
0
0
0
0
0
0
0
0
0
0
0
0
0
0
0
0
0
0
0
0
0
0
0
0
0
0
0
0
0
0
0
0
0
0
0
0
0
0
0
0
0
0
0
0
0
0
0
0
0
0
0
0
0
0
0
0
0
0
0
0
0
0
0
0
0
0
0
0
0
0
0
0
0
0
0
0
0
0
0
0
0
0
0
0
0
0
0
0
0
0
0
0
0
0
0
0
0
0
0
0
0
0
0
0
0
0
0
0
0
0
0
0
0
0
0
0
0
0
0
0
0
0
0
0
0
0
0
0
0
0
0
0
0
0
0
0
0
0
0
0
0
0
0
0
0
0
0
0
0
0
0
0
0
0
0
0
0
0
0
0
0
0
0
0
0
0
0
0
0
0
0
0
0
0
0
0
0
0
0
0
0
0
0
0
0
0
0
0
0
0
0
0
0
0
0
0
0
0
0
0
0
0
0
0
0
0
0
0
0
0
0
0
0
0
0
0
0
0
0
0
0
0
0
0
0
0
0
0
0
0
0
0
0
0
0
0
0
0
0
0
0
0
0
0
0
0
0
0
0
0
0
0
0
0
0
0
0
0
0
0
0
0
0
0
0
0
0
0
0
0
0
0
0
0
0
0
0
0
0
0
0
0
0
0
0
0
0
0
0
0
0
0
0
0
0
0
0
0
0
0
0
0
0
0
0
0
0
0
0
0
0
0
0
0
0
0
0
0
0
0
0
0
0
0
0
0
0
0
0
0
0
0
0
0
0
0
0
0
0
0
0
0
0
0
0
0
0
0
0
0
0
0
0
0
0
0
0
0
0
0
0
0
0
0
0
0
0
0
0
0
0
0
0
0
0
0
0
0
0
0
0
0
0
0
0
0
0
0
0
0
0
0
0
0
0
0
0
0
0
0
0
0
0
0
0
0
0
0
0
0
0
0
0
0
0
0
0
0
0
0
0
0
0
0
0
0
0
0
0
0
0
0
0
0
0
0
0
0
0
0
0
0
0
0
0
0
0
0
0
0
0
0
0
0
0
0
0
0
0
0
0
0
0
0
0
0
0
0
0
0
0
0
0
0
0
0
0
0
0
0
0
0
0
0
0
0
0
0
0
0
0
0
0
0
0
0
0
0
0
0
0
0
0
0
0
0
0
0
0
0
0
0
0
0
0
0
0
0
0
0
0
0
0
0
0
0
0
0
0
0
0
0
0
0
0
0
0
0
0
0
0
0
0
0
0
0
0
0
0
0
0
0
0
0
0
0
0
0
0
0
0
0
0
0
0
0
0
0
0
0
0
0
0
0
0
0
0
0
0
0
0
0
0
0
0
0
0
0
0
0
0
0
0
0
0
0
0
0
0
0
0
0
0
0
0
0
0
0
0
0
0
0
0
0
0
0
0
0
0
0
0
0
0
0
0
0
0
0
0
0
0
0
0
0
0
0
0
0
0
0
0
0
0
0
0
0
0
0
0
0
0
0
0
0
0
0
0
0
0
0
0
0
0
0
0
0
0
0
0
0
0
0
0
0
0
0
0
0
0
0
0
0
0
0
0
0
0
0
0
0
0
0
0
0
0
0
0
0
0
0
0
0
0
0
0
0
0
0
0
0
0
0
0
0
0
0
0
0
0
0
0
0
0
0
0
0
0
0
0
0
0
0
0
0
0
0
0
0
0
0
0
0
0
0
0
0
0
0
0
0
0
0
0
0
0
0
0
0
0
0
0
0
0
0
0
0
0
0
0
0
0
0
0
0
0
0
0
0
0
0
0
0
0
0
0
0
0
0
0
0
0
0
0
0
0
0
0
0
0
0
0
0
0
0
0
0
0
0
0
0
0
0
0
0
0
0
0
0
0
0
0
0
0
0
0
0
0
0
0
0
0
0
0
0
0
0
0
0
0
0
0
0
0
0
0
0
0
0
0
0
0
0
0
0
0
0
0
0
0
0
0
0
0
0
0
0
0
0
0
0
0
0
0
0
0
0
0
0
0
0
0
0
0
0
0
0
0
0
0
0
0
0
0
0
0
0
0
0
0
0
0
0
0
0
0
0
0
0
0
0
0
0
0
0
0
0
0
0
0
0
0
0
0
0
0
0
0
0
0
0
0
0
0
0
0
0
0
0
0
0
0
0
0
0
0
0
0
0
0
0
0
0
0
0
0
0
0
0
0
0
0
0
0
0
0
0
0
0
0
0
0
0
0
0
0
0
0
0
0
0
0
0
0
0
0
0
0
0
0
0
0
0
0
0
0
0
0
0
0
0
0
0
0
0
0
0
0
0
0
0
0
0
0
0
0
0
0
0
0
0
0
0
0
0
0
0
0
0
0
0
0
0
0
0
SCALARS speed float 1
LOOKUP_TABLE default
1.87289e-17
1.33327e-16
34.3126
1.00389e-05
1.02417e-08
43.4173
23.6428
76.342
37.6178
15.347
1.03466e-07
61.9355
58.0845
3.3274e-16
16.924
3.95319e-18
19.522
2.34078
84.6154
60.9322
5.87464e-10
22.4194
44.5643
48.0392
28.4863
17.5345
19.7892
33.7252
36.5982
77.1071
35.9071
61.4421
32.5867
3.42309e-06
5.13317e-15
54.9216
29.339
23.2853
18.0671
5.94322e-11
8.31517
4.8355e-07
106.155
1.54529e-15
48.0475
2.25207e-20
9.43716e-08
4.29999e-19
2.87564e-17
2.84692e-05
6.06815e-08
23.6907
70.0348
34.5799
1.8301e-15
4.30563e-14
48.0403
28.488
0.0964022
15.4776
3.61291e-06
9.02662
0.0425389
21.6487
55.3466
13.9193
0.313843
3.09533e-19
6.716e-20
1.716e-16
3.06777e-14
43.8298
2.49943e-17
34.2746
32.3623
54.6488
13.1473
2.49592e-05
89.2584
8.04799e-06
24.2205
0.0121046
9.10704e-16
3.49561e-16
1.51559e-05
1.28884e-12
66.4863
5.97624e-16
2.94285e-15
48.0392
28.4849
22.6825
67.5244
3.99913e-19
18.8579
3.67581e-10
2.6402e-06
33.4233
20.1134
2.59381e-15
60.7482
1.9434e-14
24.6793
1.49328e-17
29.9794
4.11738e-10
49.0054
72.9139
21.3857
41.5936
7.77703e-08
2.33235e-17
34.2887
9.82272e-12
33.9604
43.5219
17.7455
18.1024
86.6526
2.5229e-16
2.9622e-14
3.18451e-19
3.88194e-16
1.48619e-06
1.23629e-18
54.3502
5.02126e-16
20.0222
0.000366369
1.06978e-14
25.8754
1.32753e-11
6.39449e-19
48.0369
27.9576
20.1059
29.0483
1.24121e-15
19.4639
42.9572
21.8118
65.1373
27.4467
20.196
41.4887
20.9991
27.9238
7.03276
30.183
5.9512e-08
73.1699
4.08266e-11
69.9028
1.96754e-05
35.4064
34.4941
0.000588087
16.0115
9.21996e-19
31.7713
2.21508e-07
3.11804e-16
41.4427
47.3146
40.203
52.7116
34.7165
24.5903
7.46923
178.077
0.106951
73.0346
18.006
1.45434e-13
2.17331e-18
34.8909
20.1972
41.5113
21.0187
2.26712e-11
10.7497
17.1759
16.2982
71.5918
7.21256e-11
29.8722
36.7946
44.4311
29.2842
23.2667
10.2712
9.73518
22.1847
70.1616
1.34653e-18
2.83691e-19
1.33692e-10
14.6287
42.5506
34.9174
15.7725
36.3299
8.90575e-09
50.9818
51.9836
28.7994
8.71426e-19
57.7724
6.58808e-05
20.1961
41.4887
20.9995
40.0136
1.11165e-08
28.7757
6.34964e-05
29.1719
10.7345
26.993
1.97938e-18
1.72051e-18
48.6907
28.037
18.8539
12.8049
34.9358
3.78766e-11
36.9926
36.6446
2.32771e-17
78.4071
7.50373e-19
121.283
1.43267e-16
47.7801
45.8212
9.14481e-10
75.9026
66.2621
1.96658e-18
7.13945e-11
5.38047e-06
23.7286
5.18165e-17
118.529
1.39553e-16
32.0373
1.61891e-18
2.70957e-12
51.208
5.33795e-12
2.06906e-16
0.00990824
0.000999925
3.72371e-11
3.65709e-17
1.29012e-16
25.5588
1.88724e-07
3.72021e-08
29.1602
16.6776
7.0181e-09
31.4976
38.7011
32.7077
0.000588699
68.0372
5.00998e-18
54.1959
91.1188
63.2234
15.6469
45.7079
54.3569
15.8532
194.568
1.70924e-16
7.89594e-18
6.61399e-19
1.40385e-14
45.3582
4.15777e-12
3.68694e-17
33.2431
5.20224e-15
40.3877
77.3797
26.9775
7.29024e-08
1.83733e-13
32.4697
40.4334
3.40585e-10
61.4428
2.60556e-13
43.1041
43.5504
32.0082
0.000588881
32.1888
5.65292e-06
36.7304
5.36705e-06
13.9482
8.22326
33.115
14.9791
1.68642e-13
80.6256
89.7635
21.5472
1.1135e-08
23.2779
1.50428e-16
3.94987
11.5577
47.9313
2.80694e-14
23.3422
135.848
5.35148e-16
1.67175e-19
2.96373e-16
27.8861
73.0126
5.81674e-12
69.3884
42.7918
45.9453
42.0213
32.9014
0.000588675
314.306
97.0792
33.1995
21.3399
1.40649e-16
8.49217e-14
2.62005e-12
38.9551
2.44841e-10
1.44657e-06
2.61532e-18
112.9
36.7348
2.07848e-05
103.039
9.22843e-09
1.73043e-16
41.2892
0.104417
2.13062e-14
31.2117
32.5194
0.00275321
1.69587e-14
1.21577e-08
71.3178
12.6904
1.33528e-08
88.5768
27.2173
9.345e-15
2.24254e-09
31.1582
1.76895e-09
8.10817e-08
2.96219e-19
2.98563e-09
1.90985e-16
6.04623e-05
1.30116e-18
69.1367
3.16607e-15
2.09014e-18
54.2149
38.5066
0.00567526
45.5598
2.4519e-18
24.2205
32.006
14.5866
4.54871e-18
4.82362e-17
34.1108
29.29
6.93356
6.3992e-13
43.867
50.3911
28.5698
28.6632
77.7073
23.8196
1.62646e-10
5.86127e-14
29.9145
7.67311e-11
9.71343e-12
117.408
2.15257e-18
3.6409e-07
4.60988e-17
1.18462e-14
39.4137
4.64874e-11
43.8085
45.9009
1.92279e-07
4.41011e-18
5.01343e-10
4.13913e-14
3.75792e-17
40.6185
48.4332
8.80454
40.8991
32.4987
25.4226
0.00275839
9.35475
7.71883e-12
8.84837e-17
39.0301
48.7879
59.0815
8.25357e-14
6.63344e-06
1.19445e-19
1.16383e-17
194.632
4.03902e-17
103.018
5.9088e-15
59.3123
42.1751
174.342
3.179e-16
6.02083e-13
71.9855
31.5307
47.3985
1.09127e-07
2.57375e-07
1.3562e-18
0.000501567
5.74819e-13
25.5911
3.51055e-16
7.69215e-07
33.9681
29.4947
2.2547e-06
40.6565
50.7148
32.608
4.35208e-14
22.7339
9.42044e-17
3.4044e-09
6.35957e-17
5.07682e-18
105.213
0.0985015
17.3471
28.2474
4.492e-15
6.8939e-16
74.9539
46.7876
28.119
1.48975e-06
2.43477e-05
41.3683
4.94219e-17
5.62677e-05
20.0983
26.6577
9.90729e-19
24.0714
7.62961e-16
47.5554
3.20055e-19
6.08091e-16
1.69885e-09
1.27083e-17
6.48448
29.1202
87.8621
18.8644
14.0892
1.10094e-11
18.7326
1.17633e-14
48.254
28.1478
2.05532e-13
1.28624e-10
1.65353e-10
75.5803
62.1226
23.4013
1.29371e-11
2.45921e-14
20.1968
41.5913
21.0888
1.29791e-13
18.5909
3.67304
5.0413
39.4795
7.65675e-18
10.8845
2.51811e-16
43.7274
31.5076
0.000383129
2.94238e-09
7.1534
9.56628e-12
1.87904e-13
32.3559
24.6249
10.7306
3.08146e-06
28.7285
32.186
24.5726
0.174998
33.4229
2.53305e-17
24.2864
1.55256e-05
55.3348
55.5519
7.75203e-11
20.2027
41.6104
21.1057
29.8567
14.2225
32.6348
8.72359
12.9349
28.5731
63.0012
14.0342
2.82673e-05
29.972
23.0209
24.6311
4.66075e-18
3.56391e-13
9.35758e-15
13.7542
3.29803e-15
23.7996
4.99284
43.3148
32.5117
16.174
2.72771e-05
19.1324
7.1622e-19
0.0624354
6.18053e-13
106.028
29.4622
2.7226e-15
20.1971
41.5913
21.089
21.4045
9.04723
3.67592e-16
32.8047
45.3183
5.25174e-07
13.4524
31.5201
1.44846e-18
48.9125
28.146
1.96347e-15
1.88354e-09
14.6793
70.6064
2.38179e-16
9.26002e-13
6.96612
34.7358
6.77136e-17
8.76894e-18
26.7935
54.6898
6.95237e-14
39.5021
1.16817e-15
55.6316
39.9036
7.64991e-07
4.97998e-12
52.1182
3.3803e-20
3.22082e-14
8.58836e-11
3.03263e-14
1.47063e-15
42.0121
31.8593
94.0297
2.36715e-13
62.1666
1.0433e-18
1.08271e-17
1.83895e-18
1.17236e-19
0.000106106
1.43041e-16
1.92507e-11
21.6897
8.14622
35.6598
2.16801e-11
44.5917
32.1457
0.000588966
5.28412e-15
4.69424e-16
35.948
20.7247
28.4207
24.2815
5.50686e-16
1.68021e-18
49.5156
1.62409e-19
1.00761e-16
85.0501
4.0137e-11
49.9831
88.3645
2.01655e-05
2.99986e-07
7.07249e-17
5.43339e-15
2.55311e-17
79.9498
27.1401
3.6736e-18
5.78536e-15
47.3012
46.5643
28.2922
1.42253e-14
2.11109e-06
25.1478
2.57319e-07
31.4789
0.000383109
3.02052e-14
32.437
108.922
17.4416
27.0802
12.2319
35.2565
34.3414
1.18142e-17
73.1873
89.1928
56.9716
4.52075
32.9243
2.75228e-14
9.8181
1.96791e-05
3.51582e-13
44.2704
4.4646e-17
79.7219
3.49287e-16
1.7391e-18
2.2242e-19
24.7242
69.7831
1.54572e-14
38.3617
2.3186e-09
2.47059e-15
85.7401
32.3255
0.000588899
2.56771e-09
67.5923
39.8622
1.98061
2.50595e-08
35.1219
23.9126
25.4504
2.02258e-05
1.11705e-05
3.89247e-17
39.0239
0.00141906
57.4353
0.00103501
2.29767e-11
24.3675
38.4709
26.6075
1.98399e-14
4.46305e-18
20.2056
2.05118e-07
2.54182e-08
1.42769e-16
39.4578
26.9021
13.1875
2.08288e-10
4.80554e-19
5.85387e-08
31.2414
28.9803
1.34672e-14
1.55922e-13
94.9148
2.42166e-17
12.9704
4.21906e-07
28.131
26.994
48.0951
2.08727e-18
50.9761
38.798
31.5484
1.24393e-17
35.872
3.93796e-13
5.72741e-12
33.9553
49.0467
2.02366e-17
32.7713
27.2505
2.77336
1.54828e-12
5.60134
33.5701
8.85896
1.13975e-14
16.0913
78.8974
4.72489e-11
1.60776e-09
1.27108
2.54815e-19
1.34386e-13
4.03218e-15
6.75179
6.40806e-17
4.07609e-19
1.15624e-17
5.90616e-18
6.42071e-12
44.1304
23.7173
3.15756e-18
5.54575e-12
81.3471
76.1849
56.1578
21.9816
31.2171
1.04276e-18
4.59386e-08
32.4858
19.0745
8.13383
6.01851
1.88421e-15
16.9202
20.9724
1.31307e-14
22.1536
19.4405
1.70227e-09
1.2617e-14
28.7875
52.2865
1.23139e-13
30.468
3.51087e-13
36.3331
1.01622e-12
102.914
3.10928e-14
26.5844
75.2622
5.53848e-16
97.1964
4.82592e-19
68.6484
27.8946
2.01126e-05
19.9376
99.2662
34.9433
1.8732e-05
33.557
25.3472
0.0349459
39.9571
28.8147
19.5272
26.2723
1.07994e-09
9.43058e-05
8.47711e-07
1.26944e-10
7.80107e-18
4.05835e-19
1.36516e-07
80.626
1.17023e-15
54.2716
64.9864
63.8916
3.2566e-17
35.558
3.68519e-07
54.167
2.86311e-12
4.03257e-07
1.04705e-05
17.0947
2.45407e-10
9.61682e-19
2.45165e-18
6.73074e-17
2.69546e-07
1.86409e-19
5.20869e-16
6.27991e-09
1.40821e-17
6.22463
1.7755e-18
54.8281
37.8407
1.1639e-10
40.5632
6.6273
1.38319e-16
48.2545
28.1476
118.917
199.491
3.54739e-11
9.83912e-06
2.99867e-13
24.6831
39.0341
3.54528e-05
20.1972
41.5922
21.0892
38.0147
19.5554
8.59546e-09
38.5487
83.9233
26.9721
10.7435
28.4288
43.5642
31.5026
0.000383139
16.2344
0.000163678
1.49396e-18
8.48743
15.8858
52.2317
122.684
3.04419e-15
29.3086
32.1801
24.5724
49.5973
2.22183e-07
7.24169e-18
42.0833
48.9454
1.42936e-17
42.3411
30.8515
20.2035
41.6113
21.1065
18.375
1.8815e-07
69.1548
3.81368
14.0168
1.37033e-12
40.5759
20.1191
6.66625e-06
29.9655
23.0512
0.00078532
34.3846
2.67307e-19
1.52437e-17
46.2485
5.56544e-17
73.6673
57.4947
43.2625
32.5088
16.1785
3.6257e-07
17.127
29.3629
27.657
1.30216e-18
43.5637
26.005
8.78115e-07
20.1975
41.5923
21.0894
9.48498
1.46134e-14
23.8894
41.6779
57.7953
22.1161
34.5839
15.6141
9.9518e-08
48.913
28.1475
2.12593e-15
23.2882
9.63286e-19
1.42979e-05
13.6395
2.59977e-08
12.8084
1.99068e-15
3.67167e-17
74.3492
34
80.6726
8.84345e-16
24.5997
53.3791
54.5329
1.93107e-10
2.69006e-18
1.85966e-17
4.74337e-06
1.3142e-16
2.13543e-16
8.35294e-16
6.66728e-16
3.70897e-18
32.7974
5.13134
12.8496
16.0541
8.42456
4.58913e-16
1.29736e-17
9.20104e-17
5.11792e-19
4.26021e-18
35.0676
8.70285e-17
32.5552
8.53519
9.71937e-13
0.0761337
1.2019e-07
32.1461
0.000588961
1.60278e-17
2.12122e-07
3.43977e-14
29.6538
28.4473
31.1545
55.675
1.65253e-10
2.77097e-05
1.28904e-14
6.58343e-19
42.9532
41.1391
3.1061e-05
1.20065e-10
60.092
1.08658e-05
1.84654e-17
5.60161e-15
4.45321e-06
82.1606
27.1377
59.3818
2.35921e-19
53.5929
39.5871
6.97329e-11
34.3358
41.3906
60.781
9.14951e-15
31.4811
0.000383111
2.56462e-14
33.2766
5.49309e-13
1.40657e-08
16.8291
7.55529e-13
1.18311e-09
2.93975e-14
80.4128
88.8349
89.1948
53.5945
10.0999
19.4176
17.3419
1.95608e-09
27.1022
7.27558e-08
2.03358e-09
5.58222e-10
77.9649
1.14444e-14
1.24644e-16
4.96897e-17
56.7021
47.2698
41.9545
4.09171e-10
5.86944e-16
18.919
2.20533e-07
32.3255
0.00038292
43.127
19.8754
35.0287
8.31837e-19
50.2538
6.83695e-15
41.5748
2.09593e-18
2.71143e-05
1.74469e-05
3.88516e-17
39.066
9.65969e-13
16.5114
3.7727e-11
13.1833
8.90856e-17
9.73619e-08
1.1422e-05
113.961
2.84326e-17
56.0815
1.55168e-15
18.2842
67.2224
16.8591
17.8128
26.5046
3.67337e-18
40.2958
2.724e-17
32.5678
75.0214
2.81228e-14
29.5156
3.60363e-19
4.70531e-10
1.31725e-06
3.84382e-12
15.4104
4.37886
2.35967e-06
2.08725e-18
50.6696
38.1434
25.5887
40.3432
67.3836
24.1661
31.7235
33.1966
3.52364e-14
6.10475e-19
32.7705
0.000382896
56.4089
2.79787e-05
22.5979
35.8683
26.3428
2.23914e-18
40.8502
25.6038
2.05172e-12
83.4654
24.4838
2.28676e-19
1.40406e-06
51.5497
1.08018e-05
87.3849
13.2789
67.364
1.62721e-11
9.05968e-09
44.1144
25.6246
83.8891
1.8468e-06
65.8927
26.1221
30.9938
5.34315e-05
7.67483e-12
9.86086e-17
1.04574e-09
32.4862
0.000383065
9.34038e-13
32.3089
1.22055e-15
4.76927e-12
22.3971
1.48159e-08
1.07055e-13
8.61299e-15
4.32606e-18
2.15568e-10
26.2117
30.8209
9.80313
34.703
5.01659e-18
0.000143507
21.1263
1.2034e-18
2.15492e-16
1.86874e-16
75.504
8.17792e-16
67.4379
26.6264
50.9872
7.12457e-18
5.46707e-06
3.00239e-05
19.2123
19.5873
1.23396e-13
33.5563
0.000382899
7.78367
39.9627
2.5277e-18
5.99354e-17
1.31974e-18
36.894
9.22593e-12
11.3686
25.223
7.80103e-18
1.182e-18
7.54975e-18
24.9248
5.51315
72.3919
6.1071e-17
22.4123
31.128
44.6078
5.5697e-16
5.04711e-16
36.314
31.979
6.69591e-07
55.6416
50.3477
8.993e-05
3.32646e-09
1.97882e-14
22.4879
1.07279e-18
1.38662e-18
4.07814e-09
7.56158e-18
6.16178
4.68116e-11
1.17598e-14
37.5283
10.0425
32.5017
0.00809186
6.41115e-12
48.2545
28.1478
1.01309e-15
37.8552
0.000564492
57.8329
19.3503
10.4556
27.1141
29.8716
20.1973
41.5922
21.0896
14.6171
25.7609
12.5536
5.52669
23.7122
21.772
12.0911
3.1979e-07
43.5755
31.5036
0.000383154
13.1006
0.000105971
2.57847e-17
2.54877e-08
7.9023e-14
13.094
6.40967e-16
2.45931e-08
2.34714e-12
32.1799
24.5721
3.52818e-07
12.1144
108.439
6.15962e-16
57.3464
8.05944e-17
69.1456
5.95443
20.2032
41.6115
21.1062
41.001
13.8578
2.80701e-15
3.91163
13.6578
71.9838
38.8251
17.154
6.89049e-07
29.9651
23.0511
23.3753
21.4182
3.84757e-15
3.72545e-17
62.7474
1.96056e-05
3.97938e-10
16.6781
43.5211
32.5103
16.1795
1.90858e-14
19.6578
50.5482
1.10259e-10
1.56445e-17
5.28881e-13
16.4453
44.164
20.1972
41.5927
21.0892
10.8187
1.22873e-14
63.436
74.6327
4.47356e-16
1.13421e-11
14.7503
8.99977e-13
1.14067e-14
48.9134
28.1481
2.11399e-15
4.83566e-15
19.3822
36.0515
2.97197e-11
6.81939e-07
8.74765e-18
26.9096
4.28131e-18
1.6604e-19
3.64739e-17
44.9502
1.87381e-12
2.75149e-16
62.5637
29.4484
59.695
1.10101e-05
71.4389
1.39171e-10
53.2986
12.064
65.111
81.4493
63.7787
93.9823
35.5882
16.4395
1.29997
5.75404e-05
4.57955e-16
1.09695e-17
1.81084e-18
13.4177
2.31654e-16
1.37943e-09
2.13435e-07
32.8499
9.87835
1.82724e-05
46.4805
49.4843
32.1447
0.000382948
17.1205
2.63322e-17
18.3859
28.5623
54.0876
17.8771
3.09455e-13
3.76352e-10
3.8452e-18
4.09182e-13
4.81099e-20
54.9037
45.9047
1.51943e-16
116.473
1.38933e-05
1.47366e-08
66.8837
1.86095e-14
39.4397
82.0856
26.5638
60.136
3.87813e-06
56.7266
44.8693
38.1408
3.61466e-18
70.4417
14.4335
45.9989
31.4758
0.000383072
42.7653
39.9599
58.868
26.6136
26.9941
1.05377e-14
1.63687e-17
94.1785
22.5046
3.27203e-09
5.68782e-11
52.6349
76.2479
16.4906
24.1842
80.1924
11.5758
7.22179e-19
102.627
75.9314
84.4678
44.9836
4.80948e-19
9.46411e-17
31.3028
21.0001
56.4601
84.029
55.2748
56.3657
7.86918e-11
32.3242
0.000382895
8.23921e-08
39.586
6.01893
3.40152e-05
89.7156
40.8621
51.5413
112.733
1.54402e-12
2.62196e-06
6.06199e-17
39.0532
7.78105
60.8884
43.134
6.93868e-18
52.9046
12.9441
40.9773
6.27759e-16
1.29447e-17
44.5194
2.90571e-05
2.31586e-16
9.80643e-12
5.66233e-16
5.44002
4.37129e-14
24.0797
159.177
3.44708e-09
46.2659
20.4053
2.33936e-14
75.043
1.01948e-16
28.3715
34.4986
23.9048
8.91591e-16
25.452
3.09391e-05
2.08722e-18
50.672
38.8148
30.343
17.0576
5.25412e-19
1.55205e-16
0.00231034
50.9228
1.3472e-08
42.5107
32.7721
0.000382921
63.34
4.52258e-14
4.17738e-18
39.3312
5.13955e-10
30.9849
102.354
13.8938
3.26244e-13
83.5142
27.6459
1.23784e-17
3.85475e-15
55.5357
1.2288e-11
1.66361e-17
2.70414
1.40483e-18
7.92282e-10
1.86312e-10
41.8727
25.7816
44.7994
5.58766e-13
85.9836
5.60874e-18
84.6677
35.5558
44.6926
32.8726
9.06051e-17
32.4914
28.9652
0.000172862
3.83398e-12
5.07947e-16
5.70705e-19
22.6112
20.9954
40.8842
41.6245
1.478e-09
1.68515e-13
26.1663
1.46803e-17
12.4364
4.38102e-14
27.3362
25.8326
2.00383e-11
102.668
15.2129
1.46502e-11
75.6929
8.18349e-16
59.7598
50.3536
18.7908
5.84253e-16
2.47603e-12
1.97899e-15
46.2153
3.69866e-05
8.12534e-06
33.5577
0.000382923
14.9762
39.9948
2.07473e-14
0.00622847
75.3511
22.7695
14.7414
53.4239
45.4586
7.80094e-18
1.49246e-19
36.8118
17.0346
5.34565e-07
71.5605
14.0097
20.4486
22.0919
26.9158
39.7914
54.3578
9.92225
3.943e-12
30.1959
6.83793e-05
97.0839
16.5929
2.38902e-11
5.91847e-11
2.24335e-12
4.49035e-18
4.253e-19
4.07712e-09
8.98265e-19
6.16698
8.80742e-14
41.0291
39.1808
2.98134
29.7153
9.42753
8.36015e-06
48.2545
28.1476
37.44
5.98879e-16
5.14976e-07
61.1156
1.22087e-08
3.40262e-09
41.8423
15.5627
20.1974
41.5922
21.0898
4.56721
9.83713
39.4114
5.29324
15.8171
54.3946
19.6785
21.7487
43.6186
31.5013
0.000383154
2.22683e-16
2.93396e-05
0.000181349
30.3701
29.8277
0.00373573
10.7907
3.77194e-09
3.05159e-13
32.1796
24.5726
22.5542
22.9687
108.13
24.4819
26.7207
9.16246
52.9945
29.1441
20.2032
41.6114
21.1063
3.0986e-08
9.37925
2.25654e-17
3.65226
14.2104
1.26073e-06
46.6173
12.6607
1.58691e-17
29.9644
23.0511
8.51229e-11
1.09291e-05
2.75636e-18
53.2586
6.82695e-15
5.86336e-11
11.8609
63.4667
9.39993e-13
32.5075
16.1896
1.27484e-07
4.36958e-10
5.41178e-17
40.9285
25.7764
5.71739e-15
18.7482
20.6807
20.1974
41.5925
21.0894
37.2455
105.485
39.5964
0.58204
18.2894
38.0684
0.000114014
83.3343
0.00645911
48.9134
28.1479
1.94052e-15
1.83946e-15
19.3825
5.51401
24.0269
1.41276e-15
47.5448
1.54994e-09
7.20956e-19
1.1747e-19
23.9267
1.33863e-17
1.82793e-12
77.1633
1.63446e-15
35.3215
9.03362
22.7577
128.334
5.90544e-18
43.9558
32.6022
2.17414e-17
5.93525e-19
1.55304e-16
7.30923e-14
55.2419
6.89548
13.6397
91.7807
4.54896e-16
4.62533e-18
1.87963e-18
7.14177e-20
7.50444e-19
20.737
0.0120498
5.3623e-19
8.61213e-09
5.57189e-15
1.55323e-07
105.879
32.1511
23.357
13.9436
40.0382
73.7521
85.3348
59.4776
38.6319
22.5744
7.07834e-14
3.93028e-15
66.2504
1.38261e-10
73.1342
2.17456e-05
118.128
50.1821
1.55203e-07
3.30234e-13
56.6135
101.435
2.1414e-16
83.2954
25.5837
40.338
1.38655e-14
28.7509
6.64592e-19
1.89844e-07
1.06465e-06
3.96028e-14
38.7317
48.0309
31.4805
19.41
38.1868
1.10839e-13
3.10839e-12
1.59702e-11
24.0243
88.1033
50.8177
19.7733
57.8026
1.88017e-09
1.74188e-12
56.3766
20.1281
23.8989
8.84951e-14
31.8732
65.8108
1.47621e-09
3.55373e-18
64.376
188.648
3.48034e-16
96.4505
2.25143e-10
1.33926e-18
1.18016e-16
61.5835
14.3728
70.9401
15.1037
2.39645e-17
32.331
26.2749
53.7177
3.68258e-07
32.8539
53.6629
62.6358
4.31038e-17
26.3978
3.12578e-09
58.4385
3.39018e-11
49.9338
39.2047
37.0111
16.2571
4.70199e-15
30.0707
21.3354
73.9664
1.11614e-12
25.7228
2.40714e-18
3.16876e-10
2.15456e-08
23.9312
5.3038
7.7908e-16
44.5636
1.2838e-17
1.84215e-12
34.2026
1.25612e-15
1.88932e-09
1.33071e-10
41.6693
38.8469
1.48274e-18
3.58321e-19
3.63795e-18
1.86759e-18
18.422
1.23487e-14
1.30117e-08
2.08083e-18
50.6844
38.7663
45.276
18.3741
41.9377
42.7811
49.0682
73.3376
24.3737
3.58084e-13
32.7722
0.00058892
3.47143e-08
8.32517e-06
3.54537e-11
11.2242
39.2505
49.8066
3.37334e-07
9.24777e-06
5.30494e-18
83.5286
27.9268
5.11101e-14
48.5652
1.95406e-09
5.8085
19.2766
58.9564
4.78703e-09
44.1766
1.26617e-16
48.9465
25.7793
2.69792e-14
23.7303
97.3432
4.06237e-17
8.58509e-17
27.6096
42.7812
1.25308e-07
49.5326
32.4905
0.000383093
1.28178e-12
54.49
1.40792e-17
25.7936
20.5496
44.7118
1.71522e-17
17.864
3.6015e-05
8.97888e-15
26.1639
66.7837
27.1992
9.78546
1.54528e-07
1.18683e-13
49.0284
18.7475
17.4806
26.2556
72.1445
28.3856
1.6683e-14
0.973689
88.2299
95.9274
0.010908
3.37809e-17
34.4275
1.61792e-07
60.1914
33.5583
0.000588908
45.7842
40.8111
18.6735
9.29857e-18
1.61375e-13
19.0957
2.51884e-08
23.2056
2.61663e-09
5.0615e-18
1.12842e-17
36.8962
13.0922
1.9372e-11
9.3882e-14
1.6768e-05
4.65484e-17
1.20992e-17
27.3383
0.112173
54.9175
27.1949
49.5318
38.608
42.3636
87.3505
50.9046
2.69513e-15
24.8543
73.9846
3.42641e-18
2.38905e-19
4.07572e-09
5.02404e-14
6.05711
1.08929e-18
5.94507e-05
3.44363e-16
51.7878
29.0367
61.5031
4.26721e-15
48.254
28.1461
4.35393e-15
1.0473e-15
1.29706e-14
64.3961
13.4846
78.6546
67.2414
8.94518
20.1967
41.5913
21.0886
8.76333
14.7138
11.9042
4.15959
10.989
6.43517e-14
40.1965
74.4674
43.7993
31.5071
30.3627
9.94728
4.76424
1.81981e-16
16.515
37.1477
35.0298
21.1818
49.6409
1.17861e-12
32.1856
24.5785
1.23204e-06
5.70415e-15
46.3655
2.59044e-18
16.4635
127.097
1.08018e-15
3.872e-18
20.2024
41.6104
21.1053
13.0943
11.8989
12.7191
5.62879
11.6887
18.6929
32.2911
37.4098
8.06024e-13
29.9711
23.049
6.21542
16.7299
21.7494
1.89253e-14
51.6737
5.72775e-16
17.2944
70.7754
40.8493
32.5113
16.0294
1.09012e-07
6.30652e-17
30.1626
4.89791
23.3481
14.7898
11.8822
22.6986
20.1967
41.5916
21.0886
6.42084e-09
1.09916e-14
1.89143e-13
14.6141
29.8159
68.0539
35.0501
2.55129e-18
26.602
48.9125
28.1471
1.93082e-15
5.99295e-14
24.8636
6.55556e-08
2.7397e-18
13.1447
319.156
41.9589
1.37007e-19
3.15527e-18
3.5938e-17
1.09861e-16
2.8109e-13
30.4981
7.77152e-17
43.8831
32.7288
1.90141e-11
6.42005e-15
7.95804e-08
48.1114
28.6577
1.72185e-13
2.03075e-16
3.51358e-13
114.887
31.3747
28.5556
8.15355e-17
6.36175e-13
2.93443e-16
4.64426e-18
1.25264e-17
9.59897e-17
32.0007
1.12896e-11
1.84396e-19
45.0713
50.0648
3.01619e-18
10.9697
36.4285
43.0589
29.5038
21.797
3.16769e-05
73.6462
2.21806e-17
64.0718
4.93914
51.7263
6.3169
2.93655e-13
86.3123
78.7732
52.5084
1.89699e-05
35.2884
28.4888
1.37541e-05
8.68732e-19
5.54353e-18
7.02535e-05
1.59485e-12
1.47088e-18
71.6562
1.12579e-16
8.47012e-14
9.17719
17.2068
2.46845e-17
2.10178e-17
39.5953
9.59899e-19
3.09063e-16
38.4007
25.7621
35.6938
40.8153
2.64487e-07
1.4587e-15
1.02021e-12
32.7466
43.2583
87.5859
28.8876
75.284
72.3468
49.232
2.26206e-17
29.2456
52.4885
55.5125
2.88846e-08
2.10075e-08
56.5195
2.56498e-11
78.5632
38.5256
162.934
1.74598e-13
18.4438
79.0868
54.4166
31.8369
2.83161e-13
4.09607e-12
1.20769e-13
42.9138
29.3
160.721
7.57115e-18
8.62348e-18
6.31916e-10
1.43102e-12
29.6723
24.3488
59.9091
1.9768e-10
1.23871e-16
6.79374e-18
29.8362
8.34997e-10
32.074
40.3857
1.39744e-15
75.604
5.24334
1.52936e-16
5.15626e-05
2.13983e-12
35.0404
1.14102e-07
9.88278e-08
14.088
6.46513e-17
30.3498
45.9018
9.10798
53.2628
5.88111e-16
2.95732e-08
1.07075e-14
2.47785e-07
6.6468e-16
0.000987867
2.5029e-13
3.86158e-11
2.7944e-12
31.3241
26.9279
1.87094e-15
43.0516
45.9787
20.6736
8.28529
2.6781e-09
105.066
1.7273e-11
38.0799
51.0437
42.3647
42.8789
33.2777
0.00058867
30.3657
8.31827e-08
6.97395e-06
1.55666e-18
23.7366
44.0623
10.3554
84.1901
9.61086e-10
237.561
1.67946e-10
2.39306e-19
1.50701e-19
9.71354e-16
23.4265
174.726
2.08475e-07
1.01048e-15
14.4261
39.4458
95.7928
27.0353
1.47739e-09
53.6461
2.21774e-17
87.7597
3.90756e-17
9.45113e-07
22.3451
41.2011
43.4982
32.9592
0.000588841
5.08157e-06
24.8436
0.00125764
2.10449e-12
5.74581e-11
9.05345e-15
0.015128
40.5632
23.4434
71.4741
28.0975
6.12143e-12
17.1872
27.3764
1.63418e-14
62.0204
38.8924
48.2116
144.235
6.11656e-10
50.7157
16.4931
67.8654
36.2724
2.39144e-14
6.34792
2.39314e-15
1.92244e-16
63.4867
3.62938e-17
1.08227e-10
34.0665
0.000588641
26.8404
39.5452
65.7571
28.9683
29.3378
1.43114e-14
21.1534
88.056
2.26429e-05
0.000115264
60.4193
0.00204536
3.62882e-14
1.53178e-18
3.70318e-18
9.3669e-08
3.32171e-15
24.013
13.136
84.7468
55.6366
2.22287e-18
1.61524e-11
1.03663e-08
37.068
59.3547
3.04351e-08
4.37603e-09
1.15139e-12
32.6938
4.11616e-19
3.22971e-09
6.28609e-09
3.97223e-07
50.3806
1.02109e-10
15.9645
1.15701e-16
3.12502e-18
5.27809
0.00650462
4.10548e-11
48.0366
28.0372
5.83233e-15
4.71128e-17
3.12855e-18
1.46639e-13
3.50038e-12
23.6959
5.98192e-16
1.10354e-10
20.1958
41.4887
20.9988
23.0467
0.000575445
30.8131
1.90009e-14
1.61082e-05
5.52535e-18
16.7595
7.36121e-14
3.52661e-15
34.7309
0.000588094
6.76794e-14
52.0152
14.7418
7.56166
1.6829e-15
33.0935
8.94577
0.0511054
1.03436e-14
35.3521
23.5136
10.257
39.4934
17.0581
1.12528e-08
14.844
1.96409e-17
4.45016e-13
6.32426e-18
20.1972
41.5113
21.0185
22.1056
1.78615e-13
13.4355
59.1128
35.9932
58.4381
32.096
11.6348
2.78322e-19
30.1912
22.6899
3.74077e-07
27.1702
1.42878e-15
1.30742e-09
37.6282
2.0764e-14
3.93089e-11
2.30297e-09
3.54588e-09
35.7131
16.3613
22.3809
3.51467e-17
32.9285
3.66447e-11
3.79622e-16
6.19441e-17
43.431
3.9422e-11
20.1961
41.489
20.9992
17.4022
8.41412e-13
21.5335
5.84915e-13
15.7054
8.69986
21.4963
3.85416e-10
1.92102e-11
48.6907
27.9571
8.13864e-10
14.6668
1.05619e-17
3.63677e-15
24.3388
31.832
22.4747
2.11785e-06
2.36696e-19
68.0265
1.36127e-16
47.9841
35.6279
4.40425e-13
6.70665e-12
62.2348
54.7439
11.9865
4.33975e-09
3.79184e-10
65.3907
34.2899
1.24649e-19
18.3111
1.67014e-14
46.1139
6.93025e-15
1.11323e-14
3.90032e-14
1.23313e-10
6.86133e-14
73.2214
0.746304
4.00936e-17
1.54513e-17
42.3421
44.39
18.2365
59.4378
1.24773e-08
41.6784
35.2782
48.6922
28.4843
2.44286e-10
20.4884
39.6518
42.5895
26.349
9.23878
3.13604e-05
29.072
4.80285e-12
3.16908e-20
60.4063
45.3405
2.01236e-09
32.0811
34.7545
57.7427
20.5176
5.6342e-08
1.1642e-06
36.906
2.99861e-17
99.9414
0.000354903
2.43457e-07
4.14372e-18
55.3165
19.9482
7.23399e-09
3.02364e-08
2.58555e-13
2.12066e-17
48.6935
28.4876
5.46755e-14
1.33226e-14
1.3471e-18
19.1321
57.1394
17.3506
2.4306e-16
59.5231
26.2731
1.68744e-17
60.5518
44.76
2.85091e-17
9.88861e-13
32.1584
29.2247
27.8242
70.4215
37.4685
2.07391e-10
8.49044e-14
3.18931e-16
33.384
2.14041e-14
1.40222e-07
6.41399e-13
46.0084
44.0944
19.9252
51.4341
12.5672
48.6922
28.4864
3.73104e-10
41.1276
42.0327
2.57927e-12
1.44665e-15
2.32794e-12
1.04517e-12
7.88492e-15
1.13596e-09
8.65465e-18
5.39649e-18
45.0418
1.72446e-14
1.17103e-15
1.43061e-19
32.903
21.4463
59.9056
10.1572
6.09653e-12
3.421e-15
34.3147
31.278
1.70343e-17
11.1198
4.16544e-12
2.23415e-16
2.69711e-15
3.722e-13
4.50301e-17
VECTORS velocity float
-1.86961e-17 -1.10785e-18 0
7.30178e-17 -1.11555e-16 0
-25.0109 22.5181 6.68934
-1.35189e-06 9.94747e-06 0
-9.88873e-09 -2.66557e-09 0
-7.59848 -24.7948 34.8216
17.3295 16.0297 1.312
56.8515 -50.8533 3.15251
4.23375 -37.2461 -3.14655
2.97591 0.735315 15.0377
-4.71175e-08 -9.21147e-08 0
-0.784551 -61.9279 -0.568729
-12.2228 -28.9761 48.8344
-1.31967e-17 -3.32478e-16 0
14.6876 6.81933 -4.91874
-2.71821e-18 -2.87037e-18 0
11.4627 15.2633 -4.09242
-0.583197 2.26696 0
-37.3452 -44.7513 61.3386
26.2223 -14.8956 52.9457
5.78891e-10 -9.99978e-11 0
18.8605 -8.97544 8.14573
2.6885 44.4803 -0.498256
-27.6518 -8.38691e-06 39.2828
-28.0846 -0.00405135 4.76677
8.58682 15.2851 -0.304941
-16.878 -10.3319 0
-29.8857 -15.3896 2.71942
-30.9664 -16.9661 9.6259
-39.2825 33.2464 57.4201
0.332661 27.317 23.3021
-50.7644 23.0646 25.8095
-25.622 -19.9412 2.78455
-4.90051e-07 3.38783e-06 0
-3.69083e-15 -3.56752e-15 0
7.14047 -54.1646 -5.62069
24.2167 4.20282 16.0207
10.1704 13.4416 16.0652
17.8443 -1.77812 -2.20026
6.91076e-12 5.9029e-11 0
7.66867 2.4893 2.03392
-7.41975e-08 4.77824e-07 0
18.3719 41.6758 95.8873
-1.37968e-15 -6.95986e-16 0
-46.5038 -4.2087 11.3248
-1.68561e-20 1.4935e-20 0
4.97578e-08 8.01882e-08 0
-1.5135e-19 -4.02483e-19 0
-1.71008e-17 -2.31191e-17 0
-1.4917e-05 -2.42483e-05 0
-6.02217e-08 -7.45637e-09 0
18.3552 2.84876 14.7044
64.3784 -27.4886 2.16118
-24.8719 -22.3054 8.92338
-1.18458e-15 -1.395e-15 0
-3.6558e-14 -2.27455e-14 0
-27.6223 4.30658e-06 39.305
-28.0854 -0.00203376 4.77234
-0.0464763 -0.0844591 0
-10.6086 9.23246 6.46334
3.39131e-06 -1.24587e-06 0
7.13721 -1.19498 -5.39557
0.0177278 -0.0386689 0
9.68624 -18.5017 5.70347
26.0732 -17.1134 45.7227
0.889854 0.585362 13.8785
-0.289347 0.121556 0
-1.75952e-20 -3.09033e-19 0
-5.29797e-20 -4.12748e-20 0
-9.03887e-17 1.45865e-16 0
3.0591e-15 3.05248e-14 0
26.9905 30.7407 15.7346
-2.33689e-17 8.86627e-18 0
6.59239 33.4161 -3.82746
32.272 2.41577 0.0477563
-53.6492 -3.34005 9.85395
2.664 -9.25205 8.95293
-3.35767e-06 2.47324e-05 0
-12.9634 86.1269 19.5236
-1.08238e-06 7.97487e-06 0
23.5535 4.7186 -3.09819
-0.010063 0.00672745 0
2.39212e-16 -8.78726e-16 0
-1.03233e-16 -3.3397e-16 0
-1.91897e-06 1.50339e-05 0
2.25732e-13 -1.26891e-12 0
14.8458 -64.2993 8.10198
-2.44832e-16 5.45172e-16 0
-3.6718e-16 -2.91985e-15 0
-27.6518 1.20718e-05 39.2828
-28.0791 -9.38347e-05 4.79093
-21.387 6.88223 3.11902
-65.3366 14.1778 9.46937
-1.65043e-19 3.64268e-19 0
10.2699 -12.992 9.01995
3.67361e-10 -1.27262e-11 0
1.71264e-06 2.00937e-06 0
-28.3441 -4.03566 17.2465
9.70476 16.3736 6.5015
5.06041e-16 2.54396e-15 0
-7.83059 41.6466 43.5269
-1.84149e-14 -6.21089e-15 0
19.452 -15.1632 -0.874528
-1.0776e-17 1.03376e-17 0
15.4538 -24.852 6.50577
3.01726e-10 -2.80161e-10 0
-16.0464 46.2836 -1.36605
30.4805 -0.282487 66.2367
19.6385 2.97215 7.92745
15.5887 12.4116 36.5099
-7.61831e-08 -1.56316e-08 0
1.09951e-17 2.05693e-17 0
-24.4134 -23.1654 6.56251
-9.56223e-12 -2.24713e-12 0
-13.3791 31.1342 -2.22931
23.0431 -35.4236 10.4086
13.6632 -11.1863 1.75694
2.95809 -17.6708 -2.58609
13.2659 65.0128 55.7318
2.45474e-17 -2.51093e-16 0
-7.9138e-15 2.85454e-14 0
1.77551e-20 -3.17955e-19 0
-1.37215e-16 -3.63135e-16 0
-1.43876e-07 -1.47921e-06 0
-3.75063e-19 -1.17802e-18 0
26.775 -11.4106 45.9003
-3.13116e-16 -3.92541e-16 0
1.68489 -7.24556 18.589
0.000155799 0.000331591 0
-1.06967e-14 1.49891e-16 0
8.4187 23.474 6.90182
-7.36252e-12 -1.10466e-11 0
1.64312e-19 6.17978e-19 0
-0.000263635 -27.6335 39.293
0.231864 -27.68 3.9229
-6.04425 -9.65991 16.565
16.3803 16.7583 17.1654
7.98518e-16 -9.5025e-16 0
-4.38256 15.0296 11.5648
22.4469 -32.456 16.9726
-20.6188 1.98862 6.83113
4.57518 -57.6271 30.0177
21.7089 -5.78533 15.7662
-1.04688e-05 -8.07401e-05 20.196
-3.94843e-05 -2.08111e-05 41.4887
-0.000170245 -0.000126618 20.9991
24.9673 12.4882 0.644693
3.23625 0.375673 6.23259
11.7421 11.3439 25.386
-5.1173e-08 3.0381e-08 0
36.6901 34.2943 53.2125
2.08415e-11 3.51062e-11 0
9.01656 27.4215 63.6645
-2.55379e-06 1.9509e-05 0
-28.6917 18.5548 9.27979
2.80468 30.3858 16.0837
-2.33366e-08 0.000588087 0
15.9856 0.863378 -0.287005
-9.10662e-19 -1.4412e-19 0
23.5892 -9.87616 18.8528
-9.87216e-09 -2.21288e-07 0
2.01563e-16 2.37896e-16 0
-16.5218 -37.9788 1.46331
-27.2875 35.7802 14.6232
16.8769 -21.3083 29.6211
20.9576 -27.9991 39.4378
3.2567 -24.2878 24.5913
-0.40577 -24.5476 -1.39097
3.92517 6.10128 -1.77672
-157.418 -52.3288 64.7527
0.105871 0.0151621 0
9.4019 -72.2634 -4.86457
6.06238 -16.944 0.604808
5.20511e-14 1.358e-13 0
-2.14573e-18 -3.4515e-19 0
-0.135291 -27.168 21.892
-5.41268e-06 1.19509e-05 20.1972
-3.66603e-05 -2.30553e-14 41.5113
-0.000733016 0.000114342 21.0187
-2.26158e-11 1.5831e-12 0
6.47223 -7.96731 3.19177
6.65812 0.692428 15.8177
5.30311 1.80367 15.3054
9.11803 2.62504 70.9602
-1.15254e-11 -7.11988e-11 0
16.9172 2.8062 24.4598
21.041 0.496337 30.1807
6.96884 -43.7244 -3.70656
6.18816 13.4509 25.2654
-0.000684784 13.7892 18.7402
-2.27166 -10.0022 -0.543011
3.16507 3.85466 8.36049
-16.9369 12.3815 7.21117
10.2994 69.3584 -2.44814
-1.04206e-18 8.52788e-19 0
-8.81485e-20 2.69649e-19 0
-1.14251e-10 -6.94287e-11 0
-2.2163 -12.8321 6.66506
-2.75861 42.2527 4.20125
3.23238 -24.3646 24.8021
1.56063 -3.3427 15.335
12.7418 32.9214 8.58437
1.55739e-09 -8.76852e-09 0
23.8928 5.03593 44.7539
-20.0313 -13.4787 46.0366
15.2254 -23.7844 5.64746
4.83809e-19 7.24784e-19 0
20.8836 48.0415 24.3627
-3.10906e-05 -5.80832e-05 0
-3.49672e-05 4.11764e-05 20.1961
-3.94843e-05 2.08111e-05 41.4887
-0.00116906 0.000121306 20.9995
-8.65846 -21.0287 32.9228
7.61384e-09 8.09971e-09 0
8.95403 -18.8892 19.7753
-4.72627e-05 -4.24032e-05 0
10.3188 -26.8103 5.07217
7.22772 -4.58644 6.47718
18.9598 -19.1699 -1.28869
-3.71933e-19 -1.94412e-18 0
-1.31842e-18 1.10541e-18 0
-0.000188545 32.0822 36.6268
-0.000233835 27.8907 2.86051
12.1998 13.8721 -3.76818
-2.4792 -8.39552 9.34527
11.1457 26.7137 19.5617
-8.96303e-12 -3.68008e-11 0
13.8767 21.1876 26.9625
20.5824 30.1662 3.03225
2.32489e-17 1.14566e-18 0
44.8216 57.9352 27.9679
-4.63416e-20 7.48941e-19 0
-13.5949 -83.1981 87.1941
-3.88472e-17 1.37899e-16 0
17.0391 -31.2065 31.918
17.493 -9.98474 41.1568
3.8696e-10 8.28576e-10 0
55.1728 -4.48986 51.9327
55.8208 19.4849 29.9172
1.17239e-18 -1.5789e-18 0
4.14576e-12 -7.1274e-11 0
-7.23623e-07 5.33159e-06 0
-9.90547 -19.4285 9.35202
1.3491e-18 -5.17989e-17 0
-101.981 60.3799 1.8341
-4.92214e-17 -1.30584e-16 0
25.7162 17.8943 6.69804
-1.61838e-18 4.14341e-20 0
-2.35787e-12 -1.335e-12 0
-49.7269 -1.01999 12.1844
4.98734e-12 -1.90269e-12 0
3.63097e-17 -2.03695e-16 0
0.00487631 0.00862524 0
-0.00054697 0.000837062 0
-1.6541e-12 -3.72003e-11 0
4.60728e-18 3.62795e-17 0
-9.70759e-17 8.4973e-17 0
6.41843 23.0363 9.0215
1.84274e-07 4.07409e-08 0
-1.82007e-08 -3.24459e-08 0
2.17237 28.8636 -3.53425
6.67782 -7.46302 13.3361
6.65658e-09 -2.22344e-09 0
-31.3783 1.88096 1.99192
-21.6194 -2.38784 32.0106
27.6646 3.09356 17.1725
0.000588699 -2.33619e-08 0
10.7193 -45.3871 49.5395
-4.16344e-18 -2.78668e-18 0
7.46585 -20.1966 49.7349
-26.4264 -15.8179 85.7559
-43.2828 46.0802 -0.639896
12.3007 8.17704 -5.163
44.6942 9.44443 -1.56535
20.8551 32.9061 37.9068
10.9498 -11.4356 -0.807897
-36.601 -175.366 75.9181
9.3848e-17 -1.42855e-16 0
-6.73279e-18 -4.12498e-18 0
-6.22481e-19 -2.23531e-19 0
-7.74213e-15 -1.17107e-14 0
19.8135 33.41 23.4214
-2.3059e-12 -3.45975e-12 0
-2.28062e-17 -2.89695e-17 0
-5.19072 -0.863745 32.824
-2.25047e-15 4.69027e-15 0
26.8635 -26.4395 14.5075
41.9615 -55.3422 34.1189
13.6675 17.6945 15.0961
-5.68478e-08 4.56408e-08 0
8.28272e-14 1.64005e-13 0
15.3037 28.0383 5.82526
37.6029 12.4598 8.10127
-2.91689e-10 -1.7583e-10 0
21.8616 30.9248 48.3833
1.09274e-14 -2.60327e-13 0
41.8954 9.86695 -2.31875
-42.9063 3.07785 6.7978
26.6955 3.02632 17.3988
0.000588881 -5.5764e-09 0
18.8207 21.5887 14.691
5.6043e-06 7.39838e-07 0
-35.2046 -8.41052 6.24676
-2.3934e-07 -5.36171e-06 0
-2.62397 -13.6991 0
4.78228 -4.77305 -4.68718
-25.6333 16.9278 12.3689
-6.25613 -0.120704 13.6096
7.87067e-14 1.49148e-13 0
73.6373 24.4889 21.8705
-80.1625 -15.255 37.3996
0.492252 6.85757 20.4209
4.96625e-09 9.96618e-09 0
-9.54898 -16.0353 13.912
2.56678e-17 1.48222e-16 0
3.24946 -1.73214 -1.42903
6.25406 5.3729 8.09933
-32.2031 -33.9089 10.5148
2.67442e-14 -8.52288e-15 0
7.69847 -1.97314 21.9477
-2.40124 135.258 12.4109
3.90766e-16 -3.65631e-16 0
-1.24267e-19 -1.11827e-19 0
-8.16555e-17 2.84902e-16 0
13.0675 -18.3798 16.4029
41.564 -51.8478 30.2504
-5.64408e-12 -1.40668e-12 0
17.5941 -20.4244 63.9378
-1.29106 -42.7283 1.93935
-28.1716 12.6909 34.0041
-41.7204 1.5603 4.77163
27.8246 -1.1072 17.5233
0.000588675 2.59015e-08 0
87.9491 -179.784 242.345
27.4331 25.9181 89.443
8.58102 22.3274 23.0231
3.09771 -19.1647 8.86042
1.39181e-16 2.02703e-17 0
3.59121e-15 -8.48458e-14 0
-2.49448e-12 -8.01405e-13 0
32.4446 -6.09633 20.6804
-3.29249e-11 2.42617e-10 0
-6.45088e-08 -1.44513e-06 0
-1.43892e-18 2.1839e-18 0
63.9277 92.6137 9.0784
31.2028 -18.8164 4.66639
-2.79891e-06 2.05954e-05 0
-93.667 9.8693 41.7874
7.10289e-09 5.89176e-09 0
-1.62579e-16 5.92614e-17 0
7.15585 -40.2914 5.49494
0.0999641 -0.0301684 0
7.17264e-15 -2.00626e-14 0
16.6136 26.3422 2.05998
-6.4371 -20.6088 24.3177
-0.00271412 -0.000462337 0
-6.44078e-15 -1.56881e-14 0
-1.03711e-08 6.34426e-09 0
-69.583 15.5992 -1.04687
12.0283 3.5966 -1.85245
5.86242e-09 1.19971e-08 0
-31.4283 82.799 -1.56638
26.5534 2.55565 -5.40066
-9.53723e-16 9.2962e-15 0
-1.97896e-09 1.05484e-09 0
27.6235 -2.52085 14.1923
9.03045e-10 1.52108e-09 0
-7.94659e-08 -1.61061e-08 0
-2.03493e-19 -2.15259e-19 0
1.52415e-09 2.56728e-09 0
-1.34721e-16 -1.35372e-16 0
4.53167e-05 4.0026e-05 0
-7.86555e-19 -1.03651e-18 0
31.4105 43.1802 43.9173
-2.50036e-16 -3.15618e-15 0
-1.61194e-18 -1.33054e-18 0
25.3842 41.9889 23.0615
0.359892 27.7338 26.7108
-0.00556811 0.00109762 0
-37.5838 -25.7202 -1.27737
-2.16346e-18 -1.1538e-18 0
19.2063 5.08352 13.8531
9.17734 2.90676 30.5239
13.6173 -5.2263 -0.154886
4.24919e-18 1.62332e-18 0
4.81794e-17 -2.34175e-18 0
-2.75879 7.0484 33.2604
-29.2642 -0.984655 -0.736808
5.42456 3.97896 -1.67818
-6.07751e-13 -2.00339e-13 0
-42.4329 9.12677 -6.36171
-42.6445 23.6884 12.6319
16.8948 16.5822 15.9947
23.4565 -15.3466 -5.98751
-9.47749 -77.0045 -4.34897
19.9174 12.5989 -3.45529
-7.25305e-12 -1.62484e-10 0
-3.46507e-14 4.72735e-14 0
23.6524 -6.84339 16.9884
-3.42725e-12 -7.66545e-11 0
5.14602e-12 8.23827e-12 0
109.589 -35.2078 23.1362
-7.20527e-19 -2.0284e-18 0
-3.57923e-07 -6.67309e-08 0
-4.21544e-17 -1.86575e-17 0
-1.33054e-15 -1.17713e-14 0
-4.32776 6.6584 38.6054
-4.56973e-11 -8.5343e-12 0
8.68466 5.06026 42.6398
43.5598 -14.2741 2.38344
-4.25202e-08 -1.87518e-07 0
2.26001e-19 4.40431e-18 0
-4.99804e-10 -3.92438e-11 0
-3.92112e-14 -1.32562e-14 0
3.51891e-17 1.31882e-17 0
4.14393 -29.3597 27.7615
16.9044 -33.6056 30.507
6.9763 -2.01033 4.98094
38.3189 10.8401 9.32128
-11.8802 5.32125 29.7776
-23.9993 -0.256584 8.383
0.00175844 -0.00212524 0
4.96225 -6.34218 4.7607
-7.68807e-12 6.88458e-13 0
-8.81977e-17 7.10963e-18 0
-20.6746 -32.6973 5.17664
-40.5086 26.5564 5.83634
-52.3453 15.9507 22.2748
-2.19969e-14 7.95504e-14 0
-9.19658e-07 6.56938e-06 0
-4.59953e-20 1.10234e-19 0
1.01188e-18 -1.15943e-17 0
81.8717 4.55026 176.516
-3.7873e-17 -1.40358e-17 0
84.9435 -52.4545 25.4116
-2.79552e-15 5.20566e-15 0
-56.6065 14.1003 10.7165
11.9437 12.7747 38.3783
-131.986 95.094 62.7071
-3.17126e-16 -2.21618e-17 0
-4.88991e-13 3.51271e-13 0
6.03229 -69.3058 18.4993
26.2291 2.70402 17.2889
-15.0337 -44.5914 -5.67545
-1.03753e-07 -3.38257e-08 0
-1.61523e-07 2.0038e-07 0
4.97943e-20 -1.35528e-18 0
2.72118e-05 0.000500828 0
5.5378e-13 -1.54091e-13 0
14.9237 -2.57048 20.6296
-2.17346e-16 -2.75682e-16 0
-1.17119e-07 7.60246e-07 0
-6.23447 -1.5143 33.3567
-29.3959 0.353876 2.38587
-1.00547e-07 -2.25246e-06 0
25.4887 -12.1531 29.2503
32.9034 -38.2496 5.13012
-21.6082 23.9575 -4.73343
4.08017e-14 1.5142e-14 0
5.98276 -21.8435 -1.97432
-3.74733e-17 8.64304e-17 0
-2.88555e-09 -1.80653e-09 0
-7.34669e-18 6.31699e-17 0
-3.65133e-18 3.52731e-18 0
-56.8676 88.3304 5.7973
-0.0508597 -0.0843554 0
-1.10821 -16.1257 6.29724
10.7701 26.0127 2.29341
3.07731e-15 3.27235e-15 0
-3.41698e-16 -5.98749e-16 0
30.5682 46.7032 50.0248
-18.0713 -5.76929 42.7695
-25.4742 -11.6251 -2.56912
-6.64345e-08 -1.48827e-06 0
-3.30055e-06 2.4123e-05 0
38.7738 -10.206 10.1868
-6.68154e-18 4.89682e-17 0
-6.37815e-06 5.5905e-05 0
6.83014 17.9771 5.84052
10.586 -17.2593 17.3403
-4.24147e-19 8.95346e-19 0
4.00926 -23.3212 4.41365
-6.48484e-16 4.01967e-16 0
-4.55388 46.3291 9.71553
1.25058e-22 -3.20055e-19 0
1.06119e-16 -5.9876e-16 0
-2.35644e-10 -1.68243e-09 0
4.03126e-19 -1.27019e-17 0
-0.193398 5.79851 -2.89627
18.0346 22.7512 2.26366
73.8965 8.6974 46.727
4.05932 17.1299 6.77884
1.13131 -3.45998 13.6108
-1.48064e-12 1.09094e-11 0
18.4445 -0.708979 -3.19492
-7.2031e-15 -9.30003e-15 0
-8.21183e-06 -22.8734 42.4883
0.226663 -27.9264 3.51581
1.94765e-13 -6.56501e-14 0
1.26873e-10 2.11487e-11 0
-4.39946e-11 1.59393e-10 0
19.7387 -43.2124 58.7831
-45.6548 -19.9272 37.1182
-3.18435 7.87414 21.8054
-1.43079e-12 -1.28577e-11 0
2.45966e-15 2.44688e-14 0
-1.32626e-05 -0.000104542 20.1968
-3.33818e-06 -1.46818e-05 41.5913
-3.69846e-05 -0.000160291 21.0888
-7.80651e-14 -1.03689e-13 0
-11.9667 -13.8221 3.37153
2.18375 2.76385 1.04096
4.5721 1.71698 -1.25006
-8.79185 17.1269 34.4675
6.35023e-18 4.2779e-18 0
4.30098 -5.11877 8.58906
1.98225e-16 1.55292e-16 0
3.02769 -43.0287 7.17273
3.08324 25.8897 17.6901
-8.55087e-09 0.000383129 0
7.35e-10 2.8491e-09 0
3.61335 3.72052 -4.92673
-2.12056e-12 9.32829e-12 0
7.88973e-15 -1.87739e-13 0
-0.482521 31.5727 7.05989
19.8689 -1.46906 14.4726
8.13981 6.8759 1.26915
-1.37415e-07 -3.0784e-06 0
8.4516 20.3107 18.4763
3.54967 -19.1879 25.5961
-0.453232 -24.5389 -1.20359
-0.064482 0.162685 0
11.5438 31.2818 -2.29761
4.76779e-18 -2.48777e-17 0
-10.1045 11.2715 18.9916
-1.34709e-05 7.71882e-06 0
26.6499 -44.6907 18.8272
23.7743 -45.224 21.8078
2.01759e-11 7.48488e-11 0
5.81912e-05 1.68244e-05 20.2027
-3.0806e-06 5.82691e-10 41.6104
-8.23076e-05 1.12331e-05 21.1057
13.3568 -14.3097 22.5444
-13.0699 -5.60793 -0.0885233
26.705 11.2383 15.0192
7.21696 3.65342 3.26633
3.07237 -2.48926 12.3156
5.26542 7.20178 27.1446
22.1045 9.2609 58.2647
6.5617 0.629452 12.3897
-1.51852e-05 -2.38422e-05 0
3.35151 21.6952 20.406
-1.60284 12.3594 19.3555
9.86081 -12.0416 19.0908
-7.23154e-19 4.60431e-18 0
3.45305e-14 3.54714e-13 0
-4.34443e-16 9.34749e-15 0
9.8736 9.50321 -1.17397
-1.76038e-15 -2.78892e-15 0
2.82276 23.6316 0
4.4583 1.54766 1.62998
1.47879 43.1922 -2.90233
3.49805 -19.313 25.9188
1.78394 -3.10165 15.7733
5.89752e-06 -2.6632e-05 0
4.65523 14.2485 11.8894
-6.80792e-19 -2.22471e-19 0
0.0229432 -0.0580671 0
-4.07206e-16 6.18052e-13 0
9.06212 65.4157 82.9497
3.55218 -29.2467 0.177887
-4.76976e-16 -2.68049e-15 0
2.77749e-05 2.92608e-05 20.1971
-3.32634e-06 1.46852e-05 41.5913
-0.000367251 7.92128e-05 21.089
-20.4583 0.279644 6.28754
4.66492 -7.35423 2.45077
-3.28096e-16 -1.65761e-16 0
3.20712 -12.1327 30.3094
26.5654 -36.4859 -4.09921
-1.4004e-07 -5.06158e-07 0
-4.43668 -9.00955 8.9504
-20.2534 -16.0541 18.044
-1.4169e-18 3.00718e-19 0
-1.23427e-05 27.7725 40.2632
-0.228656 27.9239 3.52193
-4.31894e-17 -1.96299e-15 0
-1.75588e-09 6.81629e-10 0
6.79197 -2.146 12.8354
-25.5878 38.6205 53.2821
-2.02864e-17 -2.37314e-16 0
-8.47089e-13 -3.74059e-13 0
0.158617 -6.20945 3.15349
2.67206 32.4371 12.1354
-3.30498e-18 6.76329e-17 0
-8.33283e-18 -2.73099e-18 0
22.5257 -0.3948 14.5027
-19.8271 50.9079 -2.49796
4.55708e-14 5.25057e-14 0
-18.4017 -33.0419 11.403
-3.17559e-16 1.12418e-15 0
-1.31015 -10.3638 54.642
-29.6331 -26.7067 -0.96304
2.86357e-07 -7.09373e-07 0
-4.84178e-12 -1.16507e-12 0
-50.2958 12.6413 -5.18059
-1.20541e-20 -3.15807e-20 0
-2.90558e-14 -1.38972e-14 0
-2.64077e-11 -8.17229e-11 0
2.41286e-14 -1.83709e-14 0
4.82878e-16 -1.3891e-15 0
-36.9748 -19.5377 -4.02032
8.49425 -22.6036 20.7832
62.9373 69.8523 1.06628
1.83497e-13 -1.49542e-13 0
-15.0298 -37.264 47.4361
6.70869e-19 -7.98999e-19 0
8.61463e-18 -6.55852e-18 0
1.15626e-19 1.83532e-18 0
4.35303e-20 -1.08855e-19 0
5.05336e-05 -9.32994e-05 0
9.29679e-17 -1.08709e-16 0
1.48168e-11 1.22903e-11 0
20.445 4.02457 6.02052
7.26664 -2.24088 2.92151
14.1529 31.0987 10.2073
-3.27293e-12 2.14317e-11 0
-43.8731 7.09016 -3.64682
26.7864 3.1561 17.4892
0.000588966 -4.60953e-08 0
2.56823e-15 -4.61802e-15 0
1.8182e-16 -4.32783e-16 0
35.5459 -4.40305 3.05987
-19.8723 -5.71089 1.41116
23.8811 -15.1253 2.94209
16.1136 -17.2193 5.78232
-3.94531e-16 3.84188e-16 0
-5.42547e-19 -1.5902e-18 0
48.9091 6.63827 -3.95243
3.05434e-20 1.59511e-19 0
-6.50043e-17 -7.6989e-17 0
10.4732 50.6015 67.5524
-2.59743e-11 -3.05993e-11 0
-48.0465 5.73547 12.5281
-61.9582 40.0275 48.6545
-1.33718e-05 -1.50945e-05 0
-2.95221e-07 -5.32535e-08 0
-6.55547e-17 -2.65444e-17 0
2.48311e-15 4.8328e-15 0
-1.47457e-17 -2.08423e-17 0
79.824 -3.31558 3.01699
13.3941 18.2182 15.0094
-3.67242e-18 9.27989e-20 0
-5.49943e-15 -1.79627e-15 0
-35.5335 9.09088 29.8685
-5.83968 32.7436 32.5882
21.0979 18.8144 -1.16097
-2.08454e-15 -1.40717e-14 0
-9.41424e-08 -2.10899e-06 0
11.5471 -9.38095 20.275
-1.61488e-07 2.00337e-07 0
25.8378 3.0899 17.7138
0.000383109 1.60227e-11 0
2.53189e-14 -1.64713e-14 0
9.31667 27.6109 14.2477
19.3006 78.554 72.9438
7.65182 -5.55355 14.6566
26.1935 -1.36958 6.73502
8.46845 -5.09883 7.20466
-4.26973 -33.7915 9.10625
8.94635 32.8246 -4.67353
-1.15307e-17 2.57254e-18 0
-22.0464 -33.208 61.3805
-74.2796 13.5157 47.4891
-32.3853 -45.7514 10.1867
-3.40942 -2.01785 2.17745
15.9482 -27.3577 9.01233
-1.21492e-14 2.46962e-14 0
7.29557 -5.85686 -2.97771
-2.68105e-06 1.94957e-05 0
-2.11766e-13 -2.80651e-13 0
16.8242 17.7435 36.905
-3.04254e-17 -3.26736e-17 0
47.1768 16.8101 62.027
2.46339e-16 -2.47625e-16 0
1.37591e-19 -1.73365e-18 0
-1.91184e-19 1.13663e-19 0
13.1389 -19.9148 -6.48498
26.9918 -30.7944 56.5052
-5.02611e-15 -1.46173e-14 0
9.24823 -37.0205 -3.94631
7.73874e-10 -2.18564e-09 0
2.13756e-15 -1.23882e-15 0
-80.7254 28.6184 3.96913
26.9104 -1.10819 17.8756
0.000588899 4.74287e-08 0
2.4737e-09 -6.88427e-10 0
-61.7705 26.291 7.86828
37.1389 -14.4152 -1.3762
1.79361 -0.840124 0
1.15924e-08 2.2217e-08 0
-21.6407 15.5386 22.8862
22.2731 -6.13929 -6.1671
20.4064 0.76363 15.1895
-2.72394e-06 2.00415e-05 0
8.68182e-06 7.02886e-06 0
3.69207e-17 1.23284e-17 0
-7.04528 -38.3582 -1.37029
0.00109221 0.000905977 0
-46.3698 -28.2005 18.7987
0.000862248 0.000572524 0
2.17147e-11 7.50999e-12 0
-16.8755 -1.43247 17.5197
7.62639 -37.6986 0.813824
8.57795 -23.4917 9.0839
-1.67796e-14 1.05863e-14 0
-3.15965e-18 3.15206e-18 0
-16.2333 6.84806 9.89182
-2.02042e-07 -3.5389e-08 0
-1.39524e-08 -2.12466e-08 0
-9.98508e-17 1.02043e-16 0
-18.0606 29.8328 18.4592
-16.0731 -21.2195 3.88785
0.693011 -12.4415 4.31716
9.72803e-11 1.84175e-10 0
-4.27937e-19 -2.18638e-19 0
-2.61049e-09 -5.84805e-08 0
22.4669 5.96427 20.8732
-27.7203 7.46768 3.95929
-1.27585e-14 -4.31089e-15 0
1.4898e-13 4.60066e-14 0
-79.8617 -51.2846 0.904029
-1.56525e-17 -1.84782e-17 0
1.38393 0.158933 12.8954
-4.14808e-07 -7.70665e-08 0
20.2534 -15.5904 11.7512
-11.4845 24.1073 3.95187
-36.1284 -31.4721 -4.16881
-1.61104e-18 -1.32713e-18 0
7.89123 49.216 10.6806
0.813856 28.2875 26.5412
23.5204 -17.8453 11.1191
1.20718e-17 -3.00142e-18 0
-15.5735 2.9991 32.1756
1.64877e-14 -3.9345e-13 0
2.38705e-12 5.20627e-12 0
5.77216 25.8382 21.2611
39.5335 -29.0264 0.380788
2.02143e-17 9.4916e-19 0
-20.1989 3.54385 25.5618
-27.0166 -0.947172 -3.43497
2.15549 1.7451 0
1.45572e-12 5.27285e-13 0
3.2088 -2.54735 3.81964
-31.6448 11.1588 -1.02069
-4.34974 -7.70878 -0.36823
-1.13973e-14 -5.33034e-17 0
-15.4128 4.46071 -1.21628
16.2121 -66.7792 38.762
-2.10716e-12 -4.72019e-11 0
6.61802e-10 1.46524e-09 0
-0.782388 -1.00176 0
1.87782e-19 -1.72245e-19 0
-1.62787e-15 -1.34376e-13 0
-5.4693e-16 -3.99492e-15 0
4.84666 2.50218 3.9794
-5.98273e-17 -2.29567e-17 0
-3.35635e-19 -2.31289e-19 0
-1.14493e-17 -1.61304e-18 0
-5.90339e-18 -1.80722e-19 0
-6.24134e-12 -1.50705e-12 0
14.5888 10.8556 40.2096
-4.75279 11.964 19.9194
2.9571e-18 -1.10713e-18 0
-3.04414e-12 -4.63558e-12 0
44.1908 62.6635 27.1627
-72.6031 -15.6739 16.9488
-30.5643 46.7848 5.54111
21.9668 -0.526194 0.611441
-5.81431 30.1529 5.6128
-8.00059e-19 6.68769e-19 0
1.90124e-08 -4.18197e-08 0
-19.252 3.50325 25.931
-12.2913 -0.278361 14.5836
5.6039 -5.88444 0.358877
0.418228 -5.78031 1.62345
-1.8815e-15 -1.00927e-16 0
-14.2263 -2.92086 8.68177
-17.1594 -10.5527 5.83399
9.27045e-15 9.29912e-15 0
-14.2495 -16.639 -3.29809
15.7777 -11.2614 1.475
-2.29141e-10 1.68678e-09 0
9.3004e-15 8.52586e-15 0
10.2786 -15.6515 21.8656
26.7077 -44.6765 -4.95898
-1.63842e-15 -1.23128e-13 0
-10.8063 -6.10218 27.826
-2.58577e-13 2.37487e-13 0
-27.9205 22.8901 4.07253
-9.8934e-13 -2.32203e-13 0
69.5168 -64.0083 40.7625
-1.00513e-14 -2.94233e-14 0
4.29072 -14.8176 21.6509
25.6889 -69.8056 11.4745
-5.50705e-16 5.89223e-17 0
-36.712 55.2139 71.069
-3.94876e-19 -2.77431e-19 0
-4.24898 -61.0082 31.1856
12.0332 -21.1873 13.5798
-2.7051e-06 1.99299e-05 0
1.83231 -19.4664 3.90016
-94.6995 -26.7947 12.9548
-1.02868 0.652188 34.9221
9.3547e-06 1.62289e-05 0
-20.1264 -0.881941 26.837
-25.0418 0.215813 3.91726
0.0220953 -0.0270742 0
-35.0552 -0.819221 19.158
-16.0227 -22.8978 7.01785
9.80966 0.844687 16.8632
-20.6988 -11.0476 11.8215
-1.34028e-10 1.07159e-09 0
-4.26041e-05 8.41337e-05 0
-1.30083e-07 8.37671e-07 0
-1.90232e-11 1.25511e-10 0
-5.61679e-18 5.41372e-18 0
-6.57922e-20 -4.00466e-19 0
7.18077e-08 1.16105e-07 0
61.2556 52.2623 -4.11836
-5.16235e-16 1.0502e-15 0
-5.09967 9.51764 53.1866
-60.2459 -23.9189 4.64322
20.8329 -49.9362 33.978
-3.09971e-17 9.9864e-18 0
-6.12026 -3.35756 34.866
-3.62737e-07 -6.50225e-08 0
-35.8541 -40.3697 4.3397
1.14507e-12 -2.62416e-12 0
-6.22215e-08 3.98427e-07 0
3.61845e-06 -9.82539e-06 0
13.855 9.70267 2.47524
-2.35737e-10 -6.82105e-11 0
-9.39742e-19 -2.04248e-19 0
-2.44069e-18 -2.31546e-19 0
-3.59255e-17 -5.69179e-17 0
-2.6541e-07 -4.70371e-08 0
-1.48295e-22 -1.86409e-19 0
9.08902e-17 -5.12877e-16 0
-7.9547e-10 -6.22933e-09 0
7.50506e-19 -1.4062e-17 0
-0.401276 5.63575 -2.61215
-7.56572e-20 -1.77389e-18 0
27.0526 -36.7704 30.368
-2.3104 17.4997 33.4716
-1.15934e-11 1.15811e-10 0
-11.6239 33.202 20.1962
3.22184 -5.42824 -2.01865
1.18038e-16 7.2105e-17 0
5.55208e-06 -22.8629 42.4945
0.226877 -27.9266 3.51315
-102.028 59.0003 15.8283
60.9526 -167.678 89.2498
-1.64728e-12 3.54356e-11 0
-3.14162e-08 9.83907e-06 0
2.11815e-13 2.12261e-13 0
23.7577 6.69477 0.0731299
37.4875 10.8516 0.772153
-4.78105e-06 3.51289e-05 0
-7.93073e-06 -9.65295e-06 20.1972
2.97855e-08 -1.45935e-05 41.5922
-8.7253e-07 -4.3567e-05 21.0892
-21.4571 15.5993 27.2281
8.22342 -17.7044 1.15937
-3.7943e-09 7.71266e-09 0
4.71521 27.0544 27.0523
-48.5874 31.7878 60.5964
5.54211 20.7251 16.3478
9.77961 4.44014 -0.260682
17.7092 7.67086 20.8743
3.13818 -42.8954 6.92616
3.08433 25.8777 17.6988
-9.63329e-09 0.000383139 0
0.697383 -15.0397 6.07268
7.18614e-05 0.00014706 0
-1.40798e-18 -4.99516e-19 0
7.15002 0.81659 -4.49966
-0.355086 -0.170725 15.8809
30.0284 29.5236 30.9
74.3644 -92.9846 29.585
-9.89358e-16 -2.87894e-15 0
8.73214 19.925 19.6403
3.55208 -19.171 25.601
-0.452886 -24.5387 -1.20357
8.24571 -42.3168 24.5191
-2.99281e-08 2.20158e-07 0
-4.60602e-18 5.58808e-18 0
-37.6864 -18.1753 4.51634
8.27444 -46.9154 11.2308
-3.37587e-18 -1.38893e-17 0
-0.151099 -39.2875 15.7874
21.4303 14.6107 16.7058
6.26128e-05 1.80128e-05 20.2035
6.77376e-08 1.25334e-08 41.6113
5.29017e-05 1.52056e-05 21.1065
-4.05516 -5.55342 17.0399
-1.04348e-07 -1.56563e-07 0
46.8993 -41.4696 29.3788
3.57561 -0.35597 1.27766
5.38368 -0.117712 12.9412
1.12268e-12 7.85746e-13 0
-13.1017 15.4689 35.1492
6.98541 18.4414 -3.98714
-2.97276e-07 -6.65962e-06 0
3.35428 21.679 20.4132
-1.55893 12.4535 19.3349
0.000756568 -0.000210552 0
26.2364 0.625827 22.2162
1.04424e-19 2.46066e-19 0
-1.20365e-17 9.35373e-18 0
-25.1152 -37.7082 9.28702
-1.995e-17 -5.19558e-17 0
-9.66173 48.7593 54.3696
-9.17339 28.7238 48.9534
3.38455 43.0806 -2.06224
3.49932 -19.2978 25.9263
1.78723 -3.10541 15.7767
-2.85067e-07 2.24041e-07 0
4.61499 15.121 6.58731
3.66257 25.8977 13.3445
9.90565 15.6238 20.5594
-1.26096e-18 3.24975e-19 0
-11.7841 -41.9356 -0.583438
-3.60221 -24.8417 6.79492
-7.36847e-07 -4.77643e-07 0
5.50912e-05 1.59404e-05 20.1975
3.12513e-05 2.35842e-05 41.5923
-2.28452e-05 4.92297e-05 21.0894
6.89024 6.38957 -1.28953
-7.77656e-15 -1.23724e-14 0
5.92392 22.9707 2.82066
-23.4222 -29.6439 17.5978
-9.3243 -20.2316 53.3295
-4.55868 -14.0059 16.4978
-2.8228 15.6019 30.7354
10.6026 10.8487 -3.69996
-1.53499e-08 9.83271e-08 0
7.14617e-06 27.7629 40.2705
-0.226621 27.9264 3.51311
-1.7362e-17 -2.12586e-15 0
-8.00083 16.5121 14.3414
-7.47189e-19 6.07972e-19 0
-2.05286e-07 -1.42965e-05 0
4.58335 12.7222 -1.78159
-8.92344e-09 -2.44183e-08 0
5.09088 11.2574 -3.37751
1.83898e-15 7.62213e-16 0
-2.9375e-18 3.6599e-17 0
-61.2372 -28.431 31.1365
-0.492719 -33.9954 0.273807
31.0677 35.7654 65.2971
-1.07484e-16 -8.77789e-16 0
19.1366 -0.472231 15.4503
7.23887 51.0337 13.8738
-17.7623 -29.3405 42.3966
4.17526e-11 -1.8854e-10 0
1.52679e-19 2.68572e-18 0
1.80394e-17 4.51838e-18 0
-6.37936e-07 4.70027e-06 0
-1.31141e-16 -8.5529e-18 0
2.09218e-16 4.27618e-17 0
4.87053e-16 -6.78598e-16 0
5.36993e-16 -3.95178e-16 0
3.15274e-18 -1.95363e-18 0
8.9171 31.4159 3.03269
-2.53988 2.66202 3.57678
-10.9177 4.72342 -4.85833
11.8715 -8.65252 6.4758
4.86714 4.2989 -5.3669
3.39089e-16 -3.09224e-16 0
1.0316e-17 -7.86731e-18 0
5.78497e-17 7.15494e-17 0
1.8381e-19 -4.77645e-19 0
5.16626e-20 -4.25989e-18 0
6.80718 32.2916 11.8595
-2.24576e-17 8.4081e-17 0
12.5746 29.4408 5.91248
7.60262 -3.50372 1.66538
1.26685e-13 9.63646e-13 0
0.032963 0.0686278 0
-1.11087e-07 -4.58829e-08 0
26.7861 3.15755 17.4901
0.000588961 -2.98073e-08 0
1.2082e-17 1.05316e-17 0
1.63265e-07 1.35426e-07 0
-8.57847e-15 -3.33109e-14 0
-23.8574 -5.48418 16.7361
-7.93149 -27.1182 3.30843
-22.5359 14.9575 15.46
42.6087 -28.7453 21.3989
5.81283e-11 1.54692e-10 0
-1.24974e-05 -2.47314e-05 0
5.18695e-15 1.18008e-14 0
-8.67747e-20 -6.52599e-19 0
-17.1744 27.7677 27.9102
-11.0104 17.4464 35.5924
-4.18157e-06 3.07783e-05 0
-4.30113e-11 1.12096e-10 0
32.6204 -50.3201 -3.8519
4.65515e-06 9.8181e-06 0
-1.5121e-18 -1.84034e-17 0
5.60114e-15 7.25856e-17 0
-2.94179e-06 3.3432e-06 0
82.1161 2.69265 0.247661
13.3785 18.2252 15.0105
-48.2348 34.381 4.18916
-1.1845e-19 2.0403e-19 0
43.8782 -30.5924 -3.31772
7.68559 31.4588 22.7687
-2.9314e-12 -6.96713e-11 0
28.4973 -19.0182 -2.27157
27.8668 -25.1503 17.4381
-57.2044 15.2738 13.7366
-9.13267e-15 5.54867e-16 0
25.8406 3.09014 17.7138
0.000383111 4.84095e-09 0
-8.26817e-15 -2.42768e-14 0
-23.2864 8.85921 22.0588
5.47229e-13 -4.77558e-14 0
6.1757e-09 1.26374e-08 0
12.6237 11.0163 -1.582
-7.20186e-13 -2.28377e-13 0
-1.17414e-09 -1.45377e-10 0
-1.87274e-14 -2.26605e-14 0
26.3352 47.4496 59.3398
-41.4369 -66.4395 41.9574
-74.2968 13.7236 47.4064
5.39293 -49.8304 18.9794
-5.50714 -8.3949 1.09773
18.7255 4.10456 -3.09018
-10.6675 2.9937 13.341
-2.63357e-10 1.93827e-09 0
23.5957 -12.9593 -3.13496
-1.03673e-08 7.20134e-08 0
-2.7383e-10 2.01506e-09 0
2.59877e-10 4.9404e-10 0
47.7455 13.6028 60.1153
7.80185e-15 -8.37285e-15 0
-7.53333e-17 -9.93021e-17 0
3.51055e-17 3.51663e-17 0
25.6842 -39.9049 31.033
-28.7939 37.307 -3.67803
17.3211 38.1987 1.00989
-3.8144e-10 1.48072e-10 0
3.65496e-16 4.59256e-16 0
-5.21234 15.2808 9.86193
-2.17192e-07 -3.82393e-08 0
26.9099 -1.10913 17.8764
0.00038292 2.88306e-08 0
36.6634 19.8622 11.0101
-0.577185 -16.7041 10.7551
18.4708 -7.80041 28.7226
8.26307e-19 -9.57582e-20 0
45.889 -13.2042 15.6618
6.81173e-15 -5.86698e-16 0
-8.98594 -38.0015 14.269
-2.09569e-18 -3.12338e-20 0
-3.65196e-06 2.68673e-05 0
1.356e-05 1.09783e-05 0
3.69015e-17 1.21541e-17 0
-6.98863 -38.418 -1.17166
5.28915e-13 -8.08298e-13 0
15.9663 -2.15139 3.61608
2.09314e-11 3.13879e-11 0
12.9561 -1.53414 -1.89343
-8.9068e-17 -1.76813e-18 0
-1.25328e-08 9.65519e-08 0
-1.55928e-06 1.1315e-05 0
16.8749 92.1954 64.8262
-2.52485e-17 1.3074e-17 0
-16.7227 -29.6387 44.5761
8.80143e-16 1.27791e-15 0
-6.52228 -16.7811 3.18828
54.0894 -26.8772 29.5094
5.40717 -9.63843 12.7316
15.985 -2.2499 7.53084
-15.0233 21.3769 4.4524
-3.67232e-18 8.78113e-20 0
8.47279 -37.7192 11.3677
8.81388e-18 -2.57747e-17 0
-2.67682 -29.1719 14.2303
-35.9352 52.0337 40.3654
-8.40199e-16 -2.81103e-14 0
-4.53455 -5.92642 28.5567
2.09442e-19 -2.9325e-19 0
2.20433e-10 4.15702e-10 0
-2.00713e-07 1.30187e-06 0
3.05933e-12 -2.32712e-12 0
12.2903 -6.15419 6.96798
0.597666 3.32362 2.78761
-1.74383e-06 -1.58968e-06 0
-1.61103e-18 -1.32711e-18 0
6.98206 49.1975 9.91302
0.836782 27.5764 26.3393
-21.6573 12.5205 -5.3832
26.9009 27.6159 11.886
59.0116 -13.3491 29.6644
-18.2454 -15.8156 0.987634
-19.4015 9.53838 23.216
4.33178 13.235 30.1344
3.2893e-14 1.26354e-14 0
4.84354e-19 -3.71593e-19 0
-20.1979 3.54345 25.5617
-0.000382896 -1.35454e-08 0
35.6725 43.632 2.38367
9.3384e-06 -2.63743e-05 0
21.6904 5.66763 2.84063
12.0756 -31.0388 13.3155
25.7631 -3.8484 3.9239
-2.0946e-18 -7.91456e-19 0
0.587725 32.2508 25.0655
15.0205 -20.2194 4.595
1.57935e-12 1.30966e-12 0
-31.2573 77.3587 -2.2518
-1.92761 12.8359 20.7601
1.60492e-19 -1.62896e-19 0
-2.09511e-07 1.38834e-06 0
-34.9077 -17.1318 33.8427
-1.45514e-06 1.07034e-05 0
23.9373 83.98 3.23867
3.88938 11.8792 -4.48177
-27.2399 61.5274 3.20475
-1.59293e-11 -3.32223e-12 0
-1.38768e-09 8.95278e-09 0
14.6627 10.9343 40.1438
-15.6177 12.2417 16.2127
66.1069 -44.4467 26.301
-6.99146e-07 -1.70935e-06 0
8.42342 62.4584 19.2314
4.82294 25.096 5.41226
16.7219 25.9567 2.69109
3.41497e-06 -5.33223e-05 0
-4.21281e-12 -6.41523e-12 0
1.28245e-17 -9.77711e-17 0
-1.36131e-10 1.03684e-09 0
-19.2521 3.50324 25.9315
-0.000383065 2.45758e-09 0
-9.0689e-13 2.23555e-13 0
-11.7857 -1.24651 30.0568
-1.21889e-15 -6.36218e-17 0
-4.7654e-12 -1.92135e-13 0
-22.3058 0.586325 -1.93276
-1.0912e-08 1.0022e-08 0
8.15987e-14 -6.92999e-14 0
-8.59198e-15 6.01205e-16 0
1.89292e-19 4.32192e-18 0
1.00921e-10 1.90485e-10 0
-5.72716 -16.1632 19.8243
9.2297 -29.08 4.36939
-6.89748 -5.55757 4.19996
-18.3223 20.1861 21.4736
-3.24082e-18 3.82925e-18 0
3.92443e-05 -0.000138036 0
17.8623 -10.7473 3.42818
1.99099e-19 1.18681e-18 0
-8.73764e-17 -1.96982e-16 0
-4.87336e-18 1.86811e-16 0
27.6658 -69.4132 10.8287
-5.73989e-16 -5.82513e-16 0
13.4148 -23.598 61.7337
1.34072 -26.0283 -5.44935
-44.717 -20.0892 14.0181
-6.45056e-19 -7.09531e-18 0
-7.33018e-07 5.4177e-06 0
-4.04033e-06 2.97508e-05 0
-6.75454 17.8188 -2.44523
0.0549581 -13.7087 13.9904
6.00296e-14 1.0781e-13 0
-20.1254 -0.881578 26.8368
-0.000382899 1.95863e-08 0
-2.32879 -7.18994 1.86201
-35.0543 -0.79904 19.1722
-1.98668e-18 -1.56281e-18 0
-8.2546e-18 -5.93643e-17 0
1.30668e-19 1.31325e-18 0
-4.31679 25.1357 26.6594
-5.78998e-12 7.18289e-12 0
-9.62336 -2.96079 -5.27922
-21.3806 12.9495 3.37344
-5.61677e-18 5.41369e-18 0
1.65903e-19 1.1703e-18 0
3.8506e-19 7.53993e-18 0
-11.6249 21.9967 1.5005
-0.0975994 2.15967 -5.0716
51.4839 13.7181 49.0082
-5.89003e-17 -1.61375e-17 0
5.28137 -2.0108 21.6882
22.1694 10.3459 19.2466
-31.224 -12.4089 29.3417
-4.38078e-16 3.43952e-16 0
-2.86303e-16 4.15648e-16 0
-18.3259 -6.15567 30.7404
-12.6938 29.3192 -1.38045
-4.06499e-07 5.32081e-07 0
-6.347 55.1869 -3.17896
43.3587 25.5335 1.71803
-3.10216e-05 -8.44101e-05 0
1.10549e-09 -3.13739e-09 0
-1.29119e-14 1.49952e-14 0
6.75374 17.1273 12.9132
-1.33103e-20 -1.0727e-18 0
-1.1273e-19 -1.38203e-18 0
-5.24092e-10 -4.04433e-09 0
7.03667e-19 -7.52877e-18 0
-0.375656 5.60248 -2.53745
-4.40892e-11 1.57311e-11 0
-4.16517e-15 -1.09974e-14 0
-2.14946 22.4419 30.0019
-4.38022 1.44801 8.92013
-11.5285 27.207 13.5363
-0.00149046 0.00795341 0
-6.21235e-13 6.38098e-12 0
5.37097e-06 -22.8629 42.4946
0.226525 -27.9268 3.51332
-1.00993e-15 -7.99715e-17 0
6.73819 6.38279 36.6998
-9.50288e-05 0.000556436 0
15.9808 -43.1573 35.0244
-1.89107 18.3882 5.72118
-10.0233 -2.97193 0.141723
-2.07571 26.5971 4.84378
11.1375 24.3167 13.3028
-8.73618e-05 -8.78729e-05 20.1973
2.32865e-08 -1.45878e-05 41.5922
5.94043e-06 -0.000261372 21.0896
7.23632 -7.46607 10.274
-13.3757 -18.4377 12.0319
9.14696 0.203548 8.59561
4.59589 1.6456 -2.59116
-12.0958 -16.334 12.213
14.7842 9.50579 12.8487
-7.99904 6.59279 6.22449
9.92564e-08 3.03996e-07 0
3.10452 -42.9185 6.86909
3.08656 25.8785 17.6989
7.22344e-09 0.000383154 0
-2.80265 -11.5652 -5.47881
4.96537e-05 9.36187e-05 0
-1.13262e-17 2.31639e-17 0
1.11988e-08 2.28956e-08 0
-1.89816e-14 -7.67094e-14 0
-8.15198 -3.74851 9.53664
1.11814e-16 -6.31139e-16 0
2.23235e-08 -1.0319e-08 0
2.22623e-12 -7.43607e-13 0
3.55231 -19.1708 25.6009
-0.452917 -24.5385 -1.20384
3.47042e-07 6.35827e-08 0
-3.36359 11.4847 -1.88312
50.3702 -0.0577957 96.031
1.88123e-16 -5.86531e-16 0
45.3605 -7.0277 34.375
5.11852e-17 -6.22538e-17 0
-4.50659 -36.9926 58.244
-2.75095 -1.36819 -5.10055
5.02819e-08 -1.02478e-07 20.2032
5.81392e-05 1.6738e-05 41.6115
4.04884e-05 -2.32165e-05 21.1062
3.65922 23.481 33.4116
-7.90611 4.54923 10.4325
-1.51357e-15 -2.36398e-15 0
3.71804 -0.327368 1.17042
5.59012 0.982024 12.4227
30.1297 39.0563 52.4259
10.6774 24.3346 28.3057
1.44197 -17.0933 0
-3.06848e-08 -6.88365e-07 0
3.35464 21.6787 20.413
-1.5589 12.4534 19.3349
11.9222 -19.6633 -4.1978
-1.71678 0.781578 21.3349
-1.24224e-16 3.84556e-15 0
-2.42242e-17 2.83034e-17 0
-40.9305 -47.5438 -1.23108
-2.64058e-06 1.94269e-05 0
-1.89056e-12 -3.97934e-10 0
15.0173 -6.72231 2.72974
3.03514 43.2345 -3.9559
3.50151 -19.2984 25.9274
1.78941 -3.11095 15.7765
1.14425e-15 -1.90515e-14 0
5.58339 17.8806 5.96143
-2.60524 48.992 12.1702
3.38044e-11 -1.04949e-10 0
-1.30946e-17 8.56034e-18 0
-4.73326e-15 -5.28859e-13 0
7.32711 -14.6792 -1.13293
7.44137 -34.7392 26.2349
4.64119e-08 4.33981e-08 20.1972
0.000151019 5.80719e-05 41.5927
4.48131e-08 3.84059e-05 21.0892
9.33667 -2.59804 4.8085
-4.14413e-15 -1.15674e-14 0
-25.6949 54.9785 18.4732
-71.8983 3.14624 19.7684
1.01094e-16 -4.35784e-16 0
8.04506e-12 7.99499e-12 0
-14.1732 -4.0854 0
-7.92717e-13 -4.26097e-13 0
-1.01549e-16 -1.14062e-14 0
0.000121582 27.7631 40.2708
-0.226491 27.927 3.51336
-5.34625e-18 -2.11399e-15 0
2.16422e-15 -4.32433e-15 0
13.4533 -13.641 -2.93308
-34.2159 11.0547 2.60285
2.30055e-11 1.8815e-11 0
-6.34966e-07 2.48715e-07 0
2.21949e-18 -8.4614e-18 0
-11.4925 14.4735 19.5593
-8.43192e-19 4.19746e-18 0
1.64802e-19 -2.02425e-20 0
4.41187e-18 3.6206e-17 0
-31.6024 31.8883 2.22322
-1.08381e-12 -1.52857e-12 0
-2.15393e-16 1.71209e-16 0
7.83144 59.8282 16.537
-8.95473 -19.2538 20.4037
5.25054 20.4617 55.8323
6.71759e-06 -8.72328e-06 0
-6.55141 -18.0147 68.8191
-9.00631e-11 -1.061e-10 0
-52.5585 -6.72986 5.75008
5.78934 -0.480143 10.5732
-59.2184 19.1058 19.1727
32.3451 -73.9625 10.832
38.3092 25.7647 44.0035
-84.417 9.8795 40.1103
29.0801 20.4947 0.914394
-3.7607 15.9056 1.76846
-1.28579 0.191497 0
-5.46065e-05 1.81392e-05 0
3.38278e-16 -3.08692e-16 0
8.72588e-18 -6.64741e-18 0
1.93629e-20 1.81073e-18 0
-5.10496 -11.2653 -5.20263
3.06346e-17 -2.29619e-16 0
-1.20023e-09 -6.79899e-10 0
2.07995e-07 -4.78804e-08 0
-13.805 -3.3766 29.6165
9.35772 -3.04492 0.862076
7.67773e-06 1.65811e-05 0
-33.9869 29.7154 11.06
15.9821 -46.5341 5.27715
26.7852 3.15974 17.4886
0.000382948 -1.04189e-08 0
-12.1099 -12.0852 0.639957
2.60784e-17 -3.64701e-18 0
-15.84 -7.94683 4.89726
17.2509 21.8136 6.50971
33.8954 -42.0287 -3.18673
-12.1343 -13.0588 1.34765
1.56015e-13 2.67248e-13 0
2.36586e-10 -2.92691e-10 0
3.1936e-18 2.14161e-18 0
1.6461e-13 3.74611e-13 0
-6.8173e-21 -4.76244e-20 0
8.05236 21.5279 49.861
22.4058 40.0119 -2.06472
-5.13823e-18 1.51856e-16 0
-9.30634 -111.801 31.3012
-1.51774e-06 1.38102e-05 0
1.13424e-08 9.40838e-09 0
-9.05389 -26.1459 60.892
1.5645e-14 -1.0077e-14 0
14.6049 34.6678 11.8461
81.9437 4.79011 0.57905
12.641 17.8677 15.0528
-48.9072 34.7643 3.98353
-1.72942e-07 -3.87428e-06 0
11.7585 -55.4266 2.74678
-34.5419 -8.21934 27.4328
-36.2424 3.23081 11.4354
-3.37057e-18 -1.30575e-18 0
-18.3561 -67.9315 -3.22467
4.48835 -7.76103 11.3113
11.3685 42.4552 13.5723
25.837 3.08964 17.7096
0.000383072 9.84911e-09 0
-14.2533 13.2481 38.0815
-39.7632 -3.90956 0.632041
47.6724 34.5359 0.237021
24.4828 -10.0542 2.791
-5.05718 -25.8276 6.00352
-9.55471e-15 -4.44406e-15 0
1.56115e-18 1.62941e-17 0
-37.6847 35.74 78.5628
16.675 -15.1129 0
1.0921e-09 -3.08439e-09 0
-2.53665e-12 -5.68217e-11 0
-8.69177 -46.5015 23.0759
13.1699 63.0576 40.7924
-14.1113 -8.43906 1.26232
-22.3182 9.302 0.496061
-57.3368 -8.89985 55.3545
10.6956 -3.79373 2.28249
-6.79856e-19 2.43596e-19 0
16.641 -95.5751 33.4768
31.0845 -19.4274 66.4975
42.5108 16.1091 71.1909
-37.7664 23.8735 -5.2226
-3.60465e-19 -3.18396e-19 0
-2.21385e-18 9.46152e-17 0
27.8464 -7.79221 11.9886
-8.025 18.7182 5.12166
43.2781 -3.26232 36.1125
21.7545 73.1913 35.0806
30.3406 10.4952 44.9956
-36.8178 22.4744 36.2828
-8.78242e-13 -7.86869e-11 0
26.9091 -1.11084 17.8751
0.000382895 2.53941e-08 0
6.34151e-08 5.26021e-08 0
-37.3782 -7.05254 10.9629
-4.433 -4.06852 0.152504
2.54945e-05 2.2518e-05 0
38.4622 76.3718 27.1457
17.7299 -30.4999 20.6184
-0.0597417 16.999 48.6573
-35.2408 -48.9622 95.2342
-9.68994e-13 1.20211e-12 0
2.03782e-06 1.64983e-06 0
5.61714e-17 2.27935e-17 0
-6.92601 -38.4163 -1.17187
5.84278 -4.86167 1.66457
8.01772 -60.3153 2.275
-14.8421 -38.3632 12.9815
-5.3135e-18 4.46228e-18 0
34.1365 20.4016 34.8909
11.0887 6.58517 1.1067
37.2773 6.68154 15.6492
1.60962e-16 -6.06772e-16 0
-1.22688e-17 4.12831e-18 0
16.8257 -40.0017 9.93663
-3.91337e-06 2.87924e-05 0
-1.06312e-17 2.31342e-16 0
3.21303e-12 9.26513e-12 0
7.37203e-17 5.61414e-16 0
2.04823 -2.20914 4.52971
-2.67635e-14 -3.45621e-14 0
22.9408 7.30305 -0.466616
156.909 18.3488 19.4994
1.53748e-09 3.08521e-09 0
13.621 -36.8431 24.4456
17.6226 -10.2195 1.17569
-1.29274e-14 -1.94972e-14 0
-24.8742 -46.6142 53.2901
-5.8057e-17 -8.38026e-17 0
-1.87035 21.7295 18.1458
-2.10383 34.2036 3.98084
-20.835 11.6838 -0.910326
-4.94625e-16 -7.41808e-16 0
-4.63929 20.1165 14.8865
-2.28166e-05 -2.08958e-05 0
-1.611e-18 -1.32709e-18 0
6.9847 49.1979 9.92128
0.853122 28.2895 26.5625
-27.6276 -4.21366 11.8179
-8.04561 -1.93363 14.9161
5.24517e-19 -3.06604e-20 0
-8.90417e-17 -1.27123e-16 0
-0.00144992 0.00179872 0
-49.3778 10.8559 6.09208
3.11566e-10 -1.34684e-08 0
-32.7305 27.0606 -1.8984
-20.198 3.54153 25.5638
-0.000382921 -9.91683e-09 0
48.6221 20.5433 35.0118
1.88217e-14 4.11232e-14 0
-4.11307e-18 -7.30194e-19 0
-35.6543 16.5988 0.439614
-4.62451e-11 5.1187e-10 0
-18.9828 -24.4614 -1.16627
10.5869 47.2846 90.1574
-9.61098 -3.11564 9.53727
1.09069e-13 -3.07472e-13 0
-31.6472 77.2562 -2.13604
-1.62559 -22.1344 16.4839
9.84606e-18 -7.50201e-18 0
-3.47716e-15 -1.66386e-15 0
50.6507 -20.8975 9.05625
-7.95208e-12 -9.36804e-12 0
1.13757e-17 -1.21389e-17 0
0.0999918 1.54713 -2.21558
-1.28911e-18 5.58349e-19 0
2.61056e-10 -7.48037e-10 0
6.04825e-11 -1.76222e-10 0
14.836 9.92807 37.8768
-16.0428 12.1226 16.1357
44.752 -1.5132 1.39803
-5.44444e-13 -1.25701e-13 0
1.08883 -85.8852 -3.96547
4.68748e-18 3.07985e-18 0
-70.4221 -5.99592 46.6198
-23.9713 -23.0278 12.6219
-35.1234 -24.4999 12.7879
25.0066 -3.04249 21.1192
-6.88279e-17 5.89238e-17 0
-19.2529 3.5038 25.9372
-28.8622 -2.42051 -0.311882
-0.000155217 7.60868e-05 0
-3.71609e-12 -9.4344e-13 0
-5.07182e-16 -2.78643e-17 0
-4.85845e-19 -2.99432e-19 0
-22.5083 0.591573 -2.07191
6.55176 10.9852 16.6495
-25.7611 -21.5728 23.2917
29.6658 -19.4738 21.7558
7.53626e-10 1.27142e-09 0
7.97756e-14 1.48436e-13 0
-6.28634 -15.7413 19.9341
2.75173e-18 -1.44201e-17 0
1.13707 -11.8855 -3.47934
-1.93266e-14 3.93168e-14 0
-21.9332 -3.58935 15.916
-8.28006 2.61679 24.3294
1.11982e-11 1.66173e-11 0
-37.56 10.188 95.0062
11.4681 4.88844 8.71883
1.1276e-11 9.35319e-12 0
27.151 -69.8628 10.5558
-5.73644e-16 -5.83634e-16 0
-26.3334 1.70737 53.6178
46.3913 -18.9234 5.02363
11.4917 14.1653 -4.51436
-8.66454e-17 5.77793e-16 0
2.34847e-12 -7.84483e-13 0
-1.14184e-15 -1.61636e-15 0
-23.5829 -39.3754 -5.41089
-4.98863e-06 3.66486e-05 0
-1.09278e-06 8.05152e-06 0
-20.1258 -0.880341 26.8383
-0.000382923 2.68174e-08 0
-2.89427 10.3518 10.4283
-35.0674 -0.759521 19.2168
-2.12235e-15 -2.06385e-14 0
0.00327619 0.00529722 0
8.92277 -65.2978 36.5289
11.9388 -8.21809 17.5607
-11.9196 8.208 -2.8038
-33.9009 -41.1806 2.99946
29.9068 33.9009 -4.77429
-5.61671e-18 5.41362e-18 0
-3.76031e-20 1.44431e-19 0
31.3211 18.5557 -5.45757
-14.6159 -5.28411 -6.97368
-5.25974e-07 -9.54515e-08 0
-62.2061 34.2068 9.01159
-12.6755 5.27498 2.78907
-18.0224 -8.84902 3.8772
-17.6631 10.1967 8.49085
-14.5484 16.0508 15.9742
39.5744 0.625165 -4.10292
-35.5414 -40.7918 5.25429
9.12857 0.601132 3.84173
-4.89304e-13 3.91252e-12 0
26.3917 -14.2922 -3.31674
6.78119e-05 8.79069e-06 0
2.67621 72.5409 64.4666
-1.72166 -4.13259 15.9775
1.83877e-11 1.52523e-11 0
-1.84997e-11 -5.62191e-11 0
-1.76381e-12 1.38622e-12 0
2.14277e-20 -4.4903e-18 0
9.69899e-20 -4.14093e-19 0
-5.21111e-10 -4.04368e-09 0
1.11409e-19 -8.91329e-19 0
-0.296867 5.60766 -2.54905
8.35534e-14 -2.78548e-14 0
-17.4148 -28.9338 23.3012
0.853386 31.4978 23.2872
2.79415 1.03975 0
11.5534 24.8196 11.5544
-1.79172 9.07143 1.83772
-3.72814e-07 -8.35184e-06 0
5.206e-06 -22.8629 42.4945
0.226535 -27.9266 3.51334
9.83271 14.7336 32.9847
5.98238e-16 2.76933e-17 0
-9.45815e-08 5.06216e-07 0
20.1691 -43.2522 38.1782
9.39674e-09 7.79449e-09 0
-1.87455e-09 -2.8397e-09 0
18.9988 -25.5794 27.1204
11.5647 7.47615 7.24992
0.00011368 -0.000113765 20.1974
-1.46905e-08 -1.45913e-05 41.5922
0.00015165 -0.000369272 21.0898
3.44529 -0.624923 2.93238
-4.30863 8.46355 2.56385
23.9056 7.0764 30.5239
4.47923 1.6879 -2.25962
-14.9247 1.91015 -4.87688
26.3029 -45.9543 12.4553
7.88506 3.23781 17.7366
11.5698 17.9274 4.21356
3.06506 -42.9998 6.64864
3.08892 25.8763 17.6976
1.86261e-08 0.000383154 0
2.22679e-16 1.24788e-18 0
1.30863e-05 2.62595e-05 0
8.12264e-05 0.000162141 0
16.9508 -11.137 22.6049
1.48568 -29.7102 2.18912
-0.00214162 0.0030609 0
8.0206 7.13914 -1.06853
-3.64327e-09 -9.76776e-10 0
2.94156e-13 -8.12044e-14 0
3.55239 -19.1708 25.6005
-0.453065 -24.5389 -1.20299
-11.9596 -18.5798 4.52276
-22.7395 -0.485892 -3.19979
-43.3586 -66.7697 73.1707
-3.60693 14.1084 19.6802
15.344 19.0081 10.8282
6.63512 6.08249 -1.71149
20.2269 -33.9547 35.3039
16.0308 23.3026 7.02744
1.52873e-07 -1.60643e-07 20.2032
2.01177e-05 5.79773e-06 41.6114
5.95813e-05 -5.13161e-05 21.1063
2.46534e-08 -1.87707e-08 0
-1.56908 5.49387 7.43812
-2.17264e-17 6.09588e-18 0
3.48952 -0.396171 1.00265
5.27368 0.89657 13.1651
5.88822e-07 1.11478e-06 0
17.0103 26.1234 34.661
5.23095 11.4023 1.70795
1.40027e-17 -7.4667e-18 0
3.35485 21.6783 20.4123
-1.5585 12.4532 19.335
-8.07218e-11 -2.70166e-11 0
4.59023e-06 9.91846e-06 0
1.03721e-18 -2.55376e-18 0
4.01861 53.1034 -0.599837
2.20207e-15 -6.46205e-15 0
-8.61881e-12 5.79967e-11 0
-1.2056 -0.141479 11.7986
24.839 58.2647 4.03354
5.16548e-14 9.38572e-13 0
3.50325 -19.297 25.9247
1.76948 -3.12459 15.7864
-1.24216e-07 -2.86791e-08 0
2.85499e-10 3.30791e-10 0
1.69854e-17 5.13832e-17 0
-22.3456 0.855752 34.2795
0.0695457 -25.7362 1.43738
5.42058e-15 -1.8182e-15 0
-1.64837 -18.6735 -0.275344
-14.2057 -14.949 -1.55493
2.07253e-05 -4.06823e-06 20.1974
9.27842e-05 4.1308e-05 41.5925
3.99601e-05 4.75641e-05 21.0894
-7.40712 34.6893 11.3583
-93.94 -46.0901 13.3418
-28.0814 -9.13486 26.3792
-0.0651404 -0.578384 0
-7.80934 -16.0072 4.15747
17.6257 14.8995 30.2745
9.57046e-05 6.19656e-05 0
-25.8861 -3.15002 79.1491
0.00430396 0.00481622 0
0.000108988 27.7631 40.2707
-0.226503 27.9268 3.51314
-3.45331e-17 -1.94021e-15 0
-2.93511e-16 -1.81589e-15 0
-1.43715 -19.3236 -0.461723
3.42472 -2.49766 -3.52666
0.764178 23.3256 5.71168
7.85958e-16 1.17395e-15 0
33.9027 12.2726 30.9919
5.17321e-10 -1.46106e-09 0
7.24187e-20 7.17309e-19 0
1.09995e-19 -4.12352e-20 0
-22.9781 -6.25015 -2.32985
5.43062e-18 1.22352e-17 0
-1.04366e-12 -1.50069e-12 0
5.08463 -1.01089 76.989
5.30137e-16 -1.5461e-15 0
2.31481 -25.603 24.2226
-2.24313 -8.26101 2.88624
-9.22353 18.074 10.304
67.4349 100.619 42.4038
4.69288e-18 -3.58484e-18 0
-27.1101 -28.4187 19.7366
23.6313 22.0312 -4.369
1.37014e-17 -1.68808e-17 0
-4.90508e-19 -3.34176e-19 0
1.35887e-16 -7.51932e-17 0
5.81545e-14 -4.42779e-14 0
-8.77147 53.433 10.9385
-2.57628 -1.09842 6.3011
-12.968 4.0927 -1.0597
80.5497 -39.6094 19.1452
3.33725e-16 -3.09125e-16 0
3.69228e-18 -2.78581e-18 0
-6.03202e-20 1.87866e-18 0
1.91123e-20 -6.88128e-20 0
3.12625e-19 -6.82226e-19 0
-6.28968 -18.2366 7.60837
0.00635333 0.0102388 0
-3.80208e-19 3.78133e-19 0
8.23894e-09 -2.50774e-09 0
4.97786e-15 -2.50338e-15 0
1.19548e-07 9.91638e-08 0
-36.0029 99.177 8.84082
26.7894 3.16038 17.4939
22.5349 1.31503 5.99994
-9.41063 -9.33777 4.32092
-28.5882 -26.9577 7.68454
16.613 69.9047 16.6351
-22.968 -45.2673 68.5958
-57.0621 -1.4544 16.7149
-34.2877 -6.93603 16.3911
10.1124 19.0065 6.78928
4.95767e-14 5.05217e-14 0
2.6468e-15 2.90543e-15 0
-19.5444 -51.2649 37.1355
-6.16425e-12 -1.38123e-10 0
15.7692 55.3694 45.1017
1.31371e-05 1.73288e-05 0
54.1318 64.1539 83.1158
-38.6586 -27.7492 15.9292
-2.27616e-08 1.53525e-07 0
2.54233e-13 2.10761e-13 0
4.41247 -54.8671 13.2371
29.6046 -11.2379 96.3654
1.50682e-16 -1.52154e-16 0
77.985 28.7037 -5.70597
-0.360856 19.7373 16.2737
12.6438 8.57605 37.3328
7.71487e-15 -1.15209e-14 0
-28.2753 4.3938 2.79652
-4.19805e-19 -5.15216e-19 0
1.46118e-07 1.21203e-07 0
-2.45052e-08 1.06437e-06 0
-1.27404e-14 -3.74975e-14 0
6.9538 22.6361 30.6496
-9.19331 20.8206 42.296
25.84 3.08963 17.7136
14.0239 0.0646377 13.4191
-36.2912 -11.4149 3.29897
8.53338e-14 7.07355e-14 0
3.09647e-12 -2.72003e-13 0
3.00109e-12 -1.56857e-11 0
22.9972 -4.88492 4.94318
-61.4141 57.5999 25.9376
-45.0293 -23.4809 -1.85881
-19.1563 -4.75563 1.18452
28.9429 49.1102 9.57231
6.2754e-10 -1.77235e-09 0
8.13542e-13 1.54023e-12 0
23.9297 -40.6516 30.8729
-13.2286 -13.5204 6.88078
-19.0848 -9.34572 10.9355
7.60106e-14 4.53187e-14 0
6.69229 31.1221 1.58967
45.4119 -47.5987 1.7853
4.92711e-10 -1.39156e-09 0
3.4541e-18 8.35589e-19 0
53.0425 35.8737 6.62108
-112.533 92.8952 119.562
2.46286e-16 -2.45908e-16 0
77.0582 -41.0752 40.958
1.14935e-10 1.93596e-10 0
-1.07022e-19 1.33498e-18 0
5.9778e-17 -1.01756e-16 0
-42.7213 39.2957 20.5735
2.41631 -14.0999 -1.38899
48.5523 35.7906 37.3391
0.555367 -12.0659 9.06802
1.05364e-17 2.1524e-17 0
26.9136 -1.11213 17.8805
26.1073 1.12521 -2.74151
-26.3139 41.7096 21.295
-2.38314e-07 -2.80749e-07 0
-15.7045 15.2394 24.5053
-36.3592 -38.9248 6.52564
-21.4693 -58.4164 7.05931
2.14521e-17 -3.73864e-17 0
22.0504 10.1807 10.3429
-3.12419e-09 -9.97154e-11 0
-2.76837 -12.8236 56.9469
2.63489e-11 2.13322e-11 0
25.1637 43.1282 0.355306
-7.63038 -38.4117 -1.82508
-36.8594 2.38584 -2.34822
15.7907 -3.65008 -1.27415
-2.77909e-15 -3.7928e-15 0
-27.6885 -10.6482 -4.92003
17.2803 7.5146 10.006
28.1106 68.0429 7.14072
8.59114e-13 7.12527e-13 0
-7.13425 -3.1361 24.5139
-1.84667e-18 1.54406e-18 0
-2.84963e-10 1.38586e-10 0
1.06036e-08 1.87557e-08 0
10.3769 7.505 20.2163
1.72345 1.48382 -4.79148
1.58035e-16 7.62883e-16 0
-9.15818 12.9336 41.6505
8.99892e-18 -9.15613e-18 0
1.41933e-12 1.17431e-12 0
-2.57074 31.8008 12.3254
5.24141e-16 -1.14154e-15 0
1.20441e-09 -1.45565e-09 0
-1.04625e-10 8.22277e-11 0
15.7895 -38.4939 -2.28904
17.6397 -34.2875 4.72075
1.3921e-18 5.10464e-19 0
3.26356e-19 -1.47937e-19 0
-1.32234e-18 -3.38912e-18 0
8.15709e-19 -1.68003e-18 0
13.2144 -12.4879 2.96682
-1.92439e-15 1.21978e-14 0
-9.58869e-09 -8.7955e-09 0
-1.60929e-18 -1.31911e-18 0
7.01484 49.2138 9.88458
0.818391 28.4078 26.3658
22.9993 -38.9877 0.950686
-9.17385 8.29491 13.5883
31.6855 25.7939 9.4589
3.847 36.3069 22.2986
38.2903 29.8829 6.968
44.1422 56.3316 16.0193
1.50416 24.0099 3.91643
2.69059e-13 2.36286e-13 0
-20.199 3.541 25.5632
-0.00058892 -1.46781e-08 0
-4.67056e-09 3.43987e-08 0
-1.1537e-06 8.24484e-06 0
-1.96627e-11 -2.95016e-11 0
-7.96961 -7.90371 0
-38.6241 4.16929 5.6032
-17.8192 -46.1991 5.36841
-2.11703e-07 2.62632e-07 0
-1.25439e-06 9.1623e-06 0
4.24911e-18 -3.17607e-18 0
-30.2216 77.8593 -1.26632
-12.6664 -18.076 17.1092
5.03636e-14 -8.70384e-15 0
39.3409 -28.0144 -5.10474
1.62416e-09 -1.08648e-09 0
-0.969348 0.681648 5.68633
-12.376 -14.7792 0
22.4244 50.769 19.8874
1.59618e-09 -4.51308e-09 0
26.9923 2.76489 34.8617
1.07351e-16 6.71397e-17 0
12.727 13.0869 45.415
-16.0414 12.1144 16.1397
-2.51237e-14 -9.83254e-15 0
10.3792 21.3084 -1.16112
52.5225 81.8981 -3.12716
-3.38442e-17 2.24691e-17 0
-6.81344e-17 -5.2231e-17 0
-23.8439 -12.9229 5.17276
-30.7276 -29.3919 -4.70823
9.64461e-08 8.00009e-08 0
27.4715 41.1449 -2.42959
-19.2521 3.50344 25.9368
-0.000383093 1.88824e-08 0
-1.27906e-12 -8.35055e-14 0
43.9569 28.4907 15.0075
1.09902e-17 -8.80007e-18 0
17.8759 17.7477 5.54846
-19.7731 4.54662 -3.2621
8.11975 40.1043 18.0239
1.97259e-18 1.70384e-17 0
-17.6338 -1.44709 -2.46571
-4.84561e-06 3.56875e-05 0
4.98162e-15 7.47019e-15 0
-6.29049 -15.7312 19.9376
54.2108 36.8031 12.9145
-16.5158 -13.2211 17.0946
7.66583 -3.92168 -4.64874
1.48871e-07 -4.14305e-08 0
5.6754e-14 1.04233e-13 0
14.3632 -19.7079 42.5333
12.296 -8.47279 11.3353
-10.7359 -6.45524 12.1918
-14.2606 -13.8519 17.1499
7.34975 -70.6677 12.5258
13.4241 -24.7417 3.65817
1.5978e-14 -4.79865e-15 0
0.118944 -0.966396 0
63.795 50.3303 34.374
-48.3001 -73.3459 38.5947
-0.00168322 0.0107774 0
3.17355e-17 -1.15759e-17 0
-3.16299 29.4812 17.4959
1.24527e-07 1.03294e-07 0
-40.2358 26.3976 36.156
-20.1276 -0.879744 26.8378
-0.000588908 5.35721e-08 0
5.20257 27.8026 36.0019
-36.7155 -0.46761 17.813
-1.69535 -17.4286 -6.48621
2.44153e-19 -9.29536e-18 0
-1.27886e-14 1.60868e-13 0
-7.17455 -13.6086 11.3127
-2.21733e-08 -1.19499e-08 0
-16.2352 -2.39561 16.4067
-3.41034e-10 2.59431e-09 0
-3.65782e-18 3.49844e-18 0
7.73387e-19 1.12577e-17 0
31.3682 18.4998 -5.92667
-7.14471 1.92304 10.8009
1.58355e-12 1.93071e-11 0
-6.66675e-15 -9.3645e-14 0
6.81532e-06 1.53205e-05 0
7.80492e-18 4.58894e-17 0
8.14775e-19 1.20717e-17 0
-17.669 -10.6072 17.9631
-0.00500229 -0.112062 0
-36.8736 -40.554 3.41295
-19.0477 -13.0239 14.3917
-8.18616 -29.4493 38.9759
31.7961 20.3796 8.01588
27.8726 -6.09401 31.3155
3.45075 84.8819 20.3292
48.9325 7.20899 12.0381
1.49563e-15 2.24205e-15 0
0.23064 22.1402 11.2913
12.903 37.5515 62.4269
1.87879e-19 -3.42125e-18 0
2.37121e-19 -2.91483e-20 0
-5.23729e-10 -4.04193e-09 0
1.30975e-14 -4.85031e-14 0
-1.88502 4.87333 -3.06367
7.08858e-19 -8.27087e-19 0
-3.27783e-05 -4.95981e-05 0
1.9724e-16 2.8228e-16 0
12.691 38.9381 31.6976
-0.677797 28.7501 -4.01247
8.39606 43.0353 43.129
-1.07063e-15 -4.13072e-15 0
2.08577e-05 -22.8734 42.4883
0.22876 -27.924 3.52187
-3.6456e-15 2.3804e-15 0
1.96945e-17 -1.04711e-15 0
-2.62711e-15 1.27018e-14 0
-8.90397 -52.6038 36.0613
-0.0105383 13.046 -3.41095
-1.25883 -9.81123 78.0301
-21.2759 -21.3845 60.0953
-8.1189 -3.21128 -1.94613
0.000211034 -0.000120548 20.1967
3.33948e-06 -1.46814e-05 41.5913
0.000178719 -0.000149413 21.0886
-5.92413 -2.28563 6.03957
10.2757 -10.4553 -1.26214
-4.92881 10.7124 1.63124
3.00429 2.56097 -1.31067
8.47248 5.57427 -4.23124
-5.05959e-14 3.97642e-14 0
-2.53922 30.334 26.2518
32.7919 -12.8697 65.6083
2.81041 -43.2527 6.2994
3.08778 25.8894 17.6891
-1.33659 30.2779 1.83145
-9.78518 0.0651639 -1.78727
0.464877 1.74124 -4.41021
4.623e-17 1.76011e-16 0
-9.69794 -13.0922 -2.70017
-1.22151 37.1098 -1.15165
16.2477 6.06368 30.4357
6.97999 14.7834 13.4684
-17.0015 -2.83609 46.5524
1.1179e-12 -3.73401e-13 0
3.55215 -19.1878 25.5954
-0.452387 -24.5444 -1.21325
-1.89848e-07 1.21732e-06 0
5.59888e-15 1.09083e-15 0
17.7149 1.04822 42.8351
-2.16727e-18 1.41892e-18 0
-7.74767 -14.5136 -0.611623
114.443 -14.1802 53.434
1.07935e-15 4.21515e-17 0
-2.2709e-19 -3.86533e-18 0
2.87571e-07 -9.48969e-08 20.2024
3.11016e-06 1.13112e-09 41.6104
1.99994e-05 -5.98478e-07 21.1053
8.16602 -9.31131 4.25164
10.2062 -4.98737 3.54182
6.49714 -1.92024 10.7645
1.43094 1.11838 5.32775
6.12623 6.04081 7.91221
-12.0286 -13.7746 3.87236
-3.87 -32.0132 -1.7
-17.5445 3.10581 32.8944
-1.2041e-13 7.9698e-13 0
3.35467 21.6946 20.4049
-1.55758 12.4482 19.3358
-3.66565 2.54518 4.32625
5.23818 15.8784 -0.571428
-0.113049 20.8409 -6.21924
9.66146e-15 1.62734e-14 0
47.5411 -19.7469 4.48069
7.25354e-17 5.68163e-16 0
-1.93469 -16.6769 -4.15131
56.4594 -32.619 27.5226
20.0101 26.9295 23.3036
3.50175 -19.3128 25.9179
1.94978 -2.9122 15.6416
-9.75635e-10 -1.09008e-07 0
-1.29123e-17 6.17291e-17 0
10.8584 26.0318 10.6875
-3.10761 0.164019 3.78224
-4.63044 -19.1145 12.5829
-0.181744 3.70748 14.3165
-4.64634 -10.691 2.30226
-15.8779 15.41 5.06454
7.31201e-05 -3.01568e-06 20.1967
3.90515e-05 7.59904e-06 41.5916
0.000189151 3.91983e-05 21.0886
2.58301e-09 5.87838e-09 0
-3.2935e-15 -1.04865e-14 0
1.82589e-13 -4.93579e-14 0
-9.61308 -8.79992 6.61225
20.9029 0.627596 21.2523
36.5225 -51.1931 26.0136
-1.71021 -29.862 18.2714
2.48245e-18 5.88681e-19 0
-6.73703 21.6429 13.9235
1.89117e-05 27.7725 40.2632
-0.226547 27.9259 3.51523
-3.31684e-17 -1.93054e-15 0
-3.74913e-14 -4.67541e-14 0
-21.168 -12.2813 -4.3911
6.06999e-09 -6.5274e-08 0
-1.77875e-18 2.08375e-18 0
11.4159 -0.289556 6.50971
-267.205 -113.801 132.33
-32.3381 -12.8954 23.4201
2.85445e-21 1.36978e-19 0
-1.58618e-18 2.72759e-18 0
4.74237e-18 3.56238e-17 0
9.71593e-17 5.12789e-17 0
-1.59097e-13 -2.31733e-13 0
-30.0104 -5.33301 1.03488
7.21079e-17 2.89844e-17 0
-10.7974 -27.5142 32.4362
-29.9494 -13.1931 -0.385038
1.50861e-11 -1.15735e-11 0
6.38747e-15 -6.46025e-16 0
6.1251e-08 5.0807e-08 0
-36.9238 -30.427 5.05355
-2.7077 23.2039 16.5986
5.75074e-14 -1.62298e-13 0
8.23844e-17 -1.85613e-16 0
2.58813e-13 -2.37631e-13 0
-0.00828751 18.2032 113.436
-7.43915 -18.5733 24.1674
-1.35008 24.0856 15.2802
3.07436e-17 -7.55174e-17 0
4.89701e-13 4.06093e-13 0
2.08748e-16 -2.06235e-16 0
3.70079e-18 -2.80594e-18 0
-4.35476e-18 1.1745e-17 0
-6.86021e-17 -6.714e-17 0
0.942177 -31.927 -1.95603
1.12746e-11 -5.8208e-13 0
3.33541e-20 -1.81354e-19 0
35.9099 -10.5618 25.1068
47.7827 -0.771808 14.9231
2.01337e-18 2.24583e-18 0
5.77437 4.70124 8.05532
7.84651 -31.0923 17.284
-32.2256 21.1177 19.2256
29.4033 -0.356885 2.40629
-15.1172 10.2882 11.8631
-3.1606e-05 2.11731e-06 0
-45.9212 46.1469 34.4306
2.14552e-17 -5.6263e-18 0
53.6199 14.6522 31.8655
-2.60949 4.19353 0
50.5664 -9.21761 -5.80329
4.89217 -3.38893 2.11778
1.97412e-13 2.17397e-13 0
25.1747 82.5031 3.04541
18.5191 -76.5307 2.30405
-24.4148 12.2553 44.8426
-2.57142e-06 1.87948e-05 0
-34.0081 -8.14243 -4.73513
-19.9861 20.301 0.191913
7.02142e-06 1.18268e-05 0
5.90825e-19 -6.36884e-19 0
-1.26065e-18 5.39829e-18 0
-5.95252e-05 -3.73135e-05 0
1.22704e-12 1.01878e-12 0
1.27984e-18 -7.24907e-19 0
-47.1707 36.4524 39.7587
-1.05941e-16 3.80859e-17 0
8.19817e-14 -2.12907e-14 0
-8.85602 1.12862 2.12556
-5.45773 16.2123 -1.85726
1.53887e-17 -1.93005e-17 0
-1.15941e-17 1.75306e-17 0
-34.44 10.1076 16.7188
6.31931e-19 -7.22543e-19 0
-1.73765e-16 2.55588e-16 0
-19.0577 19.0586 27.3531
24.9547 0.241465 6.39456
1.0244 -30.8162 17.9821
4.42094 -40.4638 3.00354
2.03569e-07 1.68858e-07 0
7.49716e-17 -1.45677e-15 0
9.77483e-13 -2.92162e-13 0
18.0923 1.36836 27.2606
27.0284 24.5042 23.2441
-64.6113 49.2859 32.6736
25.2593 13.2808 -4.48132
42.615 43.1032 44.6515
-58.7462 -11.7133 40.5678
-32.9344 26.1773 25.5708
1.39485e-18 -2.25776e-17 0
-11.714 -13.0271 23.4175
-51.2172 10.0323 5.58495
26.4338 48.7191 -3.05677
2.83755e-08 5.39929e-09 0
2.68394e-09 2.08354e-08 0
-44.6467 -33.1855 9.99259
2.52299e-11 4.62242e-12 0
-49.2012 40.0067 46.3775
-28.7092 21.0047 14.7921
146.263 -39.2776 60.1
8.74407e-14 1.51124e-13 0
-17.3984 -1.97935 -5.79233
7.1103 -70.1456 35.8296
-0.280742 -40.7893 36.0184
1.37189 -31.709 2.49895
-8.49965e-15 -2.83033e-13 0
1.28561e-12 3.88909e-12 0
1.00894e-13 6.6374e-14 0
-34.0408 -1.61208 26.081
29.2803 0.987231 -0.423716
35.0866 42.62 150.943
5.58155e-18 5.11553e-18 0
2.29733e-18 8.31183e-18 0
2.06312e-10 -5.97288e-10 0
1.36386e-12 -4.33243e-13 0
-0.134973 -13.1227 26.6124
-1.07744 -14.2386 19.7222
-1.07853 50.4635 32.2704
1.00915e-10 1.69981e-10 0
9.62907e-17 7.79247e-17 0
6.65572e-18 1.36243e-18 0
-21.8602 -11.4898 16.7425
3.50198e-11 -8.34263e-10 0
18.3093 20.988 15.9065
37.4532 11.2136 10.1254
1.32376e-16 1.39116e-15 0
-9.70703 25.2773 70.589
-3.44501 0.38026 3.93445
6.54514e-17 -1.38223e-16 0
3.24634e-08 -5.15626e-05 0
-1.57599e-12 1.44745e-12 0
-19.1944 16.9532 23.9164
8.78213e-08 7.28467e-08 0
-1.44919e-08 9.77595e-08 0
-6.61188 12.3051 1.82682
4.56832e-17 4.57475e-17 0
-19.8054 -22.8913 -2.20187
10.3024 39.5918 20.8165
-5.01301 -6.06131 4.59189
31.7583 32.8703 27.3474
4.64439e-16 3.60792e-16 0
1.86983e-08 -2.29117e-08 0
-1.42623e-15 -1.06121e-14 0
1.90714e-07 1.58195e-07 0
5.27522e-16 -4.04376e-16 0
0.000665568 0.00073 0
1.8369e-13 1.7001e-13 0
1.45385e-11 -3.57745e-11 0
2.15271e-12 1.78171e-12 0
-20.7542 -19.2752 13.3763
-21.0554 16.6269 -2.30857
-9.2595e-16 -1.62574e-15 0
-3.52768 15.4623 40.0239
-12.6376 40.5527 17.6014
-6.85617 15.5321 11.7959
5.50796 -6.18938 0
-5.84861e-10 2.61345e-09 0
86.9513 -49.479 32.095
1.32947e-11 1.10276e-11 0
31.1457 21.5376 4.01956
-3.4768 -45.8105 22.2434
-11.2766 17.5288 36.8829
42.8399 -0.0932871 1.82621
-21.2119 3.48497 25.4031
-0.00058867 -1.28722e-08 0
-15.3864 -25.4498 6.13529
-8.24411e-08 1.10825e-08 0
-9.68265e-07 6.9064e-06 0
1.36783e-18 7.43137e-19 0
-23.729 0.499378 0.332506
-39.8012 2.76929 18.6997
5.02896 9.05068 0.168792
40.6473 65.7019 33.452
-1.2902e-10 9.52387e-10 0
202.658 -121.304 25.5005
-7.48275e-12 -1.6778e-10 0
-3.71137e-20 -2.3641e-19 0
3.83002e-20 -1.45753e-19 0
9.11846e-16 3.34762e-16 0
-13.9446 -18.815 -0.589592
-100.206 70.657 124.481
1.60458e-07 1.33098e-07 0
9.24183e-16 -4.08606e-16 0
12.6622 -6.91246 0
-12.2881 8.35471 36.54
-36.2581 49.5616 73.5205
-15.2913 17.811 13.4109
7.65572e-11 1.47541e-09 0
47.9392 -24.0305 -1.50542
7.45862e-18 -2.08856e-17 0
29.5262 82.6051 -2.52367
2.03527e-17 3.33566e-17 0
-4.21466e-08 -9.44173e-07 0
13.1958 15.2771 9.58051
1.48298 4.88578 40.8835
43.2579 1.44956 -4.32945
-20.2415 3.4476 25.7819
-0.000588841 2.2977e-08 0
-5.07987e-06 -1.31675e-07 0
-23.8448 6.44656 -2.659
0.000114275 0.00125244 0
1.36321e-12 1.6033e-12 0
5.74432e-11 -1.30921e-12 0
8.43586e-15 3.28652e-15 0
-0.0122787 -0.0088369 0
-15.1945 -21.8519 30.6103
-4.18262 5.90124 22.2997
11.5045 -62.8038 32.1228
-5.52527 -22.0851 16.4678
-4.50846e-12 4.14074e-12 0
-7.98097 -9.965 11.5066
-9.93314 -22.1996 12.5689
1.12034e-14 1.18969e-14 0
61.1271 10.4676 -0.660285
38.0734 7.51167 -2.57218
-25.1571 -20.9739 35.3776
-123.334 -5.78905 74.5596
2.04101e-10 -5.76599e-10 0
-14.8611 -14.8854 46.1481
12.6706 -4.61295 9.49728
19.7541 52.7196 37.8964
31.3709 -18.1894 -0.835471
7.42233e-15 2.27334e-14 0
5.32167 -2.85797 1.95139
2.38911e-15 1.38956e-16 0
1.81724e-16 -6.27214e-17 0
14.6824 -61.1298 8.83983
-2.50737e-17 -2.62403e-17 0
1.07935e-10 7.93444e-12 0
-21.1878 -0.872763 26.6615
-0.000588641 4.79912e-08 0
-10.7493 -23.9786 5.46687
-39.0372 5.97205 2.06318
-36.3806 -53.0302 13.7199
-20.4307 -13.9734 15.0496
-3.49491 3.88239 28.869
1.38834e-14 -3.47384e-15 0
-19.3326 -8.45969 -1.46616
47.2746 48.78 56.031
-3.04554e-06 2.24372e-05 0
-0.000113179 -2.18222e-05 0
-52.772 20.4806 21.1224
0.000849823 0.00186046 0
6.13464e-15 3.57659e-14 0
1.15141e-18 1.01025e-18 0
-3.67104e-18 -4.86848e-19 0
7.20946e-08 5.98017e-08 0
3.1376e-15 1.09052e-15 0
-23.3368 3.46842 4.47094
-5.44522 -11.7075 -2.41599
-71.4634 42.8593 15.4298
-38.7892 -39.882 0.506918
-1.56717e-18 -1.57642e-18 0
1.24321e-11 1.03123e-11 0
-1.94556e-10 1.03645e-08 0
11.9004 35.0768 1.4272
-10.638 25.0651 52.7404
2.34251e-08 1.94309e-08 0
2.4209e-09 3.64539e-09 0
-1.08919e-13 1.14623e-12 0
-29.7196 -3.98119 13.0301
7.38939e-20 -4.04929e-19 0
2.48583e-09 2.06197e-09 0
-8.46075e-10 -6.22889e-09 0
-1.77139e-08 -3.96828e-07 0
-37.4198 -13.6575 30.8454
-3.74252e-12 -1.0204e-10 0
1.9741 -12.7951 9.34095
1.02981e-16 5.2741e-17 0
-5.98928e-19 -3.06709e-18 0
-0.122604 -3.029 4.32069
0.00079273 0.00645614 0
-6.44884e-14 -4.10547e-11 0
0.000191324 -27.6333 39.2927
0.000324845 -27.8909 2.86061
3.24163e-15 4.84849e-15 0
2.77751e-17 -3.80547e-17 0
2.31894e-18 -2.10009e-18 0
-1.11664e-13 -9.50484e-14 0
2.78501e-12 -2.12046e-12 0
-2.98074 -22.5039 6.79603
3.30986e-16 -4.98279e-16 0
1.06314e-10 -2.95868e-11 0
4.88245e-05 -2.78402e-05 20.1958
3.94843e-05 -2.08111e-05 41.4887
0.000111864 -4.43199e-05 20.9988
-21.718 -2.33922 7.34913
-0.000571084 -7.0709e-05 0
-18.8016 8.5149 22.8789
1.89213e-14 1.7374e-15 0
-7.09914e-06 1.44594e-05 0
5.0859e-18 2.15943e-18 0
-3.37024 10.2535 12.8215
9.27635e-15 7.30253e-14 0
-4.50749e-16 3.49768e-15 0
-1.03407 30.6486 16.3043
3.17771e-08 0.000588094 0
3.96735e-14 5.48318e-14 0
51.4665 1.54877 7.37457
-6.5498 -5.55026 11.9839
-4.36303 6.1548 0.511018
-1.66133e-15 -2.68569e-16 0
-14.0955 27.9066 10.8498
-2.99689 -8.39465 0.758532
-0.0039899 -0.0509494 0
5.73907e-15 8.60545e-15 0
-0.787075 -24.3543 25.6129
-0.394033 -23.5074 0.367693
-8.63476 5.06393 -2.23694
-1.85685 -36.037 16.0505
-7.35842 15.3452 1.16602
7.17352e-09 -8.66988e-09 0
-11.3229 6.74898 6.82558
1.48305e-17 -1.28772e-17 0
1.48534e-13 -4.19496e-13 0
3.52426e-18 -5.25128e-18 0
2.5288e-05 -2.53908e-07 20.1972
3.66746e-05 -2.85328e-09 41.5113
0.000156065 -4.00703e-07 21.0185
2.9492 -9.89705 19.545
-1.36067e-13 -1.15711e-13 0
-10.4508 -4.89705 6.87839
-47.5899 12.4057 32.7966
-13.1964 -2.23325 33.4122
43.799 -33.5087 19.3346
8.64479 -7.9077 29.8813
2.04675 -2.35808 11.208
2.11044e-19 -1.81448e-19 0
-1.49602 15.9858 25.568
-1.51205 12.6697 18.7624
-5.63437e-08 3.69809e-07 0
-20.0971 1.14296 18.2489
-1.99301e-16 -1.41481e-15 0
-9.27751e-10 9.21205e-10 0
-16.1773 30.0764 15.7985
-6.75373e-15 -1.96349e-14 0
4.07636e-12 3.9097e-11 0
1.1747e-09 1.98085e-09 0
1.92389e-10 3.54066e-09 0
-0.79377 -24.4761 25.9945
0.265075 -3.5662 15.9658
-17.1963 -12.9551 6.11192
2.48201e-17 2.48848e-17 0
-31.1937 10.1007 3.03584
3.60447e-11 6.60388e-12 0
-7.6049e-17 -3.71926e-16 0
-3.67923e-17 -4.98338e-17 0
5.31324 -42.8915 4.28247
1.34906e-11 3.70418e-11 0
0.000238774 -2.17499e-06 20.1961
7.52382e-05 1.37026e-05 41.489
0.000380532 4.17431e-05 20.9992
-3.29402 4.3467 16.5255
7.47142e-14 -8.38089e-13 0
-12.1451 -10.8539 14.0848
2.98342e-13 5.03108e-13 0
-12.1916 7.77766 6.12651
-4.17137 4.61393 -6.08267
-2.64001 -15.0554 15.1148
1.96754e-10 3.31411e-10 0
-2.93807e-12 1.89842e-11 0
0.000190983 32.0822 36.6268
-0.231963 27.6796 3.92251
-5.8958e-10 -5.61043e-10 0
-5.70763 -13.5106 0.0540696
-1.00163e-17 -3.35049e-18 0
-1.99632e-15 -3.03987e-15 0
20.6192 11.8975 -5.0672
-7.0119 -29.5923 9.40227
-16.7287 9.16036 11.8891
-2.84871e-07 2.0986e-06 0
7.25772e-20 2.25294e-19 0
12.2236 53.9182 39.6359
-6.76176e-18 1.35959e-16 0
-23.0821 42.0405 -1.51207
-24.6788 1.30264 25.6634
2.24709e-13 3.78787e-13 0
-6.51436e-12 -1.59443e-12 0
60.086 -16.1919 -0.815678
4.22502 -51.7108 17.4652
-1.50422 -0.88381 11.8588
4.18086e-09 -1.16353e-09 0
-5.09767e-11 3.75742e-10 0
-63.2732 15.1566 6.53563
24.4173 23.1626 6.56414
3.77061e-20 -1.18809e-19 0
-12.3834 6.51849 11.8092
1.34321e-14 -9.92538e-15 0
4.61811 -45.8613 1.38179
-2.45164e-15 -6.48211e-15 0
-3.62081e-15 -1.0527e-14 0
-1.25269e-14 -3.69368e-14 0
-3.00412e-12 -1.23276e-10 0
6.76042e-14 -1.1724e-14 0
36.7345 -31.8437 54.7534
-0.100371 0.739523 0
1.17234e-17 3.83413e-17 0
9.88913e-18 -1.18721e-17 0
24.7314 -30.6576 15.5346
-6.00581 -8.35156 43.1816
5.64047 -15.8459 7.04718
53.6579 24.3335 7.84624
5.49338e-09 1.1203e-08 0
-18.1429 -37.4135 2.85612
33.7856 7.28764 7.0694
32.0986 -1.0521e-05 36.6144
28.0786 0.000269369 4.79043
-2.42721e-10 2.76056e-11 0
0.284645 -0.62257 20.477
33.9547 16.5993 11.9919
36.3665 21.5968 -4.9924
-4.48799 -8.82617 24.4177
7.26965 2.87906 4.92121
-4.23793e-06 3.10727e-05 0
-23.2677 17.1476 3.12267
3.69118e-12 3.07288e-12 0
1.6484e-20 2.70663e-20 0
-38.3506 46.4776 4.24077
-35.9442 27.31 4.2353
1.96876e-09 -4.16642e-10 0
-31.8457 -3.46613 1.74188
-27.5173 16.0168 13.9332
10.8046 -56.5163 4.83564
-10.9748 -10.4679 13.8184
5.42793e-08 -1.51058e-08 0
-9.44981e-07 -6.79977e-07 0
15.2421 -27.3208 19.5781
2.01863e-17 -2.21739e-17 0
-52.8851 81.6325 22.9693
-7.31275e-05 0.000347288 0
-2.29298e-07 8.18136e-08 0
4.0388e-18 -9.26522e-19 0
39.1001 -38.5934 6.45366
-18.1441 7.91576 2.46234
-2.80027e-09 6.67002e-09 0
1.3275e-08 2.71664e-08 0
2.25091e-13 1.27219e-13 0
6.22097e-19 -2.11975e-17 0
32.0724 2.107e-06 36.639
28.0851 0.00216184 4.77201
-5.46443e-14 -1.84636e-15 0
-7.36079e-15 -1.11045e-14 0
6.39159e-19 -1.18582e-18 0
-10.4795 -1.3312 15.9513
35.1875 -14.3619 42.6672
-12.7454 -10.3523 5.60591
1.28505e-16 2.06312e-16 0
-26.8071 34.1258 40.7407
-20.0626 -2.24918 16.8139
1.01876e-17 1.34521e-17 0
-28.2314 53.3815 -4.46445
-37.3352 -24.675 -0.825811
2.42495e-17 1.49909e-17 0
7.61206e-13 6.31199e-13 0
-27.9802 -13.4738 8.3504
-14.1682 -11.0192 23.0634
1.36137 27.6459 -2.83548
-45.395 7.30001 53.3403
-29.8658 9.80159 20.3924
1.07267e-10 1.77496e-10 0
2.835e-14 -8.00315e-14 0
-1.66395e-16 -2.72084e-16 0
-31.9662 6.52461 7.07714
-2.14022e-14 2.86975e-16 0
1.07926e-07 8.95231e-08 0
-1.51565e-13 -6.23234e-13 0
-20.884 -40.453 6.64721
25.606 35.3867 -6.03613
-10.7069 -16.8037 -0.108661
41.038 29.3277 10.0616
-11.5327 4.99312 0
32.0986 1.2316e-05 36.6144
28.0847 0.0040769 4.76688
-3.68083e-10 -6.10085e-11 0
5.89477 -36.7496 17.4986
21.2006 -36.145 -3.28907
-1.14074e-12 2.3133e-12 0
-2.44356e-16 -1.42586e-15 0
-3.57532e-13 2.30032e-12 0
-5.50917e-13 8.88182e-13 0
-6.09557e-15 5.0016e-15 0
5.79902e-10 9.76785e-10 0
-4.93183e-18 7.11196e-18 0
3.4161e-18 4.1776e-18 0
28.358 32.8514 12.0569
1.24869e-14 1.18934e-14 0
1.15748e-15 -1.7764e-16 0
1.39153e-19 -3.32131e-20 0
9.24953 7.68983 30.6255
2.93786 20.4764 5.65968
59.2028 7.64158 5.03139
-7.24828 4.84421 5.21202
4.6924e-12 3.89218e-12 0
1.80294e-15 2.90734e-15 0
25.0142 -22.5178 6.68872
-11.3453 -26.2577 12.6542
-1.85446e-19 1.70333e-17 0
-4.76879 -10.005 -0.899234
3.20608e-12 2.65931e-12 0
-1.27065e-16 -1.83762e-16 0
2.68376e-15 -2.68019e-16 0
1.89893e-13 3.20116e-13 0
2.90343e-17 -3.44198e-17 0
