# vtk DataFile Version 3.0
water particles
ASCII
DATASET POLYDATA
POINTS 2541 float
-2.03058 -1.07991 0
2.04732 -2.80668 0
-90.1937 79.8513 0
0.504888 1.49034 0
-17.5786 -4.40805 0
-33.4274 -108.254 102.596
41.7235 38.5579 0
152.923 -138.208 0
5.15466 -58.5385 0
11.9687 2.59645 16.6515
-12.7866 -23.5428 0
-3.04084 -121.236 0
-55.1224 -128.116 167.355
-0.248751 -2.30689 0
19.5803 8.83124 0
-6.49168 -6.22638 0
16.8203 23.3791 0
-5.33225 18.0735 0
-164.333 -196.124 220.933
113.449 -65.4137 183.479
3.21839 -1.12818 0
66.7012 -32.3055 0
3.71343 88.8093 0
-123.137 -0.300037 126.793
-94.2245 -0.313372 0
17.1531 28.1192 0
0.212703 1.22659 0
-86.4604 -43.8999 0
-116.722 -64.2335 0
-172.807 145.106 203.795
0.834053 119.27 53.2846
-221.654 99.9516 63.9365
-65.5991 -51.088 0
-0.195664 1.49647 0
-2.58826 -4.2261 0
8.22046 -70.2883 0
105.212 18.4283 23.4779
43.4653 58.8907 23.2049
31.3583 -2.4673 0
1.86033 25.5184 0
18.8088 6.48051 0
-0.468553 1.58001 0
79.7618 179.505 365.355
-2.56312 0.909979 0
-202.974 -18.708 0
-4.37057 1.80064 0
4.42663 4.68923 0
-3.58855 -7.01801 0
-5.23337 -6.57562 0
-18.4025 -28.3886 0
-7.04204 -1.11562 0
77.9819 12.1921 16.203
168.355 -73.1682 0
-97.0462 -85.5844 0
-2.48184 -3.84299 0
-2.3849 0.92505 0
-123.007 1.89424e-05 126.891
-94.2271 -0.00672127 0
-14.7739 -28.039 0
-35.0967 29.7755 0
12.5427 -5.06107 0
7.05538 -1.87128 0
14.7617 -34.9008 0
29.2067 -57.7519 0
112.724 -74.4156 150.509
2.86651 2.54439 12.1776
-48.392 20.2465 0
-1.3927 -5.96343 0
-2.54232 -1.53324 0
-3.13393 6.97838 0
0.801377 19.6293 0
116.134 133.196 20.3221
-10.3038 3.87986 0
8.86139 50.6358 0
69.3068 5.62239 0
-213.887 -14.1039 0
9.44396 -35.4516 0
0.393883 1.7884 0
-57.6186 375.761 38.2198
0.502913 1.90864 0
40.4203 8.37878 0
-33.8097 21.9824 0
2.25956 -5.1136 0
-3.70548 -8.58064 0
0.111063 1.2987 0
-0.205605 -3.3131 0
51.606 -226.726 0
-2.56101 2.37464 0
-0.689761 -1.98985 0
-123.137 0.300053 126.793
-94.2064 0.299676 0
-52.86 17.3409 0
-273.681 59.1746 0
-1.70981 2.65476 0
39.1002 -49.7401 0
30.9445 -1.01344 0
22.3577 26.0072 0
-120.511 -17.8035 24.6337
32.2072 56.2637 0
-0.561205 3.65332 0
-35.8234 183.774 144.05
-2.65862 -0.58079 0
40.7656 -32.0601 0
-8.02697 7.14273 0
53.5424 -86.6111 0
6.3673 -6.61419 0
-33.7454 94.2118 0
132.035 -0.832701 241.489
72.7274 11.7603 0
66.4049 53.0053 105.246
-2.32708 0.395731 0
3.24127 4.73973 0
-87.4155 -81.5223 0
-2.3459 0.576754 0
-26.329 59.1773 0
96.6776 -149.568 0
33.5681 -28.6532 0
4.05899 -30.7457 0
56.9 284.255 195.639
0.0818673 -3.11213 0
-1.42641 3.61873 0
-0.711523 -4.35616 0
-1.01902 -1.81484 0
-0.988673 -17.7738 0
-2.1592 -4.58467 0
116.685 -50.4502 154.718
-0.983685 -1.27308 0
6.87411 -30.3389 31.5397
5.29206 12.6779 0
-2.9711 -0.0855074 0
25.9049 75.9379 0
-2.30247 -2.83817 0
0.25536 2.75369 0
-0.90114 -122.456 126.838
-0.172047 -87.8069 0
-25.241 -40.4681 18.9664
68.6704 71.0017 22.6235
9.03373 -12.4124 0
-17.8341 63.746 0
97.2736 -142.35 26.893
-69.5203 6.1059 0
18.9848 -250.883 82.2278
93.2636 -25.4954 19.8707
-0.900045 -0.300345 43.6035
-0.900174 -0.300092 137.236
-0.900747 -0.300546 46.8002
46.3681 23.6325 0
9.09698 1.13498 0
50.6669 49.518 64.6869
-18.318 11.028 0
159.567 149.689 185.392
1.6541 1.74894 0
38.2881 118.888 228.478
0.275179 1.34701 0
-113.218 71.8139 0
11.4678 133.991 24.4924
-0.900965 24.6826 0
31.4581 2.30837 0
-3.73194 0.411237 0
100.206 -42.706 31.2483
0.510997 -1.65549 0
3.27793 5.15332 0
-39.2782 -88.5414 0
-118.658 155.56 14.8128
71.53 -91.4427 77.3319
88.777 -120.216 118.686
13.4608 -107.401 62.0077
-1.76864 -53.1532 0
6.97175 11.9859 0
-662.328 -219.526 221.994
10.8773 1.40794 0
12.0337 -99.5167 0
14.3168 -35.0923 0
2.25904 4.61966 0
-4.8217 -1.43727 0
-1.491 -117.629 44.2562
-0.900023 5.17122e-05 43.6088
-0.900162 1.17236e-12 137.335
-0.903189 0.000497664 46.8867
-2.87098 0.0650593 0
13.683 -17.5619 0
27.2892 2.48437 12.5909
22.3417 7.90479 20.0086
38.9775 11.4811 263.013
-4.22124 -19.1408 0
72.7809 12.223 58.6618
90.5544 2.15751 83.0391
8.87552 -61.375 0
26.3595 59.7358 64.9222
-0.902928 61.4121 36.0538
-4.8499 -16.3063 0
11.2783 15.211 0
-57.3651 41.685 0
17.7179 125.482 0
-2.00942 2.2764 0
-1.74759 1.68249 0
-2.24822 0.608149 0
-8.39953 -42.8863 0
-8.89523 123.084 0
13.3536 -107.44 62.937
5.93972 -15.4569 20.8753
45.5187 118.827 0
2.50887 -18.9785 0
103.615 22.0508 148.343
-87.0711 -58.9875 150.662
46.0514 -71.6058 0
0.960325 3.46219 0
89.4052 206.56 56.0813
-0.467011 0.160318 0
-0.900143 0.300173 43.604
-0.900174 0.300092 137.236
-0.905073 0.300524 46.8015
-36.6418 -86.5887 85.0764
7.15668 8.53426 0
38.4227 -82.6542 40.0468
0.171358 0.4501 0
32.7037 -87.0095 0
23.8275 -15.6574 0
36.2742 -37.2861 0
-1.21109 -3.06564 0
-1.72938 1.9301 0
-0.900831 142.073 115.081
-0.900675 82.696 0
17.7864 20.3824 0
-8.31894 -31.1594 0
48.0132 117.728 39.1011
-4.17509 -13.9382 0
59.7908 93.0664 70.5847
54.298 77.6606 0
6.69964 1.18642 0
191.428 246.817 68.9459
-0.90373 3.41546 0
-58.4087 -357.981 325.237
-2.00433 3.04032 0
73.3322 -135.32 90.5399
75.9222 -43.5082 133.887
0.828487 2.07942 0
237.596 -19.4433 176.384
240.36 83.7347 81.233
2.05109 -3.12952 0
1.4124 -24.8661 0
0.135999 2.14556 0
-40.3617 -77.6413 0
-0.991791 -10.0404 0
-249.787 149.08 0
-1.24292 -1.22018 0
87.2435 60.6521 0
-2.72419 -1.15633 0
-28.828 -16.3282 0
-216.715 -5.36964 4.39406
23.2918 -9.35754 0
-0.551507 -3.38503 0
3.52589 7.19752 0
-30.6873 47.0575 0
-0.578661 -1.35875 0
0.949687 10.0985 0
-7.72822 7.12443 0
25.409 92.9646 0
13.379 2.99065 0
-17.573 -29.7173 0
2.96879 42.9488 0
28.5225 -32.9705 9.21299
2.99428 -1.59677 0
-75.6694 4.9681 0
-95.0215 -10.6586 89.3811
121.391 13.3415 29.2925
24.1091 -0.300963 0
46.1254 -193.107 161.163
-10.4683 -6.93945 0
32.5627 -86.7246 163.921
-113.505 -67.0278 316.536
-77.6886 83.4912 0
14.5691 9.91515 0
82.8072 17.364 0
88.2292 140.601 114.113
19.8915 -21.7445 0
-161.079 -769.898 286.421
6.68438 -13.2648 0
-5.62037 -3.20831 0
-2.26085 -0.95335 0
-1.39759 -1.62224 0
84.2252 143.973 51.4574
-1.87911 -2.11661 0
-2.26996 -1.59168 0
-23.2763 -4.17385 92.9085
-2.15169 3.02499 0
114.935 -113.514 13.2751
184.653 -243.012 102.177
59.6988 77.1386 19.6125
-23.8246 18.3672 0
1.75164 1.95343 0
50.8712 95.0709 0
142.488 46.731 0
-2.47278 0.455094 0
93.353 134.309 161.011
1.27909 -5.85696 0
65.5333 16.4461 0
-150.706 10.7433 0
117.118 13.3449 30.2899
24.1185 -0.00021782 0
80.7116 92.5474 13.006
5.90766 0.860993 0
-115.05 -27.948 0
0.190896 -1.63822 0
1.16217 -1.55767 0
5.05473 -6.064 0
-109.091 72.8056 3.76116
-27.8856 -0.522 10.0337
1.23632 1.75239 0
323.212 107.48 48.9494
-352.243 -67.137 116.312
0.920958 29.3455 42.1735
1.15575 2.8202 0
-42.4352 -69.9098 13.3848
1.2538 4.84741 0
5.05081 -3.1621 0
22.4663 20.3149 0
-133.522 -137.962 0
2.64461 -1.14865 0
32.2138 -8.01641 45.4479
-10.8887 593.809 7.5314
7.11887 -7.28538 0
-3.17576 -1.63094 0
-2.13625 3.71269 0
55.7896 -79.0895 22.4163
177.568 -222.035 81.2776
-2.2999 0.646195 0
72.9802 -86.0796 218.665
-2.97765 -101.835 0
-119.705 53.7268 92.8987
-126.647 4.99067 0
122.097 -4.58253 30.8395
24.1084 0.301078 0
375.193 -766.347 983.591
117.179 110.607 331.42
35.1666 95.0597 47.2692
11.1021 -74.9963 0
2.38343 -0.845737 0
1.4151 -5.49137 0
-8.08386 -2.43346 0
138.872 -25.8971 39.5701
0.871905 1.68401 0
0.151578 -1.80301 0
-3.6218 7.88917 0
259.276 374.799 0
99.0684 -59.5814 0
0.297979 1.373 0
-409.465 43.5245 134.582
2.3983 0.467917 0
-12.9759 4.85882 0
21.8208 -128.889 0
8.41343 -2.65447 0
1.48272 -2.20511 0
42.2949 70.2361 0
-26.6019 -87.042 54.6074
-2.13984 0.0648037 0
-3.73082 -8.93364 0
-21.5065 13.0019 0
-141.521 32.1116 0
20.8925 6.88243 0
0.739581 2.74607 0
-57.7649 148.747 0
28.616 3.38726 0
-0.883178 2.56254 0
-26.2777 15.7083 0
119.977 -10.8699 15.6587
1.62563 1.49756 0
-2.3554 0.37246 0
-2.9517 -2.88338 0
1.71789 1.42584 0
-1.06309 -1.75321 0
4.57531 4.17976 0
-6.1816 -6.36921 0
135.546 186.797 141.979
-0.504214 -2.08803 0
-11.4594 -9.27546 0
110.298 183.525 54.6448
0.686835 120.974 69.7729
-28.5424 4.90579 0
-78.112 -53.3764 0
-8.85484 -4.87627 0
82.3549 21.5297 12.7102
37.8905 12.8516 81.0516
25.8936 -9.83314 0
3.66259 2.46711 0
7.67305 -0.493519 0
-13.2234 30.7492 100.162
-67.2744 -2.52306 0
10.1249 7.7509 0
-2.33074 0.817958 0
-50.2938 10.3671 0
-187.211 103.303 7.80663
71.619 70.2701 16.8348
23.5322 -16.4509 0
-13.0145 -96.4638 0
26.2184 17.3055 0
-0.15607 -1.87982 0
-18.8402 24.5574 0
102.704 -29.7777 27.922
0.0574523 -1.99114 0
1.31452 1.2683 0
478.481 -154.03 53.7451
-2.89926 -7.76886 0
-2.24809 0.162787 0
-3.27907 -0.148738 0
-3.85682 -21.5041 0
-18.1534 28.1815 113.238
-2.21195 -0.381172 0
37.8207 22.5026 140.088
118.147 -38.9973 0
-11.9039 -49.7442 0
-0.753828 2.8663 0
-66.5513 -5.22903 0
-2.59437 -0.406196 0
6.60555 1.43456 0
16.9615 -128.008 72.7276
72.2616 -146.192 84.2294
19.4298 -6.02261 0
153.084 43.5903 0
-53.3541 23.4487 84.8382
-97.3243 -1.02592 0
3.99876 -6.41804 0
14.4111 -19.942 0
-19.6141 1.69377 0
-5.46865 0.418206 0
-67.6957 -105.3 0
-136.267 88.8728 0
-228.228 69.3321 48.5827
-1.81708 3.49118 0
-0.209259 1.68138 0
-3.49241 6.28328 0
1.45077 -4.46206 0
355.907 19.0962 719.068
-2.42776 1.12667 0
370.654 -229.124 63.7152
-8.00294 15.5356 0
-241.867 59.8087 0
50.0801 53.902 112.326
-570.846 410.779 221.593
-2.73742 1.09259 0
-18.347 13.2689 0
26.113 -303.168 34.3461
114.025 11.6062 29.2418
-19.5526 -54.389 0
-11.074 -4.36854 0
-2.80608 3.50492 0
-1.10935 -4.48713 0
2.64523 16.351 0
3.18489 0.296327 0
63.8346 -11.148 41.0992
-1.03033 -1.47298 0
-0.311759 1.36204 0
-28.5174 -6.37169 100.596
-84.7666 1.30593 0
-0.14283 -1.63033 0
110.131 -52.8772 81.3973
106.294 -124.29 0
-31.2955 33.8557 0
6.61889 3.10087 0
9.72293 -38.4366 0
-3.8527 5.7982 0
-2.27171 0.522314 0
-1.57471 1.70351 0
-12.2178 11.5259 0
-183.786 283.516 0
-29.5901 -49.7764 0
-4.85608 -56.2776 0
26.5094 68.4513 0
5.80512 7.56096 0
-2.2165 -5.73524 0
131.167 201.422 167.079
-79.4658 -24.4965 137.491
-34.1832 -15.7561 0
-0.209173 -1.58381 0
-0.0542084 1.71891 0
165.144 -44.3408 0
-0.764841 2.33769 0
-3.87852 27.2268 0
22.1846 61.2999 0
45.2524 -74.8976 27.4376
-2.04384 1.51115 0
11.319 -70.1661 0
-7.42364 3.58346 0
-16.6778 184.825 0
-0.633324 -4.34431 0
-0.20207 -3.13092 0
-3.28076 -18.3561 0
0.209302 -4.10105 0
-0.947773 10.0922 0
48.0695 60.7856 0
314.327 37.0523 148.692
13.8247 60.3689 0
4.53581 -14.9106 5.56319
-0.124888 2.40961 0
26.4839 -1.67687 0
-7.09944 -9.15355 0
-0.600036 -101.465 140.926
0.0932499 -86.3204 0
15.9914 -4.92624 0
4.20573 -0.114665 0
-1.73111 3.52044 0
85.729 -189.395 209.654
-193.355 -84.4792 106.905
-14.4709 33.8894 46.9989
-0.598951 -1.73841 0
-0.734491 4.25853 0
-0.600056 -0.300446 43.6071
-0.600015 -0.300065 137.688
-0.600161 -0.300691 47.1956
-2.00184 -1.67007 0
-26.9235 -30.0707 0
3.55892 6.18948 0
8.85899 3.25329 0
-37.354 72.8583 96.1589
4.7933 2.49829 0
16.0364 -20.109 0
2.13498 -0.802993 0
10.1861 -153.63 0
12.9959 114.164 31.5744
-0.600493 24.4859 0
3.18258 16.9976 0
4.53314 5.24301 0
-3.7275 14.7128 0
0.873653 -5.58812 0
-2.30432 112.724 0
85.7762 -6.6662 14.6001
19.0211 16.3723 0
-0.160348 -1.54057 0
36.3055 88.4015 32.0582
15.0527 -84.9111 66.4366
-1.58657 -54.0189 0
-6.91188 16.8671 0
19.606 54.1947 0
0.778441 -7.20476 0
-42.2226 48.7181 31.9082
-31.2894 18.0898 0
115.475 -194.755 34.0275
102.735 -196.671 46.5561
-0.70466 1.36061 0
-0.599749 7.24588e-05 43.6331
-0.600014 5.47343e-09 137.773
-0.600361 4.95335e-05 47.2704
54.2365 -58.9399 41.5945
-17.2114 -7.55194 0
113.354 47.6867 14.4036
20.5649 10.7137 0
12.8373 -10.8865 6.52524
21.4019 30.6482 64.7688
95.4771 40.255 205.02
27.5202 2.69384 2.95967
-0.461608 -0.153551 0
14.1789 95.9672 43.5502
-7.63901 55.1349 38.7545
42.1882 -51.6557 34.4435
-0.0476083 3.72567 0
0.899133 15.498 0
-0.370889 3.9512 0
19.4191 19.7386 0
-1.38607 -1.42112 0
3.8879 37.6875 0
9.97046 3.42763 0
1.55694 63.6254 0
14.8251 -85.1628 67.8597
7.21833 -14.4028 22.7941
1.35096 -8.8564 0
19.9674 61.023 4.65993
-2.78406 -1.35442 0
8.4102 -22.6033 0
-1.2031 2.25642 0
38.7705 284.356 312.259
7.2868 -63.5579 0
-0.864138 -1.70093 0
-0.599872 0.300122 43.6082
-0.600015 0.300065 137.688
-0.601591 0.300341 47.1967
-60.4863 0.940632 0
10.3701 -18.46 0
-1.02118 -2.26029 0
13.4266 -52.7629 85.1219
29.1899 -41.3576 0
-11.2158 -36.2807 0
-18.2026 -35.4405 0
-87.7453 -70.1227 29.0931
-3.55562 0.42146 0
-0.600054 123.068 131.114
-1.29936 86.3125 0
-0.677343 -2.9746 0
-10.8458 3.35297 0
27.5073 -10.125 4.9074
-112.511 169.311 185.596
-1.70617 -5.80916 0
-22.6825 -8.7665 0
-0.185572 -16.8357 0
11.0307 141.102 4.10179
-0.598573 3.41467 0
-7.32857 -2.56467 0
97.1211 -0.708796 15.0614
-35.7093 89.8934 0
6.47178 6.93705 0
-80.8053 -143.798 1.41056
-1.42983 3.04653 0
-6.31839 -44.733 190.782
-58.7789 -51.8043 0
8.32178 -20.6992 0
-2.54355 0.589026 0
-55.1229 12.859 0
-1.62151 -2.58578 0
-1.16983 -1.65484 0
0.237639 -2.21412 0
3.33461 -2.76923 0
0.935843 -2.27271 0
-43.0958 -23.3698 0
36.3667 -99.1017 42.1299
148.242 164.512 0
1.6355 -2.2855 0
-65.5391 -158.794 153.97
2.21882 -2.85057 0
11.1294 -9.15593 0
0.507974 6.90019 0
1.41138 -4.38943 0
16.1068 -31.399 0
1.83138 -2.06106 0
2.38192 -0.170209 0
68.5036 13.1752 0
19.6332 -6.61621 0
55.8035 123.429 0
-0.780043 1.64128 0
-62.5783 9.70942 0
117.818 13.6174 30.689
24.4212 -0.301887 0
4.12326 -4.74305 0
2.42847 -2.86379 0
98.1421 -11.7969 0
-45.18 -12.9696 0
59.6175 -38.7381 0
49.0818 -53.2524 0
-2.75887 1.46022 0
-1.64338 -2.83761 0
61.1819 9.09622 0
0.790033 3.59429 0
-1.65535 -4.14712 0
45.2962 221.475 248.847
-2.24819 -3.57701 0
-208.968 24.5968 6.07711
-269.643 172.971 162.586
-0.432106 -0.168821 0
-2.28405 -0.0522338 0
-2.95667 -1.31426 0
3.31003 8.28374 0
-4.50731 -7.5056 0
232.033 -10.0732 0
58.7975 79.4389 19.2306
-6.90196 0.552807 0
-4.98003 -3.08351 0
-155.744 39.2664 82.2803
-25.7319 142.317 93.8426
36.6711 34.6395 0
-0.284392 -9.78363 0
-0.228544 -1.3453 0
48.6292 -40.5063 36.8834
-2.64321 3.44217 0
113.635 13.6253 31.679
24.1795 7.08297e-06 0
20.8266 -13.4595 0
40.7466 118.164 11.6975
83.7339 335.424 264.048
33.2293 -24.2717 16.348
91.1259 -4.53721 0
30.3052 -17.6079 0
-14.6733 -129.34 0
9.32962 38.9509 0
-5.64146 1.71868 0
-95.2208 -145.517 221.036
-326.155 58.9604 160.526
-139.958 -196.954 0
-9.44408 -5.13315 0
63.4039 -108.241 0
-2.07773 4.49394 0
10.2201 -8.60754 0
-0.0797235 1.58945 0
-0.985779 -1.43194 0
71.1629 75.5829 108.591
-8.81084 -8.27633 0
207.172 73.55 225.505
6.97759 -7.31267 0
-0.376181 -6.27569 0
-4.14701 2.57802 0
12.7843 -20.5642 0
115.948 -133.334 197.497
0.400851 -2.47723 0
11.1544 -48.2298 0
1.17202 -1.87197 0
7.26924 -3.36273 0
-227.43 79.4767 0
118.365 -4.58694 32.3927
24.4203 0.301965 0
2.85059 -0.575318 0
-208.814 89.4313 0
74.994 -29.0031 0
36.3357 -16.9527 0
1.44066 2.3321 0
-91.5927 66.2495 49.5103
23.9287 -6.4294 0
88.003 3.57186 16.8846
0.408012 1.47953 0
9.83706 8.5747 0
10.7703 4.40478 0
-14.9124 -78.8095 0
2.05572 0.211401 0
-202.26 -122.185 34.866
33.9291 22.8844 0
6.17828 2.70977 0
-73.0952 -5.44919 28.0888
14.5471 -74.6281 0
33.4235 -90.0879 0
-11.1153 6.94073 0
-4.73887 4.74437 0
-66.0786 27.043 0
-2.0315 -0.204739 0
-4.00525 -4.88281 0
-6.01741 6.40263 0
-78.7896 130.925 32.7764
-47.968 -62.2339 0
1.71589 -36.9496 0
5.05869 8.07984 0
-2.00342 -0.941844 0
-0.282198 -1.59562 0
98.3883 25.9387 41.9726
-85.367 23.2092 0
-2.91649 -0.381113 0
7.34093 2.85466 0
-176.446 -113.601 0
-4.39864 -2.63036 0
5.26843 0.00633841 3.41582
-2.20714 0.142479 0
87.0724 -67.8298 2.06028
-33.9017 69.1919 0
-45.8493 -39.9876 0
-11.1535 -9.25267 0
33.7757 215.268 0.261247
2.97672 123.402 69.0279
97.7411 -74.4133 0
3.88141 -2.10451 0
-67.2966 13.2579 86.1084
1.03308 -5.72626 0
6.17663 16.149 0
23.3355 111.305 43.0576
82.9335 -62.581 0
7.13281 0.168929 0
-89.6701 15.327 66.2855
-48.78 -1.96961 0
10.5929 9.24598 0
5.97282 2.39863 0
8.6346 -7.57433 0
-65.8645 22.7835 0
-7.92611 -13.9879 0
-11.7661 -0.117378 0
-30.2048 8.31846 0
68.1116 -284.616 116.426
-0.304845 -1.92241 0
25.7505 59.203 0
-25.8468 -30.0955 0
2.90755 -3.08245 0
-0.656962 -1.51546 0
-0.804266 -1.70315 0
13.66 7.29547 0
-2.49244 -1.25806 0
-2.99724 -2.53994 0
-2.19832 -0.91281 0
-3.70329 -0.430962 0
-2.47724 0.583631 0
64.0527 47.9565 129.42
-21.7416 51.9721 40.806
5.16421 -2.09065 0
-4.06372 -4.62274 0
192.303 273.198 70.753
-297.539 -64.3199 18.3607
-94.0556 142.965 0
47.8729 -1.75133 0
-18.1996 90.9213 0
-4.09421 2.54563 0
0.730264 -1.59657 0
-85.4943 15.448 67.9134
-55.2773 -1.21994 17.5804
11.2683 -13.1646 0
0.189553 -14.6412 0
-10.9172 -0.563943 0
-55.8182 -10.8422 0
-58.6869 -35.2261 0
2.14691 3.77064 0
-18.0868 -22.0719 0
34.8503 -25.2223 0
0.745255 1.65574 0
2.18779 3.69089 0
44.2709 -68.1593 49.3404
36.5317 -61.4823 0
-0.656809 -1.49471 0
-47.8396 -26.407 74.2886
-4.06555 3.67518 0
-82.5231 66.6324 0
-2.70306 0.590064 0
297.006 -273.681 124.454
0.148996 -2.363 0
18.3161 -63.6914 44.0431
112.576 -305.345 3.55951
-11.0575 0.0453969 0
-159.076 239.892 261.405
-3.35375 -1.54558 0
-18.6702 -261.91 84.0082
51.0842 -90.3434 8.70413
0.428553 1.81115 0
4.9106 -55.4601 0
-405.375 -113.995 5.5735
-4.85436 3.02782 102.292
1.01187 -0.449618 0
-89.3502 -3.58912 71.9089
-79.327 0.97368 0
7.65086 -10.1348 0
-154.349 -3.29796 37.2356
-58.3608 -81.2415 0
41.2004 3.51995 21.8386
-90.5573 -47.812 3.40767
0.79059 1.4008 0
0.126201 1.49006 0
-0.381059 1.57287 0
-0.613388 1.61382 0
-12.5285 12.0892 0
-1.49526 -4.65788 0
2.68167 3.09398 0
77.1564 67.2113 0
-1.61402 4.1761 0
-22.5319 41.9591 184.363
-184.4 -73.9898 0
87.2052 -213.505 95.9869
-2.27439 1.20916 0
-26.4378 -14.1961 97.8867
-2.12207 -0.0872784 0
-112.217 -125.415 0
4.46244 -14.4799 0
-0.418441 1.80033 0
2.58881 -10.2213 0
34.5532 25.3181 0
-20.9076 -5.36518 0
-3.18424 -0.874321 0
-3.79737 -0.584467 0
-2.38583 -4.4999 0
-2.00129 -0.144311 0
-0.299989 -3.86608 0
-0.0200558 -3.2119 0
-2.90023 -19.5783 0
0.419042 -4.12005 0
-1.03951 10.0529 0
-1.56801 -5.84768 0
115.851 -156.487 79.8222
-10.3842 75.8757 98.3818
-1.29327 9.43056 0
-50.8246 143.811 39.5396
4.62077 -8.70715 0
2.29225 -0.843386 0
-0.299976 -101.418 140.953
0.393899 -86.3209 0
-430.042 248.178 16.0325
252.918 -699.26 322.37
-0.523485 4.19318 0
0.433582 1.25885 0
2.80617 2.41572 0
48.2101 14.4471 0
85.58 24.0645 0
0.228662 1.50288 0
-0.300034 -0.300042 43.6089
-0.3 -0.300064 137.692
-0.300004 -0.300192 47.1977
-88.8301 63.8946 61.2183
14.4871 -31.7688 0
-2.53835 5.42532 0
20.3221 118.024 70.8755
-205.888 135.032 207.407
25.0915 89.3306 21.6362
20.3708 9.07742 0
76.5151 33.8045 40.4073
10.7386 -151.225 0
13.3008 114.111 31.6128
-0.300561 24.4873 0
1.9665 -48.7754 0
0.958321 2.53498 0
-3.1265 -0.595768 0
9.79405 1.36523 0
-1.85813 -1.0012 20.5703
128.447 127.884 84.767
318.883 -399.277 76.8758
0.243306 -2.63429 0
37.8297 86.7152 37.1358
15.3633 -84.8365 66.4582
-1.28581 -54.0186 0
34.0383 -178.977 53.1874
0.658573 1.44254 0
-5.13733 5.4056 0
-115.304 -56.3298 0
35.8123 -204.868 1.30615
-0.729592 -2.17014 0
-1.3501 -170.616 20.485
91.0093 62.9076 21.8708
-0.29973 7.76612e-05 43.6368
-0.299999 1.20314e-07 137.777
-0.299772 6.55557e-05 47.2738
-17.0656 -23.0488 19.3115
-2.17749 -2.49048 0
197.572 -175.207 73.7987
8.80229 -0.906238 0
23.2445 -0.514223 9.26087
2.58456 0.615508 0
-57.2507 67.2383 104.549
6.96382 20.8066 0
-0.018773 -1.5215 0
14.4911 95.896 43.5818
-7.14622 55.5479 38.6637
3.33002 -0.42268 0
112.413 2.66339 45.5432
2.67563 8.02173 0
-3.04923 1.84515 0
-97.9321 -145.208 0
0.316432 -2.8314 0
-41.8664 206.999 182.319
-39.6855 123.643 160.135
5.18487 70.44 0
15.1307 -85.096 67.8926
7.53272 -14.4192 22.8093
-3.90185 1.90715 0
16.3479 52.5734 0
15.6694 113.11 10.5407
40.7425 66.7829 37.1623
-3.72904 0.380768 0
-23.1858 -78.2851 0
-12.8136 -86.0558 0
0.763469 0.128424 0
-0.299762 0.300069 43.6102
-0.299866 0.300103 137.693
-0.300102 0.300216 47.1987
9.63524 9.52127 0
-1.4382 -1.52485 0
14.045 55.5907 0
-102.53 -129.081 28.9949
-40.9149 -87.813 184.199
-20.1183 -60.5674 23.3635
-12.5478 67.9849 84.7092
14.0601 15.4092 0
-0.340839 1.98118 0
-0.299969 123.025 131.146
-0.993142 86.3204 0
-0.386217 -2.97282 0
-34.3636 69.1684 8.84898
-3.28881 3.01246 0
-1.65905 -21.6065 0
6.7152 22.637 0
-12.2643 -30.9937 0
5.84821 13.8839 0
3.77897 2.12839 0
-0.291625 3.41831 0
-268.216 -123.545 87.4949
-1.19211 -75.4447 0
133.929 155.832 236.158
-1.41887 -4.14598 0
83.0349 -1.25174 19.4852
31.2451 222.353 12.4139
-77.8258 -127.558 137.336
1.78851 -8.85603 0
0.0401416 5.33019 0
5.72198 1.74312 0
0.582678 1.66162 0
-4.49309 -0.701481 0
8.59731 2.23628 0
2.48284 -3.10371 0
1.89689 -1.93517 0
5.52809 -4.28372 0
25.934 86.6531 0
-6.61091 6.85301 0
-11.6568 5.24462 0
40.7032 -30.3179 0
4.81223 4.33379 0
7.8139 -7.70607 0
11.445 -9.17923 0
7.16146 9.32964 0
1.55619 -4.13733 0
0.0507732 -3.92779 0
30.4752 140.109 4.28902
-0.519639 6.20653 0
38.3879 89.9372 0
18.9477 -9.23389 0
0.452241 4.55974 0
1.04929 -0.489607 0
-28.9062 -11.4229 0
118.117 13.6238 30.6928
24.7224 -0.301207 0
5.53982 3.28635 0
2.14784 0.283046 0
0.423779 -2.25089 0
-101.686 -23.8227 24.2346
-22.6134 -76.5101 0
-97.8226 64.5782 18.4037
180.829 -121.874 41.9257
-0.644409 1.2534 0
-0.446458 -0.118021 0
2.11216 4.15516 0
-1.29515 -4.15955 0
-75.5726 121.404 75.1099
-47.7187 74.6286 103.673
0.351128 1.59233 0
-11.141 31.141 0
38.2791 -55.9003 0
-0.19302 1.35729 0
-1.02849 -5.29876 0
4.25933 -0.604235 0
0.440981 0.184784 0
196.089 5.88155 0
59.029 79.4692 19.2355
-149.332 106.139 0
-2.19302 2.54738 0
64.1555 -44.4255 0
33.4787 136.743 51.0607
0.42032 -1.93127 0
42.8158 -28.6533 0
120.924 -109.42 27.5681
-241.945 64.293 8.03349
-2.89891 0.249828 0
113.947 13.6263 31.6789
24.4824 0.000305361 0
0.427622 -2.33661 0
-98.3081 37.2911 44.5303
15.5857 -1.37671 0
1.04623 2.80904 0
24.2109 21.3033 0
-2.30784 0.813175 0
-6.42186 -1.52114 0
-4.41562 -2.65934 0
112.826 205.279 207.215
-179.601 -290.798 136.235
-325.93 59.872 160.163
22.8987 -218.566 36.2326
-13.6046 -20.426 0
31.8431 7.26842 0
-45.8532 13.6633 9.93334
0.626576 1.86888 0
36.2512 -19.5917 0
-0.424455 1.17818 0
0.708214 1.71909 0
1.29555 1.97912 0
209.97 59.4639 217.111
9.26 -9.81742 0
-6.81599 -8.36911 0
2.49201 2.21339 0
111.589 -173.265 87.2271
-35.8221 47.2409 0
37.9503 84.1924 0
-19.4901 7.61826 0
1.85585 3.26523 0
-21.5911 61.2128 0
-2.13131 -0.200868 0
118.662 -4.59105 32.3964
24.4699 0.301804 0
150.206 80.4141 0
-1.43164 -69.5084 0
79.313 -33.3559 72.7944
5.328 -1.22101 0
199.672 -57.2037 20.133
9.35824 -0.490824 0
-37.3662 -162.116 12.3002
-3.55244 -0.299314 0
0.329993 1.47321 0
10.1482 8.59579 0
11.0651 4.35631 0
-14.7468 -80.3157 0
1.92433 -2.4659 0
47.4851 -6.0268 0
2.60298 1.36126 0
24.0371 -2.46633 0
-6.74859 0.49137 0
-0.410414 1.19713 0
-0.163642 1.75674 0
72.4455 397.827 229.858
-7.59822 4.38165 0
-71.0735 -129.215 145.598
2.77224 0.968631 0
-18.7036 -47.5332 0
235.036 -116.179 80.6595
23.5223 -41.4185 8.18102
59.0477 -7.83734 0
-41.0296 60.7683 0
-3.13909 -0.733482 0
36.3 -161.781 0
1.0705 -2.34904 0
-11.1744 -128.011 14.4002
-157.202 226.427 127.023
-0.720251 -2.75996 0
-19.4557 -26.6784 75.8591
1.72378 -2.8905 0
1.09568 2.02175 0
-0.221186 1.41897 0
4.14276 -3.49872 0
43.3522 -22.2642 0
1.50194 8.40673 0
-23.9468 -22.137 0
-10.8534 -9.25257 0
29.2569 209.368 0
3.37676 120.286 68.1429
-29.2612 15.899 0
116.921 119.865 4.57472
256.001 -58.731 81.3584
-44.2489 -38.6752 0
-81.5525 40.518 47.923
19.376 53.8321 74.8394
5.6584 2.77621 0
3.52009 -1.93463 0
-89.3651 15.3253 66.285
-24.7712 -0.300852 0
84.8603 104.968 0
0.974911 -1.62399 0
58.0162 15.49 0
50.8821 -134.557 10.1919
70.4418 -9.77639 0
-3.47056 -0.730453 0
2.33361 138.677 58.5337
41.7534 -57.483 0
2.25937 -0.410646 0
-60.1178 147.881 0
-9.12057 56.6617 43.4622
3.06503 -3.24897 0
-0.203361 1.3688 0
-149.915 -75.0809 99.6591
0.474577 1.42546 0
66.0126 227.874 0
3.95521 13.7317 0
-73.046 169.194 0
-2.57276 0.327488 0
-0.514275 1.87071 0
64.677 48.3024 129.131
-69.1566 53.1912 24.5273
287.768 -193.178 65.4529
-10.5519 -24.5287 0
36.4929 272.303 36.1325
15.5889 82.1325 0
44.3696 69.0716 0
-0.726093 -0.464549 0
-3.88985 -4.71856 0
-0.614568 -4.68929 0
0.791676 1.58935 0
-85.1939 15.448 67.9155
-24.7827 0.000146137 0
-5.33124 0.934797 0
-51.6114 -4.89664 78.997
-10.2646 -0.530412 0
-7.28263 -0.254095 0
-42.6325 1.11859 0
-4.42462 3.97189 0
13.1364 -11.954 0
-3.0231 -0.0495501 0
-1.30551 1.62103 0
1.2438 1.94788 0
-25.7199 -70.4067 40.3757
28.6384 -90.8016 0
-21.1836 -16.9112 0
-77.5226 86.821 43.1332
-3.41457 3.48409 0
0.765482 -0.460702 0
49.7527 -29.8485 0
0.02051 2.98001 0
-1.21722 -1.2904 0
-0.117635 2.90041 0
121.542 -303.624 0.729258
-7.92612 -7.7416 0
58.0775 -103.579 222.517
0.70865 -33.9308 0
-194.643 -86.9845 13.1125
-0.018819 -8.37648 0
0.543059 1.38534 0
0.367731 1.70901 0
-10.1689 25.6316 0
-0.269822 -58.6676 11.2048
1.20376 1.51691 0
-89.0455 -3.58756 71.9078
-24.7714 0.301215 0
-6.53111 -18.1357 0
-154.044 -3.20939 37.2975
-2.76128 -3.37126 0
-1.44211 -5.92295 0
-1.01912 3.32809 0
-19.0154 109.359 66.9553
-2.81734 3.81579 0
-10.4333 -2.94765 0
-58.5579 35.8503 0
-12.2284 12.0891 0
2.38342 6.54019 0
-0.0419047 9.47919 0
-30.3032 56.9379 0
-0.234178 3.36928 0
224.514 60.2871 166.121
-2.93584 0.646507 0
23.6698 -8.24626 44.6862
95.8374 44.0006 32.1212
-135.251 -53.0701 77.5561
-3.78669 1.25985 0
-4.32833 6.92898 0
-81.185 -27.6621 85.9023
-25.3209 59.2358 0
-10.3441 14.7751 0
-10.0225 88.9595 0
96.9651 58.1548 0
-0.733809 -0.165246 0
0.704817 -1.70721 0
-8.27022 8.07706 0
28.8491 73.7036 5.63949
-0.00133234 -3.86626 0
0.347499 -3.49899 0
-2.59667 -19.2543 0
0.717499 -4.11989 0
-0.699258 10.0926 0
-9.82747 3.33286 0
-2.08156 -5.23198 0
-9.38167 97.4457 83.2383
-15.4558 5.79566 0
-50.1099 117.752 10.5927
-2.02883 10.2398 0
0.992686 1.80829 0
2.36355e-05 -101.418 140.954
0.692849 -86.3214 0
-4.52405 -0.326025 0
28.5662 27.0328 106.022
-2.50944 14.1041 0
69.8937 -189.155 105.743
-5.8973 55.6085 0
-22.3595 -7.04038 0
-6.7737 78.0956 0
48.2095 104.85 8.70531
-0.000376209 -0.300379 43.6095
2.23885e-07 -0.300064 137.692
2.69495e-05 -0.301133 47.1994
26.9169 -28.0589 0
-52.7628 -72.3682 0
30.8163 1.73262 0
8.39112 2.70532 0
-50.809 -68.8871 1.69725
64.261 41.0052 7.50953
-26.0831 21.7113 0
2.43236 5.70914 0
10.8644 -150.534 0
13.6106 114.114 31.6131
0.000404921 24.4881 0
-3.08451 -12.1581 0
1.32326 2.4549 0
-1.22899 3.11406 0
0.869187 2.34965 0
0.0630195 -4.76385 0
-33.018 -15.5104 0
-0.33506 -3.21765 0
16.4382 -8.86196 0
2.81126 -1.58823 0
15.6643 -84.8357 66.4577
-0.985871 -54.0181 0
4.35106 -0.0484513 0
-4.27007 15.8126 0
213.699 -1.37779 356.896
3.1456 -10.4862 0
196.931 -31.695 101.661
1.8025 -1.96809 0
-19.5889 -160.892 204.937
-3.41362 -1.79729 0
2.15595e-07 -6.02991e-07 43.6353
0.000248055 7.1414e-05 137.777
0.000175341 -0.00010099 47.2728
14.9085 95.7694 85.6216
-27.276 14.54 0
-1.32866 -1.56402 0
9.398 -0.827425 0
24.4481 4.29586 6.99352
127.882 165.129 171.926
46.4103 105.774 74.8067
1.92536 0.836474 0
0.52175 -1.57911 0
14.7926 95.8944 43.5809
-6.84608 55.5476 38.6638
17.1449 -27.6465 0
-7.4421 3.99969 44.1722
-0.624621 13.8238 0
-6.0148 8.06772 0
-70.6611 -84.3544 0
0.406458 1.46665 0
-0.357191 -1.4216 0
39.6183 -17.5023 0
3.77152 54.3502 0
15.4402 -85.0988 67.8976
7.8423 -14.4436 22.8082
0.249653 -4.25569 0
19.3721 60.0784 0
-11.4053 214.358 5.7791
3.33696 -13.2702 0
-2.98088 1.67412 0
0.361329 -7.63803 0
13.5751 -28.2696 0
32.2053 -150.221 64.71
3.75001e-07 0.3 43.6089
0.000643805 0.30025 137.694
3.41969e-07 0.300169 47.1977
24.2654 -6.57945 0
-1.24833 -1.95695 0
-109.757 233.668 28.5201
-309.538 13.1374 37.078
0.159632 -3.71519 0
5.34484 6.56499 0
-2.12333 0.287884 0
-0.718607 -1.17461 0
0.353309 -7.26175 0
0.000524562 123.026 131.148
-0.692758 86.3221 0
-0.0668159 -2.95864 0
-1.08565 -1.43187 0
20.2184 -20.3668 0
-94.4923 30.9303 0
2.38458 3.77333 0
-30.865 12.2519 0
0.918444 -3.42322 0
-50.6219 62.9719 35.8559
0.0063887 3.41786 0
6.97623 -0.453393 0
0.864499 6.31242 0
-83.929 85.2656 0
-3.29971 -4.68612 0
-5.13596 4.98107 0
34.256 260.731 23.8156
-39.0839 -83.5329 41.346
21.9842 87.4324 186.311
10.8006 -14.8775 0
-27.5464 -77.2003 245.087
-1.87823 -3.67492 0
-177.641 -23.4508 0
24.1579 -2.14121 0
-255.478 81.7901 34.182
136.517 -313.673 0
165.937 111.292 140.673
-365.977 42.2804 125.346
70.2033 48.9021 0
-9.36844 37.9201 0
-22.6102 2.37037 0
-0.449428 0.407893 0
8.09505 -7.69374 0
11.7453 -9.17931 0
0.666981 6.98483 0
-6.38697 -12.291 0
1.28441 -6.68694 0
-7.30705 -4.87973 0
22.6587 -5.66796 0
-60.0285 -15.1183 80.9161
22.2382 -7.61395 0
-0.150681 0.178553 0
-139.971 122.486 0
48.205 -145.182 0
118.413 13.6334 30.6863
24.7715 -0.30065 0
-24.4548 -25.9968 0
3.07746 0.498427 0
-47.6024 -24.3572 0
55.0512 69.0873 0
49.0827 -61.8828 0
-26.6465 -29.6458 0
1.55807 1.77111 0
6.43713 -8.88502 0
3.18322 1.37803 0
2.92068 4.93807 0
-0.949294 -4.16196 0
35.2865 94.0575 171.314
36.2385 63.415 0
0.540057 10.9104 0
-40.8277 -485.902 87.151
-0.121301 -0.434348 0
2.01222 -0.255326 0
-38.7927 -113.058 213.973
16.523 -11.0219 0
63.9679 148.301 1.36977
201.139 11.183 0
56.0898 77.899 19.4211
-148.912 105.76 0
-0.163555 -1.42996 0
27.9985 -134.353 0
-150.23 -35.872 71.4575
-157.582 13.8124 1.21001
-2.91906 -0.73885 0
-25.8948 -99.0939 0
20.0258 -33.3412 0
49.3518 184.448 9.96576
114.231 13.6241 31.6603
24.7821 0.000604801 0
-60.1385 55.6926 109.165
-86.8368 -8.7327 0
108.302 77.1962 0
68.5094 -27.9829 0
-15.4745 -79.0914 0
-18.0946 -9.42374 0
2.1344 3.03209 0
-159.547 152.626 284.855
-0.60273 1.4613 0
1.20387 -1.76553 0
-0.348031 -1.8826 0
-38.4027 -204.006 54.1494
55.3037 268.857 124.714
-32.827 -19.9383 0
-49.0284 21.759 0
-249.008 -38.495 192.107
28.1353 -9.69107 0
-5.32291 2.04743 0
72.5613 -408.648 93.3792
132.329 -83.5213 233.766
187.281 70.4708 265.75
-50.8927 32.2652 0
-3.81629 -1.82574 0
-1.53011 2.09276 0
120.526 -33.314 3.26393
-24.6509 58.608 0
181.064 -13.8481 102.248
94.5933 317.485 103.366
131.595 45.5087 145.734
-159.138 97.0708 107.243
-0.537007 -1.34516 0
118.959 -4.5986 32.3907
24.7712 0.301578 0
1.93213 0.505208 0
-156.526 -29.8079 0
-8.6224 -8.4493 0
4.60655 3.87004 0
162.051 321.903 63.3599
77.3262 -132.537 41.8309
0.351228 70.52 153.783
-152.448 -210.378 361.707
-3.11299 3.79157 0
10.4484 8.59586 0
11.7168 5.27774 0
-14.3155 -80.3122 0
14.1815 -11.1126 0
22.2658 -162.514 0
-63.836 -166.512 9.21261
-2.16964 2.72707 0
148.786 89.2685 103.993
26.9319 16.3389 0
161.795 29.3864 19.3676
1.05567 -3.24868 0
-7.48751 2.91 0
68.6282 -164.474 0
0.322443 1.49293 0
-0.736364 3.6472 0
2.4369 5.2568 0
0.35159 4.52127 0
6.52757 -6.24496 0
-11.2644 -14.3369 0
46.4791 15.7283 0
675.533 79.8514 35.4553
1.74835 2.25457 0
59.8555 -160.075 57.3117
41.8037 -24.2716 0
-1.64729 -1.47583 0
-105.77 -201.58 179.961
-4.88619 -7.39758 0
-8.11346 94.3272 31.4891
-6.69176 94.4219 0
-41.8319 22.8292 0
-2.1205 -3.06839 0
-19.9761 85.0732 13.9615
-25.1709 -23.6333 0
-10.5532 -9.25249 0
29.5682 209.37 0
3.74842 123.411 69.121
-119.805 -18.9133 1.67123
-35.3032 -9.09778 17.8118
5.11806 -1.06137 0
-2.68085 -3.47641 0
-2.8076 3.32243 0
-166.214 35.953 0
0.572316 -1.68645 0
-53.9259 46.0721 0
-89.0654 15.3169 66.2946
-24.4699 -0.300652 0
204.492 86.4886 97.4554
2.27444 4.38525 0
-5.20699 -0.617604 0
-83.5056 38.6672 0
0.805389 1.25471 0
-36.1918 -46.1844 0
43.5638 202.102 335.947
-38.7148 -12.0563 0
1.57637 -1.77379 0
-61.131 149.076 0
-7.84515 -96.0556 25.083
3.07944 -2.87162 0
-2.48539 0.969192 0
204.684 -84.4601 0
-2.07236 -4.04589 0
2.05736 -1.61432 0
0.349763 1.98142 0
-4.12357 1.39823 0
0.651423 -1.8678 0
0.67537 -1.94361 0
65.7376 43.8831 119.176
-70.7231 52.6686 24.1895
111.32 -3.48924 0
-4.59595 -1.93849 0
2.61295 -111.128 0
3.47212 2.19267 0
-305.22 -26.1242 152.653
-104.207 -100.4 7.00584
-152.465 -106.591 7.35584
105.393 -12.9645 39.9328
-2.09341 1.56423 0
-84.8974 15.4504 67.9409
-66.7282 -5.4648 0
-6.6852 2.57879 0
-2.32395 0.713422 0
-9.18275 -0.514959 0
-4.15991 -1.71679 0
-42.3128 1.11791 0
27.4064 47.0463 21.4176
-112.202 -91.6651 52.4214
125.515 -82.42 42.4988
1.5424 1.32228 0
1.58744 1.88632 0
-27.8758 -68.5534 40.8582
1.52883 -7.73334 0
1.983 -18.868 0
-2.10649 4.60937 0
-95.8564 -15.0475 21.4608
-34.9078 10.5105 55.9441
2.0523 0.856938 0
-162.707 44.6026 359.009
40.1821 18.4999 0
2.39386 -0.192949 0
119.358 -305.012 0
-7.62188 -7.75568 0
-115.465 7.09763 187.02
145.745 -60.5244 0
15.2629 19.0213 0
-0.171223 2.53711 0
3.03532 -1.73447 0
-5.40391 -7.73126 0
-24.6087 -39.3801 0
0.0839005 1.78759 0
0.55519 1.6992 0
-88.7471 -3.58211 71.9146
-24.4701 0.301639 0
-12.4041 42.6184 0
-153.802 -3.03635 37.4926
-2.48746 -8.52639 0
3.00656 3.3929 0
36.6683 -279.274 106.29
52.18 -35.4538 28.012
-19.3078 13.7424 0
-85.7972 -104.473 0
31.6712 36.1755 0
-11.9283 12.089 0
-2.10871 8.44982 0
40.6473 24.6423 0
-15.9988 -5.28204 0
-2.10455 0.0591553 0
-225.544 124.719 0
-33.6211 12.664 0
-50.8819 -24.8419 0
-62.8717 36.588 0
-62.7735 69.8825 20.2637
50.104 1.72628 0
-117.038 -134.074 0
24.1953 2.29044 0
-1.48904 14.9623 0
42.4203 -21.5899 0
16.1291 2.64065 0
9.79524 301.856 217.721
-7.87576 -16.9403 20.3194
2.39667 0.51327 0
-4.97384 -15.0201 0
-3.66149 1.40977 0
0.297738 -3.8636 0
0.861937 -3.31497 0
-2.28188 -19.2515 0
1.01264 -4.12283 0
-0.253403 10.1022 0
2.55885 -1.33373 0
-73.4747 -122.937 49.8466
4.02499 136.971 53.9316
10.7274 3.37435 0
50.5188 107.376 1.97748
-4.13281 21.9567 0
0.284299 -1.37957 0
0.300023 -101.418 140.953
0.992878 -86.3207 0
42.5228 63.1131 94.1567
12.7208 0.24883 0
-1.72922 10.3553 0
88.5116 -189.57 119.536
2.26886 0.576104 0
-1.86696 -0.381431 0
82.8756 -111.593 69.6419
41.1889 26.0263 0
0.30049 -0.300491 43.6098
0.3 -0.300064 137.692
0.300654 -0.301598 47.2003
8.09699 -1.82538 0
-8.35399 17.3578 0
99.0411 30.2789 74.8149
8.71955 2.87361 0
-15.8488 2.44136 0
115.236 -198.334 5.74355
34.5764 13.7656 28.8582
34.1286 52.107 0
10.8883 -148.884 0
13.9209 114.105 31.6074
0.301061 24.4881 0
5.29559 -0.630698 0
1.52891 2.42758 0
11.8415 22.9815 0
74.3049 -48.6815 50.9816
4.65392 -76.8529 0
-10.0367 13.4011 0
16.0298 13.794 0
-30.5324 -8.68404 0
2.68909 -0.364135 0
15.9647 -84.8359 66.4558
-0.686186 -54.0191 0
-34.2331 -53.9598 0
-34.8252 -0.691654 0
-184.599 -283.621 260.605
-15.0926 60.4195 37.349
66.745 82.4239 0
11.867 9.90411 0
88.2214 -147.688 105.222
55.246 78.8817 0
0.300001 -9.7641e-07 43.6353
0.300086 2.47767e-05 137.777
0.300258 -0.000222312 47.273
4.32275 -3.21619 0
-4.7389 14.4002 0
-4.48369 0.377165 0
8.99466 -0.987232 0
23.3647 3.92199 10.2407
4.8426 7.95453 0
74.2393 113.549 102.428
13.1942 28.1038 0
2.00666 -1.11183 0
15.0936 95.8928 43.578
-6.54433 55.5467 38.6644
-2.59644 -0.306774 0
-0.15799 -0.139571 0
1.55507 -4.67575 0
8.93909 114.258 0
2.2248 -8.34026 0
-0.697916 1.44313 0
-4.22068 0.0763977 2.05482
67.8854 157.925 0
1.18885 16.7783 0
15.7479 -85.0923 67.8857
8.05509 -14.5033 22.8515
-5.28102 -2.15415 0
10.6358 11.4891 0
3.5115 9.78228 0
-97.2303 4.05705 101.856
0.514914 -58.7408 0
2.2447 -1.29591 0
-3.10838 -38.4234 0
-25.1236 -26.5509 0
0.300089 0.299983 43.6098
0.300396 0.300178 137.693
0.300172 0.300209 47.1987
-28.7899 135.962 0
-386.002 -189.789 3.36984
-119.296 -39.1869 61.7123
-1.71498 -17.7083 0
-23.4442 -48.3665 0
75.916 63.044 78.0922
8.88877 5.8915 0
-111.75 -13.3297 293.728
30.7855 34.5791 0
0.30047 123.026 131.147
-0.392794 86.3216 0
0.237044 -2.96295 0
-1.11004 -1.22909 0
-3.41589 -35.0124 0
5.81286 -3.61977 0
2.64796 78.4601 0
2.48261 1.76556 0
146.937 53.7643 85.2125
1.27342 -1.82348 0
0.304747 3.41822 0
9.06774 -2.96032 0
-39.988 -10.0141 0
2.83746 4.54807 0
-2.95806 -4.6845 0
22.1161 -3.75195 286.407
1.82797 -1.53673 0
10.4034 -111.245 58.0142
-5.8947 -22.3111 0
-36.8552 73.0084 0
290.15 432.31 133.222
3.19242 -3.15049 0
-118.541 -124.511 38.667
36.8116 33.6593 0
1.92645 -1.97248 0
-4.91236 -4.18762 0
8.32684 -4.88693 0
3.466 -2.84834 0
-37.9681 230.138 0
-8.11134 -4.13328 0
-24.2671 7.30465 0
348.276 -171.136 33.5314
8.28587 -7.70311 0
12.0455 -9.17947 0
0.630154 7.11077 0
1.16945 -2.80977 0
1.81555 -3.28358 0
-22.1263 -66.1623 0
4.64852 5.22999 0
-2.63047 1.56945 0
37.4611 -11.8614 0
2.22398 -1.16955 0
2.1913 0.0330651 0
-136.775 372.756 0
118.731 13.6361 30.7092
80.6265 4.33749 0
-26.4577 -24.4746 0
-99.9214 -95.672 0
72.1332 296.84 21.256
-98.2253 -195.97 248.409
-244.275 -6.83475 23.3437
-148.165 -30.3921 22.414
35.8069 64.653 0
8.13805 6.19984 0
9.11823 9.3722 0
-85.0312 -223.904 116.264
-0.339865 -1.79517 0
69.4075 242.38 150.441
0.183261 0.148392 0
236.902 279.712 314.742
-167.493 -120.685 20.7338
-0.369684 1.20248 0
2.61174 0.699934 0
19.141 -233.829 6.12488
127.673 -48.6648 364.705
1.56087 -2.23323 0
104.728 37.6607 0
-0.708912 86.1097 24.7831
54.2221 37.9254 115.381
1.98861 -1.46025 0
-72.1576 11.7973 0
-2.96272 -2.67707 0
2.00554 0.0048405 0
-0.927748 12.9546 0
0.297204 -2.30034 0
30.6305 97.3046 82.7557
-38.6443 90.4592 132.967
114.544 13.6241 31.6778
62.8708 0.283297 12.4767
-101.752 -32.51 0
2.75959 0.418042 0
17.7458 -1.52333 0
0.89262 -8.15502 0
73.7526 -15.2781 0
-265.825 249.888 63.8071
-75.4877 -39.7217 0
-40.7877 -10.0983 0
115.166 194.401 0
1.26371 -1.80608 0
4.243 6.69914 0
104.527 -178.414 88.2076
-47.0338 -48.3882 0
-81.6003 -40.0158 0.0769959
11.3376 6.65657 0
14.003 71.0922 0
112.906 -116.535 0
1.25088 -1.85909 0
4.52703 0.778045 0
179.125 120.506 0
-493.307 407.684 478.176
7.87887 -7.26752 0
336.841 -178.763 130.519
1.95246 1.76877 0
-0.0614434 6.79556 0
3.60503 -3.69543 0
-185.183 170.854 41.1574
5.0389 -26.3387 0
210.47 154.174 112.939
3.0119 -46.68 0
1.52034 4.04804 0
119.279 -4.60418 32.4141
50.2316 2.41508 0
-112.268 179.906 42.8595
-1.93133 -3.66259 0
-67.0088 65.8596 56.9991
-124.851 -134.462 0
-72.1912 -196.115 0
4.96941 -5.87798 0
92.6441 42.8989 0
-46.1009 -1.14538 0
-11.4958 -54.6373 196.499
10.7487 8.59602 0
60.0815 101.53 0
-14.6044 -75.8087 0
-62.5758 4.60068 0
28.2329 -6.34155 0
-3.84371 -4.04603 0
-35.5372 -13.3208 0
68.1885 29.6188 0
99.0257 239.137 0
2.16816 -0.545288 0
-30.6418 -12.8276 56.7505
-4.3183 3.30824 0
-6.07339 3.2126 0
3.60345 6.59818 0
42.8439 31.9303 36.7795
3.13192 2.71206 0
2.4432 9.17518 0
-38.9301 53.3501 124.356
5.04715 -3.89777 0
2.09101 -0.483343 0
-10.5632 138.106 4.00441
1.59632 -2.54488 0
3.39523 -5.69048 0
-3.83745 1.93084 0
29.1401 -70.2473 0
55.9837 -108.259 0
7.5261 1.39347 0
3.69839 -1.92203 0
-1.36454 -2.2301 0
1.90245 -5.06919 0
32.8052 -31.2313 0
0.043054 8.26425 0
-18.95 -18.2393 0
-10.2418 -9.19908 0
29.934 208.995 0
3.89601 123.929 68.2596
50.6037 -86.5725 0
-39.8131 35.7201 12.0453
130.083 105.115 0
17.0258 157.295 48.6435
135.036 105.566 0
190.439 242.468 20.6639
4.72348 68.6901 0
2.34147 0.868301 0
-88.77 15.3146 66.2919
-24.4205 -0.300663 0
-0.177392 2.08554 0
-0.1686 1.55566 0
-2.03663 -2.23798 0
-30.0757 -28.4828 0
-128.063 13.573 0
-53.9594 -138.321 0
-2.67384 3.23058 0
-0.138098 1.90439 0
2.55418 -2.11554 0
-62.9845 162.847 0
-55.8333 -78.3054 27.8174
3.58541 -1.21571 0
43.2796 -29.1743 0
27.9438 -18.4951 0
-2.87943 1.92247 0
-0.157523 0.417313 0
97.6168 219.6 37.8821
0.848098 -1.77559 0
116.984 11.8882 101.509
2.26715 -0.852095 0
56.7758 57.7565 152.281
-70.4162 52.6327 24.2068
-23.9132 -9.1413 0
19.967 41.4751 0
86.3005 133.779 0
-3.26891 2.01023 0
-6.41381 -6.11026 0
-76.0755 -41.6045 0
-38.9641 -37.1631 0
2.24686 0.357674 0
42.5444 65.3103 0
-84.5943 15.4489 67.9388
-24.1784 0.00112212 0
-4.48733 -0.314602 0
187.13 120.959 14.68
2.52239 -3.45865 0
54.0993 55.3213 0
-32.577 7.60516 0
33.1727 168.591 26.0537
-0.894553 6.64406 0
-28.3927 -2.35587 0
0.240647 1.83238 0
2.84221 1.20192 0
-27.594 -68.5095 40.8736
233.881 157.217 5.53247
-71.8116 -57.3724 26.4362
11.2132 -5.31789 0
3.30224 -0.475761 0
1.20975 1.5901 0
62.6681 -85.273 135.853
52.943 -35.731 0
-46.0561 -27.6278 3.51757
-60.9209 -59.4508 24.6543
33.097 -309.126 8.1671
39.7888 -74.855 0
2.60281 -1.12987 0
2.3917 -29.3601 0
278.767 219.867 101.837
-208.781 -318.096 117.539
-0.146959 1.62169 0
2.15317 -1.07892 0
-12.683 127.564 26.1934
1.99054 0.402892 0
-172.686 114.589 107.711
-88.4551 -3.57951 71.9124
-24.42 0.302157 0
21.6593 119.153 104.606
-160.74 -1.75443 31.3273
-1.46898 -18.4075 0
0.26805 -3.98073 0
1.08428 1.57823 0
-30.6744 -58.0755 0
-12.4392 -6.66489 0
-69.7772 -10.1499 21.7145
0.709685 1.43448 0
-11.0384 11.4348 0
0.185513 13.6658 0
38.7508 23.2379 0
-31.1685 9.12236 0
0.589619 17.2628 0
-0.128469 -2.15411 0
-0.148645 -0.428073 0
1.93773 10.8901 0
-1.20597 1.50866 0
-76.2579 -45.4503 28.5761
0.134352 -1.45057 0
-107.532 -118.326 0
-83.6543 -57.5223 14.3732
-34.6752 -127.653 121.131
120.917 77.4352 0
122.013 -26.051 88.917
15.2446 369.781 40.6384
212.601 31.7467 2.32369
2.6436 1.75594 0
1.07564 94.6003 0
54.9725 160.487 217.455
0.600784 -3.85387 0
6.14966 -1.32296 0
-1.99465 -19.2381 0
3.2878 -12.9621 0
-2.72368 8.25274 0
3.39331 -4.88001 0
-0.459216 0.185513 0
4.89596 7.07631 0
55.5206 167.79 90.0359
-0.393243 41.6392 0
36.0685 184.07 134.331
-0.539012 -2.16232 0
0.600092 -101.465 140.926
1.29967 -86.3128 0
-1.67698 2.2231 0
0.0151363 -3.36851 0
-0.264279 3.52689 0
-38.342 -230.469 110.278
0.728162 16.423 0
-4.8815 -43.1393 291.891
-91.8764 -93.3545 212.965
-13.6383 -6.03399 0
0.600908 -0.300519 43.6067
0.600015 -0.300065 137.688
0.600773 -0.300649 47.1948
-16.5857 -6.99608 0
13.4745 -12.8851 0
-9.56628 22.5817 0
6.78775 4.97546 0
7.50726 5.69447 0
-3.26099 1.8925 0
-10.4352 131.544 65.865
140.238 -55.3221 230.389
10.1063 -146.645 0
14.2158 114.162 31.57
-2.99493 82.4988 0
-14.8945 0.205795 0
1.29634 2.57207 0
2.44445 6.9515 0
-15.6651 -21.0815 0
-1.85935 74.5669 0
69.9605 25.2249 80.2803
30.8841 63.8711 9.84096
-71.2302 -12.6473 151.351
3.06412 -1.88901 0
16.2636 -84.9107 66.4336
-0.380656 -53.81 0
-0.249795 1.46504 0
2.35609 -0.875101 0
77.3068 4.2229 137.881
-5.25049 4.52724 0
-15.5768 -31.4672 0
490.634 -61.877 180.238
16.7041 -0.400705 0
0.278254 -3.01065 0
0.600002 -7.04332e-07 43.6317
0.600014 1.14369e-08 137.773
0.600089 -3.00671e-06 47.2685
21.3702 -23.8818 0
20.4408 -10.7679 0
23.6738 -7.5486 0
5.36281 3.72258 0
23.968 23.0426 0
-32.4495 -38.622 0
-5.35418 -49.5112 0
-75.5009 13.4704 94.1811
-0.218983 2.56307 0
15.3928 95.9646 43.5453
-6.24032 55.5247 38.668
-10.587 8.3534 0
9.98412 28.653 0
0.431149 25.0098 0
2.09536 1.8097 0
145.845 -61.5687 0
0.403592 4.6467 0
-1.9529 -20.3712 0
243.888 -140.766 69.9919
87.422 117.465 51.6039
16.0413 -85.162 67.8559
9.14521 -13.5725 22.2169
0.520018 -8.38832 0
-0.0164017 3.40606 0
47.2062 113.371 0
-9.16717 -0.633028 0
-19.5237 -82.8821 6.23653
-1.4709 15.8499 11.3159
-10.8544 -27.1979 0
-47.0396 46.239 0
0.600314 0.299987 43.6066
0.600165 0.300035 137.689
0.600816 0.300173 47.195
2.65046 5.23374 0
-0.683773 -2.14499 0
2.63869 -0.223274 0
-33.5602 -30.9691 0
87.5385 2.84808 39.3738
155.151 -218.196 61.3191
-6.83288 -129.491 31.1792
4.75025 0.707356 0
-28.7798 93.8294 11.3634
0.600084 123.068 131.114
-0.0929272 86.3186 0
0.53973 -2.94375 0
-1.6165 -1.53592 0
-26.5972 -15.0255 0
2.64706 -35.588 0
-2.34048 1.43984 0
37.3103 -0.460253 0
-1128.13 -479.755 507.889
-139.67 -55.5314 53.0737
0.606631 3.4166 0
-2.08106 6.03919 0
1.52969 6.20126 0
8.38679 4.9432 0
-2.49079 -4.17751 0
-67.2679 -11.424 0
11.5572 5.26121 0
-46.5262 -119.586 93.8631
-62.3451 -26.4062 0
14.0737 -11.2821 0
2.07959 -1.20187 0
2.36465 0.145456 0
-119.063 -98.9541 0
-10.6836 101.91 26.2239
1.37415 -2.18096 0
4.2261 -7.8401 0
11.6868 -10.5824 0
0.53041 78.3261 440.401
-32.8327 -81.0417 55.2132
-4.67142 103.962 17.9461
3.32798 -7.17131 0
2.33191 -0.477695 0
7.97409 -7.5876 0
12.3764 -9.24621 0
-2.86028 10.405 0
-4.90078 -6.08294 0
2.88438 -58.9391 0
18.5354 -0.99866 0
1.43026 -3.33324 0
157.434 -46.5007 61.872
208.824 -3.76562 17.0214
3.071 1.12735 0
22.2592 17.1501 0
33.3387 -134.7 25.9126
-140.706 92.6615 38.3536
84.7876 -1.31449 0
-63.723 43.8158 2.00826
-33.218 2.55011 0
-196.701 199.001 100.631
9.39502 -2.17382 0
234.732 63.6475 91.3702
-5.28337 9.98188 0
60.9119 -11.8758 0
13.0517 -8.69778 0
12.3934 12.6793 0
74.3002 240.057 0
50.5268 -207.57 0
-106.414 53.4087 149.313
-0.0848816 1.79298 0
-41.9239 -9.34645 0
-43.2698 44.3041 0
1.86302 1.35682 0
2.196 -2.07679 0
0.0126551 3.34134 0
-2.13798 0.168877 0
2.18384 -0.471221 0
7.3942 -3.50048 0
-204.969 159.175 127.287
-8.67394 3.16214 0
2.56416 -0.31819 0
-22.4112 2.66185 0
-9.4116 30.2757 0
1.88983 -1.94693 0
-3.61041 3.90357 0
-147.701 43.2126 23.9345
2.53812 -2.13987 0
-0.825164 3.48856 0
-82.7688 83.8994 74.1214
91.2611 0.869973 0
5.91693 -133.529 30.4614
11.9237 -105.819 0
2.01669 0.256908 0
1.41242 -5.0646 0
3.16323 -1.29151 0
79.6811 5.9403 70.063
118.339 106.389 52.6954
-278.589 213.386 92.9036
29.6 15.3184 0
188.323 189.867 149.247
-255.578 -50.6986 129.752
-144.014 113.929 64.703
-0.817543 -2.86493 0
-50.3243 -56.6661 55.041
-162.951 32.8885 0
43.1823 77.9291 0
23.0209 3.79349 0
4.24795 27.6027 0
-180.289 -133.982 0
4.59442 -0.322687 0
-214.918 175.433 156.745
-124.91 91.975 18.2657
632.209 -170.428 210.853
1.24566 1.57882 0
-19.3844 -2.02322 0
30.664 -302.298 105.924
-0.556891 -176.386 107.625
4.76356 -81.2063 0
-1.42849 -1.48989 0
2.86579 5.67618 0
2.4396 -0.425562 0
-148.694 -6.80481 68.5278
68.892 2.58217 0
151.68 183.057 597.924
3.75157 2.32785 0
1.32248 6.25706 0
0.673123 -1.20646 0
3.19794 -1.39414 0
0.1144 -56.85 67.9371
-3.99108 -61.7127 38.0289
-4.564 218.571 90.5227
1.4644 1.52088 0
11.0821 8.65 0
10.1858 2.73594 0
-94.8084 -50.6469 26.0752
1.12002 -5.73188 0
81.0503 92.4563 22.3453
159.683 48.1236 0
2.21137 6.40197 0
-41.5784 110.503 259.48
-9.52632 1.53227 0
5.61539 -9.28326 0
-0.771444 -0.457677 0
-4.58813 4.23829 0
-82.9537 74.0585 58.2823
2.25456 0.0175604 0
-0.497877 1.35213 0
-15.0204 30.7109 0
3.00603 2.15691 0
-32.8229 -38.5753 0
45.5737 172.949 42.691
-14.409 -17.8989 0
138.455 143.079 70.1049
2.28974 -0.697412 0
6.84169 -9.68372 0
-2.6961 -9.36293 0
2.10722 0.255396 0
1.87893 -1.94306 0
27.0935 27.8413 0
2.29419 0.908558 0
6.50552 -15.4553 0
2.14025 -0.41388 0
-87.2812 -82.0664 6.63638
-33.1183 26.6694 0
-1.16693 -1.74843 0
-14.9118 67.322 126.365
-55.1874 177.232 30.6661
-28.7023 67.9851 2.53919
32.8768 -36.6055 0
-3.11686 18.9079 0
380.211 -216.393 92.2889
2.1214 -0.323745 0
90.6601 60.7637 0
-14.6714 -195.45 46.0833
-47.729 75.0685 110.254
104.571 -0.525064 0
-92.9371 15.0675 65.5861
-24.1082 -0.300555 0
-48.5695 -80.282 0
-21.6216 2.71634 0
-0.138715 1.46879 0
7.71535 3.514 0
-52.7704 0.824267 0
-169.86 11.3511 31.9169
9.0421 18.2193 0
173.062 279.864 92.4613
0.677296 1.95072 0
890.38 -532.459 65.0076
-0.4646 -1.56567 0
-0.591607 -3.62413 0
2.30896 -3.81121 0
8.87064 2.49487 0
-25.0218 -35.0476 0
-427.064 300.503 481.383
2.02148 0.0339261 0
2.11607 -0.916237 0
-0.372996 1.29656 0
-52.4281 36.3291 109.093
-157.942 216.371 273.195
-66.8228 77.6558 12.2123
-0.572582 1.44436 0
83.4183 -42.5996 0
1.17197 -2.42673 0
52.4593 144.675 0
3.08802 4.59644 0
0.187406 -1.82511 0
53.3639 60.7233 0
7.05691 20.7379 126.882
51.8652 1.69691 0
-88.6576 15.2026 67.256
-24.1165 0.000906573 0
-8.44237 -0.237996 0
-42.9489 11.8274 0
3.3638 20.488 0
17.2187 19.5682 0
12.033 0.395527 0
4.48737 1.34832 0
-25.0804 -17.0928 0
-64.731 -93.2566 80.4916
-17.0236 25.3645 47.192
50.8631 -275.264 94.1427
-23.9344 -96.4187 25.6252
-4.36662 4.03374 0
-33.9767 -43.2498 2.26339
-42.8878 -96.0096 6.39089
2.30568 3.92936 0
123.962 21.1889 0
64.1688 12.9205 0
-108.631 -89.7053 104.234
-525.424 -25.1056 266.953
1.38637 -1.57313 0
-64.0952 -64.8021 155.481
52.4249 -19.8587 0
87.5527 231.201 118.363
64.7249 -38.8453 0
1.83387 5.04441 0
13.046 -6.71901 0
12.2279 1.42356 0
7.20383 -1.72151 0
51.6841 -220.123 0
-1.1987 -2.07651 0
21.7263 1.8069 0
-92.831 -3.5487 71.1354
-24.1071 0.301943 0
-32.2519 -73.3971 0
-105.25 16.5221 0
-155.155 -223.363 7.53305
-88.2742 -60.7332 17.9055
-14.2824 17.1819 76.9946
15.0811 -3.26354 0
-35.7113 -15.6734 0
203.789 208.414 191.632
0.396101 1.82811 0
-0.737516 0.471989 0
-230.245 88.6171 44.5173
9.81619 18.8509 0
2.71016 12.3692 0
2.87454 1.90398 0
-8.15182 -0.767195 0
2.34689 0.224988 0
16.7408 5.9436 0
-70.3664 11.0108 0
-7.82788 -18.6071 0
-307.612 182.753 16.1156
-91.2087 -94.1041 0
-2.90743 -3.21253 0
2.5352 0.0423092 0
0.822503 31.825 0
29.5331 84.2683 0
-45.0533 109.845 180.694
1.9588 0.594173 0
12.2991 17.6557 0
1.02918 1.69405 0
-127.067 -16.4954 7.49858
0.904078 -3.43088 0
2.08481 -0.292322 0
-1.86531 -19.5397 0
-0.226184 -1.65903 0
-163.433 -60.3194 88.6028
0.413597 -1.87211 0
7.61415 -49.2285 0
7.49346 4.51395 0
0.653854 -2.80126 0
0.53647 -9.49427 0
5.13992 28.5493 0
0.515152 -1.90577 0
0.900844 -122.456 126.836
0.900934 -82.6965 0
2.78681 1.06479 0
0.857501 -2.80477 0
5.29514 -4.72708 0
-15.0642 -14.1342 0
4.5895 -3.42155 0
-9.20049 -74.4895 0
2.00999 -2.46282 0
2.85666 -0.674994 0
0.90021 -0.30012 43.6026
0.900174 -0.300092 137.236
0.900493 -0.300195 46.7988
-67.3669 -7.73195 0
-7.23033 -1.3321 0
-81.6693 37.0942 53.6764
27.3632 3.37631 0
-4.48313 10.6645 0
3.87515 1.11847 0
-13.7473 44.2664 7.48287
-0.193951 5.92577 0
-0.537372 5.36637 0
-3.66008 135.15 25.4653
0.901304 24.6825 0
10.6 13.3781 0
178.644 5.61138 0
-27.7699 -23.3888 3.41416
-8.67006 12.6146 0
-3.72787 0.761472 0
-59.9364 117.52 0
-6.02458 -19.6074 0
-4.56187 -41.7726 0
2.55585 1.61378 0
-2.5707 -107.695 66.5122
-0.0712158 -58.542 0
-15.7241 9.49618 0
-7.25472 -158.36 23.5891
-17.2576 37.27 0
3.42605 -5.99668 0
-39.3481 23.4288 0
6.07675 -5.09555 0
1.16079 -2.11812 0
1.99088 -1.81675 0
0.900109 -1.1963e-06 43.6089
0.900162 -2.67236e-08 137.335
0.900684 -1.73161e-06 46.8855
13.0385 -41.0685 30.1335
-1.21166 -1.70947 0
-34.4503 -16.7101 0
-207.238 54.2575 95.9997
-56.8137 -9.76769 98.7926
189.917 -145.1 33.9341
38.5577 -34.4437 82.2759
9.81686 -10.2713 1.04261
2.4373 -2.0571 0
-5.69324 70.8923 66.2587
-5.74033 56.4957 36.1514
-0.3334 1.25397 0
-85.6001 5.63198 30.4806
-1.61103 -13.4075 0
-22.9236 23.7568 0
-69.8508 131.642 21.7572
0.383408 -2.43342 0
2.72941 17.6013 0
1.62202 1.32215 0
2.60332 15.2438 0
-2.60026 -107.932 68.195
2.0614 -16.4366 23.6399
-54.3336 -41.7181 0
3.15046 2.25449 0
-88.0815 28.8323 0
4.56072 0.207902 0
0.660656 -2.46529 0
-1.88255 -1.43225 0
16.1482 -126.736 0
0.923018 1.99492 0
0.901026 0.299991 43.6039
0.900324 0.300062 137.237
0.901649 0.300184 46.8005
-12.3979 18.6422 15.4661
0.70373 -4.95918 0
-52.4371 -47.3662 15.0556
1.37505 1.53486 0
-38.1214 23.9343 0
-3.67926 5.28979 0
-10.5718 -65.1371 17.4524
2.11104 1.01955 0
-0.724467 1.82894 0
0.900842 142.073 115.081
0.171734 87.8058 0
-3.15867 -4.60359 0
-11.2133 -26.1476 0
-5.90187 -0.638537 0
-3.42053 -3.99255 0
18.4074 12.6051 0
-27.1204 -117.449 0
-71.6885 40.3722 3.38694
0.604719 1.54431 0
0.909739 3.41765 0
54.1772 235.749 124.834
0.594585 7.448 0
-44.17 82.4003 0
-107.48 6.05991 65.8453
1.30638 1.33868 0
-2.38785 0.613695 0
123.372 -32.1213 0
19.2212 -223.679 27.0544
-5.63525 -3.46278 3.34155
2.99453 -0.075046 0
0.833907 1.70773 0
-222.901 52.3493 0
87.4289 81.5123 0
1.9943 -3.15327 0
-53.1474 27.8703 4.57696
2.0752 -1.39819 0
12.6731 -116.422 0
-2.87844 -10.7547 0
0.497198 -2.44761 0
0.308598 -2.29929 0
0.446798 -1.79409 0
2.45067 -0.632678 0
162.796 -140.711 193.343
0.167867 1.83397 0
0.551753 6.51382 0
7.46455 -8.16097 0
109.15 -134.563 20.6301
-24.6639 -37.3229 141.2
21.6743 -57.5192 0
177.471 80.735 0
0.931822 2.19408 0
-45.8309 -97.5589 0
119.293 25.3343 0
142.746 -0.300046 115.026
94.2047 -0.299106 0
-8.82391 0.826182 0
0.332078 -2.37108 36.7652
150.067 72.5183 5.92941
50.4075 29.3871 0
-19.2968 -37.9626 53.9335
22.7975 8.19978 0
0.144601 1.46215 0
-59.2573 43.9396 0
2.27305 0.758585 0
1.90582 2.79132 0
-117.566 144.593 0
-110.998 84.7934 0
33.8626 -6.27186 0
-80.0814 -8.57142 0
-118.721 69.502 12.5519
34.0615 -173.055 0
-46.495 -44.4022 11.2006
3.22882 -0.117185 0
-25.2798 -17.0714 0
66.0358 -117.333 35.2731
14.778 -15.237 0
-228.298 354.991 50.4326
-6.47899 29.5413 0
-10.0911 3.25769 0
5.5601 -1.76479 0
132.491 -129.161 0
-47.7778 20.9924 0
-4.77688 13.3297 0
0.81969 2.5421 0
4.0299 4.12876 0
-0.598341 -2.51107 0
142.63 9.26753e-06 115.135
94.2261 0.00713755 0
-4.47713 -0.185909 0
-1.42152 -1.55362 0
2.56506 -3.18571 0
-44.0749 -6.00698 20.2851
154.897 -62.8132 139.271
-41.0039 -33.851 0
1.74585 3.23193 0
-114.109 144.713 123.284
-86.0816 -10.1978 23.384
11.2235 13.6071 0
-40.1701 79.3856 0
-79.793 -53.2335 0
10.5422 6.2585 0
2.22116 -0.530912 0
-103.568 -50.8454 0
-60.7081 -47.8696 53.4906
3.00043 42.5003 0
-195.76 31.6491 183.031
-126.641 42.3952 38.6059
1.82097 0.840583 0
1.23398 -2.24998 0
-1.24841 -1.62743 0
-117.078 24.1661 0
-14.1339 0.69275 0
2.05992 0.437552 0
-3.35924 -15.5044 0
-71.4575 -140.274 0
29.909 39.1251 0
-21.7529 -36.1215 0
168.242 119.635 0
-0.419923 -1.43562 0
142.746 0.300054 115.026
94.2249 0.313454 0
-8.83517 -1.34624 0
25.424 -156.452 24.5542
37.4925 -61.4941 0
-2.72498 5.44346 0
-0.900596 -1.87853 0
-0.693496 2.12185 0
-2.80614 6.86533 0
-5.80844 5.61733 0
1.53133 1.44654 0
-5.14249 10.4541 0
2.43479 1.81145 0
125.783 144.884 5.86431
15.3571 14.0748 0
10.3118 -0.789286 0
6.23495 -0.364068 0
41.454 34.0325 86.6058
8.31431 64.3365 0
187.317 24.4327 0
-20.4816 13.8991 0
2.52119 -0.1882 0
-1.08782 1.46378 0
90.2054 -79.8504 0
-48.6029 -114.08 7.20537
1.36292 7.54718 0
-9.02584 -20.3509 0
2.57555 0.527467 0
-3.87705 -5.77427 0
17.678 -1.48495 0
1.28412 1.36031 0
1.32405 -2.49692 0
VERTICES 2541 5082
1 0
1 1
1 2
1 3
1 4
1 5
1 6
1 7
1 8
1 9
1 10
1 11
1 12
1 13
1 14
1 15
1 16
1 17
1 18
1 19
1 20
1 21
1 22
1 23
1 24
1 25
1 26
1 27
1 28
1 29
1 30
1 31
1 32
1 33
1 34
1 35
1 36
1 37
1 38
1 39
1 40
1 41
1 42
1 43
1 44
1 45
1 46
1 47
1 48
1 49
1 50
1 51
1 52
1 53
1 54
1 55
1 56
1 57
1 58
1 59
1 60
1 61
1 62
1 63
1 64
1 65
1 66
1 67
1 68
1 69
1 70
1 71
1 72
1 73
1 74
1 75
1 76
1 77
1 78
1 79
1 80
1 81
1 82
1 83
1 84
1 85
1 86
1 87
1 88
1 89
1 90
1 91
1 92
1 93
1 94
1 95
1 96
1 97
1 98
1 99
1 100
1 101
1 102
1 103
1 104
1 105
1 106
1 107
1 108
1 109
1 110
1 111
1 112
1 113
1 114
1 115
1 116
1 117
1 118
1 119
1 120
1 121
1 122
1 123
1 124
1 125
1 126
1 127
1 128
1 129
1 130
1 131
1 132
1 133
1 134
1 135
1 136
1 137
1 138
1 139
1 140
1 141
1 142
1 143
1 144
1 145
1 146
1 147
1 148
1 149
1 150
1 151
1 152
1 153
1 154
1 155
1 156
1 157
1 158
1 159
1 160
1 161
1 162
1 163
1 164
1 165
1 166
1 167
1 168
1 169
1 170
1 171
1 172
1 173
1 174
1 175
1 176
1 177
1 178
1 179
1 180
1 181
1 182
1 183
1 184
1 185
1 186
1 187
1 188
1 189
1 190
1 191
1 192
1 193
1 194
1 195
1 196
1 197
1 198
1 199
1 200
1 201
1 202
1 203
1 204
1 205
1 206
1 207
1 208
1 209
1 210
1 211
1 212
1 213
1 214
1 215
1 216
1 217
1 218
1 219
1 220
1 221
1 222
1 223
1 224
1 225
1 226
1 227
1 228
1 229
1 230
1 231
1 232
1 233
1 234
1 235
1 236
1 237
1 238
1 239
1 240
1 241
1 242
1 243
1 244
1 245
1 246
1 247
1 248
1 249
1 250
1 251
1 252
1 253
1 254
1 255
1 256
1 257
1 258
1 259
1 260
1 261
1 262
1 263
1 264
1 265
1 266
1 267
1 268
1 269
1 270
1 271
1 272
1 273
1 274
1 275
1 276
1 277
1 278
1 279
1 280
1 281
1 282
1 283
1 284
1 285
1 286
1 287
1 288
1 289
1 290
1 291
1 292
1 293
1 294
1 295
1 296
1 297
1 298
1 299
1 300
1 301
1 302
1 303
1 304
1 305
1 306
1 307
1 308
1 309
1 310
1 311
1 312
1 313
1 314
1 315
1 316
1 317
1 318
1 319
1 320
1 321
1 322
1 323
1 324
1 325
1 326
1 327
1 328
1 329
1 330
1 331
1 332
1 333
1 334
1 335
1 336
1 337
1 338
1 339
1 340
1 341
1 342
1 343
1 344
1 345
1 346
1 347
1 348
1 349
1 350
1 351
1 352
1 353
1 354
1 355
1 356
1 357
1 358
1 359
1 360
1 361
1 362
1 363
1 364
1 365
1 366
1 367
1 368
1 369
1 370
1 371
1 372
1 373
1 374
1 375
1 376
1 377
1 378
1 379
1 380
1 381
1 382
1 383
1 384
1 385
1 386
1 387
1 388
1 389
1 390
1 391
1 392
1 393
1 394
1 395
1 396
1 397
1 398
1 399
1 400
1 401
1 402
1 403
1 404
1 405
1 406
1 407
1 408
1 409
1 410
1 411
1 412
1 413
1 414
1 415
1 416
1 417
1 418
1 419
1 420
1 421
1 422
1 423
1 424
1 425
1 426
1 427
1 428
1 429
1 430
1 431
1 432
1 433
1 434
1 435
1 436
1 437
1 438
1 439
1 440
1 441
1 442
1 443
1 444
1 445
1 446
1 447
1 448
1 449
1 450
1 451
1 452
1 453
1 454
1 455
1 456
1 457
1 458
1 459
1 460
1 461
1 462
1 463
1 464
1 465
1 466
1 467
1 468
1 469
1 470
1 471
1 472
1 473
1 474
1 475
1 476
1 477
1 478
1 479
1 480
1 481
1 482
1 483
1 484
1 485
1 486
1 487
1 488
1 489
1 490
1 491
1 492
1 493
1 494
1 495
1 496
1 497
1 498
1 499
1 500
1 501
1 502
1 503
1 504
1 505
1 506
1 507
1 508
1 509
1 510
1 511
1 512
1 513
1 514
1 515
1 516
1 517
1 518
1 519
1 520
1 521
1 522
1 523
1 524
1 525
1 526
1 527
1 528
1 529
1 530
1 531
1 532
1 533
1 534
1 535
1 536
1 537
1 538
1 539
1 540
1 541
1 542
1 543
1 544
1 545
1 546
1 547
1 548
1 549
1 550
1 551
1 552
1 553
1 554
1 555
1 556
1 557
1 558
1 559
1 560
1 561
1 562
1 563
1 564
1 565
1 566
1 567
1 568
1 569
1 570
1 571
1 572
1 573
1 574
1 575
1 576
1 577
1 578
1 579
1 580
1 581
1 582
1 583
1 584
1 585
1 586
1 587
1 588
1 589
1 590
1 591
1 592
1 593
1 594
1 595
1 596
1 597
1 598
1 599
1 600
1 601
1 602
1 603
1 604
1 605
1 606
1 607
1 608
1 609
1 610
1 611
1 612
1 613
1 614
1 615
1 616
1 617
1 618
1 619
1 620
1 621
1 622
1 623
1 624
1 625
1 626
1 627
1 628
1 629
1 630
1 631
1 632
1 633
1 634
1 635
1 636
1 637
1 638
1 639
1 640
1 641
1 642
1 643
1 644
1 645
1 646
1 647
1 648
1 649
1 650
1 651
1 652
1 653
1 654
1 655
1 656
1 657
1 658
1 659
1 660
1 661
1 662
1 663
1 664
1 665
1 666
1 667
1 668
1 669
1 670
1 671
1 672
1 673
1 674
1 675
1 676
1 677
1 678
1 679
1 680
1 681
1 682
1 683
1 684
1 685
1 686
1 687
1 688
1 689
1 690
1 691
1 692
1 693
1 694
1 695
1 696
1 697
1 698
1 699
1 700
1 701
1 702
1 703
1 704
1 705
1 706
1 707
1 708
1 709
1 710
1 711
1 712
1 713
1 714
1 715
1 716
1 717
1 718
1 719
1 720
1 721
1 722
1 723
1 724
1 725
1 726
1 727
1 728
1 729
1 730
1 731
1 732
1 733
1 734
1 735
1 736
1 737
1 738
1 739
1 740
1 741
1 742
1 743
1 744
1 745
1 746
1 747
1 748
1 749
1 750
1 751
1 752
1 753
1 754
1 755
1 756
1 757
1 758
1 759
1 760
1 761
1 762
1 763
1 764
1 765
1 766
1 767
1 768
1 769
1 770
1 771
1 772
1 773
1 774
1 775
1 776
1 777
1 778
1 779
1 780
1 781
1 782
1 783
1 784
1 785
1 786
1 787
1 788
1 789
1 790
1 791
1 792
1 793
1 794
1 795
1 796
1 797
1 798
1 799
1 800
1 801
1 802
1 803
1 804
1 805
1 806
1 807
1 808
1 809
1 810
1 811
1 812
1 813
1 814
1 815
1 816
1 817
1 818
1 819
1 820
1 821
1 822
1 823
1 824
1 825
1 826
1 827
1 828
1 829
1 830
1 831
1 832
1 833
1 834
1 835
1 836
1 837
1 838
1 839
1 840
1 841
1 842
1 843
1 844
1 845
1 846
1 847
1 848
1 849
1 850
1 851
1 852
1 853
1 854
1 855
1 856
1 857
1 858
1 859
1 860
1 861
1 862
1 863
1 864
1 865
1 866
1 867
1 868
1 869
1 870
1 871
1 872
1 873
1 874
1 875
1 876
1 877
1 878
1 879
1 880
1 881
1 882
1 883
1 884
1 885
1 886
1 887
1 888
1 889
1 890
1 891
1 892
1 893
1 894
1 895
1 896
1 897
1 898
1 899
1 900
1 901
1 902
1 903
1 904
1 905
1 906
1 907
1 908
1 909
1 910
1 911
1 912
1 913
1 914
1 915
1 916
1 917
1 918
1 919
1 920
1 921
1 922
1 923
1 924
1 925
1 926
1 927
1 928
1 929
1 930
1 931
1 932
1 933
1 934
1 935
1 936
1 937
1 938
1 939
1 940
1 941
1 942
1 943
1 944
1 945
1 946
1 947
1 948
1 949
1 950
1 951
1 952
1 953
1 954
1 955
1 956
1 957
1 958
1 959
1 960
1 961
1 962
1 963
1 964
1 965
1 966
1 967
1 968
1 969
1 970
1 971
1 972
1 973
1 974
1 975
1 976
1 977
1 978
1 979
1 980
1 981
1 982
1 983
1 984
1 985
1 986
1 987
1 988
1 989
1 990
1 991
1 992
1 993
1 994
1 995
1 996
1 997
1 998
1 999
1 1000
1 1001
1 1002
1 1003
1 1004
1 1005
1 1006
1 1007
1 1008
1 1009
1 1010
1 1011
1 1012
1 1013
1 1014
1 1015
1 1016
1 1017
1 1018
1 1019
1 1020
1 1021
1 1022
1 1023
1 1024
1 1025
1 1026
1 1027
1 1028
1 1029
1 1030
1 1031
1 1032
1 1033
1 1034
1 1035
1 1036
1 1037
1 1038
1 1039
1 1040
1 1041
1 1042
1 1043
1 1044
1 1045
1 1046
1 1047
1 1048
1 1049
1 1050
1 1051
1 1052
1 1053
1 1054
1 1055
1 1056
1 1057
1 1058
1 1059
1 1060
1 1061
1 1062
1 1063
1 1064
1 1065
1 1066
1 1067
1 1068
1 1069
1 1070
1 1071
1 1072
1 1073
1 1074
1 1075
1 1076
1 1077
1 1078
1 1079
1 1080
1 1081
1 1082
1 1083
1 1084
1 1085
1 1086
1 1087
1 1088
1 1089
1 1090
1 1091
1 1092
1 1093
1 1094
1 1095
1 1096
1 1097
1 1098
1 1099
1 1100
1 1101
1 1102
1 1103
1 1104
1 1105
1 1106
1 1107
1 1108
1 1109
1 1110
1 1111
1 1112
1 1113
1 1114
1 1115
1 1116
1 1117
1 1118
1 1119
1 1120
1 1121
1 1122
1 1123
1 1124
1 1125
1 1126
1 1127
1 1128
1 1129
1 1130
1 1131
1 1132
1 1133
1 1134
1 1135
1 1136
1 1137
1 1138
1 1139
1 1140
1 1141
1 1142
1 1143
1 1144
1 1145
1 1146
1 1147
1 1148
1 1149
1 1150
1 1151
1 1152
1 1153
1 1154
1 1155
1 1156
1 1157
1 1158
1 1159
1 1160
1 1161
1 1162
1 1163
1 1164
1 1165
1 1166
1 1167
1 1168
1 1169
1 1170
1 1171
1 1172
1 1173
1 1174
1 1175
1 1176
1 1177
1 1178
1 1179
1 1180
1 1181
1 1182
1 1183
1 1184
1 1185
1 1186
1 1187
1 1188
1 1189
1 1190
1 1191
1 1192
1 1193
1 1194
1 1195
1 1196
1 1197
1 1198
1 1199
1 1200
1 1201
1 1202
1 1203
1 1204
1 1205
1 1206
1 1207
1 1208
1 1209
1 1210
1 1211
1 1212
1 1213
1 1214
1 1215
1 1216
1 1217
1 1218
1 1219
1 1220
1 1221
1 1222
1 1223
1 1224
1 1225
1 1226
1 1227
1 1228
1 1229
1 1230
1 1231
1 1232
1 1233
1 1234
1 1235
1 1236
1 1237
1 1238
1 1239
1 1240
1 1241
1 1242
1 1243
1 1244
1 1245
1 1246
1 1247
1 1248
1 1249
1 1250
1 1251
1 1252
1 1253
1 1254
1 1255
1 1256
1 1257
1 1258
1 1259
1 1260
1 1261
1 1262
1 1263
1 1264
1 1265
1 1266
1 1267
1 1268
1 1269
1 1270
1 1271
1 1272
1 1273
1 1274
1 1275
1 1276
1 1277
1 1278
1 1279
1 1280
1 1281
1 1282
1 1283
1 1284
1 1285
1 1286
1 1287
1 1288
1 1289
1 1290
1 1291
1 1292
1 1293
1 1294
1 1295
1 1296
1 1297
1 1298
1 1299
1 1300
1 1301
1 1302
1 1303
1 1304
1 1305
1 1306
1 1307
1 1308
1 1309
1 1310
1 1311
1 1312
1 1313
1 1314
1 1315
1 1316
1 1317
1 1318
1 1319
1 1320
1 1321
1 1322
1 1323
1 1324
1 1325
1 1326
1 1327
1 1328
1 1329
1 1330
1 1331
1 1332
1 1333
1 1334
1 1335
1 1336
1 1337
1 1338
1 1339
1 1340
1 1341
1 1342
1 1343
1 1344
1 1345
1 1346
1 1347
1 1348
1 1349
1 1350
1 1351
1 1352
1 1353
1 1354
1 1355
1 1356
1 1357
1 1358
1 1359
1 1360
1 1361
1 1362
1 1363
1 1364
1 1365
1 1366
1 1367
1 1368
1 1369
1 1370
1 1371
1 1372
1 1373
1 1374
1 1375
1 1376
1 1377
1 1378
1 1379
1 1380
1 1381
1 1382
1 1383
1 1384
1 1385
1 1386
1 1387
1 1388
1 1389
1 1390
1 1391
1 1392
1 1393
1 1394
1 1395
1 1396
1 1397
1 1398
1 1399
1 1400
1 1401
1 1402
1 1403
1 1404
1 1405
1 1406
1 1407
1 1408
1 1409
1 1410
1 1411
1 1412
1 1413
1 1414
1 1415
1 1416
1 1417
1 1418
1 1419
1 1420
1 1421
1 1422
1 1423
1 1424
1 1425
1 1426
1 1427
1 1428
1 1429
1 1430
1 1431
1 1432
1 1433
1 1434
1 1435
1 1436
1 1437
1 1438
1 1439
1 1440
1 1441
1 1442
1 1443
1 1444
1 1445
1 1446
1 1447
1 1448
1 1449
1 1450
1 1451
1 1452
1 1453
1 1454
1 1455
1 1456
1 1457
1 1458
1 1459
1 1460
1 1461
1 1462
1 1463
1 1464
1 1465
1 1466
1 1467
1 1468
1 1469
1 1470
1 1471
1 1472
1 1473
1 1474
1 1475
1 1476
1 1477
1 1478
1 1479
1 1480
1 1481
1 1482
1 1483
1 1484
1 1485
1 1486
1 1487
1 1488
1 1489
1 1490
1 1491
1 1492
1 1493
1 1494
1 1495
1 1496
1 1497
1 1498
1 1499
1 1500
1 1501
1 1502
1 1503
1 1504
1 1505
1 1506
1 1507
1 1508
1 1509
1 1510
1 1511
1 1512
1 1513
1 1514
1 1515
1 1516
1 1517
1 1518
1 1519
1 1520
1 1521
1 1522
1 1523
1 1524
1 1525
1 1526
1 1527
1 1528
1 1529
1 1530
1 1531
1 1532
1 1533
1 1534
1 1535
1 1536
1 1537
1 1538
1 1539
1 1540
1 1541
1 1542
1 1543
1 1544
1 1545
1 1546
1 1547
1 1548
1 1549
1 1550
1 1551
1 1552
1 1553
1 1554
1 1555
1 1556
1 1557
1 1558
1 1559
1 1560
1 1561
1 1562
1 1563
1 1564
1 1565
1 1566
1 1567
1 1568
1 1569
1 1570
1 1571
1 1572
1 1573
1 1574
1 1575
1 1576
1 1577
1 1578
1 1579
1 1580
1 1581
1 1582
1 1583
1 1584
1 1585
1 1586
1 1587
1 1588
1 1589
1 1590
1 1591
1 1592
1 1593
1 1594
1 1595
1 1596
1 1597
1 1598
1 1599
1 1600
1 1601
1 1602
1 1603
1 1604
1 1605
1 1606
1 1607
1 1608
1 1609
1 1610
1 1611
1 1612
1 1613
1 1614
1 1615
1 1616
1 1617
1 1618
1 1619
1 1620
1 1621
1 1622
1 1623
1 1624
1 1625
1 1626
1 1627
1 1628
1 1629
1 1630
1 1631
1 1632
1 1633
1 1634
1 1635
1 1636
1 1637
1 1638
1 1639
1 1640
1 1641
1 1642
1 1643
1 1644
1 1645
1 1646
1 1647
1 1648
1 1649
1 1650
1 1651
1 1652
1 1653
1 1654
1 1655
1 1656
1 1657
1 1658
1 1659
1 1660
1 1661
1 1662
1 1663
1 1664
1 1665
1 1666
1 1667
1 1668
1 1669
1 1670
1 1671
1 1672
1 1673
1 1674
1 1675
1 1676
1 1677
1 1678
1 1679
1 1680
1 1681
1 1682
1 1683
1 1684
1 1685
1 1686
1 1687
1 1688
1 1689
1 1690
1 1691
1 1692
1 1693
1 1694
1 1695
1 1696
1 1697
1 1698
1 1699
1 1700
1 1701
1 1702
1 1703
1 1704
1 1705
1 1706
1 1707
1 1708
1 1709
1 1710
1 1711
1 1712
1 1713
1 1714
1 1715
1 1716
1 1717
1 1718
1 1719
1 1720
1 1721
1 1722
1 1723
1 1724
1 1725
1 1726
1 1727
1 1728
1 1729
1 1730
1 1731
1 1732
1 1733
1 1734
1 1735
1 1736
1 1737
1 1738
1 1739
1 1740
1 1741
1 1742
1 1743
1 1744
1 1745
1 1746
1 1747
1 1748
1 1749
1 1750
1 1751
1 1752
1 1753
1 1754
1 1755
1 1756
1 1757
1 1758
1 1759
1 1760
1 1761
1 1762
1 1763
1 1764
1 1765
1 1766
1 1767
1 1768
1 1769
1 1770
1 1771
1 1772
1 1773
1 1774
1 1775
1 1776
1 1777
1 1778
1 1779
1 1780
1 1781
1 1782
1 1783
1 1784
1 1785
1 1786
1 1787
1 1788
1 1789
1 1790
1 1791
1 1792
1 1793
1 1794
1 1795
1 1796
1 1797
1 1798
1 1799
1 1800
1 1801
1 1802
1 1803
1 1804
1 1805
1 1806
1 1807
1 1808
1 1809
1 1810
1 1811
1 1812
1 1813
1 1814
1 1815
1 1816
1 1817
1 1818
1 1819
1 1820
1 1821
1 1822
1 1823
1 1824
1 1825
1 1826
1 1827
1 1828
1 1829
1 1830
1 1831
1 1832
1 1833
1 1834
1 1835
1 1836
1 1837
1 1838
1 1839
1 1840
1 1841
1 1842
1 1843
1 1844
1 1845
1 1846
1 1847
1 1848
1 1849
1 1850
1 1851
1 1852
1 1853
1 1854
1 1855
1 1856
1 1857
1 1858
1 1859
1 1860
1 1861
1 1862
1 1863
1 1864
1 1865
1 1866
1 1867
1 1868
1 1869
1 1870
1 1871
1 1872
1 1873
1 1874
1 1875
1 1876
1 1877
1 1878
1 1879
1 1880
1 1881
1 1882
1 1883
1 1884
1 1885
1 1886
1 1887
1 1888
1 1889
1 1890
1 1891
1 1892
1 1893
1 1894
1 1895
1 1896
1 1897
1 1898
1 1899
1 1900
1 1901
1 1902
1 1903
1 1904
1 1905
1 1906
1 1907
1 1908
1 1909
1 1910
1 1911
1 1912
1 1913
1 1914
1 1915
1 1916
1 1917
1 1918
1 1919
1 1920
1 1921
1 1922
1 1923
1 1924
1 1925
1 1926
1 1927
1 1928
1 1929
1 1930
1 1931
1 1932
1 1933
1 1934
1 1935
1 1936
1 1937
1 1938
1 1939
1 1940
1 1941
1 1942
1 1943
1 1944
1 1945
1 1946
1 1947
1 1948
1 1949
1 1950
1 1951
1 1952
1 1953
1 1954
1 1955
1 1956
1 1957
1 1958
1 1959
1 1960
1 1961
1 1962
1 1963
1 1964
1 1965
1 1966
1 1967
1 1968
1 1969
1 1970
1 1971
1 1972
1 1973
1 1974
1 1975
1 1976
1 1977
1 1978
1 1979
1 1980
1 1981
1 1982
1 1983
1 1984
1 1985
1 1986
1 1987
1 1988
1 1989
1 1990
1 1991
1 1992
1 1993
1 1994
1 1995
1 1996
1 1997
1 1998
1 1999
1 2000
1 2001
1 2002
1 2003
1 2004
1 2005
1 2006
1 2007
1 2008
1 2009
1 2010
1 2011
1 2012
1 2013
1 2014
1 2015
1 2016
1 2017
1 2018
1 2019
1 2020
1 2021
1 2022
1 2023
1 2024
1 2025
1 2026
1 2027
1 2028
1 2029
1 2030
1 2031
1 2032
1 2033
1 2034
1 2035
1 2036
1 2037
1 2038
1 2039
1 2040
1 2041
1 2042
1 2043
1 2044
1 2045
1 2046
1 2047
1 2048
1 2049
1 2050
1 2051
1 2052
1 2053
1 2054
1 2055
1 2056
1 2057
1 2058
1 2059
1 2060
1 2061
1 2062
1 2063
1 2064
1 2065
1 2066
1 2067
1 2068
1 2069
1 2070
1 2071
1 2072
1 2073
1 2074
1 2075
1 2076
1 2077
1 2078
1 2079
1 2080
1 2081
1 2082
1 2083
1 2084
1 2085
1 2086
1 2087
1 2088
1 2089
1 2090
1 2091
1 2092
1 2093
1 2094
1 2095
1 2096
1 2097
1 2098
1 2099
1 2100
1 2101
1 2102
1 2103
1 2104
1 2105
1 2106
1 2107
1 2108
1 2109
1 2110
1 2111
1 2112
1 2113
1 2114
1 2115
1 2116
1 2117
1 2118
1 2119
1 2120
1 2121
1 2122
1 2123
1 2124
1 2125
1 2126
1 2127
1 2128
1 2129
1 2130
1 2131
1 2132
1 2133
1 2134
1 2135
1 2136
1 2137
1 2138
1 2139
1 2140
1 2141
1 2142
1 2143
1 2144
1 2145
1 2146
1 2147
1 2148
1 2149
1 2150
1 2151
1 2152
1 2153
1 2154
1 2155
1 2156
1 2157
1 2158
1 2159
1 2160
1 2161
1 2162
1 2163
1 2164
1 2165
1 2166
1 2167
1 2168
1 2169
1 2170
1 2171
1 2172
1 2173
1 2174
1 2175
1 2176
1 2177
1 2178
1 2179
1 2180
1 2181
1 2182
1 2183
1 2184
1 2185
1 2186
1 2187
1 2188
1 2189
1 2190
1 2191
1 2192
1 2193
1 2194
1 2195
1 2196
1 2197
1 2198
1 2199
1 2200
1 2201
1 2202
1 2203
1 2204
1 2205
1 2206
1 2207
1 2208
1 2209
1 2210
1 2211
1 2212
1 2213
1 2214
1 2215
1 2216
1 2217
1 2218
1 2219
1 2220
1 2221
1 2222
1 2223
1 2224
1 2225
1 2226
1 2227
1 2228
1 2229
1 2230
1 2231
1 2232
1 2233
1 2234
1 2235
1 2236
1 2237
1 2238
1 2239
1 2240
1 2241
1 2242
1 2243
1 2244
1 2245
1 2246
1 2247
1 2248
1 2249
1 2250
1 2251
1 2252
1 2253
1 2254
1 2255
1 2256
1 2257
1 2258
1 2259
1 2260
1 2261
1 2262
1 2263
1 2264
1 2265
1 2266
1 2267
1 2268
1 2269
1 2270
1 2271
1 2272
1 2273
1 2274
1 2275
1 2276
1 2277
1 2278
1 2279
1 2280
1 2281
1 2282
1 2283
1 2284
1 2285
1 2286
1 2287
1 2288
1 2289
1 2290
1 2291
1 2292
1 2293
1 2294
1 2295
1 2296
1 2297
1 2298
1 2299
1 2300
1 2301
1 2302
1 2303
1 2304
1 2305
1 2306
1 2307
1 2308
1 2309
1 2310
1 2311
1 2312
1 2313
1 2314
1 2315
1 2316
1 2317
1 2318
1 2319
1 2320
1 2321
1 2322
1 2323
1 2324
1 2325
1 2326
1 2327
1 2328
1 2329
1 2330
1 2331
1 2332
1 2333
1 2334
1 2335
1 2336
1 2337
1 2338
1 2339
1 2340
1 2341
1 2342
1 2343
1 2344
1 2345
1 2346
1 2347
1 2348
1 2349
1 2350
1 2351
1 2352
1 2353
1 2354
1 2355
1 2356
1 2357
1 2358
1 2359
1 2360
1 2361
1 2362
1 2363
1 2364
1 2365
1 2366
1 2367
1 2368
1 2369
1 2370
1 2371
1 2372
1 2373
1 2374
1 2375
1 2376
1 2377
1 2378
1 2379
1 2380
1 2381
1 2382
1 2383
1 2384
1 2385
1 2386
1 2387
1 2388
1 2389
1 2390
1 2391
1 2392
1 2393
1 2394
1 2395
1 2396
1 2397
1 2398
1 2399
1 2400
1 2401
1 2402
1 2403
1 2404
1 2405
1 2406
1 2407
1 2408
1 2409
1 2410
1 2411
1 2412
1 2413
1 2414
1 2415
1 2416
1 2417
1 2418
1 2419
1 2420
1 2421
1 2422
1 2423
1 2424
1 2425
1 2426
1 2427
1 2428
1 2429
1 2430
1 2431
1 2432
1 2433
1 2434
1 2435
1 2436
1 2437
1 2438
1 2439
1 2440
1 2441
1 2442
1 2443
1 2444
1 2445
1 2446
1 2447
1 2448
1 2449
1 2450
1 2451
1 2452
1 2453
1 2454
1 2455
1 2456
1 2457
1 2458
1 2459
1 2460
1 2461
1 2462
1 2463
1 2464
1 2465
1 2466
1 2467
1 2468
1 2469
1 2470
1 2471
1 2472
1 2473
1 2474
1 2475
1 2476
1 2477
1 2478
1 2479
1 2480
1 2481
1 2482
1 2483
1 2484
1 2485
1 2486
1 2487
1 2488
1 2489
1 2490
1 2491
1 2492
1 2493
1 2494
1 2495
1 2496
1 2497
1 2498
1 2499
1 2500
1 2501
1 2502
1 2503
1 2504
1 2505
1 2506
1 2507
1 2508
1 2509
1 2510
1 2511
1 2512
1 2513
1 2514
1 2515
1 2516
1 2517
1 2518
1 2519
1 2520
1 2521
1 2522
1 2523
1 2524
1 2525
1 2526
1 2527
1 2528
1 2529
1 2530
1 2531
1 2532
1 2533
1 2534
1 2535
1 2536
1 2537
1 2538
1 2539
1 2540
POINT_DATA 2541
SCALARS density float 1
LOOKUP_TABLE default
500
500
500
500
500
500
500
500
500
500
500
500
500
500
500
500
500
500
500
500
500
500
500
500
500
500
500
500
500
500
500
500
500
500
500
500
500
500
500
500
500
500
500
500
500
500
500
500
500
500
500
500
500
500
500
500
500
500
500
500
500
500
500
500
500
500
500
500
500
500
500
500
500
500
500
500
500
500
500
500
500
500
500
500
500
500
500
500
500
500
500
500
500
500
500
500
500
500
500
500
500
500
500
500
500
500
500
500
500
500
500
500
500
500
500
500
500
500
500
500
500
500
500
500
500
500
500
500
500
500
500
500
500
500
500
500
500
500
500
500
500
500
500
500
500
500
500
500
500
500
500
500
500
500
500
500
500
500
500
500
500
500
500
500
500
500
500
500
500
500
500
500
500
500
500
500
500
500
500
500
500
500
500
500
500
500
500
500
500
500
500
500
500
500
500
500
500
500
500
500
500
500
500
500
500
500
500
500
500
500
500
500
500
500
500
500
500
500
500
500
500
500
500
500
500
500
500
500
500
500
500
500
500
500
500
500
500
500
500
500
500
500
500
500
500
500
500
500
500
500
500
500
500
500
500
500
500
500
500
500
500
500
500
500
500
500
500
500
500
500
500
500
500
500
500
500
500
500
500
500
500
500
500
500
500
500
500
500
500
500
500
500
500
500
500
500
500
500
500
500
500
500
500
500
500
500
500
500
500
500
500
500
500
500
500
500
500
500
500
500
500
500
500
500
500
500
500
500
500
500
500
500
500
500
500
500
500
500
500
500
500
500
500
500
500
500
500
500
500
500
500
500
500
500
500
500
500
500
500
500
500
500
500
500
500
500
500
500
500
500
500
500
500
500
500
500
500
500
500
500
500
500
500
500
500
500
500
500
500
500
500
500
500
500
500
500
500
500
500
500
500
500
500
500
500
500
500
500
500
500
500
500
500
500
500
500
500
500
500
500
500
500
500
500
500
500
500
500
500
500
500
500
500
500
500
500
500
500
500
500
500
500
500
500
500
500
500
500
500
500
500
500
500
500
500
500
500
500
500
500
500
500
500
500
500
500
500
500
500
500
500
500
500
500
500
500
500
500
500
500
500
500
500
500
500
500
500
500
500
500
500
500
500
500
500
500
500
500
500
500
500
500
500
500
500
500
500
500
500
500
500
500
500
500
500
500
500
500
500
500
500
500
500
500
500
500
500
500
500
500
500
500
500
500
500
500
500
500
500
500
500
500
500
500
500
500
500
500
500
500
500
500
500
500
500
500
500
500
500
500
500
500
500
500
500
500
500
500
500
500
500
500
500
500
500
500
500
500
500
500
500
500
500
500
500
500
500
500
500
500
500
500
500
500
500
500
500
500
500
500
500
500
500
500
500
500
500
500
500
500
500
500
500
500
500
500
500
500
500
500
500
500
500
500
500
500
500
500
500
500
500
500
500
500
500
500
500
500
500
500
500
500
500
500
500
500
500
500
500
500
500
500
500
500
500
500
500
500
500
500
500
500
500
500
500
500
500
500
500
500
500
500
500
500
500
500
500
500
500
500
500
500
500
500
500
500
500
500
500
500
500
500
500
500
500
500
500
500
500
500
500
500
500
500
500
500
500
500
500
500
500
500
500
500
500
500
500
500
500
500
500
500
500
500
500
500
500
500
500
500
500
500
500
500
500
500
500
500
500
500
500
500
500
500
500
500
500
500
500
500
500
500
500
500
500
500
500
500
500
500
500
500
500
500
500
500
500
500
500
500
500
500
500
500
500
500
500
500
500
500
500
500
500
500
500
500
500
500
500
500
500
500
500
500
500
500
500
500
500
500
500
500
500
500
500
500
500
500
500
500
500
500
500
500
500
500
500
500
500
500
500
500
500
500
500
500
500
500
500
500
500
500
500
500
500
500
500
500
500
500
500
500
500
500
500
500
500
500
500
500
500
500
500
500
500
500
500
500
500
500
500
500
500
500
500
500
500
500
500
500
500
500
500
500
500
500
500
500
500
500
500
500
500
500
500
500
500
500
500
500
500
500
500
500
500
500
500
500
500
500
500
500
500
500
500
500
500
500
500
500
500
500
500
500
500
500
500
500
500
500
500
500
500
500
500
500
500
500
500
500
500
500
500
500
500
500
500
500
500
500
500
500
500
500
500
500
500
500
500
500
500
500
500
500
500
500
500
500
500
500
500
500
500
500
500
500
500
500
500
500
500
500
500
500
500
500
500
500
500
500
500
500
500
500
500
500
500
500
500
500
500
500
500
500
500
500
500
500
500
500
500
500
500
500
500
500
500
500
500
500
500
500
500
500
500
500
500
500
500
500
500
500
500
500
500
500
500
500
500
500
500
500
500
500
500
500
500
500
500
500
500
500
500
500
500
500
500
500
500
500
500
500
500
500
500
500
500
500
500
500
500
500
500
500
500
500
500
500
500
500
500
500
500
500
500
500
500
500
500
500
500
500
500
500
500
500
500
500
500
500
500
500
500
500
500
500
500
500
500
500
500
500
500
500
500
500
500
500
500
500
500
500
500
500
500
500
500
500
500
500
500
500
500
500
500
500
500
500
500
500
500
500
500
500
500
500
500
500
500
500
500
500
500
500
500
500
500
500
500
500
500
500
500
500
500
500
500
500
500
500
500
500
500
500
500
500
500
500
500
500
500
500
500
500
500
500
500
500
500
500
500
500
500
500
500
500
500
500
500
500
500
500
500
500
500
500
500
500
500
500
500
500
500
500
500
500
500
500
500
500
500
500
500
500
500
500
500
500
500
500
500
500
500
500
500
500
500
500
500
500
500
500
500
500
500
500
500
500
500
500
500
500
500
500
500
500
500
500
500
500
500
500
500
500
500
500
500
500
500
500
500
500
500
500
500
500
500
500
500
500
500
500
500
500
500
500
500
500
500
500
500
500
500
500
500
500
500
500
500
500
500
500
500
500
500
500
500
500
500
500
500
500
500
500
500
500
500
500
500
500
500
500
500
500
500
500
500
500
500
500
500
500
500
500
500
500
500
500
500
500
500
500
500
500
500
500
500
500
500
500
500
500
500
500
500
500
500
500
500
500
500
500
500
500
500
500
500
500
500
500
500
500
500
500
500
500
500
500
500
500
500
500
500
500
500
500
500
500
500
500
500
500
500
500
500
500
500
500
500
500
500
500
500
500
500
500
500
500
500
500
500
500
500
500
500
500
500
500
500
500
500
500
500
500
500
500
500
500
500
500
500
500
500
500
500
500
500
500
500
500
500
500
500
500
500
500
500
500
500
500
500
500
500
500
500
500
500
500
500
500
500
500
500
500
500
500
500
500
500
500
500
500
500
500
500
500
500
500
500
500
500
500
500
500
500
500
500
500
500
500
500
500
500
500
500
500
500
500
500
500
500
500
500
500
500
500
500
500
500
500
500
500
500
500
500
500
500
500
500
500
500
500
500
500
500
500
500
500
500
500
500
500
500
500
500
500
500
500
500
500
500
500
500
500
500
500
500
500
500
500
500
500
500
500
500
500
500
500
500
500
500
500
500
500
500
500
500
500
500
500
500
500
500
500
500
500
500
500
500
500
500
500
500
500
500
500
500
500
500
500
500
500
500
500
500
500
500
500
500
500
500
500
500
500
500
500
500
500
500
500
500
500
500
500
500
500
500
500
500
500
500
500
500
500
500
500
500
500
500
500
500
500
500
500
500
500
500
500
500
500
500
500
500
500
500
500
500
500
500
500
500
500
500
500
500
500
500
500
500
500
500
500
500
500
500
500
500
500
500
500
500
500
500
500
500
500
500
500
500
500
500
500
500
500
500
500
500
500
500
500
500
500
500
500
500
500
500
500
500
500
500
500
500
500
500
500
500
500
500
500
500
500
500
500
500
500
500
500
500
500
500
500
500
500
500
500
500
500
500
500
500
500
500
500
500
500
500
500
500
500
500
500
500
500
500
500
500
500
500
500
500
500
500
500
500
500
500
500
500
500
500
500
500
500
500
500
500
500
500
500
500
500
500
500
500
500
500
500
500
500
500
500
500
500
500
500
500
500
500
500
500
500
500
500
500
500
500
500
500
500
500
500
500
500
500
500
500
500
500
500
500
500
500
500
500
500
500
500
500
500
500
500
500
500
500
500
500
500
500
500
500
500
500
500
500
500
500
500
500
500
500
500
500
500
500
500
500
500
500
500
500
500
500
500
500
500
500
500
500
500
500
500
500
500
500
500
500
500
500
500
500
500
500
500
500
500
500
500
500
500
500
500
500
500
500
500
500
500
500
500
500
500
500
500
500
500
500
500
500
500
500
500
500
500
500
500
500
500
500
500
500
500
500
500
500
500
500
500
500
500
500
500
500
500
500
500
500
500
500
500
500
500
500
500
500
500
500
500
500
500
500
500
500
500
500
500
500
500
500
500
500
500
500
500
500
500
500
500
500
500
500
500
500
500
500
500
500
500
500
500
500
500
500
500
500
500
500
500
500
500
500
500
500
500
500
500
500
500
500
500
500
500
500
500
500
500
500
500
500
500
500
500
500
500
500
500
500
500
500
500
500
500
500
500
500
500
500
500
500
500
500
500
500
500
500
500
500
500
500
500
500
500
500
500
500
500
500
500
500
500
500
500
500
500
500
500
500
500
500
500
500
500
500
500
500
500
500
500
500
500
500
500
500
500
500
500
500
500
500
500
500
500
500
500
500
500
500
500
500
500
500
500
500
500
500
500
500
500
500
500
500
500
500
500
500
500
500
500
500
500
500
500
500
500
500
500
500
500
500
500
500
500
500
500
500
500
500
500
500
500
500
500
500
500
500
500
500
500
500
500
500
500
500
500
500
500
500
500
500
500
500
500
500
500
500
500
500
500
500
500
500
500
500
500
500
500
500
500
500
500
500
500
500
500
500
500
500
500
500
500
500
500
500
500
500
500
500
500
500
500
500
500
500
500
500
500
500
500
500
500
500
500
500
500
500
500
500
500
500
500
500
500
500
500
500
500
500
500
500
500
500
500
500
500
500
500
500
500
500
500
500
500
500
500
500
500
500
500
500
500
500
500
500
500
500
500
500
500
500
500
500
500
500
500
500
500
500
500
500
500
500
500
500
500
500
500
500
500
500
500
500
500
500
500
500
500
500
500
500
500
500
500
500
500
500
500
500
500
500
500
500
500
500
500
500
500
500
500
500
500
500
500
500
500
500
500
500
500
500
500
500
500
500
500
500
500
500
500
500
500
500
500
500
500
500
500
500
500
500
500
500
500
500
500
500
500
500
500
500
500
500
500
500
500
500
500
500
500
500
500
500
500
500
500
500
500
500
500
500
500
500
500
500
500
500
500
500
500
500
500
500
500
500
500
500
500
500
500
500
500
500
500
500
500
500
500
500
500
500
500
500
500
500
500
500
500
500
500
500
500
500
500
500
500
500
500
500
500
500
500
500
500
500
500
500
500
500
500
500
500
500
500
500
500
500
500
500
500
500
500
500
500
500
500
500
500
500
500
500
500
500
500
500
500
500
500
500
500
500
500
500
500
500
500
500
500
500
500
500
500
500
500
500
500
500
500
500
500
500
500
500
500
500
500
500
500
500
500
500
500
500
500
500
500
500
500
500
500
500
500
500
500
500
500
500
500
500
500
500
500
500
500
500
500
500
500
500
500
500
500
500
500
500
500
500
500
500
500
500
500
500
500
500
500
500
500
500
500
500
500
500
500
500
500
500
500
500
500
500
500
500
500
500
500
500
500
500
500
500
500
500
500
500
500
500
500
500
500
500
500
500
SCALARS pressure float 1
LOOKUP_TABLE default
0
0
0
0
0
0
0
0
0
0
0
0
0
0
0
0
0
0
0
0
0
0
0
0
0
0
0
0
0
0
0
0
0
0
0
0
0
0
0
0
0
0
0
0
0
0
0
0
0
0
0
0
0
0
0
0
0
0
0
0
0
0
0
0
0
0
0
0
0
0
0
0
0
0
0
0
0
0
0
0
0
0
0
0
0
0
0
0
0
0
0
0
0
0
0
0
0
0
0
0
0
0
0
0
0
0
0
0
0
0
0
0
0
0
0
0
0
0
0
0
0
0
0
0
0
0
0
0
0
0
0
0
0
0
0
0
0
0
0
0
0
0
0
0
0
0
0
0
0
0
0
0
0
0
0
0
0
0
0
0
0
0
0
0
0
0
0
0
0
0
0
0
0
0
0
0
0
0
0
0
0
0
0
0
0
0
0
0
0
0
0
0
0
0
0
0
0
0
0
0
0
0
0
0
0
0
0
0
0
0
0
0
0
0
0
0
0
0
0
0
0
0
0
0
0
0
0
0
0
0
0
0
0
0
0
0
0
0
0
0
0
0
0
0
0
0
0
0
0
0
0
0
0
0
0
0
0
0
0
0
0
0
0
0
0
0
0
0
0
0
0
0
0
0
0
0
0
0
0
0
0
0
0
0
0
0
0
0
0
0
0
0
0
0
0
0
0
0
0
0
0
0
0
0
0
0
0
0
0
0
0
0
0
0
0
0
0
0
0
0
0
0
0
0
0
0
0
0
0
0
0
0
0
0
0
0
0
0
0
0
0
0
0
0
0
0
0
0
0
0
0
0
0
0
0
0
0
0
0
0
0
0
0
0
0
0
0
0
0
0
0
0
0
0
0
0
0
0
0
0
0
0
0
0
0
0
0
0
0
0
0
0
0
0
0
0
0
0
0
0
0
0
0
0
0
0
0
0
0
0
0
0
0
0
0
0
0
0
0
0
0
0
0
0
0
0
0
0
0
0
0
0
0
0
0
0
0
0
0
0
0
0
0
0
0
0
0
0
0
0
0
0
0
0
0
0
0
0
0
0
0
0
0
0
0
0
0
0
0
0
0
0
0
0
0
0
0
0
0
0
0
0
0
0
0
0
0
0
0
0
0
0
0
0
0
0
0
0
0
0
0
0
0
0
0
0
0
0
0
0
0
0
0
0
0
0
0
0
0
0
0
0
0
0
0
0
0
0
0
0
0
0
0
0
0
0
0
0
0
0
0
0
0
0
0
0
0
0
0
0
0
0
0
0
0
0
0
0
0
0
0
0
0
0
0
0
0
0
0
0
0
0
0
0
0
0
0
0
0
0
0
0
0
0
0
0
0
0
0
0
0
0
0
0
0
0
0
0
0
0
0
0
0
0
0
0
0
0
0
0
0
0
0
0
0
0
0
0
0
0
0
0
0
0
0
0
0
0
0
0
0
0
0
0
0
0
0
0
0
0
0
0
0
0
0
0
0
0
0
0
0
0
0
0
0
0
0
0
0
0
0
0
0
0
0
0
0
0
0
0
0
0
0
0
0
0
0
0
0
0
0
0
0
0
0
0
0
0
0
0
0
0
0
0
0
0
0
0
0
0
0
0
0
0
0
0
0
0
0
0
0
0
0
0
0
0
0
0
0
0
0
0
0
0
0
0
0
0
0
0
0
0
0
0
0
0
0
0
0
0
0
0
0
0
0
0
0
0
0
0
0
0
0
0
0
0
0
0
0
0
0
0
0
0
0
0
0
0
0
0
0
0
0
0
0
0
0
0
0
0
0
0
0
0
0
0
0
0
0
0
0
0
0
0
0
0
0
0
0
0
0
0
0
0
0
0
0
0
0
0
0
0
0
0
0
0
0
0
0
0
0
0
0
0
0
0
0
0
0
0
0
0
0
0
0
0
0
0
0
0
0
0
0
0
0
0
0
0
0
0
0
0
0
0
0
0
0
0
0
0
0
0
0
0
0
0
0
0
0
0
0
0
0
0
0
0
0
0
0
0
0
0
0
0
0
0
0
0
0
0
0
0
0
0
0
0
0
0
0
0
0
0
0
0
0
0
0
0
0
0
0
0
0
0
0
0
0
0
0
0
0
0
0
0
0
0
0
0
0
0
0
0
0
0
0
0
0
0
0
0
0
0
0
0
0
0
0
0
0
0
0
0
0
0
0
0
0
0
0
0
0
0
0
0
0
0
0
0
0
0
0
0
0
0
0
0
0
0
0
0
0
0
0
0
0
0
0
0
0
0
0
0
0
0
0
0
0
0
0
0
0
0
0
0
0
0
0
0
0
0
0
0
0
0
0
0
0
0
0
0
0
0
0
0
0
0
0
0
0
0
0
0
0
0
0
0
0
0
0
0
0
0
0
0
0
0
0
0
0
0
0
0
0
0
0
0
0
0
0
0
0
0
0
0
0
0
0
0
0
0
0
0
0
0
0
0
0
0
0
0
0
0
0
0
0
0
0
0
0
0
0
0
0
0
0
0
0
0
0
0
0
0
0
0
0
0
0
0
0
0
0
0
0
0
0
0
0
0
0
0
0
0
0
0
0
0
0
0
0
0
0
0
0
0
0
0
0
0
0
0
0
0
0
0
0
0
0
0
0
0
0
0
0
0
0
0
0
0
0
0
0
0
0
0
0
0
0
0
0
0
0
0
0
0
0
0
0
0
0
0
0
0
0
0
0
0
0
0
0
0
0
0
0
0
0
0
0
0
0
0
0
0
0
0
0
0
0
0
0
0
0
0
0
0
0
0
0
0
0
0
0
0
0
0
0
0
0
0
0
0
0
0
0
0
0
0
0
0
0
0
0
0
0
0
0
0
0
0
0
0
0
0
0
0
0
0
0
0
0
0
0
0
0
0
0
0
0
0
0
0
0
0
0
0
0
0
0
0
0
0
0
0
0
0
0
0
0
0
0
0
0
0
0
0
0
0
0
0
0
0
0
0
0
0
0
0
0
0
0
0
0
0
0
0
0
0
0
0
0
0
0
0
0
0
0
0
0
0
0
0
0
0
0
0
0
0
0
0
0
0
0
0
0
0
0
0
0
0
0
0
0
0
0
0
0
0
0
0
0
0
0
0
0
0
0
0
0
0
0
0
0
0
0
0
0
0
0
0
0
0
0
0
0
0
0
0
0
0
0
0
0
0
0
0
0
0
0
0
0
0
0
0
0
0
0
0
0
0
0
0
0
0
0
0
0
0
0
0
0
0
0
0
0
0
0
0
0
0
0
0
0
0
0
0
0
0
0
0
0
0
0
0
0
0
0
0
0
0
0
0
0
0
0
0
0
0
0
0
0
0
0
0
0
0
0
0
0
0
0
0
0
0
0
0
0
0
0
0
0
0
0
0
0
0
0
0
0
0
0
0
0
0
0
0
0
0
0
0
0
0
0
0
0
0
0
0
0
0
0
0
0
0
0
0
0
0
0
0
0
0
0
0
0
0
0
0
0
0
0
0
0
0
0
0
0
0
0
0
0
0
0
0
0
0
0
0
0
0
0
0
0
0
0
0
0
0
0
0
0
0
0
0
0
0
0
0
0
0
0
0
0
0
0
0
0
0
0
0
0
0
0
0
0
0
0
0
0
0
0
0
0
0
0
0
0
0
0
0
0
0
0
0
0
0
0
0
0
0
0
0
0
0
0
0
0
0
0
0
0
0
0
0
0
0
0
0
0
0
0
0
0
0
0
0
0
0
0
0
0
0
0
0
0
0
0
0
0
0
0
0
0
0
0
0
0
0
0
0
0
0
0
0
0
0
0
0
0
0
0
0
0
0
0
0
0
0
0
0
0
0
0
0
0
0
0
0
0
0
0
0
0
0
0
0
0
0
0
0
0
0
0
0
0
0
0
0
0
0
0
0
0
0
0
0
0
0
0
0
0
0
0
0
0
0
0
0
0
0
0
0
0
0
0
0
0
0
0
0
0
0
0
0
0
0
0
0
0
0
0
0
0
0
0
0
0
0
0
0
0
0
0
0
0
0
0
0
0
0
0
0
0
0
0
0
0
0
0
0
0
0
0
0
0
0
0
0
0
0
0
0
0
0
0
0
0
0
0
0
0
0
0
0
0
0
0
0
0
0
0
0
0
0
0
0
0
0
0
0
0
0
0
0
0
0
0
0
0
0
0
0
0
0
0
0
0
0
0
0
0
0
0
0
0
0
0
0
0
0
0
0
0
0
0
0
0
0
0
0
0
0
0
0
0
0
0
0
0
0
0
0
0
0
0
0
0
0
0
0
0
0
0
0
0
0
0
0
0
0
0
0
0
0
0
0
0
0
0
0
0
0
0
0
0
0
0
0
0
0
0
0
0
0
0
0
0
0
0
0
0
0
0
0
0
0
0
0
0
0
0
0
0
0
0
0
0
0
0
0
0
0
0
0
0
0
0
0
0
0
0
0
0
0
0
0
0
0
0
0
0
0
0
0
0
0
0
0
0
0
0
0
0
0
0
0
0
0
0
0
0
0
0
0
0
0
0
0
0
0
0
0
0
0
0
0
0
0
0
0
0
0
0
0
0
0
0
0
0
0
0
0
0
0
0
0
0
0
0
0
0
0
0
0
0
0
0
0
0
0
0
0
0
0
0
0
0
0
0
0
0
0
0
0
0
0
0
0
0
0
0
0
0
0
0
0
0
0
0
0
0
0
0
0
0
0
0
0
0
0
0
0
0
0
0
0
0
0
0
0
0
0
0
0
0
0
0
0
0
0
0
0
0
0
0
0
0
0
0
0
0
0
0
0
0
0
0
0
0
0
0
0
0
0
0
0
0
0
0
0
0
0
0
0
0
0
0
0
0
0
0
0
0
0
0
0
0
0
0
0
0
0
0
0
0
0
0
0
0
0
0
0
0
0
0
0
0
0
0
0
0
0
0
0
0
0
0
0
0
0
0
0
0
0
0
0
0
0
0
0
0
0
0
0
0
0
0
0
0
0
0
0
0
0
0
0
0
0
0
0
0
0
0
0
0
0
0
0
0
0
0
0
0
0
0
0
0
0
0
0
0
0
0
0
0
0
0
0
0
0
0
0
0
0
0
0
0
0
0
0
0
0
0
0
0
0
0
0
0
0
0
0
0
0
0
0
0
0
0
0
0
0
0
0
0
0
0
0
0
0
0
0
0
0
0
0
0
0
0
0
0
0
0
0
0
0
0
0
0
0
0
0
0
0
0
0
0
0
0
0
0
0
0
0
0
0
0
0
0
0
0
0
0
0
0
0
0
0
0
0
0
0
0
0
0
0
0
0
0
0
0
0
0
0
0
0
0
0
0
0
0
0
0
0
0
0
0
0
0
0
0
0
0
0
0
0
0
0
0
0
0
0
0
0
0
0
0
0
0
0
0
0
0
0
0
0
0
0
0
0
0
0
0
0
0
0
0
0
0
0
0
0
0
0
0
0
0
0
0
0
0
0
0
0
0
0
0
0
0
0
0
0
0
0
0
0
0
0
0
0
0
0
0
0
0
0
0
0
0
0
0
0
0
0
0
0
0
0
0
0
0
0
0
0
0
0
0
0
0
0
0
0
0
0
0
0
0
0
0
0
0
0
0
0
0
0
0
0
0
0
0
0
0
0
0
0
0
0
0
0
0
0
0
0
0
0
0
0
0
0
0
0
0
0
0
0
0
0
0
0
0
0
0
0
0
0
0
0
0
0
0
0
0
0
0
0
0
0
0
0
0
0
0
0
0
0
0
0
0
0
0
0
0
0
0
0
0
0
0
0
0
0
0
SCALARS speed float 1
LOOKUP_TABLE default
2.70493e-85
2.44982e-82
5.67144e-17
5.23049e-61
6.14042e-78
26.015
2.16956e-39
3.80938e-32
1.03665e-57
17.8936
6.20331e-77
1.06355e-48
35.3494
3.76745e-75
1.2487e-61
2.5041e-87
1.44968e-58
1.40342e-69
64.9376
36.3293
3.50534e-79
8.2053e-14
1.01465e-47
28.4235
1.15484e-22
1.95695e-49
1.32959e-62
1.44688e-31
6.59586e-09
57.0893
28.8734
56.1641
1.91025e-36
3.69188e-60
3.59956e-84
1.55758e-63
29.6799
23.6557
3.62796e-53
3.56326e-80
1.12277e-36
1.51446e-56
77.8935
1.10213e-37
30.3429
1.35023e-89
2.8264e-68
2.57806e-88
1.72409e-86
1.70688e-74
5.4437e-76
25.836
1.98852e-34
6.24078e-09
1.2704e-82
5.9033e-38
28.4001
1.15487e-22
5.77981e-71
2.79207e-21
2.16613e-75
1.80166e-66
2.55042e-71
6.47658e-24
33.7995
18.8183
1.88165e-70
4.4109e-88
2.55984e-78
6.87316e-85
1.83929e-83
44.264
1.49854e-86
4.61748e-59
7.25743e-45
9.88937e-06
2.76694e-09
1.79404e-58
88.0604
1.99775e-58
1.54855e-54
7.25735e-72
5.4557e-85
2.18191e-85
2.98287e-62
7.63376e-82
1.27084e-14
2.97204e-57
1.64902e-72
28.4235
1.15462e-22
2.69646e-35
0.000593872
8.90862e-52
3.09359e-09
2.20384e-79
1.58294e-75
32.5122
6.64346e-19
2.67708e-67
43.733
2.02896e-57
6.41756e-46
9.04591e-87
2.08367e-17
5.67874e-31
3.06318e-48
45.3283
3.76721e-12
20.2872
5.81418e-43
7.41366e-85
1.55755e-17
1.22542e-41
9.09018e-52
0.0659938
1.20547e-37
1.77693e-54
70.2267
8.94953e-85
1.3385e-82
2.45569e-88
1.82497e-73
6.51758e-75
9.70137e-88
31.9618
2.99674e-72
15.9224
9.308e-71
8.43695e-51
2.77358e-20
8.99085e-80
4.78407e-72
28.4081
4.88287e-26
19.7247
28.0923
7.4417e-85
2.79387
42.4589
7.23016e-19
57.8539
28.109
12.4724
8.81477
11.6693
6.35646e-48
2.77474e-25
17.8738
3.56805e-77
54.2459
1.05163e-68
42.3419
6.97787e-62
2.32416e-08
34.7229
3.52488e-73
1.32733e-47
1.4613e-87
29.0603
9.12408e-73
5.09815e-85
5.12452e-41
48.4699
27.3456
35.6129
25.7961
7.41233e-47
5.2637e-50
168.916
6.41226e-71
1.00308e-61
2.2608e-44
8.70781e-83
1.30301e-87
29.221
12.4712
8.83723
11.6498
1.46224e-49
5.28498e-39
18.1298
18.2424
39.4362
4.3243e-80
19.0081
21.1881
5.25262e-61
16.5507
19.5965
2.75139e-52
3.44464e-12
1.73321e-18
9.22075e-53
3.92187e-48
1.51497e-38
9.36562e-42
1.92036e-19
1.35375e-29
25.8004
17.7201
7.76869e-13
5.33945e-78
27.2362
27.5888
1.81394e-25
4.5683e-76
53.025
4.71414e-70
12.4722
8.81477
11.669
22.7368
6.66489e-78
24.5555
3.35518e-68
4.99091e-23
1.94207e-19
1.27155e-49
2.20536e-85
1.76899e-42
32.3164
2.44884e-30
3.32064e-58
1.66033e-12
31.7676
2.27089e-80
25.956
4.38296e-35
1.39683e-86
73.3807
8.155e-70
100.37
5.43166e-61
35.5538
21.8504
2.00736e-61
58.5948
59.1722
6.22904e-84
4.28047e-80
1.28796e-58
1.27846e-07
3.10666e-86
9.3875e-38
4.45851e-75
1.68233e-18
4.41083e-75
1.62452e-81
53.7772
3.20038e-81
7.973e-85
5.9405e-72
5.99506e-73
4.80046e-69
2.19261e-86
7.72563e-86
1.20824e-06
1.1315e-76
2.23046e-77
9.28825e-59
21.7693
4.1704e-78
1.87786e-39
21.7552
31.8525
3.52799e-73
49.5793
3.00374e-87
27.4662
61.3555
9.50035e-51
1.15646e-64
4.46205e-51
39.298
2.05055e-50
184.242
1.02478e-85
4.73402e-87
4.58631e-82
5.13979e-76
39.9189
2.7206e-81
1.08019e-81
5.2629
8.59072e-61
41.8294
69.4482
28.4318
4.37087e-77
4.69834e-70
3.55267e-20
2.73587e-11
1.0322e-42
40.9907
1.27169e-81
5.7469e-56
1.29402e-17
30.8959
3.52538e-73
33.8081
3.38922e-75
1.70082e-20
4.48135e-72
2.43692e-66
2.95735e-64
36.8116
20.0575
1.2076e-64
78.3298
81.7162
14.0444
8.67763e-64
26.455
9.01891e-86
5.53354e-52
6.60715e-13
0.00358004
1.98411e-83
13.3442
136.752
3.20541e-85
3.29516e-68
1.69214e-84
27.7999
66.4776
1.97542e-41
41.2719
2.5537e-39
30.9186
2.34667e-27
31.6918
3.52686e-73
289.785
68.153
25.7854
3.62645e-09
4.12629e-81
3.6366e-82
1.57085e-81
35.1134
1.68916e-61
2.81891e-72
1.56802e-87
8.74738e-06
2.01712e-24
1.17891e-61
94.6004
6.5399e-71
1.03748e-85
7.10946e-23
6.26035e-71
6.34439e-73
6.67224e-36
23.1444
2.604e-47
1.0159e-83
7.28914e-78
4.45911e-48
6.0116e-53
9.18864e-67
1.00373e-51
1.18798e-66
1.9877e-56
1.34452e-78
33.3212
1.79642e-68
1.83693e-43
1.80128e-88
6.06952e-70
1.45845e-74
9.15898e-72
8.26843e-88
54.553
1.35089e-72
1.25314e-87
49.9844
28.3619
3.40261e-72
6.74034e-48
1.47004e-87
27.3581
9.86072
3.32114e-48
2.78307e-75
2.89201e-86
7.58991
2.39103e-44
1.15527e-49
1.36781e-38
1.93293e-66
52.7238
28.9496
6.11958e-68
1.23914e-62
6.61752e-61
1.22026e-71
3.51413e-83
29.1853
5.22585e-73
2.54515e-67
115.469
1.29058e-87
4.33443e-46
9.98516e-55
7.10243e-84
9.9106
9.36277e-53
14.1523
7.29463e-34
1.15281e-76
7.35316e-61
1.82895e-46
6.30601e-57
2.25153e-86
30.0465
37.67
2.65254e-28
8.50086e-07
13.3318
3.86399e-08
1.6538e-72
1.22426e-25
4.62784e-81
5.30505e-86
2.83957e-23
1.47946e-20
55.6857
3.69928e-82
2.37882e-60
7.16135e-89
6.93834e-87
165.53
8.55134e-35
100.071
3.54263e-84
0.331728
18.3911
165.38
6.68945e-34
9.50164e-63
70.9778
30.519
2.7787e-65
6.54274e-77
3.48559e-75
8.12761e-88
3.00715e-73
1.68277e-78
19.3426
2.37778e-72
2.52254e-57
6.4505
3.47499e-32
1.9458e-69
28.4367
8.7656e-23
2.48782e-61
2.60929e-83
1.93586e-53
5.64803e-86
3.62872e-42
2.4189e-42
3.04381e-87
1.82511e-22
5.90567e-71
4.86237e-18
2.19637e-35
2.69318e-84
4.13324e-85
58.4373
21.4843
2.46747e-59
3.35036e-69
5.67875e-61
0.148198
1.1762e-56
3.37354e-74
1.39025e-20
25.39
9.92089e-35
3.14811e-27
4.57434e-85
5.56698e-06
2.46987e-88
2.22296e-84
1.01855e-78
3.74909e-86
2.18769e-54
1.26878e-34
75.7022
7.02176e-17
19.4002
3.65956e-62
2.15665e-58
7.0527e-84
24.8843
1.02034e-27
1.23227e-82
6.30189e-79
9.86997e-80
54.1956
49.9989
13.7883
1.70676e-69
1.05586e-76
12.4715
8.91728
11.5798
5.02726e-82
1.44811e-38
2.51647e-47
1.11171e-48
19.3301
4.59061e-87
2.2294e-10
2.71119e-80
4.07221e-16
30.0624
2.29807e-73
1.76411e-78
3.98848e-62
5.73547e-81
8.56165e-82
7.05561e-16
26.9768
1.74807e-40
2.96964e-69
26.1744
20.7511
4.15097e-46
1.0492e-70
1.20417e-53
1.64822e-86
20.3978
9.30839e-75
53.8293
52.2207
6.03096e-53
12.4657
8.93628
11.563
22.0334
6.91469e-56
33.9184
1.68101e-30
20.731
10.4919
35.0531
21.3206
7.68188e-72
25.1401
18.2337
20.6507
7.56292e-67
1.23814e-67
5.10799e-70
1.31835e-48
1.74599e-75
1.42691e-68
3.79547e-42
1.60901e-59
20.7508
17.2684
1.63522e-74
25.6172
7.11523e-75
3.74332e-71
7.85696e-51
82.9792
6.60694e-45
7.11576e-72
12.4713
8.91728
11.5796
4.78546e-25
1.40718e-37
3.26676e-76
12.7664
9.70425e-65
3.14868e-76
2.48742e-08
29.6889
1.46973e-87
28.7837
1.02025e-27
3.99054e-83
1.12928e-78
21.0708
50.6922
1.42123e-85
5.55186e-82
1.73781e-32
38.4741
1.31001e-66
5.25743e-87
28.9348
8.33586e-54
4.1683e-83
43.379
2.93686e-77
24.3209
4.45283e-49
4.58651e-76
1.70658e-41
6.34258e-67
6.9793e-84
9.92983e-75
7.75652e-76
1.82149e-83
6.39593e-75
2.82191e-63
26.9077
2.75351e-40
2.88968e-75
42.7962
4.98265e-84
6.49295e-87
1.11491e-87
9.47114e-89
6.36158e-74
2.28405e-75
6.66963e-75
2.31752e-20
2.46851e-33
9.67092e-06
1.74813e-52
8.11127e-61
30.943
3.52776e-73
3.1681e-84
3.03059e-85
4.91244e-33
1.43318e-40
9.31718e-36
1.30552e-24
8.50551e-30
2.93169e-87
1.40717e-63
9.51014e-76
9.24779e-84
62.3281
2.66508e-79
52.399
75.4548
8.13862e-72
1.82091e-48
9.16224e-72
3.2576e-84
1.53304e-86
2.96371e-30
28.6849
2.33391e-87
3.46862e-84
36.7751
33.2515
2.37975e-50
8.52878e-84
4.19649e-69
19.3601
3.22879e-75
30.0066
2.30578e-73
1.81095e-83
34.467
90.3369
20.34
1.21389e-17
6.06581e-17
2.68815e-09
6.3047e-64
7.08324e-87
49.1093
76.919
0.318748
4.7549e-36
1.20667e-07
1.65305e-83
1.95128e-59
9.03579e-61
4.54685e-72
24.8089
7.86016e-50
58.036
2.09722e-85
1.04268e-87
1.35045e-88
2.20068e-68
47.3676
6.34774e-79
2.21915e-62
2.85721e-69
1.47772e-84
3.17721e-30
30.7217
3.52292e-73
1.53155e-78
2.6777e-16
1.61924e-48
1.18748e-69
9.00685e-64
28.3742
3.56104e-35
26.8746
5.36204e-61
6.70195e-75
2.33373e-86
5.7721e-48
1.10235e-70
56.0019
6.20544e-73
1.37668e-80
22.7188
2.74843e-46
3.03659e-09
1.18951e-83
2.67583e-87
0.000101726
1.64879e-50
1.51801e-77
8.55975e-86
37.6486
7.33497e-29
7.00402e-28
1.49058e-78
1.24967e-85
4.15133e-69
26.061
1.61366e-27
8.63593e-55
9.34833e-83
2.43226e-42
8.05818e-86
19.82
1.93846e-46
33.0204
8.53736e-30
8.87909e-64
1.25143e-87
54.4657
28.9479
0.109127
7.44222e-87
15.8632
1.86737e-81
3.43388e-81
28.8217
4.00497e-44
1.21329e-86
21.6993
1.74269e-54
1.66277e-69
9.37225e-82
7.33566e-30
1.17543e-47
2.04634e-51
6.83336e-84
3.19707e-50
68.97
1.12219e-71
9.63936e-79
7.62079e-70
3.39343e-88
3.4866e-69
1.07941e-71
6.34998e-30
4.01478e-78
2.44701e-88
2.49658e-85
2.84832e-63
1.72302e-41
19.6797
18.1155
1.89312e-87
2.85402e-80
76.8553
75.9014
5.52238e-25
1.00517e-43
3.03457e-25
6.23462e-88
3.46926e-70
20.6913
21.8649
3.20372e-43
1.67156e-38
1.12968e-84
3.14778e-10
1.4563e-20
4.19e-83
1.68926e-61
1.01334e-41
5.09174e-61
4.55052e-83
21.6134
7.16473e-62
3.59246e-69
13.3191
2.10486e-82
1.53052e-28
7.29756e-42
94.8173
1.63224e-76
18.9535
77.3232
3.3206e-85
76.6001
3.92886e-68
61.1578
30.9465
1.86777e-58
1.71673e-30
100.346
2.55818
1.53136e-71
20.9682
2.87137e-26
2.09519e-71
37.5687
6.24465e-16
18.619
31.3798
3.84407e-62
3.06295e-61
6.64874e-57
2.71858e-56
4.67714e-87
2.43459e-88
3.69454e-76
1.97849e-62
7.0161e-85
23.1769
7.43223e-26
54.109
1.43733e-34
7.31557
1.29867e-49
9.52425e-26
1.71658e-81
3.37205e-57
6.2776e-75
3.62378e-36
1.47134e-79
3.49979e-63
8.45166e-64
2.13523e-85
3.00142e-50
1.18298e-88
1.9742e-84
3.7944e-78
3.23424e-86
1.75654e-53
1.54797e-87
45.6957
17.6649
6.97818e-80
37.3147
8.42825e-57
6.59707e-81
24.8772
1.02035e-27
119.025
187.119
2.27111e-73
2.22119e-62
2.68272e-67
5.53529e-45
1.3261e-41
5.47717e-61
12.4711
8.91816
11.5793
27.0737
5.89359e-47
5.14122e-78
28.0237
64.411
26.9504
1.18074e-46
22.6133
4.71122e-17
30.0478
2.30432e-73
1.26289e-21
5.90047e-64
3.94072e-59
7.47091e-64
16.7909
42.1371
119.072
1.81124e-79
25.3521
20.7342
4.15097e-46
43.8651
1.5234e-61
4.37792e-87
1.31747e-26
52.2281
2.94735e-75
42.7509
30.4491
12.4648
8.93721
11.5622
17.0729
1.1256e-76
62.6739
6.72902e-39
20.4467
5.1947e-71
20.4171
1.00358e-64
7.1091e-70
25.123
18.3088
4.68641e-73
28.2424
1.60264e-88
4.95101e-26
2.00315e-08
2.52912e-82
54.2222
34.2589
3.75038e-56
20.7346
17.2661
2.16633e-76
6.30589e-17
32.5128
22.1059
1.38186e-87
3.16046e-49
7.55104e-18
8.56455e-71
12.4709
8.91826
11.5791
4.5686e-56
4.02242e-76
1.61944e-37
40.6657
30.3729
21.8698
15.9687
2.76859e-61
1.13404e-60
28.7763
1.02034e-27
9.19374e-84
25.9288
5.7754e-88
8.57234e-75
1.53259e-52
1.5587e-77
7.18525e-63
3.27541e-75
5.91486e-66
67.5148
5.66337e-43
57.5066
5.3303e-85
25.7421
54.8507
35.6407
1.95559e-78
1.61283e-87
1.11496e-86
3.94295e-59
5.16596e-85
1.64517e-59
4.98501e-85
2.99078e-75
2.22372e-87
9.13657e-32
6.69095e-33
1.25388e-66
7.88831e-19
5.98063e-69
4.16452e-40
7.77515e-87
5.51649e-86
3.12785e-88
9.92383e-87
39.0054
5.96338e-86
6.45333e-24
1.5694e-38
5.79096e-82
4.65185e-71
7.20598e-77
30.9425
3.52437e-73
9.60946e-87
1.40563e-70
4.87736e-76
29.2017
1.21613e-31
32.0513
52.606
1.52926e-56
1.03024e-71
7.79567e-84
4.4643e-87
32.9863
20.8304
4.41043e-59
7.1985e-80
1.28942e-64
3.48364e-60
1.10709e-86
1.38841e-83
9.69841e-69
4.29502e-41
28.6813
2.86943e-26
1.94834e-52
2.64053e-58
33.8553
9.82355e-75
6.15847e-58
40.5004
62.1459
1.97262e-46
30.009
2.30177e-73
2.17401e-77
27.0737
3.29339e-82
5.55277e-64
1.41047e-50
1.26973e-38
7.09333e-79
1.75592e-83
60.4504
78.8298
76.9565
51.9441
5.99781e-40
1.43389e-55
22.2748
1.07925e-58
4.83902e-58
4.08621e-57
4.99598e-60
4.96253e-65
56.7107
6.86148e-84
7.47302e-86
9.03949e-71
47.4717
2.06702e-63
1.24714e-43
2.45319e-79
3.51008e-85
1.93075e-06
2.90171e-50
30.7208
2.30123e-73
0.00755553
0.0110279
20.4301
4.98419e-88
50.6766
1.68275e-42
43.157
4.19635e-59
5.18003e-61
1.04436e-74
2.32936e-86
3.23758e-47
1.17665e-78
4.4392e-29
4.65033e-77
2.55926e-08
5.32798e-86
4.09467e-57
1.25505e-60
99.0628
1.70468e-86
36.0434
7.27403e-73
2.82179e-31
60.4656
22.7918
9.75599e-14
1.97715e-29
8.7468e-60
10.6139
8.89639e-75
34.6065
63.6858
8.03322e-80
8.5193
8.1341e-80
8.24531e-63
4.59882e-60
2.1593e-80
5.48243e-17
3.49305e-35
1.41474e-75
1.25141e-87
0.0504395
28.2989
2.59699e-63
43.7872
60.5612
2.57486e-40
23.5905
14.1514
2.1126e-83
3.68606e-88
21.6982
2.29677e-73
4.46411e-38
5.31168e-69
4.73039e-33
38.511
9.66314e-31
1.27169e-63
33.132
4.51131e-29
3.81217e-77
5.29735e-51
17.6124
1.98935e-88
3.84439e-60
38.8923
3.00353e-61
1.19768e-32
1.13553e-65
7.95373e-32
5.93413e-45
6.06427e-57
19.7529
25.7745
79.8925
1.10725e-75
64.4238
2.48718e-22
1.3494e-34
2.63174e-72
3.88216e-80
5.90105e-86
1.98751e-61
20.691
2.29667e-73
5.60003e-82
12.1333
7.31782e-85
2.85942e-81
3.35142e-51
8.84268e-78
6.41851e-83
9.92434e-51
3.23242e-44
8.57438e-65
21.421
8.27976e-26
1.17843e-27
29.4638
3.00536e-83
1.8293e-70
5.83225e-32
4.69098e-69
6.10129e-75
9.60154e-69
77.8298
4.90309e-85
39.7565
1.75868e-63
52.4374
4.27155e-87
1.46831e-61
1.26186e-58
8.10745e-58
23.1654
9.19669e-65
20.9672
2.29677e-73
1.22115e-37
37.5623
9.58613e-87
3.58714e-86
1.12371e-70
26.1958
2.86487e-78
8.0041e-68
2.2284e-33
4.67712e-87
2.47322e-87
4.52646e-87
1.69845e-37
1.91131e-63
55.7136
1.15286e-45
12.3488
27.8988
33.7551
3.42211e-84
3.026e-85
19.4232
3.56623e-49
4.01454e-76
2.03692e-56
4.04684e-41
2.35779e-72
6.09052e-72
1.1864e-83
26.9993
1.25564e-87
2.38164e-87
1.74851e-75
4.5461e-87
4.12924e-53
2.59751e-79
7.05057e-84
22.6961
6.59917e-14
35.1942
4.84584e-72
6.83146e-62
24.8771
1.02035e-27
3.53498e-84
10.1151
3.38442e-73
46.0689
1.82669e-25
2.02062e-44
9.74691e-28
33.014
12.471
8.91816
11.5789
1.08806e-08
0.035572
4.83872e-16
1.00296e-53
28.8309
26.486
3.67358e-22
1.91704e-76
1.99149e-17
30.0487
8.01946e-73
2.23905e-67
1.74211e-63
6.05359e-74
2.41972e-63
4.73783e-83
1.65074e-06
2.39055e-84
1.47448e-77
1.14914e-80
20.7341
4.15092e-46
2.10594e-76
1.62237e-59
80.9202
3.69301e-85
45.921
5.04393e-75
45.1842
2.3973e-65
12.4652
8.9374
11.5624
23.7696
6.2997e-12
2.33562e-75
2.95444e-39
21.0238
53.1217
26.9231
7.90118e-65
8.10825e-73
25.1228
18.3087
2.35114e-60
11.4895
2.30681e-84
2.2336e-86
3.00402e-52
4.75301e-61
6.72453e-69
3.03798e-35
5.22057e-64
20.7351
17.2675
1.13586e-83
1.79556e-19
53.1583
6.60235e-80
3.42495e-26
3.16884e-82
8.97746e-51
36.0961
12.4712
8.91865
11.5794
9.86953e-32
3.91412e-76
62.3089
73.0952
2.66427e-85
6.80016e-81
2.13677e-45
9.66356e-70
7.044e-84
28.7766
1.02036e-27
2.14628e-84
4.7566e-73
8.15126e-58
3.20556e-33
1.77024e-80
4.08857e-76
5.97215e-87
22.6544
3.24154e-66
9.95497e-89
2.18692e-86
2.27654e-35
2.36924e-81
1.64929e-85
62.4419
24.5169
31.3391
6.6011e-75
40.9047
8.6903e-79
3.83061e-20
0.000444703
63.6546
0.29838
47.525
85.2953
2.46596e-40
8.41494e-39
1.33663e-39
7.27158e-70
1.14026e-36
6.57323e-87
1.08597e-87
3.0856e-66
1.38888e-85
8.27038e-79
1.27965e-76
14.5328
1.21759e-41
1.32145e-69
0.0705016
1.15079e-24
30.9426
2.30153e-73
3.83669e-45
2.60601e-77
2.03194e-26
1.5163e-21
4.1006e-58
2.24096e-41
7.64221e-68
2.25642e-79
1.36864e-79
1.96179e-81
3.1491e-89
28.6937
2.58695e-56
9.10977e-86
112.167
1.33312e-72
6.74947e-75
39.5113
1.11573e-83
42.987
8.75317e-40
28.0901
3.3733e-27
3.39702e-69
3.868e-37
35.8812
42.1187
2.43775e-59
6.20078e-59
1.59996
47.9087
30.0081
2.2983e-73
20.192
2.81194e-43
2.69293e-43
8.59166e-33
9.4701e-25
6.31786e-84
1.00422e-86
69.2887
2.69223e-56
5.01384e-69
1.46004e-71
48.2573
64.9108
4.14996e-40
9.53285e-43
62.2828
2.43132e-36
4.32984e-88
96.9905
49.8651
59.5694
2.23944e-61
9.35036e-69
2.30026e-46
35.5423
2.66849e-24
43.5254
76.3736
34.3795
43.2746
5.30148e-69
30.7208
2.29676e-73
8.10231e-68
0.332771
6.60694e-47
5.66775e-74
85.6658
37.2711
23.3285
86.8865
4.96073e-79
1.58188e-75
3.63715e-86
3.23652e-47
6.97661e-40
6.2938e-34
45.5919
1.83676e-56
39.8197
2.11579e-40
41.5101
3.73837e-85
7.76103e-87
0.000250559
5.99239e-61
1.26285e-69
1.40243e-80
2.13352e-84
3.45361e-27
2.62081e-83
1.99612e-47
158.485
1.10046e-66
40.1218
1.21696e-39
2.39988e-78
56.7011
6.11001e-86
26.1974
3.49108e-31
2.29802e-48
6.96498e-83
27.2417
1.85496e-74
1.25139e-87
0.0504403
28.9465
34.8607
19.5838
3.15319e-88
7.69368e-84
1.37517e-72
8.65066e-20
2.34823e-72
1.77952e-54
21.6973
2.30124e-73
52.8216
2.72019e-83
2.50456e-87
8.6864e-42
6.10766e-64
1.10129e-50
75.1632
9.11224e-08
1.13799e-71
1.25459e-50
27.463
6.0884e-86
1.1233e-37
1.79944e-06
9.02379e-80
8.933e-77
9.81148e-56
2.27856e-87
2.69365e-72
1.69645e-72
18.5898
26.027
9.7404e-39
3.35009e-82
3.24688e-62
5.88776e-72
72.0209
38.8084
47.2026
27.7063
1.18691e-34
20.69
2.03656e-43
1.0364e-73
1.52372e-39
1.56859e-34
3.51111e-72
1.4313e-51
20.496
34.8763
37.1175
2.28469e-68
4.4702e-68
21.1969
8.80159e-87
7.81507e-58
2.62373e-83
27.8261
12.0384
2.1502e-67
73.4661
3.63768e-12
4.44042e-75
20.5785
4.90642e-85
33.6824
1.55379e-23
6.89523e-63
2.75215e-65
1.30542e-80
1.18651e-84
6.51311e-68
8.65025e-59
7.2308e-59
20.967
2.30123e-73
0.000225985
37.5577
1.24391e-83
3.734e-72
65.9998
20.9327
1.93233e-56
6.40175e-35
1.51838e-67
4.67706e-87
8.94804e-89
6.74631e-64
2.20546e-68
1.7369e-47
1.34646e-11
3.90004e-35
9.87556e-30
2.9174e-13
27.344
1.73599e-63
5.26563e-22
3.93765e-32
2.36403e-81
1.96449e-57
4.09969e-74
79.227
17.2794
9.22496e-71
3.54842e-80
1.34191e-81
8.9923e-87
1.09966e-87
3.07718e-72
5.44147e-88
4.13683e-53
7.18346e-83
35.037
32.8684
1.78747e-69
34.5658
3.09448e-39
5.36645e-73
24.8772
1.02034e-27
17.7114
3.59059e-85
5.95725e-75
48.0275
1.28444e-68
7.13235e-54
32.3345
1.30005e-16
12.4709
8.91816
11.5787
2.77352e-39
2.0976e-42
25.0166
4.57555e-52
3.75381e-66
56.6624
17.1918
3.8215e-29
2.31487e-18
30.0478
3.01489e-71
1.3351e-85
9.31935e-64
1.08728e-73
22.6369
2.69263e-36
2.23976e-72
7.79065e-50
2.26147e-78
3.60764e-78
20.7343
4.15029e-46
3.95753e-29
4.08845e-58
89.2977
19.5098
2.83365
5.00101e-54
39.5998
1.30899e-17
12.4652
8.93728
11.5624
1.85394e-77
7.48629e-25
1.35291e-86
5.04374e-40
20.2214
7.54507e-76
31.2286
4.19827e-39
5.71337e-80
25.1229
18.3084
3.41332e-53
2.91415e-69
1.93416e-87
9.00711e-46
4.0931e-84
6.75146e-53
20.9027
1.15183e-31
5.63574e-82
20.735
17.2583
7.64332e-77
2.61979e-79
3.24464e-86
22.4138
3.18436e-41
9.5597e-80
3.67877e-47
9.87473e-53
12.4709
8.91846
11.5791
0.000745754
106.38
30.1848
3.49016e-70
1.54016e-27
23.1974
6.8357e-74
53.279
3.87628e-72
28.7766
1.02035e-27
3.86302e-83
2.40777e-73
2.50959e-50
4.26837e-58
4.6334e-21
5.95691e-76
36.0852
3.41132e-69
5.89374e-69
7.04291e-89
2.12264e-48
5.18449e-85
2.1105e-81
44.6076
1.45953e-73
27.0531
1.80621e-33
0.000180243
121.484
2.73624e-86
41.3399
2.84697e-59
1.55652e-75
3.55848e-88
9.31125e-86
4.37124e-83
6.28108
7.37251e-21
1.14478e-50
90.7509
2.25566e-33
2.77828e-87
1.2072e-87
1.94741e-78
6.4119e-84
1.16587e-13
1.07936e-64
3.51491e-27
5.16341e-78
5.33279e-80
3.70857e-72
1.72472e-10
30.9438
6.79047e-18
3.19664e-31
3.19711e-15
73.5999
62.1702
59.2532
38.5748
4.20967e-18
4.24383e-83
3.82199e-61
55.0307
1.42036e-69
58.8821
1.2319e-68
97.9054
50.4328
2.70352e-57
5.8835e-71
58.3588
71.112
5.5927e-75
5.60745e-63
25.656
15.9689
1.13719e-76
8.12849e-35
3.97518e-88
3.62688e-72
6.38311e-76
9.07644e-77
23.7599
24.7046
30.0087
23.8125
9.17335e-31
1.02351e-73
1.8574e-81
1.56378e-80
2.00231e-24
84.4451
6.67814e-53
2.13705e-43
3.3418e-07
3.82828e-69
1.04435e-81
47.1935
4.2266e-16
30.3898
5.30574e-83
2.20652e-40
3.38709e-38
2.86277e-69
2.12947e-87
1.68565e-19
169.787
7.77198e-41
87.691
1.34315e-71
8.02957e-88
7.07565e-86
59.2769
2.14974e-51
60.4825
5.34035e-09
1.4368e-86
30.7223
4.55633e-52
50.5982
2.19678e-76
23.351
6.76975e-18
2.1723e-18
6.15521e-67
0.00440078
1.87406e-78
27.586
2.1535e-78
4.6595e-42
1.20049e-49
5.63578e-54
1.36438e-50
2.81895e-84
7.28914e-63
9.52064e-07
1.90871e-16
6.39688e-78
11.2789
9.87768e-87
1.89983e-79
5.92142e-51
17.8598
3.13013e-63
4.67098e-85
18.2097
7.69706e-87
9.14604e-78
37.83
4.67968e-76
1.13996e-78
8.26599e-79
5.47131e-53
3.81036e-25
8.88978e-88
2.27486e-88
3.67633e-79
1.55798e-87
1.41838e-35
7.40366e-84
7.80117e-78
1.24757e-87
0.0327994
29.103
2.74563e-42
22.7346
2.73711e-05
37.945
1.0853e-15
73.4589
4.99938e-30
2.19088e-68
21.6983
3.52462e-73
2.34487e-61
2.3255e-60
1.84793e-79
6.7295e-69
3.25863e-21
1.34379e-25
3.78717e-75
5.23488e-61
6.10178e-82
2.92569e-47
26.9997
2.62865e-82
1.39804e-66
1.17156e-78
6.45007e-23
6.81995e-67
56.9391
1.42347e-69
27.2145
5.42782e-81
22.2569
26.0197
1.61754e-83
1.48211e-48
5.48849e-56
9.40802e-27
5.12879e-86
1.29396e-23
1.86503e-63
1.35365e-70
4.98188e-57
20.6894
2.30567e-73
7.63092e-82
55.266
8.82453e-87
7.81194e-24
4.16767e-56
43.4492
1.02836e-86
3.63441e-56
1.89098e-58
4.14854e-76
21.1887
68.4188
26.2649
6.63985e-62
1.7459e-75
1.22802e-64
26.298
2.66484
24.001
25.2155
73.8301
1.83581e-28
2.02329e-83
5.83776e-70
81.2547
87.997
1.46279e-60
3.50802e-80
33.2995
8.86108e-69
48.2354
20.9689
3.52455e-73
28.473
39.6004
1.61517e-68
2.3858e-86
1.31281e-63
1.15993
1.51018e-77
23.0994
8.68909e-62
3.03463e-87
6.76548e-87
2.15039e-65
3.12524
1.16145e-80
2.19199e-73
1.4602e-72
2.79082e-86
4.26593e-47
25.3122
7.51849e-71
1.13906e-29
29.4301
31.2009
7.16311e-12
28.5556
85.821
53.5778
1.71772e-76
3.95133
49.6051
2.09466e-87
1.43236e-88
2.25626e-69
1.12468e-82
3.36842e-55
6.53085e-88
5.51802e-70
2.06463e-85
40.9548
6.9594e-60
45.0644
3.67069e-73
24.8843
1.02025e-27
1.28684e-46
2.16021e-84
4.57364e-66
53.4453
1.00599e-61
46.4121
40.757
4.85084e-54
12.4716
8.91728
11.58
2.65109e-26
6.23696e-58
2.27909e-44
5.84271e-49
6.08051e-69
1.25288e-26
31.1014
48.2133
7.41644e-20
30.0631
8.60936e-35
3.09241e-56
6.65382e-61
1.09074e-85
1.87488e-55
1.50915e-48
17.4812
25.213
22.1249
6.37749e-81
20.7517
2.69947e-46
3.75337e-59
2.44733e-81
20.4448
1.5531e-87
2.78256e-46
117.141
6.47621e-85
2.23325e-83
12.466
8.93628
11.5634
4.02037e-33
4.41093e-40
1.67805e-08
6.4363e-23
5.942e-12
6.78192e-31
1.01906e-55
17.8139
2.36452e-65
25.1405
18.3044
9.13378e-28
1.40757e-50
1.42788e-66
1.4195e-73
9.08083e-26
2.17971e-84
1.74284e-63
65.3903
34.8241
20.7516
17.3823
6.53521e-77
3.62888e-66
2.12668
1.15284e-31
28.1059
18.7218
1.22429e-37
6.96719e-27
12.4717
8.91752
11.58
3.83975e-78
2.57818e-73
1.30068e-77
3.37888e-17
23.8207
63.2204
33.188
1.5308e-87
29.4081
28.7837
1.02032e-27
8.14768e-84
3.39985e-78
9.25113e-63
3.93039e-77
6.9482e-31
3.98588e-19
306.971
36.0131
2.38808e-72
1.89174e-87
2.15118e-86
6.58673e-86
1.72676e-82
6.73213e-42
4.65675e-86
29.5501
1.52007e-46
9.06441e-43
1.30497e-77
3.2672e-72
3.51193e-23
28.349
4.42277e-72
1.21754e-85
2.10657e-82
82.7685
21.7343
29.7309
4.88847e-86
7.94933e-78
5.17752e-37
2.78446e-87
7.51019e-87
5.75507e-86
1.52946e-52
6.76871e-81
8.84727e-88
38.1775
50.9648
2.24637e-76
5.96692e-13
35.5585
40.7965
3.47587e-32
27.6941
1.89919e-74
65.1086
1.32984e-86
55.5768
2.96127e-69
2.61581e-64
4.06277e-38
1.76061e-82
3.19985e-30
3.44113e-34
29.8987
5.77665e-61
6.48026e-64
1.5121e-44
4.25348e-71
3.97625e-78
3.19744e-66
1.8542e-46
1.01554e-77
4.40759e-87
60.018
6.74971e-86
1.03217e-77
2.94123e-36
1.08609e-51
3.01121e-75
1.26012e-86
39.2676
6.94214e-82
1.28778e-69
27.4648
2.35599e-16
34.1446
1.7789e-34
1.66467e-70
9.17579e-85
5.30873e-81
18.9287
37.6711
81.2416
4.6278e-66
61.769
60.4046
42.6542
1.57256e-80
19.8079
2.14608e-22
1.32108e-56
1.73178e-77
1.25951e-77
8.82066e-05
1.74408e-79
64.8607
39.8026
153.868
6.14554e-65
1.19972e-66
70.5569
40.9164
4.41981e-36
5.77544e-76
2.90092e-80
7.13883e-78
34.7011
3.17209e-43
130.486
3.34901e-75
5.20457e-87
8.65143e-74
7.58177e-81
14.4509
19.2714
50.4632
3.14454e-67
1.09881e-81
4.07319e-87
29.3796
4.96821e-79
32.4998
0.0257954
8.36105e-85
46.5804
1.46927e-29
9.16929e-86
1.5707e-72
1.23033e-80
27.0573
3.05982e-73
1.34009e-56
9.53618e-38
1.58773e-70
1.97984e-34
42.582
1.3875e-26
46.0029
3.90661e-79
1.77306e-77
6.41969e-84
1.36013e-70
3.38346e-75
5.92277e-73
4.9518e-68
2.31522e-80
1.23622e-76
34.263
1.30438e-55
8.4109e-75
17.4763
45.0584
26.901
4.96745e-69
1.60566e-78
100.018
3.76269e-75
1.21067e-29
47.0984
21.2583
1.08126e-39
22.6856
3.52684e-73
5.1667e-23
4.98723e-77
2.04997e-60
9.333e-88
1.67037e-43
42.2619
3.12597e-47
77.2423
8.64254e-59
236.234
5.42582e-69
9.99005e-88
9.27235e-89
8.21042e-56
3.03311e-50
153.134
7.49176e-72
3.42958e-81
4.58855e-57
15.3505
73.7342
30.3569
2.39265e-56
2.56778e-52
7.53228e-75
1.33848e-53
7.16262e-85
9.23006e-73
1.56915e-06
9.6672
1.66125e-65
21.6521
3.5261e-73
3.04666e-75
4.99723e-53
7.54019e-73
1.61217e-63
3.44491e-80
5.42801e-84
9.04962e-72
26.688
12.6417
63.8342
27.9362
3.28634e-80
24.7109
31.5449
5.37829e-83
5.96614e-48
2.90272e-55
32.8562
130.347
4.77949e-69
24.9742
7.78546e-05
56.5258
1.09481e-46
1.43379e-83
2.02152e-39
1.43481e-84
3.73235e-69
7.75064e-12
3.53718e-76
6.48875e-80
22.0349
3.52668e-73
2.59674e-25
1.72588e-34
67.0263
30.3762
6.45949
8.58042e-84
4.87871e-51
71.8143
2.0632e-58
2.91314e-72
57.7576
1.2263e-72
2.17566e-83
2.67333e-73
2.22025e-87
1.54564e-71
1.99154e-84
1.14293e-26
4.08045e-56
85.0727
2.90834e-41
3.93914e-87
2.10606e-74
6.21514e-78
2.56744e-40
33.8167
1.38911e-67
2.62365e-78
1.20614e-62
35.8359
9.87203e-88
5.27942e-75
1.49652e-68
2.68525e-69
39.8655
8.58576e-74
4.93328e-08
6.93685e-86
5.25216e-82
1.70395e-28
3.89985e-72
6.79016e-73
28.4079
2.44886e-30
8.10177e-75
6.71155e-82
1.87573e-87
8.79178e-83
2.11104e-80
2.52473e-20
2.99313e-79
7.10027e-80
12.4726
8.81477
11.6697
1.57913e-20
3.44501e-73
22.8391
6.16483e-72
9.65767e-75
3.31273e-87
22.5887
4.41262e-83
2.11438e-84
34.7513
3.52592e-73
4.05773e-83
2.05375e-16
22.3924
2.60287e-45
1.00682e-84
0.177785
1.27966e-42
3.06403e-71
2.38782e-77
25.3621
3.85711e-40
1.50426e-51
39.7182
4.29534e-40
6.73944e-78
2.9454e-16
1.17758e-86
1.06342e-71
1.14301e-75
12.4711
8.83723
11.6501
16.6976
6.26066e-75
4.67403e-20
49.1673
13.4009
56.7216
12.0405
21.6838
1.4119e-81
17.5522
18.8702
2.28183e-57
24.7566
8.56627e-85
7.83864e-79
38.0818
7.84131e-79
2.35677e-80
1.13836e-69
2.12594e-78
25.3762
17.0798
3.22375e-22
5.92658e-69
2.1712e-31
2.48621e-79
2.17698e-78
1.82743e-81
4.33643e-28
1.29428e-61
12.4723
8.81502
11.6693
17.0379
5.0447e-82
24.7074
2.60383e-66
3.8652e-23
8.82656e-69
23.2721
1.26477e-67
1.7084e-56
32.3164
4.88281e-26
4.85671e-79
2.17072e-48
6.33238e-87
2.18057e-84
1.63101e-66
6.49191e-07
28.2002
5.84068e-61
7.17922e-76
55.7085
8.15348e-86
6.21153e-50
25.6808
4.66088e-67
2.0417e-41
1.41694e-47
54.0512
20.8803
3.17921e-78
2.69583e-61
1.09645e-16
1.55759e-17
1.01073e-83
25.1146
6.95859e-77
5.61694e-38
4.15504e-84
5.43927e-79
9.31104e-77
4.59184e-73
1.0923e-79
53.3809
1.53985e-58
2.40237e-86
9.26385e-87
42.9444
14.7025
5.78204e-16
2.72671e-17
3.22646e-62
1.18117e-34
5.82452e-17
32.3312
1.1546e-22
1.46462e-79
12.2106
43.0712
3.78428e-62
12.8873
5.82737e-27
2.44477e-61
3.46899e-35
6.25028e-68
2.89027e-89
4.49087e-26
5.17597e-26
1.20651e-78
3.36438e-37
36.9343
6.59745e-26
24.19
5.77672e-76
2.11117e-74
33.9054
1.79782e-86
97.7228
2.12783e-73
1.45733e-76
2.48437e-87
2.22494e-19
3.1502e-34
4.33715e-78
8.91273e-66
1.55017e-82
2.18946e-76
32.3083
1.15486e-22
3.48171e-83
4.88776e-76
2.56732e-87
19.7726
39.2875
4.38874e-23
1.46326e-85
44.1279
25.6648
1.01171e-86
6.17422e-60
7.56902e-46
1.70926e-86
6.91499e-78
5.89019e-12
20.3534
1.81173e-57
50.3968
33.7374
2.33251e-67
1.94845e-72
4.55637e-75
3.51971e-14
1.28329e-83
2.01695e-68
3.84552e-82
8.90176e-18
2.99265e-66
2.90438e-45
0.000123045
1.99113e-66
32.3312
1.15485e-22
2.23695e-79
40.1826
3.13433e-55
1.37457e-80
1.06298e-72
1.92041e-60
6.26048e-82
4.72741e-84
6.27569e-68
5.18891e-87
1.16057e-74
48.0326
1.0339e-83
7.02093e-85
8.57726e-89
12.1982
5.52898e-23
3.30459e-24
7.53886e-28
1.45801e-75
2.80295e-48
5.67182e-17
34.9032
1.02129e-86
1.41376e-47
2.9109e-71
1.33949e-85
7.86142e-84
1.42883e-66
4.03647e-75
VECTORS velocity float
-1.42236e-85 -2.30077e-85 0
-5.35991e-84 -2.44923e-82 0
-4.21485e-17 3.79476e-17 0
3.37346e-62 5.2196e-61 0
-5.9288e-78 -1.59814e-78 0
-7.59645 -24.7882 2.1494
1.59268e-39 1.47322e-39 0
2.83925e-32 -2.53969e-32 0
1.17082e-58 -1.03002e-57 0
2.97512 0.735119 -17.6293
-2.82494e-77 -5.52275e-77 0
-1.34728e-50 -1.06347e-48 0
-12.2195 -28.9684 16.1585
-4.67195e-76 -3.73837e-75 0
1.13258e-61 5.25848e-62 0
-1.73818e-87 -1.80257e-87 0
8.70547e-59 1.15919e-58 0
-3.49656e-70 1.35916e-69 0
-37.3352 -44.7393 28.6593
26.2153 -14.8916 20.2686
3.45418e-79 -5.96695e-80 0
7.40912e-14 -3.52589e-14 0
6.12162e-49 1.0128e-47 0
-27.6444 -8.36958e-06 6.6094
-1.15484e-22 -1.66483e-26 0
9.5848e-50 1.70615e-49 0
1.00792e-63 1.32577e-62 0
-1.28635e-31 -6.62403e-32 0
-5.78455e-09 -3.16928e-09 0
-39.2721 33.2376 24.7419
0.332572 27.3098 -9.36703
-50.7509 23.0584 -6.86029
-1.50749e-36 -1.17326e-36 0
-3.01249e-60 2.13422e-60 0
-2.51344e-84 -2.57672e-84 0
2.03573e-64 -1.54422e-63 0
24.2103 4.2017 -16.6465
10.1677 13.438 -16.602
3.61008e-53 -3.59731e-54 0
4.14335e-81 3.53909e-80 0
1.06791e-36 3.46651e-37 0
-1.23883e-56 8.71148e-57 0
18.367 41.6647 63.1988
-9.0154e-38 6.33965e-38 0
-30.2194 -2.73493 0
-1.01061e-89 8.95431e-90 0
1.96915e-68 2.02755e-68 0
-9.07421e-89 -2.41309e-88 0
-1.02528e-86 -1.38611e-86 0
-8.94352e-75 -1.45381e-74 0
-5.40245e-76 -6.68906e-77 0
18.3504 2.848 -17.9625
1.82878e-34 -7.80862e-35 0
-4.6461e-09 -4.16668e-09 0
-8.21994e-83 -9.6863e-83 0
-4.82889e-38 3.39569e-38 0
-27.615 4.29958e-06 6.63151
-1.15487e-22 -8.36341e-27 0
-2.78649e-71 -5.06376e-71 0
-2.10616e-21 1.83295e-21 0
2.03326e-75 -7.46962e-76 0
1.77692e-66 -2.97509e-67 0
1.06287e-71 -2.3184e-71 0
3.00393e-24 -5.73781e-24 0
26.0663 -17.1089 13.0475
0.889617 0.585206 -18.7882
-1.73479e-70 7.28791e-71 0
-3.88229e-89 -4.39378e-88 0
-2.29201e-78 -1.13993e-78 0
-3.62252e-85 5.84104e-85 0
1.83408e-84 1.83012e-83 0
26.9833 30.7325 -16.9326
-1.40109e-86 5.31578e-87 0
8.9372e-60 4.53017e-59 0
7.23718e-45 5.4175e-46 0
-9.87026e-06 -6.14494e-07 0
7.65596e-10 -2.65891e-09 0
1.15708e-59 1.7903e-58 0
-12.9599 86.104 -13.1446
1.28847e-59 1.99359e-58 0
1.51838e-54 3.04185e-55 0
-6.03328e-72 4.03345e-72 0
1.43304e-85 -5.26413e-85 0
-6.51921e-86 -2.08224e-85 0
-1.6361e-62 2.49413e-62 0
1.337e-82 -7.51576e-82 0
2.85897e-15 -1.23826e-14 0
-2.43113e-57 1.70958e-57 0
-2.04494e-73 -1.63629e-72 0
-27.6444 1.20593e-05 6.6094
-1.15462e-22 -3.96135e-28 0
-2.56684e-35 8.25996e-36 0
-0.000580365 0.000125937 0
-7.28724e-52 5.12441e-52 0
1.91843e-09 -2.42691e-09 0
2.20252e-79 -7.63002e-81 0
1.02681e-75 1.20472e-75 0
-28.3365 -4.03459 -15.421
3.38734e-19 5.71503e-19 0
-1.20859e-68 2.67435e-67 0
-7.82851 41.6355 10.8523
-1.65969e-57 1.1671e-57 0
5.06144e-46 -3.94549e-46 0
-6.53115e-87 6.25881e-87 0
1.10031e-17 -1.76946e-17 0
3.86096e-31 -4.16427e-31 0
-1.0034e-48 2.89417e-48 0
30.4724 -0.282412 33.5561
3.72479e-12 5.63721e-13 0
15.5846 12.4083 3.83723
-4.756e-43 3.34443e-43 0
2.99243e-85 6.7829e-85 0
-1.12985e-17 -1.07209e-17 0
-1.00239e-41 7.04885e-42 0
-3.58892e-52 8.35171e-52 0
0.0359854 -0.0553194 0
9.32742e-38 -7.6365e-38 0
2.93375e-55 -1.75254e-54 0
13.2623 64.9955 23.054
1.31044e-85 -8.85307e-85 0
-3.5632e-83 1.2902e-82 0
1.77353e-89 -2.44928e-88 0
-2.26315e-74 -1.81088e-73 0
-6.31007e-76 -6.48696e-75 0
-3.57021e-88 -9.02054e-88 0
26.7679 -11.4075 13.2251
-3.88299e-73 -2.97147e-72 0
1.68444 -7.24363 -14.0789
3.83565e-71 8.48096e-71 0
-6.90142e-51 4.85309e-51 0
9.36322e-21 2.61076e-20 0
-4.98633e-80 -7.48143e-80 0
-1.53008e-73 4.78163e-72 0
-0.000263565 -27.6261 6.61956
4.09005e-28 -4.8827e-26 0
-6.04264 -9.65733 -16.1024
16.3759 16.7538 -15.5021
4.78752e-85 -5.69724e-85 0
-0.782106 2.68217 0
22.441 -32.4473 -15.6949
-7.19676e-19 6.94105e-20 0
4.57396 -57.6117 -2.65327
21.7031 -5.78379 -16.9009
-1.04474e-05 -8.06034e-05 -12.4724
-3.94545e-05 -2.07761e-05 8.81477
-0.000170858 -0.000126289 -11.6693
5.68497e-48 2.84353e-48 0
2.75623e-25 3.19951e-26 0
11.739 11.3409 -7.2837
-3.06808e-77 1.82149e-77 0
36.6803 34.2852 20.5354
6.81306e-70 1.04942e-68 0
9.01415 27.4142 30.9846
4.4867e-63 6.96343e-62 0
-1.95162e-08 1.26211e-08 0
2.80394 30.3777 -16.5836
-1.39842e-77 3.52488e-73 0
1.3254e-47 7.15843e-49 0
-1.44316e-87 -2.2948e-88 0
23.5829 -9.87353 -13.8152
-2.16719e-74 -9.12151e-73 0
2.527e-85 4.4278e-85 0
-2.04425e-41 -4.69913e-41 0
-27.2803 35.7707 -18.0437
16.8724 -21.3027 -3.04978
20.9521 -27.9916 6.76436
3.25583 -24.2813 -8.07813
-1.22512e-48 -7.41132e-47 0
2.84789e-50 4.42675e-50 0
-157.376 -52.3149 32.0725
6.3475e-71 9.09048e-72 0
1.29416e-62 -9.94696e-62 0
7.6161e-45 -2.12866e-44 0
3.11686e-83 8.13088e-83 0
-1.28648e-87 -2.06935e-88 0
-0.135255 -27.1608 -10.7768
-5.36651e-06 1.18457e-05 -12.4712
-3.66411e-05 5.54228e-13 8.83723
-0.000732259 0.000113941 -11.6498
-1.19611e-49 8.41109e-50 0
3.33229e-39 -4.10205e-39 0
6.65634 0.692243 -16.8494
5.3017 1.80319 -17.3616
9.1156 2.62434 38.2784
-6.91006e-81 -4.26873e-80 0
16.9127 2.80546 -8.20967
21.0354 0.496205 -2.49035
8.26734e-62 -5.18715e-61 0
6.18651 13.4473 -7.40426
-0.000684601 13.7855 -13.9277
-6.0937e-53 -2.68306e-52 0
2.18593e-12 2.66218e-12 0
-1.3992e-18 1.02286e-18 0
1.35439e-53 9.12074e-53 0
-3.20808e-48 2.25593e-48 0
-1.23925e-38 8.71442e-39 0
-7.66107e-42 5.38728e-42 0
-3.26835e-20 -1.89234e-19 0
-8.81966e-31 1.35088e-29 0
3.23152 -24.3581 -7.8675
1.56022 -3.34181 -17.3321
2.80407e-13 7.24498e-13 0
9.33735e-79 -5.25717e-78 0
23.8864 5.03458 12.0791
-20.026 -13.4751 13.3613
9.77965e-26 -1.52773e-25 0
-2.06239e-77 4.56364e-76 0
20.878 48.0287 -8.30673
8.72559e-71 -4.63268e-70 0
-3.48119e-05 4.11042e-05 -12.4722
-3.94545e-05 2.07761e-05 8.81477
-0.00116774 0.000121241 -11.669
-8.65615 -21.0231 0.251113
4.56489e-78 4.85619e-78 0
8.95165 -18.8842 -12.8929
8.34536e-69 3.24974e-68 0
1.79271e-23 -4.65782e-23 0
1.63979e-19 -1.04055e-19 0
8.94151e-50 -9.04059e-50 0
-2.74243e-86 -2.18824e-85 0
-1.44703e-42 1.01756e-42 0
-0.000188495 32.0736 3.95406
-2.0531e-35 2.44884e-30 0
2.19294e-58 2.49353e-58 0
-4.70224e-13 -1.59236e-12 0
11.1427 26.7066 -13.1065
-5.37379e-81 -2.2064e-80 0
13.873 21.182 -5.70768
2.47027e-35 3.62051e-35 0
1.39508e-86 6.98916e-88 0
44.8097 57.9198 -4.70251
-3.68163e-71 8.14668e-70 0
-13.5913 -83.1759 54.5079
-4.44309e-61 3.12439e-61 0
17.0346 -31.1982 -0.753439
17.4883 -9.98208 8.48288
1.29467e-62 2.00318e-61 0
55.1581 -4.48867 19.2559
55.8059 19.4797 -2.75373
-1.4305e-85 -6.2274e-84 0
2.4856e-81 -4.27324e-80 0
8.3068e-60 1.28527e-58 0
-5.80694e-08 -1.13897e-07 0
8.08856e-88 -3.10561e-86 0
-8.07784e-38 4.78265e-38 0
-5.80214e-76 -4.4206e-75 0
1.38091e-18 9.6089e-19 0
-3.94934e-75 -1.96421e-75 0
-1.41366e-81 -8.004e-82 0
-49.7136 -1.01971 -20.4818
2.99016e-81 -1.14076e-81 0
1.39281e-85 -7.85041e-85 0
2.9236e-72 5.17127e-72 0
-3.27937e-73 5.01862e-73 0
-5.95303e-70 -4.76341e-69 0
2.7623e-87 2.17514e-86 0
-5.81315e-86 5.08848e-86 0
3.2429e-07 1.1639e-06 0
1.10482e-76 2.44263e-77 0
-1.09122e-77 -1.9453e-77 0
6.97077e-60 9.26206e-59 0
6.67604 -7.46103 -19.3304
3.95557e-78 -1.32124e-78 0
-1.8745e-39 1.12366e-40 0
-21.6137 -2.3872 -0.660937
27.6572 3.09274 -15.495
3.52799e-73 -1.39914e-77 0
10.7165 -45.375 16.8634
-2.4962e-87 -1.67076e-87 0
7.46386 -20.1912 17.0587
-26.4194 -15.8137 53.0701
-6.50429e-51 6.92466e-51 0
9.63077e-65 6.40219e-65 0
4.36564e-51 9.22515e-52 0
20.8496 32.8973 5.23378
1.41816e-50 -1.48108e-50 0
-36.5913 -175.32 43.2349
5.62667e-86 -8.56489e-86 0
-4.03665e-87 -2.47314e-87 0
-4.10647e-82 -2.04235e-82 0
-6.38177e-77 -5.10002e-76 0
19.8082 33.4011 -9.24778
-1.50885e-81 -2.26385e-81 0
-9.6708e-82 -4.81221e-82 0
-5.18934 -0.863515 0.15226
-7.0272e-61 4.94155e-61 0
26.8564 -26.4324 -18.1593
41.9503 -55.3274 1.44682
13.6638 17.6898 -17.5709
-3.40832e-77 2.7364e-77 0
1.13497e-70 4.5592e-70 0
1.70207e-20 3.1184e-20 0
2.59701e-11 8.60526e-12 0
-8.44336e-43 5.93739e-43 0
21.8558 30.9166 15.7075
5.33346e-83 -1.27057e-81 0
5.59386e-56 1.31743e-56 0
-1.29071e-17 9.25879e-19 0
26.6884 3.02552 -15.2688
3.52538e-73 -3.31423e-78 0
18.8157 21.583 -17.9759
3.36006e-75 4.43571e-76 0
-1.65427e-20 -3.95212e-21 0
-5.43313e-73 -4.44829e-72 0
-5.63426e-68 -2.43627e-66 0
2.09318e-64 -2.08914e-64 0
-25.6264 16.9232 -20.2973
-6.25447 -0.120672 -19.057
7.78856e-66 1.20508e-64 0
73.6177 24.4824 -10.7983
-80.1412 -15.251 4.72671
0.492121 6.85575 -12.2475
2.23835e-64 8.38397e-64 0
-9.54644 -16.031 -18.7546
1.53891e-86 8.88664e-86 0
4.8831e-52 -2.60296e-52 0
5.01166e-13 4.30554e-13 0
-0.00246534 -0.00259592 0
1.62742e-83 -1.13499e-83 0
7.69642 -1.97261 -10.7211
-2.4006 135.222 -20.2554
2.34045e-85 -2.19019e-85 0
-2.9504e-68 -1.46738e-68 0
-4.51912e-85 1.63068e-84 0
13.064 -18.3749 -16.2644
41.553 -51.834 -2.42064
-1.61589e-41 1.1363e-41 0
17.5894 -20.4189 31.2578
-7.71264e-41 -2.55253e-39 0
-28.1641 12.6875 1.33204
-2.34503e-27 8.7702e-29 0
27.8171 -1.1069 -15.1443
3.52686e-73 1.55017e-77 0
87.9257 -179.736 209.618
27.4258 25.9112 56.7562
8.57873 22.3215 -9.64601
5.78654e-10 -3.57999e-09 0
2.82788e-81 3.00488e-81 0
1.52697e-83 -3.6334e-82 0
-1.49557e-81 -4.80483e-82 0
32.4359 -6.09471 -11.988
1.08944e-62 1.68565e-61 0
-3.44814e-73 -2.79774e-72 0
-8.62705e-88 1.30936e-87 0
4.96914e-06 7.19892e-06 0
1.72735e-24 -1.04165e-24 0
7.59833e-63 1.17645e-61 0
-93.642 9.86667 9.11329
4.4631e-71 4.78027e-71 0
-9.74742e-86 3.55302e-86 0
1.2432e-23 -6.99992e-23 0
5.99336e-71 -1.80875e-71 0
-1.46685e-74 -6.3427e-73 0
3.55932e-36 5.64358e-36 0
-6.43538 -20.6033 -8.35169
-2.13007e-47 1.49787e-47 0
-3.85828e-84 -9.39781e-84 0
-6.21798e-78 3.80371e-78 0
-4.35111e-48 9.75435e-49 0
5.75963e-53 1.7222e-53 0
2.00237e-67 8.96782e-67 0
-3.56193e-52 9.38402e-52 0
1.18252e-66 1.13812e-67 0
-1.62594e-56 1.14336e-56 0
-1.18649e-78 6.32429e-79 0
27.6161 -2.52018 -18.4744
1.15864e-69 1.79268e-68 0
-1.50261e-43 1.05664e-43 0
-1.23723e-88 -1.30914e-88 0
3.91577e-71 6.05688e-70 0
-1.80908e-75 -1.44719e-74 0
6.86469e-72 6.06324e-72 0
-5.09976e-88 -6.50841e-88 0
31.4022 43.1687 11.2427
-1.67523e-73 -1.34047e-72 0
-9.6644e-88 -7.97723e-88 0
25.3774 41.9777 -9.6076
0.359796 27.7264 -5.95929
-3.33837e-72 6.58079e-73 0
-5.56251e-48 -3.80666e-48 0
-1.2971e-87 -6.9176e-88 0
19.2012 5.08216 -18.8136
9.1749 2.90599 -2.14717
3.10062e-48 -1.19001e-48 0
2.10908e-75 1.81583e-75 0
2.8886e-86 -1.404e-87 0
-2.75805 7.04652 0.58857
-2.38968e-44 -8.04058e-46 0
9.31541e-50 6.83293e-50 0
-1.11887e-38 7.86792e-39 0
-1.88971e-66 4.06452e-67 0
-42.6331 23.6821 -20.0344
16.8903 16.5778 -16.6725
5.12093e-68 -3.35042e-68 0
-1.51367e-63 -1.22986e-62 0
5.59256e-61 3.53762e-61 0
-1.51321e-72 -1.21084e-71 0
-2.07749e-83 2.83429e-83 0
23.6461 -6.84157 -15.679
-6.47876e-74 -5.18554e-73 0
1.64152e-68 2.53985e-67 0
109.559 -35.1984 -9.53291
-4.31993e-88 -1.21613e-87 0
-3.54556e-46 2.49325e-46 0
-8.16785e-55 5.74365e-55 0
-7.97725e-85 -7.05749e-84 0
-4.3266 6.65662 5.93211
-7.65874e-53 5.38564e-53 0
8.68234 5.05892 9.96552
6.93194e-34 -2.27152e-34 0
-2.5493e-77 -1.12427e-76 0
-6.01488e-61 4.22968e-61 0
-1.82255e-46 -1.52848e-47 0
-5.15832e-57 3.62734e-57 0
2.10857e-86 7.89497e-87 0
4.14283 -29.3519 -4.90882
16.8999 -33.5967 -2.16406
2.54882e-28 -7.34483e-29 0
8.17985e-07 2.31402e-07 0
-11.877 5.31984 -2.89325
-3.86377e-08 -4.13087e-10 0
1.05427e-72 -1.27419e-72 0
7.54407e-26 -9.64198e-26 0
-4.60939e-81 4.12766e-82 0
-5.2879e-86 4.26258e-87 0
-1.51755e-23 -2.40004e-23 0
-1.23728e-20 8.11128e-21 0
-52.3314 15.9464 -10.3941
-9.84469e-83 3.56588e-82 0
-1.91204e-60 1.41524e-60 0
-2.75765e-89 6.6091e-89 0
6.04313e-88 -6.91198e-87 0
81.8499 4.54904 143.806
-6.99499e-35 4.91889e-35 0
84.9209 -52.4405 -7.25817
-1.67606e-84 3.12106e-84 0
-0.321892 0.0801811 0
11.9406 12.7713 5.70511
-131.95 95.0687 30.0274
-5.47197e-34 3.8479e-34 0
-7.82568e-63 5.38888e-63 0
6.03068 -69.2873 -14.1685
26.2221 2.7033 -15.3787
-8.87726e-66 -2.63308e-65 0
-6.2205e-77 -2.02802e-77 0
-2.18748e-75 2.71372e-75 0
2.9375e-89 -8.1223e-88 0
1.63148e-74 3.00272e-73 0
1.20879e-78 1.1707e-78 0
14.9197 -2.5698 -12.0389
-2.95031e-73 -2.3594e-72 0
-2.06344e-57 1.45101e-57 0
-6.23281 -1.5139 0.684894
-3.47474e-32 4.18298e-34 0
-2.41292e-70 -1.93079e-69 0
25.4819 -12.1499 -3.42045
5.71639e-23 -6.6452e-23 0
-1.66624e-61 1.8474e-61 0
2.44627e-83 9.0784e-84 0
5.11383e-54 -1.8671e-53 0
-2.24672e-86 5.18195e-86 0
-2.96829e-42 2.08731e-42 0
-1.97866e-42 1.3914e-42 0
-2.18916e-87 2.1148e-87 0
-9.87975e-23 1.53458e-22 0
-3.0493e-71 -5.05754e-71 0
-3.33373e-19 -4.85093e-18 0
8.40201e-36 2.02931e-35 0
1.845e-84 1.96194e-84 0
-2.04865e-85 -3.58981e-85 0
30.5601 46.6908 17.3485
-18.0665 -5.76776 10.0951
-2.24477e-59 -1.0244e-59 0
-4.15472e-70 -3.3245e-69 0
-2.57573e-61 5.06101e-61 0
0.143316 -0.0377236 0
-9.62129e-57 6.76572e-57 0
-3.82403e-75 3.35179e-74 0
4.93768e-21 1.29961e-20 0
10.5832 -17.2547 -15.3273
-8.11528e-35 5.70668e-35 0
5.33382e-28 -3.1026e-27 0
-3.88799e-85 2.41e-85 0
-5.44578e-07 5.54028e-06 0
7.36018e-90 -2.46877e-88 0
3.87415e-85 -2.18894e-84 0
-1.41281e-79 -1.0087e-78 0
2.05904e-87 -3.74343e-86 0
-7.64832e-56 2.18635e-54 0
7.88163e-35 9.94288e-35 0
73.8768 8.69508 14.0516
1.61912e-17 6.83253e-17 0
1.13101 -3.45905 -19.0558
2.35531e-63 3.65198e-62 0
2.15506e-58 -8.28371e-60 0
-4.31863e-84 -5.57584e-84 0
-8.19127e-06 -22.8673 9.814
8.28125e-30 -1.02031e-27 0
1.16771e-82 -3.93606e-83 0
6.20092e-79 1.12356e-79 0
-2.62605e-80 9.51421e-80 0
19.7334 -43.2009 26.1045
-45.6427 -19.9219 4.44531
-3.1835 7.87205 -10.8633
-2.11654e-70 -1.69359e-69 0
-4.76673e-78 1.05478e-76 0
-1.31332e-05 -0.000104136 -12.4715
-3.34788e-06 -1.4658e-05 8.91728
-3.70599e-05 -0.000159805 -11.5798
-1.01497e-82 -4.92374e-82 0
-9.47849e-39 -1.09481e-38 0
1.56009e-47 1.97452e-47 0
1.04074e-48 3.90833e-49 0
-8.78951 17.1223 1.79536
3.80729e-87 2.56482e-87 0
1.43417e-10 -1.70686e-10 0
1.91592e-80 1.91829e-80 0
2.85832e-17 -4.06217e-16 0
3.08242 25.8828 -14.9775
-5.13735e-78 2.29807e-73 0
4.4067e-79 1.70818e-78 0
2.77877e-62 2.86118e-62 0
-1.27138e-81 5.59278e-81 0
3.59129e-83 -8.55411e-82 0
-1.07818e-17 7.05479e-16 0
19.8636 -1.46867 -18.1942
1.3354e-40 1.12804e-40 0
-3.68256e-70 -2.94672e-69 0
8.44935 20.3053 -14.1916
3.54873 -19.1828 -7.07365
-7.66534e-48 -4.15026e-46 0
-3.86603e-71 9.75382e-71 0
4.16888e-54 1.1297e-53 0
2.84622e-87 -1.62346e-86 0
-10.1019 11.2685 -13.6765
-8.07647e-75 4.62783e-75 0
26.6428 -44.6788 -13.8407
23.7679 -45.212 -10.861
-4.93332e-53 3.46912e-53 0
5.79065e-05 1.66459e-05 -12.4657
-3.08395e-06 2.44931e-09 8.93628
-8.27637e-05 1.11547e-05 -11.563
13.3532 -14.3059 -10.1245
-6.35445e-56 -2.72651e-56 0
26.6979 11.2353 -17.6478
1.49979e-30 7.59233e-31 0
3.07155 -2.4886 -20.3506
5.26401 7.19987 -5.52556
22.0986 9.25843 25.5863
6.55995 0.629284 -20.2765
-1.98386e-72 -7.4213e-72 0
3.35062 21.6894 -12.2624
-1.60241 12.3562 -13.3126
9.85818 -12.0384 -13.5773
-3.41433e-68 7.55521e-67 0
-1.00014e-70 1.23814e-67 0
-2.30604e-71 5.10278e-70 0
9.49859e-49 9.14227e-49 0
-2.20006e-76 -1.73207e-75 0
1.69239e-69 1.41683e-68 0
3.58557e-42 1.2447e-42 0
5.50561e-61 1.60806e-59 0
3.49712 -19.3078 -6.75104
1.78347 -3.10083 -16.8939
3.53547e-75 -1.59654e-74 0
4.65399 14.2447 -20.7767
-6.37079e-75 -3.16852e-75 0
1.37556e-71 -3.48142e-71 0
-6.42699e-51 4.51948e-51 0
9.0597 65.3983 50.2646
7.96597e-46 -6.55874e-45 0
-8.82423e-73 -7.06084e-72 0
2.77607e-05 2.92276e-05 -12.4713
-3.2938e-06 1.46736e-05 8.91728
-0.000366674 7.90728e-05 -11.5796
-4.78501e-25 6.54064e-27 0
7.53748e-38 -1.18828e-37 0
-4.05109e-77 -3.24155e-76 0
3.20627 -12.1295 -2.36159
5.71201e-65 -7.84509e-65 0
-8.39612e-77 -3.03468e-76 0
-1.0989e-08 -2.23153e-08 0
-20.248 -16.0498 -14.6237
-1.46758e-87 7.94017e-89 0
-1.23133e-05 27.7651 7.58951
-8.35395e-30 1.02021e-27 0
-4.82633e-84 -3.96125e-83 0
-1.05274e-78 4.08671e-79 0
6.79016 -2.14543 -19.831
-25.581 38.6102 20.605
-1.21077e-86 -1.41607e-85 0
-5.07873e-82 -2.24268e-82 0
4.43769e-34 -1.73725e-32 0
2.67135 32.4285 -20.5308
-5.91413e-68 1.30867e-66 0
-4.99596e-87 -1.63737e-87 0
22.5197 -0.394695 -18.1641
-3.02523e-54 7.76753e-54 0
2.7322e-83 3.14799e-83 0
-18.3968 -33.0331 -21.263
-1.32587e-78 2.93387e-77 0
-1.30981 -10.3611 21.9645
-3.30771e-49 -2.98106e-49 0
1.71686e-76 -4.25306e-76 0
-1.39598e-41 9.81657e-42 0
-6.15127e-67 1.54605e-67 0
-8.65554e-85 -6.92542e-84 0
-1.23561e-75 -9.85266e-75 0
-8.61652e-77 -7.70851e-76 0
1.44924e-83 -1.10341e-83 0
-1.47876e-76 -6.39422e-75 0
-2.495e-63 -1.31837e-63 0
8.49198 -22.5976 -11.8853
1.84314e-40 2.04564e-40 0
-6.68104e-77 -2.88891e-75 0
-15.0258 -37.2541 14.7605
-1.13818e-85 -4.98135e-84 0
5.16614e-87 -3.93312e-87 0
7.28208e-89 1.11252e-87 0
2.88431e-89 -9.02127e-89 0
3.02975e-74 -5.59377e-74 0
-5.28082e-77 -2.28344e-75 0
4.55206e-75 4.87469e-75 0
2.27388e-20 4.4761e-21 0
2.3589e-33 -7.27436e-34 0
4.00586e-06 8.80226e-06 0
-1.42997e-52 1.00556e-52 0
-8.00739e-61 1.29404e-61 0
26.7793 3.15526 -15.1784
3.52776e-73 -2.75274e-77 0
1.53979e-84 -2.76874e-84 0
1.08493e-85 -2.82974e-85 0
4.87518e-33 -6.03887e-34 0
-1.37743e-40 -3.95846e-41 0
7.87125e-36 -4.98532e-36 0
8.92033e-25 -9.53242e-25 0
-6.9575e-30 4.89253e-30 0
-5.65301e-88 -2.87667e-87 0
1.39438e-63 1.89255e-64 0
-4.29342e-77 9.50045e-76 0
-5.98407e-84 -7.05071e-84 0
10.4704 50.5881 34.8714
-1.72468e-79 -2.03178e-79 0
-48.0337 5.73395 -20.1382
-61.9417 40.0168 15.9786
-3.11375e-72 -7.51942e-72 0
-1.4895e-48 1.04742e-48 0
-8.20364e-72 -4.08008e-72 0
1.48875e-84 2.89751e-84 0
-8.85396e-87 -1.25151e-86 0
2.96116e-30 -1.22995e-31 0
13.3905 18.2134 -17.6576
-2.33332e-87 5.27719e-89 0
-3.29719e-84 -1.07695e-84 0
-35.524 9.08845 -2.8024
-5.83812 32.7349 -0.0834706
1.77611e-50 1.58388e-50 0
-1.24979e-84 -8.43671e-84 0
-5.20342e-70 -4.16411e-69 0
11.544 -9.37846 -12.3933
-2.02632e-75 2.51379e-75 0
25.831 3.08908 -14.9539
2.30578e-73 9.01373e-81 0
1.518e-83 -9.87538e-84 0
9.31419 27.6035 -18.4191
19.2955 78.5331 40.2614
7.64978 -5.55207 -18.0103
1.21224e-17 -6.33844e-19 0
5.19657e-17 -3.12884e-17 0
-3.36982e-10 -2.66694e-09 0
1.65787e-64 6.08282e-64 0
-6.91327e-87 1.54237e-87 0
-22.0405 -33.1992 28.7012
-74.2598 13.5121 14.8135
-0.184159 -0.260165 0
-4.09194e-36 -2.4218e-36 0
6.07712e-08 -1.04247e-07 0
-7.29693e-84 1.48328e-83 0
1.52161e-59 -1.22155e-59 0
-6.56205e-61 6.21168e-61 0
-5.64443e-73 -4.51168e-72 0
16.8197 17.7388 4.23225
-5.79093e-50 -5.3148e-50 0
47.1642 16.8056 29.3476
1.47932e-85 -1.48659e-85 0
8.24927e-89 -1.03941e-87 0
-1.15901e-88 6.93106e-89 0
1.21192e-68 -1.83691e-68 0
26.9846 -30.7862 23.8272
-5.02299e-80 -6.32784e-79 0
5.37845e-63 -2.15298e-62 0
-6.60597e-71 -2.85644e-69 0
1.27853e-84 -7.40969e-85 0
-2.9946e-30 1.06163e-30 0
26.9033 -1.1079 -14.7921
3.52292e-73 2.83123e-77 0
1.47626e-78 -4.07793e-79 0
-2.46381e-16 1.04866e-16 0
1.50952e-48 -5.85909e-49 0
1.07536e-69 -5.03697e-70 0
2.32326e-64 8.70206e-64 0
-21.635 15.5344 -9.7829
3.4307e-35 -9.54632e-36 0
20.401 0.763427 -17.4775
3.45827e-62 5.35088e-61 0
5.20884e-75 4.21711e-75 0
2.21359e-86 7.39136e-87 0
-1.04272e-48 -5.67713e-48 0
7.53066e-71 8.05026e-71 0
-46.3574 -28.193 -13.8693
5.16962e-73 3.43258e-73 0
1.30106e-80 4.4997e-81 0
-16.871 -1.43208 -15.1479
5.44965e-47 -2.69386e-46 0
1.04154e-09 -2.85238e-09 0
-1.00602e-83 6.34702e-84 0
-1.89437e-87 1.88982e-87 0
-9.37273e-05 3.9539e-05 0
-1.34871e-50 9.48415e-51 0
-8.33255e-78 -1.26887e-77 0
-5.98657e-86 6.11803e-86 0
-18.0558 29.8248 -14.2087
-4.42889e-29 -5.84694e-29 0
3.8953e-29 -6.99318e-28 0
6.96172e-79 1.31802e-78 0
-1.11874e-85 -5.56864e-86 0
-5.14803e-70 -4.11929e-69 0
22.4609 5.96268 -11.7953
-1.55812e-27 4.19746e-28 0
-7.06419e-55 4.96755e-55 0
8.93213e-83 2.75833e-83 0
-2.04661e-42 -1.31427e-42 0
-5.14691e-86 -6.2003e-86 0
1.38357 0.158891 -19.771
-1.58566e-46 1.11504e-46 0
20.248 -15.5863 -20.9149
-3.67176e-30 7.70745e-30 0
-6.69506e-64 -5.83219e-64 0
-9.65902e-88 -7.95682e-88 0
7.88913 49.2029 -21.9852
0.813639 28.28 -6.12881
0.0869367 -0.0659601 0
7.2223e-87 -1.79583e-87 0
-15.5694 2.9983 -0.495885
7.83008e-83 -1.86573e-81 0
1.43116e-81 3.12143e-81 0
5.77063 25.8313 -11.4076
3.22826e-44 -2.37027e-44 0
1.21195e-86 5.6907e-88 0
-20.1937 3.5429 -7.10801
-1.74162e-54 -6.10595e-56 0
1.29233e-69 1.04628e-69 0
8.81247e-82 3.19053e-82 0
5.74535e-30 -4.56102e-30 0
-1.10852e-47 3.90898e-48 0
-1.00562e-51 -1.7822e-51 0
-6.83328e-84 -3.19581e-86 0
-3.07103e-50 8.88809e-51 0
16.2077 -66.7615 6.08875
-1.39161e-72 -1.11352e-71 0
3.96784e-79 8.78485e-79 0
-4.69082e-70 -6.00605e-70 0
2.3881e-88 -2.41089e-88 0
-4.32371e-70 -3.45968e-69 0
-1.33857e-72 -1.07108e-71 0
5.64241e-30 2.913e-30 0
-3.59473e-78 -1.78784e-78 0
-2.01297e-88 -1.39134e-88 0
-2.24484e-85 -1.09252e-85 0
-2.32993e-63 1.63841e-63 0
-1.40943e-41 9.91112e-42 0
14.5849 10.8527 7.53596
-4.75152 11.9609 -12.7488
1.77293e-87 -6.63781e-88 0
-1.56661e-80 -2.38562e-80 0
44.1791 62.6468 -5.50748
-72.5838 -15.6697 -15.7186
-3.02034e-25 4.62323e-25 0
1.00488e-43 -2.40711e-45 0
-5.74565e-26 2.97968e-25 0
-4.784e-88 3.99798e-88 0
-8.02104e-72 -3.46833e-70 0
-19.2471 3.5023 -6.73889
-12.288 -0.278286 -18.0832
2.2094e-43 -2.32e-43 0
1.20628e-39 -1.6672e-38 0
-1.12806e-84 -6.0511e-86 0
-3.08346e-10 -6.33077e-11 0
-1.2405e-20 -7.62882e-21 0
3.19238e-83 2.71382e-83 0
-1.0988e-61 -1.28306e-61 0
8.24799e-42 -5.88704e-42 0
3.28397e-62 5.08113e-61 0
3.4952e-83 2.9139e-83 0
10.2758 -15.6473 -10.8032
3.67628e-62 -6.14966e-62 0
-4.45499e-70 -3.56473e-69 0
-10.8034 -6.10056 -4.84432
-1.55024e-82 1.4238e-82 0
-1.1836e-28 9.70352e-29 0
-5.9694e-42 4.19769e-42 0
69.4983 -63.9913 8.08865
-2.02141e-77 -1.61967e-76 0
4.28958 -14.8136 -11.0178
25.6821 -69.787 -21.1915
-3.30176e-85 3.5327e-86 0
-36.7022 55.1992 38.3871
-3.5178e-68 -1.74958e-68 0
-4.24785 -60.992 -1.48569
12.03 -21.1817 -19.0868
1.20464e-59 1.86388e-58 0
1.60879e-31 -1.70917e-30 0
-94.6743 -26.7875 -19.7117
-1.02841 0.652014 2.24979
1.49161e-71 -3.46678e-72 0
-20.1212 -0.881704 -5.83311
-2.87126e-26 2.47448e-28 0
1.32473e-71 -1.62324e-71 0
-35.0459 -0.818977 -13.51
-3.58021e-16 -5.11642e-16 0
9.80705 0.844462 -15.8043
-20.6932 -11.0446 -20.8447
2.47927e-63 3.83606e-62 0
1.83302e-62 3.05746e-61 0
-5.43866e-57 3.82448e-57 0
-2.2238e-56 1.56378e-56 0
-3.36755e-87 3.2458e-87 0
-3.94283e-89 -2.40245e-88 0
1.94333e-76 3.14215e-76 0
1.50512e-62 1.28414e-62 0
-3.0951e-85 6.29651e-85 0
-5.09831 9.5151 20.5095
-6.90772e-26 -2.74252e-26 0
20.8274 -49.9229 1.306
-1.17574e-34 8.26781e-35 0
-6.11863 -3.35667 2.19378
-1.06231e-49 7.47017e-50 0
-6.3246e-26 -7.12114e-26 0
6.86531e-82 -1.57332e-81 0
-2.75833e-57 1.93967e-57 0
2.16945e-75 -5.89082e-75 0
2.9683e-36 2.07871e-36 0
-1.41337e-79 -4.08957e-80 0
-2.86283e-63 2.01315e-63 0
-6.91345e-64 4.86156e-64 0
-1.20225e-85 -1.7646e-85 0
-2.45516e-50 1.72648e-50 0
2.59067e-91 -1.18297e-88 0
3.4254e-85 -1.94426e-84 0
-4.80297e-79 -3.76388e-78 0
1.88267e-87 -3.22876e-86 0
-1.24717e-54 1.75211e-53 0
-9.20736e-89 -1.54522e-87 0
27.0454 -36.7606 -2.303
-2.30978 17.495 0.799696
-6.95084e-81 6.94348e-80 0
-11.6208 33.1932 -12.4722
4.30178e-57 -7.24777e-57 0
4.94991e-81 4.36116e-81 0
5.53199e-06 -22.8569 9.82024
8.28904e-30 -1.02031e-27 0
-102.001 58.9846 -16.8389
60.9363 -167.633 56.5631
-1.02531e-74 2.2688e-73 0
1.43227e-63 2.21657e-62 0
2.03304e-67 1.75035e-67 0
5.32779e-45 1.50134e-45 0
1.2738e-41 3.68731e-42 0
3.51816e-62 5.46586e-61 0
-7.93112e-06 -9.83888e-06 -12.4711
3.62218e-08 -1.45615e-05 8.91816
-8.498e-07 -4.39147e-05 -11.5793
-21.4514 15.5951 -5.44216
2.48273e-47 -5.34514e-47 0
-2.26949e-78 4.61319e-78 0
4.71395 27.0472 -5.61782
-48.5744 31.7793 27.9173
5.54064 20.7196 -16.3195
1.07512e-46 4.88127e-47 0
17.7045 7.66882 -11.7942
3.43744e-18 -4.69866e-17 0
3.08351 25.8708 -14.9688
-9.66988e-78 2.30432e-73 0
5.84968e-23 -1.26153e-21 0
1.50364e-64 5.70566e-64 0
-3.22351e-59 2.26678e-59 0
7.42265e-64 8.47727e-65 0
-0.354992 -0.17068 -16.7863
30.0204 29.5157 -1.77122
74.3445 -92.9598 -3.08584
-1.82132e-80 -1.80206e-79 0
8.72981 19.9197 -13.0279
3.55113 -19.1659 -7.06875
-7.65972e-48 -4.15026e-46 0
8.24352 -42.3055 -8.15035
9.82536e-63 1.52023e-61 0
-2.79064e-87 3.37321e-87 0
-1.18668e-26 -5.72306e-27 0
8.27224 -46.9029 -21.4351
-3.65499e-76 -2.9246e-75 0
-0.151059 -39.277 -16.8798
21.4246 14.6068 -15.9616
6.23266e-05 1.78882e-05 -12.4648
2.1095e-07 5.53511e-08 8.93721
5.23968e-05 1.50377e-05 -11.5622
-4.05408 -5.55194 -15.6276
-6.24258e-77 -9.3663e-77 0
46.8868 -41.4585 -3.29201
6.69592e-39 -6.6662e-40 0
5.38224 -0.11768 -19.7253
3.54508e-71 3.79702e-71 0
-13.0982 15.4648 2.47684
3.55498e-65 9.38509e-65 0
-8.81457e-71 -7.05424e-70 0
3.35338 21.6733 -12.2552
-1.55852 12.4501 -13.3332
4.51484e-73 -1.25647e-73 0
26.2294 0.625661 -10.4527
6.26076e-89 1.47529e-88 0
-4.04993e-26 2.84792e-26 0
-1.11042e-08 -1.6672e-08 0
-2.14714e-83 -2.51999e-82 0
-9.65916 48.7463 21.6921
-9.17095 28.7161 16.2774
2.93737e-57 3.73886e-56 0
3.4984 -19.2927 -6.74359
1.78675 -3.10458 -16.8904
-1.70325e-76 1.33863e-76 0
1.84076e-17 6.03124e-17 0
3.66159 25.8908 -19.322
9.90301 15.6196 -12.1091
-1.37874e-87 9.27833e-89 0
-8.54987e-50 -3.04261e-49 0
-1.08362e-18 -7.47289e-18 0
7.8635e-71 -3.39365e-71 0
5.49631e-05 1.59318e-05 -12.4709
3.13154e-05 2.35754e-05 8.91826
-2.31711e-05 4.91745e-05 -11.5791
3.34991e-56 3.10649e-56 0
-4.99811e-77 -3.99125e-76 0
4.04407e-38 1.56813e-37 0
-23.416 -29.636 -15.0699
-9.32182 -20.2262 20.6523
-4.55747 -14.0022 -16.1696
-2.82205 15.5977 -1.93578
1.9351e-61 1.98002e-61 0
-9.27448e-61 6.52609e-61 0
7.27279e-06 27.7555 7.59675
-8.2798e-30 1.0203e-27 0
-8.59849e-85 -9.15344e-84 0
-7.9987 16.5077 -18.3254
-4.47978e-88 3.6451e-88 0
-1.23079e-76 -8.57146e-75 0
5.19454e-53 1.44188e-52 0
-5.35006e-78 -1.464e-77 0
2.96068e-63 6.54692e-63 0
2.4822e-75 2.13706e-75 0
-2.6703e-67 5.90883e-66 0
-61.2209 -28.4235 -1.53479
-8.20747e-45 -5.66278e-43 0
31.0594 35.7558 32.6167
-6.82979e-86 -5.28636e-85 0
19.1315 -0.472105 -17.2168
7.23694 51.0202 -18.7928
-17.7576 -29.3326 9.72234
4.22815e-79 -1.90934e-78 0
9.15386e-89 1.61023e-87 0
1.08155e-86 2.709e-87 0
2.54305e-60 3.93474e-59 0
-5.15499e-85 -3.36537e-86 0
1.53978e-59 5.79365e-60 0
2.90213e-85 -4.05315e-85 0
-6.91479e-77 -2.98998e-75 0
1.89023e-87 -1.1713e-87 0
2.49478e-32 8.78937e-32 0
-4.61885e-33 4.84097e-33 0
-1.1508e-66 4.97878e-67 0
6.37478e-19 -4.64625e-19 0
4.4825e-69 3.95917e-69 0
3.26168e-40 -2.58933e-40 0
6.18244e-87 -4.71492e-87 0
3.46839e-86 4.28975e-86 0
1.1057e-88 -2.9259e-88 0
5.58117e-88 -9.90812e-87 0
6.80537 32.283 -20.8066
-1.24564e-86 5.83183e-86 0
2.53478e-24 5.93468e-24 0
1.42532e-38 -6.56869e-39 0
7.5481e-83 5.74155e-82 0
3.17569e-71 3.39921e-71 0
-6.66023e-77 -2.75092e-77 0
26.779 3.15671 -15.1775
3.52437e-73 -1.77995e-77 0
7.24375e-87 6.31426e-87 0
9.59276e-71 1.02742e-70 0
-1.16312e-77 -4.87597e-76 0
-23.851 -5.48271 -15.9313
-3.41389e-32 -1.16723e-31 0
-22.5299 14.9535 -17.2071
42.5973 -28.7376 -11.2698
-1.25093e-56 8.79659e-57 0
-2.11184e-72 -1.00836e-71 0
3.15976e-84 7.1266e-84 0
-1.99211e-87 -3.99517e-87 0
-17.1698 27.7603 -4.76023
-11.0075 17.4417 2.91999
2.84455e-60 4.40125e-59 0
-2.57875e-80 6.72074e-80 0
7.01394e-65 -1.08197e-64 0
-2.84942e-60 2.00413e-60 0
-9.06582e-88 -1.10338e-86 0
1.37469e-83 1.94694e-84 0
5.66097e-69 7.87481e-69 0
4.29271e-41 1.40761e-42 0
13.3749 18.2203 -17.6565
-2.33661e-26 1.6655e-26 0
-1.59374e-52 1.12072e-52 0
2.16604e-58 -1.51019e-58 0
7.68354 31.4505 -9.90028
-5.10564e-76 -9.81027e-75 0
5.1225e-58 -3.41859e-58 0
27.8594 -25.1436 -15.2295
-57.1892 15.2697 -18.93
-1.6136e-46 1.13469e-46 0
25.8337 3.08931 -14.9539
2.30177e-73 2.89954e-78 0
-5.82864e-79 -2.17322e-77 0
-23.2802 8.85685 -10.61
3.28092e-82 -2.86321e-83 0
1.4323e-64 5.36486e-64 0
1.06271e-50 9.27398e-51 0
-1.03863e-38 7.3037e-39 0
-7.03958e-79 -8.71608e-80 0
-1.11859e-83 -1.35352e-83 0
26.3282 47.437 26.6611
-41.4259 -66.4218 9.28323
-74.277 13.72 14.7308
5.3915 -49.8171 -13.6886
-3.2899e-40 -5.01501e-40 0
1.40064e-55 3.07014e-56 0
-10.6647 2.9929 -19.3255
6.96073e-60 1.077e-58 0
4.24142e-58 -2.32948e-58 0
-3.34252e-57 2.35047e-57 0
3.22221e-61 4.98558e-60 0
3.24793e-66 4.95189e-65 0
47.7328 13.5991 27.4364
4.67761e-84 -5.01995e-84 0
-4.51662e-86 -5.95367e-86 0
6.85037e-71 5.89787e-71 0
25.6774 -39.8943 -1.63822
-1.26293e-63 1.63633e-63 0
5.15036e-44 1.13583e-43 0
-2.28693e-79 8.87765e-80 0
2.18534e-85 2.74682e-85 0
-6.2332e-07 1.82737e-06 0
-2.3736e-50 1.66912e-50 0
26.9027 -1.10883 -14.7913
2.30123e-73 1.72955e-77 0
0.0066433 0.00359897 0
-0.000380826 -0.0110213 0
18.4659 -7.79833 -3.94796
4.95109e-88 -5.73463e-89 0
45.8768 -13.2007 -17.0053
1.67626e-42 -1.47611e-43 0
-8.98355 -37.9914 -18.3977
-3.43262e-59 2.41382e-59 0
3.34038e-62 5.16925e-61 0
8.11692e-75 6.57152e-75 0
2.21244e-86 7.28718e-87 0
-5.79439e-48 -3.18531e-47 0
-2.68785e-80 -1.17634e-78 0
4.39944e-29 -5.92808e-30 0
3.17385e-77 3.39886e-77 0
2.55051e-08 -2.11528e-09 0
-5.32693e-86 -1.05722e-87 0
-3.34944e-57 2.35533e-57 0
-9.47463e-61 8.23083e-61 0
16.8704 92.1708 32.146
-1.51377e-86 7.83855e-87 0
-16.7183 -29.6308 11.9012
4.9641e-73 5.31688e-73 0
-1.02224e-31 -2.63012e-31 0
54.075 -26.87 -3.16146
5.40573 -9.63586 -19.9347
9.66077e-14 -1.35976e-14 0
-1.13684e-29 1.61763e-29 0
-7.15487e-60 5.03132e-60 0
2.32622 -10.3559 0
-2.05688e-76 -8.89401e-75 0
-2.6761 -29.1641 -18.4365
-35.9256 52.0198 7.69173
-9.96037e-81 -7.97123e-80 0
-4.53334 -5.92484 -4.11383
-1.88063e-81 -8.13193e-80 0
5.31791e-64 8.22815e-63 0
-3.76159e-60 2.64568e-60 0
1.71807e-80 -1.30798e-80 0
4.90219e-17 -2.45469e-17 0
6.18217e-36 3.4379e-35 0
-1.04552e-75 -9.53095e-76 0
-9.65892e-88 -7.9567e-88 0
0.00708731 0.0499391 0
0.836559 27.5691 -6.33064
-2.24832e-63 1.29979e-63 0
26.8938 27.6085 -20.7802
58.9959 -13.3455 -3.0065
-1.94564e-40 -1.68653e-40 0
-19.3963 9.53584 -9.45311
4.33063 13.2315 -2.53661
1.97211e-83 7.57558e-84 0
2.93357e-88 -2.23186e-88 0
-20.1925 3.5425 -7.10811
-2.29677e-73 -8.10596e-78 0
2.82559e-38 3.45606e-38 0
-1.22802e-70 -5.31026e-69 0
4.57673e-33 1.19589e-33 0
12.0724 -31.0306 -19.351
9.5571e-31 -1.42761e-31 0
-1.04024e-63 7.31499e-64 0
0.587568 32.2422 -7.60417
2.69025e-29 -3.6214e-29 0
2.60329e-77 2.78487e-77 0
-1.98456e-51 4.91157e-51 0
-1.9271 12.8325 -11.9084
1.45779e-88 -1.35365e-88 0
-3.14452e-60 2.21165e-60 0
-34.8984 -17.1272 1.17076
1.93714e-62 2.99727e-61 0
3.28304e-33 1.1518e-32 0
3.53329e-66 1.07916e-65 0
-3.21989e-32 7.27283e-32 0
-4.85411e-45 3.41342e-45 0
-4.96057e-57 3.48828e-57 0
14.6587 10.9314 7.47016
-15.6138 12.2383 -16.4546
66.0893 -44.4349 -6.36895
-4.19174e-76 -1.02484e-75 0
8.42118 62.4417 -13.4367
4.69395e-23 2.44249e-22 0
7.30795e-35 1.13438e-34 0
2.49696e-72 8.31412e-73 0
-2.13097e-80 -3.24502e-80 0
7.67456e-87 -5.85093e-86 0
1.28187e-62 1.98337e-61 0
-19.247 3.50231 -6.7384
-2.29667e-73 1.47535e-78 0
-5.43727e-82 1.34033e-82 0
-11.7826 -1.24618 -2.61418
-7.30788e-85 -3.81445e-86 0
-2.8571e-81 -1.15195e-82 0
-3.35026e-51 8.8064e-53 0
-6.51267e-78 5.98148e-78 0
4.89226e-83 -4.15488e-83 0
-8.1181e-51 5.70867e-51 0
-2.64412e-44 1.85935e-44 0
5.54283e-66 8.55644e-65 0
-5.72564 -16.1589 -12.844
2.50478e-26 -7.8918e-26 0
-9.17624e-28 -7.39366e-28 0
-18.3174 20.1807 -11.195
-1.8861e-83 2.33983e-83 0
-6.65009e-71 -1.70414e-70 0
4.99742e-32 -3.00682e-32 0
-2.11406e-70 4.68621e-69 0
-7.88383e-76 -6.05014e-75 0
4.65614e-70 9.59025e-69 0
27.6585 -69.3947 -21.8371
-3.44135e-85 -3.49247e-85 0
13.4113 -23.5917 29.0543
9.04695e-65 -1.75635e-63 0
-44.7051 -20.0838 -18.6486
-3.86744e-88 -4.254e-87 0
9.4701e-63 1.46526e-61 0
8.13849e-60 1.25923e-58 0
-2.87374e-58 7.58105e-58 0
0.0549434 -13.705 -18.6763
5.93151e-66 9.17755e-65 0
-20.1201 -0.881342 -5.83334
-2.29677e-73 1.17532e-77 0
-3.76281e-38 -1.16174e-37 0
-35.045 -0.798805 -13.4958
-6.41124e-87 -7.1267e-87 0
-4.92911e-87 -3.55312e-86 0
-5.07306e-72 1.12256e-70 0
-4.31564 25.129 -6.01061
-1.79793e-78 2.23046e-78 0
-7.6502e-68 -2.35372e-68 0
-1.90605e-33 1.15443e-33 0
-3.36754e-87 3.24578e-87 0
2.71992e-88 2.45821e-87 0
2.30863e-88 4.52057e-87 0
-7.93595e-38 1.50164e-37 0
-8.62875e-65 1.90936e-63 0
51.4702 13.7144 16.3322
-9.4304e-46 6.63148e-46 0
5.27996 -2.01027 -10.9806
22.1635 10.3432 -13.4215
-31.2157 -12.4056 -3.32909
-2.69069e-84 2.11447e-84 0
-1.71653e-85 2.49203e-85 0
-18.321 -6.15403 -1.93074
-1.41691e-49 3.27267e-49 0
-2.43717e-76 3.1901e-76 0
-2.32731e-57 2.02358e-56 0
3.48711e-41 2.05353e-41 0
2.27393e-72 6.23261e-73 0
-1.40807e-73 -6.08889e-72 0
-7.74132e-84 8.9904e-84 0
6.75195 17.1227 -19.7532
1.20247e-88 -1.24987e-87 0
1.45252e-88 -2.3772e-87 0
-2.01527e-76 -1.73686e-75 0
4.21963e-88 -4.52648e-87 0
-2.76245e-54 4.11999e-53 0
-2.44645e-79 8.72895e-80 0
-2.49723e-84 -6.59351e-84 0
-2.14889 22.4359 -2.66904
-6.26568e-14 2.0713e-14 0
-11.5254 27.1998 -19.1303
-8.92568e-73 4.76293e-72 0
4.40603e-63 6.81724e-62 0
5.36956e-06 -22.8568 9.82029
8.27621e-30 -1.02032e-27 0
-3.52711e-84 -2.35821e-85 0
6.7364 6.38109 4.02705
-5.69746e-74 3.33612e-73 0
15.9766 -43.1458 2.35212
-1.86874e-26 1.8171e-25 0
-1.93726e-44 -5.74401e-45 0
-7.58368e-29 9.71737e-28 0
11.1346 24.3102 -19.3638
-8.67882e-05 -8.76162e-05 -12.471
1.03091e-07 -1.45361e-05 8.91816
6.19173e-06 -0.000260742 -11.5789
7.57256e-09 -7.81299e-09 0
-0.0208882 -0.0287933 0
4.83752e-16 1.0765e-17 0
9.44165e-54 3.38336e-54 0
-12.0926 -16.3297 -20.4532
14.7802 9.50326 -19.8176
-2.83482e-22 2.33645e-22 0
5.9501e-77 1.82236e-76 0
1.43681e-18 -1.9863e-17 0
3.08574 25.8716 -14.9688
-3.0996e-75 8.0194e-73 0
-5.27337e-68 -2.17606e-67 0
4.49368e-64 1.68316e-63 0
-2.73293e-75 6.04742e-74 0
1.56172e-64 2.41468e-63 0
-1.13805e-83 -4.59912e-83 0
-1.49978e-06 -6.89642e-07 0
4.16625e-85 -2.35397e-84 0
1.33841e-77 -6.18677e-78 0
1.08994e-80 -3.64063e-81 0
3.55136 -19.1657 -7.06887
-7.66024e-48 -4.15022e-46 0
2.07146e-76 3.79519e-77 0
-4.55997e-60 1.55697e-59 0
50.3568 -0.0577804 63.3425
1.12789e-85 -3.51655e-85 0
45.3484 -7.02583 1.70292
-1.16618e-76 -5.04258e-75 0
-4.50539 -36.9827 25.5655
-2.14648e-65 -1.06755e-65 0
5.8956e-08 -2.2093e-07 -12.4652
5.80179e-05 1.67031e-05 8.9374
4.04224e-05 -2.34716e-05 -11.5624
3.65824 23.4747 0.739745
-5.46029e-12 3.14188e-12 0
-2.90125e-76 -2.31753e-75 0
2.94305e-39 -2.59164e-40 0
5.58863 0.981762 -20.2436
30.1217 39.0458 19.749
10.6745 24.3281 -4.36482
5.39209e-65 5.7753e-65 0
-1.95855e-74 -8.10588e-73 0
3.35375 21.6729 -12.2554
-1.55848 12.4501 -13.3332
1.21897e-60 -2.01046e-60 0
-1.71632 0.78137 -11.3337
-7.44788e-86 2.30561e-84 0
-1.45236e-86 1.69694e-86 0
-1.95992e-52 -2.27659e-52 0
3.06546e-62 4.74311e-61 0
-8.33904e-70 -6.67262e-69 0
2.77285e-35 -1.24123e-35 0
3.65593e-65 5.20775e-64 0
3.50057 -19.2933 -6.74244
1.7889 -3.11014 -16.8907
6.80979e-85 -1.13382e-83 0
5.35194e-20 1.71394e-19 0
-2.60455 48.979 -20.496
2.02422e-80 -6.28439e-80 0
-2.80161e-26 1.9701e-26 0
-2.83598e-84 -3.16872e-82 0
4.00938e-51 -8.03241e-51 0
7.43938 -34.73 -6.435
1.63253e-07 6.31313e-08 -12.4712
0.00015056 5.7911e-05 8.91865
1.43805e-07 3.83182e-05 -11.5794
9.50828e-32 -2.64579e-32 0
-4.85428e-77 -3.8839e-76 0
-25.6881 54.9639 -14.1947
-71.8791 3.1454 -12.8999
6.00858e-86 -2.59563e-85 0
4.82342e-81 4.7934e-81 0
-1.74788e-45 1.22911e-45 0
-1.20631e-70 -9.58797e-70 0
-6.27195e-86 -7.04372e-84 0
0.000121378 27.7557 7.5971
-8.27498e-30 1.02033e-27 0
4.05849e-86 -2.1459e-84 0
-5.90371e-74 -4.71982e-73 0
5.72373e-58 -5.80361e-58 0
-3.05031e-33 9.85513e-34 0
1.37031e-80 1.12071e-80 0
-3.80694e-76 1.49117e-76 0
1.51726e-87 -5.7762e-87 0
-11.4895 14.4697 -13.1088
-1.46342e-67 3.23824e-66 0
9.88072e-89 -1.21364e-89 0
2.64823e-87 2.17083e-86 0
-1.60249e-35 1.61699e-35 0
-1.56073e-81 -1.78253e-81 0
-1.2911e-85 1.02626e-85 0
7.82936 59.8123 -16.1304
-8.95234 -19.2487 -12.2647
5.24914 20.4562 23.1545
4.02754e-75 -5.23005e-75 0
-6.54967 -18.0099 36.1378
-5.62384e-79 -6.62523e-79 0
-3.79959e-20 -4.86519e-21 0
0.000443182 -3.67556e-05 0
-59.2026 19.1007 -13.4953
0.119555 -0.273382 0
38.299 25.7578 11.3289
-84.3945 9.87687 7.43667
2.01567e-40 1.42058e-40 0
-1.93623e-39 8.18915e-39 0
-1.32591e-39 1.68975e-40 0
3.59095e-70 -6.32305e-70 0
8.93056e-37 -7.08965e-37 0
5.22882e-87 -3.98332e-87 0
1.16112e-89 1.08591e-87 0
-1.2736e-66 -2.8105e-66 0
1.8367e-86 -1.37668e-85 0
-7.19601e-79 -4.07634e-79 0
1.24704e-76 -2.87068e-77 0
-13.8013 -3.3757 -3.05439
1.15783e-41 -3.76749e-42 0
-4.19153e-70 1.25321e-69 0
-0.0530757 0.0464052 0
3.73807e-25 -1.08839e-24 0
26.7781 3.1589 -15.179
2.30153e-73 -6.2888e-78 0
-2.71572e-45 -2.71017e-45 0
1.77845e-77 1.90484e-77 0
-1.81619e-26 -9.11174e-27 0
9.4056e-22 1.18933e-21 0
2.57422e-58 -3.19191e-58 0
-1.52451e-41 -1.64249e-41 0
4.94624e-69 7.62619e-68 0
1.41845e-79 -1.75483e-79 0
9.34013e-80 1.00039e-79 0
7.892e-82 1.79605e-81 0
-4.60937e-90 -3.11519e-89 0
8.05021 21.5222 17.1848
1.26396e-56 2.25715e-56 0
-3.08063e-87 9.10456e-86 0
-9.30386 -111.772 -1.37008
-1.14455e-72 -6.83528e-73 0
4.60738e-75 4.93228e-75 0
-9.05147 -26.139 28.2129
9.38e-84 -6.04167e-84 0
14.601 34.6586 -20.82
8.73826e-40 5.10805e-41 0
12.6377 17.8629 -17.6142
-2.74946e-27 1.95438e-27 0
-4.21254e-70 -3.3708e-69 0
8.02714e-38 -3.78379e-37 0
-34.5327 -8.21715 -5.23747
-36.2328 3.22995 -21.2306
-1.99408e-59 1.40224e-59 0
-1.61753e-59 -5.98609e-59 0
0.800985 -1.38502 0
11.3655 42.4439 -19.0942
25.8302 3.08881 -14.9581
2.2983e-73 5.86836e-78 0
-14.2495 13.2445 5.40844
-2.79845e-43 -2.75147e-44 0
2.18081e-43 1.57987e-43 0
7.94759e-33 -3.2638e-33 0
-1.81974e-25 -9.29362e-25 0
-5.72854e-84 -2.66444e-84 0
1.11479e-87 9.98009e-87 0
-37.6746 35.7304 45.8789
-2.20224e-56 1.54862e-56 0
-1.15922e-70 -5.0125e-69 0
-1.81058e-72 -1.44877e-71 0
-8.68946 -46.4891 -9.59319
13.1664 63.0408 8.1186
-3.56165e-40 -2.12999e-40 0
-8.79917e-43 3.66741e-43 0
-57.3215 -8.89748 22.6768
2.29144e-36 -8.12771e-37 0
-4.07608e-88 1.46048e-88 0
16.6365 -95.5497 0.804972
31.0762 -19.4222 33.8168
42.4994 16.1048 38.509
-1.89294e-61 1.1966e-61 0
-8.37207e-69 -4.16385e-69 0
-1.88161e-46 1.32315e-46 0
27.839 -7.79014 -20.6776
-1.05149e-24 2.45259e-24 0
43.2665 -3.26145 3.43995
21.7487 73.1718 2.40826
30.3325 10.4924 12.3207
-36.808 22.4684 3.61013
-6.57417e-70 -5.26056e-69 0
26.9019 -1.11055 -14.7926
2.29676e-73 1.52234e-77 0
5.52945e-68 5.92221e-68 0
-0.327001 -0.0616988 0
-4.86763e-47 -4.46741e-47 0
4.248e-74 3.75205e-74 0
38.4519 76.3515 -5.52447
17.7252 -30.4918 -12.0501
-0.0597258 16.9945 15.9814
-35.2314 -48.9492 62.5459
-3.11324e-79 3.86219e-79 0
1.22946e-75 9.95379e-76 0
3.37026e-86 1.36755e-86 0
-5.7425e-48 -3.18517e-47 0
5.36288e-40 -4.46235e-40 0
8.2934e-35 -6.23892e-34 0
-14.8381 -38.353 -19.6849
-1.50247e-56 1.05654e-56 0
34.1274 20.3961 2.21861
1.81919e-40 1.08035e-40 0
37.2674 6.67976 -17.0179
9.58544e-86 -3.61339e-85 0
-7.35577e-87 2.47513e-87 0
9.71476e-05 -0.00023096 0
3.864e-62 5.97992e-61 0
-5.7012e-71 1.26156e-69 0
5.20827e-81 1.30213e-80 0
2.78036e-85 2.11533e-84 0
2.3481e-27 -2.53256e-27 0
-1.60461e-83 -2.07217e-83 0
1.90207e-47 6.0551e-48 0
156.868 18.3439 -13.1687
2.83858e-67 1.06322e-66 0
13.6174 -36.8333 -8.22384
1.05275e-39 -6.10498e-40 0
-3.00861e-79 -2.38095e-78 0
-24.8676 -46.6018 20.6129
-3.4795e-86 -5.02248e-86 0
-1.86985 21.7237 -14.522
-2.14328e-32 3.48449e-31 0
-2.00437e-48 1.124e-48 0
-3.86279e-83 -5.79567e-83 0
-4.63806 20.1111 -17.7804
-1.36797e-74 -1.25281e-74 0
-9.65877e-88 -7.95655e-88 0
0.00709 0.0499395 0
0.852892 28.282 -6.10757
-27.6202 -4.21253 -20.8482
-8.04347 -1.93312 -17.7508
3.14779e-88 -1.84481e-89 0
-4.97234e-84 -5.87099e-84 0
-8.63028e-73 1.07064e-72 0
-8.44887e-20 1.85752e-20 0
-5.43991e-74 -2.3476e-72 0
-1.37148e-54 1.1339e-54 0
-20.1926 3.54058 -7.10594
-2.30124e-73 -5.95439e-78 0
48.6091 20.5379 2.33949
1.13108e-83 2.47389e-83 0
-2.466e-87 -4.37789e-88 0
-7.87484e-42 3.66611e-42 0
3.93923e-65 6.09494e-64 0
-6.75176e-51 -8.70039e-51 0
10.5841 47.272 57.4704
-8.66815e-08 -2.81e-08 0
-2.63108e-73 -1.13769e-71 0
-4.75574e-51 1.16096e-50 0
-1.62515 -22.1285 -16.1834
4.84397e-86 -3.68843e-86 0
-9.18862e-38 6.46146e-38 0
1.66343e-06 -6.86297e-07 0
-5.83966e-80 -6.87947e-80 0
-2.06534e-78 -8.93061e-77 0
6.32802e-57 9.79105e-56 0
-1.916e-87 1.23321e-87 0
-6.2277e-74 -2.69293e-72 0
-3.92228e-74 -1.696e-72 0
14.832 9.92542 5.20373
-16.0385 12.1194 -16.5315
9.73484e-39 -3.29164e-40 0
-3.26422e-82 -7.53643e-83 0
4.11596e-64 -3.24661e-62 0
4.4619e-72 3.8415e-72 0
-70.4033 -5.99432 13.9444
-23.9649 -23.0217 -20.0444
-35.1141 -24.4934 -19.8785
25 -3.04168 -11.5494
-9.70893e-35 6.82734e-35 0
-19.2478 3.50286 -6.73264
-2.02944e-43 -1.70198e-44 0
-9.30603e-74 4.56179e-74 0
-1.2464e-39 8.76473e-40 0
-1.5664e-34 8.26746e-36 0
-3.14376e-72 -1.56355e-72 0
-1.4308e-51 3.7605e-53 0
6.55002 10.9823 -16.0179
-25.7542 -21.567 -9.37745
29.6579 -19.4686 -10.913
1.47354e-69 2.27993e-68 0
2.93139e-69 4.46058e-68 0
-6.28467 -15.737 -12.7341
1.64981e-87 -8.64558e-87 0
7.4426e-59 -7.77955e-58 0
-1.15745e-83 2.35463e-83 0
-21.9274 -3.58839 -16.7512
-8.27785 2.61609 -8.34007
1.46739e-67 1.57167e-67 0
-37.55 10.1853 62.3179
3.34635e-12 1.42643e-12 0
3.03066e-75 3.24537e-75 0
7.45434 -19.181 0
-3.43929e-85 -3.49917e-85 0
-26.3264 1.70691 20.9406
1.4387e-23 -5.86858e-24 0
4.34408e-63 5.35474e-63 0
1.77465e-66 2.74643e-65 0
1.23817e-80 -4.13575e-81 0
-6.84589e-85 -9.6909e-85 0
-3.34655e-68 -5.58759e-68 0
5.57866e-60 8.63224e-59 0
4.66358e-60 7.21574e-59 0
-20.1204 -0.880108 -5.8318
-2.30123e-73 1.61368e-77 0
-6.08495e-05 0.000217638 0
-35.0581 -0.759367 -13.4513
-1.27246e-84 -1.23738e-83 0
1.96409e-72 3.17571e-72 0
8.92039 -65.2804 3.85624
11.9356 -8.2159 -15.107
-1.59149e-56 1.09592e-56 0
-4.06874e-35 -4.94245e-35 0
1.00448e-67 1.13863e-67 0
-3.36751e-87 3.24574e-87 0
-2.2545e-89 8.65937e-89 0
5.8042e-64 3.43861e-64 0
-2.07407e-68 -7.49844e-69 0
-1.42078e-47 9.99096e-48 0
-1.17985e-11 6.48791e-12 0
-3.60069e-35 1.49845e-35 0
-8.86465e-30 -4.35255e-30 0
-2.52661e-13 1.45859e-13 0
-14.5446 16.0466 -16.693
1.73577e-63 2.74204e-65 0
-3.45909e-22 -3.97009e-22 0
3.92914e-32 2.58741e-33 0
-2.93363e-82 2.34576e-81 0
1.72745e-57 -9.35489e-58 0
4.06567e-74 5.27047e-75 0
2.67549 72.5216 31.7864
-1.7212 -4.13149 -16.6897
6.29549e-71 6.74289e-71 0
-1.10915e-80 -3.37062e-80 0
-1.05506e-81 8.292e-82 0
4.90661e-88 -8.9789e-87 0
2.74715e-88 -1.0648e-87 0
-3.54605e-73 -3.05668e-72 0
6.7292e-89 -5.39971e-88 0
-2.18702e-54 4.13104e-53 0
5.41826e-83 -4.71641e-83 0
-17.4102 -28.9261 -9.36793
0.853159 31.4894 -9.38193
1.67524e-69 6.23385e-70 0
11.5503 24.813 -21.1117
-5.99616e-40 3.03584e-39 0
-5.25402e-74 -5.34067e-73 0
5.22572e-06 -22.8569 9.82025
8.27667e-30 -1.02031e-27 0
9.83009 14.7297 0.312908
3.58674e-85 1.66036e-86 0
-1.09712e-75 5.85536e-75 0
20.1637 -43.2407 5.50508
8.76554e-69 9.38848e-69 0
-5.83425e-54 4.10266e-54 0
18.9937 -25.5726 -5.54976
1.09178e-16 7.05793e-17 0
0.000113306 -0.000113504 -12.4709
2.85656e-08 -1.45517e-05 8.91816
0.00015128 -0.000368168 -11.5787
2.72899e-39 -4.94997e-40 0
-9.5163e-43 1.86931e-42 0
23.8992 7.07451 -2.14719
4.28295e-52 1.60994e-52 0
-3.72344e-66 4.76549e-67 0
26.2959 -45.9421 -20.2109
7.88296 3.23694 -14.9311
2.07222e-29 3.21089e-29 0
1.64588e-19 -2.30901e-18 0
3.08809 25.8695 -14.9701
-1.62279e-73 3.01485e-71 0
1.33508e-85 7.48169e-88 0
2.40388e-64 9.00398e-64 0
4.86994e-74 9.72118e-74 0
16.9463 -11.134 -10.0641
1.34479e-37 -2.68927e-36 0
-1.28401e-72 1.83517e-72 0
5.8193e-50 5.17976e-50 0
-2.18433e-78 -5.85627e-79 0
2.46464e-78 2.6345e-78 0
3.55145 -19.1657 -7.06929
-7.6614e-48 -4.14958e-46 0
-2.14202e-29 -3.32773e-29 0
-4.08752e-58 -8.73409e-60 0
-43.3471 -66.7519 40.4883
-3.60597 14.1046 -12.988
1.77988 2.2049 0
3.68643e-54 3.3794e-54 0
20.2215 -33.9457 2.63149
7.41905e-18 1.07844e-17 0
3.77098e-07 -3.6567e-07 -12.4652
2.02323e-05 5.82571e-06 8.93728
5.9608e-05 -5.15081e-05 -11.5624
1.47505e-77 -1.12308e-77 0
-2.05592e-25 7.19846e-25 0
-1.30261e-86 3.65479e-87 0
5.01169e-40 -5.67721e-41 0
5.27227 0.896331 -19.5014
3.52391e-76 6.67159e-76 0
17.0058 26.1165 1.98886
1.75058e-39 3.81588e-39 0
-1.31598e-81 -5.71185e-80 0
3.35395 21.6725 -12.2561
-1.55808 12.4499 -13.3331
-2.79209e-53 1.96341e-53 0
-2.85397e-69 -5.89179e-70 0
6.35676e-88 -1.82671e-87 0
6.79673e-47 8.98143e-46 0
1.32025e-84 -3.87433e-84 0
-5.52269e-53 3.88357e-53 0
-1.20528 -0.141441 -20.8675
4.51706e-32 1.05956e-31 0
3.09697e-83 5.62722e-82 0
3.50232 -19.2919 -6.74516
1.76904 -3.12373 -16.8808
-7.4474e-77 -1.71946e-77 0
1.71171e-79 1.98326e-79 0
1.01836e-86 3.08068e-86 0
-22.3397 0.855524 1.60742
8.60491e-44 -3.18434e-41 0
-2.20673e-81 -9.55715e-80 0
-3.23478e-48 -3.66452e-47 0
-6.80225e-53 -7.1582e-53 0
2.07257e-05 -4.05322e-06 -12.4709
9.26452e-05 4.12142e-05 8.91846
4.01184e-05 4.73729e-05 -11.5791
-0.000155728 0.000729313 0
-93.9149 -46.0779 -19.3248
-28.074 -9.13242 -6.29082
-3.90602e-71 -3.46824e-70 0
-6.75308e-28 -1.38422e-27 0
17.621 14.8956 -2.39655
5.73798e-74 3.71516e-74 0
-25.8792 -3.14918 46.4651
2.5829e-72 2.89035e-72 0
0.000108856 27.7557 7.59702
-8.27541e-30 1.02032e-27 0
-3.78508e-84 -3.84443e-83 0
-3.02855e-74 -2.38865e-73 0
-1.86132e-51 -2.50268e-50 0
3.44865e-58 -2.51512e-58 0
1.51715e-22 4.63092e-21 0
4.46596e-76 3.94207e-76 0
33.8937 12.2694 -1.67931
-7.8871e-71 -3.41041e-69 0
-2.66077e-70 5.88773e-69 0
6.59474e-89 -2.47226e-89 0
-2.06011e-48 -5.1143e-49 0
2.08597e-85 4.74633e-85 0
-1.36892e-81 -1.60632e-81 0
5.08328 -1.01062 44.3055
-3.3745e-75 -1.45914e-73 0
2.3142 -25.5962 -8.44678
-4.73308e-34 -1.7431e-33 0
-8.19298e-05 0.000160546 0
67.417 100.592 9.72957
2.1767e-86 -1.65801e-86 0
-27.1029 -28.4111 -12.9316
2.08238e-59 1.94138e-59 0
-3.59873e-77 -1.5561e-75 0
-2.94085e-88 -2.00356e-88 0
8.14711e-86 -4.50821e-86 0
3.4779e-83 -2.64801e-83 0
-1.01747 6.19812 0
-6.78182e-21 -2.8915e-21 0
-1.0917e-50 3.44541e-51 0
80.5282 -39.5989 -13.5229
1.76665e-33 -1.40248e-33 0
2.2178e-87 -1.67338e-87 0
-3.98434e-89 1.20654e-87 0
-4.5025e-80 -1.94689e-78 0
-1.48048e-85 -6.41019e-84 0
-3.80126e-14 -1.10216e-13 0
7.51987e-65 7.7429e-65 0
-2.87519e-27 2.02184e-27 0
4.93966e-78 -1.50352e-78 0
-1.22503e-81 -5.33138e-80 0
2.53106e-72 2.71059e-72 0
-5.88523e-11 1.6212e-10 0
26.7823 3.15954 -15.1738
6.77894e-18 3.95589e-19 0
-2.26913e-31 -2.25157e-31 0
-2.32605e-15 -2.19339e-15 0
16.6085 69.886 -16.0323
-22.9619 -45.2552 35.9145
-57.0469 -1.45401 -15.9525
-34.2785 -6.93418 -16.2762
1.97731e-18 3.7164e-18 0
2.97238e-83 3.02903e-83 0
2.80245e-61 2.59882e-61 0
-19.5392 -51.2512 4.46265
-1.76138e-70 -1.4094e-69 0
15.765 55.3547 12.4267
5.27027e-69 1.11347e-68 0
54.1174 64.1368 50.4307
-38.6483 -27.7418 -16.738
-2.21148e-57 1.55512e-57 0
4.01514e-71 4.30049e-71 0
4.4113 -54.8524 -19.4294
29.5967 -11.2349 63.6768
-1.29305e-76 -5.59121e-75 0
5.26231e-63 1.93688e-63 0
-0.36076 19.732 -16.3936
12.6405 8.57377 4.6599
-2.62921e-78 -1.13688e-76 0
-8.03209e-35 1.24814e-35 0
-2.51271e-88 -3.08032e-88 0
2.47531e-72 2.65086e-72 0
-1.46921e-77 6.38142e-76 0
-1.09755e-77 -9.00983e-77 0
6.95195 22.63 -2.02153
-9.19086 20.8151 9.62178
25.8332 3.0888 -14.9541
14.0202 0.0646205 -19.2474
-8.75069e-31 -2.75242e-31 0
6.98485e-74 7.48124e-74 0
1.85027e-81 -1.62533e-82 0
1.74422e-81 -1.55402e-80 0
1.95862e-24 -4.16036e-25 0
-61.3977 57.5845 -6.73229
-5.92142e-53 -3.08777e-53 0
-2.07409e-43 -5.14901e-44 0
1.69674e-07 2.87901e-07 0
-8.85114e-71 -3.82726e-69 0
4.8776e-82 9.23445e-82 0
23.9233 -40.6407 -1.79827
-2.95588e-16 -3.02108e-16 0
-19.0797 -9.34323 -21.7304
4.55722e-83 2.71709e-83 0
4.63871e-41 2.15721e-40 0
2.33808e-38 -2.45067e-38 0
-6.61884e-71 -2.86201e-69 0
2.06977e-87 5.0069e-88 0
1.3963e-19 9.44343e-20 0
-112.503 92.8704 86.8671
6.08707e-41 -4.83231e-41 0
77.0377 -41.0643 8.28418
9.05316e-73 1.3401e-71 0
-6.41652e-89 8.00389e-88 0
3.584e-86 -6.1008e-86 0
-42.7099 39.2852 -12.0949
3.63109e-52 -2.11885e-51 0
48.5394 35.781 4.66618
2.45546e-10 -5.3347e-09 0
6.31712e-87 1.29047e-86 0
26.9065 -1.11183 -14.7873
4.55211e-52 1.96194e-53 0
-26.3069 41.6985 -11.3736
-1.42163e-76 -1.67476e-76 0
-15.7003 15.2353 -8.16418
-4.62112e-18 -4.9472e-18 0
-7.4936e-19 -2.03896e-18 0
4.35659e-67 -4.34819e-67 0
0.00399548 0.00184472 0
-1.87311e-78 -5.97845e-80 0
-2.76763 -12.8201 24.2688
1.67373e-78 1.35507e-78 0
2.34818e-42 4.02455e-42 0
-2.33904e-50 -1.17748e-49 0
-5.62402e-54 3.64032e-55 0
1.32932e-50 -3.07279e-51 0
-1.66611e-84 -2.27388e-84 0
-6.80338e-63 -2.61639e-63 0
8.73083e-07 3.79674e-07 0
7.28803e-17 1.7641e-16 0
4.36741e-78 4.67394e-78 0
-7.13235 -3.13526 -8.15561
-7.32018e-87 6.63201e-87 0
-1.7085e-79 8.30896e-80 0
3.671e-51 4.64618e-51 0
10.3742 7.503 -12.4521
2.37209e-63 2.04227e-63 0
9.47499e-86 4.57387e-85 0
-9.15575 12.9302 8.97642
5.39531e-87 -5.48957e-87 0
6.24463e-78 6.68241e-78 0
-2.57006 31.7924 -20.3408
-1.08196e-77 -4.67843e-76 0
7.26706e-79 -8.78292e-79 0
-6.49903e-79 5.10775e-79 0
2.07635e-53 -5.06201e-53 0
1.74314e-25 -3.38826e-25 0
8.34635e-88 3.06049e-88 0
2.08062e-88 -9.19787e-89 0
-4.55921e-80 -3.64795e-79 0
6.05467e-88 -1.43552e-87 0
1.03089e-35 -9.74205e-36 0
-1.15377e-84 7.3132e-84 0
-5.74891e-78 -5.27335e-78 0
-9.64853e-88 -7.90881e-88 0
0.00462838 0.0324712 0
0.818176 28.4002 -6.3042
1.39503e-42 -2.36482e-42 0
-9.1714 8.2927 -19.0782
2.12269e-05 1.72799e-05 0
3.84597 36.2972 -10.3703
8.55583e-16 6.67722e-16 0
44.1304 56.3166 -16.6479
3.12585e-31 4.98959e-30 0
1.49514e-68 1.6014e-68 0
-20.1936 3.54005 -7.10652
-3.52462e-73 -8.77211e-78 0
-1.36658e-61 1.90548e-61 0
-1.88162e-60 1.36656e-60 0
-1.02486e-79 -1.53769e-79 0
-4.77819e-69 -4.73868e-69 0
-3.23981e-21 3.49722e-22 0
-4.8358e-26 -1.25376e-25 0
-2.37674e-75 2.94851e-75 0
-2.90555e-61 4.35451e-61 0
-1.4105e-83 -6.10015e-82 0
-1.05867e-47 2.72743e-47 0
-12.663 -18.0712 -15.5584
2.58996e-82 -4.49363e-83 0
1.13881e-66 -8.10939e-67 0
9.73769e-79 -6.51398e-79 0
-5.27615e-23 3.7102e-23 0
6.71108e-67 -1.2137e-67 0
22.4184 50.7555 -12.7809
-3.29111e-71 -1.42308e-69 0
26.9851 2.76416 2.1895
4.38e-81 3.20575e-81 0
12.7236 13.0834 12.7399
-16.0369 12.1113 -16.5276
-1.50629e-83 -5.89511e-84 0
6.49027e-49 1.33244e-48 0
2.9629e-56 4.62003e-56 0
-7.69576e-27 5.41167e-27 0
-4.07032e-86 -3.12041e-86 0
-1.13762e-23 -6.1657e-24 0
-1.34774e-63 -1.28916e-63 0
9.23795e-71 9.89426e-71 0
2.76635e-57 4.14324e-57 0
-19.247 3.50251 -6.73309
-2.30567e-73 1.13248e-77 0
-7.61471e-82 -4.97109e-83 0
43.9452 28.4832 -17.6594
6.81656e-87 -5.60418e-87 0
5.54371e-24 5.50396e-24 0
-4.06168e-56 9.33942e-57 0
8.11759 40.0936 -14.6439
1.18267e-87 1.02154e-86 0
-3.62223e-56 -2.97253e-57 0
1.2196e-59 1.88704e-58 0
2.83113e-76 3.03234e-76 0
-6.28881 -15.7271 -12.7306
54.1964 36.7933 -19.7519
-16.5114 -13.2176 -15.5729
5.91123e-62 -3.02406e-62 0
1.68198e-75 -4.68092e-76 0
7.92025e-66 1.22546e-64 0
14.3593 -19.7027 9.85902
2.19433 -1.51204 0
-10.7331 -6.45352 -20.4744
-14.2568 -13.8482 -15.5176
7.34779 -70.6488 -20.1405
8.75497e-29 -1.6136e-28 0
1.02514e-83 -1.74436e-83 0
7.13133e-71 -5.79404e-70 0
63.778 50.3168 1.70191
-48.2873 -73.3263 5.92146
-1.14684e-60 9.08036e-61 0
-7.8178e-82 -3.50715e-80 0
-3.16215 29.4733 -15.1717
6.04717e-69 6.47692e-69 0
-40.2251 26.3906 3.48336
-20.1222 -0.879511 -5.8323
-3.52455e-73 3.20236e-77 0
5.20119 27.7952 3.32939
-36.7057 -0.467486 -14.8548
-1.56376e-69 -1.60758e-68 0
1.3096e-87 -2.3822e-86 0
8.4671e-65 1.31007e-63 0
-0.540953 -1.02607 0
-1.3294e-77 -7.16459e-78 0
-16.2309 -2.39497 -16.2606
5.60412e-63 8.67099e-62 0
-2.19305e-87 2.0975e-87 0
4.63685e-88 6.74958e-87 0
1.85226e-65 1.0924e-65 0
-3.01784 0.81227 0
9.49417e-82 1.15756e-80 0
-2.71827e-74 -2.17507e-73 0
-1.30944e-72 -6.46194e-73 0
4.67945e-87 2.75131e-86 0
-3.48952e-47 2.45384e-47 0
-17.6643 -10.6044 -14.7046
-4.06523e-72 -7.50749e-71 0
-7.66284e-30 -8.42769e-30 0
-19.0427 -13.0204 -18.2751
-8.18398 -29.4414 6.30258
6.03069e-12 3.86535e-12 0
27.8651 -6.09239 -1.35579
3.44983 84.8593 -12.3392
48.9195 7.20707 -20.6281
1.30169e-76 1.12079e-76 0
0.0411598 3.95112 0
12.8995 37.5415 29.7473
1.14995e-88 -2.0915e-87 0
1.42166e-88 -1.74759e-89 0
-2.60005e-70 -2.24123e-69 0
3.31088e-83 -1.07485e-82 0
-1.21518e-55 3.14159e-55 0
4.24997e-88 -4.95881e-88 0
1.58685e-70 -5.28493e-70 0
1.18256e-85 1.69241e-85 0
12.6877 38.9278 -0.973795
-1.64026e-61 6.95747e-60 0
8.39383 43.0238 10.4545
-4.55199e-74 -3.64236e-73 0
2.08312e-05 -22.8673 9.81401
8.35774e-30 -1.02021e-27 0
-1.05264e-46 7.40218e-47 0
2.81974e-85 -2.14173e-84 0
-2.0648e-67 4.56898e-66 0
-8.9016 -52.5898 3.38869
-8.12622e-65 1.00599e-61 0
-1.2585 -9.80861 45.3464
-21.2702 -21.3788 27.4164
-4.51081e-54 -1.78417e-54 0
0.000210253 -0.000120164 -12.4716
3.35333e-06 -1.46564e-05 8.91728
0.000178365 -0.000149393 -11.58
-2.47339e-26 -9.54277e-27 0
4.37181e-58 -4.44825e-58 0
-9.52618e-45 2.07045e-44 0
4.44644e-49 3.79031e-49 0
5.07969e-69 3.34206e-69 0
-1.02485e-26 7.20679e-27 0
-2.53855 30.3259 -6.41816
32.7832 -12.8662 32.9279
4.8088e-21 -7.40083e-20 0
3.08696 25.8825 -14.9786
-3.79681e-36 8.60099e-35 0
-3.09234e-56 2.05932e-58 0
1.71632e-61 6.42865e-61 0
2.77088e-86 1.05496e-85 0
-1.11598e-55 -1.50658e-55 0
-4.96486e-50 1.50834e-48 0
16.2433 6.06206 -2.23532
6.97813 14.7795 -19.1982
-16.997 -2.83534 13.877
6.04897e-81 -2.02048e-81 0
3.5512 -19.1827 -7.07434
-4.97465e-48 -2.69901e-46 0
-3.07023e-59 2.15905e-59 0
1.95933e-81 1.46645e-81 0
17.7102 1.04794 10.1607
-1.29939e-87 8.50714e-88 0
-1.31037e-46 -2.45471e-46 0
114.413 -14.1764 20.7568
6.47128e-85 2.5272e-86 0
-2.2407e-84 -2.22198e-83 0
7.9768e-07 -2.94807e-07 -12.466
3.21293e-06 5.24954e-09 8.93628
2.05904e-05 -8.76195e-07 -11.5634
2.65085e-33 -3.02264e-33 0
3.96307e-40 -1.93661e-40 0
1.60924e-08 -4.75613e-09 0
5.07117e-23 3.96348e-23 0
4.23102e-12 4.17203e-12 0
-4.46085e-31 -5.10835e-31 0
-1.22301e-56 -1.01169e-55 0
-17.5398 3.10499 0.222668
1.52469e-66 2.3596e-65 0
3.35378 21.6888 -12.2635
-1.55717 12.4449 -13.3323
-7.50261e-28 5.20931e-28 0
4.40972e-51 1.33671e-50 0
-7.74525e-69 1.42786e-66 0
2.18888e-74 1.40252e-73 0
8.38617e-26 -3.48332e-26 0
2.82845e-85 2.16128e-84 0
-2.0084e-64 -1.73123e-63 0
56.4443 -32.6103 -5.14767
20.0048 26.9224 -9.36561
3.50082 -19.3076 -6.75192
1.94926 -2.91143 -17.0256
-5.84888e-79 -6.53495e-77 0
-1.63828e-67 3.62518e-66 0
0.818708 1.96277 0
-1.15123e-31 6.0762e-33 0
-4.6292 -19.1094 -20.0834
-0.181695 3.70649 -18.3503
-4.87986e-38 -1.12283e-37 0
-4.99967e-27 4.85232e-27 0
7.31274e-05 -3.01009e-06 -12.4717
3.90787e-05 7.63481e-06 8.91752
0.000188754 3.91284e-05 -11.58
1.54467e-78 3.51535e-78 0
-3.19718e-74 -2.55828e-73 0
8.87875e-78 9.50498e-78 0
-2.49231e-17 -2.28149e-17 0
20.8973 0.627429 -11.4163
36.5128 -51.1795 -6.65624
-1.70975 -29.8541 -14.3964
1.48949e-87 3.53233e-88 0
-6.73524 21.6371 -18.7432
1.90272e-05 27.7651 7.58951
-8.27701e-30 1.02028e-27 0
-7.01562e-85 -8.11742e-84 0
-4.25432e-79 -3.37313e-78 0
-8.00189e-63 -4.64253e-63 0
3.63927e-78 -3.91351e-77 0
-5.68362e-31 3.99674e-31 0
3.98459e-19 -1.01066e-20 0
-267.134 -113.77 99.6321
-32.3295 -12.892 -9.24909
-1.07812e-73 2.38565e-72 0
-9.50993e-88 1.63533e-87 0
2.84018e-87 2.13235e-86 0
5.8252e-86 3.07443e-86 0
-9.81596e-83 -1.42062e-82 0
-6.62829e-42 -1.17788e-42 0
4.32074e-86 1.73679e-86 0
-10.7945 -27.5069 -0.235396
-1.39108e-46 -6.12789e-47 0
6.96776e-43 -5.79775e-43 0
-3.01708e-79 -1.30462e-77 0
2.22978e-72 2.38803e-72 0
-2.71028e-23 -2.2334e-23 0
-2.70698 23.1977 -16.0687
-1.02256e-73 -4.42159e-72 0
4.93937e-86 -1.11284e-85 0
1.55171e-82 -1.42472e-82 0
-0.00828531 18.1983 80.743
-7.43717 -18.5684 -8.502
-1.34972 24.0791 -17.3868
1.84323e-86 -4.52765e-86 0
5.42652e-78 5.80902e-78 0
4.05507e-37 -3.21917e-37 0
2.21881e-87 -1.68229e-87 0
-2.6109e-87 7.04175e-87 0
-4.11305e-86 -4.02539e-86 0
4.51153e-54 -1.52879e-52 0
6.75971e-81 -3.48987e-82 0
6.45435e-89 -8.8237e-88 0
35.9003 -10.559 -7.56281
47.77 -0.771602 -17.7438
1.53301e-76 1.64196e-76 0
4.62726e-13 3.76731e-13 0
7.84442 -31.0841 -15.3836
-32.217 21.112 -13.4425
3.47561e-32 -4.21855e-34 0
-15.1131 10.2855 -20.803
-1.89494e-74 1.26943e-75 0
-45.909 46.1346 1.75846
1.28635e-86 -3.37325e-87 0
53.6056 14.6483 -0.80593
-1.56452e-69 2.51423e-69 0
2.5734e-64 -4.69098e-65 0
3.33973e-38 -2.31351e-38 0
1.18359e-82 1.30341e-82 0
9.33882e-31 3.06054e-30 0
8.09335e-35 -3.3446e-34 0
-24.4083 12.252 12.1677
-2.80802e-61 5.04824e-61 0
-6.30215e-64 -1.5089e-64 0
-1.06083e-44 1.07754e-44 0
1.31853e-71 4.04395e-71 0
-9.19325e-80 -3.97519e-78 0
-1.44351e-67 3.19418e-66 0
-1.51674e-46 1.06657e-46 0
6.93329e-78 7.42036e-78 0
3.81781e-87 -2.20254e-87 0
-47.1581 36.4427 7.08513
-6.35173e-86 2.28344e-86 0
7.04543e-78 7.54318e-78 0
-2.91763e-36 3.71826e-37 0
-3.46515e-52 1.02933e-51 0
-6.96203e-77 -3.0104e-75 0
-6.95129e-87 1.05105e-86 0
-34.4308 10.1049 -15.9487
-1.60501e-83 -6.94028e-82 0
-5.81376e-71 1.28646e-69 0
-19.0527 19.0535 -5.31718
2.35588e-16 2.27958e-18 0
1.02413 -30.808 -14.6856
1.93207e-35 -1.76838e-34 0
1.13606e-70 1.21676e-70 0
4.67529e-86 -9.16387e-85 0
5.08138e-81 -1.53694e-81 0
18.0875 1.368 -5.40967
27.0212 24.4976 -9.42504
-64.5941 49.2727 0.00193886
4.09612e-66 2.15366e-66 0
42.6037 43.0917 11.9766
-58.7305 -11.7101 7.894
-32.9256 26.1703 -7.09902
-1.95011e-81 -1.56042e-80 0
-11.7109 -13.0237 -9.25169
-2.10605e-22 4.1253e-23 0
6.30024e-57 1.16117e-56 0
1.70126e-77 3.23715e-78 0
1.60916e-78 1.24919e-77 0
-7.07925e-05 -5.26195e-05 0
1.71552e-79 3.14305e-80 0
-49.1881 39.9961 13.7022
-28.7016 20.9991 -17.8748
146.224 -39.2671 27.4211
3.96364e-66 6.13275e-65 0
-1.19203e-66 -1.35614e-67 0
7.1084 -70.1269 3.15714
-0.280667 -40.7784 3.34583
1.91045e-37 -4.41568e-36 0
-7.18064e-77 -5.73063e-76 0
9.01246e-81 2.75737e-80 0
4.87287e-78 5.21709e-78 0
-34.0317 -1.61165 -6.58892
3.17029e-43 1.06891e-44 0
35.0773 42.6086 118.24
2.53797e-75 2.18508e-75 0
1.38048e-87 5.01815e-87 0
-2.63369e-75 -8.64742e-74 0
7.22237e-81 -2.30665e-81 0
-0.134938 -13.1192 -6.05762
-1.07715 -14.2348 -12.946
-1.07824 50.45 -0.401145
2.02811e-68 3.13799e-67 0
8.54006e-82 6.9141e-82 0
3.99045e-87 8.16847e-88 0
-21.8544 -11.4867 -15.9249
2.08367e-80 -4.96383e-79 0
18.3045 20.9824 -16.7607
0.0247115 0.00739869 0
7.92023e-86 8.32346e-85 0
-9.70444 25.2705 37.9072
-1.4604e-29 1.61199e-30 0
3.92415e-86 -8.28715e-86 0
1.50143e-72 4.61314e-73 0
-9.0614e-81 8.32232e-81 0
-19.1893 16.9487 -8.75296
2.08945e-73 2.23532e-73 0
-1.09619e-56 7.70844e-57 0
-4.51371e-38 8.40031e-38 0
1.20322e-70 1.03592e-70 0
-1.30225e-34 -1.49128e-34 0
10.2997 39.5813 -11.852
-8.84287e-27 -1.0692e-26 0
31.7498 32.8616 -5.32282
2.66668e-79 2.85489e-79 0
1.12106e-77 -1.37367e-77 0
-8.55095e-85 -6.36248e-84 0
9.28222e-71 9.94158e-71 0
-7.8227e-77 -3.38256e-75 0
3.99042e-73 4.37672e-73 0
3.37931e-68 3.61947e-68 0
8.71658e-81 -2.14486e-80 0
8.43796e-77 9.03465e-77 0
-20.7487 -19.2701 -19.2902
-1.02369e-55 8.0838e-56 0
-1.04339e-75 -8.34593e-75 0
-3.52674 15.4582 7.35031
-12.6343 40.5419 -15.0662
-6.85434 15.528 -20.8702
3.3023e-69 -3.71085e-69 0
-3.50654e-79 1.5669e-78 0
86.9281 -49.4658 -0.576542
2.56811e-75 2.75004e-75 0
9.95771e-30 6.88587e-30 0
-3.47588 -45.7983 -10.4255
-11.2736 17.5242 4.21007
1.08126e-39 -2.35453e-42 0
-21.206 3.48406 -7.2666
-3.52684e-73 -7.66461e-78 0
-2.67311e-23 -4.42146e-23 0
-4.94277e-77 6.64452e-78 0
-1.66706e-60 1.19302e-60 0
8.20082e-88 4.45548e-88 0
-1.67e-43 3.51452e-45 0
-39.7906 2.76855 -13.9682
1.51829e-47 2.73249e-47 0
40.6364 65.6844 0.780118
5.5741e-60 8.62455e-59 0
202.604 -121.272 -7.16929
-6.72852e-70 -5.38394e-69 0
1.28812e-88 -9.90666e-88 0
2.52502e-89 -8.92193e-89 0
7.68483e-56 2.8904e-56 0
-1.80602e-50 -2.43681e-50 0
-100.179 70.6382 91.7847
5.11289e-72 5.47584e-72 0
1.15898e-81 -3.22782e-81 0
-3.75343e-57 2.63942e-57 0
-12.2848 8.35248 3.86729
-36.2484 49.5484 40.838
-15.2873 17.8062 -19.2556
-1.95719e-56 1.3763e-56 0
2.29552e-52 -1.15068e-52 0
-1.74149e-76 -7.53026e-75 0
4.50511e-54 1.26039e-53 0
2.90991e-85 6.54489e-85 0
-1.1089e-73 -9.1632e-73 0
1.02572e-06 1.1875e-06 0
1.48259 4.88448 8.20966
1.66032e-65 5.56369e-67 0
-20.2358 3.4467 -6.88792
-3.5261e-73 1.37579e-77 0
-3.04564e-75 -7.89459e-77 0
-4.82404e-53 1.3042e-53 0
6.85135e-74 7.509e-73 0
1.06467e-63 1.2106e-63 0
3.44401e-80 -7.8494e-82 0
5.05773e-84 1.97044e-84 0
-7.34515e-72 -5.28625e-72 0
-15.1905 -21.8461 -2.06079
-4.1815 5.89967 -10.3692
11.5014 -62.7871 -0.548736
-5.5238 -22.0792 -16.1996
-2.4204e-80 2.22299e-80 0
-7.97885 -9.96235 -21.1594
-9.93049 -22.1937 -20.0974
4.08191e-83 3.502e-83 0
5.88055e-48 1.00701e-48 0
2.84782e-55 5.61859e-56 0
-25.1504 -20.9683 2.70522
-123.301 -5.78751 41.8768
-1.10504e-70 -4.77821e-69 0
-14.8571 -14.8815 13.4729
7.31571e-05 -2.66341e-05 0
19.7488 52.7055 5.22335
9.47117e-47 -5.49156e-47 0
4.45007e-84 1.36299e-83 0
1.78094e-39 -9.56447e-40 0
1.43239e-84 8.33114e-86 0
3.68111e-69 -6.16326e-70 0
1.81011e-12 -7.53631e-12 0
-4.38653e-77 -3.50988e-76 0
6.47128e-80 4.7571e-81 0
-21.182 -0.872533 -6.00848
-3.52668e-73 2.8725e-77 0
-1.06223e-25 -2.36954e-25 0
-1.70603e-34 2.60995e-35 0
-36.3709 -53.0161 -18.9467
-20.4253 -13.9697 -17.6174
-3.49398 3.88135 -3.80161
8.32381e-84 -2.08275e-84 0
-4.46952e-51 -1.9558e-51 0
47.262 48.767 23.3531
1.33068e-59 2.0589e-58 0
2.08605e-72 2.03341e-72 0
-52.7579 20.4752 -11.5462
5.09513e-73 1.11544e-72 0
3.67803e-84 2.14435e-83 0
2.02592e-73 1.74423e-73 0
-2.20098e-87 -2.91891e-88 0
1.05482e-71 1.12976e-71 0
1.88115e-84 6.53821e-85 0
-1.13051e-26 1.68022e-27 0
-1.72081e-56 -3.69984e-56 0
-71.4444 42.8479 -17.2373
-2.02775e-41 -2.08488e-41 0
-2.62231e-87 -2.93944e-87 0
1.43732e-74 1.53936e-74 0
-1.16646e-79 6.21405e-78 0
8.24871e-41 2.43132e-40 0
-10.6352 25.0584 20.0634
9.47982e-68 1.01535e-67 0
1.45145e-78 2.1856e-78 0
7.77911e-64 1.20362e-62 0
-29.7117 -3.98013 -19.6363
2.34388e-88 -9.58975e-88 0
3.60346e-75 3.85842e-75 0
-1.72455e-69 -1.48655e-68 0
-3.32995e-70 -2.66453e-69 0
-37.4098 -13.6539 -1.82579
-2.35766e-75 -8.58252e-74 0
7.52237e-09 -4.87559e-08 0
6.17423e-86 3.16209e-86 0
-1.78284e-83 -5.24914e-82 0
-6.8914e-30 -1.70255e-28 0
4.75282e-73 3.87078e-72 0
-1.58247e-74 -6.78832e-73 0
0.000191273 -27.6259 6.61924
2.85219e-35 -2.44886e-30 0
5.52898e-75 5.92191e-75 0
-1.57099e-83 -6.70971e-82 0
1.39032e-87 -1.25911e-87 0
-6.69484e-83 -5.69864e-83 0
1.67961e-80 -1.27883e-80 0
-3.31516e-21 -2.50287e-20 0
-6.91891e-81 -2.99233e-79 0
6.85453e-80 -1.85185e-80 0
4.89887e-05 -2.79149e-05 -12.4726
3.94546e-05 -2.07761e-05 8.81477
0.000111928 -4.43082e-05 -11.6697
-1.57005e-20 -1.69108e-21 0
-3.4189e-73 -4.23312e-74 0
-18.7966 8.51263 -9.79018
6.13648e-72 5.90611e-73 0
-4.2563e-75 8.66917e-75 0
3.04926e-87 1.29469e-87 0
-3.36934 10.2507 -19.8449
5.56064e-84 4.37745e-83 0
-2.70247e-85 2.09704e-84 0
-1.0338 30.6404 -16.363
1.9052e-77 3.52592e-73 0
2.37863e-83 3.28744e-83 0
2.05282e-16 6.17752e-18 0
-6.54806 -5.54879 -20.6822
-1.50528e-45 2.12346e-45 0
-9.93914e-85 -1.60675e-85 0
-0.0801542 0.15869 0
-4.30243e-43 -1.20516e-42 0
-2.39215e-72 -3.05468e-71 0
1.80905e-77 1.55853e-77 0
-0.786865 -24.3478 -7.0569
-6.46441e-42 -3.85657e-40 0
-1.29758e-51 7.60977e-52 0
-1.85636 -36.0274 -16.6167
-1.85724e-40 3.87306e-40 0
4.2963e-78 -5.19248e-78 0
-2.53006e-16 1.50803e-16 0
8.89165e-87 -7.72055e-87 0
-2.45866e-73 -1.06313e-71 0
-2.64267e-77 -1.1427e-75 0
2.56227e-05 -3.22367e-07 -12.4711
3.67023e-05 -1.21277e-08 8.83723
0.000156182 -4.06291e-07 -11.6501
2.94842 -9.89441 -13.1232
-7.76775e-76 -6.21229e-75 0
-4.23242e-20 -1.98324e-20 0
-47.5772 12.4024 0.124939
-13.1929 -2.23265 0.740363
43.7873 -33.4998 -13.3335
8.64248 -7.90559 -2.78966
2.0462 -2.35745 -21.458
-3.26436e-83 -1.41152e-81 0
-1.49562 15.9815 -7.10175
-1.51165 12.6663 -13.9056
-1.86653e-57 1.31255e-57 0
-20.0917 1.14266 -14.419
-1.19491e-85 -8.48253e-85 0
-5.56234e-79 5.5231e-79 0
-16.173 30.0684 -16.8687
-6.32152e-80 -7.81579e-79 0
2.44399e-81 2.34406e-80 0
7.34259e-71 1.13599e-69 0
1.15347e-79 2.12281e-78 0
-0.793559 -24.4696 -6.67541
0.265004 -3.56525 -16.7015
-2.57483e-22 -1.9398e-22 0
4.49132e-69 3.86683e-69 0
-2.06561e-31 6.68857e-32 0
2.44551e-79 4.4805e-80 0
-5.24699e-80 -2.17635e-78 0
-2.30355e-82 -1.81286e-81 0
5.33107e-29 -4.30354e-28 0
8.34762e-63 1.29159e-61 0
0.000238145 -2.17254e-06 -12.4723
7.51527e-05 1.36786e-05 8.81502
0.000380031 4.16752e-05 -11.6693
-3.29315 4.34554 -16.1419
4.4795e-83 -5.02477e-82 0
-12.1419 -10.851 -18.5819
1.67937e-67 2.59841e-66 0
-3.25857e-23 2.07882e-23 0
-5.91941e-69 6.54742e-69 0
-2.63931 -15.0514 -17.5522
8.63133e-68 9.24474e-68 0
-1.39747e-56 9.82704e-57 0
0.000190932 32.0736 3.95405
-4.09179e-28 4.88264e-26 0
-3.51829e-79 -3.34801e-79 0
-8.44746e-49 -1.99961e-48 0
-6.00531e-87 -2.00879e-87 0
-1.197e-84 -1.82265e-84 0
1.4127e-66 8.15142e-67 0
-1.49681e-07 -6.317e-07 0
-16.7242 9.15792 -20.7771
3.76701e-62 5.82852e-61 0
-3.24111e-77 7.1719e-76 0
12.2203 53.9038 6.96243
-4.05e-87 8.14341e-86 0
-2.98946e-50 5.44484e-50 0
-24.6722 1.30229 -7.00645
3.00609e-68 4.65118e-67 0
-1.67011e-41 1.17443e-41 0
1.36814e-47 -3.68685e-48 0
4.2239 -51.697 -15.2024
-1.50382 -0.883575 -20.8073
3.06322e-78 -8.50921e-79 0
1.73871e-62 2.69022e-61 0
-1.06628e-16 2.5542e-17 0
1.13003e-17 1.07196e-17 0
-2.335e-85 -1.01046e-83 0
-12.3801 6.51675 -20.8569
-1.60884e-78 -6.95673e-77 0
5.62765e-39 -5.58868e-38 0
-1.46988e-84 -3.88636e-84 0
-3.80741e-80 -5.42593e-79 0
-1.01013e-77 -9.25608e-77 0
-1.09831e-74 -4.59053e-73 0
7.50201e-80 7.93931e-80 0
36.7247 -31.8352 22.0758
9.93129e-60 1.53664e-58 0
7.02186e-87 2.29746e-86 0
5.92904e-87 -7.11796e-87 0
24.7248 -30.6494 -17.1325
-6.00421 -8.34933 10.5072
1.93899e-16 -5.44723e-16 0
2.48329e-17 1.12615e-17 0
2.08099e-63 3.21974e-62 0
-5.15383e-35 -1.0628e-34 0
5.69357e-17 1.22812e-17 0
32.09 -1.05031e-05 3.94171
1.1546e-22 1.11769e-27 0
-1.45524e-79 1.65509e-80 0
0.284569 -0.622404 -12.1914
33.9457 16.5949 -20.6743
3.25377e-62 1.9323e-62 0
-4.48679 -8.82382 -8.25175
5.41795e-27 2.14571e-27 0
1.46278e-62 2.44039e-61 0
-2.79256e-35 2.05804e-35 0
4.26545e-68 4.56858e-68 0
1.09659e-89 2.67416e-89 0
-2.85821e-26 3.46389e-26 0
-4.12133e-26 3.13134e-26 0
1.18037e-78 -2.49798e-79 0
-3.34462e-37 -3.64033e-38 0
-27.51 16.0125 -18.7335
1.23884e-26 -6.4801e-26 0
-10.9719 -10.4651 -18.8482
5.56522e-76 -1.54879e-76 0
-1.71354e-74 -1.23321e-74 0
15.238 -27.3135 -13.0901
1.21027e-86 -1.32944e-86 0
-52.871 81.6107 -9.69982
-4.38437e-74 2.08217e-73 0
-1.37258e-76 4.89736e-77 0
2.42147e-87 -5.55497e-88 0
1.5835e-19 -1.56298e-19 0
-2.88737e-34 1.25968e-34 0
-1.67891e-78 3.99902e-78 0
7.65298e-67 8.87981e-66 0
1.34954e-82 7.62745e-83 0
-2.71513e-77 -2.17256e-76 0
32.0639 2.10355e-06 3.96625
1.15486e-22 8.88978e-27 0
-3.47948e-83 -1.24551e-84 0
-6.07042e-77 -4.84992e-76 0
1.36607e-87 -2.1737e-87 0
-10.4767 -1.33085 -16.7159
35.1781 -14.358 9.99284
-3.4066e-23 -2.76697e-23 0
7.74651e-86 1.24139e-85 0
-26.8 34.1167 8.06694
-20.0573 -2.24858 -15.8535
6.10798e-87 8.0652e-87 0
-2.8865e-60 5.45794e-60 0
-6.31455e-46 -4.1733e-46 0
1.45388e-86 8.98782e-87 0
4.72091e-78 5.05273e-78 0
-5.30694e-12 -2.55553e-12 0
-14.1644 -11.0163 -9.60573
8.91075e-59 1.80953e-57 0
-45.3829 7.29807 20.6631
-29.8578 9.79898 -12.276
1.5918e-67 1.70493e-67 0
-4.5049e-74 -1.94793e-72 0
-5.66684e-76 -4.521e-75 0
-3.4486e-14 7.03894e-15 0
-1.28317e-83 1.72056e-85 0
1.37645e-68 1.47427e-68 0
-9.08712e-83 -3.73661e-82 0
-4.08351e-18 -7.90989e-18 0
1.75437e-66 2.42449e-66 0
-1.56071e-45 -2.44941e-45 0
0.000100109 7.15423e-05 0
-2.46919e-67 -1.97576e-66 0
32.09 1.23005e-05 3.94171
1.15485e-22 1.67539e-26 0
-2.20684e-79 -3.65777e-80 0
5.8932 -36.7398 -15.1691
1.58576e-55 -2.70358e-55 0
-6.06907e-81 1.23333e-80 0
-1.3182e-73 -1.05478e-72 0
-1.57089e-60 1.10466e-60 0
-3.29995e-82 5.32014e-82 0
-3.6546e-84 2.99871e-84 0
4.04759e-69 6.26262e-68 0
-2.95689e-87 4.26398e-87 0
8.78632e-75 7.58245e-75 0
28.3505 32.8427 -20.6093
7.48654e-84 7.13073e-84 0
6.93968e-85 -1.06504e-85 0
8.34291e-89 -1.99129e-89 0
9.24707 7.68778 -2.04565
7.85232e-24 5.47294e-23 0
3.2774e-24 4.2303e-25 0
-6.26791e-28 4.18901e-28 0
9.95161e-76 1.06558e-75 0
-2.29281e-48 1.61231e-48 0
4.21541e-17 -3.79472e-17 0
-11.3423 -26.2507 -20.0121
-1.11185e-88 1.02123e-86 0
-6.08291e-48 -1.2762e-47 0
1.98652e-71 2.12769e-71 0
-7.61823e-86 -1.10175e-85 0
7.82956e-84 -7.07054e-85 0
9.21543e-68 1.42586e-66 0
-9.33246e-77 -4.03539e-75 0
