# vtk DataFile Version 3.0
water particles
ASCII
DATASET POLYDATA
POINTS 2541 float
-2.03058 -1.07991 0
2.04732 -2.80668 0
-90.1937 79.8513 0
0.504888 1.49034 0
-17.5786 -4.40805 0
-38.8967 -126.101 101.569
41.7235 38.5579 0
152.923 -138.208 0
5.15466 -58.5385 0
14.1107 3.12572 1.38431
-12.7866 -23.5428 0
-3.04084 -121.236 0
-63.9202 -148.973 176.414
-0.248751 -2.30689 0
19.5803 8.83124 0
-6.49168 -6.22638 0
16.8203 23.3791 0
-5.33225 18.0735 0
-191.214 -228.336 238.993
132.324 -76.1353 195.497
3.21839 -1.12818 0
66.7012 -32.3055 0
3.71343 88.8093 0
-143.041 -0.300043 128.977
-94.2245 -0.313372 0
17.1531 28.1192 0
0.212703 1.22659 0
-86.4604 -43.8999 0
-116.722 -64.2335 0
-201.082 169.037 219.034
1.0735 138.932 43.966
-258.194 116.553 56.4228
-65.5991 -51.088 0
-0.195664 1.49647 0
-2.58826 -4.2261 0
8.22046 -70.2883 0
122.643 21.4535 8.91823
50.7858 68.5658 8.67732
31.3583 -2.4673 0
1.86033 25.5184 0
18.8088 6.48051 0
-0.468553 1.58001 0
92.9857 209.503 408.282
-2.56312 0.909979 0
-203.751 -18.7784 0
-4.37057 1.80064 0
4.42663 4.68923 0
-3.58855 -7.01801 0
-5.23337 -6.57562 0
-18.4025 -28.3886 0
-7.04204 -1.11562 0
91.1937 14.2426 0.695842
168.355 -73.1682 0
-97.0462 -85.5844 0
-2.48184 -3.84299 0
-2.3849 0.92505 0
-142.89 2.20377e-05 129.091
-94.2271 -0.00672127 0
-14.7739 -28.039 0
-35.0967 29.7755 0
12.5427 -5.06107 0
7.05538 -1.87128 0
14.7617 -34.9008 0
29.2067 -57.7519 0
131.491 -86.7336 157.328
3.38577 2.88597 0
-48.392 20.2465 0
-1.3927 -5.96343 0
-2.54232 -1.53324 0
-3.13393 6.97838 0
0.801377 19.6293 0
135.562 155.323 5.55653
-10.3038 3.87986 0
8.86139 50.6358 0
69.3068 5.62239 0
-213.887 -14.1039 0
9.44396 -35.4516 0
0.393883 1.7884 0
-66.9495 437.754 26.1815
0.502913 1.90864 0
40.4203 8.37878 0
-33.8097 21.9824 0
2.25956 -5.1136 0
-3.70548 -8.58064 0
0.111063 1.2987 0
-0.205605 -3.3131 0
51.606 -226.726 0
-2.56101 2.37464 0
-0.689761 -1.98985 0
-143.041 0.300062 128.977
-94.2064 0.299676 0
-52.86 17.3409 0
-273.681 59.1746 0
-1.70981 2.65476 0
39.1002 -49.7401 0
30.9445 -1.01344 0
22.3577 26.0072 0
-140.912 -20.7083 10.9564
32.2072 56.2637 0
-0.561205 3.65332 0
-41.4597 213.75 149.289
-2.65862 -0.58079 0
40.7656 -32.0601 0
-8.02697 7.14273 0
53.5424 -86.6111 0
6.3673 -6.61419 0
-33.7454 94.2118 0
153.975 -1.03603 263.074
72.7274 11.7603 0
77.6255 61.939 105.434
-2.32708 0.395731 0
3.24127 4.73973 0
-87.4155 -81.5223 0
-2.3459 0.576754 0
-26.329 59.1773 0
96.6785 -149.569 0
33.5681 -28.6532 0
4.05899 -30.7457 0
66.4486 331.05 209.663
0.0818673 -3.11213 0
-1.42641 3.61873 0
-0.711523 -4.35616 0
-1.01902 -1.81484 0
-0.988673 -17.7738 0
-2.1592 -4.58467 0
135.957 -58.6634 161.666
-0.983685 -1.27308 0
8.08687 -35.5541 18.8287
5.29206 12.6779 0
-2.9711 -0.0855074 0
25.9049 75.9379 0
-2.30247 -2.83817 0
0.25536 2.75369 0
-0.90133 -142.347 129.029
-0.172047 -87.8069 0
-29.5916 -47.4212 4.79854
80.4607 83.0641 8.8878
9.03373 -12.4124 0
-17.8542 63.815 0
113.431 -165.711 13.0185
-69.5203 6.1059 0
22.278 -292.363 77.743
108.889 -29.6596 5.12791
-0.900052 -0.300403 32.0492
-0.900202 -0.300107 141.008
-0.90087 -0.300637 35.8241
46.3681 23.6325 0
9.09698 1.13498 0
59.1187 57.6832 56.8683
-18.318 11.028 0
185.976 174.374 197.602
1.6541 1.74894 0
44.7781 138.626 248.212
0.275179 1.34701 0
-113.218 71.8139 0
13.4865 155.863 9.97808
-0.900965 24.6826 0
31.4581 2.30837 0
-3.73194 0.411237 0
117.185 -49.8148 18.7272
0.510997 -1.65549 0
3.27793 5.15332 0
-39.2782 -88.5414 0
-137.894 180.782 0
83.6778 -106.78 72.5617
103.862 -140.369 120.982
15.8049 -124.883 53.6171
-1.76864 -53.1532 0
6.97175 11.9859 0
-775.635 -257.192 242.511
10.8773 1.40794 0
12.0337 -99.5167 0
14.3168 -35.0923 0
2.25904 4.61966 0
-4.8217 -1.43727 0
-1.58838 -137.184 33.9227
-0.900027 6.02329e-05 32.0554
-0.900188 1.57156e-12 141.123
-0.903716 0.000579676 35.9246
-2.87098 0.0650593 0
13.683 -17.5619 0
31.6514 2.93803 0
26.1588 9.20305 4.93412
45.5405 13.3706 287.998
-4.22124 -19.1408 0
84.9577 14.2429 50.1765
105.699 2.51477 78.6716
8.87552 -61.375 0
30.8136 69.4176 57.0168
-0.903421 71.3374 23.4516
-4.8499 -16.3063 0
11.2783 15.211 0
-57.3651 41.685 0
17.7179 125.482 0
-2.00942 2.2764 0
-1.74759 1.68249 0
-2.24822 0.608149 0
-8.39953 -42.8863 0
-8.89523 123.084 0
15.6802 -124.978 54.698
7.06304 -17.863 5.82211
45.5187 118.827 0
2.50887 -18.9785 0
120.813 25.6756 154.465
-101.489 -68.6893 157.707
46.0514 -71.6058 0
0.960325 3.46219 0
104.437 241.14 47.5261
-0.467011 0.160318 0
-0.900168 0.300203 32.0497
-0.900202 0.300107 141.008
-0.905913 0.300611 35.8256
-42.8741 -101.725 82.6827
7.15668 8.53426 0
44.8677 -96.2504 28.1897
0.171358 0.4501 0
32.7037 -87.0095 0
23.8275 -15.6574 0
36.2742 -37.2861 0
-1.21109 -3.06564 0
-1.72938 1.9301 0
-0.900967 165.166 115.353
-0.900675 82.696 0
17.7864 20.3824 0
-8.31894 -31.1594 0
56.0357 136.956 27.0903
-4.17509 -13.9382 0
69.7791 108.317 63.9008
54.298 77.6606 0
6.69964 1.18642 0
223.69 288.518 62.9857
-0.90373 3.41546 0
-68.1941 -417.866 361.907
-2.00433 3.04032 0
85.5967 -157.782 87.4229
88.5134 -50.695 137.42
0.828487 2.07942 0
277.309 -22.675 187.673
280.539 97.7596 76.6759
2.05109 -3.12952 0
1.4124 -24.8661 0
0.135999 2.14556 0
-40.3617 -77.6413 0
-0.991791 -10.0404 0
-249.787 149.08 0
-1.24292 -1.22018 0
87.2435 60.6521 0
-2.72419 -1.15633 0
-28.828 -16.3282 0
-227.837 -5.59776 0
23.2918 -9.35754 0
-0.551507 -3.38503 0
3.52589 7.19752 0
-30.6873 47.0575 0
-0.578661 -1.35875 0
0.949687 10.0985 0
-7.72822 7.12443 0
25.409 92.9646 0
13.379 2.99065 0
-17.573 -29.7173 0
2.96879 42.9488 0
31.5181 -36.3183 0
2.99428 -1.59677 0
-75.6694 4.9681 0
-110.583 -12.3774 86.3308
141.304 15.5682 15.5619
24.1091 -0.300963 0
53.8411 -225.776 170.729
-10.4683 -6.93945 0
37.9365 -101.262 173.628
-132.527 -78.4133 352.171
-77.6886 83.4912 0
14.5691 9.91515 0
82.8072 17.364 0
103.24 164.287 115.306
19.8915 -21.7445 0
-187.424 -896.124 314.975
6.68438 -13.2648 0
-5.62037 -3.20831 0
-2.26085 -0.95335 0
-1.39759 -1.62224 0
98.4866 168.021 42.2247
-1.87911 -2.11661 0
-2.26996 -1.59168 0
-27.0125 -4.79556 90.4436
-2.15169 3.02499 0
132.297 -130.602 0
214.856 -282.846 100.645
69.5365 89.8748 4.38734
-23.8246 18.3672 0
1.75164 1.95343 0
50.8712 95.0709 0
142.488 46.731 0
-2.47278 0.455094 0
109.089 156.568 169.746
1.27909 -5.85696 0
65.5333 16.4461 0
-150.706 10.7433 0
136.333 15.5232 16.7222
24.1185 -0.00021782 0
92.7076 106.308 0
5.90766 0.860993 0
-115.05 -27.948 0
0.190896 -1.63822 0
1.16217 -1.55767 0
5.05473 -6.064 0
-114.133 76.1346 0
-30.9734 -0.581576 0
1.23632 1.75239 0
376.216 125.107 38.6004
-409.943 -78.1174 117.141
1.27527 34.2815 30.7811
1.15575 2.8202 0
-48.5215 -80.1304 0
1.2538 4.84741 0
5.05081 -3.1621 0
22.4663 20.3149 0
-133.522 -137.962 0
2.64461 -1.14865 0
37.755 -9.43666 35.1545
-11.7714 643.531 0
7.11887 -7.28538 0
-3.17576 -1.63094 0
-2.13625 3.71269 0
65.1954 -92.3191 8.13181
207.485 -259.355 76.9603
-2.2999 0.646195 0
85.6442 -100.781 238.595
-2.97765 -101.835 0
-139.982 62.8615 91.2832
-126.647 4.99067 0
142.125 -5.37947 17.3614
24.1084 0.301078 0
438.498 -895.753 1131.94
136.925 129.263 369.708
41.3431 111.131 37.7498
11.1021 -74.9963 0
2.38343 -0.845737 0
1.4151 -5.49137 0
-8.08386 -2.43346 0
162.225 -30.2851 28.3645
0.871905 1.68401 0
0.151578 -1.80301 0
-3.6218 7.88917 0
259.276 374.799 0
99.0684 -59.5814 0
0.297979 1.373 0
-476.885 50.6283 138.568
2.3983 0.467917 0
-12.9759 4.85882 0
21.8208 -128.889 0
8.41343 -2.65447 0
1.48272 -2.20511 0
42.2949 70.2361 0
-31.2352 -101.876 46.0199
-2.13984 0.0648037 0
-3.73082 -8.93364 0
-21.5065 13.0019 0
-141.521 32.1116 0
20.8925 6.88243 0
0.739581 2.74607 0
-57.7649 148.747 0
28.616 3.38726 0
-0.883178 2.56254 0
-26.2777 15.7083 0
139.86 -12.6844 0
1.62563 1.49756 0
-2.3554 0.37246 0
-2.9517 -2.88338 0
1.71789 1.42584 0
-1.06309 -1.75321 0
4.57531 4.17976 0
-6.1816 -6.36921 0
158.155 217.877 147.499
-0.504214 -2.08803 0
-11.4594 -9.27546 0
128.569 213.748 45.153
0.94588 140.937 62.9079
-28.5424 4.90579 0
-78.112 -53.3764 0
-8.85484 -4.87627 0
94.0803 24.6331 0
44.4962 14.9439 76.9312
25.8936 -9.83314 0
3.66259 2.46711 0
7.67305 -0.493519 0
-15.2091 35.8225 98.0115
-67.2744 -2.52306 0
10.1249 7.7509 0
-2.33074 0.817958 0
-50.2938 10.3671 0
-203.271 112.224 0
83.7797 82.2058 2.25648
23.5322 -16.4509 0
-13.0145 -96.4638 0
26.2184 17.3055 0
-0.15607 -1.87982 0
-18.8402 24.5574 0
119.729 -34.7035 14.059
0.0574523 -1.99114 0
1.31452 1.2683 0
557.362 -179.372 44.3071
-2.89926 -7.76886 0
-2.24809 0.162787 0
-3.27907 -0.148738 0
-3.85682 -21.5041 0
-21.2684 32.9741 114.934
-2.21195 -0.381172 0
44.0718 26.1449 144.689
118.147 -38.9973 0
-11.9039 -49.7442 0
-0.753828 2.8663 0
-66.5513 -5.22903 0
-2.59437 -0.406196 0
6.60555 1.43456 0
19.9442 -149.141 66.6189
84.4292 -170.38 80.0968
19.4298 -6.02261 0
153.084 43.5903 0
-61.9053 27.2788 80.1807
-97.3243 -1.02592 0
3.99876 -6.41804 0
14.4111 -19.942 0
-19.6141 1.69377 0
-5.46865 0.418206 0
-67.6957 -105.3 0
-136.267 88.8728 0
-265.906 80.8132 38.5246
-1.81708 3.49118 0
-0.209259 1.68138 0
-3.49241 6.28328 0
1.45077 -4.46206 0
414.837 22.3714 820.031
-2.42776 1.12667 0
431.796 -266.88 55.915
-8.00294 15.5356 0
-241.875 59.8107 0
58.6771 63.097 113.859
-665.848 479.226 240.638
-2.73742 1.09259 0
-18.347 13.2689 0
30.455 -353.054 21.5705
132.905 13.5525 15.595
-19.5526 -54.389 0
-11.074 -4.36854 0
-2.80608 3.50492 0
-1.10935 -4.48713 0
2.64523 16.351 0
3.18489 0.296327 0
74.5765 -12.9982 29.8569
-1.03033 -1.47298 0
-0.311759 1.36204 0
-33.0049 -7.46167 98.5149
-84.7666 1.30593 0
-0.14283 -1.63033 0
128.478 -61.6249 76.3601
106.294 -124.29 0
-31.2955 33.8557 0
6.61889 3.10087 0
9.72293 -38.4366 0
-3.8527 5.7982 0
-2.27171 0.522314 0
-1.57471 1.70351 0
-12.2178 11.5259 0
-183.786 283.516 0
-29.5901 -49.7764 0
-4.85608 -56.2776 0
26.5094 68.4513 0
5.80512 7.56096 0
-2.2165 -5.73524 0
153.17 235.038 176.995
-92.4733 -28.6491 142.185
-34.1832 -15.7561 0
-0.209173 -1.58381 0
-0.0542084 1.71891 0
165.148 -44.3418 0
-0.764841 2.33769 0
-3.87852 27.2268 0
22.1846 61.2999 0
52.8721 -87.3206 13.8278
-2.04384 1.51115 0
11.319 -70.1661 0
-7.42364 3.58346 0
-16.6778 184.825 0
-0.633324 -4.34431 0
-0.20207 -3.13092 0
-3.28076 -18.3561 0
0.209302 -4.10105 0
-0.947773 10.0922 0
48.0695 60.7856 0
367.516 43.3126 156.234
13.8247 60.3689 0
4.87026 -15.9335 0
-0.124888 2.40961 0
26.4839 -1.67687 0
-7.09944 -9.15355 0
-0.600042 -117.929 145.417
0.0932499 -86.3204 0
15.9914 -4.92624 0
4.20573 -0.114665 0
-1.73111 3.52044 0
99.9367 -220.498 225.874
-226.217 -98.8225 107.531
-16.7629 39.5571 36.603
-0.598951 -1.73841 0
-0.734491 4.25853 0
-0.600066 -0.300521 32.0534
-0.600017 -0.300075 141.534
-0.600188 -0.300806 36.2839
-2.00184 -1.67007 0
-26.9235 -30.0707 0
3.55892 6.18948 0
8.85899 3.25329 0
-43.6822 85.186 94.8771
4.7933 2.49829 0
16.0364 -20.109 0
2.13498 -0.802993 0
10.1861 -153.63 0
15.2152 132.799 18.2164
-0.600493 24.4859 0
3.18258 16.9976 0
4.53314 5.24301 0
-3.7275 14.7128 0
0.873653 -5.58812 0
-2.30432 112.724 0
99.6352 -7.6909 0
19.0211 16.3723 0
-0.160348 -1.54057 0
42.3889 103.021 19.266
17.6077 -98.7223 58.7692
-1.58657 -54.0189 0
-6.91188 16.8671 0
19.606 54.1947 0
0.778441 -7.20476 0
-49.4958 56.8312 19.487
-31.2894 18.0898 0
134.657 -226.923 21.488
119.848 -229.223 36.1619
-0.70466 1.36061 0
-0.599707 8.443e-05 32.0836
-0.600016 7.35441e-09 141.632
-0.600421 5.75547e-05 36.3708
63.8506 -69.2398 31.7306
-17.2114 -7.55194 0
132.179 55.6087 0
20.5649 10.7137 0
13.8285 -11.6896 0
25.1919 35.8319 58.216
111.388 46.9209 220.867
28.5744 2.79498 0
-0.461608 -0.153551 0
16.5913 111.583 32.147
-8.79271 64.0311 26.5952
49.2859 -60.3231 22.0937
-0.0476083 3.72567 0
0.899133 15.498 0
-0.370889 3.9512 0
19.4191 19.7386 0
-1.38607 -1.42112 0
3.8879 37.6875 0
9.97046 3.42763 0
1.55694 63.6254 0
17.3429 -99.064 60.4246
8.50239 -16.6353 8.05641
1.35096 -8.8564 0
21.0505 64.3379 0
-2.78406 -1.35442 0
8.4102 -22.6033 0
-1.2031 2.25642 0
45.2933 331.442 345.874
7.2868 -63.5579 0
-0.864138 -1.70093 0
-0.599852 0.300143 32.0546
-0.600017 0.300075 141.534
-0.601855 0.300398 36.2852
-60.4863 0.940632 0
10.3701 -18.46 0
-1.02118 -2.26029 0
15.735 -61.4958 80.8471
29.1899 -41.3576 0
-11.2158 -36.2807 0
-18.2026 -35.4405 0
-102.323 -81.6782 15.9898
-3.55562 0.42146 0
-0.600063 143.058 134.004
-1.29936 86.3125 0
-0.677343 -2.9746 0
-10.8458 3.35297 0
29.2096 -10.6629 0
-130.929 197.109 197.856
-1.70617 -5.80916 0
-22.6825 -8.7665 0
-0.185572 -16.8357 0
11.6042 148.065 0
-0.598573 3.41467 0
-7.32857 -2.56467 0
113.147 -0.989674 0
-35.7093 89.8934 0
6.47178 6.93705 0
-82.4373 -146.728 0
-1.42983 3.04653 0
-7.26142 -52.1928 204.022
-58.7789 -51.8043 0
8.32178 -20.6992 0
-2.54355 0.589026 0
-55.1229 12.859 0
-1.62151 -2.58578 0
-1.16983 -1.65484 0
0.237639 -2.21412 0
3.33461 -2.76923 0
0.935843 -2.27271 0
-43.0958 -23.3698 0
42.4808 -115.371 30.9982
148.242 164.512 0
1.6355 -2.2855 0
-76.3574 -185.616 162.022
2.21882 -2.85057 0
11.1294 -9.15593 0
0.507974 6.90019 0
1.41138 -4.38943 0
16.1068 -31.399 0
1.83138 -2.06106 0
2.38192 -0.170209 0
68.5036 13.1752 0
19.6332 -6.61621 0
55.8035 123.429 0
-0.780043 1.64128 0
-62.5783 9.70942 0
137.099 15.8891 17.1864
24.4212 -0.301887 0
4.12326 -4.74305 0
2.42847 -2.86379 0
98.1421 -11.7969 0
-45.18 -12.9696 0
59.6175 -38.7381 0
49.0818 -53.2524 0
-2.75887 1.46022 0
-1.64338 -2.83761 0
61.1819 9.09622 0
0.790033 3.59429 0
-1.65535 -4.14712 0
52.8347 257.898 271.379
-2.24819 -3.57701 0
-223.605 26.344 0
-314.24 201.782 171.516
-0.432106 -0.168821 0
-2.28405 -0.0522338 0
-2.95667 -1.31426 0
3.31003 8.28374 0
-4.50731 -7.5056 0
232.033 -10.0732 0
68.4383 92.5521 3.94304
-6.90196 0.552807 0
-4.98003 -3.08351 0
-181.321 45.8099 77.6881
-29.9352 165.885 91.2081
36.6711 34.6395 0
-0.284392 -9.78363 0
-0.228544 -1.3453 0
56.9406 -47.2586 25.386
-2.64321 3.44217 0
132.233 15.8494 18.338
24.1795 7.08297e-06 0
20.8266 -13.4595 0
46.0994 134.027 0
97.6263 391.966 290.461
38.737 -28.2691 0.806496
91.1259 -4.53721 0
30.3052 -17.6079 0
-14.6733 -129.34 0
9.32962 38.9509 0
-5.64146 1.71868 0
-111.089 -169.42 239.125
-379.62 68.6888 168.617
-139.963 -196.961 0
-9.44408 -5.13315 0
63.4039 -108.241 0
-2.07773 4.49394 0
10.2201 -8.60754 0
-0.0797235 1.58945 0
-0.985779 -1.43194 0
83.2727 88.3545 109.064
-8.81084 -8.27633 0
241.13 85.6497 244.06
6.97759 -7.31267 0
-0.376181 -6.27569 0
-4.14701 2.57802 0
12.7843 -20.5642 0
135.376 -155.5 212.078
0.400851 -2.47723 0
11.1544 -48.2298 0
1.17202 -1.87197 0
7.26924 -3.36273 0
-227.43 79.4767 0
137.735 -5.3846 19.1682
24.4203 0.301965 0
2.85059 -0.575318 0
-208.814 89.4313 0
74.994 -29.0031 0
36.3357 -16.9527 0
1.44066 2.3321 0
-107.169 77.434 39.8924
23.9287 -6.4294 0
102.691 4.12151 1.72666
0.408012 1.47953 0
9.83706 8.5747 0
10.7703 4.40478 0
-14.9124 -78.8095 0
2.05572 0.211401 0
-235.637 -142.484 22.3059
33.9291 22.8844 0
6.17828 2.70977 0
-85.242 -6.48026 14.6082
14.5471 -74.6281 0
33.4235 -90.0879 0
-11.1153 6.94073 0
-4.73887 4.74437 0
-66.0786 27.043 0
-2.0315 -0.204739 0
-4.00525 -4.88281 0
-6.01741 6.40263 0
-91.7894 152.399 19.9719
-47.968 -62.2339 0
1.71589 -36.9496 0
5.05869 8.07984 0
-2.00342 -0.941844 0
-0.282198 -1.59562 0
114.56 30.2317 30.9057
-85.367 23.2092 0
-2.91649 -0.381113 0
7.34093 2.85466 0
-176.446 -113.601 0
-4.39864 -2.63036 0
5.52814 0.0361643 0
-2.20714 0.142479 0
89.4154 -69.6334 0
-33.9017 69.1919 0
-45.8493 -39.9876 0
-11.1535 -9.25267 0
34.0496 216.976 0
3.56252 143.763 62.0408
97.7433 -74.415 0
3.88141 -2.10451 0
-78.5063 15.4166 83.1769
1.03308 -5.72626 0
6.17663 16.149 0
27.4903 129.903 32.27
82.9335 -62.581 0
7.13281 0.168929 0
-104.209 17.8779 58.5934
-48.78 -1.96961 0
10.5929 9.24598 0
5.97282 2.39863 0
8.6346 -7.57433 0
-65.8645 22.7835 0
-7.92611 -13.9879 0
-11.7661 -0.117378 0
-30.2048 8.31846 0
79.7808 -332.683 118.235
-0.304845 -1.92241 0
25.7505 59.203 0
-25.8468 -30.0955 0
2.90755 -3.08245 0
-0.656962 -1.51546 0
-0.804266 -1.70315 0
13.66 7.29547 0
-2.49244 -1.25806 0
-2.99724 -2.53994 0
-2.19832 -0.91281 0
-3.70329 -0.430962 0
-2.47724 0.583631 0
74.5535 55.7702 132.272
-25.1626 60.5836 29.0526
5.16421 -2.09065 0
-4.06372 -4.62274 0
224.111 318.303 64.2132
-349.798 -75.6017 4.46914
-94.0556 142.965 0
47.8729 -1.75133 0
-18.1996 90.9213 0
-4.09421 2.54563 0
0.730264 -1.59657 0
-99.3518 17.9695 60.487
-64.1244 -1.4203 1.98633
11.2683 -13.1646 0
0.189553 -14.6412 0
-10.9172 -0.563943 0
-55.8182 -10.8422 0
-58.6869 -35.2261 0
2.14691 3.77064 0
-18.0868 -22.0719 0
34.8503 -25.2223 0
0.745255 1.65574 0
2.18779 3.69089 0
51.6693 -79.425 38.9878
36.5317 -61.4823 0
-0.656809 -1.49471 0
-55.6178 -30.7993 68.2263
-4.06555 3.67518 0
-82.5231 66.6324 0
-2.70306 0.590064 0
347.044 -319.754 127.703
0.148996 -2.363 0
21.4045 -74.3569 33.5361
117.166 -317.817 0
-11.0575 0.0453969 0
-185.501 279.634 286.468
-3.35375 -1.54558 0
-21.7286 -305.823 80.3641
56.2656 -99.4665 0
0.428553 1.81115 0
4.9106 -55.4601 0
-432.519 -121.675 0
-5.5948 3.49725 101.337
1.01187 -0.449618 0
-103.837 -4.22393 65.1347
-79.327 0.97368 0
7.65086 -10.1348 0
-179.581 -3.88761 24.9342
-58.3608 -81.2415 0
48.2613 4.12794 7.88537
-94.2555 -49.7858 0
0.79059 1.4008 0
0.126201 1.49006 0
-0.381059 1.57287 0
-0.613388 1.61382 0
-12.5285 12.0892 0
-1.49526 -4.65788 0
2.68167 3.09398 0
77.1564 67.2113 0
-1.61402 4.1761 0
-26.2026 48.8097 196.555
-184.4 -73.9898 0
102.2 -249.448 94.3527
-2.27439 1.20916 0
-30.8431 -16.6128 96.8917
-2.12207 -0.0872784 0
-112.217 -125.415 0
4.46244 -14.4799 0
-0.418441 1.80033 0
2.58881 -10.2213 0
34.5532 25.3181 0
-20.9076 -5.36518 0
-3.18424 -0.874321 0
-3.79737 -0.584467 0
-2.38583 -4.4999 0
-2.00129 -0.144311 0
-0.299989 -3.86608 0
-0.0200558 -3.2119 0
-2.90023 -19.5783 0
0.419042 -4.12005 0
-1.03951 10.0529 0
-1.56801 -5.84768 0
135.323 -182.953 75.5896
-12.0472 88.4717 96.3831
-1.29327 9.43056 0
-59.1913 167.709 27.9854
4.62077 -8.70715 0
2.29225 -0.843386 0
-0.299972 -117.875 145.449
0.393899 -86.3209 0
-503.48 290.646 1.33432
296.791 -819.953 360.52
-0.523485 4.19318 0
0.433582 1.25885 0
2.80617 2.41572 0
48.2101 14.4471 0
85.58 24.0645 0
0.228662 1.50288 0
-0.30004 -0.300049 32.0555
-0.3 -0.300075 141.539
-0.300004 -0.300224 36.2864
-104.275 75.1227 54.7255
14.4871 -31.7688 0
-2.53835 5.42532 0
23.716 137.497 64.2563
-240.86 157.912 224.932
29.0806 104.248 7.31205
20.3708 9.07742 0
89.2619 39.3258 29.3412
10.7386 -151.225 0
15.5208 132.737 18.2611
-0.300561 24.4873 0
1.9665 -48.7754 0
0.958321 2.53498 0
-3.1265 -0.595768 0
9.79405 1.36523 0
-2.11372 -1.12408 5.9101
150.061 149.135 80.9173
372.409 -466.206 72.0796
0.243306 -2.63429 0
44.115 101.057 25.1815
17.92 -98.6356 58.7944
-1.28581 -54.0186 0
39.9735 -209.437 44.7449
0.658573 1.44254 0
-5.13733 5.4056 0
-115.304 -56.3298 0
36.4717 -208.606 0
-0.729592 -2.17014 0
-1.45886 -198.895 5.75746
106.435 73.4242 7.80433
-0.299685 9.05311e-05 32.0879
-0.299999 1.63306e-07 141.637
-0.299734 7.6371e-05 36.3748
-19.9844 -27.0461 5.48548
-2.17749 -2.49048 0
231.329 -205.057 68.854
8.80229 -0.906238 0
25.6595 -0.567027 0
2.58456 0.615508 0
-66.6811 78.3726 103.757
6.96382 20.8066 0
-0.018773 -1.5215 0
16.9054 111.5 32.1838
-8.26832 64.5117 26.4896
3.33002 -0.42268 0
131.297 3.11385 35.443
2.67563 8.02173 0
-3.04923 1.84515 0
-97.9321 -145.208 0
0.316432 -2.8314 0
-48.8208 242.096 195.362
-46.2884 144.318 169.28
5.18487 70.44 0
17.6494 -98.9864 60.4628
8.81915 -16.6545 8.07407
-3.90185 1.90715 0
16.3479 52.5734 0
17.5101 126.125 0
47.8725 78.0287 25.8695
-3.72904 0.380768 0
-23.1858 -78.2851 0
-12.8136 -86.0558 0
0.763469 0.128424 0
-0.299723 0.30008 32.0569
-0.299844 0.30012 141.539
-0.300118 0.300252 36.2875
9.63524 9.52127 0
-1.4382 -1.52485 0
14.045 55.5907 0
-119.389 -150.418 15.5705
-47.6264 -102.375 196.494
-23.3996 -70.6487 9.14721
-14.5796 79.215 80.741
14.0601 15.4092 0
-0.340839 1.98118 0
-0.299963 143.009 134.041
-0.993142 86.3204 0
-0.386217 -2.97282 0
-37.9526 76.5755 0
-3.28881 3.01246 0
-1.65905 -21.6065 0
6.7152 22.637 0
-12.2643 -30.9937 0
5.84821 13.8839 0
3.77897 2.12839 0
-0.291625 3.41831 0
-312.294 -144.009 83.8154
-1.19211 -75.4447 0
156.291 181.576 257.067
-1.41887 -4.14598 0
96.8092 -1.59164 4.51503
35.5343 252.592 0
-90.6109 -148.677 141.762
1.78851 -8.85603 0
0.0401416 5.33019 0
5.72198 1.74312 0
0.582678 1.66162 0
-4.49309 -0.701481 0
8.59731 2.23628 0
2.48284 -3.10371 0
1.89689 -1.93517 0
5.52809 -4.28372 0
25.934 86.6531 0
-6.61091 6.85301 0
-11.6568 5.24462 0
40.7032 -30.3179 0
4.81223 4.33379 0
7.8139 -7.70607 0
11.445 -9.17923 0
7.16146 9.32964 0
1.55619 -4.13733 0
0.0507732 -3.92779 0
31.9364 147.041 0
-0.519639 6.20653 0
38.3879 89.9372 0
18.9477 -9.23389 0
0.452241 4.55974 0
1.04929 -0.489607 0
-28.9062 -11.4229 0
137.397 15.8965 17.1908
24.7224 -0.301207 0
5.53982 3.28635 0
2.14784 0.283046 0
0.423779 -2.25089 0
-118.858 -27.7702 10.1899
-22.6134 -76.5101 0
-114.044 75.3445 3.44053
211.498 -142.565 31.2372
-0.644409 1.2534 0
-0.446458 -0.118021 0
2.11216 4.15516 0
-1.29515 -4.15955 0
-87.9345 141.391 69.1081
-55.6438 87.1863 103.201
0.351128 1.59233 0
-11.141 31.141 0
38.2791 -55.9003 0
-0.19302 1.35729 0
-1.02849 -5.29876 0
4.25933 -0.604235 0
0.440981 0.184784 0
196.089 5.88155 0
68.6587 92.5874 3.94872
-149.332 106.139 0
-2.19302 2.54738 0
64.1555 -44.4255 0
39.0107 159.387 41.3582
0.42032 -1.93127 0
42.8158 -28.6533 0
140.982 -127.522 14.0287
-265.032 70.4575 0
-2.89891 0.249828 0
132.546 15.8506 18.3379
24.4824 0.000305361 0
0.427622 -2.33661 0
-115.069 43.6679 34.3169
15.5857 -1.37671 0
1.04623 2.80904 0
24.2109 21.3033 0
-2.30784 0.813175 0
-6.42186 -1.52114 0
-4.41562 -2.65934 0
131.781 239.432 223.836
-209.427 -338.62 140.344
-379.408 69.7501 168.195
26.7805 -254.433 23.8027
-13.6046 -20.426 0
31.8431 7.26842 0
-51.0224 15.114 0
0.626576 1.86888 0
36.2512 -19.5917 0
-0.424455 1.17818 0
0.708214 1.71909 0
1.29555 1.97912 0
244.337 69.255 234.29
9.26 -9.81742 0
-6.81599 -8.36911 0
2.49201 2.21339 0
130.076 -201.988 83.4731
-35.8221 47.2409 0
37.9503 84.1924 0
-19.4901 7.61826 0
1.85585 3.26523 0
-21.5911 61.2128 0
-2.13131 -0.200868 0
138.032 -5.38939 19.1725
24.4699 0.301804 0
150.206 80.4142 0
-1.43165 -69.5087 0
92.6081 -38.9705 67.3775
5.328 -1.22101 0
232.702 -66.708 5.31501
9.35824 -0.490824 0
-42.7714 -184.975 0
-3.55244 -0.299314 0
0.329993 1.47321 0
10.1482 8.59579 0
11.0651 4.35631 0
-14.7468 -80.3157 0
1.92433 -2.4659 0
47.4851 -6.0268 0
2.60298 1.36126 0
24.0371 -2.46633 0
-6.74859 0.49137 0
-0.410414 1.19713 0
-0.163642 1.75674 0
84.5918 464.188 250.428
-7.59822 4.38165 0
-83.1103 -150.548 151.592
2.77224 0.968631 0
-18.7036 -47.5332 0
273.969 -135.525 75.8088
25.656 -45.2218 0
59.0477 -7.83734 0
-41.0296 60.7683 0
-3.13909 -0.733482 0
36.3599 -162.047 0
1.0705 -2.34904 0
-12.998 -147.885 0
-183.067 263.88 129.987
-0.720251 -2.75996 0
-22.7196 -30.9442 70.3228
1.72378 -2.8905 0
1.09568 2.02175 0
-0.221186 1.41897 0
4.14276 -3.49872 0
43.3522 -22.2642 0
1.50194 8.40673 0
-23.9468 -22.137 0
-10.8534 -9.25257 0
29.2571 209.369 0
3.97907 140.135 61.0104
-29.2612 15.899 0
123.179 126.29 0
298.477 -68.3395 76.6193
-44.2489 -38.6752 0
-95.5174 47.3836 38.5425
22.4939 63.3585 70.4386
5.6584 2.77621 0
3.52009 -1.93463 0
-103.903 17.8758 58.5928
-24.7712 -0.300852 0
84.8603 104.968 0
0.974911 -1.62399 0
58.0162 15.49 0
56.8423 -149.877 0
70.4418 -9.77639 0
-3.47056 -0.730453 0
2.75665 161.891 50.4844
41.7534 -57.483 0
2.25937 -0.410646 0
-60.1178 147.881 0
-10.508 65.9008 32.3139
3.06503 -3.24897 0
-0.203361 1.3688 0
-175.041 -87.4121 97.9276
0.474577 1.42546 0
66.0126 227.874 0
3.95521 13.7317 0
-73.046 169.194 0
-2.57276 0.327488 0
-0.514275 1.87071 0
75.231 56.1728 131.935
-80.3982 62.0025 10.1059
335.351 -225.17 58.2929
-10.5519 -24.5287 0
42.556 317.26 23.8838
15.5889 82.1325 0
44.3696 69.0716 0
-0.726093 -0.464549 0
-3.88985 -4.71856 0
-0.614568 -4.68929 0
0.791676 1.58935 0
-99.0514 17.9696 60.4895
-24.7827 0.000146137 0
-5.33124 0.934797 0
-60.0946 -5.79387 74.5404
-10.2646 -0.530412 0
-7.28263 -0.254095 0
-42.6325 1.11859 0
-4.42462 3.97189 0
13.1364 -11.954 0
-3.0231 -0.0495501 0
-1.30551 1.62103 0
1.2438 1.94788 0
-29.8422 -82.0408 28.5538
28.6384 -90.8016 0
-21.1836 -16.9112 0
-90.7108 101.351 32.4985
-3.41457 3.48409 0
0.765482 -0.460702 0
49.7527 -29.8485 0
0.02051 2.98001 0
-1.21722 -1.2904 0
-0.117635 2.90041 0
123 -307.282 0
-7.92612 -7.7416 0
67.7334 -120.564 240.861
0.70865 -33.9308 0
-222.745 -99.6093 0
-0.018819 -8.37648 0
0.543059 1.38534 0
0.367731 1.70901 0
-10.1689 25.6316 0
-0.239729 -66.1739 0
1.20376 1.51691 0
-103.532 -4.22211 65.1334
-24.7714 0.301215 0
-6.53111 -18.1357 0
-179.276 -3.78452 25.0063
-2.76128 -3.37126 0
-1.44211 -5.92295 0
-1.01912 3.32809 0
-22.1226 127.452 60.0533
-2.81734 3.81579 0
-10.4333 -2.94765 0
-58.5579 35.8503 0
-12.2284 12.0891 0
2.38342 6.54019 0
-0.0419047 9.47919 0
-30.3032 56.9379 0
-0.234178 3.36928 0
261.571 70.1612 175.305
-2.93584 0.646507 0
27.4713 -9.69361 34.206
111.795 51.4475 19.8834
-157.726 -62.0019 72.5847
-3.78669 1.25985 0
-4.32833 6.92898 0
-94.3757 -32.0928 81.9378
-25.3209 59.2358 0
-10.3441 14.7751 0
-10.0225 88.9595 0
96.9651 58.1548 0
-0.733809 -0.165246 0
0.704817 -1.70721 0
-8.27022 8.07706 0
30.785 78.6129 0
-0.00133234 -3.86626 0
0.347499 -3.49899 0
-2.59667 -19.2543 0
0.717499 -4.11989 0
-0.699258 10.0926 0
-9.82747 3.33286 0
-2.08156 -5.23198 0
-10.9288 113.599 78.7422
-15.4558 5.79566 0
-56.0075 131.67 0
-2.02883 10.2398 0
0.992686 1.80829 0
2.75015e-05 -117.875 145.449
0.692849 -86.3214 0
-4.52405 -0.326025 0
33.4162 31.6271 106.347
-2.50944 14.1041 0
81.3965 -220.219 104.862
-5.8973 55.6085 0
-22.3595 -7.04038 0
-6.7737 78.0956 0
53.0053 115.32 0
-0.000438652 -0.300442 32.0562
3.03969e-07 -0.300075 141.539
3.14268e-05 -0.301321 36.2884
26.9169 -28.0589 0
-52.7633 -72.3689 0
30.8163 1.73262 0
8.39112 2.70532 0
-52.0994 -70.6297 0
69.6958 44.4996 0
-26.0831 21.7113 0
2.43236 5.70914 0
10.8644 -150.534 0
15.8322 132.741 18.2614
0.000404921 24.4881 0
-3.08451 -12.1581 0
1.32326 2.4549 0
-1.22899 3.11406 0
0.869187 2.34965 0
0.0630195 -4.76385 0
-33.018 -15.5104 0
-0.33506 -3.21765 0
16.4382 -8.86196 0
2.81126 -1.58823 0
18.2212 -98.6345 58.7937
-0.985871 -54.0181 0
4.35106 -0.0484513 0
-4.27007 15.8126 0
249.955 -1.41939 399.927
3.1456 -10.4862 0
229.581 -36.7535 100.313
1.8025 -1.96809 0
-22.8326 -187.518 220.769
-3.41362 -1.79729 0
2.58731e-07 -7.71238e-07 32.0862
0.000289819 8.34376e-05 141.638
0.00020444 -0.000117908 36.3736
17.5423 112.671 83.5797
-27.276 14.54 0
-1.32866 -1.56402 0
9.398 -0.827425 0
26.3522 4.63036 0
149.569 193.241 183.571
54.0957 123.289 69.0897
1.92536 0.836474 0
0.52175 -1.57911 0
17.2073 111.498 32.1828
-7.96815 64.5114 26.4896
17.1449 -27.6465 0
-8.67781 4.56226 33.4376
-0.624621 13.8238 0
-6.0148 8.06772 0
-70.6611 -84.3544 0
0.406458 1.46665 0
-0.357191 -1.4216 0
39.6183 -17.5023 0
3.77152 54.3502 0
17.9606 -98.9895 60.4687
9.13026 -16.6828 8.07284
0.249653 -4.25569 0
19.3721 60.0784 0
-12.1521 228.401 0
3.33696 -13.2702 0
-2.98088 1.67412 0
0.361329 -7.63803 0
13.5751 -28.2696 0
37.5615 -175.226 57.5025
5.01698e-07 0.3 32.0554
0.000752174 0.300291 141.541
4.52721e-07 0.300197 36.2863
24.2654 -6.57945 0
-1.24833 -1.95695 0
-128.252 273.24 15.7258
-361.29 15.402 25.2159
0.159632 -3.71519 0
5.34484 6.56499 0
-2.12333 0.287884 0
-0.718607 -1.17461 0
0.353309 -7.26175 0
0.000611938 143.01 134.043
-0.692758 86.3221 0
-0.0668159 -2.95864 0
-1.08565 -1.43187 0
20.2184 -20.3668 0
-94.4923 30.9303 0
2.38458 3.77333 0
-30.865 12.2519 0
0.918444 -3.42322 0
-58.8941 73.3897 23.8434
0.0063887 3.41786 0
6.97623 -0.453393 0
0.864499 6.31242 0
-83.929 85.2656 0
-3.29971 -4.68612 0
-5.13596 4.98107 0
39.893 303.795 9.62762
-45.5294 -97.3915 29.9411
25.7635 102.16 200.407
10.8006 -14.8775 0
-32.2621 -90.1671 268.531
-1.87823 -3.67492 0
-177.641 -23.4508 0
24.1579 -2.14121 0
-298.103 95.5422 21.8911
136.52 -313.68 0
193.511 129.838 146.255
-426.739 49.3915 128.125
70.2033 48.9021 0
-9.36844 37.9201 0
-22.6102 2.37037 0
-0.449428 0.407893 0
8.09505 -7.69374 0
11.7453 -9.17931 0
0.666981 6.98483 0
-6.38697 -12.291 0
1.28441 -6.68694 0
-7.30705 -4.87973 0
22.6587 -5.66796 0
-69.9651 -17.5488 76.1425
22.2382 -7.61395 0
-0.150681 0.178553 0
-139.972 122.487 0
48.205 -145.182 0
137.692 15.9077 17.1833
24.7715 -0.30065 0
-24.4548 -25.9968 0
3.07746 0.498427 0
-47.6024 -24.3572 0
55.0512 69.0873 0
49.0827 -61.8828 0
-26.6465 -29.6458 0
1.55807 1.77111 0
6.43713 -8.88502 0
3.18322 1.37803 0
2.92068 4.93807 0
-0.949294 -4.16196 0
41.0824 109.553 181.112
36.2385 63.415 0
0.540057 10.9104 0
-47.5263 -566.375 83.5901
-0.121301 -0.434348 0
2.01222 -0.255326 0
-45.3095 -131.878 231.711
16.523 -11.0219 0
65.2632 151.376 0
201.139 11.183 0
65.1887 90.7599 4.16475
-148.912 105.76 0
-0.163555 -1.42996 0
27.9985 -134.353 0
-175.093 -41.7881 65.1121
-160.471 14.0699 0
-2.91906 -0.73885 0
-25.8948 -99.0939 0
20.0464 -33.3768 0
54.8607 205.021 0
132.828 15.848 18.3163
24.7821 0.000604801 0
-70.3979 65.2284 110.484
-86.8368 -8.7327 0
108.302 77.1962 0
68.5094 -27.9829 0
-15.4745 -79.0914 0
-18.0946 -9.42374 0
2.1344 3.03209 0
-186.671 178.351 315.312
-0.60273 1.4613 0
1.20387 -1.76553 0
-0.348031 -1.8826 0
-44.6589 -237.477 44.668
64.7833 314.245 127.985
-32.827 -19.9383 0
-49.0284 21.759 0
-290.278 -44.901 205.859
28.1353 -9.69107 0
-5.32291 2.04743 0
84.5392 -477.442 91.3843
154.703 -97.5049 255.539
217.88 82.0659 290.901
-50.8927 32.2652 0
-3.81629 -1.82574 0
-1.53011 2.09276 0
125.251 -34.636 0
-24.6509 58.608 0
212.215 -16.1963 102.15
110.252 370.167 102.525
153.434 53.063 152.03
-185.639 113.248 107.268
-0.537007 -1.34516 0
138.328 -5.39817 19.1658
24.7712 0.301578 0
1.93213 0.505208 0
-156.534 -29.8095 0
-8.6224 -8.4493 0
4.60655 3.87004 0
189.736 376.874 56.8079
90.0879 -154.49 30.5806
0.308226 82.7556 162.715
-177.814 -245.62 404.164
-3.11299 3.79157 0
10.4484 8.59586 0
11.7168 5.27774 0
-14.3155 -80.3122 0
14.1815 -11.1126 0
22.2658 -162.514 0
-70.3604 -183.376 0
-2.16964 2.72707 0
173.357 103.953 103.016
26.9319 16.3389 0
188.627 34.1957 4.5406
1.05567 -3.24868 0
-7.48751 2.91 0
68.6282 -164.474 0
0.322443 1.49293 0
-0.736364 3.6472 0
2.4369 5.2568 0
0.35159 4.52127 0
6.52757 -6.24496 0
-11.2644 -14.3369 0
46.4791 15.7283 0
788.474 93.0586 23.3996
1.74835 2.25457 0
69.6598 -186.594 48.8163
41.8037 -24.2716 0
-1.64729 -1.47583 0
-123.674 -235.132 192.228
-4.88619 -7.39758 0
-9.45971 109.968 18.4591
-6.69176 94.4219 0
-41.8319 22.8292 0
-2.1205 -3.06839 0
-23.1366 98.7776 0
-25.1709 -23.6333 0
-10.5532 -9.25249 0
29.5684 209.371 0
4.36249 143.774 62.1492
-122.504 -19.3249 0
-41.0944 -10.4896 2.45708
5.11806 -1.06137 0
-2.68085 -3.47641 0
-2.8076 3.32243 0
-166.214 35.953 0
0.572316 -1.68645 0
-53.9259 46.0721 0
-103.604 17.866 58.604
-24.4699 -0.300652 0
239.49 101.275 96.5653
2.27444 4.38525 0
-5.20699 -0.617604 0
-83.5056 38.6672 0
0.805389 1.25471 0
-36.1918 -46.1844 0
51.1842 236.137 374.75
-38.7148 -12.0563 0
1.57637 -1.77379 0
-61.131 149.076 0
-9.01523 -111.988 10.8568
3.07944 -2.87162 0
-2.48539 0.969192 0
204.684 -84.4601 0
-2.07236 -4.04589 0
2.05736 -1.61432 0
0.349763 1.98142 0
-4.12357 1.39823 0
0.651423 -1.8678 0
0.67537 -1.94361 0
76.4163 51.0292 120.348
-82.2705 61.3943 9.71273
111.32 -3.48924 0
-4.59595 -1.93849 0
2.61295 -111.128 0
3.47212 2.19267 0
-355.909 -30.44 160.118
-112.372 -108.243 0
-165.061 -115.377 0
123.392 -15.1545 29.043
-2.09341 1.56423 0
-98.7554 17.9724 60.519
-66.7282 -5.4648 0
-6.6852 2.57879 0
-2.32395 0.713422 0
-9.18275 -0.514959 0
-4.15991 -1.71679 0
-42.3128 1.11791 0
32.1223 54.9533 7.31055
-130.745 -107.193 43.0953
146.868 -96.4369 32.0672
1.5424 1.32228 0
1.58744 1.88632 0
-32.4007 -79.8837 29.1154
1.52883 -7.73334 0
1.983 -18.868 0
-2.10649 4.60937 0
-111.644 -17.6311 6.82578
-40.8676 12.394 47.3649
2.0523 0.856938 0
-189.742 51.9358 401.302
40.1821 18.4999 0
2.39386 -0.192949 0
119.55 -305.505 0
-7.62188 -7.75568 0
-134.42 8.32657 199.522
145.745 -60.5244 0
15.2629 19.0213 0
-0.171223 2.53711 0
3.03532 -1.73447 0
-5.40391 -7.73126 0
-24.6087 -39.3801 0
0.0839005 1.78759 0
0.55519 1.6992 0
-103.233 -4.21577 65.1413
-24.4701 0.301639 0
-12.4041 42.6184 0
-179.043 -3.58308 25.2334
-2.48746 -8.52639 0
3.00656 3.3929 0
43.0908 -326.274 106.492
60.7734 -41.3691 14.5609
-19.3078 13.7424 0
-85.7972 -104.473 0
31.6712 36.1755 0
-11.9283 12.089 0
-2.10871 8.44982 0
40.6473 24.6423 0
-15.9988 -5.28204 0
-2.10455 0.0591553 0
-225.544 124.719 0
-33.6211 12.664 0
-50.8819 -24.8419 0
-62.8717 36.588 0
-73.2453 81.4356 5.67059
50.104 1.72628 0
-117.038 -134.074 0
24.1953 2.29044 0
-1.48904 14.9623 0
42.4203 -21.5899 0
16.1291 2.64065 0
11.7215 354.07 238.032
-9.11499 -19.9149 5.72866
2.39667 0.51327 0
-4.97384 -15.0201 0
-3.66149 1.40977 0
0.297738 -3.8636 0
0.861937 -3.31497 0
-2.28188 -19.2515 0
1.01264 -4.12283 0
-0.253403 10.1022 0
2.55885 -1.33373 0
-86.0097 -143.763 40.5274
4.63925 159.643 44.6023
10.7274 3.37435 0
51.8554 110.247 0
-4.13281 21.9567 0
0.284299 -1.37957 0
0.300027 -117.875 145.449
0.992878 -86.3207 0
49.6002 73.7182 91.8075
12.7208 0.24883 0
-1.72922 10.3553 0
103.029 -220.702 120.925
2.26886 0.576104 0
-1.86696 -0.381431 0
96.5507 -130.004 63.0717
41.1889 26.0263 0
0.300571 -0.300572 32.0565
0.3 -0.300075 141.539
0.300763 -0.301863 36.2894
8.09699 -1.82538 0
-8.35399 17.3578 0
116.248 35.3724 70.6945
8.71955 2.87361 0
-15.8488 2.44136 0
122.776 -211.506 0
40.252 16.0961 15.5336
34.1286 52.107 0
10.8883 -148.884 0
16.1442 132.73 18.2547
0.301061 24.4881 0
5.29559 -0.630698 0
1.52891 2.42758 0
11.8415 22.9815 0
86.5059 -56.6978 41.1612
4.65392 -76.8529 0
-10.0367 13.4011 0
16.0298 13.794 0
-30.5324 -8.68404 0
2.68909 -0.364135 0
18.5216 -98.6349 58.7916
-0.686186 -54.0191 0
-34.2331 -53.9598 0
-34.8252 -0.691654 0
-215.808 -331.681 287.182
-17.6888 70.5745 25.4234
66.7908 82.4806 0
11.867 9.90411 0
102.78 -172.128 104.542
55.246 78.8817 0
0.300001 -1.25557e-06 32.0862
0.300101 2.89733e-05 141.637
0.300301 -0.000259412 36.3738
4.32275 -3.21619 0
-4.7389 14.4002 0
-4.48369 0.377165 0
8.99466 -0.987232 0
25.9676 4.36451 0
4.8426 7.95453 0
86.4831 132.353 101.285
13.1942 28.1038 0
2.00666 -1.11183 0
17.5083 111.497 32.1794
-7.66612 64.5103 26.4904
-2.59644 -0.306774 0
-0.15799 -0.139571 0
1.55507 -4.67575 0
8.93909 114.258 0
2.2248 -8.34026 0
-0.697916 1.44313 0
-4.36014 0.0600311 0
67.8854 157.925 0
1.18885 16.7783 0
18.2695 -98.9821 60.4548
9.32877 -16.7523 8.1232
-5.28102 -2.15415 0
10.6358 11.4891 0
3.5115 9.78228 0
-113.314 4.67301 100.439
0.514914 -58.7408 0
2.2447 -1.29591 0
-3.10838 -38.4234 0
-25.1236 -26.5509 0
0.300104 0.29998 32.0565
0.300462 0.300208 141.54
0.300201 0.300243 36.2875
-28.79 135.962 0
-403.631 -198.439 0
-139.508 -45.762 54.6086
-1.71498 -17.7083 0
-23.4442 -48.3665 0
88.6028 73.7685 73.7923
8.88877 5.8915 0
-130.382 -15.597 324.607
30.7855 34.5791 0
0.300548 143.01 134.042
-0.392794 86.3216 0
0.237044 -2.96295 0
-1.11004 -1.22909 0
-3.41589 -35.0124 0
5.81286 -3.61977 0
2.64796 78.4601 0
2.48261 1.76556 0
171.339 62.598 81.4289
1.27342 -1.82348 0
0.304747 3.41822 0
9.06774 -2.96032 0
-39.988 -10.0141 0
2.83746 4.54807 0
-2.95806 -4.6845 0
25.776 -4.47957 315.732
1.82797 -1.53673 0
12.0695 -129.674 49.3582
-5.8947 -22.3111 0
-36.8552 73.0084 0
338.689 504.734 137.652
3.19242 -3.15049 0
-138.054 -144.966 26.782
36.8116 33.6593 0
1.92645 -1.97248 0
-4.91236 -4.18762 0
8.32684 -4.88693 0
3.466 -2.84834 0
-37.9942 230.297 0
-8.11134 -4.13328 0
-24.2671 7.30465 0
406.254 -199.647 21.2207
8.28587 -7.70311 0
12.0455 -9.17947 0
0.630154 7.11077 0
1.16945 -2.80977 0
1.81555 -3.28358 0
-22.1263 -66.1623 0
4.64852 5.22999 0
-2.63047 1.56945 0
37.4611 -11.8614 0
2.22398 -1.16955 0
2.1913 0.0330651 0
-136.775 372.756 0
138.014 15.9109 17.2099
80.6265 4.33749 0
-26.4577 -24.4746 0
-99.9214 -95.672 0
84.091 347.156 7.13856
-114.757 -228.553 271.693
-285.348 -7.8816 9.28375
-172.845 -35.3846 8.121
35.8069 64.653 0
8.13805 6.19984 0
9.11823 9.3722 0
-99.0989 -260.803 116.903
-0.339865 -1.79517 0
80.758 282.234 156.814
0.183261 0.148392 0
275.866 325.889 348.477
-195.319 -140.658 6.10826
-0.369684 1.20248 0
2.61174 0.699934 0
20.5249 -251.037 0
148.982 -56.7537 407.976
1.56087 -2.23323 0
104.728 37.6607 0
-0.968651 100.316 10.4056
63.323 44.0983 116.161
1.98861 -1.46025 0
-72.1576 11.7973 0
-2.96272 -2.67707 0
2.00554 0.0048405 0
-0.927748 12.9546 0
0.297204 -2.30034 0
35.6357 113.598 78.7257
-45.2615 105.446 137.32
133.144 15.848 18.3367
71.0543 0.321016 0
-101.752 -32.51 0
2.75959 0.418042 0
17.7458 -1.52333 0
0.89262 -8.15502 0
73.7526 -15.2781 0
-310.03 291.347 56.3855
-75.4877 -39.7217 0
-40.7877 -10.0983 0
115.166 194.401 0
1.26371 -1.80608 0
4.243 6.69914 0
121.752 -207.674 84.3384
-47.0338 -48.3882 0
-82.0909 -40.2561 0
11.3376 6.65657 0
14.003 71.0922 0
112.906 -116.535 0
1.25088 -1.85909 0
4.52703 0.778045 0
179.125 120.506 0
-574.307 474.549 538.144
7.87887 -7.26752 0
392.307 -208.328 133.909
1.95246 1.76877 0
-0.0614434 6.79556 0
3.60503 -3.69543 0
-215.933 199.139 29.8749
5.0389 -26.3387 0
245.417 179.935 113.724
3.0119 -46.68 0
1.52034 4.04804 0
138.651 -5.40467 19.1931
50.2316 2.41508 0
-131.208 209.928 32.0963
-1.93133 -3.66259 0
-78.3127 76.8288 48.5466
-124.851 -134.462 0
-72.1912 -196.115 0
4.96941 -5.87798 0
92.6442 42.8989 0
-46.1009 -1.14538 0
-13.4885 -63.8675 211.398
10.7487 8.59602 0
60.0815 101.53 0
-14.6044 -75.8087 0
-62.5758 4.60068 0
28.2329 -6.34155 0
-3.84371 -4.04603 0
-35.5372 -13.3208 0
68.1885 29.6188 0
99.0257 239.137 0
2.16816 -0.545288 0
-35.777 -15.0849 48.3042
-4.3183 3.30824 0
-6.07339 3.2126 0
3.60345 6.59818 0
50.3131 37.3323 25.2398
3.13192 2.71206 0
2.4432 9.17518 0
-45.522 62.6595 128.245
5.04715 -3.89777 0
2.09101 -0.483343 0
-11.0918 144.646 0
1.59632 -2.54488 0
3.39523 -5.69048 0
-3.83745 1.93084 0
29.1401 -70.2473 0
55.9837 -108.259 0
7.5261 1.39347 0
3.69839 -1.92203 0
-1.36454 -2.2301 0
1.90245 -5.06919 0
32.8052 -31.2313 0
0.043054 8.26425 0
-18.95 -18.2393 0
-10.2418 -9.19908 0
29.9341 208.996 0
4.48508 144.377 61.1463
50.6037 -86.5725 0
-45.0838 40.4858 0
130.083 105.115 0
19.7948 183.428 38.6027
135.036 105.566 0
222.212 283.015 6.10324
4.72348 68.6901 0
2.34147 0.868301 0
-103.309 17.8633 58.6009
-24.4205 -0.300663 0
-0.177392 2.08554 0
-0.1686 1.55566 0
-2.03663 -2.23798 0
-30.0757 -28.4828 0
-128.063 13.573 0
-53.9594 -138.321 0
-2.67384 3.23058 0
-0.138098 1.90439 0
2.55418 -2.11554 0
-62.9845 162.847 0
-64.9504 -91.3163 14.0413
3.58541 -1.21571 0
43.2796 -29.1743 0
27.9438 -18.4951 0
-2.87943 1.92247 0
-0.157523 0.417313 0
113.758 256.143 26.1056
0.848098 -1.77559 0
136.412 13.8783 100.511
2.26715 -0.852095 0
65.9366 67.1763 158.879
-81.9624 61.3526 9.73284
-23.9132 -9.1413 0
19.967 41.4751 0
86.3005 133.779 0
-3.26891 2.01023 0
-6.41381 -6.11026 0
-76.0755 -41.6045 0
-38.9641 -37.1631 0
2.24686 0.357674 0
42.5444 65.3103 0
-98.4518 17.9706 60.5166
-24.1784 0.00112212 0
-4.48733 -0.314602 0
218.403 141.229 0
2.52239 -3.45865 0
54.0993 55.3213 0
-32.577 7.60516 0
39.0172 197.458 12.9359
-0.894553 6.64406 0
-28.3927 -2.35587 0
0.240647 1.83238 0
2.84221 1.20192 0
-32.1218 -79.8327 29.1333
249.42 167.766 0
-83.6995 -66.8888 12.6496
11.2132 -5.31789 0
3.30224 -0.475761 0
1.20975 1.5901 0
73.0065 -99.4585 140.377
52.9994 -35.7699 0
-48.0708 -28.8392 0
-71.1855 -69.4211 10.9074
35.9973 -337.011 0
39.7888 -74.855 0
2.60281 -1.12987 0
2.3917 -29.3601 0
324.686 256.094 100.487
-243.547 -370.89 119.228
-0.146959 1.62169 0
2.15317 -1.07892 0
-14.9597 148.784 12.6956
1.99054 0.402892 0
-201.647 133.59 107.645
-102.943 -4.21274 65.1387
-24.42 0.302157 0
25.404 139.165 104.429
-187.167 -2.09101 18.0577
-1.46898 -18.4075 0
0.26805 -3.98073 0
1.08428 1.57823 0
-30.6883 -58.1019 0
-12.4392 -6.66489 0
-81.463 -11.8743 7.43271
0.709685 1.43448 0
-11.0384 11.4348 0
0.185513 13.6658 0
38.7508 23.2379 0
-31.2461 9.14324 0
0.589619 17.2628 0
-0.128469 -2.15411 0
-0.148645 -0.428073 0
1.93773 10.8901 0
-1.20597 1.50866 0
-88.9758 -53.0853 15.4146
0.134352 -1.45057 0
-107.532 -118.326 0
-96.6306 -66.3948 0
-40.5675 -148.851 123.094
120.917 77.4352 0
142.075 -30.4374 85.3663
17.7284 430.878 29.18
219.142 32.7104 0
2.6436 1.75594 0
1.0767 94.7019 0
64.2599 187.516 236.298
0.600784 -3.85387 0
6.14966 -1.32296 0
-1.99465 -19.2381 0
3.2878 -12.9621 0
-2.72368 8.25274 0
3.39331 -4.88001 0
-0.459216 0.185513 0
4.89596 7.07631 0
64.6555 195.818 86.7603
-0.393243 41.6392 0
42.1119 215.046 139.284
-0.539012 -2.16232 0
0.600107 -117.929 145.417
1.29967 -86.3128 0
-1.67698 2.2231 0
0.0151363 -3.36851 0
-0.264279 3.52689 0
-44.751 -268.333 110.143
0.728162 16.423 0
-5.78759 -50.2013 321.965
-107.191 -108.747 230.13
-13.6383 -6.03399 0
0.60106 -0.300605 32.0529
0.600017 -0.300075 141.534
0.600901 -0.300756 36.2829
-16.5857 -6.99608 0
13.4745 -12.8851 0
-9.56628 22.5817 0
6.78775 4.97546 0
7.50726 5.69447 0
-3.26099 1.8925 0
-12.2629 153.378 58.6696
163.841 -64.5855 251.522
10.1063 -146.645 0
16.4384 132.797 18.2112
-2.99493 82.4988 0
-14.8945 0.205795 0
1.29634 2.57207 0
2.44445 6.9515 0
-15.6651 -21.0815 0
-1.85935 74.5669 0
81.6554 29.5894 76.0964
34.2036 70.9018 0
-83.4676 -14.6887 158.768
3.06412 -1.88901 0
18.8204 -98.7218 58.7657
-0.380656 -53.81 0
-0.249795 1.46504 0
2.35609 -0.875101 0
90.0578 4.9774 142.622
-5.25049 4.52724 0
-15.5768 -31.4672 0
573.009 -72.0837 192.608
16.7041 -0.400705 0
0.278254 -3.01065 0
0.600003 -9.3215e-07 32.082
0.600016 1.54965e-08 141.632
0.600104 -3.65802e-06 36.3686
21.3702 -23.8818 0
20.4408 -10.7679 0
23.6738 -7.5486 0
5.36281 3.72258 0
23.968 23.0426 0
-32.4495 -38.622 0
-5.35418 -49.5112 0
-88.1292 15.7059 91.767
-0.218983 2.56307 0
17.8074 111.58 32.1414
-7.36145 64.4848 26.4945
-10.587 8.3534 0
9.98412 28.653 0
0.431149 25.0098 0
2.09536 1.8097 0
145.845 -61.5687 0
0.403592 4.6467 0
-1.9529 -20.3712 0
284.526 -164.245 63.7112
101.825 136.849 42.2863
18.5618 -99.0631 60.4201
10.5486 -15.6687 7.38433
0.520018 -8.38832 0
-0.0164017 3.40606 0
47.2272 113.421 0
-9.16717 -0.633028 0
-20.976 -88.8769 0
-1.57205 17.9133 0
-10.8544 -27.1979 0
-47.0396 46.239 0
0.600367 0.299985 32.0528
0.600193 0.300041 141.535
0.600952 0.300201 36.2831
2.65046 5.23374 0
-0.683773 -2.14499 0
2.63869 -0.223274 0
-33.5602 -30.9691 0
102.584 3.29981 28.5798
181.439 -255.044 53.9522
-8.06386 -150.985 18.2396
4.75025 0.707356 0
-32.5293 105.875 0
0.600097 143.058 134.004
-0.0929272 86.3186 0
0.53973 -2.94375 0
-1.6165 -1.53592 0
-26.5972 -15.0255 0
2.64706 -35.588 0
-2.34048 1.43984 0
37.3103 -0.460253 0
-1320.46 -561.667 577.047
-162.946 -64.8134 43.8401
0.606631 3.4166 0
-2.08106 6.03919 0
1.52969 6.20126 0
8.38679 4.9432 0
-2.49079 -4.17751 0
-67.2679 -11.424 0
11.5572 5.26121 0
-54.298 -139.391 91.1192
-62.3451 -26.4062 0
14.0737 -11.2821 0
2.07959 -1.20187 0
2.36465 0.145456 0
-119.063 -98.9541 0
-12.6325 118.612 12.0803
1.37415 -2.18096 0
4.2261 -7.8401 0
11.6868 -10.5824 0
0.524445 91.4285 495.96
-38.1873 -94.4106 46.5174
-5.64319 121.298 2.85342
3.32798 -7.17131 0
2.33191 -0.477695 0
7.97409 -7.5876 0
12.3764 -9.24621 0
-2.86028 10.405 0
-4.90078 -6.08294 0
2.88438 -58.9391 0
18.5354 -0.99866 0
1.43026 -3.33324 0
183.281 -54.103 53.8525
243.218 -4.32116 1.67173
3.071 1.12735 0
22.2592 17.1501 0
38.9865 -157.08 12.2623
-163.901 107.862 26.1008
84.7876 -1.31449 0
-65.4718 45.006 0
-33.218 2.55011 0
-229.755 232.217 99.3225
9.39502 -2.17382 0
273.327 74.194 88.2155
-5.28337 9.98188 0
60.9119 -11.8758 0
13.0517 -8.69778 0
12.3934 12.6793 0
74.3002 240.057 0
50.5268 -207.57 0
-123.987 62.23 155.499
-0.0848816 1.79298 0
-41.9239 -9.34645 0
-43.2698 44.3041 0
1.86302 1.35682 0
2.196 -2.07679 0
0.0126551 3.34134 0
-2.13798 0.168877 0
2.18384 -0.471221 0
7.3942 -3.50048 0
-238.922 185.413 129.813
-8.67394 3.16214 0
2.56416 -0.31819 0
-22.4112 2.66185 0
-9.4116 30.2757 0
1.88983 -1.94693 0
-3.61041 3.90357 0
-172.491 50.4879 9.87729
2.53812 -2.13987 0
-0.825164 3.48856 0
-96.4863 97.6175 67.7186
91.2611 0.869973 0
6.65428 -155.71 17.3135
11.9237 -105.819 0
2.01669 0.256908 0
1.41242 -5.0646 0
3.16323 -1.29151 0
92.7038 6.92523 63.5937
137.793 124.027 43.3351
-325.095 248.862 90.3305
29.6 15.3184 0
218.996 220.892 155.295
-297.863 -59.1297 132.861
-167.719 132.771 57.0173
-0.817543 -2.86493 0
-58.7559 -66.0429 45.8055
-162.951 32.8885 0
43.1823 77.9291 0
23.0209 3.79349 0
4.24795 27.6027 0
-180.289 -133.982 0
4.59442 -0.322687 0
-250.332 204.23 164.036
-145.574 107.094 2.82173
737.487 -198.7 228.021
1.24566 1.57882 0
-19.3844 -2.02322 0
35.7819 -352.788 105.623
-0.758965 -205.746 107.46
4.76356 -81.2063 0
-1.42849 -1.48989 0
2.86579 5.67618 0
2.4396 -0.425562 0
-173.196 -7.96517 61.2094
68.892 2.58217 0
176.935 213.734 680.48
3.75157 2.32785 0
1.32248 6.25706 0
0.673123 -1.20646 0
3.19794 -1.39414 0
0.0172481 -66.2956 61.0013
-4.76661 -71.9614 26.1336
-5.34031 254.894 87.6594
1.4644 1.52088 0
11.0821 8.65 0
10.1858 2.73594 0
-110.543 -58.9171 12.0352
1.12002 -5.73188 0
94.2291 107.563 7.70351
159.684 48.1238 0
2.21137 6.40197 0
-48.5654 128.697 284.197
-9.52632 1.53227 0
5.61539 -9.28326 0
-0.771444 -0.457677 0
-4.58813 4.23829 0
-96.7696 86.2612 49.4059
2.25456 0.0175604 0
-0.497877 1.35213 0
-15.0204 30.7109 0
3.00603 2.15691 0
-32.8229 -38.5753 0
52.9893 201.447 31.5833
-14.409 -17.8989 0
161.314 166.739 63.6981
2.28974 -0.697412 0
6.84169 -9.68372 0
-2.6961 -9.36293 0
2.10722 0.255396 0
1.87893 -1.94306 0
27.0935 27.8413 0
2.29419 0.908558 0
6.50552 -15.4553 0
2.14025 -0.41388 0
-94.3505 -88.6319 0
-33.1183 26.6694 0
-1.16693 -1.74843 0
-17.4509 78.4516 129.082
-64.2838 206.421 17.2443
-29.6805 70.2011 0
32.8768 -36.6055 0
-3.11686 18.9079 0
442.797 -252.007 89.2993
2.1214 -0.323745 0
90.6601 60.7637 0
-17.174 -228.423 36.0027
-55.8458 87.6855 110.711
104.571 -0.525064 0
-108.205 17.5759 57.7798
-24.1082 -0.300555 0
-48.5695 -80.282 0
-21.6216 2.71634 0
-0.138715 1.46879 0
7.71535 3.514 0
-52.7704 0.824267 0
-198.509 13.3444 19.2856
9.0421 18.2193 0
202.319 327.155 90.4485
0.677296 1.95072 0
1036.25 -619.772 57.2713
-0.4646 -1.56567 0
-0.591607 -3.62413 0
2.30896 -3.81121 0
8.87064 2.49487 0
-25.0218 -35.0476 0
-499.19 351.361 544.891
2.02148 0.0339261 0
2.11607 -0.916237 0
-0.372996 1.29656 0
-61.2729 42.3428 109.303
-184.04 252.045 300.023
-75.6082 87.8889 0
-0.572582 1.44436 0
83.4183 -42.5996 0
1.17197 -2.42673 0
52.4593 144.675 0
3.08802 4.59644 0
0.187406 -1.82511 0
53.3639 60.7233 0
8.12434 24.2546 130.218
51.8652 1.69691 0
-103.227 17.6842 59.7224
-24.1165 0.000906573 0
-8.44237 -0.237996 0
-42.9489 11.8274 0
3.3638 20.488 0
17.2187 19.5682 0
12.033 0.395527 0
4.48737 1.34832 0
-25.0804 -17.0928 0
-75.6678 -108.985 76.4334
-20.0342 29.6121 37.1518
59.1438 -320.47 91.1732
-27.9114 -112.315 11.3874
-4.36662 4.03374 0
-34.9717 -44.4923 0
-46.0031 -102.972 0
2.30568 3.92936 0
123.962 21.1889 0
64.1688 12.9205 0
-126.739 -104.802 103.608
-614.198 -29.2725 294.529
1.38637 -1.57313 0
-74.7921 -75.5164 162.606
52.4249 -19.8587 0
101.771 269.148 119.549
64.7249 -38.8453 0
1.83387 5.04441 0
13.046 -6.71901 0
12.2279 1.42356 0
7.20383 -1.72151 0
51.6841 -220.123 0
-1.1987 -2.07651 0
21.7263 1.8069 0
-108.082 -4.17691 64.235
-24.1071 0.301943 0
-32.2519 -73.3971 0
-105.25 16.5221 0
-169.184 -243.812 0
-102.98 -70.791 2.64683
-16.798 19.9764 71.683
15.0811 -3.26354 0
-35.7113 -15.6734 0
237.817 243.525 205.871
0.396101 1.82811 0
-0.737516 0.471989 0
-268.23 103.359 33.6298
9.81619 18.8509 0
2.71016 12.3692 0
2.87454 1.90398 0
-8.15182 -0.767195 0
2.34689 0.224988 0
16.7408 5.9436 0
-70.3664 11.0108 0
-7.82788 -18.6071 0
-359.05 213.603 1.13067
-91.2087 -94.1041 0
-2.90743 -3.21253 0
2.5352 0.0423092 0
0.822503 31.825 0
29.5331 84.2683 0
-52.7104 127.886 192.565
1.9588 0.594173 0
12.2991 17.6557 0
1.02918 1.69405 0
-137.992 -17.959 0
0.904078 -3.43088 0
2.08481 -0.292322 0
-1.86531 -19.5397 0
-0.226184 -1.65903 0
-190.367 -70.1499 84.7138
0.413597 -1.87211 0
7.61415 -49.2285 0
7.49346 4.51395 0
0.653854 -2.80126 0
0.53647 -9.49427 0
5.13992 28.5493 0
0.515152 -1.90577 0
0.900981 -142.346 129.027
0.900934 -82.6965 0
2.78681 1.06479 0
0.857501 -2.80477 0
5.29514 -4.72708 0
-15.0642 -14.1342 0
4.5895 -3.42155 0
-9.20049 -74.4895 0
2.00999 -2.46282 0
2.85666 -0.674994 0
0.900246 -0.30014 32.0482
0.900202 -0.300107 141.008
0.900574 -0.300227 35.8224
-67.3669 -7.73195 0
-7.23033 -1.3321 0
-95.2024 43.2231 44.0532
27.3632 3.37631 0
-4.48313 10.6645 0
3.87515 1.11847 0
-14.9862 48.0357 0
-0.193951 5.92577 0
-0.537372 5.36637 0
-4.40439 157.211 11.1098
0.901304 24.6825 0
10.6 13.3781 0
178.644 5.61138 0
-28.9401 -24.3804 0
-8.67006 12.6146 0
-3.72787 0.761472 0
-59.9384 117.524 0
-6.02458 -19.6074 0
-4.56187 -41.7726 0
2.55585 1.61378 0
-3.13723 -125.225 58.8569
-0.0712158 -58.542 0
-15.7241 9.49618 0
-8.59126 -184.299 9.05093
-17.2576 37.27 0
3.42605 -5.99668 0
-39.3481 23.4288 0
6.07675 -5.09555 0
1.16079 -2.11812 0
1.99088 -1.81675 0
0.900128 -1.4338e-06 32.0555
0.900188 -3.61173e-08 141.123
0.900796 -2.02429e-06 35.9232
15.1613 -48.1922 18.1107
-1.21166 -1.70947 0
-34.4503 -16.7101 0
-241.493 63.1869 93.5152
-66.3123 -11.3751 96.7512
221.443 -169.219 21.7598
44.7801 -40.1355 77.693
9.96155 -10.438 0
2.4373 -2.0571 0
-6.77005 82.3986 58.5711
-6.82869 65.6151 23.5652
-0.3334 1.25397 0
-100.066 6.45467 17.5247
-1.61103 -13.4075 0
-22.9236 23.7568 0
-81.495 153.291 7.03759
0.383408 -2.43342 0
2.72941 17.6013 0
1.62202 1.32215 0
2.60332 15.2438 0
-3.17161 -125.55 60.8144
2.2522 -19.0035 9.04072
-54.3336 -41.7181 0
3.15046 2.25449 0
-88.0815 28.8323 0
4.56072 0.207902 0
0.660656 -2.46529 0
-1.88255 -1.43225 0
16.1482 -126.736 0
0.923018 1.99492 0
0.901197 0.299989 32.0497
0.900378 0.300072 141.009
0.901922 0.300214 35.8244
-14.7689 21.7709 1.26976
0.70373 -4.95918 0
-60.9984 -55.0173 0
1.37505 1.53486 0
-38.1214 23.9343 0
-3.67926 5.28979 0
-12.4721 -75.9738 2.24069
2.11104 1.01955 0
-0.724467 1.82894 0
0.90098 165.166 115.353
0.171734 87.8058 0
-3.15867 -4.60359 0
-11.2133 -26.1476 0
-5.90187 -0.638537 0
-3.42053 -3.99255 0
18.4074 12.6051 0
-27.1204 -117.449 0
-74.6773 42.0089 0
0.604719 1.54431 0
0.909739 3.41765 0
62.9756 274.559 127.272
0.594585 7.448 0
-44.17 82.4003 0
-125.243 6.99754 58.2263
1.30638 1.33868 0
-2.38785 0.613695 0
123.372 -32.1213 0
22.2623 -260.9 13.5345
-5.90401 -3.62069 0
2.99453 -0.075046 0
0.833907 1.70773 0
-222.901 52.3493 0
87.4289 81.5123 0
1.9943 -3.15327 0
-56.0284 29.3868 0
2.0752 -1.39819 0
12.6731 -116.422 0
-2.87844 -10.7547 0
0.497198 -2.44761 0
0.308598 -2.29929 0
0.446798 -1.79409 0
2.45067 -0.632678 0
189.237 -163.632 206.663
0.167867 1.83397 0
0.551753 6.51382 0
7.46455 -8.16097 0
126.952 -156.63 5.72055
-28.9869 -43.3343 146.19
21.6743 -57.5192 0
177.471 80.735 0
0.931822 2.19408 0
-45.8309 -97.5589 0
119.293 25.3343 0
165.85 -0.300054 115.29
94.2047 -0.299106 0
-8.82391 0.826182 0
0.536961 -2.8192 25.4131
159.799 77.2763 0
50.4075 29.3871 0
-22.5272 -44.3155 45.4179
22.7975 8.19978 0
0.144601 1.46215 0
-59.2573 43.9396 0
2.27305 0.758585 0
1.90582 2.79132 0
-117.566 144.593 0
-110.998 84.7934 0
33.8626 -6.27186 0
-80.0814 -8.57142 0
-135.273 79.1363 0
34.0615 -173.055 0
-52.5043 -50.1339 0
3.22882 -0.117185 0
-25.2798 -17.0714 0
77.0068 -136.998 23.274
14.778 -15.237 0
-266.364 413.749 40.8745
-6.47899 29.5413 0
-10.0911 3.25769 0
5.5601 -1.76479 0
132.491 -129.161 0
-47.7778 20.9924 0
-4.77688 13.3297 0
0.81969 2.5421 0
4.0299 4.12876 0
-0.598341 -2.51107 0
165.716 1.07819e-05 115.416
94.2261 0.00713755 0
-4.47713 -0.185909 0
-1.42152 -1.55362 0
2.56506 -3.18571 0
-51.6179 -6.96516 5.67548
180.225 -73.1507 143.891
-41.0039 -33.851 0
1.74585 3.23193 0
-133.405 169.276 126.517
-100.522 -11.8167 9.39536
11.2235 13.6071 0
-40.1701 79.3856 0
-79.793 -53.2335 0
10.5422 6.2585 0
2.22116 -0.530912 0
-103.568 -50.8454 0
-70.9062 -55.8011 44.0002
3.00043 42.5003 0
-228.435 36.9036 195.334
-148.138 49.4503 27.193
1.82097 0.840583 0
1.23398 -2.24998 0
-1.24841 -1.62743 0
-117.078 24.1661 0
-14.1339 0.69275 0
2.05992 0.437552 0
-3.35924 -15.5044 0
-71.4575 -140.274 0
29.909 39.1251 0
-21.7529 -36.1215 0
168.242 119.635 0
-0.419923 -1.43562 0
165.85 0.300063 115.29
94.2249 0.313454 0
-8.83517 -1.34624 0
29.667 -182.903 11.0583
37.4925 -61.4941 0
-2.72498 5.44346 0
-0.900596 -1.87853 0
-0.693496 2.12185 0
-2.80614 6.86533 0
-5.80844 5.61733 0
1.53133 1.44654 0
-5.14249 10.4541 0
2.43479 1.81145 0
133.911 154.3 0
15.3571 14.0748 0
10.3118 -0.789286 0
6.23495 -0.364068 0
48.1117 39.5675 82.5585
8.31431 64.3365 0
187.317 24.4327 0
-20.4816 13.8991 0
2.52119 -0.1882 0
-1.08782 1.46378 0
90.2054 -79.8504 0
-52.5694 -123.26 0
1.36292 7.54718 0
-9.02584 -20.3509 0
2.57555 0.527467 0
-3.87705 -5.77427 0
17.678 -1.48495 0
1.28412 1.36031 0
1.32405 -2.49692 0
VERTICES 2541 5082
1 0
1 1
1 2
1 3
1 4
1 5
1 6
1 7
1 8
1 9
1 10
1 11
1 12
1 13
1 14
1 15
1 16
1 17
1 18
1 19
1 20
1 21
1 22
1 23
1 24
1 25
1 26
1 27
1 28
1 29
1 30
1 31
1 32
1 33
1 34
1 35
1 36
1 37
1 38
1 39
1 40
1 41
1 42
1 43
1 44
1 45
1 46
1 47
1 48
1 49
1 50
1 51
1 52
1 53
1 54
1 55
1 56
1 57
1 58
1 59
1 60
1 61
1 62
1 63
1 64
1 65
1 66
1 67
1 68
1 69
1 70
1 71
1 72
1 73
1 74
1 75
1 76
1 77
1 78
1 79
1 80
1 81
1 82
1 83
1 84
1 85
1 86
1 87
1 88
1 89
1 90
1 91
1 92
1 93
1 94
1 95
1 96
1 97
1 98
1 99
1 100
1 101
1 102
1 103
1 104
1 105
1 106
1 107
1 108
1 109
1 110
1 111
1 112
1 113
1 114
1 115
1 116
1 117
1 118
1 119
1 120
1 121
1 122
1 123
1 124
1 125
1 126
1 127
1 128
1 129
1 130
1 131
1 132
1 133
1 134
1 135
1 136
1 137
1 138
1 139
1 140
1 141
1 142
1 143
1 144
1 145
1 146
1 147
1 148
1 149
1 150
1 151
1 152
1 153
1 154
1 155
1 156
1 157
1 158
1 159
1 160
1 161
1 162
1 163
1 164
1 165
1 166
1 167
1 168
1 169
1 170
1 171
1 172
1 173
1 174
1 175
1 176
1 177
1 178
1 179
1 180
1 181
1 182
1 183
1 184
1 185
1 186
1 187
1 188
1 189
1 190
1 191
1 192
1 193
1 194
1 195
1 196
1 197
1 198
1 199
1 200
1 201
1 202
1 203
1 204
1 205
1 206
1 207
1 208
1 209
1 210
1 211
1 212
1 213
1 214
1 215
1 216
1 217
1 218
1 219
1 220
1 221
1 222
1 223
1 224
1 225
1 226
1 227
1 228
1 229
1 230
1 231
1 232
1 233
1 234
1 235
1 236
1 237
1 238
1 239
1 240
1 241
1 242
1 243
1 244
1 245
1 246
1 247
1 248
1 249
1 250
1 251
1 252
1 253
1 254
1 255
1 256
1 257
1 258
1 259
1 260
1 261
1 262
1 263
1 264
1 265
1 266
1 267
1 268
1 269
1 270
1 271
1 272
1 273
1 274
1 275
1 276
1 277
1 278
1 279
1 280
1 281
1 282
1 283
1 284
1 285
1 286
1 287
1 288
1 289
1 290
1 291
1 292
1 293
1 294
1 295
1 296
1 297
1 298
1 299
1 300
1 301
1 302
1 303
1 304
1 305
1 306
1 307
1 308
1 309
1 310
1 311
1 312
1 313
1 314
1 315
1 316
1 317
1 318
1 319
1 320
1 321
1 322
1 323
1 324
1 325
1 326
1 327
1 328
1 329
1 330
1 331
1 332
1 333
1 334
1 335
1 336
1 337
1 338
1 339
1 340
1 341
1 342
1 343
1 344
1 345
1 346
1 347
1 348
1 349
1 350
1 351
1 352
1 353
1 354
1 355
1 356
1 357
1 358
1 359
1 360
1 361
1 362
1 363
1 364
1 365
1 366
1 367
1 368
1 369
1 370
1 371
1 372
1 373
1 374
1 375
1 376
1 377
1 378
1 379
1 380
1 381
1 382
1 383
1 384
1 385
1 386
1 387
1 388
1 389
1 390
1 391
1 392
1 393
1 394
1 395
1 396
1 397
1 398
1 399
1 400
1 401
1 402
1 403
1 404
1 405
1 406
1 407
1 408
1 409
1 410
1 411
1 412
1 413
1 414
1 415
1 416
1 417
1 418
1 419
1 420
1 421
1 422
1 423
1 424
1 425
1 426
1 427
1 428
1 429
1 430
1 431
1 432
1 433
1 434
1 435
1 436
1 437
1 438
1 439
1 440
1 441
1 442
1 443
1 444
1 445
1 446
1 447
1 448
1 449
1 450
1 451
1 452
1 453
1 454
1 455
1 456
1 457
1 458
1 459
1 460
1 461
1 462
1 463
1 464
1 465
1 466
1 467
1 468
1 469
1 470
1 471
1 472
1 473
1 474
1 475
1 476
1 477
1 478
1 479
1 480
1 481
1 482
1 483
1 484
1 485
1 486
1 487
1 488
1 489
1 490
1 491
1 492
1 493
1 494
1 495
1 496
1 497
1 498
1 499
1 500
1 501
1 502
1 503
1 504
1 505
1 506
1 507
1 508
1 509
1 510
1 511
1 512
1 513
1 514
1 515
1 516
1 517
1 518
1 519
1 520
1 521
1 522
1 523
1 524
1 525
1 526
1 527
1 528
1 529
1 530
1 531
1 532
1 533
1 534
1 535
1 536
1 537
1 538
1 539
1 540
1 541
1 542
1 543
1 544
1 545
1 546
1 547
1 548
1 549
1 550
1 551
1 552
1 553
1 554
1 555
1 556
1 557
1 558
1 559
1 560
1 561
1 562
1 563
1 564
1 565
1 566
1 567
1 568
1 569
1 570
1 571
1 572
1 573
1 574
1 575
1 576
1 577
1 578
1 579
1 580
1 581
1 582
1 583
1 584
1 585
1 586
1 587
1 588
1 589
1 590
1 591
1 592
1 593
1 594
1 595
1 596
1 597
1 598
1 599
1 600
1 601
1 602
1 603
1 604
1 605
1 606
1 607
1 608
1 609
1 610
1 611
1 612
1 613
1 614
1 615
1 616
1 617
1 618
1 619
1 620
1 621
1 622
1 623
1 624
1 625
1 626
1 627
1 628
1 629
1 630
1 631
1 632
1 633
1 634
1 635
1 636
1 637
1 638
1 639
1 640
1 641
1 642
1 643
1 644
1 645
1 646
1 647
1 648
1 649
1 650
1 651
1 652
1 653
1 654
1 655
1 656
1 657
1 658
1 659
1 660
1 661
1 662
1 663
1 664
1 665
1 666
1 667
1 668
1 669
1 670
1 671
1 672
1 673
1 674
1 675
1 676
1 677
1 678
1 679
1 680
1 681
1 682
1 683
1 684
1 685
1 686
1 687
1 688
1 689
1 690
1 691
1 692
1 693
1 694
1 695
1 696
1 697
1 698
1 699
1 700
1 701
1 702
1 703
1 704
1 705
1 706
1 707
1 708
1 709
1 710
1 711
1 712
1 713
1 714
1 715
1 716
1 717
1 718
1 719
1 720
1 721
1 722
1 723
1 724
1 725
1 726
1 727
1 728
1 729
1 730
1 731
1 732
1 733
1 734
1 735
1 736
1 737
1 738
1 739
1 740
1 741
1 742
1 743
1 744
1 745
1 746
1 747
1 748
1 749
1 750
1 751
1 752
1 753
1 754
1 755
1 756
1 757
1 758
1 759
1 760
1 761
1 762
1 763
1 764
1 765
1 766
1 767
1 768
1 769
1 770
1 771
1 772
1 773
1 774
1 775
1 776
1 777
1 778
1 779
1 780
1 781
1 782
1 783
1 784
1 785
1 786
1 787
1 788
1 789
1 790
1 791
1 792
1 793
1 794
1 795
1 796
1 797
1 798
1 799
1 800
1 801
1 802
1 803
1 804
1 805
1 806
1 807
1 808
1 809
1 810
1 811
1 812
1 813
1 814
1 815
1 816
1 817
1 818
1 819
1 820
1 821
1 822
1 823
1 824
1 825
1 826
1 827
1 828
1 829
1 830
1 831
1 832
1 833
1 834
1 835
1 836
1 837
1 838
1 839
1 840
1 841
1 842
1 843
1 844
1 845
1 846
1 847
1 848
1 849
1 850
1 851
1 852
1 853
1 854
1 855
1 856
1 857
1 858
1 859
1 860
1 861
1 862
1 863
1 864
1 865
1 866
1 867
1 868
1 869
1 870
1 871
1 872
1 873
1 874
1 875
1 876
1 877
1 878
1 879
1 880
1 881
1 882
1 883
1 884
1 885
1 886
1 887
1 888
1 889
1 890
1 891
1 892
1 893
1 894
1 895
1 896
1 897
1 898
1 899
1 900
1 901
1 902
1 903
1 904
1 905
1 906
1 907
1 908
1 909
1 910
1 911
1 912
1 913
1 914
1 915
1 916
1 917
1 918
1 919
1 920
1 921
1 922
1 923
1 924
1 925
1 926
1 927
1 928
1 929
1 930
1 931
1 932
1 933
1 934
1 935
1 936
1 937
1 938
1 939
1 940
1 941
1 942
1 943
1 944
1 945
1 946
1 947
1 948
1 949
1 950
1 951
1 952
1 953
1 954
1 955
1 956
1 957
1 958
1 959
1 960
1 961
1 962
1 963
1 964
1 965
1 966
1 967
1 968
1 969
1 970
1 971
1 972
1 973
1 974
1 975
1 976
1 977
1 978
1 979
1 980
1 981
1 982
1 983
1 984
1 985
1 986
1 987
1 988
1 989
1 990
1 991
1 992
1 993
1 994
1 995
1 996
1 997
1 998
1 999
1 1000
1 1001
1 1002
1 1003
1 1004
1 1005
1 1006
1 1007
1 1008
1 1009
1 1010
1 1011
1 1012
1 1013
1 1014
1 1015
1 1016
1 1017
1 1018
1 1019
1 1020
1 1021
1 1022
1 1023
1 1024
1 1025
1 1026
1 1027
1 1028
1 1029
1 1030
1 1031
1 1032
1 1033
1 1034
1 1035
1 1036
1 1037
1 1038
1 1039
1 1040
1 1041
1 1042
1 1043
1 1044
1 1045
1 1046
1 1047
1 1048
1 1049
1 1050
1 1051
1 1052
1 1053
1 1054
1 1055
1 1056
1 1057
1 1058
1 1059
1 1060
1 1061
1 1062
1 1063
1 1064
1 1065
1 1066
1 1067
1 1068
1 1069
1 1070
1 1071
1 1072
1 1073
1 1074
1 1075
1 1076
1 1077
1 1078
1 1079
1 1080
1 1081
1 1082
1 1083
1 1084
1 1085
1 1086
1 1087
1 1088
1 1089
1 1090
1 1091
1 1092
1 1093
1 1094
1 1095
1 1096
1 1097
1 1098
1 1099
1 1100
1 1101
1 1102
1 1103
1 1104
1 1105
1 1106
1 1107
1 1108
1 1109
1 1110
1 1111
1 1112
1 1113
1 1114
1 1115
1 1116
1 1117
1 1118
1 1119
1 1120
1 1121
1 1122
1 1123
1 1124
1 1125
1 1126
1 1127
1 1128
1 1129
1 1130
1 1131
1 1132
1 1133
1 1134
1 1135
1 1136
1 1137
1 1138
1 1139
1 1140
1 1141
1 1142
1 1143
1 1144
1 1145
1 1146
1 1147
1 1148
1 1149
1 1150
1 1151
1 1152
1 1153
1 1154
1 1155
1 1156
1 1157
1 1158
1 1159
1 1160
1 1161
1 1162
1 1163
1 1164
1 1165
1 1166
1 1167
1 1168
1 1169
1 1170
1 1171
1 1172
1 1173
1 1174
1 1175
1 1176
1 1177
1 1178
1 1179
1 1180
1 1181
1 1182
1 1183
1 1184
1 1185
1 1186
1 1187
1 1188
1 1189
1 1190
1 1191
1 1192
1 1193
1 1194
1 1195
1 1196
1 1197
1 1198
1 1199
1 1200
1 1201
1 1202
1 1203
1 1204
1 1205
1 1206
1 1207
1 1208
1 1209
1 1210
1 1211
1 1212
1 1213
1 1214
1 1215
1 1216
1 1217
1 1218
1 1219
1 1220
1 1221
1 1222
1 1223
1 1224
1 1225
1 1226
1 1227
1 1228
1 1229
1 1230
1 1231
1 1232
1 1233
1 1234
1 1235
1 1236
1 1237
1 1238
1 1239
1 1240
1 1241
1 1242
1 1243
1 1244
1 1245
1 1246
1 1247
1 1248
1 1249
1 1250
1 1251
1 1252
1 1253
1 1254
1 1255
1 1256
1 1257
1 1258
1 1259
1 1260
1 1261
1 1262
1 1263
1 1264
1 1265
1 1266
1 1267
1 1268
1 1269
1 1270
1 1271
1 1272
1 1273
1 1274
1 1275
1 1276
1 1277
1 1278
1 1279
1 1280
1 1281
1 1282
1 1283
1 1284
1 1285
1 1286
1 1287
1 1288
1 1289
1 1290
1 1291
1 1292
1 1293
1 1294
1 1295
1 1296
1 1297
1 1298
1 1299
1 1300
1 1301
1 1302
1 1303
1 1304
1 1305
1 1306
1 1307
1 1308
1 1309
1 1310
1 1311
1 1312
1 1313
1 1314
1 1315
1 1316
1 1317
1 1318
1 1319
1 1320
1 1321
1 1322
1 1323
1 1324
1 1325
1 1326
1 1327
1 1328
1 1329
1 1330
1 1331
1 1332
1 1333
1 1334
1 1335
1 1336
1 1337
1 1338
1 1339
1 1340
1 1341
1 1342
1 1343
1 1344
1 1345
1 1346
1 1347
1 1348
1 1349
1 1350
1 1351
1 1352
1 1353
1 1354
1 1355
1 1356
1 1357
1 1358
1 1359
1 1360
1 1361
1 1362
1 1363
1 1364
1 1365
1 1366
1 1367
1 1368
1 1369
1 1370
1 1371
1 1372
1 1373
1 1374
1 1375
1 1376
1 1377
1 1378
1 1379
1 1380
1 1381
1 1382
1 1383
1 1384
1 1385
1 1386
1 1387
1 1388
1 1389
1 1390
1 1391
1 1392
1 1393
1 1394
1 1395
1 1396
1 1397
1 1398
1 1399
1 1400
1 1401
1 1402
1 1403
1 1404
1 1405
1 1406
1 1407
1 1408
1 1409
1 1410
1 1411
1 1412
1 1413
1 1414
1 1415
1 1416
1 1417
1 1418
1 1419
1 1420
1 1421
1 1422
1 1423
1 1424
1 1425
1 1426
1 1427
1 1428
1 1429
1 1430
1 1431
1 1432
1 1433
1 1434
1 1435
1 1436
1 1437
1 1438
1 1439
1 1440
1 1441
1 1442
1 1443
1 1444
1 1445
1 1446
1 1447
1 1448
1 1449
1 1450
1 1451
1 1452
1 1453
1 1454
1 1455
1 1456
1 1457
1 1458
1 1459
1 1460
1 1461
1 1462
1 1463
1 1464
1 1465
1 1466
1 1467
1 1468
1 1469
1 1470
1 1471
1 1472
1 1473
1 1474
1 1475
1 1476
1 1477
1 1478
1 1479
1 1480
1 1481
1 1482
1 1483
1 1484
1 1485
1 1486
1 1487
1 1488
1 1489
1 1490
1 1491
1 1492
1 1493
1 1494
1 1495
1 1496
1 1497
1 1498
1 1499
1 1500
1 1501
1 1502
1 1503
1 1504
1 1505
1 1506
1 1507
1 1508
1 1509
1 1510
1 1511
1 1512
1 1513
1 1514
1 1515
1 1516
1 1517
1 1518
1 1519
1 1520
1 1521
1 1522
1 1523
1 1524
1 1525
1 1526
1 1527
1 1528
1 1529
1 1530
1 1531
1 1532
1 1533
1 1534
1 1535
1 1536
1 1537
1 1538
1 1539
1 1540
1 1541
1 1542
1 1543
1 1544
1 1545
1 1546
1 1547
1 1548
1 1549
1 1550
1 1551
1 1552
1 1553
1 1554
1 1555
1 1556
1 1557
1 1558
1 1559
1 1560
1 1561
1 1562
1 1563
1 1564
1 1565
1 1566
1 1567
1 1568
1 1569
1 1570
1 1571
1 1572
1 1573
1 1574
1 1575
1 1576
1 1577
1 1578
1 1579
1 1580
1 1581
1 1582
1 1583
1 1584
1 1585
1 1586
1 1587
1 1588
1 1589
1 1590
1 1591
1 1592
1 1593
1 1594
1 1595
1 1596
1 1597
1 1598
1 1599
1 1600
1 1601
1 1602
1 1603
1 1604
1 1605
1 1606
1 1607
1 1608
1 1609
1 1610
1 1611
1 1612
1 1613
1 1614
1 1615
1 1616
1 1617
1 1618
1 1619
1 1620
1 1621
1 1622
1 1623
1 1624
1 1625
1 1626
1 1627
1 1628
1 1629
1 1630
1 1631
1 1632
1 1633
1 1634
1 1635
1 1636
1 1637
1 1638
1 1639
1 1640
1 1641
1 1642
1 1643
1 1644
1 1645
1 1646
1 1647
1 1648
1 1649
1 1650
1 1651
1 1652
1 1653
1 1654
1 1655
1 1656
1 1657
1 1658
1 1659
1 1660
1 1661
1 1662
1 1663
1 1664
1 1665
1 1666
1 1667
1 1668
1 1669
1 1670
1 1671
1 1672
1 1673
1 1674
1 1675
1 1676
1 1677
1 1678
1 1679
1 1680
1 1681
1 1682
1 1683
1 1684
1 1685
1 1686
1 1687
1 1688
1 1689
1 1690
1 1691
1 1692
1 1693
1 1694
1 1695
1 1696
1 1697
1 1698
1 1699
1 1700
1 1701
1 1702
1 1703
1 1704
1 1705
1 1706
1 1707
1 1708
1 1709
1 1710
1 1711
1 1712
1 1713
1 1714
1 1715
1 1716
1 1717
1 1718
1 1719
1 1720
1 1721
1 1722
1 1723
1 1724
1 1725
1 1726
1 1727
1 1728
1 1729
1 1730
1 1731
1 1732
1 1733
1 1734
1 1735
1 1736
1 1737
1 1738
1 1739
1 1740
1 1741
1 1742
1 1743
1 1744
1 1745
1 1746
1 1747
1 1748
1 1749
1 1750
1 1751
1 1752
1 1753
1 1754
1 1755
1 1756
1 1757
1 1758
1 1759
1 1760
1 1761
1 1762
1 1763
1 1764
1 1765
1 1766
1 1767
1 1768
1 1769
1 1770
1 1771
1 1772
1 1773
1 1774
1 1775
1 1776
1 1777
1 1778
1 1779
1 1780
1 1781
1 1782
1 1783
1 1784
1 1785
1 1786
1 1787
1 1788
1 1789
1 1790
1 1791
1 1792
1 1793
1 1794
1 1795
1 1796
1 1797
1 1798
1 1799
1 1800
1 1801
1 1802
1 1803
1 1804
1 1805
1 1806
1 1807
1 1808
1 1809
1 1810
1 1811
1 1812
1 1813
1 1814
1 1815
1 1816
1 1817
1 1818
1 1819
1 1820
1 1821
1 1822
1 1823
1 1824
1 1825
1 1826
1 1827
1 1828
1 1829
1 1830
1 1831
1 1832
1 1833
1 1834
1 1835
1 1836
1 1837
1 1838
1 1839
1 1840
1 1841
1 1842
1 1843
1 1844
1 1845
1 1846
1 1847
1 1848
1 1849
1 1850
1 1851
1 1852
1 1853
1 1854
1 1855
1 1856
1 1857
1 1858
1 1859
1 1860
1 1861
1 1862
1 1863
1 1864
1 1865
1 1866
1 1867
1 1868
1 1869
1 1870
1 1871
1 1872
1 1873
1 1874
1 1875
1 1876
1 1877
1 1878
1 1879
1 1880
1 1881
1 1882
1 1883
1 1884
1 1885
1 1886
1 1887
1 1888
1 1889
1 1890
1 1891
1 1892
1 1893
1 1894
1 1895
1 1896
1 1897
1 1898
1 1899
1 1900
1 1901
1 1902
1 1903
1 1904
1 1905
1 1906
1 1907
1 1908
1 1909
1 1910
1 1911
1 1912
1 1913
1 1914
1 1915
1 1916
1 1917
1 1918
1 1919
1 1920
1 1921
1 1922
1 1923
1 1924
1 1925
1 1926
1 1927
1 1928
1 1929
1 1930
1 1931
1 1932
1 1933
1 1934
1 1935
1 1936
1 1937
1 1938
1 1939
1 1940
1 1941
1 1942
1 1943
1 1944
1 1945
1 1946
1 1947
1 1948
1 1949
1 1950
1 1951
1 1952
1 1953
1 1954
1 1955
1 1956
1 1957
1 1958
1 1959
1 1960
1 1961
1 1962
1 1963
1 1964
1 1965
1 1966
1 1967
1 1968
1 1969
1 1970
1 1971
1 1972
1 1973
1 1974
1 1975
1 1976
1 1977
1 1978
1 1979
1 1980
1 1981
1 1982
1 1983
1 1984
1 1985
1 1986
1 1987
1 1988
1 1989
1 1990
1 1991
1 1992
1 1993
1 1994
1 1995
1 1996
1 1997
1 1998
1 1999
1 2000
1 2001
1 2002
1 2003
1 2004
1 2005
1 2006
1 2007
1 2008
1 2009
1 2010
1 2011
1 2012
1 2013
1 2014
1 2015
1 2016
1 2017
1 2018
1 2019
1 2020
1 2021
1 2022
1 2023
1 2024
1 2025
1 2026
1 2027
1 2028
1 2029
1 2030
1 2031
1 2032
1 2033
1 2034
1 2035
1 2036
1 2037
1 2038
1 2039
1 2040
1 2041
1 2042
1 2043
1 2044
1 2045
1 2046
1 2047
1 2048
1 2049
1 2050
1 2051
1 2052
1 2053
1 2054
1 2055
1 2056
1 2057
1 2058
1 2059
1 2060
1 2061
1 2062
1 2063
1 2064
1 2065
1 2066
1 2067
1 2068
1 2069
1 2070
1 2071
1 2072
1 2073
1 2074
1 2075
1 2076
1 2077
1 2078
1 2079
1 2080
1 2081
1 2082
1 2083
1 2084
1 2085
1 2086
1 2087
1 2088
1 2089
1 2090
1 2091
1 2092
1 2093
1 2094
1 2095
1 2096
1 2097
1 2098
1 2099
1 2100
1 2101
1 2102
1 2103
1 2104
1 2105
1 2106
1 2107
1 2108
1 2109
1 2110
1 2111
1 2112
1 2113
1 2114
1 2115
1 2116
1 2117
1 2118
1 2119
1 2120
1 2121
1 2122
1 2123
1 2124
1 2125
1 2126
1 2127
1 2128
1 2129
1 2130
1 2131
1 2132
1 2133
1 2134
1 2135
1 2136
1 2137
1 2138
1 2139
1 2140
1 2141
1 2142
1 2143
1 2144
1 2145
1 2146
1 2147
1 2148
1 2149
1 2150
1 2151
1 2152
1 2153
1 2154
1 2155
1 2156
1 2157
1 2158
1 2159
1 2160
1 2161
1 2162
1 2163
1 2164
1 2165
1 2166
1 2167
1 2168
1 2169
1 2170
1 2171
1 2172
1 2173
1 2174
1 2175
1 2176
1 2177
1 2178
1 2179
1 2180
1 2181
1 2182
1 2183
1 2184
1 2185
1 2186
1 2187
1 2188
1 2189
1 2190
1 2191
1 2192
1 2193
1 2194
1 2195
1 2196
1 2197
1 2198
1 2199
1 2200
1 2201
1 2202
1 2203
1 2204
1 2205
1 2206
1 2207
1 2208
1 2209
1 2210
1 2211
1 2212
1 2213
1 2214
1 2215
1 2216
1 2217
1 2218
1 2219
1 2220
1 2221
1 2222
1 2223
1 2224
1 2225
1 2226
1 2227
1 2228
1 2229
1 2230
1 2231
1 2232
1 2233
1 2234
1 2235
1 2236
1 2237
1 2238
1 2239
1 2240
1 2241
1 2242
1 2243
1 2244
1 2245
1 2246
1 2247
1 2248
1 2249
1 2250
1 2251
1 2252
1 2253
1 2254
1 2255
1 2256
1 2257
1 2258
1 2259
1 2260
1 2261
1 2262
1 2263
1 2264
1 2265
1 2266
1 2267
1 2268
1 2269
1 2270
1 2271
1 2272
1 2273
1 2274
1 2275
1 2276
1 2277
1 2278
1 2279
1 2280
1 2281
1 2282
1 2283
1 2284
1 2285
1 2286
1 2287
1 2288
1 2289
1 2290
1 2291
1 2292
1 2293
1 2294
1 2295
1 2296
1 2297
1 2298
1 2299
1 2300
1 2301
1 2302
1 2303
1 2304
1 2305
1 2306
1 2307
1 2308
1 2309
1 2310
1 2311
1 2312
1 2313
1 2314
1 2315
1 2316
1 2317
1 2318
1 2319
1 2320
1 2321
1 2322
1 2323
1 2324
1 2325
1 2326
1 2327
1 2328
1 2329
1 2330
1 2331
1 2332
1 2333
1 2334
1 2335
1 2336
1 2337
1 2338
1 2339
1 2340
1 2341
1 2342
1 2343
1 2344
1 2345
1 2346
1 2347
1 2348
1 2349
1 2350
1 2351
1 2352
1 2353
1 2354
1 2355
1 2356
1 2357
1 2358
1 2359
1 2360
1 2361
1 2362
1 2363
1 2364
1 2365
1 2366
1 2367
1 2368
1 2369
1 2370
1 2371
1 2372
1 2373
1 2374
1 2375
1 2376
1 2377
1 2378
1 2379
1 2380
1 2381
1 2382
1 2383
1 2384
1 2385
1 2386
1 2387
1 2388
1 2389
1 2390
1 2391
1 2392
1 2393
1 2394
1 2395
1 2396
1 2397
1 2398
1 2399
1 2400
1 2401
1 2402
1 2403
1 2404
1 2405
1 2406
1 2407
1 2408
1 2409
1 2410
1 2411
1 2412
1 2413
1 2414
1 2415
1 2416
1 2417
1 2418
1 2419
1 2420
1 2421
1 2422
1 2423
1 2424
1 2425
1 2426
1 2427
1 2428
1 2429
1 2430
1 2431
1 2432
1 2433
1 2434
1 2435
1 2436
1 2437
1 2438
1 2439
1 2440
1 2441
1 2442
1 2443
1 2444
1 2445
1 2446
1 2447
1 2448
1 2449
1 2450
1 2451
1 2452
1 2453
1 2454
1 2455
1 2456
1 2457
1 2458
1 2459
1 2460
1 2461
1 2462
1 2463
1 2464
1 2465
1 2466
1 2467
1 2468
1 2469
1 2470
1 2471
1 2472
1 2473
1 2474
1 2475
1 2476
1 2477
1 2478
1 2479
1 2480
1 2481
1 2482
1 2483
1 2484
1 2485
1 2486
1 2487
1 2488
1 2489
1 2490
1 2491
1 2492
1 2493
1 2494
1 2495
1 2496
1 2497
1 2498
1 2499
1 2500
1 2501
1 2502
1 2503
1 2504
1 2505
1 2506
1 2507
1 2508
1 2509
1 2510
1 2511
1 2512
1 2513
1 2514
1 2515
1 2516
1 2517
1 2518
1 2519
1 2520
1 2521
1 2522
1 2523
1 2524
1 2525
1 2526
1 2527
1 2528
1 2529
1 2530
1 2531
1 2532
1 2533
1 2534
1 2535
1 2536
1 2537
1 2538
1 2539
1 2540
POINT_DATA 2541
SCALARS density float 1
LOOKUP_TABLE default
500
500
500
500
500
500
500
500
500
500
500
500
500
500
500
500
500
500
500
500
500
500
500
500
500
500
500
500
500
500
500
500
500
500
500
500
500
500
500
500
500
500
500
500
500
500
500
500
500
500
500
500
500
500
500
500
500
500
500
500
500
500
500
500
500
500
500
500
500
500
500
500
500
500
500
500
500
500
500
500
500
500
500
500
500
500
500
500
500
500
500
500
500
500
500
500
500
500
500
500
500
500
500
500
500
500
500
500
500
500
500
500
500
500
500
500
500
500
500
500
500
500
500
500
500
500
500
500
500
500
500
500
500
500
500
500
500
500
500
500
500
500
500
500
500
500
500
500
500
500
500
500
500
500
500
500
500
500
500
500
500
500
500
500
500
500
500
500
500
500
500
500
500
500
500
500
500
500
500
500
500
500
500
500
500
500
500
500
500
500
500
500
500
500
500
500
500
500
500
500
500
500
500
500
500
500
500
500
500
500
500
500
500
500
500
500
500
500
500
500
500
500
500
500
500
500
500
500
500
500
500
500
500
500
500
500
500
500
500
500
500
500
500
500
500
500
500
500
500
500
500
500
500
500
500
500
500
500
500
500
500
500
500
500
500
500
500
500
500
500
500
500
500
500
500
500
500
500
500
500
500
500
500
500
500
500
500
500
500
500
500
500
500
500
500
500
500
500
500
500
500
500
500
500
500
500
500
500
500
500
500
500
500
500
500
500
500
500
500
500
500
500
500
500
500
500
500
500
500
500
500
500
500
500
500
500
500
500
500
500
500
500
500
500
500
500
500
500
500
500
500
500
500
500
500
500
500
500
500
500
500
500
500
500
500
500
500
500
500
500
500
500
500
500
500
500
500
500
500
500
500
500
500
500
500
500
500
500
500
500
500
500
500
500
500
500
500
500
500
500
500
500
500
500
500
500
500
500
500
500
500
500
500
500
500
500
500
500
500
500
500
500
500
500
500
500
500
500
500
500
500
500
500
500
500
500
500
500
500
500
500
500
500
500
500
500
500
500
500
500
500
500
500
500
500
500
500
500
500
500
500
500
500
500
500
500
500
500
500
500
500
500
500
500
500
500
500
500
500
500
500
500
500
500
500
500
500
500
500
500
500
500
500
500
500
500
500
500
500
500
500
500
500
500
500
500
500
500
500
500
500
500
500
500
500
500
500
500
500
500
500
500
500
500
500
500
500
500
500
500
500
500
500
500
500
500
500
500
500
500
500
500
500
500
500
500
500
500
500
500
500
500
500
500
500
500
500
500
500
500
500
500
500
500
500
500
500
500
500
500
500
500
500
500
500
500
500
500
500
500
500
500
500
500
500
500
500
500
500
500
500
500
500
500
500
500
500
500
500
500
500
500
500
500
500
500
500
500
500
500
500
500
500
500
500
500
500
500
500
500
500
500
500
500
500
500
500
500
500
500
500
500
500
500
500
500
500
500
500
500
500
500
500
500
500
500
500
500
500
500
500
500
500
500
500
500
500
500
500
500
500
500
500
500
500
500
500
500
500
500
500
500
500
500
500
500
500
500
500
500
500
500
500
500
500
500
500
500
500
500
500
500
500
500
500
500
500
500
500
500
500
500
500
500
500
500
500
500
500
500
500
500
500
500
500
500
500
500
500
500
500
500
500
500
500
500
500
500
500
500
500
500
500
500
500
500
500
500
500
500
500
500
500
500
500
500
500
500
500
500
500
500
500
500
500
500
500
500
500
500
500
500
500
500
500
500
500
500
500
500
500
500
500
500
500
500
500
500
500
500
500
500
500
500
500
500
500
500
500
500
500
500
500
500
500
500
500
500
500
500
500
500
500
500
500
500
500
500
500
500
500
500
500
500
500
500
500
500
500
500
500
500
500
500
500
500
500
500
500
500
500
500
500
500
500
500
500
500
500
500
500
500
500
500
500
500
500
500
500
500
500
500
500
500
500
500
500
500
500
500
500
500
500
500
500
500
500
500
500
500
500
500
500
500
500
500
500
500
500
500
500
500
500
500
500
500
500
500
500
500
500
500
500
500
500
500
500
500
500
500
500
500
500
500
500
500
500
500
500
500
500
500
500
500
500
500
500
500
500
500
500
500
500
500
500
500
500
500
500
500
500
500
500
500
500
500
500
500
500
500
500
500
500
500
500
500
500
500
500
500
500
500
500
500
500
500
500
500
500
500
500
500
500
500
500
500
500
500
500
500
500
500
500
500
500
500
500
500
500
500
500
500
500
500
500
500
500
500
500
500
500
500
500
500
500
500
500
500
500
500
500
500
500
500
500
500
500
500
500
500
500
500
500
500
500
500
500
500
500
500
500
500
500
500
500
500
500
500
500
500
500
500
500
500
500
500
500
500
500
500
500
500
500
500
500
500
500
500
500
500
500
500
500
500
500
500
500
500
500
500
500
500
500
500
500
500
500
500
500
500
500
500
500
500
500
500
500
500
500
500
500
500
500
500
500
500
500
500
500
500
500
500
500
500
500
500
500
500
500
500
500
500
500
500
500
500
500
500
500
500
500
500
500
500
500
500
500
500
500
500
500
500
500
500
500
500
500
500
500
500
500
500
500
500
500
500
500
500
500
500
500
500
500
500
500
500
500
500
500
500
500
500
500
500
500
500
500
500
500
500
500
500
500
500
500
500
500
500
500
500
500
500
500
500
500
500
500
500
500
500
500
500
500
500
500
500
500
500
500
500
500
500
500
500
500
500
500
500
500
500
500
500
500
500
500
500
500
500
500
500
500
500
500
500
500
500
500
500
500
500
500
500
500
500
500
500
500
500
500
500
500
500
500
500
500
500
500
500
500
500
500
500
500
500
500
500
500
500
500
500
500
500
500
500
500
500
500
500
500
500
500
500
500
500
500
500
500
500
500
500
500
500
500
500
500
500
500
500
500
500
500
500
500
500
500
500
500
500
500
500
500
500
500
500
500
500
500
500
500
500
500
500
500
500
500
500
500
500
500
500
500
500
500
500
500
500
500
500
500
500
500
500
500
500
500
500
500
500
500
500
500
500
500
500
500
500
500
500
500
500
500
500
500
500
500
500
500
500
500
500
500
500
500
500
500
500
500
500
500
500
500
500
500
500
500
500
500
500
500
500
500
500
500
500
500
500
500
500
500
500
500
500
500
500
500
500
500
500
500
500
500
500
500
500
500
500
500
500
500
500
500
500
500
500
500
500
500
500
500
500
500
500
500
500
500
500
500
500
500
500
500
500
500
500
500
500
500
500
500
500
500
500
500
500
500
500
500
500
500
500
500
500
500
500
500
500
500
500
500
500
500
500
500
500
500
500
500
500
500
500
500
500
500
500
500
500
500
500
500
500
500
500
500
500
500
500
500
500
500
500
500
500
500
500
500
500
500
500
500
500
500
500
500
500
500
500
500
500
500
500
500
500
500
500
500
500
500
500
500
500
500
500
500
500
500
500
500
500
500
500
500
500
500
500
500
500
500
500
500
500
500
500
500
500
500
500
500
500
500
500
500
500
500
500
500
500
500
500
500
500
500
500
500
500
500
500
500
500
500
500
500
500
500
500
500
500
500
500
500
500
500
500
500
500
500
500
500
500
500
500
500
500
500
500
500
500
500
500
500
500
500
500
500
500
500
500
500
500
500
500
500
500
500
500
500
500
500
500
500
500
500
500
500
500
500
500
500
500
500
500
500
500
500
500
500
500
500
500
500
500
500
500
500
500
500
500
500
500
500
500
500
500
500
500
500
500
500
500
500
500
500
500
500
500
500
500
500
500
500
500
500
500
500
500
500
500
500
500
500
500
500
500
500
500
500
500
500
500
500
500
500
500
500
500
500
500
500
500
500
500
500
500
500
500
500
500
500
500
500
500
500
500
500
500
500
500
500
500
500
500
500
500
500
500
500
500
500
500
500
500
500
500
500
500
500
500
500
500
500
500
500
500
500
500
500
500
500
500
500
500
500
500
500
500
500
500
500
500
500
500
500
500
500
500
500
500
500
500
500
500
500
500
500
500
500
500
500
500
500
500
500
500
500
500
500
500
500
500
500
500
500
500
500
500
500
500
500
500
500
500
500
500
500
500
500
500
500
500
500
500
500
500
500
500
500
500
500
500
500
500
500
500
500
500
500
500
500
500
500
500
500
500
500
500
500
500
500
500
500
500
500
500
500
500
500
500
500
500
500
500
500
500
500
500
500
500
500
500
500
500
500
500
500
500
500
500
500
500
500
500
500
500
500
500
500
500
500
500
500
500
500
500
500
500
500
500
500
500
500
500
500
500
500
500
500
500
500
500
500
500
500
500
500
500
500
500
500
500
500
500
500
500
500
500
500
500
500
500
500
500
500
500
500
500
500
500
500
500
500
500
500
500
500
500
500
500
500
500
500
500
500
500
500
500
500
500
500
500
500
500
500
500
500
500
500
500
500
500
500
500
500
500
500
500
500
500
500
500
500
500
500
500
500
500
500
500
500
500
500
500
500
500
500
500
500
500
500
500
500
500
500
500
500
500
500
500
500
500
500
500
500
500
500
500
500
500
500
500
500
500
500
500
500
500
500
500
500
500
500
500
500
500
500
500
500
500
500
500
500
500
500
500
500
500
500
500
500
500
500
500
500
500
500
500
500
500
500
500
500
500
500
500
500
500
500
500
500
500
500
500
500
500
500
500
500
500
500
500
500
500
500
500
500
500
500
500
500
500
500
500
500
500
500
500
500
500
500
500
500
500
500
500
500
500
500
500
500
500
500
500
500
500
500
500
500
500
500
500
500
500
500
500
500
500
500
500
500
500
500
500
500
500
500
500
500
500
500
500
500
500
500
500
500
500
500
500
500
500
500
500
500
500
500
500
500
500
500
500
500
500
500
500
500
500
500
500
500
500
500
500
500
500
500
500
500
500
500
500
500
500
500
500
500
500
500
500
500
500
500
500
500
500
500
500
500
500
500
500
500
500
500
500
500
500
500
500
500
500
500
500
500
500
500
500
500
500
500
500
500
500
500
500
500
500
500
500
500
500
500
500
500
500
500
500
500
500
500
500
500
500
500
500
500
500
500
500
500
500
500
500
500
500
500
500
500
500
500
500
500
500
500
500
500
500
500
500
500
500
500
500
500
500
500
500
500
500
500
500
500
500
500
500
500
500
500
500
500
500
500
500
500
500
500
500
500
500
500
500
500
500
500
500
500
500
500
500
500
500
500
500
500
500
500
500
500
500
500
500
500
500
500
500
500
500
500
500
500
500
500
500
500
500
500
500
500
500
500
500
500
500
500
500
500
500
500
500
500
500
500
500
500
500
500
500
500
500
500
500
500
500
500
500
500
500
500
500
500
500
500
500
500
500
500
500
500
500
500
500
500
500
500
500
500
500
500
500
500
500
500
500
500
500
500
500
500
500
500
500
500
500
500
500
500
500
500
500
500
500
500
500
500
500
500
500
500
500
500
500
500
500
500
500
500
500
500
500
500
500
500
500
500
500
500
500
500
500
500
500
500
500
500
500
500
500
500
500
500
500
500
500
500
500
500
500
500
500
500
500
500
500
500
500
500
500
500
500
500
500
500
500
500
500
500
500
500
500
500
500
500
500
500
500
500
500
500
500
500
500
500
500
500
500
500
500
500
500
500
500
500
500
500
500
500
500
500
500
500
500
500
500
500
500
500
500
500
500
500
500
500
500
500
500
500
500
500
500
500
500
500
500
500
500
500
500
500
500
500
500
500
500
500
500
500
500
500
500
500
500
500
500
500
500
500
500
500
500
500
500
500
500
500
SCALARS pressure float 1
LOOKUP_TABLE default
0
0
0
0
0
0
0
0
0
0
0
0
0
0
0
0
0
0
0
0
0
0
0
0
0
0
0
0
0
0
0
0
0
0
0
0
0
0
0
0
0
0
0
0
0
0
0
0
0
0
0
0
0
0
0
0
0
0
0
0
0
0
0
0
0
0
0
0
0
0
0
0
0
0
0
0
0
0
0
0
0
0
0
0
0
0
0
0
0
0
0
0
0
0
0
0
0
0
0
0
0
0
0
0
0
0
0
0
0
0
0
0
0
0
0
0
0
0
0
0
0
0
0
0
0
0
0
0
0
0
0
0
0
0
0
0
0
0
0
0
0
0
0
0
0
0
0
0
0
0
0
0
0
0
0
0
0
0
0
0
0
0
0
0
0
0
0
0
0
0
0
0
0
0
0
0
0
0
0
0
0
0
0
0
0
0
0
0
0
0
0
0
0
0
0
0
0
0
0
0
0
0
0
0
0
0
0
0
0
0
0
0
0
0
0
0
0
0
0
0
0
0
0
0
0
0
0
0
0
0
0
0
0
0
0
0
0
0
0
0
0
0
0
0
0
0
0
0
0
0
0
0
0
0
0
0
0
0
0
0
0
0
0
0
0
0
0
0
0
0
0
0
0
0
0
0
0
0
0
0
0
0
0
0
0
0
0
0
0
0
0
0
0
0
0
0
0
0
0
0
0
0
0
0
0
0
0
0
0
0
0
0
0
0
0
0
0
0
0
0
0
0
0
0
0
0
0
0
0
0
0
0
0
0
0
0
0
0
0
0
0
0
0
0
0
0
0
0
0
0
0
0
0
0
0
0
0
0
0
0
0
0
0
0
0
0
0
0
0
0
0
0
0
0
0
0
0
0
0
0
0
0
0
0
0
0
0
0
0
0
0
0
0
0
0
0
0
0
0
0
0
0
0
0
0
0
0
0
0
0
0
0
0
0
0
0
0
0
0
0
0
0
0
0
0
0
0
0
0
0
0
0
0
0
0
0
0
0
0
0
0
0
0
0
0
0
0
0
0
0
0
0
0
0
0
0
0
0
0
0
0
0
0
0
0
0
0
0
0
0
0
0
0
0
0
0
0
0
0
0
0
0
0
0
0
0
0
0
0
0
0
0
0
0
0
0
0
0
0
0
0
0
0
0
0
0
0
0
0
0
0
0
0
0
0
0
0
0
0
0
0
0
0
0
0
0
0
0
0
0
0
0
0
0
0
0
0
0
0
0
0
0
0
0
0
0
0
0
0
0
0
0
0
0
0
0
0
0
0
0
0
0
0
0
0
0
0
0
0
0
0
0
0
0
0
0
0
0
0
0
0
0
0
0
0
0
0
0
0
0
0
0
0
0
0
0
0
0
0
0
0
0
0
0
0
0
0
0
0
0
0
0
0
0
0
0
0
0
0
0
0
0
0
0
0
0
0
0
0
0
0
0
0
0
0
0
0
0
0
0
0
0
0
0
0
0
0
0
0
0
0
0
0
0
0
0
0
0
0
0
0
0
0
0
0
0
0
0
0
0
0
0
0
0
0
0
0
0
0
0
0
0
0
0
0
0
0
0
0
0
0
0
0
0
0
0
0
0
0
0
0
0
0
0
0
0
0
0
0
0
0
0
0
0
0
0
0
0
0
0
0
0
0
0
0
0
0
0
0
0
0
0
0
0
0
0
0
0
0
0
0
0
0
0
0
0
0
0
0
0
0
0
0
0
0
0
0
0
0
0
0
0
0
0
0
0
0
0
0
0
0
0
0
0
0
0
0
0
0
0
0
0
0
0
0
0
0
0
0
0
0
0
0
0
0
0
0
0
0
0
0
0
0
0
0
0
0
0
0
0
0
0
0
0
0
0
0
0
0
0
0
0
0
0
0
0
0
0
0
0
0
0
0
0
0
0
0
0
0
0
0
0
0
0
0
0
0
0
0
0
0
0
0
0
0
0
0
0
0
0
0
0
0
0
0
0
0
0
0
0
0
0
0
0
0
0
0
0
0
0
0
0
0
0
0
0
0
0
0
0
0
0
0
0
0
0
0
0
0
0
0
0
0
0
0
0
0
0
0
0
0
0
0
0
0
0
0
0
0
0
0
0
0
0
0
0
0
0
0
0
0
0
0
0
0
0
0
0
0
0
0
0
0
0
0
0
0
0
0
0
0
0
0
0
0
0
0
0
0
0
0
0
0
0
0
0
0
0
0
0
0
0
0
0
0
0
0
0
0
0
0
0
0
0
0
0
0
0
0
0
0
0
0
0
0
0
0
0
0
0
0
0
0
0
0
0
0
0
0
0
0
0
0
0
0
0
0
0
0
0
0
0
0
0
0
0
0
0
0
0
0
0
0
0
0
0
0
0
0
0
0
0
0
0
0
0
0
0
0
0
0
0
0
0
0
0
0
0
0
0
0
0
0
0
0
0
0
0
0
0
0
0
0
0
0
0
0
0
0
0
0
0
0
0
0
0
0
0
0
0
0
0
0
0
0
0
0
0
0
0
0
0
0
0
0
0
0
0
0
0
0
0
0
0
0
0
0
0
0
0
0
0
0
0
0
0
0
0
0
0
0
0
0
0
0
0
0
0
0
0
0
0
0
0
0
0
0
0
0
0
0
0
0
0
0
0
0
0
0
0
0
0
0
0
0
0
0
0
0
0
0
0
0
0
0
0
0
0
0
0
0
0
0
0
0
0
0
0
0
0
0
0
0
0
0
0
0
0
0
0
0
0
0
0
0
0
0
0
0
0
0
0
0
0
0
0
0
0
0
0
0
0
0
0
0
0
0
0
0
0
0
0
0
0
0
0
0
0
0
0
0
0
0
0
0
0
0
0
0
0
0
0
0
0
0
0
0
0
0
0
0
0
0
0
0
0
0
0
0
0
0
0
0
0
0
0
0
0
0
0
0
0
0
0
0
0
0
0
0
0
0
0
0
0
0
0
0
0
0
0
0
0
0
0
0
0
0
0
0
0
0
0
0
0
0
0
0
0
0
0
0
0
0
0
0
0
0
0
0
0
0
0
0
0
0
0
0
0
0
0
0
0
0
0
0
0
0
0
0
0
0
0
0
0
0
0
0
0
0
0
0
0
0
0
0
0
0
0
0
0
0
0
0
0
0
0
0
0
0
0
0
0
0
0
0
0
0
0
0
0
0
0
0
0
0
0
0
0
0
0
0
0
0
0
0
0
0
0
0
0
0
0
0
0
0
0
0
0
0
0
0
0
0
0
0
0
0
0
0
0
0
0
0
0
0
0
0
0
0
0
0
0
0
0
0
0
0
0
0
0
0
0
0
0
0
0
0
0
0
0
0
0
0
0
0
0
0
0
0
0
0
0
0
0
0
0
0
0
0
0
0
0
0
0
0
0
0
0
0
0
0
0
0
0
0
0
0
0
0
0
0
0
0
0
0
0
0
0
0
0
0
0
0
0
0
0
0
0
0
0
0
0
0
0
0
0
0
0
0
0
0
0
0
0
0
0
0
0
0
0
0
0
0
0
0
0
0
0
0
0
0
0
0
0
0
0
0
0
0
0
0
0
0
0
0
0
0
0
0
0
0
0
0
0
0
0
0
0
0
0
0
0
0
0
0
0
0
0
0
0
0
0
0
0
0
0
0
0
0
0
0
0
0
0
0
0
0
0
0
0
0
0
0
0
0
0
0
0
0
0
0
0
0
0
0
0
0
0
0
0
0
0
0
0
0
0
0
0
0
0
0
0
0
0
0
0
0
0
0
0
0
0
0
0
0
0
0
0
0
0
0
0
0
0
0
0
0
0
0
0
0
0
0
0
0
0
0
0
0
0
0
0
0
0
0
0
0
0
0
0
0
0
0
0
0
0
0
0
0
0
0
0
0
0
0
0
0
0
0
0
0
0
0
0
0
0
0
0
0
0
0
0
0
0
0
0
0
0
0
0
0
0
0
0
0
0
0
0
0
0
0
0
0
0
0
0
0
0
0
0
0
0
0
0
0
0
0
0
0
0
0
0
0
0
0
0
0
0
0
0
0
0
0
0
0
0
0
0
0
0
0
0
0
0
0
0
0
0
0
0
0
0
0
0
0
0
0
0
0
0
0
0
0
0
0
0
0
0
0
0
0
0
0
0
0
0
0
0
0
0
0
0
0
0
0
0
0
0
0
0
0
0
0
0
0
0
0
0
0
0
0
0
0
0
0
0
0
0
0
0
0
0
0
0
0
0
0
0
0
0
0
0
0
0
0
0
0
0
0
0
0
0
0
0
0
0
0
0
0
0
0
0
0
0
0
0
0
0
0
0
0
0
0
0
0
0
0
0
0
0
0
0
0
0
0
0
0
0
0
0
0
0
0
0
0
0
0
0
0
0
0
0
0
0
0
0
0
0
0
0
0
0
0
0
0
0
0
0
0
0
0
0
0
0
0
0
0
0
0
0
0
0
0
0
0
0
0
0
0
0
0
0
0
0
0
0
0
0
0
0
0
0
0
0
0
0
0
0
0
0
0
0
0
0
0
0
0
0
0
0
0
0
0
0
0
0
0
0
0
0
0
0
0
0
0
0
0
0
0
0
0
0
0
0
0
0
0
0
0
0
0
0
0
0
0
0
0
0
0
0
0
0
0
0
0
0
0
0
0
0
0
0
0
0
0
0
0
0
0
0
0
0
0
0
0
0
0
0
0
0
0
0
0
0
0
0
0
0
0
0
0
0
0
0
0
0
0
0
0
0
0
0
0
0
0
0
0
0
0
0
0
0
0
0
0
0
0
0
0
0
0
0
0
0
0
0
0
0
0
0
0
0
0
0
0
0
0
0
0
0
0
0
0
0
0
0
0
0
0
0
0
0
0
0
0
0
0
0
0
0
0
0
0
0
0
0
0
0
0
0
0
0
0
0
0
0
0
0
0
0
0
0
0
0
0
0
0
0
0
0
0
0
0
0
0
0
0
0
0
0
0
0
0
0
0
0
0
0
0
0
0
0
0
0
0
0
0
0
0
0
0
0
0
0
0
0
0
0
0
0
0
0
0
0
0
0
0
0
0
0
0
0
0
0
0
0
0
0
0
0
0
0
0
0
0
0
0
0
0
0
0
0
0
0
0
0
0
0
0
0
0
0
0
0
0
0
0
0
0
0
0
0
0
0
0
0
0
0
0
0
0
0
0
0
0
0
0
0
0
0
0
0
0
0
0
0
0
0
0
0
0
0
0
0
0
0
0
0
0
0
0
0
0
0
0
0
0
0
0
0
0
0
0
0
0
0
0
0
0
0
0
0
0
0
0
0
0
0
0
0
0
0
0
0
0
0
0
0
0
0
0
0
0
0
0
0
0
0
0
0
0
0
0
0
0
0
0
0
0
0
0
0
0
0
0
0
0
0
0
0
0
0
0
0
0
0
0
0
0
0
0
0
0
0
0
0
0
0
0
0
0
0
0
0
0
0
0
0
0
0
0
0
0
0
0
0
0
0
0
0
0
0
0
0
0
0
0
0
0
0
0
0
0
0
0
0
0
0
0
0
0
0
0
0
0
0
0
0
0
0
0
0
0
0
0
0
0
0
0
0
0
0
0
0
0
0
0
0
0
0
0
0
0
0
0
0
0
0
0
0
0
0
0
0
0
0
0
0
0
0
0
0
0
0
0
0
0
0
0
0
0
0
0
0
0
0
0
0
0
0
0
0
0
0
0
0
0
0
0
0
0
0
0
0
0
0
0
0
0
0
0
0
0
0
0
0
0
0
0
0
0
0
0
0
0
0
0
0
0
0
0
SCALARS speed float 1
LOOKUP_TABLE default
9.81688e-100
7.37937e-97
6.11979e-32
3.29527e-53
6.62585e-93
26.3861
2.34108e-54
4.11053e-47
1.11861e-72
24.8807
6.69371e-92
1.14763e-63
32.7274
7.50264e-90
1.34742e-76
2.73321e-102
1.56428e-73
1.51436e-84
62.1407
32.9128
3.77928e-94
8.85397e-29
1.09486e-62
27.6465
1.24614e-37
2.11165e-64
5.40185e-59
1.56126e-46
7.1173e-24
54.3987
31.8712
57.4529
2.06127e-51
6.66606e-64
4.02045e-99
1.68071e-78
34.1441
29.0503
3.91477e-68
3.84496e-95
1.21153e-51
2.60886e-68
72.2764
9.29223e-52
3.27417e-14
1.45697e-104
3.04984e-83
2.78187e-103
1.86039e-101
1.84181e-89
7.05711e-91
31.1614
2.14572e-49
6.73415e-24
1.96209e-97
4.91112e-52
27.6168
1.24617e-37
6.23673e-86
3.01279e-36
2.33737e-90
1.94318e-81
2.75205e-86
6.98858e-39
31.7468
0.000456743
2.03041e-85
5.35388e-103
6.28603e-93
8.77851e-100
1.98469e-98
47.4145
1.617e-101
4.98252e-74
7.83116e-60
1.06712e-20
2.98568e-24
7.24913e-55
89.3829
3.89932e-53
1.67097e-69
7.83108e-87
5.88596e-100
2.37447e-100
1.0291e-59
8.21564e-97
1.3713e-29
1.98505e-70
2.67972e-87
27.6465
1.2459e-37
2.90963e-50
6.4082e-19
3.4942e-65
3.33815e-24
2.37806e-94
1.70808e-90
36.3955
7.16866e-34
3.5939e-82
42.5318
1.46869e-70
6.9249e-61
9.78269e-102
2.24839e-32
9.58655e-46
3.30534e-63
40.3772
4.06502e-27
20.1794
8.10037e-57
1.13016e-99
1.68068e-32
1.71761e-55
9.8088e-67
7.1211e-17
1.30077e-52
1.9174e-69
68.231
1.25459e-99
1.71434e-97
2.77705e-103
3.01122e-88
7.03282e-90
1.14609e-102
29.7408
4.82221e-87
22.4108
1.00438e-85
3.46354e-64
2.99285e-35
1.16085e-94
6.14523e-83
27.6281
5.26889e-41
25.8138
32.526
8.03e-100
3.01474e-15
45.5426
7.80174e-34
58.6008
32.8427
19.5346
1.75127
18.7317
6.85897e-63
2.9941e-40
21.7303
3.85012e-92
51.9817
4.47425e-36
37.4814
5.96838e-58
2.5079e-23
38.5963
3.8033e-88
1.43226e-62
1.78814e-102
33.0065
1.48231e-87
6.98352e-100
5.52964e-56
8.02985
28.9942
34.9638
28.7985
7.99831e-62
5.67983e-65
167.709
6.91918e-86
1.08238e-76
2.43953e-59
9.39349e-98
1.40602e-102
32.4943
19.5334
1.77371
18.7122
5.92362e-63
5.70278e-54
0.0900908
25.0573
32.6226
4.66615e-95
22.959
23.1073
5.66787e-76
20.697
25.1117
2.9689e-67
3.71695e-27
1.87023e-33
1.21466e-09
9.08857e-62
1.23859e-52
1.30579e-55
2.07217e-34
1.46077e-44
28.7506
24.6713
8.38284e-28
5.76156e-93
24.9198
24.9441
1.95734e-40
1.15666e-90
54.5761
5.36153e-85
19.5345
1.75127
18.7313
23.7328
7.19178e-93
28.8947
3.61963e-83
5.38546e-38
2.0956e-34
1.37207e-64
6.65952e-100
2.42807e-56
32.2221
2.64243e-45
3.58315e-73
1.79159e-27
35.2716
2.45042e-95
28.3574
4.72945e-50
1.50755e-101
74.1647
1.34741e-84
96.7102
6.19978e-74
36.3931
20.1854
4.72703e-51
56.6644
59.9143
1.88486e-98
4.61886e-95
1.25186e-59
1.37952e-22
3.35226e-101
1.01296e-52
8.80347e-90
1.81533e-33
8.81052e-90
1.75295e-96
7.00675e-10
3.45338e-96
1.01905e-99
6.41012e-87
6.469e-88
6.31867e-84
2.36595e-101
8.33421e-101
1.30375e-21
1.22095e-91
2.40679e-92
1.00227e-73
6.70855e-06
1.83113e-90
2.02632e-54
23.075
35.822
3.80653e-88
47.6394
3.2412e-102
23.7325
55.3563
1.02514e-65
1.24788e-79
4.81479e-66
38.9886
2.21266e-65
182.703
1.10579e-100
5.10827e-102
1.38525e-96
1.02979e-90
42.1171
3.04134e-96
3.26298e-96
8.68505
9.80492e-74
0.329728
69.6559
33.2618
4.71641e-92
7.56561e-35
3.83352e-35
2.95215e-26
1.43178e-56
38.8337
1.63097e-96
6.20122e-71
1.39632e-32
34.9286
3.80285e-88
0.162856
3.65715e-90
1.83528e-35
7.2048e-87
2.62233e-81
3.18962e-79
1.18842e-10
3.6126e-05
6.03029e-42
79.6069
81.6082
20.4965
1.16199e-55
0.106116
9.7319e-101
5.97099e-67
7.12948e-28
3.86306e-18
1.04344e-74
19.4775
1.87695e-06
3.4581e-100
4.36187e-83
2.20348e-99
32.4403
67.1032
2.77164e-55
36.2152
2.75558e-54
31.4153
2.53219e-42
35.6098
3.80508e-88
284.701
62.3898
29.171
3.91314e-24
1.1716e-68
4.65066e-97
1.69504e-96
38.1054
1.89218e-47
4.54871e-87
1.69198e-102
9.43891e-21
2.17659e-39
1.3038e-57
94.1773
2.04641e-47
1.1195e-100
7.6715e-38
6.75526e-86
1.03284e-87
7.19971e-51
26.5227
6.18891e-61
1.09601e-98
7.86538e-93
4.81162e-63
6.48684e-68
2.15597e-58
1.08308e-66
1.2819e-81
1.3265e-69
1.45081e-93
18.024
3.48106e-40
2.63211e-57
1.95639e-103
4.47293e-40
2.89381e-89
1.19884e-86
9.0312e-103
53.5422
2.19812e-87
1.35221e-102
51.8049
30.6328
3.6716e-87
7.2732e-63
1.58625e-102
0.0310247
13.3206
3.58369e-63
4.80883e-29
3.12064e-101
9.95853
2.58005e-59
1.2466e-64
1.11963e-52
2.08573e-81
1.04128e-06
33.5167
6.60337e-83
1.3371e-77
7.14066e-76
1.9746e-86
3.79194e-98
33.5117
8.51873e-88
1.42156e-45
116.259
1.3926e-102
1.01975e-59
6.99667e-68
7.66391e-99
8.01889
4.26138e-66
10.4587
7.87131e-49
1.24394e-91
8.38722e-74
2.6397e-61
4.63525e-70
2.42916e-101
31.9673
38.721
2.86223e-43
9.1729e-22
16.385
4.16946e-23
1.78454e-87
1.32104e-40
4.99369e-96
5.72444e-101
3.06405e-38
1.59641e-35
57.4217
4.73551e-97
3.66328e-64
7.72749e-104
7.47778e-102
159.423
4.18466e-49
100.824
3.82269e-99
3.57953e-16
17.5355
164.235
3.36834e-48
1.02528e-77
72.7138
34.6181
2.99837e-80
7.05998e-92
4.53304e-90
8.77409e-103
3.24488e-88
4.01408e-54
24.3728
3.84372e-87
4.10898e-66
9.04521
3.74971e-47
2.56887e-84
30.1123
9.45856e-38
2.68449e-76
2.81557e-98
2.0889e-68
6.09454e-101
5.02573e-56
3.32003e-56
3.28444e-102
1.9694e-37
6.37254e-86
5.24677e-33
2.37e-50
2.90609e-99
4.46e-100
56.7394
19.2045
2.66253e-74
4.41464e-84
1.52621e-62
1.59914e-16
7.84962e-70
3.64023e-89
1.50016e-35
30.1822
4.85427e-49
3.39699e-42
4.93596e-100
6.00708e-21
2.79361e-103
2.83272e-99
1.09907e-93
4.73561e-101
2.38858e-69
1.36909e-49
74.7099
7.57686e-32
1.60937e-09
1.7408e-65
2.32714e-73
7.61025e-99
23.0308
1.101e-42
1.32968e-97
8.08488e-94
1.06401e-94
51.1662
49.8668
19.835
2.25417e-84
2.69066e-91
19.5338
1.85377
18.6422
1.37262e-96
1.56259e-53
2.7152e-62
1.19949e-63
19.9533
4.95353e-102
2.40564e-25
6.66139e-67
4.39414e-31
34.1334
2.47998e-88
1.90357e-93
4.30098e-77
6.18889e-96
1.09663e-96
7.6134e-31
2.31091
1.88627e-55
3.91379e-84
30.5837
24.0907
4.47912e-61
1.13215e-85
1.29936e-68
1.80934e-101
25.6728
1.00443e-89
56.0594
54.1293
2.37421e-66
19.528
1.87276
18.6253
26.0444
7.46133e-71
5.17026
1.8139e-45
6.36574e-09
15.4273
30.2829
4.55232e-12
8.93627e-87
29.2411
23.8821
25.847
1.01222e-81
1.33602e-82
8.4602e-85
1.42257e-63
3.46124e-90
1.53971e-83
4.09552e-57
1.73621e-74
23.9957
24.2215
1.76445e-89
3.24872e-10
1.42096e-89
4.03925e-86
3.08135e-64
78.8964
7.12925e-60
1.1507e-86
19.5336
1.85377
18.6419
5.16377e-40
1.51842e-52
6.52991e-91
15.691
1.04714e-79
3.3976e-91
2.68407e-23
33.731
1.72878e-102
27.7684
1.1009e-42
1.18508e-97
1.21855e-93
3.65387e-10
48.2518
1.53202e-100
5.99076e-97
1.87519e-47
2.98029e-10
1.74676e-81
5.67306e-102
6.18506
8.99485e-69
4.49782e-98
8.32264e-13
7.46147e-92
18.1953
4.80485e-64
4.9491e-91
2.40812e-55
6.844e-82
2.11686e-98
1.969e-89
1.54154e-90
1.96625e-98
1.27512e-89
3.04499e-78
30.6873
2.97119e-55
5.66873e-90
40.8986
1.50932e-98
7.00661e-102
1.20594e-102
1.07955e-103
6.86449e-89
9.70619e-90
8.52209e-58
2.50073e-35
2.66366e-48
1.04355e-20
6.87165e-66
8.75251e-76
34.952
3.80586e-88
3.41855e-99
3.86194e-100
5.3008e-48
1.54648e-55
1.00538e-50
1.40873e-39
2.55313e-44
8.30044e-102
1.51841e-78
2.40719e-90
1.43349e-98
58.6657
3.43946e-94
3.29115e-08
74.2763
9.57449e-87
4.59712e-62
1.48927e-86
3.51513e-99
1.65478e-101
3.19801e-45
33.4967
2.54898e-102
3.74283e-99
37.97
34.0088
2.56789e-65
9.20302e-99
5.52159e-84
24.4891
4.19733e-90
34.0794
2.49011e-88
1.95412e-98
0.00812284
87.4128
26.7946
1.30986e-32
6.54534e-32
2.90066e-24
6.80311e-79
7.6432e-102
45.3423
75.8716
3.43947e-16
5.1308e-51
1.30207e-22
1.78441e-98
2.10554e-74
1.00656e-62
7.34129e-87
24.6072
1.11844e-64
54.8008
2.26373e-100
1.12511e-102
1.46114e-103
2.37466e-83
44.2352
1.55633e-93
2.39458e-77
3.77918e-84
1.59372e-99
3.42839e-45
34.6776
3.79961e-88
4.87567e-65
2.88938e-31
1.74725e-63
1.28136e-84
2.10064e-45
31.5131
5.53715e-50
31.9205
1.77066e-56
7.23286e-90
2.51822e-101
6.22841e-63
2.46188e-53
58.1519
6.69601e-88
1.4853e-95
27.9273
2.96571e-61
3.27664e-24
1.28354e-98
2.88736e-102
1.09768e-19
6.57354e-64
1.63663e-92
9.23644e-101
40.8392
7.91483e-44
7.55772e-43
1.92635e-93
4.6384e-100
5.46758e-84
29.9265
1.74123e-42
6.04363e-68
1.00874e-97
2.62455e-57
1.02295e-100
3.50306e-12
4.54734e-60
2.04804e-12
9.21228e-45
9.58103e-79
1.35036e-102
8.27242e-14
31.2145
1.17754e-16
8.02688e-102
17.5642
2.39267e-96
3.70534e-96
32.2741
4.32159e-59
1.3092e-101
24.9218
1.88046e-69
1.79422e-84
1.01341e-96
7.91437e-45
1.26835e-62
2.20811e-66
7.37357e-99
3.44981e-65
68.7036
1.81649e-86
1.04014e-93
8.22325e-85
4.26566e-103
4.59499e-84
1.74481e-86
6.85198e-45
9.85839e-93
2.64121e-103
9.10857e-100
5.88591e-76
2.427e-55
18.1848
23.6241
2.04278e-102
3.66624e-95
77.6772
77.6677
5.95895e-40
1.08464e-58
3.27447e-40
6.72349e-103
4.59934e-85
23.9406
27.9881
3.45699e-58
1.8037e-53
1.21899e-99
3.39662e-25
1.57143e-35
5.31188e-98
1.8228e-76
1.09345e-56
1.63913e-51
5.79095e-98
25.876
7.73114e-77
4.73381e-84
17.1957
2.27124e-97
1.65151e-43
1.03762e-55
94.4718
3.28026e-91
23.7636
1.21582e-10
3.58311e-100
73.3114
5.20429e-83
61.731
6.89621e-06
8.55961e-54
1.85244e-45
2.82821e-08
4.96496
1.65131e-86
23.9143
3.09836e-41
2.26082e-86
40.6443
6.73832e-31
24.8948
3.83508e-11
1.77018e-51
5.72626e-59
7.01473e-68
1.6954e-69
5.04689e-102
2.62738e-103
4.65746e-91
2.1349e-77
7.57076e-100
17.2422
8.01978e-41
54.3956
7.0307e-49
8.5094
5.18592e-63
1.02772e-40
1.85229e-96
4.61259e-68
6.77388e-90
3.91026e-51
1.58766e-94
7.2221e-76
1.74683e-76
2.71673e-100
1.19571e-63
1.30282e-103
2.53212e-99
4.122e-93
4.04301e-101
1.89481e-68
1.78244e-102
46.5862
18.7244
7.52984e-95
40.2279
9.09455e-72
2.0522e-67
23.0212
1.10101e-42
120.221
185.096
4.6643e-88
5.19531e-57
5.87651e-14
5.97288e-60
1.43093e-56
7.90614e-58
19.5334
1.85465
18.6417
29.32
6.35951e-62
5.54482e-93
30.2403
61.6754
31.7277
1.27409e-61
26.9775
5.08367e-32
34.1188
2.4883e-88
1.36273e-36
1.21923e-53
4.72596e-72
8.06152e-79
23.8516
43.0144
119.457
4.45199e-94
29.6068
24.0747
4.47912e-61
45.7048
1.25873e-52
4.73246e-102
1.42163e-41
6.8142e-13
5.88794e-90
45.9972
34.6754
19.5271
1.87369
18.6245
23.7082
1.21401e-91
63.4347
7.25782e-54
3.6073e-06
5.38017e-43
20.7776
1.08292e-79
9.43084e-85
29.2248
23.9456
6.78251e-66
31.5448
1.72934e-103
8.9158e-41
2.1615e-23
7.61479e-97
51.7995
31.5199
4.04687e-71
23.9795
24.2188
2.33585e-91
6.80441e-32
0.000232316
26.6373
1.63471e-102
3.41031e-64
8.14799e-33
9.29634e-86
19.5331
1.85475
18.6414
4.92977e-71
8.05309e-91
1.74747e-52
43.7751
26.0879
27.5049
18.2263
2.98746e-76
3.34527e-68
27.759
1.101e-42
2.46187e-98
1.22913e-05
6.23197e-103
9.25003e-90
1.65375e-67
1.68192e-92
7.75328e-78
5.66109e-29
7.87784e-81
68.0389
6.11109e-58
53.8127
5.78796e-100
30.9137
0.0340071
34.39
2.53938e-93
1.74033e-102
1.20311e-101
1.65031e-52
7.63357e-22
3.36227e-74
5.38831e-100
2.91724e-85
2.39951e-102
9.85887e-47
7.2199e-48
1.35301e-81
8.51192e-34
6.45131e-84
1.5178e-54
8.38908e-102
5.9526e-101
3.38897e-103
1.24239e-101
3.02189e-10
6.61057e-101
6.9635e-39
1.69347e-53
6.24034e-97
5.00884e-86
7.77565e-92
34.9514
3.80142e-88
1.03691e-101
2.02454e-52
9.75732e-91
33.5791
1.31227e-46
36.3333
54.554
1.01927e-69
1.17459e-86
8.43779e-99
7.21985e-102
34.7145
21.0356
8.53989e-57
7.76757e-95
1.39136e-79
3.29733e-64
1.19461e-101
1.99549e-98
1.04669e-83
4.63456e-56
33.4934
3.09627e-41
7.6478e-66
2.84928e-73
36.5483
1.95037e-89
6.64532e-73
43.6474
4.60204e-06
4.75669e-60
34.0815
2.48485e-88
4.42895e-92
30.5394
3.55374e-97
5.21009e-56
1.52197e-65
1.03937e-52
7.65409e-94
1.8932e-98
57.6812
78.3082
75.9173
54.2321
6.47197e-55
1.54724e-70
4.15789e-05
3.63933e-52
5.22157e-73
3.54512e-69
1.20224e-51
4.48464e-42
53.6477
7.40391e-99
8.0638e-101
5.88109e-19
48.2321
2.23042e-78
1.34573e-58
2.64713e-94
3.78549e-100
2.08339e-21
1.15617e-63
34.6767
2.48441e-88
8.15284e-18
1.18997e-17
22.869
5.3775e-103
53.4595
2.50745e-57
0.0396359
5.0395e-72
2.60957e-57
1.12654e-89
2.51351e-101
3.49353e-62
2.88317e-93
4.79014e-44
2.16952e-31
1.24368e-22
5.74613e-101
4.97298e-69
1.49395e-63
96.9955
1.83945e-101
34.3621
2.57233e-37
3.04487e-46
61.239
5.58346e-07
1.05273e-28
2.13346e-44
1.04933e-72
1.1453e-14
1.77339e-89
1.43561
63.219
1.97789e-94
13.4374
1.9987e-94
6.64165e-47
2.17252e-64
2.77917e-95
5.91584e-32
3.76919e-50
1.52658e-90
1.35035e-102
5.4427e-17
30.6602
2.8023e-78
8.35552e-10
61.3155
2.77841e-55
27.2004
16.9102
2.27962e-98
3.98355e-103
24.9208
2.4786e-88
4.81702e-53
7.00869e-84
5.10436e-48
0.000192284
1.04271e-45
2.6249e-76
35.4246
4.86795e-44
6.80916e-61
5.71614e-66
22.9838
2.42847e-103
2.46353e-64
39.3165
2.85372e-56
1.29236e-47
1.2253e-80
8.58251e-47
1.41246e-58
5.23894e-69
18.2894
30.7662
80.7585
1.19479e-90
66.2543
2.68381e-37
1.45608e-49
2.83749e-87
4.98417e-95
6.36498e-101
6.12761e-51
23.9403
2.47823e-88
6.04274e-97
15.2974
7.89633e-100
3.08547e-96
3.61584e-66
9.53239e-93
6.92592e-98
4.07321e-64
4.45483e-58
9.97184e-45
26.2701
8.93431e-41
1.27159e-42
32.803
5.7039e-98
1.97234e-85
6.29332e-47
3.66094e-82
1.20505e-89
1.44383e-76
2.93525e-13
5.2907e-100
34.9269
1.89771e-78
0.181187
4.60923e-102
7.24826e-54
1.09823e-56
8.74838e-73
0.00104943
1.44919e-45
23.9135
2.4786e-88
1.31769e-52
40.6359
1.65485e-101
3.86928e-101
1.86111e-85
28.6518
4.49777e-93
8.63686e-83
2.40456e-48
5.04687e-102
3.0794e-102
4.8843e-102
1.83272e-52
2.0566e-78
54.0633
2.76859e-59
18.9067
31.9017
35.1594
4.41079e-99
3.26522e-100
21.316
3.84816e-64
4.33191e-91
2.19795e-71
4.36676e-56
2.53668e-87
9.86489e-87
1.28019e-98
5.29069e-09
1.51087e-102
3.11496e-102
2.86448e-90
4.91305e-102
4.45348e-68
3.34236e-94
7.60795e-99
24.5487
7.12087e-29
0.00040378
5.22761e-87
6.0903e-47
23.0211
1.10101e-42
4.95341e-18
9.76247
3.65197e-88
46.2467
1.9711e-40
2.18036e-59
1.05175e-42
7.56982e-06
19.5333
1.85465
18.6413
1.17407e-23
3.83841e-17
5.22125e-31
1.09072e-68
1.05862e-12
2.43866e-07
3.96399e-37
2.06853e-91
2.14893e-32
34.1196
8.74406e-88
2.41606e-82
3.35123e-50
1.24091e-88
1.79253e-52
5.11238e-98
1.78124e-21
3.05108e-99
1.59105e-92
1.08452e-84
24.0747
4.47907e-61
2.27024e-91
1.75063e-74
75.5148
3.98496e-100
46.1988
6.4881e-86
41.595
2.58481e-80
19.5275
1.87388
18.6248
24.5838
6.79772e-27
4.63753e-90
3.18723e-54
2.16263e-08
50.9168
28.919
9.23302e-50
1.31329e-87
29.2247
23.9456
2.53701e-75
18.4925
2.48918e-99
2.41017e-101
3.2415e-67
1.64039e-56
8.84506e-84
3.27815e-50
5.63328e-79
23.9796
24.2199
1.2237e-98
1.93751e-34
1.40987e-08
7.12238e-95
6.16397e-41
3.41888e-97
9.68717e-66
37.9942
19.5334
1.85514
18.6417
1.06481e-46
7.90613e-91
64.2832
74.6618
2.87231e-100
7.33774e-96
5.04678e-59
1.27082e-84
7.64868e-99
27.7592
1.10102e-42
3.2407e-99
7.72797e-88
8.79566e-73
3.45898e-48
1.90749e-95
4.41179e-91
6.61311e-102
27.3535
4.31976e-81
1.0742e-103
2.35984e-101
2.45651e-50
2.84737e-96
1.77959e-100
64.6241
28.7078
26.549
7.12295e-90
34.82
1.11998e-93
4.13344e-35
4.79762e-19
65.513
3.21969e-16
46.3489
84.9664
2.6609e-55
9.08018e-54
2.04406e-54
9.45262e-85
2.76257e-51
7.09206e-102
1.17193e-102
3.32953e-81
1.49868e-100
8.92419e-94
1.38082e-91
17.4415
1.31384e-56
1.30895e-84
7.60751e-17
1.24177e-39
34.9518
2.48477e-88
4.14e-60
6.42916e-53
2.19258e-41
1.63617e-36
4.42477e-73
2.41812e-56
1.33173e-39
2.4348e-94
5.14839e-42
2.51611e-96
3.53582e-104
25.1074
2.79146e-71
9.82994e-101
112.468
2.34623e-87
9.61209e-60
34.8186
1.20394e-98
8.27822e-13
9.44515e-55
32.9796
3.63997e-42
4.47363e-84
4.17378e-52
37.5656
5.20456e-13
2.92394e-72
6.69098e-74
1.72644e-15
0.000164936
34.0816
2.48036e-88
19.5234
3.03424e-58
2.90582e-58
9.27087e-48
1.02188e-39
6.81732e-99
1.08895e-101
64.8244
1.75103e-69
6.6207e-84
2.36239e-86
50.1387
64.406
4.47803e-55
1.02865e-57
60.069
2.62352e-51
4.67213e-103
97.1833
45.3703
55.2634
2.41648e-76
1.24289e-83
5.32471e-60
3.07223e-11
2.87945e-39
43.5378
76.473
32.5218
43.2593
6.9762e-84
34.677
2.47859e-88
5.12148e-53
3.59078e-16
7.12655e-62
6.41035e-89
86.4043
40.1133
19.1912
81.9439
7.79497e-94
1.70924e-90
3.9253e-101
3.49238e-62
7.52448e-55
6.79136e-49
1.79109e-05
1.22666e-69
40.0496
2.28306e-55
44.8682
4.02802e-100
8.37458e-102
2.70367e-19
2.57013e-57
2.08926e-84
1.70294e-95
2.7184e-99
3.72629e-42
2.828e-98
2.15392e-62
159.218
4.70567e-40
42.1381
1.31317e-54
5.8547e-93
54.5287
6.59249e-101
30.6796
3.76706e-46
2.47969e-63
1.07703e-97
1.01171
2.0016e-89
1.35032e-102
5.44279e-17
31.2084
9.46143e-13
26.1554
3.40318e-103
1.18757e-98
1.48157e-87
9.33453e-35
3.80968e-87
1.9202e-69
24.9194
2.48442e-88
52.9777
2.93726e-98
2.70255e-102
9.3731e-57
1.41915e-52
1.18835e-65
69.9069
9.8326e-23
1.83068e-85
1.35377e-65
32.1342
7.81298e-101
9.42445e-52
1.9417e-21
1.16667e-94
2.65476e-79
3.40936e-57
3.13484e-102
4.36966e-87
2.75608e-87
17.9422
30.9955
1.05104e-53
3.61493e-97
3.50356e-77
6.05736e-24
70.9882
1.26655e-07
3.86209e-07
31.3141
5.80707e-49
23.9376
2.1969e-58
1.11833e-88
1.26286e-53
2.49579e-49
5.75593e-87
1.54498e-66
26.3852
37.3973
39.7692
1.68283e-42
1.7357e-39
26.0579
9.4974e-102
8.43289e-73
2.83047e-98
32.5684
17.6804
4.47134e-49
67.5742
3.92526e-27
6.02351e-58
2.22054e-14
5.29429e-100
29.8072
1.67662e-38
7.44034e-78
7.74034e-71
1.25031e-90
1.28031e-99
7.028e-83
3.36712e-59
1.1416e-52
23.9129
2.48441e-88
2.4385e-19
40.624
1.34224e-98
4.02913e-87
65.9613
26.484
2.08509e-71
6.90784e-50
1.63841e-82
5.04681e-102
9.65543e-104
7.27964e-79
2.37981e-83
4.14244e-61
1.45291e-26
4.20836e-50
1.06563e-44
3.14804e-28
32.1448
1.87323e-78
5.68191e-37
4.24895e-47
2.55092e-96
2.11979e-72
4.42379e-89
76.6622
24.1697
2.47533e-47
3.82894e-95
1.44728e-96
1.11772e-101
1.38253e-102
4.09197e-87
5.88472e-103
4.46386e-68
1.40245e-78
37.5454
35.5333
1.92877e-84
2.1937e-12
3.33912e-54
8.19421e-88
23.0212
1.10101e-42
18.9505
3.87444e-100
7.74419e-90
47.7336
1.32589e-47
4.83954e-67
34.2589
1.40282e-31
19.5332
1.85465
18.6411
2.99278e-54
2.26343e-57
26.5702
6.00318e-67
4.05057e-81
1.5216e-08
23.5863
4.12361e-44
2.49787e-33
34.119
3.25231e-86
1.44064e-100
2.68683e-45
1.17323e-88
26.5408
2.90549e-51
2.41682e-87
8.40654e-65
2.44025e-93
2.83136e-60
24.075
4.47815e-61
4.27039e-44
4.41166e-73
86.32
24.7777
3.05766e-15
5.39636e-69
39.7578
1.41248e-32
19.5275
1.87375
18.6247
1.99961e-92
8.07812e-40
1.81213e-17
5.47497e-55
3.0884e-05
8.13837e-91
31.5738
4.53017e-54
1.38371e-72
29.2249
23.9453
1.44735e-66
3.1386e-84
2.15578e-102
9.71916e-61
4.41668e-99
2.65779e-66
9.7206e-14
1.24289e-46
6.08127e-97
23.9803
24.2104
8.24756e-92
2.8269e-94
3.50114e-101
23.0109
3.43609e-56
1.1091e-74
3.96959e-62
1.06554e-67
19.5332
1.85495
18.6414
8.0471e-19
2.63133e-10
32.4
3.76608e-85
1.66192e-42
24.9358
7.3761e-89
47.2429
4.18272e-87
27.7592
1.10102e-42
1.14366e-97
3.8889e-88
2.70799e-65
4.60581e-73
4.9997e-36
1.11914e-25
37.089
4.50918e-84
9.72082e-84
7.59969e-104
2.29044e-63
7.91191e-100
2.51445e-96
37.5988
2.15814e-79
30.0164
1.949e-48
1.94492e-19
121.117
3.50687e-101
44.0606
3.07204e-74
1.62003e-85
3.8398e-103
1.00474e-100
4.71424e-98
6.77763e-15
7.95534e-36
1.23528e-65
92.0635
3.64232e-48
2.99911e-102
1.32128e-102
4.7742e-93
1.93723e-98
1.25804e-28
1.4447e-79
6.24629e-42
5.57161e-93
1.24355e-72
1.479e-54
1.86107e-25
34.9517
7.32729e-33
3.44935e-46
3.44985e-30
75.4497
58.3719
61.5285
42.0433
4.54247e-33
4.57932e-98
4.12413e-76
54.9079
1.87761e-84
57.8019
1.33009e-83
94.4559
53.1929
6.93398e-69
3.66448e-42
5.75986e-08
64.8597
1.10998e-89
6.05074e-78
30.653
15.4609
6.58059e-78
8.77108e-50
4.28727e-103
2.7746e-55
6.88772e-91
1.82408e-91
25.3557
22.896
34.0813
0.00601415
9.89855e-46
1.94924e-47
2.00278e-96
1.82958e-95
2.16061e-39
85.2944
7.20608e-68
2.30599e-58
3.60599e-22
5.05857e-84
1.12691e-96
47.9819
4.56073e-31
2.29241e-14
5.72518e-98
2.38095e-55
3.65485e-53
3.78622e-84
2.29755e-102
1.81891e-34
166.274
2.83341e-55
87.3023
2.94416e-34
8.66435e-103
7.63501e-101
61.1071
2.31969e-66
60.3464
5.76253e-24
1.55038e-101
34.6772
4.91653e-67
52.6348
2.36787e-91
26.6535
7.30493e-33
2.34403e-33
8.16862e-82
4.74868e-18
2.02222e-93
21.633
2.82262e-93
5.02786e-57
1.29539e-64
6.08132e-69
1.47224e-65
3.04177e-99
7.86538e-78
1.02733e-21
2.05961e-31
6.92461e-64
17.0963
1.26266e-101
2.05002e-94
8.4534e-66
23.339
2.90815e-08
5.04025e-100
15.9577
8.30555e-102
7.79555e-64
1.89895e-10
9.35865e-91
1.23175e-93
1.06545e-93
5.90384e-68
4.11159e-40
9.59256e-103
2.48414e-103
9.07455e-94
1.78372e-102
1.53051e-50
7.98895e-99
8.41789e-93
1.3462e-102
3.53924e-17
31.3978
2.96268e-57
0.00344754
2.95349e-20
40.4478
1.1711e-30
75.3699
5.3946e-45
8.26864e-44
24.9204
3.80181e-88
1.54364e-64
1.12359e-63
2.37419e-94
7.2615e-84
3.51624e-36
1.45002e-40
4.91775e-90
2.09233e-63
2.60122e-96
3.15698e-62
31.5998
3.47098e-97
1.50856e-81
1.26417e-93
6.95208e-38
7.35017e-82
58.9245
1.88278e-84
27.5591
1.13349e-67
19.1114
30.9885
1.74542e-98
1.59927e-63
5.92238e-71
1.70768e-41
5.52996e-101
1.39626e-38
2.01247e-78
4.5267e-49
5.37572e-72
23.9373
2.48999e-88
8.90165e-18
14.3809
9.61184e-102
8.42951e-39
4.49715e-71
46.3071
1.10966e-101
3.92173e-71
1.22799e-57
1.86299e-36
26.0503
1.88293e-08
30.9778
7.16476e-77
4.44402e-66
3.3503e-45
24.5384
2.87551e-15
3.15022e-11
30.0803
3.58953e-06
1.98094e-43
1.19994e-73
6.29926e-85
81.4089
87.7999
1.66381e-63
7.13259e-72
37.0529
8.60798e-53
48.2397
23.9147
3.80174e-88
28.5215
42.7519
1.74285e-83
2.99757e-101
2.16842e-46
1.25163e-15
1.62956e-92
28.5148
5.16703e-52
3.27453e-102
7.30033e-102
2.32039e-80
3.3723e-15
1.25327e-95
3.61798e-88
2.54711e-87
3.01144e-101
9.87797e-61
29.9704
8.57001e-86
1.22911e-44
1.1308
30.5654
7.72939e-27
29.7383
87.1125
9.38054e-12
2.15526e-28
4.2637e-15
45.7174
2.27696e-102
1.5456e-103
2.43712e-84
1.40547e-97
3.63471e-70
7.04715e-103
6.45821e-85
2.22785e-100
41.7222
7.50958e-75
43.9634
5.99696e-88
23.0308
1.1009e-42
2.97916e-60
2.68643e-99
6.09423e-81
53.4612
1.08552e-76
39.5373
36.3808
5.23433e-69
19.5339
1.85377
18.6424
2.86068e-41
6.73002e-73
2.45926e-59
6.30461e-64
6.5612e-84
2.26922e-41
33.2826
43.6924
8.00274e-35
34.1342
9.28997e-50
3.33687e-71
2.24433e-50
1.17689e-100
2.0231e-70
1.62846e-63
19.6727
3.98781e-05
18.529
3.9101e-91
24.0914
2.91312e-61
1.53843e-64
6.60597e-69
18.0085
1.67588e-102
3.00254e-61
116.091
6.98819e-100
6.74297e-98
19.5283
1.87276
18.6258
4.3382e-48
4.75964e-55
1.81071e-23
6.94512e-38
6.41175e-27
7.31701e-46
1.09962e-70
19.0798
6.64837e-71
29.2418
23.942
9.85585e-43
1.51884e-65
1.54076e-81
1.8472e-29
9.79871e-41
2.77798e-99
1.88062e-78
66.3174
37.3465
23.9966
24.341
7.0517e-92
4.83487e-81
2.2948e-15
1.24317e-46
2.05801e-08
0.000437159
1.32107e-52
7.51798e-42
19.5339
1.85402
18.6423
4.141e-93
4.19792e-88
3.02968e-59
3.646e-32
27.9017
64.3449
36.8043
1.65209e-102
0.00266955
27.7685
1.10098e-42
2.26173e-98
8.29139e-93
9.98247e-78
4.24111e-92
2.04372e-45
4.30098e-34
304.734
38.436
4.87791e-87
2.0413e-102
2.32043e-101
7.10745e-101
1.88517e-97
7.26434e-57
5.02426e-101
30.4354
1.64024e-61
1.34415e-57
6.26235e-73
1.44026e-52
3.78957e-38
32.8699
7.17761e-87
1.31379e-100
2.2731e-97
75.8894
25.3437
34.341
5.27493e-101
4.48498e-63
1.25476e-51
3.00459e-102
8.10391e-102
6.21004e-101
1.65037e-67
7.30381e-96
2.47313e-102
40.1754
53.8297
2.51777e-41
6.43864e-28
39.1337
43.634
3.75065e-47
1.46525e-12
2.04933e-89
65.2969
1.43497e-101
56.1222
3.19537e-84
2.8226e-79
4.38395e-53
1.89979e-97
3.45282e-45
3.71317e-49
27.7821
4.0764e-63
6.99256e-79
1.63164e-59
3.51162e-40
7.80868e-90
4.25998e-81
4.34808e-60
2.60115e-63
5.57623e-102
59.5949
7.28331e-101
1.62279e-59
3.17314e-51
1.17195e-66
2.41263e-85
1.35974e-101
42.6255
2.96034e-96
2.12829e-84
29.6516
2.54224e-31
37.7232
1.91953e-49
2.56127e-53
1.00945e-99
7.49986e-96
22.0125
40.0245
81.5433
4.99365e-81
60.7921
59.8889
44.3771
3.87479e-95
23.9348
2.31573e-37
1.42552e-71
1.86869e-92
1.35908e-92
9.51797e-20
2.25183e-94
63.7398
43.4331
152.758
1.41487e-42
1.29457e-81
70.5903
40.9462
4.76922e-51
1.15217e-90
3.74967e-95
6.40422e-63
36.7013
3.42286e-58
124.114
5.78905e-29
5.62402e-102
1.38847e-88
1.18845e-91
18.5541
24.5784
51.0077
2.86857e-41
1.74912e-96
4.3952e-102
33.7326
5.35215e-94
36.6435
2.78346e-17
9.018e-100
41.0356
1.58542e-44
9.89416e-101
1.69577e-87
1.58415e-95
30.0922
1.34592e-54
6.10022e-69
1.02901e-52
9.47944e-19
3.1906e-49
45.059
1.49719e-41
47.3402
7.37468e-66
1.91323e-92
6.92719e-99
1.27113e-52
2.47438e-85
6.39099e-88
1.03371e-47
2.49825e-95
1.77205e-61
1.07925e-07
1.4075e-70
1.66945e-89
15.8571
47.8824
4.95384e-12
5.36016e-84
1.73259e-93
100.302
7.04001e-60
1.30637e-44
49.1442
21.0304
1.16674e-54
25.8284
3.80506e-88
6.15795e-06
5.38149e-92
1.87586e-63
1.00708e-102
1.80242e-58
45.0893
3.37309e-62
77.489
4.96538e-52
236.54
7.14436e-84
1.45785e-102
1.0063e-103
1.33682e-70
3.27289e-65
148.999
6.81451e-55
2.15436e-69
1.77103e-68
15.1944
70.0653
0.0065435
2.6376e-69
2.77078e-67
1.50171e-89
1.4443e-68
1.08749e-99
1.48706e-87
1.6932e-21
5.23134
1.79258e-80
24.8181
3.80386e-88
3.28752e-90
5.39229e-68
8.13628e-88
1.73962e-78
3.71724e-95
5.85712e-99
9.76029e-87
28.1276
18.8718
64.2804
32.543
4.22365e-95
1.57388e-12
2.54492e-08
6.82409e-98
6.4378e-63
3.13219e-70
33.0315
128.244
6.30032e-84
21.9822
8.40094e-20
56.3108
1.18136e-61
1.54714e-98
2.18133e-54
1.54824e-99
4.93401e-84
8.36336e-27
7.10781e-91
7.00171e-95
24.9046
3.80489e-88
2.80203e-40
1.86232e-49
2.11189e-06
34.9477
12.0542
9.25875e-99
5.26439e-66
69.8335
1.05977e-56
3.07758e-87
59.5696
1.32325e-87
2.34766e-98
1.45647e-23
2.39577e-102
3.29365e-52
2.14898e-99
1.23328e-41
4.40303e-71
86.775
3.13826e-56
6.25223e-102
8.40012e-54
6.70648e-93
2.77041e-55
30.165
9.7394e-53
2.83106e-93
1.08723e-46
4.1603e-07
1.23724e-102
8.93634e-60
1.61451e-83
3.5415e-84
40.8014
1.4365e-88
5.32328e-23
7.48524e-101
1.58278e-96
1.83865e-43
4.20816e-87
1.10611e-87
27.6279
2.64245e-45
1.15936e-36
2.02336e-96
2.02401e-102
9.48681e-98
2.72065e-95
2.72432e-35
7.33632e-94
4.83959e-66
19.5349
1.75127
18.732
1.70397e-35
3.71617e-88
26.6409
6.65219e-87
1.04212e-89
3.57462e-102
1.4975e-07
4.76128e-98
2.28153e-99
38.5814
3.80467e-88
4.37851e-98
2.21611e-31
1.4033e-11
2.80864e-60
1.08591e-99
1.91839e-16
1.38082e-57
3.30625e-86
5.66341e-29
28.1554
4.16203e-55
1.62318e-66
43.1504
4.6349e-55
7.27054e-93
3.17824e-31
1.27067e-101
1.72473e-86
9.26444e-84
19.5334
1.77371
18.7124
22.6723
1.24282e-89
5.04354e-35
49.6515
14.7984
58.7809
15.3051
2.90307e-14
6.02693e-96
21.4066
24.5428
6.12464e-67
29.4342
9.24348e-100
8.45832e-94
41.6919
1.92146e-93
2.54308e-95
4.12349e-42
2.294e-93
28.0723
24.0309
3.4786e-37
5.38153e-19
2.34285e-46
3.20978e-94
5.33526e-93
5.46995e-96
4.67925e-43
2.24618e-47
19.5346
1.75152
18.7316
23.8359
5.44351e-97
2.90663
1.8386e-41
4.17076e-38
9.52434e-84
28.9714
3.69065e-46
1.14242e-69
32.2221
5.26882e-41
5.23535e-94
2.34233e-63
6.83298e-102
2.35298e-99
1.75995e-81
7.00513e-22
3.11752e-11
1.21421e-52
1.81731e-90
55.2686
8.79617e-101
6.70259e-65
28.4303
2.07869e-45
2.87042e-55
1.52896e-62
56.4431
2.85174e-12
2.86761e-60
9.98977e-48
1.18313e-31
1.68072e-32
3.05571e-98
3.03299e-10
1.62311e-77
6.06098e-53
4.48351e-99
1.33475e-93
1.87188e-91
7.50264e-88
1.10166e-64
50.8651
2.32295e-58
2.59195e-101
9.9962e-102
46.2158
10.8447
6.23913e-31
2.94227e-32
4.1418e-48
1.27454e-49
6.28498e-32
32.2396
1.24587e-37
1.5804e-94
19.2659
1.08611e-08
4.08345e-77
18.2348
6.28805e-42
7.17309e-59
3.74323e-50
1.58451e-47
3.35982e-104
4.84589e-41
5.58515e-41
1.3019e-93
3.63035e-52
0.0323174
7.11901e-41
0.00116102
2.99751e-60
2.75303e-89
37.2052
1.93995e-101
98.6689
2.29604e-88
1.572e-91
2.68077e-102
2.40084e-34
3.39923e-49
4.68002e-93
9.43211e-54
1.67272e-97
4.38784e-91
32.2113
1.24616e-37
2.93598e-17
9.77967e-91
3.18724e-102
26.0175
38.106
4.73569e-38
1.58033e-100
43.3934
30.5357
1.09169e-101
6.66232e-75
8.16738e-61
1.84439e-101
1.66885e-63
6.35583e-27
24.4904
1.95495e-72
47.9329
36.8967
1.09228e-51
3.16646e-87
9.04125e-90
3.79796e-29
1.38474e-98
2.3351e-52
4.14952e-97
9.60549e-33
3.22923e-81
3.13398e-60
1.32772e-19
2.13496e-81
32.2396
1.24614e-37
2.41379e-94
43.3429
3.38211e-70
1.76704e-95
1.72767e-87
2.06413e-73
6.75404e-97
5.10114e-99
2.3124e-41
5.59911e-102
2.37883e-24
1.24713e-08
1.11564e-98
7.57597e-100
9.25533e-104
15.0851
5.96608e-38
3.56583e-39
8.13485e-43
3.12878e-58
6.51958e-62
6.12021e-32
1.67677e-07
1.10203e-101
1.52552e-62
4.01661e-47
1.44538e-100
9.93384e-99
1.67361e-45
8.05221e-90
VECTORS velocity float
-4.97777e-100 -8.46126e-100 0
-1.66724e-98 -7.37748e-97 0
-4.54805e-32 4.09476e-32 0
2.75303e-53 1.81099e-53 0
-6.3975e-93 -1.72449e-93 0
-7.59602 -24.7868 -4.91372
1.71859e-54 1.58969e-54 0
3.06371e-47 -2.74047e-47 0
1.26338e-73 -1.11145e-72 0
2.97495 0.735077 -24.6912
-3.04826e-92 -5.95935e-92 0
-1.45379e-65 -1.14754e-63 0
-12.2188 -28.9667 9.09453
-9.3039e-91 -7.44473e-90 0
1.22212e-76 5.67419e-77 0
-1.90079e-102 -1.96403e-102 0
9.39368e-74 1.25083e-73 0
-3.77298e-85 1.46661e-84 0
-37.3331 -44.7368 21.5947
26.2138 -14.8908 13.2044
3.72424e-94 -6.42682e-95 0
7.99484e-29 -3.80463e-29 0
6.60557e-64 1.09287e-62 0
-27.6428 -8.36657e-06 -0.453979
-1.24614e-37 -1.7962e-41 0
1.03425e-64 1.84103e-64 0
4.51295e-59 2.9687e-59 0
-1.38804e-46 -7.14769e-47 0
-6.24185e-24 -3.41983e-24 0
-39.2698 33.2357 17.6774
0.332553 27.3082 -16.4295
-50.7479 23.0571 -13.9229
-1.62667e-51 -1.26601e-51 0
5.56914e-64 3.66348e-64 0
-2.79152e-99 -2.89335e-99 0
2.19666e-79 -1.66629e-78 0
24.2089 4.20146 -23.7086
10.1671 13.4373 -23.6641
3.89547e-68 -3.8817e-69 0
4.47091e-96 3.81888e-95 0
1.15234e-51 3.74055e-52 0
2.12637e-68 1.51153e-68 0
18.366 41.6623 56.1322
-7.60104e-52 5.34507e-52 0
-3.26084e-14 -2.95114e-15 0
-1.0905e-104 9.6622e-105 0
2.12482e-83 2.18784e-83 0
-9.79157e-104 -2.60386e-103 0
-1.10633e-101 -1.49569e-101 0
-9.65054e-90 -1.56874e-89 0
-7.00363e-91 -8.67157e-92 0
18.3493 2.84784 -25.0245
1.97336e-49 -8.42593e-50 0
-5.01339e-24 -4.49607e-24 0
-1.26957e-97 -1.49599e-97 0
-4.01729e-52 2.82497e-52 0
-27.6134 4.29835e-06 -0.431876
-1.24617e-37 -9.02468e-42 0
-3.00678e-86 -5.46407e-86 0
-2.27266e-36 1.97786e-36 0
2.194e-90 -8.06013e-91 0
1.91651e-81 -3.20879e-82 0
1.1469e-86 -2.50168e-86 0
3.2414e-39 -6.19141e-39 0
26.0648 -17.1079 5.98377
0.000381585 0.000251013 0
-1.87193e-85 7.86405e-86 0
-4.84596e-104 -5.3319e-103 0
-5.62835e-93 -2.79926e-93 0
-4.62682e-100 7.46021e-100 0
1.97908e-99 1.9748e-98 0
26.9817 30.7308 -23.9946
-1.51185e-101 5.73602e-102 0
9.64373e-75 4.8883e-74 0
7.80931e-60 5.84578e-61 0
-1.06505e-20 -6.63073e-22 0
8.2612e-25 -2.86911e-24 0
6.05626e-55 3.98392e-55 0
-12.9592 86.099 -20.2068
3.25767e-53 2.14296e-53 0
1.63842e-69 3.28232e-70 0
-6.51024e-87 4.35231e-87 0
1.54605e-100 -5.67929e-100 0
-7.11146e-101 -2.26547e-100 0
8.59755e-60 5.65563e-60 0
1.43891e-97 -8.08865e-97 0
3.08498e-30 -1.33615e-29 0
-1.62377e-70 1.14184e-70 0
-3.32311e-88 -2.65904e-87 0
-27.6428 1.20571e-05 -0.453978
-1.2459e-37 -4.29853e-43 0
-2.76976e-50 8.91295e-51 0
-6.26246e-19 1.35893e-19 0
-2.85825e-65 2.00993e-65 0
2.07009e-24 -2.61877e-24 0
2.37663e-94 -8.23321e-96 0
1.10799e-90 1.29996e-90 0
-28.3349 -4.03435 -22.4831
3.65512e-34 6.16683e-34 0
-1.62249e-83 3.59023e-82 0
-7.82806 41.6331 3.78871
-1.20138e-70 8.44816e-71 0
5.46157e-61 -4.2574e-61 0
-7.06386e-102 6.76778e-102 0
1.18729e-32 -1.90935e-32 0
6.51786e-46 -7.0299e-46 0
-1.08273e-63 3.12297e-63 0
30.4707 -0.282396 26.4912
4.01925e-27 6.08285e-28 0
15.5837 12.4076 -3.22599
-6.6261e-57 4.65949e-57 0
4.55732e-100 1.0342e-99 0
-1.21917e-32 -1.15685e-32 0
-1.40501e-55 9.88005e-56 0
-3.87264e-67 9.01195e-67 0
3.88302e-17 -5.96927e-17 0
1.00648e-52 -8.2402e-53 0
3.16568e-70 -1.89109e-69 0
13.2616 64.9918 15.9896
1.575e-100 -1.24467e-99 0
-4.56334e-98 1.65249e-97 0
2.0787e-104 -2.76926e-103 0
-3.73423e-89 -2.98797e-88 0
-6.80892e-91 -6.99978e-90 0
-4.42572e-103 -1.05719e-102 0
26.7664 -11.4069 6.16134
-6.1621e-88 -4.78267e-87 0
1.68434 -7.24321 -21.1411
4.13887e-86 9.15142e-86 0
-2.83317e-64 1.99229e-64 0
1.01034e-35 2.81715e-35 0
-6.43811e-95 -9.65966e-95 0
5.13363e-83 3.37781e-83 0
-0.000263549 -27.6245 -0.443823
4.41339e-43 -5.2687e-41 0
-6.04229 -9.65678 -23.1645
16.375 16.7529 -22.5642
5.166e-100 -6.14763e-100 0
-8.43935e-16 2.89421e-15 0
22.4397 -32.4454 -22.757
-7.7657e-34 7.48977e-35 0
4.57369 -57.6084 -9.71612
21.7018 -5.78346 -23.9629
-1.04429e-05 -8.05741e-05 -19.5346
-3.94515e-05 -2.07695e-05 1.75127
-0.000170996 -0.000126218 -18.7317
6.1344e-63 3.06833e-63 0
2.97413e-40 3.45245e-41 0
11.7383 11.3402 -14.3463
-3.31063e-92 1.96549e-92 0
36.6782 34.2832 13.4712
3.738e-36 2.45892e-36 0
9.01364 27.4126 23.9198
4.98626e-58 3.28006e-58 0
-2.10591e-23 1.36188e-23 0
2.80377 30.3759 -23.6456
-1.5088e-92 3.8033e-88 0
1.43018e-62 7.72434e-64 0
-1.76594e-102 -2.80903e-103 0
23.5815 -9.87296 -20.8774
-3.52281e-89 -1.48189e-87 0
3.32561e-100 6.14083e-100 0
-2.20586e-56 -5.07061e-56 0
-4.86942 6.38493 0
16.8714 -21.3014 -10.1126
20.9508 -27.99 -0.299028
3.25564 -24.2799 -15.1407
-1.32197e-63 -7.99722e-62 0
3.07303e-65 4.77671e-65 0
-157.367 -52.3119 25.0076
6.8493e-86 9.80913e-87 0
1.39647e-77 -1.07333e-76 0
8.21819e-60 -2.29694e-59 0
3.36236e-98 8.7711e-98 0
-1.38818e-102 -2.23294e-103 0
-0.135248 -27.1592 -17.8392
-5.35667e-06 1.18231e-05 -19.5334
-3.66404e-05 5.54664e-13 1.77371
-0.000732185 0.000113873 -18.7122
-4.84551e-63 3.40738e-63 0
3.59573e-54 -4.42634e-54 0
0.0896075 0.00931896 0
5.30139 1.80308 -24.4236
9.11508 2.62419 31.2132
-7.45633e-96 -4.60619e-95 0
16.9117 2.8053 -15.2722
21.0342 0.496177 -9.5532
8.92091e-77 -5.59722e-76 0
6.18615 13.4466 -14.4668
-0.000684562 13.7847 -20.9899
-6.57544e-68 -2.89517e-67 0
2.35874e-27 2.87264e-27 0
-1.50981e-33 1.10373e-33 0
1.70091e-10 1.2027e-09 0
-7.43444e-62 5.22792e-62 0
-1.01317e-52 7.12463e-53 0
-1.06814e-55 7.51118e-56 0
-3.52673e-35 -2.04194e-34 0
-9.5169e-46 1.45767e-44 0
3.23133 -24.3567 -14.93
1.56013 -3.34162 -24.3941
3.02575e-28 7.81773e-28 0
1.00755e-93 -5.67278e-93 0
23.8851 5.03429 5.01537
-20.0248 -13.4743 6.29756
1.05528e-40 -1.64851e-40 0
-5.22183e-92 1.15548e-90 0
20.8768 48.0259 -15.3693
1.61528e-85 -5.11242e-85 0
-3.47786e-05 4.10886e-05 -19.5345
-3.94515e-05 2.07696e-05 1.75127
-0.00116756 0.000121232 -18.7313
-8.65565 -21.0219 -6.8119
4.92577e-93 5.24009e-93 0
8.95113 -18.8831 -19.9552
9.17012e-84 3.50154e-83 0
1.93444e-38 -5.02605e-38 0
1.76942e-34 -1.12281e-34 0
9.64838e-65 -9.75529e-65 0
-8.26659e-101 -6.60801e-100 0
-1.98616e-56 1.39667e-56 0
-0.000188484 32.0718 -3.10917
-2.21541e-50 2.64243e-45 0
2.3663e-73 2.69065e-73 0
-5.07398e-28 -1.71824e-27 0
11.1421 26.7051 -20.1687
-5.79862e-96 -2.38082e-95 0
13.8722 21.1808 -12.7703
2.66556e-50 3.90672e-50 0
1.50565e-101 7.56971e-103 0
44.8071 57.9164 -11.7652
-6.08299e-86 1.34604e-84 0
-13.5905 -83.1711 47.4418
-5.07142e-74 3.56623e-74 0
17.0336 -31.1964 -7.81639
17.4873 -9.98151 1.41939
3.94918e-51 2.59784e-51 0
55.1549 -4.48841 12.1918
55.8027 19.4786 -9.81657
-4.34643e-100 -1.88436e-98 0
2.68209e-96 -4.61106e-95 0
1.04587e-59 6.87989e-60 0
-6.266e-23 -1.22901e-22 0
8.728e-103 -3.35113e-101 0
-8.71643e-53 5.16074e-53 0
-1.12821e-90 -8.73088e-90 0
1.49008e-33 1.03685e-33 0
-7.88871e-90 -3.92345e-90 0
-1.52542e-96 -8.63675e-97 0
-7.00528e-10 -1.43691e-11 0
3.22655e-96 -1.23094e-96 0
1.77156e-100 -1.00353e-99 0
3.15472e-87 5.58009e-87 0
-3.53862e-88 5.41536e-88 0
-7.83575e-85 -6.26989e-84 0
2.98067e-102 2.3471e-101 0
-6.27107e-101 5.48933e-101 0
3.49927e-22 1.25592e-21 0
1.19216e-91 2.63573e-92 0
-1.17749e-92 -2.09908e-92 0
7.52191e-75 9.99442e-74 0
4.47337e-06 -4.99936e-06 0
1.53175e-90 1.00339e-90 0
-2.02269e-54 1.21249e-55 0
-21.6124 -2.38706 -7.7239
27.6556 3.09256 -22.5571
3.80653e-88 -1.50939e-92 0
10.7158 -45.3724 9.7994
-2.69353e-102 -1.80284e-102 0
7.46343 -20.19 9.99469
-26.4179 -15.8128 46.0041
-7.01848e-66 7.47208e-66 0
1.03921e-79 6.90831e-80 0
4.71077e-66 9.95444e-67 0
20.8484 32.8955 -1.82952
1.53027e-65 -1.59816e-65 0
-36.5891 -175.309 36.1694
6.07148e-101 -9.24198e-101 0
-4.35577e-102 -2.66865e-102 0
-1.24032e-96 -6.16872e-97 0
-1.27832e-91 -1.02182e-90 0
19.807 33.3992 -16.3102
-1.68673e-96 -2.53075e-96 0
-2.92129e-96 -1.45363e-96 0
-5.18904 -0.863465 -6.91075
-8.02042e-74 5.63998e-74 0
0.235001 -0.231291 0
41.9479 -55.3242 -5.61626
13.6631 17.6887 -24.6329
-3.67776e-92 2.95273e-92 0
6.32066e-35 4.15785e-35 0
1.83662e-35 3.36492e-35 0
2.80232e-26 9.28555e-27 0
-1.1712e-56 8.23589e-57 0
21.8546 30.9148 8.64355
6.84027e-98 -1.62953e-96 0
6.03608e-71 1.42158e-71 0
-1.39274e-32 9.99075e-34 0
26.6868 3.02534 -22.3309
3.80285e-88 -3.56948e-93 0
0.107017 0.122757 0
3.62569e-90 4.78637e-91 0
-1.78505e-35 -4.26455e-36 0
-8.77187e-88 -7.15121e-87 0
-6.06293e-83 -2.62163e-81 0
2.25758e-79 -2.25322e-79 0
-9.91694e-11 6.54898e-11 0
-3.61193e-05 -6.96876e-07 0
5.03798e-42 3.31408e-42 0
73.6135 24.481 -17.8607
-80.1365 -15.2501 -2.33656
0.492092 6.85535 -19.3098
9.70778e-56 6.38595e-56 0
-0.0542939 -0.0911741 0
1.66057e-101 9.58918e-101 0
5.26913e-67 -2.80874e-67 0
5.40785e-28 4.64592e-28 0
-2.66023e-18 -2.80114e-18 0
8.71739e-75 5.73446e-75 0
7.69597 -1.9725 -17.7835
-3.33162e-08 1.87665e-06 0
2.52492e-100 -2.36288e-100 0
-3.9055e-83 -1.9424e-83 0
-5.88097e-100 2.12355e-99 0
13.0632 -18.3739 -23.3265
41.5506 -51.831 -9.4835
-2.2672e-55 1.5943e-55 0
17.5884 -20.4178 24.193
-8.32236e-56 -2.75432e-54 0
-28.1625 12.6868 -5.73104
-2.53042e-42 9.46352e-44 0
27.8155 -1.10684 -22.2064
3.80508e-88 1.67208e-92 0
87.9206 -179.726 202.543
27.4242 25.9097 49.69
8.57824 22.3202 -16.7085
6.244e-25 -3.86301e-24 0
9.7881e-69 6.43879e-69 0
1.9524e-98 -4.64656e-97 0
-1.6138e-96 -5.18468e-97 0
32.4341 -6.09436 -19.0503
1.58081e-47 1.03989e-47 0
-5.57822e-88 -4.51437e-87 0
-9.30906e-103 1.41287e-102 0
5.36197e-21 7.76802e-21 0
1.86391e-39 -1.124e-39 0
1.08926e-57 7.16534e-58 0
-93.6366 9.86611 2.04976
1.70967e-47 1.12465e-47 0
-1.0518e-100 3.83391e-101 0
1.34148e-38 -7.5533e-38 0
6.46716e-86 -1.95174e-86 0
-2.38532e-89 -1.03257e-87 0
3.8407e-51 6.08974e-51 0
-6.43501 -20.6021 -15.4142
-5.06252e-61 3.55998e-61 0
-4.16253e-99 -1.01389e-98 0
-6.70954e-93 4.10441e-93 0
-4.69509e-63 1.05255e-63 0
6.21495e-68 1.85835e-68 0
1.8012e-58 1.18486e-58 0
-3.84352e-67 1.01259e-66 0
1.276e-81 1.2281e-82 0
-1.08508e-69 7.6303e-70 0
-1.28029e-93 6.82425e-94 0
17.9494 -1.63802 0
2.90824e-40 1.9131e-40 0
-2.15307e-57 1.51404e-57 0
-1.34346e-103 -1.42218e-103 0
3.73689e-40 2.45819e-40 0
-3.58935e-90 -2.87147e-89 0
8.98538e-87 7.93634e-87 0
-5.59235e-103 -7.09142e-103 0
31.4003 43.1662 4.17904
-2.72587e-88 -2.18115e-87 0
-1.04284e-102 -8.60786e-103 0
25.376 41.9753 -16.67
0.359775 27.7248 -13.0219
-3.60228e-87 7.10104e-88 0
-6.00225e-63 -4.1076e-63 0
-1.39965e-102 -7.46446e-103 0
0.0299919 0.00793823 0
9.17437 2.90582 -9.21005
3.34574e-63 -1.28409e-63 0
4.01752e-29 2.6428e-29 0
3.11696e-101 -1.51499e-102 0
-2.75789 7.04612 -6.47446
-2.57859e-59 -8.67623e-61 0
1.00518e-64 7.37311e-65 0
-9.1586e-53 6.44035e-53 0
-2.0391e-81 4.38584e-82 0
-9.10269e-07 5.05642e-07 0
16.8893 16.5769 -23.7346
5.52577e-83 -3.61529e-83 0
-1.63334e-78 -1.32708e-77 0
6.03468e-76 3.81729e-76 0
-2.44865e-87 -1.95936e-86 0
-2.24172e-98 3.05835e-98 0
23.6448 -6.84118 -22.7411
-1.0561e-88 -8.45302e-88 0
1.18764e-45 7.8125e-46 0
109.553 -35.1964 -16.5954
-4.66144e-103 -1.31227e-102 0
-8.34158e-60 5.86582e-60 0
-5.72327e-68 4.02462e-68 0
-8.60789e-100 -7.61541e-99 0
-4.32635 6.65624 -1.13123
-3.48581e-66 2.45123e-66 0
8.68184 5.05863 2.90195
7.47995e-49 -2.45109e-49 0
-2.75084e-92 -1.21315e-91 0
-6.86074e-74 4.82449e-74 0
-2.63046e-61 -2.20603e-62 0
-3.79163e-70 2.66629e-70 0
2.27499e-101 8.51631e-102 0
4.14259 -29.3502 -11.9715
16.8989 -33.5947 -9.22694
2.75032e-43 -7.92548e-44 0
8.82651e-22 2.49695e-22 0
-11.8764 5.31953 -9.95608
-4.16922e-23 -4.45744e-25 0
1.13762e-87 -1.37492e-87 0
8.14047e-41 -1.04042e-40 0
-4.97379e-96 4.45397e-97 0
-5.70594e-101 4.59956e-102 0
-1.63752e-38 -2.58978e-38 0
-1.33509e-35 8.75251e-36 0
-52.3284 15.9455 -17.4565
-1.26019e-97 4.56476e-97 0
3.06047e-64 2.01324e-64 0
-2.97566e-104 7.13159e-104 0
6.51543e-103 -7.44935e-102 0
81.8451 4.54878 136.735
-3.42305e-49 2.40709e-49 0
84.916 -52.4375 -14.3207
-1.80856e-99 3.3678e-99 0
-3.47339e-16 8.65198e-17 0
11.9399 12.7706 -1.35822
-131.943 95.0632 22.9627
-2.7553e-48 1.93753e-48 0
-8.44433e-78 5.81489e-78 0
6.03033 -69.2833 -21.2307
26.2206 2.70315 -22.4408
-9.57905e-81 -2.84124e-80 0
-6.71226e-92 -2.18835e-92 0
-2.84483e-90 3.52921e-90 0
3.1279e-104 -8.76852e-103 0
1.76046e-89 3.2401e-88 0
3.35355e-54 2.20603e-54 0
14.9189 -2.56965 -19.1012
-4.76874e-88 -3.81403e-87 0
3.43274e-66 2.25831e-66 0
-6.23245 -1.51381 -6.37815
-3.74944e-47 4.51366e-49 0
-3.18556e-85 -2.54904e-84 0
25.4804 -12.1492 -10.4833
6.1683e-38 -7.17053e-38 0
-1.79796e-76 1.99344e-76 0
2.63966e-98 9.79609e-99 0
5.5181e-69 -2.0147e-68 0
-2.42433e-101 5.5916e-101 0
-4.11104e-56 2.89089e-56 0
-2.71578e-56 1.90975e-56 0
-2.36222e-102 2.28199e-102 0
-1.06608e-37 1.6559e-37 0
-3.29036e-86 -5.45736e-86 0
-3.59727e-34 -5.23442e-33 0
9.06623e-51 2.18974e-50 0
1.99086e-99 2.11704e-99 0
-2.21061e-100 -3.8736e-100 0
30.5583 46.6881 10.2845
-18.0654 -5.76742 3.03152
-2.42223e-74 -1.10538e-74 0
-5.47451e-85 -4.38057e-84 0
1.27507e-62 8.38761e-63 0
1.54646e-16 -4.07058e-17 0
-6.42099e-70 4.51525e-70 0
-4.12634e-90 3.61677e-89 0
5.32803e-36 1.40235e-35 0
10.5826 -17.2537 -22.3894
-3.97079e-49 2.79227e-49 0
5.75548e-43 -3.34787e-42 0
-4.19536e-100 2.60052e-100 0
-5.8763e-22 5.97827e-21 0
9.63784e-105 -2.79195e-103 0
4.92031e-100 -2.78966e-99 0
-1.5245e-94 -1.08844e-93 0
2.64172e-102 -4.72823e-101 0
-8.45347e-71 2.38709e-69 0
8.50471e-50 1.07289e-49 0
73.8725 8.69458 6.9878
1.74712e-32 7.37268e-32 0
5.00159e-10 -1.52968e-09 0
1.45434e-65 9.56692e-66 0
2.32542e-73 -8.93858e-75 0
-4.66004e-99 -6.01664e-99 0
-8.18693e-06 -22.866 2.75044
8.93592e-45 -1.10097e-42 0
1.26003e-97 -4.24722e-98 0
7.95489e-94 1.44393e-94 0
-2.83094e-95 1.02565e-94 0
19.7323 -43.1984 19.04
-45.64 -19.9207 -2.61794
-3.18332 7.87159 -17.9257
-2.79538e-85 -2.23677e-84 0
-1.21472e-92 2.68791e-91 0
-1.31057e-05 -0.000104049 -19.5338
-3.34652e-06 -1.46527e-05 1.85377
-3.70567e-05 -0.00015971 -18.6422
-2.13951e-97 -1.35584e-96 0
-1.02278e-53 -1.18136e-53 0
1.6833e-62 2.13046e-62 0
1.12292e-63 4.21693e-64 0
-8.78901 17.1213 -5.26774
4.10827e-102 2.76758e-102 0
1.54754e-25 -1.8418e-25 0
5.56524e-67 3.66091e-67 0
3.08429e-32 -4.3833e-31 0
3.08224 25.8813 -22.0397
-5.54676e-93 2.47998e-88 0
4.75507e-94 1.84322e-93 0
2.99649e-77 3.08537e-77 0
-1.37189e-96 6.03492e-96 0
4.59984e-98 -1.09566e-96 0
-1.16341e-32 7.61251e-31 0
2.30462 -0.170398 0
1.44097e-55 1.21722e-55 0
-4.85337e-85 -3.88358e-84 0
8.44886 20.3041 -21.2538
3.54853 -19.1817 -14.1362
-8.27132e-63 -4.47836e-61 0
-4.17165e-86 1.05249e-85 0
4.49845e-69 1.21901e-68 0
3.06831e-102 -1.78313e-101 0
-10.1013 11.2678 -20.7387
-8.71495e-90 4.99368e-90 0
26.6413 -44.6762 -20.9029
23.7666 -45.2094 -17.9234
-1.9421e-66 1.36569e-66 0
5.78459e-05 1.66079e-05 -19.528
-3.0817e-06 2.76456e-09 1.87276
-8.27794e-05 1.11269e-05 -18.6253
13.3524 -14.305 -17.1869
-6.8568e-71 -2.94206e-71 0
4.76547 2.00545 0
1.61835e-45 8.19254e-46 0
4.94608e-09 -4.00736e-09 0
5.26371 7.19945 -12.5882
22.0973 9.2579 18.5218
4.53152e-12 4.347e-13 0
-2.93469e-87 -8.44064e-87 0
3.35043 21.6881 -19.3247
-1.60231 12.3554 -20.3748
9.85761 -12.0377 -20.6395
-4.56973e-83 1.01119e-81 0
-1.07921e-85 1.33602e-82 0
-3.81942e-86 8.45158e-85 0
1.02495e-63 9.86501e-64 0
-4.33983e-91 -3.43393e-90 0
1.82618e-84 1.52884e-83 0
3.86903e-57 1.3431e-57 0
5.94086e-76 1.73519e-74 0
3.49692 -19.3067 -13.8136
1.78337 -3.10065 -23.9559
3.81487e-90 -1.72272e-89 0
1.00893e-10 3.08808e-10 0
-1.2723e-89 -6.32776e-90 0
1.48431e-86 -3.75665e-86 0
-2.52054e-64 1.77245e-64 0
9.05918 65.3946 43.1987
8.59572e-61 -7.07724e-60 0
-1.42698e-87 -1.14182e-86 0
2.77575e-05 2.92204e-05 -19.5336
-3.28332e-06 1.4671e-05 1.85377
-0.000366463 7.9039e-05 -18.6419
-5.16329e-40 7.0577e-42 0
8.13336e-53 -1.28222e-52 0
-8.09769e-92 -6.4795e-91 0
3.20608 -12.1288 -9.42445
6.16358e-80 -8.46528e-80 0
-9.05988e-92 -3.27458e-91 0
-1.18577e-23 -2.40794e-23 0
-20.2468 -16.0489 -21.6859
-1.72766e-102 6.21636e-104 0
-1.2307e-05 27.7635 0.526072
-9.01435e-45 1.10086e-42 0
-1.45634e-98 -1.1761e-97 0
-1.13596e-93 4.40979e-94 0
3.48409e-10 -1.10084e-10 0
-25.5795 38.608 13.5408
-1.30521e-101 -1.52645e-100 0
-5.48023e-97 -2.41997e-97 0
4.78851e-49 -1.87458e-47 0
2.44677e-11 2.97023e-10 0
-7.88585e-83 1.74498e-81 0
-5.39091e-102 -1.76681e-102 0
6.18411 -0.108387 0
-3.26439e-69 8.38159e-69 0
2.94819e-98 3.39685e-98 0
-4.0494e-13 -7.27108e-13 0
-3.36853e-93 7.45386e-92 0
-1.30973 -10.3605 14.9002
-3.5692e-64 -3.21672e-64 0
1.85258e-91 -4.58928e-91 0
-1.96984e-55 1.3852e-55 0
-6.63756e-82 1.66828e-82 0
-2.62523e-99 -2.10051e-98 0
-2.44751e-90 -1.95372e-89 0
-1.71626e-91 -1.53196e-90 0
1.56441e-98 -1.1911e-98 0
-2.94813e-91 -1.27478e-89 0
-2.69225e-78 -1.4226e-78 0
8.49149 -22.5963 -18.9477
1.98885e-55 2.20736e-55 0
1.17849e-92 -5.66872e-90 0
-15.025 -37.252 7.69664
-3.47109e-100 -1.50892e-98 0
5.57484e-102 -4.24427e-102 0
7.93896e-104 1.20332e-102 0
3.17625e-104 -1.03177e-103 0
3.26926e-89 -6.03599e-89 0
9.53862e-90 1.79575e-90 0
7.11975e-58 4.6835e-58 0
2.45364e-35 4.82996e-36 0
2.54538e-48 -7.84943e-49 0
4.32254e-21 9.49812e-21 0
-5.621e-66 3.9527e-66 0
-8.64041e-76 1.39634e-76 0
26.7777 3.15508 -22.2405
3.80586e-88 -2.96782e-92 0
1.66151e-99 -2.98762e-99 0
1.15637e-100 -3.68475e-100 0
5.26059e-48 -6.51628e-49 0
-1.48633e-55 -4.2714e-56 0
8.49351e-51 -5.37943e-51 0
9.62553e-40 -1.0286e-39 0
-2.08846e-44 1.46861e-44 0
-1.24757e-102 -8.20615e-102 0
1.50462e-78 2.04217e-79 0
-1.08674e-91 2.40474e-90 0
-9.27599e-99 -1.09291e-98 0
10.4698 50.5851 27.8064
-2.22581e-94 -2.62214e-94 0
-3.26795e-08 3.90106e-09 0
-61.9381 40.0145 8.91466
-4.33243e-87 -8.5382e-87 0
-3.76044e-62 2.64435e-62 0
-1.33346e-86 -6.63195e-87 0
1.60644e-99 3.12657e-99 0
-9.55697e-102 -1.3509e-101 0
3.19525e-45 -1.32719e-46 0
13.3897 18.2123 -24.7196
-2.54836e-102 5.62773e-104 0
-3.55785e-99 -1.16209e-99 0
-35.522 9.08793 -9.86524
-5.83779 32.733 -7.14646
1.91652e-65 1.70909e-65 0
-1.34859e-99 -9.10367e-99 0
-6.8466e-85 -5.47897e-84 0
11.5433 -9.37792 -19.4556
-2.63415e-90 3.26784e-90 0
25.8295 3.0889 -22.016
2.49011e-88 9.59965e-96 0
1.638e-98 -1.06561e-98 0
0.00259701 0.0076965 0
19.2944 78.5286 33.1961
7.64934 -5.55175 -25.0722
1.30807e-32 -6.83952e-34 0
5.60739e-32 -3.37619e-32 0
-3.63622e-25 -2.87778e-24 0
1.78894e-79 6.56369e-79 0
-7.4598e-102 1.6643e-102 0
-22.0393 -33.1973 21.6365
-74.2555 13.5113 7.74966
-1.98718e-16 -2.80732e-16 0
-4.41543e-51 -2.61325e-51 0
6.55755e-23 -1.12488e-22 0
-7.87677e-99 1.60115e-98 0
1.64191e-74 -1.31812e-74 0
8.40929e-63 5.53178e-63 0
-9.11165e-88 -7.28453e-87 0
16.8188 17.7378 -2.831
-8.24006e-65 -7.56256e-65 0
47.1615 16.8046 22.2829
1.59682e-100 -1.60457e-100 0
8.90142e-104 -1.12158e-102 0
-1.25361e-103 7.50603e-104 0
1.30773e-83 -1.98213e-83 0
26.9831 -30.7844 16.7628
-1.23188e-94 -1.55145e-93 0
5.80365e-78 -2.32319e-77 0
-8.73759e-86 -3.77816e-84 0
1.37889e-99 -7.99135e-100 0
-3.23134e-45 1.14556e-45 0
26.9017 -1.10783 -21.8543
3.79961e-88 3.05218e-92 0
4.07336e-65 2.67953e-65 0
-2.65859e-31 1.13156e-31 0
1.62886e-63 -6.32228e-64 0
1.16037e-84 -5.43517e-85 0
1.75497e-45 1.15445e-45 0
-21.6337 15.5335 -16.8453
5.33447e-50 -1.48438e-50 0
20.3998 0.763383 -24.5395
1.47929e-56 9.73106e-57 0
5.62147e-90 4.55118e-90 0
2.38858e-101 7.97565e-102 0
-1.12515e-63 -6.12594e-63 0
2.05677e-53 1.35298e-53 0
-46.3548 -28.1913 -20.9315
5.5783e-88 3.70394e-88 0
1.40372e-95 4.85475e-96 0
-16.8701 -1.432 -22.21
5.88048e-62 -2.90682e-61 0
1.12388e-24 -3.07787e-24 0
-1.08555e-98 6.84878e-99 0
-2.04413e-102 2.03922e-102 0
-1.01137e-19 4.26648e-20 0
-5.37715e-64 3.78123e-64 0
-8.98369e-93 -1.36803e-92 0
-6.45984e-101 6.60169e-101 0
-18.0547 29.8231 -21.2709
-4.77901e-44 -6.30917e-44 0
4.20325e-44 -7.54602e-43 0
8.99696e-94 1.70334e-93 0
-4.15207e-100 -2.06762e-100 0
-6.7803e-85 -5.42538e-84 0
22.4597 5.96234 -18.8576
-1.68129e-42 4.52929e-43 0
-4.94368e-68 3.47641e-68 0
9.63826e-98 2.97639e-98 0
-2.2084e-57 -1.41817e-57 0
-6.53118e-101 -7.87314e-101 0
3.48019e-12 3.99671e-13 0
-3.71972e-60 2.61571e-60 0
1.6229e-12 -1.24926e-12 0
-3.96203e-45 8.31676e-45 0
-7.22433e-79 -6.29325e-79 0
-1.04226e-102 -8.58586e-103 0
1.30966e-14 8.16809e-14 0
0.813592 28.2784 -13.1915
9.38094e-17 -7.11746e-17 0
7.78968e-102 -1.93694e-102 0
-15.5685 2.99813 -7.55886
1.00331e-97 -2.39057e-96 0
1.5443e-96 3.36819e-96 0
5.77029 25.8298 -18.4699
3.48347e-59 -2.55765e-59 0
1.30776e-101 6.14058e-103 0
-20.1925 3.54269 -14.1706
-1.87931e-69 -6.58866e-71 0
1.39449e-84 1.12899e-84 0
9.52888e-97 3.44956e-97 0
6.1986e-45 -4.92084e-45 0
-1.19616e-62 4.218e-63 0
-1.08512e-66 -1.92309e-66 0
-7.37349e-99 -3.44846e-101 0
-3.31382e-65 9.59073e-66 0
16.2068 -66.7576 -0.974599
-2.2526e-87 -1.80247e-86 0
4.28152e-94 9.47933e-94 0
-5.06165e-85 -6.48086e-85 0
3.00604e-103 -3.02649e-103 0
-5.69822e-85 -4.55952e-84 0
-2.16373e-87 -1.73134e-86 0
6.08846e-45 3.14329e-45 0
-8.82695e-93 -4.39008e-93 0
-2.17226e-103 -1.50241e-103 0
-8.16526e-100 -4.03664e-100 0
-4.81467e-76 3.38569e-76 0
-1.98528e-55 1.39606e-55 0
14.5841 10.8521 0.472523
-4.75125 11.9602 -19.8111
1.91309e-102 -7.16256e-103 0
-2.01245e-95 -3.06453e-95 0
44.1765 62.6432 -12.5702
-72.5796 -15.6688 -22.7807
-3.25911e-40 4.98872e-40 0
1.08432e-58 -2.5974e-60 0
-6.19987e-41 3.21524e-40 0
-5.15923e-103 4.31133e-103 0
-1.06338e-86 -4.59811e-85 0
-19.246 3.5021 -13.8015
-12.2873 -0.27827 -25.1452
2.38406e-58 -2.50341e-58 0
1.30164e-54 -1.799e-53 0
-1.21724e-99 -6.52947e-101 0
-3.32722e-25 -6.83125e-26 0
-1.33856e-35 -8.23192e-36 0
4.05687e-98 3.42897e-98 0
-1.18567e-76 -1.38449e-76 0
8.90003e-57 -6.35243e-57 0
1.36941e-51 9.00821e-52 0
4.45324e-98 3.70185e-98 0
10.2752 -15.6464 -17.8656
3.9669e-77 -6.63582e-77 0
-5.87037e-85 -4.69727e-84 0
-10.8028 -6.10021 -11.907
-1.67278e-97 1.53634e-97 0
-1.27717e-43 1.04706e-43 0
-8.48775e-56 5.96861e-56 0
69.4943 -63.9876 1.02519
-4.06135e-92 -3.25502e-91 0
4.28933 -14.8128 -18.0802
4.199e-11 -1.14101e-10 0
-3.56278e-100 3.81197e-101 0
-36.7001 55.196 31.3219
-4.65978e-83 -2.31754e-83 0
-4.2476 -60.9885 -8.5486
3.40571e-06 -5.99657e-06 0
7.1511e-54 4.70412e-54 0
1.73598e-46 -1.84429e-45 0
-2.72137e-08 -7.69997e-09 0
-1.02835 0.651976 -4.81334
1.60744e-86 -3.78123e-87 0
-20.12 -0.881653 -12.8958
-3.09825e-41 2.6701e-43 0
1.42945e-86 -1.75156e-86 0
-35.0439 -0.818925 -20.5722
-3.86324e-31 -5.5209e-31 0
9.80649 0.844413 -22.8663
-3.38334e-11 -1.80579e-11 0
1.47889e-51 9.72841e-52 0
4.78398e-59 3.14699e-59 0
5.83758e-68 3.8896e-68 0
-1.0294e-69 1.34712e-69 0
-3.63377e-102 3.5024e-102 0
-4.25412e-104 -2.59271e-103 0
2.44983e-91 3.9611e-91 0
1.62411e-77 1.38566e-77 0
-3.33978e-100 6.79428e-100 0
-5.09802 9.51455 13.4453
-7.45381e-41 -2.95932e-41 0
20.8262 -49.92 -5.75707
-5.75111e-49 4.04419e-49 0
-6.11828 -3.35648 -4.86935
-4.24208e-63 2.98304e-63 0
-6.82459e-41 -7.6841e-41 0
7.40804e-97 -1.6977e-96 0
3.842e-68 2.55245e-68 0
2.34095e-90 -6.35652e-90 0
3.20295e-51 2.24304e-51 0
-1.5251e-94 -4.41287e-95 0
-5.90767e-76 4.15429e-76 0
-1.42891e-76 1.00481e-76 0
-1.53326e-100 -2.2427e-100 0
-9.78094e-64 6.87798e-64 0
4.6751e-106 -1.30281e-103 0
4.34132e-100 -2.49463e-99 0
-5.21452e-94 -4.08888e-93 0
2.36311e-102 -4.0361e-101 0
-1.34524e-69 1.89003e-68 0
-1.1018e-103 -1.77903e-102 0
27.0438 -36.7585 -9.36587
-2.30965 17.494 -6.26335
-7.50034e-96 7.49239e-95 0
-11.6201 33.1913 -19.5345
4.64186e-72 -7.82074e-72 0
1.7145e-67 1.12783e-67 0
5.52775e-06 -22.8555 2.75668
8.94432e-45 -1.10097e-42 0
-101.995 58.9812 -23.9009
60.9328 -167.624 49.4968
-2.10573e-89 4.65954e-88 0
4.3404e-57 2.8552e-57 0
4.90951e-14 3.22956e-14 0
5.74898e-60 1.62003e-60 0
1.3745e-56 3.97881e-57 0
6.60516e-58 4.34499e-58 0
-7.93137e-06 -9.87898e-06 -19.5334
3.69602e-08 -1.45553e-05 1.85465
-8.45321e-07 -4.39909e-05 -18.6417
-21.4502 15.5942 -12.5048
2.679e-62 -5.76769e-62 0
-2.44765e-93 4.97534e-93 0
4.71368 27.0456 -12.6805
-48.5716 31.7775 20.8527
5.54032 20.7184 -23.3816
1.16012e-61 5.26716e-62 0
17.7035 7.66838 -18.8565
3.70918e-33 -5.07012e-32 0
3.08334 25.8693 -22.031
-1.14112e-92 2.4883e-88 0
6.31212e-38 -1.36126e-36 0
1.0186e-53 6.70056e-54 0
-3.86583e-72 2.71846e-72 0
8.00945e-79 9.14744e-80 0
-0.354971 -0.17067 -23.8483
30.0187 29.514 -8.83412
74.3403 -92.9545 -10.1487
-4.47773e-95 -4.42942e-94 0
8.72931 19.9185 -20.0902
3.55092 -19.1648 -14.1313
-8.26526e-63 -4.47836e-61 0
8.24304 -42.3031 -15.2129
1.0516e-52 6.91761e-53 0
-3.01805e-102 3.64521e-102 0
-1.28049e-41 -6.1755e-42 0
1.18355e-13 -6.71063e-13 0
-7.30159e-91 -5.84249e-90 0
-0.151051 -39.2748 -23.9418
21.4234 14.6059 -23.0237
6.22655e-05 1.78617e-05 -19.5271
2.39568e-07 6.39099e-08 1.87369
5.22964e-05 1.50055e-05 -18.6245
-4.05385 -5.55162 -22.6897
-6.73292e-92 -1.0102e-91 0
46.8841 -41.4562 -10.3548
7.22212e-54 -7.1901e-55 0
3.60644e-06 -7.88534e-08 0
4.49485e-43 2.95679e-43 0
-13.0974 15.4639 -4.5863
3.83602e-80 1.0127e-79 0
-1.16933e-85 -9.35807e-85 0
3.35319 21.672 -19.3175
-1.55843 12.4494 -20.3955
5.66642e-66 3.72748e-66 0
26.2279 0.625625 -17.5151
6.7557e-104 1.59192e-103 0
-7.29312e-41 5.12854e-41 0
-1.19821e-23 -1.799e-23 0
-6.46523e-98 -7.58729e-97 0
-9.6586 48.7435 14.6279
-9.17042 28.7145 9.21342
3.16959e-72 4.03444e-71 0
3.49819 -19.2916 -13.8062
1.78665 -3.10441 -23.9524
-1.83653e-91 1.44338e-91 0
1.98628e-32 6.50804e-32 0
3.25315e-05 0.000230027 0
9.90244 15.6187 -19.1714
-1.63293e-102 7.63259e-104 0
-9.22577e-65 -3.28315e-64 0
-1.16928e-33 -8.06365e-33 0
8.62953e-86 -3.45733e-86 0
5.49355e-05 1.59299e-05 -19.5331
3.13297e-05 2.35742e-05 1.85475
-2.32419e-05 4.9164e-05 -18.6414
3.61473e-71 3.35207e-71 0
-1.00027e-91 -7.99072e-91 0
4.36377e-53 1.6921e-52 0
-23.4146 -29.6343 -22.132
-9.32128 -20.2251 13.5881
-4.55721 -14.0014 -23.2317
-2.82189 15.5968 -8.99867
2.08808e-76 2.13655e-76 0
2.79479e-68 1.83848e-68 0
7.30017e-06 27.7539 0.533315
-8.93438e-45 1.10097e-42 0
-2.71981e-99 -2.4468e-98 0
-5.35964e-06 1.10612e-05 0
-4.83393e-103 3.93327e-103 0
-1.32809e-91 -9.24907e-90 0
5.6052e-68 1.55586e-67 0
-5.77301e-93 -1.57974e-92 0
3.19473e-78 7.06449e-78 0
4.72954e-29 3.11118e-29 0
-3.5565e-82 7.8698e-81 0
-61.2174 -28.4218 -8.5977
-8.85631e-60 -6.11045e-58 0
31.0576 35.7538 25.5518
-7.68786e-101 -5.73668e-100 0
19.1304 -0.472078 -24.2788
0.00477592 0.0336701 0
-17.7566 -29.331 2.65878
5.49034e-94 -2.47932e-93 0
9.87752e-104 1.73752e-102 0
1.16705e-101 2.92316e-102 0
1.37874e-52 9.06962e-53 0
-7.58154e-22 -8.89707e-23 0
3.14698e-74 1.18381e-74 0
3.12696e-100 -4.38817e-100 0
2.43722e-85 1.60319e-85 0
2.03966e-102 -1.2639e-102 0
2.692e-47 9.48422e-47 0
-4.984e-48 5.22367e-48 0
-1.24177e-81 5.37237e-82 0
6.87874e-34 -5.01356e-34 0
4.83529e-84 4.27077e-84 0
1.18875e-54 -9.43707e-55 0
6.6706e-102 -5.0872e-102 0
3.74258e-101 4.62888e-101 0
1.19397e-103 -3.17168e-103 0
7.24792e-103 -1.24027e-101 0
6.23325e-11 2.9569e-10 0
-1.3206e-101 6.47731e-101 0
2.73517e-39 6.40384e-39 0
1.538e-53 -7.08798e-54 0
8.13384e-98 6.1871e-97 0
3.42193e-86 3.65772e-86 0
-7.18675e-92 -2.96839e-92 0
26.7775 3.15653 -22.2397
3.80142e-88 -1.919e-92 0
7.8164e-102 6.81343e-102 0
1.6914e-52 1.11263e-52 0
-2.33625e-92 -9.75452e-91 0
-23.8496 -5.4824 -22.9934
-3.68378e-47 -1.2595e-46 0
-22.5286 14.9527 -24.2691
42.5949 -28.736 -18.3321
-8.27312e-70 5.95365e-70 0
-3.15513e-87 -1.13142e-86 0
3.42999e-99 7.70918e-99 0
-3.56161e-102 -6.28022e-102 0
-17.1688 27.7587 -11.823
-11.0069 17.4407 -4.14318
7.13462e-57 4.69329e-57 0
-2.78261e-95 7.25205e-95 0
7.56842e-80 -1.1675e-79 0
2.75474e-64 1.81212e-64 0
-9.78252e-103 -1.1906e-101 0
1.97284e-98 2.99764e-99 0
6.10732e-84 8.50033e-84 0
4.63207e-56 1.51889e-57 0
13.3742 18.2192 -24.7185
-2.52133e-41 1.79717e-41 0
-6.25589e-66 4.39916e-66 0
2.33728e-73 -1.62958e-73 0
7.6831 31.4486 -16.9627
-1.01338e-90 -1.94774e-89 0
5.52746e-73 -3.68884e-73 0
27.8578 -25.1421 -22.2916
-4.44628e-06 1.18717e-06 0
-3.89097e-60 2.73614e-60 0
25.8322 3.08913 -22.016
2.48485e-88 3.12809e-93 0
-1.22006e-93 -4.42727e-92 0
-23.2789 8.85634 -17.6724
3.54029e-97 -3.08956e-98 0
4.35275e-56 2.86332e-56 0
1.14673e-65 1.00071e-65 0
-8.50201e-53 5.97864e-53 0
-7.59609e-94 -9.40512e-95 0
-1.20605e-98 -1.45934e-98 0
26.3267 47.4342 19.5965
-41.4235 -66.418 2.21969
-74.2727 13.7192 7.66694
5.39119 -49.8142 -20.7508
-3.54998e-55 -5.41147e-55 0
1.51136e-70 3.31285e-71 0
-4.00323e-05 1.12345e-05 0
3.04047e-52 2.00007e-52 0
4.57673e-73 -2.51364e-73 0
2.8142e-69 2.15596e-69 0
1.0044e-51 6.60715e-52 0
3.74667e-42 2.46463e-42 0
47.73 13.5984 20.3718
5.0474e-99 -5.4168e-99 0
-4.87368e-101 -6.42434e-101 0
4.91334e-19 3.23208e-19 0
25.6759 -39.892 -8.70112
-1.36277e-78 1.76569e-78 0
5.55752e-59 1.22562e-58 0
-2.46772e-94 9.57947e-95 0
2.3567e-100 2.96242e-100 0
-6.72597e-22 1.97183e-21 0
-9.45749e-64 6.65053e-64 0
26.9012 -1.10877 -21.8534
2.48441e-88 1.86651e-92 0
7.16849e-18 3.88349e-18 0
-4.10932e-19 -1.18926e-17 0
18.4648 -7.79788 -11.0107
5.34179e-103 -6.18646e-104 0
45.8742 -13.2 -24.0673
2.49779e-57 -2.19954e-58 0
-0.00912088 -0.0385722 0
-4.1223e-72 2.89881e-72 0
2.18015e-57 1.43414e-57 0
8.75558e-90 7.08858e-90 0
2.38734e-101 7.8633e-102 0
-6.25246e-63 -3.43712e-62 0
-6.47498e-95 -2.88244e-93 0
4.74724e-44 -6.39673e-45 0
1.81252e-31 1.19231e-31 0
1.23943e-22 -1.02793e-23 0
-5.74499e-101 -1.14013e-102 0
4.00898e-69 2.94255e-69 0
1.24812e-63 8.21035e-64 0
16.8694 92.1655 25.0812
-1.63345e-101 8.45822e-102 0
-16.7173 -29.6291 4.83756
2.14904e-37 1.41368e-37 0
-1.10306e-46 -2.83804e-46 0
54.0719 -26.8685 -10.2243
2.73181e-07 -4.86952e-07 0
1.04245e-28 -1.46726e-29 0
-1.22672e-44 1.74551e-44 0
-8.58354e-73 6.03596e-73 0
2.51012e-15 -1.11746e-14 0
-4.10015e-91 -1.77292e-89 0
-0.131181 -1.42961 0
-35.9236 52.0168 0.628287
-2.4526e-95 -1.96262e-94 0
-4.53308 -5.9245 -11.1766
-4.62107e-96 -1.99816e-94 0
5.54874e-47 3.65006e-47 0
1.81503e-64 1.19396e-64 0
2.21126e-95 -1.68348e-95 0
5.28974e-32 -2.64875e-32 0
6.6709e-51 3.70969e-50 0
-1.12817e-90 -1.02844e-90 0
-1.04225e-102 -8.58572e-103 0
7.6476e-18 5.38871e-17 0
0.836511 27.5675 -13.3933
-2.42606e-78 1.40254e-78 0
5.83026e-10 5.98521e-10 0
58.9925 -13.3447 -10.0693
-2.09945e-55 -1.81986e-55 0
-19.3952 9.53529 -16.5156
4.33038 13.2308 -9.59947
2.12801e-98 8.17447e-99 0
3.17242e-103 -2.40924e-103 0
-20.1914 3.54229 -14.1707
-2.4786e-88 -8.74323e-93 0
3.04897e-53 3.72928e-53 0
-1.62037e-85 -7.00682e-84 0
4.93855e-48 1.29043e-48 0
6.97175e-05 -0.0001792 0
1.03126e-45 -1.54046e-46 0
-2.14717e-76 1.50989e-76 0
0.587534 32.2404 -14.6667
2.90292e-44 -3.90769e-44 0
5.68869e-61 3.74212e-61 0
-2.14145e-66 5.29985e-66 0
-1.92699 12.8317 -18.9707
1.79821e-103 -1.63215e-103 0
2.05815e-64 1.35389e-64 0
-34.8964 -17.1262 -5.89231
2.38413e-56 1.56832e-56 0
3.54259e-48 1.24286e-47 0
3.81261e-81 1.16447e-80 0
-3.47443e-47 7.84779e-47 0
-1.15539e-58 8.12476e-59 0
4.15816e-69 3.18687e-69 0
14.6579 10.9308 0.406732
-15.6129 12.2376 -23.5167
66.0855 -44.4323 -13.4316
-4.52311e-91 -1.10586e-90 0
8.4207 62.4381 -20.4989
5.06503e-38 2.63558e-37 0
7.88567e-50 1.22406e-49 0
2.69254e-87 8.95302e-88 0
-2.73588e-95 -4.16617e-95 0
8.27792e-102 -6.31092e-101 0
5.11929e-51 3.36756e-51 0
-19.2459 3.5021 -13.801
-2.47823e-88 1.59244e-93 0
-5.86711e-97 1.44629e-97 0
-11.7819 -1.24611 -9.67702
-7.8856e-100 -4.116e-101 0
-3.08297e-96 -1.24301e-97 0
-3.61459e-66 9.5012e-68 0
-7.02065e-93 6.44802e-93 0
5.27901e-98 -4.48335e-98 0
-3.33189e-64 2.34299e-64 0
-3.64405e-58 2.5625e-58 0
8.33094e-45 5.48024e-45 0
-5.72531 -16.158 -19.9062
2.70279e-41 -8.51568e-41 0
-9.90167e-43 -7.97816e-43 0
-18.3163 20.1795 -18.2574
-3.57965e-98 4.44079e-98 0
-7.16891e-86 -1.83744e-85 0
5.39249e-47 -3.24452e-47 0
3.02981e-82 2.05493e-82 0
-1.5368e-90 -1.19521e-89 0
1.20624e-76 7.93488e-77 0
1.08676e-13 -2.72665e-13 0
-3.71341e-100 -3.76857e-100 0
13.4105 -23.5903 21.9896
9.76216e-80 -1.8952e-78 0
-0.165274 -0.0742498 0
-4.17318e-103 -4.5903e-102 0
6.05553e-54 3.98344e-54 0
9.17509e-57 6.03554e-57 0
-3.10092e-73 8.18037e-73 0
4.20712e-06 -0.00104942 0
1.21072e-45 7.96433e-46 0
-20.1189 -0.881291 -12.896
-2.4786e-88 1.26847e-92 0
-4.06028e-53 -1.25358e-52 0
-35.0429 -0.798757 -20.5581
-1.09298e-101 -1.24255e-101 0
-5.31417e-102 -3.83261e-101 0
-8.40211e-87 1.85921e-85 0
-4.31539 25.1276 -13.0733
-2.8227e-93 3.50176e-93 0
-8.25499e-83 -2.53979e-83 0
-2.05673e-48 1.2457e-48 0
-3.63376e-102 3.50238e-102 0
3.3364e-103 3.06127e-102 0
2.49114e-103 4.87795e-102 0
-8.56333e-53 1.62035e-52 0
-9.28466e-80 2.0545e-78 0
51.4672 13.7136 9.26826
-2.26471e-59 1.59255e-59 0
5.27965 -2.01015 -18.0429
22.1623 10.3426 -20.4838
-31.2139 -12.4049 -10.3919
-3.46804e-99 2.72539e-99 0
-1.85223e-100 2.68903e-100 0
-18.3199 -6.15367 -8.99363
-1.52892e-64 3.53139e-64 0
-2.62984e-91 3.44229e-91 0
-2.51129e-72 2.18356e-71 0
3.76278e-56 2.21587e-56 0
2.45738e-87 6.2931e-88 0
-2.28071e-88 -9.86225e-87 0
-8.35331e-99 9.70113e-99 0
1.94082e-09 4.92185e-09 0
1.6022e-103 -1.50235e-102 0
2.38305e-103 -3.10583e-102 0
-3.3013e-91 -2.84539e-90 0
4.55618e-103 -4.89188e-102 0
-2.97935e-69 4.4435e-68 0
-3.14798e-94 1.1232e-94 0
-2.69465e-99 -7.11476e-99 0
-2.14877 22.4347 -9.73188
-6.76101e-29 2.23505e-29 0
-0.000157535 0.000371781 0
-9.62887e-88 5.13816e-87 0
5.08812e-47 3.34706e-47 0
5.36926e-06 -22.8555 2.75673
8.93049e-45 -1.10098e-42 0
-4.91965e-18 -5.77329e-19 0
6.73601 6.38072 -3.03618
-6.14787e-89 3.59985e-88 0
15.9757 -43.1433 -4.71102
-2.01647e-41 1.96075e-40 0
-2.09041e-59 -6.1981e-60 0
-8.18321e-44 1.04856e-42 0
3.15222e-06 6.88227e-06 0
-8.66652e-05 -8.75613e-05 -19.5333
1.19065e-07 -1.45258e-05 1.85465
6.24431e-06 -0.000260614 -18.6413
8.17121e-24 -8.43065e-24 0
-2.25395e-17 -3.10695e-17 0
5.21995e-31 1.1616e-32 0
1.02674e-68 3.68067e-69 0
-6.30002e-13 -8.50749e-13 0
2.05124e-07 1.31889e-07 0
-3.05892e-37 2.52116e-37 0
6.4203e-92 1.96637e-91 0
1.5504e-33 -2.14333e-32 0
3.08556 25.8701 -22.0309
-3.3938e-90 8.74399e-88 0
-5.69025e-83 -2.34809e-82 0
2.79977e-50 1.84174e-50 0
-5.60219e-90 1.23965e-88 0
1.49757e-52 9.85126e-53 0
-1.22801e-98 -4.96271e-98 0
-1.61835e-21 -7.44162e-22 0
5.29059e-100 -3.00486e-99 0
1.44422e-92 -6.67586e-93 0
9.06056e-85 5.9602e-85 0
3.55115 -19.1646 -14.1315
-8.26581e-63 -4.47831e-61 0
2.23307e-91 4.09129e-92 0
-4.92046e-75 1.68005e-74 0
50.3539 -0.057777 56.2758
1.21706e-100 -3.79455e-100 0
45.3458 -7.02543 -5.36018
5.42092e-86 3.56499e-86 0
-4.50513 -36.9806 18.501
-2.31437e-80 -1.15105e-80 0
6.08403e-08 -2.46077e-07 -19.5275
5.79925e-05 1.66958e-05 1.87388
4.0409e-05 -2.35219e-05 -18.6248
3.65803 23.4734 -6.3233
-5.89195e-27 3.39027e-27 0
-5.75879e-91 -4.60164e-90 0
3.17494e-54 -2.79585e-55 0
2.13001e-08 3.74181e-09 0
30.1199 39.0436 12.6848
10.6739 24.3267 -11.4276
7.71369e-50 5.07421e-50 0
-3.16557e-89 -1.3129e-87 0
3.35356 21.6716 -19.3177
-1.55839 12.4494 -20.3955
1.31534e-75 -2.1694e-75 0
-1.71622 0.781325 -18.3961
-8.03667e-101 2.48788e-99 0
-1.56718e-101 1.83109e-101 0
-2.11486e-67 -2.45657e-67 0
1.37046e-56 9.01512e-57 0
-1.09687e-84 -8.77678e-84 0
2.99205e-50 -1.33936e-50 0
3.94495e-80 5.61945e-79 0
3.50037 -19.2922 -13.8051
1.78878 -3.10996 -23.9527
7.33641e-100 -1.2215e-98 0
5.77504e-35 1.84944e-34 0
-7.48667e-10 1.40788e-08 0
2.18366e-95 -6.77938e-95 0
-5.04212e-41 3.54563e-41 0
-3.05975e-99 -3.41874e-97 0
4.32634e-66 -8.66741e-66 0
7.43896 -34.728 -13.4976
1.8836e-07 6.7341e-08 -19.5334
0.000150466 5.78782e-05 1.85514
1.63461e-07 3.83012e-05 -18.6417
1.02583e-46 -2.8545e-47 0
-9.80505e-92 -7.84509e-91 0
-25.6866 54.9607 -21.2568
-71.875 3.14522 -19.9621
6.47404e-101 -2.7984e-100 0
5.20474e-96 5.17234e-96 0
-4.12826e-59 2.903e-59 0
-1.58449e-85 -1.26091e-84 0
-6.81056e-101 -7.64837e-99 0
0.000121334 27.7541 0.533663
-8.92915e-45 1.10099e-42 0
-1.82728e-101 -3.24065e-99 0
-9.59017e-89 -7.66824e-88 0
6.17622e-73 -6.26242e-73 0
-3.29145e-48 1.06342e-48 0
1.47656e-95 1.2076e-95 0
-4.1079e-91 1.60906e-91 0
1.68051e-102 -6.39603e-102 0
-11.4888 14.4688 -20.1711
-1.95018e-82 4.31536e-81 0
1.06618e-103 -1.30959e-104 0
2.85831e-102 2.34246e-101 0
-1.72918e-50 1.74482e-50 0
-1.89568e-96 -2.1246e-96 0
-1.3931e-100 1.10733e-100 0
7.82891 59.8088 -23.1924
-8.95182 -19.2476 -19.327
5.24883 20.4551 16.0901
4.34593e-90 -5.64352e-90 0
-6.54929 -18.0089 29.0727
-7.24785e-94 -8.53841e-94 0
-4.09996e-35 -5.24981e-36 0
4.78121e-19 -3.96533e-20 0
-59.1992 19.0996 -20.5576
1.29006e-16 -2.94994e-16 0
38.2968 25.7564 4.26521
-84.3896 9.8763 0.373245
2.17501e-55 1.53288e-55 0
-2.0893e-54 8.83654e-54 0
-2.02766e-54 2.58407e-55 0
6.10283e-85 -7.21855e-85 0
2.16366e-51 -1.71765e-51 0
5.64153e-102 -4.29772e-102 0
1.25293e-104 1.17186e-102 0
-1.37428e-81 -3.03268e-81 0
1.9819e-101 -1.48552e-100 0
-7.76489e-94 -4.3986e-94 0
1.34562e-91 -3.09762e-92 0
-13.8005 -3.3755 -10.1172
1.24937e-56 -4.06532e-57 0
-1.5185e-85 1.30011e-84 0
-5.72716e-17 5.00738e-17 0
4.03359e-40 -1.17443e-39 0
26.7765 3.15872 -22.2411
2.48477e-88 -6.7957e-93 0
-2.93041e-60 -2.92443e-60 0
5.37122e-53 3.53329e-53 0
-1.95977e-41 -9.83207e-42 0
1.01492e-36 1.28335e-36 0
2.77773e-73 -3.44425e-73 0
-1.64503e-56 -1.77234e-56 0
1.11259e-39 7.31883e-40 0
1.53059e-94 -1.89356e-94 0
4.3012e-42 2.82941e-42 0
1.0122e-96 2.30354e-96 0
-5.52824e-105 -3.49234e-104 0
8.04975 21.521 10.1208
1.36388e-71 2.43559e-71 0
-3.32417e-102 9.82432e-101 0
-9.30333 -111.765 -8.433
-2.15495e-87 -9.27898e-88 0
8.03038e-60 5.28253e-60 0
-9.05095 -26.1375 21.1482
1.01215e-98 -6.51929e-99 0
3.2139e-13 7.62888e-13 0
9.42906e-55 5.51186e-56 0
12.637 17.8619 -24.6762
-2.96682e-42 2.10888e-42 0
-5.54762e-85 -4.4391e-84 0
8.66172e-53 -4.08292e-52 0
-34.5307 -8.21668 -12.3002
-5.184e-13 4.62125e-14 0
-2.39178e-72 1.6819e-72 0
-1.7454e-74 -6.45931e-74 0
8.64306e-16 -1.49452e-15 0
4.26628e-05 0.000159323 0
25.8287 3.08864 -22.0202
2.48036e-88 6.32375e-93 0
-14.2487 13.2438 -1.65487
-3.01968e-58 -2.96899e-59 0
2.35321e-58 1.70476e-58 0
8.57589e-48 -3.52182e-48 0
-1.9636e-40 -1.00283e-39 0
-6.18141e-99 -2.87508e-99 0
1.24452e-102 1.08182e-101 0
-37.6725 35.7284 38.8133
-4.93909e-70 1.67993e-69 0
-1.53073e-85 -6.61893e-84 0
-2.92956e-87 -2.34415e-86 0
-8.68896 -46.4864 -16.6556
13.1656 63.0372 1.05513
-3.84321e-55 -2.29837e-55 0
-9.49479e-58 3.95734e-58 0
-57.3182 -8.89696 15.6125
2.47259e-51 -8.77024e-52 0
-4.39832e-103 1.57594e-103 0
16.6356 -95.5442 -6.25807
31.0744 -19.4211 26.7519
42.497 16.1039 31.4438
-2.04259e-76 1.2912e-76 0
-1.11285e-83 -5.53476e-84 0
-4.35561e-60 3.06288e-60 0
2.95858e-11 -8.27894e-12 0
-1.13462e-39 2.64648e-39 0
43.264 -3.26126 -3.62325
21.7474 73.1676 -4.65488
30.3308 10.4918 5.25697
-36.8059 22.4672 -3.45308
-8.65098e-85 -6.92235e-84 0
26.9004 -1.11048 -21.8547
2.47859e-88 1.64265e-92 0
4.27872e-53 2.81462e-53 0
-3.52852e-16 -6.65764e-17 0
-5.25045e-62 -4.81876e-62 0
4.80458e-89 4.24365e-89 0
38.4497 76.3471 -12.5872
17.7241 -30.4901 -19.1124
-0.0597223 16.9935 8.91744
-35.2294 -48.9464 55.4793
-4.89195e-94 6.0688e-94 0
1.32844e-90 1.07552e-90 0
3.63727e-101 1.47589e-101 0
-6.19648e-63 -3.43697e-62 0
5.78402e-55 -4.81278e-55 0
8.94904e-50 -6.73214e-49 0
-6.46261e-06 -1.67043e-05 0
-1.00341e-69 7.05598e-70 0
34.1255 20.3949 -4.84452
1.963e-55 1.16575e-55 0
37.2652 6.67938 -24.0799
1.03281e-100 -3.89336e-100 0
-7.93727e-102 2.6708e-102 0
1.04828e-19 -2.49218e-19 0
2.1472e-57 1.41247e-57 0
-9.43211e-86 2.08713e-84 0
6.38352e-96 1.57877e-95 0
3.54265e-100 2.69521e-99 0
2.53349e-42 -2.73252e-42 0
-1.73146e-98 -2.23599e-98 0
2.05243e-62 6.53378e-63 0
156.859 18.3429 -20.231
3.93134e-40 2.58611e-40 0
13.6166 -36.8312 -15.2864
1.13597e-54 -6.5876e-55 0
-7.31559e-94 -5.80881e-93 0
-24.8662 -46.5991 13.5487
-3.75426e-101 -5.41909e-101 0
-1.86974 21.7225 -21.5841
-2.31272e-47 3.75996e-46 0
-2.16283e-63 1.21286e-63 0
-5.9732e-98 -8.9621e-98 0
-0.227355 0.985835 0
-1.47611e-89 -1.35185e-89 0
-1.04223e-102 -8.58554e-103 0
7.6505e-18 5.38875e-17 0
0.852843 28.2804 -13.1702
-9.35327e-13 -1.42653e-13 0
-8.04301 -1.93301 -24.8128
3.39735e-103 -1.99218e-104 0
-7.67821e-99 -9.05972e-99 0
-9.298e-88 1.15348e-87 0
-9.1168e-35 2.00437e-35 0
-8.82952e-89 -3.80866e-87 0
-1.4799e-69 1.22354e-69 0
-20.1914 3.54038 -14.1685
-2.48442e-88 -6.42713e-93 0
48.6063 20.5367 -4.72364
1.22111e-98 2.6714e-98 0
-2.66095e-102 -4.72398e-103 0
-8.49739e-57 3.95594e-57 0
1.18562e-52 7.79925e-53 0
-7.28552e-66 -9.3882e-66 0
10.5835 47.2693 50.4041
-9.35341e-23 -3.03214e-23 0
1.60754e-85 8.759e-86 0
-5.1317e-66 1.25274e-65 0
-1.62506 -22.1273 -23.2455
6.2161e-101 -4.73316e-101 0
-7.70919e-52 5.42112e-52 0
1.79493e-21 -7.40553e-22 0
-7.55001e-95 -8.89437e-95 0
2.21791e-79 1.45898e-79 0
2.84834e-57 1.87369e-57 0
-2.60093e-102 1.74997e-102 0
-1.01028e-88 -4.36849e-87 0
-6.37226e-89 -2.75534e-87 0
14.8312 9.92485 -1.85957
-16.0376 12.1187 -23.5935
1.05044e-53 -3.55187e-55 0
-3.52227e-97 -8.13222e-98 0
4.44135e-79 -3.50328e-77 0
5.0606e-24 3.32895e-24 0
-70.3993 -5.99398 6.8806
-9.13381e-08 -8.77432e-08 0
-3.1676e-07 -2.20952e-07 0
24.9985 -3.04151 -18.6117
-4.75018e-49 3.34034e-49 0
-19.2466 3.50266 -13.7953
-2.18921e-58 -1.83597e-59 0
-1.00417e-88 4.92243e-89 0
-1.03302e-53 7.26419e-54 0
-2.49232e-49 1.31544e-50 0
-5.15371e-87 -2.5632e-87 0
-1.54444e-66 4.05917e-68 0
6.54964 10.9816 -23.08
-25.7528 -21.5658 -16.4399
29.6562 -19.4675 -17.9754
1.40591e-42 9.24835e-43 0
1.45008e-39 9.53891e-40 0
-6.28431 -15.7361 -19.7964
1.78023e-102 -9.32906e-102 0
8.03097e-74 -8.39456e-73 0
-1.24865e-98 2.54016e-98 0
-21.9261 -3.58818 -23.8132
-8.27738 2.61594 -15.4026
3.73556e-49 2.45732e-49 0
-37.5479 10.1847 55.2513
3.61089e-27 1.53919e-27 0
5.03232e-58 3.31035e-58 0
8.04365e-15 -2.06973e-14 0
-3.71119e-100 -3.7758e-100 0
-26.3249 1.70681 13.8763
1.55244e-38 -6.33252e-39 0
4.6875e-78 5.77806e-78 0
6.46664e-71 4.25387e-71 0
1.04457e-90 6.87124e-91 0
-7.38709e-100 -1.0457e-99 0
-3.61111e-83 -6.02932e-83 0
2.81305e-59 1.85048e-59 0
9.53746e-53 6.27391e-53 0
-20.1193 -0.880057 -12.8945
-2.48441e-88 1.7426e-92 0
-6.566e-20 2.34843e-19 0
-35.056 -0.75933 -20.5136
-1.37305e-99 -1.3352e-98 0
2.11933e-87 3.42671e-87 0
8.91988 -65.2767 -3.20698
11.9349 -8.21543 -22.1691
-1.71731e-71 1.18256e-71 0
-4.39039e-50 -5.33317e-50 0
1.08389e-82 1.22865e-82 0
-3.63372e-102 3.50233e-102 0
-2.43273e-104 9.34394e-104 0
6.26305e-79 3.71044e-79 0
-2.23804e-83 -8.09123e-84 0
-3.38851e-61 2.38281e-61 0
-1.27312e-26 7.00081e-27 0
-3.88534e-50 1.61691e-50 0
-9.56544e-45 -4.69664e-45 0
-2.72635e-28 1.5739e-28 0
-14.5437 16.0456 -23.7551
1.87299e-78 2.95881e-80 0
-3.73255e-37 -4.28394e-37 0
4.23976e-47 2.79195e-48 0
-3.16555e-97 2.5312e-96 0
1.86401e-72 -1.00944e-72 0
4.38708e-89 5.68712e-90 0
2.67534 72.5174 24.7216
-1.7211 -4.13126 -23.7517
2.06801e-47 1.36037e-47 0
-1.19683e-95 -3.63709e-95 0
-1.13791e-96 8.94308e-97 0
6.40895e-103 -1.11588e-101 0
3.46663e-103 -1.33836e-102 0
-4.71547e-88 -4.06471e-87 0
7.27277e-104 -5.83961e-103 0
-2.35992e-69 4.45762e-68 0
1.17167e-78 7.70746e-79 0
-17.4092 -28.9244 -16.4304
0.85311 31.4876 -16.4444
1.80767e-84 6.72667e-85 0
9.2577e-13 1.98879e-12 0
-6.47018e-55 3.27583e-54 0
-8.33149e-89 -8.15175e-88 0
5.22986e-06 -22.8555 2.75668
8.93101e-45 -1.10097e-42 0
9.82953 14.7289 -6.75011
3.87029e-100 1.79162e-101 0
-1.42625e-90 7.61172e-90 0
20.1625 -43.2382 -1.55824
1.10771e-47 7.28669e-48 0
-3.95874e-67 2.78379e-67 0
18.9926 -25.5711 -12.6124
1.17809e-31 7.6159e-32 0
0.000113226 -0.000113448 -19.5332
3.68546e-08 -1.4544e-05 1.85465
0.000151203 -0.000367941 -18.6411
2.94473e-54 -5.34129e-55 0
-1.02686e-57 2.01709e-57 0
23.8978 7.0741 -9.21006
5.61942e-67 2.11195e-67 0
-4.0178e-81 5.14222e-82 0
7.55866e-09 -1.32059e-08 0
7.88251 3.23676 -21.9932
2.23603e-44 3.46472e-44 0
1.776e-34 -2.49155e-33 0
3.08791 25.868 -22.0322
-1.75058e-88 3.25226e-86 0
1.44062e-100 8.07315e-103 0
2.2447e-45 1.47661e-45 0
5.25493e-89 1.04897e-88 0
16.9453 -11.1334 -17.1265
1.4511e-52 -2.90187e-51 0
-1.38552e-87 1.98025e-87 0
6.27935e-65 5.58925e-65 0
-2.35701e-93 -6.31924e-94 0
2.36545e-60 1.55604e-60 0
3.55124 -19.1646 -14.1319
-8.26662e-63 -4.47738e-61 0
-2.31136e-44 -3.5908e-44 0
-4.41066e-73 -9.42456e-75 0
-43.3446 -66.7481 33.4229
-3.60576 14.1038 -20.0503
1.92058e-15 2.37921e-15 0
3.97786e-69 3.64655e-69 0
20.2203 -33.9437 -4.43166
8.00556e-33 1.1637e-32 0
4.24697e-07 -4.09161e-07 -19.5275
2.02548e-05 5.8314e-06 1.87375
5.96112e-05 -5.15452e-05 -18.6247
1.59095e-92 -1.21133e-92 0
-2.21845e-40 7.76753e-40 0
-1.79978e-17 -2.11207e-18 0
5.44023e-55 -6.15774e-56 0
3.04472e-05 5.17627e-06 0
3.80101e-91 7.1962e-91 0
17.0048 26.115 -5.07426
1.88898e-54 4.11755e-54 0
1.15602e-72 7.60448e-73 0
3.35376 21.6713 -19.3184
-1.55799 12.4492 -20.3953
-1.18393e-66 8.32543e-67 0
-3.07387e-84 -6.34181e-85 0
6.89258e-103 -2.04263e-102 0
7.33404e-62 9.69145e-61 0
1.42462e-99 -4.18061e-99 0
-2.17407e-66 1.52882e-66 0
-9.65435e-14 -1.13295e-14 0
4.87415e-47 1.14333e-46 0
3.3418e-98 6.07208e-97 0
3.50212 -19.2908 -13.8078
1.76895 -3.12354 -23.9428
-8.03615e-92 -1.85539e-92 0
1.84703e-94 2.14005e-94 0
1.09887e-101 3.32423e-101 0
-22.3384 0.855475 -5.45568
9.28517e-59 -3.43608e-56 0
9.26597e-75 6.09532e-75 0
-3.4905e-63 -3.95421e-62 0
-7.34e-68 -7.72409e-68 0
2.0726e-05 -4.05004e-06 -19.5332
9.26177e-05 4.11953e-05 1.85495
4.01524e-05 4.73339e-05 -18.6414
-1.68039e-19 7.86969e-19 0
-2.36231e-10 -1.15903e-10 0
-28.0723 -9.1319 -13.3535
-4.21481e-86 -3.74242e-85 0
-7.28695e-43 -1.49365e-42 0
17.62 14.8947 -9.45942
6.19159e-89 4.00886e-89 0
-25.8778 -3.149 39.3994
2.78709e-87 3.11885e-87 0
0.000108828 27.7541 0.533581
-8.92962e-45 1.10098e-42 0
-1.13892e-98 -1.13797e-97 0
-4.87881e-89 -3.85817e-88 0
-2.00847e-66 -2.70053e-65 0
3.72128e-73 -2.71395e-73 0
1.63709e-37 4.99702e-36 0
9.34979e-26 6.15046e-26 0
33.8917 12.2687 -8.74222
-1.04254e-85 -4.50797e-84 0
-4.38853e-85 9.71091e-84 0
7.11608e-104 -2.66771e-104 0
-2.22297e-63 -5.51861e-64 0
3.18321e-100 7.2433e-100 0
-1.64984e-96 -1.89749e-96 0
5.08299 -1.01056 37.2399
1.80301e-79 1.18606e-79 0
2.31406 -25.5947 -15.5093
-5.10725e-49 -1.8809e-48 0
-8.84068e-20 1.73238e-19 0
67.4131 100.586 2.66601
2.78981e-101 -2.12488e-101 0
-27.1013 -28.4095 -19.9939
2.247e-74 2.09486e-74 0
1.35346e-85 8.90301e-86 0
-3.17333e-103 -2.16195e-103 0
8.79118e-101 -4.86461e-101 0
3.7508e-98 -2.8558e-98 0
-1.09791e-15 6.68812e-15 0
-7.31796e-36 -3.12009e-36 0
-1.178e-65 3.71778e-66 0
80.5236 -39.5966 -20.5851
2.85269e-48 -2.26465e-48 0
2.39408e-102 -1.8064e-102 0
-4.3847e-104 1.32056e-102 0
-1.10381e-94 -4.77292e-93 0
-4.47681e-100 -1.93671e-98 0
-4.10177e-29 -1.18929e-28 0
1.00652e-79 1.03637e-79 0
-5.10946e-42 3.59298e-42 0
5.33017e-93 -1.62238e-93 0
1.03892e-72 6.83422e-73 0
1.23563e-54 8.12818e-55 0
-6.35049e-26 1.74937e-25 0
26.7807 3.15935 -22.2359
7.31484e-33 4.26862e-34 0
-2.44852e-46 -2.42956e-46 0
-2.50994e-30 -2.36679e-30 0
16.6076 69.882 -23.0944
-22.9606 -45.2526 28.8495
-57.0436 -1.45393 -23.0146
-34.2766 -6.93378 -23.3383
2.13363e-33 4.01019e-33 0
3.20736e-98 3.26849e-98 0
3.024e-76 2.80426e-76 0
-19.538 -51.2483 -2.6006
-2.32841e-85 -1.86312e-84 0
15.7641 55.3515 5.36303
5.70894e-84 1.20134e-83 0
54.1143 64.1331 43.3648
-38.6461 -27.7403 -23.8001
5.69865e-69 3.95038e-69 0
3.06148e-42 2.0139e-42 0
4.61724e-09 -5.74132e-08 0
29.595 -11.2343 56.6101
-1.80421e-91 -1.10983e-89 0
5.67832e-78 2.09e-78 0
-0.360739 19.7309 -23.4556
12.6397 8.57327 -2.40337
5.49773e-78 3.61651e-78 0
-8.66706e-50 1.34681e-50 0
-2.71037e-103 -3.32183e-103 0
2.31803e-55 1.52484e-55 0
-1.58536e-92 6.8859e-91 0
-2.1997e-92 -1.81076e-91 0
6.95155 22.6287 -9.08441
-9.19033 20.8139 2.55823
25.8317 3.08863 -22.0163
0.00601409 2.77195e-05 0
-9.44248e-46 -2.97001e-46 0
1.62849e-47 1.07125e-47 0
1.9951e-96 -1.75255e-97 0
1.86925e-96 -1.82001e-95 0
2.11345e-39 -4.48926e-40 0
-61.3942 57.5812 -13.7949
-6.38954e-68 -3.33187e-68 0
-2.23806e-58 -5.55607e-59 0
1.83087e-22 3.10661e-22 0
-1.16956e-85 -5.05721e-84 0
5.2632e-97 9.96448e-97 0
23.9219 -40.6384 -8.86117
-3.18955e-31 -3.25991e-31 0
-2.05881e-14 -1.00819e-14 0
4.91749e-98 2.93188e-98 0
5.00542e-56 2.32775e-55 0
2.52291e-53 -2.6444e-53 0
-8.75387e-86 -3.78521e-84 0
2.23314e-102 5.40205e-103 0
1.50668e-34 1.019e-34 0
-112.496 92.8651 79.7991
2.21915e-55 -1.7617e-55 0
77.0332 -41.0619 1.2207
2.45968e-34 1.61802e-34 0
-6.92378e-104 8.63664e-103 0
3.86733e-101 -6.5831e-101 0
-42.7075 39.283 -19.1572
3.91814e-67 -2.28636e-66 0
48.5366 35.779 -2.39709
2.64958e-25 -5.75644e-24 0
6.81652e-102 1.39249e-101 0
26.9049 -1.11176 -21.8494
4.91197e-67 2.11704e-68 0
-26.3054 41.6961 -18.436
-1.53234e-91 -1.80519e-91 0
-15.6994 15.2345 -15.2267
-4.98644e-33 -5.3383e-33 0
-8.08601e-34 -2.20015e-33 0
5.78166e-82 -5.77051e-82 0
4.31134e-18 1.99055e-18 0
-2.02119e-93 -6.45108e-95 0
-2.76747 -12.8194 17.2044
2.19378e-93 1.7761e-93 0
2.53382e-57 4.34271e-57 0
-2.52395e-65 -1.27057e-64 0
-6.06862e-69 3.92811e-70 0
1.43441e-65 -3.31571e-66 0
-1.7978e-99 -2.45362e-99 0
-7.34122e-78 -2.82323e-78 0
9.42104e-22 4.09689e-22 0
7.86418e-32 1.90356e-31 0
5.78514e-64 3.80557e-64 0
-7.13194 -3.13508 -15.2181
-9.34836e-102 8.48756e-102 0
-1.84357e-94 8.96583e-95 0
5.2407e-66 6.63287e-66 0
10.3736 7.50257 -19.5143
2.42961e-08 1.59824e-08 0
1.0224e-100 4.93546e-100 0
-9.15522 12.9295 1.9129
5.82184e-102 -5.92355e-102 0
6.51277e-64 4.28422e-64 0
-1.5301e-11 1.89278e-10 0
-2.16374e-92 -9.35614e-91 0
7.85226e-94 -9.4902e-94 0
-8.377e-94 6.5837e-94 0
2.24049e-68 -5.46219e-68 0
1.88095e-40 -3.65612e-40 0
9.00617e-103 3.30244e-103 0
2.27392e-103 -1.00013e-103 0
-1.12538e-94 -9.0045e-94 0
6.80464e-103 -1.64882e-102 0
1.11238e-50 -1.05122e-50 0
-1.24498e-99 7.89135e-99 0
-6.20339e-93 -5.69023e-93 0
-1.04113e-102 -8.53405e-103 0
4.99427e-18 3.50382e-17 0
0.818129 28.3986 -13.3668
1.50531e-57 -2.55177e-57 0
-0.0025572 0.0023122 0
2.2905e-20 1.8646e-20 0
3.84575 36.2951 -17.4327
9.23221e-31 7.20509e-31 0
44.1279 56.3134 -23.7099
3.37297e-46 5.38405e-45 0
6.90801e-44 4.54421e-44 0
-20.1924 3.53985 -14.1691
-3.80181e-88 -9.45904e-93 0
1.28963e-64 8.48343e-65 0
9.387e-64 6.17494e-64 0
-1.31673e-94 -1.97561e-94 0
-5.15593e-84 -5.11329e-84 0
-3.49593e-36 3.77369e-37 0
-5.21809e-41 -1.35288e-40 0
-3.08627e-90 3.82873e-90 0
1.74803e-63 1.14989e-63 0
2.59944e-96 -9.60232e-98 0
-1.14236e-62 2.94305e-62 0
-12.6623 -18.0702 -22.6205
3.43329e-97 -5.1011e-98 0
1.22884e-81 -8.75047e-82 0
1.05075e-93 -7.02895e-94 0
-5.6868e-38 3.99897e-38 0
7.23285e-82 -1.30797e-82 0
22.4171 50.7526 -19.8432
-4.35307e-86 -1.88228e-84 0
26.9836 2.764 -4.87363
9.46974e-68 6.22936e-68 0
12.7229 13.0826 5.6762
-16.036 12.1106 -23.5896
-1.62537e-98 -6.36115e-99 0
7.00336e-64 1.43778e-63 0
3.19713e-71 4.98527e-71 0
-1.39688e-41 9.82289e-42 0
-4.38868e-101 -3.36451e-101 0
-1.22755e-38 -6.65312e-39 0
-1.45429e-78 -1.39107e-78 0
3.78182e-49 2.48775e-49 0
2.98504e-72 4.47079e-72 0
-19.2459 3.50231 -13.7957
-2.48999e-88 1.22209e-92 0
-8.84098e-18 -1.0375e-18 0
12.0678 7.82174 0
7.40841e-102 -6.12397e-102 0
5.98197e-39 5.93908e-39 0
-4.38278e-71 1.00777e-71 0
8.11712 40.0913 -21.706
1.27616e-102 1.1023e-101 0
-3.90859e-71 -3.20753e-72 0
1.02592e-57 6.74868e-58 0
1.55643e-36 1.02385e-36 0
-6.28845 -15.7262 -19.7929
1.55785e-08 1.05761e-08 0
-16.5104 -13.2168 -22.635
6.37854e-77 -3.26313e-77 0
3.71274e-66 2.44231e-66 0
2.79899e-45 1.84123e-45 0
14.3585 -19.7015 2.79546
2.3678e-15 -1.63158e-15 0
-2.69977e-11 -1.6233e-11 0
-14.256 -13.8474 -22.5797
3.71324e-07 -3.57027e-06 0
9.44709e-44 -1.74117e-43 0
1.00249e-73 6.59454e-74 0
7.6951e-86 -6.25209e-85 0
63.7744 50.3139 -5.36119
-48.2845 -73.3221 -1.14188
1.39002e-63 9.14383e-64 0
5.95889e-72 3.91987e-72 0
-3.16197 29.4716 -22.2338
7.19151e-53 4.73071e-53 0
-40.2228 26.3891 -3.57984
-20.1211 -0.87946 -12.895
-3.80174e-88 3.4533e-92 0
5.20089 27.7936 -3.7338
-36.7036 -0.467459 -21.9169
-1.68739e-84 -1.73467e-83 0
1.68231e-102 -2.99285e-101 0
1.8116e-46 1.1917e-46 0
-5.83718e-16 -1.10719e-15 0
-1.4345e-92 -7.73099e-93 0
-16.2299 -2.39483 -23.3227
4.31678e-52 2.83966e-52 0
-2.36642e-102 2.26331e-102 0
5.00341e-103 7.28316e-102 0
1.99869e-80 1.17876e-80 0
-3.25641e-15 8.76484e-16 0
1.02447e-96 1.24907e-95 0
-4.48662e-89 -3.59005e-88 0
-2.3831e-87 -8.99225e-88 0
5.04938e-102 2.96881e-101 0
-8.08018e-61 5.682e-61 0
-17.6633 -10.6038 -21.7668
-4.97324e-87 -8.55557e-86 0
-8.26863e-45 -9.09394e-45 0
-0.933461 -0.638253 0
-8.18351 -29.4397 -0.760784
6.50744e-27 4.17093e-27 0
27.8635 -6.09204 -8.41871
3.44963 84.8544 -19.4015
9.28036e-12 1.36723e-12 0
1.80061e-28 1.18447e-28 0
4.44136e-17 4.26347e-15 0
12.8988 37.5394 22.6826
1.25101e-103 -2.27352e-102 0
1.53405e-103 -1.88575e-104 0
-2.80847e-85 -2.42088e-84 0
4.16098e-98 -1.34246e-97 0
-1.31124e-70 3.38995e-70 0
4.58595e-103 -5.35083e-103 0
2.69279e-85 -5.87003e-85 0
1.27604e-100 1.8262e-100 0
12.6869 38.9255 -8.03674
-1.76993e-76 7.50749e-75 0
8.39334 43.0213 3.39092
-7.43679e-89 -5.95067e-88 0
2.08256e-05 -22.866 2.75045
9.01843e-45 -1.10087e-42 0
-2.43695e-60 1.71367e-60 0
3.66621e-100 -2.6613e-99 0
-2.75128e-82 6.08802e-81 0
-8.90109 -52.5867 -3.67451
-8.76864e-80 1.08552e-76 0
-1.25842 -9.80805 38.2808
-21.269 -21.3776 20.3518
-4.86742e-69 -1.92521e-69 0
0.000210085 -0.000120082 -19.5339
3.35262e-06 -1.46511e-05 1.85377
0.0001783 -0.000149405 -18.6424
-2.66892e-41 -1.02972e-41 0
4.71742e-73 -4.79991e-73 0
-1.02793e-59 2.23413e-59 0
4.79795e-64 4.08995e-64 0
5.48126e-84 3.60627e-84 0
-1.85622e-41 1.3053e-41 0
-2.5384 30.3242 -13.4808
32.7813 -12.8655 25.863
5.18896e-36 -7.9859e-35 0
3.08678 25.881 -22.0407
-4.09697e-51 9.28094e-50 0
-3.3368e-71 2.22212e-73 0
1.87501e-50 1.23342e-50 0
2.98973e-101 1.13828e-100 0
-1.20421e-70 -1.62568e-70 0
-5.35735e-65 1.62758e-63 0
16.2424 6.06172 -9.29819
1.70261e-05 3.60607e-05 0
-16.996 -2.83518 6.81324
3.26671e-91 2.14883e-91 0
3.55099 -19.1816 -14.1369
-5.36837e-63 -2.91262e-61 0
1.28527e-64 8.45477e-65 0
5.51894e-69 3.63046e-69 0
17.7092 1.04788 3.09717
-1.40211e-102 9.17967e-103 0
-1.41396e-61 -2.64876e-61 0
114.406 -14.1756 13.6926
6.98286e-100 2.72698e-101 0
-6.76883e-99 -6.70891e-98 0
9.06268e-07 -3.37449e-07 -19.5283
3.23029e-06 6.00636e-09 1.87276
2.06948e-05 -9.31981e-07 -18.6258
2.86041e-48 -3.26159e-48 0
4.27637e-55 -2.0897e-55 0
1.73646e-23 -5.13212e-24 0
5.47207e-38 4.27682e-38 0
4.56551e-27 4.50185e-27 0
-4.81281e-46 -5.5114e-46 0
-1.31969e-71 -1.09167e-70 0
-17.5388 3.10481 -6.84034
5.55435e-71 3.65375e-71 0
3.35358 21.6875 -19.3258
-1.55708 12.4442 -20.3945
-8.09573e-43 5.62113e-43 0
4.75833e-66 1.44238e-65 0
-8.35755e-84 1.54074e-81 0
1.54324e-29 1.01517e-29 0
9.04914e-41 -3.7587e-41 0
3.60728e-100 2.75446e-99 0
-2.16718e-79 -1.86809e-78 0
56.4411 -32.6084 -12.2104
20.0037 26.9208 -16.4281
3.50062 -19.3065 -13.8145
1.94915 -2.91126 -24.0876
-6.31113e-94 -7.05142e-92 0
-2.18273e-82 4.82994e-81 0
8.83431e-16 2.11794e-15 0
-1.24144e-46 6.55232e-48 0
-4.84532e-09 -2.00015e-08 0
-2.14042e-05 0.000436635 0
-5.26563e-53 -1.2116e-52 0
-5.39491e-42 5.23592e-42 0
7.3129e-05 -3.00893e-06 -19.5339
3.9082e-05 7.64213e-06 1.85402
0.00018865 3.91147e-05 -18.6423
1.66586e-93 3.79115e-93 0
-5.20581e-89 -4.16552e-88 0
2.53114e-59 1.66503e-59 0
-2.68934e-32 -2.46185e-32 0
20.8961 0.627393 -18.4786
36.5107 -51.1765 -13.7189
-1.70965 -29.8524 -21.4586
1.6075e-102 3.81225e-103 0
-0.00079343 0.00254891 0
1.90516e-05 27.7635 0.526075
-8.93135e-45 1.10094e-42 0
-2.09024e-99 -2.25205e-98 0
-1.03471e-93 -8.22658e-93 0
-8.63448e-78 -5.00955e-78 0
3.92697e-93 -4.22289e-92 0
-1.67176e-45 1.17558e-45 0
4.2996e-34 -1.09056e-35 0
-267.119 -113.764 92.5633
-32.3276 -12.8912 -16.3116
-2.20216e-88 4.87293e-87 0
-1.02617e-102 1.76461e-102 0
3.06398e-102 2.30011e-101 0
6.28571e-101 3.31748e-101 0
-1.07361e-97 -1.54959e-97 0
-7.15229e-57 -1.271e-57 0
4.66174e-101 1.87387e-101 0
-10.7939 -27.5053 -7.29838
-1.50105e-61 -6.61232e-62 0
1.03324e-57 -8.59743e-58 0
5.23186e-73 3.44161e-73 0
1.20326e-52 7.91528e-53 0
-2.92454e-38 -2.40996e-38 0
-2.70682 23.1963 -23.1308
-1.65949e-88 -7.1757e-87 0
5.32985e-101 -1.20082e-100 0
1.67438e-97 -1.53735e-97 0
-0.00828483 18.1973 73.6754
-7.43674 -18.5673 -15.5645
-1.34964 24.0778 -24.4488
1.98895e-101 -4.88559e-101 0
3.74696e-63 2.46482e-63 0
9.82734e-52 -7.80157e-52 0
2.39422e-102 -1.81529e-102 0
-2.8173e-102 7.59843e-102 0
-4.4382e-101 -4.34361e-101 0
4.86818e-69 -1.64965e-67 0
7.2941e-96 -3.76576e-97 0
4.8979e-104 -2.47264e-102 0
35.8983 -10.5584 -14.6254
47.7672 -0.771558 -24.8058
2.10347e-41 1.3837e-41 0
4.99307e-28 4.06514e-28 0
7.84397 -31.0823 -22.4457
-32.2151 21.1108 -20.5047
3.75038e-47 -4.55205e-49 0
-1.21134e-12 8.24396e-13 0
-2.04475e-89 1.36979e-90 0
-45.9063 46.132 -5.30464
1.38804e-101 -3.63993e-102 0
53.6025 14.6474 -7.86888
-1.68821e-84 2.713e-84 0
2.77684e-79 -5.06183e-80 0
3.60375e-53 -2.49641e-53 0
1.27715e-97 1.40645e-97 0
1.00771e-45 3.3025e-45 0
8.73316e-50 -3.60901e-49 0
-24.4069 12.2513 5.10396
3.40562e-63 2.24028e-63 0
-6.80036e-79 -1.62818e-79 0
-1.14469e-59 1.16273e-59 0
2.93377e-40 1.92989e-40 0
6.52813e-90 4.28475e-90 0
-1.92319e-82 4.25563e-81 0
-3.55673e-60 2.5011e-60 0
2.17312e-63 1.42952e-63 0
4.82926e-102 -2.78794e-102 0
-47.1554 36.4406 0.0217217
-6.85387e-101 2.46396e-101 0
1.35576e-59 8.91842e-60 0
-3.14768e-51 4.01145e-52 0
-3.73909e-67 1.11071e-66 0
2.01565e-85 1.32587e-85 0
-7.50082e-102 1.13414e-101 0
-34.4288 10.1043 -23.0107
2.95835e-96 -1.08513e-97 0
-9.60829e-86 2.12612e-84 0
-19.0516 19.0524 -12.3799
2.54212e-31 2.45979e-33 0
1.02407 -30.8063 -21.7478
2.08481e-50 -1.90818e-49 0
2.13981e-53 1.4076e-53 0
5.12598e-101 -1.00815e-99 0
7.36371e-96 -1.42259e-96 0
18.0865 1.36792 -12.4724
27.0197 24.4962 -16.4875
-64.5904 49.2699 -7.06106
4.41994e-81 2.32392e-81 0
42.6012 43.0892 4.91292
-58.7272 -11.7095 0.830543
-32.9237 26.1688 -14.1616
-4.80509e-96 -3.84488e-95 0
-11.7102 -13.0229 -16.3142
-2.27255e-37 4.45142e-38 0
6.79831e-72 1.25297e-71 0
1.83575e-92 3.49306e-93 0
1.73637e-93 1.34794e-92 0
-7.6389e-20 -5.67794e-20 0
2.21496e-94 4.05809e-95 0
-49.1853 39.9938 6.63844
-28.6999 20.9978 -24.9367
146.216 -39.2648 20.3565
1.18204e-42 7.7757e-43 0
-1.28627e-81 -1.46334e-82 0
7.10799 -70.1229 -3.90604
-0.280651 -40.7761 -3.71736
2.06148e-52 -4.76476e-51 0
-1.4318e-91 -1.14324e-90 0
1.16475e-95 3.56418e-95 0
5.35038e-63 3.51958e-63 0
-34.0297 -1.61156 -13.6515
3.42092e-58 1.15341e-59 0
35.0753 42.6062 111.17
4.83644e-29 3.1815e-29 0
1.49034e-102 5.42296e-102 0
-3.8962e-90 -1.38792e-88 0
9.92924e-92 6.53073e-92 0
-0.13493 -13.1185 -13.1203
-1.07709 -14.234 -20.0083
-1.07818 50.4471 -7.46412
2.39654e-41 1.57649e-41 0
1.35944e-96 1.10061e-96 0
4.30591e-102 8.81423e-103 0
-21.8531 -11.4861 -22.987
2.24469e-95 -5.34744e-94 0
18.3034 20.9812 -23.8227
2.66651e-17 7.9836e-18 0
8.54255e-101 8.97745e-100 0
-9.70388 25.2691 30.842
-1.57585e-44 1.73942e-45 0
4.23437e-101 -8.94229e-101 0
1.62105e-87 4.97799e-88 0
-1.16673e-95 1.07157e-95 0
-19.1882 16.9477 -15.8155
1.12445e-54 7.39681e-55 0
4.59016e-69 4.01785e-69 0
-4.87054e-53 9.06439e-53 0
7.91957e-19 5.20964e-19 0
-2.09864e-49 -2.40326e-49 0
10.2991 39.579 -18.9143
-9.54194e-42 -1.15373e-41 0
31.748 32.8597 -12.3855
6.16115e-66 4.05292e-66 0
1.20968e-92 -1.48227e-92 0
-9.22695e-100 -6.86547e-99 0
1.06196e-52 6.98575e-53 0
2.06724e-85 1.3598e-85 0
4.30588e-88 4.72273e-88 0
8.63609e-48 5.68098e-48 0
9.40566e-96 -2.31443e-95 0
1.48045e-61 9.73868e-62 0
-7.90799e-08 -7.34446e-08 0
-1.10462e-70 8.72286e-71 0
-2.07086e-90 -1.65656e-89 0
-3.52654 15.4573 0.286886
-12.6335 40.5395 -22.1284
-2.00049e-12 4.53195e-12 0
3.56336e-84 -4.00421e-84 0
-3.78375e-94 1.69077e-93 0
86.9231 -49.4629 -7.63951
5.88155e-60 3.86899e-60 0
1.07449e-44 7.43023e-45 0
-3.47568 -45.7956 -17.4879
-11.2729 17.5231 -2.85317
1.16674e-54 -2.54067e-57 0
-21.2048 3.48386 -14.3292
-3.80506e-88 -8.25822e-93 0
-3.1507e-06 -5.29088e-06 0
-5.33352e-92 7.1698e-93 0
1.56718e-63 1.03092e-63 0
8.84914e-103 4.80771e-103 0
-1.80202e-58 3.79236e-60 0
-39.7883 2.7684 -21.0304
1.63832e-62 2.9485e-62 0
40.6341 65.6806 -6.28293
4.14831e-52 2.72883e-52 0
202.592 -121.265 -14.2319
-8.85966e-85 -7.08921e-84 0
2.05289e-103 -1.44333e-102 0
2.77909e-104 -9.6716e-104 0
1.25128e-70 4.7052e-71 0
-1.9488e-65 -2.62945e-65 0
-100.173 70.6341 84.7164
5.69316e-55 3.74506e-55 0
1.79985e-69 1.18397e-69 0
1.4637e-68 9.97065e-69 0
-12.2841 8.352 -3.19594
-36.2463 49.5456 33.7726
-0.00426244 0.00496478 0
1.00103e-69 2.44026e-69 0
2.477e-67 -1.24165e-67 0
-3.47202e-91 -1.50131e-89 0
4.86126e-69 1.36003e-68 0
4.40552e-100 9.94253e-100 0
-1.79667e-88 -1.47616e-87 0
1.10681e-21 1.28137e-21 0
1.4825 4.8842 1.14619
1.79158e-80 6.00353e-82 0
-20.2347 3.4465 -13.9505
-3.80386e-88 1.48414e-92 0
-3.28641e-90 -8.51869e-92 0
-5.20541e-68 1.40731e-68 0
7.39298e-89 8.10262e-88 0
1.14883e-78 1.30631e-78 0
3.71628e-95 -8.46993e-97 0
5.45757e-99 2.12621e-99 0
-7.92196e-87 -5.70138e-87 0
-15.1896 -21.8448 -9.12367
-4.18126 5.89933 -17.4316
11.5007 -62.7835 -7.6117
-5.52348 -22.0779 -23.2617
-3.11074e-95 2.85702e-95 0
-9.83868e-13 -1.22845e-12 0
-1.03941e-08 -2.32298e-08 0
5.19488e-98 4.4251e-98 0
6.34543e-63 1.08662e-63 0
3.07295e-70 6.06277e-71 0
-25.1489 -20.9671 -4.35794
-123.294 -5.78717 34.8114
-1.35175e-85 -6.29887e-84 0
-14.8563 -14.8806 6.40912
7.89405e-20 -2.87396e-20 0
19.7477 52.7025 -1.83995
1.02199e-61 -5.92569e-62 0
4.80187e-99 1.47074e-98 0
1.92174e-54 -1.03206e-54 0
1.54563e-99 8.98975e-101 0
4.86628e-84 -8.14758e-85 0
1.9532e-27 -8.13209e-27 0
-8.81452e-92 -7.05295e-91 0
6.98287e-95 5.13317e-96 0
-21.1807 -0.872482 -13.0711
-3.80489e-88 3.09846e-92 0
-1.14621e-40 -2.55687e-40 0
-1.8409e-49 2.81628e-50 0
-1.19471e-06 -1.74147e-06 0
-20.4241 -13.9689 -24.6793
-3.49378 3.88113 -10.8644
8.98185e-99 -2.2474e-99 0
-4.82286e-66 -2.11042e-66 0
47.2593 48.7642 16.2888
8.85382e-57 5.8242e-57 0
2.43153e-87 1.88658e-87 0
-52.7549 20.474 -18.6085
5.49792e-88 1.20362e-87 0
3.9688e-99 2.31387e-98 0
1.2168e-23 8.00436e-24 0
-2.37498e-102 -3.14966e-103 0
2.75167e-52 1.8101e-52 0
2.02987e-99 7.05509e-100 0
-1.21988e-41 1.81305e-42 0
-1.85685e-71 -3.99234e-71 0
-71.4403 42.8454 -24.2993
-2.18805e-56 -2.24969e-56 0
-4.12389e-102 -4.69935e-102 0
7.01785e-54 4.61647e-54 0
-1.25868e-94 6.7053e-93 0
8.90081e-56 2.62353e-55 0
-10.6346 25.057 12.9993
8.13674e-53 5.3525e-53 0
1.5662e-93 2.35838e-93 0
9.08326e-47 5.97514e-47 0
-4.12347e-07 -5.52374e-08 0
2.97046e-103 -1.20105e-102 0
7.46583e-60 4.91116e-60 0
-1.86051e-84 -1.60375e-83 0
-4.39177e-85 -3.51417e-84 0
-37.4077 -13.6531 -8.88869
-4.06023e-90 -1.43592e-88 0
8.11704e-24 -5.26103e-23 0
6.66233e-101 3.41207e-101 0
-5.37284e-98 -1.58187e-96 0
-7.43619e-45 -1.83715e-43 0
5.12856e-88 4.17679e-87 0
-2.5823e-89 -1.10581e-87 0
0.000191262 -27.6243 -0.444145
3.07766e-50 -2.64245e-45 0
9.68581e-37 6.3715e-37 0
-4.74026e-98 -2.0228e-96 0
1.50023e-102 -1.35865e-102 0
-7.2241e-98 -6.14914e-98 0
2.16464e-95 -1.64812e-95 0
-3.57723e-36 -2.70073e-35 0
-1.58723e-95 -7.3346e-94 0
4.04322e-66 2.65971e-66 0
4.90242e-05 -2.7931e-05 -19.5349
3.94516e-05 -2.07696e-05 1.75127
0.000111934 -4.4294e-05 -18.732
-1.69417e-35 -1.82477e-36 0
-3.68801e-88 -4.56632e-89 0
-18.7955 8.51214 -16.8526
6.62159e-87 6.37302e-88 0
-4.59278e-90 9.35451e-90 0
3.29032e-102 1.39704e-102 0
-4.67607e-08 1.42263e-07 0
6e-99 4.72332e-98 0
-2.91611e-100 2.26282e-99 0
-1.03374 30.6386 -23.425
2.05581e-92 3.80467e-88 0
2.56667e-98 3.54733e-98 0
2.21511e-31 6.66588e-33 0
-1.0706e-11 -9.07224e-12 0
-1.62428e-60 2.29133e-60 0
-1.07199e-99 -1.73296e-100 0
-8.64907e-17 1.71236e-16 0
-4.64256e-58 -1.30044e-57 0
-2.58126e-87 -3.29616e-86 0
4.73147e-29 3.11245e-29 0
-0.78682 -24.3464 -14.1195
-6.97546e-57 -4.16145e-55 0
-1.40016e-66 8.21136e-67 0
-1.85625 -36.0253 -23.6788
-2.00406e-55 4.17924e-55 0
4.63487e-93 -5.60168e-93 0
-2.73007e-31 1.62725e-31 0
9.59458e-102 -8.33089e-102 0
-3.98765e-88 -1.72427e-86 0
7.73994e-84 5.09147e-84 0
2.56948e-05 -3.37178e-07 -19.5334
3.67108e-05 -1.39302e-08 1.77371
0.000156221 -4.06704e-07 -18.7124
2.94825 -9.89384 -20.1854
-1.54185e-90 -1.23322e-89 0
-4.56701e-35 -2.14002e-35 0
-47.5745 12.4017 -6.93807
-13.1921 -2.23252 -6.32268
43.7848 -33.4978 -20.3957
8.64199 -7.90514 -9.8525
1.90294e-14 -2.1924e-14 0
6.02308e-96 -2.15529e-97 0
-1.49553 15.9806 -14.1643
-1.51156 12.6656 -20.9678
5.11603e-67 3.36712e-67 0
-20.0905 1.14259 -21.4811
-1.28938e-100 -9.15311e-100 0
-6.00207e-94 5.95973e-94 0
-16.172 30.0666 -23.9307
-1.54965e-94 -1.9152e-93 0
2.6372e-96 2.52937e-95 0
3.44496e-42 2.26616e-42 0
1.24466e-94 2.29062e-93 0
-0.793513 -24.4682 -13.738
0.264989 -3.56505 -23.7635
-2.77838e-37 -2.09315e-37 0
4.49598e-19 2.95754e-19 0
-2.22891e-46 7.21733e-47 0
3.15723e-94 5.78447e-95 0
-1.28666e-94 -5.33371e-93 0
-6.85991e-97 -5.42677e-96 0
5.75251e-44 -4.64376e-43 0
1.87656e-47 1.23444e-47 0
0.000238009 -2.17203e-06 -19.5346
7.51385e-05 1.36743e-05 1.75152
0.000379949 4.16617e-05 -18.7316
-3.29296 4.34529 -23.204
4.83363e-98 -5.422e-97 0
-2.16728 -1.93686 0
1.53605e-41 1.01044e-41 0
-3.51618e-38 2.24316e-38 0
-6.38736e-84 7.06503e-84 0
-2.63916 -15.0505 -24.6142
3.08334e-46 2.02828e-46 0
-9.34421e-70 6.57257e-70 0
0.000190921 32.0718 -3.10917
-4.41527e-43 5.26864e-41 0
-3.79259e-94 -3.60904e-94 0
-9.11528e-64 -2.15769e-63 0
-6.48006e-102 -2.16759e-102 0
-1.29165e-99 -1.96677e-99 0
1.52438e-81 8.79583e-82 0
-1.61514e-22 -6.81639e-22 0
-2.7344e-11 1.49732e-11 0
1.01441e-52 6.67297e-53 0
-8.20438e-92 1.81546e-90 0
12.2196 53.9007 -0.100969
-4.36923e-102 8.78531e-101 0
-3.22579e-65 5.87528e-65 0
-24.6708 1.30221 -14.069
1.73664e-45 1.14239e-45 0
-2.348e-55 1.65112e-55 0
1.4763e-62 -3.97831e-63 0
4.22366 -51.694 -22.2645
-2.45874e-12 -1.44464e-12 0
2.39573e-60 1.57596e-60 0
8.34592e-48 5.4901e-48 0
-1.15058e-31 2.75612e-32 0
1.21936e-32 1.15671e-32 0
-7.06222e-100 -3.05489e-98 0
-2.68386e-10 1.41276e-10 0
1.35602e-77 8.92017e-78 0
6.07254e-54 -6.03049e-53 0
-1.58608e-99 -4.19359e-99 0
-9.34297e-95 -1.33147e-93 0
-2.02558e-92 -1.86089e-91 0
-1.80731e-89 -7.50047e-88 0
9.20378e-65 6.05441e-65 0
36.7226 -31.8334 15.0115
1.9407e-58 1.27663e-58 0
7.57536e-102 2.47878e-101 0
6.39776e-102 -7.68067e-102 0
24.7234 -30.6476 -24.1945
-6.00386 -8.34885 3.44356
2.09227e-31 -5.87785e-31 0
2.6796e-32 1.21518e-32 0
3.46025e-48 2.27622e-48 0
-5.56126e-50 -1.14682e-49 0
6.14368e-32 1.32521e-32 0
32.0881 -1.04999e-05 -3.12151
1.24587e-37 1.20839e-42 0
-1.57028e-94 1.78594e-95 0
0.284552 -0.622368 -19.2537
9.75755e-09 4.77013e-09 0
3.511e-77 2.08506e-77 0
-4.48654 -8.82331 -15.3143
5.84626e-42 2.31534e-42 0
5.99273e-59 3.94213e-59 0
-3.01333e-50 2.22073e-50 0
1.32377e-47 8.70802e-48 0
1.21123e-104 3.1339e-104 0
-3.08416e-41 3.73773e-41 0
-4.44714e-41 3.37889e-41 0
1.27369e-93 -2.69546e-94 0
-3.60903e-52 -3.92812e-53 0
-0.0279306 0.0162573 0
1.33678e-41 -6.99238e-41 0
-0.00084014 -0.000801329 0
2.50426e-60 1.64735e-60 0
-2.23451e-89 -1.60815e-89 0
15.2371 -27.312 -20.1523
1.30595e-101 -1.43454e-101 0
-52.868 81.606 -16.7623
-4.73097e-89 2.24677e-88 0
-1.48058e-91 5.28271e-92 0
2.6129e-102 -5.99412e-103 0
1.70868e-34 -1.68654e-34 0
-3.11564e-49 1.35927e-49 0
-1.81163e-93 4.31516e-93 0
7.88002e-54 5.18362e-54 0
1.45622e-97 8.23044e-98 0
-5.44133e-92 -4.35397e-91 0
32.0621 2.10294e-06 -3.09699
1.24616e-37 9.5926e-42 0
-2.91597e-17 -3.42194e-18 0
-1.21425e-91 -9.70399e-91 0
1.70157e-102 -2.69502e-102 0
-10.4761 -1.33077 -23.778
35.1761 -14.3572 2.92926
-3.67591e-38 -2.98571e-38 0
8.36866e-101 1.34056e-100 0
-26.7985 34.1148 1.00347
-20.0561 -2.24845 -22.9156
6.59085e-102 8.70279e-102 0
-3.11469e-75 5.88942e-75 0
-6.81375e-61 -4.50322e-61 0
1.56882e-101 9.69835e-102 0
1.39424e-63 9.17155e-64 0
-5.72647e-27 -2.75756e-27 0
-14.1636 -11.0157 -16.6682
9.61518e-74 1.95259e-72 0
-45.3803 7.29765 13.5989
-29.8561 9.79841 -19.3383
9.12544e-52 6.00288e-52 0
-7.32099e-89 -3.16562e-87 0
-1.12355e-90 -8.97116e-90 0
-3.72123e-29 7.59541e-30 0
-1.38461e-98 1.85658e-100 0
1.95085e-52 1.28331e-52 0
-9.8055e-98 -4.032e-97 0
-4.40633e-33 -8.5352e-33 0
1.89306e-81 2.61615e-81 0
-1.68409e-60 -2.64305e-60 0
1.08023e-19 7.71981e-20 0
-2.64755e-82 -2.11848e-81 0
32.0881 1.22977e-05 -3.12151
1.24614e-37 1.8076e-41 0
-2.38131e-94 -3.94694e-95 0
5.89286 -36.7377 -22.2312
1.71113e-70 -2.91732e-70 0
-7.80165e-96 1.58549e-95 0
-2.14247e-88 -1.71433e-87 0
-1.38653e-73 1.5291e-73 0
-3.56011e-97 5.73957e-97 0
-3.94352e-99 3.23578e-99 0
1.93189e-41 1.27083e-41 0
-3.19064e-102 4.60107e-102 0
1.98738e-24 1.30734e-24 0
8.14922e-09 9.44049e-09 0
8.07838e-99 7.69445e-99 0
7.4883e-100 -1.14924e-100 0
9.00245e-104 -2.14872e-104 0
9.24653 7.68734 -9.10853
8.47308e-39 5.9056e-38 0
3.5365e-39 4.56472e-40 0
-6.76342e-43 4.52017e-43 0
2.61393e-58 1.71949e-58 0
-5.33301e-62 3.75019e-62 0
4.54865e-32 -4.09471e-32 0
-6.65066e-08 -1.53923e-07 0
-1.19974e-103 1.10197e-101 0
-6.5638e-63 -1.37709e-62 0
3.35566e-47 2.20741e-47 0
-8.22048e-101 -1.18885e-100 0
9.8939e-99 -8.899e-100 0
1.39821e-45 9.19768e-46 0
-1.8617e-91 -8.05006e-90 0
