# vtk DataFile Version 3.0
water particles
ASCII
DATASET POLYDATA
POINTS 2541 float
-2.03058 -1.07991 0
2.04732 -2.80668 0
-90.1937 79.8513 0
0.504888 1.49034 0
-17.5786 -4.40805 0
-32.7437 -106.023 102.366
41.7235 38.5579 0
152.923 -138.208 0
5.15466 -58.5385 0
11.7009 2.53029 18.2024
-12.7866 -23.5428 0
-3.04084 -121.236 0
-54.0226 -125.509 165.865
-0.248751 -2.30689 0
19.5803 8.83124 0
-6.49168 -6.22638 0
16.8203 23.3791 0
-5.33225 18.0735 0
-160.973 -192.098 218.318
111.09 -64.0734 181.619
3.21839 -1.12818 0
66.7012 -32.3055 0
3.71343 88.8093 0
-120.649 -0.300036 126.162
-94.2245 -0.313372 0
17.1531 28.1192 0
0.212703 1.22659 0
-86.4604 -43.8999 0
-116.722 -64.2335 0
-169.272 142.115 201.532
0.804121 116.812 54.0919
-217.086 97.8763 64.5182
-65.5991 -51.088 0
-0.195664 1.49647 0
-2.58826 -4.2261 0
8.22046 -70.2883 0
103.033 18.0502 24.9403
42.5502 57.6813 24.6634
31.3583 -2.4673 0
1.86033 25.5184 0
18.8088 6.48051 0
-0.468553 1.58001 0
78.1088 175.755 359.631
-2.56312 0.909979 0
-198.79 -18.3293 1.79156
-4.37057 1.80064 0
4.42663 4.68923 0
-3.58855 -7.01801 0
-5.23337 -6.57562 0
-18.4025 -28.3886 0
-7.04204 -1.11562 0
76.3303 11.9357 17.7838
168.355 -73.1682 0
-97.0462 -85.5844 0
-2.48184 -3.84299 0
-2.3849 0.92505 0
-120.522 1.85555e-05 126.258
-94.2271 -0.00672127 0
-14.7739 -28.039 0
-35.0967 29.7755 0
12.5427 -5.06107 0
7.05538 -1.87128 0
14.7617 -34.9008 0
29.2067 -57.7519 0
110.378 -72.8758 149.299
2.78644 2.49172 13.8328
-48.392 20.2465 0
-1.3927 -5.96343 0
-2.54232 -1.53324 0
-3.13393 6.97838 0
0.801377 19.6293 0
113.706 130.431 21.8103
-10.3038 3.87986 0
8.86139 50.6358 0
69.3068 5.62239 0
-213.887 -14.1039 0
9.44396 -35.4516 0
0.393883 1.7884 0
-56.4522 368.011 39.367
0.502913 1.90864 0
40.4203 8.37878 0
-33.8097 21.9824 0
2.25956 -5.1136 0
-3.70548 -8.58064 0
0.111063 1.2987 0
-0.205605 -3.3131 0
51.606 -226.726 0
-2.56101 2.37464 0
-0.689761 -1.98985 0
-120.649 0.300052 126.162
-94.2064 0.299676 0
-52.86 17.3409 0
-273.68 59.1743 0
-1.70981 2.65476 0
39.1002 -49.7401 0
30.9445 -1.01344 0
22.3577 26.0072 0
-117.96 -17.4403 25.9858
32.2072 56.2637 0
-0.561205 3.65332 0
-35.1188 180.027 143.037
-2.65862 -0.58079 0
40.7656 -32.0601 0
-8.02697 7.14273 0
53.5424 -86.6111 0
6.3673 -6.61419 0
-33.7454 94.2118 0
129.293 -0.807284 238.433
72.7274 11.7603 0
65.0023 51.8885 104.865
-2.32708 0.395731 0
3.24127 4.73973 0
-87.4155 -81.5223 0
-2.3459 0.576754 0
-26.329 59.1773 0
96.6097 -149.463 0
33.5681 -28.6532 0
4.05899 -30.7457 0
55.7064 278.405 193.528
0.0818673 -3.11213 0
-1.42641 3.61873 0
-0.711523 -4.35616 0
-1.01902 -1.81484 0
-0.988673 -17.7738 0
-2.1592 -4.58467 0
114.276 -49.4236 153.492
-0.983685 -1.27308 0
6.72251 -29.6869 32.771
5.29206 12.6779 0
-2.9711 -0.0855074 0
25.9049 75.9379 0
-2.30247 -2.83817 0
0.25536 2.75369 0
-0.901116 -119.97 126.206
-0.172047 -87.8069 0
-24.6972 -39.5989 20.3799
67.1965 69.4938 23.9829
9.03373 -12.4124 0
-17.505 62.6172 1.19662
95.2539 -139.43 28.2698
-69.5203 6.1059 0
18.5732 -245.698 82.4309
91.3104 -24.9749 21.356
-0.900044 -0.300338 44.6903
-0.900171 -0.30009 136.407
-0.900732 -0.300535 47.8147
46.3681 23.6325 0
9.09698 1.13498 0
49.6104 48.4973 65.3067
-18.318 11.028 0
156.266 146.603 183.508
1.6541 1.74894 0
37.4768 116.421 225.653
0.275179 1.34701 0
-113.218 71.8139 0
11.2154 131.257 25.9492
-0.900965 24.6826 0
31.4581 2.30837 0
-3.73194 0.411237 0
98.0836 -41.8174 32.4559
0.510997 -1.65549 0
3.27793 5.15332 0
-39.2782 -88.5414 0
-116.203 152.341 16.401
70.0115 -89.5254 77.5707
86.8913 -117.696 118.042
13.1678 -105.216 62.699
-1.76864 -53.1532 0
6.97175 11.9859 0
-648.164 -214.818 219.072
10.8773 1.40794 0
12.0337 -99.5167 0
14.3168 -35.0923 0
2.25904 4.61966 0
-4.8217 -1.43727 0
-1.47882 -115.184 45.1904
-0.900023 5.0646e-05 44.6955
-0.900158 1.12248e-12 136.504
-0.903123 0.000487409 47.8994
-2.87098 0.0650593 0
13.683 -17.5619 0
26.6901 2.42207 14.0716
21.8646 7.7425 21.5354
38.1571 11.2449 259.532
-4.22124 -19.1408 0
71.2587 11.9705 59.3649
88.6612 2.11285 83.2275
8.87552 -61.375 0
25.8027 58.5255 65.5528
-0.902866 60.1714 37.2715
-4.8499 -16.3063 0
11.2783 15.211 0
-57.3651 41.685 0
17.7179 125.482 0
-2.00942 2.2764 0
-1.74759 1.68249 0
-2.24822 0.608149 0
-8.39953 -42.8863 0
-8.89523 123.084 0
13.0627 -105.248 63.6093
5.7993 -15.1562 22.3995
45.5187 118.827 0
2.50887 -18.9785 0
101.465 21.5977 147.22
-85.2687 -57.7747 149.423
46.0514 -71.6058 0
0.960325 3.46219 0
87.5262 202.238 56.7931
-0.467011 0.160318 0
-0.900139 0.300169 44.6907
-0.900171 0.30009 136.407
-0.904968 0.300513 47.816
-35.8628 -84.6966 85.018
7.15668 8.53426 0
37.6171 -80.9546 41.1714
0.171358 0.4501 0
32.7037 -87.0095 0
23.8275 -15.6574 0
36.2742 -37.2861 0
-1.21109 -3.06564 0
-1.72938 1.9301 0
-0.900814 139.187 114.689
-0.900675 82.696 0
17.7864 20.3824 0
-8.31894 -31.1594 0
47.0103 115.325 40.2449
-4.17509 -13.9382 0
58.5423 91.16 71.0626
54.298 77.6606 0
6.69964 1.18642 0
187.395 241.604 69.3334
-0.90373 3.41546 0
-57.1855 -350.495 320.296
-2.00433 3.04032 0
71.7991 -132.513 90.5719
74.3483 -42.6098 133.087
0.828487 2.07942 0
232.632 -19.0393 174.615
235.338 81.9815 81.4451
2.05109 -3.12952 0
1.4124 -24.8661 0
0.135999 2.14556 0
-40.3617 -77.6413 0
-0.991791 -10.0404 0
-249.787 149.08 0
-1.24292 -1.22018 0
87.2435 60.6521 0
-2.72419 -1.15633 0
-28.828 -16.3282 0
-212.241 -5.27787 6.20167
23.2918 -9.35754 0
-0.551507 -3.38503 0
3.52589 7.19752 0
-30.6873 47.0575 0
-0.578661 -1.35875 0
0.949687 10.0985 0
-7.72822 7.12443 0
25.409 92.9646 0
13.379 2.99065 0
-17.573 -29.7173 0
2.96879 42.9488 0
27.9216 -32.299 10.917
2.99428 -1.59677 0
-75.6694 4.9681 0
-93.0762 -10.4438 89.4048
118.902 13.0632 30.6513
24.1091 -0.300963 0
45.161 -189.023 159.609
-10.4683 -6.93945 0
31.891 -84.9074 162.35
-111.127 -65.6046 311.724
-77.6886 83.4912 0
14.5691 9.91515 0
82.8072 17.364 0
86.3527 137.641 113.606
19.8915 -21.7445 0
-157.786 -754.119 282.494
6.68438 -13.2648 0
-5.62037 -3.20831 0
-2.26085 -0.95335 0
-1.39759 -1.62224 0
82.4424 140.967 52.2539
-1.87911 -2.11661 0
-2.26996 -1.59168 0
-22.8093 -4.09613 92.859
-2.15169 3.02499 0
112.518 -111.135 14.8737
180.877 -238.032 102.011
58.469 75.5465 21.1581
-23.8246 18.3672 0
1.75164 1.95343 0
50.8712 95.0709 0
142.488 46.731 0
-2.47278 0.455094 0
91.386 131.527 159.562
1.27909 -5.85696 0
65.5333 16.4461 0
-150.706 10.7433 0
114.716 13.0726 31.6283
24.1185 -0.00021782 0
79.0182 90.6049 14.5881
5.90766 0.860993 0
-115.05 -27.948 0
0.190896 -1.63822 0
1.16217 -1.55767 0
5.05473 -6.064 0
-106.785 71.2825 5.55217
-27.3227 -0.51114 11.7131
1.23632 1.75239 0
316.587 105.277 49.8855
-345.031 -65.7644 115.851
0.876667 28.7285 43.24
1.15575 2.8202 0
-41.576 -68.467 15.0369
1.2538 4.84741 0
5.05081 -3.1621 0
22.4663 20.3149 0
-133.517 -137.957 0
2.64461 -1.14865 0
31.5211 -7.83888 46.3771
-10.6726 581.639 9.31863
7.11887 -7.28538 0
-3.17576 -1.63094 0
-2.13625 3.71269 0
54.6139 -77.4357 23.8444
173.828 -217.37 81.4597
-2.2999 0.646195 0
71.3971 -84.2419 215.816
-2.97765 -101.835 0
-117.17 52.5849 92.743
-126.647 4.99067 0
119.593 -4.4829 32.1667
24.1084 0.301078 0
367.28 -750.17 964.69
114.71 108.275 326.276
34.3945 93.0508 48.1016
11.1021 -74.9963 0
2.38343 -0.845737 0
1.4151 -5.49137 0
-8.08386 -2.43346 0
135.953 -25.3485 40.6133
0.871905 1.68401 0
0.151578 -1.80301 0
-3.6218 7.88917 0
259.276 374.799 0
99.0684 -59.5814 0
0.297979 1.373 0
-401.037 42.6365 133.726
2.3983 0.467917 0
-12.9759 4.85882 0
21.8208 -128.889 0
8.41343 -2.65447 0
1.48272 -2.20511 0
42.2949 70.2361 0
-26.0227 -85.1877 55.3233
-2.13984 0.0648037 0
-3.73082 -8.93364 0
-21.5065 13.0019 0
-141.521 32.1116 0
20.8925 6.88243 0
0.739581 2.74607 0
-57.7649 148.747 0
28.616 3.38726 0
-0.883178 2.56254 0
-26.2777 15.7083 0
117.491 -10.6431 17.2856
1.62563 1.49756 0
-2.3554 0.37246 0
-2.9517 -2.88338 0
1.71789 1.42584 0
-1.06309 -1.75321 0
4.57531 4.17976 0
-6.1816 -6.36921 0
132.72 182.911 140.932
-0.504214 -2.08803 0
-11.4594 -9.27546 0
108.014 179.747 55.4737
0.654453 118.479 70.2735
-28.5424 4.90579 0
-78.112 -53.3764 0
-8.85484 -4.87627 0
80.6268 21.0723 14.3677
37.0647 12.5901 81.2091
25.8936 -9.83314 0
3.66259 2.46711 0
7.67305 -0.493519 0
-12.9752 30.115 100.074
-67.2744 -2.52306 0
10.1249 7.7509 0
-2.33074 0.817958 0
-50.2938 10.3671 0
-183.374 101.171 9.57398
70.0989 68.7781 18.2996
23.5322 -16.4509 0
-13.0145 -96.4638 0
26.2184 17.3055 0
-0.15607 -1.87982 0
-18.8402 24.5574 0
100.576 -29.162 29.2974
0.0574523 -1.99114 0
1.31452 1.2683 0
468.621 -150.862 54.5673
-2.89926 -7.76886 0
-2.24809 0.162787 0
-3.27907 -0.148738 0
-3.85682 -21.5041 0
-17.764 27.5824 112.668
-2.21195 -0.381172 0
37.0393 22.0473 139.155
118.147 -38.9973 0
-11.9039 -49.7442 0
-0.753828 2.8663 0
-66.5513 -5.22903 0
-2.59437 -0.406196 0
6.60555 1.43456 0
16.5886 -125.366 73.1337
70.7406 -143.168 84.3884
19.4298 -6.02261 0
153.084 43.5903 0
-52.2851 22.9699 85.0629
-97.3243 -1.02592 0
3.99876 -6.41804 0
14.4111 -19.942 0
-19.6141 1.69377 0
-5.46865 0.418206 0
-67.6957 -105.3 0
-136.267 88.8728 0
-223.519 67.8969 49.4824
-1.81708 3.49118 0
-0.209259 1.68138 0
-3.49241 6.28328 0
1.45077 -4.46206 0
348.541 18.6868 706.09
-2.42776 1.12667 0
363.011 -224.405 64.3327
-8.00294 15.5356 0
-241.261 59.6576 0
49.0055 52.7525 111.777
-558.97 402.222 218.855
-2.73742 1.09259 0
-18.347 13.2689 0
25.5702 -296.933 35.5855
111.665 11.3629 30.5902
-19.5526 -54.389 0
-11.074 -4.36854 0
-2.80608 3.50492 0
-1.10935 -4.48713 0
2.64523 16.351 0
3.18489 0.296327 0
62.4918 -10.9167 42.1469
-1.03033 -1.47298 0
-0.311759 1.36204 0
-27.9564 -6.23544 100.499
-84.7666 1.30593 0
-0.14283 -1.63033 0
107.838 -51.7837 81.6694
106.294 -124.29 0
-31.2955 33.8557 0
6.61889 3.10087 0
9.72293 -38.4366 0
-3.8527 5.7982 0
-2.27171 0.522314 0
-1.57471 1.70351 0
-12.2178 11.5259 0
-183.786 283.516 0
-29.5901 -49.7764 0
-4.85608 -56.2776 0
26.5094 68.4513 0
5.80512 7.56096 0
-2.2165 -5.73524 0
128.417 197.219 165.482
-77.8398 -23.9774 136.546
-34.1832 -15.7561 0
-0.209173 -1.58381 0
-0.0542084 1.71891 0
164.874 -44.2697 0
-0.764841 2.33769 0
-3.87852 27.2268 0
22.1846 61.2999 0
44.2999 -73.3446 28.7813
-2.04384 1.51115 0
11.319 -70.1661 0
-7.42364 3.58346 0
-16.6778 184.825 0
-0.633324 -4.34431 0
-0.20207 -3.13092 0
-3.28076 -18.3561 0
0.209302 -4.10105 0
-0.947773 10.0922 0
48.0695 60.7856 0
307.678 36.2697 147.392
13.8247 60.3689 0
4.43402 -14.5993 7.24245
-0.124888 2.40961 0
26.4839 -1.67687 0
-7.09944 -9.15355 0
-0.600036 -99.4066 140.007
0.0932499 -86.3204 0
15.9914 -4.92624 0
4.20573 -0.114665 0
-1.73111 3.52044 0
83.953 -185.507 207.269
-189.247 -82.6862 106.469
-14.1843 33.1809 47.9409
-0.598951 -1.73841 0
-0.734491 4.25853 0
-0.600055 -0.300437 44.6938
-0.600014 -0.300063 136.85
-0.600158 -0.300676 48.202
-2.00184 -1.67007 0
-26.9235 -30.0707 0
3.55892 6.18948 0
8.85899 3.25329 0
-36.5629 71.3173 95.9616
4.7933 2.49829 0
16.0364 -20.109 0
2.13498 -0.802993 0
10.1861 -153.63 0
12.7185 111.834 32.8866
-0.600493 24.4859 0
3.18258 16.9976 0
4.53314 5.24301 0
-3.7275 14.7128 0
0.873653 -5.58812 0
-2.30432 112.724 0
83.9885 -6.53402 16.2019
19.0211 16.3723 0
-0.160348 -1.54057 0
35.5451 86.574 33.2997
14.7333 -83.1847 67.0375
-1.58657 -54.0189 0
-6.91188 16.8671 0
19.606 54.1947 0
0.778441 -7.20476 0
-41.3135 47.7039 33.1033
-31.2894 18.0898 0
113.077 -190.734 35.2374
100.596 -192.602 47.4979
-0.70466 1.36061 0
-0.599754 7.09605e-05 44.7193
-0.600013 5.2547e-09 136.932
-0.600354 4.85294e-05 48.2753
53.0347 -57.6523 42.47
-17.2114 -7.55194 0
110.951 46.6755 15.9562
20.5649 10.7137 0
12.5608 -10.6626 8.32104
20.9281 30.0002 65.2303
93.4882 39.4217 202.681
26.9298 2.63721 4.74881
-0.461608 -0.153551 0
13.8774 94.0152 44.618
-7.49479 54.0228 39.9168
41.3009 -50.5722 35.6297
-0.0476083 3.72567 0
0.899133 15.498 0
-0.370889 3.9512 0
19.4191 19.7386 0
-1.38607 -1.42112 0
3.8879 37.6875 0
9.97046 3.42763 0
1.55694 63.6254 0
14.5103 -83.4251 68.4316
7.05782 -14.1237 24.2788
1.35096 -8.8564 0
19.5486 59.741 6.49408
-2.78406 -1.35442 0
8.4102 -22.6033 0
-1.2031 2.25642 0
37.9552 278.47 307.699
7.2868 -63.5579 0
-0.864138 -1.70093 0
-0.599875 0.300119 44.6948
-0.600014 0.300063 136.85
-0.601558 0.300334 48.2032
-60.4863 0.940632 0
10.3701 -18.46 0
-1.02118 -2.26029 0
13.138 -51.6712 85.2987
29.1899 -41.3576 0
-11.2158 -36.2807 0
-18.2026 -35.4405 0
-85.923 -68.6782 30.3735
-3.55562 0.42146 0
-0.600053 120.569 130.395
-1.29936 86.3125 0
-0.677343 -2.9746 0
-10.8458 3.35297 0
26.8962 -9.93191 6.65644
-110.209 165.836 183.705
-1.70617 -5.80916 0
-22.6825 -8.7665 0
-0.185572 -16.8357 0
10.7902 138.183 5.9138
-0.598573 3.41467 0
-7.32857 -2.56467 0
95.0943 -0.673274 16.6604
-35.7093 89.8934 0
6.47178 6.93705 0
-79.1496 -140.825 3.28848
-1.42983 3.04653 0
-6.2005 -43.8005 188.77
-58.7789 -51.8043 0
8.32178 -20.6992 0
-2.54355 0.589026 0
-55.1229 12.859 0
-1.62151 -2.58578 0
-1.16983 -1.65484 0
0.237639 -2.21412 0
3.33461 -2.76923 0
0.935843 -2.27271 0
-43.0958 -23.3698 0
35.6025 -97.0679 43.1638
148.242 164.512 0
1.6355 -2.2855 0
-64.1868 -155.441 152.605
2.21882 -2.85057 0
11.1294 -9.15593 0
0.507974 6.90019 0
1.41138 -4.38943 0
16.1068 -31.399 0
1.83138 -2.06106 0
2.38192 -0.170209 0
68.5036 13.1752 0
19.6332 -6.61621 0
55.8035 123.429 0
-0.780043 1.64128 0
-62.5783 9.70942 0
115.408 13.3334 32.0193
24.4212 -0.301887 0
4.12326 -4.74305 0
2.42847 -2.86379 0
98.1421 -11.7969 0
-45.18 -12.9696 0
59.6175 -38.7381 0
49.0818 -53.2524 0
-2.75887 1.46022 0
-1.64338 -2.83761 0
61.1819 9.09622 0
0.790033 3.59429 0
-1.65535 -4.14712 0
44.3539 216.922 245.673
-2.24819 -3.57701 0
-204.645 24.0807 7.85379
-264.068 169.37 161.112
-0.432106 -0.168821 0
-2.28405 -0.0522338 0
-2.95667 -1.31426 0
3.31003 8.28374 0
-4.50731 -7.5056 0
232.033 -10.0732 0
57.5923 77.7997 20.784
-6.90196 0.552807 0
-4.98003 -3.08351 0
-152.547 38.4484 82.4967
-25.2065 139.37 93.8144
36.6711 34.6395 0
-0.284392 -9.78363 0
-0.228544 -1.3453 0
47.5902 -39.6623 37.9631
-2.64321 3.44217 0
111.31 13.3473 32.9891
24.1795 7.08297e-06 0
20.8266 -13.4595 0
39.9083 115.68 13.3195
81.9973 328.356 260.388
32.5408 -23.772 17.9332
91.1259 -4.53721 0
30.3052 -17.6079 0
-14.6733 -129.34 0
9.32962 38.9509 0
-5.64146 1.71868 0
-93.2371 -142.529 218.417
-319.471 57.7443 159.157
-139.611 -196.464 0
-9.44408 -5.13315 0
63.4039 -108.241 0
-2.07773 4.49394 0
10.2201 -8.60754 0
-0.0797235 1.58945 0
-0.985779 -1.43194 0
69.6491 73.9864 108.174
-8.81084 -8.27633 0
202.928 72.0375 222.828
6.97759 -7.31267 0
-0.376181 -6.27569 0
-4.14701 2.57802 0
12.7843 -20.5642 0
113.519 -130.564 195.317
0.400851 -2.47723 0
11.1544 -48.2298 0
1.17202 -1.87197 0
7.26924 -3.36273 0
-227.43 79.4767 0
115.944 -4.48723 33.6882
24.4203 0.301965 0
2.85059 -0.575318 0
-208.814 89.4313 0
74.994 -29.0031 0
36.3357 -16.9527 0
1.44066 2.3321 0
-89.6455 64.8514 50.3551
23.9287 -6.4294 0
86.1669 3.50315 18.4218
0.408012 1.47953 0
9.83706 8.5747 0
10.7703 4.40478 0
-14.9124 -78.8095 0
2.05572 0.211401 0
-198.088 -119.648 36.0785
33.9291 22.8844 0
6.17828 2.70977 0
-71.5768 -5.3203 29.4164
14.5471 -74.6281 0
33.4235 -90.0879 0
-11.1153 6.94073 0
-4.73887 4.74437 0
-66.0785 27.043 0
-2.0315 -0.204739 0
-4.00525 -4.88281 0
-6.01741 6.40263 0
-77.1646 128.241 34.0194
-47.968 -62.2339 0
1.71589 -36.9496 0
5.05869 8.07984 0
-2.00342 -0.941844 0
-0.282198 -1.59562 0
96.3668 25.402 42.9984
-85.367 23.2092 0
-2.91649 -0.381113 0
7.34093 2.85466 0
-176.446 -113.601 0
-4.39864 -2.63036 0
5.14391 -0.00796184 5.15947
-2.20714 0.142479 0
85.2501 -66.427 3.90687
-33.9017 69.1919 0
-45.8493 -39.9876 0
-11.1535 -9.25267 0
33.0657 210.84 2.20417
2.90349 120.857 69.5438
97.5773 -74.289 0
3.88141 -2.10451 0
-65.8954 12.9881 86.1173
1.03308 -5.72626 0
6.17663 16.149 0
22.8162 108.98 44.0486
82.9335 -62.581 0
7.13281 0.168929 0
-87.8526 15.0082 66.8895
-48.78 -1.96961 0
10.5929 9.24598 0
5.97282 2.39863 0
8.6346 -7.57433 0
-65.8645 22.7835 0
-7.92611 -13.9879 0
-11.7661 -0.117378 0
-30.2048 8.31846 0
66.6529 -278.608 115.842
-0.304845 -1.92241 0
25.7505 59.203 0
-25.8468 -30.0955 0
2.90755 -3.08245 0
-0.656962 -1.51546 0
-0.804266 -1.70315 0
13.66 7.29547 0
-2.49244 -1.25806 0
-2.99724 -2.53994 0
-2.19832 -0.91281 0
-3.70329 -0.430962 0
-2.47724 0.583631 0
62.74 46.9798 128.706
-21.3139 50.8956 41.9176
5.16421 -2.09065 0
-4.06372 -4.62274 0
188.326 267.56 71.2129
-291.006 -62.9096 19.7396
-94.0556 142.965 0
47.8729 -1.75133 0
-18.1996 90.9213 0
-4.09421 2.54563 0
0.730264 -1.59657 0
-83.7621 15.1328 68.4841
-54.1714 -1.19489 19.1721
11.2683 -13.1646 0
0.189553 -14.6412 0
-10.9172 -0.563943 0
-55.8182 -10.8422 0
-58.6869 -35.2261 0
2.14691 3.77064 0
-18.0868 -22.0719 0
34.8503 -25.2223 0
0.745255 1.65574 0
2.18779 3.69089 0
43.3461 -66.751 50.2769
36.5317 -61.4823 0
-0.656809 -1.49471 0
-46.8673 -25.858 74.6888
-4.06555 3.67518 0
-82.5231 66.6324 0
-2.70306 0.590064 0
290.751 -267.922 123.69
0.148996 -2.363 0
17.93 -62.3582 44.999
110.265 -299.064 5.431
-11.0575 0.0453969 0
-155.773 234.924 257.914
-3.35375 -1.54558 0
-18.2879 -256.421 84.1062
50.0015 -88.4371 10.3862
0.428553 1.81115 0
4.9106 -55.4601 0
-396.855 -111.584 7.31179
-4.76181 2.96913 102.053
1.01187 -0.449618 0
-87.5393 -3.50977 72.3981
-79.327 0.97368 0
7.65086 -10.1348 0
-151.195 -3.22425 38.4157
-58.3608 -81.2415 0
40.3178 3.44395 23.2252
-88.6949 -46.8179 5.24793
0.79059 1.4008 0
0.126201 1.49006 0
-0.381059 1.57287 0
-0.613388 1.61382 0
-12.5285 12.0892 0
-1.49526 -4.65788 0
2.68167 3.09398 0
77.1564 67.2113 0
-1.61402 4.1761 0
-22.0731 41.1027 182.481
-184.4 -73.9898 0
85.3307 -209.012 95.8336
-2.27439 1.20916 0
-25.8871 -13.894 97.6535
-2.12207 -0.0872784 0
-112.217 -125.415 0
4.46244 -14.4799 0
-0.418441 1.80033 0
2.58881 -10.2213 0
34.5532 25.3181 0
-20.9076 -5.36518 0
-3.18424 -0.874321 0
-3.79737 -0.584467 0
-2.38583 -4.4999 0
-2.00129 -0.144311 0
-0.299989 -3.86608 0
-0.0200558 -3.2119 0
-2.90023 -19.5783 0
0.419042 -4.12005 0
-1.03951 10.0529 0
-1.56801 -5.84768 0
113.417 -153.178 79.9938
-10.1763 74.3011 98.2741
-1.29327 9.43056 0
-49.7787 140.823 40.6263
4.62077 -8.70715 0
2.29225 -0.843386 0
-0.299976 -99.3613 140.034
0.393899 -86.3209 0
-420.862 242.87 17.5122
247.434 -684.173 317.243
-0.523485 4.19318 0
0.433582 1.25885 0
2.80617 2.41572 0
48.2101 14.4471 0
85.58 24.0645 0
0.228662 1.50288 0
-0.300033 -0.300041 44.6956
-0.3 -0.300063 136.854
-0.300004 -0.300188 48.2041
-86.8995 62.491 61.6723
14.4871 -31.7688 0
-2.53835 5.42532 0
19.8978 115.59 71.3453
-201.516 132.171 204.858
24.5928 87.4659 23.0692
20.3708 9.07742 0
74.9217 33.1143 41.433
10.7386 -151.225 0
13.0232 111.782 32.9243
-0.300561 24.4873 0
1.9665 -48.7754 0
0.958321 2.53498 0
-3.1265 -0.595768 0
9.79405 1.36523 0
-1.82618 -0.985838 22.0454
125.745 125.228 84.8907
312.191 -390.911 77.1178
0.243306 -2.63429 0
37.044 84.9225 38.2726
15.0437 -83.1116 67.0586
-1.28581 -54.0186 0
33.2964 -175.17 53.8852
0.658573 1.44254 0
-5.13733 5.4056 0
-115.304 -56.3298 0
35.0678 -200.646 3.19956
-0.729592 -2.17014 0
-1.33651 -167.081 21.9685
89.0811 61.593 23.2716
-0.299735 7.60511e-05 44.7229
-0.3 1.15376e-07 136.936
-0.299777 6.42022e-05 48.2786
-16.7007 -22.5491 20.6823
-2.17749 -2.49048 0
193.352 -171.476 74.0592
8.80229 -0.906238 0
22.7601 -0.503632 11.0004
2.58456 0.615508 0
-56.0718 65.8465 104.29
6.96382 20.8066 0
-0.018773 -1.5215 0
14.1893 93.9454 44.649
-7.00595 54.4274 39.828
3.33002 -0.42268 0
110.052 2.60708 46.4481
2.67563 8.02173 0
-3.04923 1.84515 0
-97.9321 -145.208 0
0.316432 -2.8314 0
-40.9971 202.612 180.33
-38.8602 121.059 158.634
5.18487 70.44 0
14.8158 -83.3597 68.4637
7.37192 -14.1398 24.2937
-3.90185 1.90715 0
16.3479 52.5734 0
15.3399 110.78 12.2439
39.8513 65.3771 38.2164
-3.72904 0.380768 0
-23.1858 -78.2851 0
-12.8136 -86.0558 0
0.763469 0.128424 0
-0.299767 0.300067 44.6968
-0.299869 0.300101 136.854
-0.300099 0.300212 48.2051
9.63524 9.52127 0
-1.4382 -1.52485 0
14.045 55.5907 0
-100.422 -126.414 30.3155
-40.0759 -85.9926 182.305
-19.7081 -59.3072 24.783
-12.2938 66.5811 84.8477
14.0601 15.4092 0
-0.340839 1.98118 0
-0.299969 120.527 130.427
-0.993142 86.3204 0
-0.386217 -2.97282 0
-33.6437 67.6827 10.4625
-3.28881 3.01246 0
-1.65905 -21.6065 0
6.7152 22.637 0
-12.2643 -30.9937 0
5.84821 13.8839 0
3.77897 2.12839 0
-0.291625 3.41831 0
-262.706 -120.987 87.5973
-1.19211 -75.4447 0
131.134 152.614 233.187
-1.41887 -4.14598 0
81.3131 -1.20925 20.999
30.5938 217.761 14.0695
-76.2276 -124.918 136.425
1.78851 -8.85603 0
0.0401416 5.33019 0
5.72198 1.74312 0
0.582678 1.66162 0
-4.49309 -0.701481 0
8.59731 2.23628 0
2.48284 -3.10371 0
1.89689 -1.93517 0
5.52809 -4.28372 0
25.934 86.6531 0
-6.61091 6.85301 0
-11.6568 5.24462 0
40.7032 -30.3179 0
4.81223 4.33379 0
7.8139 -7.70607 0
11.445 -9.17923 0
7.16146 9.32964 0
1.55619 -4.13733 0
0.0507732 -3.92779 0
29.8627 137.203 6.12586
-0.519639 6.20653 0
38.3879 89.9372 0
18.9477 -9.23389 0
0.452241 4.55974 0
1.04929 -0.489607 0
-28.9062 -11.4229 0
115.707 13.3396 32.023
24.7224 -0.301207 0
5.53982 3.28635 0
2.14784 0.283046 0
0.423779 -2.25089 0
-99.5391 -23.3293 25.6327
-22.6134 -76.5101 0
-95.7949 63.2324 19.9166
176.995 -119.288 42.9042
-0.644409 1.2534 0
-0.446458 -0.118021 0
2.11216 4.15516 0
-1.29515 -4.15955 0
-74.0273 118.905 75.5025
-46.728 73.0589 103.374
0.351128 1.59233 0
-11.141 31.141 0
38.2791 -55.9003 0
-0.19302 1.35729 0
-1.02849 -5.29876 0
4.25933 -0.604235 0
0.440981 0.184784 0
196.089 5.88155 0
57.8253 77.8293 20.7888
-149.332 106.139 0
-2.19302 2.54738 0
64.1555 -44.4255 0
32.7872 133.912 51.9159
0.42032 -1.93127 0
42.8158 -28.6533 0
118.417 -107.157 28.903
-236.798 62.9188 9.70144
-2.89891 0.249828 0
111.622 13.3483 32.989
24.4824 0.000305361 0
0.427622 -2.33661 0
-96.2129 36.494 45.4495
15.5857 -1.37671 0
1.04623 2.80904 0
24.2109 21.3033 0
-2.30784 0.813175 0
-6.42186 -1.52114 0
-4.41562 -2.65934 0
110.456 201.009 204.779
-175.873 -284.82 135.364
-319.245 58.6372 158.802
22.4135 -214.082 37.4288
-13.6046 -20.426 0
31.8431 7.26842 0
-44.8934 13.3939 11.6369
0.626576 1.86888 0
36.2512 -19.5917 0
-0.424455 1.17818 0
0.708214 1.71909 0
1.29555 1.97912 0
205.674 58.24 214.606
9.26 -9.81742 0
-6.81599 -8.36911 0
2.49201 2.21339 0
109.278 -169.674 87.3388
-35.8221 47.2409 0
37.9503 84.1924 0
-19.4901 7.61826 0
1.85585 3.26523 0
-21.5911 61.2128 0
-2.13131 -0.200868 0
116.241 -4.49125 33.6919
24.4699 0.301804 0
150.194 80.4073 0
-1.43092 -69.4877 0
77.6511 -32.654 73.114
5.328 -1.22101 0
195.543 -56.0157 21.6277
9.35824 -0.490824 0
-36.5577 -158.697 13.9202
-3.55244 -0.299314 0
0.329993 1.47321 0
10.1482 8.59579 0
11.0651 4.35631 0
-14.7468 -80.3157 0
1.92433 -2.4659 0
47.4851 -6.0268 0
2.60298 1.36126 0
24.0371 -2.46633 0
-6.74859 0.49137 0
-0.410414 1.19713 0
-0.163642 1.75674 0
70.9271 389.531 226.93
-7.59822 4.38165 0
-69.5688 -126.548 144.491
2.77224 0.968631 0
-18.7036 -47.5332 0
230.169 -113.761 80.9083
23.0358 -40.5512 9.9394
59.0477 -7.83734 0
-41.0296 60.7683 0
-3.13909 -0.733482 0
35.6084 -158.702 1.40978
1.0705 -2.34904 0
-10.9336 -125.387 16.0237
-153.968 221.745 126.295
-0.720251 -2.75996 0
-19.0477 -26.1452 76.1936
1.72378 -2.8905 0
1.09568 2.02175 0
-0.221186 1.41897 0
4.14276 -3.49872 0
43.3522 -22.2642 0
1.50194 8.40673 0
-23.9468 -22.137 0
-10.8534 -9.25257 0
29.2435 209.274 0
3.30147 117.805 68.6769
-29.2612 15.899 0
114.5 117.38 6.40918
250.691 -57.5299 81.5933
-44.2489 -38.6752 0
-79.8068 39.6598 48.738
18.9862 52.6413 75.0319
5.6584 2.77621 0
3.52009 -1.93463 0
-87.5477 15.0065 66.889
-24.7712 -0.300852 0
84.8603 104.968 0
0.974911 -1.62399 0
58.0162 15.49 0
49.7956 -131.764 11.8977
70.4418 -9.77639 0
-3.47056 -0.730453 0
2.28073 135.775 59.1823
41.7534 -57.483 0
2.25937 -0.410646 0
-60.1178 147.881 0
-8.94713 55.5068 44.4982
3.06503 -3.24897 0
-0.203361 1.3688 0
-146.774 -73.5394 99.518
0.474577 1.42546 0
66.0126 227.874 0
3.95521 13.7317 0
-73.046 169.194 0
-2.57276 0.327488 0
-0.514275 1.87071 0
63.3577 47.3186 128.423
-67.7513 52.0897 25.9725
281.82 -189.179 65.9903
-10.5519 -24.5287 0
35.735 266.683 37.306
15.5889 82.1325 0
44.3696 69.0716 0
-0.726093 -0.464549 0
-3.88985 -4.71856 0
-0.614568 -4.68929 0
0.791676 1.58935 0
-83.4617 15.1328 68.4862
-24.7827 0.000146137 0
-5.33124 0.934797 0
-50.5509 -4.78449 79.1966
-10.2646 -0.530412 0
-7.28263 -0.254095 0
-42.6325 1.11859 0
-4.42462 3.97189 0
13.1364 -11.954 0
-3.0231 -0.0495501 0
-1.30551 1.62103 0
1.2438 1.94788 0
-25.2046 -68.9524 41.4959
28.6384 -90.8016 0
-21.1836 -16.9112 0
-75.8741 85.0048 44.105
-3.41457 3.48409 0
0.765482 -0.460702 0
49.7527 -29.8485 0
0.02051 2.98001 0
-1.21722 -1.2904 0
-0.117635 2.90041 0
119.052 -297.378 2.65885
-7.92612 -7.7416 0
56.8705 -101.455 219.866
0.70865 -33.9308 0
-190.62 -85.177 14.7551
-0.018819 -8.37648 0
0.543059 1.38534 0
0.367731 1.70901 0
-10.1689 25.6316 0
-0.274767 -57.4342 12.8499
1.20376 1.51691 0
-87.2347 -3.50824 72.397
-24.7714 0.301215 0
-6.53111 -18.1357 0
-150.89 -3.1375 38.4764
-2.76128 -3.37126 0
-1.44211 -5.92295 0
-1.01912 3.32809 0
-18.627 107.098 67.4605
-2.81734 3.81579 0
-10.4333 -2.94765 0
-58.5579 35.8503 0
-12.2284 12.0891 0
2.38342 6.54019 0
-0.0419047 9.47919 0
-30.3032 56.9379 0
-0.234178 3.36928 0
219.882 59.0528 164.615
-2.93584 0.646507 0
23.1946 -8.06534 45.6387
93.8427 43.0697 33.2933
-132.442 -51.9536 77.82
-3.78669 1.25985 0
-4.32833 6.92898 0
-79.5361 -27.1082 86.0403
-25.3209 59.2358 0
-10.3441 14.7751 0
-10.0225 88.9595 0
96.9651 58.1548 0
-0.733809 -0.165246 0
0.704817 -1.70721 0
-8.27022 8.07706 0
28.2414 72.1626 7.38153
-0.00133234 -3.86626 0
0.347499 -3.49899 0
-2.59667 -19.2543 0
0.717499 -4.11989 0
-0.699258 10.0926 0
-9.82747 3.33286 0
-2.08156 -5.23198 0
-9.18827 95.4264 83.4428
-15.4558 5.79566 0
-49.0726 115.304 12.2787
-2.02883 10.2398 0
0.992686 1.80829 0
2.31523e-05 -99.3611 140.034
0.692849 -86.3214 0
-4.52405 -0.326025 0
27.9599 26.4585 105.624
-2.50944 14.1041 0
68.4558 -185.272 105.495
-5.8973 55.6085 0
-22.3595 -7.04038 0
-6.7737 78.0956 0
47.2074 102.662 10.4123
-0.000368398 -0.300371 44.6962
2.14689e-07 -0.300063 136.854
2.63925e-05 -0.301109 48.2058
26.9169 -28.0589 0
-52.7234 -72.3139 0
30.8163 1.73262 0
8.39112 2.70532 0
-49.7207 -67.4174 3.50228
62.9307 40.1499 9.25737
-26.0831 21.7113 0
2.43236 5.70914 0
10.8644 -150.534 0
13.3328 111.786 32.9246
0.000404921 24.4881 0
-3.08451 -12.1581 0
1.32326 2.4549 0
-1.22899 3.11406 0
0.869187 2.34965 0
0.0630195 -4.76385 0
-33.018 -15.5104 0
-0.33506 -3.21765 0
16.4382 -8.86196 0
2.81126 -1.58823 0
15.3447 -83.1107 67.0581
-0.985871 -54.0181 0
4.35106 -0.0484513 0
-4.27007 15.8126 0
209.167 -1.37259 351.16
3.1456 -10.4862 0
192.85 -31.0627 101.472
1.8025 -1.96809 0
-19.1834 -157.563 202.6
-3.41362 -1.79729 0
2.10299e-07 -5.83235e-07 44.7214
0.000242834 6.99107e-05 136.937
0.000171703 -9.88776e-05 48.2777
14.5792 93.6567 85.5193
-27.276 14.54 0
-1.32866 -1.56402 0
9.398 -0.827425 0
23.9451 4.2075 8.77969
125.171 161.615 170.113
45.4496 103.584 75.1638
1.92536 0.836474 0
0.52175 -1.57911 0
14.4908 93.9438 44.6481
-6.70581 54.4271 39.828
17.1449 -27.6465 0
-7.28763 3.92937 45.1564
-0.624621 13.8238 0
-6.0148 8.06772 0
-70.6611 -84.3544 0
0.406458 1.46665 0
-0.357191 -1.4216 0
39.6183 -17.5023 0
3.77152 54.3502 0
15.1252 -83.3624 68.4687
7.6813 -14.1636 24.2926
0.249653 -4.25569 0
19.3721 60.0784 0
-11.1709 209.95 7.58799
3.33696 -13.2702 0
-2.98088 1.67412 0
0.361329 -7.63803 0
13.5751 -28.2696 0
31.5358 -147.095 65.2534
3.60435e-07 0.3 44.6955
0.000630254 0.300244 136.856
3.29128e-07 0.300166 48.2041
24.2654 -6.57945 0
-1.24833 -1.95695 0
-107.445 228.721 29.7619
-303.069 12.8543 38.2032
0.159632 -3.71519 0
5.34484 6.56499 0
-2.12333 0.287884 0
-0.718607 -1.17461 0
0.353309 -7.26175 0
0.000513638 120.528 130.428
-0.692758 86.3221 0
-0.0668159 -2.95864 0
-1.08565 -1.43187 0
20.2184 -20.3668 0
-94.4923 30.9303 0
2.38458 3.77333 0
-30.865 12.2519 0
0.918444 -3.42322 0
-49.5878 61.6696 37
0.0063887 3.41786 0
6.97623 -0.453393 0
0.864499 6.31242 0
-83.929 85.2656 0
-3.29971 -4.68612 0
-5.13596 4.98107 0
33.5514 255.348 25.2316
-38.2782 -81.8005 42.414
21.5118 85.5913 184.191
10.8006 -14.8775 0
-26.957 -75.5794 241.799
-1.87823 -3.67492 0
-177.641 -23.4508 0
24.157 -2.14114 0
-250.15 80.071 35.3608
136.292 -313.158 0
162.49 108.974 139.617
-358.381 41.3914 124.64
70.2033 48.9021 0
-9.36844 37.9201 0
-22.6102 2.37037 0
-0.449428 0.407893 0
8.09505 -7.69374 0
11.7453 -9.17931 0
0.666981 6.98483 0
-6.38697 -12.291 0
1.28441 -6.68694 0
-7.30705 -4.87973 0
22.6587 -5.66796 0
-58.7863 -14.8145 81.1552
22.2382 -7.61395 0
-0.150681 0.178553 0
-139.871 122.399 0
48.205 -145.182 0
116.003 13.3491 32.0167
24.7715 -0.30065 0
-24.4548 -25.9968 0
3.07746 0.498427 0
-47.6024 -24.3572 0
55.0512 69.0873 0
49.0827 -61.8828 0
-26.6465 -29.6458 0
1.55807 1.77111 0
6.43713 -8.88502 0
3.18322 1.37803 0
2.92068 4.93807 0
-0.949294 -4.16196 0
34.5619 92.1205 169.731
36.2385 63.415 0
0.540057 10.9104 0
-39.9904 -475.842 87.2385
-0.121301 -0.434348 0
2.01222 -0.255326 0
-37.978 -110.706 211.398
16.523 -11.0219 0
62.6538 145.182 3.20782
201.139 11.183 0
54.9524 76.2914 20.9706
-148.912 105.76 0
-0.163555 -1.42996 0
27.9985 -134.353 0
-147.122 -35.1324 71.8931
-154.321 13.5217 3.08501
-2.91906 -0.73885 0
-25.8948 -99.0939 0
19.6887 -32.7583 1.2869
48.3289 180.628 11.6485
111.906 13.3461 32.9708
24.7821 0.000604801 0
-58.856 54.5006 108.642
-86.8368 -8.7327 0
108.302 77.1962 0
68.5094 -27.9829 0
-15.4745 -79.0914 0
-18.0946 -9.42374 0
2.1344 3.03209 0
-156.156 149.41 280.69
-0.60273 1.4613 0
1.20387 -1.76553 0
-0.348031 -1.8826 0
-37.6206 -199.822 54.9771
54.1188 263.183 123.948
-32.827 -19.9383 0
-49.0284 21.759 0
-243.849 -37.6942 190.03
28.1353 -9.69107 0
-5.32291 2.04743 0
71.064 -400.048 93.271
129.532 -81.7733 230.687
183.456 69.0213 262.249
-50.8927 32.2652 0
-3.81629 -1.82574 0
-1.53011 2.09276 0
118.021 -32.6128 5.08916
-24.6509 58.608 0
177.17 -13.5546 101.903
92.6359 310.899 103.113
128.866 44.5644 144.59
-155.826 95.0486 106.882
-0.537007 -1.34516 0
116.538 -4.49865 33.6863
24.7712 0.301578 0
1.93213 0.505208 0
-155.909 -29.6916 0
-8.6224 -8.4493 0
4.60655 3.87004 0
158.591 315.031 63.8213
75.7309 -129.793 42.8796
0.356603 68.9905 152.309
-149.277 -205.973 356.042
-3.11299 3.79157 0
10.4484 8.59586 0
11.7168 5.27774 0
-14.3155 -80.3122 0
14.1815 -11.1126 0
22.2658 -162.514 0
-62.5005 -163.06 10.9485
-2.16964 2.72707 0
145.714 87.4329 103.758
26.9319 16.3389 0
158.441 28.7852 20.8635
1.05567 -3.24868 0
-7.48751 2.91 0
68.628 -164.473 0
0.322443 1.49293 0
-0.736364 3.6472 0
2.4369 5.2568 0
0.35159 4.52127 0
6.52757 -6.24496 0
-11.2644 -14.3369 0
46.4791 15.7283 0
661.415 78.2004 36.6047
1.74835 2.25457 0
58.63 -156.76 58.0161
41.8037 -24.2716 0
-1.64729 -1.47583 0
-103.531 -197.386 178.07
-4.88619 -7.39758 0
-7.94517 92.372 32.7604
-6.69176 94.4219 0
-41.8319 22.8292 0
-2.1205 -3.06839 0
-19.5587 83.2632 15.526
-25.1709 -23.6333 0
-10.5532 -9.25249 0
29.5549 209.275 0
3.67166 120.866 69.635
-117.319 -18.5341 3.51181
-34.5793 -8.9238 19.3736
5.11806 -1.06137 0
-2.68085 -3.47641 0
-2.8076 3.32243 0
-166.214 35.953 0
0.572316 -1.68645 0
-53.9259 46.0721 0
-87.2481 14.9982 66.8984
-24.4699 -0.300652 0
200.117 84.6402 97.2091
2.27444 4.38525 0
-5.20699 -0.617604 0
-83.5056 38.6672 0
0.805389 1.25471 0
-36.1918 -46.1844 0
42.6112 197.847 330.739
-38.7148 -12.0563 0
1.57637 -1.77379 0
-61.131 149.076 0
-7.69888 -94.064 26.5037
3.07944 -2.87162 0
-2.48539 0.969192 0
204.684 -84.4601 0
-2.07236 -4.04589 0
2.05736 -1.61432 0
0.349763 1.98142 0
-4.12357 1.39823 0
0.651423 -1.8678 0
0.67537 -1.94361 0
64.4027 42.9899 118.671
-69.2796 51.5778 25.6416
111.32 -3.48924 0
-4.59595 -1.93849 0
2.61295 -111.128 0
3.47212 2.19267 0
-298.883 -25.5847 151.362
-102.05 -98.3276 8.77409
-149.305 -104.387 9.10916
103.143 -12.6908 40.9365
-2.09341 1.56423 0
-83.1651 15.1352 68.511
-66.7282 -5.4648 0
-6.6852 2.57879 0
-2.32395 0.713422 0
-9.18275 -0.514959 0
-4.15991 -1.71679 0
-42.3128 1.11791 0
26.8169 46.0579 22.8234
-109.884 -89.7241 53.2296
122.846 -80.6678 43.4452
1.5424 1.32228 0
1.58744 1.88632 0
-27.3102 -67.137 41.9685
1.52883 -7.73334 0
1.983 -18.868 0
-2.10649 4.60937 0
-93.8829 -14.7245 22.9326
-34.1628 10.2751 56.6589
2.0523 0.856938 0
-159.327 43.6859 353.364
40.1821 18.4999 0
2.39386 -0.192949 0
117.142 -299.309 1.48733
-7.62188 -7.75568 0
-113.096 6.944 185.099
145.745 -60.5244 0
15.2629 19.0213 0
-0.171223 2.53711 0
3.03532 -1.73447 0
-5.40391 -7.73126 0
-24.6087 -39.3801 0
0.0839005 1.78759 0
0.55519 1.6992 0
-86.9363 -3.5029 72.4037
-24.4701 0.301639 0
-12.404 42.618 0
-150.647 -2.96801 38.6674
-2.48746 -8.52639 0
3.00656 3.3929 0
35.8655 -273.399 105.907
51.1058 -34.7144 29.3359
-19.3078 13.7424 0
-85.7972 -104.473 0
31.6712 36.1755 0
-11.9283 12.089 0
-2.10871 8.44982 0
40.6473 24.6423 0
-15.9988 -5.28204 0
-2.10455 0.0591553 0
-225.544 124.719 0
-33.6211 12.664 0
-50.8819 -24.8419 0
-62.8717 36.588 0
-61.4645 68.4383 21.7303
50.104 1.72628 0
-117.038 -134.074 0
24.1953 2.29044 0
-1.48904 14.9623 0
42.4203 -21.5899 0
16.1291 2.64065 0
9.55444 295.329 214.825
-7.72085 -16.5685 21.7857
2.39667 0.51327 0
-4.97384 -15.0201 0
-3.66149 1.40977 0
0.297738 -3.8636 0
0.861937 -3.31497 0
-2.28188 -19.2515 0
1.01264 -4.12283 0
-0.253403 10.1022 0
2.55885 -1.33373 0
-71.9078 -120.333 50.6539
3.9482 134.137 54.7402
10.7274 3.37435 0
49.4793 105.143 3.84177
-4.13281 21.9567 0
0.284299 -1.37957 0
0.300022 -99.3613 140.034
0.992878 -86.3207 0
41.6381 61.7875 94.0928
12.7208 0.24883 0
-1.72922 10.3553 0
86.6968 -185.678 119.005
2.26886 0.576104 0
-1.86696 -0.381431 0
81.1662 -109.291 70.1056
41.1889 26.0263 0
0.30048 -0.30048 44.6965
0.3 -0.300063 136.854
0.300641 -0.301565 48.2066
8.09699 -1.82538 0
-8.35399 17.3578 0
96.8901 29.6422 74.9724
8.71955 2.87361 0
-15.8488 2.44136 0
112.87 -194.199 7.52678
33.867 13.4742 30.1662
34.1286 52.107 0
10.8883 -148.884 0
13.6429 111.777 32.9189
0.301061 24.4881 0
5.29559 -0.630698 0
1.52891 2.42758 0
11.8415 22.9815 0
72.7797 -47.6794 51.8516
4.65392 -76.8529 0
-10.0367 13.4011 0
16.0298 13.794 0
-30.5324 -8.68404 0
2.68909 -0.364135 0
15.6451 -83.111 67.0563
-0.686186 -54.0191 0
-34.2331 -53.9598 0
-34.8252 -0.691654 0
-180.697 -277.613 256.926
-14.7681 59.1501 38.4821
65.706 81.1368 1.12388
11.867 9.90411 0
86.4014 -144.633 104.949
55.246 78.8817 0
0.300001 -9.43721e-07 44.7214
0.300084 2.42524e-05 136.937
0.300252 -0.000217677 48.2778
4.32275 -3.21619 0
-4.7389 14.4002 0
-4.48369 0.377165 0
8.99466 -0.987232 0
22.8902 3.84132 11.9601
4.8426 7.95453 0
72.7087 111.199 102.213
13.1942 28.1038 0
2.00666 -1.11183 0
14.7917 93.9422 44.6453
-6.4041 54.4262 39.8287
-2.59644 -0.306774 0
-0.15799 -0.139571 0
1.55507 -4.67575 0
8.93909 114.258 0
2.2248 -8.34026 0
-0.697916 1.44313 0
-4.1122 0.0891275 3.89715
67.8854 157.925 0
1.18885 16.7783 0
15.4327 -83.3561 68.457
7.89588 -14.2222 24.335
-5.28102 -2.15415 0
10.6358 11.4891 0
3.5115 9.78228 0
-95.2198 3.98005 101.676
0.514914 -58.7408 0
2.2447 -1.29591 0
-3.10838 -38.4234 0
-25.1236 -26.5509 0
0.300087 0.299983 44.6965
0.300387 0.300174 136.855
0.300168 0.300204 48.2051
-28.7897 135.961 0
-377.549 -185.642 5.07331
-116.769 -38.365 62.2427
-1.71498 -17.7083 0
-23.4442 -48.3665 0
74.3302 61.7034 78.2721
8.88877 5.8915 0
-109.421 -13.0463 289.51
30.7855 34.5791 0
0.30046 120.528 130.428
-0.392794 86.3216 0
0.237044 -2.96295 0
-1.11004 -1.22909 0
-3.41589 -35.0124 0
5.81286 -3.61977 0
2.64796 78.4601 0
2.48261 1.76556 0
143.886 52.6601 85.3279
1.27342 -1.82348 0
0.304747 3.41822 0
9.06774 -2.96032 0
-39.988 -10.0141 0
2.83746 4.54807 0
-2.95806 -4.6845 0
21.6586 -3.66099 282.384
1.82797 -1.53673 0
10.1951 -108.941 58.7387
-5.8947 -22.3111 0
-36.855 73.0081 0
284.083 423.257 132.31
3.19242 -3.15049 0
-116.102 -121.954 39.7951
36.8116 33.6593 0
1.92645 -1.97248 0
-4.91236 -4.18762 0
8.32684 -4.88693 0
3.466 -2.84834 0
-37.3741 226.52 1.06383
-8.11134 -4.13328 0
-24.2671 7.30465 0
341.028 -167.572 34.7127
8.28587 -7.70311 0
12.0455 -9.17947 0
0.630154 7.11077 0
1.16945 -2.80977 0
1.81555 -3.28358 0
-22.1263 -66.1623 0
4.64852 5.22999 0
-2.63047 1.56945 0
37.4611 -11.8614 0
2.22398 -1.16955 0
2.1913 0.0330651 0
-136.775 372.756 0
116.321 13.3518 32.0391
80.6265 4.33749 0
-26.4577 -24.4746 0
-99.9214 -95.672 0
70.6384 290.55 22.6631
-96.1588 -191.897 245.141
-239.141 -6.70389 24.7437
-145.08 -29.768 23.8431
35.8069 64.653 0
8.13805 6.19984 0
9.11823 9.3722 0
-83.2726 -219.291 115.827
-0.339865 -1.79517 0
67.9887 237.398 149.287
0.183261 0.148392 0
232.032 273.94 310.168
-164.015 -118.188 22.2045
-0.369684 1.20248 0
2.61174 0.699934 0
18.744 -228.893 7.83777
125.01 -47.6536 358.938
1.56087 -2.23323 0
104.728 37.6607 0
-0.676443 84.3338 26.2228
53.0845 37.1537 114.925
1.98861 -1.46025 0
-72.1576 11.7973 0
-2.96272 -2.67707 0
2.00554 0.0048405 0
-0.927748 12.9546 0
0.297204 -2.30034 0
30.0048 95.2679 82.9018
-37.8171 88.5858 132.065
112.219 13.3461 32.988
61.609 0.277481 14.1732
-101.752 -32.51 0
2.75959 0.418042 0
17.7458 -1.52333 0
0.89262 -8.15502 0
73.7526 -15.2781 0
-260.3 244.705 64.3772
-75.4877 -39.7217 0
-40.7877 -10.0983 0
115.166 194.401 0
1.26371 -1.80608 0
4.243 6.69914 0
102.374 -174.756 88.3337
-47.0338 -48.3882 0
-79.8831 -39.1749 1.99698
11.3376 6.65657 0
14.003 71.0922 0
112.906 -116.535 0
1.25088 -1.85909 0
4.52703 0.778045 0
179.125 120.506 0
-483.182 399.326 470.323
7.87887 -7.26752 0
329.908 -175.067 129.738
1.95246 1.76877 0
-0.0614434 6.79556 0
3.60503 -3.69543 0
-181.339 167.319 42.2102
5.0389 -26.3387 0
206.101 150.953 112.484
3.0119 -46.68 0
1.52034 4.04804 0
116.858 -4.50412 33.7092
50.2316 2.41508 0
-109.9 176.153 43.8474
-1.93133 -3.66259 0
-65.5958 64.4885 57.6981
-124.851 -134.462 0
-72.1912 -196.115 0
4.96941 -5.87798 0
92.6365 42.8954 0
-46.1009 -1.14538 0
-11.2467 -53.4835 194.28
10.7487 8.59602 0
60.0815 101.53 0
-14.6044 -75.8087 0
-62.5758 4.60068 0
28.2329 -6.34155 0
-3.84371 -4.04603 0
-35.5372 -13.3208 0
68.1885 29.6188 0
99.0257 239.137 0
2.16816 -0.545288 0
-29.9999 -12.5454 57.4488
-4.3183 3.30824 0
-6.07339 3.2126 0
3.60345 6.59818 0
41.9103 31.255 37.8644
3.13192 2.71206 0
2.4432 9.17518 0
-38.106 52.1864 123.513
5.04715 -3.89777 0
2.09101 -0.483343 0
-10.3319 135.244 5.79933
1.59632 -2.54488 0
3.39523 -5.69048 0
-3.83745 1.93084 0
29.1401 -70.2473 0
55.9837 -108.259 0
7.5261 1.39347 0
3.69839 -1.92203 0
-1.36454 -2.2301 0
1.90245 -5.06919 0
32.8052 -31.2313 0
0.043054 8.26425 0
-18.95 -18.2393 0
-10.2418 -9.19908 0
29.9252 208.934 0
3.82238 121.373 68.7913
50.6037 -86.5725 0
-38.9877 34.9737 13.7266
130.083 105.115 0
16.6796 154.028 49.5411
135.036 105.566 0
186.468 237.4 22.1264
4.72348 68.6901 0
2.34147 0.868301 0
-86.9526 14.996 66.8957
-24.4205 -0.300663 0
-0.177392 2.08554 0
-0.1686 1.55566 0
-2.03663 -2.23798 0
-30.0757 -28.4828 0
-128.063 13.573 0
-53.9594 -138.321 0
-2.67384 3.23058 0
-0.138098 1.90439 0
2.55418 -2.11554 0
-62.9845 162.847 0
-54.6936 -76.679 29.1819
3.58541 -1.21571 0
43.2796 -29.1743 0
27.9438 -18.4951 0
-2.87943 1.92247 0
-0.157523 0.417313 0
95.5992 215.032 38.9966
0.848098 -1.77559 0
114.555 11.6394 101.277
2.26715 -0.852095 0
55.6307 56.579 151.098
-68.9729 51.5427 25.6585
-23.9132 -9.1413 0
19.967 41.4751 0
86.3005 133.779 0
-3.26891 2.01023 0
-6.41381 -6.11026 0
-76.0755 -41.6045 0
-38.9641 -37.1631 0
2.24686 0.357674 0
42.5444 65.3103 0
-82.8621 15.1336 68.509
-24.1784 0.00112212 0
-4.48733 -0.314602 0
183.175 118.396 16.2336
2.52239 -3.45865 0
54.0993 55.3213 0
-32.577 7.60516 0
32.4421 164.983 27.3359
-0.894553 6.64406 0
-28.3927 -2.35587 0
0.240647 1.83238 0
2.84221 1.20192 0
-27.028 -67.0941 41.9836
229.004 153.906 7.27439
-70.3256 -56.1828 27.802
11.2132 -5.31789 0
3.30224 -0.475761 0
1.20975 1.5901 0
61.3757 -83.4997 134.93
52.0195 -35.0947 1.28382
-45.0901 -27.047 5.32451
-59.6378 -58.2044 26.0151
32.4357 -302.767 9.94399
39.7888 -74.855 0
2.60281 -1.12987 0
2.3917 -29.3601 0
273.027 215.338 101.648
-204.435 -311.497 116.97
-0.146959 1.62169 0
2.15317 -1.07892 0
-12.3984 124.911 27.5231
1.99054 0.402892 0
-169.066 112.214 107.362
-86.6441 -3.50035 72.4015
-24.42 0.302157 0
21.1912 116.652 104.271
-157.437 -1.71236 32.6285
-1.46898 -18.4075 0
0.26805 -3.98073 0
1.08428 1.57823 0
-30.2456 -57.2623 0.929801
-12.4392 -6.66489 0
-68.3164 -9.93439 23.1422
0.709685 1.43448 0
-11.0384 11.4348 0
0.185513 13.6658 0
38.7508 23.2379 0
-30.5481 8.95538 1.73505
0.589619 17.2628 0
-0.128469 -2.15411 0
-0.148645 -0.428073 0
1.93773 10.8901 0
-1.20597 1.50866 0
-74.6681 -44.4959 29.8638
0.134352 -1.45057 0
-107.532 -118.326 0
-81.9404 -56.3504 15.9822
-33.9386 -125.004 120.528
120.917 77.4352 0
119.505 -25.5027 89.0032
14.9341 362.143 41.7132
208.198 31.098 4.14447
2.6436 1.75594 0
1.05832 92.9375 1.30944
53.8116 157.108 214.742
0.600784 -3.85387 0
6.14966 -1.32296 0
-1.99465 -19.2381 0
3.2878 -12.9621 0
-2.72368 8.25274 0
3.39331 -4.88001 0
-0.459216 0.185513 0
4.89596 7.07631 0
54.3788 164.287 90.0878
-0.393243 41.6392 0
35.3131 180.197 133.355
-0.539012 -2.16232 0
0.60009 -99.4066 140.007
1.29967 -86.3128 0
-1.67698 2.2231 0
0.0151363 -3.36851 0
-0.264279 3.52689 0
-37.5409 -225.736 109.937
0.728162 16.423 0
-4.76824 -42.2565 287.774
-89.9621 -91.4304 210.462
-13.6383 -6.03399 0
0.600889 -0.300508 44.6934
0.600014 -0.300063 136.85
0.600757 -0.300635 48.2012
-16.5857 -6.99608 0
13.4745 -12.8851 0
-9.56628 22.5817 0
6.78775 4.97546 0
7.50726 5.69447 0
-3.26099 1.8925 0
-10.2067 128.815 66.4069
137.287 -54.1641 227.389
10.1063 -146.645 0
13.938 111.833 32.8823
-2.99493 82.4988 0
-14.8945 0.205795 0
1.29634 2.57207 0
2.44445 6.9515 0
-15.6651 -21.0815 0
-1.85935 74.5669 0
68.4986 24.6793 80.4457
30.2561 62.541 11.533
-69.7004 -12.3921 150.066
3.06412 -1.88901 0
15.944 -83.1843 67.0345
-0.380656 -53.81 0
-0.249795 1.46504 0
2.35609 -0.875101 0
75.7129 4.12859 136.931
-5.25049 4.52724 0
-15.5768 -31.4672 0
480.337 -60.6011 178.334
16.7041 -0.400705 0
0.278254 -3.01065 0
0.600002 -6.78016e-07 44.7179
0.600014 1.09685e-08 136.932
0.600087 -2.92814e-06 48.2735
21.3702 -23.8818 0
20.4408 -10.7679 0
23.6738 -7.5486 0
5.36281 3.72258 0
23.968 23.0426 0
-32.4495 -38.622 0
-5.35418 -49.5112 0
-73.9224 13.191 94.1253
-0.218983 2.56307 0
15.091 94.0126 44.6133
-6.10017 54.4047 39.8321
-10.587 8.3534 0
9.98412 28.653 0
0.431149 25.0098 0
2.09536 1.8097 0
145.845 -61.5687 0
0.403592 4.6467 0
-1.9529 -20.3712 0
238.808 -137.831 70.4194
85.6215 115.042 52.411
15.7263 -83.4243 68.4278
8.96977 -13.3105 23.7134
0.520018 -8.38832 0
-0.0164017 3.40606 0
46.5573 111.815 0.802523
-9.16717 -0.633028 0
-19.1071 -81.1622 8.00828
-1.45455 15.5163 12.9317
-10.8544 -27.1979 0
-47.0396 46.239 0
0.600308 0.299987 44.6933
0.600161 0.300034 136.851
0.600799 0.300169 48.2014
2.65046 5.23374 0
-0.683773 -2.14499 0
2.63869 -0.223274 0
-33.5602 -30.9691 0
85.6577 2.79161 40.3655
151.865 -213.59 61.8824
-6.679 -126.804 32.4391
4.75025 0.707356 0
-28.1737 91.8821 13.0146
0.600082 120.569 130.395
-0.0929272 86.3186 0
0.53973 -2.94375 0
-1.6165 -1.53592 0
-26.5972 -15.0255 0
2.64706 -35.588 0
-2.34048 1.43984 0
37.3103 -0.460253 0
-1104.09 -469.516 498.886
-136.76 -54.3711 53.8704
0.606631 3.4166 0
-2.08106 6.03919 0
1.52969 6.20126 0
8.38679 4.9432 0
-2.49079 -4.17751 0
-67.2679 -11.424 0
11.5572 5.26121 0
-45.5547 -117.111 93.8486
-62.3451 -26.4062 0
14.0737 -11.2821 0
2.07959 -1.20187 0
2.36465 0.145456 0
-119.063 -98.9541 0
-10.44 99.8219 27.6343
1.37415 -2.18096 0
4.2261 -7.8401 0
11.6868 -10.5824 0
0.531156 76.6882 433.099
-32.1634 -79.3706 55.9426
-4.54994 101.795 19.4751
3.32798 -7.17131 0
2.33191 -0.477695 0
7.97409 -7.5876 0
12.3764 -9.24621 0
-2.86028 10.405 0
-4.90078 -6.08294 0
2.88438 -58.9391 0
18.5354 -0.99866 0
1.43026 -3.33324 0
154.203 -45.5504 62.5169
204.525 -3.69617 18.5826
3.071 1.12735 0
22.2592 17.1501 0
32.6327 -131.903 27.2614
-137.806 90.7614 39.5277
84.7876 -1.31449 0
-62.3629 42.8901 3.84478
-33.218 2.55011 0
-192.569 194.848 100.437
9.39502 -2.17382 0
229.908 62.3291 91.407
-5.28337 9.98188 0
60.9119 -11.8758 0
13.0517 -8.69778 0
12.3934 12.6793 0
74.3002 240.057 0
50.5268 -207.57 0
-104.217 52.3061 148.182
-0.0848816 1.79298 0
-41.9239 -9.34645 0
-43.2698 44.3041 0
1.86302 1.35682 0
2.196 -2.07679 0
0.0126551 3.34134 0
-2.13798 0.168877 0
2.18384 -0.471221 0
7.3942 -3.50048 0
-200.725 155.895 126.613
-8.67394 3.16214 0
2.56416 -0.31819 0
-22.4112 2.66185 0
-9.4116 30.2757 0
1.88983 -1.94693 0
-3.61041 3.90357 0
-144.602 42.3031 25.3341
2.53812 -2.13987 0
-0.825164 3.48856 0
-81.0541 82.1845 74.5641
91.2611 0.869973 0
5.82475 -130.756 31.7473
11.9237 -105.819 0
2.01669 0.256908 0
1.41242 -5.0646 0
3.16323 -1.29151 0
78.0533 5.81718 70.5142
115.907 104.184 53.5079
-272.775 208.952 92.8676
29.6 15.3184 0
184.488 185.989 148.133
-250.292 -49.6447 129.006
-141.05 111.574 65.3061
-0.817543 -2.86493 0
-49.2703 -55.494 55.8379
-162.951 32.8885 0
43.1823 77.9291 0
23.0209 3.79349 0
4.24795 27.6027 0
-180.289 -133.982 0
4.59442 -0.322687 0
-210.491 171.834 155.476
-122.327 90.085 19.8386
619.049 -166.894 208.349
1.24566 1.57882 0
-19.3844 -2.02322 0
30.0242 -295.987 105.604
-0.531631 -172.716 107.288
4.76356 -81.2063 0
-1.42849 -1.48989 0
2.86579 5.67618 0
2.4396 -0.425562 0
-145.631 -6.65976 69.0851
68.892 2.58217 0
148.523 179.222 587.247
3.75157 2.32785 0
1.32248 6.25706 0
0.673123 -1.20646 0
3.19794 -1.39414 0
0.126545 -55.6693 68.4465
-3.89414 -60.4316 39.1583
-4.46696 214.031 90.523
1.4644 1.52088 0
11.0821 8.65 0
10.1858 2.73594 0
-92.8415 -49.6131 27.4727
1.12002 -5.73188 0
79.4029 90.5678 23.818
159.637 48.1097 0
2.21137 6.40197 0
-40.705 108.229 256.032
-9.52632 1.53227 0
5.61539 -9.28326 0
-0.771444 -0.457677 0
-4.58813 4.23829 0
-81.2267 72.5332 59.0343
2.25456 0.0175604 0
-0.497877 1.35213 0
-15.0204 30.7109 0
3.00603 2.15691 0
-32.8229 -38.5753 0
44.6467 169.387 43.7219
-14.409 -17.8989 0
135.597 140.122 70.5482
2.28974 -0.697412 0
6.84169 -9.68372 0
-2.6961 -9.36293 0
2.10722 0.255396 0
1.87893 -1.94306 0
27.0935 27.8413 0
2.29419 0.908558 0
6.50552 -15.4553 0
2.14025 -0.41388 0
-85.4139 -80.3321 8.33675
-33.1183 26.6694 0
-1.16693 -1.74843 0
-14.5944 65.9308 125.667
-54.0504 173.583 31.9863
-28.0854 66.5876 4.38175
32.8768 -36.6055 0
-3.11686 18.9079 0
372.387 -211.941 92.305
2.1214 -0.323745 0
90.6601 60.7637 0
-14.3586 -191.328 46.9859
-46.7144 73.4913 109.84
104.571 -0.525064 0
-91.0286 14.7539 66.2043
-24.1082 -0.300555 0
-48.5695 -80.282 0
-21.6216 2.71634 0
-0.138715 1.46879 0
7.71535 3.514 0
-52.7704 0.824267 0
-166.279 11.1019 33.1383
9.0421 18.2193 0
169.404 273.952 92.3553
0.677296 1.95072 0
872.145 -521.544 65.6171
-0.4646 -1.56567 0
-0.591607 -3.62413 0
2.30896 -3.81121 0
8.87064 2.49487 0
-25.0218 -35.0476 0
-418.047 294.145 473.086
2.02148 0.0339261 0
2.11607 -0.916237 0
-0.372996 1.29656 0
-51.3225 35.5774 108.709
-154.679 211.912 269.484
-65.4469 76.0532 13.9095
-0.572582 1.44436 0
83.4183 -42.5996 0
1.17197 -2.42673 0
52.4593 144.675 0
3.08802 4.59644 0
0.187406 -1.82511 0
53.3639 60.7233 0
6.92347 20.2983 126.107
51.8652 1.69691 0
-86.8364 14.8924 67.8402
-24.1165 0.000906573 0
-8.44237 -0.237996 0
-42.9489 11.8274 0
3.3638 20.488 0
17.2187 19.5682 0
12.033 0.395527 0
4.48737 1.34832 0
-25.0804 -17.0928 0
-63.3638 -91.2904 80.6413
-16.6473 24.8335 48.0894
49.8279 -269.613 94.1564
-23.4373 -94.4316 27.0474
-4.36662 4.03374 0
-33.2586 -42.3532 4.13198
-41.994 -94.0122 8.16391
2.30568 3.92936 0
123.962 21.1889 0
64.1688 12.9205 0
-106.368 -87.8182 103.955
-514.327 -24.5848 263.148
1.38637 -1.57313 0
-62.7581 -63.4628 154.232
52.4248 -19.8586 0
85.7753 226.458 117.857
64.7249 -38.8453 0
1.83387 5.04441 0
13.046 -6.71901 0
12.2279 1.42356 0
7.20383 -1.72151 0
51.6841 -220.123 0
-1.1987 -2.07651 0
21.7263 1.8069 0
-90.9246 -3.47018 71.6404
-24.1071 0.301943 0
-32.2519 -73.3971 0
-105.25 16.5221 0
-151.882 -218.592 9.20249
-86.4359 -59.4759 19.4553
-13.9679 16.8326 77.3009
15.0811 -3.26354 0
-35.7113 -15.6734 0
199.535 204.025 189.494
0.396101 1.82811 0
-0.737516 0.471989 0
-225.497 86.7743 45.5207
9.81619 18.8509 0
2.71016 12.3692 0
2.87454 1.90398 0
-8.15182 -0.767195 0
2.34689 0.224988 0
16.7408 5.9436 0
-70.3664 11.0108 0
-7.82788 -18.6071 0
-301.182 178.897 17.6312
-91.2087 -94.1041 0
-2.90743 -3.21253 0
2.5352 0.0423092 0
0.822503 31.825 0
29.5331 84.2683 0
-44.0961 107.589 178.853
1.9588 0.594173 0
12.2991 17.6557 0
1.02918 1.69405 0
-124.393 -16.1372 9.23009
0.904078 -3.43088 0
2.08481 -0.292322 0
-1.86531 -19.5397 0
-0.226184 -1.65903 0
-160.066 -59.0905 88.7313
0.413597 -1.87211 0
7.61415 -49.2285 0
7.49346 4.51395 0
0.653854 -2.80126 0
0.53647 -9.49427 0
5.13992 28.5493 0
0.515152 -1.90577 0
0.900826 -119.969 126.205
0.900934 -82.6965 0
2.78681 1.06479 0
0.857501 -2.80477 0
5.29514 -4.72708 0
-15.0642 -14.1342 0
4.5895 -3.42155 0
-9.20049 -74.4895 0
2.00999 -2.46282 0
2.85666 -0.674994 0
0.900206 -0.300117 44.6894
0.900171 -0.30009 136.407
0.900483 -0.300191 47.8133
-67.3669 -7.73195 0
-7.23033 -1.3321 0
-79.9776 36.328 54.5218
27.3632 3.37631 0
-4.48313 10.6645 0
3.87515 1.11847 0
-13.444 43.3438 9.23316
-0.193951 5.92577 0
-0.537372 5.36637 0
-3.56704 132.393 26.9022
0.901304 24.6825 0
10.6 13.3781 0
178.644 5.61138 0
-27.1806 -22.8894 5.23981
-8.67006 12.6146 0
-3.72787 0.761472 0
-59.7853 117.221 0
-6.02458 -19.6074 0
-4.56187 -41.7726 0
2.55585 1.61378 0
-2.49988 -105.503 67.1116
-0.0712158 -58.542 0
-15.7241 9.49618 0
-7.08765 -155.118 25.0489
-17.2576 37.27 0
3.42605 -5.99668 0
-39.3481 23.4288 0
6.07675 -5.09555 0
1.16079 -2.11812 0
1.99088 -1.81675 0
0.900107 -1.16736e-06 44.6956
0.900158 -2.56414e-08 136.504
0.90067 -1.69504e-06 47.8982
12.7731 -40.178 31.2789
-1.21166 -1.70947 0
-34.4503 -16.7101 0
-202.956 53.1412 95.9527
-55.6264 -9.56675 98.6902
185.976 -142.085 35.0983
37.7799 -33.7322 82.4913
9.6327 -10.0591 2.93808
2.4373 -2.0571 0
-5.55863 69.454 66.8621
-5.60429 55.3557 37.3671
-0.3334 1.25397 0
-83.7919 5.52914 31.7425
-1.61103 -13.4075 0
-22.9236 23.7568 0
-68.3952 128.936 23.2396
0.383408 -2.43342 0
2.72941 17.6013 0
1.62202 1.32215 0
2.60332 15.2438 0
-2.52884 -105.73 68.7601
2.03755 -16.1158 25.1073
-54.3336 -41.7181 0
3.15046 2.25449 0
-88.0815 28.8323 0
4.56072 0.207902 0
0.660656 -2.46529 0
-1.88255 -1.43225 0
16.1482 -126.736 0
0.923018 1.99492 0
0.901004 0.299991 44.6907
0.900317 0.300061 136.408
0.901614 0.300181 47.815
-12.1016 18.2511 16.8831
0.70373 -4.95918 0
-51.3444 -46.3896 16.6922
1.37505 1.53486 0
-38.1214 23.9343 0
-3.67926 5.28979 0
-10.3343 -63.7825 18.9963
2.11104 1.01955 0
-0.724467 1.82894 0
0.900825 139.187 114.689
0.171734 87.8058 0
-3.15867 -4.60359 0
-11.2133 -26.1476 0
-5.90187 -0.638537 0
-3.42053 -3.99255 0
18.4074 12.6051 0
-27.1204 -117.449 0
-70.1833 39.548 5.22112
0.604719 1.54431 0
0.909739 3.41765 0
53.0774 230.898 124.172
0.594585 7.448 0
-44.17 82.4003 0
-105.259 5.94271 66.4401
1.30638 1.33868 0
-2.38785 0.613695 0
123.372 -32.1213 0
18.841 -219.026 28.3868
-5.49991 -3.38326 5.17846
2.99453 -0.075046 0
0.833907 1.70773 0
-222.901 52.3493 0
87.4289 81.5123 0
1.9943 -3.15327 0
-52.0332 27.2838 6.41834
2.0752 -1.39819 0
12.6731 -116.422 0
-2.87844 -10.7547 0
0.497198 -2.44761 0
0.308598 -2.29929 0
0.446798 -1.79409 0
2.45067 -0.632678 0
159.49 -137.846 191.321
0.167867 1.83397 0
0.551753 6.51382 0
7.46455 -8.16097 0
106.925 -131.804 22.1363
-24.1236 -36.5715 140.218
21.6743 -57.5192 0
177.471 80.735 0
0.931822 2.19408 0
-45.8309 -97.5589 0
119.293 25.3343 0
139.858 -0.300045 114.636
94.2047 -0.299106 0
-8.82391 0.826182 0
0.306466 -2.31506 37.8267
147.012 71.0248 7.75434
50.4075 29.3871 0
-18.893 -37.1684 54.6404
22.7975 8.19978 0
0.144601 1.46215 0
-59.2573 43.9396 0
2.27305 0.758585 0
1.90582 2.79132 0
-117.566 144.593 0
-110.998 84.7934 0
33.8626 -6.27186 0
-80.0814 -8.57142 0
-116.245 68.0609 14.2021
34.0615 -173.055 0
-45.5075 -43.4603 12.8612
3.22882 -0.117185 0
-25.2798 -17.0714 0
64.6644 -114.875 36.4154
14.778 -15.237 0
-223.54 347.646 51.2698
-6.47899 29.5413 0
-10.0911 3.25769 0
5.5601 -1.76479 0
132.491 -129.161 0
-47.7778 20.9924 0
-4.77688 13.3297 0
0.81969 2.5421 0
4.0299 4.12876 0
-0.598341 -2.51107 0
139.745 9.07821e-06 114.742
94.2261 0.00713755 0
-4.47713 -0.185909 0
-1.42152 -1.55362 0
2.56506 -3.18571 0
-43.132 -5.88721 21.7538
151.731 -61.521 138.336
-41.0039 -33.851 0
1.74585 3.23193 0
-111.697 141.642 122.522
-84.2764 -9.99541 24.7751
11.2235 13.6071 0
-40.1701 79.3856 0
-79.793 -53.2335 0
10.5422 6.2585 0
2.22116 -0.530912 0
-103.568 -50.8454 0
-59.4333 -46.8782 54.3194
3.00043 42.5003 0
-191.675 30.9923 181.136
-123.954 41.5133 39.675
1.82097 0.840583 0
1.23398 -2.24998 0
-1.24841 -1.62743 0
-117.078 24.1661 0
-14.1339 0.69275 0
2.05992 0.437552 0
-3.35924 -15.5044 0
-71.4575 -140.274 0
29.909 39.1251 0
-21.7529 -36.1215 0
168.242 119.635 0
-0.419923 -1.43562 0
139.858 0.300053 114.636
94.2249 0.313454 0
-8.83517 -1.34624 0
24.8937 -153.145 25.8837
37.4925 -61.4941 0
-2.72498 5.44346 0
-0.900596 -1.87853 0
-0.693496 2.12185 0
-2.80614 6.86533 0
-5.80844 5.61733 0
1.53133 1.44654 0
-5.14249 10.4541 0
2.43479 1.81145 0
123.231 141.928 7.6834
15.3571 14.0748 0
10.3118 -0.789286 0
6.23495 -0.364068 0
40.6218 33.3406 86.7542
8.31431 64.3365 0
187.317 24.4327 0
-20.4816 13.8991 0
2.52119 -0.1882 0
-1.08782 1.46378 0
90.2054 -79.8504 0
-47.582 -111.717 8.97071
1.36292 7.54718 0
-9.02584 -20.3509 0
2.57555 0.527467 0
-3.87705 -5.77427 0
17.678 -1.48495 0
1.28412 1.36031 0
1.32405 -2.49692 0
VERTICES 2541 5082
1 0
1 1
1 2
1 3
1 4
1 5
1 6
1 7
1 8
1 9
1 10
1 11
1 12
1 13
1 14
1 15
1 16
1 17
1 18
1 19
1 20
1 21
1 22
1 23
1 24
1 25
1 26
1 27
1 28
1 29
1 30
1 31
1 32
1 33
1 34
1 35
1 36
1 37
1 38
1 39
1 40
1 41
1 42
1 43
1 44
1 45
1 46
1 47
1 48
1 49
1 50
1 51
1 52
1 53
1 54
1 55
1 56
1 57
1 58
1 59
1 60
1 61
1 62
1 63
1 64
1 65
1 66
1 67
1 68
1 69
1 70
1 71
1 72
1 73
1 74
1 75
1 76
1 77
1 78
1 79
1 80
1 81
1 82
1 83
1 84
1 85
1 86
1 87
1 88
1 89
1 90
1 91
1 92
1 93
1 94
1 95
1 96
1 97
1 98
1 99
1 100
1 101
1 102
1 103
1 104
1 105
1 106
1 107
1 108
1 109
1 110
1 111
1 112
1 113
1 114
1 115
1 116
1 117
1 118
1 119
1 120
1 121
1 122
1 123
1 124
1 125
1 126
1 127
1 128
1 129
1 130
1 131
1 132
1 133
1 134
1 135
1 136
1 137
1 138
1 139
1 140
1 141
1 142
1 143
1 144
1 145
1 146
1 147
1 148
1 149
1 150
1 151
1 152
1 153
1 154
1 155
1 156
1 157
1 158
1 159
1 160
1 161
1 162
1 163
1 164
1 165
1 166
1 167
1 168
1 169
1 170
1 171
1 172
1 173
1 174
1 175
1 176
1 177
1 178
1 179
1 180
1 181
1 182
1 183
1 184
1 185
1 186
1 187
1 188
1 189
1 190
1 191
1 192
1 193
1 194
1 195
1 196
1 197
1 198
1 199
1 200
1 201
1 202
1 203
1 204
1 205
1 206
1 207
1 208
1 209
1 210
1 211
1 212
1 213
1 214
1 215
1 216
1 217
1 218
1 219
1 220
1 221
1 222
1 223
1 224
1 225
1 226
1 227
1 228
1 229
1 230
1 231
1 232
1 233
1 234
1 235
1 236
1 237
1 238
1 239
1 240
1 241
1 242
1 243
1 244
1 245
1 246
1 247
1 248
1 249
1 250
1 251
1 252
1 253
1 254
1 255
1 256
1 257
1 258
1 259
1 260
1 261
1 262
1 263
1 264
1 265
1 266
1 267
1 268
1 269
1 270
1 271
1 272
1 273
1 274
1 275
1 276
1 277
1 278
1 279
1 280
1 281
1 282
1 283
1 284
1 285
1 286
1 287
1 288
1 289
1 290
1 291
1 292
1 293
1 294
1 295
1 296
1 297
1 298
1 299
1 300
1 301
1 302
1 303
1 304
1 305
1 306
1 307
1 308
1 309
1 310
1 311
1 312
1 313
1 314
1 315
1 316
1 317
1 318
1 319
1 320
1 321
1 322
1 323
1 324
1 325
1 326
1 327
1 328
1 329
1 330
1 331
1 332
1 333
1 334
1 335
1 336
1 337
1 338
1 339
1 340
1 341
1 342
1 343
1 344
1 345
1 346
1 347
1 348
1 349
1 350
1 351
1 352
1 353
1 354
1 355
1 356
1 357
1 358
1 359
1 360
1 361
1 362
1 363
1 364
1 365
1 366
1 367
1 368
1 369
1 370
1 371
1 372
1 373
1 374
1 375
1 376
1 377
1 378
1 379
1 380
1 381
1 382
1 383
1 384
1 385
1 386
1 387
1 388
1 389
1 390
1 391
1 392
1 393
1 394
1 395
1 396
1 397
1 398
1 399
1 400
1 401
1 402
1 403
1 404
1 405
1 406
1 407
1 408
1 409
1 410
1 411
1 412
1 413
1 414
1 415
1 416
1 417
1 418
1 419
1 420
1 421
1 422
1 423
1 424
1 425
1 426
1 427
1 428
1 429
1 430
1 431
1 432
1 433
1 434
1 435
1 436
1 437
1 438
1 439
1 440
1 441
1 442
1 443
1 444
1 445
1 446
1 447
1 448
1 449
1 450
1 451
1 452
1 453
1 454
1 455
1 456
1 457
1 458
1 459
1 460
1 461
1 462
1 463
1 464
1 465
1 466
1 467
1 468
1 469
1 470
1 471
1 472
1 473
1 474
1 475
1 476
1 477
1 478
1 479
1 480
1 481
1 482
1 483
1 484
1 485
1 486
1 487
1 488
1 489
1 490
1 491
1 492
1 493
1 494
1 495
1 496
1 497
1 498
1 499
1 500
1 501
1 502
1 503
1 504
1 505
1 506
1 507
1 508
1 509
1 510
1 511
1 512
1 513
1 514
1 515
1 516
1 517
1 518
1 519
1 520
1 521
1 522
1 523
1 524
1 525
1 526
1 527
1 528
1 529
1 530
1 531
1 532
1 533
1 534
1 535
1 536
1 537
1 538
1 539
1 540
1 541
1 542
1 543
1 544
1 545
1 546
1 547
1 548
1 549
1 550
1 551
1 552
1 553
1 554
1 555
1 556
1 557
1 558
1 559
1 560
1 561
1 562
1 563
1 564
1 565
1 566
1 567
1 568
1 569
1 570
1 571
1 572
1 573
1 574
1 575
1 576
1 577
1 578
1 579
1 580
1 581
1 582
1 583
1 584
1 585
1 586
1 587
1 588
1 589
1 590
1 591
1 592
1 593
1 594
1 595
1 596
1 597
1 598
1 599
1 600
1 601
1 602
1 603
1 604
1 605
1 606
1 607
1 608
1 609
1 610
1 611
1 612
1 613
1 614
1 615
1 616
1 617
1 618
1 619
1 620
1 621
1 622
1 623
1 624
1 625
1 626
1 627
1 628
1 629
1 630
1 631
1 632
1 633
1 634
1 635
1 636
1 637
1 638
1 639
1 640
1 641
1 642
1 643
1 644
1 645
1 646
1 647
1 648
1 649
1 650
1 651
1 652
1 653
1 654
1 655
1 656
1 657
1 658
1 659
1 660
1 661
1 662
1 663
1 664
1 665
1 666
1 667
1 668
1 669
1 670
1 671
1 672
1 673
1 674
1 675
1 676
1 677
1 678
1 679
1 680
1 681
1 682
1 683
1 684
1 685
1 686
1 687
1 688
1 689
1 690
1 691
1 692
1 693
1 694
1 695
1 696
1 697
1 698
1 699
1 700
1 701
1 702
1 703
1 704
1 705
1 706
1 707
1 708
1 709
1 710
1 711
1 712
1 713
1 714
1 715
1 716
1 717
1 718
1 719
1 720
1 721
1 722
1 723
1 724
1 725
1 726
1 727
1 728
1 729
1 730
1 731
1 732
1 733
1 734
1 735
1 736
1 737
1 738
1 739
1 740
1 741
1 742
1 743
1 744
1 745
1 746
1 747
1 748
1 749
1 750
1 751
1 752
1 753
1 754
1 755
1 756
1 757
1 758
1 759
1 760
1 761
1 762
1 763
1 764
1 765
1 766
1 767
1 768
1 769
1 770
1 771
1 772
1 773
1 774
1 775
1 776
1 777
1 778
1 779
1 780
1 781
1 782
1 783
1 784
1 785
1 786
1 787
1 788
1 789
1 790
1 791
1 792
1 793
1 794
1 795
1 796
1 797
1 798
1 799
1 800
1 801
1 802
1 803
1 804
1 805
1 806
1 807
1 808
1 809
1 810
1 811
1 812
1 813
1 814
1 815
1 816
1 817
1 818
1 819
1 820
1 821
1 822
1 823
1 824
1 825
1 826
1 827
1 828
1 829
1 830
1 831
1 832
1 833
1 834
1 835
1 836
1 837
1 838
1 839
1 840
1 841
1 842
1 843
1 844
1 845
1 846
1 847
1 848
1 849
1 850
1 851
1 852
1 853
1 854
1 855
1 856
1 857
1 858
1 859
1 860
1 861
1 862
1 863
1 864
1 865
1 866
1 867
1 868
1 869
1 870
1 871
1 872
1 873
1 874
1 875
1 876
1 877
1 878
1 879
1 880
1 881
1 882
1 883
1 884
1 885
1 886
1 887
1 888
1 889
1 890
1 891
1 892
1 893
1 894
1 895
1 896
1 897
1 898
1 899
1 900
1 901
1 902
1 903
1 904
1 905
1 906
1 907
1 908
1 909
1 910
1 911
1 912
1 913
1 914
1 915
1 916
1 917
1 918
1 919
1 920
1 921
1 922
1 923
1 924
1 925
1 926
1 927
1 928
1 929
1 930
1 931
1 932
1 933
1 934
1 935
1 936
1 937
1 938
1 939
1 940
1 941
1 942
1 943
1 944
1 945
1 946
1 947
1 948
1 949
1 950
1 951
1 952
1 953
1 954
1 955
1 956
1 957
1 958
1 959
1 960
1 961
1 962
1 963
1 964
1 965
1 966
1 967
1 968
1 969
1 970
1 971
1 972
1 973
1 974
1 975
1 976
1 977
1 978
1 979
1 980
1 981
1 982
1 983
1 984
1 985
1 986
1 987
1 988
1 989
1 990
1 991
1 992
1 993
1 994
1 995
1 996
1 997
1 998
1 999
1 1000
1 1001
1 1002
1 1003
1 1004
1 1005
1 1006
1 1007
1 1008
1 1009
1 1010
1 1011
1 1012
1 1013
1 1014
1 1015
1 1016
1 1017
1 1018
1 1019
1 1020
1 1021
1 1022
1 1023
1 1024
1 1025
1 1026
1 1027
1 1028
1 1029
1 1030
1 1031
1 1032
1 1033
1 1034
1 1035
1 1036
1 1037
1 1038
1 1039
1 1040
1 1041
1 1042
1 1043
1 1044
1 1045
1 1046
1 1047
1 1048
1 1049
1 1050
1 1051
1 1052
1 1053
1 1054
1 1055
1 1056
1 1057
1 1058
1 1059
1 1060
1 1061
1 1062
1 1063
1 1064
1 1065
1 1066
1 1067
1 1068
1 1069
1 1070
1 1071
1 1072
1 1073
1 1074
1 1075
1 1076
1 1077
1 1078
1 1079
1 1080
1 1081
1 1082
1 1083
1 1084
1 1085
1 1086
1 1087
1 1088
1 1089
1 1090
1 1091
1 1092
1 1093
1 1094
1 1095
1 1096
1 1097
1 1098
1 1099
1 1100
1 1101
1 1102
1 1103
1 1104
1 1105
1 1106
1 1107
1 1108
1 1109
1 1110
1 1111
1 1112
1 1113
1 1114
1 1115
1 1116
1 1117
1 1118
1 1119
1 1120
1 1121
1 1122
1 1123
1 1124
1 1125
1 1126
1 1127
1 1128
1 1129
1 1130
1 1131
1 1132
1 1133
1 1134
1 1135
1 1136
1 1137
1 1138
1 1139
1 1140
1 1141
1 1142
1 1143
1 1144
1 1145
1 1146
1 1147
1 1148
1 1149
1 1150
1 1151
1 1152
1 1153
1 1154
1 1155
1 1156
1 1157
1 1158
1 1159
1 1160
1 1161
1 1162
1 1163
1 1164
1 1165
1 1166
1 1167
1 1168
1 1169
1 1170
1 1171
1 1172
1 1173
1 1174
1 1175
1 1176
1 1177
1 1178
1 1179
1 1180
1 1181
1 1182
1 1183
1 1184
1 1185
1 1186
1 1187
1 1188
1 1189
1 1190
1 1191
1 1192
1 1193
1 1194
1 1195
1 1196
1 1197
1 1198
1 1199
1 1200
1 1201
1 1202
1 1203
1 1204
1 1205
1 1206
1 1207
1 1208
1 1209
1 1210
1 1211
1 1212
1 1213
1 1214
1 1215
1 1216
1 1217
1 1218
1 1219
1 1220
1 1221
1 1222
1 1223
1 1224
1 1225
1 1226
1 1227
1 1228
1 1229
1 1230
1 1231
1 1232
1 1233
1 1234
1 1235
1 1236
1 1237
1 1238
1 1239
1 1240
1 1241
1 1242
1 1243
1 1244
1 1245
1 1246
1 1247
1 1248
1 1249
1 1250
1 1251
1 1252
1 1253
1 1254
1 1255
1 1256
1 1257
1 1258
1 1259
1 1260
1 1261
1 1262
1 1263
1 1264
1 1265
1 1266
1 1267
1 1268
1 1269
1 1270
1 1271
1 1272
1 1273
1 1274
1 1275
1 1276
1 1277
1 1278
1 1279
1 1280
1 1281
1 1282
1 1283
1 1284
1 1285
1 1286
1 1287
1 1288
1 1289
1 1290
1 1291
1 1292
1 1293
1 1294
1 1295
1 1296
1 1297
1 1298
1 1299
1 1300
1 1301
1 1302
1 1303
1 1304
1 1305
1 1306
1 1307
1 1308
1 1309
1 1310
1 1311
1 1312
1 1313
1 1314
1 1315
1 1316
1 1317
1 1318
1 1319
1 1320
1 1321
1 1322
1 1323
1 1324
1 1325
1 1326
1 1327
1 1328
1 1329
1 1330
1 1331
1 1332
1 1333
1 1334
1 1335
1 1336
1 1337
1 1338
1 1339
1 1340
1 1341
1 1342
1 1343
1 1344
1 1345
1 1346
1 1347
1 1348
1 1349
1 1350
1 1351
1 1352
1 1353
1 1354
1 1355
1 1356
1 1357
1 1358
1 1359
1 1360
1 1361
1 1362
1 1363
1 1364
1 1365
1 1366
1 1367
1 1368
1 1369
1 1370
1 1371
1 1372
1 1373
1 1374
1 1375
1 1376
1 1377
1 1378
1 1379
1 1380
1 1381
1 1382
1 1383
1 1384
1 1385
1 1386
1 1387
1 1388
1 1389
1 1390
1 1391
1 1392
1 1393
1 1394
1 1395
1 1396
1 1397
1 1398
1 1399
1 1400
1 1401
1 1402
1 1403
1 1404
1 1405
1 1406
1 1407
1 1408
1 1409
1 1410
1 1411
1 1412
1 1413
1 1414
1 1415
1 1416
1 1417
1 1418
1 1419
1 1420
1 1421
1 1422
1 1423
1 1424
1 1425
1 1426
1 1427
1 1428
1 1429
1 1430
1 1431
1 1432
1 1433
1 1434
1 1435
1 1436
1 1437
1 1438
1 1439
1 1440
1 1441
1 1442
1 1443
1 1444
1 1445
1 1446
1 1447
1 1448
1 1449
1 1450
1 1451
1 1452
1 1453
1 1454
1 1455
1 1456
1 1457
1 1458
1 1459
1 1460
1 1461
1 1462
1 1463
1 1464
1 1465
1 1466
1 1467
1 1468
1 1469
1 1470
1 1471
1 1472
1 1473
1 1474
1 1475
1 1476
1 1477
1 1478
1 1479
1 1480
1 1481
1 1482
1 1483
1 1484
1 1485
1 1486
1 1487
1 1488
1 1489
1 1490
1 1491
1 1492
1 1493
1 1494
1 1495
1 1496
1 1497
1 1498
1 1499
1 1500
1 1501
1 1502
1 1503
1 1504
1 1505
1 1506
1 1507
1 1508
1 1509
1 1510
1 1511
1 1512
1 1513
1 1514
1 1515
1 1516
1 1517
1 1518
1 1519
1 1520
1 1521
1 1522
1 1523
1 1524
1 1525
1 1526
1 1527
1 1528
1 1529
1 1530
1 1531
1 1532
1 1533
1 1534
1 1535
1 1536
1 1537
1 1538
1 1539
1 1540
1 1541
1 1542
1 1543
1 1544
1 1545
1 1546
1 1547
1 1548
1 1549
1 1550
1 1551
1 1552
1 1553
1 1554
1 1555
1 1556
1 1557
1 1558
1 1559
1 1560
1 1561
1 1562
1 1563
1 1564
1 1565
1 1566
1 1567
1 1568
1 1569
1 1570
1 1571
1 1572
1 1573
1 1574
1 1575
1 1576
1 1577
1 1578
1 1579
1 1580
1 1581
1 1582
1 1583
1 1584
1 1585
1 1586
1 1587
1 1588
1 1589
1 1590
1 1591
1 1592
1 1593
1 1594
1 1595
1 1596
1 1597
1 1598
1 1599
1 1600
1 1601
1 1602
1 1603
1 1604
1 1605
1 1606
1 1607
1 1608
1 1609
1 1610
1 1611
1 1612
1 1613
1 1614
1 1615
1 1616
1 1617
1 1618
1 1619
1 1620
1 1621
1 1622
1 1623
1 1624
1 1625
1 1626
1 1627
1 1628
1 1629
1 1630
1 1631
1 1632
1 1633
1 1634
1 1635
1 1636
1 1637
1 1638
1 1639
1 1640
1 1641
1 1642
1 1643
1 1644
1 1645
1 1646
1 1647
1 1648
1 1649
1 1650
1 1651
1 1652
1 1653
1 1654
1 1655
1 1656
1 1657
1 1658
1 1659
1 1660
1 1661
1 1662
1 1663
1 1664
1 1665
1 1666
1 1667
1 1668
1 1669
1 1670
1 1671
1 1672
1 1673
1 1674
1 1675
1 1676
1 1677
1 1678
1 1679
1 1680
1 1681
1 1682
1 1683
1 1684
1 1685
1 1686
1 1687
1 1688
1 1689
1 1690
1 1691
1 1692
1 1693
1 1694
1 1695
1 1696
1 1697
1 1698
1 1699
1 1700
1 1701
1 1702
1 1703
1 1704
1 1705
1 1706
1 1707
1 1708
1 1709
1 1710
1 1711
1 1712
1 1713
1 1714
1 1715
1 1716
1 1717
1 1718
1 1719
1 1720
1 1721
1 1722
1 1723
1 1724
1 1725
1 1726
1 1727
1 1728
1 1729
1 1730
1 1731
1 1732
1 1733
1 1734
1 1735
1 1736
1 1737
1 1738
1 1739
1 1740
1 1741
1 1742
1 1743
1 1744
1 1745
1 1746
1 1747
1 1748
1 1749
1 1750
1 1751
1 1752
1 1753
1 1754
1 1755
1 1756
1 1757
1 1758
1 1759
1 1760
1 1761
1 1762
1 1763
1 1764
1 1765
1 1766
1 1767
1 1768
1 1769
1 1770
1 1771
1 1772
1 1773
1 1774
1 1775
1 1776
1 1777
1 1778
1 1779
1 1780
1 1781
1 1782
1 1783
1 1784
1 1785
1 1786
1 1787
1 1788
1 1789
1 1790
1 1791
1 1792
1 1793
1 1794
1 1795
1 1796
1 1797
1 1798
1 1799
1 1800
1 1801
1 1802
1 1803
1 1804
1 1805
1 1806
1 1807
1 1808
1 1809
1 1810
1 1811
1 1812
1 1813
1 1814
1 1815
1 1816
1 1817
1 1818
1 1819
1 1820
1 1821
1 1822
1 1823
1 1824
1 1825
1 1826
1 1827
1 1828
1 1829
1 1830
1 1831
1 1832
1 1833
1 1834
1 1835
1 1836
1 1837
1 1838
1 1839
1 1840
1 1841
1 1842
1 1843
1 1844
1 1845
1 1846
1 1847
1 1848
1 1849
1 1850
1 1851
1 1852
1 1853
1 1854
1 1855
1 1856
1 1857
1 1858
1 1859
1 1860
1 1861
1 1862
1 1863
1 1864
1 1865
1 1866
1 1867
1 1868
1 1869
1 1870
1 1871
1 1872
1 1873
1 1874
1 1875
1 1876
1 1877
1 1878
1 1879
1 1880
1 1881
1 1882
1 1883
1 1884
1 1885
1 1886
1 1887
1 1888
1 1889
1 1890
1 1891
1 1892
1 1893
1 1894
1 1895
1 1896
1 1897
1 1898
1 1899
1 1900
1 1901
1 1902
1 1903
1 1904
1 1905
1 1906
1 1907
1 1908
1 1909
1 1910
1 1911
1 1912
1 1913
1 1914
1 1915
1 1916
1 1917
1 1918
1 1919
1 1920
1 1921
1 1922
1 1923
1 1924
1 1925
1 1926
1 1927
1 1928
1 1929
1 1930
1 1931
1 1932
1 1933
1 1934
1 1935
1 1936
1 1937
1 1938
1 1939
1 1940
1 1941
1 1942
1 1943
1 1944
1 1945
1 1946
1 1947
1 1948
1 1949
1 1950
1 1951
1 1952
1 1953
1 1954
1 1955
1 1956
1 1957
1 1958
1 1959
1 1960
1 1961
1 1962
1 1963
1 1964
1 1965
1 1966
1 1967
1 1968
1 1969
1 1970
1 1971
1 1972
1 1973
1 1974
1 1975
1 1976
1 1977
1 1978
1 1979
1 1980
1 1981
1 1982
1 1983
1 1984
1 1985
1 1986
1 1987
1 1988
1 1989
1 1990
1 1991
1 1992
1 1993
1 1994
1 1995
1 1996
1 1997
1 1998
1 1999
1 2000
1 2001
1 2002
1 2003
1 2004
1 2005
1 2006
1 2007
1 2008
1 2009
1 2010
1 2011
1 2012
1 2013
1 2014
1 2015
1 2016
1 2017
1 2018
1 2019
1 2020
1 2021
1 2022
1 2023
1 2024
1 2025
1 2026
1 2027
1 2028
1 2029
1 2030
1 2031
1 2032
1 2033
1 2034
1 2035
1 2036
1 2037
1 2038
1 2039
1 2040
1 2041
1 2042
1 2043
1 2044
1 2045
1 2046
1 2047
1 2048
1 2049
1 2050
1 2051
1 2052
1 2053
1 2054
1 2055
1 2056
1 2057
1 2058
1 2059
1 2060
1 2061
1 2062
1 2063
1 2064
1 2065
1 2066
1 2067
1 2068
1 2069
1 2070
1 2071
1 2072
1 2073
1 2074
1 2075
1 2076
1 2077
1 2078
1 2079
1 2080
1 2081
1 2082
1 2083
1 2084
1 2085
1 2086
1 2087
1 2088
1 2089
1 2090
1 2091
1 2092
1 2093
1 2094
1 2095
1 2096
1 2097
1 2098
1 2099
1 2100
1 2101
1 2102
1 2103
1 2104
1 2105
1 2106
1 2107
1 2108
1 2109
1 2110
1 2111
1 2112
1 2113
1 2114
1 2115
1 2116
1 2117
1 2118
1 2119
1 2120
1 2121
1 2122
1 2123
1 2124
1 2125
1 2126
1 2127
1 2128
1 2129
1 2130
1 2131
1 2132
1 2133
1 2134
1 2135
1 2136
1 2137
1 2138
1 2139
1 2140
1 2141
1 2142
1 2143
1 2144
1 2145
1 2146
1 2147
1 2148
1 2149
1 2150
1 2151
1 2152
1 2153
1 2154
1 2155
1 2156
1 2157
1 2158
1 2159
1 2160
1 2161
1 2162
1 2163
1 2164
1 2165
1 2166
1 2167
1 2168
1 2169
1 2170
1 2171
1 2172
1 2173
1 2174
1 2175
1 2176
1 2177
1 2178
1 2179
1 2180
1 2181
1 2182
1 2183
1 2184
1 2185
1 2186
1 2187
1 2188
1 2189
1 2190
1 2191
1 2192
1 2193
1 2194
1 2195
1 2196
1 2197
1 2198
1 2199
1 2200
1 2201
1 2202
1 2203
1 2204
1 2205
1 2206
1 2207
1 2208
1 2209
1 2210
1 2211
1 2212
1 2213
1 2214
1 2215
1 2216
1 2217
1 2218
1 2219
1 2220
1 2221
1 2222
1 2223
1 2224
1 2225
1 2226
1 2227
1 2228
1 2229
1 2230
1 2231
1 2232
1 2233
1 2234
1 2235
1 2236
1 2237
1 2238
1 2239
1 2240
1 2241
1 2242
1 2243
1 2244
1 2245
1 2246
1 2247
1 2248
1 2249
1 2250
1 2251
1 2252
1 2253
1 2254
1 2255
1 2256
1 2257
1 2258
1 2259
1 2260
1 2261
1 2262
1 2263
1 2264
1 2265
1 2266
1 2267
1 2268
1 2269
1 2270
1 2271
1 2272
1 2273
1 2274
1 2275
1 2276
1 2277
1 2278
1 2279
1 2280
1 2281
1 2282
1 2283
1 2284
1 2285
1 2286
1 2287
1 2288
1 2289
1 2290
1 2291
1 2292
1 2293
1 2294
1 2295
1 2296
1 2297
1 2298
1 2299
1 2300
1 2301
1 2302
1 2303
1 2304
1 2305
1 2306
1 2307
1 2308
1 2309
1 2310
1 2311
1 2312
1 2313
1 2314
1 2315
1 2316
1 2317
1 2318
1 2319
1 2320
1 2321
1 2322
1 2323
1 2324
1 2325
1 2326
1 2327
1 2328
1 2329
1 2330
1 2331
1 2332
1 2333
1 2334
1 2335
1 2336
1 2337
1 2338
1 2339
1 2340
1 2341
1 2342
1 2343
1 2344
1 2345
1 2346
1 2347
1 2348
1 2349
1 2350
1 2351
1 2352
1 2353
1 2354
1 2355
1 2356
1 2357
1 2358
1 2359
1 2360
1 2361
1 2362
1 2363
1 2364
1 2365
1 2366
1 2367
1 2368
1 2369
1 2370
1 2371
1 2372
1 2373
1 2374
1 2375
1 2376
1 2377
1 2378
1 2379
1 2380
1 2381
1 2382
1 2383
1 2384
1 2385
1 2386
1 2387
1 2388
1 2389
1 2390
1 2391
1 2392
1 2393
1 2394
1 2395
1 2396
1 2397
1 2398
1 2399
1 2400
1 2401
1 2402
1 2403
1 2404
1 2405
1 2406
1 2407
1 2408
1 2409
1 2410
1 2411
1 2412
1 2413
1 2414
1 2415
1 2416
1 2417
1 2418
1 2419
1 2420
1 2421
1 2422
1 2423
1 2424
1 2425
1 2426
1 2427
1 2428
1 2429
1 2430
1 2431
1 2432
1 2433
1 2434
1 2435
1 2436
1 2437
1 2438
1 2439
1 2440
1 2441
1 2442
1 2443
1 2444
1 2445
1 2446
1 2447
1 2448
1 2449
1 2450
1 2451
1 2452
1 2453
1 2454
1 2455
1 2456
1 2457
1 2458
1 2459
1 2460
1 2461
1 2462
1 2463
1 2464
1 2465
1 2466
1 2467
1 2468
1 2469
1 2470
1 2471
1 2472
1 2473
1 2474
1 2475
1 2476
1 2477
1 2478
1 2479
1 2480
1 2481
1 2482
1 2483
1 2484
1 2485
1 2486
1 2487
1 2488
1 2489
1 2490
1 2491
1 2492
1 2493
1 2494
1 2495
1 2496
1 2497
1 2498
1 2499
1 2500
1 2501
1 2502
1 2503
1 2504
1 2505
1 2506
1 2507
1 2508
1 2509
1 2510
1 2511
1 2512
1 2513
1 2514
1 2515
1 2516
1 2517
1 2518
1 2519
1 2520
1 2521
1 2522
1 2523
1 2524
1 2525
1 2526
1 2527
1 2528
1 2529
1 2530
1 2531
1 2532
1 2533
1 2534
1 2535
1 2536
1 2537
1 2538
1 2539
1 2540
POINT_DATA 2541
SCALARS density float 1
LOOKUP_TABLE default
500
500
500
500
500
500
500
500
500
500
500
500
500
500
500
500
500
500
500
500
500
500
500
500
500
500
500
500
500
500
500
500
500
500
500
500
500
500
500
500
500
500
500
500
500
500
500
500
500
500
500
500
500
500
500
500
500
500
500
500
500
500
500
500
500
500
500
500
500
500
500
500
500
500
500
500
500
500
500
500
500
500
500
500
500
500
500
500
500
500
500
500
500
500
500
500
500
500
500
500
500
500
500
500
500
500
500
500
500
500
500
500
500
500
500
500
500
500
500
500
500
500
500
500
500
500
500
500
500
500
500
500
500
500
500
500
500
500
500
500
500
500
500
500
500
500
500
500
500
500
500
500
500
500
500
500
500
500
500
500
500
500
500
500
500
500
500
500
500
500
500
500
500
500
500
500
500
500
500
500
500
500
500
500
500
500
500
500
500
500
500
500
500
500
500
500
500
500
500
500
500
500
500
500
500
500
500
500
500
500
500
500
500
500
500
500
500
500
500
500
500
500
500
500
500
500
500
500
500
500
500
500
500
500
500
500
500
500
500
500
500
500
500
500
500
500
500
500
500
500
500
500
500
500
500
500
500
500
500
500
500
500
500
500
500
500
500
500
500
500
500
500
500
500
500
500
500
500
500
500
500
500
500
500
500
500
500
500
500
500
500
500
500
500
500
500
500
500
500
500
500
500
500
500
500
500
500
500
500
500
500
500
500
500
500
500
500
500
500
500
500
500
500
500
500
500
500
500
500
500
500
500
500
500
500
500
500
500
500
500
500
500
500
500
500
500
500
500
500
500
500
500
500
500
500
500
500
500
500
500
500
500
500
500
500
500
500
500
500
500
500
500
500
500
500
500
500
500
500
500
500
500
500
500
500
500
500
500
500
500
500
500
500
500
500
500
500
500
500
500
500
500
500
500
500
500
500
500
500
500
500
500
500
500
500
500
500
500
500
500
500
500
500
500
500
500
500
500
500
500
500
500
500
500
500
500
500
500
500
500
500
500
500
500
500
500
500
500
500
500
500
500
500
500
500
500
500
500
500
500
500
500
500
500
500
500
500
500
500
500
500
500
500
500
500
500
500
500
500
500
500
500
500
500
500
500
500
500
500
500
500
500
500
500
500
500
500
500
500
500
500
500
500
500
500
500
500
500
500
500
500
500
500
500
500
500
500
500
500
500
500
500
500
500
500
500
500
500
500
500
500
500
500
500
500
500
500
500
500
500
500
500
500
500
500
500
500
500
500
500
500
500
500
500
500
500
500
500
500
500
500
500
500
500
500
500
500
500
500
500
500
500
500
500
500
500
500
500
500
500
500
500
500
500
500
500
500
500
500
500
500
500
500
500
500
500
500
500
500
500
500
500
500
500
500
500
500
500
500
500
500
500
500
500
500
500
500
500
500
500
500
500
500
500
500
500
500
500
500
500
500
500
500
500
500
500
500
500
500
500
500
500
500
500
500
500
500
500
500
500
500
500
500
500
500
500
500
500
500
500
500
500
500
500
500
500
500
500
500
500
500
500
500
500
500
500
500
500
500
500
500
500
500
500
500
500
500
500
500
500
500
500
500
500
500
500
500
500
500
500
500
500
500
500
500
500
500
500
500
500
500
500
500
500
500
500
500
500
500
500
500
500
500
500
500
500
500
500
500
500
500
500
500
500
500
500
500
500
500
500
500
500
500
500
500
500
500
500
500
500
500
500
500
500
500
500
500
500
500
500
500
500
500
500
500
500
500
500
500
500
500
500
500
500
500
500
500
500
500
500
500
500
500
500
500
500
500
500
500
500
500
500
500
500
500
500
500
500
500
500
500
500
500
500
500
500
500
500
500
500
500
500
500
500
500
500
500
500
500
500
500
500
500
500
500
500
500
500
500
500
500
500
500
500
500
500
500
500
500
500
500
500
500
500
500
500
500
500
500
500
500
500
500
500
500
500
500
500
500
500
500
500
500
500
500
500
500
500
500
500
500
500
500
500
500
500
500
500
500
500
500
500
500
500
500
500
500
500
500
500
500
500
500
500
500
500
500
500
500
500
500
500
500
500
500
500
500
500
500
500
500
500
500
500
500
500
500
500
500
500
500
500
500
500
500
500
500
500
500
500
500
500
500
500
500
500
500
500
500
500
500
500
500
500
500
500
500
500
500
500
500
500
500
500
500
500
500
500
500
500
500
500
500
500
500
500
500
500
500
500
500
500
500
500
500
500
500
500
500
500
500
500
500
500
500
500
500
500
500
500
500
500
500
500
500
500
500
500
500
500
500
500
500
500
500
500
500
500
500
500
500
500
500
500
500
500
500
500
500
500
500
500
500
500
500
500
500
500
500
500
500
500
500
500
500
500
500
500
500
500
500
500
500
500
500
500
500
500
500
500
500
500
500
500
500
500
500
500
500
500
500
500
500
500
500
500
500
500
500
500
500
500
500
500
500
500
500
500
500
500
500
500
500
500
500
500
500
500
500
500
500
500
500
500
500
500
500
500
500
500
500
500
500
500
500
500
500
500
500
500
500
500
500
500
500
500
500
500
500
500
500
500
500
500
500
500
500
500
500
500
500
500
500
500
500
500
500
500
500
500
500
500
500
500
500
500
500
500
500
500
500
500
500
500
500
500
500
500
500
500
500
500
500
500
500
500
500
500
500
500
500
500
500
500
500
500
500
500
500
500
500
500
500
500
500
500
500
500
500
500
500
500
500
500
500
500
500
500
500
500
500
500
500
500
500
500
500
500
500
500
500
500
500
500
500
500
500
500
500
500
500
500
500
500
500
500
500
500
500
500
500
500
500
500
500
500
500
500
500
500
500
500
500
500
500
500
500
500
500
500
500
500
500
500
500
500
500
500
500
500
500
500
500
500
500
500
500
500
500
500
500
500
500
500
500
500
500
500
500
500
500
500
500
500
500
500
500
500
500
500
500
500
500
500
500
500
500
500
500
500
500
500
500
500
500
500
500
500
500
500
500
500
500
500
500
500
500
500
500
500
500
500
500
500
500
500
500
500
500
500
500
500
500
500
500
500
500
500
500
500
500
500
500
500
500
500
500
500
500
500
500
500
500
500
500
500
500
500
500
500
500
500
500
500
500
500
500
500
500
500
500
500
500
500
500
500
500
500
500
500
500
500
500
500
500
500
500
500
500
500
500
500
500
500
500
500
500
500
500
500
500
500
500
500
500
500
500
500
500
500
500
500
500
500
500
500
500
500
500
500
500
500
500
500
500
500
500
500
500
500
500
500
500
500
500
500
500
500
500
500
500
500
500
500
500
500
500
500
500
500
500
500
500
500
500
500
500
500
500
500
500
500
500
500
500
500
500
500
500
500
500
500
500
500
500
500
500
500
500
500
500
500
500
500
500
500
500
500
500
500
500
500
500
500
500
500
500
500
500
500
500
500
500
500
500
500
500
500
500
500
500
500
500
500
500
500
500
500
500
500
500
500
500
500
500
500
500
500
500
500
500
500
500
500
500
500
500
500
500
500
500
500
500
500
500
500
500
500
500
500
500
500
500
500
500
500
500
500
500
500
500
500
500
500
500
500
500
500
500
500
500
500
500
500
500
500
500
500
500
500
500
500
500
500
500
500
500
500
500
500
500
500
500
500
500
500
500
500
500
500
500
500
500
500
500
500
500
500
500
500
500
500
500
500
500
500
500
500
500
500
500
500
500
500
500
500
500
500
500
500
500
500
500
500
500
500
500
500
500
500
500
500
500
500
500
500
500
500
500
500
500
500
500
500
500
500
500
500
500
500
500
500
500
500
500
500
500
500
500
500
500
500
500
500
500
500
500
500
500
500
500
500
500
500
500
500
500
500
500
500
500
500
500
500
500
500
500
500
500
500
500
500
500
500
500
500
500
500
500
500
500
500
500
500
500
500
500
500
500
500
500
500
500
500
500
500
500
500
500
500
500
500
500
500
500
500
500
500
500
500
500
500
500
500
500
500
500
500
500
500
500
500
500
500
500
500
500
500
500
500
500
500
500
500
500
500
500
500
500
500
500
500
500
500
500
500
500
500
500
500
500
500
500
500
500
500
500
500
500
500
500
500
500
500
500
500
500
500
500
500
500
500
500
500
500
500
500
500
500
500
500
500
500
500
500
500
500
500
500
500
500
500
500
500
500
500
500
500
500
500
500
500
500
500
500
500
500
500
500
500
500
500
500
500
500
500
500
500
500
500
500
500
500
500
500
500
500
500
500
500
500
500
500
500
500
500
500
500
500
500
500
500
500
500
500
500
500
500
500
500
500
500
500
500
500
500
500
500
500
500
500
500
500
500
500
500
500
500
500
500
500
500
500
500
500
500
500
500
500
500
500
500
500
500
500
500
500
500
500
500
500
500
500
500
500
500
500
500
500
500
500
500
500
500
500
500
500
500
500
500
500
500
500
500
500
500
500
500
500
500
500
500
500
500
500
500
500
500
500
500
500
500
500
500
500
500
500
500
500
500
500
500
500
500
500
500
500
500
500
500
500
500
500
500
500
500
500
500
500
500
500
500
500
500
500
500
500
500
500
500
500
500
500
500
500
500
500
500
500
500
500
500
500
500
500
500
500
500
500
500
500
500
500
500
500
500
500
500
500
500
500
500
500
500
500
500
500
500
500
500
500
500
500
500
500
500
500
500
500
500
500
500
500
500
500
500
500
500
500
500
500
500
500
500
500
500
500
500
500
500
500
500
500
500
500
500
500
500
500
500
500
500
500
500
500
500
500
500
500
500
500
500
500
500
500
500
500
500
500
500
500
500
500
500
500
500
500
500
500
500
500
500
500
500
500
500
500
500
500
500
500
500
500
500
500
500
500
500
500
500
500
500
500
500
500
500
500
500
500
500
500
500
500
500
500
500
500
500
500
500
500
500
500
500
500
500
500
500
500
500
500
500
500
500
500
500
500
500
500
500
500
500
500
500
500
500
500
500
500
500
500
500
500
500
500
500
500
500
500
500
500
500
500
500
500
500
500
500
500
500
500
500
500
500
500
500
500
500
500
500
500
500
500
500
500
500
500
500
500
500
500
500
500
500
500
500
500
500
500
500
500
500
500
500
500
500
500
500
500
500
500
500
500
500
500
500
500
500
500
500
500
500
500
500
500
500
500
500
500
500
500
500
500
500
500
500
500
500
500
500
500
500
500
500
500
500
500
500
500
500
500
500
500
500
500
500
500
500
500
500
500
500
500
500
500
500
500
500
500
500
500
500
500
500
500
500
500
500
500
500
500
500
500
500
500
500
500
500
500
500
500
500
500
500
500
500
500
500
500
500
500
500
500
500
500
500
500
500
500
500
500
500
500
500
500
500
500
500
500
500
500
500
500
500
500
500
500
500
500
500
500
500
500
500
500
500
500
500
500
500
500
500
500
500
500
500
500
500
500
500
500
500
500
500
500
500
500
500
500
500
500
500
500
500
500
500
500
500
500
500
500
500
500
500
500
500
500
500
500
500
500
500
500
500
500
500
500
500
500
500
500
500
500
500
500
500
500
500
500
500
500
500
500
500
500
500
500
500
500
500
500
500
500
500
500
500
500
500
500
500
500
500
500
500
500
500
500
500
500
500
500
500
500
500
500
500
500
500
500
500
500
500
500
500
500
500
500
500
500
500
500
500
500
500
500
500
500
500
500
500
500
500
500
500
500
500
500
500
500
500
500
500
500
500
500
500
500
500
500
500
500
500
500
500
500
500
500
500
500
500
500
500
500
500
500
500
500
500
500
500
500
500
500
500
500
500
500
500
500
500
500
SCALARS pressure float 1
LOOKUP_TABLE default
0
0
0
0
0
0
0
0
0
0
0
0
0
0
0
0
0
0
0
0
0
0
0
0
0
0
0
0
0
0
0
0
0
0
0
0
0
0
0
0
0
0
0
0
0
0
0
0
0
0
0
0
0
0
0
0
0
0
0
0
0
0
0
0
0
0
0
0
0
0
0
0
0
0
0
0
0
0
0
0
0
0
0
0
0
0
0
0
0
0
0
0
0
0
0
0
0
0
0
0
0
0
0
0
0
0
0
0
0
0
0
0
0
0
0
0
0
0
0
0
0
0
0
0
0
0
0
0
0
0
0
0
0
0
0
0
0
0
0
0
0
0
0
0
0
0
0
0
0
0
0
0
0
0
0
0
0
0
0
0
0
0
0
0
0
0
0
0
0
0
0
0
0
0
0
0
0
0
0
0
0
0
0
0
0
0
0
0
0
0
0
0
0
0
0
0
0
0
0
0
0
0
0
0
0
0
0
0
0
0
0
0
0
0
0
0
0
0
0
0
0
0
0
0
0
0
0
0
0
0
0
0
0
0
0
0
0
0
0
0
0
0
0
0
0
0
0
0
0
0
0
0
0
0
0
0
0
0
0
0
0
0
0
0
0
0
0
0
0
0
0
0
0
0
0
0
0
0
0
0
0
0
0
0
0
0
0
0
0
0
0
0
0
0
0
0
0
0
0
0
0
0
0
0
0
0
0
0
0
0
0
0
0
0
0
0
0
0
0
0
0
0
0
0
0
0
0
0
0
0
0
0
0
0
0
0
0
0
0
0
0
0
0
0
0
0
0
0
0
0
0
0
0
0
0
0
0
0
0
0
0
0
0
0
0
0
0
0
0
0
0
0
0
0
0
0
0
0
0
0
0
0
0
0
0
0
0
0
0
0
0
0
0
0
0
0
0
0
0
0
0
0
0
0
0
0
0
0
0
0
0
0
0
0
0
0
0
0
0
0
0
0
0
0
0
0
0
0
0
0
0
0
0
0
0
0
0
0
0
0
0
0
0
0
0
0
0
0
0
0
0
0
0
0
0
0
0
0
0
0
0
0
0
0
0
0
0
0
0
0
0
0
0
0
0
0
0
0
0
0
0
0
0
0
0
0
0
0
0
0
0
0
0
0
0
0
0
0
0
0
0
0
0
0
0
0
0
0
0
0
0
0
0
0
0
0
0
0
0
0
0
0
0
0
0
0
0
0
0
0
0
0
0
0
0
0
0
0
0
0
0
0
0
0
0
0
0
0
0
0
0
0
0
0
0
0
0
0
0
0
0
0
0
0
0
0
0
0
0
0
0
0
0
0
0
0
0
0
0
0
0
0
0
0
0
0
0
0
0
0
0
0
0
0
0
0
0
0
0
0
0
0
0
0
0
0
0
0
0
0
0
0
0
0
0
0
0
0
0
0
0
0
0
0
0
0
0
0
0
0
0
0
0
0
0
0
0
0
0
0
0
0
0
0
0
0
0
0
0
0
0
0
0
0
0
0
0
0
0
0
0
0
0
0
0
0
0
0
0
0
0
0
0
0
0
0
0
0
0
0
0
0
0
0
0
0
0
0
0
0
0
0
0
0
0
0
0
0
0
0
0
0
0
0
0
0
0
0
0
0
0
0
0
0
0
0
0
0
0
0
0
0
0
0
0
0
0
0
0
0
0
0
0
0
0
0
0
0
0
0
0
0
0
0
0
0
0
0
0
0
0
0
0
0
0
0
0
0
0
0
0
0
0
0
0
0
0
0
0
0
0
0
0
0
0
0
0
0
0
0
0
0
0
0
0
0
0
0
0
0
0
0
0
0
0
0
0
0
0
0
0
0
0
0
0
0
0
0
0
0
0
0
0
0
0
0
0
0
0
0
0
0
0
0
0
0
0
0
0
0
0
0
0
0
0
0
0
0
0
0
0
0
0
0
0
0
0
0
0
0
0
0
0
0
0
0
0
0
0
0
0
0
0
0
0
0
0
0
0
0
0
0
0
0
0
0
0
0
0
0
0
0
0
0
0
0
0
0
0
0
0
0
0
0
0
0
0
0
0
0
0
0
0
0
0
0
0
0
0
0
0
0
0
0
0
0
0
0
0
0
0
0
0
0
0
0
0
0
0
0
0
0
0
0
0
0
0
0
0
0
0
0
0
0
0
0
0
0
0
0
0
0
0
0
0
0
0
0
0
0
0
0
0
0
0
0
0
0
0
0
0
0
0
0
0
0
0
0
0
0
0
0
0
0
0
0
0
0
0
0
0
0
0
0
0
0
0
0
0
0
0
0
0
0
0
0
0
0
0
0
0
0
0
0
0
0
0
0
0
0
0
0
0
0
0
0
0
0
0
0
0
0
0
0
0
0
0
0
0
0
0
0
0
0
0
0
0
0
0
0
0
0
0
0
0
0
0
0
0
0
0
0
0
0
0
0
0
0
0
0
0
0
0
0
0
0
0
0
0
0
0
0
0
0
0
0
0
0
0
0
0
0
0
0
0
0
0
0
0
0
0
0
0
0
0
0
0
0
0
0
0
0
0
0
0
0
0
0
0
0
0
0
0
0
0
0
0
0
0
0
0
0
0
0
0
0
0
0
0
0
0
0
0
0
0
0
0
0
0
0
0
0
0
0
0
0
0
0
0
0
0
0
0
0
0
0
0
0
0
0
0
0
0
0
0
0
0
0
0
0
0
0
0
0
0
0
0
0
0
0
0
0
0
0
0
0
0
0
0
0
0
0
0
0
0
0
0
0
0
0
0
0
0
0
0
0
0
0
0
0
0
0
0
0
0
0
0
0
0
0
0
0
0
0
0
0
0
0
0
0
0
0
0
0
0
0
0
0
0
0
0
0
0
0
0
0
0
0
0
0
0
0
0
0
0
0
0
0
0
0
0
0
0
0
0
0
0
0
0
0
0
0
0
0
0
0
0
0
0
0
0
0
0
0
0
0
0
0
0
0
0
0
0
0
0
0
0
0
0
0
0
0
0
0
0
0
0
0
0
0
0
0
0
0
0
0
0
0
0
0
0
0
0
0
0
0
0
0
0
0
0
0
0
0
0
0
0
0
0
0
0
0
0
0
0
0
0
0
0
0
0
0
0
0
0
0
0
0
0
0
0
0
0
0
0
0
0
0
0
0
0
0
0
0
0
0
0
0
0
0
0
0
0
0
0
0
0
0
0
0
0
0
0
0
0
0
0
0
0
0
0
0
0
0
0
0
0
0
0
0
0
0
0
0
0
0
0
0
0
0
0
0
0
0
0
0
0
0
0
0
0
0
0
0
0
0
0
0
0
0
0
0
0
0
0
0
0
0
0
0
0
0
0
0
0
0
0
0
0
0
0
0
0
0
0
0
0
0
0
0
0
0
0
0
0
0
0
0
0
0
0
0
0
0
0
0
0
0
0
0
0
0
0
0
0
0
0
0
0
0
0
0
0
0
0
0
0
0
0
0
0
0
0
0
0
0
0
0
0
0
0
0
0
0
0
0
0
0
0
0
0
0
0
0
0
0
0
0
0
0
0
0
0
0
0
0
0
0
0
0
0
0
0
0
0
0
0
0
0
0
0
0
0
0
0
0
0
0
0
0
0
0
0
0
0
0
0
0
0
0
0
0
0
0
0
0
0
0
0
0
0
0
0
0
0
0
0
0
0
0
0
0
0
0
0
0
0
0
0
0
0
0
0
0
0
0
0
0
0
0
0
0
0
0
0
0
0
0
0
0
0
0
0
0
0
0
0
0
0
0
0
0
0
0
0
0
0
0
0
0
0
0
0
0
0
0
0
0
0
0
0
0
0
0
0
0
0
0
0
0
0
0
0
0
0
0
0
0
0
0
0
0
0
0
0
0
0
0
0
0
0
0
0
0
0
0
0
0
0
0
0
0
0
0
0
0
0
0
0
0
0
0
0
0
0
0
0
0
0
0
0
0
0
0
0
0
0
0
0
0
0
0
0
0
0
0
0
0
0
0
0
0
0
0
0
0
0
0
0
0
0
0
0
0
0
0
0
0
0
0
0
0
0
0
0
0
0
0
0
0
0
0
0
0
0
0
0
0
0
0
0
0
0
0
0
0
0
0
0
0
0
0
0
0
0
0
0
0
0
0
0
0
0
0
0
0
0
0
0
0
0
0
0
0
0
0
0
0
0
0
0
0
0
0
0
0
0
0
0
0
0
0
0
0
0
0
0
0
0
0
0
0
0
0
0
0
0
0
0
0
0
0
0
0
0
0
0
0
0
0
0
0
0
0
0
0
0
0
0
0
0
0
0
0
0
0
0
0
0
0
0
0
0
0
0
0
0
0
0
0
0
0
0
0
0
0
0
0
0
0
0
0
0
0
0
0
0
0
0
0
0
0
0
0
0
0
0
0
0
0
0
0
0
0
0
0
0
0
0
0
0
0
0
0
0
0
0
0
0
0
0
0
0
0
0
0
0
0
0
0
0
0
0
0
0
0
0
0
0
0
0
0
0
0
0
0
0
0
0
0
0
0
0
0
0
0
0
0
0
0
0
0
0
0
0
0
0
0
0
0
0
0
0
0
0
0
0
0
0
0
0
0
0
0
0
0
0
0
0
0
0
0
0
0
0
0
0
0
0
0
0
0
0
0
0
0
0
0
0
0
0
0
0
0
0
0
0
0
0
0
0
0
0
0
0
0
0
0
0
0
0
0
0
0
0
0
0
0
0
0
0
0
0
0
0
0
0
0
0
0
0
0
0
0
0
0
0
0
0
0
0
0
0
0
0
0
0
0
0
0
0
0
0
0
0
0
0
0
0
0
0
0
0
0
0
0
0
0
0
0
0
0
0
0
0
0
0
0
0
0
0
0
0
0
0
0
0
0
0
0
0
0
0
0
0
0
0
0
0
0
0
0
0
0
0
0
0
0
0
0
0
0
0
0
0
0
0
0
0
0
0
0
0
0
0
0
0
0
0
0
0
0
0
0
0
0
0
0
0
0
0
0
0
0
0
0
0
0
0
0
0
0
0
0
0
0
0
0
0
0
0
0
0
0
0
0
0
0
0
0
0
0
0
0
0
0
0
0
0
0
0
0
0
0
0
0
0
0
0
0
0
0
0
0
0
0
0
0
0
0
0
0
0
0
0
0
0
0
0
0
0
0
0
0
0
0
0
0
0
0
0
0
0
0
0
0
0
0
0
0
0
0
0
0
0
0
0
0
0
0
0
0
0
0
0
0
0
0
0
0
0
0
0
0
0
0
0
0
0
0
0
0
0
0
0
0
0
0
0
0
0
0
0
0
0
0
0
0
0
0
0
0
0
0
0
0
0
0
0
0
0
0
0
0
0
0
0
0
0
0
0
0
0
0
0
0
0
0
0
0
0
0
0
0
0
0
0
0
0
0
0
0
0
0
0
0
0
0
0
0
0
0
0
0
0
0
0
0
0
0
0
0
0
0
0
0
0
0
0
0
0
0
0
0
0
0
0
0
0
0
0
0
0
0
0
0
0
0
0
0
0
0
0
0
0
0
0
0
0
0
0
0
0
0
0
0
0
0
0
0
0
0
0
0
0
0
0
0
0
0
0
0
0
0
0
0
0
0
0
0
0
0
0
0
0
0
0
0
0
0
0
0
0
0
0
0
0
0
0
0
0
0
0
0
0
0
0
0
0
0
0
0
0
0
0
0
0
0
0
0
0
0
0
0
0
0
0
0
0
0
0
0
0
0
0
0
0
0
0
0
0
0
0
0
0
0
0
0
0
0
0
0
0
0
0
0
0
0
0
0
0
SCALARS speed float 1
LOOKUP_TABLE default
1.69756e-83
1.57492e-80
4.21272e-15
3.62965e-59
4.56108e-76
26.103
1.61154e-37
2.82959e-30
7.70022e-56
17.0246
4.60779e-75
7.90001e-47
35.7619
2.56715e-73
9.27531e-60
1.85736e-85
1.07682e-56
1.04245e-67
65.3325
36.8294
2.60409e-77
6.09486e-12
7.53679e-46
28.6419
8.57812e-21
1.45361e-47
9.29181e-61
1.07474e-29
4.89938e-07
57.4779
28.5994
56.0635
1.41893e-34
1.23458e-58
2.66236e-82
1.15696e-61
29.1941
23.0448
2.69483e-51
2.64678e-78
8.33987e-35
5.54607e-55
78.6121
5.76212e-36
50.9679
1.00295e-87
2.09944e-66
1.91498e-86
1.28065e-84
1.26786e-72
3.94173e-74
25.2303
1.47706e-32
4.63563e-07
8.97877e-81
3.09529e-36
28.6194
8.57836e-21
4.29322e-69
2.07394e-19
1.60899e-73
1.33834e-64
1.89445e-69
4.81078e-22
34.1502
17.9371
1.39768e-68
3.22523e-86
1.69351e-76
4.98814e-83
1.36621e-81
43.9341
1.11311e-84
3.42985e-57
5.39079e-43
0.000734578
2.05527e-07
1.28846e-56
87.9336
1.43456e-56
1.15026e-52
5.39073e-70
4.05256e-83
1.61898e-83
1.38898e-60
5.67219e-80
9.43973e-13
1.08857e-55
1.15626e-70
28.6419
8.57645e-21
2.00292e-33
0.0441126
3.57833e-50
2.2979e-07
1.637e-77
1.1758e-73
32.1031
4.93474e-17
1.92802e-65
43.9607
7.35435e-56
4.76694e-44
6.7174e-85
1.54774e-15
3.92049e-29
2.27532e-46
45.9861
2.79826e-10
20.4727
2.79412e-41
5.25028e-83
1.15694e-15
5.8744e-40
6.75215e-50
4.902
8.95421e-36
1.31989e-52
70.522
6.45132e-83
9.7098e-81
1.81312e-86
1.27717e-71
4.84123e-73
7.12881e-86
32.3373
2.10449e-70
15.1474
6.91394e-69
3.35823e-49
2.06021e-18
6.51419e-78
3.36929e-70
28.6269
3.62698e-24
19.0109
27.6151
5.52766e-83
25.5686
42.1408
5.37053e-17
57.8205
27.5874
11.5895
9.69774
10.7865
4.72155e-46
2.06107e-23
17.5327
2.65033e-75
54.5867
6.8031e-67
42.9925
4.83604e-60
1.72638e-06
34.3102
2.61828e-71
9.85935e-46
1.06725e-85
28.6513
6.39836e-71
3.67187e-83
3.80648e-39
48.1485
27.2615
35.7913
25.5336
5.50585e-45
3.90986e-48
169.087
4.763e-69
7.45084e-60
1.67932e-42
6.46836e-81
9.67873e-86
28.9072
11.5883
9.7202
10.767
5.83527e-48
3.92566e-37
17.3125
17.4044
40.294
3.21207e-78
18.644
21.1027
3.90163e-59
16.1752
18.9793
2.04372e-50
2.55866e-10
1.28742e-16
6.84913e-51
1.72539e-46
7.97304e-37
4.49488e-40
1.42643e-17
1.00556e-27
25.5451
16.8577
5.77055e-11
3.96612e-76
27.6393
28.0272
1.34739e-23
3.0076e-74
52.8942
3.48175e-68
11.5894
9.69774
10.7862
22.7639
4.95066e-76
24.1038
2.49229e-66
3.70722e-21
1.44256e-17
9.44499e-48
1.41765e-83
8.51716e-41
32.4365
1.81899e-28
2.46656e-56
1.23329e-10
31.4139
1.68681e-78
25.7764
3.25564e-33
1.03754e-84
73.3299
5.70311e-68
100.853
1.81244e-59
35.5463
22.2083
1.39242e-59
58.8913
59.1381
4.00179e-82
3.17951e-78
9.24627e-57
9.49632e-06
2.30762e-84
6.973e-36
3.04222e-73
1.24963e-16
3.00423e-73
1.20669e-79
53.4476
2.37723e-79
5.78679e-83
4.41258e-70
4.45311e-71
3.46736e-67
1.62866e-84
5.73875e-84
8.97474e-05
8.40473e-75
1.65678e-75
6.89926e-57
20.9894
3.0985e-76
1.39487e-37
21.7464
31.4327
2.62061e-71
49.8869
2.23116e-85
28.0233
62.1212
7.05682e-49
8.59013e-63
3.31439e-49
39.4256
1.52314e-48
184.453
7.612e-84
3.51641e-85
2.94692e-80
3.4999e-74
39.724
2.01266e-79
6.9407e-80
5.36161
2.86658e-59
41.454
69.4727
27.895
3.24667e-75
3.15602e-68
2.63891e-18
2.03219e-09
4.96317e-41
41.3373
9.22318e-80
4.26877e-54
9.61196e-16
30.4695
2.61874e-71
33.3473
2.5175e-73
1.26336e-18
3.14744e-70
1.81076e-64
2.19684e-62
36.3325
19.2207
8.09113e-63
78.2135
81.7726
13.2816
6.2471e-62
25.8368
6.69921e-84
4.11029e-50
4.90776e-11
0.265924
1.43727e-81
12.6459
136.625
2.38103e-83
2.37822e-66
1.22484e-82
27.293
66.4517
9.46735e-40
41.9449
1.89688e-37
30.9695
1.7431e-25
31.2797
2.61979e-71
290.427
68.8905
25.4685
2.69372e-07
2.66035e-79
2.63868e-80
1.16682e-79
34.8221
1.17171e-59
1.97872e-70
1.16472e-85
0.000649752
1.49831e-22
8.17497e-60
94.6902
4.58123e-69
7.70635e-84
5.28088e-21
4.65016e-69
4.44762e-71
4.95611e-34
22.8408
1.14196e-45
7.54623e-82
5.41434e-76
3.31221e-46
4.46539e-51
6.35382e-65
7.45566e-50
8.82427e-65
7.28112e-55
9.98701e-77
32.8402
1.16213e-66
8.79591e-42
1.33709e-86
3.8951e-68
9.94307e-73
6.62199e-70
6.13237e-86
54.7421
9.47059e-71
9.3083e-86
49.8226
28.1898
2.52745e-70
5.0067e-46
1.09194e-85
26.7588
9.70687
2.46693e-46
1.9454e-73
2.14817e-84
7.70885
1.77605e-42
8.58133e-48
7.19748e-37
1.43577e-64
52.3951
28.4505
4.5456e-66
9.20427e-61
4.91546e-59
8.56127e-70
2.61028e-81
28.7208
3.66301e-71
1.67813e-65
115.4
9.58635e-86
1.90166e-44
3.62274e-53
5.27566e-82
10.4631
3.68583e-51
14.7874
5.41842e-32
8.56302e-75
2.45382e-59
1.3012e-44
2.28089e-55
1.67246e-84
29.9151
37.6298
1.97029e-26
6.31441e-05
13.1685
2.87016e-06
1.22844e-70
9.09374e-24
3.43754e-79
3.94057e-84
2.10922e-21
1.09893e-18
55.5281
2.68375e-80
8.07121e-59
5.31942e-87
5.15456e-85
166.299
4.91374e-33
100.012
2.63145e-82
24.6406
18.684
165.544
3.81988e-32
7.05778e-61
70.8074
30.084
2.06401e-63
4.85992e-75
2.52257e-73
6.03694e-86
2.2337e-71
1.11245e-76
18.8059
1.66853e-70
9.23523e-56
6.60291
2.58121e-30
1.40484e-67
28.3443
6.51105e-21
1.84794e-59
1.93817e-81
1.43795e-51
4.19534e-84
1.74429e-40
1.16464e-40
2.26093e-85
1.35569e-20
4.38671e-69
3.61175e-16
1.63145e-33
2.00049e-82
3.07016e-83
58.7059
21.9132
1.83282e-57
2.41954e-67
2.91616e-59
11.0081
4.3085e-55
2.50585e-72
1.03267e-18
24.8672
5.70079e-33
2.33841e-25
3.3978e-83
0.000413513
1.82355e-86
1.61402e-82
7.56572e-77
2.72531e-84
1.6226e-52
9.42447e-33
75.8716
5.21573e-15
18.5338
2.53763e-60
1.60195e-56
5.23872e-82
25.2457
7.57904e-26
9.15323e-81
4.57037e-77
7.33225e-78
54.6268
50.0855
13.104
1.23217e-67
6.94436e-75
11.5887
9.80024
10.697
3.30468e-80
1.07565e-36
1.86924e-45
8.25781e-47
19.4321
3.40989e-85
1.65599e-08
1.77656e-78
3.02482e-14
29.6326
1.70697e-71
1.31037e-76
2.96286e-60
4.26029e-79
6.21077e-80
5.24088e-14
26.3896
1.29846e-38
2.14455e-67
25.7066
20.4671
3.08332e-44
7.79345e-69
8.94449e-52
1.22165e-84
19.8168
6.91424e-73
53.6095
52.0446
2.42134e-51
11.5829
9.81925
10.6802
21.6421
5.1362e-54
33.4677
1.24865e-28
19.8652
10.055
35.703
20.4829
5.65251e-70
24.7216
17.5995
20.0813
5.44907e-65
9.19684e-66
3.57091e-68
9.79264e-47
1.19061e-73
1.0599e-66
2.81926e-40
1.19516e-57
20.4808
16.4058
1.21464e-72
24.9067
4.84632e-73
2.78053e-69
3.15595e-49
83.5176
4.90761e-43
4.99288e-70
11.5885
9.80024
10.6967
3.55462e-23
1.04525e-35
2.22482e-74
12.633
7.20828e-63
2.33883e-74
1.84765e-06
29.2643
1.07944e-85
29.0292
7.57835e-26
2.57527e-81
8.38823e-77
20.2422
51.0578
1.05582e-83
4.1239e-80
1.29084e-30
38.0105
9.44354e-65
3.9052e-85
28.3891
6.19184e-52
3.0962e-81
42.9535
1.93255e-75
25.1213
3.30754e-47
3.40684e-74
8.16908e-40
4.71125e-65
4.48236e-82
6.77044e-73
5.28767e-74
1.35293e-81
4.35746e-73
2.0961e-61
26.5298
2.0453e-38
1.96849e-73
43.109
3.20071e-82
4.82291e-85
8.27898e-86
6.98567e-87
4.72536e-72
1.55635e-73
4.5419e-73
1.72144e-18
1.8336e-31
0.000718352
7.01977e-51
6.02502e-59
30.5198
2.62048e-71
2.35325e-82
2.22484e-83
3.64894e-31
1.06456e-38
6.92077e-34
9.69738e-23
5.30643e-28
1.94743e-85
1.04524e-61
6.26135e-74
6.5324e-82
62.8268
1.93108e-77
52.0665
75.6473
5.97944e-70
7.92174e-47
6.42422e-70
2.41973e-82
1.13869e-84
2.20143e-28
28.1502
1.73099e-85
2.57648e-82
36.7186
33.2612
1.76767e-48
6.33514e-82
3.03131e-67
18.8073
2.33689e-73
29.5768
1.71255e-71
1.34517e-81
34.0036
90.7344
19.5627
9.01674e-16
4.50566e-15
1.99674e-07
4.6831e-62
5.2614e-85
49.6309
77.0945
23.6765
3.53192e-34
8.96313e-06
1.22782e-81
1.4494e-57
3.39311e-59
3.19115e-70
24.9748
5.60582e-48
58.4878
1.55775e-83
7.745e-86
1.00277e-86
1.63466e-66
47.8182
4.20099e-77
1.64837e-60
2.06233e-67
1.09772e-82
2.36002e-28
30.3067
2.61696e-71
1.13767e-76
1.98898e-14
1.20277e-46
8.82055e-68
6.48509e-62
28.0822
2.49929e-33
26.3092
3.72098e-59
4.97808e-73
1.73348e-84
4.28749e-46
7.73768e-69
55.7902
4.60938e-71
1.02261e-78
22.14
2.04152e-44
2.25556e-07
8.8356e-82
1.98759e-85
0.00755616
6.60642e-49
1.12769e-75
6.35815e-84
37.3246
5.44839e-27
5.20256e-26
1.07983e-76
7.80154e-84
2.99815e-67
25.6737
1.19862e-25
3.13401e-53
6.9439e-81
1.80668e-40
5.85345e-84
18.9396
8.51246e-45
32.4686
6.34152e-28
6.59535e-62
9.29557e-86
54.1157
28.7741
8.10592
5.52837e-85
15.8603
1.35452e-79
2.55067e-79
28.484
2.97488e-42
9.01224e-85
21.4265
1.29447e-52
1.2351e-67
6.95988e-80
5.44901e-28
8.73102e-46
1.52001e-49
5.07579e-82
2.37477e-48
69.054
7.87284e-70
7.16008e-77
5.66069e-68
2.47157e-86
2.51788e-67
7.57426e-70
4.71674e-28
2.65608e-76
1.81757e-86
1.56567e-83
8.56162e-62
8.25087e-40
20.0346
17.5055
1.4062e-85
2.06945e-78
76.7977
75.724
4.102e-23
7.46638e-42
2.25407e-23
4.63139e-86
2.50336e-68
20.4209
21.1407
2.37971e-41
1.24163e-36
8.39121e-83
2.33816e-08
1.08174e-18
3.04422e-81
1.25478e-59
7.52707e-40
3.53305e-59
3.30425e-81
21.1861
5.32193e-60
2.59438e-67
13.024
1.56349e-80
1.13686e-26
3.4877e-40
94.8974
1.11091e-74
18.4544
77.0864
2.46653e-83
77.0469
2.83526e-66
61.1431
30.4102
1.34139e-56
1.27518e-28
100.177
3.36105
1.13759e-69
20.7401
2.13284e-24
1.5563e-69
37.2606
4.6385e-14
17.8758
30.8006
2.66374e-60
2.12193e-59
2.43466e-55
9.95567e-55
3.47416e-85
1.80838e-86
2.68656e-74
1.46961e-60
5.21153e-83
23.9619
5.52063e-24
54.1379
8.25959e-33
7.62704
5.1991e-48
7.07457e-24
1.27507e-79
1.23481e-55
4.66298e-73
2.69173e-34
1.09291e-77
1.05227e-61
2.54038e-62
1.55075e-83
1.20262e-48
8.76643e-87
1.43261e-82
2.81662e-76
2.35471e-84
1.3048e-51
1.14016e-85
45.66
17.727
5.18337e-78
37.0292
6.26047e-55
4.25091e-79
25.2389
7.57908e-26
118.904
187.389
1.54007e-71
1.53614e-60
1.93814e-65
4.11159e-43
9.85021e-40
3.80046e-59
11.5883
9.80112
10.6965
26.9104
4.37774e-45
3.81912e-76
27.8604
64.7991
26.4253
8.77052e-45
22.1658
3.49948e-15
29.6181
1.71149e-71
9.38068e-20
4.24378e-62
1.30233e-57
5.54936e-62
15.9084
42.1096
119.053
1.19829e-77
24.9101
20.4502
3.08332e-44
43.7099
1.05664e-59
3.25118e-85
9.78615e-25
51.8724
2.00741e-73
42.4103
29.9959
11.582
9.82018
10.6794
16.2687
8.3614e-75
62.6342
4.99856e-37
19.5965
3.63707e-69
20.543
7.45457e-63
5.12957e-68
24.7045
17.6763
3.48149e-71
27.9279
1.19044e-86
3.36969e-24
1.48793e-06
1.62611e-80
54.5818
34.6874
2.78577e-54
20.4646
16.4035
1.60929e-74
4.68399e-15
31.9962
21.6351
1.01412e-85
2.34758e-47
5.60889e-16
6.35731e-69
11.588
9.80122
10.6963
3.39354e-54
2.73932e-74
1.20291e-35
40.3472
30.9802
21.2255
15.886
2.0565e-59
3.78422e-59
29.0221
7.57903e-26
6.06827e-82
25.3127
4.28994e-86
6.3675e-73
1.1384e-50
1.15779e-75
5.33717e-61
2.28958e-73
4.26453e-64
67.501
4.20673e-41
58.0124
3.95692e-83
25.1604
54.5549
35.8919
1.41568e-76
1.198e-85
8.2819e-85
2.83085e-57
3.74953e-83
1.11559e-57
3.70271e-83
2.03812e-73
1.65177e-85
6.78661e-30
4.97001e-31
9.31377e-65
5.85941e-17
4.44257e-67
2.54826e-38
5.77542e-85
4.09763e-84
2.32216e-86
7.22369e-85
38.5419
4.41448e-84
4.79351e-22
1.16574e-36
4.30223e-80
3.4563e-69
5.35257e-75
30.5193
2.61802e-71
7.13787e-85
9.86094e-69
3.32133e-74
28.7297
9.03334e-30
31.5863
52.4243
5.59972e-55
7.60074e-70
5.78854e-82
3.14477e-85
32.8707
20.9725
3.16706e-57
5.34701e-78
9.57777e-63
1.16226e-58
8.22345e-85
9.92837e-82
7.20379e-67
3.19032e-39
28.1466
2.1314e-24
7.82512e-51
1.96138e-56
33.608
6.69704e-73
4.57449e-56
40.177
61.8831
8.60764e-45
29.5792
1.70965e-71
1.47701e-75
26.7402
2.44631e-80
3.99732e-62
1.04769e-48
6.68132e-37
5.2689e-77
1.30443e-81
60.8454
78.9392
77.1309
51.7188
4.45515e-38
1.06509e-53
21.5135
7.74948e-57
3.59441e-56
1.49611e-55
3.57409e-58
3.32491e-63
57.1435
5.09668e-82
5.55093e-84
6.34863e-69
47.4498
1.53537e-61
9.26371e-42
1.82222e-77
2.60746e-83
0.000143415
1.16263e-48
30.3058
1.70924e-71
0.561222
0.819147
20.2782
3.7023e-86
50.3876
1.19041e-40
42.7884
1.38644e-57
3.59458e-59
7.75782e-73
1.73024e-84
2.40486e-45
7.78666e-77
3.29742e-27
3.15213e-75
1.06777e-06
3.95787e-84
1.49921e-55
4.53547e-59
99.3535
1.26623e-84
36.3447
5.08428e-71
2.09602e-29
60.4264
22.0239
7.24671e-12
1.46862e-27
2.89052e-58
43.7098
6.06109e-73
34.1445
63.7989
5.31278e-78
8.12987
5.38105e-78
5.71277e-61
1.53439e-58
1.56526e-78
4.07233e-15
2.59462e-33
1.05086e-73
9.29546e-86
3.74663
28.1148
1.92904e-61
43.3755
60.5242
1.91259e-38
23.2509
14.0202
1.56923e-81
2.73747e-86
21.4254
1.70601e-71
3.31593e-36
3.8353e-67
3.51372e-31
38.0753
7.17774e-29
3.82337e-62
32.9408
3.35099e-27
2.54876e-75
3.93485e-49
17.028
1.4558e-86
1.28263e-58
38.9291
2.0839e-59
8.8963e-31
8.43465e-64
5.908e-30
2.59617e-43
2.22078e-55
20.1036
25.2202
79.8276
8.22464e-74
64.246
1.84747e-20
1.00233e-32
1.95504e-70
2.81518e-78
4.3835e-84
1.37871e-59
20.4207
1.70596e-71
4.15968e-80
11.9742
5.43565e-83
2.12397e-79
2.48947e-49
6.56911e-76
4.76764e-81
3.95038e-49
1.55552e-42
5.74427e-63
20.9038
6.15017e-24
8.75333e-26
29.14
2.06343e-81
1.35893e-68
4.33217e-30
3.41244e-67
4.16289e-73
6.34502e-67
77.5872
3.64199e-83
40.4065
1.30634e-61
52.1303
3.17289e-85
1.01837e-59
9.06276e-57
6.02218e-56
22.4598
6.16212e-63
20.7391
1.70601e-71
9.07069e-36
37.2544
6.68975e-85
2.66464e-84
7.85624e-69
26.0076
2.01966e-76
5.94541e-66
1.65524e-31
3.47415e-85
1.80174e-85
3.36224e-85
1.2616e-35
1.42022e-61
55.9792
5.03445e-44
11.5708
27.4851
33.6797
2.48009e-82
2.2477e-83
19.3555
2.64898e-47
2.98198e-74
1.51302e-54
3.00598e-39
1.75221e-70
4.27254e-70
8.81256e-82
26.3605
9.19481e-86
1.72531e-85
1.22452e-73
3.37626e-85
3.06737e-51
1.88298e-77
5.23714e-82
22.6094
4.90184e-12
34.7224
3.59958e-70
4.73747e-60
25.2389
7.57913e-26
2.56734e-82
10.4979
2.51393e-71
46.1227
1.35686e-23
1.50091e-42
7.23997e-26
32.5042
11.5882
9.80113
10.6961
8.08204e-07
2.64227
3.59418e-14
7.44343e-52
28.2117
25.8322
2.72872e-20
1.42397e-74
1.47927e-15
29.619
5.94902e-71
1.66316e-65
1.2544e-61
4.10638e-72
1.67507e-61
3.51924e-81
0.000122617
1.73542e-82
1.09524e-75
8.33449e-79
20.4501
3.08329e-44
1.56447e-74
1.20509e-57
81.6137
2.74315e-83
45.9626
3.43741e-73
45.6899
1.78088e-63
11.5824
9.82037
10.6796
23.8136
4.67939e-10
1.59227e-73
2.19461e-37
20.1752
53.4566
26.7944
5.87103e-63
5.68884e-71
24.7043
17.6762
1.74642e-58
10.6197
1.71349e-82
1.65911e-84
2.23138e-50
3.29823e-59
4.85749e-67
2.2566e-33
3.87781e-62
20.4652
16.405
8.43881e-82
1.33373e-17
52.8246
4.90437e-78
2.33144e-24
2.35385e-80
6.66842e-49
35.9494
11.5883
9.80161
10.6965
7.33119e-30
2.66221e-74
62.1141
72.9451
1.97926e-83
5.05113e-79
9.36386e-44
6.98157e-68
5.22814e-82
29.0224
7.5792e-26
1.54329e-82
3.33566e-71
6.05472e-56
2.38108e-31
1.31516e-78
3.03698e-74
4.42155e-85
22.1554
2.33695e-64
7.39451e-87
1.62443e-84
1.69101e-33
1.73483e-79
1.22509e-83
62.2202
24.0876
31.9972
4.90327e-73
41.6871
6.29812e-77
2.84536e-18
0.0330332
63.4738
22.1636
47.7435
85.3774
1.8317e-38
6.25058e-37
9.41052e-38
5.279e-68
7.44677e-35
4.88264e-85
8.06648e-86
2.29197e-64
1.03166e-83
6.1432e-77
9.50522e-75
14.3732
9.04419e-40
9.94313e-68
5.23683
8.54805e-23
30.5194
1.70946e-71
2.84988e-43
1.71966e-75
1.50932e-24
1.1263e-19
3.04591e-56
1.66458e-39
4.946e-66
1.67606e-77
9.01163e-78
1.42284e-79
2.32931e-87
29.2312
1.92158e-54
6.7667e-84
112.16
9.14174e-71
4.60622e-73
40.1468
8.28763e-82
42.5667
6.50182e-38
27.5453
2.50567e-25
2.45349e-67
2.87313e-35
35.7632
41.6809
8.05624e-58
4.60591e-57
22.3481
47.5641
29.5781
1.70713e-71
20.4464
2.0887e-41
2.0003e-41
6.38185e-31
7.03435e-23
4.69288e-82
7.45468e-85
69.8769
9.85906e-55
3.61983e-67
1.02437e-69
48.09
65.0276
3.08257e-38
7.08096e-41
62.6102
1.80597e-34
3.21618e-86
97.0026
50.4684
60.1443
1.66345e-59
6.744e-67
1.01212e-44
35.0363
1.98215e-22
43.6044
76.407
34.706
43.3575
3.8294e-67
30.3057
1.706e-71
5.8494e-66
24.7181
4.90784e-45
4.1874e-72
85.614
36.9954
23.9422
87.5248
3.49678e-77
1.17482e-73
2.7016e-84
2.40407e-45
5.18251e-38
4.67501e-32
45.218
6.72761e-55
39.8789
1.5716e-38
41.1563
2.77735e-83
5.76486e-85
0.0186115
4.15845e-59
8.82983e-68
1.02539e-78
1.54892e-82
2.56536e-25
1.94673e-81
1.48271e-45
158.415
7.67817e-65
39.9505
9.03952e-38
1.58942e-76
57.0285
4.53854e-84
25.7187
2.59316e-29
1.70696e-46
4.92171e-81
26.674
1.37786e-72
9.2953e-86
3.74669
28.7734
34.3402
18.7874
2.34212e-86
5.43825e-82
1.02167e-70
6.42567e-18
1.64692e-70
1.32182e-52
21.4245
1.70924e-71
52.8685
2.02037e-81
1.86037e-85
6.45222e-40
4.09352e-62
8.18031e-49
75.841
6.76853e-06
7.98259e-70
9.31905e-49
26.9524
4.41539e-84
5.87908e-36
0.000133662
6.53673e-78
6.08207e-75
7.29244e-54
1.64019e-85
1.8892e-70
1.18956e-70
18.8562
25.4755
7.23513e-37
2.48843e-80
2.41177e-60
4.24225e-70
72.1975
38.3602
46.8379
27.3503
6.82035e-33
20.4199
1.51281e-41
7.69832e-72
8.00535e-38
1.09598e-32
2.45857e-70
1.06312e-49
19.8138
34.6495
36.8679
1.47808e-66
2.89337e-66
20.6787
6.53778e-85
5.805e-56
1.94895e-81
27.3039
11.4446
1.55147e-65
74.217
2.70206e-10
3.02252e-73
77.8824
3.64447e-83
34.2385
1.15415e-21
5.12175e-61
1.84335e-63
9.46586e-79
8.81332e-83
4.83791e-66
6.2117e-57
5.19251e-57
20.739
1.70924e-71
0.016786
37.2509
9.23969e-82
2.77361e-70
66.0578
20.3049
1.43533e-54
4.75519e-33
1.12785e-65
3.47411e-85
6.64657e-87
5.01113e-62
1.6382e-66
7.61359e-46
1.00015e-09
2.89694e-33
7.33552e-28
2.16704e-11
26.8143
1.28949e-61
3.91129e-20
2.92487e-30
1.75599e-79
1.45922e-55
3.04523e-72
79.5859
16.4284
6.46164e-69
2.63575e-78
9.9683e-80
6.55267e-85
7.99948e-86
2.21934e-70
4.04078e-86
3.07282e-51
5.1398e-81
34.8116
32.6276
1.32772e-67
34.034
2.29857e-37
3.80005e-71
25.2389
7.57907e-26
17.7491
2.66707e-83
4.31176e-73
48.137
9.26075e-67
2.60534e-52
32.1949
9.6567e-15
11.5881
9.80112
10.6959
2.06016e-37
1.55809e-40
24.9565
3.30696e-50
2.78832e-64
56.3539
16.4309
2.83859e-27
1.71948e-16
29.618
2.23953e-69
9.91706e-84
6.70975e-62
8.07627e-72
22.2586
2.00007e-34
1.66368e-70
5.78686e-48
1.67981e-76
2.38703e-76
20.4503
3.08284e-44
2.93964e-27
3.03689e-56
89.7021
18.9336
32.1799
3.71473e-52
39.6685
9.72315e-16
11.5824
9.82025
10.6796
1.37718e-75
5.56079e-23
1.00494e-84
3.74367e-38
19.3715
5.60472e-74
31.2974
3.11846e-37
3.78285e-78
24.7044
17.6759
1.35722e-51
2.16512e-67
1.43084e-85
6.69044e-44
3.04034e-82
2.71061e-51
20.0215
8.55576e-30
4.1862e-80
20.465
16.3959
5.67743e-75
1.94597e-77
2.4101e-84
22.4945
2.36533e-39
6.32897e-78
2.73257e-45
7.33491e-51
11.5881
9.80142
10.6963
0.0553943
106.224
30.0134
2.59248e-68
1.14403e-25
23.1231
5.07753e-72
54.0511
2.87928e-70
29.0224
7.57914e-26
2.49443e-81
1.69023e-71
1.86411e-48
3.17053e-56
3.44167e-19
4.06159e-74
36.0551
2.46251e-67
4.1228e-67
5.23145e-87
1.57669e-46
3.67096e-83
1.54726e-79
45.485
1.02339e-71
26.7907
1.34165e-31
0.0133884
121.559
1.98475e-84
41.0725
2.11472e-57
1.06057e-73
2.64323e-86
6.91636e-84
3.24716e-81
58.0086
5.47627e-19
8.50337e-49
90.6242
1.57146e-31
2.06359e-85
8.95095e-86
1.28867e-76
4.12002e-82
8.66003e-12
7.7763e-63
2.39968e-25
3.83536e-76
3.53091e-78
2.59808e-70
1.28111e-08
30.5207
5.04393e-16
2.37445e-29
2.3748e-13
73.4131
62.6849
59.0221
38.2109
3.12693e-16
3.1523e-81
2.83896e-59
55.1097
1.02528e-67
59.0751
9.14981e-67
98.3638
50.147
9.898e-56
4.11931e-69
58.0713
71.9042
3.81011e-73
4.16519e-61
25.1012
16.2486
7.74864e-75
6.03781e-33
2.95294e-86
2.54403e-70
4.74135e-74
6.17766e-75
23.7013
25.0619
29.5788
23.1048
6.81393e-29
6.95787e-72
1.37979e-79
1.14934e-78
1.48731e-22
84.3799
4.96049e-51
1.58739e-41
2.48228e-05
2.76364e-67
7.75737e-80
47.1685
3.1395e-14
29.7651
3.94108e-81
1.63899e-38
2.51592e-36
2.06637e-67
1.58179e-85
1.2521e-17
170.242
4.75549e-39
87.7794
8.39994e-70
5.96433e-86
5.25576e-84
59.1035
1.59682e-49
60.5574
3.96679e-07
1.06725e-84
30.3074
3.38443e-50
50.4074
1.63198e-74
23.0573
5.02854e-16
1.61358e-16
4.44062e-65
0.326888
1.39205e-76
28.3661
1.55671e-76
3.46106e-40
8.91718e-48
4.18624e-52
1.01345e-48
2.0939e-82
5.41434e-61
7.0719e-05
1.41779e-14
4.24431e-76
10.6581
7.16776e-85
1.41119e-77
4.22081e-49
17.256
2.32505e-61
3.46959e-83
18.6609
5.71735e-85
6.0692e-76
37.363
3.18694e-74
8.4661e-77
5.99052e-77
4.06406e-51
2.83032e-23
6.60329e-86
1.68722e-86
2.43064e-77
1.14844e-85
1.05357e-33
5.49941e-82
5.79468e-76
9.26691e-86
2.43633
28.9248
2.03944e-40
21.9991
0.00203311
37.7135
8.06156e-14
73.2644
3.71352e-28
1.57939e-66
21.4255
2.6182e-71
1.05465e-59
7.8392e-59
1.3399e-77
4.99864e-67
2.4205e-19
9.9816e-24
2.74148e-73
2.42893e-59
3.92357e-80
2.17319e-45
26.501
1.90584e-80
1.03846e-64
8.70228e-77
4.79176e-21
5.0666e-65
56.7478
1.02745e-67
27.2999
3.48913e-79
22.774
25.4682
1.2015e-81
1.1009e-46
4.07683e-54
6.39251e-25
3.81001e-84
9.61149e-22
1.38534e-61
9.49355e-69
3.70052e-55
20.4193
1.71247e-71
5.66929e-80
54.9906
6.54712e-85
5.80268e-22
3.09573e-54
43.16
7.63864e-85
2.69963e-54
1.35798e-56
2.81415e-74
20.6704
68.1697
25.7514
4.93205e-60
1.2638e-73
8.22864e-63
26.6418
25.3176
23.2526
24.6822
73.5947
1.36363e-26
1.37726e-81
4.33627e-68
81.2785
88.0615
5.08751e-59
2.3227e-78
32.9068
6.40768e-67
48.3075
20.7408
2.61815e-71
28.5899
39.278
1.19974e-66
1.73569e-84
8.99329e-62
25.6044
1.12175e-75
22.4868
6.02461e-60
2.25411e-85
5.02538e-85
1.5973e-63
22.2479
8.6272e-79
1.53394e-71
1.00221e-70
2.07301e-84
1.87694e-45
24.8099
5.55e-69
8.46087e-28
28.8904
31.3914
5.32073e-10
28.5275
85.6992
53.2444
1.18803e-74
30.1647
50.1399
1.55459e-85
1.06395e-86
1.67573e-67
8.18895e-81
2.50205e-53
4.85109e-86
4.06141e-68
1.5336e-83
40.9436
5.16942e-58
45.2777
2.57207e-71
25.2457
7.57837e-26
5.66206e-45
1.57398e-82
3.29732e-64
53.509
7.47247e-60
47.2755
41.3563
3.60319e-52
11.5888
9.80024
10.6972
1.96922e-24
4.63279e-56
1.6929e-42
4.33994e-47
4.51658e-67
8.51711e-25
30.9315
48.8209
5.5089e-18
29.6333
6.395e-33
2.29703e-54
4.9437e-59
8.10202e-84
1.39266e-53
1.12099e-46
17.3904
24.5476
22.6892
4.62372e-79
20.4677
2.00513e-44
1.35575e-57
1.57185e-79
20.8978
1.15364e-85
2.06688e-44
117.302
4.8105e-83
1.43537e-81
11.5832
9.81925
10.6806
2.98631e-31
3.27642e-38
1.24645e-06
4.78086e-21
4.4137e-10
5.03768e-29
7.56951e-54
17.8469
1.58371e-63
24.722
17.6718
6.78454e-26
1.04554e-48
1.06063e-64
9.04825e-72
6.7452e-24
1.58238e-82
1.29458e-61
65.3272
34.5974
20.4815
16.5187
4.85434e-75
2.61627e-64
35.2161
8.56391e-30
27.4821
17.8574
9.09395e-36
5.1752e-25
11.5888
9.80049
10.6972
2.85235e-76
1.80733e-71
8.60699e-76
2.50982e-15
23.4105
63.134
32.8149
1.13705e-85
28.8536
29.0292
7.57888e-26
5.34503e-82
2.25176e-76
6.8717e-61
2.91948e-75
4.35457e-29
2.96069e-17
307.26
35.7968
1.62073e-70
1.40518e-85
1.59796e-84
4.8926e-84
1.28096e-80
5.0006e-40
3.45907e-84
29.5564
1.1291e-44
6.41785e-41
8.89122e-76
2.28459e-70
2.60865e-21
27.8582
3.10174e-70
9.04381e-84
1.56475e-80
83.6306
21.4045
29.2236
3.63114e-84
5.26864e-76
3.38121e-35
2.06829e-85
5.57854e-85
4.27485e-84
1.13608e-50
5.02777e-79
5.8691e-86
38.0127
50.6645
1.52378e-74
4.43221e-11
35.1858
40.5145
2.58186e-30
27.0374
1.41071e-72
65.1389
9.87802e-85
55.5714
2.19962e-67
1.94301e-62
3.01781e-36
1.30777e-80
2.37684e-28
2.55606e-32
30.269
2.87716e-59
4.81351e-62
1.12318e-42
2.78319e-69
2.63229e-76
2.30524e-64
8.14242e-45
6.73619e-76
3.20332e-85
60.129
5.01366e-84
6.83049e-76
2.18478e-34
8.06746e-50
2.05204e-73
9.36014e-85
38.9177
4.46397e-80
9.00552e-68
27.3078
1.75002e-14
33.7745
1.32136e-32
1.16787e-68
6.8007e-83
3.84949e-79
18.6956
37.4602
81.247
3.43751e-64
61.9467
60.5268
42.5164
1.03991e-78
19.4114
1.5941e-20
9.81294e-55
1.28636e-75
9.35558e-76
0.00655195
1.26365e-77
65.0534
39.4143
154.029
4.11706e-63
8.91149e-65
70.6025
40.9984
3.28302e-34
3.93498e-74
2.10149e-78
4.72756e-76
34.5446
2.35622e-41
131.287
2.34103e-73
3.86525e-85
6.0801e-72
5.49753e-79
14.1037
18.6899
50.4642
2.06695e-65
7.72995e-80
3.02555e-85
28.9108
3.69112e-77
32.0536
1.91607
6.2109e-83
47.302
1.09137e-27
6.81091e-84
1.16663e-70
8.91795e-79
26.7849
2.08627e-71
4.90719e-55
7.08344e-36
1.11754e-68
1.37989e-32
42.3451
1.03063e-24
45.9094
2.58719e-77
1.31702e-75
4.76852e-82
9.54216e-69
2.30575e-73
4.39941e-71
3.57122e-66
1.71973e-78
8.41081e-75
33.7741
9.68891e-54
5.73394e-73
17.8657
44.7712
26.2222
3.6898e-67
1.19268e-76
100.018
2.56681e-73
8.99278e-28
46.9112
21.4507
8.03159e-38
22.4186
2.61977e-71
3.8378e-21
3.70449e-75
6.87665e-59
6.93251e-86
1.24074e-41
41.9786
2.32196e-45
77.2568
6.20504e-57
236.211
3.91872e-67
7.12475e-86
6.88255e-87
5.75326e-54
2.25298e-48
153.666
5.25799e-70
2.28431e-79
1.68006e-55
15.5964
74.2274
29.8049
8.76196e-55
1.90734e-50
5.13161e-73
9.94221e-52
5.07593e-83
6.4813e-71
0.000116556
10.4275
1.23397e-63
21.3877
2.61926e-71
2.26305e-73
3.71192e-51
5.60082e-71
1.19751e-61
2.55886e-78
4.0319e-82
6.72243e-70
26.6346
11.9283
63.8332
27.4339
2.38272e-78
23.9594
30.9901
3.90704e-81
4.43163e-46
2.15613e-53
32.9409
130.634
3.451e-67
25.4615
0.00578301
56.6147
8.13219e-45
1.06502e-81
1.50158e-37
1.06577e-82
2.69432e-67
5.75714e-10
2.40742e-74
4.81981e-78
21.8109
2.61965e-71
1.92885e-23
1.28198e-32
66.7826
29.873
5.98266
6.3735e-82
3.62389e-49
72.1067
1.48173e-56
2.17374e-70
57.588
9.10891e-71
1.61607e-81
1.89765e-71
1.64919e-85
1.08347e-69
1.47931e-82
8.48964e-25
3.03094e-54
84.8988
2.16031e-39
2.78703e-85
1.4343e-72
4.61658e-76
1.90708e-38
34.3482
1.00265e-65
1.94884e-76
8.34964e-61
35.36
7.18477e-86
3.60209e-73
1.11164e-66
1.93896e-67
39.8351
5.99781e-72
3.66442e-06
5.15266e-84
3.37602e-80
1.26568e-26
2.8968e-70
4.75962e-71
28.6267
1.819e-28
5.50557e-73
4.31375e-80
1.39328e-85
6.5305e-81
1.52996e-78
1.87536e-18
1.98047e-77
5.26212e-78
11.5898
9.69774
10.7869
1.17297e-18
2.55904e-71
22.4749
4.57921e-70
7.17368e-73
2.46068e-85
21.8173
3.2777e-81
1.57055e-82
34.3446
2.61904e-71
3.01406e-81
1.52552e-14
21.5798
1.9334e-43
7.47903e-83
13.2058
9.50525e-41
2.27595e-69
1.6364e-75
25.1309
2.86504e-38
1.11736e-49
39.3573
3.19056e-38
5.00617e-76
2.18783e-14
8.74698e-85
7.45847e-70
7.78806e-74
11.5883
9.7202
10.7673
16.0131
4.26803e-73
3.47185e-18
49.1779
13.4786
56.521
11.8671
20.8107
9.07916e-80
17.2141
18.2295
8.35384e-56
24.2532
6.36299e-83
5.82251e-77
37.6993
5.18986e-77
1.7506e-78
7.31263e-68
1.57914e-76
25.1586
16.2176
2.39459e-20
4.39939e-67
1.61276e-29
1.80137e-77
1.44065e-76
1.17595e-79
3.22109e-26
8.9773e-60
11.5895
9.69799
10.7865
16.204
3.74718e-80
24.0506
1.73632e-64
2.87106e-21
6.55633e-67
22.6138
9.12385e-66
6.25639e-55
32.4365
3.62693e-24
3.608e-77
1.6124e-46
4.70366e-85
1.61971e-82
1.21151e-64
4.82217e-05
27.5564
4.05309e-59
4.72667e-74
55.8261
6.05653e-84
4.6139e-48
25.4543
3.07625e-65
9.78076e-40
1.0525e-45
53.81
20.0007
2.3397e-76
1.87022e-59
8.14439e-15
1.15697e-15
6.49399e-82
24.3866
4.74159e-75
4.17224e-36
3.08635e-82
3.59927e-77
6.33698e-75
3.21747e-71
7.191e-78
53.7525
1.10579e-56
1.7845e-84
6.88115e-85
42.6002
15.346
4.29487e-14
2.02539e-15
2.23734e-60
8.77366e-33
4.32643e-15
32.4509
8.57629e-21
1.08791e-77
11.3293
42.6547
2.81095e-60
12.3407
4.32855e-25
1.69351e-59
2.57675e-33
4.50881e-66
2.12627e-87
3.3358e-24
3.84469e-24
8.96194e-77
2.49904e-35
36.4947
4.90056e-24
23.5088
4.18208e-74
1.52727e-72
33.5747
1.33542e-84
97.6398
1.58054e-71
1.08255e-74
1.84538e-85
1.65268e-17
2.33995e-32
3.22162e-76
5.99566e-64
1.15146e-80
1.49061e-74
32.4288
8.57825e-21
2.58213e-81
3.32886e-74
1.87151e-85
19.0321
39.5216
3.25994e-21
1.08678e-83
44.2981
25.1292
7.51491e-85
4.58619e-58
5.62223e-44
1.26963e-84
4.58661e-76
4.37521e-10
19.952
1.34574e-55
50.7655
33.4265
1.68324e-65
1.36623e-70
3.10643e-73
2.61442e-12
9.5322e-82
1.45625e-66
2.85643e-80
6.61219e-16
2.22293e-64
2.15736e-43
0.00913973
1.48018e-64
32.4509
8.57815e-21
1.6616e-77
39.858
2.32817e-53
9.96591e-79
7.45342e-71
6.40777e-59
4.65037e-80
3.5115e-82
4.06138e-66
3.8543e-85
7.9202e-73
47.6608
7.67979e-82
5.21512e-83
6.37115e-87
12.0816
4.10691e-21
2.45464e-22
5.59984e-26
9.90804e-74
1.23256e-46
4.21301e-15
34.4049
7.58612e-85
1.05014e-45
2.03788e-69
9.94966e-84
5.71448e-82
9.51103e-65
2.74976e-73
VECTORS velocity float
-9.0128e-84 -1.43854e-83 0
-3.42051e-82 -1.57455e-80 0
-3.13077e-15 2.81873e-15 0
2.34099e-60 3.6221e-59 0
-4.40389e-76 -1.1871e-76 0
-7.59651 -24.7884 3.03232
1.18303e-37 1.0943e-37 0
2.10898e-30 -1.88647e-30 0
8.6968e-57 -7.65095e-56 0
2.97514 0.735125 -16.7465
-2.09835e-75 -4.10227e-75 0
-1.00075e-48 -7.89938e-47 0
-12.2196 -28.9686 17.0415
-3.18348e-74 -2.54734e-73 0
8.41277e-60 3.90598e-60 0
-1.28895e-85 -1.33731e-85 0
6.46639e-57 8.6104e-57 0
-2.59723e-68 1.00958e-67 0
-37.3355 -44.7397 29.5425
26.2155 -14.8917 21.1517
2.56608e-77 -4.43279e-78 0
5.50346e-12 -2.61902e-12 0
4.54712e-47 7.52306e-46 0
-27.6446 -8.36998e-06 7.49235
-8.57812e-21 -1.23665e-24 0
7.11955e-48 1.26732e-47 0
7.2926e-62 9.26315e-61 0
-9.55494e-30 -4.9203e-30 0
-4.29674e-07 -2.35413e-07 0
-39.2723 33.2378 25.6249
0.332575 27.31 -8.48419
-50.7512 23.0586 -5.97744
-1.11976e-34 -8.71491e-35 0
-1.0047e-58 7.17471e-59 0
-1.86036e-82 -1.90452e-82 0
1.51213e-62 -1.14704e-61 0
24.2105 4.20173 -15.7637
10.1678 13.4381 -15.7193
2.68155e-51 -2.67207e-52 0
3.07767e-79 2.62882e-78 0
7.93241e-35 2.57491e-35 0
-4.53668e-55 3.19021e-55 0
18.3671 41.665 64.0822
-4.71341e-36 3.31448e-36 0
-46.4917 -4.20761 -20.4584
-7.50676e-88 6.65123e-88 0
1.46268e-66 1.50606e-66 0
-6.74029e-87 -1.79243e-86 0
-7.61573e-85 -1.0296e-84 0
-6.64321e-73 -1.07988e-72 0
-3.91186e-74 -4.84348e-75 0
18.3505 2.84802 -17.0797
1.35841e-32 -5.80021e-33 0
-3.4511e-07 -3.09499e-07 0
-5.80956e-81 -6.84598e-81 0
-2.53195e-36 1.78047e-36 0
-27.6152 4.29974e-06 7.51447
-8.57836e-21 -6.2123e-25 0
-2.06979e-69 -3.76134e-69 0
-1.56445e-19 1.36151e-19 0
1.5103e-73 -5.54841e-74 0
1.31997e-64 -2.21002e-65 0
7.89499e-70 -1.7221e-69 0
2.2313e-22 -4.26202e-22 0
26.0665 -17.109 13.9305
0.889624 0.585211 -17.9054
-1.28859e-68 5.41343e-69 0
-2.82719e-87 -3.21281e-86 0
-1.51633e-76 -7.54146e-77 0
-2.62901e-83 4.23908e-83 0
1.36235e-82 1.35941e-81 0
26.9835 30.7328 -16.0498
-1.04072e-84 3.94854e-85 0
6.63852e-58 3.36499e-57 0
5.37575e-43 4.0241e-44 0
-0.000733159 -4.56444e-05 0
5.68681e-08 -1.97503e-07 0
8.31004e-58 1.28577e-56 0
-12.96 86.1046 -12.2618
9.25235e-58 1.43157e-56 0
1.12785e-52 2.25947e-53 0
-4.48149e-70 2.99603e-70 0
1.06448e-83 -3.91026e-83 0
-4.83583e-84 -1.54507e-83 0
-5.14264e-61 1.29027e-60 0
9.93446e-81 -5.58451e-80 0
2.12363e-13 -9.19775e-13 0
-8.90452e-56 6.26168e-56 0
-1.43387e-71 -1.14733e-70 0
-27.6446 1.20596e-05 7.49235
-8.57645e-21 -2.94041e-26 0
-1.90664e-33 6.13547e-34 0
-0.0431093 0.00935455 0
-2.92707e-50 2.05832e-50 0
1.425e-07 -1.8027e-07 0
1.63602e-77 -5.66755e-79 0
7.62713e-74 8.9486e-74 0
-28.3367 -4.03462 -14.5382
2.5161e-17 4.2451e-17 0
-8.70419e-67 1.92606e-65 0
-7.82856 41.6358 11.7353
-6.01586e-56 4.23036e-56 0
3.75962e-44 -2.93069e-44 0
-4.8499e-85 4.6478e-85 0
8.17304e-16 -1.31435e-15 0
2.66553e-29 -2.87493e-29 0
-7.45324e-47 2.14978e-46 0
30.4726 -0.282414 34.4392
2.76676e-10 4.18729e-11 0
15.5847 12.4084 4.72016
-2.28559e-41 1.60723e-41 0
2.11955e-83 4.80344e-83 0
-8.3925e-16 -7.96347e-16 0
-4.80526e-40 3.37907e-40 0
-2.66583e-50 6.20362e-50 0
2.67298 -4.10911 0
6.92837e-36 -5.67236e-36 0
2.17918e-53 -1.30178e-52 0
13.2624 64.996 23.937
9.54618e-84 -6.3803e-83 0
-2.58487e-81 9.35941e-81 0
1.30316e-87 -1.80843e-86 0
-1.58383e-72 -1.26731e-71 0
-4.6871e-74 -4.81849e-73 0
-2.60723e-86 -6.63493e-86 0
26.7681 -11.4076 14.1081
-2.73345e-71 -2.08666e-70 0
1.68445 -7.24368 -13.1961
2.8491e-69 6.29962e-69 0
-2.74703e-49 1.93172e-49 0
6.95496e-19 1.93926e-18 0
-3.61278e-78 -5.42057e-78 0
-1.12776e-71 3.36741e-70 0
-0.000263566 -27.6263 7.50251
3.03807e-26 -3.62685e-24 0
-6.04268 -9.6574 -15.2196
16.376 16.7539 -14.6193
3.55615e-83 -4.23188e-83 0
-4.38143 15.0257 -20.2184
22.4411 -32.4475 -14.8121
-5.34573e-17 5.15578e-18 0
4.57399 -57.6121 -1.77039
21.7032 -5.78383 -16.0181
-1.04479e-05 -8.06071e-05 -11.5895
-3.94549e-05 -2.07769e-05 9.69774
-0.00017084 -0.000126298 -10.7865
4.22278e-46 2.11216e-46 0
2.04732e-23 2.37658e-24 0
11.7391 11.341 -6.40085
-2.27896e-75 1.353e-75 0
36.6806 34.2854 21.4184
4.40832e-68 6.7888e-67 0
9.01422 27.4144 31.8677
3.11509e-61 4.826e-60 0
-1.44966e-06 9.37487e-07 0
2.80396 30.3779 -15.7008
-1.03876e-75 2.61828e-71 0
9.845e-46 5.31726e-47 0
-1.05401e-85 -1.67592e-86 0
23.5831 -9.8736 -12.9324
-1.51979e-72 -6.39656e-71 0
1.83052e-83 3.18305e-83 0
-1.51846e-39 -3.49049e-39 0
-27.2805 35.771 -17.1609
16.8725 -21.3028 -2.1669
20.9522 -27.9918 7.64731
3.25585 -24.2815 -7.19529
-9.10014e-47 -5.5051e-45 0
2.1154e-48 3.28817e-48 0
-157.377 -52.3152 32.9556
4.7149e-69 6.75237e-70 0
9.61296e-61 -7.38857e-60 0
5.65721e-43 -1.58116e-42 0
2.31527e-81 6.0398e-81 0
-9.55589e-86 -1.53711e-86 0
-0.135256 -27.161 -9.89401
-5.36774e-06 1.18486e-05 -11.5883
-3.66412e-05 5.54172e-13 9.7202
-0.000732269 0.000113949 -10.767
-4.77325e-48 3.35656e-48 0
2.47522e-37 -3.04699e-37 0
6.65639 0.692248 -15.9667
5.30174 1.8032 -16.4789
9.11567 2.62436 39.1615
-5.13276e-79 -3.1708e-78 0
16.9128 2.80548 -7.32683
21.0356 0.496209 -1.60746
6.14094e-60 -3.853e-59 0
6.18656 13.4474 -6.52141
-0.000684606 13.7856 -13.0449
-4.52638e-51 -1.99297e-50 0
1.6237e-10 1.97746e-10 0
-1.03932e-16 7.5978e-17 0
1.00603e-51 6.77485e-51 0
-1.41137e-46 9.92475e-47 0
-6.52195e-37 4.58625e-37 0
-3.67681e-40 2.58554e-40 0
-2.42772e-18 -1.40562e-17 0
-6.55121e-29 1.00343e-27 0
3.23154 -24.3583 -6.98466
1.56023 -3.34183 -16.4493
2.08285e-11 5.38154e-11 0
6.93574e-77 -3.90501e-76 0
23.8866 5.03462 12.9621
-20.0261 -13.4752 14.2443
7.26429e-24 -1.13479e-23 0
-1.3578e-75 3.00453e-74 0
20.8782 48.0291 -7.42389
5.90155e-69 -3.43137e-68 0
-3.48161e-05 4.11061e-05 -11.5894
-3.94549e-05 2.07769e-05 9.69774
-0.00116776 0.000121242 -10.7862
-8.65621 -21.0233 1.13402
3.39078e-76 3.60716e-76 0
8.95171 -18.8843 -12.0101
6.18468e-67 2.41433e-66 0
1.33162e-21 -3.45981e-21 0
1.21803e-17 -7.72916e-18 0
6.64172e-48 -6.71532e-48 0
-1.76365e-84 -1.40664e-83 0
-6.96703e-41 4.89923e-41 0
-0.000188496 32.0738 4.83699
-1.52503e-33 1.81899e-28 0
1.62891e-56 1.85218e-56 0
-3.49281e-11 -1.1828e-10 0
11.1428 26.7068 -12.2236
-3.99163e-79 -1.6389e-78 0
13.8731 21.1821 -4.82481
1.83491e-33 2.6893e-33 0
1.03624e-84 5.18911e-86 0
44.81 57.9202 -3.81964
-2.57471e-69 5.69729e-68 0
-13.5914 -83.1765 55.3912
-1.48258e-59 1.04255e-59 0
17.0347 -31.1984 0.129459
17.4884 -9.98216 9.36584
8.98053e-61 1.38952e-59 0
55.1585 -4.4887 20.1389
55.8063 19.4798 -1.87085
-9.18118e-84 -4.00074e-82 0
1.84629e-79 -3.17415e-78 0
5.96347e-58 9.22701e-57 0
-4.31337e-06 -8.4602e-06 0
6.00815e-86 -2.30684e-84 0
-6.00019e-36 3.55253e-36 0
-3.96959e-74 -3.01622e-73 0
1.02574e-16 7.13745e-17 0
-2.68991e-73 -1.33783e-73 0
-1.05006e-79 -5.94534e-80 0
-49.714 -1.01972 -19.5991
2.22108e-79 -8.47352e-80 0
1.01126e-83 -5.69775e-83 0
2.17164e-70 3.8412e-70 0
-2.4359e-71 3.72781e-71 0
-4.29986e-68 -3.4406e-67 0
2.05183e-85 1.61569e-84 0
-4.31813e-84 3.77982e-84 0
2.40882e-05 8.64543e-05 0
8.20655e-75 1.81437e-75 0
-8.10556e-76 -1.44496e-75 0
5.17785e-58 6.8798e-57 0
6.67608 -7.46109 -18.4477
2.93889e-76 -9.81649e-77 0
-1.39237e-37 8.34653e-39 0
-21.6138 -2.38722 0.221962
27.6574 3.09277 -14.6122
2.62061e-71 -1.0393e-75 0
10.7165 -45.3753 17.7464
-1.85417e-85 -1.24103e-85 0
7.46391 -20.1913 17.9417
-26.4196 -15.8138 53.9534
-4.83136e-49 5.14361e-49 0
7.1537e-63 4.75552e-63 0
3.24278e-49 6.8524e-50 0
20.8497 32.8976 6.11672
1.0534e-48 -1.10014e-48 0
-36.5915 -175.321 44.1181
4.17947e-84 -6.36197e-84 0
-2.99841e-85 -1.83704e-85 0
-2.6386e-80 -1.31231e-80 0
-4.34577e-75 -3.47281e-74 0
19.8083 33.4014 -8.36494
-1.11622e-79 -1.67477e-79 0
-6.21389e-80 -3.09207e-80 0
-5.18938 -0.863521 1.03516
-2.34486e-59 1.64891e-59 0
26.8566 -26.4326 -17.2765
41.9506 -55.3278 2.32974
13.6639 17.6899 -16.6881
-2.53168e-75 2.03259e-75 0
7.65995e-69 3.06165e-68 0
1.26429e-18 2.31633e-18 0
1.92905e-09 6.39195e-10 0
-4.05987e-41 2.85491e-41 0
21.856 30.9168 16.5905
3.86819e-81 -9.21506e-80 0
4.15509e-54 9.78582e-55 0
-9.58733e-16 6.87739e-17 0
26.6885 3.02554 -14.386
2.61874e-71 -2.46238e-76 0
18.8158 21.5831 -17.0931
2.49584e-73 3.29483e-74 0
-1.22878e-18 -2.93562e-19 0
-3.81335e-71 -3.12425e-70 0
-4.18655e-66 -1.81028e-64 0
1.5549e-62 -1.5519e-62 0
-25.6266 16.9234 -19.4146
-6.25451 -0.120673 -18.1742
5.21849e-64 8.07429e-63 0
73.6182 24.4826 -9.91545
-80.1417 -15.2511 5.60965
0.492124 6.8558 -11.3647
1.61141e-62 6.03569e-62 0
-9.54651 -16.0312 -17.8719
1.1431e-84 6.60096e-84 0
3.62715e-50 -1.93347e-50 0
3.72264e-11 3.19814e-11 0
-0.183124 -0.192824 0
1.20616e-81 -7.81627e-82 0
7.69647 -1.97263 -9.8383
-2.40062 135.223 -19.3726
1.73853e-83 -1.6269e-83 0
-2.1294e-66 -1.05906e-66 0
-3.27145e-83 1.18035e-82 0
13.0641 -18.3751 -15.3816
41.5533 -51.8343 -1.53775
-7.74428e-40 5.4458e-40 0
17.5895 -20.4191 32.141
-5.72892e-39 -1.89601e-37 0
-28.1643 12.6876 2.21495
-1.74188e-25 6.51447e-27 0
27.8173 -1.10691 -14.2615
2.61979e-71 1.15152e-75 0
87.9263 -179.737 210.502
27.426 25.9114 57.6395
8.5788 22.3216 -8.76318
4.29822e-08 -2.6592e-07 0
1.82336e-79 1.93723e-79 0
1.10798e-81 -2.63636e-80 0
-1.1109e-79 -3.56901e-80 0
32.4362 -6.09475 -11.1052
7.55705e-61 1.16927e-59 0
-2.41942e-71 -1.96387e-70 0
-6.40814e-86 9.72587e-86 0
0.000369106 0.000534733 0
1.28307e-22 -7.73736e-23 0
5.27116e-61 8.15796e-60 0
-93.6427 9.86675 9.99626
3.12642e-69 3.34861e-69 0
-7.24035e-84 2.63917e-84 0
9.23446e-22 -5.19951e-21 0
4.45184e-69 -1.34353e-69 0
-1.02831e-72 -4.44643e-71 0
2.64385e-34 4.19203e-34 0
-6.43543 -20.6035 -7.46885
-9.3412e-46 6.56875e-46 0
-2.86598e-82 -6.98081e-82 0
-4.61869e-76 2.82538e-76 0
-3.23199e-46 7.24549e-47 0
4.27823e-51 1.27924e-51 0
1.39318e-65 6.1992e-65 0
-2.64579e-50 6.97041e-50 0
8.78368e-65 8.45394e-66 0
-5.95595e-55 4.18824e-55 0
-8.8132e-77 4.69766e-77 0
27.6163 -2.5202 -17.5917
7.49541e-68 1.15971e-66 0
-7.19505e-42 5.05957e-42 0
-9.18419e-87 -9.71762e-87 0
2.51298e-69 3.88699e-68 0
-1.23336e-73 -9.86628e-73 0
4.96321e-70 4.38376e-70 0
-3.78038e-86 -4.82853e-86 0
31.4024 43.169 12.1257
-1.17444e-71 -9.39749e-71 0
-7.17868e-86 -5.92545e-86 0
25.3776 41.978 -8.72476
0.359799 27.7266 -5.07643
-2.47972e-70 4.88819e-71 0
-4.13181e-46 -2.82757e-46 0
-9.63483e-86 -5.13836e-86 0
19.2014 5.0822 -17.9308
9.17497 2.90601 -1.26428
2.30313e-46 -8.83937e-47 0
1.47428e-73 1.26929e-73 0
2.14564e-84 -1.04288e-85 0
-2.75807 7.04657 1.47148
-1.77504e-42 -5.97251e-44 0
6.91945e-48 5.07548e-48 0
-5.88753e-37 4.14013e-37 0
-1.40367e-64 3.01911e-65 0
-42.6334 23.6823 -19.1516
16.8904 16.5779 -15.7897
3.80381e-66 -2.48868e-66 0
-1.12435e-61 -9.13534e-61 0
4.15413e-59 2.62773e-59 0
-1.06166e-70 -8.49519e-70 0
-1.54315e-81 2.1053e-81 0
23.6463 -6.84162 -14.7963
-4.54122e-72 -3.63475e-71 0
1.08233e-66 1.67464e-65 0
109.56 -35.1987 -8.65007
-3.20883e-86 -9.03336e-86 0
-1.55555e-44 1.09387e-44 0
-2.9634e-53 2.08387e-53 0
-5.92547e-83 -5.24227e-82 0
-4.32664 6.65667 6.81505
-3.01501e-51 2.12016e-51 0
8.6824 5.05895 10.8485
5.14902e-32 -1.68727e-32 0
-1.89361e-75 -8.35102e-75 0
-2.00722e-59 1.41148e-59 0
-1.29664e-44 -1.08742e-45 0
-1.86577e-55 1.31201e-55 0
1.56626e-84 5.8646e-85 0
4.14286 -29.3521 -4.02595
16.9 -33.5969 -1.28118
1.89325e-26 -5.45571e-27 0
6.07596e-05 1.71884e-05 0
-11.8771 5.31987 -2.01037
-2.86999e-06 -3.0684e-08 0
7.8311e-71 -9.46463e-71 0
5.60371e-24 -7.16202e-24 0
-3.42384e-79 3.06601e-80 0
-3.92783e-84 3.16623e-85 0
-1.12723e-21 -1.78274e-21 0
-9.19047e-19 6.02502e-19 0
-52.3318 15.9465 -9.5113
-7.14214e-81 2.58697e-80 0
-6.36339e-59 4.96505e-59 0
-2.04837e-87 4.90922e-87 0
4.48928e-86 -5.13497e-85 0
81.8504 4.54908 144.69
-4.01943e-33 2.82648e-33 0
84.9215 -52.4409 -6.37531
-1.24497e-82 2.31831e-82 0
-23.91 5.95582 0
11.9407 12.7714 6.58806
-131.951 95.0693 30.9106
-3.12466e-32 2.19727e-32 0
-5.81288e-61 4.00284e-61 0
6.03072 -69.2878 -13.2857
26.2223 2.70332 -14.4959
-6.59399e-64 -1.95584e-63 0
-4.62056e-75 -1.50641e-75 0
-1.58311e-73 1.96396e-73 0
2.18465e-87 -6.03299e-86 0
1.21186e-72 2.23041e-71 0
8.01733e-77 7.71216e-77 0
14.9198 -2.56982 -11.1561
-2.07031e-71 -1.65563e-70 0
-7.55441e-56 5.31228e-56 0
-6.23286 -1.51391 1.5678
-2.58102e-30 3.1071e-32 0
-1.74209e-68 -1.394e-67 0
25.4821 -12.15 -2.53757
4.24611e-21 -4.93603e-21 0
-1.23768e-59 1.37224e-59 0
1.81708e-81 6.7434e-82 0
3.79853e-52 -1.38687e-51 0
-1.66885e-84 3.84913e-84 0
-1.42683e-40 1.00335e-40 0
-9.52671e-41 6.6992e-41 0
-1.6261e-85 1.57087e-85 0
-7.33864e-21 1.13988e-20 0
-2.26501e-69 -3.75672e-69 0
-2.47628e-17 -3.60325e-16 0
6.24098e-34 1.50736e-33 0
1.37046e-82 1.45732e-82 0
-1.52173e-83 -2.66649e-83 0
30.5603 46.6911 18.2316
-18.0666 -5.7678 10.9781
-1.66741e-57 -7.60917e-58 0
-3.00042e-68 -2.40086e-67 0
-7.86639e-60 2.80806e-59 0
10.6455 -2.80209 0
-3.52435e-55 2.47833e-55 0
-2.84047e-73 2.4897e-72 0
3.66769e-19 9.65348e-19 0
10.5833 -17.2548 -14.4445
-4.66324e-33 3.2792e-33 0
3.96194e-26 -2.3046e-25 0
-2.88798e-83 1.79014e-83 0
-4.04511e-05 0.00041153 0
5.32113e-88 -1.82277e-86 0
2.81358e-83 -1.5893e-82 0
-1.04943e-77 -7.49258e-77 0
1.49324e-85 -2.72121e-84 0
-5.66387e-54 1.62161e-52 0
5.85444e-33 7.38554e-33 0
73.8773 8.69515 14.9346
1.20268e-15 5.07518e-15 0
1.13102 -3.45908 -18.173
1.63516e-61 2.53235e-60 0
1.60077e-56 -6.15311e-58 0
-3.20786e-82 -4.14171e-82 0
-8.19182e-06 -22.8675 10.697
6.15128e-28 -7.57879e-26 0
8.67373e-81 -2.92369e-81 0
4.49718e-77 8.14633e-78 0
-1.95085e-78 7.06796e-78 0
19.7336 -43.2012 26.9876
-45.643 -19.922 5.32825
-3.18352 7.8721 -9.98052
-1.528e-68 -1.22266e-67 0
-3.13508e-76 6.93728e-75 0
-1.31367e-05 -0.000104146 -11.5887
-3.34806e-06 -1.46586e-05 9.80024
-3.70603e-05 -0.000159817 -10.697
-6.99702e-81 -3.22975e-80 0
-7.04059e-37 -8.13222e-37 0
1.15884e-45 1.46668e-45 0
7.73068e-47 2.90312e-47 0
-8.78958 17.1224 2.67827
2.82804e-85 1.90514e-85 0
1.06529e-08 -1.26785e-08 0
1.25589e-78 1.25655e-78 0
2.12315e-15 -3.01736e-14 0
3.08244 25.883 -14.0947
-3.81574e-76 1.70697e-71 0
3.27328e-77 1.26883e-76 0
2.06423e-60 2.12545e-60 0
-9.44379e-80 4.1543e-79 0
2.6052e-81 -6.2053e-80 0
-8.00865e-16 5.24027e-14 0
19.8637 -1.46868 -17.3115
9.91927e-39 8.37906e-39 0
-2.65939e-68 -2.128e-67 0
8.44941 20.3054 -13.3088
3.54876 -19.1829 -6.19079
-5.69378e-46 -3.0828e-44 0
-2.87167e-69 7.2451e-69 0
3.09663e-52 8.39136e-52 0
2.11441e-85 -1.20321e-84 0
-10.1019 11.2685 -12.7936
-5.99917e-73 3.43753e-73 0
26.643 -44.6791 -12.9579
23.7681 -45.2123 -9.97816
-1.98065e-51 1.3928e-51 0
5.79141e-05 1.66507e-05 -11.5829
-3.08425e-06 2.40699e-09 9.81925
-8.27617e-05 1.11583e-05 -10.6802
13.3533 -14.306 -9.24169
-4.72006e-54 -2.02524e-54 0
26.6981 11.2354 -16.765
1.11403e-28 5.63955e-29 0
3.07158 -2.48862 -19.4678
5.26405 7.19992 -4.64269
22.0987 9.2585 26.4693
6.56 0.629289 -19.3938
-1.40327e-70 -5.47555e-70 0
3.35064 21.6895 -11.3796
-1.60242 12.3562 -12.4298
9.85825 -12.0385 -12.6945
-2.46002e-66 5.44352e-65 0
-7.42904e-69 9.19683e-66 0
-1.61211e-69 3.56727e-68 0
7.05552e-47 6.79084e-47 0
-1.50155e-74 -1.18111e-73 0
1.2571e-67 1.05242e-66 0
2.66335e-40 9.2456e-41 0
4.08955e-59 1.19446e-57 0
3.49715 -19.3079 -5.86819
1.78348 -3.10085 -16.0111
2.62614e-73 -1.18591e-72 0
4.65403 14.2448 -19.894
-4.33927e-73 -2.15814e-73 0
1.02176e-69 -2.58599e-69 0
-2.58157e-49 1.81536e-49 0
9.05977 65.3988 51.1479
5.91709e-44 -4.87181e-43 0
-6.19166e-71 -4.95434e-70 0
2.77611e-05 2.92285e-05 -11.5885
-3.29511e-06 1.46739e-05 9.80024
-0.000366701 7.9077e-05 -10.6967
-3.55429e-23 4.85836e-25 0
5.59881e-36 -8.82651e-36 0
-2.75899e-75 -2.20765e-74 0
3.20629 -12.1295 -1.4787
4.24286e-63 -5.8273e-63 0
-6.23661e-75 -2.25415e-74 0
-8.16255e-07 -1.65757e-06 0
-20.2481 -16.0499 -13.7409
-1.07772e-85 6.10031e-87 0
-1.23141e-05 27.7653 8.47246
-6.20529e-28 7.57809e-26 0
-3.10278e-82 -2.55651e-81 0
-7.8197e-77 3.0356e-77 0
6.79021 -2.14545 -18.9483
-25.5812 38.6105 21.488
-8.99465e-85 -1.05198e-83 0
-3.77246e-80 -1.66585e-80 0
3.2963e-32 -1.29042e-30 0
2.67137 32.4287 -19.648
-4.26335e-66 9.43391e-65 0
-3.71098e-85 -1.21623e-85 0
22.5198 -0.394698 -17.2813
-2.24713e-52 5.76969e-52 0
2.02947e-81 2.33831e-81 0
-18.3969 -33.0333 -20.3803
-8.72464e-77 1.93058e-75 0
-1.30982 -10.3611 22.8475
-2.45696e-47 -2.21432e-47 0
1.27528e-74 -3.15915e-74 0
-6.6823e-40 4.69901e-40 0
-4.56914e-65 1.1484e-65 0
-5.55891e-83 -4.44775e-82 0
-8.42632e-74 -6.7178e-73 0
-5.87172e-75 -5.25497e-74 0
1.07644e-81 -8.19572e-82 0
-1.00746e-74 -4.3563e-73 0
-1.85328e-61 -9.79283e-62 0
8.49204 -22.5977 -11.0025
1.36907e-38 1.5195e-38 0
-4.55121e-75 -1.96796e-73 0
-15.0259 -37.2544 15.6435
-7.30009e-84 -3.19988e-82 0
3.83736e-85 -2.92148e-85 0
5.40211e-87 8.26134e-86 0
2.13695e-87 -6.6508e-87 0
2.25048e-72 -4.15503e-72 0
-3.59835e-75 -1.55594e-73 0
3.09989e-73 3.31958e-73 0
1.68903e-18 3.32483e-19 0
1.75218e-31 -5.40336e-32 0
0.000297554 0.000653829 0
-5.74217e-51 4.03791e-51 0
-5.94785e-59 9.61209e-60 0
26.7795 3.15528 -14.2956
2.62048e-71 -2.04495e-75 0
1.14375e-82 -2.05661e-82 0
8.06517e-84 -2.07351e-83 0
3.62127e-31 -4.48565e-32 0
-1.02315e-38 -2.94033e-39 0
5.84673e-34 -3.70307e-34 0
6.62599e-23 -7.08065e-23 0
-4.34066e-28 3.05236e-28 0
-3.91282e-86 -1.90772e-85 0
1.03574e-61 1.40578e-62 0
-2.82673e-75 6.25497e-74 0
-4.22698e-82 -4.98045e-82 0
10.4705 50.5884 35.7546
-1.24968e-77 -1.4722e-77 0
-48.034 5.73399 -19.2554
-61.9421 40.0171 16.8616
-2.22732e-70 -5.54912e-70 0
-6.47998e-47 4.55674e-47 0
-5.75208e-70 -2.8608e-70 0
1.10584e-82 2.15226e-82 0
-6.57642e-85 -9.29582e-85 0
2.19954e-28 -9.13604e-30 0
13.3906 18.2135 -16.7748
-1.73054e-85 3.92562e-87 0
-2.44914e-82 -7.99957e-83 0
-35.5243 9.08852 -1.91952
-5.83816 32.7351 0.799432
1.31929e-48 1.1765e-48 0
-9.28336e-83 -6.26675e-82 0
-3.75865e-68 -3.00792e-67 0
11.5441 -9.37852 -11.5105
-1.46658e-73 1.81939e-73 0
25.8311 3.0891 -14.0711
1.71255e-71 6.70646e-79 0
1.12756e-81 -7.33539e-82 0
9.31426 27.6037 -17.5363
19.2956 78.5337 41.1446
7.64984 -5.55211 -17.1275
9.00444e-16 -4.70817e-17 0
3.85999e-15 -2.32409e-15 0
-2.50309e-08 -1.98099e-07 0
1.23146e-62 4.51829e-62 0
-5.13515e-85 1.14566e-85 0
-22.0407 -33.1994 29.5843
-74.2604 13.5122 15.6965
-13.6793 -19.3249 0
-3.03948e-34 -1.7989e-34 0
4.51406e-06 -7.74344e-06 0
-5.41987e-82 1.10172e-81 0
1.13025e-57 -9.0736e-58 0
-2.15327e-59 2.62233e-59 0
-3.96159e-71 -3.16647e-70 0
16.8199 17.7389 5.11518
-4.13006e-48 -3.79049e-48 0
47.1646 16.8057 30.2307
1.09878e-83 -1.1042e-83 0
6.12753e-87 -7.72072e-86 0
-8.60656e-87 5.14604e-87 0
9.00208e-67 -1.36445e-66 0
26.9848 -30.7864 24.7102
-3.32413e-78 -4.18782e-77 0
3.99509e-61 -1.59923e-60 0
-4.76819e-69 -2.06178e-67 0
9.49745e-83 -5.50424e-83 0
-2.22438e-28 7.88574e-29 0
26.9035 -1.1079 -13.9093
2.61696e-71 2.10327e-75 0
1.09652e-76 -3.03199e-77 0
-1.83011e-14 7.78939e-15 0
1.12127e-46 -4.35211e-47 0
7.98773e-68 -3.74144e-68 0
1.67279e-62 6.26563e-62 0
-21.6351 15.5345 -8.90007
2.40781e-33 -6.7e-34 0
20.4011 0.763433 -16.5947
2.39988e-60 3.71323e-59 0
3.86903e-73 3.1324e-73 0
1.64424e-84 5.49028e-85 0
-7.74529e-47 -4.21695e-46 0
5.28629e-69 5.65038e-69 0
-46.3578 -28.1932 -12.9865
3.83997e-71 2.5497e-71 0
9.66441e-79 3.34242e-79 0
-16.8712 -1.43209 -14.2651
4.04798e-45 -2.00099e-44 0
7.73651e-08 -2.11873e-07 0
-7.47268e-82 4.71454e-82 0
-1.40713e-85 1.40375e-85 0
-0.00696203 0.00293694 0
-5.40405e-49 3.80014e-49 0
-6.19004e-76 -9.42613e-76 0
-4.4468e-84 4.54445e-84 0
-18.0559 29.825 -13.3259
-3.28976e-27 -4.34309e-27 0
2.89342e-27 -5.1945e-26 0
5.04331e-77 9.54818e-77 0
-6.98425e-84 -3.47624e-84 0
-3.71797e-68 -2.975e-67 0
22.4611 5.96273 -10.9125
-1.15736e-25 3.11786e-26 0
-2.56362e-53 1.80274e-53 0
6.63475e-81 2.04888e-81 0
-1.52021e-40 -9.76233e-41 0
-3.73893e-84 -4.5037e-84 0
1.38358 0.158892 -18.8883
-6.96319e-45 4.89653e-45 0
20.2481 -15.5864 -20.0321
-2.72737e-28 5.72506e-28 0
-4.97306e-62 -4.33213e-62 0
-7.17468e-86 -5.9103e-86 0
7.88919 49.2032 -21.1025
0.813645 28.2802 -5.24595
6.45762 -4.89949 0
5.365e-85 -1.33401e-85 0
-15.5695 2.99832 0.387015
5.67964e-81 -1.35333e-79 0
1.06306e-79 2.31858e-79 0
5.77067 25.8315 -10.5247
2.39794e-42 -1.76062e-42 0
9.00232e-85 4.22703e-86 0
-20.1938 3.54292 -6.22516
-1.29367e-52 -4.53548e-54 0
9.59936e-68 7.77171e-68 0
6.54417e-80 2.36933e-80 0
4.2677e-28 -3.38798e-28 0
-8.23408e-46 2.90357e-46 0
-7.4697e-50 -1.32381e-49 0
-5.07573e-82 -2.37384e-84 0
-2.28115e-48 6.60204e-49 0
16.2079 -66.7619 6.9717
-9.763e-71 -7.81207e-70 0
2.9473e-77 6.52535e-77 0
-3.48432e-68 -4.46127e-68 0
1.73925e-86 -1.75603e-86 0
-3.1224e-68 -2.49844e-67 0
-9.3928e-71 -7.51579e-70 0
4.19116e-28 2.16376e-28 0
-2.37819e-76 -1.18279e-76 0
-1.49521e-86 -1.03339e-86 0
-1.40891e-83 -6.82869e-84 0
-7.0034e-62 4.92481e-62 0
-6.74921e-40 4.74606e-40 0
14.5851 10.8528 8.41891
-4.75156 11.9609 -11.866
1.31693e-85 -4.93054e-86 0
-1.13595e-78 -1.72981e-78 0
44.1794 62.6472 -4.62462
-72.5843 -15.6698 -14.8358
-2.2435e-23 3.43412e-23 0
7.46424e-42 -1.78799e-43 0
-4.26785e-24 2.21329e-23 0
-3.55379e-86 2.96991e-86 0
-5.78785e-70 -2.50269e-68 0
-19.2472 3.50233 -5.85603
-12.2881 -0.278288 -17.2004
1.64113e-41 -1.72329e-41 0
8.96021e-38 -1.23839e-36 0
-8.37916e-83 -4.49473e-84 0
-2.29038e-08 -4.70247e-09 0
-9.21435e-19 -5.66666e-19 0
2.31856e-81 1.97269e-81 0
-8.16185e-60 -9.5305e-60 0
6.12657e-40 -4.37287e-40 0
2.27868e-60 3.52569e-59 0
2.5375e-81 2.1164e-81 0
10.2759 -15.6474 -9.92036
2.73072e-60 -4.56794e-60 0
-3.21728e-68 -2.57435e-67 0
-10.8035 -6.1006 -3.96146
-1.15151e-80 1.05759e-80 0
-8.79172e-27 7.20774e-27 0
-2.85294e-40 2.00619e-40 0
69.4988 -63.9917 8.97161
-1.37582e-75 -1.10235e-74 0
4.28961 -14.8137 -10.135
25.6822 -69.7875 -20.3087
-2.45253e-83 2.62407e-84 0
-36.7025 55.1996 39.2702
-2.53862e-66 -1.26258e-66 0
-4.24788 -60.9924 -0.602797
12.0301 -21.1818 -18.204
8.65143e-58 1.3386e-56 0
1.19501e-29 -1.26957e-28 0
-94.675 -26.7877 -18.8289
-1.02841 0.652019 3.13271
1.10814e-69 -2.57164e-70 0
-20.1213 -0.88171 -4.95025
-2.13276e-24 1.83804e-26 0
9.84001e-70 -1.20573e-69 0
-35.0462 -0.818983 -12.6272
-2.65936e-14 -3.80046e-14 0
9.80712 0.844468 -14.9215
-20.6934 -11.0447 -19.9619
1.71801e-61 2.6582e-60 0
1.32348e-60 2.1178e-59 0
-1.99155e-55 1.40046e-55 0
-8.14373e-55 5.72669e-55 0
-2.50141e-85 2.41097e-85 0
-2.92875e-87 -1.7845e-86 0
1.41314e-74 2.28488e-74 0
1.118e-60 9.53857e-61 0
-2.29902e-83 4.67702e-83 0
-5.09835 9.51517 21.3926
-5.13103e-24 -2.03713e-24 0
20.8275 -49.9232 2.18892
-6.75634e-33 4.75107e-33 0
-6.11868 -3.35669 3.0767
-4.25286e-48 2.99062e-48 0
-4.69789e-24 -5.28956e-24 0
5.09952e-80 -1.16866e-79 0
-1.01007e-55 7.10285e-56 0
1.61146e-73 -4.37568e-73 0
2.20484e-34 1.54406e-34 0
-1.04984e-77 -3.03772e-78 0
-8.60758e-62 6.05287e-62 0
-2.07803e-62 1.46127e-62 0
-8.72865e-84 -1.28176e-83 0
-9.83744e-49 6.91771e-49 0
1.7821e-89 -8.76641e-87 0
2.48786e-83 -1.41084e-82 0
-3.5655e-77 -2.79396e-76 0
1.36986e-85 -2.35073e-84 0
-9.26438e-53 1.30151e-51 0
-6.7459e-87 -1.13817e-85 0
27.0455 -36.7609 -1.42011
-2.3098 17.4951 1.68261
-5.16306e-79 5.15759e-78 0
-11.6209 33.1934 -11.5894
3.19535e-55 -5.38361e-55 0
3.19699e-79 2.80169e-79 0
5.53252e-06 -22.857 10.7032
6.15706e-28 -7.57883e-26 0
-102.001 58.985 -15.9561
60.9368 -167.635 57.4464
-6.95273e-73 1.5385e-71 0
9.90807e-62 1.53294e-60 0
1.46877e-65 1.26455e-65 0
3.95746e-43 1.11519e-43 0
9.46176e-40 2.73892e-40 0
2.44679e-60 3.79258e-59 0
-7.9311e-06 -9.83386e-06 -11.5883
3.61083e-08 -1.45623e-05 9.80112
-8.50373e-07 -4.39052e-05 -10.6965
-21.4516 15.5952 -4.5593
1.84416e-45 -3.97035e-45 0
-1.68588e-76 3.42688e-76 0
4.71398 27.0474 -4.73496
-48.5748 31.7796 28.8004
5.54068 20.7197 -15.4367
7.98597e-45 3.62579e-45 0
17.7046 7.66888 -10.9114
2.55332e-16 -3.49015e-15 0
3.08354 25.871 -14.086
-7.09936e-76 1.71149e-71 0
4.34512e-21 -9.37061e-20 0
1.08237e-62 4.10343e-62 0
-1.06531e-57 7.49125e-58 0
5.51352e-62 6.29689e-63 0
-0.354994 -0.170681 -15.9035
30.0206 29.5159 -0.888331
74.3451 -92.9605 -2.20296
-1.2049e-78 -1.19222e-77 0
8.72988 19.9198 -12.1451
3.55115 -19.166 -6.1859
-5.68961e-46 -3.0828e-44 0
8.24357 -42.3058 -7.2675
6.81491e-61 1.05444e-59 0
-2.0723e-85 2.50514e-85 0
-8.81459e-25 -4.25107e-25 0
8.2723 -46.9033 -20.5524
-2.48937e-74 -1.99192e-73 0
-0.15106 -39.2773 -15.997
21.4248 14.6069 -15.0788
6.23342e-05 1.78915e-05 -11.582
2.07299e-07 5.42593e-08 9.82018
5.24096e-05 1.50418e-05 -10.6794
-4.05411 -5.55198 -14.7449
-4.63724e-75 -6.95766e-75 0
46.8872 -41.4588 -2.40913
4.97398e-37 -4.9519e-38 0
5.38228 -0.117681 -18.8425
2.48209e-69 2.65848e-69 0
-13.0983 15.4649 3.35976
2.64063e-63 6.97121e-63 0
-6.36015e-69 -5.08999e-68 0
3.35341 21.6734 -11.3724
-1.55853 12.4502 -12.4504
3.35403e-71 -9.3342e-72 0
26.2296 0.625665 -9.56985
4.65046e-87 1.09584e-86 0
-2.75641e-24 1.93831e-24 0
-8.24817e-07 -1.23839e-06 0
-1.38054e-81 -1.62024e-80 0
-9.65922 48.7466 22.5752
-9.17101 28.7163 17.1604
2.18187e-55 2.77721e-54 0
3.49842 -19.2928 -5.86074
1.78676 -3.10461 -16.0076
-1.26528e-74 9.94418e-75 0
1.36731e-15 4.47998e-15 0
3.66162 25.891 -18.4392
9.90308 15.6197 -11.2263
-1.01163e-85 7.09666e-87 0
-6.35081e-48 -2.26004e-47 0
-8.04907e-17 -5.55083e-16 0
5.82855e-69 -2.53839e-69 0
5.49666e-05 1.5932e-05 -11.588
3.13136e-05 2.35756e-05 9.80122
-2.31622e-05 4.91759e-05 -10.6963
2.4883e-54 2.30749e-54 0
-3.40398e-75 -2.71809e-74 0
3.00392e-36 1.1648e-35 0
-23.4161 -29.6362 -14.1871
-9.32189 -20.2264 21.5354
-4.5575 -14.0023 -15.2868
-2.82207 15.5978 -1.05289
1.43738e-59 1.47075e-59 0
-3.09414e-59 2.17866e-59 0
7.26937e-06 27.7557 8.47971
-6.1502e-28 7.57878e-26 0
-5.46977e-83 -6.04357e-82 0
-7.99876 16.5078 -17.4426
-3.32756e-86 2.70757e-86 0
-9.14228e-75 -6.36685e-73 0
3.85849e-51 1.07102e-50 0
-3.974e-76 -1.08746e-75 0
2.19918e-61 4.86303e-61 0
1.7351e-73 1.49385e-73 0
-1.92525e-65 4.26018e-64 0
-61.2213 -28.4237 -0.651894
-6.09648e-43 -4.20629e-41 0
31.0596 35.7561 33.4998
-5.05123e-84 -3.92454e-83 0
19.1317 -0.472108 -16.334
7.23699 51.0205 -17.91
-17.7577 -29.3329 10.6053
3.0608e-77 -1.38219e-76 0
6.79945e-87 1.19607e-85 0
8.03373e-85 2.01223e-85 0
1.82579e-58 2.82495e-57 0
-3.74157e-83 -2.44263e-84 0
1.04412e-57 3.92882e-58 0
2.15607e-83 -3.01023e-83 0
-4.71221e-75 -2.03757e-73 0
1.40405e-85 -8.70038e-86 0
1.85311e-30 6.52871e-30 0
-3.43087e-31 3.59585e-31 0
-8.54807e-65 3.69822e-65 0
4.73516e-17 -3.45122e-17 0
3.32972e-67 2.94098e-67 0
1.99582e-38 -1.58441e-38 0
4.59234e-85 -3.50226e-85 0
2.5763e-84 3.18641e-84 0
8.21237e-87 -2.1721e-86 0
4.04014e-86 -7.21238e-85 0
6.80541 32.2833 -19.9238
-9.27283e-85 4.31599e-84 0
1.88282e-22 4.40826e-22 0
1.05872e-36 -4.8792e-37 0
5.60765e-81 4.26552e-80 0
2.35931e-69 2.5258e-69 0
-4.94719e-75 -2.04337e-75 0
26.7792 3.15674 -14.2947
2.61802e-71 -1.32228e-75 0
5.38063e-85 4.69021e-85 0
6.72961e-69 7.20766e-69 0
-7.91649e-76 -3.32038e-74 0
-23.8512 -5.48275 -15.0485
-2.53583e-30 -8.67011e-30 0
-22.53 14.9536 -16.3243
42.5976 -28.7378 -10.387
-4.58057e-55 3.22107e-55 0
-1.48979e-70 -7.45331e-70 0
2.34545e-82 5.29208e-82 0
-1.38123e-85 -2.82521e-85 0
-17.1699 27.7605 -3.87736
-11.0076 17.4418 3.80291
2.04263e-58 3.16046e-57 0
-1.91548e-78 4.99214e-78 0
5.20992e-63 -8.03681e-63 0
-9.50595e-59 6.68736e-59 0
-6.73406e-86 -8.19583e-85 0
9.83245e-82 1.37679e-82 0
4.20505e-67 5.84912e-67 0
3.18861e-39 1.04557e-40 0
13.375 18.2204 -16.7737
-1.73563e-24 1.23713e-24 0
-6.40094e-51 4.50116e-51 0
1.60893e-56 -1.12176e-56 0
7.6836 31.4507 -9.01745
-3.48085e-74 -6.68798e-73 0
3.80497e-56 -2.53931e-56 0
27.8596 -25.1438 -14.3467
-57.1896 15.2698 -18.0472
-7.04104e-45 4.95128e-45 0
25.8338 3.08933 -14.0711
1.70965e-71 2.15382e-76 0
-3.94607e-77 -1.47648e-75 0
-23.2804 8.85692 -9.7272
2.43705e-80 -2.12678e-81 0
1.03108e-62 3.86205e-62 0
7.89379e-49 6.88867e-49 0
-5.46532e-37 3.84322e-37 0
-5.22897e-77 -6.47427e-78 0
-8.30971e-82 -1.00549e-81 0
26.3284 47.4373 27.5442
-41.4262 -66.4223 10.1662
-74.2775 13.72 15.6138
5.39153 -49.8175 -12.8058
-2.44372e-38 -3.72513e-38 0
1.04039e-53 2.28049e-54 0
-10.6648 2.99293 -18.4427
4.99811e-58 7.73334e-57 0
3.15051e-56 -1.73033e-56 0
-1.22382e-55 8.60592e-56 0
2.30515e-59 3.56665e-58 0
2.17744e-64 3.31777e-63 0
47.7331 13.5992 28.3195
3.47451e-82 -3.7288e-82 0
-3.35493e-84 -4.42236e-84 0
4.81116e-69 4.1422e-69 0
25.6776 -39.8946 -0.755325
-9.38101e-62 1.21546e-61 0
3.82567e-42 8.43686e-42 0
-1.69872e-77 6.59428e-78 0
1.62338e-83 2.04046e-83 0
-4.63e-05 0.000135736 0
-9.51031e-49 6.68767e-49 0
26.9029 -1.10884 -13.9085
1.70924e-71 1.28468e-75 0
0.493462 0.26733 0
-0.0282876 -0.818659 0
18.466 -7.79839 -3.06509
3.67771e-86 -4.25979e-87 0
45.8771 -13.2008 -16.1225
1.18582e-40 -1.04423e-41 0
-8.98361 -37.9917 -17.515
-1.13411e-57 7.97507e-58 0
2.31822e-60 3.5871e-59 0
6.02948e-73 4.88151e-73 0
1.64339e-84 5.41288e-85 0
-4.30405e-46 -2.36603e-45 0
-1.77608e-78 -7.78463e-77 0
3.26789e-27 -4.40336e-28 0
2.15131e-75 2.30387e-75 0
1.06412e-06 -8.82537e-08 0
-3.95709e-84 -7.85353e-86 0
-1.22635e-55 8.62374e-56 0
-3.12593e-59 3.28618e-59 0
16.8705 92.1715 33.0292
-1.12443e-84 5.82244e-85 0
-16.7184 -29.6311 12.7842
3.46972e-71 3.7163e-71 0
-7.59318e-30 -1.95364e-29 0
54.0754 -26.8702 -2.27858
5.40577 -9.63593 -19.052
7.17598e-12 -1.01003e-12 0
-8.44444e-28 1.20157e-27 0
-2.36444e-58 1.66268e-58 0
8.47059 -37.7094 -20.4155
-1.40135e-74 -6.05947e-73 0
-2.67612 -29.1643 -17.5537
-35.9259 52.0202 8.57469
-6.58718e-79 -5.27179e-78 0
-4.53337 -5.92488 -3.23095
-1.24412e-79 -5.37961e-78 0
3.68451e-62 5.70088e-61 0
-1.25496e-58 8.82846e-59 0
1.24541e-78 -9.4814e-79 0
3.64133e-15 -1.82334e-15 0
4.59209e-34 2.55366e-33 0
-7.76605e-74 -7.07956e-74 0
-7.17461e-86 -5.91021e-86 0
0.526443 3.70946 0
0.836565 27.5693 -5.44778
-1.67004e-61 9.65478e-62 0
26.894 27.6087 -19.8974
58.9964 -13.3456 -2.12361
-1.44521e-38 -1.25275e-38 0
-19.3964 9.53591 -8.57027
4.33066 13.2316 -1.65373
1.46487e-81 5.62711e-82 0
2.17845e-86 -1.65774e-86 0
-20.1927 3.54252 -6.22526
-1.70601e-71 -6.02138e-76 0
2.09884e-36 2.56715e-36 0
-8.86692e-69 -3.83427e-67 0
3.39958e-31 8.883e-32 0
12.0725 -31.0308 -18.4682
7.09897e-29 -1.06042e-29 0
-3.12752e-62 2.19928e-62 0
0.587572 32.2425 -6.72132
1.99831e-27 -2.68996e-27 0
1.74058e-75 1.86187e-75 0
-1.47412e-49 3.64829e-49 0
-1.92711 12.8326 -11.0256
1.06535e-86 -9.9216e-87 0
-1.04906e-58 7.37981e-59 0
-34.8986 -17.1273 2.05367
1.34404e-60 2.07956e-59 0
2.43863e-31 8.55554e-31 0
2.62451e-64 8.01594e-64 0
-2.39172e-30 5.40223e-30 0
-2.12367e-43 1.49337e-43 0
-1.8166e-55 1.27744e-55 0
14.6589 10.9315 8.35312
-15.6139 12.2384 -15.5719
66.0898 -44.4352 -5.48609
-3.1136e-74 -7.6125e-74 0
8.42124 62.4422 -12.5539
3.48665e-21 1.81427e-20 0
5.42831e-33 8.42613e-33 0
1.85488e-70 6.17724e-71 0
-1.54529e-78 -2.35315e-78 0
5.70092e-85 -4.34627e-84 0
8.89217e-61 1.37584e-59 0
-19.2471 3.50233 -5.85554
-1.70596e-71 1.09585e-76 0
-4.03878e-80 9.95589e-81 0
-11.7827 -1.24619 -1.73129
-5.42826e-83 -2.83336e-84 0
-2.12224e-79 -8.55661e-81 0
-2.48861e-49 6.54148e-51 0
-4.83818e-76 4.44356e-76 0
3.63395e-81 -3.08623e-81 0
-3.23141e-49 2.27233e-49 0
-1.27241e-42 8.94764e-43 0
3.71369e-64 5.73226e-63 0
-5.72568 -16.159 -11.9612
1.86054e-24 -5.862e-24 0
-6.81607e-26 -5.49198e-26 0
-18.3175 20.1808 -10.3122
-1.29497e-81 1.60649e-81 0
-4.94026e-69 -1.26595e-68 0
3.71206e-30 -2.23345e-30 0
-1.53825e-68 3.40897e-67 0
-5.3914e-74 -4.12783e-73 0
2.95112e-68 6.33816e-67 0
27.6587 -69.3952 -20.9544
-2.55622e-83 -2.59419e-83 0
13.4114 -23.5918 29.9374
6.72004e-63 -1.30461e-61 0
-44.7054 -20.084 -17.7658
-2.87272e-86 -3.15986e-85 0
6.56817e-61 1.01625e-59 0
5.84512e-58 9.04389e-57 0
-2.1346e-56 5.63118e-56 0
0.0549438 -13.7051 -17.7936
3.97433e-64 6.14929e-63 0
-20.1203 -0.881348 -4.95048
-1.70601e-71 8.73e-76 0
-2.795e-36 -8.62933e-36 0
-35.0452 -0.798811 -12.613
-4.48373e-85 -4.96477e-85 0
-3.66172e-85 -2.63936e-84 0
-3.54675e-70 7.84823e-69 0
-4.31567 25.1292 -5.12775
-1.2675e-76 1.57242e-76 0
-5.68254e-66 -1.74833e-66 0
-1.41581e-31 8.57509e-32 0
-2.5014e-85 2.41095e-85 0
1.98579e-86 1.79076e-85 0
1.71484e-86 3.35786e-85 0
-5.8948e-36 1.11541e-35 0
-6.41166e-63 1.41877e-61 0
51.4706 13.7145 17.2152
-4.11818e-44 2.89591e-44 0
5.28 -2.01028 -10.0977
22.1637 10.3432 -12.5387
-31.2159 -12.4057 -2.44621
-1.95002e-82 1.53241e-82 0
-1.27503e-83 1.85107e-83 0
-18.3211 -6.15407 -1.04785
-1.05247e-47 2.43093e-47 0
-1.81032e-74 2.36959e-74 0
-1.72871e-55 1.50311e-54 0
2.59021e-39 1.52535e-39 0
1.68893e-70 4.6662e-71 0
-9.87769e-72 -4.2714e-70 0
-5.75022e-82 6.67803e-82 0
6.75199 17.1228 -18.8704
8.67072e-87 -9.15383e-86 0
1.01419e-86 -1.72232e-85 0
-1.41134e-74 -1.21636e-73 0
3.13412e-86 -3.36168e-85 0
-2.05207e-52 3.0605e-51 0
-1.77348e-77 6.32776e-78 0
-1.85494e-82 -4.89763e-82 0
-2.14891 22.4361 -1.78615
-4.65412e-12 1.53856e-12 0
-11.5255 27.1999 -18.2475
-6.63017e-71 3.53799e-70 0
3.05548e-61 4.72761e-60 0
5.3696e-06 -22.857 10.7033
6.14753e-28 -7.57888e-26 0
-2.56161e-82 -1.71417e-83 0
6.73645 6.38114 4.90998
-4.23205e-72 2.47805e-71 0
15.9767 -43.1461 3.23504
-1.38809e-24 1.34974e-23 0
-1.43899e-42 -4.26662e-43 0
-5.63313e-27 7.21802e-26 0
11.1347 24.3104 -18.481
-8.68036e-05 -8.76231e-05 -11.5882
1.01054e-07 -1.45374e-05 9.80113
6.18511e-06 -0.000260759 -10.6961
5.62487e-07 -5.80346e-07 0
-1.55156 -2.13875 0
3.59329e-14 7.9962e-16 0
7.00716e-52 2.51086e-52 0
-12.0927 -16.3298 -19.5705
14.7803 9.50333 -18.9349
-2.10569e-20 1.73551e-20 0
4.41973e-75 1.35365e-74 0
1.06726e-16 -1.47542e-15 0
3.08576 25.8718 -14.086
-2.29814e-73 5.94897e-71 0
-3.91704e-66 -1.61637e-65 0
3.23565e-62 1.21195e-61 0
-1.85385e-73 4.10219e-72 0
1.08112e-62 1.67158e-61 0
-8.45336e-82 -3.41621e-81 0
-0.000111403 -5.12263e-05 0
3.0256e-83 -1.70884e-82 0
9.94166e-76 -4.59551e-76 0
7.90516e-79 -2.64049e-79 0
3.55138 -19.1658 -6.18602
-5.68999e-46 -3.08276e-44 0
1.53886e-74 2.81939e-75 0
-3.38713e-58 1.15651e-57 0
50.3571 -0.0577808 64.2258
8.37794e-84 -2.61208e-83 0
45.3487 -7.02588 2.58583
-7.94741e-75 -3.43649e-73 0
-4.50542 -36.983 26.4486
-1.59455e-63 -7.9305e-64 0
5.87202e-08 -2.17774e-07 -11.5824
5.80211e-05 1.6704e-05 9.82037
4.04241e-05 -2.34652e-05 -10.6796
3.65827 23.4749 1.62265
-4.05588e-10 2.33378e-10 0
-1.97797e-74 -1.57994e-73 0
2.18615e-37 -1.92512e-38 0
5.58867 0.981769 -19.3609
30.1219 39.0461 20.632
10.6746 24.3283 -3.48195
4.00663e-63 4.29137e-63 0
-1.37476e-72 -5.68718e-71 0
3.35377 21.673 -11.3726
-1.5585 12.4502 -12.4504
9.05447e-59 -1.49336e-58 0
-1.71633 0.781376 -10.4509
-5.53225e-84 1.7126e-82 0
-1.07881e-84 1.26048e-84 0
-1.45582e-50 -1.69104e-50 0
2.12723e-60 3.29137e-59 0
-6.02373e-68 -4.81999e-67 0
2.05966e-33 -9.21984e-34 0
2.71561e-63 3.86829e-62 0
3.5006 -19.2934 -5.85959
1.78891 -3.11016 -16.0079
5.0593e-83 -8.42363e-82 0
3.9754e-18 1.27311e-17 0
-2.60457 48.9793 -19.6132
1.50363e-78 -4.66818e-78 0
-1.90711e-24 1.34109e-24 0
-2.10659e-82 -2.35375e-80 0
2.97815e-49 -5.96644e-49 0
7.43944 -34.7302 -5.55215
1.6011e-07 6.26036e-08 -11.5883
0.000150572 5.79152e-05 9.80161
1.41292e-07 3.83204e-05 -10.6965
7.06285e-30 -1.96532e-30 0
-3.30168e-75 -2.64166e-74 0
-25.6882 54.9643 -13.3119
-71.8796 3.14543 -12.017
4.46401e-84 -1.92826e-83 0
3.58282e-79 3.56052e-79 0
-7.65963e-44 5.38627e-44 0
-8.71679e-69 -6.92694e-68 0
-4.6551e-84 -5.22793e-82 0
0.000121383 27.7559 8.48006
-6.14662e-28 7.57895e-26 0
3.26206e-84 -1.54295e-82 0
-4.14019e-72 -3.30986e-71 0
4.25157e-56 -4.3109e-56 0
-2.26576e-31 7.32035e-32 0
1.01804e-78 8.32604e-79 0
-2.82778e-74 1.10764e-74 0
1.12329e-85 -4.27648e-85 0
-11.4895 14.4698 -12.226
-1.05503e-65 2.33456e-64 0
7.33936e-87 -9.0149e-88 0
1.96703e-85 1.61248e-84 0
-1.19033e-33 1.20109e-33 0
-1.14109e-79 -1.30673e-79 0
-9.59032e-84 7.62304e-84 0
7.82941 59.8127 -15.2476
-8.9524 -19.2488 -11.3819
5.24917 20.4564 24.0375
2.99164e-73 -3.88486e-73 0
-6.54972 -18.01 37.021
-4.07577e-77 -4.8015e-77 0
-2.82232e-18 -3.61384e-19 0
0.0329202 -0.00273026 0
-59.203 19.1008 -12.6125
8.88048 -20.3067 0
38.2993 25.758 12.2119
-84.3951 9.87694 8.31963
1.49723e-38 1.0552e-38 0
-1.43823e-37 6.08287e-37 0
-9.33502e-38 1.18967e-38 0
2.47538e-68 -4.66265e-68 0
5.83237e-35 -4.63011e-35 0
3.884e-85 -2.95884e-85 0
8.62469e-88 8.06601e-86 0
-9.46021e-65 -2.08763e-64 0
1.36429e-84 -1.0226e-83 0
-5.34517e-77 -3.02789e-77 0
9.26296e-75 -2.13233e-75 0
-13.8014 -3.37572 -2.17151
8.60035e-40 -2.79847e-40 0
-3.37235e-68 9.35377e-68 0
-3.94244 3.44696 0
2.77663e-23 -8.08453e-23 0
26.7783 3.15892 -14.2962
1.70946e-71 -4.67046e-76 0
-2.01723e-43 -2.01311e-43 0
1.17357e-75 1.25696e-75 0
-1.34906e-24 -6.76816e-25 0
6.98644e-20 8.83428e-20 0
1.91212e-56 -2.37094e-56 0
-1.1324e-39 -1.22004e-39 0
3.20168e-67 4.93563e-66 0
1.05362e-77 -1.30348e-77 0
6.14991e-78 6.58696e-78 0
5.72386e-80 1.30263e-79 0
-3.38894e-88 -2.30453e-87 0
8.05027 21.5224 18.0678
9.38862e-55 1.6766e-54 0
-2.28828e-85 6.76283e-84 0
-9.30393 -111.773 -0.487187
-7.70921e-71 -4.9132e-71 0
3.1444e-73 3.36601e-73 0
-9.05154 -26.1392 29.096
6.96743e-82 -4.48773e-82 0
14.6011 34.6588 -19.9373
6.49074e-38 3.79424e-39 0
12.6378 17.863 -16.7314
-2.04229e-25 1.4517e-25 0
-3.0425e-68 -2.43455e-67 0
5.96253e-36 -2.81058e-35 0
-34.5329 -8.21721 -4.3546
-36.233 3.22998 -20.3479
-6.59e-58 4.6341e-58 0
-1.2015e-57 -4.44644e-57 0
4.48718 -7.75902 -20.4719
11.3655 42.4442 -18.2115
25.8304 3.08884 -14.0753
1.70713e-71 4.35973e-76 0
-14.2496 13.2446 6.29138
-2.07868e-41 -2.04378e-42 0
1.61989e-41 1.17352e-41 0
5.90344e-31 -2.42434e-31 0
-1.3517e-23 -6.90326e-23 0
-4.25514e-82 -1.97914e-82 0
8.24476e-86 7.40894e-85 0
-37.6749 35.7307 46.7621
-8.0647e-55 5.67112e-55 0
-8.36918e-69 -3.61886e-67 0
-1.2703e-70 -1.01646e-69 0
-8.68952 -46.4894 -8.71036
13.1665 63.0413 9.00156
-2.64558e-38 -1.58214e-38 0
-6.53599e-41 2.72414e-41 0
-57.3219 -8.89754 23.5598
1.70207e-34 -6.03723e-35 0
-3.0277e-86 1.08484e-86 0
16.6367 -95.5504 1.68788
31.0764 -19.4224 34.7
42.4998 16.1049 39.3922
-1.40607e-59 8.88829e-60 0
-6.03841e-67 -3.0032e-67 0
-8.2791e-45 5.82188e-45 0
27.8392 -7.79019 -19.7948
-7.81044e-23 1.82178e-22 0
43.2668 -3.26147 4.32287
21.7489 73.1723 3.29118
30.3327 10.4925 13.2037
-36.8083 22.4686 4.49306
-4.74869e-68 -3.79984e-67 0
26.9021 -1.11056 -13.9098
1.706e-71 1.13079e-75 0
3.99195e-66 4.2755e-66 0
-24.2895 -4.58296 0
-3.61583e-45 -3.31854e-45 0
3.13847e-72 2.77206e-72 0
38.4522 76.352 -4.64161
17.7253 -30.492 -11.1673
-0.0597262 16.9946 16.8644
-35.2316 -48.9495 63.4293
-2.19451e-77 2.72243e-77 0
9.13084e-74 7.39239e-74 0
2.50336e-84 1.01579e-84 0
-4.26551e-46 -2.36593e-45 0
3.98377e-38 -3.31482e-38 0
6.16031e-33 -4.63425e-32 0
-14.8382 -38.3533 -18.8022
-5.50318e-55 3.86985e-55 0
34.1277 20.3963 3.10153
1.35128e-38 8.02477e-39 0
37.2676 6.67981 -16.1351
7.12133e-84 -2.6845e-83 0
-5.46383e-85 1.83852e-85 0
0.00721608 -0.0171556 0
2.68179e-60 4.14979e-59 0
-3.98628e-69 8.82082e-68 0
3.80295e-79 9.52264e-79 0
2.01851e-83 1.53571e-82 0
1.74418e-25 -1.8812e-25 0
-1.1919e-81 -1.5392e-81 0
1.41285e-45 4.4977e-46 0
156.869 18.3441 -12.2859
1.98054e-65 7.41834e-65 0
13.6175 -36.8336 -7.341
7.81978e-38 -4.53475e-38 0
-1.99372e-77 -1.57686e-76 0
-24.8678 -46.6022 21.496
-2.58458e-84 -3.73072e-84 0
-1.86986 21.7239 -13.6392
-1.59202e-30 2.58827e-29 0
-1.48884e-46 8.34905e-47 0
-2.72959e-81 -4.09543e-81 0
-4.63809 20.1112 -16.8976
-1.01612e-72 -9.30582e-73 0
-7.1745e-86 -5.9101e-86 0
0.526643 3.70949 0
0.852899 28.2822 -5.22471
-27.6204 -4.21257 -19.9654
-8.04353 -1.93313 -16.8681
2.33811e-86 -1.37019e-87 0
-3.51445e-82 -4.15009e-82 0
-6.41179e-71 7.95426e-71 0
-6.27579e-18 1.37976e-18 0
-3.81505e-72 -1.64648e-70 0
-1.01873e-52 8.42257e-53 0
-20.1927 3.54061 -6.22308
-1.70924e-71 -4.42273e-76 0
48.6095 20.538 3.22241
8.4011e-82 1.83742e-81 0
-1.83173e-85 -3.25188e-86 0
-5.8494e-40 2.72317e-40 0
2.64018e-63 4.085e-62 0
-5.01518e-49 -6.46261e-49 0
10.5842 47.2723 58.3537
-6.43866e-06 -2.08725e-06 0
-1.84561e-71 -7.98046e-70 0
-3.53254e-49 8.62357e-49 0
-1.62517 -22.1287 -15.3006
3.51291e-84 -2.6749e-84 0
-4.80908e-36 3.38176e-36 0
0.000123559 -5.09779e-05 0
-4.23018e-78 -4.98342e-78 0
-1.4062e-76 -6.08045e-75 0
4.70334e-55 7.27726e-54 0
-1.38187e-85 8.83547e-86 0
-4.36781e-72 -1.88869e-70 0
-2.75033e-72 -1.18925e-70 0
14.8321 9.92549 6.08667
-16.0386 12.1195 -15.6487
7.231e-37 -2.44502e-38 0
-2.42465e-80 -5.59803e-81 0
3.05732e-62 -2.41157e-60 0
3.21489e-70 2.76788e-70 0
-70.4038 -5.99436 14.8274
-23.9651 -23.0219 -19.1617
-35.1143 -24.4936 -18.9958
25.0002 -3.04171 -10.6666
-5.57905e-33 3.9232e-33 0
-19.2479 3.50289 -5.84978
-1.50752e-41 -1.26427e-42 0
-6.91248e-72 3.38848e-72 0
-6.54837e-38 4.60483e-38 0
-1.09445e-32 5.7765e-34 0
-2.20134e-70 -1.09484e-70 0
-1.06275e-49 2.79316e-51 0
6.55006 10.9823 -15.1351
-25.7544 -21.5672 -8.49461
29.6581 -19.4687 -10.0302
9.53305e-68 1.475e-66 0
1.89876e-67 2.88713e-66 0
-6.28472 -15.7372 -11.8513
1.22547e-85 -6.4219e-85 0
5.52833e-57 -5.77862e-56 0
-8.59772e-82 1.74906e-81 0
-21.9275 -3.58842 -15.8684
-8.27791 2.61611 -7.45723
1.05879e-65 1.13403e-65 0
-37.5503 10.1854 63.2013
2.48565e-10 1.05954e-10 0
2.06293e-73 2.20906e-73 0
27.1439 -69.8447 -21.2272
-2.55469e-83 -2.59917e-83 0
-26.3266 1.70692 21.8236
1.06866e-21 -4.35916e-22 0
3.22676e-61 3.97748e-61 0
1.18878e-64 1.83951e-63 0
8.97825e-79 -2.99891e-79 0
-5.0851e-83 -7.19836e-83 0
-2.4858e-66 -4.15044e-66 0
4.00618e-58 6.19877e-57 0
3.34897e-58 5.1817e-57 0
-20.1206 -0.880114 -4.94894
-1.70924e-71 1.19852e-75 0
-0.00451988 0.0161661 0
-35.0583 -0.759372 -12.5685
-9.45178e-83 -9.19122e-82 0
1.45892e-70 2.35891e-70 0
8.92046 -65.2809 4.73917
11.9357 -8.21596 -14.2242
-1.18215e-54 8.14049e-55 0
-3.02224e-33 -3.67123e-33 0
7.46127e-66 8.45773e-66 0
-2.50137e-85 2.41092e-85 0
-1.67463e-87 6.43215e-87 0
4.31134e-62 2.55418e-62 0
-1.54061e-66 -5.56981e-67 0
-6.22791e-46 4.37948e-46 0
-8.76385e-10 4.81919e-10 0
-2.67458e-33 1.11304e-33 0
-6.58462e-28 -3.23305e-28 0
-1.87676e-11 1.08343e-11 0
-14.5447 16.0467 -15.8103
1.28933e-61 2.03677e-63 0
-2.5694e-20 -2.94896e-20 0
2.91855e-30 1.92192e-31 0
-2.17909e-80 1.74242e-79 0
1.28314e-55 -6.94877e-56 0
3.01997e-72 3.91488e-73 0
2.67551 72.5221 32.6696
-1.72121 -4.13152 -15.8069
4.40969e-69 4.72308e-69 0
-8.23871e-79 -2.50369e-78 0
-7.83746e-80 6.15965e-80 0
3.54871e-86 -6.54305e-85 0
1.9973e-86 -7.74612e-86 0
-2.55751e-71 -2.20456e-70 0
4.99743e-87 -4.00976e-86 0
-1.62451e-52 3.06852e-51 0
4.01407e-81 -3.21011e-81 0
-17.4103 -28.9263 -8.4851
0.853165 31.4896 -8.49909
1.24436e-67 4.63048e-68 0
11.5504 24.8132 -20.2289
-4.45392e-38 2.25501e-37 0
-3.69919e-72 -3.782e-71 0
5.22519e-06 -22.857 10.7032
6.14788e-28 -7.57882e-26 0
9.83016 14.7298 1.19581
2.66422e-83 1.23331e-84 0
-7.94072e-74 4.238e-73 0
20.1638 -43.241 6.38802
6.31992e-67 6.76906e-67 0
-2.13116e-52 1.49864e-52 0
18.9939 -25.5728 -4.66689
8.10968e-15 5.2426e-15 0
0.000113316 -0.000113511 -11.5881
2.7495e-08 -1.45527e-05 9.80112
0.000151289 -0.000368197 -10.6959
2.02708e-37 -3.67682e-38 0
-7.06867e-41 1.38852e-40 0
23.8994 7.07456 -1.2643
3.09548e-50 1.16361e-50 0
-2.76576e-64 3.53979e-65 0
26.2961 -45.9424 -19.3282
7.88302 3.23697 -14.0483
1.53923e-27 2.38503e-27 0
1.22256e-17 -1.71512e-16 0
3.08811 25.8697 -14.0873
-1.20545e-71 2.2395e-69 0
9.9169e-84 5.55737e-86 0
1.73075e-62 6.48269e-62 0
3.61737e-72 7.22086e-72 0
16.9464 -11.1341 -9.18129
9.98902e-36 -1.99758e-34 0
-9.53757e-71 1.36316e-70 0
4.32256e-48 3.84751e-48 0
-1.62251e-76 -4.35002e-77 0
1.63091e-76 1.74301e-76 0
3.55147 -19.1659 -6.18644
-5.6909e-46 -3.08231e-44 0
-1.59108e-27 -2.47182e-27 0
-3.03619e-56 -6.48765e-58 0
-43.3474 -66.7524 41.3715
-3.60599 14.1047 -12.1052
15.34 19.0032 -20.9549
2.73827e-52 2.5102e-52 0
20.2217 -33.9459 3.51442
5.51084e-16 8.01063e-16 0
3.71123e-07 -3.6021e-07 -11.5824
2.02294e-05 5.82499e-06 9.82025
5.96075e-05 -5.15034e-05 -10.6796
1.09572e-75 -8.34267e-76 0
-1.52713e-23 5.34699e-23 0
-9.67575e-85 2.71477e-85 0
3.71988e-38 -4.21428e-39 0
5.27231 0.896337 -18.6186
2.61767e-74 4.95587e-74 0
17.0059 26.1167 2.87177
1.30033e-37 2.83442e-37 0
-8.71445e-80 -3.78185e-78 0
3.35398 21.6727 -11.3733
-1.55809 12.45 -12.4503
-1.11021e-51 7.80701e-52 0
-2.1204e-67 -4.37777e-68 0
4.71894e-86 -1.35078e-85 0
5.04858e-45 6.67137e-44 0
9.80678e-83 -2.87784e-82 0
-2.21728e-51 1.5592e-51 0
-1.20529 -0.141442 -19.9847
3.35525e-30 7.8704e-30 0
2.30042e-81 4.17988e-80 0
3.50234 -19.292 -5.86231
1.76906 -3.12375 -15.998
-5.5319e-75 -1.27721e-75 0
1.27145e-77 1.47316e-77 0
7.56435e-85 2.28832e-84 0
-22.3399 0.85553 2.49033
6.39169e-42 -2.36532e-39 0
-1.46069e-79 -6.32729e-78 0
-2.40278e-46 -2.72199e-45 0
-5.05268e-51 -5.31708e-51 0
2.07257e-05 -4.05362e-06 -11.5881
9.26488e-05 4.12167e-05 9.80142
4.01142e-05 4.73778e-05 -10.6963
-0.0115674 0.0541731 0
-93.9156 -46.0782 -18.442
-28.0742 -9.13249 -5.40796
-2.90137e-69 -2.57619e-68 0
-5.01616e-26 -1.02819e-25 0
17.6211 14.8957 -1.51367
4.26215e-72 2.7596e-72 0
-25.8794 -3.1492 47.3483
1.91857e-70 2.14694e-70 0
0.000108859 27.7559 8.47998
-6.14694e-28 7.57889e-26 0
-2.43468e-82 -2.48252e-81 0
-2.12688e-72 -1.6768e-71 0
-1.38258e-49 -1.85898e-48 0
2.56164e-56 -1.86822e-56 0
1.12693e-20 3.43983e-19 0
3.04817e-74 2.68425e-74 0
33.8939 12.2694 -0.796423
-5.69342e-69 -2.46185e-67 0
-1.86126e-68 4.11859e-67 0
4.89854e-87 -1.83639e-87 0
-1.53024e-46 -3.79888e-47 0
1.47701e-83 3.36071e-83 0
-1.00196e-79 -1.17903e-79 0
5.08332 -1.01063 45.1887
-2.36612e-73 -1.02312e-71 0
2.31421 -25.5964 -7.56394
-3.51571e-32 -1.29477e-31 0
-0.00608572 0.0119253 0
67.4174 100.593 10.6125
1.57887e-84 -1.20265e-84 0
-27.103 -28.4113 -12.0488
1.54678e-57 1.44205e-57 0
-2.45208e-75 -1.06029e-73 0
-2.18445e-86 -1.48823e-86 0
6.05164e-84 -3.34868e-84 0
2.58354e-81 -1.96707e-81 0
-8.76919 53.4191 -20.8446
-5.03751e-19 -2.1478e-19 0
-8.10911e-49 2.55923e-49 0
80.5288 -39.5992 -12.6401
1.23078e-31 -9.77074e-32 0
1.64729e-85 -1.24291e-85 0
-2.9522e-87 8.94608e-86 0
-2.97946e-78 -1.28833e-76 0
-9.51097e-84 -4.11892e-82 0
-2.82356e-12 -8.18679e-12 0
5.41774e-63 5.57843e-63 0
-1.96294e-25 1.38034e-25 0
3.66916e-76 -1.11681e-76 0
-8.11011e-80 -3.52998e-78 0
1.77316e-70 1.89892e-70 0
-4.37153e-09 1.20422e-08 0
26.7825 3.15956 -14.291
5.03537e-16 2.93842e-17 0
-1.6855e-29 -1.67245e-29 0
-1.72778e-13 -1.62924e-13 0
16.6087 69.8865 -15.1495
-22.962 -45.2556 36.7977
-57.0473 -1.45402 -15.0697
-34.2788 -6.93423 -15.3934
1.46874e-16 2.76052e-16 0
2.20787e-81 2.24996e-81 0
2.08165e-59 1.93039e-59 0
-19.5393 -51.2516 5.34559
-1.27144e-68 -1.01737e-67 0
15.7651 55.3551 13.3097
3.91284e-67 8.27095e-67 0
54.1178 64.1372 51.314
-38.6486 -27.742 -15.8553
-8.09656e-56 5.69352e-56 0
2.81119e-69 3.01097e-69 0
4.41133 -54.8528 -18.5466
29.5969 -11.235 64.5601
-8.80913e-75 -3.80909e-73 0
3.90883e-61 1.43871e-61 0
-0.360763 19.7321 -15.5108
12.6406 8.57383 5.54283
-1.79151e-76 -7.74657e-75 0
-5.9662e-33 9.27112e-34 0
-1.86651e-86 -2.28822e-86 0
1.73628e-70 1.85941e-70 0
-1.09133e-75 4.74009e-74 0
-7.47277e-76 -6.1323e-75 0
6.952 22.6302 -1.13864
-9.19092 20.8152 10.5048
25.8334 3.08883 -14.0713
14.0203 0.064621 -18.3647
-6.49998e-29 -2.04448e-29 0
4.74834e-72 5.08579e-72 0
1.3745e-79 -1.2074e-80 0
1.2967e-79 -1.142e-78 0
1.45485e-22 -3.0903e-23 0
-61.3981 57.5849 -5.84943
-4.39841e-51 -2.29358e-51 0
-1.54063e-41 -3.82467e-42 0
1.26033e-05 2.13852e-05 0
-6.38964e-69 -2.7629e-67 0
3.62306e-80 6.85932e-80 0
23.9235 -40.641 -0.915381
-2.19561e-14 -2.24404e-14 0
-19.0799 -9.34329 -20.8476
3.38509e-81 2.01824e-81 0
3.44562e-39 1.60236e-38 0
1.73671e-36 -1.82035e-36 0
-4.77754e-69 -2.06582e-67 0
1.53744e-85 3.71917e-86 0
1.03716e-17 7.01454e-18 0
-112.503 92.8711 87.7506
3.72454e-39 -2.95677e-39 0
77.0382 -41.0646 9.16714
5.67355e-71 8.38076e-70 0
-4.76617e-87 5.94526e-86 0
2.66218e-84 -4.53165e-84 0
-42.7102 39.2855 -11.2121
2.69716e-50 -1.57388e-49 0
48.5398 35.7813 5.54911
1.82391e-08 -3.9626e-07 0
4.69233e-85 9.58558e-85 0
26.9067 -1.11184 -13.9045
3.38129e-50 1.45732e-51 0
-26.3071 41.6988 -10.4908
-1.05612e-74 -1.24418e-74 0
-15.7004 15.2354 -7.28133
-3.43255e-16 -3.67476e-16 0
-5.56622e-17 -1.51453e-16 0
3.14302e-65 -3.13696e-65 0
0.296782 0.137025 0
-1.39134e-76 -4.44077e-78 0
-2.76765 -12.8202 25.1519
1.20989e-76 9.79539e-77 0
1.74422e-40 2.98942e-40 0
-1.73743e-48 -8.74628e-48 0
-4.1775e-52 2.70402e-53 0
9.87417e-49 -2.28246e-49 0
-1.23758e-82 -1.68903e-82 0
-5.05353e-61 -1.94345e-61 0
6.48523e-05 2.82021e-05 0
5.41352e-15 1.31036e-14 0
2.89786e-76 3.10106e-76 0
-7.13241 -3.13529 -7.27276
-5.31268e-85 4.81168e-85 0
-1.26907e-77 6.17186e-78 0
2.6167e-49 3.31181e-49 0
10.3742 7.50305 -11.5693
1.76199e-61 1.51699e-61 0
7.03799e-84 3.39746e-83 0
-9.15581 12.9303 9.85938
4.00762e-85 -4.07763e-85 0
4.14401e-76 4.43423e-76 0
-2.57008 31.7926 -19.4581
-7.36834e-76 -3.18609e-74 0
5.39702e-77 -6.52281e-77 0
-4.70997e-77 3.70168e-77 0
1.5423e-51 -3.76004e-51 0
1.2948e-23 -2.51679e-23 0
6.19963e-86 2.27332e-86 0
1.54299e-86 -6.82557e-87 0
-3.01437e-78 -2.41188e-77 0
4.47403e-86 -1.05771e-85 0
7.65739e-34 -7.23635e-34 0
-8.57018e-83 5.43222e-82 0
-4.27027e-76 -3.91702e-76 0
-7.16689e-86 -5.87463e-86 0
0.343794 2.41195 0
0.818182 28.4004 -5.42134
1.03622e-40 -1.75658e-40 0
-9.17147 8.29276 -18.1955
0.00157672 0.00128355 0
3.846 36.2975 -9.48743
6.35524e-14 4.95981e-14 0
44.1307 56.317 -15.7651
2.32187e-29 3.70625e-28 0
1.07784e-66 1.15444e-66 0
-20.1937 3.54008 -6.22367
-2.6182e-71 -6.51645e-76 0
-4.3487e-60 9.60818e-60 0
-6.26769e-59 4.70841e-59 0
-7.43108e-78 -1.11495e-77 0
-3.54922e-67 -3.51987e-67 0
-2.40652e-19 2.59772e-20 0
-3.59201e-24 -9.31288e-24 0
-1.72049e-73 2.13439e-73 0
-9.17803e-60 2.24885e-59 0
-9.06954e-82 -3.92252e-80 0
-7.86377e-46 2.02593e-45 0
-12.6631 -18.0713 -14.6756
1.87779e-80 -3.25766e-81 0
8.45902e-65 -6.02362e-65 0
7.23312e-77 -4.83856e-77 0
-3.91966e-21 2.75631e-21 0
4.98572e-65 -9.01678e-66 0
22.4185 50.7559 -11.8981
-2.3755e-69 -1.02717e-67 0
26.9853 2.76418 3.07242
2.82714e-79 2.04483e-79 0
12.7237 13.0835 13.6229
-16.037 12.1114 -15.6448
-1.11887e-81 -4.37886e-82 0
4.82095e-47 9.89733e-47 0
2.20083e-54 3.43174e-54 0
-5.22907e-25 3.67709e-25 0
-3.02371e-84 -2.31805e-84 0
-8.45019e-22 -4.57985e-22 0
-1.0011e-61 -9.57582e-62 0
6.47887e-69 6.93915e-69 0
2.05483e-55 3.07758e-55 0
-19.2472 3.50253 -5.85023
-1.71247e-71 8.41192e-76 0
-5.65725e-80 -3.69322e-81 0
43.9455 28.4834 -16.7767
5.05876e-85 -4.15617e-85 0
4.11785e-22 4.08832e-22 0
-3.017e-54 6.93728e-55 0
8.11765 40.0939 -13.7611
8.78482e-86 7.58795e-85 0
-2.69058e-54 -2.20799e-55 0
8.75845e-58 1.35516e-56 0
1.92049e-74 2.05698e-74 0
-6.28886 -15.7272 -11.8478
54.1968 36.7936 -18.8691
-16.5115 -13.2177 -14.6901
4.39084e-60 -2.24626e-60 0
1.21753e-73 -3.38836e-74 0
5.30716e-64 8.21151e-63 0
14.3594 -19.7028 10.742
12.2928 -8.47059 -20.4479
-10.7332 -6.45357 -19.5917
-14.2569 -13.8483 -14.6348
7.34785 -70.6493 -19.2577
6.50315e-27 -1.19858e-26 0
7.54006e-82 -1.15253e-81 0
5.29712e-69 -4.30379e-68 0
63.7785 50.3172 2.58483
-48.2876 -73.3269 6.8044
-3.80322e-59 3.37909e-59 0
-5.18241e-80 -2.32212e-78 0
-3.16217 29.4735 -14.2889
4.37287e-67 4.68363e-67 0
-40.2254 26.3908 4.36629
-20.1224 -0.879517 -4.94944
-2.61815e-71 2.37889e-75 0
5.20123 27.7954 4.21231
-36.706 -0.467489 -13.972
-1.16156e-67 -1.1941e-66 0
9.49564e-86 -1.73309e-84 0
5.80032e-63 8.97457e-62 0
-7.17269 -13.605 -20.4705
-9.87476e-76 -5.32183e-76 0
-16.231 -2.39499 -15.3778
3.88564e-61 6.01207e-60 0
-1.62899e-85 1.55801e-85 0
3.44423e-86 5.01356e-85 0
1.37585e-63 8.11428e-64 0
-7.14286 1.92255 -20.9822
7.05223e-80 8.59833e-79 0
-1.90222e-72 -1.5221e-71 0
-8.89063e-71 -4.62588e-71 0
3.47587e-85 2.04366e-84 0
-1.53534e-45 1.07965e-45 0
-17.6645 -10.6045 -13.8218
-2.97491e-70 -5.54202e-69 0
-5.69193e-28 -6.26005e-28 0
-19.0428 -13.0205 -17.3923
-8.18404 -29.4416 7.18553
4.47957e-10 2.87117e-10 0
27.8653 -6.09243 -0.472895
3.44985 84.8599 -11.4563
48.9198 7.20713 -19.7454
9.00297e-75 7.75169e-75 0
0.23058 22.1345 -20.4919
12.8996 37.5418 30.6304
8.53385e-87 -1.55225e-85 0
1.056e-86 -1.2981e-87 0
-1.93106e-68 -1.66456e-67 0
2.40867e-81 -7.8267e-81 0
-9.02629e-54 2.33356e-53 0
3.15686e-86 -3.68338e-86 0
1.09428e-68 -3.91122e-68 0
8.78399e-84 1.25712e-83 0
12.6878 38.9281 -0.090898
-1.21837e-59 5.16798e-58 0
8.39389 43.0241 11.3375
-3.1896e-72 -2.55222e-71 0
2.08319e-05 -22.8675 10.697
6.20809e-28 -7.57811e-26 0
-4.63156e-45 3.25692e-45 0
2.0407e-83 -1.56069e-82 0
-1.4886e-65 3.29396e-64 0
-8.90167 -52.5901 4.27162
-6.03613e-63 7.47247e-60 0
-1.25851 -9.80868 46.2296
-21.2703 -21.379 28.2995
-3.35061e-52 -1.32527e-52 0
0.000210273 -0.000120174 -11.5888
3.35341e-06 -1.46571e-05 9.80024
0.000178373 -0.000149392 -10.6972
-1.83722e-24 -7.08833e-25 0
3.24736e-56 -3.30414e-56 0
-7.07601e-43 1.53792e-42 0
3.3028e-47 2.81543e-47 0
3.77317e-67 2.48247e-67 0
-6.96699e-25 4.89921e-25 0
-2.53856 30.3261 -5.5353
32.7834 -12.8663 33.811
3.57196e-19 -5.49731e-18 0
3.08698 25.8827 -14.0958
-2.82026e-34 6.38878e-33 0
-2.29698e-54 1.52966e-56 0
1.2752e-59 4.7764e-59 0
2.05821e-84 7.83623e-84 0
-8.28948e-54 -1.11908e-53 0
-3.68788e-48 1.12039e-46 0
16.2434 6.06211 -1.35243
6.97818 14.7796 -18.3154
-16.9971 -2.83536 14.76
4.38554e-79 -1.46486e-79 0
3.55122 -19.1828 -6.19149
-3.69511e-46 -2.00479e-44 0
-1.10898e-57 7.79878e-58 0
1.26354e-79 9.34977e-80 0
17.7103 1.04795 11.0437
-9.6518e-86 6.31907e-86 0
-9.73339e-45 -1.82335e-44 0
114.414 -14.1765 21.6399
4.80684e-83 1.87719e-84 0
-1.43999e-82 -1.42813e-81 0
7.84057e-07 -2.8946e-07 -11.5832
3.21071e-06 5.15037e-09 9.81925
2.05772e-05 -8.69087e-07 -10.6806
1.96904e-31 -2.2452e-31 0
2.94375e-38 -1.4385e-38 0
1.19534e-06 -3.53283e-07 0
3.76685e-21 2.94406e-21 0
3.14279e-10 3.09897e-10 0
-3.31356e-29 -3.79453e-29 0
-9.08444e-55 -7.5148e-54 0
-17.5399 3.10501 1.10557
1.02134e-64 1.58041e-63 0
3.3538 21.6889 -11.3807
-1.55718 12.445 -12.4495
-5.57291e-26 3.86945e-26 0
3.27552e-49 9.92903e-49 0
-5.75314e-67 1.06061e-64 0
1.41758e-72 8.93651e-72 0
6.22921e-24 -2.5874e-24 0
2.05313e-83 1.56901e-82 0
-1.49184e-62 -1.28595e-61 0
56.4447 -32.6105 -4.2648
20.005 26.9226 -8.48277
3.50085 -19.3078 -5.86907
1.94928 -2.91145 -16.1428
-4.34453e-77 -4.85414e-75 0
-1.18113e-65 2.6136e-64 0
10.8556 26.0251 -21.0956
-8.55201e-30 4.51374e-31 0
-4.62924 -19.1095 -19.2006
-0.181697 3.70652 -17.4675
-3.62474e-36 -8.34034e-36 0
-3.71373e-25 3.60429e-25 0
7.31271e-05 -3.01023e-06 -11.5888
3.90783e-05 7.6339e-06 9.80049
0.000188768 3.91302e-05 -10.6972
1.14746e-76 2.61137e-76 0
-2.24125e-72 -1.79337e-71 0
5.87544e-76 6.28963e-76 0
-1.85128e-15 -1.69468e-15 0
20.8975 0.627434 -10.5335
36.513 -51.1798 -5.77339
-1.70976 -29.8543 -13.5136
1.10636e-85 2.62374e-86 0
-6.73529 21.6373 -17.8604
1.90241e-05 27.7653 8.47247
-6.14813e-28 7.57863e-26 0
-4.52593e-83 -5.32584e-82 0
-2.81901e-77 -2.23404e-76 0
-5.94377e-61 -3.44845e-61 0
2.70324e-76 -2.90694e-75 0
-3.56204e-29 2.50483e-29 0
2.95974e-17 -7.50717e-19 0
-267.136 -113.771 100.516
-32.3297 -12.8921 -8.36626
-7.3169e-72 1.61908e-70 0
-7.06394e-86 1.21472e-85 0
2.10974e-85 1.58397e-84 0
4.32693e-84 2.28367e-84 0
-7.28023e-81 -1.05396e-80 0
-4.92347e-40 -8.74926e-41 0
3.20948e-84 1.2901e-84 0
-10.7946 -27.5071 0.647506
-1.03329e-44 -4.55177e-45 0
4.93337e-41 -4.10497e-41 0
-2.05564e-77 -8.88885e-76 0
1.55917e-70 1.66983e-70 0
-2.01319e-21 -1.65896e-21 0
-2.707 23.1979 -15.186
-7.17134e-72 -3.10091e-70 0
3.66894e-84 -8.26616e-84 0
1.15261e-80 -1.05827e-80 0
-0.00828536 18.1985 81.6265
-7.43722 -18.5685 -7.61916
-1.34973 24.0793 -16.5041
1.36915e-84 -3.36312e-84 0
3.59664e-76 3.85003e-76 0
2.64819e-35 -2.1023e-35 0
1.64812e-85 -1.2496e-85 0
-1.93937e-85 5.23058e-85 0
-3.05515e-84 -2.99004e-84 0
3.35114e-52 -1.13558e-50 0
5.02109e-79 -2.59226e-80 0
4.83245e-87 -5.84917e-86 0
35.9006 -10.559 -6.67996
47.7703 -0.771608 -16.8611
1.03989e-74 1.11379e-74 0
3.43711e-11 2.79835e-11 0
7.84448 -31.0843 -14.5008
-32.2172 21.1122 -12.5597
2.58167e-30 -3.13352e-32 0
-15.1133 10.2856 -19.9203
-1.40756e-72 9.42931e-74 0
-45.9093 46.135 2.64138
9.55495e-85 -2.50564e-85 0
53.606 14.6484 0.0769675
-1.16212e-67 1.86756e-67 0
1.91151e-62 -3.48444e-63 0
2.48074e-36 -1.71847e-36 0
8.79162e-81 9.68167e-81 0
6.93684e-29 2.27336e-28 0
6.0117e-33 -2.48436e-32 0
-24.4085 12.2521 13.0506
-8.68161e-60 2.74306e-59 0
-4.68121e-62 -1.1208e-62 0
-7.87979e-43 8.00393e-43 0
9.10425e-70 2.63007e-69 0
-6.08596e-78 -2.63159e-76 0
-1.04071e-65 2.30289e-64 0
-6.6605e-45 4.68368e-45 0
4.59906e-76 4.92189e-76 0
2.77475e-85 -1.60063e-85 0
-47.1584 36.443 7.96808
-4.71804e-84 1.69613e-84 0
4.66244e-76 4.99172e-76 0
-2.16725e-34 2.76198e-35 0
-2.5739e-50 7.64584e-50 0
-4.74439e-75 -2.05149e-73 0
-5.16339e-85 7.80715e-85 0
-34.431 10.105 -15.0659
-1.03206e-81 -4.46278e-80 0
-4.0656e-69 8.99634e-68 0
-19.0528 19.0537 -4.43432
1.74994e-14 1.69326e-16 0
1.02414 -30.8083 -13.8028
1.43514e-33 -1.31354e-32 0
7.97019e-69 8.53634e-69 0
3.46648e-84 -6.79186e-83 0
3.68464e-79 -1.11444e-79 0
18.0877 1.368 -4.52681
27.0214 24.4978 -8.5422
-64.5946 49.2731 0.884842
3.04259e-64 1.59973e-64 0
42.604 43.092 12.8596
-58.731 -11.7102 8.77696
-32.9259 26.1705 -6.21617
-1.28958e-79 -1.03188e-78 0
-11.7109 -13.0238 -8.36885
-1.56437e-20 3.06425e-21 0
4.6798e-55 8.62516e-55 0
1.26369e-75 2.40454e-76 0
1.19528e-76 9.27891e-76 0
-0.00525844 -0.00390856 0
1.24296e-77 2.27725e-78 0
-49.1885 39.9963 14.5852
-28.7018 20.9992 -16.992
146.225 -39.2674 28.3042
2.65535e-64 4.10849e-63 0
-8.85438e-65 -1.00733e-65 0
7.10845 -70.1274 4.04006
-0.280669 -40.7787 4.22876
1.41908e-35 -3.27995e-34 0
-4.89277e-75 -3.90445e-74 0
6.52898e-79 1.9975e-78 0
3.227e-76 3.45489e-76 0
-34.0319 -1.61166 -5.70606
2.35488e-41 7.93983e-43 0
35.0775 42.6089 119.123
1.7741e-73 1.52742e-73 0
1.02535e-85 3.72677e-85 0
-1.8761e-73 -6.07721e-72 0
5.23694e-79 -1.67253e-79 0
-0.134938 -13.1193 -5.17476
-1.07716 -14.2349 -12.0632
-1.07825 50.4504 0.481755
1.33311e-66 2.06265e-65 0
6.00782e-80 4.86397e-80 0
2.96409e-85 6.06751e-86 0
-21.8545 -11.4868 -15.0421
1.54806e-78 -3.68788e-77 0
18.3046 20.9825 -15.8779
1.83556 0.549572 0
5.88345e-84 6.18297e-83 0
-9.70451 25.2707 38.7904
-1.08478e-27 1.19738e-28 0
2.91484e-84 -6.15566e-84 0
1.11518e-70 3.42659e-71 0
-6.56811e-79 6.0324e-79 0
-19.1894 16.9488 -7.87012
1.4247e-71 1.52405e-71 0
-4.01407e-55 2.82271e-55 0
-3.35277e-36 6.23971e-36 0
8.46904e-69 7.29148e-69 0
-9.0763e-33 -1.03937e-32 0
10.2997 39.5815 -10.9692
-6.56845e-25 -7.94201e-25 0
31.75 32.8618 -4.43995
1.76605e-77 1.89066e-77 0
8.32717e-76 -1.02036e-75 0
-6.35161e-83 -4.72603e-82 0
6.51207e-69 6.97465e-69 0
-5.33099e-75 -2.30514e-73 0
2.96407e-71 3.25101e-71 0
2.43715e-66 2.61035e-66 0
6.47464e-79 -1.5932e-78 0
5.74093e-75 6.14682e-75 0
-20.7488 -19.2702 -18.4074
-7.60392e-54 6.00461e-54 0
-7.11315e-74 -5.68965e-73 0
-3.52677 15.4583 8.23326
-12.6344 40.5422 -14.1834
-6.85439 15.5281 -19.9874
2.45294e-67 -2.7564e-67 0
-2.60465e-77 1.16389e-76 0
86.9288 -49.4661 0.306357
1.7519e-73 1.87599e-73 0
7.39655e-28 5.1148e-28 0
-3.4759 -45.7986 -9.54269
-11.2736 17.5243 5.093
8.03157e-38 -1.74894e-40 0
-21.2061 3.48408 -6.38375
-2.61977e-71 -5.6943e-76 0
-1.98557e-21 -3.28424e-21 0
-3.67147e-75 4.93552e-76 0
-5.55667e-59 4.05114e-59 0
6.09154e-86 3.30952e-86 0
-1.24047e-41 2.61057e-43 0
-39.7909 2.76857 -13.0854
1.12778e-45 2.02968e-45 0
40.6367 65.6849 1.66303
4.00201e-58 6.19212e-57 0
202.605 -121.273 -6.28644
-4.85958e-68 -3.88848e-67 0
9.05045e-87 -7.06703e-86 0
1.87091e-87 -6.62339e-87 0
5.38494e-54 2.02544e-54 0
-1.34151e-48 -1.81005e-48 0
-100.18 70.6387 92.6683
3.58842e-70 3.84314e-70 0
7.45927e-80 -2.15909e-79 0
-1.37429e-55 9.66403e-56 0
-12.2849 8.35254 4.75022
-36.2487 49.5488 41.7212
-15.2874 17.8063 -18.3728
-7.16728e-55 5.04005e-55 0
1.70511e-50 -8.5472e-51 0
-1.18645e-74 -5.13024e-73 0
3.34638e-52 9.36212e-52 0
2.06314e-83 4.63773e-83 0
-7.77965e-72 -6.43444e-71 0
7.619e-05 8.82068e-05 0
1.4826 4.88451 9.09262
1.23328e-63 4.13269e-65 0
-20.236 3.44673 -6.00507
-2.61926e-71 1.02197e-75 0
-2.26229e-73 -5.86407e-75 0
-3.58328e-51 9.68758e-52 0
5.08916e-72 5.57765e-71 0
7.90831e-62 8.99232e-62 0
2.5582e-78 -5.8305e-80 0
3.75686e-82 1.46363e-82 0
-5.45628e-70 -3.92684e-70 0
-15.1906 -21.8463 -1.1779
-4.18153 5.89971 -9.48639
11.5015 -62.7876 0.334164
-5.52384 -22.0794 -15.3168
-1.75488e-78 1.61175e-78 0
-7.9789 -9.96242 -20.2766
-9.93056 -22.1939 -19.2146
2.96394e-81 2.54559e-81 0
4.36805e-46 7.48001e-47 0
2.11535e-53 4.17347e-54 0
-25.1505 -20.9684 3.58814
-123.302 -5.78755 42.76
-7.97884e-69 -3.45007e-67 0
-14.8572 -14.8816 14.3559
0.00543408 -0.00197837 0
19.749 52.7059 6.10629
7.03515e-45 -4.07911e-45 0
3.30549e-82 1.01242e-81 0
1.32288e-37 -7.10445e-38 0
1.06397e-82 6.18833e-84 0
2.65733e-67 -4.44915e-68 0
1.34454e-10 -5.59794e-10 0
-2.98549e-75 -2.38884e-74 0
4.80684e-78 3.53356e-79 0
-21.1821 -0.872539 -5.12562
-2.61965e-71 2.13378e-75 0
-7.89022e-24 -1.76009e-23 0
-1.26723e-32 1.93866e-33 0
-36.3712 -53.0165 -18.0639
-20.4254 -13.9698 -16.7346
-3.494 3.88138 -2.91874
6.18289e-82 -1.54706e-82 0
-3.31994e-49 -1.45276e-49 0
47.2624 48.7673 24.2362
9.55656e-58 1.47864e-56 0
1.53795e-70 1.53618e-70 0
-52.7583 20.4753 -10.6634
3.78464e-71 8.28546e-71 0
2.73203e-82 1.59281e-81 0
1.43809e-71 1.23813e-71 0
-1.63488e-85 -2.16815e-86 0
7.39417e-70 7.91947e-70 0
1.39731e-82 4.85656e-83 0
-8.3974e-25 1.24806e-25 0
-1.27821e-54 -2.74823e-54 0
-71.4449 42.8482 -16.3545
-1.5062e-39 -1.54864e-39 0
-1.85801e-85 -2.07734e-85 0
9.7886e-73 1.04835e-72 0
-8.66444e-78 4.61577e-76 0
6.12711e-39 1.80598e-38 0
-10.6353 25.0586 20.9465
6.84252e-66 7.3288e-66 0
1.07813e-76 1.62345e-76 0
5.38519e-62 8.33226e-61 0
-29.7119 -3.98016 -18.7536
1.70302e-86 -6.98002e-86 0
2.45861e-73 2.63254e-73 0
-1.28102e-67 -1.10423e-66 0
-2.40448e-68 -1.924e-67 0
-37.4101 -13.654 -0.942903
-1.64077e-73 -5.99556e-72 0
5.58758e-07 -3.62157e-06 0
4.58619e-84 2.34879e-84 0
-1.14604e-81 -3.37408e-80 0
-5.1189e-28 -1.26465e-26 0
3.53038e-71 2.8752e-70 0
-1.109e-72 -4.75833e-71 0
0.000191275 -27.6261 7.50219
2.11859e-33 -1.819e-28 0
3.75722e-73 4.02424e-73 0
-1.00954e-81 -4.31257e-80 0
1.03272e-85 -9.35264e-86 0
-4.9729e-81 -4.23292e-81 0
1.21728e-78 -9.2682e-79 0
-2.46248e-19 -1.85912e-18 0
-4.57797e-79 -1.97994e-77 0
5.07862e-78 -1.37753e-78 0
4.89842e-05 -2.79128e-05 -11.5898
3.9455e-05 -2.07769e-05 9.69774
0.000111928 -4.431e-05 -10.7869
-1.16622e-18 -1.25613e-19 0
-2.53965e-71 -3.14447e-72 0
-18.7967 8.51269 -8.90735
4.55815e-70 4.38704e-71 0
-3.16156e-73 6.43943e-73 0
2.26498e-85 9.61691e-86 0
-3.36936 10.2508 -18.9622
4.13044e-82 3.25157e-81 0
-2.00738e-83 1.55767e-82 0
-1.03381 30.6406 -15.4802
1.41517e-75 2.61904e-71 0
1.76683e-81 2.4419e-81 0
1.52483e-14 4.58864e-16 0
-6.54811 -5.54883 -19.7995
-1.11812e-43 1.5773e-43 0
-7.38318e-83 -1.19356e-83 0
-5.95382 11.7875 0
-3.19583e-41 -8.9519e-41 0
-1.77688e-70 -2.269e-69 0
1.2398e-75 1.06804e-75 0
-0.786871 -24.348 -6.17405
-4.80174e-40 -2.86464e-38 0
-9.63838e-50 5.65251e-50 0
-1.85637 -36.0277 -15.7339
-1.37955e-38 2.87689e-38 0
3.19137e-76 -3.85707e-76 0
-1.87932e-14 1.12016e-14 0
6.60468e-85 -5.73479e-85 0
-1.72443e-71 -7.45647e-70 0
-1.80063e-75 -7.78598e-74 0
2.56136e-05 -3.20516e-07 -11.5883
3.67012e-05 -1.18969e-08 9.7202
0.000156177 -4.06237e-07 -10.7673
2.94844 -9.89448 -12.2404
-5.29553e-74 -4.23505e-73 0
-3.14382e-18 -1.47314e-18 0
-47.5776 12.4025 1.00784
-13.193 -2.23267 1.62327
43.7876 -33.5 -12.4507
8.64255 -7.90565 -1.90678
2.04622 -2.35747 -20.5752
-2.09913e-81 -9.07673e-80 0
-1.49563 15.9816 -6.2189
-1.51166 12.6664 -13.0228
-6.83343e-56 4.80529e-56 0
-20.0918 1.14267 -13.5362
-8.87576e-84 -6.30079e-83 0
-4.13169e-77 4.10254e-77 0
-16.1731 30.0686 -15.9859
-4.18372e-78 -5.17297e-77 0
1.81538e-79 1.74116e-78 0
4.71679e-69 7.2974e-68 0
8.56792e-78 1.57681e-76 0
-0.793565 -24.4698 -5.79255
0.265006 -3.56528 -15.8187
-1.91257e-20 -1.44087e-20 0
3.33398e-67 2.87041e-67 0
-1.53433e-29 4.96824e-30 0
1.77188e-77 3.24631e-78 0
-3.47202e-78 -1.44023e-76 0
-1.48368e-80 -1.16655e-79 0
3.95989e-27 -3.19665e-26 0
5.79e-61 8.9586e-60 0
0.000238162 -2.1726e-06 -11.5895
7.51545e-05 1.36791e-05 9.69799
0.000380041 4.1677e-05 -10.7865
-3.29317 4.34557 -15.2591
3.32736e-81 -3.73238e-80 0
-12.142 -10.8511 -17.6991
1.11986e-65 1.73271e-64 0
-2.42046e-21 1.54414e-21 0
-4.39691e-67 4.8634e-67 0
-2.63933 -15.0515 -16.6694
6.22649e-66 6.66899e-66 0
-5.11772e-55 3.59879e-55 0
0.000190933 32.0738 4.83699
-3.03937e-26 3.6268e-24 0
-2.61371e-77 -2.48721e-77 0
-6.27474e-47 -1.4853e-46 0
-4.46072e-85 -1.49212e-85 0
-8.89123e-83 -1.35386e-82 0
1.04935e-64 6.05484e-65 0
-1.11183e-05 -4.69224e-05 0
-16.7243 9.15798 -19.8943
2.61408e-60 4.04465e-59 0
-2.13389e-75 4.72185e-74 0
12.2204 53.9042 7.84538
-3.0084e-85 6.04906e-84 0
-2.22056e-48 4.04441e-48 0
-24.6724 1.3023 -6.12359
1.98406e-66 3.06985e-65 0
-8.00066e-40 5.62608e-40 0
1.01625e-45 -2.73858e-46 0
4.22393 -51.6974 -14.3196
-1.50383 -0.883581 -19.9245
2.2543e-76 -6.26361e-77 0
1.20622e-60 1.86633e-59 0
-7.92032e-15 1.89725e-15 0
8.39382e-16 7.9625e-16 0
-1.50012e-83 -6.49226e-82 0
-12.3802 6.5168 -19.9742
-1.09627e-76 -4.74032e-75 0
4.18019e-37 -4.15125e-36 0
-1.09182e-82 -2.88677e-82 0
-2.51947e-78 -3.59045e-77 0
-6.8771e-76 -6.29956e-75 0
-7.6889e-73 -3.21655e-71 0
4.94185e-78 5.22385e-78 0
36.7249 -31.8354 22.9589
7.13184e-58 1.10348e-56 0
5.21595e-85 1.70657e-84 0
4.40407e-85 -5.28719e-85 0
24.725 -30.6496 -16.2497
-6.00425 -8.34939 11.3901
1.44027e-14 -4.04618e-14 0
1.84458e-15 8.36503e-16 0
1.44303e-61 2.23268e-60 0
-3.82824e-33 -7.89441e-33 0
4.22916e-15 9.12241e-16 0
32.0902 -1.05035e-05 4.82464
8.57629e-21 8.30014e-26 0
-1.08094e-77 1.2294e-78 0
0.284571 -0.622409 -11.3086
33.9459 16.595 -19.7915
2.41689e-60 1.4353e-60 0
-4.48683 -8.82389 -7.36891
4.02443e-25 1.59383e-25 0
1.05626e-60 1.69022e-59 0
-2.0743e-33 1.5287e-33 0
3.077e-66 3.29567e-66 0
8.12181e-88 1.96504e-87 0
-2.12306e-24 2.57297e-24 0
-3.0613e-24 2.32595e-24 0
8.76776e-77 -1.85549e-77 0
-2.48437e-35 -2.70402e-36 0
-27.5102 16.0127 -17.8507
9.20209e-25 -4.81339e-24 0
-10.972 -10.4651 -17.9655
4.02897e-74 -1.12125e-74 0
-1.23962e-72 -8.92139e-73 0
15.2381 -27.3137 -12.2073
8.98985e-85 -9.87502e-85 0
-52.8714 81.6113 -8.81699
-3.25669e-72 1.54663e-71 0
-1.01959e-74 3.63789e-75 0
1.79866e-85 -4.12621e-86 0
1.17622e-17 -1.16098e-17 0
-2.14473e-32 9.35687e-33 0
-1.24708e-76 2.97045e-76 0
5.19576e-65 5.9731e-64 0
1.00243e-80 5.66564e-81 0
-1.8485e-75 -1.47911e-74 0
32.0641 2.10363e-06 4.84918
8.57825e-21 6.60329e-25 0
-2.58048e-81 -9.22393e-83 0
-4.13451e-75 -3.30309e-74 0
9.95098e-86 -1.58503e-85 0
-10.4768 -1.33086 -15.8331
35.1784 -14.3581 10.8758
-2.53041e-21 -2.05529e-21 0
5.75323e-84 9.22009e-84 0
-26.8002 34.117 8.9499
-20.0574 -2.2486 -14.9707
4.53699e-85 5.9908e-85 0
-2.14408e-58 4.05414e-58 0
-4.69042e-44 -3.09991e-44 0
1.07994e-84 6.67612e-85 0
3.1314e-76 3.35133e-76 0
-3.94197e-10 -1.89824e-10 0
-14.1645 -11.0164 -8.72289
6.61887e-57 1.34412e-55 0
-45.3832 7.29812 21.5462
-29.858 9.79905 -11.3932
1.14871e-65 1.23035e-65 0
-3.15877e-72 -1.36586e-70 0
-3.86407e-74 -3.0823e-73 0
-2.56161e-12 5.2285e-13 0
-9.53135e-82 1.27803e-83 0
9.93808e-67 1.06443e-66 0
-6.74988e-81 -2.77554e-80 0
-3.03321e-16 -5.87543e-16 0
1.30314e-64 1.8009e-64 0
-1.15929e-43 -1.81941e-43 0
0.00743603 0.00531414 0
-1.83556e-65 -1.46875e-64 0
32.0902 1.23009e-05 4.82464
8.57815e-21 1.2445e-24 0
-1.63924e-77 -2.71698e-78 0
5.89324 -36.7401 -14.2863
1.1779e-53 -2.00821e-53 0
-4.40022e-79 8.94189e-79 0
-9.24294e-72 -7.39589e-71 0
-5.24155e-59 3.68587e-59 0
-2.45125e-80 3.95188e-80 0
-2.71463e-82 2.22743e-82 0
2.61944e-67 4.05293e-66 0
-2.19636e-85 3.16727e-85 0
5.99671e-73 5.17389e-73 0
28.3507 32.8429 -19.7265
5.56097e-82 5.29668e-82 0
5.15477e-83 -7.91107e-84 0
6.19708e-87 -1.47913e-87 0
9.24713 7.68784 -1.16276
5.83267e-22 4.06528e-21 0
2.43444e-22 3.14225e-23 0
-4.65578e-26 3.11158e-26 0
6.76273e-74 7.24118e-74 0
-1.00823e-46 7.0899e-47 0
3.13119e-15 -2.8187e-15 0
-11.3424 -26.2509 -19.1294
-8.25875e-87 7.58567e-85 0
-4.51836e-46 -9.4796e-46 0
1.39073e-69 1.48957e-69 0
-5.65879e-84 -8.18376e-84 0
5.6913e-82 -5.14264e-83 0
6.13425e-66 9.49123e-65 0
-6.35756e-75 -2.74903e-73 0
