# vtk DataFile Version 3.0
water particles
ASCII
DATASET POLYDATA
POINTS 2541 float
-2.03058 -1.07991 0
2.04732 -2.80668 0
-56.0159 49.08 14.8645
0.504888 1.49034 0
-17.5786 -4.40805 0
-16.7441 -53.8143 74.3167
36.5994 33.8181 3.04267
117.695 -106.697 6.5647
5.15466 -58.5385 0
5.43477 0.98199 31.8103
-12.7866 -23.5428 0
-3.04084 -121.236 0
-28.2859 -64.4962 108.309
-0.248751 -2.30689 0
19.5803 8.83124 0
-6.49168 -6.22638 0
16.8203 23.3791 0
-5.33225 18.0735 0
-82.3378 -97.8681 134.433
55.8754 -32.7088 115.407
3.21839 -1.12818 0
37.8733 -18.5867 15.7678
3.71336 88.8081 0
-62.4248 -0.300019 88.7189
-63.4279 -0.308931 12.5299
17.1531 28.1192 0
0.212703 1.22659 0
-66.5973 -33.6714 7.46582
-62.4241 -34.4847 17.4367
-86.5575 72.1102 125.899
0.10366 59.2924 50.298
-110.195 49.3108 55.4446
-54.5645 -42.5 4.21023
-0.195664 1.49647 0
-2.58826 -4.2261 0
8.22046 -70.2883 0
52.0419 9.20059 36.4784
21.135 29.3782 36.1078
31.3583 -2.4673 0
1.86033 25.5184 0
15.3682 5.36365 4.75043
-0.468553 1.58001 0
39.4244 88.0011 203
-2.56312 0.909979 0
-100.87 -9.46738 23.2174
-4.37057 1.80064 0
4.42663 4.68923 0
-3.58855 -7.01801 0
-5.23337 -6.57562 0
-18.4025 -28.3886 0
-7.04204 -1.11562 0
37.6809 5.9373 32.0937
135.416 -59.1034 5.63037
-53.435 -46.4733 18.5447
-2.48184 -3.84299 0
-2.3849 0.92505 0
-62.3595 9.49588e-06 88.768
-63.4296 -0.00449103 12.5421
-14.7739 -28.039 0
-22.6045 18.9038 12.0204
12.5427 -5.06107 0
7.05538 -1.87128 0
14.7617 -34.9008 0
19.1081 -38.4625 10.6628
55.4773 -36.8412 98.2955
0.912736 1.25916 29.8817
-48.392 20.2465 0
-1.3927 -5.96343 0
-2.54232 -1.53324 0
-3.13393 6.97838 0
0.801377 19.6293 0
56.8739 65.7019 33.9508
-10.3038 3.87986 0
8.86139 50.6358 0
68.477 5.56028 0.0846779
-112.093 -7.76655 19.7274
4.74885 -19.1456 18.757
0.393883 1.7884 0
-29.1562 186.66 43.5294
0.502913 1.90864 0
40.4203 8.37878 0
-33.8097 21.9824 0
2.25956 -5.1136 0
-3.70548 -8.58064 0
0.111063 1.2987 0
-0.205605 -3.3131 0
29.8496 -132.496 14.6477
-2.56101 2.37464 0
-0.689761 -1.98985 0
-62.4248 0.300027 88.7189
-63.4158 0.299781 12.5831
-42.3021 13.9434 4.92964
-144.421 31.1256 22.1243
-1.70981 2.65476 0
21.0926 -26.9596 18.4059
30.9445 -1.01344 0
22.3577 26.0072 0
-58.2781 -8.94273 34.9429
19.7315 35.2149 13.707
-0.561205 3.65332 0
-18.6305 92.3342 96.6577
-2.65862 -0.58079 0
40.7075 -32.0149 0
-8.02697 7.14273 0
32.7028 -53.0977 14.8033
6.3673 -6.61419 0
-33.7453 94.2114 0
65.1118 -0.21247 144.235
41.1199 6.97675 17.4551
32.1781 25.7542 73.26
-2.32708 0.395731 0
3.24127 4.73973 0
-54.7132 -50.4918 14.5886
-2.3459 0.576754 0
-26.329 59.1773 0
48.6024 -75.663 22.49
28.2985 -24.3389 4.04854
4.05899 -30.7457 0
27.7734 141.512 121.45
0.0818673 -3.11213 0
-1.42641 3.61873 0
-0.711523 -4.35616 0
-1.01902 -1.81484 0
-0.988673 -17.7738 0
-2.1592 -4.58467 0
57.8977 -25.3971 102.115
-0.983685 -1.27308 0
3.17476 -14.4305 38.9012
5.29206 12.6779 0
-2.9711 -0.0855074 0
15.6884 47.4512 12.0606
-2.30247 -2.83817 0
0.25536 2.75369 0
-0.900561 -61.7842 88.7413
-0.388746 -61.9373 10.6796
-11.9702 -19.2587 30.7719
32.7057 34.2071 33.1107
9.03373 -12.4124 0
-8.27692 30.9704 22.1172
47.9889 -71.0893 37.8036
-43.0142 3.54946 13.2577
8.93953 -124.357 64.4965
45.5995 -12.7931 33.43
-0.900022 -0.300168 47.4368
-0.900087 -0.300046 94.3183
-0.900372 -0.300269 48.87
46.3674 23.6322 0
5.81031 0.753453 9.75231
24.8858 24.6113 57.1249
-18.318 11.028 0
79.0099 74.3921 116.733
1.6541 1.74894 0
18.4913 58.6813 136.871
0.275179 1.34701 0
-62.1346 38.7784 18.517
5.30977 67.2761 37.3547
-0.900965 24.6826 0
31.4566 2.30829 0
-3.73194 0.411237 0
48.4135 -21.0219 38.0307
0.510997 -1.65549 0
3.27793 5.15332 0
-35.8798 -80.7294 1.92664
-58.7457 77.0008 30.8817
34.4749 -44.6579 60.4715
42.7623 -58.7405 80.2719
6.31036 -54.075 56.1904
-1.7685 -53.1447 0
6.97175 11.9859 0
-316.7 -104.633 127.998
10.8773 1.40794 0
12.0337 -99.5167 0
13.9427 -34.0467 0.425051
2.25904 4.61966 0
-4.8217 -1.43727 0
-1.19395 -57.9786 44.3658
-0.900011 2.56234e-05 47.4395
-0.900081 3.80308e-14 94.3683
-0.90158 0.000247203 48.9135
-2.87098 0.0650593 0
11.5363 -14.9193 2.96472
12.6706 0.964069 26.0372
10.6982 3.94464 34.5797
18.9578 5.71756 155.388
-4.22124 -19.1408 0
35.6373 6.06168 53.1334
44.3565 1.06775 64.95
8.87552 -61.375 0
12.7727 30.2029 57.625
-0.901424 31.1365 43.0834
-4.8499 -16.3063 0
6.09881 8.90306 17.3916
-35.2874 25.5454 13.2023
17.7179 125.482 0
-2.00942 2.2764 0
-1.74759 1.68249 0
-2.24822 0.608149 0
-5.59029 -26.6211 13.2289
-6.81352 91.1994 7.69497
6.25652 -53.9452 56.6571
2.51318 -8.11766 35.3815
25.5846 67.3227 15.5958
2.50887 -18.9785 0
51.1557 10.9939 98.2568
-43.0902 -29.3936 97.7591
31.4108 -48.735 9.48441
0.960325 3.46219 0
43.5531 101.08 50.7661
-0.467011 0.160318 0
-0.900066 0.300083 47.437
-0.900087 0.300046 94.3183
-0.902508 0.300258 48.8706
-17.6312 -40.4178 60.9665
7.15668 8.53426 0
18.7632 -41.1809 44.8038
0.171358 0.4501 0
21.5741 -58.0926 11.8844
14.6011 -9.80267 13.6727
36.2742 -37.2861 0
-1.21109 -3.06564 0
-1.72938 1.9301 0
-0.900417 71.6336 82.8385
-0.900505 62.402 8.33759
17.7864 20.3824 0
-4.32874 -17.6471 15.3251
23.5417 59.0753 44.327
-4.17509 -13.9382 0
29.3231 46.5467 59.5614
44.1374 62.7688 4.9909
6.69964 1.18642 0
93.0172 119.614 55.7152
-0.90373 3.41546 0
-28.5597 -175.311 181.969
-2.00433 3.04032 0
35.9209 -66.8031 68.6362
37.5146 -21.5856 91.6981
0.828487 2.07942 0
116.458 -9.58528 110.535
117.8 40.9535 63.7224
2.05109 -3.12952 0
1.4124 -24.8661 0
0.135999 2.14556 0
-22.2801 -42.1762 19.3018
-0.991791 -10.0404 0
-215.045 128.51 3.4369
-1.24292 -1.22018 0
53.9531 37.4874 13.6209
-2.72419 -1.15633 0
-28.828 -16.3282 0
-107.534 -3.13015 25.8177
23.2918 -9.35754 0
-0.551507 -3.38503 0
3.52589 7.19752 0
-30.6873 47.0575 0
-0.578661 -1.35875 0
0.949687 10.0985 0
-7.72822 7.12443 0
13.404 49.8775 20.6797
13.379 2.99065 0
-17.573 -29.7173 0
2.96879 42.9488 0
13.8606 -16.5846 28.108
2.99428 -1.59677 0
-66.6738 4.42885 2.7372
-47.5537 -5.41587 67.2743
60.6508 6.54928 39.7641
24.1091 -0.300963 0
22.5901 -93.4543 100.569
-10.4683 -6.93945 0
16.1707 -42.3809 102.899
-55.4831 -32.2979 176.426
-77.6886 83.4912 0
14.5691 9.91515 0
82.8072 17.364 0
42.4395 68.3525 79.0598
19.8915 -21.7445 0
-80.7178 -384.862 167.91
6.68438 -13.2648 0
-5.62037 -3.20831 0
-2.26085 -0.95335 0
-1.39759 -1.62224 0
40.7226 70.618 48.2089
-1.87911 -2.11661 0
-2.26996 -1.59168 0
-11.8795 -2.27741 69.0157
-2.15169 3.02499 0
55.9531 -55.463 29.5979
92.5216 -121.502 75.4416
29.6904 38.2885 34.6432
-23.8246 18.3672 0
1.75164 1.95343 0
32.2995 61.0452 13.2945
80.9524 26.341 17.7392
-2.47278 0.455094 0
45.3535 66.4105 102.956
1.27909 -5.85696 0
65.5333 16.4461 0
-93.6181 6.64814 14.0792
58.5049 6.70029 40.2647
24.1185 -0.00021782 0
39.3888 45.1471 28.9261
5.90766 0.860993 0
-72.9614 -17.8929 12.5659
0.190896 -1.63822 0
1.16217 -1.55767 0
5.05473 -6.064 0
-52.8109 35.6389 24.7796
-14.1495 -0.256981 28.3282
1.23632 1.75239 0
161.534 53.7124 49.1061
-176.238 -33.6429 82.3728
-0.159834 14.289 45.5129
1.15575 2.8202 0
-21.4693 -34.7026 31.0152
1.2538 4.84741 0
5.05081 -3.1621 0
12.5132 11.7641 16.9431
-68.3629 -69.3517 20.9217
2.64461 -1.14865 0
15.311 -3.68418 45.4352
-5.61652 296.835 28.4577
7.11887 -7.28538 0
-3.17576 -1.63094 0
-2.13625 3.71269 0
27.0986 -38.7346 34.5777
86.3097 -108.198 63.0354
-2.2999 0.646195 0
34.3504 -41.2357 126.458
-2.60752 -89.5857 2.78809
-57.8509 25.8626 66.4148
-90.6586 3.64475 8.91805
61.005 -2.15156 40.5409
24.1084 0.301078 0
182.091 -371.612 499.672
56.9464 53.7012 183.214
16.3261 46.0374 44.8953
5.67047 -41.3922 18.6574
2.38343 -0.845737 0
1.4151 -5.49137 0
-8.08386 -2.43346 0
67.6363 -12.5119 42.3398
0.871905 1.68401 0
0.151578 -1.80301 0
-3.6218 7.88917 0
139.131 200.741 20.751
67.6602 -40.6412 11.1536
0.297979 1.373 0
-203.809 21.8554 91.0087
2.3983 0.467917 0
-12.9759 4.85882 0
14.1027 -85.4324 11.478
8.41343 -2.65447 0
1.48272 -2.20511 0
34.6914 58.1802 4.86597
-12.4686 -41.7931 49.391
-2.13984 0.0648037 0
-3.73082 -8.93364 0
-21.5065 13.0019 0
-141.52 32.1115 0
20.8925 6.88243 0
0.739581 2.74607 0
-57.7649 148.747 0
28.616 3.38726 0
-0.883178 2.56254 0
-26.2777 15.7083 0
59.3264 -5.33514 32.6737
1.62563 1.49756 0
-2.3554 0.37246 0
-2.9517 -2.88338 0
1.71789 1.42584 0
-1.06309 -1.75321 0
4.57531 4.17976 0
-6.1816 -6.36921 0
66.5806 91.9899 93.7297
-0.504214 -2.08803 0
-11.4594 -9.27546 0
54.5642 91.3337 52.1865
-0.103346 60.0819 59.3023
-28.5424 4.90579 0
-78.1114 -53.3759 0
-8.85484 -4.87627 0
40.1853 10.3683 30.4701
17.7406 6.46954 62.2088
25.8932 -9.83301 0
3.66259 2.46711 0
7.67305 -0.493519 0
-7.16616 15.2737 75.3113
-65.7319 -2.47116 0.39057
10.1249 7.75089 0
-2.33074 0.817958 0
-50.2938 10.3671 0
-93.5801 51.2922 28.2476
34.5247 33.862 29.8925
23.5322 -16.4509 0
-13.0145 -96.4638 0
26.2184 17.3055 0
-0.15607 -1.87982 0
-18.8402 24.5574 0
50.7729 -14.7523 38.7978
0.0574523 -1.99114 0
1.31452 1.2683 0
237.868 -76.7271 51.1228
-2.89926 -7.76886 0
-2.24809 0.162787 0
-3.27907 -0.148738 0
-3.85682 -21.5041 0
-8.65131 13.5622 76.6512
-2.21195 -0.381172 0
18.7526 11.3923 94.6434
94.2915 -31.18 5.97954
-11.9039 -49.7442 0
-0.753828 2.8663 0
-66.5513 -5.22903 0
-2.59437 -0.406196 0
6.60555 1.43456 0
7.86304 -63.5455 59.9499
35.1462 -72.4068 65.4237
13.4747 -4.30658 8.57546
82.102 23.5099 19.901
-27.2698 11.7653 67.634
-54.1634 -0.564478 20.359
3.99876 -6.41804 0
9.55013 -13.7293 10.6665
-19.6141 1.69377 0
-5.46865 0.418206 0
-45.7688 -70.6226 11.5684
-88.2011 57.3624 12.8058
-113.299 34.3107 47.8518
-1.81708 3.49118 0
-0.209259 1.68138 0
-3.49241 6.28328 0
1.45077 -4.46206 0
176.149 9.10562 379.684
-2.42776 1.12667 0
184.152 -113.955 56.0971
-8.00294 15.5356 0
-122.247 30.012 22.4904
23.8564 25.8537 76.2384
-281.058 201.99 132.088
-2.73742 1.09259 0
-18.347 13.2689 0
12.8685 -151 41.9045
56.4367 5.66925 39.458
-19.5526 -54.389 0
-11.074 -4.36854 0
-2.80608 3.50492 0
-1.10935 -4.48713 0
2.64523 16.351 0
3.18489 0.296327 0
31.068 -5.5042 43.9805
-1.03033 -1.47298 0
-0.311759 1.36204 0
-14.8289 -3.04689 75.5337
-66.0226 1.08029 7.2761
-0.14283 -1.63033 0
54.1683 -26.1937 65.3509
70.8052 -83.0347 11.9239
-31.2955 33.8557 0
6.61889 3.10087 0
9.72293 -38.4366 0
-3.8527 5.7982 0
-2.27171 0.522314 0
-1.57471 1.70351 0
-12.2178 11.5259 0
-122.451 188.245 11.1736
-29.5901 -49.7764 0
-3.38158 -34.822 14.86
21.2896 55.8439 5.21204
5.80512 7.56096 0
-2.2165 -5.73524 0
64.0516 98.8797 105.42
-39.7883 -11.8294 91.7616
-34.1832 -15.7561 0
-0.209173 -1.58381 0
-0.0542084 1.71891 0
83.5546 -22.8649 23.4061
-0.764841 2.33769 0
-3.87852 27.2268 0
13.9573 39.6456 13.1333
22.0097 -37.003 37.5409
-2.04384 1.51115 0
7.78846 -49.6294 9.44521
-7.42364 3.58346 0
-8.07822 97.3374 19.777
-0.633324 -4.34431 0
-0.20207 -3.13092 0
-3.28076 -18.3561 0
0.209302 -4.10105 0
-0.947773 10.0922 0
38.6797 48.9401 5.62884
152.079 17.9562 94.2735
8.20448 36.6523 15.1709
2.0519 -7.31383 23.8549
-0.124888 2.40961 0
26.4839 -1.67687 0
-7.09944 -9.15355 0
-0.600018 -51.2436 95.814
-0.100231 -62.4821 9.78081
15.9914 -4.92624 0
4.20573 -0.114665 0
-1.73111 3.52044 0
42.3906 -94.5174 128.765
-93.1149 -40.727 73.584
-7.47929 16.6009 47.2985
-0.598951 -1.73841 0
-0.734491 4.25853 0
-0.600028 -0.300217 47.4386
-0.600007 -0.300033 94.5459
-0.60008 -0.300339 49.0688
-2.00184 -1.67007 0
-22.8467 -25.3618 3.00464
3.55713 6.18722 0
8.85887 3.25325 0
-18.0505 35.2545 68.6576
4.7933 2.49829 0
8.64978 -11.3178 18.4119
2.13498 -0.802993 0
5.93978 -93.282 14.8889
6.22634 57.3201 40.9096
-0.600493 24.4859 0
3.18258 16.9976 0
4.53314 5.24301 0
-3.7275 14.7128 0
0.873653 -5.58812 0
-1.6189 67.8751 15.3897
42.152 -3.44073 30.9998
16.9072 14.5867 2.6711
-0.160348 -1.54057 0
17.7491 43.8072 39.6673
7.25902 -42.7821 58.4133
-1.58569 -53.9713 0
-6.91188 16.8671 0
19.606 54.1947 0
0.778441 -7.20476 0
-20.037 23.9704 38.3859
-31.2894 18.0898 0
56.9622 -96.632 40.866
50.5365 -97.3768 46.8505
-0.70466 1.36061 0
-0.599876 3.57765e-05 47.4517
-0.600007 1.33237e-09 94.5883
-0.60018 2.49532e-05 49.1065
24.9103 -27.5214 40.2715
-17.2114 -7.55194 0
54.72 23.0118 29.6032
15.1838 7.98962 8.24703
6.09156 -5.42109 27.6607
9.84109 14.8359 53.3456
46.9444 19.9217 125.269
13.1133 1.31181 23.9324
-0.461608 -0.153551 0
6.82032 48.3331 46.9223
-4.11981 27.9984 44.433
20.5377 -25.217 40.7035
-0.0476083 3.72567 0
0.899133 15.498 0
-0.370889 3.9512 0
19.419 19.7385 0
-1.38607 -1.42112 0
3.8879 37.6875 0
9.09354 3.12322 1.83542
1.55694 63.6254 0
7.1447 -42.7591 59.1279
3.30149 -7.59276 36.3379
1.35096 -8.8564 0
9.74637 29.739 26.7312
-2.78406 -1.35442 0
8.4102 -22.6033 0
-1.2031 2.25642 0
18.8737 140.729 178.31
7.19547 -62.8059 0.0850213
-0.864138 -1.70093 0
-0.599933 0.300057 47.4391
-0.600007 0.300033 94.5459
-0.600785 0.300167 49.0693
-40.2615 0.66418 9.34821
8.48703 -15.4913 4.0299
-1.02118 -2.26029 0
6.385 -26.1243 66.75
29.1899 -41.3576 0
-11.2158 -36.2807 0
-10.1836 -19.1565 19.6337
-43.2769 -34.8743 37.6512
-3.55562 0.42146 0
-0.600027 62.0901 90.8876
-1.10418 62.4765 9.79432
-0.677343 -2.9746 0
-10.8458 3.35297 0
12.5948 -5.41322 24.9017
-56.3302 84.5156 116.785
-1.70617 -5.80916 0
-22.6825 -8.7665 0
-0.289567 -12.7646 7.0593
5.16387 69.8828 25.6329
-0.598573 3.41467 0
-7.32857 -2.56467 0
47.6636 0.15803 31.3948
-35.7093 89.8934 0
6.47178 6.93705 0
-40.4025 -71.2506 24.5499
-1.42983 3.04653 0
-3.4418 -21.9781 118.986
-58.7788 -51.8043 0
8.32178 -20.6992 0
-2.54355 0.589026 0
-55.1229 12.859 0
-1.62151 -2.58578 0
-1.16983 -1.65484 0
0.237639 -2.21412 0
3.33461 -2.76923 0
0.935843 -2.27271 0
-43.0958 -23.3698 0
17.7167 -49.473 44.674
134.163 148.887 2.20417
1.6355 -2.2855 0
-32.5395 -76.9767 97.9942
2.21882 -2.85057 0
11.1294 -9.15593 0
0.507974 6.90019 0
1.41138 -4.38943 0
16.1068 -31.399 0
1.83138 -2.06106 0
2.38192 -0.170209 0
43.6927 8.29118 13.1309
15.1958 -5.24782 6.50935
28.8225 64.1424 19.1706
-0.780043 1.64128 0
-62.5783 9.70942 0
59.0058 6.68783 40.4652
24.4212 -0.301887 0
4.12326 -4.74305 0
2.42847 -2.86379 0
77.076 -9.18747 6.20311
-40.3771 -11.5894 2.40008
48.473 -31.6797 4.67189
32.8621 -35.9197 10.1275
-2.75887 1.46022 0
-1.64338 -2.83761 0
61.1819 9.09622 0
0.790033 3.59429 0
-1.65535 -4.14712 0
22.3012 110.374 148.705
-2.24819 -3.57701 0
-103.477 12.0039 26.746
-133.607 85.0865 103.936
-0.432106 -0.168821 0
-2.28405 -0.0522338 0
-2.95667 -1.31426 0
3.31003 8.28374 0
-4.50731 -7.5056 0
175.388 -7.72039 7.9749
29.3894 39.4388 34.4517
-6.90196 0.552807 0
-4.98003 -3.08351 0
-77.7267 19.3064 64.8765
-12.9102 70.4245 70.4676
36.6711 34.6395 0
-0.284392 -9.78363 0
-0.228544 -1.3453 0
23.2764 -19.9094 40.5432
-2.64321 3.44217 0
56.905 6.84111 40.9621
24.1795 7.08297e-06 0
20.8266 -13.4595 0
20.2908 57.5412 28.591
41.3573 162.95 152.068
16.4289 -12.0783 32.3437
56.0391 -2.70262 14.3295
18.5044 -10.5026 14.611
-7.26341 -70.6974 17.8753
9.32962 38.9509 0
-5.64146 1.71868 0
-46.8155 -72.6053 134.444
-163.066 29.2853 104.434
-71.5212 -100.273 23.5829
-7.76099 -4.13702 5.40316
34.4353 -58.5485 19.7275
-2.07773 4.49394 0
10.2201 -8.60754 0
-0.0797235 1.58945 0
-0.985779 -1.43194 0
34.2235 36.625 75.7377
-8.81084 -8.27633 0
103.591 36.6417 137.494
6.97759 -7.31267 0
-0.376181 -6.27569 0
-4.14701 2.57802 0
12.7843 -20.5642 0
56.6844 -65.7219 121.61
0.400851 -2.47723 0
11.1544 -48.2298 0
1.17202 -1.87197 0
7.26924 -3.36273 0
-170.145 59.1683 7.28115
59.2802 -2.15379 41.3207
24.4203 0.301965 0
2.85059 -0.575318 0
-123.292 53.0311 13.6133
74.9939 -29.003 0
36.3357 -16.9527 0
1.44066 2.3321 0
-44.0781 32.1329 47.4371
23.9287 -6.4294 0
43.1986 1.89523 31.7102
0.408012 1.47953 0
9.83706 8.5747 0
10.7703 4.40478 0
-14.9123 -78.8088 0
2.05572 0.211401 0
-100.45 -60.2681 41.7672
33.9291 22.8844 0
6.17828 2.70977 0
-36.0431 -2.30405 37.7982
14.5408 -74.5972 0
18.4598 -49.1082 18.1928
-11.1153 6.94073 0
-4.73887 4.74437 0
-34.109 13.5566 21.0716
-2.0315 -0.204739 0
-4.00525 -4.88281 0
-6.01741 6.40263 0
-39.1357 65.4244 40.4231
-35.1157 -45.2665 8.64059
1.1181 -26.2175 9.26921
5.05869 8.07984 0
-2.00342 -0.941844 0
-0.282198 -1.59562 0
49.0598 12.8435 44.3189
-61.4553 16.7675 9.5576
-2.91649 -0.381113 0
7.34093 2.85466 0
-166.487 -107.206 1.15101
-4.39864 -2.63036 0
2.22985 -0.342617 23.2784
-2.20714 0.142479 0
42.604 -33.5993 24.435
-25.2352 51 7.95511
-45.8493 -39.9876 0
-11.1535 -9.25267 0
16.4497 107.209 24.9867
1.18981 61.2941 58.9296
48.2482 -36.8624 21.3373
3.88141 -2.10451 0
-33.1033 6.67308 63.639
1.03308 -5.72626 0
6.17663 16.149 0
10.6621 54.5741 44.5525
80.8497 -61.0511 0.331139
7.13281 0.168929 0
-45.3208 7.54617 58.3377
-48.78 -1.96961 0
10.5929 9.24598 0
5.97282 2.39863 0
6.09767 -5.56036 8.60138
-65.8633 22.783 0
-7.92611 -13.9879 0
-11.7661 -0.117378 0
-30.2048 8.31846 0
32.5162 -137.995 79.4956
-0.304845 -1.92241 0
25.7505 59.203 0
-25.8468 -30.0955 0
2.90755 -3.08245 0
-0.656962 -1.51546 0
-0.804266 -1.70315 0
9.87171 5.33972 8.24303
-2.49244 -1.25806 0
-2.99724 -2.53994 0
-2.19832 -0.91281 0
-3.70329 -0.430962 0
-2.47724 0.583631 0
32.0213 24.1219 89.3115
-11.3063 25.7037 45.2465
5.16421 -2.09065 0
-4.06372 -4.62274 0
95.2768 135.614 59.2901
-138.131 -29.9063 29.3235
-64.3902 97.5566 9.79202
45.9244 -1.70466 0.730528
-12.5563 61.6553 9.6825
-4.09421 2.54563 0
0.730264 -1.59657 0
-43.224 7.75623 59.1549
-28.2905 -0.608765 33.7362
10.5191 -12.3778 1.32955
0.0357809 -12.5159 3.88282
-10.9172 -0.563943 0
-31.5134 -5.85212 18.2378
-38.0177 -22.5149 13.2039
2.14691 3.77064 0
-18.0868 -22.0719 0
31.8888 -23.1086 1.75956
0.745255 1.65574 0
2.18779 3.69089 0
21.7032 -33.7947 49.5078
36.5317 -61.4823 0
-0.656809 -1.49471 0
-24.1132 -13.0091 61.3693
-4.06555 3.67518 0
-59.9462 48.1231 8.56797
-2.70306 0.590064 0
144.375 -133.144 83.1311
0.148996 -2.363 0
8.89536 -31.1579 44.682
56.1733 -152.079 26.5417
-11.0575 0.0453969 0
-78.4713 118.664 153.541
-3.35375 -1.54558 0
-9.34114 -127.96 63.7127
24.6641 -43.8244 27.0639
0.428553 1.81115 0
3.57736 -41.2959 7.58171
-197.452 -55.1641 25.3057
-2.59579 1.59587 73.7922
1.01187 -0.449618 0
-45.1603 -1.65273 61.1611
-56.1485 0.773924 10.5311
7.65086 -10.1348 0
-77.3812 -1.49931 43.3478
-35.6005 -48.7151 15.4543
19.6623 1.66535 32.9894
-45.111 -23.5558 25.6281
0.79059 1.4008 0
0.126201 1.49006 0
-0.381059 1.57287 0
-0.613388 1.61382 0
-12.5285 12.0892 0
-1.49526 -4.65788 0
2.68167 3.09398 0
77.1564 67.2113 0
-1.61402 4.1761 0
-11.3351 21.0621 115.761
-128.637 -51.8506 9.97189
41.4643 -103.865 69.5602
-2.27439 1.20916 0
-13.0001 -6.82416 69.5104
-2.12207 -0.0872784 0
-78.7078 -87.6855 10.2796
4.46244 -14.4799 0
-0.418441 1.80033 0
2.58881 -10.2213 0
28.2123 20.8775 4.76458
-20.9076 -5.36518 0
-3.18424 -0.874321 0
-3.79737 -0.584467 0
-2.38583 -4.4999 0
-2.00129 -0.144311 0
-0.299989 -3.86608 0
-0.0200558 -3.2119 0
-2.90023 -19.5783 0
0.419042 -4.12005 0
-1.03951 10.0529 0
-1.56801 -5.84768 0
56.454 -75.7533 61.3217
-5.31149 37.4533 73.0672
-1.29327 9.43056 0
-25.3032 70.9123 43.3725
4.62077 -8.70715 0
2.29225 -0.843386 0
-0.299988 -51.2204 95.8278
0.200235 -62.4825 9.775
-206.029 118.637 29.4556
119.09 -331.105 174.588
-0.523485 4.19318 0
0.433582 1.25885 0
2.80617 2.41572 0
47.5993 14.2749 0.0457176
78.8811 22.1254 1.78531
0.228662 1.50288 0
-0.300017 -0.30002 47.4396
-0.3 -0.300032 94.5478
-0.300002 -0.300096 49.0698
-41.7187 29.6447 49.6119
14.4842 -31.7627 0
-2.53835 5.42532 0
9.96932 58.623 59.6549
-99.209 65.238 122.536
12.9232 43.8264 33.9186
20.3584 9.07182 0
37.6326 16.9623 42.7512
6.47851 -92.9942 14.3563
6.52877 57.2934 40.9289
-0.300561 24.4873 0
1.15784 -31.3361 12.1955
0.958321 2.53498 0
-3.1265 -0.595768 0
9.79405 1.36523 0
-1.0785 -0.626354 33.8778
62.5164 63.0623 65.0986
155.608 -195.12 60.0945
0.243306 -2.63429 0
18.6574 42.9678 42.1892
7.56434 -42.7446 58.4241
-1.28493 -53.971 0
15.934 -86.0663 47.5288
0.658573 1.44254 0
-5.13733 5.4056 0
-81.4394 -39.9975 9.6626
17.6449 -101.86 24.8234
-0.729592 -2.17014 0
-1.01835 -84.356 33.9979
43.9567 30.8284 33.3672
-0.299867 3.82895e-05 47.4536
-0.3 2.87371e-08 94.5903
-0.299887 3.24171e-05 49.1081
-8.16201 -10.8557 30.0744
-2.17749 -2.49048 0
94.5994 -84.1565 57.4702
7.5198 -0.77856 3.89735
11.4241 -0.255774 29.0229
2.58456 0.615508 0
-28.4845 33.2746 75.5507
6.96382 20.8066 0
-0.018773 -1.5215 0
7.12641 48.2974 46.9382
-3.72341 28.205 44.3877
3.33002 -0.42268 0
54.8077 1.28932 44.9409
2.67563 8.02173 0
-3.04923 1.84515 0
-53.4424 -78.4103 18.2743
0.316432 -2.8314 0
-20.653 99.9433 111.12
-19.5444 60.5769 100.828
5.18487 70.44 0
7.44751 -42.7256 59.1444
3.60868 -7.60098 36.3455
-3.90185 1.90715 0
9.95841 31.6382 15.3175
7.62787 56.2485 29.4171
18.9936 32.4792 40.1977
-3.72904 0.380768 0
-23.1858 -78.285 0
-8.02078 -53.0033 14.1292
0.763469 0.128424 0
-0.299883 0.300034 47.4402
-0.299935 0.300051 94.548
-0.300051 0.300108 49.0703
9.63524 9.52127 0
-1.4382 -1.52485 0
11.7603 46.7315 3.73778
-51.1036 -63.9946 38.5329
-20.4424 -43.3923 115.284
-10.1092 -29.8159 35.3166
-6.35002 33.7294 65.4022
14.0601 15.4092 0
-0.340839 1.98118 0
-0.299985 62.0688 90.9037
-0.799696 62.4822 9.77491
-0.386217 -2.97282 0
-16.7969 32.9143 25.5366
-3.28881 3.01246 0
-1.65905 -21.6065 0
6.7152 22.637 0
-12.2643 -30.9937 0
5.84821 13.8839 0
3.77897 2.12839 0
-0.291625 3.41831 0
-133.763 -61.1216 67.3072
-1.1351 -71.5113 1.04533
65.717 77.3054 140.967
-1.41887 -4.14598 0
41.0184 -0.214905 33.7382
15.3514 110.303 30.1281
-38.8267 -63.1377 92.4256
1.78851 -8.85603 0
0.0401416 5.33019 0
5.72198 1.74312 0
0.582678 1.66162 0
-4.49309 -0.701481 0
8.59731 2.23628 0
2.48284 -3.10371 0
1.89689 -1.93517 0
5.52809 -4.28372 0
20.0876 66.0556 7.10511
-4.96853 5.13165 6.62171
-11.6568 5.24462 0
25.3352 -19.117 13.8603
4.81223 4.33379 0
7.8139 -7.70607 0
11.445 -9.17923 0
7.16146 9.32964 0
1.55619 -4.13733 0
0.0507732 -3.92779 0
15.5293 69.2092 26.4259
-0.519639 6.20653 0
25.3911 59.5078 10.373
16.2209 -7.97718 3.7968
0.452241 4.55974 0
1.04929 -0.489607 0
-28.9062 -11.4229 0
59.3051 6.691 40.4671
24.7224 -0.301207 0
5.53982 3.28635 0
2.14784 0.283046 0
0.423779 -2.25089 0
-49.3043 -11.7816 35.6644
-17.3419 -58.4864 7.04515
-48.3427 31.7375 32.6354
87.2772 -58.761 43.1179
-0.644409 1.2534 0
-0.446458 -0.118021 0
2.11216 4.15516 0
-1.29515 -4.15955 0
-37.8644 60.4368 62.0058
-23.5441 36.3233 73.7015
0.351128 1.59233 0
-11.141 31.141 0
38.2791 -55.9003 0
-0.19302 1.35729 0
-1.02849 -5.29876 0
4.25933 -0.604235 0
0.440981 0.184784 0
180.676 5.37615 1.95677
29.6551 39.4539 34.4541
-105.554 74.9345 10.0228
-2.19302 2.54738 0
64.1555 -44.4255 0
16.6042 67.6716 49.2452
0.42032 -1.93127 0
42.8158 -28.6533 0
59.7394 -54.1995 37.4566
-116.346 30.7579 26.049
-2.89891 0.249828 0
57.2109 6.84162 40.9621
24.4824 0.000305361 0
0.427622 -2.33661 0
-47.1802 17.8398 44.2736
15.5857 -1.37671 0
1.04623 2.80904 0
24.2109 21.3033 0
-2.30784 0.813175 0
-6.42186 -1.52114 0
-4.41562 -2.65934 0
55.0039 101.098 125.103
-88.6222 -144.923 92.2891
-162.803 29.7404 104.253
11.058 -109.158 42.737
-12.0258 -18.0193 3.05544
31.8431 7.26842 0
-22.4315 7.0903 28.8174
0.626576 1.86888 0
36.2512 -19.5917 0
-0.424455 1.17818 0
0.708214 1.71909 0
1.29555 1.97912 0
105.14 29.5976 133.297
9.26 -9.81742 0
-6.81599 -8.36911 0
2.49201 2.21339 0
55.1963 -85.6495 67.2665
-35.8221 47.2409 0
36.5697 81.1477 0.569027
-19.4901 7.61826 0
1.85585 3.26523 0
-11.7481 32.3564 19.6257
-2.13131 -0.200868 0
59.5789 -2.15584 41.3225
24.4699 0.301804 0
75.3631 39.8682 20.3945
-0.237828 -34.9588 21.3362
38.7584 -16.2292 57.9065
5.328 -1.22101 0
98.9179 -28.2124 33.9215
9.35824 -0.490824 0
-17.6366 -78.6801 29.1467
-3.55244 -0.299314 0
0.329993 1.47321 0
10.1482 8.59579 0
11.0651 4.35631 0
-14.7461 -80.312 0
1.92433 -2.4659 0
34.7183 -4.30651 8.91461
2.60298 1.36126 0
24.0371 -2.46633 0
-6.74859 0.49137 0
-0.410414 1.19713 0
-0.163642 1.75674 0
35.3948 195.402 135.701
-7.59822 4.38165 0
-34.3569 -64.1397 95.9021
2.77224 0.968631 0
-14.1925 -35.9269 7.60783
116.277 -57.1678 64.0443
11.6502 -20.2563 28.4032
34.4711 -4.37816 16.802
-29.4222 44.2521 7.81764
-3.13909 -0.733482 0
17.7678 -79.2792 22.7454
1.0705 -2.34904 0
-5.2972 -63.9615 31.3318
-78.302 112.181 86.5726
-0.720251 -2.75996 0
-9.49959 -13.6664 61.3355
1.72378 -2.8905 0
1.09568 2.02175 0
-0.221186 1.41897 0
4.14276 -3.49872 0
26.3361 -13.7436 14.9193
1.18 6.61644 5.63182
-23.9468 -22.137 0
-10.8534 -9.25257 0
14.7529 107.169 23.3013
1.53952 59.7388 58.4878
-29.2612 15.899 0
57.8567 59.2313 26.6536
126.434 -29.4217 64.4029
-39.675 -34.7104 2.60783
-38.9544 19.5755 45.1255
9.86508 24.7732 56.8519
5.6584 2.77621 0
3.52009 -1.93463 0
-45.0184 7.54531 58.3374
-24.7712 -0.300852 0
72.7075 90.104 3.27364
0.974911 -1.62399 0
44.9663 12.0801 6.50095
24.3688 -66.408 29.132
52.1596 -7.04546 7.32667
-3.47056 -0.730453 0
1.0432 67.8671 51.6756
29.8779 -41.4972 7.94518
2.25937 -0.410646 0
-60.1178 147.881 0
-4.88829 28.4791 46.0569
3.06503 -3.24897 0
-0.203361 1.3688 0
-73.271 -37.4662 73.5295
0.474577 1.42546 0
51.8262 178.103 6.18433
3.95521 13.7317 0
-55.6768 129.962 6.78383
-2.57276 0.327488 0
-0.514275 1.87071 0
32.4836 24.2949 89.167
-34.8656 26.3134 37.1065
142.623 -95.5905 55.8819
-10.5519 -24.5287 0
17.9984 135.169 42.0837
10.2134 54.1614 12.1792
35.6632 55.5571 5.46778
-0.726093 -0.464549 0
-3.88985 -4.71856 0
-0.614568 -4.68929 0
0.791676 1.58935 0
-42.9238 7.75624 59.1559
-24.7827 0.000146137 0
-5.33124 0.934797 0
-25.7346 -2.15979 61.1799
-10.2646 -0.530412 0
-7.28263 -0.254095 0
-42.6325 1.11859 0
-4.42462 3.97189 0
13.1364 -11.954 0
-3.0231 -0.0495501 0
-1.30551 1.62103 0
1.2438 1.94788 0
-13.1453 -34.9186 45.0252
19.9293 -63.3619 10.4165
-15.1097 -12.0172 9.62301
-37.2941 42.5003 44.1612
-3.41457 3.48409 0
0.765482 -0.460702 0
38.0415 -22.8022 6.91489
0.02051 2.98001 0
-1.21722 -1.2904 0
-0.117635 2.90041 0
60.7983 -151.22 25.1294
-7.92612 -7.7416 0
28.6238 -51.7666 135.149
0.70865 -33.9308 0
-96.4624 -42.8766 30.51
-0.018819 -8.37648 0
0.543059 1.38534 0
0.367731 1.70901 0
-10.1689 25.6316 0
-0.390488 -28.5688 28.6632
1.20376 1.51691 0
-44.8579 -1.65196 61.1605
-24.7714 0.301215 0
-5.59105 -15.2334 4.32684
-77.079 -1.45505 43.3786
-2.76128 -3.37126 0
-1.44211 -5.92295 0
-1.01912 3.32809 0
-9.53745 54.1713 56.5973
-2.81734 3.81579 0
-10.4333 -2.94765 0
-46.0792 28.2924 5.93467
-12.2284 12.0891 0
2.38342 6.54019 0
-0.0419047 9.47919 0
-25.8198 48.4543 4.1226
-0.234178 3.36928 0
111.475 30.1676 106.693
-2.93584 0.646507 0
12.074 -3.83133 45.2433
47.162 21.285 38.039
-66.6953 -25.8249 61.309
-3.78669 1.25985 0
-4.32833 6.92898 0
-40.9486 -14.1466 66.5842
-25.3209 59.2358 0
-10.3441 14.7751 0
-10.0225 88.9595 0
88.4366 53.1325 1.83364
-0.733809 -0.165246 0
0.704817 -1.70721 0
-8.27022 8.07706 0
14.0205 36.0989 25.4629
-0.00133234 -3.86626 0
0.347499 -3.49899 0
-2.59667 -19.2543 0
0.717499 -4.11989 0
-0.699258 10.0926 0
-9.82747 3.33286 0
-2.08156 -5.23198 0
-4.6623 48.172 65.5417
-8.64248 3.54332 15.0682
-24.7979 58.0157 29.0481
-2.02883 10.2398 0
0.992686 1.80829 0
1.1843e-05 -51.2203 95.8279
0.499486 -62.4829 9.77537
-4.52405 -0.326025 0
13.7717 13.0187 73.6193
-2.50944 14.1041 0
34.8061 -94.3985 77.0185
-4.06185 37.7612 9.59537
-21.6508 -6.83024 0.506546
-5.00187 55.3921 8.66049
23.7558 51.4599 27.6734
-0.00018521 -0.300186 47.4399
5.34143e-08 -0.300032 94.5478
1.35314e-05 -0.30056 49.0707
13.968 -14.6989 16.888
-24.857 -33.9015 19.1361
17.6583 1.43981 13.5483
8.39112 2.70532 0
-24.2514 -33.024 23.058
31.8008 20.1342 27.4745
-16.9517 14.1853 11.7618
2.43236 5.70914 0
6.70577 -93.0442 14.2331
6.83367 57.2953 40.929
0.000404921 24.4881 0
-3.08451 -12.1581 0
1.32326 2.4549 0
-1.22899 3.11406 0
0.869187 2.34965 0
0.0630195 -4.76385 0
-17.5504 -8.398 20.4154
-0.33506 -3.21765 0
16.4382 -8.86196 0
2.81126 -1.58823 0
7.86483 -42.7442 58.4239
-0.984992 -53.9705 0
4.35106 -0.0484513 0
-4.27007 15.8126 0
103.106 -1.25089 194.226
3.1456 -10.4862 0
97.3372 -16.2649 74.3631
1.8025 -1.96809 0
-9.69415 -79.6704 125.232
-3.41362 -1.79729 0
9.24144e-08 -2.02605e-07 47.4528
0.000120562 3.47092e-05 94.5907
8.65266e-05 -4.96236e-05 49.1076
6.87426 44.2143 60.4386
-14.338 7.09534 13.9282
-1.32866 -1.56402 0
8.13138 -0.715887 3.6625
12.1744 2.13972 27.894
61.7286 79.3767 104.995
22.967 52.3443 60.8343
1.92536 0.836474 0
0.52175 -1.57911 0
7.42717 48.2966 46.9378
-3.42334 28.2048 44.3877
17.1449 -27.6465 0
-3.67273 2.28365 45.5048
-0.624621 13.8238 0
-6.0148 8.06772 0
-70.6611 -84.3544 0
0.406458 1.46665 0
-0.357191 -1.4216 0
32.0698 -14.1233 5.22645
3.77152 54.3502 0
7.75231 -42.727 59.1469
3.91351 -7.61312 36.345
0.249653 -4.25569 0
12.3452 37.575 13.9717
-5.68524 106.791 27.2338
3.33696 -13.2702 0
-2.98088 1.67412 0
0.361329 -7.63803 0
13.5751 -28.2696 0
15.867 -73.9471 55.2842
1.00539e-07 0.3 47.4395
0.00031285 0.300122 94.5488
9.53198e-08 0.300085 49.0698
17.8919 -4.80595 6.40585
-1.24833 -1.95695 0
-53.3412 112.956 36.1359
-151.678 6.22951 41.8501
0.159632 -3.71519 0
5.34484 6.56499 0
-2.12333 0.287884 0
-0.718607 -1.17461 0
0.353309 -7.26175 0
0.00025787 62.0692 90.9044
-0.499424 62.4834 9.77541
-0.0668159 -2.95864 0
-1.08565 -1.43187 0
20.2184 -20.3668 0
-74.5222 24.4783 6.4053
2.38458 3.77333 0
-30.865 12.2519 0
0.918444 -3.42322 0
-25.3888 31.1937 41.0871
0.0063887 3.41786 0
6.97623 -0.453393 0
0.864499 6.31242 0
-68.8969 70.0975 5.11898
-3.29971 -4.68612 0
-5.13596 4.98107 0
17.0612 129.372 35.6826
-19.4229 -41.2591 44.7232
10.4561 42.5066 111.901
10.8006 -14.8775 0
-13.1621 -37.6471 142.163
-1.87823 -3.67492 0
-114.332 -15.3444 13.2614
12.4439 -1.1697 20.7991
-125.458 39.8413 40.262
68.4551 -158.037 22.0168
81.8249 54.7233 92.234
-180.63 20.5889 85.4548
63.175 43.9487 2.45098
-8.1211 32.6445 3.40034
-22.6102 2.37037 0
-0.449428 0.407893 0
8.09505 -7.69374 0
11.7453 -9.17931 0
0.666981 6.98483 0
-6.38697 -12.291 0
1.28441 -6.68694 0
-7.30705 -4.87973 0
22.6587 -5.66796 0
-29.7181 -7.70465 64.0657
20.3133 -6.98763 2.06229
-0.150681 0.178553 0
-69.0638 60.4904 21.0972
32.4053 -99.1791 10.2786
59.603 6.69582 40.4639
24.7715 -0.30065 0
-24.1434 -25.686 0.0710707
3.07746 0.498427 0
-32.941 -17.0017 9.66642
35.203 43.9895 11.5474
49.0827 -61.8828 0
-24.1506 -26.9596 1.93066
1.55807 1.77111 0
6.43713 -8.88502 0
3.18322 1.37803 0
2.92068 4.93807 0
-0.949294 -4.16196 0
17.6066 46.7906 110.014
36.2385 63.415 0
0.540057 10.9104 0
-20.3946 -240.43 66.6015
-0.121301 -0.434348 0
2.01222 -0.255326 0
-18.9139 -55.6522 128.453
16.523 -11.0219 0
31.9013 72.1839 23.5362
180.597 9.98217 2.68443
28.335 38.6687 34.5469
-106.725 75.7725 9.5731
-0.163555 -1.42996 0
23.4635 -112.976 3.68857
-74.3897 -17.8255 59.4016
-78.0082 6.71881 24.2782
-2.91906 -0.73885 0
-25.8948 -99.0939 0
10.2379 -16.4164 22.7413
24.3911 91.2333 28.342
57.5031 6.84051 40.9528
24.7821 0.000604801 0
-28.8439 26.6051 73.7284
-82.9517 -8.35072 0.816497
104.073 74.1327 0.780629
53.5592 -21.8434 6.62074
-10.4296 -53.3262 9.71888
-18.0946 -9.42374 0
2.1344 3.03209 0
-76.8058 74.1547 160.538
-0.60273 1.4613 0
1.20387 -1.76553 0
-0.348031 -1.8826 0
-19.319 -101.907 51.6595
26.3878 130.407 83.326
-29.0355 -17.6708 2.74623
-46.0445 20.5153 1.30133
-123.119 -18.9544 118.746
23.2403 -7.95482 4.83747
-5.32291 2.04743 0
36.0242 -198.802 68.0529
64.0797 -40.8664 135.939
93.9444 35.1015 157.619
-50.8927 32.2652 0
-3.81629 -1.82574 0
-1.53011 2.09276 0
59.3865 -16.2053 25.1175
-16.4286 39.4297 11.0162
86.0429 -6.68531 71.1348
46.829 156.785 74.5182
64.9794 22.4654 95.1172
-78.3009 47.7258 75.7562
-0.537007 -1.34516 0
59.8772 -2.15962 41.3196
24.7712 0.301578 0
1.93213 0.505208 0
-77.2048 -14.8416 22.0712
-8.61682 -8.44417 0
4.60655 3.87004 0
77.6036 154.22 51.9343
38.3983 -65.571 44.7368
0.482397 33.1969 95.1265
-75.0729 -102.876 200.786
-3.11299 3.79157 0
10.4484 8.59586 0
11.7168 5.27774 0
-14.3148 -80.3085 0
12.4539 -9.6751 2.94237
17.9471 -130.025 5.87606
-31.2486 -82.2813 28.8861
-2.16964 2.72707 0
73.8353 44.4747 75.5625
24.0523 14.6288 2.69135
79.9485 14.7163 33.1839
1.05567 -3.24868 0
-7.48751 2.91 0
35.492 -85.6954 20.9676
0.322443 1.49293 0
-0.736364 3.6472 0
2.4369 5.2568 0
0.35159 4.52127 0
4.63173 -4.20018 10.0821
-11.2644 -14.3369 0
46.4769 15.7276 0
331.022 39.5646 40.8179
1.74835 2.25457 0
29.9491 -79.1818 51.8145
36.7515 -21.3418 2.99473
-1.64729 -1.47583 0
-51.1555 -99.2335 111.133
-4.88619 -7.39758 0
-4.00691 46.6178 39.8238
-5.25562 71.0734 6.95274
-41.8317 22.8291 0
-2.1205 -3.06839 0
-9.79002 40.9054 29.4523
-25.1709 -23.6333 0
-10.5532 -9.25249 0
15.0587 107.169 23.3194
1.87531 61.2984 58.9761
-59.1458 -9.66172 23.8995
-17.6382 -4.85228 33.2377
5.11806 -1.06137 0
-2.68085 -3.47641 0
-2.8076 3.32243 0
-105.848 22.6812 13.1843
0.572316 -1.68645 0
-53.9259 46.0721 0
-44.7186 7.54107 58.3422
-24.4699 -0.300652 0
97.7371 41.3835 68.759
2.27444 4.38525 0
-5.20699 -0.617604 0
-77.4552 35.8505 1.69177
0.805389 1.25471 0
-36.1918 -46.1844 0
20.319 98.2835 186.173
-21.0843 -6.34096 19.1676
1.57637 -1.77379 0
-61.131 149.076 0
-4.276 -47.4571 37.0664
3.07944 -2.87162 0
-2.48539 0.969192 0
110.403 -45.5614 20.4566
-2.07236 -4.04589 0
2.05736 -1.61432 0
0.349763 1.98142 0
-4.12357 1.39823 0
0.651423 -1.8678 0
0.67537 -1.94361 0
33.1636 22.085 84.1887
-35.4995 26.052 36.9374
97.2816 -3.01457 3.2956
-4.59595 -1.93849 0
2.61295 -111.128 0
3.47212 2.19267 0
-150.6 -12.9595 98.4696
-51.5754 -49.8395 27.4689
-75.3477 -52.7988 27.4545
50.4878 -6.28438 41.7391
-2.09341 1.56423 0
-42.6256 7.75747 59.1686
-63.9083 -5.2283 0.908426
-6.6852 2.57879 0
-2.32395 0.713422 0
-9.18275 -0.51496 0
-4.15991 -1.71679 0
-42.3128 1.11791 0
13.0213 22.9272 33.0376
-55.6411 -44.2998 49.4576
60.3806 -39.6632 42.9074
1.5424 1.32228 0
1.58744 1.88632 0
-14.0735 -33.9918 45.2664
1.52883 -7.73334 0
1.983 -18.868 0
-2.10649 4.60937 0
-47.6996 -7.16671 34.6912
-16.728 4.76508 50.7021
2.0523 0.856938 0
-80.2399 22.2337 198.588
21.6214 10.5882 16.4372
2.39386 -0.192949 0
59.9721 -152.203 24.5325
-7.62188 -7.75568 0
-57.6476 3.34892 117.472
97.3787 -40.7953 11.4205
15.2629 19.0213 0
-0.171223 2.53711 0
3.03532 -1.73447 0
-5.40391 -7.73126 0
-24.6087 -39.3801 0
0.0839005 1.78759 0
0.55519 1.6992 0
-44.5587 -1.64923 61.164
-24.4701 0.301639 0
-6.62604 21.9523 20.6775
-76.8079 -1.36866 43.4759
-2.48746 -8.52639 0
3.00656 3.3929 0
17.0774 -135.906 74.2629
25.9672 -17.4101 37.6314
-19.3078 13.7424 0
-69.0617 -84.1437 4.95994
31.6712 36.1755 0
-11.9283 12.089 0
-2.10871 8.44982 0
40.6473 24.6423 0
-15.9988 -5.28204 0
-2.10455 0.0591553 0
-125.425 69.6639 15.7989
-27.1356 9.965 5.30755
-37.1196 -18.0846 8.10884
-35.3973 20.7273 15.6416
-30.8308 34.6411 33.3664
50.104 1.72628 0
-77.4246 -88.6086 12.2803
18.1281 1.8909 6.73501
-1.48904 14.9623 0
42.4203 -21.5899 0
16.1291 2.64065 0
3.91934 142.584 124.354
-4.09568 -7.86674 33.4148
2.39667 0.51327 0
-4.97384 -15.0201 0
-3.66149 1.40977 0
0.297738 -3.8636 0
0.861937 -3.31497 0
-2.28188 -19.2515 0
1.01264 -4.12283 0
-0.253403 10.1022 0
2.55885 -1.33373 0
-35.2386 -59.4093 46.862
2.15129 67.8147 50.9777
10.7274 3.37435 0
25.1522 52.8819 24.7844
-3.55466 19.0295 3.24219
0.284299 -1.37957 0
0.300011 -51.2204 95.8278
0.799505 -62.4824 9.7754
20.934 30.7638 69.9111
12.7208 0.24883 0
-1.72922 10.3553 0
44.2282 -94.6051 83.8876
2.26886 0.576104 0
-1.86696 -0.381431 0
41.1618 -55.4304 58.2718
24.9693 15.5409 14.7603
0.300241 -0.300241 47.44
0.3 -0.300032 94.5478
0.300322 -0.300789 49.0711
6.92325 -1.61248 3.18018
-7.62282 15.9215 1.4148
46.5538 14.7419 55.9721
8.71955 2.87361 0
-15.8488 2.44136 0
57.4854 -97.436 26.5723
17.2639 6.65662 38.0914
24.9813 37.9333 8.29033
6.92052 -93.2198 13.757
7.13883 57.2905 40.9262
0.301061 24.4881 0
5.29559 -0.630698 0
1.52891 2.42758 0
11.8415 22.9815 0
37.0876 -24.229 49.5259
4.00072 -63.7904 4.5715
-10.0367 13.4011 0
16.0298 13.794 0
-30.5324 -8.68404 0
2.68909 -0.364135 0
8.16502 -42.7443 58.423
-0.685308 -53.9715 0
-24.7776 -39.2704 7.99943
-34.8252 -0.691654 0
-89.4002 -137.021 148.127
-7.17323 29.4431 42.3148
33.3972 41.1128 23.5955
11.867 9.90411 0
43.8111 -73.1365 75.8843
33.7724 47.6674 13.9355
0.3 -3.20082e-07 47.4528
0.300042 1.20031e-05 94.5904
0.300127 -0.000109333 49.1077
4.32275 -3.21619 0
-3.13126 8.77126 8.67215
-4.48369 0.377165 0
7.93143 -0.866535 3.29676
11.7858 1.95347 29.511
4.8426 7.95453 0
36.8913 56.1924 74.5014
11.5063 24.4245 3.33444
2.00666 -1.11183 0
7.72763 48.2958 46.9364
-3.12248 28.2044 44.3881
-2.59644 -0.306774 0
-0.15799 -0.139571 0
1.55507 -4.67575 0
8.9313 114.155 0
2.2248 -8.34026 0
-0.697916 1.44313 0
-1.57365 0.38703 24.3254
51.8235 120.249 6.43589
1.18885 16.7783 0
8.05617 -42.7237 59.141
4.16996 -7.64298 36.3666
-5.28102 -2.15415 0
10.6358 11.4891 0
3.5115 9.78228 0
-48.1681 2.17816 74.7674
0.500609 -53.447 1.93896
2.2447 -1.29591 0
-3.10801 -38.4192 0
-25.1236 -26.5509 0
0.300043 0.299992 47.44
0.300192 0.300088 94.5484
0.300084 0.300105 49.0703
-14.0026 66.7092 18.7946
-179.747 -88.5933 22.2523
-57.64 -19.1303 51.9698
-1.71498 -17.7083 0
-16.6375 -34.4145 9.48248
37.217 30.3305 59.7971
8.88877 5.8915 0
-54.9141 -6.41351 168.123
30.7855 34.5791 0
0.300231 62.0693 90.9043
-0.199449 62.483 9.77498
0.237044 -2.96295 0
-1.11004 -1.22909 0
-3.41589 -35.0124 0
5.81286 -3.61977 0
1.7481 50.9929 12.8596
2.48261 1.76556 0
72.4996 26.8185 65.3422
1.27342 -1.82348 0
0.304747 3.41822 0
9.06774 -2.96032 0
-39.988 -10.0141 0
2.83746 4.54807 0
-2.95806 -4.6845 0
10.9523 -1.53242 165.546
1.82797 -1.53673 0
5.32095 -55.0307 53.0066
-4.54513 -17.3409 6.43297
-18.6075 37.2512 20.4504
142.09 211.391 88.2955
3.19242 -3.15049 0
-59.0177 -62.1147 43.509
36.8116 33.6593 0
1.92645 -1.97248 0
-4.91236 -4.18762 0
8.32684 -4.88693 0
3.466 -2.84834 0
-18.9047 114.01 23.3032
-4.93855 -2.78053 13.1227
-24.2671 7.30465 0
171.42 -84.1695 39.6718
8.28587 -7.70311 0
12.0455 -9.17947 0
0.630154 7.11077 0
1.16945 -2.80977 0
1.81555 -3.28358 0
-12.4561 -38.1238 16.7228
4.64852 5.22999 0
-2.63047 1.56945 0
37.4611 -11.8614 0
2.22398 -1.16955 0
2.1913 0.0330651 0
-77.2095 208.672 16.941
59.9123 6.69719 40.4754
50.6434 2.58781 15.1046
-19.8644 -17.9323 6.85767
-58.54 -56.6508 15.0006
35.6576 143.356 32.9076
-47.7966 -96.5811 145.976
-118.989 -3.64146 34.8201
-72.883 -15.1633 34.6013
22.4431 39.5355 13.9148
8.13805 6.19984 0
9.11823 9.3722 0
-42.1194 -111.346 82.905
-0.339865 -1.79517 0
34.7846 120.811 99.5914
0.183261 0.148392 0
118.05 138.855 180.428
-82.6138 -59.7585 33.9353
-0.369684 1.20248 0
2.61174 0.699934 0
9.45293 -113.363 25.2372
62.6732 -23.9908 201.3
1.56087 -2.23323 0
104.728 37.6607 0
0.0833869 42.7744 37.2282
26.4612 19.0957 81.5881
1.98861 -1.46025 0
-57.6904 9.5492 5.28039
-2.96272 -2.67707 0
2.00554 0.0048405 0
-0.927748 12.9546 0
0.297204 -2.30034 0
15.3626 47.6046 63.6369
-18.4594 44.7453 88.2769
57.8098 6.84047 40.9616
32.0797 0.141378 31.1893
-76.3252 -24.5124 7.67172
2.75959 0.418042 0
17.7458 -1.52333 0
0.89262 -8.15502 0
50.3971 -10.3171 11.0406
-130.984 123.421 55.0341
-75.4877 -39.7217 0
-38.7436 -9.59083 0.856255
62.3333 104.754 18.9332
1.26371 -1.80608 0
4.243 6.69914 0
51.9873 -89.1589 68.5985
-28.2425 -29.1824 15.6514
-39.6975 -19.4963 24.2427
11.3376 6.65657 0
12.3855 63.5703 2.34001
97.8441 -100.748 3.35944
1.25088 -1.85909 0
4.52703 0.778045 0
113.801 76.3263 12.7461
-246.23 203.723 263.841
7.87887 -7.26752 0
167.652 -88.5775 88.7674
1.95246 1.76877 0
-0.0614434 6.79556 0
3.60503 -3.69543 0
-91.3837 84.5765 44.1617
5.0389 -26.3387 0
103.868 75.5915 79.1332
2.0281 -25.3062 18.625
1.52034 4.04804 0
60.1873 -2.16239 41.3314
50.2316 2.41508 0
-54.493 88.3277 44.2798
-1.93133 -3.66259 0
-32.528 32.3999 51.3708
-77.1287 -83.3726 14.2506
-44.5918 -121.019 13.0056
4.96941 -5.87798 0
47.6313 22.1164 21.7222
-46.1009 -1.14538 0
-5.41757 -26.4818 119.642
10.7487 8.59602 0
56.2642 94.9871 1.50416
-14.6044 -75.8087 0
-62.5758 4.60068 0
28.2329 -6.34155 0
-3.84371 -4.04603 0
-35.5372 -13.3208 0
35.8675 15.5635 18.9928
60.3592 145.544 14.4244
2.16816 -0.545288 0
-14.9778 -5.94192 51.1034
-4.3183 3.30824 0
-6.07339 3.2126 0
3.60345 6.59818 0
20.0603 15.4523 40.5682
3.13192 2.71206 0
2.4432 9.17518 0
-18.8223 24.9529 81.0839
5.04715 -3.89777 0
2.09101 -0.483343 0
-4.91882 68.2835 25.1183
1.59632 -2.54488 0
3.39523 -5.69048 0
-3.83745 1.93084 0
29.1401 -70.2473 0
38.8628 -74.9799 10.5958
7.5261 1.39347 0
3.69839 -1.92203 0
-1.36454 -2.2301 0
1.90245 -5.06919 0
26.4007 -25.1789 4.82197
0.043054 8.26425 0
-18.95 -18.2393 0
-10.2418 -9.19908 0
15.4249 107.204 23.239
2.09914 61.5571 58.5465
47.3217 -81.0089 1.30432
-19.6709 17.5077 30.3864
69.1074 55.4778 20.9379
8.57927 77.5796 47.8602
80.6449 63.1169 15.4611
93.5206 118.786 33.6675
3.60194 50.7878 7.77866
2.34147 0.868301 0
-44.421 7.53993 58.3408
-24.4205 -0.300663 0
-0.177392 2.08554 0
-0.1686 1.55566 0
-2.03663 -2.23798 0
-30.0757 -28.4828 0
-83.276 8.7385 12.6198
-37.1454 -94.7276 9.58637
-2.67384 3.23058 0
-0.138098 1.90439 0
2.55418 -2.11554 0
-62.9833 162.844 0
-28.0228 -38.6175 38.4282
3.58541 -1.21571 0
43.2796 -29.1743 0
27.9438 -18.4951 0
-1.76415 1.1382 12.4298
-0.157523 0.417313 0
48.3818 108.131 42.393
0.848098 -1.77559 0
57.7192 5.8176 73.1424
2.26715 -0.852095 0
28.8323 29.0229 100.743
-35.1961 26.034 36.9461
-23.9132 -9.1413 0
19.967 41.475 0
86.3005 133.779 0
-3.26891 2.01023 0
-6.41381 -6.11026 0
-51.0019 -28.015 11.3766
-38.9641 -37.1631 0
2.24686 0.357674 0
42.5444 65.3103 0
-42.3242 7.75669 59.1676
-24.1784 0.00112212 0
-4.48733 -0.314602 0
90.6179 58.4048 29.9051
2.52239 -3.45865 0
35.4624 36.818 10.8535
-32.577 7.60516 0
15.3449 80.538 34.656
-0.894553 6.64406 0
-28.3927 -2.35587 0
0.240647 1.83238 0
2.84221 1.20192 0
-13.7826 -33.9699 45.2741
114.856 76.4118 25.353
-35.5495 -28.344 37.0789
11.2132 -5.31789 0
3.30224 -0.475761 0
1.20975 1.5901 0
31.1322 -42.0021 90.6425
26.1287 -17.2541 22.6876
-22.4842 -13.4546 24.925
-29.6103 -29.0375 35.1755
16.9599 -153.967 28.8411
28.8131 -54.6259 9.13328
2.60281 -1.12987 0
2.3917 -29.3601 0
138.698 109.361 74.5404
-102.733 -157.058 80.976
-0.146959 1.62169 0
2.15317 -1.07892 0
-5.73835 62.8349 35.9549
1.99054 0.402892 0
-84.344 56.6302 76.5027
-44.2628 -1.64793 61.1628
-24.42 0.302157 0
10.2365 58.1098 73.736
-80.1273 -0.727746 40.3928
-1.46898 -18.4075 0
0.26805 -3.98073 0
1.08428 1.57823 0
-15.1387 -28.6077 22.3812
-12.4392 -6.66489 0
-34.1311 -4.89012 33.8675
0.709685 1.43448 0
-11.0384 11.4348 0
0.185513 13.6658 0
38.7508 23.2379 0
-15.504 4.90616 24.2642
0.589619 17.2628 0
-0.128469 -2.15411 0
-0.148645 -0.428073 0
1.93773 10.8901 0
-1.20597 1.50866 0
-37.4636 -22.1611 37.3119
0.134352 -1.45057 0
-80.0384 -88.0884 8.25193
-41.8329 -28.9269 30.9503
-16.7016 -62.9944 83.7311
69.7423 44.6349 17.4675
60.8155 -12.6709 68.3362
7.66811 183.414 44.1792
105.164 15.9186 24.0686
2.6436 1.75594 0
0.572677 46.3184 22.806
26.6427 78.0386 128.566
0.600784 -3.85387 0
6.14966 -1.32296 0
-1.99465 -19.2381 0
3.2878 -12.9621 0
-2.72368 8.25274 0
3.39331 -4.88001 0
-0.459216 0.185513 0
4.89596 7.07631 0
27.6561 82.2975 68.6162
-0.393243 41.6392 0
17.634 89.581 87.8128
-0.539012 -2.16232 0
0.600046 -51.2436 95.814
1.1044 -62.4767 9.79424
-1.67698 2.2231 0
0.0151363 -3.36851 0
-0.264279 3.52689 0
-18.7924 -114.972 79.2773
0.728162 16.423 0
-2.1176 -21.5977 168.743
-45.163 -46.4025 129.196
-13.6383 -6.03399 0
0.600446 -0.300255 47.4384
0.600007 -0.300033 94.5459
0.600381 -0.300321 49.0684
-10.9424 -4.8188 9.0023
13.4745 -12.8851 0
-9.21777 21.8243 0.485336
6.7877 4.97542 0
7.50726 5.69447 0
-3.26099 1.8925 0
-4.86006 64.9426 56.4022
68.2396 -27.0654 134.514
6.67048 -93.7669 13.0028
7.43628 57.3194 40.9074
-2.31106 67.0069 5.74427
-14.8945 0.205795 0
1.29634 2.57207 0
2.44445 6.9515 0
-15.6651 -21.0815 0
-1.85934 74.5667 0
34.2871 11.9114 61.6311
15.5588 31.4126 28.4454
-33.9015 -6.42037 97.3159
3.06412 -1.88901 0
8.46448 -42.7819 58.4118
-0.380086 -53.779 0
-0.249795 1.46504 0
2.35609 -0.875101 0
38.4119 1.92142 92.0077
-5.25049 4.52724 0
-15.5618 -31.4391 0
239.361 -30.7428 111.094
16.7041 -0.400705 0
0.278254 -3.01065 0
0.600001 -2.00289e-07 47.451
0.600007 2.72247e-09 94.5883
0.600044 -1.27738e-06 49.1055
16.3837 -18.196 5.7896
17.6067 -9.38296 2.31853
11.9308 -4.07792 16.2964
3.72931 2.44588 12.7573
13.9427 13.1571 18.0692
-23.9136 -28.8471 7.36061
-5.35418 -49.5112 0
-36.9801 6.65127 70.1337
-0.218983 2.56307 0
8.02725 48.3319 46.92
-2.82048 28.1934 44.3898
-7.32606 6.0892 9.70749
9.98412 28.653 0
0.431149 25.0098 0
2.09536 1.8097 0
101.413 -43.1133 10.1996
0.403592 4.6467 0
-1.9529 -20.3712 0
119.925 -69.1479 57.7387
43.4876 58.3388 48.6141
8.35285 -42.7587 59.126
4.86425 -7.17846 36.0499
0.520018 -8.38832 0
-0.0164017 3.40606 0
23.6936 57.0016 23.5704
-6.96192 -0.749421 7.39604
-9.35712 -40.9141 26.7851
-1.07186 7.70971 28.0583
-9.02063 -22.9785 4.03784
-32.7717 32.3916 9.08845
0.600154 0.299994 47.4384
0.600079 0.300018 94.5464
0.600401 0.300087 49.0685
2.65046 5.23374 0
-0.683773 -2.14499 0
2.63869 -0.223274 0
-20.3373 -18.8647 15.1361
41.6439 1.47012 40.8878
74.9617 -105.796 52.3791
-3.07794 -63.9252 39.238
4.75025 0.707356 0
-13.9879 46.3101 28.9686
0.600042 62.0901 90.8876
0.100455 62.4809 9.77957
0.53973 -2.94375 0
-1.6165 -1.53592 0
-26.5972 -15.0255 0
2.64706 -35.588 0
-2.34048 1.43984 0
22.6348 -0.0880191 13.6931
-541.451 -229.894 265.519
-68.6681 -27.2181 49.8281
0.606631 3.4166 0
-2.08106 6.03919 0
1.52969 6.20126 0
8.38679 4.9432 0
-2.49079 -4.17751 0
-62.1752 -10.519 1.58419
11.5572 5.26121 0
-22.8193 -59.176 70.8217
-62.3291 -26.3991 0
14.0737 -11.2821 0
2.07959 -1.20187 0
2.36465 0.145456 0
-79.9024 -66.6841 11.6335
-4.73853 50.9632 37.9555
1.37415 -2.18096 0
4.2261 -7.8401 0
11.6868 -10.5824 0
0.548606 38.359 239.516
-16.4993 -40.262 50.3268
-1.70717 51.0794 32.5725
3.32798 -7.17131 0
2.33191 -0.477695 0
7.97409 -7.5876 0
12.3764 -9.24621 0
-2.86028 10.405 0
-4.90078 -6.08294 0
2.88438 -58.9391 0
18.5354 -0.99866 0
1.43026 -3.33324 0
78.5896 -23.3112 54.923
103.912 -2.07103 32.4319
3.071 1.12735 0
13.0695 9.6682 16.9147
16.1108 -66.4336 36.1396
-69.9511 46.2954 44.3176
66.0389 -1.08693 7.32114
-30.5317 21.2268 24.1373
-33.218 2.55011 0
-95.876 97.6801 73.2106
9.39502 -2.17382 0
117.004 31.477 69.5818
-5.28337 9.98188 0
60.9119 -11.8758 0
11.1649 -7.39076 3.96947
12.3934 12.6793 0
56.4355 181.511 7.94258
40.8847 -167.724 5.64622
-52.8085 26.5009 99.0316
-0.0848816 1.79298 0
-41.9239 -9.34645 0
-42.3962 43.4167 0.288423
1.86302 1.35682 0
2.196 -2.07679 0
0.0126551 3.34134 0
-2.13798 0.168877 0
2.18384 -0.471221 0
7.3942 -3.50048 0
-101.401 79.1395 88.1678
-8.67394 3.16214 0
2.56416 -0.31819 0
-18.2784 2.13516 4.97001
-9.4116 30.2757 0
1.88983 -1.94693 0
-3.61041 3.90357 0
-72.0845 21.0203 35.4024
2.53812 -2.13987 0
-0.825164 3.48856 0
-40.9255 42.0542 62.2405
56.2618 0.531315 15.9945
3.66774 -65.8685 39.1555
9.62194 -84.7516 5.34927
2.01669 0.256908 0
1.41242 -5.0646 0
3.16323 -1.29151 0
39.9575 2.93592 58.3853
58.9949 52.5876 49.8362
-136.727 105.174 69.3409
29.6 15.3184 0
94.7568 95.2296 99.3855
-126.594 -24.9809 88.8568
-71.7026 56.4539 56.7354
-0.817543 -2.86493 0
-24.605 -28.0637 51.8011
-106.788 21.8874 11.7148
43.1823 77.9291 0
23.0209 3.79349 0
4.24795 27.6027 0
-93.5681 -69.5227 20.3891
4.59442 -0.322687 0
-106.891 87.5942 103.094
-61.8757 45.857 33.9637
311.073 -84.1899 127.073
1.24566 1.57882 0
-19.3844 -2.02322 0
15.0526 -148.286 75.4322
0.0595073 -86.8287 76.7187
4.14804 -66.9795 4.60755
-1.42849 -1.48989 0
2.86579 5.67618 0
2.4396 -0.425562 0
-73.9541 -3.26531 59.4399
65.7676 2.47683 1.08099
74.6432 89.4801 314.689
3.75157 2.32785 0
1.32248 6.25706 0
0.673123 -1.20646 0
3.19794 -1.39414 0
0.410749 -28.0376 57.6824
-1.62545 -30.4504 42.9024
-2.19598 107.773 67.8453
1.4644 1.52088 0
11.0821 8.65 0
10.1858 2.73594 0
-46.8119 -25.4198 37.4909
1.12002 -5.73188 0
40.8501 46.3749 35.5966
82.2175 24.9302 22.7694
2.21137 6.40197 0
-20.2655 55.0042 152.67
-6.74063 1.22479 8.7982
5.61539 -9.28326 0
-0.771444 -0.457677 0
-4.58813 4.23829 0
-40.8104 36.836 53.9471
2.25456 0.0175604 0
-0.497877 1.35213 0
-12.4704 25.9652 4.01987
3.00603 2.15691 0
-32.8229 -38.5753 0
22.9537 86.0208 45.1618
-9.72383 -12.234 10.1383
68.7261 70.9091 58.2364
2.28974 -0.697412 0
6.84169 -9.68372 0
-2.6961 -9.36293 0
2.10722 0.255396 0
1.87893 -1.94306 0
27.0935 27.8413 0
2.29419 0.908558 0
6.50552 -15.4553 0
2.14025 -0.41388 0
-41.7132 -39.7456 25.4429
-33.1183 26.6694 0
-1.16693 -1.74843 0
-7.16635 33.3729 86.6635
-27.4402 88.1941 40.1961
-13.6489 33.8826 24.8157
32.8768 -36.6055 0
-3.11686 18.9079 0
189.3 -107.757 69.9967
2.1214 -0.323745 0
67.1568 44.5109 7.86037
-7.03773 -94.8677 45.4214
-22.9702 36.5821 77.4498
93.0606 -0.499999 2.60671
-46.3647 7.4158 57.9865
-24.1082 -0.300555 0
-31.9742 -52.8326 10.8293
-21.6216 2.71634 0
-0.138715 1.46879 0
7.71535 3.514 0
-50.4519 0.775475 0.814114
-82.4727 5.27083 39.0354
9.04036 18.2162 0
83.8162 135.608 67.1896
0.677296 1.95072 0
445.422 -266.123 57.1943
-0.4646 -1.56567 0
-0.591607 -3.62413 0
2.30896 -3.81121 0
8.87064 2.49487 0
-25.0218 -35.0476 0
-207.051 145.368 256.248
2.02148 0.0339261 0
2.11607 -0.916237 0
-0.372996 1.29656 0
-25.4483 17.9855 77.0415
-78.333 107.554 159.949
-33.249 38.5499 30.9429
-0.572582 1.44436 0
83.4183 -42.5996 0
1.17197 -2.42673 0
52.4593 144.675 0
3.08802 4.59644 0
0.187406 -1.82511 0
28.5636 32.0115 19.9628
3.80086 10.0106 85.2934
51.8652 1.69691 0
-44.2158 7.63299 58.8248
-24.1165 0.000906573 0
-8.44237 -0.237996 0
-42.9489 11.8274 0
3.3638 20.488 0
17.2187 19.5682 0
12.033 0.395527 0
4.48737 1.34832 0
-25.0804 -17.0928 0
-31.3697 -45.2783 61.4591
-7.84023 12.4077 46.4064
25.6038 -137.372 71.7895
-11.8031 -47.9285 37.6443
-4.36662 4.03374 0
-16.4536 -21.3706 25.1751
-21.0785 -47.2679 26.9702
2.30568 3.92936 0
123.961 21.1888 0
64.1688 12.9205 0
-53.3963 -43.6549 74.7348
-254.632 -12.3952 151.425
1.38637 -1.57313 0
-31.4661 -32.1195 102.333
27.4717 -10.774 21.8297
44.1805 115.45 83.3327
64.7141 -38.839 0
1.83387 5.04441 0
11.3288 -5.7968 3.20586
12.2279 1.42356 0
7.20383 -1.72151 0
28.1854 -122.287 15.9258
-1.1987 -2.07651 0
21.7263 1.8069 0
-46.3114 -1.63246 60.7728
-24.1071 0.301943 0
-21.8188 -50.1237 9.84932
-84.9255 13.4127 5.80725
-75.2778 -106.93 25.5852
-43.4163 -30.0531 33.0382
-6.60893 8.65773 61.7852
15.0811 -3.26354 0
-35.7113 -15.6734 0
99.9925 101.312 116.785
0.396101 1.82811 0
-0.737516 0.471989 0
-114.378 43.6497 46.3166
9.81619 18.8509 0
2.71016 12.3692 0
2.87454 1.90398 0
-8.15182 -0.767195 0
2.34689 0.224988 0
16.7408 5.9436 0
-49.186 7.86283 9.85137
-7.82788 -18.6071 0
-150.706 88.6509 30.4136
-83.9281 -86.6185 1.89602
-2.90743 -3.21253 0
2.5352 0.0423092 0
0.822503 31.825 0
26.6569 75.7906 2.38835
-21.6963 54.8117 113.073
1.9588 0.594173 0
12.2991 17.6557 0
1.02918 1.69405 0
-61.8143 -7.75429 27.0653
0.904078 -3.43088 0
2.08481 -0.292322 0
-1.86531 -19.5397 0
-0.226184 -1.65903 0
-81.2738 -30.3328 69.0542
0.413597 -1.87211 0
4.02836 -25.9874 19.0249
7.49346 4.51395 0
0.653854 -2.80126 0
0.64223 -6.88144 9.27222
5.13992 28.5493 0
0.515152 -1.90577 0
0.900424 -61.7839 88.7407
0.900697 -62.4024 8.3378
2.78681 1.06479 0
0.857501 -2.80477 0
5.29514 -4.72708 0
-15.0642 -14.1342 0
4.5895 -3.42155 0
-5.58324 -47.1801 12.2149
2.00999 -2.46282 0
2.85666 -0.674994 0
0.900103 -0.300059 47.4364
0.900087 -0.300046 94.3183
0.900248 -0.300098 48.8693
-41.2066 -4.91425 11.4352
-7.23033 -1.3321 0
-40.3884 18.3988 51.6192
27.3632 3.37631 0
-4.48313 10.6645 0
3.87515 1.11847 0
-6.34754 21.7538 27.5077
-0.193951 5.92577 0
-0.537372 5.36637 0
-1.38966 67.858 37.8431
0.901304 24.6825 0
10.6 13.3781 0
107.388 3.46708 14.258
-13.3891 -11.2026 25.278
-8.51862 12.401 0.10952
-3.72787 0.761472 0
-30.1497 58.5476 22.1932
-5.54298 -18.2584 1.56121
-4.56187 -41.7726 0
2.55585 1.61378 0
-0.842592 -54.2223 58.4521
0.0311099 -52.4374 2.82701
-15.7241 9.49618 0
-3.1778 -79.237 36.5243
-15.2805 33.147 2.76247
3.42605 -5.99668 0
-23.2639 13.8419 15.6162
6.07675 -5.09555 0
1.16079 -2.11812 0
1.99088 -1.81675 0
0.900053 -5.37762e-07 47.4395
0.900081 -6.45895e-09 94.3683
0.900341 -8.40939e-07 48.9129
6.56321 -19.3385 35.3962
-1.21166 -1.70947 0
-21.4857 -10.6351 12.543
-102.749 27.0194 72.1669
-27.8397 -4.86435 73.6082
93.7516 -71.528 39.6585
19.5771 -17.0815 64.8442
5.323 -5.09388 24.61
2.4373 -2.0571 0
-2.40858 35.7938 58.2971
-2.42046 28.6781 43.1323
-0.3334 1.25397 0
-41.4749 3.12248 38.589
-1.61103 -13.4075 0
-22.9236 23.7568 0
-34.3319 65.6062 35.2456
0.383408 -2.43342 0
2.72941 17.6013 0
1.62202 1.32215 0
2.60332 15.2438 0
-0.857457 -54.1922 59.2971
1.4794 -8.60665 36.7611
-35.0126 -27.1622 11.5281
3.15046 2.25449 0
-67.0683 22.0281 7.36428
4.56072 0.207902 0
0.660656 -2.46529 0
-1.88255 -1.43225 0
11.7562 -91.2818 8.7685
0.923018 1.99492 0
0.900502 0.299995 47.437
0.900159 0.300032 94.3188
0.900814 0.300093 48.8701
-5.16556 9.09857 27.3584
0.70373 -4.95918 0
-25.7712 -23.5354 32.3065
1.37505 1.53486 0
-24.8623 15.4756 10.9997
-3.67926 5.28979 0
-4.7754 -32.0814 32.442
2.11104 1.01955 0
-0.724467 1.82894 0
0.900423 71.6336 82.8384
0.388526 61.9365 10.6788
-3.15867 -4.60359 0
-11.2132 -26.1474 0
-5.90187 -0.638537 0
-3.42053 -3.99255 0
18.4074 12.6051 0
-14.1315 -62.6324 19.7054
-34.9589 20.2597 25.459
0.604719 1.54431 0
0.909739 3.41765 0
27.339 117.366 85.9848
0.594585 7.448 0
-44.17 82.4003 0
-53.2945 3.19984 57.6744
1.30638 1.33868 0
-2.38785 0.613695 0
123.371 -32.1208 0
9.94471 -110.143 36.8833
-2.33257 -1.52228 25.48
2.99453 -0.075046 0
0.833907 1.70773 0
-136.437 31.6376 15.0599
54.7215 50.4856 14.5921
1.9943 -3.15327 0
-25.9583 13.5582 26.8244
2.0752 -1.39819 0
11.0583 -100.386 3.74758
-2.87844 -10.7547 0
0.497198 -2.44761 0
0.308598 -2.29929 0
0.446798 -1.79409 0
2.45067 -0.632678 0
82.1411 -70.7947 121.302
0.167867 1.83397 0
0.551753 6.51382 0
7.46455 -8.16097 0
54.8501 -67.2509 34.698
-11.4775 -18.9862 94.5655
13.6112 -34.8675 15.5699
105.595 48.1397 12.9064
0.931822 2.19408 0
-36.5479 -78.4161 5.29213
73.1243 15.3756 14.3872
72.2699 -0.300023 82.8111
63.4147 -0.299403 12.582
-8.82391 0.826182 0
-0.29289 -1.00416 39.9815
75.5154 36.0728 27.7757
50.4075 29.3871 0
-9.44296 -18.5837 48.4975
16.1341 5.56085 9.57679
0.144601 1.46215 0
-47.771 35.4745 4.92334
2.27305 0.758585 0
1.90582 2.79132 0
-82.4139 101.992 10.1882
-77.7283 59.5154 10.2167
33.8626 -6.27186 0
-67.5128 -7.20344 4.20526
-58.3039 34.3354 30.1358
24.0608 -120.744 9.74671
-22.3985 -21.4189 29.0366
3.22882 -0.117185 0
-25.2798 -17.0714 0
32.5702 -57.3474 40.463
14.778 -15.237 0
-112.183 175.759 48.1769
-6.47899 29.5413 0
-10.0911 3.25769 0
5.5601 -1.76479 0
83.9856 -81.2842 12.9762
-37.8412 16.6573 5.96228
-4.77688 13.3297 0
0.81969 2.5421 0
4.0299 4.12876 0
-0.598341 -2.51107 0
72.212 4.64582e-06 82.8656
63.4289 0.00476691 12.5414
-4.47713 -0.185909 0
-1.42152 -1.55362 0
2.56506 -3.18571 0
-21.0661 -3.08419 33.4381
77.6393 -31.2802 93.7666
-27.1424 -22.5922 11.5242
1.74585 3.23193 0
-55.2512 69.7859 82.009
-42.0319 -5.25946 34.643
11.2235 13.6071 0
-40.1701 79.3856 0
-79.7206 -53.1857 0
10.5422 6.2585 0
2.22116 -0.530912 0
-58.5345 -29.1599 16.9185
-29.6003 -23.6757 51.0282
3.00043 42.5003 0
-96.0902 15.6212 114.093
-61.0673 20.8748 42.0081
1.82097 0.840583 0
1.23398 -2.24998 0
-1.24841 -1.62743 0
-69.0809 14.3695 16.8261
-14.1339 0.69275 0
2.05992 0.437552 0
-3.35924 -15.5044 0
-43.8588 -86.8146 14.1989
29.909 39.1251 0
-21.574 -35.8407 0
88.1613 62.4057 20.3506
-0.419923 -1.43562 0
72.2699 0.300027 82.8111
63.4281 0.308985 12.5301
-8.83517 -1.34624 0
12.4814 -75.7639 34.31
37.4925 -61.4941 0
-2.72498 5.44346 0
-0.900596 -1.87853 0
-0.693496 2.12185 0
-2.80614 6.86533 0
-5.80844 5.61733 0
1.53133 1.44654 0
-5.14249 10.4541 0
2.43479 1.81145 0
63.5198 72.7551 27.5678
15.3571 14.0748 0
10.3118 -0.789286 0
6.23495 -0.364068 0
21.1457 17.1486 67.5401
5.11919 42.067 11.4325
127.724 16.7408 10.8536
-14.164 9.6769 8.59952
2.52119 -0.1882 0
-1.08782 1.46378 0
56.0231 -49.0794 14.8631
-23.6929 -56.4282 27.5974
1.36292 7.54718 0
-9.02515 -20.3495 0
2.57555 0.527467 0
-3.87705 -5.77427 0
17.678 -1.48495 0
1.28412 1.36031 0
1.32405 -2.49692 0
VERTICES 2541 5082
1 0
1 1
1 2
1 3
1 4
1 5
1 6
1 7
1 8
1 9
1 10
1 11
1 12
1 13
1 14
1 15
1 16
1 17
1 18
1 19
1 20
1 21
1 22
1 23
1 24
1 25
1 26
1 27
1 28
1 29
1 30
1 31
1 32
1 33
1 34
1 35
1 36
1 37
1 38
1 39
1 40
1 41
1 42
1 43
1 44
1 45
1 46
1 47
1 48
1 49
1 50
1 51
1 52
1 53
1 54
1 55
1 56
1 57
1 58
1 59
1 60
1 61
1 62
1 63
1 64
1 65
1 66
1 67
1 68
1 69
1 70
1 71
1 72
1 73
1 74
1 75
1 76
1 77
1 78
1 79
1 80
1 81
1 82
1 83
1 84
1 85
1 86
1 87
1 88
1 89
1 90
1 91
1 92
1 93
1 94
1 95
1 96
1 97
1 98
1 99
1 100
1 101
1 102
1 103
1 104
1 105
1 106
1 107
1 108
1 109
1 110
1 111
1 112
1 113
1 114
1 115
1 116
1 117
1 118
1 119
1 120
1 121
1 122
1 123
1 124
1 125
1 126
1 127
1 128
1 129
1 130
1 131
1 132
1 133
1 134
1 135
1 136
1 137
1 138
1 139
1 140
1 141
1 142
1 143
1 144
1 145
1 146
1 147
1 148
1 149
1 150
1 151
1 152
1 153
1 154
1 155
1 156
1 157
1 158
1 159
1 160
1 161
1 162
1 163
1 164
1 165
1 166
1 167
1 168
1 169
1 170
1 171
1 172
1 173
1 174
1 175
1 176
1 177
1 178
1 179
1 180
1 181
1 182
1 183
1 184
1 185
1 186
1 187
1 188
1 189
1 190
1 191
1 192
1 193
1 194
1 195
1 196
1 197
1 198
1 199
1 200
1 201
1 202
1 203
1 204
1 205
1 206
1 207
1 208
1 209
1 210
1 211
1 212
1 213
1 214
1 215
1 216
1 217
1 218
1 219
1 220
1 221
1 222
1 223
1 224
1 225
1 226
1 227
1 228
1 229
1 230
1 231
1 232
1 233
1 234
1 235
1 236
1 237
1 238
1 239
1 240
1 241
1 242
1 243
1 244
1 245
1 246
1 247
1 248
1 249
1 250
1 251
1 252
1 253
1 254
1 255
1 256
1 257
1 258
1 259
1 260
1 261
1 262
1 263
1 264
1 265
1 266
1 267
1 268
1 269
1 270
1 271
1 272
1 273
1 274
1 275
1 276
1 277
1 278
1 279
1 280
1 281
1 282
1 283
1 284
1 285
1 286
1 287
1 288
1 289
1 290
1 291
1 292
1 293
1 294
1 295
1 296
1 297
1 298
1 299
1 300
1 301
1 302
1 303
1 304
1 305
1 306
1 307
1 308
1 309
1 310
1 311
1 312
1 313
1 314
1 315
1 316
1 317
1 318
1 319
1 320
1 321
1 322
1 323
1 324
1 325
1 326
1 327
1 328
1 329
1 330
1 331
1 332
1 333
1 334
1 335
1 336
1 337
1 338
1 339
1 340
1 341
1 342
1 343
1 344
1 345
1 346
1 347
1 348
1 349
1 350
1 351
1 352
1 353
1 354
1 355
1 356
1 357
1 358
1 359
1 360
1 361
1 362
1 363
1 364
1 365
1 366
1 367
1 368
1 369
1 370
1 371
1 372
1 373
1 374
1 375
1 376
1 377
1 378
1 379
1 380
1 381
1 382
1 383
1 384
1 385
1 386
1 387
1 388
1 389
1 390
1 391
1 392
1 393
1 394
1 395
1 396
1 397
1 398
1 399
1 400
1 401
1 402
1 403
1 404
1 405
1 406
1 407
1 408
1 409
1 410
1 411
1 412
1 413
1 414
1 415
1 416
1 417
1 418
1 419
1 420
1 421
1 422
1 423
1 424
1 425
1 426
1 427
1 428
1 429
1 430
1 431
1 432
1 433
1 434
1 435
1 436
1 437
1 438
1 439
1 440
1 441
1 442
1 443
1 444
1 445
1 446
1 447
1 448
1 449
1 450
1 451
1 452
1 453
1 454
1 455
1 456
1 457
1 458
1 459
1 460
1 461
1 462
1 463
1 464
1 465
1 466
1 467
1 468
1 469
1 470
1 471
1 472
1 473
1 474
1 475
1 476
1 477
1 478
1 479
1 480
1 481
1 482
1 483
1 484
1 485
1 486
1 487
1 488
1 489
1 490
1 491
1 492
1 493
1 494
1 495
1 496
1 497
1 498
1 499
1 500
1 501
1 502
1 503
1 504
1 505
1 506
1 507
1 508
1 509
1 510
1 511
1 512
1 513
1 514
1 515
1 516
1 517
1 518
1 519
1 520
1 521
1 522
1 523
1 524
1 525
1 526
1 527
1 528
1 529
1 530
1 531
1 532
1 533
1 534
1 535
1 536
1 537
1 538
1 539
1 540
1 541
1 542
1 543
1 544
1 545
1 546
1 547
1 548
1 549
1 550
1 551
1 552
1 553
1 554
1 555
1 556
1 557
1 558
1 559
1 560
1 561
1 562
1 563
1 564
1 565
1 566
1 567
1 568
1 569
1 570
1 571
1 572
1 573
1 574
1 575
1 576
1 577
1 578
1 579
1 580
1 581
1 582
1 583
1 584
1 585
1 586
1 587
1 588
1 589
1 590
1 591
1 592
1 593
1 594
1 595
1 596
1 597
1 598
1 599
1 600
1 601
1 602
1 603
1 604
1 605
1 606
1 607
1 608
1 609
1 610
1 611
1 612
1 613
1 614
1 615
1 616
1 617
1 618
1 619
1 620
1 621
1 622
1 623
1 624
1 625
1 626
1 627
1 628
1 629
1 630
1 631
1 632
1 633
1 634
1 635
1 636
1 637
1 638
1 639
1 640
1 641
1 642
1 643
1 644
1 645
1 646
1 647
1 648
1 649
1 650
1 651
1 652
1 653
1 654
1 655
1 656
1 657
1 658
1 659
1 660
1 661
1 662
1 663
1 664
1 665
1 666
1 667
1 668
1 669
1 670
1 671
1 672
1 673
1 674
1 675
1 676
1 677
1 678
1 679
1 680
1 681
1 682
1 683
1 684
1 685
1 686
1 687
1 688
1 689
1 690
1 691
1 692
1 693
1 694
1 695
1 696
1 697
1 698
1 699
1 700
1 701
1 702
1 703
1 704
1 705
1 706
1 707
1 708
1 709
1 710
1 711
1 712
1 713
1 714
1 715
1 716
1 717
1 718
1 719
1 720
1 721
1 722
1 723
1 724
1 725
1 726
1 727
1 728
1 729
1 730
1 731
1 732
1 733
1 734
1 735
1 736
1 737
1 738
1 739
1 740
1 741
1 742
1 743
1 744
1 745
1 746
1 747
1 748
1 749
1 750
1 751
1 752
1 753
1 754
1 755
1 756
1 757
1 758
1 759
1 760
1 761
1 762
1 763
1 764
1 765
1 766
1 767
1 768
1 769
1 770
1 771
1 772
1 773
1 774
1 775
1 776
1 777
1 778
1 779
1 780
1 781
1 782
1 783
1 784
1 785
1 786
1 787
1 788
1 789
1 790
1 791
1 792
1 793
1 794
1 795
1 796
1 797
1 798
1 799
1 800
1 801
1 802
1 803
1 804
1 805
1 806
1 807
1 808
1 809
1 810
1 811
1 812
1 813
1 814
1 815
1 816
1 817
1 818
1 819
1 820
1 821
1 822
1 823
1 824
1 825
1 826
1 827
1 828
1 829
1 830
1 831
1 832
1 833
1 834
1 835
1 836
1 837
1 838
1 839
1 840
1 841
1 842
1 843
1 844
1 845
1 846
1 847
1 848
1 849
1 850
1 851
1 852
1 853
1 854
1 855
1 856
1 857
1 858
1 859
1 860
1 861
1 862
1 863
1 864
1 865
1 866
1 867
1 868
1 869
1 870
1 871
1 872
1 873
1 874
1 875
1 876
1 877
1 878
1 879
1 880
1 881
1 882
1 883
1 884
1 885
1 886
1 887
1 888
1 889
1 890
1 891
1 892
1 893
1 894
1 895
1 896
1 897
1 898
1 899
1 900
1 901
1 902
1 903
1 904
1 905
1 906
1 907
1 908
1 909
1 910
1 911
1 912
1 913
1 914
1 915
1 916
1 917
1 918
1 919
1 920
1 921
1 922
1 923
1 924
1 925
1 926
1 927
1 928
1 929
1 930
1 931
1 932
1 933
1 934
1 935
1 936
1 937
1 938
1 939
1 940
1 941
1 942
1 943
1 944
1 945
1 946
1 947
1 948
1 949
1 950
1 951
1 952
1 953
1 954
1 955
1 956
1 957
1 958
1 959
1 960
1 961
1 962
1 963
1 964
1 965
1 966
1 967
1 968
1 969
1 970
1 971
1 972
1 973
1 974
1 975
1 976
1 977
1 978
1 979
1 980
1 981
1 982
1 983
1 984
1 985
1 986
1 987
1 988
1 989
1 990
1 991
1 992
1 993
1 994
1 995
1 996
1 997
1 998
1 999
1 1000
1 1001
1 1002
1 1003
1 1004
1 1005
1 1006
1 1007
1 1008
1 1009
1 1010
1 1011
1 1012
1 1013
1 1014
1 1015
1 1016
1 1017
1 1018
1 1019
1 1020
1 1021
1 1022
1 1023
1 1024
1 1025
1 1026
1 1027
1 1028
1 1029
1 1030
1 1031
1 1032
1 1033
1 1034
1 1035
1 1036
1 1037
1 1038
1 1039
1 1040
1 1041
1 1042
1 1043
1 1044
1 1045
1 1046
1 1047
1 1048
1 1049
1 1050
1 1051
1 1052
1 1053
1 1054
1 1055
1 1056
1 1057
1 1058
1 1059
1 1060
1 1061
1 1062
1 1063
1 1064
1 1065
1 1066
1 1067
1 1068
1 1069
1 1070
1 1071
1 1072
1 1073
1 1074
1 1075
1 1076
1 1077
1 1078
1 1079
1 1080
1 1081
1 1082
1 1083
1 1084
1 1085
1 1086
1 1087
1 1088
1 1089
1 1090
1 1091
1 1092
1 1093
1 1094
1 1095
1 1096
1 1097
1 1098
1 1099
1 1100
1 1101
1 1102
1 1103
1 1104
1 1105
1 1106
1 1107
1 1108
1 1109
1 1110
1 1111
1 1112
1 1113
1 1114
1 1115
1 1116
1 1117
1 1118
1 1119
1 1120
1 1121
1 1122
1 1123
1 1124
1 1125
1 1126
1 1127
1 1128
1 1129
1 1130
1 1131
1 1132
1 1133
1 1134
1 1135
1 1136
1 1137
1 1138
1 1139
1 1140
1 1141
1 1142
1 1143
1 1144
1 1145
1 1146
1 1147
1 1148
1 1149
1 1150
1 1151
1 1152
1 1153
1 1154
1 1155
1 1156
1 1157
1 1158
1 1159
1 1160
1 1161
1 1162
1 1163
1 1164
1 1165
1 1166
1 1167
1 1168
1 1169
1 1170
1 1171
1 1172
1 1173
1 1174
1 1175
1 1176
1 1177
1 1178
1 1179
1 1180
1 1181
1 1182
1 1183
1 1184
1 1185
1 1186
1 1187
1 1188
1 1189
1 1190
1 1191
1 1192
1 1193
1 1194
1 1195
1 1196
1 1197
1 1198
1 1199
1 1200
1 1201
1 1202
1 1203
1 1204
1 1205
1 1206
1 1207
1 1208
1 1209
1 1210
1 1211
1 1212
1 1213
1 1214
1 1215
1 1216
1 1217
1 1218
1 1219
1 1220
1 1221
1 1222
1 1223
1 1224
1 1225
1 1226
1 1227
1 1228
1 1229
1 1230
1 1231
1 1232
1 1233
1 1234
1 1235
1 1236
1 1237
1 1238
1 1239
1 1240
1 1241
1 1242
1 1243
1 1244
1 1245
1 1246
1 1247
1 1248
1 1249
1 1250
1 1251
1 1252
1 1253
1 1254
1 1255
1 1256
1 1257
1 1258
1 1259
1 1260
1 1261
1 1262
1 1263
1 1264
1 1265
1 1266
1 1267
1 1268
1 1269
1 1270
1 1271
1 1272
1 1273
1 1274
1 1275
1 1276
1 1277
1 1278
1 1279
1 1280
1 1281
1 1282
1 1283
1 1284
1 1285
1 1286
1 1287
1 1288
1 1289
1 1290
1 1291
1 1292
1 1293
1 1294
1 1295
1 1296
1 1297
1 1298
1 1299
1 1300
1 1301
1 1302
1 1303
1 1304
1 1305
1 1306
1 1307
1 1308
1 1309
1 1310
1 1311
1 1312
1 1313
1 1314
1 1315
1 1316
1 1317
1 1318
1 1319
1 1320
1 1321
1 1322
1 1323
1 1324
1 1325
1 1326
1 1327
1 1328
1 1329
1 1330
1 1331
1 1332
1 1333
1 1334
1 1335
1 1336
1 1337
1 1338
1 1339
1 1340
1 1341
1 1342
1 1343
1 1344
1 1345
1 1346
1 1347
1 1348
1 1349
1 1350
1 1351
1 1352
1 1353
1 1354
1 1355
1 1356
1 1357
1 1358
1 1359
1 1360
1 1361
1 1362
1 1363
1 1364
1 1365
1 1366
1 1367
1 1368
1 1369
1 1370
1 1371
1 1372
1 1373
1 1374
1 1375
1 1376
1 1377
1 1378
1 1379
1 1380
1 1381
1 1382
1 1383
1 1384
1 1385
1 1386
1 1387
1 1388
1 1389
1 1390
1 1391
1 1392
1 1393
1 1394
1 1395
1 1396
1 1397
1 1398
1 1399
1 1400
1 1401
1 1402
1 1403
1 1404
1 1405
1 1406
1 1407
1 1408
1 1409
1 1410
1 1411
1 1412
1 1413
1 1414
1 1415
1 1416
1 1417
1 1418
1 1419
1 1420
1 1421
1 1422
1 1423
1 1424
1 1425
1 1426
1 1427
1 1428
1 1429
1 1430
1 1431
1 1432
1 1433
1 1434
1 1435
1 1436
1 1437
1 1438
1 1439
1 1440
1 1441
1 1442
1 1443
1 1444
1 1445
1 1446
1 1447
1 1448
1 1449
1 1450
1 1451
1 1452
1 1453
1 1454
1 1455
1 1456
1 1457
1 1458
1 1459
1 1460
1 1461
1 1462
1 1463
1 1464
1 1465
1 1466
1 1467
1 1468
1 1469
1 1470
1 1471
1 1472
1 1473
1 1474
1 1475
1 1476
1 1477
1 1478
1 1479
1 1480
1 1481
1 1482
1 1483
1 1484
1 1485
1 1486
1 1487
1 1488
1 1489
1 1490
1 1491
1 1492
1 1493
1 1494
1 1495
1 1496
1 1497
1 1498
1 1499
1 1500
1 1501
1 1502
1 1503
1 1504
1 1505
1 1506
1 1507
1 1508
1 1509
1 1510
1 1511
1 1512
1 1513
1 1514
1 1515
1 1516
1 1517
1 1518
1 1519
1 1520
1 1521
1 1522
1 1523
1 1524
1 1525
1 1526
1 1527
1 1528
1 1529
1 1530
1 1531
1 1532
1 1533
1 1534
1 1535
1 1536
1 1537
1 1538
1 1539
1 1540
1 1541
1 1542
1 1543
1 1544
1 1545
1 1546
1 1547
1 1548
1 1549
1 1550
1 1551
1 1552
1 1553
1 1554
1 1555
1 1556
1 1557
1 1558
1 1559
1 1560
1 1561
1 1562
1 1563
1 1564
1 1565
1 1566
1 1567
1 1568
1 1569
1 1570
1 1571
1 1572
1 1573
1 1574
1 1575
1 1576
1 1577
1 1578
1 1579
1 1580
1 1581
1 1582
1 1583
1 1584
1 1585
1 1586
1 1587
1 1588
1 1589
1 1590
1 1591
1 1592
1 1593
1 1594
1 1595
1 1596
1 1597
1 1598
1 1599
1 1600
1 1601
1 1602
1 1603
1 1604
1 1605
1 1606
1 1607
1 1608
1 1609
1 1610
1 1611
1 1612
1 1613
1 1614
1 1615
1 1616
1 1617
1 1618
1 1619
1 1620
1 1621
1 1622
1 1623
1 1624
1 1625
1 1626
1 1627
1 1628
1 1629
1 1630
1 1631
1 1632
1 1633
1 1634
1 1635
1 1636
1 1637
1 1638
1 1639
1 1640
1 1641
1 1642
1 1643
1 1644
1 1645
1 1646
1 1647
1 1648
1 1649
1 1650
1 1651
1 1652
1 1653
1 1654
1 1655
1 1656
1 1657
1 1658
1 1659
1 1660
1 1661
1 1662
1 1663
1 1664
1 1665
1 1666
1 1667
1 1668
1 1669
1 1670
1 1671
1 1672
1 1673
1 1674
1 1675
1 1676
1 1677
1 1678
1 1679
1 1680
1 1681
1 1682
1 1683
1 1684
1 1685
1 1686
1 1687
1 1688
1 1689
1 1690
1 1691
1 1692
1 1693
1 1694
1 1695
1 1696
1 1697
1 1698
1 1699
1 1700
1 1701
1 1702
1 1703
1 1704
1 1705
1 1706
1 1707
1 1708
1 1709
1 1710
1 1711
1 1712
1 1713
1 1714
1 1715
1 1716
1 1717
1 1718
1 1719
1 1720
1 1721
1 1722
1 1723
1 1724
1 1725
1 1726
1 1727
1 1728
1 1729
1 1730
1 1731
1 1732
1 1733
1 1734
1 1735
1 1736
1 1737
1 1738
1 1739
1 1740
1 1741
1 1742
1 1743
1 1744
1 1745
1 1746
1 1747
1 1748
1 1749
1 1750
1 1751
1 1752
1 1753
1 1754
1 1755
1 1756
1 1757
1 1758
1 1759
1 1760
1 1761
1 1762
1 1763
1 1764
1 1765
1 1766
1 1767
1 1768
1 1769
1 1770
1 1771
1 1772
1 1773
1 1774
1 1775
1 1776
1 1777
1 1778
1 1779
1 1780
1 1781
1 1782
1 1783
1 1784
1 1785
1 1786
1 1787
1 1788
1 1789
1 1790
1 1791
1 1792
1 1793
1 1794
1 1795
1 1796
1 1797
1 1798
1 1799
1 1800
1 1801
1 1802
1 1803
1 1804
1 1805
1 1806
1 1807
1 1808
1 1809
1 1810
1 1811
1 1812
1 1813
1 1814
1 1815
1 1816
1 1817
1 1818
1 1819
1 1820
1 1821
1 1822
1 1823
1 1824
1 1825
1 1826
1 1827
1 1828
1 1829
1 1830
1 1831
1 1832
1 1833
1 1834
1 1835
1 1836
1 1837
1 1838
1 1839
1 1840
1 1841
1 1842
1 1843
1 1844
1 1845
1 1846
1 1847
1 1848
1 1849
1 1850
1 1851
1 1852
1 1853
1 1854
1 1855
1 1856
1 1857
1 1858
1 1859
1 1860
1 1861
1 1862
1 1863
1 1864
1 1865
1 1866
1 1867
1 1868
1 1869
1 1870
1 1871
1 1872
1 1873
1 1874
1 1875
1 1876
1 1877
1 1878
1 1879
1 1880
1 1881
1 1882
1 1883
1 1884
1 1885
1 1886
1 1887
1 1888
1 1889
1 1890
1 1891
1 1892
1 1893
1 1894
1 1895
1 1896
1 1897
1 1898
1 1899
1 1900
1 1901
1 1902
1 1903
1 1904
1 1905
1 1906
1 1907
1 1908
1 1909
1 1910
1 1911
1 1912
1 1913
1 1914
1 1915
1 1916
1 1917
1 1918
1 1919
1 1920
1 1921
1 1922
1 1923
1 1924
1 1925
1 1926
1 1927
1 1928
1 1929
1 1930
1 1931
1 1932
1 1933
1 1934
1 1935
1 1936
1 1937
1 1938
1 1939
1 1940
1 1941
1 1942
1 1943
1 1944
1 1945
1 1946
1 1947
1 1948
1 1949
1 1950
1 1951
1 1952
1 1953
1 1954
1 1955
1 1956
1 1957
1 1958
1 1959
1 1960
1 1961
1 1962
1 1963
1 1964
1 1965
1 1966
1 1967
1 1968
1 1969
1 1970
1 1971
1 1972
1 1973
1 1974
1 1975
1 1976
1 1977
1 1978
1 1979
1 1980
1 1981
1 1982
1 1983
1 1984
1 1985
1 1986
1 1987
1 1988
1 1989
1 1990
1 1991
1 1992
1 1993
1 1994
1 1995
1 1996
1 1997
1 1998
1 1999
1 2000
1 2001
1 2002
1 2003
1 2004
1 2005
1 2006
1 2007
1 2008
1 2009
1 2010
1 2011
1 2012
1 2013
1 2014
1 2015
1 2016
1 2017
1 2018
1 2019
1 2020
1 2021
1 2022
1 2023
1 2024
1 2025
1 2026
1 2027
1 2028
1 2029
1 2030
1 2031
1 2032
1 2033
1 2034
1 2035
1 2036
1 2037
1 2038
1 2039
1 2040
1 2041
1 2042
1 2043
1 2044
1 2045
1 2046
1 2047
1 2048
1 2049
1 2050
1 2051
1 2052
1 2053
1 2054
1 2055
1 2056
1 2057
1 2058
1 2059
1 2060
1 2061
1 2062
1 2063
1 2064
1 2065
1 2066
1 2067
1 2068
1 2069
1 2070
1 2071
1 2072
1 2073
1 2074
1 2075
1 2076
1 2077
1 2078
1 2079
1 2080
1 2081
1 2082
1 2083
1 2084
1 2085
1 2086
1 2087
1 2088
1 2089
1 2090
1 2091
1 2092
1 2093
1 2094
1 2095
1 2096
1 2097
1 2098
1 2099
1 2100
1 2101
1 2102
1 2103
1 2104
1 2105
1 2106
1 2107
1 2108
1 2109
1 2110
1 2111
1 2112
1 2113
1 2114
1 2115
1 2116
1 2117
1 2118
1 2119
1 2120
1 2121
1 2122
1 2123
1 2124
1 2125
1 2126
1 2127
1 2128
1 2129
1 2130
1 2131
1 2132
1 2133
1 2134
1 2135
1 2136
1 2137
1 2138
1 2139
1 2140
1 2141
1 2142
1 2143
1 2144
1 2145
1 2146
1 2147
1 2148
1 2149
1 2150
1 2151
1 2152
1 2153
1 2154
1 2155
1 2156
1 2157
1 2158
1 2159
1 2160
1 2161
1 2162
1 2163
1 2164
1 2165
1 2166
1 2167
1 2168
1 2169
1 2170
1 2171
1 2172
1 2173
1 2174
1 2175
1 2176
1 2177
1 2178
1 2179
1 2180
1 2181
1 2182
1 2183
1 2184
1 2185
1 2186
1 2187
1 2188
1 2189
1 2190
1 2191
1 2192
1 2193
1 2194
1 2195
1 2196
1 2197
1 2198
1 2199
1 2200
1 2201
1 2202
1 2203
1 2204
1 2205
1 2206
1 2207
1 2208
1 2209
1 2210
1 2211
1 2212
1 2213
1 2214
1 2215
1 2216
1 2217
1 2218
1 2219
1 2220
1 2221
1 2222
1 2223
1 2224
1 2225
1 2226
1 2227
1 2228
1 2229
1 2230
1 2231
1 2232
1 2233
1 2234
1 2235
1 2236
1 2237
1 2238
1 2239
1 2240
1 2241
1 2242
1 2243
1 2244
1 2245
1 2246
1 2247
1 2248
1 2249
1 2250
1 2251
1 2252
1 2253
1 2254
1 2255
1 2256
1 2257
1 2258
1 2259
1 2260
1 2261
1 2262
1 2263
1 2264
1 2265
1 2266
1 2267
1 2268
1 2269
1 2270
1 2271
1 2272
1 2273
1 2274
1 2275
1 2276
1 2277
1 2278
1 2279
1 2280
1 2281
1 2282
1 2283
1 2284
1 2285
1 2286
1 2287
1 2288
1 2289
1 2290
1 2291
1 2292
1 2293
1 2294
1 2295
1 2296
1 2297
1 2298
1 2299
1 2300
1 2301
1 2302
1 2303
1 2304
1 2305
1 2306
1 2307
1 2308
1 2309
1 2310
1 2311
1 2312
1 2313
1 2314
1 2315
1 2316
1 2317
1 2318
1 2319
1 2320
1 2321
1 2322
1 2323
1 2324
1 2325
1 2326
1 2327
1 2328
1 2329
1 2330
1 2331
1 2332
1 2333
1 2334
1 2335
1 2336
1 2337
1 2338
1 2339
1 2340
1 2341
1 2342
1 2343
1 2344
1 2345
1 2346
1 2347
1 2348
1 2349
1 2350
1 2351
1 2352
1 2353
1 2354
1 2355
1 2356
1 2357
1 2358
1 2359
1 2360
1 2361
1 2362
1 2363
1 2364
1 2365
1 2366
1 2367
1 2368
1 2369
1 2370
1 2371
1 2372
1 2373
1 2374
1 2375
1 2376
1 2377
1 2378
1 2379
1 2380
1 2381
1 2382
1 2383
1 2384
1 2385
1 2386
1 2387
1 2388
1 2389
1 2390
1 2391
1 2392
1 2393
1 2394
1 2395
1 2396
1 2397
1 2398
1 2399
1 2400
1 2401
1 2402
1 2403
1 2404
1 2405
1 2406
1 2407
1 2408
1 2409
1 2410
1 2411
1 2412
1 2413
1 2414
1 2415
1 2416
1 2417
1 2418
1 2419
1 2420
1 2421
1 2422
1 2423
1 2424
1 2425
1 2426
1 2427
1 2428
1 2429
1 2430
1 2431
1 2432
1 2433
1 2434
1 2435
1 2436
1 2437
1 2438
1 2439
1 2440
1 2441
1 2442
1 2443
1 2444
1 2445
1 2446
1 2447
1 2448
1 2449
1 2450
1 2451
1 2452
1 2453
1 2454
1 2455
1 2456
1 2457
1 2458
1 2459
1 2460
1 2461
1 2462
1 2463
1 2464
1 2465
1 2466
1 2467
1 2468
1 2469
1 2470
1 2471
1 2472
1 2473
1 2474
1 2475
1 2476
1 2477
1 2478
1 2479
1 2480
1 2481
1 2482
1 2483
1 2484
1 2485
1 2486
1 2487
1 2488
1 2489
1 2490
1 2491
1 2492
1 2493
1 2494
1 2495
1 2496
1 2497
1 2498
1 2499
1 2500
1 2501
1 2502
1 2503
1 2504
1 2505
1 2506
1 2507
1 2508
1 2509
1 2510
1 2511
1 2512
1 2513
1 2514
1 2515
1 2516
1 2517
1 2518
1 2519
1 2520
1 2521
1 2522
1 2523
1 2524
1 2525
1 2526
1 2527
1 2528
1 2529
1 2530
1 2531
1 2532
1 2533
1 2534
1 2535
1 2536
1 2537
1 2538
1 2539
1 2540
POINT_DATA 2541
SCALARS density float 1
LOOKUP_TABLE default
500
500
500
500
500
500
500
500
500
500
500
500
500
500
500
500
500
500
500
500
500
500
500
500
500
500
500
500
500
500
500
500
500
500
500
500
500
500
500
500
500
500
500
500
500
500
500
500
500
500
500
500
500
500
500
500
500
500
500
500
500
500
500
500
500
500
500
500
500
500
500
500
500
500
500
500
500
500
500
500
500
500
500
500
500
500
500
500
500
500
500
500
500
500
500
500
500
500
500
500
500
500
500
500
500
500
500
500
500
500
500
500
500
500
500
500
500
500
500
500
500
500
500
500
500
500
500
500
500
500
500
500
500
500
500
500
500
500
500
500
500
500
500
500
500
500
500
500
500
500
500
500
500
500
500
500
500
500
500
500
500
500
500
500
500
500
500
500
500
500
500
500
500
500
500
500
500
500
500
500
500
500
500
500
500
500
500
500
500
500
500
500
500
500
500
500
500
500
500
500
500
500
500
500
500
500
500
500
500
500
500
500
500
500
500
500
500
500
500
500
500
500
500
500
500
500
500
500
500
500
500
500
500
500
500
500
500
500
500
500
500
500
500
500
500
500
500
500
500
500
500
500
500
500
500
500
500
500
500
500
500
500
500
500
500
500
500
500
500
500
500
500
500
500
500
500
500
500
500
500
500
500
500
500
500
500
500
500
500
500
500
500
500
500
500
500
500
500
500
500
500
500
500
500
500
500
500
500
500
500
500
500
500
500
500
500
500
500
500
500
500
500
500
500
500
500
500
500
500
500
500
500
500
500
500
500
500
500
500
500
500
500
500
500
500
500
500
500
500
500
500
500
500
500
500
500
500
500
500
500
500
500
500
500
500
500
500
500
500
500
500
500
500
500
500
500
500
500
500
500
500
500
500
500
500
500
500
500
500
500
500
500
500
500
500
500
500
500
500
500
500
500
500
500
500
500
500
500
500
500
500
500
500
500
500
500
500
500
500
500
500
500
500
500
500
500
500
500
500
500
500
500
500
500
500
500
500
500
500
500
500
500
500
500
500
500
500
500
500
500
500
500
500
500
500
500
500
500
500
500
500
500
500
500
500
500
500
500
500
500
500
500
500
500
500
500
500
500
500
500
500
500
500
500
500
500
500
500
500
500
500
500
500
500
500
500
500
500
500
500
500
500
500
500
500
500
500
500
500
500
500
500
500
500
500
500
500
500
500
500
500
500
500
500
500
500
500
500
500
500
500
500
500
500
500
500
500
500
500
500
500
500
500
500
500
500
500
500
500
500
500
500
500
500
500
500
500
500
500
500
500
500
500
500
500
500
500
500
500
500
500
500
500
500
500
500
500
500
500
500
500
500
500
500
500
500
500
500
500
500
500
500
500
500
500
500
500
500
500
500
500
500
500
500
500
500
500
500
500
500
500
500
500
500
500
500
500
500
500
500
500
500
500
500
500
500
500
500
500
500
500
500
500
500
500
500
500
500
500
500
500
500
500
500
500
500
500
500
500
500
500
500
500
500
500
500
500
500
500
500
500
500
500
500
500
500
500
500
500
500
500
500
500
500
500
500
500
500
500
500
500
500
500
500
500
500
500
500
500
500
500
500
500
500
500
500
500
500
500
500
500
500
500
500
500
500
500
500
500
500
500
500
500
500
500
500
500
500
500
500
500
500
500
500
500
500
500
500
500
500
500
500
500
500
500
500
500
500
500
500
500
500
500
500
500
500
500
500
500
500
500
500
500
500
500
500
500
500
500
500
500
500
500
500
500
500
500
500
500
500
500
500
500
500
500
500
500
500
500
500
500
500
500
500
500
500
500
500
500
500
500
500
500
500
500
500
500
500
500
500
500
500
500
500
500
500
500
500
500
500
500
500
500
500
500
500
500
500
500
500
500
500
500
500
500
500
500
500
500
500
500
500
500
500
500
500
500
500
500
500
500
500
500
500
500
500
500
500
500
500
500
500
500
500
500
500
500
500
500
500
500
500
500
500
500
500
500
500
500
500
500
500
500
500
500
500
500
500
500
500
500
500
500
500
500
500
500
500
500
500
500
500
500
500
500
500
500
500
500
500
500
500
500
500
500
500
500
500
500
500
500
500
500
500
500
500
500
500
500
500
500
500
500
500
500
500
500
500
500
500
500
500
500
500
500
500
500
500
500
500
500
500
500
500
500
500
500
500
500
500
500
500
500
500
500
500
500
500
500
500
500
500
500
500
500
500
500
500
500
500
500
500
500
500
500
500
500
500
500
500
500
500
500
500
500
500
500
500
500
500
500
500
500
500
500
500
500
500
500
500
500
500
500
500
500
500
500
500
500
500
500
500
500
500
500
500
500
500
500
500
500
500
500
500
500
500
500
500
500
500
500
500
500
500
500
500
500
500
500
500
500
500
500
500
500
500
500
500
500
500
500
500
500
500
500
500
500
500
500
500
500
500
500
500
500
500
500
500
500
500
500
500
500
500
500
500
500
500
500
500
500
500
500
500
500
500
500
500
500
500
500
500
500
500
500
500
500
500
500
500
500
500
500
500
500
500
500
500
500
500
500
500
500
500
500
500
500
500
500
500
500
500
500
500
500
500
500
500
500
500
500
500
500
500
500
500
500
500
500
500
500
500
500
500
500
500
500
500
500
500
500
500
500
500
500
500
500
500
500
500
500
500
500
500
500
500
500
500
500
500
500
500
500
500
500
500
500
500
500
500
500
500
500
500
500
500
500
500
500
500
500
500
500
500
500
500
500
500
500
500
500
500
500
500
500
500
500
500
500
500
500
500
500
500
500
500
500
500
500
500
500
500
500
500
500
500
500
500
500
500
500
500
500
500
500
500
500
500
500
500
500
500
500
500
500
500
500
500
500
500
500
500
500
500
500
500
500
500
500
500
500
500
500
500
500
500
500
500
500
500
500
500
500
500
500
500
500
500
500
500
500
500
500
500
500
500
500
500
500
500
500
500
500
500
500
500
500
500
500
500
500
500
500
500
500
500
500
500
500
500
500
500
500
500
500
500
500
500
500
500
500
500
500
500
500
500
500
500
500
500
500
500
500
500
500
500
500
500
500
500
500
500
500
500
500
500
500
500
500
500
500
500
500
500
500
500
500
500
500
500
500
500
500
500
500
500
500
500
500
500
500
500
500
500
500
500
500
500
500
500
500
500
500
500
500
500
500
500
500
500
500
500
500
500
500
500
500
500
500
500
500
500
500
500
500
500
500
500
500
500
500
500
500
500
500
500
500
500
500
500
500
500
500
500
500
500
500
500
500
500
500
500
500
500
500
500
500
500
500
500
500
500
500
500
500
500
500
500
500
500
500
500
500
500
500
500
500
500
500
500
500
500
500
500
500
500
500
500
500
500
500
500
500
500
500
500
500
500
500
500
500
500
500
500
500
500
500
500
500
500
500
500
500
500
500
500
500
500
500
500
500
500
500
500
500
500
500
500
500
500
500
500
500
500
500
500
500
500
500
500
500
500
500
500
500
500
500
500
500
500
500
500
500
500
500
500
500
500
500
500
500
500
500
500
500
500
500
500
500
500
500
500
500
500
500
500
500
500
500
500
500
500
500
500
500
500
500
500
500
500
500
500
500
500
500
500
500
500
500
500
500
500
500
500
500
500
500
500
500
500
500
500
500
500
500
500
500
500
500
500
500
500
500
500
500
500
500
500
500
500
500
500
500
500
500
500
500
500
500
500
500
500
500
500
500
500
500
500
500
500
500
500
500
500
500
500
500
500
500
500
500
500
500
500
500
500
500
500
500
500
500
500
500
500
500
500
500
500
500
500
500
500
500
500
500
500
500
500
500
500
500
500
500
500
500
500
500
500
500
500
500
500
500
500
500
500
500
500
500
500
500
500
500
500
500
500
500
500
500
500
500
500
500
500
500
500
500
500
500
500
500
500
500
500
500
500
500
500
500
500
500
500
500
500
500
500
500
500
500
500
500
500
500
500
500
500
500
500
500
500
500
500
500
500
500
500
500
500
500
500
500
500
500
500
500
500
500
500
500
500
500
500
500
500
500
500
500
500
500
500
500
500
500
500
500
500
500
500
500
500
500
500
500
500
500
500
500
500
500
500
500
500
500
500
500
500
500
500
500
500
500
500
500
500
500
500
500
500
500
500
500
500
500
500
500
500
500
500
500
500
500
500
500
500
500
500
500
500
500
500
500
500
500
500
500
500
500
500
500
500
500
500
500
500
500
500
500
500
500
500
500
500
500
500
500
500
500
500
500
500
500
500
500
500
500
500
500
500
500
500
500
500
500
500
500
500
500
500
500
500
500
500
500
500
500
500
500
500
500
500
500
500
500
500
500
500
500
500
500
500
500
500
500
500
500
500
500
500
500
500
500
500
500
500
500
500
500
500
500
500
500
500
500
500
500
500
500
500
500
500
500
500
500
500
500
500
500
500
500
500
500
500
500
500
500
500
500
500
500
500
500
500
500
500
500
500
500
500
500
500
500
500
500
500
500
500
500
500
500
500
500
500
500
500
500
500
500
500
500
500
500
500
500
500
500
500
500
500
500
500
500
500
500
500
500
500
500
500
500
500
500
500
500
500
500
500
500
500
500
500
500
500
500
500
500
500
500
500
500
500
500
500
500
500
500
500
500
500
500
500
500
500
500
500
500
500
500
500
500
500
500
500
500
500
500
500
500
500
500
500
500
500
500
500
500
500
500
500
500
500
500
500
500
500
500
500
500
500
500
500
500
500
500
500
500
500
500
500
500
500
500
500
500
500
500
500
500
500
500
500
500
500
500
500
500
500
500
500
500
500
500
500
500
500
500
500
500
500
500
500
500
500
500
500
500
500
500
500
500
500
500
500
500
500
500
500
500
500
500
500
500
500
500
500
500
500
500
500
500
500
500
500
500
500
500
500
500
500
500
500
500
500
500
500
500
500
500
500
500
500
500
500
500
500
500
500
500
500
500
500
500
500
500
500
500
500
500
500
500
500
500
500
500
500
500
500
500
500
500
500
500
500
500
500
500
500
500
500
500
500
500
500
500
500
500
500
500
500
500
500
500
500
500
500
500
500
500
500
500
500
500
500
500
500
500
500
500
500
500
500
500
500
500
500
500
500
500
500
500
500
500
500
500
500
500
500
500
500
500
500
500
500
500
500
500
500
500
500
500
500
500
500
500
500
500
500
500
500
500
500
500
500
500
500
500
500
500
500
500
500
500
500
500
500
500
500
500
500
500
500
500
500
500
500
500
500
500
500
500
500
500
500
500
500
500
500
500
500
500
500
500
500
500
500
500
500
500
500
500
500
500
500
500
500
500
500
500
500
500
500
500
500
500
500
500
500
500
500
500
500
500
500
500
500
500
500
500
500
500
500
500
500
500
500
500
500
500
500
500
500
500
500
500
500
500
500
500
500
500
500
500
500
500
500
500
500
500
500
500
500
500
500
500
500
500
500
500
500
500
500
500
500
500
500
500
500
500
500
500
500
500
500
500
500
500
500
500
500
500
500
500
500
500
500
500
500
500
500
500
500
500
500
500
500
500
500
500
500
500
500
500
500
500
500
500
500
500
500
500
500
500
500
500
500
500
500
500
500
500
500
500
500
500
500
500
500
500
500
500
500
500
500
500
500
500
500
500
500
500
500
500
500
500
500
500
500
500
500
500
500
500
500
500
500
500
500
500
500
500
500
500
500
500
500
500
500
500
500
500
500
500
500
500
500
500
500
500
500
500
500
500
500
500
500
500
500
500
500
500
500
500
500
500
500
500
500
500
500
500
500
500
500
500
500
500
500
500
500
500
500
500
SCALARS pressure float 1
LOOKUP_TABLE default
0
0
0
0
0
0
0
0
0
0
0
0
0
0
0
0
0
0
0
0
0
0
0
0
0
0
0
0
0
0
0
0
0
0
0
0
0
0
0
0
0
0
0
0
0
0
0
0
0
0
0
0
0
0
0
0
0
0
0
0
0
0
0
0
0
0
0
0
0
0
0
0
0
0
0
0
0
0
0
0
0
0
0
0
0
0
0
0
0
0
0
0
0
0
0
0
0
0
0
0
0
0
0
0
0
0
0
0
0
0
0
0
0
0
0
0
0
0
0
0
0
0
0
0
0
0
0
0
0
0
0
0
0
0
0
0
0
0
0
0
0
0
0
0
0
0
0
0
0
0
0
0
0
0
0
0
0
0
0
0
0
0
0
0
0
0
0
0
0
0
0
0
0
0
0
0
0
0
0
0
0
0
0
0
0
0
0
0
0
0
0
0
0
0
0
0
0
0
0
0
0
0
0
0
0
0
0
0
0
0
0
0
0
0
0
0
0
0
0
0
0
0
0
0
0
0
0
0
0
0
0
0
0
0
0
0
0
0
0
0
0
0
0
0
0
0
0
0
0
0
0
0
0
0
0
0
0
0
0
0
0
0
0
0
0
0
0
0
0
0
0
0
0
0
0
0
0
0
0
0
0
0
0
0
0
0
0
0
0
0
0
0
0
0
0
0
0
0
0
0
0
0
0
0
0
0
0
0
0
0
0
0
0
0
0
0
0
0
0
0
0
0
0
0
0
0
0
0
0
0
0
0
0
0
0
0
0
0
0
0
0
0
0
0
0
0
0
0
0
0
0
0
0
0
0
0
0
0
0
0
0
0
0
0
0
0
0
0
0
0
0
0
0
0
0
0
0
0
0
0
0
0
0
0
0
0
0
0
0
0
0
0
0
0
0
0
0
0
0
0
0
0
0
0
0
0
0
0
0
0
0
0
0
0
0
0
0
0
0
0
0
0
0
0
0
0
0
0
0
0
0
0
0
0
0
0
0
0
0
0
0
0
0
0
0
0
0
0
0
0
0
0
0
0
0
0
0
0
0
0
0
0
0
0
0
0
0
0
0
0
0
0
0
0
0
0
0
0
0
0
0
0
0
0
0
0
0
0
0
0
0
0
0
0
0
0
0
0
0
0
0
0
0
0
0
0
0
0
0
0
0
0
0
0
0
0
0
0
0
0
0
0
0
0
0
0
0
0
0
0
0
0
0
0
0
0
0
0
0
0
0
0
0
0
0
0
0
0
0
0
0
0
0
0
0
0
0
0
0
0
0
0
0
0
0
0
0
0
0
0
0
0
0
0
0
0
0
0
0
0
0
0
0
0
0
0
0
0
0
0
0
0
0
0
0
0
0
0
0
0
0
0
0
0
0
0
0
0
0
0
0
0
0
0
0
0
0
0
0
0
0
0
0
0
0
0
0
0
0
0
0
0
0
0
0
0
0
0
0
0
0
0
0
0
0
0
0
0
0
0
0
0
0
0
0
0
0
0
0
0
0
0
0
0
0
0
0
0
0
0
0
0
0
0
0
0
0
0
0
0
0
0
0
0
0
0
0
0
0
0
0
0
0
0
0
0
0
0
0
0
0
0
0
0
0
0
0
0
0
0
0
0
0
0
0
0
0
0
0
0
0
0
0
0
0
0
0
0
0
0
0
0
0
0
0
0
0
0
0
0
0
0
0
0
0
0
0
0
0
0
0
0
0
0
0
0
0
0
0
0
0
0
0
0
0
0
0
0
0
0
0
0
0
0
0
0
0
0
0
0
0
0
0
0
0
0
0
0
0
0
0
0
0
0
0
0
0
0
0
0
0
0
0
0
0
0
0
0
0
0
0
0
0
0
0
0
0
0
0
0
0
0
0
0
0
0
0
0
0
0
0
0
0
0
0
0
0
0
0
0
0
0
0
0
0
0
0
0
0
0
0
0
0
0
0
0
0
0
0
0
0
0
0
0
0
0
0
0
0
0
0
0
0
0
0
0
0
0
0
0
0
0
0
0
0
0
0
0
0
0
0
0
0
0
0
0
0
0
0
0
0
0
0
0
0
0
0
0
0
0
0
0
0
0
0
0
0
0
0
0
0
0
0
0
0
0
0
0
0
0
0
0
0
0
0
0
0
0
0
0
0
0
0
0
0
0
0
0
0
0
0
0
0
0
0
0
0
0
0
0
0
0
0
0
0
0
0
0
0
0
0
0
0
0
0
0
0
0
0
0
0
0
0
0
0
0
0
0
0
0
0
0
0
0
0
0
0
0
0
0
0
0
0
0
0
0
0
0
0
0
0
0
0
0
0
0
0
0
0
0
0
0
0
0
0
0
0
0
0
0
0
0
0
0
0
0
0
0
0
0
0
0
0
0
0
0
0
0
0
0
0
0
0
0
0
0
0
0
0
0
0
0
0
0
0
0
0
0
0
0
0
0
0
0
0
0
0
0
0
0
0
0
0
0
0
0
0
0
0
0
0
0
0
0
0
0
0
0
0
0
0
0
0
0
0
0
0
0
0
0
0
0
0
0
0
0
0
0
0
0
0
0
0
0
0
0
0
0
0
0
0
0
0
0
0
0
0
0
0
0
0
0
0
0
0
0
0
0
0
0
0
0
0
0
0
0
0
0
0
0
0
0
0
0
0
0
0
0
0
0
0
0
0
0
0
0
0
0
0
0
0
0
0
0
0
0
0
0
0
0
0
0
0
0
0
0
0
0
0
0
0
0
0
0
0
0
0
0
0
0
0
0
0
0
0
0
0
0
0
0
0
0
0
0
0
0
0
0
0
0
0
0
0
0
0
0
0
0
0
0
0
0
0
0
0
0
0
0
0
0
0
0
0
0
0
0
0
0
0
0
0
0
0
0
0
0
0
0
0
0
0
0
0
0
0
0
0
0
0
0
0
0
0
0
0
0
0
0
0
0
0
0
0
0
0
0
0
0
0
0
0
0
0
0
0
0
0
0
0
0
0
0
0
0
0
0
0
0
0
0
0
0
0
0
0
0
0
0
0
0
0
0
0
0
0
0
0
0
0
0
0
0
0
0
0
0
0
0
0
0
0
0
0
0
0
0
0
0
0
0
0
0
0
0
0
0
0
0
0
0
0
0
0
0
0
0
0
0
0
0
0
0
0
0
0
0
0
0
0
0
0
0
0
0
0
0
0
0
0
0
0
0
0
0
0
0
0
0
0
0
0
0
0
0
0
0
0
0
0
0
0
0
0
0
0
0
0
0
0
0
0
0
0
0
0
0
0
0
0
0
0
0
0
0
0
0
0
0
0
0
0
0
0
0
0
0
0
0
0
0
0
0
0
0
0
0
0
0
0
0
0
0
0
0
0
0
0
0
0
0
0
0
0
0
0
0
0
0
0
0
0
0
0
0
0
0
0
0
0
0
0
0
0
0
0
0
0
0
0
0
0
0
0
0
0
0
0
0
0
0
0
0
0
0
0
0
0
0
0
0
0
0
0
0
0
0
0
0
0
0
0
0
0
0
0
0
0
0
0
0
0
0
0
0
0
0
0
0
0
0
0
0
0
0
0
0
0
0
0
0
0
0
0
0
0
0
0
0
0
0
0
0
0
0
0
0
0
0
0
0
0
0
0
0
0
0
0
0
0
0
0
0
0
0
0
0
0
0
0
0
0
0
0
0
0
0
0
0
0
0
0
0
0
0
0
0
0
0
0
0
0
0
0
0
0
0
0
0
0
0
0
0
0
0
0
0
0
0
0
0
0
0
0
0
0
0
0
0
0
0
0
0
0
0
0
0
0
0
0
0
0
0
0
0
0
0
0
0
0
0
0
0
0
0
0
0
0
0
0
0
0
0
0
0
0
0
0
0
0
0
0
0
0
0
0
0
0
0
0
0
0
0
0
0
0
0
0
0
0
0
0
0
0
0
0
0
0
0
0
0
0
0
0
0
0
0
0
0
0
0
0
0
0
0
0
0
0
0
0
0
0
0
0
0
0
0
0
0
0
0
0
0
0
0
0
0
0
0
0
0
0
0
0
0
0
0
0
0
0
0
0
0
0
0
0
0
0
0
0
0
0
0
0
0
0
0
0
0
0
0
0
0
0
0
0
0
0
0
0
0
0
0
0
0
0
0
0
0
0
0
0
0
0
0
0
0
0
0
0
0
0
0
0
0
0
0
0
0
0
0
0
0
0
0
0
0
0
0
0
0
0
0
0
0
0
0
0
0
0
0
0
0
0
0
0
0
0
0
0
0
0
0
0
0
0
0
0
0
0
0
0
0
0
0
0
0
0
0
0
0
0
0
0
0
0
0
0
0
0
0
0
0
0
0
0
0
0
0
0
0
0
0
0
0
0
0
0
0
0
0
0
0
0
0
0
0
0
0
0
0
0
0
0
0
0
0
0
0
0
0
0
0
0
0
0
0
0
0
0
0
0
0
0
0
0
0
0
0
0
0
0
0
0
0
0
0
0
0
0
0
0
0
0
0
0
0
0
0
0
0
0
0
0
0
0
0
0
0
0
0
0
0
0
0
0
0
0
0
0
0
0
0
0
0
0
0
0
0
0
0
0
0
0
0
0
0
0
0
0
0
0
0
0
0
0
0
0
0
0
0
0
0
0
0
0
0
0
0
0
0
0
0
0
0
0
0
0
0
0
0
0
0
0
0
0
0
0
0
0
0
0
0
0
0
0
0
0
0
0
0
0
0
0
0
0
0
0
0
0
0
0
0
0
0
0
0
0
0
0
0
0
0
0
0
0
0
0
0
0
0
0
0
0
0
0
0
0
0
0
0
0
0
0
0
0
0
0
0
0
0
0
0
0
0
0
0
0
0
0
0
0
0
0
0
0
0
0
0
0
0
0
0
0
0
0
0
0
0
0
0
0
0
0
0
0
0
0
0
0
0
0
0
0
0
0
0
0
0
0
0
0
0
0
0
0
0
0
0
0
0
0
0
0
0
0
0
0
0
0
0
0
0
0
0
0
0
0
0
0
0
0
0
0
0
0
0
0
0
0
0
0
0
0
0
0
0
0
0
0
0
0
0
0
0
0
0
0
0
0
0
0
0
0
0
0
0
0
0
0
0
0
0
0
0
0
0
0
0
0
0
0
0
0
0
0
0
0
0
0
0
0
0
0
0
0
0
0
0
0
0
0
0
0
0
0
0
0
0
0
0
0
0
0
0
0
0
0
0
0
0
0
0
0
0
0
0
0
0
0
0
0
0
0
0
0
0
0
0
0
0
0
0
0
0
0
0
0
0
0
0
0
0
0
0
0
0
0
0
0
0
0
0
0
0
0
0
0
0
0
0
0
0
0
0
0
0
0
0
0
0
0
0
0
0
0
0
0
0
0
0
0
0
0
0
0
0
0
0
0
0
0
0
0
0
0
0
0
0
0
0
0
0
0
0
0
0
0
0
0
0
0
0
0
0
0
0
0
0
0
0
0
0
0
0
0
0
0
0
0
0
0
0
0
0
0
0
0
0
0
0
0
0
0
0
0
0
0
0
0
0
0
0
0
0
0
0
0
0
0
0
0
0
0
0
0
0
0
0
0
0
0
0
0
0
0
0
0
0
0
0
0
0
0
0
0
0
0
0
0
0
0
0
0
0
0
0
0
0
0
0
0
0
0
0
0
0
0
0
0
0
0
0
0
0
0
0
0
0
0
0
0
0
0
0
0
0
0
0
0
0
0
0
0
0
0
0
0
0
0
0
0
0
0
0
0
0
0
0
0
0
0
0
0
0
0
0
0
0
0
0
0
SCALARS speed float 1
LOOKUP_TABLE default
5.05382e-41
3.73163e-39
33.9422
7.40629e-17
2.73788e-32
35.1258
25.5625
76.6854
4.62222e-12
4.97003
2.76593e-31
0.00474215
49.0976
4.87022e-31
5.5677e-16
1.07718e-41
6.46382e-13
6.25754e-24
76.9264
51.5555
1.56788e-33
21.0968
0.0452412
39.4613
28.7928
0.000872562
1.17024e-17
34.6472
35.3382
69.2157
29.9074
57.6544
33.5186
2.04983e-18
1.44818e-38
6.94491e-18
25.0593
17.5632
1.61763e-07
1.58879e-34
12.1502
5.15744e-21
96.2152
2.24991e-30
46.69
6.02041e-44
1.26023e-22
1.14951e-42
7.68738e-41
7.6106e-29
9.34299e-31
18.915
70.5666
33.4782
9.09118e-38
6.47728e-30
39.4565
28.7923
2.5771e-25
14.8146
9.65831e-30
8.04467e-21
1.13718e-25
21.5742
46.5756
2.95198
8.3899e-25
1.21602e-42
9.63341e-35
1.34668e-39
8.201e-38
41.1633
6.68167e-41
2.05884e-13
34.2025
53.7632
9.86903
1.44157e-13
87.4931
1.58938e-13
6.90467e-09
3.2359e-26
2.43389e-39
9.47554e-40
1.70781e-18
3.43115e-36
66.0541
1.5974e-39
6.86022e-28
39.4613
28.7821
23.8487
66.8716
1.61909e-42
16.6926
9.82645e-34
7.05799e-30
29.2744
19.5853
3.14374e-22
53.3397
9.57223e-35
2.86146
4.00606e-41
29.6246
1.10069e-33
0.0136581
62.9739
20.1161
32.2686
2.57261e-26
5.99432e-40
33.9596
9.94054e-27
4.05312e-06
42.2612
19.9876
7.92295e-09
79.9453
1.73299e-39
2.55748e-37
9.3436e-43
7.23965e-29
2.90605e-29
3.49406e-42
45.3437
1.43327e-27
10.537
4.15024e-25
9.09545e-36
25.2907
1.60098e-34
4.51403e-27
39.4558
28.6
12.6258
24.1978
3.3181e-39
15.6603
39.8893
21.1529
60.8118
22.9388
9.0701
30.361
9.87324
0.0283421
5.87744
21.6761
1.59092e-31
65.5197
4.25549e-26
59.9415
9.75616e-18
34.2153
30.9124
1.57197e-27
0.0591828
3.8465e-42
26.7128
3.90024e-28
1.06769e-39
42.525
45.1298
32.8753
44.9935
27.959
0.3305
0.000234698
174.325
2.8591e-25
4.47253e-16
20.8434
3.88606e-37
5.80986e-42
29.2214
9.07131
30.3835
9.8928
1.61835e-33
12.9721
8.1743
6.98875
60.5773
1.92811e-34
21.7209
28.3891
2.34204e-15
20.4718
15.7508
1.22679e-06
5.70201
21.34
4.11134e-07
8.02202e-42
4.52642e-35
1.25364e-26
13.7634
42.9011
28.1247
5.59706
35.3892
2.38075e-32
41.555
42.4431
28.764
1.15534e-32
54.0261
1.97685e-24
9.07023
30.361
9.87355
31.4983
2.97174e-32
22.621
1.49722e-22
29.3556
9.73965
0.000566956
7.7284e-42
2.27565e-37
40.9792
29.0868
1.48061e-12
8.93221
30.1474
1.01254e-34
29.8687
37.4015
6.22451e-41
75.154
2.73971e-25
113.538
3.95252e-40
41.1852
36.1575
2.75205e-17
68.7648
62.0328
7.51951e-41
1.90857e-34
1.00671e-13
21.8779
1.3852e-40
118.868
6.62456e-31
31.6377
5.53976e-31
7.24342e-36
49.7441
1.42698e-35
1.57758e-39
2.64874e-26
2.67307e-27
6.82998e-24
9.77641e-41
3.44743e-40
24.0039
5.04512e-31
9.94515e-32
4.14124e-13
10.2547
1.87044e-32
32.7315
30.152
28.4837
1.57352e-27
60.4144
1.3393e-41
44.2041
80.7289
4.23601e-05
5.15641e-19
1.98953e-05
47.2716
9.14298e-05
190.485
4.56927e-40
2.1108e-41
5.13596e-39
6.67563e-32
40.7395
1.1275e-35
1.23367e-38
22.3258
1.3888e-38
37.8401
73.1524
22.7062
1.94888e-31
2.84125e-26
32.3766
39.7251
7.20256e-27
53.1219
2.39561e-36
2.56242e-10
43.2298
27.5867
1.57344e-27
28.8592
1.51118e-29
36.5192
2.1127e-27
1.09576e-20
1.32055e-18
30.7407
6.7319
2.86651e-21
78.3359
85.7191
11.561
9.48781e-19
18.8684
4.02134e-40
2.46729e-06
8.78193
46.7635
7.51154e-38
13.426
135.273
1.43013e-39
4.50884e-23
3.00609e-39
23.1589
69.1424
5.90499e-27
59.2896
43.7196
38.4432
42.2264
28.5696
1.5733e-27
305.783
86.929
26.7129
19.5433
6.82431e-38
7.0299e-37
7.00411e-36
34.3643
2.35627e-17
1.27416e-27
6.99147e-42
112.543
37.0019
1.66004e-17
99.0419
2.53143e-26
4.6259e-40
41.3037
2.79136e-25
2.63705e-28
32.4332
25.3
3.40132e-26
4.53222e-38
3.25007e-32
0.0198822
2.68045e-07
1.98544e-22
4.47542e-06
5.29696e-21
7.77734e-34
5.99492e-33
27.9048
7.22063e-26
2.37452e-26
7.9465e-43
2.15254e-27
1.93841e-30
1.42539e-26
3.54928e-42
62.656
5.58807e-28
5.58751e-42
50.492
31.8123
1.51715e-26
0.0300538
6.55459e-42
20.0523
21.6542
0.0148083
9.08508e-31
1.28949e-40
23.3916
31.5893
0.000515113
1.71852e-29
8.61852e-21
48.8009
24.1664
2.7286e-22
5.52506e-17
2.95061e-15
5.23732e-27
1.56688e-37
25.3088
2.18284e-28
4.55608e-24
115.72
5.75441e-42
3.21395e-26
2.05572e-39
3.16683e-38
28.6021
3.29912e-30
33.0759
46.6608
5.14014e-31
1.51718e-38
1.34023e-33
4.11819e-34
1.00436e-40
33.996
42.3135
9.5102
39.86
22.7438
24.1546
7.37395e-27
10.2632
2.06346e-35
2.36541e-40
39.1364
48.721
55.8409
7.08562e-37
9.41557e-18
3.1931e-43
3.10521e-41
184.585
7.42306e-33
100.842
1.57958e-38
58.3323
32.3789
170.641
1.12712e-33
4.23659e-17
69.9512
27.0765
1.23896e-19
2.91727e-31
5.76508e-30
3.62393e-42
1.34083e-27
9.5872e-35
17.8774
1.03561e-27
7.62932e-21
23.1368
30.6667
2.70079e-24
33.5513
50.8049
1.10927e-15
1.16343e-37
8.63161e-08
2.51834e-40
2.03334e-26
2.92359e-33
1.35717e-41
105.179
2.63321e-25
16.8678
29.5042
1.20084e-38
1.84293e-39
68.0291
36.8914
1.10019e-13
4.70046e-24
4.36307e-17
40.1018
2.05297e-29
1.50419e-28
19.942
21.1777
1.58797e-37
24.5944
2.0396e-39
46.5694
9.39257e-43
4.46152e-39
4.54149e-33
7.95682e-41
9.40117e-09
30.3516
82.4779
18.1312
4.40758
4.88539e-18
9.61605e-13
3.14465e-38
38.8146
28.9428
5.49442e-37
1.18559e-33
4.41368e-34
67.2859
56.183
13.6447
2.34964e-24
2.46324e-33
9.07093
30.4635
9.96278
3.51417e-37
19.857
0.11223
0.00495822
30.2544
2.04686e-41
7.14998
9.47982e-37
43.3118
26.8841
1.02436e-27
7.86578e-33
1.78192e-16
2.55733e-35
1.63369e-36
31.8341
20.2005
14.5133
4.17121e-24
23.1926
24.2916
1.85083
4.67819e-25
5.36912e-08
6.9661e-41
17.058
4.15042e-29
52.5956
52.1925
1.44114e-21
9.07682
30.4826
9.9797
22.6601
3.08312e-10
29.2313
11.2769
4.1292
18.3346
52.8774
6.71144
2.78705e-26
23.8316
14.934
17.4824
9.0748e-22
5.5206e-22
1.67182e-25
0.00587824
2.42469e-31
6.36228e-23
10.6023
7.17423e-14
24.5759
5.86537
7.29165e-29
15.0078
8.94179e-31
1.66907e-25
1.85894e-35
97.5622
31.4269
3.07246e-27
9.07119
30.4635
9.96307
21.0224
12.2907
4.11133e-32
22.9223
4.32693e-19
1.40393e-30
10.2745
26.7521
4.77133e-42
40.2498
28.9387
5.72314e-39
5.03522e-33
7.32473
62.6321
6.35688e-40
2.47546e-36
10.1049
32.5597
1.61683e-21
2.34418e-41
22.7789
3.71679e-08
1.85856e-37
37.818
7.19115e-34
44.7491
0.00198542
2.04503e-30
2.98824e-29
2.82803e-21
7.85253e-41
1.33421e-30
1.07655e-31
8.11203e-38
8.16332e-31
1.25823e-17
26.0044
94.5516
3.67119e-31
54.1522
6.05921e-41
2.89462e-41
4.93475e-42
3.50239e-43
2.8365e-28
2.96347e-31
9.03508e-31
21.4516
11.1849
34.1769
2.86737e-24
3.61665e-15
27.7098
1.57395e-27
1.41259e-38
1.25413e-39
36.711
22.8427
29.4259
24.1784
6.74676e-38
4.49535e-42
6.27427e-18
2.40732e-32
6.39763e-39
76.5061
4.76117e-34
48.4035
82.7541
2.83143e-26
8.55672e-27
3.81365e-27
1.45249e-38
6.82869e-41
80.296
22.9412
1.00204e-41
1.54658e-38
41.1859
39.5806
0.000106108
3.8028e-38
6.00497e-24
17.4643
5.37049e-30
26.8407
1.0255e-27
8.07467e-38
29.3045
101.798
10.0919
26.5917
10.633
34.1169
2.81113e-18
3.15827e-41
64.138
83.7926
56.0563
9.78458
31.7344
7.36204e-38
8.70034e-14
2.13936e-17
2.00056e-27
35.5284
9.31675e-06
71.4025
9.34206e-40
4.6491e-42
5.97166e-43
9.81238e-23
61.119
2.55899e-35
9.89472e-17
3.91838e-24
6.59922e-39
85.9388
27.7638
1.57309e-27
6.84981e-33
67.2056
0.00721987
5.29473e-24
1.00102e-18
29.1194
5.32302e-22
20.8193
7.59439e-17
2.98688e-29
1.04056e-40
0.0257366
5.11112e-26
54.8066
2.76688e-27
6.14095e-35
18.1016
1.22547
25.0897
5.30376e-38
1.1931e-41
17.6602
3.1073e-29
6.78595e-32
3.81661e-40
35.6334
27.5835
14.198
2.63297e-33
1.76076e-42
5.83101e-24
25.2041
29.5867
6.87476e-35
4.16823e-37
95.4506
1.65295e-40
2.25246
3.3257e-26
25.5643
27.6473
3.959e-18
5.57986e-42
49.8421
32.2229
29.5213
3.32297e-41
26.354
3.53994e-36
1.53109e-35
28.3465
50.2037
5.40979e-41
25.0772
7.77031e-09
7.41395e-24
4.15257e-36
8.37506
0.0524098
9.12421e-06
3.04685e-38
0.000142551
74.0615
4.80051e-27
4.29799e-33
3.39795e-24
9.04673e-43
4.89215e-24
4.67472e-27
8.9887
1.5111e-34
1.09014e-42
3.1628e-41
1.57711e-41
3.85487e-29
34.2984
15.5892
8.44101e-42
5.31722e-35
78.3303
74.4969
56.1569
24.3566
31.1963
2.78496e-42
4.70831e-25
24.5362
12.7705
13.4873
11.1286
5.03701e-39
14.7258
20.826
8.68492e-38
7.53206e-16
21.6517
7.15146e-17
9.14855e-38
21.5846
3.1946e-16
5.0479e-24
20.8052
9.3854e-37
36.7832
7.167e-30
99.0265
2.03301e-32
18.6735
74.3764
1.48059e-39
89.3766
5.32776e-23
64.3563
24.4871
1.49823e-13
20.8427
98.4253
23.826
6.84239e-26
25.5461
26.057
9.342e-26
35.9699
28.2446
11.395
23.4707
5.37028e-18
4.30068e-17
1.08225e-20
7.69266e-22
2.08544e-41
1.08512e-42
8.01786e-31
8.82167e-17
3.12833e-39
43.4215
65.1377
58.7304
3.08782e-33
24.7438
8.7729e-27
54.4126
7.65389e-36
9.56291e-21
2.79905e-29
18.9962
6.56041e-34
4.83261e-42
6.56117e-42
4.41048e-40
1.43888e-28
5.04465e-43
3.91963e-39
1.6791e-32
7.4094e-41
7.83964e-08
5.48291e-42
49.5353
28.4745
3.11143e-34
36.3254
3.75798e-11
1.10163e-37
38.8135
28.9437
117.942
194.751
1.99214e-29
2.98459e-18
3.96218e-22
27.0418
40.3727
7.73191e-17
9.07132
30.4644
9.96326
31.0303
0.262783
2.29595e-32
31.7438
76.2729
22.0779
0.52647
21.6199
43.2106
26.8747
1.02524e-27
15.8795
6.44104e-19
7.40364e-39
3.33112e-18
4.77173
46.5188
120.475
7.18145e-36
23.3595
24.2815
1.85083
45.1413
2.15531e-17
1.94139e-41
42.3551
47.6353
3.70089e-31
39.5599
26.5282
9.07765
30.4835
9.98048
9.06944
5.02604e-31
65.2051
10.4815
5.68245
1.9277e-26
31.4312
4.47477e-19
9.72765e-25
23.8201
14.996
2.09603e-27
28.4887
7.14585e-43
1.6401e-40
45.3396
3.32513e-39
65.8796
48.3711
1.67222e-10
24.5686
5.8711
9.68114e-31
16.4464
26.247
20.7642
4.3754e-42
0.00140918
25.47
3.76638e-25
9.07161
30.4645
9.96349
2.03705e-10
5.25148e-32
25.1315
38.3274
47.7186
15.677
25.2158
1.23446e-15
9.67797e-21
40.2484
28.9435
6.44701e-39
18.6265
2.57513e-42
3.82223e-29
6.83351e-07
6.94991e-32
3.20375e-17
1.06945e-30
7.35049e-21
70.4122
35.6854
71.9585
2.36163e-39
19.6232
51.6131
46.4099
3.31001e-33
7.19126e-42
4.97139e-41
3.19359e-14
1.01692e-39
6.78298e-16
2.22855e-39
3.89391e-31
9.91509e-42
33.6416
8.39648
5.59079e-21
15.4068
2.6693e-23
1.22645e-39
3.46771e-41
2.45969e-40
1.37718e-42
2.25899e-41
33.0065
2.439e-40
32.4324
12.6306
2.59273e-36
2.08776e-25
3.213e-31
27.71
1.57343e-27
4.28466e-41
6.01786e-26
6.09835e-32
25.1121
29.3129
27.3907
52.4103
2.28215e-21
3.99234e-26
3.45257e-38
4.74918e-42
36.7083
32.0011
3.61427e-14
3.20966e-34
5.74926e-19
1.2346e-20
4.9363e-41
2.20649e-38
4.32217e-23
82.8697
22.9378
59.6332
8.61705e-43
1.17736e-12
34.4106
1.32933e-30
2.74593e-12
38.0616
59.2606
3.79477e-33
26.8433
1.02489e-27
2.55357e-33
27.2058
1.46845e-36
6.05617e-19
6.289e-05
1.79649e-29
3.16277e-33
7.8487e-38
72.5859
84.1461
83.8058
50.7284
14.1885
6.39341e-10
11.2981
8.57611e-14
2.15762e-12
4.35038e-21
4.06137e-15
1.21507e-21
69.7412
3.05939e-38
3.33206e-40
4.15483e-26
51.458
9.2164e-18
43.1409
1.09383e-33
1.5677e-39
16.1932
3.96739e-29
27.7635
1.02448e-27
41.6942
16.7166
26.6751
2.22326e-42
47.9617
1.8277e-38
39.1723
5.80752e-42
7.32698e-17
4.6615e-29
1.03861e-40
0.144357
4.73585e-35
17.7729
4.54201e-33
2.40072e-06
2.3795e-40
4.70512e-21
2.09807e-17
108.011
7.60083e-41
47.7144
2.5296e-28
19.674
63.1293
11.1667
16.5363
26.9641
1.65371e-39
38.6564
1.13556e-30
29.4559
69.6632
3.07184e-36
18.96
3.09576e-36
1.08984e-18
1.43609e-20
3.95931e-35
14.3586
8.99455
6.30804e-30
5.5798e-42
49.7007
31.5032
1.15795e-17
38.5565
63.2736
26.1853
24.7685
23.5623
9.41966e-38
1.6359e-42
25.0762
1.02376e-27
57.0272
7.42869e-24
23.8982
33.374
27.0235
6.43824e-42
35.1365
26.0184
2.9131e-33
2.36198e-05
16.1636
6.56698e-43
1.22983e-20
45.0308
4.25355e-17
87.6723
5.06308e-20
67.7461
3.02128e-29
2.48492e-21
34.2991
20.4838
81.0848
4.93701e-30
63.5372
26.1837
32.005
1.17594e-26
7.25928e-35
2.6344e-40
2.78773e-17
24.5365
1.02404e-27
2.49694e-36
22.3333
3.26287e-39
1.27496e-35
1.49499e-05
3.95458e-32
2.86188e-37
7.17656e-37
2.23126e-29
2.01668e-21
19.2265
31.2458
11.2426
29.1568
6.68774e-39
8.17642e-25
22.2198
1.40994e-23
8.94487e-31
6.28733e-24
74.7172
2.18618e-39
57.4235
7.84159e-18
49.1032
1.90459e-41
2.07616e-17
1.0187e-13
3.61494e-12
14.0037
2.20301e-21
25.5451
1.02376e-27
11.9539
35.9717
9.08841e-42
1.60127e-40
3.75645e-26
29.8596
1.74698e-33
3.56886e-22
26.1684
2.08543e-41
5.84237e-42
2.01826e-41
26.6739
8.59589e-18
65.3693
3.03002e-33
11.9787
25.7752
38.2165
6.18634e-39
1.34923e-39
27.5382
0.00159011
1.79e-30
9.08221e-11
51.1855
1.07094e-26
2.6e-27
5.28993e-38
18.4957
3.74949e-42
5.41054e-42
6.70642e-31
2.02168e-41
1.84392e-07
4.773e-34
3.1437e-38
29.4014
5.11272
29.6442
2.16232e-26
9.37787e-18
38.8135
28.9438
7.17099e-39
27.2043
1.50904e-27
51.852
19.2571
15.1622
27.405
26.8321
9.07146
30.4644
9.96366
10.4313
22.7944
9.49158
4.4082e-08
20.3523
17.6592
11.4648
8.54845e-31
43.2367
26.8758
3.46129e-27
9.98345e-22
1.93381e-18
5.5037e-30
3.13044e-19
2.1125e-37
9.11121
4.77309e-39
6.57442e-32
2.16479e-35
24.2813
1.85081
9.41752e-31
7.23381e-14
98.7138
1.64663e-39
51.4494
6.57051e-31
60.0691
1.07144e-19
9.07731
30.4837
9.98025
32.5768
9.14694
3.14229e-31
10.6304
5.82164
64.3288
31.6413
3.55332e-19
3.62749e-28
23.8197
14.9959
1.04832e-14
10.3817
1.02856e-38
9.95914e-41
1.33943e-06
6.73226e-17
9.56095e-24
18.4696
2.32774e-18
24.5701
5.87449
5.08932e-38
19.429
49.0679
2.94627e-34
9.5955e-41
1.41353e-36
4.00286e-05
38.6035
9.07131
30.4649
9.96325
11.5671
4.77798e-32
61.1243
72.4777
1.19263e-39
3.03205e-35
3.91475e-23
1.4221e-24
3.08048e-38
40.2488
28.944
6.36704e-39
2.03738e-28
3.63448e-12
36.9502
7.92721e-35
1.82301e-30
2.44927e-41
20.3131
4.02486e-21
4.43872e-43
9.75066e-41
45.7651
6.89647e-36
7.35492e-40
60.5753
23.1709
49.4423
2.94329e-29
60.7897
1.56854e-33
53.2547
5.83483
62.7367
80.719
56.673
89.7915
37.0094
18.8311
3.47518e-24
2.61965e-24
1.22384e-39
2.9319e-41
4.84116e-42
1.37581e-20
6.19274e-40
3.68759e-33
5.70571e-31
23.3198
14.2173
8.44151e-24
45.1414
49.5439
27.709
1.02457e-27
20.0641
8.02658e-34
18.7824
28.1884
1.82837e-12
20.3297
3.10167e-25
1.00609e-33
3.74169e-36
3.70449e-36
1.31023e-43
45.0378
1.15347e-10
4.06186e-40
113.978
6.56998e-27
1.06327e-30
56.9364
4.97483e-38
37.6221
82.7507
22.2348
60.4219
4.81749e-24
57.271
39.0687
36.3842
1.45714e-38
2.7648e-13
8.96655
44.015
26.8389
1.0243e-27
33.2433
41.306
59.8606
27.7454
26.8093
2.817e-38
4.41039e-41
85.1118
2.2441e-21
6.95453e-24
6.25821e-27
48.7886
70.9151
19.1717
26.4098
72.9519
14.3855
1.93058e-42
99.5456
66.4001
75.323
9.98519e-16
1.21466e-23
7.46928e-38
28.9263
21.2304
50.0755
80.0183
46.6639
49.931
7.56071e-24
27.7625
1.02375e-27
1.12146e-22
38.0346
0.294931
2.30166e-28
86.9901
36.5305
41.1987
103.497
3.01172e-34
7.02425e-30
1.62094e-40
0.14431
12.1346
61.4806
41.1724
2.46713e-41
46.3244
16.3292
38.1372
1.67431e-39
3.46048e-41
43.4086
8.47743e-17
4.18124e-25
3.85912e-35
4.24611e-39
7.25014
1.16857e-37
0.0890028
158.186
2.99055e-22
41.4738
22.6691
1.00203e-34
67.592
2.72501e-40
22.9099
35.0018
0.0102464
4.92824e-38
20.9825
8.27088e-29
5.57972e-42
49.7013
32.2359
27.9531
9.10098
1.40504e-42
5.59198e-39
6.16094e-27
50.8024
9.91038e-28
7.93451e-09
25.0772
1.02448e-27
57.9319
1.21033e-37
1.11673e-41
40.7508
1.48993e-20
4.91041e-05
92.6956
10.2264
4.85332e-27
5.59396e-05
22.8298
1.14412e-40
1.93107e-30
54.8263
1.58817e-34
1.16213e-32
4.4414e-10
4.73743e-42
1.13605e-27
7.07477e-28
32.158
20.721
45.8178
1.49374e-36
1.44771e-16
7.12166e-27
79.082
33.2708
42.8525
27.0987
1.16903e-37
24.5406
31.137
4.62108e-28
3.35466e-29
1.35788e-39
1.31751e-27
6.3752e-06
13.9314
35.7325
37.0412
9.2039e-26
1.91485e-25
19.1008
3.92445e-41
3.48458e-12
1.17072e-37
22.7334
15.8024
2.8461e-22
92.461
12.6955
5.93917e-31
74.9486
2.18767e-39
50.0154
50.4679
3.07444e-17
6.18448e-22
2.4265e-35
5.29039e-39
2.90406e-22
6.93533e-14
5.82808e-14
25.5463
1.02448e-27
10.7704
35.9936
5.54632e-38
1.665e-26
70.6249
15.857
8.61586e-11
53.9501
6.77014e-22
2.08541e-41
3.98975e-43
3.00804e-18
9.83367e-23
2.61479e-26
71.0158
16.0603
21.3439
20.5626
22.1971
7.74042e-18
54.4159
11.6925
1.05407e-35
8.75926e-12
1.82797e-28
90.0733
6.60158
3.53257e-26
1.58217e-34
5.99239e-36
2.15522e-41
2.42345e-42
4.00576e-27
2.40979e-42
1.84452e-07
2.38997e-37
35.8952
33.772
7.96994e-24
27.3778
13.1044
4.32897e-28
38.8135
28.9436
28.1329
1.60097e-39
9.95991e-30
54.8532
1.64776e-23
8.38232e-31
35.6494
14.3044
9.07153
30.4644
9.96386
8.90876
12.7852
31.5862
6.95598e-07
1.67375e-20
52.9613
10.7865
22.4261
43.3367
26.8737
1.34545e-25
5.95293e-40
1.03042e-18
4.84795e-28
23.3034
31.0576
9.98662e-27
0.000347369
1.00834e-32
1.49896e-34
24.2811
1.85084
23.0593
1.82296e-12
100.926
16.8877
24.428
2.22985e-08
46.3279
28.5769
9.07731
30.4836
9.98029
8.27759e-32
6.79924
6.03236e-41
10.7133
5.72463
3.3682e-30
39.057
15.6848
2.33218e-36
23.8192
14.9958
5.86547e-31
1.30666e-23
7.78812e-42
4.01608
1.82503e-38
1.19459e-21
1.38811
63.7284
2.51286e-36
24.5676
5.88351
3.408e-31
1.16811e-33
1.44672e-40
32.187
27.4967
3.89832e-36
0.164029
4.40294e-07
9.07153
30.4647
9.96349
35.4689
104.652
33.234
1.55619e-24
19.1232
29.9866
3.0479e-28
72.8445
1.72835e-26
40.2488
28.9439
5.63112e-39
1.13282e-28
0.000111897
1.90318e-12
23.9556
8.42043e-32
41.163
4.69966e-24
2.0162e-24
3.14029e-43
1.39625e-07
4.1265e-40
6.42267e-36
66.0616
6.25361e-29
28.8491
11.8797
20.3062
125.089
5.20098e-41
40.205
1.26941e-13
2.0195e-31
1.58665e-42
4.15169e-40
1.95228e-37
54.1435
5.5775
5.10433e-05
90.1111
1.21591e-39
1.23726e-41
5.14689e-42
7.4739e-35
7.49108e-41
19.6069
1.2743e-19
9.98456e-41
2.30226e-32
2.18365e-36
1.6586e-27
105.525
27.7143
23.1456
14.9
39.4405
72.056
76.6712
57.3485
35.3731
21.9595
1.89223e-37
1.70414e-15
60.712
1.94511e-24
66.8434
5.48277e-23
110.573
47.8244
4.96602e-21
2.17916e-26
55.0797
90.9238
7.12165e-31
2.50024e-17
20.3991
30.3331
1.50855e-32
29.7993
1.77521e-42
1.74471e-27
2.8461e-30
1.14162e-32
30.6885
38.5924
26.8428
14.2092
38.8371
1.10503e-29
8.30008e-36
5.18606e-35
24.3073
85.484
2.97764e-07
22.0976
57.0204
5.28701e-24
4.65653e-36
51.134
19.3841
21.2491
2.36572e-37
33.2279
66.4402
3.92874e-24
9.49832e-42
64.187
181.785
9.30345e-40
92.2692
1.18896e-29
3.58022e-42
3.15489e-40
58.804
9.58526e-06
65.7623
12.2514
6.40637e-41
27.7683
2.03157e-06
50.3496
9.82762e-31
25.6472
53.4581
62.3637
8.16499e-22
24.2976
8.35606e-33
47.6586
3.32547e-33
51.0761
0.000535273
2.51288e-08
6.08347e-05
1.25695e-38
3.25008e-17
18.875
73.722
3.23114e-34
15.4903
1.92396e-41
8.47096e-34
4.0284e-07
15.7039
1.39574e-17
2.08269e-39
34.391
3.43196e-41
4.6837e-34
31.9243
5.90349e-32
5.06163e-33
1.49228e-33
2.43954e-07
39.0836
3.96377e-42
9.77131e-43
1.37661e-35
5.65648e-42
19.9262
3.30114e-38
3.47838e-32
5.56265e-42
49.7222
32.2453
46.3911
12.6097
40.8873
38.1782
48.7441
71.7273
25.1115
2.76775e-23
25.0776
1.57339e-27
1.22439e-17
5.74682e-18
3.43575e-34
3.00054e-23
39.2354
49.8454
6.36355e-30
3.06886e-17
7.27625e-39
0.130451
22.8669
4.88763e-37
6.23355e-21
5.22373e-33
5.56581
3.05217e-21
56.1832
1.94678e-24
36.0475
8.33056e-38
38.8429
20.7159
7.21228e-38
0.0066084
2.4472e-10
2.83827e-40
2.29223e-40
27.7637
8.31579e-18
5.68096e-26
2.22132e-11
24.5397
1.02546e-27
3.41833e-36
52.5215
3.82193e-41
25.7974
1.85828e-10
41.4917
4.58525e-41
1.62051e-10
1.51417e-13
4.04744e-32
19.0955
65.5416
21.9799
2.96057e-16
2.93062e-30
2.93892e-21
39.7605
14.9326
12.5714
20.7716
71.0562
29.1197
4.47962e-38
2.60294e-24
84.5113
92.0085
1.35639e-17
1.43221e-36
30.3243
1.43243e-23
54.238
25.5473
1.57336e-27
37.665
37.3192
7.2017e-23
5.27364e-41
1.50912e-19
15.3837
6.73356e-32
17.2384
1.2267e-17
1.35308e-41
3.01659e-41
9.58816e-20
7.40541
5.17866e-35
8.64471e-29
6.45061e-27
1.24437e-40
4.74718e-29
21.7113
3.02241e-25
55.3462
23.3026
41.3477
37.891
34.9493
85.4414
49.4646
4.56924e-32
22.14
64.867
9.1952e-42
6.3866e-43
1.00287e-23
2.59409e-37
1.50191e-09
2.91197e-42
2.20985e-24
9.20576e-40
45.8268
3.10305e-14
54.2793
1.49924e-28
38.8146
28.9388
1.16394e-38
5.13112e-39
5.66428e-21
58.8865
4.48551e-16
67.6262
57.5104
2.16289e-08
9.07083
30.4635
9.96258
8.13447
2.78093e-12
15.1374
0.00260514
2.71117e-23
1.71681e-37
33.9883
64.8737
43.6078
26.884
31.6974
1.37884e-10
2.98552e-15
4.86435e-40
8.35971e-10
0.00672901
25.9526
16.514
39.3943
1.17815e-35
24.2914
1.20333
1.51415e-20
4.95929e-38
36.3346
6.92495e-42
1.24069
122.824
2.88761e-39
2.96904e-40
9.07649
30.4826
9.97927
14.163
13.6569
6.78394
6.07457
9.18309
19.6713
4.54376e-10
28.1286
5.31223e-22
23.8311
14.992
8.13182
6.27606e-05
6.36663e-21
1.08573e-30
51.9014
4.32815e-39
7.77098e-18
67.2289
35.6888
24.5757
5.71625
2.91409e-31
4.51102e-21
28.2065
7.9743
19.7195
4.89481
14.6181
22.9393
9.07081
30.4637
9.96263
1.71497e-32
1.06712e-28
5.21584e-34
13.7906
23.2334
64.6184
30.75
6.82208e-42
22.8372
40.2498
28.9424
5.23217e-39
1.41534e-34
4.12489e-17
1.75248e-31
1.1468e-36
12.3159
314.678
36.9184
2.23112e-28
8.43489e-42
9.60192e-41
2.93689e-40
7.53438e-37
32.1044
2.07713e-40
36.4354
0.677768
5.08299e-35
1.72792e-33
1.29281e-27
48.2246
23.9918
1.85815e-27
5.42874e-40
9.39276e-37
103.908
23.8811
24.4764
2.17967e-40
3.6846e-34
7.85391e-40
1.24154e-41
3.34864e-41
2.56607e-40
6.81954e-07
3.01803e-35
8.3488e-43
39.9534
47.9353
2.19036e-32
8.05335
32.6503
39.3673
30.668
18.2992
8.46809e-29
69.1417
5.92949e-41
59.3238
1.32037e-23
1.16634e-18
10.7948
7.8502e-37
86.6282
79.2249
43.3913
4.10956e-17
2.88941e-18
30.5113
6.36717e-27
1.57131e-34
3.98199e-21
3.92812e-26
5.02012e-34
9.29389e-42
66.1282
3.00956e-40
4.19128e-34
12.6753
4.84267e-06
3.92022e-31
5.61862e-41
36.3225
8.27265e-39
4.3057e-25
31.4578
25.398
31.5837
41.5031
7.14656e-26
3.93193e-39
9.88385e-36
24.2786
38.4395
84.0641
2.06344e-20
69.2609
66.7411
44.4774
5.85822e-37
21.3996
52.4789
5.89043e-11
7.72165e-32
5.61589e-32
55.6356
3.10446e-34
72.5471
35.7579
159.153
1.46372e-21
5.34932e-21
74.7012
47.7819
32.887
7.66032e-32
5.12723e-35
3.10038e-34
37.2129
31.4882
150.308
1.09358e-30
2.31052e-41
5.08937e-29
1.40763e-35
20.298
16.6661
54.7203
4.88977e-24
5.85829e-37
1.81615e-41
25.3244
2.22638e-33
28.2568
39.1051
3.73311e-39
65.3326
7.98159
4.08839e-40
6.99109e-27
2.24732e-35
28.6235
4.2284e-29
4.35744e-21
16.7791
8.29784e-26
5.65543e-09
42.0387
10.2241
48.4952
1.7832e-35
7.90572e-32
2.8624e-38
5.84449e-26
4.40664e-31
2.64084e-27
6.3751e-23
1.03231e-34
1.7852e-32
28.4111
5.81598e-10
1.11743e-30
32.9617
42.9632
16.9897
2.21488e-23
7.15929e-33
102.208
5.66845e-31
38.5246
47.2642
33.1313
43.8336
25.8035
1.57329e-27
30.1524
2.2237e-31
2.70011e-18
4.16139e-42
26.0705
40.6064
0.139381
80.4131
6.81091e-14
236.604
7.62905e-24
1.29949e-42
4.06385e-43
2.23761e-11
0.00013524
166.967
3.5622e-27
1.64473e-37
5.60668e-18
29.4374
87.5375
23.5834
2.74366e-21
1.14492e-06
9.60566e-31
5.96803e-08
6.15444e-40
4.39027e-28
20.2443
30.1906
7.40717e-20
25.225
1.57348e-27
1.35844e-29
2.22816e-07
3.36201e-27
7.18831e-18
1.53601e-34
2.42024e-38
4.04104e-26
32.9827
13.3101
67.2069
23.3822
6.08183e-35
12.7716
24.3612
1.10598e-37
0.0266018
1.29426e-09
40.7513
138.799
6.70025e-24
40.8502
13.5809
62.3344
0.488152
6.39299e-38
10.9828
6.39753e-39
5.19415e-24
62.9041
4.39161e-32
2.8932e-34
26.2856
1.57322e-27
26.8776
40.514
64.3563
25.0591
18.4953
3.82583e-38
2.17532e-05
81.4231
1.65404e-13
1.55378e-26
57.4777
5.46782e-27
9.70083e-38
2.40343e-28
9.89963e-42
6.57493e-27
8.87985e-39
24.5113
1.81939e-10
83.4338
56.6334
6.70223e-42
2.69961e-30
2.7712e-32
38.2855
49.7274
1.88898e-22
1.16983e-32
1.63886e-18
30.0428
2.22679e-42
8.06497e-31
6.67681e-23
3.74027e-24
44.4444
3.23809e-29
13.0676
3.093e-40
6.16185e-39
7.44843
1.73886e-26
2.79424e-28
39.4554
29.0869
8.50535e-31
7.82092e-39
8.36348e-42
3.92007e-37
3.82543e-35
23.1074
1.14888e-35
3.01954e-34
9.06989
30.361
9.8729
22.1655
1.53755e-27
23.7498
2.74877e-26
4.30616e-29
1.47708e-41
10.9247
1.96773e-37
9.42759e-39
31.0975
1.57214e-27
1.80926e-37
51.6215
8.62725
13.0209
4.49555e-39
31.2627
13.6705
1.36619e-25
5.15429e-33
28.3461
25.8525
6.70719e-06
36.4161
19.7163
3.0071e-32
13.8639
5.25056e-41
4.48351e-27
1.48407e-31
9.07133
30.3835
9.89253
13.3234
8.32987e-31
12.2966
53.7386
25.9948
55.7496
22.1127
3.12327
1.68339e-38
21.5939
14.8693
5.9484e-21
21.351
3.81952e-39
3.49509e-33
34.4662
3.17877e-35
1.05083e-34
4.20936e-27
9.47911e-33
28.6472
6.01781
22.1041
2.61678e-23
33.7683
4.42735e-34
8.36941e-35
2.39124e-38
43.7537
1.77284e-17
9.0702
30.3612
9.8733
7.67452
2.24933e-36
16.5536
5.84973e-23
15.2993
3.93558e-23
15.7958
1.65281e-22
1.47468e-24
40.9792
28.5997
2.17221e-33
0.00967879
2.82348e-41
9.7223e-39
7.27232e-21
30.4577
19.0861
8.2533e-17
1.81693e-32
62.1994
3.63784e-40
0.000276959
28.6697
8.69079e-24
3.49536e-27
0.0631786
52.2643
1.89251
1.19555e-32
3.76117e-17
65.219
33.9603
1.15514e-40
14.0097
9.23534e-33
47.1075
1.85265e-38
2.16667e-35
1.16608e-32
1.87173e-28
4.71347e-36
65.3154
1.23158e-13
1.07159e-40
4.13056e-41
39.6319
33.6636
17.3055
59.0035
4.35676e-18
42.3908
34.7966
40.9844
28.7817
6.53043e-34
9.37613
37.8015
1.68733e-16
16.5737
9.9803
3.43144e-17
29.9884
8.15255e-23
9.93091e-44
60.6437
45.6609
5.3796e-33
33.3768
31.96
57.8773
15.4024
9.78239e-31
3.41539e-29
32.4039
8.01612e-41
97.9757
9.48754e-28
6.50475e-31
1.10773e-41
55.132
21.6061
1.93385e-32
4.42795e-22
6.91189e-37
2.71741e-32
40.9792
28.792
1.49264e-37
6.3825e-32
6.27536e-42
11.6129
49.3851
17.3212
6.50677e-40
52.5337
20.9726
4.51099e-41
2.75296e-14
3.37487
7.62125e-41
3.40217e-34
31.1762
21.5546
8.07814e-12
62.4133
32.7677
3.13192e-22
8.13605e-28
6.12602e-31
32.8724
5.72191e-38
2.84401e-23
1.71464e-36
45.7412
1.33436e-20
12.95
50.447
9.05164e-21
40.9844
28.7928
9.97411e-34
37.7577
1.39753e-09
2.54475e-35
4.4448e-28
3.89413e-25
2.79313e-36
2.10785e-38
2.5351e-25
2.31363e-41
1.59386e-30
43.4041
4.60996e-38
3.13049e-39
3.82442e-43
22.9098
21.3939
59.9987
10.5332
1.84852e-31
1.66068e-25
33.9446
28.6422
4.55373e-41
0.0630366
1.08098e-26
5.9725e-40
1.67125e-38
3.13596e-23
5.13349e-31
VECTORS velocity float
-5.03889e-41 -3.88169e-42 0
5.11176e-40 -3.69645e-39 0
-25.0086 22.516 -4.43531
4.77688e-18 7.39087e-17 0
-2.64353e-32 -7.12579e-33 0
-7.59779 -24.7926 23.6944
17.3279 16.0283 -9.81216
56.8464 -50.8487 -7.97182
5.22044e-13 -4.59265e-12 0
2.97564 0.735249 3.9123
-1.25958e-31 -2.46248e-31 0
-6.00725e-05 -0.00474177 0
-12.2217 -28.9735 37.706
-6.03946e-32 -4.83263e-31 0
5.04994e-16 2.34465e-16 0
-7.43163e-42 -7.79753e-42 0
3.88159e-13 5.16858e-13 0
-1.55905e-24 6.06022e-24 0
-37.3418 -44.7472 50.209
26.2199 -14.8942 41.8168
1.545e-33 -2.66886e-34 0
18.8588 -8.97463 -2.97905
0.0027295 0.0451588 0
-27.6493 -8.38053e-06 28.1552
-28.0821 -0.00405007 -6.3577
0.000427366 0.000760738 0
1.62192e-18 1.15895e-17 0
-29.883 -15.3882 -8.40487
-30.9636 -16.9645 -1.49901
-39.279 33.2434 46.2909
0.332631 27.3146 12.176
-50.7598 23.0625 14.6832
-25.6197 -19.9394 -8.33974
1.30224e-19 2.04569e-18 0
-1.03023e-38 -1.01777e-38 0
9.07688e-19 -6.88534e-18 0
24.2145 4.20244 4.89522
10.1695 13.4404 4.9397
1.60966e-07 -1.60397e-08 0
1.84744e-35 1.57801e-34 0
7.66798 2.48907 -9.0903
-1.27218e-21 4.99807e-21 0
18.3702 41.6721 84.7546
-2.16189e-30 -6.2316e-31 0
-46.4995 -4.20832 0.199778
-4.50609e-44 3.99254e-44 0
8.78003e-23 9.04044e-23 0
-4.046e-43 -1.07595e-42 0
-4.57151e-41 -6.18038e-41 0
-3.98773e-29 -6.48223e-29 0
-9.27219e-31 -1.14804e-31 0
18.3536 2.8485 3.57901
64.3726 -27.4861 -8.96306
-24.8697 -22.3034 -2.20147
-5.88128e-38 -6.93254e-38 0
-6.22387e-30 -1.79402e-30 0
-27.6198 4.30401e-06 28.1774
-28.0829 -0.00203362 -6.35212
-1.24244e-25 -2.25782e-25 0
-10.6076 9.23163 -4.66129
9.06589e-30 -3.33055e-30 0
7.93423e-21 -1.32842e-21 0
4.73913e-26 -1.03373e-25 0
9.68536 -18.5 -5.42109
26.0709 -17.1119 34.5945
0.889774 0.585309 2.75317
-7.73505e-25 3.24953e-25 0
-9.00697e-44 -1.21268e-42 0
-8.6255e-35 -4.2899e-35 0
-7.09679e-40 1.14451e-39 0
8.1778e-39 8.16012e-38 0
26.988 30.7379 4.60913
-6.24715e-41 2.3702e-41 0
3.98491e-14 2.01991e-13 0
32.2691 2.41555 -11.0763
-53.6443 -3.33974 -1.27098
2.66376 -9.25121 -2.17192
9.29756e-15 1.43857e-13 0
-12.9622 86.1191 8.39776
1.02509e-14 1.58607e-13 0
6.77015e-09 1.3563e-09 0
-2.69011e-26 1.79843e-26 0
6.39303e-40 -2.34843e-39 0
-2.80982e-40 -9.04935e-40 0
1.10753e-19 1.70422e-18 0
6.00946e-37 -3.37811e-36 0
14.8444 -64.2934 -3.0228
-6.54415e-40 1.4572e-39 0
-8.50731e-29 -6.80726e-28 0
-27.6493 1.20673e-05 28.1552
-28.0766 -9.46926e-05 -6.33356
-21.385 6.88161 -8.0053
-65.3307 14.1765 -1.65553
-9.53696e-43 1.30841e-42 0
10.269 -12.9908 -2.10491
9.82056e-34 -3.40207e-35 0
4.57835e-30 5.37159e-30 0
-28.3415 -4.0353 6.12092
9.70388 16.3721 -4.62312
-1.41926e-23 3.14053e-22 0
-7.82988 41.6428 32.3989
-9.19785e-35 -2.65089e-35 0
2.25679 -1.75921 0
-2.89141e-41 2.77278e-41 0
15.4524 -24.8497 -4.61886
8.06595e-34 -7.48947e-34 0
-0.00447397 0.0129045 0
30.4778 -0.282462 55.1066
19.6368 2.97188 -3.19731
15.5873 12.4105 25.3826
-2.47197e-26 -7.12523e-27 0
2.45548e-40 5.46831e-40 0
-24.4112 -23.1633 -4.56213
-9.55164e-27 -2.75325e-27 0
-1.60022e-06 3.72385e-06 0
23.041 -35.4204 -0.71637
13.662 -11.1852 -9.36725
1.3081e-09 -7.81422e-09 0
13.2647 65.0069 44.6027
2.49738e-40 -1.7149e-39 0
-6.81321e-38 2.46506e-37 0
5.82455e-44 -9.32543e-43 0
-8.97796e-30 -7.18377e-29 0
-2.81353e-30 -2.8924e-29 0
-1.11071e-42 -3.31282e-42 0
26.7726 -11.4095 34.7721
-2.49163e-28 -1.41145e-27 0
1.68474 -7.2449 7.46332
1.71024e-25 3.78148e-25 0
-8.74679e-36 -2.49416e-36 0
8.41793 23.4718 -4.22285
-8.87904e-35 -1.3322e-34 0
-2.03751e-28 4.50943e-27 0
-0.000263611 -27.631 28.1654
0.231843 -27.6775 -7.20149
-6.0437 -9.65903 5.43945
16.3788 16.7568 6.03982
2.13466e-39 -2.54028e-39 0
-4.38216 15.0283 0.439755
22.4449 -32.453 5.847
-20.617 1.98844 -4.29353
4.57476 -57.6218 18.8909
21.7069 -5.78481 4.64077
-1.04614e-05 -8.06934e-05 9.0701
-3.94678e-05 -2.07978e-05 30.361
-0.000170438 -0.000126508 9.87324
0.0253481 0.0126787 0
3.23596 0.375639 -4.89201
11.7411 11.3429 14.2597
-1.36799e-31 8.12167e-32 0
36.6867 34.2912 42.0837
2.94409e-27 4.24529e-26 0
9.01574 27.419 52.5347
6.29864e-19 9.7358e-18 0
-28.6891 18.5532 -1.8451
2.80443 30.383 4.95819
-6.23741e-32 1.57197e-27 0
0.0590967 0.0031918 0
-3.79896e-42 -6.02865e-43 0
23.587 -9.87526 7.72703
-9.48966e-30 -3.89908e-28 0
6.36127e-40 8.57501e-40 0
-16.5203 -37.9753 -9.66087
-27.2851 35.777 3.49782
16.8754 -21.3064 18.4943
20.9557 -27.9966 28.3102
3.2564 -24.2856 13.4651
-0.00546255 -0.330455 0
0.000126981 0.00019738 0
-157.404 -52.3241 53.6227
2.83022e-25 4.05326e-26 0
5.77039e-17 -4.43515e-16 0
6.06183 -16.9425 -10.5193
1.39088e-37 3.62863e-37 0
-5.73613e-42 -9.22681e-43 0
-0.135279 -27.1655 10.7659
-5.39686e-06 1.1915e-05 9.07131
-3.66471e-05 3.5993e-13 30.3835
-0.000732631 0.00011418 9.8928
-1.56067e-33 -4.28238e-34 0
6.47165 -7.96659 -7.93255
6.65751 0.692365 4.69226
5.30263 1.8035 4.17997
9.11721 2.6248 59.8297
-3.08105e-35 -1.90334e-34 0
16.9157 2.80595 13.3335
21.0391 0.496292 19.0539
3.68623e-16 -2.31284e-15 0
6.1876 13.4497 14.1391
-0.000684722 13.7879 7.61448
-2.71705e-07 -1.19632e-06 0
3.16479 3.85431 -2.76431
-16.9353 12.3803 -3.91352
6.03893e-08 4.06675e-07 0
-6.47314e-42 4.73827e-42 0
-3.51753e-35 2.84877e-35 0
-1.20459e-26 -3.47222e-27 0
-2.2161 -12.831 -4.45958
-2.75836 42.2489 -6.92317
3.23209 -24.3624 13.6758
1.56049 -3.3424 4.20955
12.7406 32.9184 -2.54044
4.16333e-33 -2.34407e-32 0
23.8906 5.03547 33.6258
-20.0295 -13.4775 34.9083
15.224 -23.7823 -5.47709
-5.21588e-34 1.15417e-32 0
20.8817 48.0371 13.2365
-4.60275e-25 -1.92252e-24 0
-3.49141e-05 4.11518e-05 9.07023
-3.94678e-05 2.07978e-05 30.361
-0.00116847 0.000121276 9.87355
-8.65767 -21.0268 21.7958
2.03539e-32 2.16527e-32 0
8.95322 -18.8875 8.64946
3.51227e-23 1.45544e-22 0
10.3179 -26.8079 -6.05233
7.22707 -4.58602 -4.64744
0.000398684 -0.000403101 0
-1.29654e-42 -7.61887e-42 0
-1.75882e-37 1.44401e-37 0
-0.000188528 32.0792 25.4994
-0.000233813 27.8881 -8.26379
9.77786e-13 1.11181e-12 0
-2.47898 -8.39475 -1.77962
11.1447 26.7113 8.4359
-2.39606e-35 -9.83786e-35 0
13.8754 21.1857 15.836
20.5805 30.1635 -8.09207
6.21689e-41 3.08096e-42 0
44.8175 57.93 16.8413
-1.23686e-26 2.73692e-25 0
-13.5937 -83.1905 76.0621
-1.09312e-40 3.79836e-40 0
17.0376 -31.2037 20.7911
17.4914 -9.98384 30.029
1.77496e-18 2.74632e-17 0
55.1678 -4.48946 40.8039
55.8157 19.4831 18.7904
1.71398e-42 -7.51756e-41 0
1.10828e-35 -1.90535e-34 0
6.49289e-15 1.00462e-13 0
-9.90457 -19.4267 -1.77287
3.60652e-42 -1.38473e-40 0
-101.972 60.3744 -9.29011
-1.19727e-31 -6.51547e-31 0
25.7139 17.8926 -4.4266
-4.96016e-31 -2.46694e-31 0
-6.30322e-36 -3.56882e-36 0
-49.7224 -1.01989 1.05922
1.33325e-35 -5.08641e-36 0
2.76408e-40 -1.55317e-39 0
1.30357e-26 2.30576e-26 0
-1.4622e-27 2.2377e-27 0
-8.46982e-25 -6.77725e-24 0
1.23165e-41 9.69851e-41 0
-2.59403e-40 2.27064e-40 0
6.41785 23.0342 -2.10335
4.92616e-31 1.08912e-31 0
-4.86554e-32 -8.67367e-32 0
3.10802e-14 4.12956e-13 0
6.67721 -7.46235 2.21083
1.77409e-32 -5.92584e-33 0
-31.3754 1.88079 -9.1323
-21.6175 -2.38762 20.8836
27.662 3.09329 6.04692
1.57352e-27 -6.24296e-32 0
10.7183 -45.383 38.411
-1.113e-41 -7.44956e-42 0
7.46517 -20.1947 38.6063
-26.424 -15.8165 74.6241
-2.90013e-05 3.08756e-05 0
4.29416e-19 2.8546e-19 0
1.94655e-05 4.1133e-06 0
20.8532 32.9031 26.7794
6.32328e-05 -6.60381e-05 0
-36.5977 -175.35 64.7872
2.50881e-40 -3.81891e-40 0
-1.79986e-41 -1.10272e-41 0
-4.59871e-39 -2.28691e-39 0
-8.31406e-33 -6.62366e-32 0
19.8117 33.407 12.2953
-6.25311e-36 -9.3821e-36 0
-1.09901e-38 -5.60465e-39 0
-5.19025 -0.863666 21.6969
-6.00784e-39 1.25212e-38 0
26.8611 -26.4371 3.38219
41.9577 -55.3371 22.9917
13.6662 17.6929 3.97067
-1.5197e-31 1.2201e-31 0
7.32382e-27 2.74523e-26 0
15.3023 28.0357 -5.2993
37.5995 12.4587 -3.02351
-6.92079e-27 -1.99491e-27 0
21.8597 30.922 37.2549
1.00471e-37 -2.3935e-36 0
2.49418e-10 5.87415e-11 0
-42.9024 3.07757 -4.32686
26.693 3.02605 6.27316
1.57344e-27 -1.48629e-32 0
18.819 21.5868 3.56562
1.49818e-29 1.97779e-30 0
-35.2014 -8.40976 -4.87785
-2.42397e-28 -2.09875e-27 0
-2.53344e-22 -1.09547e-20 0
9.34671e-19 -9.32867e-19 0
-25.6309 16.9262 1.24376
-6.25557 -0.120693 2.48432
1.84881e-22 2.86054e-21 0
73.6306 24.4867 10.7445
-80.1552 -15.2537 26.2722
0.492207 6.85695 9.29503
2.44733e-19 9.16674e-19 0
-9.54811 -16.0339 2.78672
6.8617e-41 3.96237e-40 0
2.17727e-06 -1.16061e-06 0
6.25349 5.37241 -3.02545
-32.2002 -33.9058 -0.610238
7.15458e-38 -2.28805e-38 0
7.69777 -1.97296 10.8217
-2.40102 135.246 1.28572
1.04426e-39 -9.77134e-40 0
-4.0371e-23 -2.00785e-23 0
-8.07325e-40 2.89565e-39 0
13.0663 -18.3782 5.2774
41.5603 -51.8431 19.1236
-5.67398e-27 -1.63551e-27 0
17.5925 -20.4225 52.808
-1.29095 -42.7244 -9.18486
-28.169 12.6897 22.8769
-41.7166 1.56016 -6.35284
27.822 -1.10709 6.3977
1.5733e-27 6.92e-32 0
87.9411 -179.768 231.199
27.4306 25.9158 78.3109
8.58024 22.3254 11.897
3.09743 -19.163 -2.26443
4.81282e-38 4.83818e-38 0
2.95625e-38 -7.02368e-37 0
-6.66842e-36 -2.14238e-36 0
32.4416 -6.09578 9.55452
1.5197e-18 2.35137e-17 0
-1.50632e-28 -1.26523e-27 0
-3.84662e-42 5.83816e-42 0
63.9219 92.6053 -2.04647
31.2 -18.8147 -6.45807
1.07122e-18 1.65658e-17 0
-93.6585 9.86841 30.6595
1.72756e-26 1.85032e-26 0
-4.34617e-40 1.58422e-40 0
7.1552 -40.2878 -5.6296
2.67232e-25 -8.06485e-26 0
-6.09697e-30 -2.63635e-28 0
16.6121 26.3399 -9.06425
-6.43651 -20.6069 13.1915
-3.28988e-26 -8.63517e-27 0
-1.7213e-38 -4.19264e-38 0
-2.77247e-32 1.69599e-32 0
-0.0194007 0.00434926 0
2.5681e-07 7.67893e-08 0
5.04228e-23 1.92035e-22 0
-1.58819e-06 4.18414e-06 0
5.27259e-21 5.07466e-22 0
4.79726e-35 7.76253e-34 0
-5.29031e-33 2.81987e-33 0
27.6209 -2.52062 3.06697
4.65782e-27 7.2056e-26 0
-2.28163e-26 -6.57657e-27 0
-5.45915e-43 -5.77448e-43 0
1.39825e-28 2.148e-27 0
-2.40596e-31 -1.92342e-30 0
1.06834e-26 9.43608e-27 0
-2.16103e-42 -2.81555e-42 0
31.4077 43.1763 32.7893
-6.92973e-29 -5.54494e-28 0
-4.30916e-42 -3.55689e-42 0
25.3819 41.985 11.9354
0.359859 27.7313 15.5843
-1.48851e-26 2.93424e-27 0
-0.0248021 -0.0169731 0
-5.78352e-42 -3.08441e-42 0
19.2046 5.08306 2.72776
9.17651 2.9065 19.3971
0.013825 -0.00530602 0
6.88492e-31 5.92761e-31 0
1.28797e-40 -6.26013e-42 0
-2.75854 7.04776 22.1333
-29.2615 -0.984566 -11.8608
0.000415355 0.000304666 0
-1.65128e-29 -4.7598e-30 0
-8.42582e-21 1.81229e-21 0
-42.6406 23.6863 1.50673
16.8933 16.5807 4.86921
2.28332e-22 -1.49388e-22 0
-6.74915e-18 -5.48368e-17 0
2.49361e-15 1.57735e-15 0
-6.49463e-28 -5.1969e-27 0
-9.26309e-38 1.26375e-37 0
23.6503 -6.84277 5.86286
-2.7061e-29 -2.166e-28 0
2.93849e-25 4.54659e-24 0
109.579 -35.2046 12.0101
-1.92617e-42 -5.42247e-42 0
-3.08824e-26 -8.90095e-27 0
-1.97502e-39 -5.7034e-40 0
-3.55689e-39 -3.14679e-38 0
-4.32736 6.65779 27.4778
-3.17029e-30 -9.1294e-31 0
8.68387 5.05981 31.5119
43.5559 -14.2728 -8.74082
-1.13668e-31 -5.01288e-31 0
8.82845e-40 1.51461e-38 0
-1.33611e-33 -1.04909e-34 0
-3.95728e-34 -1.13992e-34 0
9.40519e-41 3.52374e-41 0
4.14356 -29.357 16.635
16.9028 -33.6026 19.3802
6.97566 -2.01015 -6.14356
38.3155 10.8392 -1.8036
-11.8791 5.32077 18.6509
-23.9971 -0.256561 -2.7418
4.70079e-27 -5.68134e-27 0
4.9618 -6.34161 -6.36377
-2.05523e-35 1.84044e-36 0
-2.35777e-40 1.9006e-41 0
-20.6727 -32.6943 -5.94787
-40.505 26.554 -5.28823
-52.3406 15.9492 11.1487
-1.88622e-37 6.82994e-37 0
6.06934e-19 9.39599e-18 0
-1.22958e-43 2.94686e-43 0
2.70143e-42 -3.09344e-41 0
81.8642 4.54984 165.376
-7.13266e-33 -2.05597e-33 0
84.9358 -52.4497 14.2852
-7.4732e-39 1.39162e-38 0
-56.6013 14.099 -0.408543
11.9427 12.7736 27.2508
-131.974 95.0854 51.5774
-1.08303e-33 -3.1218e-34 0
-3.48931e-17 2.40279e-17 0
6.03174 -69.2995 7.37363
26.2267 2.70378 6.16329
-3.95818e-20 -1.17404e-19 0
-2.77359e-31 -9.04253e-32 0
-3.61804e-30 4.48843e-30 0
1.32892e-43 -3.6215e-42 0
7.27445e-29 1.33885e-27 0
9.37335e-35 2.01364e-35 0
14.9223 -2.57025 9.50364
-1.28661e-28 -1.02758e-27 0
-3.47825e-21 6.79031e-21 0
-6.23391 -1.51416 22.2297
-29.3933 0.353844 -8.73838
-3.34914e-25 -2.67994e-24 0
25.4864 -12.152 18.1236
32.9004 -38.2462 -5.99438
-7.42942e-16 8.23716e-16 0
1.09074e-37 4.04787e-38 0
2.28015e-08 -8.32499e-08 0
-1.00176e-40 2.31052e-40 0
-1.95379e-26 -5.63178e-27 0
-2.26318e-33 1.85079e-33 0
-9.761e-42 9.42946e-42 0
-56.8625 88.3224 -5.32726
-1.35962e-25 -2.25505e-25 0
-1.10811 -16.1242 -4.82737
10.7692 26.0104 -8.83084
8.22648e-39 8.74789e-39 0
-9.13452e-40 -1.60062e-39 0
30.5654 46.699 38.8963
-18.0697 -5.76877 31.6415
-1.0009e-13 -4.56757e-14 0
-5.82894e-25 -4.66418e-24 0
2.81401e-18 4.35399e-17 0
38.7702 -10.2051 -0.938146
1.29856e-30 2.04886e-29 0
-1.70505e-29 1.49449e-28 0
6.82952 17.9755 -5.28405
10.585 -17.2577 6.21468
-1.53057e-37 -4.23074e-38 0
4.00889 -23.3191 -6.71079
-1.73358e-39 1.07457e-39 0
-4.55347 46.3249 -1.40939
1.14097e-44 -9.39188e-43 0
7.78829e-40 -4.39301e-39 0
-6.29941e-34 -4.49758e-33 0
3.85164e-42 -7.9475e-41 0
-3.15673e-10 9.39587e-09 0
18.033 22.7491 -8.86059
73.8898 8.69661 35.5987
4.05895 17.1284 -4.34581
1.13121 -3.45966 2.48554
3.15089e-19 4.87522e-18 0
9.60895e-13 -3.69354e-14 0
-1.92559e-38 -2.48615e-38 0
-8.20476e-06 -22.8713 31.3604
0.226643 -27.9239 -7.60855
5.20659e-37 -1.75501e-37 0
1.16716e-33 2.08241e-34 0
-1.17432e-34 4.25459e-34 0
19.7369 -43.2084 47.6537
-45.6507 -19.9254 25.9908
-3.18406 7.87343 10.6794
-2.91377e-25 -2.3315e-24 0
-1.11195e-34 2.46073e-33 0
-1.32182e-05 -0.000104403 9.07093
-3.34821e-06 -1.46743e-05 30.4635
-3.70447e-05 -0.000160112 9.96278
-2.09221e-37 -2.82348e-37 0
-11.9656 -13.8209 -7.75282
0.0695774 0.0880602 0
0.00464171 0.00174312 0
-8.79106 17.1253 23.3403
1.69759e-41 1.1436e-41 0
4.30059 -5.11831 -2.53576
6.77206e-37 6.63371e-37 0
3.02742 -43.0248 -3.95196
3.08296 25.8874 6.56449
-2.28723e-32 1.02436e-27 0
1.96486e-33 7.61642e-33 0
1.24146e-16 1.27828e-16 0
-5.66884e-36 2.49371e-35 0
6.85411e-38 -1.63225e-36 0
-0.482478 31.5698 -4.06479
19.8671 -1.46892 3.34723
8.13907 6.87528 -9.85501
-5.17257e-25 -4.13901e-24 0
8.45084 20.3089 7.35054
3.54935 -19.1861 14.4698
-0.0341782 -1.85052 0
-1.72378e-25 4.34902e-25 0
1.85882e-08 5.03709e-08 0
1.27271e-41 -6.84885e-41 0
-10.1036 11.2704 7.86581
-3.60113e-29 2.06345e-29 0
26.6475 -44.6866 7.7015
23.7721 -45.2199 10.6818
-1.1199e-21 9.07023e-22 0
5.80937e-05 1.67632e-05 9.07682
-3.08742e-06 1.27191e-09 30.4826
-8.25729e-05 1.12219e-05 9.9797
13.3556 -14.3084 11.4184
-2.83332e-10 -1.2157e-10 0
26.7026 11.2373 3.89377
7.21631 3.65309 -7.85801
3.07209 -2.48904 1.19048
5.26494 7.20113 16.0181
22.1025 9.26006 47.1354
6.56111 0.629395 1.26457
2.22339e-27 -2.77817e-26 0
3.35121 21.6932 9.2801
-1.60269 12.3583 8.22975
9.85991 -12.0405 7.96499
-4.09688e-23 9.06554e-22 0
-4.45944e-25 5.5206e-22 0
-7.54753e-27 1.67011e-25 0
0.00423523 0.00407635 0
-3.45494e-32 -2.39995e-31 0
7.54601e-24 6.31737e-23 0
4.45789 1.54752 -9.49425
2.45484e-15 7.17003e-14 0
3.49774 -19.3112 14.7924
1.78378 -3.10137 4.64781
1.57651e-29 -7.11918e-29 0
4.65481 14.2472 0.764275
-8.00625e-31 -3.98191e-31 0
6.13335e-26 -1.55229e-25 0
1.04393e-36 1.85601e-35 0
9.0613 65.4098 71.8181
3.55186 -29.2441 -10.9462
-3.81016e-28 -3.04875e-27 0
2.77701e-05 2.92495e-05 9.07119
-3.32198e-06 1.46818e-05 30.4635
-0.000367189 7.91717e-05 9.96307
-20.4564 0.279619 -4.83707
4.66449 -7.35356 -8.67349
-5.09843e-33 -4.07959e-32 0
3.20683 -12.1316 19.1827
2.54687e-19 -3.49796e-19 0
-3.74366e-31 -1.3531e-30 0
-4.43627 -9.00873 -2.17445
-20.2515 -16.0526 6.91835
-4.72676e-42 6.50619e-43 0
-1.23326e-05 27.77 29.1355
-0.228634 27.9213 -7.60244
-1.70184e-40 -5.72061e-39 0
-4.69394e-33 1.82218e-33 0
6.79136 -2.14581 1.71016
-25.5855 38.617 42.1533
-5.41473e-41 -6.33378e-40 0
-2.2645e-36 -9.99963e-37 0
0.158602 -6.20888 -7.97083
2.67182 32.4342 1.01028
-7.2993e-23 1.61518e-21 0
-2.22759e-41 -7.30069e-42 0
22.5236 -0.394765 3.37739
-1.34889e-08 3.46338e-08 0
1.21823e-37 1.40362e-37 0
-18.4 -33.0389 0.277892
-3.24657e-35 7.18382e-34 0
-1.31004 -10.3629 43.513
-0.00147484 -0.00132919 0
7.65512e-31 -1.89635e-30 0
-2.87134e-29 -8.2765e-30 0
-2.74272e-21 6.89353e-22 0
-9.76176e-42 -7.79161e-41 0
-1.70823e-31 -1.32322e-30 0
-1.1515e-32 -1.07038e-31 0
6.45422e-38 -4.91407e-38 0
-1.88738e-32 -8.16114e-31 0
-1.11247e-17 -5.87835e-18 0
8.49348 -22.6015 9.65723
62.9316 69.8459 -10.0579
-8.48744e-33 -3.67021e-31 0
-15.0285 -37.2607 36.3077
1.55087e-42 -6.05722e-41 0
2.30311e-41 -1.75342e-41 0
3.14424e-43 4.92472e-42 0
1.20539e-43 -3.28843e-43 0
1.3509e-28 -2.49415e-28 0
-6.85165e-33 -2.96268e-31 0
6.1686e-31 6.6016e-31 0
20.4432 4.0242 -5.10407
7.26599 -2.24068 -8.20279
14.1516 31.0959 -0.917679
-1.8724e-24 2.17162e-24 0
-3.57033e-15 5.76986e-16 0
26.784 3.15581 6.36362
1.57395e-27 -1.2306e-31 0
6.86559e-39 -1.23452e-38 0
4.86037e-40 -1.15612e-39 0
35.5426 -4.40265 -8.06445
-19.8705 -5.71037 -9.713
23.879 -15.1239 -8.18222
16.1122 -17.2178 -5.34225
-6.51702e-38 -1.74563e-38 0
-1.45032e-42 -4.25497e-42 0
6.21727e-18 8.43849e-19 0
-1.0868e-33 2.40487e-32 0
-4.13897e-39 -4.87838e-39 0
10.4722 50.5969 56.4222
-3.08115e-34 -3.62978e-34 0
-48.0421 5.73495 1.40295
-61.9526 40.0239 37.526
-6.35463e-28 -2.83072e-26 0
-8.22216e-27 -2.36928e-27 0
-3.41465e-27 -1.69828e-27 0
6.63802e-39 1.29194e-38 0
-3.94393e-41 -5.57463e-41 0
79.8168 -3.31528 -8.10732
13.3928 18.2166 3.88398
-1.00174e-41 2.43718e-43 0
-1.47015e-38 -4.80191e-39 0
-35.5302 9.09005 18.7418
-5.83915 32.7406 21.4612
7.9193e-05 7.06219e-05 0
-5.57253e-39 -3.76175e-38 0
-7.44402e-25 -5.95865e-24 0
11.546 -9.3801 9.14913
-3.3704e-30 4.18121e-30 0
25.8355 3.08962 6.58817
1.0255e-27 4.1892e-35 0
6.76845e-38 -4.40323e-38 0
9.31583 27.6084 3.12232
19.2989 78.5469 61.8131
7.65113 -5.55305 3.53121
26.1911 -1.36946 -4.38963
8.46768 -5.09837 -3.92003
-4.26935 -33.7885 -2.01862
7.39212e-19 2.7122e-18 0
-3.08248e-41 6.8771e-42 0
-22.0444 -33.205 50.2509
-74.2729 13.5144 36.3608
-32.3824 -45.7472 -0.938264
-3.40911 -2.01767 -8.94679
15.9468 -27.3552 -2.11253
-3.24978e-38 6.60595e-38 0
6.78456e-14 -5.44662e-14 0
1.37941e-18 2.13491e-17 0
-2.48944e-28 -1.98501e-27 0
16.8227 17.7419 25.7777
-6.86407e-06 -6.29971e-06 0
47.1725 16.8085 50.8974
6.58894e-40 -6.62268e-40 0
3.67818e-43 -4.63453e-42 0
-5.13031e-43 3.05624e-43 0
5.40369e-23 -8.19042e-23 0
26.9893 -30.7916 45.376
-2.03505e-36 -2.55088e-35 0
2.39814e-17 -9.59971e-17 0
-9.05944e-26 -3.91733e-24 0
5.70964e-39 -3.30902e-39 0
-80.7181 28.6158 -7.15527
26.908 -1.10809 6.74992
1.57309e-27 1.26602e-31 0
6.59904e-33 -1.83646e-33 0
-61.7649 26.2886 -3.25647
0.00673065 -0.00261245 0
4.7948e-24 -2.24588e-24 0
2.58209e-19 9.67147e-19 0
-21.6388 15.5372 11.76
5.13164e-22 -1.41447e-22 0
20.4045 0.763561 4.06408
4.89834e-18 7.57858e-17 0
2.32144e-29 1.87946e-29 0
9.86992e-41 3.2957e-41 0
-0.00464928 -0.0253132 0
3.52287e-26 3.70309e-26 0
-46.3656 -28.1979 7.67295
2.30502e-27 1.53051e-27 0
5.80366e-35 2.00718e-35 0
-16.874 -1.43234 6.39408
0.242989 -1.20114 0
8.57717 -23.4896 -2.04096
-4.48564e-38 2.83e-38 0
-8.4466e-42 8.42631e-42 0
-16.2319 6.84744 -1.23312
-2.99792e-29 -8.17199e-30 0
-3.72489e-32 -5.67223e-32 0
-2.66929e-40 2.7279e-40 0
-18.059 29.83 7.33344
-16.0716 -21.2175 -7.23654
0.692948 -12.4404 -6.80727
1.22972e-33 2.32815e-33 0
-1.58203e-42 -7.7295e-43 0
-7.23099e-25 -5.786e-24 0
22.4649 5.96373 9.7473
-27.7178 7.467 -7.16511
-6.60588e-35 -1.90385e-35 0
3.98265e-37 1.22988e-37 0
-79.8545 -51.28 -10.2201
-1.05903e-40 -1.26913e-40 0
1.38381 0.158919 1.77014
-3.19562e-26 -9.21037e-27 0
20.2516 -15.589 0.626115
-11.4835 24.1051 -7.17253
-2.98519e-18 -2.60045e-18 0
-4.30675e-42 -3.54778e-42 0
7.89052 49.2115 -0.444449
0.813782 28.285 15.4148
23.5183 -17.8437 -0.00590397
3.22479e-41 -8.01804e-42 0
-15.5721 2.99883 21.0487
1.4839e-37 -3.53683e-36 0
6.38124e-36 1.39178e-35 0
5.77164 25.8359 10.1351
39.5299 -29.0238 -10.7433
5.40384e-41 2.53736e-42 0
-20.1972 3.54352 14.4354
-7.76554e-09 -2.72252e-10 0
5.76222e-24 4.66513e-24 0
3.90441e-36 1.41401e-36 0
3.2085 -2.54712 -7.30474
-0.0494268 0.0174293 0
-4.48385e-06 -7.94646e-06 0
-3.04682e-38 -1.42495e-40 0
-0.000136931 3.96301e-05 0
16.2106 -66.7732 27.6345
-5.95303e-28 -4.76346e-27 0
1.76918e-33 3.91698e-33 0
-2.09154e-24 -2.67797e-24 0
6.45998e-43 -6.33339e-43 0
-6.06673e-25 -4.85438e-24 0
-5.79708e-28 -4.63863e-27 0
4.84622 2.50196 -7.145
-1.353e-34 -6.72915e-35 0
-8.97346e-43 -6.19005e-43 0
-3.12825e-41 -4.6617e-42 0
-1.57637e-41 -4.83297e-43 0
-3.70406e-29 -1.06768e-29 0
14.5875 10.8546 29.0819
-4.75236 11.963 8.79359
7.90513e-42 -2.95966e-42 0
-2.91869e-35 -4.44455e-35 0
44.1868 62.6578 16.0362
-72.5965 -15.6724 5.82326
-30.5615 46.7805 -5.58343
21.9648 -0.526147 -10.5127
-5.81379 30.1501 -5.51175
-2.13684e-42 1.78603e-42 0
-1.08857e-26 -4.70705e-25 0
-19.2505 3.50292 14.8046
-12.2902 -0.278335 3.45826
5.6034 -5.8839 -10.7652
0.41819 -5.77979 -9.50074
-5.02977e-39 -2.69806e-40 0
-14.225 -2.9206 -2.44305
-17.1578 -10.5517 -5.29058
6.49227e-38 5.76873e-38 0
-4.89933e-16 -5.72089e-16 0
15.7763 -11.2604 -9.64918
4.61241e-18 7.13657e-17 0
6.95958e-38 5.93803e-38 0
10.2776 -15.6501 10.7396
1.63918e-16 -2.74201e-16 0
-6.25988e-25 -5.00893e-24 0
-10.8053 -6.10163 16.6995
-6.91238e-37 6.34859e-37 0
-27.918 22.8881 -7.05187
-6.88662e-30 -1.98504e-30 0
69.5105 -64.0025 29.6347
-2.51951e-33 -2.01733e-32 0
4.29033 -14.8162 10.5249
25.6866 -69.7992 0.349439
-1.47219e-39 1.57516e-40 0
-36.7087 55.2089 59.9385
-4.77034e-23 -2.37253e-23 0
-4.24859 -61.0027 20.0587
12.0321 -21.1854 2.45455
9.66298e-15 1.49511e-13 0
1.83214 -19.4646 -7.22424
-94.6909 -26.7923 1.82954
-1.02859 0.652129 23.7948
6.67712e-26 -1.49481e-26 0
-20.1247 -0.881859 15.7105
-25.0395 0.215793 -7.20713
5.90668e-26 -7.23768e-26 0
-35.0521 -0.819137 8.03227
-16.0212 -22.8957 -4.10682
9.80877 0.84461 5.73763
-20.6969 -11.0466 0.696342
3.46362e-19 5.3591e-18 0
2.77411e-18 4.29172e-17 0
-1.15209e-21 1.0761e-20 0
-4.97566e-22 5.86685e-22 0
-1.50152e-41 1.44724e-41 0
-1.75854e-43 -1.07078e-42 0
4.2174e-31 6.81906e-31 0
6.71102e-17 5.72573e-17 0
-1.38004e-39 2.80748e-39 0
-5.09921 9.51677 42.0578
-60.2404 -23.9167 -6.48124
20.831 -49.9317 22.8509
-2.96702e-33 -8.55237e-34 0
-6.11971 -3.35726 23.7388
-8.42991e-27 -2.42906e-27 0
-35.8509 -40.366 -6.78473
3.0611e-36 -7.0151e-36 0
6.14692e-22 9.54313e-21 0
9.67312e-30 -2.6266e-29 0
13.8537 9.70179 -8.64902
-6.30191e-34 -1.82345e-34 0
-4.68826e-42 -1.17231e-42 0
-6.53189e-42 -6.19185e-43 0
-2.44688e-40 -3.66949e-40 0
-1.38413e-28 -3.93143e-29 0
-2.24154e-46 -5.04465e-43 0
6.84258e-40 -3.85944e-39 0
-2.12686e-33 -1.66558e-32 0
4.19112e-42 -7.39754e-41 0
-5.56748e-09 7.81984e-08 0
-2.73435e-43 -5.47608e-42 0
27.0501 -36.767 19.2413
-2.31019 17.4981 22.3445
-3.09924e-35 3.09595e-34 0
-11.6228 33.199 9.07028
1.91808e-11 -3.23163e-11 0
9.34192e-38 5.83842e-38 0
5.54517e-06 -22.8609 31.3666
0.226856 -27.9241 -7.61121
-102.019 58.9949 4.70278
60.947 -167.663 78.1177
-8.99366e-31 1.99011e-29 0
1.92953e-19 2.97834e-18 0
3.00264e-22 2.58515e-22 0
23.7555 6.69416 -11.0509
37.4841 10.8506 -10.352
4.98712e-18 7.71581e-17 0
-7.93077e-06 -9.71637e-06 9.07132
3.23832e-08 -1.45821e-05 30.4644
-8.64482e-07 -4.36848e-05 9.96326
-21.4552 15.5979 16.1015
0.1107 -0.238329 0
-1.0135e-32 2.06014e-32 0
4.71478 27.0519 15.9259
-48.583 31.7849 49.4669
5.54161 20.7232 5.22229
0.479375 0.217646 0
17.7076 7.67017 9.74839
3.13787 -42.8915 -4.19854
3.08406 25.8753 6.5732
-3.11561e-32 1.02524e-27 0
0.69732 -15.0383 -5.05191
1.66102e-19 6.22318e-19 0
-7.11377e-39 -2.05138e-39 0
3.30961e-18 3.77984e-19 0
-0.355054 -0.17071 4.75544
30.0257 29.5209 19.7731
74.3576 -92.9762 18.4583
-7.18208e-37 -7.14545e-36 0
8.73135 19.9232 8.51447
3.55175 -19.1692 14.4747
-0.0341531 -1.85052 0
8.24496 -42.313 13.3929
1.39009e-18 2.15083e-17 0
-1.23573e-41 1.49732e-41 0
-37.683 -18.1736 -6.60811
8.27369 -46.9112 0.105792
-4.58944e-32 -3.67232e-31 0
-0.151086 -39.2839 4.66192
21.4284 14.6093 5.58025
6.25148e-05 1.797e-05 9.07765
1.18043e-07 2.75729e-08 30.4835
5.2724e-05 1.51458e-05 9.98048
-4.0548 -5.55291 5.91427
-2.78744e-31 -4.18225e-31 0
46.8951 -41.4658 18.2521
3.57529 -0.355938 -9.84649
5.38319 -0.117701 1.81594
1.31554e-26 1.40904e-26 0
-13.1005 15.4675 24.0219
1.58509e-19 4.18462e-19 0
-1.2061e-25 -9.65259e-25 0
3.35397 21.6771 9.28728
-1.55879 12.4523 8.20907
2.01929e-27 -5.61965e-28 0
26.234 0.625771 11.0901
2.79154e-43 6.57803e-43 0
-1.29093e-40 1.01164e-40 0
-25.1129 -37.7047 -1.83786
-3.30438e-40 -3.30867e-39 0
-9.66085 48.7548 43.2406
-9.17256 28.7212 37.8249
1.30971e-11 1.66708e-10 0
3.49901 -19.2961 14.7999
1.78706 -3.10513 4.65128
-7.61167e-31 5.98221e-31 0
4.61457 15.1196 -4.53732
3.66224 25.8954 2.21925
9.90475 15.6224 9.43346
-4.31679e-42 7.13721e-43 0
-0.000381221 -0.00135664 0
-3.60189 -24.8395 -4.32974
3.32404e-25 -1.77097e-25 0
5.50475e-05 1.59375e-05 9.07161
3.12729e-05 2.35808e-05 30.4645
-2.2956e-05 4.921e-05 9.96349
1.49365e-10 1.38512e-10 0
-6.55713e-33 -5.21039e-32 0
5.92338 22.9686 -8.30363
-23.4201 -29.6412 6.47216
-9.32346 -20.2298 42.2006
-4.55827 -14.0047 5.37223
-2.82254 15.6005 19.6085
8.62821e-16 8.82851e-16 0
6.23981e-22 9.65783e-21 0
7.18932e-06 27.7604 29.1428
-0.226601 27.9239 -7.61125
6.36063e-41 -6.4467e-39 0
-8.00011 16.5106 3.21608
-1.99744e-42 1.62528e-42 0
-5.48785e-31 -3.82184e-29 0
2.31614e-07 6.42903e-07 0
-2.38548e-32 -6.52769e-32 0
1.3201e-17 2.91914e-17 0
8.10456e-31 6.97768e-31 0
-3.31843e-22 7.34299e-21 0
-61.2316 -28.4284 20.0096
-0.492675 -33.9923 -10.8503
31.0648 35.7621 54.1671
-2.87978e-40 -2.344e-39 0
19.1349 -0.472188 4.32486
7.23821 51.0291 2.74854
-17.7607 -29.3378 31.2687
7.15653e-34 -3.23172e-33 0
4.08152e-43 7.17967e-42 0
4.82242e-41 1.20789e-41 0
2.05974e-15 3.18694e-14 0
-1.01476e-39 -6.62344e-41 0
6.34732e-16 2.39171e-16 0
1.29931e-39 -1.81059e-39 0
-9.00287e-33 -3.89287e-31 0
8.42813e-42 -5.22259e-42 0
8.91629 31.4131 -8.09163
-2.53965 2.66177 -7.54758
-5.13116e-21 2.21993e-21 0
11.8704 -8.65173 -4.64883
2.00065e-23 1.76707e-23 0
9.06204e-40 -8.26423e-40 0
2.75736e-41 -2.10285e-41 0
1.54648e-40 1.91271e-40 0
4.91931e-43 -1.28633e-42 0
9.40101e-43 -2.25703e-41 0
6.80656 32.2887 0.734434
-5.85046e-41 2.3678e-40 0
12.5734 29.4381 -5.21209
7.60193 -3.50341 -9.45881
3.37943e-37 2.57061e-36 0
1.42206e-25 1.52855e-25 0
-2.96966e-31 -1.22658e-31 0
26.7837 3.15727 6.36447
1.57343e-27 -7.95742e-32 0
3.22984e-41 2.8154e-41 0
4.10704e-26 4.39851e-26 0
-1.43673e-33 -6.09666e-32 0
-23.8552 -5.48368 5.61055
-7.93077 -27.1157 -7.81591
-22.5338 14.9561 4.33457
42.6048 -28.7427 10.2729
-1.77367e-21 1.43607e-21 0
3.46623e-27 -3.97726e-26 0
1.39108e-38 3.15993e-38 0
-9.89318e-43 -4.64499e-42 0
-17.1728 27.7652 16.7836
-11.0094 17.4448 24.4652
2.33106e-15 3.60675e-14 0
-1.14981e-34 2.99664e-34 0
3.12737e-19 -4.82427e-19 0
-2.04495e-21 1.21754e-20 0
-4.04226e-42 -4.91972e-41 0
2.20149e-38 1.48423e-39 0
2.52568e-23 3.50743e-23 0
82.1087 2.6924 -10.8764
13.3773 18.2235 3.88509
-48.2304 34.3779 -6.93526
-4.18409e-43 7.53305e-43 0
9.65794e-13 -6.73363e-13 0
7.68489 31.456 11.6426
-6.9286e-32 -1.32753e-30 0
2.28402e-12 -1.52428e-12 0
27.8643 -25.148 6.31248
-57.1992 15.2724 2.61135
-3.64633e-33 -1.05098e-33 0
25.8382 3.08985 6.58814
1.02489e-27 1.29368e-32 0
-6.23729e-35 -2.55281e-33 0
-23.2843 8.85841 10.9328
1.46289e-36 -1.27664e-37 0
1.56216e-19 5.85123e-19 0
4.73842e-05 4.13507e-05 0
-1.7262e-29 -4.97575e-30 0
-3.1388e-33 -3.88632e-34 0
-4.99993e-38 -6.05002e-38 0
26.3328 47.4453 48.2104
-41.4332 -66.4334 30.8295
-74.2901 13.7224 36.278
5.39244 -49.8258 7.85368
-5.50665 -8.39414 -10.0264
6.24514e-10 1.36891e-10 0
-10.6666 2.99343 2.21578
5.53126e-15 8.55826e-14 0
1.89116e-12 -1.03867e-12 0
-3.3303e-21 2.79909e-21 0
2.61943e-16 4.05292e-15 0
9.13149e-23 1.21164e-21 0
47.7412 13.6015 48.9858
2.08565e-38 -2.23829e-38 0
-2.01387e-40 -2.65462e-40 0
3.14864e-26 2.71084e-26 0
25.6819 -39.9013 19.9062
-5.63115e-18 7.29604e-18 0
17.3195 38.1952 -10.1142
-1.01969e-33 3.95836e-34 0
9.76158e-40 1.2267e-39 0
-5.21187 15.2795 -1.263
-3.82609e-29 -1.04936e-29 0
26.9074 -1.10903 6.75077
1.02448e-27 7.70877e-32 0
36.6601 19.8604 -0.114939
-0.577132 -16.7025 -0.369906
18.4691 -7.7997 17.596
2.20848e-42 -2.55888e-43 0
45.8849 -13.203 4.53637
1.82096e-38 -1.56841e-39 0
-8.98513 -37.9981 3.14369
-5.80569e-42 -1.45487e-43 0
4.72596e-18 7.31172e-17 0
3.62298e-29 2.93319e-29 0
9.8648e-41 3.24916e-41 0
-0.025836 -0.142026 0
3.65596e-37 -4.73571e-35 0
15.9648 -2.1512 -7.50828
3.08801e-33 3.33077e-33 0
2.38406e-06 -2.82296e-07 0
-2.37903e-40 -4.72233e-42 0
-3.55964e-21 3.07687e-21 0
1.35317e-18 2.0937e-17 0
16.8734 92.187 53.6963
-6.74961e-41 3.49505e-41 0
-16.7212 -29.6361 33.448
1.7263e-28 1.84898e-28 0
-6.52169 -16.7796 -7.93605
54.0845 -26.8747 18.3826
5.40668 -9.63755 1.60641
15.9835 -2.2497 -3.59388
-15.022 21.3749 -6.67204
-1.58979e-39 -4.55335e-40 0
8.47202 -37.7158 0.242655
-2.62545e-32 -1.13525e-30 0
-2.67657 -29.1692 3.10496
-35.932 52.029 29.2377
-3.73917e-37 -3.049e-36 0
-4.53414 -5.92588 17.4301
-7.1574e-38 -3.09493e-36 0
7.02905e-20 1.08757e-18 0
-1.86962e-21 1.42387e-20 0
3.15044e-35 -2.3981e-35 0
12.2892 -6.15363 -4.15669
0.597612 3.32332 -8.33668
-4.66174e-30 -4.24966e-30 0
-4.30671e-42 -3.54773e-42 0
6.98142 49.193 -1.21192
0.836706 27.5739 15.2129
-1.00248e-17 5.79549e-18 0
26.8985 27.6134 0.760844
59.0063 -13.3479 18.5376
-18.2437 -15.8141 -10.1365
-19.3997 9.53751 12.0899
4.33139 13.2338 19.0076
8.79321e-38 3.3778e-38 0
1.2993e-42 -9.93971e-43 0
-20.1961 3.54312 14.4353
-1.02376e-27 -3.61875e-32 0
35.6692 43.6281 -8.74058
-1.71728e-25 -7.42671e-24 0
21.6884 5.66712 -8.28366
12.0745 -31.036 2.19027
25.7607 -3.84805 -7.2005
-6.03648e-42 -2.23871e-42 0
0.587671 32.2479 13.9392
15.0191 -20.2176 -6.52946
1.99976e-33 2.11829e-33 0
-8.84873e-06 2.18997e-05 0
-1.92744 12.8347 9.63417
4.6554e-43 -4.63168e-43 0
-2.12741e-21 1.21129e-20 0
-34.9045 -17.1302 22.7156
2.74361e-18 4.2447e-17 0
23.9351 83.9724 -7.88566
1.57542e-20 4.81174e-20 0
-27.2374 61.5218 -7.91958
-2.90309e-29 -8.36779e-30 0
1.59477e-22 2.4798e-21 0
14.6613 10.9333 29.0161
-15.6166 12.2405 5.08713
66.1009 -44.4427 15.1746
-1.86901e-30 -4.56956e-30 0
8.42266 62.4527 8.10557
4.8225 25.0938 -5.71227
16.7204 25.9544 -8.43319
1.11527e-26 3.72831e-27 0
-3.98471e-35 -6.06788e-35 0
3.42616e-41 -2.61203e-40 0
1.79798e-18 2.78193e-17 0
-19.2504 3.50292 14.8051
-1.02404e-27 6.57266e-33 0
-2.42437e-36 5.97623e-37 0
-11.7846 -1.2464 18.93
-3.25843e-39 -1.70078e-40 0
-1.27392e-35 -5.13629e-37 0
-1.49448e-05 3.92834e-07 0
-2.91256e-32 2.67501e-32 0
2.18136e-37 -1.85258e-37 0
-6.95964e-37 -1.75113e-37 0
-1.73407e-29 1.40411e-29 0
1.33534e-22 2.01226e-21 0
-5.72664 -16.1618 8.69843
9.22887 -29.0774 -6.75504
-6.89685 -5.55707 -6.92446
-18.3206 20.1842 10.3476
-4.19733e-39 5.20657e-39 0
-2.97386e-25 -7.61642e-25 0
17.8607 -10.7463 -7.69617
-6.36528e-25 1.40851e-23 0
-1.54671e-31 -8.81013e-31 0
-2.80505e-25 6.28107e-24 0
27.6633 -69.4069 -0.296297
-1.53443e-39 -1.55722e-39 0
13.4136 -23.5958 50.6041
4.03385e-19 -7.83121e-18 0
-44.713 -20.0874 2.89279
-1.72441e-42 -1.89677e-41 0
1.33921e-18 2.07184e-17 0
6.57025e-15 1.01658e-13 0
-1.28134e-12 3.38023e-12 0
0.0549531 -13.7074 2.86505
1.42085e-22 2.19842e-21 0
-20.1236 -0.881498 15.7103
-1.02376e-27 5.23751e-32 0
-2.32858 -7.18929 -9.2622
-35.0511 -0.798958 8.04643
-6.81595e-42 -6.01183e-42 0
-2.20364e-41 -1.58604e-40 0
-1.69587e-27 3.75262e-26 0
-4.3164 25.1334 15.533
-1.09637e-33 1.36012e-33 0
-3.41107e-22 -1.04947e-22 0
-21.3786 12.9484 -7.75091
-1.50152e-41 1.44723e-41 0
7.05844e-43 5.79958e-42 0
1.02937e-42 2.01563e-41 0
-11.6239 21.9947 -9.62368
-3.88067e-19 8.58712e-18 0
51.4793 13.7168 37.8797
-2.91148e-33 -8.39219e-34 0
5.28089 -2.01062 10.5622
22.1674 10.345 8.12077
-31.2212 -12.4078 18.215
-4.86439e-39 3.82212e-39 0
-7.65367e-40 1.11114e-39 0
-18.3242 -6.15511 19.6136
-0.00063177 0.00145922 0
-1.08668e-30 1.4224e-30 0
-1.0377e-11 9.02273e-11 0
43.3548 25.5312 -9.40617
1.01899e-26 3.29496e-27 0
-6.00967e-29 -2.59931e-27 0
-3.45169e-38 4.00863e-38 0
6.75313 17.1257 1.78799
1.5722e-43 -3.74619e-42 0
-9.14249e-44 -5.40977e-42 0
-7.74278e-32 -6.66157e-31 0
1.88023e-42 -2.01292e-41 0
-1.2336e-08 1.83979e-07 0
-4.49542e-34 1.60397e-34 0
-1.11346e-38 -2.93991e-38 0
-2.14927 22.4399 18.8752
-4.37982 1.44788 -2.20472
-11.5274 27.2045 2.41102
-3.98283e-27 2.12532e-26 0
6.04836e-19 9.35834e-18 0
5.37049e-06 -22.8608 31.3667
0.226505 -27.9242 -7.61104
-7.15353e-39 -5.00186e-40 0
6.73758 6.38221 25.5724
-2.54038e-28 1.48751e-27 0
15.9794 -43.1533 23.8972
-1.8909 18.3865 -5.40338
-10.0224 -2.97166 -10.9823
-2.07552 26.5947 -6.2807
11.1365 24.3145 2.1775
-8.71657e-05 -8.77851e-05 9.07146
5.12844e-08 -1.45696e-05 30.4644
6.02722e-06 -0.000261152 9.96366
7.23566 -7.46539 -0.851013
-13.3745 -18.436 0.906753
9.14613 0.20353 -2.52921
4.15016e-08 1.48609e-08 0
-12.0947 -16.3326 1.08785
14.7828 9.50493 1.72353
-7.99831 6.59219 -4.90011
2.65327e-31 8.12626e-31 0
3.10426 -42.9146 -4.25555
3.08628 25.8762 6.57326
-1.31998e-29 3.46126e-27 0
-2.35128e-22 -9.70262e-22 0
4.98816e-19 1.86836e-18 0
-2.48468e-31 5.49809e-30 0
2.02198e-20 3.1239e-19 0
-5.07431e-38 -2.05065e-37 0
-8.15124 -3.74817 -1.58827
8.33729e-40 -4.69971e-39 0
5.96769e-32 -2.75855e-32 0
2.05328e-35 -6.85837e-36 0
3.55198 -19.169 14.4745
-0.0341554 -1.8505 0
9.26333e-31 1.69717e-31 0
-2.0332e-14 6.9422e-14 0
50.3656 -0.0577905 84.8983
5.02904e-40 -1.56796e-39 0
45.3564 -7.02707 23.2479
-1.51913e-32 -6.56876e-31 0
-4.50618 -36.9892 47.1146
-9.59338e-20 -4.77127e-20 0
5.3214e-08 -1.43153e-07 9.07731
5.80973e-05 1.67259e-05 30.4837
4.04654e-05 -2.33067e-05 9.98025
3.65888 23.4789 22.2845
-7.9054 4.54882 -0.692524
-3.91919e-32 -3.11776e-31 0
3.7176 -0.327369 -9.9538
5.58962 0.981934 1.29748
30.127 39.0527 41.2971
10.6764 24.3324 17.1791
2.42493e-19 2.59727e-19 0
-9.29177e-30 -3.6263e-28 0
3.35434 21.6767 9.28707
-1.55876 12.4523 8.20908
5.43514e-15 -8.96424e-15 0
-1.71662 0.781507 10.209
-3.32085e-40 1.02802e-38 0
-6.47578e-41 7.56629e-41 0
-8.73887e-07 -1.01509e-06 0
4.34232e-18 6.71824e-17 0
-1.18565e-24 -9.48715e-24 0
15.0159 -6.7217 -8.39454
1.6301e-19 2.32203e-18 0
3.50119 -19.2967 14.801
1.78924 -3.11067 4.65103
3.05119e-39 -5.08016e-38 0
5.58288 17.879 -5.16315
-2.60501 48.9876 1.04508
9.03301e-35 -2.80438e-34 0
-8.01115e-41 5.28157e-41 0
-1.26505e-38 -1.41347e-36 0
1.7877e-05 -3.58149e-05 0
7.44069 -34.7361 15.1085
8.63143e-08 5.01619e-08 9.07131
0.000150859 5.80158e-05 30.4649
7.9656e-08 3.83748e-05 9.96325
9.33582 -2.5978 -6.31597
-5.92659e-33 -4.74108e-32 0
-25.6926 54.9736 7.34751
-71.8917 3.14596 8.64254
2.69358e-40 -1.16181e-39 0
2.15066e-35 2.13728e-35 0
-3.7616e-23 -1.08428e-23 0
-1.79915e-25 -1.41067e-24 0
-2.74258e-40 -3.08035e-38 0
0.000121512 27.7606 29.1431
-0.226471 27.9245 -7.611
1.14488e-40 -6.36601e-39 0
-2.53364e-29 -2.02156e-28 0
2.55209e-12 -2.58771e-12 0
-34.2128 11.0537 -8.52143
6.13632e-35 5.01858e-35 0
-1.69744e-30 6.64884e-31 0
6.2174e-42 -2.36904e-41 0
-11.4915 14.4722 8.43353
-1.81705e-22 4.02076e-21 0
4.40561e-43 -5.41139e-44 0
1.17988e-41 9.67901e-41 0
-31.5996 31.8854 -8.90103
-4.2839e-36 -5.40458e-36 0
-5.75761e-40 4.57654e-40 0
7.83073 59.8228 5.41147
-8.95391 -19.2521 9.2778
5.25006 20.4598 44.7032
1.79579e-29 -2.33197e-29 0
-6.55082 -18.0131 57.6888
-1.01507e-33 -1.19581e-33 0
-52.5537 -6.72925 -5.37448
5.78881 -0.4801 -0.551758
-59.213 19.104 8.04694
32.3422 -73.9558 -0.292991
38.3057 25.7624 32.8755
-84.4093 9.8786 28.9826
29.0774 20.4928 -10.2097
-3.76036 15.9041 -9.35574
-3.43726e-24 5.11925e-25 0
-1.21993e-24 -2.31826e-24 0
9.03995e-40 -8.24976e-40 0
2.33224e-41 -1.77671e-41 0
5.17666e-44 4.84089e-42 0
-5.6787e-21 -1.25314e-20 0
8.18947e-41 -6.13835e-40 0
-3.20855e-33 -1.81756e-33 0
5.56029e-31 -1.27997e-31 0
-13.8037 -3.37629 18.4897
9.35688 -3.04464 -10.262
-5.67531e-24 6.24899e-24 0
-33.9838 29.7128 -0.0650864
15.9806 -46.5298 -5.84736
26.7828 3.15946 6.36301
1.02457e-27 -2.79169e-32 0
-12.1088 -12.0841 -10.4841
5.47778e-34 5.86685e-34 0
-15.8385 -7.9461 -6.22723
17.2494 21.8116 -4.61492
1.14779e-12 -1.42321e-12 0
-12.1332 -13.0577 -9.77651
2.11572e-26 3.09445e-25 0
6.32459e-34 -7.82442e-34 0
2.55348e-36 2.73495e-36 0
1.49027e-36 3.39151e-36 0
-1.83061e-44 -1.29738e-43 0
8.05163 21.526 38.7325
5.63572e-11 1.00642e-10 0
-1.37359e-41 4.05953e-40 0
-9.3055 -111.791 20.1743
6.53912e-27 -6.36108e-28 0
7.29519e-31 7.73521e-31 0
-9.05307 -26.1436 49.7625
4.18235e-38 -2.69385e-38 0
14.6035 34.6647 0.720964
81.9362 4.78967 -10.545
12.6399 17.866 3.92736
-48.9027 34.7611 -7.14087
-5.97401e-25 -4.7803e-24 0
11.7574 -55.4215 -8.37751
-34.5388 -8.21859 16.3063
-36.2391 3.23052 0.310285
-1.40007e-38 -4.03783e-39 0
-7.21223e-14 -2.66907e-13 0
4.48794 -7.76033 0.186257
11.3674 42.4513 2.44706
25.8347 3.08936 6.58392
1.0243e-27 2.62735e-32 0
-14.252 13.2469 26.954
-39.7596 -3.90921 -10.4921
47.6681 34.5328 -10.887
24.4805 -10.0533 -8.33329
-5.05673 -25.8253 -5.12106
-2.55424e-38 -1.18802e-38 0
4.44525e-42 4.38793e-41 0
-37.6813 35.7367 67.4316
-1.64579e-21 1.52557e-21 0
-1.60791e-25 -6.95267e-24 0
-7.76071e-28 -6.20991e-27 0
-8.69099 -46.4972 11.9498
13.1687 63.0519 29.6647
-14.1101 -8.43829 -9.86183
-22.3161 9.30116 -10.628
-57.3316 -8.89904 44.2254
10.6947 -3.79338 -8.84175
-1.81744e-42 6.51199e-43 0
16.6395 -95.5665 22.3498
31.0816 -19.4256 55.3674
42.5069 16.1076 60.0604
-8.44024e-16 5.33539e-16 0
-1.08758e-23 -5.40906e-24 0
-5.72707e-38 4.79488e-38 0
27.8439 -7.79151 0.863432
-8.02427 18.7165 -6.00284
43.2741 -3.26202 24.9852
21.7525 73.1847 23.9533
30.3378 10.4942 33.8675
-36.8145 22.4724 25.1554
-9.37525e-25 -7.50236e-24 0
26.9066 -1.11074 6.74947
1.02375e-27 6.78829e-32 0
7.65377e-23 8.1968e-23 0
-37.3748 -7.0519 -0.162122
-0.217289 -0.199423 0
1.72511e-28 1.5237e-28 0
38.4587 76.3649 16.0192
17.7283 -30.4972 9.49244
-0.0597362 16.9974 37.5288
-35.2376 -48.9578 84.1016
-1.89009e-34 2.34479e-34 0
5.45934e-30 4.41992e-30 0
1.50199e-40 6.09479e-41 0
-0.0256046 -0.14202 0
5.84225 -4.86123 -9.45962
8.01699 -60.3098 -8.84925
-14.8407 -38.3597 1.85628
-1.70169e-41 1.78633e-41 0
34.1334 20.3997 23.7637
11.0877 6.58458 -10.0174
37.2739 6.68094 4.52375
4.29305e-40 -1.61834e-39 0
-3.27978e-41 1.10361e-41 0
16.8242 -39.998 -1.18831
5.46793e-18 8.45978e-17 0
-1.88765e-26 4.17697e-25 0
1.35803e-35 3.61228e-35 0
5.53221e-40 4.20992e-39 0
2.04805 -2.20894 -6.59474
-7.15462e-38 -9.23939e-38 0
0.0848092 0.0269984 0
156.895 18.3471 8.37363
7.71399e-23 2.88935e-22 0
13.6198 -36.8398 13.3194
17.621 -10.2185 -9.94846
-1.37059e-35 -9.9261e-35 0
-24.872 -46.61 42.1612
-1.55182e-40 -2.23998e-40 0
-1.87018 21.7275 7.02014
-2.10364 34.2004 -7.14356
-0.00893707 0.0050117 0
-2.73325e-38 -4.10085e-38 0
-4.63887 20.1146 3.76112
-6.09949e-29 -5.58602e-29 0
-4.30665e-42 -3.54768e-42 0
6.98408 49.1935 -1.20368
0.853042 28.287 15.436
-27.625 -4.21327 0.692805
-8.04488 -1.93346 3.79069
1.40264e-42 -8.20635e-44 0
-3.58944e-39 -4.28791e-39 0
-3.86647e-27 4.79662e-27 0
-49.3733 10.8549 -5.03252
-2.29237e-29 -9.90773e-28 0
-6.11515e-09 5.05583e-09 0
-20.1961 3.5412 14.4375
-1.02448e-27 -2.65238e-32 0
48.6177 20.5415 23.8846
5.03554e-38 1.1006e-37 0
-1.09954e-41 -1.95201e-42 0
-35.6511 16.5973 -10.6845
9.61042e-22 1.48682e-20 0
-3.01047e-05 -3.87932e-05 0
10.586 47.2803 79.0252
-9.61011 -3.11535 -1.58763
-1.12211e-28 -4.85202e-27 0
-2.12049e-05 5.17648e-05 0
-1.62544 -22.1324 5.35842
9.10227e-41 -6.93173e-41 0
-1.85552e-30 -5.3485e-31 0
50.6461 -20.8956 -2.06861
-1.02777e-34 -1.21078e-34 0
-2.68689e-34 -1.16182e-32 0
2.86453e-11 4.43215e-10 0
-4.23878e-42 2.11565e-42 0
-2.62617e-29 -1.13574e-27 0
-1.63561e-29 -7.07288e-28 0
14.8346 9.92717 26.7493
-16.0413 12.1216 5.01027
44.748 -1.51307 -9.72613
-1.45545e-36 -3.36034e-37 0
1.83522e-18 -1.4476e-16 0
5.39699e-27 4.64657e-27 0
-70.4157 -5.99537 35.4915
-23.9691 -23.0258 1.49671
-35.1203 -24.4977 1.66265
25.0044 -3.04222 9.99322
-1.12753e-37 -3.08726e-38 0
-19.2511 3.50348 14.8108
-28.8596 -2.4203 -11.4359
-4.14936e-28 2.03401e-28 0
-3.22342e-29 -9.2914e-30 0
-1.35584e-39 -7.4489e-41 0
-1.17967e-27 -5.86707e-28 0
-6.373e-06 1.67498e-07 0
6.55117 10.9842 5.52395
-25.7588 -21.5708 12.1656
29.6631 -19.472 10.6297
5.9366e-27 9.18473e-26 0
1.55509e-26 1.90852e-25 0
-6.28577 -15.7398 8.80828
7.35614e-42 -3.85489e-41 0
3.3185e-13 -3.46874e-12 0
-5.16458e-38 1.05065e-37 0
-21.9312 -3.58902 4.79053
-8.27931 2.61655 13.2031
1.9423e-22 2.08033e-22 0
-37.5566 10.1871 83.8735
11.4671 4.888 -2.406
4.0552e-31 4.33924e-31 0
27.1485 -69.8565 -0.569171
-1.53351e-39 -1.56021e-39 0
-26.3311 1.70721 42.4889
46.3871 -18.9217 -6.10087
1.93693e-17 2.38757e-17 0
3.98873e-23 6.1716e-22 0
2.3015e-35 -7.68759e-36 0
-3.05244e-39 -4.32097e-39 0
-1.49216e-22 -2.49139e-22 0
4.47302e-15 6.92089e-14 0
3.75888e-15 5.81594e-14 0
-20.124 -0.880262 15.7118
-1.02448e-27 7.17793e-32 0
-2.89401 10.3509 -0.696732
-35.0642 -0.759471 8.09099
-5.67363e-39 -5.51723e-38 0
8.75791e-27 1.41605e-26 0
8.92196 -65.2919 25.4016
11.9377 -8.21734 6.43505
-7.09613e-11 4.8865e-11 0
-33.8978 -41.1769 -8.12486
4.47879e-22 5.07693e-22 0
-1.5015e-41 1.44721e-41 0
-1.00523e-43 3.86103e-43 0
2.58797e-18 1.5332e-18 0
-9.24785e-23 -3.3434e-23 0
-2.51253e-26 -7.24114e-27 0
-62.2004 34.2037 -2.11327
-12.6743 5.2745 -8.33522
-18.0208 -8.84822 -7.24719
-17.6615 10.1958 -2.63396
-14.5471 16.0494 4.84869
7.73945e-18 1.22262e-19 0
-35.5382 -40.7881 -5.87023
9.12775 0.601077 -7.28266
-1.30804e-36 1.04592e-35 0
7.70234e-12 -4.17115e-12 0
1.8128e-28 2.34999e-29 0
2.67596 72.5343 53.3367
-1.7215 -4.13222 4.85202
2.41077e-26 2.5821e-26 0
-4.94547e-35 -1.50289e-34 0
-4.71145e-36 3.70284e-36 0
7.82985e-43 -2.15379e-41 0
5.89159e-43 -2.35075e-42 0
-4.61613e-28 -3.97907e-27 0
2.98581e-43 -2.39123e-42 0
-9.75139e-09 1.84195e-07 0
2.26621e-37 -7.59133e-38 0
-17.4132 -28.9312 12.1751
0.853309 31.4949 12.1611
7.46954e-24 2.77955e-24 0
11.5523 24.8173 0.429284
-1.79156 9.0706 -9.28648
-3.11764e-29 -4.31773e-28 0
5.21279e-06 -22.8609 31.3666
0.226516 -27.924 -7.61102
9.83182 14.7323 21.8576
1.59925e-39 7.40318e-41 0
-1.83381e-30 9.78963e-30 0
20.1672 -43.2483 27.0507
1.1245e-23 1.20442e-23 0
-8.03938e-31 -2.3731e-31 0
18.9971 -25.5771 15.9939
11.5636 7.47547 -3.87478
0.000113552 -0.000113676 9.07153
7.01958e-10 -1.45773e-05 30.4644
0.000151522 -0.000368888 9.96386
3.44498 -0.624867 -8.19193
-4.30823 8.46278 -8.56042
23.9034 7.07575 19.3971
6.50966e-07 2.45153e-07 0
-1.66021e-20 2.12483e-21 0
26.3006 -45.9501 1.33017
7.88435 3.23751 6.61093
11.5688 17.9258 -6.91086
3.06478 -42.9959 -4.47599
3.08863 25.874 6.57195
-7.24203e-28 1.34543e-25 0
5.95283e-40 3.33593e-42 0
2.65792e-19 9.95551e-19 0
2.1714e-28 4.33447e-28 0
16.9493 -11.136 11.4788
1.48554 -29.7075 -8.93512
-5.72513e-27 8.18263e-27 0
0.000259471 0.000230955 0
-9.73947e-33 -2.61119e-33 0
1.06101e-34 1.05884e-34 0
3.55207 -19.1691 14.4741
-0.0341663 -1.85052 0
-11.9585 -18.5781 -6.60169
-1.82254e-12 -3.89435e-14 0
-43.3547 -66.7636 62.04
-3.6066 14.1071 8.55436
15.3426 19.0064 -0.296813
1.6437e-08 1.5068e-08 0
20.2251 -33.9517 24.1766
16.0293 23.3005 -4.09724
2.29872e-07 -2.3108e-07 9.07731
2.01581e-05 5.8075e-06 30.4836
5.9592e-05 -5.13845e-05 9.98029
6.58591e-32 -5.01441e-32 0
-1.56894 5.49338 -3.68659
-5.80808e-41 1.6296e-41 0
3.4893 -0.396104 -10.1214
5.2732 0.896488 2.03986
1.57311e-30 2.97827e-30 0
17.0088 26.1211 23.5339
5.23047 11.4013 -9.41624
-5.377e-38 -2.33156e-36 0
3.35454 21.6763 9.28639
-1.55835 12.4521 8.20923
-5.63614e-31 -1.62411e-31 0
-1.27956e-23 -2.64734e-24 0
2.79348e-42 -7.26989e-42 0
0.303052 4.00463 0
5.88673e-39 -1.72748e-38 0
-9.28153e-22 7.52043e-22 0
-1.20549 -0.141466 0.673513
24.8367 58.2595 -7.09086
1.38087e-37 2.50906e-36 0
3.50294 -19.2952 14.7983
1.76933 -3.1243 4.6609
-3.32064e-31 -7.6667e-32 0
7.63217e-34 8.84296e-34 0
4.54067e-41 1.37361e-40 0
-22.3436 0.855674 23.1524
0.0695394 -25.7338 -9.68679
-7.54387e-38 -3.89759e-36 0
-0.0144232 -0.163393 0
-3.03298e-07 -3.19169e-07 0
2.07253e-05 -4.06306e-06 9.07153
9.27353e-05 4.12752e-05 30.4647
4.00142e-05 4.74974e-05 9.96349
-7.40644 34.6862 0.233224
-93.9314 -46.086 2.21651
-28.0789 -9.13403 15.2527
-1.74161e-25 -1.54642e-24 0
-7.80863 -16.0058 -6.96694
17.6241 14.8982 19.1477
2.55845e-28 1.65651e-28 0
-25.8838 -3.14973 68.0179
1.15166e-26 1.28875e-26 0
0.000108943 27.7606 29.143
-0.226483 27.9243 -7.61121
-1.38453e-40 -5.62942e-39 0
-1.46648e-29 -1.12329e-28 0
-8.29924e-06 -0.000111589 0
1.53768e-12 -1.12144e-12 0
0.764109 23.3235 -5.41288
6.38034e-32 5.49498e-32 0
33.8996 12.2715 19.8651
-1.08658e-25 -4.6984e-24 0
-9.10227e-26 2.01414e-24 0
2.94046e-43 -1.10233e-43 0
-1.3473e-07 -3.6647e-08 0
1.66133e-40 3.77729e-40 0
-3.92091e-36 -5.08696e-36 0
5.08417 -1.0108 65.8579
-1.44586e-30 -6.25194e-29 0
2.3146 -25.6007 13.0964
-2.24293 -8.26026 -8.23806
-9.22269 18.0723 -0.820959
67.4288 100.61 31.2759
4.13654e-41 -3.15264e-41 0
-27.1076 -28.4161 8.61074
9.28489e-14 8.65622e-14 0
-4.66917e-33 -2.01896e-31 0
-1.31126e-42 -8.93344e-43 0
3.63263e-40 -2.01012e-40 0
1.5533e-37 -1.18265e-37 0
-8.77067 53.4281 -0.186542
-2.57604 -1.09833 -4.82351
-4.86767e-05 1.53624e-05 0
80.5424 -39.6058 8.01941
8.92027e-40 -8.26277e-40 0
9.87669e-42 -7.452e-42 0
-1.66854e-43 5.14419e-42 0
-1.72799e-36 -7.4719e-35 0
-8.53781e-43 -7.49059e-41 0
-6.28911 -18.235 -3.51636
8.87805e-20 9.14136e-20 0
-9.65698e-41 -2.53656e-41 0
2.20249e-32 -6.70387e-33 0
-3.69499e-38 -2.18334e-36 0
1.13218e-27 1.21207e-27 0
-35.9997 99.168 -2.28402
26.787 3.16009 6.36822
22.5328 1.31492 -5.12464
-9.40977 -9.33692 -6.80351
-28.5856 -26.9553 -3.4402
16.6115 69.8983 5.50952
-22.9659 -45.2632 57.4655
-57.0569 -1.45427 5.58936
-34.2846 -6.9354 5.26561
10.1115 19.0048 -4.33537
1.32532e-37 1.35058e-37 0
1.24955e-15 1.15876e-15 0
-19.5426 -51.2602 26.0081
-2.41211e-25 -1.93009e-24 0
15.7678 55.3644 33.9736
2.32231e-23 4.96665e-23 0
54.1269 64.148 71.9843
-38.6551 -27.7467 4.80368
-3.69814e-21 3.31439e-21 0
1.48715e-26 1.59284e-26 0
4.41207 -54.8621 2.11184
29.6019 -11.2369 85.2326
-1.64655e-32 -7.11974e-31 0
2.34636e-17 8.63616e-18 0
-0.360824 19.7355 5.1482
12.6427 8.57527 26.2054
-3.48762e-34 -1.50815e-32 0
-28.2727 4.39341 -8.32778
-1.12161e-42 -1.37599e-42 0
1.19097e-27 1.27499e-27 0
-6.55092e-32 2.84534e-30 0
-1.39258e-33 -1.1331e-32 0
6.95317 22.634 19.5228
-9.19247 20.8187 31.1681
25.8377 3.08935 6.58791
14.0227 0.0646318 2.29386
-36.2879 -11.4139 -7.82537
7.54118e-30 8.0771e-30 0
8.26824e-36 -7.26307e-37 0
7.93909e-36 -5.12494e-35 0
22.9951 -4.88447 -6.18131
-61.4085 57.5947 14.8112
-2.64024e-07 -1.37677e-07 0
-19.1546 -4.7552 -9.93963
28.9403 49.1058 -1.5526
-1.22238e-25 -5.28559e-24 0
2.17482e-36 4.11745e-36 0
23.9275 -40.6479 19.7461
-13.2274 -13.5191 -4.24389
-19.0831 -9.34487 -0.189524
2.03197e-37 1.21149e-37 0
6.69168 31.1193 -9.53452
45.4078 -47.5944 -9.3389
-9.08341e-26 -3.92769e-24 0
9.23203e-42 2.23332e-42 0
53.0377 35.8705 -4.50356
-112.522 92.8867 108.427
6.5836e-40 -6.57346e-40 0
77.0512 -41.0715 29.8303
1.46599e-30 1.17989e-29 0
-2.86099e-43 3.56877e-42 0
1.59803e-40 -2.72022e-40 0
-42.7174 39.2921 9.44764
1.61903e-06 -9.44753e-06 0
48.5479 35.7873 26.2117
0.555318 -12.0648 -2.05684
2.81667e-41 5.75395e-41 0
26.9112 -1.11203 6.75481
2.02969e-06 8.74788e-08 0
-26.3115 41.7058 10.169
-6.35985e-31 -7.49229e-31 0
-15.703 15.238 13.379
-36.3559 -38.9212 -4.599
-21.4673 -58.4111 -4.06536
5.77909e-22 -5.76794e-22 0
22.0484 10.1798 -0.782119
-8.35181e-33 -2.66567e-34 0
-2.76812 -12.8224 45.8177
2.5846e-33 2.09251e-33 0
25.1614 43.1243 -10.7688
-0.000104293 -0.000525014 0
-2.50763e-08 1.62314e-09 0
5.92718e-05 -1.3701e-05 0
-7.42913e-39 -1.0139e-38 0
-3.03349e-17 -1.16659e-17 0
17.2787 7.51392 -1.11891
28.108 68.0367 -3.98397
2.22732e-34 2.34079e-34 0
-7.13361 -3.13581 13.3876
-1.43707e-41 1.27923e-41 0
-7.61785e-34 3.70479e-34 0
2.49741e-07 3.16084e-07 0
10.376 7.50432 9.09041
1.05773e-17 9.10657e-18 0
4.2247e-40 2.0394e-39 0
-9.15735 12.9325 30.5227
2.40566e-41 -2.44769e-41 0
3.23266e-34 3.38924e-34 0
-2.57051 31.798 1.20027
-1.36491e-33 -5.90191e-32 0
3.22672e-33 -3.89979e-33 0
-1.17329e-33 9.22116e-34 0
9.25801e-08 -2.25705e-07 0
17.6381 -34.2844 -6.40371
3.72146e-42 1.36461e-42 0
8.91295e-43 -4.00471e-43 0
-1.70738e-36 -1.36598e-35 0
2.35746e-42 -5.1418e-42 0
13.2132 -12.4867 -8.15749
-5.14443e-39 3.26081e-38 0
-2.56332e-32 -2.35128e-32 0
-4.30208e-42 -3.52636e-42 0
7.0142 49.2093 -1.24034
0.81832 28.4052 15.2394
22.9972 -38.9842 -10.1734
-9.17301 8.29416 2.46307
31.6826 25.7915 -1.666
3.84665 36.3036 11.1726
38.2868 29.8802 -4.15667
44.1382 56.3265 4.89383
1.50402 24.0077 -7.20797
1.88882e-23 2.02306e-23 0
-20.1971 3.54067 14.4369
-1.57339e-27 -3.91958e-32 0
7.89682e-19 1.22184e-17 0
3.69353e-19 5.73494e-18 0
-1.90547e-34 -2.85895e-34 0
-2.13049e-23 -2.11288e-23 0
-38.6206 4.16892 -5.52134
-17.8176 -46.1949 -5.75612
-3.99363e-30 4.95437e-30 0
1.97929e-18 3.06247e-17 0
-1.56706e-40 -7.27456e-39 0
-0.047204 0.121611 0
-12.6653 -18.0744 5.98357
4.81605e-37 -8.3343e-38 0
5.07771e-21 -3.61581e-21 0
4.34183e-33 -2.90445e-33 0
-0.96926 0.681586 -5.43822
3.00342e-21 -5.43287e-22 0
22.4223 50.7644 8.76151
-4.50102e-26 -1.94626e-24 0
26.9899 2.76464 23.7345
8.02209e-38 2.24595e-38 0
12.7259 13.0857 34.2868
-16.0397 12.1134 5.0142
-6.71625e-38 -2.62851e-38 0
0.00289388 0.00594108 0
1.3211e-10 2.05998e-10 0
-2.28407e-40 1.68487e-40 0
-1.81919e-40 -1.39459e-40 0
-23.8417 -12.9218 -5.95175
-6.00931e-18 -5.74809e-18 0
3.87707e-26 4.15231e-26 0
1.23346e-11 1.84739e-11 0
-19.2504 3.50312 14.8104
-1.02546e-27 5.04838e-32 0
-3.41107e-36 -2.22692e-37 0
43.953 28.4882 3.88211
2.97253e-41 -2.40233e-41 0
17.8742 17.7461 -5.57609
-1.81102e-10 4.16425e-11 0
8.11901 40.1006 6.89821
5.27328e-42 4.55483e-41 0
-1.61508e-10 -1.32539e-11 0
9.76578e-15 1.51101e-13 0
2.76214e-32 2.95844e-32 0
-6.28992 -15.7298 8.81178
54.2059 36.7998 1.78929
-16.5143 -13.2199 5.96903
2.63569e-16 -1.34837e-16 0
2.82332e-30 -7.85726e-31 0
1.8955e-22 2.93281e-21 0
14.3619 -19.7061 31.4054
12.2949 -8.47202 0.210267
-10.735 -6.45466 1.06663
-14.2593 -13.8506 6.02435
7.34908 -70.6612 1.40064
13.4229 -24.7394 -7.4662
4.28498e-38 -1.30613e-38 0
3.17971e-25 -2.58344e-24 0
63.7892 50.3257 23.2469
-48.2957 -73.3392 27.4672
8.74242e-19 1.35357e-17 0
-3.25843e-38 -1.43184e-36 0
-3.16271 29.4785 6.37032
9.77547e-24 1.04702e-23 0
-40.2321 26.3952 25.0286
-20.1258 -0.879665 15.7113
-1.57336e-27 1.43067e-31 0
5.2021 27.8001 24.8746
-36.7122 -0.467568 6.6873
-6.9725e-24 -7.16787e-23 0
2.42675e-42 -5.26805e-41 0
9.73324e-21 1.50598e-19 0
-7.1739 -13.6073 0.187642
-5.92754e-32 -3.19454e-32 0
-16.2337 -2.39539 5.28119
7.91175e-19 1.22415e-17 0
-9.77835e-42 9.3523e-42 0
2.06747e-42 3.0095e-41 0
8.25884e-20 4.87077e-20 0
-7.14406 1.92287 -0.324115
4.23325e-36 5.16133e-35 0
-1.07202e-29 -8.57799e-29 0
6.44253e-27 -3.22695e-28 0
2.08647e-41 1.22675e-40 0
-3.64026e-29 3.04701e-29 0
-17.6674 -10.6063 6.83746
-1.37893e-26 -3.01926e-25 0
-36.8702 -40.5503 -7.7114
-19.046 -13.0227 3.2664
-8.18541 -29.4466 27.8483
31.7932 20.3778 -3.10889
27.87 -6.09346 20.1886
3.45044 84.8742 9.20333
48.9281 7.20834 0.912925
3.46269e-32 2.98123e-32 0
0.230619 22.1382 0.166217
12.9018 37.5481 51.2972
5.04175e-43 -9.18137e-42 0
6.33888e-43 -7.79215e-44 0
-1.15568e-24 -9.96192e-24 0
7.33938e-38 -2.48809e-37 0
-5.41822e-10 1.40077e-09 0
1.89497e-42 -2.21103e-42 0
-5.31396e-25 -2.145e-24 0
5.27278e-40 7.54611e-40 0
12.6899 38.9346 20.5707
-7.31356e-16 3.10219e-14 0
8.3953 43.0314 32.001
-1.8592e-29 -1.48767e-28 0
2.08486e-05 -22.8713 31.3604
0.228738 -27.9214 -7.6025
-9.74443e-39 6.36558e-39 0
4.65107e-40 -5.11e-39 0
-2.55718e-22 5.65851e-21 0
-8.90317 -52.599 24.9339
-3.62331e-19 4.48551e-16 0
-1.25872 -9.81034 66.899
-21.2739 -21.3826 48.9658
-2.01128e-08 -7.95523e-09 0
0.000210767 -0.000120417 9.07083
3.35106e-06 -1.46734e-05 30.4635
0.000178585 -0.000149384 9.96258
-5.9236 -2.28543 -5.08501
1.9493e-12 -1.98338e-12 0
-4.92836 10.7115 -9.49295
0.00198258 0.00169002 0
2.26493e-23 1.49016e-23 0
-1.34982e-37 1.06085e-37 0
-2.53899 30.3312 15.1254
32.789 -12.8685 54.4783
2.81015 -43.2488 -4.82521
3.0875 25.8871 6.56346
-1.33647 30.2752 -9.29275
-1.37881e-10 9.1821e-13 0
7.70101e-16 2.88449e-15 0
1.23573e-40 4.70477e-40 0
-4.97594e-10 -6.71751e-10 0
-0.000221373 0.00672537 0
16.2462 6.06313 19.3089
6.97936 14.7821 2.34311
-17 -2.83584 35.4241
1.11746e-35 -3.73255e-36 0
3.55182 -19.186 14.4691
-0.0221752 -1.20312 0
-1.64789e-21 1.50515e-20 0
4.81497e-38 1.18768e-38 0
17.7133 1.04812 31.7072
-5.7937e-42 3.79316e-42 0
-0.584268 -1.0945 0
114.433 -14.1789 42.3051
2.88541e-39 1.12682e-40 0
-2.8314e-41 -2.95551e-40 0
4.62528e-07 -1.63399e-07 9.07649
3.15203e-06 2.60749e-09 30.4826
2.0228e-05 -6.95836e-07 9.97927
8.16527 -9.31046 -6.87279
10.2052 -4.98692 -7.58255
6.49655 -1.92006 -0.360478
1.43081 1.11828 -5.79678
6.12567 6.04026 -3.21255
-12.0275 -13.7734 -7.25203
-5.45313e-11 -4.51092e-10 0
-17.5429 3.10553 21.7674
3.42616e-23 5.30117e-22 0
3.35437 21.6926 9.27897
-1.55744 12.4471 8.21003
-3.66532 2.54495 -6.79818
1.9662e-05 5.96011e-05 0
-3.45345e-23 6.36654e-21 0
2.7147e-31 1.05125e-30 0
47.5368 -19.7451 -6.64376
5.58484e-40 4.29197e-39 0
-8.95506e-19 -7.71921e-18 0
56.4543 -32.616 16.3961
20.0083 26.9271 12.1774
3.50143 -19.311 14.7915
1.94961 -2.91194 4.5161
-2.60806e-33 -2.91398e-31 0
-2.03653e-22 4.50642e-21 0
10.8574 26.0295 -0.437507
-3.10733 0.164005 -7.34214
-4.63002 -19.1128 1.45777
-0.181727 3.70714 3.19112
-4.64592 -10.69 -8.82199
-15.8765 15.4086 -6.05996
7.31225e-05 -3.01373e-06 9.07081
3.90665e-05 7.61212e-06 30.4637
0.000189044 3.91732e-05 9.96263
6.89905e-33 1.57008e-32 0
-1.32333e-29 -1.05888e-28 0
3.5851e-34 3.78841e-34 0
-9.61221 -8.79913 -4.51238
20.901 0.627539 10.1264
36.5192 -51.1884 14.8872
-1.71005 -29.8593 7.14575
6.63798e-42 1.57415e-42 0
-6.73642 21.6409 2.79819
1.89514e-05 27.77 29.1355
-0.226527 27.9233 -7.60913
-9.68038e-41 -5.23127e-39 0
-1.90757e-35 -1.40243e-34 0
-3.56788e-17 -2.07001e-17 0
1.62268e-32 -1.74495e-31 0
-1.10194e-36 -3.17624e-37 0
11.4149 -0.28953 -4.61492
-267.181 -113.79 121.194
-32.3352 -12.8943 12.2939
-1.00725e-29 2.22884e-28 0
-4.24028e-42 7.2916e-42 0
1.26729e-41 9.51792e-41 0
2.59734e-40 1.37082e-40 0
-4.26729e-37 -6.20944e-37 0
-30.0077 -5.33252 -10.0893
1.92726e-40 7.74685e-41 0
-10.7964 -27.5117 21.3092
-0.620253 -0.27323 0
4.03293e-35 -3.09392e-35 0
-3.9933e-35 -1.72746e-33 0
8.82434e-28 9.44813e-28 0
-36.9205 -30.4242 -6.07095
-2.70746 23.2018 5.4731
-4.29612e-29 -1.85765e-27 0
2.20236e-40 -4.96194e-40 0
6.91877e-37 -6.35252e-37 0
-0.00828676 18.2015 102.302
-7.43848 -18.5716 13.0412
-1.34996 24.0834 4.15477
8.21859e-41 -2.01879e-40 0
2.52833e-34 2.68027e-34 0
5.58773e-40 -5.51916e-40 0
9.89322e-42 -7.50103e-42 0
-1.16415e-41 3.13977e-41 0
-1.83392e-40 -1.79484e-40 0
2.0116e-08 -6.81657e-07 0
3.01401e-35 -1.55606e-36 0
1.76558e-43 -8.15998e-43 0
35.9066 -10.5608 13.9805
47.7784 -0.771738 3.7977
1.49479e-32 1.60103e-32 0
5.77385 4.70082 -3.06945
7.8458 -31.0895 6.15835
-32.2227 21.1158 8.09978
29.4006 -0.356852 -8.71797
-15.1158 10.2873 0.737994
-8.44915e-29 5.66014e-30 0
-45.9171 46.1427 23.3034
5.73556e-41 -1.50406e-41 0
53.615 14.6509 20.7386
-6.97588e-24 1.12104e-23 0
1.14743e-18 -2.09161e-19 0
4.89173 -3.38862 -9.00645
5.27736e-37 5.81163e-37 0
25.1724 82.4957 -8.07891
18.5174 -76.5238 -8.8202
-24.4126 12.2542 33.7145
2.6505e-18 4.101e-17 0
-2.81e-18 -6.72786e-19 0
-19.9843 20.2991 -10.9321
4.32012e-27 4.67733e-27 0
-3.63293e-36 -1.57089e-34 0
-1.7977e-22 3.97793e-21 0
-3.77305e-26 -1.09283e-26 0
3.45769e-34 3.6395e-34 0
8.0605e-42 -4.62652e-42 0
-47.1664 36.4491 28.631
-2.83211e-40 1.01814e-40 0
2.87257e-34 3.05208e-34 0
-8.85522 1.12852 -8.99867
-1.54504e-06 4.58958e-06 0
-9.06371e-33 -3.91917e-31 0
-3.09943e-41 4.68641e-41 0
-34.4368 10.1067 5.5932
-1.89522e-40 -8.27048e-39 0
-1.94384e-26 4.30131e-25 0
-19.056 19.0569 16.2265
24.9525 0.241443 -4.73006
1.02431 -30.8134 6.85644
4.42054 -40.4601 -8.12077
4.87737e-26 5.22346e-26 0
2.01779e-40 -3.92675e-39 0
9.46225e-36 -2.85592e-36 0
18.0907 1.36824 16.134
27.026 24.5019 12.118
-64.6055 49.2814 21.5466
1.82638e-20 9.60273e-21 0
42.6112 43.0993 33.5234
-58.7409 -11.7122 29.44
-32.9314 26.1749 14.4444
-7.26292e-38 -5.81302e-37 0
-11.7129 -13.026 12.2913
-51.2125 10.0314 -5.5396
2.80915e-11 5.17744e-11 0
7.58555e-32 1.44338e-32 0
7.17491e-33 5.56987e-32 0
-44.6426 -33.1825 -1.13235
3.05363e-34 5.59464e-35 0
-49.1968 40.0031 35.2493
-28.7066 21.0027 3.66677
146.25 -39.274 48.9705
9.44047e-23 1.46067e-21 0
-5.31503e-21 -6.04673e-22 0
7.10965 -70.1392 24.7024
-0.280716 -40.7856 24.8911
1.37177 -31.7061 -8.62532
-9.58425e-33 -7.60013e-32 0
1.59521e-35 4.87276e-35 0
2.12172e-34 2.26068e-34 0
-34.0377 -1.61194 14.9546
29.2777 0.987141 -11.5477
35.0835 42.6161 139.805
8.28748e-31 7.13516e-31 0
6.14613e-42 2.22727e-41 0
-3.98852e-30 -5.07372e-29 0
1.34102e-35 -4.279e-36 0
-0.134961 -13.1215 15.486
-1.07734 -14.2373 8.59637
-1.07843 50.4589 21.1434
3.15371e-25 4.87959e-24 0
4.55314e-37 3.68625e-37 0
1.77926e-41 3.64215e-42 0
-21.8582 -11.4887 5.61698
9.33746e-35 -2.22442e-33 0
18.3077 20.9861 4.78103
37.4498 11.2125 -0.999552
3.53629e-40 3.71632e-39 0
-9.70615 25.275 59.4585
-3.4447 0.380226 -7.18994
1.7497e-40 -3.69507e-40 0
6.68196e-27 2.05591e-27 0
-1.65516e-35 1.52016e-35 0
-19.1926 16.9516 12.7902
2.90711e-29 3.07052e-29 0
-3.16152e-21 2.99869e-21 0
-6.61128 12.304 -9.29739
6.28832e-26 5.41397e-26 0
-3.70031e-09 -4.27687e-09 0
10.3015 39.5882 9.6906
-5.01256 -6.06076 -6.53257
31.7554 32.8673 16.2209
1.21877e-35 1.3017e-35 0
4.99856e-32 -6.12493e-32 0
-3.81269e-39 -2.8369e-38 0
3.98873e-26 4.27177e-26 0
-1.01883e-32 -4.40546e-31 0
1.77925e-27 1.95149e-27 0
4.35063e-23 4.65982e-23 0
3.88654e-35 -9.5635e-35 0
1.21943e-32 1.30381e-32 0
-20.7523 -19.2735 2.25109
-4.56442e-10 3.6044e-10 0
-1.38737e-31 -1.10878e-30 0
-3.52736 15.4609 28.8963
-12.6365 40.549 6.47578
-6.85555 15.5307 0.670812
1.47243e-23 -1.65459e-23 0
-1.56349e-33 6.98648e-33 0
86.9434 -49.4745 20.968
3.87022e-31 4.14158e-31 0
31.1429 21.5357 -7.10484
-3.47649 -45.8063 11.1173
-11.2755 17.5272 25.7555
42.836 -0.0932786 -9.298
-21.2097 3.48467 14.2768
-1.57329e-27 -3.43305e-32 0
-15.385 -25.4475 -4.9893
-2.20388e-31 2.96265e-32 0
1.72446e-19 2.6946e-18 0
3.65658e-42 1.98661e-42 0
-23.7269 0.499332 -10.7916
-39.7976 2.76904 7.574
0.0676975 0.121836 0
40.6436 65.696 22.3249
4.39277e-15 6.79673e-14 0
202.64 -121.293 14.3741
-9.46073e-25 -7.57017e-24 0
1.97615e-44 -1.29934e-42 0
1.05821e-43 -3.92365e-43 0
2.09392e-11 7.88907e-12 0
-8.05267e-05 -0.000108652 0
-100.197 70.6506 113.345
2.43134e-27 2.60344e-27 0
2.0786e-38 -1.63154e-37 0
-4.35757e-18 3.52796e-18 0
-12.287 8.35395 25.4126
-36.2548 49.5571 62.3898
-15.2899 17.8093 2.28567
-2.01806e-21 1.8588e-21 0
1.02353e-06 -5.13064e-07 0
-2.22086e-32 -9.60309e-31 0
2.00874e-08 5.61981e-08 0
2.60267e-40 5.57702e-40 0
-4.90116e-29 -4.36282e-28 0
13.1946 15.2757 -1.54439
1.48285 4.88534 29.7558
7.40302e-20 2.48073e-21 0
-20.2394 3.44731 14.6555
-1.57348e-27 6.13964e-32 0
-1.35799e-29 -3.52003e-31 0
-2.15094e-07 5.81518e-08 0
3.05488e-28 3.34811e-27 0
4.74713e-18 5.39783e-18 0
1.53561e-34 -3.49988e-36 0
2.25514e-38 8.78577e-39 0
-3.27992e-26 -2.36053e-26 0
-15.1932 -21.8499 19.4835
-4.18224 5.9007 11.1736
11.5034 -62.7982 20.9958
-5.52477 -22.0831 5.34222
-4.4793e-35 4.11395e-35 0
-7.98025 -9.9641 0.381562
-9.93224 -22.1976 1.44376
8.19204e-38 7.43029e-38 0
0.0262201 0.00449004 0
1.26978e-09 2.50521e-10 0
-25.1548 -20.972 24.2504
-123.322 -5.78852 63.4288
-1.54912e-25 -6.69846e-24 0
-14.8597 -14.8841 35.0199
12.6695 -4.61253 -1.62762
19.7523 52.7148 26.7689
0.4223 -0.244857 0
1.98419e-38 6.07727e-38 0
5.32119 -2.85771 -9.17283
6.38674e-39 3.71468e-40 0
5.12285e-24 -8.57715e-25 0
14.6811 -61.1242 -2.28501
-5.44627e-33 -4.35771e-32 0
2.88541e-34 2.12109e-35 0
-21.1857 -0.872686 15.5351
-1.57322e-27 1.2822e-31 0
-10.7483 -23.9764 -5.65766
-39.0336 5.97151 -9.06104
-36.3773 -53.0254 2.59466
-20.4289 -13.9721 3.9242
-3.49459 3.88204 17.7424
3.71141e-38 -9.28654e-39 0
-1.99287e-05 -8.72053e-06 0
47.2703 48.7756 44.9019
1.06679e-14 1.6506e-13 0
9.12441e-27 1.25765e-26 0
-52.7672 20.4788 9.99642
2.27181e-27 4.97352e-27 0
1.63996e-38 9.5612e-38 0
1.82138e-28 1.56813e-28 0
-9.8137e-42 -1.30148e-42 0
4.4872e-27 4.8057e-27 0
8.38768e-39 2.91525e-39 0
-23.3347 3.4681 -6.65351
-7.67275e-11 -1.64968e-10 0
-71.4569 42.8554 4.30437
-38.7857 -39.8784 -10.6172
-4.67415e-42 -4.80336e-42 0
1.84262e-30 1.97298e-30 0
-5.20101e-34 2.77071e-32 0
11.8994 35.0736 -9.69697
-10.6371 25.0628 41.6116
1.28911e-22 1.38073e-22 0
6.47173e-33 9.74512e-33 0
1.057e-19 1.63545e-18 0
-29.7169 -3.98083 1.90489
4.86942e-43 -2.1729e-42 0
5.5142e-31 5.88536e-31 0
-7.69417e-24 -6.63233e-23 0
-4.63825e-25 -3.7114e-24 0
-37.4164 -13.6563 19.7185
-7.99513e-31 -3.2371e-29 0
1.97392 -12.7939 -1.78393
2.75296e-40 1.40991e-40 0
-2.18848e-40 -6.15796e-39 0
-0.122593 -3.02873 -6.80374
2.11919e-27 1.7259e-26 0
-6.47758e-30 -2.79349e-28 0
0.000191307 -27.6308 28.1651
0.000324816 -27.8884 -8.26369
5.8044e-31 6.2169e-31 0
-1.06772e-40 -7.82019e-39 0
6.19915e-42 -5.61412e-42 0
-2.98509e-37 -2.5409e-37 0
3.04363e-35 -2.31737e-35 0
-2.98047 -22.5019 -4.32863
-2.63019e-37 -1.14858e-35 0
2.90901e-34 -8.09503e-35 0
4.88804e-05 -2.78656e-05 9.06989
3.94678e-05 -2.07978e-05 30.361
0.000111897 -4.43327e-05 9.8729
-21.716 -2.33901 -3.77557
-1.5259e-27 -1.8893e-28 0
-18.7999 8.51412 11.7528
2.73613e-26 2.63341e-27 0
-1.8978e-29 3.8654e-29 0
1.3596e-41 5.77276e-42 0
-3.36993 10.2525 1.69626
2.47967e-38 1.95205e-37 0
-1.20498e-39 9.35026e-39 0
-1.03398 30.6458 5.17881
8.49489e-32 1.57214e-27 0
1.06058e-37 1.4658e-37 0
51.4618 1.54863 -3.75014
-6.54921 -5.54976 0.858782
-4.36263 6.15424 -10.6131
-4.43794e-39 -7.17432e-40 0
-14.0943 27.904 -0.275176
-2.99662 -8.39389 -10.3656
-1.06661e-26 -1.36202e-25 0
3.90601e-33 3.36301e-33 0
-0.787003 -24.3521 14.4865
-0.393998 -23.5053 -10.7564
-5.78564e-06 3.39304e-06 0
-1.85668 -36.0337 4.92501
-7.35775 15.3438 -9.95813
1.91698e-32 -2.31685e-32 0
-11.3219 6.74836 -4.29908
3.9646e-41 -3.44243e-41 0
-1.0366e-28 -4.48231e-27 0
-3.43123e-33 -1.48367e-31 0
2.54021e-05 -2.77213e-07 9.07133
3.66784e-05 -6.21446e-09 30.3835
0.000156086 -4.04812e-07 9.89253
2.94894 -9.89615 8.41919
-1.0348e-31 -8.26534e-31 0
-10.4498 -4.89661 -4.24627
-47.5856 12.4046 21.6696
-13.1952 -2.23304 22.2852
43.795 -33.5056 8.20884
8.644 -7.90698 18.7545
2.04656 -2.35787 0.0829248
-3.88617e-40 -1.68294e-38 0
-1.49588 15.9843 14.4417
-1.51191 12.6685 7.63665
-4.02487e-21 4.37993e-21 0
-20.0952 1.14286 7.12316
-5.32786e-40 -3.78218e-39 0
-2.48013e-33 2.46263e-33 0
-16.1758 30.0737 4.67303
-2.57174e-36 -3.16835e-35 0
1.08972e-35 1.04517e-34 0
2.72165e-28 4.20055e-27 0
5.14308e-34 9.46515e-33 0
-0.793698 -24.4739 14.8681
0.265051 -3.56588 4.84027
-17.1947 -12.954 -5.01267
1.98307e-23 1.70733e-23 0
-31.1909 10.0998 -8.08848
4.35486e-34 7.97869e-35 0
-2.01507e-36 -8.36699e-35 0
-3.65548e-39 -2.36314e-38 0
5.31276 -42.8876 -6.84196
1.14341e-18 1.76915e-17 0
0.000238559 -2.17414e-06 9.0702
7.52021e-05 1.36931e-05 30.3612
0.000380326 4.1719e-05 9.8733
-3.29373 4.3463 5.39993
1.99732e-37 -2.24044e-36 0
-12.144 -10.8529 2.95953
3.77289e-24 5.83755e-23 0
-12.1905 7.77695 -4.99808
-2.63934e-23 2.91936e-23 0
-2.63977 -15.054 3.98937
1.12794e-22 1.2081e-22 0
-5.28192e-25 1.37684e-24 0
0.000190965 32.0792 25.4994
-0.231942 27.6771 -7.20189
-1.57359e-33 -1.49743e-33 0
-0.00376655 -0.00891583 0
-2.67764e-41 -8.95677e-42 0
-5.33687e-39 -8.12655e-39 0
6.29894e-21 3.63455e-21 0
-7.01127 -29.5896 -1.72262
-16.7272 9.15953 0.763947
5.32305e-18 8.23611e-17 0
-8.20266e-34 1.81508e-32 0
12.2225 53.9133 28.5083
-1.80699e-41 3.63335e-40 0
-0.000133294 0.000242774 0
-24.6766 1.30252 14.537
5.60522e-25 8.6727e-24 0
-3.35861e-27 -9.68114e-28 0
0.0610025 -0.0164389 0
4.22464 -51.7061 6.33963
-1.50409 -0.88373 0.733712
1.15177e-32 -3.20535e-33 0
2.42581e-18 3.75334e-17 0
-63.2675 15.1552 -4.589
24.415 23.1605 -4.56049
-2.43604e-42 -1.15488e-40 0
-12.3823 6.5179 0.684083
-2.13488e-34 -9.23287e-33 0
4.61769 -45.8571 -9.74237
-6.5539e-39 -1.73285e-38 0
-1.53548e-36 -2.16122e-35 0
-1.27867e-33 -1.15905e-32 0
-4.37784e-30 -1.87121e-28 0
3.907e-36 2.63669e-36 0
36.7311 -31.8408 43.6244
7.94318e-15 1.22901e-13 0
3.13294e-41 1.02477e-40 0
2.64364e-41 -3.17375e-41 0
24.7291 -30.6548 4.40914
-6.00527 -8.3508 32.0537
5.63996 -15.8444 -4.0775
53.653 24.3313 -3.27851
2.81007e-19 4.34768e-18 0
-18.1413 -37.4101 -8.26818
33.7825 7.28698 -4.05528
32.0956 -1.05145e-05 25.487
28.0761 0.00027019 -6.33405
-6.48859e-34 7.37973e-35 0
0.284619 -0.622513 9.35111
33.9516 16.5978 0.866743
1.45079e-16 8.61573e-17 0
-4.48758 -8.82537 13.2915
7.26899 2.8788 -6.20328
2.21355e-18 3.42429e-17 0
-23.2656 17.1461 -8.00165
5.56363e-23 5.95903e-23 0
4.56155e-44 8.8213e-44 0
-38.3472 46.4734 -6.88365
-35.941 27.3076 -6.88913
5.26303e-33 -1.1138e-33 0
-31.8429 -3.46582 -9.38232
-27.5149 16.0154 2.80789
10.8036 -56.5112 -6.28884
-10.9739 -10.4669 2.69311
9.42424e-31 -2.62275e-31 0
-2.77213e-29 -1.99505e-29 0
15.2407 -27.3183 8.45228
5.39635e-41 -5.92769e-41 0
-52.8803 81.6251 11.8431
-1.9549e-28 9.28396e-28 0
-6.12646e-31 2.18592e-31 0
1.07968e-41 -2.47685e-42 0
39.0965 -38.5899 -4.67097
-18.1424 7.91504 -8.66192
-7.48589e-33 1.78308e-32 0
7.97323e-23 4.35557e-22 0
6.0173e-37 3.40092e-37 0
-3.36983e-33 -2.69643e-32 0
32.0695 2.10574e-06 25.5116
28.0825 0.00216166 -6.35245
-1.49175e-37 -5.14681e-39 0
-7.95596e-33 -6.33272e-32 0
3.20671e-42 -5.39418e-42 0
-10.4785 -1.33108 4.8258
35.1843 -14.3606 31.5393
-12.7443 -10.3514 -5.51864
3.44167e-40 5.52204e-40 0
-26.8047 34.1227 29.613
-20.0608 -2.24898 5.68838
2.72342e-41 3.59611e-41 0
-1.28703e-14 2.43358e-14 0
-2.81553 -1.86079 0
6.48256e-41 4.00748e-41 0
2.34182e-34 2.46792e-34 0
-27.9777 -13.4725 -2.7744
-14.1669 -11.0182 11.9372
3.97313e-13 8.06836e-12 0
-45.3909 7.29935 42.2114
-29.8631 9.8007 9.26648
2.13734e-22 2.28925e-22 0
-1.88109e-29 -8.13388e-28 0
-7.77715e-32 -6.07645e-31 0
-31.9633 6.52402 -4.04754
-5.72139e-38 7.67162e-40 0
1.94087e-23 2.0788e-23 0
-4.05176e-37 -1.66608e-36 0
-20.8821 -40.4493 -4.47743
7.82236e-21 1.08103e-20 0
-6.95888 -10.9214 0
41.0343 29.325 -1.0634
-1.12249e-21 -8.98177e-21 0
32.0956 1.23103e-05 25.487
28.0822 0.00407567 -6.35759
-9.83986e-34 -1.63092e-34 0
5.89423 -36.7462 6.37294
7.07059e-10 -1.20547e-09 0
-1.12391e-35 2.28311e-35 0
-5.51196e-29 -4.41049e-28 0
2.49083e-26 3.88616e-25 0
-1.47228e-36 2.3736e-36 0
-1.62951e-38 1.33706e-38 0
1.63509e-26 2.52982e-25 0
-1.31841e-41 1.90122e-41 0
1.20785e-30 1.03994e-30 0
28.3554 32.8484 0.931786
3.33809e-38 3.17944e-38 0
3.09426e-39 -4.74879e-40 0
3.71993e-43 -8.87877e-44 0
9.24869 7.68913 19.4987
2.93759 20.4745 -5.46488
59.1974 7.64089 -6.09311
-7.24762 4.84377 -5.91249
1.26244e-31 1.35029e-31 0
-1.29058e-25 1.04511e-25 0
25.0119 -22.5158 -4.43593
-11.3443 -26.2554 1.52902
-4.95749e-43 4.55346e-41 0
-0.0271224 -0.0569033 0
7.37708e-27 7.90135e-27 0
-3.39681e-40 -4.91247e-40 0
1.66406e-38 -1.54793e-39 0
2.02257e-24 3.12943e-23 0
-1.18688e-32 -5.13211e-31 0
