# vtk DataFile Version 3.0
water particles
ASCII
DATASET POLYDATA
POINTS 2541 float
-2.03058 -1.07991 0
2.04732 -2.80668 0
-35.3081 30.4361 15.2107
0.504888 1.49034 0
-17.5786 -4.40805 0
-10.453 -33.2853 51.3707
22.2515 20.5463 7.84109
70.6248 -64.5929 9.83926
4.16944 -49.8711 1.55225
2.97086 0.373184 25.2445
-12.7866 -23.5428 0
-2.52642 -80.6313 4.29011
-18.166 -40.5054 73.7613
-0.248751 -2.30689 0
18.6739 8.4104 0.33583
-6.49168 -6.22638 0
14.4624 20.2393 1.49632
-5.33225 18.0735 0
-51.4177 -60.8162 89.5323
34.1646 -20.376 77.455
3.21839 -1.12818 0
22.2577 -11.1555 14.9082
1.80547 57.2426 4.74305
-39.5305 -0.300012 62.0793
-40.1752 -0.305578 14.4679
11.6001 18.2346 3.97686
0.206255 1.18373 0
-41.8533 -20.9296 11.099
-36.7854 -20.4376 15.3516
-54.0335 44.5837 84.2421
-0.171767 36.6752 36.8896
-68.1649 30.2145 39.9603
-33.3507 -25.9896 7.78945
-0.195663 1.49647 0
-2.58826 -4.2261 0
8.21665 -70.2595 0
31.9916 5.72085 29.0987
12.7143 18.2492 28.6913
23.0305 -1.63747 3.28726
1.86033 25.5184 0
9.01888 3.30263 8.95113
-0.468552 1.58001 0
24.2133 53.4955 129.495
-2.56312 0.909979 0
-62.367 -5.98278 19.7257
-4.37057 1.80064 0
4.42663 4.68923 0
-3.58855 -7.01801 0
-5.23337 -6.57562 0
-18.4025 -28.3886 0
-7.04204 -1.11562 0
22.4837 3.57867 25.8038
82.1134 -36.3442 9.72571
-32.8423 -28.0055 17.0413
-2.48184 -3.84299 0
-2.3849 0.92505 0
-39.4896 5.9314e-06 62.1101
-40.1763 -0.00280715 14.4755
-14.7739 -28.039 0
-13.8211 11.2598 12.5538
12.5427 -5.06107 0
7.05535 -1.87128 0
14.7617 -34.9008 0
11.0883 -23.1439 11.8253
33.8899 -22.6721 66.324
0.175979 0.774511 24.2757
-48.392 20.2465 0
-1.3927 -5.96343 0
-2.54232 -1.53324 0
-3.13393 6.97838 0
0.801377 19.6293 0
34.5271 40.25 26.808
-10.3038 3.87986 0
7.74261 44.9648 1.16328
41.7573 3.56014 5.92983
-67.674 -5.00115 17.4535
2.54318 -11.4853 17.2291
0.393883 1.7884 0
-18.4231 115.351 33.2495
0.502913 1.90863 0
31.1237 6.51635 2.9397
-33.8097 21.9824 0
2.25956 -5.1136 0
-3.70548 -8.58064 0
0.111063 1.29869 0
-0.205605 -3.3131 0
17.558 -79.2596 13.8243
-2.56101 2.37464 0
-0.689761 -1.98985 0
-39.5305 0.300017 62.0793
-40.1676 0.299859 14.5011
-24.5947 8.24529 8.23193
-90.3251 19.387 20.1688
-1.70981 2.65476 0
12.5896 -16.2029 16.8226
30.9445 -1.01344 0
22.3577 26.0072 0
-34.8105 -5.60139 26.5483
11.6964 21.6583 14.2088
-0.561205 3.65332 0
-12.1471 57.8528 66.5042
-2.65862 -0.58079 0
25.0354 -19.7981 6.129
-8.02697 7.14273 0
19.9078 -32.5215 15.3015
6.3673 -6.61419 0
-22.7909 62.6149 5.02464
39.8754 0.0214157 95.2787
24.8601 4.51595 16.7762
19.2714 15.478 48.9163
-2.32708 0.395731 0
3.24127 4.73973 0
-34.5001 -31.3119 15.0398
-2.3459 0.576754 0
-19.3626 42.966 3.84782
29.5238 -46.3339 19.7568
16.9861 -15.0772 8.47857
2.86481 -23.612 2.8767
16.7899 87.6848 81.191
0.0818673 -3.11213 0
-1.42641 3.61873 0
-0.711523 -4.35616 0
-1.01902 -1.81484 0
-0.988673 -17.7738 0
-2.1592 -4.58467 0
35.7292 -15.9497 69.9964
-0.983685 -1.27308 0
1.77975 -8.43147 29.3951
5.29206 12.6779 0
-2.9711 -0.0855074 0
8.71814 28.0158 12.2309
-2.30247 -2.83817 0
0.25536 2.75369 0
-0.900343 -38.905 62.0933
-0.580719 -39.0196 13.3163
-6.96587 -11.2608 22.9416
19.1437 20.332 24.7833
9.03373 -12.4124 0
-4.64836 18.5265 18.4267
29.4039 -44.2174 29.6359
-25.9428 1.90298 13.4866
5.1515 -76.6445 45.528
27.6256 -8.00313 26.261
-0.900013 -0.300101 36.6002
-0.900055 -0.300029 65.8523
-0.900231 -0.300164 37.3684
28.6494 14.7699 3.9593
3.13085 0.442414 10.4767
15.1639 15.2191 41.9912
-18.318 11.028 0
48.6322 45.9981 78.5608
1.6541 1.74894 0
11.026 35.9776 90.045
0.275179 1.347 0
-38.3792 23.4159 16.7185
2.98763 42.1182 29.9228
-0.900965 24.6826 0
19.6819 1.67235 4.93594
-3.73194 0.411237 0
28.8828 -12.8449 28.3062
0.510997 -1.65549 0
3.27793 5.15332 0
-22.2005 -49.2848 6.59978
-36.1529 47.3764 24.6591
20.5017 -27.0156 41.8313
25.4103 -35.5586 53.5039
3.61398 -33.9659 41.7147
-1.45876 -34.4069 5.98553
4.46874 8.09522 4.83475
-186.366 -61.307 80.2711
10.8773 1.40794 0
11.792 -97.6586 0.0536372
8.92336 -20.0179 5.80899
2.25904 4.61966 0
-4.8217 -1.43727 0
-1.08194 -35.4848 32.125
-0.900007 1.5747e-05 36.6019
-0.900051 -1.59429e-13 65.8837
-0.900974 0.000152616 37.3957
-2.87098 0.0650593 0
6.1776 -8.32271 6.20678
7.15797 0.390772 18.8255
6.30744 2.45129 27.7923
11.4086 3.54415 102.521
-4.22124 -19.1408 0
21.6307 3.73828 38.7666
26.9356 0.656803 45.8466
8.38274 -58.2832 0.343443
7.6492 19.0662 42.5911
-0.900857 19.7197 33.4521
-3.66707 -11.0983 2.99542
3.47828 5.71159 16.3542
-21.2645 15.2942 13.1165
13.0039 93.7369 3.31613
-2.00942 2.2764 0
-1.74759 1.68249 0
-2.24822 0.608149 0
-3.7553 -15.9968 13.5952
-4.52952 56.2162 10.1012
3.58026 -33.7725 42.0069
1.22105 -5.35006 28.5695
15.035 40.0654 14.373
2.50887 -18.9785 0
31.3736 6.82437 67.0874
-26.5052 -18.2339 65.5277
18.8049 -29.0426 10.6933
0.960325 3.46219 0
26.2625 61.3039 36.4796
-0.467011 0.160318 0
-0.900037 0.300049 36.6003
-0.900055 0.300029 65.8523
-0.90154 0.300157 37.3687
-10.4625 -23.0071 39.5926
7.15668 8.53426 0
11.3497 -25.5415 34.3155
0.171358 0.4501 0
13.0306 -35.895 13.5696
8.61691 -6.00532 14.1946
24.3545 -25.2343 4.46642
-1.21109 -3.06564 0
-1.72938 1.9301 0
-0.900261 45.0711 58.3979
-0.900311 39.3098 11.8539
15.0573 17.2791 1.54183
-2.27608 -10.696 13.4724
14.3136 36.9576 34.0156
-4.17509 -13.9382 0
17.8339 29.0043 43.1225
27.0961 37.7926 8.36504
6.69964 1.18642 0
55.9071 71.6465 38.4438
-0.90373 3.41546 0
-17.3037 -106.427 115.661
-2.00433 3.04032 0
21.8133 -40.9657 48.0943
23.0312 -13.3187 63.5069
0.828487 2.07942 0
70.7778 -5.86789 73.4224
71.5826 24.8209 44.8371
2.05109 -3.12952 0
1.4124 -24.8661 0
0.135999 2.14556 0
-14.0788 -26.0904 17.4434
-0.991791 -10.0404 0
-130.609 78.5183 7.80305
-1.24292 -1.22018 0
32.6613 22.6719 13.96
-2.72419 -1.15633 0
-28.828 -16.3282 0
-66.3628 -2.28565 21.6143
23.2918 -9.35754 0
-0.551507 -3.38503 0
3.52589 7.19752 0
-30.6873 47.0575 0
-0.578661 -1.35875 0
0.949687 10.0985 0
-7.72822 7.12443 0
8.08984 30.8046 19.095
13.379 2.99065 0
-17.573 -29.7173 0
2.56102 37.5309 1.25043
8.33171 -10.4056 22.951
2.99428 -1.59677 0
-40.6941 2.87151 6.97268
-29.6538 -3.43885 46.6558
37.7459 3.98795 31.4308
24.1091 -0.300963 0
13.715 -55.876 65.4374
-10.4683 -6.93945 0
9.98929 -25.6592 67.6051
-33.6033 -19.2015 111.309
-53.5935 57.8389 3.4193
14.5673 9.91396 0
58.3287 12.1914 3.74554
25.1725 41.1079 53.5595
13.3031 -14.8639 3.89698
-50.4139 -239.667 110.939
6.68438 -13.2648 0
-5.62037 -3.20831 0
-2.26085 -0.95335 0
-1.39759 -1.62224 0
24.318 42.9561 34.7018
-1.87911 -2.11661 0
-2.26996 -1.59168 0
-7.58186 -1.56227 47.7237
-2.15169 3.02499 0
33.7114 -33.5724 23.4711
57.7795 -75.6815 53.0775
18.3743 23.6383 28.0291
-23.8246 18.3672 0
1.75164 1.95343 0
19.6287 37.8309 14.3561
49.819 16.0249 16.9164
-2.47278 0.455094 0
27.2531 40.8062 68.782
1.27909 -5.85696 0
52.3906 13.3508 2.00828
-58.0937 4.09982 14.3356
36.4023 4.19464 31.7441
24.1185 -0.00021782 0
23.8062 27.2726 22.6474
5.90766 0.860993 0
-43.8136 -10.9294 13.2786
0.190896 -1.63822 0
1.16217 -1.55762 0
5.05081 -6.06009 0
-31.5878 21.6235 20.4234
-8.96977 -0.157044 22.9448
1.23632 1.75239 0
100.566 33.4367 36.8831
-109.867 -21.0124 57.2924
-0.567395 8.61125 34.4901
1.15575 2.8202 0
-13.5633 -21.4261 25.3814
1.2538 4.84741 0
3.24187 -2.19784 3.80505
7.33515 7.3156 16.1219
-41.7002 -41.2768 18.1007
2.64461 -1.14865 0
8.93699 -2.05051 33.1483
-3.62841 184.848 24.0668
7.11887 -7.28538 0
-3.17576 -1.63094 0
-2.13625 3.71269 0
16.2793 -23.517 26.8815
51.8967 -65.2706 43.8742
-2.2999 0.646195 0
19.7833 -24.3253 79.4053
-1.53859 -54.2087 7.06709
-34.5262 15.3552 44.1458
-56.1162 2.3529 10.8521
37.9676 -1.23486 31.9171
24.1084 0.301078 0
109.274 -222.759 304.906
34.2331 32.2422 115.044
9.22142 27.5514 31.718
3.10571 -25.5247 17.2061
2.38343 -0.845737 0
1.4151 -5.49137 0
-8.08386 -2.43346 0
40.7738 -7.46443 31.102
0.871905 1.68401 0
0.151578 -1.80301 0
-3.6218 7.88917 0
86.2015 124.061 19.1192
41.8257 -25.0622 13.1748
0.297979 1.373 0
-126.257 13.6841 62.2954
2.3983 0.467917 0
-12.9759 4.85882 0
8.17798 -52.073 12.8132
8.41343 -2.65447 0
1.48272 -2.20511 0
20.9361 36.3701 9.0451
-7.13897 -24.73 35.1417
-2.13984 0.0648037 0
-3.73082 -8.93364 0
-21.5065 13.0019 0
-94.018 21.4624 4.8556
15.0625 5.13918 3.29242
0.739581 2.74607 0
-41.9661 107.125 3.32675
28.616 3.38725 0
-0.883178 2.56254 0
-26.2777 15.7083 0
36.4555 -3.248 26.8079
1.62563 1.49756 0
-2.3554 0.37246 0
-2.9517 -2.88338 0
1.71789 1.42584 0
-1.06309 -1.75321 0
4.57531 4.17976 0
-6.1816 -6.36921 0
40.5742 56.2388 63.253
-0.504214 -2.08803 0
-11.4594 -9.27546 0
33.5473 56.569 38.9774
-0.40132 37.1197 43.0717
-28.5424 4.90579 0
-51.7779 -35.3548 5.15595
-8.85484 -4.87627 0
24.2834 6.15935 24.8851
10.1422 4.06288 42.8212
16.2297 -6.12416 4.49312
3.66259 2.46711 0
7.67305 -0.493519 0
-4.88202 9.43794 53.658
-41.5026 -1.65591 6.88531
6.56811 5.14197 4.97065
-2.33074 0.817958 0
-50.2938 10.367 0
-58.2725 31.6794 23.6737
20.5366 20.1328 22.5343
23.5321 -16.4509 0
-12.9862 -96.2341 0
24.4514 16.1878 0.451946
-0.15607 -1.87982 0
-18.8402 24.5574 0
31.1898 -9.0863 30.6169
0.0574523 -1.99114 0
1.31452 1.2683 0
147.134 -47.5767 37.8518
-2.89926 -7.76886 0
-2.24809 0.162787 0
-3.27907 -0.148738 0
-3.85682 -21.5041 0
-5.06813 8.04942 50.5725
-2.21195 -0.381172 0
11.5621 7.20262 65.2244
58.226 -19.3618 9.89087
-11.9039 -49.7442 0
-0.753828 2.8663 0
-66.5513 -5.22903 0
-2.59437 -0.406196 0
6.60555 1.43456 0
4.43207 -39.2371 42.8494
21.1502 -44.583 46.05
7.6987 -2.64212 10.3362
50.3758 14.5348 18.0681
-17.4336 7.35953 48.8642
-34.2931 -0.352038 19.3029
3.99876 -6.41804 0
5.44163 -8.47828 12.6096
-19.6141 1.69377 0
-5.46865 0.418206 0
-28.6512 -43.5509 13.167
-54.6619 35.3749 13.8583
-69.9592 21.1043 35.294
-1.81708 3.49118 0
-0.209259 1.68138 0
-3.49241 6.28328 0
1.45077 -4.46206 0
108.363 5.33823 239.422
-2.42776 1.12667 0
113.823 -70.525 40.9423
-8.00294 15.5356 0
-75.3791 18.3377 19.5023
13.9675 15.2768 50.3477
-171.78 123.256 86.0547
-2.73742 1.09259 0
-18.347 13.2689 0
7.87402 -93.6183 32.4726
34.7203 3.43044 31.0283
-19.5524 -54.3885 0
-11.074 -4.36854 0
-2.80608 3.50492 0
-1.10935 -4.48713 0
2.64523 16.351 0
3.18489 0.296327 0
18.7119 -3.37597 32.7849
-1.03033 -1.47298 0
-0.311757 1.36204 0
-9.66707 -1.79312 53.8006
-41.6842 0.787298 11.1854
-0.14283 -1.63033 0
33.0649 -16.1316 47.0177
43.5627 -51.3658 13.5611
-29.962 32.3772 0.294327
6.61889 3.10087 0
7.03849 -28.6355 3.07451
-3.8527 5.7982 0
-2.27171 0.522314 0
-1.57471 1.70351 0
-12.2178 11.5259 0
-75.3671 115.112 12.2584
-29.5901 -49.7764 0
-2.46403 -21.4707 15.5309
12.3724 34.3066 9.1979
5.80512 7.56096 0
-2.2165 -5.73524 0
38.7426 60.2117 69.8862
-24.8262 -7.05269 62.2352
-30.0893 -13.8879 0.887886
-0.209173 -1.58381 0
-0.0542084 1.71891 0
51.4518 -14.4148 20.8566
-0.764841 2.33769 0
-3.87852 27.2268 0
8.30231 24.7613 14.1823
13.245 -22.7131 29.0687
-2.04384 1.51115 0
4.46899 -30.3205 11.6756
-7.42364 3.58346 0
-4.30783 58.9792 17.6177
-0.633324 -4.34431 0
-0.20207 -3.13092 0
-3.28076 -18.3561 0
0.209302 -4.10105 0
-0.864473 7.59476 3.23709
23.7479 30.1032 9.63933
90.8963 10.7552 61.4705
4.84356 22.4696 15.4431
1.11523 -4.44914 18.4705
-0.124888 2.40961 0
22.5237 -1.52464 1.36762
-7.09944 -9.15355 0
-0.600011 -32.3055 66.5204
-0.287898 -39.3604 12.7546
15.9914 -4.92624 0
4.20573 -0.114665 0
-1.73111 3.52044 0
26.0479 -58.7396 85.9804
-55.3149 -24.2282 48.7367
-4.8428 10.0815 35.1294
-0.598951 -1.73841 0
-0.734491 4.25853 0
-0.600017 -0.300131 36.6013
-0.600005 -0.30002 65.995
-0.600049 -0.300207 37.493
-2.00184 -1.67007 0
-12.9388 -13.9177 6.09787
1.85195 4.02907 4.36363
5.61428 2.0348 5.28992
-10.7713 21.0742 46.0049
4.7933 2.49829 0
5.08877 -7.07973 17.1853
2.13498 -0.802993 0
3.433 -57.6564 14.8349
3.67357 35.8846 32.1477
-0.600493 24.4859 0
3.18258 16.9976 0
4.31016 5.01341 0.295733
-3.7275 14.7128 0
0.873653 -5.58812 0
-1.2194 41.7345 15.4291
25.7015 -2.22442 24.9019
10.1679 8.89375 7.505
-0.160348 -1.54057 0
10.7516 26.9909 30.2546
4.32006 -26.8954 43.1056
-1.22414 -34.3959 6.24229
-6.91188 16.8671 0
14.6341 40.7217 2.96864
0.778441 -7.20476 0
-11.6709 14.6382 28.5465
-31.2894 18.0898 0
34.8973 -59.6302 31.1627
30.8525 -59.9335 34.6794
-0.70466 1.36061 0
-0.599924 2.18783e-05 36.6095
-0.600004 4.8264e-10 66.0216
-0.600111 1.56571e-05 37.5167
13.8515 -15.6737 27.4905
-12.7585 -5.64131 1.49513
32.6096 13.707 23.0527
9.20851 4.96476 11.4274
3.54778 -3.3601 23.3486
5.48158 8.87315 36.7558
28.6429 12.2541 82.9131
7.68049 0.790658 19.559
-0.461608 -0.153551 0
4.04543 30.3706 35.9119
-2.79274 17.7654 34.2922
12.3734 -15.2472 30.7819
-0.0476083 3.72567 0
0.899133 15.498 0
-0.370889 3.9512 0
12.5897 13.1654 5.06912
-1.38607 -1.42112 0
3.8879 37.6875 0
5.40228 1.84183 6.37061
1.3459 57.4614 0.765085
4.24848 -26.7689 43.5531
1.82448 -5.02474 29.1631
1.35096 -8.8564 0
5.89206 17.942 22.7721
-2.78406 -1.35442 0
8.4102 -22.6033 0
-1.2031 2.25642 0
11.3707 86.568 115.516
4.25443 -38.5911 5.82243
-0.864138 -1.70093 0
-0.599956 0.300033 36.6016
-0.600005 0.30002 65.995
-0.600481 0.300101 37.4933
-23.3231 0.432648 10.0271
4.6247 -9.40235 7.88547
-1.02118 -2.26029 0
3.72966 -16.079 47.5399
29.1888 -41.3561 0
-11.2158 -36.2807 0
-6.51029 -11.697 18.1079
-26.5081 -21.5823 28.5964
-3.55562 0.42146 0
-0.600017 39.0958 63.4363
-0.914862 39.3568 12.763
-0.677343 -2.9746 0
-10.8458 3.35297 0
6.97134 -3.63644 20.1594
-35.1447 52.5397 78.5544
-1.70617 -5.80916 0
-22.6825 -8.7665 0
-0.420894 -7.62343 10.3331
2.95154 43.0264 21.4701
-0.598573 3.41467 0
-7.32857 -2.56467 0
29.0134 0.484906 25.2719
-27.5267 68.8839 2.9638
6.47178 6.93705 0
-25.1668 -43.8935 20.9935
-1.42983 3.04653 0
-2.35706 -13.3974 79.6297
-39.6157 -34.5336 4.42481
8.32178 -20.6992 0
-2.54355 0.589026 0
-55.1229 12.859 0
-1.62151 -2.58578 0
-1.16983 -1.65484 0
0.237639 -2.21412 0
3.33461 -2.76923 0
0.935843 -2.27271 0
-43.0492 -23.3452 0
10.6839 -30.7583 33.3512
82.0542 91.0528 7.20603
1.6355 -2.2855 0
-20.0955 -46.1239 64.6041
2.21882 -2.85057 0
11.1294 -9.15593 0
0.507974 6.90019 0
1.41138 -4.38943 0
16.1068 -31.399 0
1.83138 -2.06106 0
2.38192 -0.170209 0
26.7652 4.95903 14.0309
9.1794 -3.39248 9.97517
17.1047 38.3942 16.6042
-0.780043 1.64128 0
-59.081 9.14425 0.422847
36.828 4.07474 31.8696
24.4212 -0.301887 0
4.12326 -4.74305 0
2.42847 -2.86379 0
47.6457 -5.54195 9.55438
-23.9238 -6.86104 7.1164
28.7006 -19.1567 8.12067
19.5208 -21.6629 11.2247
-2.75887 1.46022 0
-1.64338 -2.83761 0
61.1558 9.09269 0
0.790033 3.59429 0
-1.65535 -4.14712 0
13.63 68.4787 98.6591
-2.24819 -3.57701 0
-63.6969 7.25523 22.258
-82.3087 51.9456 69.537
-0.432106 -0.168821 0
-2.28405 -0.0522338 0
-2.95667 -1.31426 0
3.31003 8.28374 0
-4.50731 -7.5056 0
109.297 -4.97524 11.3617
18.2998 24.3549 27.9093
-6.90196 0.552807 0
-4.98003 -3.08351 0
-48.3067 11.7796 46.0315
-8.07528 43.3144 49.3708
24.1667 23.4884 4.00547
-0.284392 -9.78363 0
-0.228544 -1.3453 0
13.716 -12.1425 29.6411
-2.64321 3.44217 0
35.5126 4.28282 32.1806
24.1795 7.08297e-06 0
20.8266 -13.4595 0
12.5771 34.6807 22.6794
25.3773 97.9114 97.5583
10.0936 -7.48021 26.0934
34.3522 -1.56867 14.6379
11.4929 -6.28103 14.5306
-3.72827 -42.7196 16.2205
9.32653 38.9395 0
-5.64146 1.71868 0
-28.5622 -45.1106 89.5085
-101.566 18.095 71.0001
-44.7077 -62.3926 21.0334
-4.93815 -2.46633 9.48503
21.2309 -35.8977 18.1505
-2.07773 4.49394 0
8.91635 -7.56087 1.04347
-0.0797234 1.58945 0
-0.985779 -1.43194 0
20.2939 21.9342 51.0668
-8.81084 -8.27633 0
64.5305 22.7238 92.0233
6.97759 -7.31267 0
-0.376181 -6.27569 0
-4.14701 2.57802 0
12.7843 -20.5642 0
34.3365 -40.2257 80.7109
0.400851 -2.47723 0
11.0539 -47.8276 0
1.17202 -1.87197 0
7.26924 -3.36273 0
-103.308 35.4736 9.87959
36.9997 -1.23626 32.4052
24.4203 0.301965 0
2.85059 -0.575318 0
-72.1492 31.2634 12.9834
49.9743 -19.2919 5.01904
36.3357 -16.9527 0
1.44066 2.3321 0
-26.1606 19.2677 34.3731
23.9287 -6.4294 0
26.3031 1.26298 25.0187
0.408012 1.47953 0
9.83706 8.5747 0
10.7703 4.40478 0
-9.97595 -51.9327 5.26709
2.05572 0.211401 0
-62.0585 -36.9194 32.0875
33.9291 22.8844 0
6.17828 2.70977 0
-22.071 -1.11804 29.1774
8.58577 -45.1602 4.55035
11.3577 -29.6582 16.5565
-11.1153 6.94073 0
-4.73887 4.74437 0
-20.6686 7.88674 18.7664
-2.0315 -0.204739 0
-4.00525 -4.88281 0
-6.01741 6.40263 0
-24.1823 40.7243 31.0245
-21.8079 -27.6978 11.3063
0.544318 -15.9165 11.5795
5.05869 8.07984 0
-2.00342 -0.941844 0
-0.282198 -1.59562 0
30.4582 7.90536 32.9216
-38.5042 10.5846 12.1642
-2.91649 -0.381113 0
7.34093 2.85466 0
-100.365 -64.7445 6.28722
-4.39864 -2.63036 0
1.08402 -0.474206 18.4864
-2.20714 0.142479 0
25.8351 -20.6912 20.5902
-15.7266 31.0403 10.5678
-45.8368 -39.9767 0
-11.1535 -9.25267 0
9.9161 66.4607 22.0284
0.515976 37.8734 42.8394
28.7744 -22.0873 18.0159
3.88141 -2.10451 0
-20.2092 4.18997 42.8839
1.03308 -5.72626 0
6.17663 16.149 0
5.88304 33.1812 32.834
48.1179 -37.0186 5.90056
7.13281 0.168929 0
-28.597 4.61204 43.0585
-38.1166 -1.59576 3.11423
10.5929 9.24598 0
5.97282 2.39863 0
3.44094 -3.45127 11.3236
-43.1222 14.7639 5.24204
-5.46552 -9.6271 3.29328
-11.7661 -0.117378 0
-20.7925 5.59437 4.21425
19.0934 -82.7053 53.2872
-0.304845 -1.92241 0
25.7505 59.203 0
-25.8468 -30.0955 0
2.90755 -3.08245 0
-0.656962 -1.51546 0
-0.804266 -1.70315 0
5.8589 3.26803 10.833
-2.49244 -1.25806 0
-2.99724 -2.53994 0
-2.19832 -0.91281 0
-3.70329 -0.430962 0
-2.47724 0.583631 0
19.9425 15.134 61.9045
-7.37123 15.7981 34.6388
5.16421 -2.09065 0
-4.06372 -4.62274 0
58.6889 83.7315 42.6853
-78.019 -16.9291 21.1753
-39.0844 58.8211 11.0889
27.7369 -1.26899 6.10898
-7.74233 36.6902 10.9201
-4.09421 2.54563 0
0.730264 -1.59657 0
-27.2841 4.85572 43.5699
-18.1139 -0.378296 27.5463
5.87929 -7.50581 6.91712
-0.310491 -7.73012 8.42338
-10.9172 -0.563943 0
-19.7347 -3.43379 16.9344
-23.8105 -13.7778 14.2583
2.14691 3.77064 0
-17.2074 -21.0451 0.282046
18.8256 -13.7846 6.42303
0.745255 1.65574 0
2.18779 3.69089 0
13.193 -20.836 37.2889
35.8449 -60.3335 0.071161
-0.656809 -1.49471 0
-15.1662 -7.95674 44.2153
-4.06555 3.67518 0
-36.8294 29.1712 11.0808
-2.70306 0.590064 0
86.8181 -80.1484 55.2664
0.148996 -2.363 0
5.34285 -18.8896 32.6408
34.9041 -94.2837 22.9261
-11.0575 0.0453969 0
-48.0755 72.9492 100.584
-3.35375 -1.54558 0
-5.82319 -77.4481 43.7772
14.7011 -26.2823 21.7052
0.428553 1.81114 0
2.0603 -25.1787 10.2373
-119.046 -32.9794 20.4645
-1.74409 1.05589 50.7631
1.01187 -0.449618 0
-28.4964 -0.922525 44.826
-35.4151 0.595242 13.1725
7.65086 -10.1348 0
-48.3571 -0.821044 33.3705
-22.3345 -29.7568 15.5286
11.5403 0.965987 24.9121
-27.9734 -14.409 21.7252
0.79059 1.4008 0
0.126201 1.49006 0
-0.381058 1.57287 0
-0.613388 1.61382 0
-12.5285 12.0892 0
-1.49526 -4.65788 0
2.68167 3.09398 0
76.8753 66.9714 0
-1.61402 4.1761 0
-7.11279 13.1819 77.6102
-78.7562 -32.0469 12.0122
24.2156 -62.5198 47.3128
-2.27439 1.20916 0
-7.93284 -4.04426 46.5277
-2.12207 -0.0872784 0
-49.0224 -54.2613 12.5712
4.46244 -14.4799 0
-0.418441 1.80033 0
2.58881 -10.2213 0
16.7411 12.8442 8.59989
-20.9076 -5.36518 0
-3.18424 -0.874321 0
-3.79737 -0.584467 0
-2.38583 -4.4999 0
-2.00129 -0.144311 0
-0.299989 -3.86608 0
-0.0200558 -3.2119 0
-2.90023 -19.5783 0
0.419042 -4.12005 0
-0.848634 7.37198 3.62583
-1.56801 -5.84768 0
34.0557 -45.3092 42.0631
-3.39859 22.9644 51.239
-1.29327 9.43056 0
-15.6791 43.4226 32.5358
3.61007 -7.0043 1.90026
2.29225 -0.843386 0
-0.299992 -32.291 66.5291
0.0123918 -39.3606 12.751
-121.554 69.7874 22.2352
68.6242 -192.275 106.578
-0.523485 4.19318 0
0.433582 1.25885 0
2.80617 2.41572 0
27.929 8.73198 5.86986
47.8433 13.1408 7.0307
0.228662 1.50288 0
-0.30001 -0.300012 36.602
-0.3 -0.30002 65.9961
-0.300001 -0.30006 37.4937
-23.9533 16.7292 32.9531
8.20706 -18.2484 4.12466
-2.53835 5.42532 0
6.06535 36.2233 43.1415
-58.9809 38.9192 78.25
8.33456 26.667 26.2681
12.6383 5.56674 5.47956
22.9703 10.6111 31.3529
3.88026 -57.4788 14.5065
3.97509 35.8679 32.1598
-0.300561 24.4873 0
0.580444 -18.884 13.0523
0.958321 2.53498 0
-3.1265 -0.595768 0
9.78019 1.36365 0
-0.784507 -0.485002 26.6139
37.6544 38.6182 45.3996
94.0375 -118.133 41.4843
0.243306 -2.63429 0
11.4276 26.4709 31.8127
4.62339 -26.872 43.1124
-0.923652 -34.3958 6.24234
9.10694 -51.0301 33.1128
0.658573 1.44254 0
-5.13733 5.4056 0
-50.2368 -24.9493 11.808
10.7941 -63.0161 21.4094
-0.729592 -2.17014 0
-0.893243 -51.8278 26.8113
26.2134 18.7315 25.4203
-0.299919 2.33975e-05 36.6107
-0.3 1.03775e-08 66.0228
-0.299931 1.98586e-05 37.5177
-4.80452 -6.25774 21.851
-2.17749 -2.49048 0
55.7691 -49.8216 39.0307
4.55936 -0.483835 8.72421
6.96664 -0.158315 24.193
2.58456 0.615508 0
-17.6369 20.4671 52.3336
6.96315 20.8048 0
-0.018773 -1.5215 0
4.34923 30.3482 35.9218
-2.43268 17.8941 34.2641
3.33002 -0.42268 0
33.0852 0.77116 32.4316
2.67563 8.02173 0
-3.04923 1.84515 0
-32.6482 -47.1898 16.4698
0.316432 -2.8314 0
-12.6536 59.573 71.9893
-11.9493 36.795 66.1821
4.15358 57.3133 1.86909
4.55024 -26.7479 43.5634
2.12894 -5.02985 29.1678
-3.90185 1.90715 0
6.13742 19.1187 15.7482
4.59544 34.8065 24.2532
10.7922 19.5435 29.0603
-3.72904 0.380768 0
-15.6713 -51.5435 4.09642
-5.03832 -32.4355 14.388
0.763469 0.128424 0
-0.299928 0.300021 36.6023
-0.299961 0.300031 65.9963
-0.300032 0.300067 37.494
7.28774 7.34434 1.89877
-1.4382 -1.52485 0
6.85561 27.7129 7.2871
-31.7112 -39.4509 29.8474
-12.7223 -26.6415 77.0148
-6.33482 -18.2196 27.5419
-4.01288 20.8118 45.8395
13.215 14.5445 0.404023
-0.340839 1.98118 0
-0.29999 39.0825 63.4464
-0.612064 39.3604 12.7509
-0.386217 -2.97282 0
-10.1726 19.2431 19.5473
-3.28881 3.01246 0
-1.65905 -21.6065 0
4.41119 16.2416 3.46021
-12.2643 -30.9937 0
5.7929 13.7616 0
3.77897 2.12839 0
-0.291625 3.41831 0
-83.0618 -37.5821 47.4124
-0.727155 -43.3648 6.70332
39.9945 47.6934 92.7892
-1.41887 -4.14598 0
25.1742 0.176079 26.8308
9.35797 68.0495 24.526
-24.1203 -38.8452 63.208
1.78851 -8.85603 0
0.0401416 5.33019 0
5.72198 1.74312 0
0.582678 1.66162 0
-4.49309 -0.701481 0
8.59731 2.23628 0
2.48284 -3.10371 0
1.89689 -1.93517 0
5.52809 -4.28372 0
12.7047 40.0448 10.4789
-2.86563 2.92763 9.545
-11.6567 5.24461 0
15.5062 -11.9531 14.3834
4.81223 4.33379 0
7.8139 -7.70607 0
11.445 -9.17923 0
7.16146 9.32964 0
1.55619 -4.13733 0
0.0507732 -3.92779 0
9.89328 42.4733 22.4914
-0.519639 6.20653 0
14.98 35.1323 11.3624
9.92625 -5.07627 8.30264
0.452241 4.55974 0
1.04929 -0.489607 0
-28.9062 -11.4229 0
37.1274 4.0767 31.8709
24.7224 -0.301207 0
5.53982 3.28635 0
2.14784 0.283046 0
0.423779 -2.25089 0
-29.5516 -7.24101 27.6924
-10.775 -36.0339 10.1906
-29.684 19.3534 25.7199
51.9992 -34.9613 31.2853
-0.644408 1.2534 0
-0.446458 -0.118021 0
2.11216 4.15516 0
-1.29515 -4.15955 0
-23.6448 37.4465 44.7823
-14.428 21.8785 50.1173
0.351128 1.59233 0
-11.141 31.141 0
38.2778 -55.8982 0
-0.193019 1.35729 0
-1.02849 -5.29876 0
4.25933 -0.604235 0
0.440981 0.184784 0
112.688 3.14677 7.63641
18.5784 24.3644 27.9108
-65.6181 46.4687 12.439
-2.19302 2.54738 0
55.5243 -38.4077 1.29542
10.2409 41.6252 36.2784
0.42032 -1.93127 0
36.4407 -24.3988 1.25417
36.667 -33.3763 28.9034
-68.9837 18.1119 20.5604
-2.89891 0.249828 0
35.8161 4.28314 32.1806
24.4824 0.000305361 0
0.427622 -2.33661 0
-27.9001 10.5048 31.8947
15.5857 -1.37671 0
1.04623 2.80904 0
16.729 14.7741 4.22626
-2.30784 0.813175 0
-6.42186 -1.52114 0
-4.41562 -2.65934 0
33.1996 61.8118 81.8576
-54.3144 -89.9143 63.4351
-101.289 18.3779 70.8877
6.59287 -67.9005 32.9076
-7.46611 -11.0688 8.03127
25.2948 5.83305 2.51149
-13.5993 4.61166 23.6564
0.626576 1.86888 0
30.9726 -16.6926 1.44563
-0.424454 1.17818 0
0.708214 1.71909 0
1.29555 1.97912 0
65.6088 18.3351 89.409
9.26 -9.81742 0
-6.81599 -8.36911 0
2.49201 2.21339 0
33.931 -52.6101 47.4574
-35.7985 47.2103 0
22.2287 49.521 5.61758
-19.4901 7.61826 0
1.85585 3.26523 0
-7.43257 19.7046 17.3452
-2.13131 -0.200868 0
37.2988 -1.23753 32.4064
24.4699 0.301804 0
45.0076 23.4233 17.1634
0.240053 -21.1287 18.3162
23.4654 -9.77088 40.0102
5.328 -1.22101 0
60.9239 -17.2799 26.8389
9.35824 -0.490824 0
-10.1967 -47.2166 23.2174
-3.55244 -0.299314 0
0.329993 1.47321 0
10.1482 8.59579 0
11.0651 4.35631 0
-9.59845 -52.0141 5.53973
1.92433 -2.4659 0
21.499 -2.52526 11.8054
2.60298 1.36126 0
17.1743 -1.65371 3.81125
-6.74859 0.49137 0
-0.410412 1.19713 0
-0.163642 1.75674 0
21.4232 119.069 87.9129
-7.59822 4.38165 0
-20.5113 -39.6003 64.8799
2.77224 0.968631 0
-8.79241 -22.0329 10.8528
71.4937 -34.9148 45.4966
7.17336 -12.2761 23.7467
21.2363 -2.51535 16.4515
-16.9836 26.5531 10.016
-3.13909 -0.733482 0
10.7528 -48.0495 19.2181
1.0705 -2.34904 0
-3.08093 -39.8086 25.4345
-48.5493 69.0998 59.0366
-0.720251 -2.75996 0
-5.7452 -8.75956 43.5766
1.72378 -2.8905 0
1.09568 2.02175 0
-0.221185 1.41897 0
4.14276 -3.49872 0
16.1603 -8.64827 15.0348
0.685165 3.86464 9.20851
-23.9468 -22.137 0
-10.8534 -9.25257 0
8.97207 66.4354 20.9785
0.8467 36.9069 42.5648
-29.2192 15.8747 0
35.584 36.3667 22.6972
77.5755 -18.3693 45.7269
-24.5687 -21.6159 7.67481
-22.891 11.6782 31.7884
6.27857 13.8152 37.7868
5.6584 2.77621 0
3.52009 -1.93463 0
-28.2954 4.61151 43.0583
-24.7712 -0.300852 0
43.1724 53.9788 7.18477
0.974911 -1.62399 0
27.0077 7.38756 10.0337
14.3708 -40.7094 23.9921
30.829 -3.85917 9.96257
-3.47056 -0.730453 0
0.556591 41.165 36.8073
17.4417 -24.7565 10.0254
2.25937 -0.410646 0
-43.2798 106.209 4.063
-3.29232 17.8516 34.7533
3.06503 -3.24897 0
-0.20336 1.3688 0
-44.3691 -23.2819 51.3941
0.474577 1.42546 0
32.0073 108.572 9.38756
3.95515 13.7315 0
-33.1234 79.0201 10.0152
-2.57276 0.327488 0
-0.514275 1.87071 0
20.3436 15.2418 61.8145
-21.9347 16.178 29.5679
87.8899 -58.7907 39.9906
-10.5519 -24.5287 0
11.0242 83.4566 32.0457
6.22023 33.3831 13.5828
21.8182 34.0662 9.12438
-0.726093 -0.464549 0
-3.88985 -4.71856 0
-0.614568 -4.68929 0
0.791676 1.58935 0
-26.984 4.85573 43.5706
-24.7827 0.000146137 0
-5.33124 0.934797 0
-15.9766 -1.12774 42.179
-10.2646 -0.530412 0
-7.28263 -0.254095 0
-30.2151 0.792185 4.11246
-4.42462 3.97189 0
13.1364 -11.954 0
-3.0231 -0.0495501 0
-1.30551 1.62103 0
1.2438 1.94788 0
-8.40344 -21.5362 34.4963
12.2876 -39.285 12.6835
-9.39892 -7.41578 12.0303
-22.1242 25.7872 32.2668
-3.41457 3.48409 0
0.765482 -0.460702 0
23.2524 -13.9039 9.96121
0.02051 2.98001 0
-1.21722 -1.2904 0
-0.117635 2.90041 0
37.8923 -93.7491 22.0484
-7.92612 -7.7416 0
17.517 -32.2287 89.9214
0.70696 -33.898 0
-59.4388 -26.2437 24.7884
-0.018819 -8.37648 0
0.543059 1.38534 0
0.367731 1.70901 0
-8.53632 21.3247 1.42739
-0.435991 -17.2187 22.9645
1.20376 1.51691 0
-28.195 -0.922058 44.8257
-24.7714 0.301215 0
-3.66292 -9.28044 8.66988
-48.0557 -0.793491 33.3896
-2.76128 -3.37126 0
-1.44211 -5.92295 0
-1.01912 3.32809 0
-5.96335 33.3601 40.4093
-2.81734 3.81579 0
-10.4333 -2.94765 0
-28.3771 17.5708 9.02632
-12.2284 12.0891 0
2.38342 6.54019 0
-0.0419047 9.47919 0
-16.1949 30.2422 8.76496
-0.232547 3.33319 0
68.8492 18.8097 72.0017
-2.93584 0.646507 0
7.70131 -2.16648 33.1712
28.8068 12.7191 27.9885
-40.8433 -15.5509 42.9002
-3.78669 1.25985 0
-4.32833 6.92898 0
-25.7756 -9.05004 47.0173
-17.112 40.2756 4.65132
-10.3441 14.7751 0
-8.20274 73.1372 1.99168
52.5377 31.992 6.2959
-0.733809 -0.165246 0
0.704817 -1.70721 0
-8.27022 8.07706 0
8.42875 21.9184 20.6561
-0.00133234 -3.86626 0
0.347499 -3.49899 0
-2.59667 -19.2543 0
0.717499 -4.11989 0
-0.5138 7.32669 3.72757
-9.82747 3.33286 0
-2.08156 -5.23198 0
-2.88265 29.5912 46.5862
-5.01587 2.34444 13.5675
-15.2529 35.4896 23.7254
-2.02883 10.2398 0
0.992686 1.80829 0
7.39605e-06 -32.2909 66.5291
0.311934 -39.3609 12.7512
-4.52405 -0.326025 0
8.19284 7.73407 49.1183
-2.50944 14.1041 0
21.5747 -58.6663 53.9046
-2.49613 22.5366 10.7432
-13.352 -4.36962 6.2739
-3.28328 33.371 10.5348
14.5345 31.3268 22.5441
-0.000112978 -0.300114 36.6021
1.92775e-08 -0.30002 65.9961
8.56669e-06 -0.300344 37.4942
7.9767 -8.5174 14.2664
-13.7826 -18.636 15.059
10.0851 1.27128 12.3163
6.24625 1.93733 3.46778
-14.2367 -19.5002 18.831
19.5602 12.2639 22.721
-10.3289 8.72677 12.493
2.43236 5.70914 0
4.13537 -57.5097 14.4305
4.27815 35.8691 32.1599
0.000404921 24.4881 0
-3.08451 -12.1581 0
1.32326 2.4549 0
-1.22899 3.11406 0
0.869187 2.34965 0
0.0630195 -4.76385 0
-10.801 -5.29442 18.4042
-0.33506 -3.21765 0
16.4382 -8.86196 0
2.81126 -1.58823 0
4.92369 -26.8717 43.1122
-0.623687 -34.3954 6.24199
4.35106 -0.0484513 0
-3.69924 13.8635 0.843678
61.4021 -1.20304 120.601
3.1456 -10.4862 0
59.7809 -10.4463 51.7869
1.8025 -1.96809 0
-5.96292 -49.0424 82.8932
-3.41322 -1.79709 0
4.92327e-08 -9.62133e-08 36.6103
7.24448e-05 2.08565e-05 66.023
5.30144e-05 -3.03524e-05 37.5174
3.8446 24.7732 38.6601
-7.79211 3.32879 11.1753
-1.32866 -1.56402 0
5.05309 -0.444822 8.57819
7.54606 1.32665 23.4933
36.7827 47.04 67.4739
14.1267 32.1964 43.2833
1.92434 0.835383 0
0.52175 -1.57911 0
4.64969 30.3477 35.9215
-2.13265 17.894 34.2641
15.7654 -25.3713 0.726149
-2.25132 1.63654 33.7252
-0.624621 13.8238 0
-6.0148 8.06772 0
-50.8224 -61.3102 3.04562
0.406457 1.46664 0
-0.357191 -1.4216 0
19.6362 -8.5575 8.85105
3.77084 54.3405 0
4.85323 -26.7488 43.565
2.43197 -5.0374 29.1675
0.249653 -4.25569 0
7.72247 22.7707 14.9206
-3.52822 66.2277 23.0422
3.33696 -13.2702 0
-2.98088 1.67412 0
0.361329 -7.63803 0
9.29839 -19.7016 3.88019
9.70593 -45.1847 39.4476
4.09943e-08 0.3 36.6019
0.000187891 0.300074 65.9968
3.97195e-08 0.300053 37.4936
10.1616 -2.6549 8.30934
-1.24833 -1.95695 0
-32.0671 67.4367 26.7256
-92.1497 3.62457 31.3676
0.159632 -3.71519 0
5.34484 6.56499 0
-2.12333 0.287884 0
-0.718607 -1.17461 0
0.353309 -7.26175 0
0.000157237 39.0827 63.4468
-0.311899 39.3612 12.7512
-0.0668159 -2.95864 0
-1.08565 -1.43187 0
16.9667 -17.0697 1.56466
-46.1931 15.3255 10.135
2.38458 3.77333 0
-30.865 12.2519 0
0.918444 -3.42322 0
-15.8736 19.2103 30.7776
0.00638874 3.41785 0
6.97623 -0.453393 0
0.864499 6.31242 0
-42.7316 43.6955 9.16296
-3.29971 -4.68612 0
-5.13596 4.98107 0
10.5772 79.8369 27.8754
-12.0088 -25.3178 33.7146
6.10888 25.5653 71.5592
10.8006 -14.8775 0
-7.73785 -22.7318 91.0691
-1.87823 -3.67492 0
-70.8159 -9.77236 14.3853
7.65065 -0.772169 17.9297
-76.428 24.0227 30.2726
41.6748 -96.7998 18.9331
50.1067 33.3913 61.6859
-110.737 12.4091 58.13
39.0981 26.9801 7.5786
-5.00742 19.4754 7.82083
-22.6102 2.37037 0
-0.449428 0.407893 0
8.09505 -7.69374 0
11.7453 -9.17931 0
0.666981 6.98483 0
-6.38695 -12.2909 0
1.28441 -6.68694 0
-7.30705 -4.87973 0
22.6587 -5.66796 0
-18.2882 -4.90899 45.4294
12.5656 -4.46658 7.23323
-0.150681 0.178553 0
-40.9243 35.8874 17.8247
19.1729 -60.6512 11.7941
37.4261 4.0797 31.8688
24.7715 -0.30065 0
-14.117 -15.6801 5.42591
3.07746 0.498427 0
-19.8263 -10.4221 11.4964
20.9201 25.9288 12.0423
42.1102 -53.2372 1.30882
-14.104 -16.1476 6.69957
1.55807 1.77111 0
6.43713 -8.88502 0
3.18322 1.37803 0
2.92068 4.93807 0
-0.949294 -4.16196 0
10.9397 28.9666 74.6163
29.613 51.5834 1.80259
0.540057 10.9104 0
-12.6894 -147.863 46.5703
-0.121301 -0.434348 0
2.01222 -0.255326 0
-11.4177 -34.0046 83.9223
16.523 -11.0219 0
19.8092 43.4806 19.6129
112.752 6.01619 8.0897
17.8688 23.8751 27.9686
-66.2318 46.9893 12.1596
-0.163555 -1.42996 0
13.7281 -67.0859 7.29907
-45.7907 -11.0203 42.5732
-48.0012 4.04385 20.695
-2.91906 -0.73885 0
-22.9448 -88.1766 0.968395
6.52181 -9.99065 19.2607
14.9786 56.0824 22.9895
36.1113 4.28244 32.1748
24.7821 0.000604801 0
-17.0428 15.6363 48.0834
-50.0297 -5.11379 6.17789
64.6029 45.5386 6.46908
33.2886 -13.519 10.1946
-6.24246 -31.9422 10.6329
-18.0946 -9.42374 0
2.1344 3.03209 0
-45.6047 44.5637 101.376
-0.60273 1.4613 0
1.20387 -1.76553 0
-0.348031 -1.8826 0
-12.1226 -63.4062 38.4385
15.4838 78.1985 55.4365
-17.3519 -10.6837 7.58578
-27.5661 12.8137 6.77531
-75.647 -11.5858 78.7997
14.3848 -4.8138 8.83237
-5.32291 2.04743 0
22.2463 -119.671 46.2204
38.3433 -24.7814 86.7673
58.7475 21.7639 104.561
-48.9019 31.0068 0.290494
-3.81629 -1.82574 0
-1.53011 2.09276 0
36.3311 -9.75374 21.0762
-9.7843 23.9319 12.6604
50.2107 -3.98427 47.1201
28.8173 96.1863 51.3579
39.8589 13.7759 63.7476
-47.8175 29.118 51.6005
-0.537007 -1.34516 0
37.5977 -1.23989 32.4046
24.7712 0.301578 0
1.93213 0.505207 0
-46.2574 -9.00242 18.8791
-5.11737 -5.23245 5.14379
4.60655 3.87004 0
45.7588 90.988 35.3436
23.7188 -40.3185 33.5505
0.53186 19.1225 60.7253
-45.8953 -62.3378 127.821
-3.11299 3.79157 0
10.4484 8.59586 0
11.7168 5.27774 0
-9.21327 -52.0119 5.53962
7.61638 -5.64987 7.44888
11.3088 -80.0868 9.87717
-18.9601 -50.5184 24.0227
-2.16964 2.72707 0
45.5719 27.5832 52.5593
14.8713 9.17658 7.65975
49.0847 9.18432 26.1118
1.05567 -3.24868 0
-7.48751 2.91 0
21.5611 -52.5759 18.6253
0.322443 1.49293 0
-0.736364 3.6472 0
2.4369 5.2568 0
0.35159 4.52127 0
2.93589 -2.37112 12.2164
-11.2644 -14.3369 0
29.5792 10.3484 5.04755
201.108 24.3726 30.558
1.74835 2.25457 0
18.6716 -48.6774 37.4594
22.1609 -12.8806 7.90601
-1.64729 -1.47583 0
-30.5608 -60.6391 72.8961
-4.88619 -7.39758 0
-2.45835 28.6268 30.6846
-3.51375 42.7545 9.54148
-27.4208 14.7478 4.88767
-2.1205 -3.06839 0
-5.94891 24.2499 23.0117
-25.1709 -23.6333 0
-10.5532 -9.25249 0
9.27572 66.4359 20.9898
1.16897 37.876 42.8683
-36.2715 -6.17302 19.9995
-10.9768 -3.25132 26.7726
5.11806 -1.06137 0
-2.68085 -3.47641 0
-2.8076 3.32243 0
-64.9654 13.693 14.025
0.572316 -1.68645 0
-41.3018 35.6348 2.44712
-27.9956 4.60886 43.0612
-24.4699 -0.300652 0
57.4803 24.3746 45.6556
2.27444 4.38525 0
-5.20699 -0.617604 0
-47.9351 22.1075 7.21248
0.805389 1.25471 0
-25.2827 -32.1268 3.82799
11.5536 59.1342 117.411
-13.1269 -3.76136 17.1559
1.57637 -1.77379 0
-43.5135 106.068 4.22146
-2.93009 -29.1308 29.3032
3.07944 -2.87162 0
-2.48539 0.969192 0
68.4664 -28.2593 18.8431
-2.07236 -4.04589 0
2.05736 -1.61432 0
0.310297 1.37079 2.64334
-4.12357 1.39823 0
0.651423 -1.8678 0
0.67537 -1.94361 0
20.8802 13.865 58.7133
-22.2168 16.015 29.4625
60.2291 -1.76171 8.02279
-4.59595 -1.93849 0
2.60526 -110.521 0
3.47212 2.19267 0
-92.2943 -7.99515 65.7554
-31.7283 -30.7735 22.9032
-46.2672 -32.514 22.7515
29.7835 -3.76535 30.1382
-2.09341 1.56423 0
-26.6852 4.8565 43.5785
-40.0117 -3.22423 7.05134
-6.6852 2.57879 0
-2.32395 0.713422 0
-9.18275 -0.51496 0
-4.15991 -1.71679 0
-30.1879 0.799238 3.92424
7.59679 13.832 25.1373
-34.3121 -26.4386 36.0579
35.8188 -23.5399 30.7794
1.5424 1.32228 0
1.58744 1.88632 0
-8.8687 -20.9588 34.6466
1.52883 -7.73334 0
1.69793 -15.8882 1.72746
-2.10649 4.60937 0
-29.54 -4.1949 27.3982
-9.87251 2.5985 36.4432
2.0523 0.856938 0
-49.142 13.7985 125.812
12.1264 6.54076 15.1031
2.39386 -0.192949 0
37.4924 -94.3603 21.6775
-7.62188 -7.75568 0
-35.8447 1.9353 78.9637
58.969 -25.1276 13.1459
15.1817 18.9213 0
-0.171223 2.53711 0
3.03532 -1.73447 0
-5.40391 -7.73126 0
-24.6087 -39.3801 0
0.0839004 1.78759 0
0.55519 1.6992 0
-27.8955 -0.920346 44.8278
-24.4701 0.301639 0
-4.22972 13.3815 17.9281
-47.7737 -0.739805 33.45
-2.48746 -8.52639 0
3.00656 3.3929 0
9.68979 -81.8421 49.9033
16.0824 -10.6059 28.9767
-15.5686 11.1676 2.11184
-40.9934 -50.0481 8.36122
31.6712 36.1755 0
-11.9283 12.089 0
-2.10871 8.44982 0
40.6365 24.6358 0
-15.9988 -5.28204 0
-2.10455 0.0591553 0
-73.9215 41.3424 14.2224
-16.641 5.59757 8.88303
-22.1979 -10.7581 10.7834
-20.7731 12.2849 14.4963
-18.7854 21.3518 26.0253
50.0716 1.72577 0
-47.998 -54.835 13.8147
10.5701 1.3932 9.43893
-1.48904 14.9623 0
35.8037 -18.0068 1.70814
16.1291 2.64065 0
1.70356 82.5241 76.863
-2.67023 -4.44515 26.0709
2.39667 0.51327 0
-4.97384 -15.0201 0
-3.66149 1.40977 0
0.297738 -3.8636 0
0.861937 -3.31497 0
-2.28188 -19.2515 0
1.01264 -4.12283 0
-0.106839 7.33376 3.71175
2.55885 -1.33373 0
-20.82 -35.4535 33.4543
1.44472 41.736 37.5817
10.7274 3.37435 0
15.5865 32.3325 21.1026
-2.0712 11.5188 7.60533
0.284299 -1.37957 0
0.300007 -32.291 66.5291
0.611944 -39.3606 12.7512
12.793 18.5651 48.4861
12.7208 0.24883 0
-1.72922 10.3553 0
27.5292 -58.7944 58.1625
2.26886 0.576104 0
-1.86696 -0.381431 0
25.4317 -34.2519 41.7021
15.3943 9.35103 14.6424
0.300147 -0.300147 36.6022
0.3 -0.30002 65.9961
0.300196 -0.300484 37.4944
4.07071 -1.09507 6.63701
-4.05549 8.91411 5.17675
26.7611 8.88296 36.5845
6.38726 1.99474 3.91898
-15.8488 2.44136 0
35.7078 -59.388 22.1445
10.7355 3.97587 29.291
15.402 23.0903 10.6864
4.38279 -57.6181 14.1369
4.58135 35.8661 32.1581
0.301061 24.4881 0
5.29559 -0.630698 0
1.52891 2.42758 0
11.8415 22.9815 0
23.0532 -15.0081 36.6949
2.77065 -39.1918 8.64371
-10.0367 13.4011 0
10.9152 9.24155 4.41532
-30.5324 -8.68404 0
2.68909 -0.364135 0
5.22381 -26.8718 43.1117
-0.323884 -34.396 6.24309
-14.8757 -23.8872 10.1395
-29.7382 -0.582957 1.49839
-53.5013 -81.7384 93.4299
-4.18686 17.762 31.9052
20.6931 25.375 20.5149
8.9496 7.22966 2.85767
27.0642 -45.0236 52.5391
20.4997 28.374 14.0018
0.3 -1.49766e-07 36.6103
0.300025 7.19742e-06 66.0229
0.300078 -6.68071e-05 37.5175
4.32275 -3.21619 0
-1.83213 4.22259 8.39844
-4.48369 0.377165 0
5.04221 -0.538544 8.35126
7.4194 1.21115 24.4957
4.8426 7.95453 0
22.8076 34.5635 51.6884
7.17534 14.9839 7.80503
2.00666 -1.11183 0
4.94998 30.3472 35.9207
-1.83212 17.8937 34.2643
-2.59644 -0.306774 0
-0.15799 -0.139571 0
1.55507 -4.67575 0
5.72553 71.7926 5.80877
2.2248 -8.34026 0
-0.697916 1.44313 0
-0.575477 0.504168 20.4414
31.258 72.0081 8.98101
1.18885 16.7783 0
5.15564 -26.7467 43.5612
2.70491 -5.05597 29.181
-5.28102 -2.15415 0
10.6358 11.4891 0
3.5115 9.78228 0
-29.667 1.46963 52.2703
0.443029 -32.1387 6.63358
2.2447 -1.29591 0
-1.8644 -24.331 5.09827
-18.2382 -19.3052 3.16057
0.300026 0.299995 36.6022
0.300115 0.300053 65.9965
0.300051 0.300065 37.494
-7.86985 37.9881 15.2752
-101.969 -50.4329 17.0907
-34.3899 -11.5671 36.0138
-1.71498 -17.7083 0
-10.1718 -21.1613 11.925
22.6238 17.9944 40.616
8.88877 5.8915 0
-33.4816 -3.80544 108.476
30.7855 34.5791 0
0.300141 39.0828 63.4467
-0.0119155 39.3609 12.751
0.237044 -2.96295 0
-1.11004 -1.22909 0
-2.55118 -23.3857 3.69685
4.92345 -2.97112 1.85909
1.1154 31.6804 14.0153
2.48261 1.76556 0
44.4298 16.6573 45.5671
1.27342 -1.82348 0
0.304747 3.41822 0
9.06774 -2.96032 0
-29.471 -7.15347 3.30599
2.83746 4.54807 0
-2.95806 -4.6845 0
6.74244 -0.695455 107.687
1.82797 -1.53673 0
3.4044 -33.8327 38.8361
-2.68792 -10.5012 9.928
-10.9709 22.2868 17.8039
86.2567 128.083 59.0718
3.19242 -3.15049 0
-36.5719 -38.5854 33.0528
33.0138 30.1187 1.12357
1.92645 -1.97248 0
-4.91236 -4.18762 0
8.32684 -4.88693 0
3.466 -2.84834 0
-11.6423 69.77 20.1314
-2.80551 -1.87109 13.7904
-16.5811 4.87896 3.91758
104.729 -51.3748 29.7052
8.28587 -7.70311 0
12.0455 -9.17947 0
0.630154 7.11077 0
1.16945 -2.80977 0
1.81555 -3.28358 0
-7.24852 -23.0247 16.3081
4.64852 5.22998 0
-2.63047 1.56945 0
37.4611 -11.8614 0
2.22398 -1.16955 0
2.1913 0.0330651 0
-47.4008 126.558 15.506
37.7319 4.08055 31.876
31.9856 1.49902 16.0217
-12.0728 -10.2011 9.16485
-34.8704 -34.3311 14.5229
21.9029 85.4787 25.0193
-28.7802 -59.1019 95.0665
-71.7445 -2.43729 26.8656
-44.4945 -9.4206 26.9149
14.0705 23.799 14.1782
8.13805 6.19984 0
9.11823 9.3722 0
-25.9376 -68.9013 58.0433
-0.339865 -1.79517 0
21.7284 74.9674 68.134
0.183261 0.148392 0
73.2315 85.7392 117.497
-50.6063 -36.7835 26.6315
-0.369683 1.20248 0
2.61174 0.699934 0
5.79961 -67.9356 20.1622
38.162 -14.6863 127.399
1.56087 -2.23323 0
104.63 37.6245 0
0.382159 26.4329 29.639
15.9927 11.9952 56.563
1.98861 -1.46025 0
-34.2798 5.91134 8.8497
-2.96272 -2.67707 0
2.00554 0.0048405 0
-0.927748 12.9546 0
0.297204 -2.30034 0
9.60523 28.8631 44.1452
-10.8478 27.5068 59.1425
36.4154 4.2824 32.1803
20.4686 0.0878614 25.9636
-46.2779 -15.0614 10.825
2.75959 0.418042 0
17.7458 -1.52333 0
0.89262 -8.15502 0
31.3565 -6.27262 12.8326
-80.1364 75.7309 39.4437
-54.878 -28.9747 3.05784
-22.8831 -5.6534 5.76023
38.3699 64.0932 16.8925
1.26371 -1.80608 0
4.243 6.69914 0
32.1747 -55.5013 48.9219
-17.2899 -17.9882 15.8391
-23.8962 -11.7585 21.0733
11.3376 6.65657 0
6.84464 37.8027 6.90854
60.2452 -61.3382 7.76599
1.25088 -1.85909 0
4.52703 0.778045 0
69.8841 46.6246 13.1489
-153.058 126.81 170.734
7.87887 -7.26752 0
103.851 -54.5692 60.7408
1.95246 1.76877 0
-0.0614434 6.79556 0
3.60503 -3.69543 0
-56.0125 52.0416 33.0125
3.69377 -18.4894 3.77847
63.6688 45.9586 54.1029
1.56828 -15.3163 17.0018
1.52034 4.04804 0
37.9041 -1.2416 32.4119
36.8728 1.83932 4.06298
-32.7064 53.7941 32.5332
-1.93133 -3.66259 0
-19.5255 19.7824 36.9663
-47.025 -51.1448 14.7324
-26.8163 -72.6526 13.0455
4.96941 -5.87798 0
29.3746 13.6872 19.0435
-46.1009 -1.14538 0
-3.12549 -15.8645 78.3775
10.7487 8.59602 0
35.4298 59.279 7.09468
-9.876 -52.0056 4.64666
-47.364 3.61605 2.86433
18.874 -4.1782 4.03401
-3.84371 -4.04603 0
-35.4101 -13.2719 0
21.5602 9.34173 16.5929
37.085 89.2073 14.3969
2.16816 -0.545288 0
-9.07099 -3.34538 36.6918
-4.3183 3.30824 0
-6.07339 3.2126 0
3.60345 6.59818 0
11.4687 9.23849 29.7148
3.0876 2.67391 0.00816609
2.4432 9.17518 0
-11.2397 14.2444 52.484
5.04715 -3.89777 0
2.09101 -0.483343 0
-2.79037 41.954 20.7982
1.59632 -2.54488 0
3.39523 -5.69048 0
-3.83745 1.93084 0
21.9133 -52.6289 3.30254
24.2579 -46.5915 12.572
7.5261 1.39347 0
3.69839 -1.92203 0
-1.36454 -2.2301 0
1.90245 -5.06919 0
15.4598 -14.8395 8.25028
0.043054 8.26425 0
-18.95 -18.2393 0
-10.2418 -9.19908 0
9.61698 66.4578 20.9397
1.42155 38.0369 42.6016
28.2794 -48.729 6.40189
-12.0754 10.6399 25.0206
42.8733 34.1217 18.9911
5.39414 47.5192 35.2827
48.9423 38.3753 15.5767
56.973 72.1462 26.2889
2.35657 30.9087 10.4207
2.34147 0.868301 0
-27.6972 4.60816 43.0604
-24.4205 -0.300663 0
-0.177392 2.08554 0
-0.1686 1.55566 0
-2.03663 -2.23798 0
-30.0757 -28.4828 0
-51.2971 5.28652 13.8653
-22.392 -56.4769 11.0263
-2.67384 3.23058 0
-0.138098 1.90439 0
2.55418 -2.11554 0
-41.265 106.892 5.4095
-17.5357 -23.6514 30.1473
3.58541 -1.21571 0
43.2796 -29.1743 0
27.9438 -18.4951 0
-0.961573 0.573824 13.6065
-0.157535 0.417315 0
29.8155 66.0965 31.8119
0.848098 -1.77559 0
35.3709 3.5284 50.1632
2.26715 -0.852095 0
18.2949 18.1876 69.0261
-21.9148 16.0038 29.4679
-23.9132 -9.1413 0
12.8814 26.9283 4.9277
70.7695 109.561 2.02803
-3.26891 2.01023 0
-6.41381 -6.11026 0
-31.2604 -17.3154 12.9785
-38.939 -37.139 0
2.24686 0.357674 0
35.4099 54.6248 1.58579
-26.3844 4.85601 43.5779
-24.1784 0.00112212 0
-4.48733 -0.314602 0
54.2236 34.8159 23.3643
2.52239 -3.45865 0
20.6621 22.1238 12.1443
-26.1962 6.13795 2.31699
8.62218 47.3335 25.6178
-0.894553 6.64406 0
-22.7023 -1.88889 2.07386
0.240647 1.83238 0
2.84221 1.20192 0
-8.57434 -20.9451 34.6514
69.9716 45.9406 20.5451
-21.8752 -17.3975 28.81
10.7401 -5.07587 0.292605
3.30224 -0.475761 0
1.20975 1.5901 0
19.2402 -25.6849 61.3117
15.9481 -10.2391 19.1872
-13.5953 -8.11 20.7154
-17.8032 -17.5688 26.8609
10.8746 -95.4577 24.355
17.6985 -34.141 11.9892
2.60281 -1.12987 0
2.3917 -29.3601 0
85.8787 67.6904 51.965
-62.7428 -96.3307 54.9062
-0.146959 1.62169 0
2.15317 -1.07892 0
-3.11954 38.4259 27.3538
1.99054 0.402892 0
-51.0307 34.7742 52.452
-27.5981 -0.919549 44.8271
-24.42 0.302157 0
5.92901 35.0906 49.8128
-49.7286 -0.340587 31.5292
-1.46898 -18.4075 0
0.26805 -3.98073 0
1.08428 1.57823 0
-9.19846 -17.3404 18.8996
-12.4392 -6.66489 0
-20.6891 -2.90667 26.1683
0.709685 1.43448 0
-11.0384 11.4348 0
0.185513 13.6658 0
38.7504 23.2376 0
-9.58853 3.31398 21.2062
0.589619 17.2628 0
-0.128469 -2.15411 0
-0.148645 -0.428073 0
1.93773 10.8901 0
-1.20597 1.50866 0
-22.8345 -13.3788 28.324
0.134352 -1.45057 0
-49.5089 -54.5116 11.3109
-26.0623 -18.1438 24.9193
-9.92383 -38.6119 57.3456
43.4166 27.7615 16.7154
37.7383 -7.62538 48.2931
4.81106 113.135 33.2323
64.6502 9.94986 19.9864
2.6436 1.75594 0
0.381717 27.9873 19.3421
15.9597 46.9477 82.7642
0.600784 -3.85387 0
6.14966 -1.32296 0
-1.99465 -19.2381 0
3.2878 -12.9621 0
-1.97966 6.32925 3.00894
3.39331 -4.88001 0
-0.459216 0.185513 0
4.89596 7.07631 0
17.1485 50.0586 48.2568
-0.302615 37.795 0.838841
10.6825 53.9499 57.9888
-0.539012 -2.16232 0
0.600029 -32.3055 66.5204
0.914997 -39.357 12.763
-1.67698 2.2231 0
0.0151363 -3.36851 0
-0.264279 3.52689 0
-11.4203 -71.4186 55.305
0.728812 15.6179 0.295589
-1.07535 -13.4745 110.023
-27.5476 -28.6972 85.3242
-10.0685 -4.62201 2.98834
0.600271 -0.300155 36.6012
0.600005 -0.30002 65.995
0.600233 -0.300197 37.4928
-6.0375 -2.92641 9.88652
10.9908 -10.358 1.21678
-5.13696 12.9549 5.01944
4.68272 3.18105 5.20962
7.50726 5.69447 0
-3.26099 1.8925 0
-2.75771 39.8275 40.5516
41.0894 -16.4099 86.0785
4.34359 -57.9557 13.6719
4.87975 35.8842 32.1463
-1.20443 41.9382 10.1126
-11.6488 0.18418 1.98382
1.23 2.32358 0.999266
2.44445 6.9515 0
-12.1865 -16.3853 2.48068
-1.03645 49.5668 4.80547
20.8348 6.89098 42.3165
9.77969 19.1726 23.179
-19.825 -4.07222 64.6575
3.06412 -1.88901 0
5.52347 -26.8953 43.1047
-0.0229678 -34.4035 6.22894
-0.249794 1.46504 0
2.35609 -0.875101 0
23.7448 1.05355 62.427
-5.25049 4.52724 0
-9.38124 -19.8611 5.81177
144.608 -19.0023 72.7376
16.7041 -0.400705 0
0.278254 -3.01065 0
0.6 -8.54485e-08 36.6091
0.600004 1.0036e-09 66.0216
0.600028 -7.30176e-07 37.5161
9.62265 -10.4866 8.15414
9.15648 -5.25365 5.27078
6.55144 -2.48806 13.2686
2.54456 1.51991 14.2309
8.87046 8.15559 17.403
-13.9545 -17.4424 10.0392
-4.0705 -38.8924 1.98135
-22.4541 4.0798 48.7834
-0.218983 2.56307 0
5.24974 30.3698 35.9104
-1.53088 17.8869 34.2654
-4.29107 3.98192 12.0103
6.87952 19.2422 3.66736
0.431149 25.0098 0
2.09536 1.8097 0
62.0512 -26.7638 12.3745
0.403592 4.6467 0
-1.94915 -20.3389 0
73.1793 -42.1409 40.836
26.9201 36.0424 35.2046
5.45357 -26.7687 43.5519
3.24992 -4.7673 28.9841
0.520018 -8.38832 0
-0.0164016 3.40606 0
14.7034 35.4485 20.6064
-4.38897 -0.885221 10.1492
-5.52334 -25.0882 22.2517
-0.921385 4.6401 22.0897
-5.17368 -14.1268 8.01638
-19.6256 19.6329 10.7799
0.600093 0.299996 36.6012
0.600047 0.300012 65.9953
0.600245 0.300055 37.4928
2.65046 5.23374 0
-0.683773 -2.14499 0
2.63869 -0.223274 0
-12.3781 -11.5788 15.5462
24.3373 0.950502 29.1766
44.7229 -63.4104 36.7257
-1.66197 -39.2009 29.9948
4.75025 0.707356 0
-8.41001 28.3909 23.3254
0.600026 39.0958 63.4363
0.288026 39.3596 12.7538
0.53973 -2.94375 0
-1.6165 -1.53592 0
-26.4477 -14.9388 0
2.64706 -35.588 0
-2.34048 1.43984 0
13.1829 0.15172 14.188
-320.218 -135.673 161.841
-41.8937 -16.5413 36.3221
0.606631 3.4166 0
-2.08106 6.03919 0
1.52969 6.20126 0
8.38679 4.9432 0
-2.49079 -4.17751 0
-37.328 -6.10353 6.61205
11.5572 5.26121 0
-13.8796 -36.3955 49.8508
-39.204 -16.2122 5.30337
14.0737 -11.2821 0
2.07959 -1.20187 0
2.36465 0.145456 0
-49.3312 -41.492 13.3341
-2.49668 31.7515 30.0974
1.37415 -2.18096 0
4.2261 -7.8401 0
11.6868 -10.5824 0
0.555468 23.2876 151.481
-10.34 -24.8842 36.2021
-0.589369 31.1377 25.8059
3.32798 -7.17131 0
2.33191 -0.477695 0
7.97409 -7.5876 0
12.3764 -9.24621 0
-2.86028 10.405 0
-4.90078 -6.08294 0
2.42772 -43.4644 3.38856
18.5354 -0.99866 0
1.43026 -3.33324 0
48.858 -14.5666 40.0205
64.3503 -1.43201 25.961
3.071 1.12735 0
8.28856 5.7758 16.13
9.61427 -40.6907 27.714
-43.2698 28.8109 34.2844
41.6943 -0.791447 11.2135
-18.0154 12.7087 20.1999
-33.218 2.55011 0
-57.8555 59.4726 50.5884
9.39502 -2.17382 0
72.6094 19.3457 49.0834
-5.28337 9.98188 0
60.9071 -11.875 0
7.11443 -4.58488 8.10074
12.3934 12.6793 0
35.5921 113.202 11.3058
25.5518 -104.36 9.62327
-32.5942 16.3541 67.7888
-0.0848816 1.79298 0
-41.9121 -9.34363 0
-25.8486 26.6085 6.01422
1.86302 1.35682 0
2.196 -2.07679 0
0.0126551 3.34134 0
-2.13798 0.168877 0
2.18384 -0.471221 0
7.3942 -3.50048 0
-62.3458 48.9587 61.1343
-8.67394 3.16214 0
2.56416 -0.31819 0
-10.946 1.20071 9.09484
-6.47158 21.5423 3.8207
1.88983 -1.94693 0
-3.61041 3.90357 0
-43.5699 12.6517 27.4448
2.53812 -2.13987 0
-0.825164 3.48856 0
-25.1467 26.2746 45.4782
35.6005 0.331394 16.5848
2.81959 -40.3541 30.1518
5.96161 -51.2495 8.74717
2.01669 0.256908 0
1.41242 -5.0646 0
3.16323 -1.29151 0
24.9779 1.80299 41.6996
36.6166 32.2994 36.4759
-83.2323 64.3675 48.1734
29.6 15.3183 0
59.4736 59.5422 68.3009
-77.9552 -15.2829 61.1534
-44.4345 34.7804 41.4487
-0.817543 -2.86493 0
-14.9064 -17.2778 38.2972
-64.3829 13.5811 12.9754
35.8415 64.3996 1.85975
23.0209 3.79349 0
4.24795 27.6027 0
-56.6028 -42.0467 18.0004
4.59442 -0.322687 0
-66.1552 54.4706 70.5804
-38.1058 28.4661 27.6012
189.974 -51.67 83.1974
1.24566 1.57882 0
-19.3844 -2.02322 0
9.1656 -90.209 51.6517
0.291948 -53.0571 52.7819
3.01218 -40.726 8.42324
-1.42849 -1.48989 0
2.86579 5.67618 0
2.4396 -0.425562 0
-45.7699 -1.93059 43.7308
41.5249 1.65945 7.3165
45.5931 54.1928 195.6
3.75157 2.32785 0
1.32248 6.25706 0
0.673123 -1.20646 0
3.19794 -1.39414 0
0.522501 -17.1726 41.5333
-0.733379 -18.6615 32.4581
-1.30301 65.9918 47.0116
1.4644 1.52088 0
11.0821 8.65 0
10.1858 2.73594 0
-28.7127 -15.9068 29.5136
1.12002 -5.73188 0
25.6909 28.9979 28.3115
51.2081 15.6459 20.2708
2.21137 6.40197 0
-12.2286 34.0758 100.11
-3.88833 0.90995 11.4254
5.61539 -9.28326 0
-0.771444 -0.457677 0
-4.58813 4.23829 0
-24.9183 22.7996 40.0302
2.25456 0.0175604 0
-0.497876 1.35213 0
-6.99608 15.7771 8.39204
3.00603 2.15691 0
-25.184 -29.7461 2.57186
14.4238 53.2407 33.8114
-5.57329 -7.21554 12.2211
42.4318 43.6941 41.4788
2.28974 -0.697412 0
6.84169 -9.68372 0
-2.6961 -9.36293 0
2.10722 0.255396 0
1.87893 -1.94306 0
27.0935 27.8413 0
2.29419 0.908558 0
6.50552 -15.4553 0
2.14025 -0.41388 0
-24.5297 -23.7866 20.2526
-25.9447 21.0046 2.24891
-1.16693 -1.74843 0
-4.2456 20.5708 59.4103
-16.9768 54.6184 31.5076
-7.97229 21.0228 20.934
32.8768 -36.6055 0
-3.11686 18.9079 0
117.308 -66.7904 49.3083
2.1214 -0.323745 0
41.3697 26.6788 10.4171
-4.1591 -56.9388 32.8896
-13.6337 22.0691 52.7973
57.5912 -0.422762 6.97939
-28.8025 4.53039 42.8386
-24.1082 -0.300555 0
-19.235 -31.7614 11.6342
-21.6216 2.71634 0
-0.138714 1.46879 0
7.71535 3.514 0
-30.8054 0.362015 6.42351
-49.5193 2.97799 29.4376
5.20162 11.3076 4.84895
50.1623 81.21 45.3777
0.677296 1.95072 0
277.631 -165.689 41.9658
-0.4646 -1.56567 0
-0.591607 -3.62413 0
2.30896 -3.81121 0
8.87064 2.49487 0
-16.6315 -23.7269 3.80233
-124.086 86.8669 159.068
2.02148 0.0339261 0
2.11607 -0.916237 0
-0.354546 1.28163 0
-15.2743 11.0682 52.6729
-48.3131 66.5189 104.962
-20.5885 23.8033 25.724
-0.572582 1.44436 0
60.1825 -30.9522 3.12961
1.17197 -2.42673 0
40.2739 110.584 2.89759
3.08802 4.59644 0
0.187406 -1.82511 0
17.6381 19.3628 17.9153
2.57302 5.96544 57.3285
51.8649 1.6969 0
-27.4571 4.77853 43.3634
-24.1165 0.000906573 0
-8.44237 -0.237996 0
-31.8207 8.81887 3.52055
3.3638 20.488 0
17.2186 19.5682 0
12.033 0.395527 0
4.48737 1.34832 0
-25.0804 -17.0928 0
-18.7894 -27.186 41.9999
-4.37723 7.52175 33.828
16.0786 -85.3732 51.0781
-7.22841 -29.6431 29.8944
-4.36662 4.03374 0
-9.84572 -13.12 21.5328
-12.8544 -28.8877 22.4484
2.30568 3.92936 0
81.6816 13.9487 4.72944
50.8546 10.2937 2.36727
-32.5674 -26.2896 51.3285
-152.517 -7.6021 95.5777
1.38637 -1.57313 0
-19.1619 -19.7951 70.0093
16.981 -6.95473 19.8511
27.825 71.8005 57.841
40.7678 -24.9545 5.60557
1.83387 5.04441 0
6.92268 -3.43053 7.4749
12.2279 1.42356 0
7.20383 -1.72151 0
16.029 -71.6742 14.4915
-1.1987 -2.07651 0
21.7263 1.8069 0
-28.769 -0.909848 44.583
-24.1071 0.301943 0
-12.9189 -30.2706 11.2077
-52.6046 8.46811 9.98373
-45.1565 -63.0232 20.1104
-26.5007 -18.4838 26.4625
-3.71532 5.4433 43.7678
15.0811 -3.26354 0
-24.7751 -10.8879 3.87727
60.8514 60.925 76.279
0.396101 1.82811 0
-0.737516 0.471989 0
-70.6858 26.6927 34.713
9.81619 18.8509 0
2.71016 12.3692 0
2.87454 1.90398 0
-8.15182 -0.767195 0
2.34689 0.224988 0
16.7408 5.9436 0
-29.8642 4.99114 12.0343
-6.02169 -14.7237 2.14862
-91.5379 53.1655 23.5231
-51.8125 -53.5981 7.36101
-2.90743 -3.21253 0
2.5352 0.0423092 0
0.822503 31.825 0
16.8039 46.7487 7.09139
-12.8885 34.059 75.2907
1.9588 0.594173 0
12.2991 17.6557 0
1.02918 1.69405 0
-37.2079 -4.45806 22.1617
0.904078 -3.43088 0
2.08481 -0.292322 0
-1.86531 -19.5397 0
-0.226184 -1.65903 0
-50.292 -19.025 49.4004
0.413597 -1.87211 0
2.3939 -15.3937 17.1758
7.49346 4.51395 0
0.653854 -2.80126 0
0.74374 -4.37357 11.5796
5.13992 28.5493 0
0.515152 -1.90577 0
0.900265 -38.9048 62.093
0.900429 -39.3101 11.854
2.78681 1.06479 0
0.857501 -2.80477 0
5.29514 -4.72708 0
-15.0642 -14.1342 0
4.5895 -3.42155 0
-3.11533 -28.5479 12.4728
2.00999 -2.46282 0
2.85666 -0.674994 0
0.900062 -0.300036 36.6
0.900055 -0.300029 65.8523
0.900155 -0.300061 37.3679
-23.2252 -2.97749 11.2352
-7.23033 -1.3321 0
-24.8216 11.3489 38.5612
27.3632 3.37631 0
-4.48313 10.6645 0
3.87515 1.11847 0
-3.55714 13.2645 22.7769
-0.193951 5.92577 0
-0.537372 5.36637 0
-0.533492 42.4824 30.2286
0.901304 24.6825 0
10.6 13.3781 0
64.7767 2.18477 14.0369
-7.96617 -6.6072 21.2405
-4.90624 7.30511 5.57112
-3.72787 0.761472 0
-18.4793 35.4423 19.0947
-3.0617 -11.308 6.81788
-4.56187 -41.7726 0
2.55585 1.61378 0
-0.190932 -34.0581 43.1306
0.357351 -32.9744 8.40728
-10.9173 6.67715 4.20333
-1.64042 -49.4001 29.1199
-9.1881 20.4419 7.68176
3.42605 -5.99668 0
-13.8891 8.25405 15.8497
6.07675 -5.09555 0
1.16079 -2.11812 0
1.99088 -1.81675 0
0.900032 -3.15199e-07 36.6019
0.900051 -2.27941e-09 65.8837
0.900212 -5.06442e-07 37.3953
4.12142 -11.1442 25.0985
-1.21166 -1.70947 0
-12.8329 -6.58056 12.7327
-63.3471 16.748 50.8976
-16.9137 -3.01533 51.8292
57.4882 -43.7844 29.5351
12.4197 -10.5343 45.9886
3.62839 -3.1415 21.2151
2.4373 -2.0571 0
-1.16994 22.5584 43.0127
-1.16856 18.1882 33.4826
-0.333398 1.25397 0
-24.8355 2.17616 29.3645
-1.61103 -13.4075 0
-22.9236 23.7568 0
-20.9379 40.7044 28.0499
0.383408 -2.43342 0
2.72941 17.6013 0
1.62202 1.32215 0
2.60332 15.2438 0
-0.200253 -33.9271 43.6596
1.25993 -5.65401 29.4269
-20.7749 -16.4359 12.3524
3.15046 2.25449 0
-41.2414 13.6652 10.7355
4.56072 0.207902 0
0.660656 -2.46529 0
-1.88255 -1.43225 0
7.35706 -55.7697 11.1075
0.923018 1.99492 0
0.900305 0.299997 36.6004
0.900097 0.30002 65.8526
0.900499 0.300058 37.3684
-2.43827 5.49971 19.5608
0.70373 -4.95918 0
-15.7156 -14.5489 26.5296
1.37505 1.53486 0
-14.7682 9.03603 11.812
-3.67926 5.28979 0
-2.5896 -19.6163 25.8124
2.11104 1.01955 0
-0.724467 1.82894 0
0.900265 45.0711 58.3979
0.580581 39.0191 13.3158
-3.15867 -4.60359 0
-7.21405 -16.6811 4.29796
-5.90187 -0.638537 0
-3.42053 -3.99255 0
18.4074 12.605 0
-8.32602 -38.1313 17.8055
-21.1084 12.6753 21.5001
0.604719 1.54431 0
0.909739 3.41765 0
17.2184 72.7243 59.0529
0.594585 7.448 0
-30.2819 57.1052 4.30904
-32.8617 2.12132 42.311
1.30638 1.33868 0
-2.38785 0.613695 0
80.7305 -20.6302 4.9743
6.44659 -67.3285 28.3076
-1.08714 -0.790528 21.5461
2.99453 -0.075046 0
0.833907 1.70773 0
-84.0495 19.0886 15.5334
34.5052 31.3081 15.042
1.9943 -3.15327 0
-15.7055 8.16125 22.9316
2.0752 -1.39819 0
7.23469 -62.4146 8.48821
-2.87844 -10.7547 0
0.497198 -2.44761 0
0.308598 -2.29929 0
0.446798 -1.79409 0
2.45067 -0.632678 0
51.7267 -44.4296 81.8538
0.167867 1.83397 0
0.551753 6.51382 0
7.46455 -8.16097 0
34.3737 -41.8679 27.7208
-6.50502 -12.0715 64.6979
8.94118 -21.7479 15.6198
61.1688 27.9927 12.2948
0.931822 2.19408 0
-21.5264 -47.4395 8.8121
45.1514 9.34181 14.4188
45.6939 -0.300015 58.3808
40.1669 -0.299627 14.5005
-8.82391 0.826182 0
-0.528562 -0.488704 28.9122
47.4025 22.3294 23.7317
49.7997 29.0262 0
-5.72712 -11.2761 34.1655
10.1152 3.17713 11.387
0.144601 1.46215 0
-28.5064 21.2771 8.22261
2.27305 0.758585 0
1.90582 2.79132 0
-50.6614 63.5105 12.5617
-47.9682 36.904 12.5947
33.8626 -6.27186 0
-41.146 -4.33365 8.64777
-35.5208 21.0742 24.4844
15.1151 -73.9511 11.6277
-13.3119 -12.752 23.4803
3.22882 -0.117185 0
-25.2798 -17.0714 0
19.9505 -34.7271 30.138
14.778 -15.237 0
-68.3968 108.171 35.0442
-6.47899 29.5413 0
-10.0911 3.25769 0
5.5601 -1.76479 0
51.6126 -49.3307 13.5176
-22.8188 10.1035 9.80827
-4.77688 13.3297 0
0.81969 2.5421 0
4.0299 4.12876 0
-0.598341 -2.51107 0
45.6576 2.90189e-06 58.4149
40.1758 0.002977 14.4751
-4.47713 -0.185909 0
-1.42152 -1.55362 0
2.56506 -3.18571 0
-12.3896 -1.98202 26.1158
48.5057 -19.3893 64.325
-16.5898 -14.021 12.7674
1.74585 3.23193 0
-33.0562 41.5313 54.1623
-25.421 -3.39725 26.6065
11.2235 13.6071 0
-36.9035 73.2088 0.733433
-49.9372 -33.5017 6.01238
10.5422 6.2585 0
2.22116 -0.530912 0
-35.3682 -18.0043 15.8894
-17.8697 -14.5524 37.8175
2.65913 35.5694 1.5945
-58.5054 9.5771 75.8143
-36.3399 12.7595 31.0088
1.82097 0.840583 0
1.23398 -2.24998 0
-1.24841 -1.62743 0
-42.6144 8.9674 16.8513
-14.1339 0.69275 0
2.05992 0.437552 0
-3.35924 -15.5044 0
-26.5679 -53.3215 14.58
29.909 39.1251 0
-12.7092 -21.928 5.96388
54.1838 38.1237 17.9048
-0.419918 -1.43558 0
45.6939 0.300017 58.3808
40.1753 0.30561 14.468
-8.83517 -1.34624 0
7.60086 -45.337 25.7067
30.0786 -48.8541 2.64802
-2.72498 5.44346 0
-0.900596 -1.87853 0
-0.693496 2.12185 0
-2.80614 6.86533 0
-5.80844 5.61733 0
1.53133 1.44654 0
-5.14249 10.4541 0
2.43479 1.81145 0
40.0407 45.5557 23.4699
15.3571 14.0748 0
10.3118 -0.789286 0
6.23495 -0.364068 0
13.4875 10.7818 48.0684
2.68679 25.1136 12.6313
78.7072 10.414 12.5726
-8.16278 5.66613 10.1689
2.52119 -0.1882 0
-1.08782 1.46378 0
35.3126 -30.4358 15.2099
-14.2995 -34.688 23.0051
1.36292 7.54718 0
-5.46988 -12.8905 5.39723
2.57555 0.527467 0
-3.87705 -5.77427 0
17.678 -1.48495 0
1.28412 1.36031 0
1.32405 -2.49692 0
VERTICES 2541 5082
1 0
1 1
1 2
1 3
1 4
1 5
1 6
1 7
1 8
1 9
1 10
1 11
1 12
1 13
1 14
1 15
1 16
1 17
1 18
1 19
1 20
1 21
1 22
1 23
1 24
1 25
1 26
1 27
1 28
1 29
1 30
1 31
1 32
1 33
1 34
1 35
1 36
1 37
1 38
1 39
1 40
1 41
1 42
1 43
1 44
1 45
1 46
1 47
1 48
1 49
1 50
1 51
1 52
1 53
1 54
1 55
1 56
1 57
1 58
1 59
1 60
1 61
1 62
1 63
1 64
1 65
1 66
1 67
1 68
1 69
1 70
1 71
1 72
1 73
1 74
1 75
1 76
1 77
1 78
1 79
1 80
1 81
1 82
1 83
1 84
1 85
1 86
1 87
1 88
1 89
1 90
1 91
1 92
1 93
1 94
1 95
1 96
1 97
1 98
1 99
1 100
1 101
1 102
1 103
1 104
1 105
1 106
1 107
1 108
1 109
1 110
1 111
1 112
1 113
1 114
1 115
1 116
1 117
1 118
1 119
1 120
1 121
1 122
1 123
1 124
1 125
1 126
1 127
1 128
1 129
1 130
1 131
1 132
1 133
1 134
1 135
1 136
1 137
1 138
1 139
1 140
1 141
1 142
1 143
1 144
1 145
1 146
1 147
1 148
1 149
1 150
1 151
1 152
1 153
1 154
1 155
1 156
1 157
1 158
1 159
1 160
1 161
1 162
1 163
1 164
1 165
1 166
1 167
1 168
1 169
1 170
1 171
1 172
1 173
1 174
1 175
1 176
1 177
1 178
1 179
1 180
1 181
1 182
1 183
1 184
1 185
1 186
1 187
1 188
1 189
1 190
1 191
1 192
1 193
1 194
1 195
1 196
1 197
1 198
1 199
1 200
1 201
1 202
1 203
1 204
1 205
1 206
1 207
1 208
1 209
1 210
1 211
1 212
1 213
1 214
1 215
1 216
1 217
1 218
1 219
1 220
1 221
1 222
1 223
1 224
1 225
1 226
1 227
1 228
1 229
1 230
1 231
1 232
1 233
1 234
1 235
1 236
1 237
1 238
1 239
1 240
1 241
1 242
1 243
1 244
1 245
1 246
1 247
1 248
1 249
1 250
1 251
1 252
1 253
1 254
1 255
1 256
1 257
1 258
1 259
1 260
1 261
1 262
1 263
1 264
1 265
1 266
1 267
1 268
1 269
1 270
1 271
1 272
1 273
1 274
1 275
1 276
1 277
1 278
1 279
1 280
1 281
1 282
1 283
1 284
1 285
1 286
1 287
1 288
1 289
1 290
1 291
1 292
1 293
1 294
1 295
1 296
1 297
1 298
1 299
1 300
1 301
1 302
1 303
1 304
1 305
1 306
1 307
1 308
1 309
1 310
1 311
1 312
1 313
1 314
1 315
1 316
1 317
1 318
1 319
1 320
1 321
1 322
1 323
1 324
1 325
1 326
1 327
1 328
1 329
1 330
1 331
1 332
1 333
1 334
1 335
1 336
1 337
1 338
1 339
1 340
1 341
1 342
1 343
1 344
1 345
1 346
1 347
1 348
1 349
1 350
1 351
1 352
1 353
1 354
1 355
1 356
1 357
1 358
1 359
1 360
1 361
1 362
1 363
1 364
1 365
1 366
1 367
1 368
1 369
1 370
1 371
1 372
1 373
1 374
1 375
1 376
1 377
1 378
1 379
1 380
1 381
1 382
1 383
1 384
1 385
1 386
1 387
1 388
1 389
1 390
1 391
1 392
1 393
1 394
1 395
1 396
1 397
1 398
1 399
1 400
1 401
1 402
1 403
1 404
1 405
1 406
1 407
1 408
1 409
1 410
1 411
1 412
1 413
1 414
1 415
1 416
1 417
1 418
1 419
1 420
1 421
1 422
1 423
1 424
1 425
1 426
1 427
1 428
1 429
1 430
1 431
1 432
1 433
1 434
1 435
1 436
1 437
1 438
1 439
1 440
1 441
1 442
1 443
1 444
1 445
1 446
1 447
1 448
1 449
1 450
1 451
1 452
1 453
1 454
1 455
1 456
1 457
1 458
1 459
1 460
1 461
1 462
1 463
1 464
1 465
1 466
1 467
1 468
1 469
1 470
1 471
1 472
1 473
1 474
1 475
1 476
1 477
1 478
1 479
1 480
1 481
1 482
1 483
1 484
1 485
1 486
1 487
1 488
1 489
1 490
1 491
1 492
1 493
1 494
1 495
1 496
1 497
1 498
1 499
1 500
1 501
1 502
1 503
1 504
1 505
1 506
1 507
1 508
1 509
1 510
1 511
1 512
1 513
1 514
1 515
1 516
1 517
1 518
1 519
1 520
1 521
1 522
1 523
1 524
1 525
1 526
1 527
1 528
1 529
1 530
1 531
1 532
1 533
1 534
1 535
1 536
1 537
1 538
1 539
1 540
1 541
1 542
1 543
1 544
1 545
1 546
1 547
1 548
1 549
1 550
1 551
1 552
1 553
1 554
1 555
1 556
1 557
1 558
1 559
1 560
1 561
1 562
1 563
1 564
1 565
1 566
1 567
1 568
1 569
1 570
1 571
1 572
1 573
1 574
1 575
1 576
1 577
1 578
1 579
1 580
1 581
1 582
1 583
1 584
1 585
1 586
1 587
1 588
1 589
1 590
1 591
1 592
1 593
1 594
1 595
1 596
1 597
1 598
1 599
1 600
1 601
1 602
1 603
1 604
1 605
1 606
1 607
1 608
1 609
1 610
1 611
1 612
1 613
1 614
1 615
1 616
1 617
1 618
1 619
1 620
1 621
1 622
1 623
1 624
1 625
1 626
1 627
1 628
1 629
1 630
1 631
1 632
1 633
1 634
1 635
1 636
1 637
1 638
1 639
1 640
1 641
1 642
1 643
1 644
1 645
1 646
1 647
1 648
1 649
1 650
1 651
1 652
1 653
1 654
1 655
1 656
1 657
1 658
1 659
1 660
1 661
1 662
1 663
1 664
1 665
1 666
1 667
1 668
1 669
1 670
1 671
1 672
1 673
1 674
1 675
1 676
1 677
1 678
1 679
1 680
1 681
1 682
1 683
1 684
1 685
1 686
1 687
1 688
1 689
1 690
1 691
1 692
1 693
1 694
1 695
1 696
1 697
1 698
1 699
1 700
1 701
1 702
1 703
1 704
1 705
1 706
1 707
1 708
1 709
1 710
1 711
1 712
1 713
1 714
1 715
1 716
1 717
1 718
1 719
1 720
1 721
1 722
1 723
1 724
1 725
1 726
1 727
1 728
1 729
1 730
1 731
1 732
1 733
1 734
1 735
1 736
1 737
1 738
1 739
1 740
1 741
1 742
1 743
1 744
1 745
1 746
1 747
1 748
1 749
1 750
1 751
1 752
1 753
1 754
1 755
1 756
1 757
1 758
1 759
1 760
1 761
1 762
1 763
1 764
1 765
1 766
1 767
1 768
1 769
1 770
1 771
1 772
1 773
1 774
1 775
1 776
1 777
1 778
1 779
1 780
1 781
1 782
1 783
1 784
1 785
1 786
1 787
1 788
1 789
1 790
1 791
1 792
1 793
1 794
1 795
1 796
1 797
1 798
1 799
1 800
1 801
1 802
1 803
1 804
1 805
1 806
1 807
1 808
1 809
1 810
1 811
1 812
1 813
1 814
1 815
1 816
1 817
1 818
1 819
1 820
1 821
1 822
1 823
1 824
1 825
1 826
1 827
1 828
1 829
1 830
1 831
1 832
1 833
1 834
1 835
1 836
1 837
1 838
1 839
1 840
1 841
1 842
1 843
1 844
1 845
1 846
1 847
1 848
1 849
1 850
1 851
1 852
1 853
1 854
1 855
1 856
1 857
1 858
1 859
1 860
1 861
1 862
1 863
1 864
1 865
1 866
1 867
1 868
1 869
1 870
1 871
1 872
1 873
1 874
1 875
1 876
1 877
1 878
1 879
1 880
1 881
1 882
1 883
1 884
1 885
1 886
1 887
1 888
1 889
1 890
1 891
1 892
1 893
1 894
1 895
1 896
1 897
1 898
1 899
1 900
1 901
1 902
1 903
1 904
1 905
1 906
1 907
1 908
1 909
1 910
1 911
1 912
1 913
1 914
1 915
1 916
1 917
1 918
1 919
1 920
1 921
1 922
1 923
1 924
1 925
1 926
1 927
1 928
1 929
1 930
1 931
1 932
1 933
1 934
1 935
1 936
1 937
1 938
1 939
1 940
1 941
1 942
1 943
1 944
1 945
1 946
1 947
1 948
1 949
1 950
1 951
1 952
1 953
1 954
1 955
1 956
1 957
1 958
1 959
1 960
1 961
1 962
1 963
1 964
1 965
1 966
1 967
1 968
1 969
1 970
1 971
1 972
1 973
1 974
1 975
1 976
1 977
1 978
1 979
1 980
1 981
1 982
1 983
1 984
1 985
1 986
1 987
1 988
1 989
1 990
1 991
1 992
1 993
1 994
1 995
1 996
1 997
1 998
1 999
1 1000
1 1001
1 1002
1 1003
1 1004
1 1005
1 1006
1 1007
1 1008
1 1009
1 1010
1 1011
1 1012
1 1013
1 1014
1 1015
1 1016
1 1017
1 1018
1 1019
1 1020
1 1021
1 1022
1 1023
1 1024
1 1025
1 1026
1 1027
1 1028
1 1029
1 1030
1 1031
1 1032
1 1033
1 1034
1 1035
1 1036
1 1037
1 1038
1 1039
1 1040
1 1041
1 1042
1 1043
1 1044
1 1045
1 1046
1 1047
1 1048
1 1049
1 1050
1 1051
1 1052
1 1053
1 1054
1 1055
1 1056
1 1057
1 1058
1 1059
1 1060
1 1061
1 1062
1 1063
1 1064
1 1065
1 1066
1 1067
1 1068
1 1069
1 1070
1 1071
1 1072
1 1073
1 1074
1 1075
1 1076
1 1077
1 1078
1 1079
1 1080
1 1081
1 1082
1 1083
1 1084
1 1085
1 1086
1 1087
1 1088
1 1089
1 1090
1 1091
1 1092
1 1093
1 1094
1 1095
1 1096
1 1097
1 1098
1 1099
1 1100
1 1101
1 1102
1 1103
1 1104
1 1105
1 1106
1 1107
1 1108
1 1109
1 1110
1 1111
1 1112
1 1113
1 1114
1 1115
1 1116
1 1117
1 1118
1 1119
1 1120
1 1121
1 1122
1 1123
1 1124
1 1125
1 1126
1 1127
1 1128
1 1129
1 1130
1 1131
1 1132
1 1133
1 1134
1 1135
1 1136
1 1137
1 1138
1 1139
1 1140
1 1141
1 1142
1 1143
1 1144
1 1145
1 1146
1 1147
1 1148
1 1149
1 1150
1 1151
1 1152
1 1153
1 1154
1 1155
1 1156
1 1157
1 1158
1 1159
1 1160
1 1161
1 1162
1 1163
1 1164
1 1165
1 1166
1 1167
1 1168
1 1169
1 1170
1 1171
1 1172
1 1173
1 1174
1 1175
1 1176
1 1177
1 1178
1 1179
1 1180
1 1181
1 1182
1 1183
1 1184
1 1185
1 1186
1 1187
1 1188
1 1189
1 1190
1 1191
1 1192
1 1193
1 1194
1 1195
1 1196
1 1197
1 1198
1 1199
1 1200
1 1201
1 1202
1 1203
1 1204
1 1205
1 1206
1 1207
1 1208
1 1209
1 1210
1 1211
1 1212
1 1213
1 1214
1 1215
1 1216
1 1217
1 1218
1 1219
1 1220
1 1221
1 1222
1 1223
1 1224
1 1225
1 1226
1 1227
1 1228
1 1229
1 1230
1 1231
1 1232
1 1233
1 1234
1 1235
1 1236
1 1237
1 1238
1 1239
1 1240
1 1241
1 1242
1 1243
1 1244
1 1245
1 1246
1 1247
1 1248
1 1249
1 1250
1 1251
1 1252
1 1253
1 1254
1 1255
1 1256
1 1257
1 1258
1 1259
1 1260
1 1261
1 1262
1 1263
1 1264
1 1265
1 1266
1 1267
1 1268
1 1269
1 1270
1 1271
1 1272
1 1273
1 1274
1 1275
1 1276
1 1277
1 1278
1 1279
1 1280
1 1281
1 1282
1 1283
1 1284
1 1285
1 1286
1 1287
1 1288
1 1289
1 1290
1 1291
1 1292
1 1293
1 1294
1 1295
1 1296
1 1297
1 1298
1 1299
1 1300
1 1301
1 1302
1 1303
1 1304
1 1305
1 1306
1 1307
1 1308
1 1309
1 1310
1 1311
1 1312
1 1313
1 1314
1 1315
1 1316
1 1317
1 1318
1 1319
1 1320
1 1321
1 1322
1 1323
1 1324
1 1325
1 1326
1 1327
1 1328
1 1329
1 1330
1 1331
1 1332
1 1333
1 1334
1 1335
1 1336
1 1337
1 1338
1 1339
1 1340
1 1341
1 1342
1 1343
1 1344
1 1345
1 1346
1 1347
1 1348
1 1349
1 1350
1 1351
1 1352
1 1353
1 1354
1 1355
1 1356
1 1357
1 1358
1 1359
1 1360
1 1361
1 1362
1 1363
1 1364
1 1365
1 1366
1 1367
1 1368
1 1369
1 1370
1 1371
1 1372
1 1373
1 1374
1 1375
1 1376
1 1377
1 1378
1 1379
1 1380
1 1381
1 1382
1 1383
1 1384
1 1385
1 1386
1 1387
1 1388
1 1389
1 1390
1 1391
1 1392
1 1393
1 1394
1 1395
1 1396
1 1397
1 1398
1 1399
1 1400
1 1401
1 1402
1 1403
1 1404
1 1405
1 1406
1 1407
1 1408
1 1409
1 1410
1 1411
1 1412
1 1413
1 1414
1 1415
1 1416
1 1417
1 1418
1 1419
1 1420
1 1421
1 1422
1 1423
1 1424
1 1425
1 1426
1 1427
1 1428
1 1429
1 1430
1 1431
1 1432
1 1433
1 1434
1 1435
1 1436
1 1437
1 1438
1 1439
1 1440
1 1441
1 1442
1 1443
1 1444
1 1445
1 1446
1 1447
1 1448
1 1449
1 1450
1 1451
1 1452
1 1453
1 1454
1 1455
1 1456
1 1457
1 1458
1 1459
1 1460
1 1461
1 1462
1 1463
1 1464
1 1465
1 1466
1 1467
1 1468
1 1469
1 1470
1 1471
1 1472
1 1473
1 1474
1 1475
1 1476
1 1477
1 1478
1 1479
1 1480
1 1481
1 1482
1 1483
1 1484
1 1485
1 1486
1 1487
1 1488
1 1489
1 1490
1 1491
1 1492
1 1493
1 1494
1 1495
1 1496
1 1497
1 1498
1 1499
1 1500
1 1501
1 1502
1 1503
1 1504
1 1505
1 1506
1 1507
1 1508
1 1509
1 1510
1 1511
1 1512
1 1513
1 1514
1 1515
1 1516
1 1517
1 1518
1 1519
1 1520
1 1521
1 1522
1 1523
1 1524
1 1525
1 1526
1 1527
1 1528
1 1529
1 1530
1 1531
1 1532
1 1533
1 1534
1 1535
1 1536
1 1537
1 1538
1 1539
1 1540
1 1541
1 1542
1 1543
1 1544
1 1545
1 1546
1 1547
1 1548
1 1549
1 1550
1 1551
1 1552
1 1553
1 1554
1 1555
1 1556
1 1557
1 1558
1 1559
1 1560
1 1561
1 1562
1 1563
1 1564
1 1565
1 1566
1 1567
1 1568
1 1569
1 1570
1 1571
1 1572
1 1573
1 1574
1 1575
1 1576
1 1577
1 1578
1 1579
1 1580
1 1581
1 1582
1 1583
1 1584
1 1585
1 1586
1 1587
1 1588
1 1589
1 1590
1 1591
1 1592
1 1593
1 1594
1 1595
1 1596
1 1597
1 1598
1 1599
1 1600
1 1601
1 1602
1 1603
1 1604
1 1605
1 1606
1 1607
1 1608
1 1609
1 1610
1 1611
1 1612
1 1613
1 1614
1 1615
1 1616
1 1617
1 1618
1 1619
1 1620
1 1621
1 1622
1 1623
1 1624
1 1625
1 1626
1 1627
1 1628
1 1629
1 1630
1 1631
1 1632
1 1633
1 1634
1 1635
1 1636
1 1637
1 1638
1 1639
1 1640
1 1641
1 1642
1 1643
1 1644
1 1645
1 1646
1 1647
1 1648
1 1649
1 1650
1 1651
1 1652
1 1653
1 1654
1 1655
1 1656
1 1657
1 1658
1 1659
1 1660
1 1661
1 1662
1 1663
1 1664
1 1665
1 1666
1 1667
1 1668
1 1669
1 1670
1 1671
1 1672
1 1673
1 1674
1 1675
1 1676
1 1677
1 1678
1 1679
1 1680
1 1681
1 1682
1 1683
1 1684
1 1685
1 1686
1 1687
1 1688
1 1689
1 1690
1 1691
1 1692
1 1693
1 1694
1 1695
1 1696
1 1697
1 1698
1 1699
1 1700
1 1701
1 1702
1 1703
1 1704
1 1705
1 1706
1 1707
1 1708
1 1709
1 1710
1 1711
1 1712
1 1713
1 1714
1 1715
1 1716
1 1717
1 1718
1 1719
1 1720
1 1721
1 1722
1 1723
1 1724
1 1725
1 1726
1 1727
1 1728
1 1729
1 1730
1 1731
1 1732
1 1733
1 1734
1 1735
1 1736
1 1737
1 1738
1 1739
1 1740
1 1741
1 1742
1 1743
1 1744
1 1745
1 1746
1 1747
1 1748
1 1749
1 1750
1 1751
1 1752
1 1753
1 1754
1 1755
1 1756
1 1757
1 1758
1 1759
1 1760
1 1761
1 1762
1 1763
1 1764
1 1765
1 1766
1 1767
1 1768
1 1769
1 1770
1 1771
1 1772
1 1773
1 1774
1 1775
1 1776
1 1777
1 1778
1 1779
1 1780
1 1781
1 1782
1 1783
1 1784
1 1785
1 1786
1 1787
1 1788
1 1789
1 1790
1 1791
1 1792
1 1793
1 1794
1 1795
1 1796
1 1797
1 1798
1 1799
1 1800
1 1801
1 1802
1 1803
1 1804
1 1805
1 1806
1 1807
1 1808
1 1809
1 1810
1 1811
1 1812
1 1813
1 1814
1 1815
1 1816
1 1817
1 1818
1 1819
1 1820
1 1821
1 1822
1 1823
1 1824
1 1825
1 1826
1 1827
1 1828
1 1829
1 1830
1 1831
1 1832
1 1833
1 1834
1 1835
1 1836
1 1837
1 1838
1 1839
1 1840
1 1841
1 1842
1 1843
1 1844
1 1845
1 1846
1 1847
1 1848
1 1849
1 1850
1 1851
1 1852
1 1853
1 1854
1 1855
1 1856
1 1857
1 1858
1 1859
1 1860
1 1861
1 1862
1 1863
1 1864
1 1865
1 1866
1 1867
1 1868
1 1869
1 1870
1 1871
1 1872
1 1873
1 1874
1 1875
1 1876
1 1877
1 1878
1 1879
1 1880
1 1881
1 1882
1 1883
1 1884
1 1885
1 1886
1 1887
1 1888
1 1889
1 1890
1 1891
1 1892
1 1893
1 1894
1 1895
1 1896
1 1897
1 1898
1 1899
1 1900
1 1901
1 1902
1 1903
1 1904
1 1905
1 1906
1 1907
1 1908
1 1909
1 1910
1 1911
1 1912
1 1913
1 1914
1 1915
1 1916
1 1917
1 1918
1 1919
1 1920
1 1921
1 1922
1 1923
1 1924
1 1925
1 1926
1 1927
1 1928
1 1929
1 1930
1 1931
1 1932
1 1933
1 1934
1 1935
1 1936
1 1937
1 1938
1 1939
1 1940
1 1941
1 1942
1 1943
1 1944
1 1945
1 1946
1 1947
1 1948
1 1949
1 1950
1 1951
1 1952
1 1953
1 1954
1 1955
1 1956
1 1957
1 1958
1 1959
1 1960
1 1961
1 1962
1 1963
1 1964
1 1965
1 1966
1 1967
1 1968
1 1969
1 1970
1 1971
1 1972
1 1973
1 1974
1 1975
1 1976
1 1977
1 1978
1 1979
1 1980
1 1981
1 1982
1 1983
1 1984
1 1985
1 1986
1 1987
1 1988
1 1989
1 1990
1 1991
1 1992
1 1993
1 1994
1 1995
1 1996
1 1997
1 1998
1 1999
1 2000
1 2001
1 2002
1 2003
1 2004
1 2005
1 2006
1 2007
1 2008
1 2009
1 2010
1 2011
1 2012
1 2013
1 2014
1 2015
1 2016
1 2017
1 2018
1 2019
1 2020
1 2021
1 2022
1 2023
1 2024
1 2025
1 2026
1 2027
1 2028
1 2029
1 2030
1 2031
1 2032
1 2033
1 2034
1 2035
1 2036
1 2037
1 2038
1 2039
1 2040
1 2041
1 2042
1 2043
1 2044
1 2045
1 2046
1 2047
1 2048
1 2049
1 2050
1 2051
1 2052
1 2053
1 2054
1 2055
1 2056
1 2057
1 2058
1 2059
1 2060
1 2061
1 2062
1 2063
1 2064
1 2065
1 2066
1 2067
1 2068
1 2069
1 2070
1 2071
1 2072
1 2073
1 2074
1 2075
1 2076
1 2077
1 2078
1 2079
1 2080
1 2081
1 2082
1 2083
1 2084
1 2085
1 2086
1 2087
1 2088
1 2089
1 2090
1 2091
1 2092
1 2093
1 2094
1 2095
1 2096
1 2097
1 2098
1 2099
1 2100
1 2101
1 2102
1 2103
1 2104
1 2105
1 2106
1 2107
1 2108
1 2109
1 2110
1 2111
1 2112
1 2113
1 2114
1 2115
1 2116
1 2117
1 2118
1 2119
1 2120
1 2121
1 2122
1 2123
1 2124
1 2125
1 2126
1 2127
1 2128
1 2129
1 2130
1 2131
1 2132
1 2133
1 2134
1 2135
1 2136
1 2137
1 2138
1 2139
1 2140
1 2141
1 2142
1 2143
1 2144
1 2145
1 2146
1 2147
1 2148
1 2149
1 2150
1 2151
1 2152
1 2153
1 2154
1 2155
1 2156
1 2157
1 2158
1 2159
1 2160
1 2161
1 2162
1 2163
1 2164
1 2165
1 2166
1 2167
1 2168
1 2169
1 2170
1 2171
1 2172
1 2173
1 2174
1 2175
1 2176
1 2177
1 2178
1 2179
1 2180
1 2181
1 2182
1 2183
1 2184
1 2185
1 2186
1 2187
1 2188
1 2189
1 2190
1 2191
1 2192
1 2193
1 2194
1 2195
1 2196
1 2197
1 2198
1 2199
1 2200
1 2201
1 2202
1 2203
1 2204
1 2205
1 2206
1 2207
1 2208
1 2209
1 2210
1 2211
1 2212
1 2213
1 2214
1 2215
1 2216
1 2217
1 2218
1 2219
1 2220
1 2221
1 2222
1 2223
1 2224
1 2225
1 2226
1 2227
1 2228
1 2229
1 2230
1 2231
1 2232
1 2233
1 2234
1 2235
1 2236
1 2237
1 2238
1 2239
1 2240
1 2241
1 2242
1 2243
1 2244
1 2245
1 2246
1 2247
1 2248
1 2249
1 2250
1 2251
1 2252
1 2253
1 2254
1 2255
1 2256
1 2257
1 2258
1 2259
1 2260
1 2261
1 2262
1 2263
1 2264
1 2265
1 2266
1 2267
1 2268
1 2269
1 2270
1 2271
1 2272
1 2273
1 2274
1 2275
1 2276
1 2277
1 2278
1 2279
1 2280
1 2281
1 2282
1 2283
1 2284
1 2285
1 2286
1 2287
1 2288
1 2289
1 2290
1 2291
1 2292
1 2293
1 2294
1 2295
1 2296
1 2297
1 2298
1 2299
1 2300
1 2301
1 2302
1 2303
1 2304
1 2305
1 2306
1 2307
1 2308
1 2309
1 2310
1 2311
1 2312
1 2313
1 2314
1 2315
1 2316
1 2317
1 2318
1 2319
1 2320
1 2321
1 2322
1 2323
1 2324
1 2325
1 2326
1 2327
1 2328
1 2329
1 2330
1 2331
1 2332
1 2333
1 2334
1 2335
1 2336
1 2337
1 2338
1 2339
1 2340
1 2341
1 2342
1 2343
1 2344
1 2345
1 2346
1 2347
1 2348
1 2349
1 2350
1 2351
1 2352
1 2353
1 2354
1 2355
1 2356
1 2357
1 2358
1 2359
1 2360
1 2361
1 2362
1 2363
1 2364
1 2365
1 2366
1 2367
1 2368
1 2369
1 2370
1 2371
1 2372
1 2373
1 2374
1 2375
1 2376
1 2377
1 2378
1 2379
1 2380
1 2381
1 2382
1 2383
1 2384
1 2385
1 2386
1 2387
1 2388
1 2389
1 2390
1 2391
1 2392
1 2393
1 2394
1 2395
1 2396
1 2397
1 2398
1 2399
1 2400
1 2401
1 2402
1 2403
1 2404
1 2405
1 2406
1 2407
1 2408
1 2409
1 2410
1 2411
1 2412
1 2413
1 2414
1 2415
1 2416
1 2417
1 2418
1 2419
1 2420
1 2421
1 2422
1 2423
1 2424
1 2425
1 2426
1 2427
1 2428
1 2429
1 2430
1 2431
1 2432
1 2433
1 2434
1 2435
1 2436
1 2437
1 2438
1 2439
1 2440
1 2441
1 2442
1 2443
1 2444
1 2445
1 2446
1 2447
1 2448
1 2449
1 2450
1 2451
1 2452
1 2453
1 2454
1 2455
1 2456
1 2457
1 2458
1 2459
1 2460
1 2461
1 2462
1 2463
1 2464
1 2465
1 2466
1 2467
1 2468
1 2469
1 2470
1 2471
1 2472
1 2473
1 2474
1 2475
1 2476
1 2477
1 2478
1 2479
1 2480
1 2481
1 2482
1 2483
1 2484
1 2485
1 2486
1 2487
1 2488
1 2489
1 2490
1 2491
1 2492
1 2493
1 2494
1 2495
1 2496
1 2497
1 2498
1 2499
1 2500
1 2501
1 2502
1 2503
1 2504
1 2505
1 2506
1 2507
1 2508
1 2509
1 2510
1 2511
1 2512
1 2513
1 2514
1 2515
1 2516
1 2517
1 2518
1 2519
1 2520
1 2521
1 2522
1 2523
1 2524
1 2525
1 2526
1 2527
1 2528
1 2529
1 2530
1 2531
1 2532
1 2533
1 2534
1 2535
1 2536
1 2537
1 2538
1 2539
1 2540
POINT_DATA 2541
SCALARS density float 1
LOOKUP_TABLE default
500
500
500
500
500
500
500
500
500
500
500
500
500
500
500
500
500
500
500
500
500
500
500
500
500
500
500
500
500
500
500
500
500
500
500
500
500
500
500
500
500
500
500
500
500
500
500
500
500
500
500
500
500
500
500
500
500
500
500
500
500
500
500
500
500
500
500
500
500
500
500
500
500
500
500
500
500
500
500
500
500
500
500
500
500
500
500
500
500
500
500
500
500
500
500
500
500
500
500
500
500
500
500
500
500
500
500
500
500
500
500
500
500
500
500
500
500
500
500
500
500
500
500
500
500
500
500
500
500
500
500
500
500
500
500
500
500
500
500
500
500
500
500
500
500
500
500
500
500
500
500
500
500
500
500
500
500
500
500
500
500
500
500
500
500
500
500
500
500
500
500
500
500
500
500
500
500
500
500
500
500
500
500
500
500
500
500
500
500
500
500
500
500
500
500
500
500
500
500
500
500
500
500
500
500
500
500
500
500
500
500
500
500
500
500
500
500
500
500
500
500
500
500
500
500
500
500
500
500
500
500
500
500
500
500
500
500
500
500
500
500
500
500
500
500
500
500
500
500
500
500
500
500
500
500
500
500
500
500
500
500
500
500
500
500
500
500
500
500
500
500
500
500
500
500
500
500
500
500
500
500
500
500
500
500
500
500
500
500
500
500
500
500
500
500
500
500
500
500
500
500
500
500
500
500
500
500
500
500
500
500
500
500
500
500
500
500
500
500
500
500
500
500
500
500
500
500
500
500
500
500
500
500
500
500
500
500
500
500
500
500
500
500
500
500
500
500
500
500
500
500
500
500
500
500
500
500
500
500
500
500
500
500
500
500
500
500
500
500
500
500
500
500
500
500
500
500
500
500
500
500
500
500
500
500
500
500
500
500
500
500
500
500
500
500
500
500
500
500
500
500
500
500
500
500
500
500
500
500
500
500
500
500
500
500
500
500
500
500
500
500
500
500
500
500
500
500
500
500
500
500
500
500
500
500
500
500
500
500
500
500
500
500
500
500
500
500
500
500
500
500
500
500
500
500
500
500
500
500
500
500
500
500
500
500
500
500
500
500
500
500
500
500
500
500
500
500
500
500
500
500
500
500
500
500
500
500
500
500
500
500
500
500
500
500
500
500
500
500
500
500
500
500
500
500
500
500
500
500
500
500
500
500
500
500
500
500
500
500
500
500
500
500
500
500
500
500
500
500
500
500
500
500
500
500
500
500
500
500
500
500
500
500
500
500
500
500
500
500
500
500
500
500
500
500
500
500
500
500
500
500
500
500
500
500
500
500
500
500
500
500
500
500
500
500
500
500
500
500
500
500
500
500
500
500
500
500
500
500
500
500
500
500
500
500
500
500
500
500
500
500
500
500
500
500
500
500
500
500
500
500
500
500
500
500
500
500
500
500
500
500
500
500
500
500
500
500
500
500
500
500
500
500
500
500
500
500
500
500
500
500
500
500
500
500
500
500
500
500
500
500
500
500
500
500
500
500
500
500
500
500
500
500
500
500
500
500
500
500
500
500
500
500
500
500
500
500
500
500
500
500
500
500
500
500
500
500
500
500
500
500
500
500
500
500
500
500
500
500
500
500
500
500
500
500
500
500
500
500
500
500
500
500
500
500
500
500
500
500
500
500
500
500
500
500
500
500
500
500
500
500
500
500
500
500
500
500
500
500
500
500
500
500
500
500
500
500
500
500
500
500
500
500
500
500
500
500
500
500
500
500
500
500
500
500
500
500
500
500
500
500
500
500
500
500
500
500
500
500
500
500
500
500
500
500
500
500
500
500
500
500
500
500
500
500
500
500
500
500
500
500
500
500
500
500
500
500
500
500
500
500
500
500
500
500
500
500
500
500
500
500
500
500
500
500
500
500
500
500
500
500
500
500
500
500
500
500
500
500
500
500
500
500
500
500
500
500
500
500
500
500
500
500
500
500
500
500
500
500
500
500
500
500
500
500
500
500
500
500
500
500
500
500
500
500
500
500
500
500
500
500
500
500
500
500
500
500
500
500
500
500
500
500
500
500
500
500
500
500
500
500
500
500
500
500
500
500
500
500
500
500
500
500
500
500
500
500
500
500
500
500
500
500
500
500
500
500
500
500
500
500
500
500
500
500
500
500
500
500
500
500
500
500
500
500
500
500
500
500
500
500
500
500
500
500
500
500
500
500
500
500
500
500
500
500
500
500
500
500
500
500
500
500
500
500
500
500
500
500
500
500
500
500
500
500
500
500
500
500
500
500
500
500
500
500
500
500
500
500
500
500
500
500
500
500
500
500
500
500
500
500
500
500
500
500
500
500
500
500
500
500
500
500
500
500
500
500
500
500
500
500
500
500
500
500
500
500
500
500
500
500
500
500
500
500
500
500
500
500
500
500
500
500
500
500
500
500
500
500
500
500
500
500
500
500
500
500
500
500
500
500
500
500
500
500
500
500
500
500
500
500
500
500
500
500
500
500
500
500
500
500
500
500
500
500
500
500
500
500
500
500
500
500
500
500
500
500
500
500
500
500
500
500
500
500
500
500
500
500
500
500
500
500
500
500
500
500
500
500
500
500
500
500
500
500
500
500
500
500
500
500
500
500
500
500
500
500
500
500
500
500
500
500
500
500
500
500
500
500
500
500
500
500
500
500
500
500
500
500
500
500
500
500
500
500
500
500
500
500
500
500
500
500
500
500
500
500
500
500
500
500
500
500
500
500
500
500
500
500
500
500
500
500
500
500
500
500
500
500
500
500
500
500
500
500
500
500
500
500
500
500
500
500
500
500
500
500
500
500
500
500
500
500
500
500
500
500
500
500
500
500
500
500
500
500
500
500
500
500
500
500
500
500
500
500
500
500
500
500
500
500
500
500
500
500
500
500
500
500
500
500
500
500
500
500
500
500
500
500
500
500
500
500
500
500
500
500
500
500
500
500
500
500
500
500
500
500
500
500
500
500
500
500
500
500
500
500
500
500
500
500
500
500
500
500
500
500
500
500
500
500
500
500
500
500
500
500
500
500
500
500
500
500
500
500
500
500
500
500
500
500
500
500
500
500
500
500
500
500
500
500
500
500
500
500
500
500
500
500
500
500
500
500
500
500
500
500
500
500
500
500
500
500
500
500
500
500
500
500
500
500
500
500
500
500
500
500
500
500
500
500
500
500
500
500
500
500
500
500
500
500
500
500
500
500
500
500
500
500
500
500
500
500
500
500
500
500
500
500
500
500
500
500
500
500
500
500
500
500
500
500
500
500
500
500
500
500
500
500
500
500
500
500
500
500
500
500
500
500
500
500
500
500
500
500
500
500
500
500
500
500
500
500
500
500
500
500
500
500
500
500
500
500
500
500
500
500
500
500
500
500
500
500
500
500
500
500
500
500
500
500
500
500
500
500
500
500
500
500
500
500
500
500
500
500
500
500
500
500
500
500
500
500
500
500
500
500
500
500
500
500
500
500
500
500
500
500
500
500
500
500
500
500
500
500
500
500
500
500
500
500
500
500
500
500
500
500
500
500
500
500
500
500
500
500
500
500
500
500
500
500
500
500
500
500
500
500
500
500
500
500
500
500
500
500
500
500
500
500
500
500
500
500
500
500
500
500
500
500
500
500
500
500
500
500
500
500
500
500
500
500
500
500
500
500
500
500
500
500
500
500
500
500
500
500
500
500
500
500
500
500
500
500
500
500
500
500
500
500
500
500
500
500
500
500
500
500
500
500
500
500
500
500
500
500
500
500
500
500
500
500
500
500
500
500
500
500
500
500
500
500
500
500
500
500
500
500
500
500
500
500
500
500
500
500
500
500
500
500
500
500
500
500
500
500
500
500
500
500
500
500
500
500
500
500
500
500
500
500
500
500
500
500
500
500
500
500
500
500
500
500
500
500
500
500
500
500
500
500
500
500
500
500
500
500
500
500
500
500
500
500
500
500
500
500
500
500
500
500
500
500
500
500
500
500
500
500
500
500
500
500
500
500
500
500
500
500
500
500
500
500
500
500
500
500
500
500
500
500
500
500
500
500
500
500
500
500
500
500
500
500
500
500
500
500
500
500
500
500
500
500
500
500
500
500
500
500
500
500
500
500
500
500
500
500
500
500
500
500
500
500
500
500
500
500
500
500
500
500
500
500
500
500
500
500
500
500
500
500
500
500
500
500
500
500
500
500
500
500
500
500
500
500
500
500
500
500
500
500
500
500
500
500
500
500
500
500
500
500
500
500
500
500
500
500
500
500
500
500
500
500
500
500
500
500
500
500
500
500
500
500
500
500
500
500
500
500
500
500
500
500
500
500
500
500
500
500
500
500
500
500
500
500
500
500
500
500
500
500
500
500
500
500
500
500
500
500
500
500
500
500
500
500
500
500
500
500
500
500
500
500
500
500
500
500
500
500
500
500
500
500
500
500
500
500
500
500
500
500
500
500
500
500
500
500
500
500
500
500
500
500
500
500
500
500
500
500
500
500
500
500
500
500
500
500
500
500
500
500
500
500
500
500
500
500
500
500
500
500
500
500
500
500
500
500
500
500
500
500
500
500
500
500
500
500
500
500
500
500
500
500
500
500
500
500
500
500
500
500
500
500
500
500
500
500
500
500
500
500
500
500
500
500
500
500
500
500
500
500
500
500
500
500
500
500
500
500
500
500
500
500
500
500
500
500
500
500
500
500
500
500
500
500
500
500
500
500
500
500
500
500
500
500
500
500
500
500
500
500
500
500
500
500
500
500
500
500
500
500
500
500
500
500
500
500
500
500
500
500
500
500
500
500
500
500
500
500
500
500
500
500
500
500
500
500
500
500
500
500
500
500
500
500
500
500
500
500
500
500
500
500
500
500
500
500
500
500
500
500
500
500
500
500
500
500
500
500
500
500
500
500
500
500
500
500
500
500
500
500
500
500
500
500
500
500
500
500
500
500
500
500
500
500
500
500
500
500
500
500
500
500
500
500
500
500
500
500
500
500
500
500
500
500
500
500
500
500
500
500
500
500
500
500
500
500
500
500
500
500
500
500
500
500
500
500
500
500
500
500
500
500
500
500
500
500
500
500
500
500
500
500
500
500
500
500
500
500
500
500
500
500
500
500
500
500
500
500
500
500
500
500
500
500
500
500
500
500
500
500
500
500
500
500
500
500
500
500
500
500
500
500
500
500
500
500
500
500
500
500
500
500
500
500
500
500
500
500
500
500
500
500
500
500
500
500
500
500
500
500
500
500
500
500
500
500
500
500
500
500
500
500
500
500
500
500
500
500
500
500
500
500
500
500
500
500
500
500
500
500
500
500
500
500
500
500
500
500
500
500
500
500
500
500
500
500
500
500
500
500
500
500
500
500
500
500
500
500
500
500
500
500
500
500
500
500
500
500
500
500
500
500
500
500
500
500
500
500
500
500
500
500
500
500
500
500
500
500
500
500
500
500
500
500
500
500
500
500
500
500
500
500
500
500
500
500
500
500
500
500
500
500
500
500
500
500
500
500
500
500
500
500
500
500
500
500
500
500
500
500
500
500
500
500
500
500
500
500
500
500
500
500
500
500
500
500
500
500
500
500
500
500
500
500
500
500
500
500
500
500
500
500
500
500
500
500
500
500
500
500
500
500
500
500
500
500
500
500
500
500
500
500
500
500
500
500
500
500
500
500
500
500
500
500
500
500
500
500
500
500
500
500
500
500
500
500
500
500
500
500
500
500
500
500
500
500
500
500
500
500
500
500
500
500
500
500
500
500
500
500
500
500
500
500
500
500
500
500
500
500
500
500
SCALARS pressure float 1
LOOKUP_TABLE default
0
0
0
0
0
0
0
0
0
0
0
0
0
0
0
0
0
0
0
0
0
0
0
0
0
0
0
0
0
0
0
0
0
0
0
0
0
0
0
0
0
0
0
0
0
0
0
0
0
0
0
0
0
0
0
0
0
0
0
0
0
0
0
0
0
0
0
0
0
0
0
0
0
0
0
0
0
0
0
0
0
0
0
0
0
0
0
0
0
0
0
0
0
0
0
0
0
0
0
0
0
0
0
0
0
0
0
0
0
0
0
0
0
0
0
0
0
0
0
0
0
0
0
0
0
0
0
0
0
0
0
0
0
0
0
0
0
0
0
0
0
0
0
0
0
0
0
0
0
0
0
0
0
0
0
0
0
0
0
0
0
0
0
0
0
0
0
0
0
0
0
0
0
0
0
0
0
0
0
0
0
0
0
0
0
0
0
0
0
0
0
0
0
0
0
0
0
0
0
0
0
0
0
0
0
0
0
0
0
0
0
0
0
0
0
0
0
0
0
0
0
0
0
0
0
0
0
0
0
0
0
0
0
0
0
0
0
0
0
0
0
0
0
0
0
0
0
0
0
0
0
0
0
0
0
0
0
0
0
0
0
0
0
0
0
0
0
0
0
0
0
0
0
0
0
0
0
0
0
0
0
0
0
0
0
0
0
0
0
0
0
0
0
0
0
0
0
0
0
0
0
0
0
0
0
0
0
0
0
0
0
0
0
0
0
0
0
0
0
0
0
0
0
0
0
0
0
0
0
0
0
0
0
0
0
0
0
0
0
0
0
0
0
0
0
0
0
0
0
0
0
0
0
0
0
0
0
0
0
0
0
0
0
0
0
0
0
0
0
0
0
0
0
0
0
0
0
0
0
0
0
0
0
0
0
0
0
0
0
0
0
0
0
0
0
0
0
0
0
0
0
0
0
0
0
0
0
0
0
0
0
0
0
0
0
0
0
0
0
0
0
0
0
0
0
0
0
0
0
0
0
0
0
0
0
0
0
0
0
0
0
0
0
0
0
0
0
0
0
0
0
0
0
0
0
0
0
0
0
0
0
0
0
0
0
0
0
0
0
0
0
0
0
0
0
0
0
0
0
0
0
0
0
0
0
0
0
0
0
0
0
0
0
0
0
0
0
0
0
0
0
0
0
0
0
0
0
0
0
0
0
0
0
0
0
0
0
0
0
0
0
0
0
0
0
0
0
0
0
0
0
0
0
0
0
0
0
0
0
0
0
0
0
0
0
0
0
0
0
0
0
0
0
0
0
0
0
0
0
0
0
0
0
0
0
0
0
0
0
0
0
0
0
0
0
0
0
0
0
0
0
0
0
0
0
0
0
0
0
0
0
0
0
0
0
0
0
0
0
0
0
0
0
0
0
0
0
0
0
0
0
0
0
0
0
0
0
0
0
0
0
0
0
0
0
0
0
0
0
0
0
0
0
0
0
0
0
0
0
0
0
0
0
0
0
0
0
0
0
0
0
0
0
0
0
0
0
0
0
0
0
0
0
0
0
0
0
0
0
0
0
0
0
0
0
0
0
0
0
0
0
0
0
0
0
0
0
0
0
0
0
0
0
0
0
0
0
0
0
0
0
0
0
0
0
0
0
0
0
0
0
0
0
0
0
0
0
0
0
0
0
0
0
0
0
0
0
0
0
0
0
0
0
0
0
0
0
0
0
0
0
0
0
0
0
0
0
0
0
0
0
0
0
0
0
0
0
0
0
0
0
0
0
0
0
0
0
0
0
0
0
0
0
0
0
0
0
0
0
0
0
0
0
0
0
0
0
0
0
0
0
0
0
0
0
0
0
0
0
0
0
0
0
0
0
0
0
0
0
0
0
0
0
0
0
0
0
0
0
0
0
0
0
0
0
0
0
0
0
0
0
0
0
0
0
0
0
0
0
0
0
0
0
0
0
0
0
0
0
0
0
0
0
0
0
0
0
0
0
0
0
0
0
0
0
0
0
0
0
0
0
0
0
0
0
0
0
0
0
0
0
0
0
0
0
0
0
0
0
0
0
0
0
0
0
0
0
0
0
0
0
0
0
0
0
0
0
0
0
0
0
0
0
0
0
0
0
0
0
0
0
0
0
0
0
0
0
0
0
0
0
0
0
0
0
0
0
0
0
0
0
0
0
0
0
0
0
0
0
0
0
0
0
0
0
0
0
0
0
0
0
0
0
0
0
0
0
0
0
0
0
0
0
0
0
0
0
0
0
0
0
0
0
0
0
0
0
0
0
0
0
0
0
0
0
0
0
0
0
0
0
0
0
0
0
0
0
0
0
0
0
0
0
0
0
0
0
0
0
0
0
0
0
0
0
0
0
0
0
0
0
0
0
0
0
0
0
0
0
0
0
0
0
0
0
0
0
0
0
0
0
0
0
0
0
0
0
0
0
0
0
0
0
0
0
0
0
0
0
0
0
0
0
0
0
0
0
0
0
0
0
0
0
0
0
0
0
0
0
0
0
0
0
0
0
0
0
0
0
0
0
0
0
0
0
0
0
0
0
0
0
0
0
0
0
0
0
0
0
0
0
0
0
0
0
0
0
0
0
0
0
0
0
0
0
0
0
0
0
0
0
0
0
0
0
0
0
0
0
0
0
0
0
0
0
0
0
0
0
0
0
0
0
0
0
0
0
0
0
0
0
0
0
0
0
0
0
0
0
0
0
0
0
0
0
0
0
0
0
0
0
0
0
0
0
0
0
0
0
0
0
0
0
0
0
0
0
0
0
0
0
0
0
0
0
0
0
0
0
0
0
0
0
0
0
0
0
0
0
0
0
0
0
0
0
0
0
0
0
0
0
0
0
0
0
0
0
0
0
0
0
0
0
0
0
0
0
0
0
0
0
0
0
0
0
0
0
0
0
0
0
0
0
0
0
0
0
0
0
0
0
0
0
0
0
0
0
0
0
0
0
0
0
0
0
0
0
0
0
0
0
0
0
0
0
0
0
0
0
0
0
0
0
0
0
0
0
0
0
0
0
0
0
0
0
0
0
0
0
0
0
0
0
0
0
0
0
0
0
0
0
0
0
0
0
0
0
0
0
0
0
0
0
0
0
0
0
0
0
0
0
0
0
0
0
0
0
0
0
0
0
0
0
0
0
0
0
0
0
0
0
0
0
0
0
0
0
0
0
0
0
0
0
0
0
0
0
0
0
0
0
0
0
0
0
0
0
0
0
0
0
0
0
0
0
0
0
0
0
0
0
0
0
0
0
0
0
0
0
0
0
0
0
0
0
0
0
0
0
0
0
0
0
0
0
0
0
0
0
0
0
0
0
0
0
0
0
0
0
0
0
0
0
0
0
0
0
0
0
0
0
0
0
0
0
0
0
0
0
0
0
0
0
0
0
0
0
0
0
0
0
0
0
0
0
0
0
0
0
0
0
0
0
0
0
0
0
0
0
0
0
0
0
0
0
0
0
0
0
0
0
0
0
0
0
0
0
0
0
0
0
0
0
0
0
0
0
0
0
0
0
0
0
0
0
0
0
0
0
0
0
0
0
0
0
0
0
0
0
0
0
0
0
0
0
0
0
0
0
0
0
0
0
0
0
0
0
0
0
0
0
0
0
0
0
0
0
0
0
0
0
0
0
0
0
0
0
0
0
0
0
0
0
0
0
0
0
0
0
0
0
0
0
0
0
0
0
0
0
0
0
0
0
0
0
0
0
0
0
0
0
0
0
0
0
0
0
0
0
0
0
0
0
0
0
0
0
0
0
0
0
0
0
0
0
0
0
0
0
0
0
0
0
0
0
0
0
0
0
0
0
0
0
0
0
0
0
0
0
0
0
0
0
0
0
0
0
0
0
0
0
0
0
0
0
0
0
0
0
0
0
0
0
0
0
0
0
0
0
0
0
0
0
0
0
0
0
0
0
0
0
0
0
0
0
0
0
0
0
0
0
0
0
0
0
0
0
0
0
0
0
0
0
0
0
0
0
0
0
0
0
0
0
0
0
0
0
0
0
0
0
0
0
0
0
0
0
0
0
0
0
0
0
0
0
0
0
0
0
0
0
0
0
0
0
0
0
0
0
0
0
0
0
0
0
0
0
0
0
0
0
0
0
0
0
0
0
0
0
0
0
0
0
0
0
0
0
0
0
0
0
0
0
0
0
0
0
0
0
0
0
0
0
0
0
0
0
0
0
0
0
0
0
0
0
0
0
0
0
0
0
0
0
0
0
0
0
0
0
0
0
0
0
0
0
0
0
0
0
0
0
0
0
0
0
0
0
0
0
0
0
0
0
0
0
0
0
0
0
0
0
0
0
0
0
0
0
0
0
0
0
0
0
0
0
0
0
0
0
0
0
0
0
0
0
0
0
0
0
0
0
0
0
0
0
0
0
0
0
0
0
0
0
0
0
0
0
0
0
0
0
0
0
0
0
0
0
0
0
0
0
0
0
0
0
0
0
0
0
0
0
0
0
0
0
0
0
0
0
0
0
0
0
0
0
0
0
0
0
0
0
0
0
0
0
0
0
0
0
0
0
0
0
0
0
0
0
0
0
0
0
0
0
0
0
0
0
0
0
0
0
0
0
0
0
0
0
0
0
0
0
0
0
0
0
0
0
0
0
0
0
0
0
0
0
0
0
0
0
0
0
0
0
0
0
0
0
0
0
0
0
0
0
0
0
0
0
0
0
0
0
0
0
0
0
0
0
0
0
0
0
0
0
0
0
0
0
0
0
0
0
0
0
0
0
0
0
0
0
0
0
0
0
0
0
0
0
0
0
0
0
0
0
0
0
0
0
0
0
0
0
0
0
0
0
0
0
0
0
0
0
0
0
0
0
0
0
0
0
0
0
0
0
0
0
0
0
0
0
0
0
0
0
0
0
0
0
0
0
0
0
0
0
0
0
0
0
0
0
0
0
0
0
0
0
0
0
0
0
0
0
0
0
0
0
0
0
0
0
0
0
0
0
0
0
0
0
0
0
0
0
0
0
0
0
0
0
0
0
0
0
0
0
0
0
0
0
0
0
0
0
0
0
0
0
0
0
0
0
0
0
0
0
0
0
0
0
0
0
0
0
0
0
0
0
0
0
0
0
0
0
0
0
0
0
0
0
0
0
0
0
0
0
0
0
0
0
0
0
0
0
0
0
0
0
0
0
0
0
0
0
0
0
0
0
0
0
0
0
0
0
0
0
0
0
0
0
0
0
0
0
0
0
0
0
0
0
0
0
0
0
0
0
0
0
0
0
0
0
0
0
0
0
0
0
0
0
0
0
0
0
0
0
0
0
0
0
0
0
0
0
0
0
0
0
0
0
0
0
0
0
0
0
0
0
0
0
0
0
0
0
0
0
0
0
0
0
0
0
0
0
0
0
0
0
0
0
0
0
0
0
0
0
0
0
0
0
0
0
0
0
0
0
0
0
0
0
0
0
0
0
0
0
0
0
0
0
0
0
0
0
0
0
0
0
0
0
0
0
0
0
0
0
0
0
0
0
0
0
0
0
0
0
0
0
0
0
0
0
0
0
0
0
0
0
0
0
0
0
0
0
0
0
0
0
0
0
0
0
0
0
0
0
0
0
0
0
0
0
0
0
0
0
0
0
0
0
0
0
0
0
0
0
0
0
0
0
0
0
0
0
0
0
0
0
0
0
0
0
0
0
0
0
0
0
0
0
0
0
0
0
0
0
0
0
0
0
0
0
0
0
0
0
0
0
0
0
0
0
0
0
0
0
0
0
0
0
0
0
0
0
0
0
0
0
0
0
0
0
0
0
SCALARS speed float 1
LOOKUP_TABLE default
8.1544e-24
8.87318e-23
33.8548
1.17077e-07
4.46082e-15
41.0479
23.6662
76.2751
37.9859
12.4197
4.50651e-14
62.0342
55.5831
2.68669e-16
18.0263
1.7308e-24
20.3635
1.01954e-06
82.4632
58.3412
2.5576e-16
21.5108
44.6977
45.616
28.1393
17.8406
1.68552
33.6157
35.9247
74.8967
34.0349
60.2413
32.4674
1.93744e-05
2.26893e-21
1.13153
27.8131
21.3247
18.6715
2.5886e-17
8.12028
7.42976e-06
103.448
2.06945e-14
47.4286
9.80902e-27
4.11041e-14
1.87288e-25
1.2525e-23
1.23999e-11
6.03874e-14
21.9535
70.0048
33.9286
2.83046e-21
6.25125e-14
45.6158
28.1405
4.19885e-08
14.4828
1.57362e-12
0.00131142
1.85281e-08
21.0574
52.8924
10.9283
1.36696e-07
1.51909e-25
4.03924e-21
1.13789e-22
1.33618e-20
42.8429
1.08864e-23
34.7373
32.4961
54.1867
11.3184
1.52078e-10
88.6481
3.26439e-11
24.7834
5.27224e-09
3.96633e-22
1.52828e-22
4.25731e-05
5.60731e-19
66.186
2.60289e-22
2.25012e-12
45.616
28.1354
22.4668
67.1676
1.97423e-25
17.62
1.60102e-16
1.14996e-12
31.9771
19.3522
6.68666e-11
58.6333
2.02104e-19
24.9659
6.51026e-24
29.4733
1.79335e-16
49.1795
70.1964
20.4633
38.9842
1.04552e-09
2.43405e-23
33.8419
3.94679e-10
34.2877
42.9021
17.7017
18.7675
84.751
1.56431e-22
2.06693e-20
1.42356e-25
2.35446e-13
4.73482e-12
5.44206e-25
51.8386
2.61444e-11
17.2708
6.76197e-08
2.3985e-20
25.2404
1.12636e-17
2.80979e-12
45.613
27.6956
17.7141
27.3811
5.40617e-22
17.8439
41.8611
21.0649
63.808
25.8387
17.1937
38.4859
17.9968
28.015
4.58811
27.7051
2.59208e-14
71.0149
4.89679e-17
67.1786
2.86347e-05
34.7397
33.2
2.56138e-10
16.3429
4.62367e-25
30.0864
2.10923e-12
1.41945e-22
41.4444
46.4735
38.0445
50.5037
32.6582
24.9403
8.68701
177.004
4.65831e-08
73.294
18.1544
6.33366e-20
9.46599e-25
33.0893
17.1949
38.5084
18.0164
1.32927e-17
10.2664
14.4584
13.5183
68.6158
3.14147e-17
27.4676
34.3744
44.7805
26.7367
20.924
10.8519
7.32038
21.3975
70.3287
7.64102e-25
8.55792e-24
5.18565e-10
13.5272
42.3586
32.8524
12.8727
35.7389
3.87895e-15
48.3668
49.3436
28.3632
5.76074e-23
56.5706
3.29941e-07
17.1938
38.4859
17.9971
37.5815
4.84184e-15
26.8009
2.4403e-05
28.8014
9.23844
27.3008
8.62214e-25
1.41503e-24
46.4736
27.8904
19.6745
10.8104
33.347
1.64974e-17
34.8644
36.5181
1.01393e-23
77.3852
3.09431e-12
119.14
6.294e-23
45.8281
43.144
1.55146e-15
73.8793
64.9604
8.69463e-25
3.10963e-17
3.88082e-11
22.7131
2.2569e-23
118.518
2.60594e-15
31.5458
2.07587e-16
1.18017e-18
50.5766
2.32498e-18
1.35225e-22
4.31559e-09
4.35523e-10
2.03083e-07
1.59287e-23
5.61857e-23
24.6591
8.21999e-14
1.62036e-14
29.6733
14.3901
3.05427e-15
31.45
36.2566
31.2355
2.56401e-10
65.8819
2.18212e-24
51.4537
88.2973
63.3234
0.0840132
45.9078
52.3065
16.2842
193.411
7.44469e-23
3.43912e-24
3.14591e-25
4.59041e-17
43.8824
1.81489e-18
2.41147e-23
30.282
2.26503e-21
39.4081
76.1019
25.4191
3.1753e-14
4.04851e-19
32.0666
39.9394
2.71471e-10
59.1065
1.88275e-19
43.3682
43.1827
30.48
2.56455e-10
30.9335
2.46216e-12
36.3396
2.05003e-11
0.001791
0.215275
32.1139
12.3154
3.07394e-19
79.8616
88.5526
18.7263
1.27998e-14
21.6176
6.55196e-23
5.76115
9.69332
47.3623
1.22281e-20
20.5446
135.603
2.33066e-22
1.07493e-06
2.2499e-22
26.2323
71.8191
2.34239e-10
66.6309
42.76
43.7691
41.786
31.4047
2.56383e-10
311.99
94.3184
31.1921
20.2777
2.51511e-22
5.79325e-20
1.14118e-18
37.447
1.04162e-13
9.32506e-12
1.13912e-24
112.696
36.4743
2.34408e-05
101.856
4.08326e-11
7.53696e-23
40.9968
4.54795e-08
9.09359e-13
31.1571
30.3394
2.30259e-09
7.3859e-21
5.29533e-15
71.4232
13.46
1.44631e-14
88.6786
0.000863031
4.12433e-21
9.7675e-16
29.9097
1.70658e-15
9.57212e-10
1.29138e-25
2.85646e-15
1.26459e-15
6.86081e-10
5.69845e-25
67.2681
1.79517e-12
9.10371e-25
53.0063
36.4875
2.47189e-09
45.7414
1.06794e-24
22.6373
29.1564
14.9231
7.72827e-24
2.10096e-23
31.1901
29.5177
8.19499
1.67579e-13
0.00140421
49.7223
27.0034
4.44569e-05
9.00196
24.4356
2.10103e-11
2.55291e-20
28.317
8.27945e-13
4.78111e-18
116.85
9.37564e-25
1.31265e-09
2.22013e-23
5.1597e-21
36.4775
3.02506e-14
40.8915
45.842
8.3748e-14
2.32274e-24
2.18362e-16
8.7106e-19
1.63668e-23
38.6281
46.5996
7.52489
40.32
29.7717
24.5959
1.20143e-09
8.2424
3.36198e-18
3.85396e-23
38.7454
48.5192
58.0149
5.7423e-20
7.62084e-07
5.2025e-26
5.06648e-24
191.909
1.69374e-17
102.316
2.57361e-21
58.8426
39.4621
173.281
2.45864e-18
2.62241e-19
71.2713
29.9892
0.0201864
4.7531e-14
3.35625e-13
5.90621e-25
2.1846e-10
1.49999e-18
23.2386
4.64362e-12
3.81347e-05
31.0247
29.4038
6.90416e-08
38.5523
50.4983
33.1762
1.89557e-20
23.1877
4.10312e-23
8.40423e-10
2.49657e-20
2.21124e-24
105.088
4.29029e-08
16.4958
28.1624
1.95652e-21
3.00267e-22
72.9829
44.0593
28.5495
1.26372e-07
1.30023e-09
40.7321
2.18429e-18
2.45077e-11
19.4388
24.8094
8.29651e-23
23.7048
3.32312e-22
47.0328
1.4308e-25
3.89831e-22
7.39942e-16
7.54358e-24
8.27314
29.0408
86.3009
18.0045
11.2158
1.58331e-15
19.4701
5.12357e-21
45.6318
27.9314
8.95204e-20
9.30615e-17
7.19912e-17
73.268
60.3755
20.6323
5.56793e-08
1.36286e-20
17.1945
38.5885
18.0864
5.65118e-20
18.2859
4.03139
6.47524
36.8869
3.33494e-24
8.7128
9.24134e-22
43.3352
29.9247
1.66881e-10
1.28157e-15
9.47403
4.16665e-18
1.31624e-19
31.8352
22.9887
10.795
1.14091e-07
26.8956
29.8535
24.9002
7.62215e-08
33.7615
1.1118e-23
22.018
6.76226e-12
54.3854
54.4421
3.95797e-06
17.2004
38.6076
18.1033
27.6594
14.5538
31.366
8.09313
10.1181
25.7377
60.2343
11.4707
4.35347e-09
28.0139
20.5608
22.3844
1.2346e-10
1.19821e-05
2.71156e-12
14.3257
4.14808e-16
1.0366e-05
4.91455
43.6179
30.1723
13.2628
1.18806e-11
17.4259
3.35147e-16
2.71941e-08
2.69176e-19
103.694
29.596
1.2835e-11
17.1947
38.5885
18.0867
20.7218
8.72618
1.89829e-17
30.0524
0.0704984
2.28742e-13
11.6719
29.9024
6.70049e-25
46.4716
27.929
8.57184e-22
8.20386e-16
12.1419
68.3678
1.03695e-22
4.03325e-19
6.21317
33.8034
3.01371e-06
3.81936e-24
25.2943
54.9075
3.02814e-20
38.7413
5.08703e-22
52.6848
40.0875
3.33196e-13
2.8836e-13
0.000460769
1.54563e-26
1.15843e-15
2.39122e-16
1.3211e-20
4.03048e-16
2.05003
29.9867
94.0412
1.76695e-16
59.906
5.38091e-25
4.71591e-24
8.01789e-25
5.26771e-26
4.62149e-11
1.69718e-16
4.92163e-16
21.0544
7.60456
34.9184
2.75226e-09
44.9358
30.6155
2.56505e-10
2.30153e-21
2.04421e-22
35.8167
20.7372
28.2674
23.7457
2.57761e-22
7.31707e-25
1.02226
1.19503e-22
1.83409e-22
82.6839
3.37086e-17
49.3152
86.7457
4.36855e-09
3.27246e-10
1.18805e-11
2.36654e-21
1.11218e-23
79.8909
25.6018
1.60885e-24
2.51984e-21
45.4641
44.514
28.5726
6.19589e-21
1.85738e-07
22.7963
3.18185e-13
29.8921
1.66924e-10
1.3156e-20
31.2343
106.933
15.0071
26.493
10.7411
34.6021
0.458017
5.14575e-24
70.6869
87.6292
56.5107
4.04658
32.2314
1.19897e-20
11.1031
3.31714e-06
9.53667e-12
41.7998
1.94458e-23
77.4074
1.52154e-22
7.57476e-25
9.69897e-26
1.59873e-05
67.3738
1.87355e-20
16.1214
9.34135e-08
1.07585e-21
85.6515
30.7665
2.56445e-10
1.11775e-15
67.3073
40.0773
8.62668e-07
2.50411e-14
33.243
8.67277e-05
23.7805
4.47324e-06
4.86567e-12
1.69538e-23
39.2432
7.83088e-10
56.5226
4.50806e-10
1.0007e-17
22.3065
38.5235
25.7371
8.64139e-21
1.94391e-24
18.9175
5.20743e-13
1.10671e-14
6.21839e-23
38.1449
26.6338
12.5297
1.8204e-16
2.12146e-25
1.56527e-07
29.3203
28.7239
1.44986e-19
6.79128e-20
94.9314
1.49727e-23
9.9908
1.36851e-09
27.0144
26.7194
0.645039
9.09124e-25
50.4313
36.8087
30.6188
5.41696e-24
33.2052
2.81042e-19
2.49461e-18
32.1602
49.114
8.81415e-24
30.4871
27.7883
1.20795e-06
6.74958e-19
4.1777
33.794
9.47095
4.96422e-21
16.5901
77.4648
1.88276e-11
7.0027e-16
5.53627e-07
1.19805e-25
1.32361e-07
1.98823e-11
5.54122
6.36403e-21
1.77558e-25
5.0341e-24
2.57168e-24
3.73613e-13
41.4127
21.2581
1.37529e-24
4.1024e-18
80.3926
75.5719
55.94
22.1022
30.8184
4.54064e-25
1.07766e-08
30.1433
16.8901
8.54473
5.95696
8.20677e-22
15.5939
20.3422
7.99285e-21
22.7941
19.444
1.16706e-11
8.03617e-21
26.5786
52.6548
1.37901e-07
27.7527
1.52917e-19
36.1192
6.61592e-14
101.76
1.00736e-17
24.2018
74.8615
2.41232e-22
95.0212
1.172e-06
67.3361
26.5623
1.01772e-10
19.5725
98.9168
31.9426
1.11573e-08
31.2077
25.0588
1.52209e-08
38.6069
28.2334
17.0019
25.0647
5.85899e-11
8.88952e-06
1.0801e-05
3.72805e-07
3.3978e-24
1.76773e-25
7.86878e-14
14.3731
5.09698e-22
51.332
64.8395
62.3455
7.04672e-18
32.619
3.49019e-10
54.0081
1.24704e-18
1.00941e-09
4.56049e-12
16.9223
1.06889e-16
4.19779e-25
1.06815e-24
4.07853e-23
4.36809e-12
8.1401e-26
3.38231e-22
2.73525e-15
7.73864e-24
7.96475
8.05749e-25
53.2228
35.2124
5.06943e-17
39.1542
8.06529
4.25135e-22
45.632
27.9315
118.552
198.161
1.94455e-17
2.42147e-05
6.07724e-06
24.8555
39.0892
7.97765e-06
17.1949
38.5893
18.0869
35.9248
19.6073
3.74298e-15
36.5038
81.7802
25.2651
11.2247
26.303
43.1877
29.9186
1.66909e-10
15.3654
7.12258e-11
4.78749e-24
0.542738
12.8847
50.5126
121.992
4.0149e-21
27.3871
29.8466
24.9
48.1828
2.54486e-10
3.15657e-24
41.8666
48.3438
1.62715e-16
41.3148
29.334
17.2012
38.6085
18.1041
15.6313
8.19335e-14
67.9322
3.98546
11.304
1.64856e-11
38.0042
0.0729072
2.48949e-08
28.0062
20.5977
3.41903e-10
32.525
1.16427e-25
1.20645e-23
45.7392
2.64563e-23
71.4787
54.9599
43.508
30.1684
13.2675
1.5787e-13
16.2106
28.1254
25.5041
6.05977e-25
43.7061
25.3859
6.11518e-08
17.1952
38.5894
18.0871
10.3302
3.71192e-17
23.7224
40.5009
55.0362
19.9766
31.945
16.5834
2.4822e-11
46.4717
27.9314
9.55879e-22
21.5691
4.19565e-25
6.22754e-12
14.3434
1.13235e-14
5.21986
8.73164e-22
2.03203e-05
73.141
34.1074
78.2608
3.85024e-22
22.8336
52.6774
52.2319
2.06941e-16
1.17167e-24
8.09986e-24
1.1075e-10
8.65178e-23
9.30298e-23
3.63622e-22
2.25769e-16
1.61546e-24
32.6561
3.72386
0.000910905
15.0949
4.35071e-06
1.99867e-22
5.65051e-24
4.00756e-23
2.2331e-25
2.34804e-24
34.1685
3.8399e-23
32.145
8.47695
4.23089e-19
3.40995e-08
5.23492e-14
30.6158
2.5648e-10
6.98098e-24
1.99964e-10
2.69698e-17
28.0685
28.2552
29.7784
54.5902
1.08278e-05
6.35229e-09
5.6168e-21
3.97285e-25
41.0651
38.5704
7.29623e-10
5.22949e-17
0.0936725
3.64987e-05
8.04269e-24
2.60493e-21
7.04079e-06
82.2044
25.5991
59.2443
1.12805e-25
53.8608
37.9392
1.92011e-15
34.6632
40.2172
60.1722
8.65595e-18
29.8945
1.66898e-10
1.06451e-18
31.3666
2.39254e-19
1.57424e-14
17.3699
1.75483e-13
5.15309e-16
1.27998e-20
78.2219
87.455
87.6341
52.6051
10.2188
20.1143
15.154
1.72422e-13
27.6102
3.69765e-05
1.00513e-11
2.44105e-16
75.6725
4.98465e-21
5.42892e-23
9.14795e-12
55.1151
1.50162
41.9886
1.78217e-16
2.55587e-22
17.5419
6.3227e-13
30.7665
1.66819e-10
42.4589
18.4243
32.6117
3.62291e-25
49.3995
2.97787e-21
40.6415
9.15347e-25
8.79633e-06
7.59799e-12
1.6922e-23
39.2699
4.2295e-19
16.1219
1.65076e-17
13.9345
3.87929e-23
3.93303e-05
1.26952e-09
112.278
1.2384e-23
53.725
1.09026e-13
18.0046
65.9581
14.7239
16.7654
26.1676
2.48886e-24
39.553
5.58509e-16
31.3718
73.448
1.2403e-20
26.6214
1.95753e-22
2.07325e-16
2.99141e-05
2.96364e-18
14.3055
3.38364
1.02777e-12
9.09114e-25
50.1675
36.1349
1.88664
39.5619
66.1154
24.2292
29.5967
30.4968
1.53474e-20
2.66068e-25
30.4862
1.6678e-10
56.3605
2.01531e-07
22.4187
34.8646
26.0646
9.75404e-25
39.0792
25.2378
4.8032e-18
83.5982
21.9956
1.00794e-25
3.5387e-05
49.6294
4.60963e-06
87.3231
0.00824926
67.2863
2.93635e-13
3.84841e-10
41.4004
23.8384
82.9948
8.04386e-13
65.0783
25.6681
30.8776
1.91721e-09
5.63426e-18
4.29422e-23
1.03538e-11
30.1436
1.66846e-10
4.06825e-19
29.5361
5.31617e-22
2.07728e-18
22.8522
6.45045e-15
4.66285e-20
6.20215e-21
1.54384e-17
9.4539e-17
24.0211
30.5395
8.9383
32.9292
4.83995e-23
1.33341e-07
20.8501
1.5066e-06
3.11085e-15
9.43076e-07
75.1304
3.56194e-22
64.6996
1.27763
50.2436
3.10315e-24
2.45663e-06
3.19286e-10
19.8188
17.5688
1.21969e-17
31.2068
1.66781e-10
7.64297
38.6115
1.13138e-24
2.61009e-23
4.40713e-13
34.7859
3.61407e-17
5.81473e-05
24.9985
3.39778e-24
6.328e-25
3.28834e-24
24.9242
1.40507
70.3926
6.67528e-18
19.5216
29.3661
42.6921
4.49252e-22
2.1983e-22
33.8098
32.2475
2.91644e-13
55.8921
50.3335
1.76304e-09
1.01807e-11
8.61885e-21
20.9086
5.05148e-25
6.68063e-25
2.50017e-15
3.29333e-24
7.88735
3.58779e-17
5.12202e-21
35.1739
7.50372
31.3696
3.52408e-09
4.6373e-17
45.632
27.9317
6.37748e-22
34.9518
2.45868e-10
56.0645
18.6837
10.8386
26.7408
28.6603
17.195
38.5893
18.0873
12.6878
24.5024
10.7234
7.42359
22.3143
20.1463
10.8549
1.39284e-13
43.203
29.9196
5.56904e-10
0.00016266
4.61387e-11
4.67746e-20
2.55595e-14
3.44189e-20
11.0997
4.14006e-22
1.07117e-14
1.69923e-18
29.8464
24.8998
1.53609e-13
12.9255
105.788
2.68286e-22
55.5975
3.79437e-16
66.635
0.0174725
17.2009
38.6087
18.1039
38.5931
11.7647
2.33216e-16
4.15743
10.9981
69.8261
36.6933
0.0580819
2.99947e-12
28.0058
20.5976
24.0955
18.4294
1.67583e-21
1.62264e-23
62.8764
5.43994e-06
2.77486e-07
16.455
0.379258
30.17
13.2688
8.30727e-21
18.964
49.9093
4.80184e-17
9.04191e-24
2.30343e-19
16.9189
42.4485
17.1949
38.5898
18.0869
9.8581
2.24873e-17
62.6262
73.8925
1.94695e-22
4.94011e-18
6.41297e-06
5.35823e-08
4.98194e-21
46.4721
27.9319
9.51983e-22
8.98561e-13
20.0567
35.9588
1.29368e-17
2.97022e-13
3.85884e-24
24.8129
1.13751e-05
7.23198e-26
1.58865e-23
44.9009
8.98912e-19
1.1984e-22
61.8365
27.4533
56.8959
4.7955e-12
68.5501
1.13282e-16
53.0575
9.54294
64.2895
81.1027
61.7443
92.7386
35.6368
16.3902
5.66209e-07
5.09227e-07
1.99447e-22
4.77757e-24
7.88731e-25
0.0022416
1.00898e-22
6.00818e-16
9.29629e-14
30.1707
10.0704
1.57054e-06
45.8579
49.2535
30.6146
1.66832e-10
17.2704
5.34652e-21
17.8223
28.0303
54.3458
17.9024
5.63068e-19
1.63922e-16
4.53963e-24
2.93071e-19
2.10451e-26
52.1914
46.1361
6.61797e-23
115.7
1.78426e-09
7.09337e-15
64.1611
8.10546e-21
38.6433
82.1173
24.9848
60.0105
1.41023e-07
56.6593
43.0985
37.3498
9.74578e-24
70.6411
12.2237
45.2031
29.8893
1.6686e-10
40.1145
40.0242
58.931
26.467
26.488
4.58973e-21
7.14466e-24
91.6871
2.40513e-05
1.77645e-07
2.47364e-11
51.3884
74.6831
16.5336
24.308
78.1486
11.371
3.14549e-25
101.685
73.315
81.9517
45.4289
1.60565e-07
6.04966e-23
30.2796
20.4755
54.5876
82.8187
52.8587
54.4805
2.27874e-07
30.7652
1.66779e-10
2.81771e-06
38.8609
6.65741
3.70461e-11
88.8512
39.4317
48.7162
110.206
6.18146e-18
1.14267e-12
2.64051e-23
39.2572
7.71748
60.8487
42.3265
3.28709e-24
50.9736
13.0349
39.9264
2.73254e-22
5.63815e-24
43.9458
6.81756e-06
3.83938e-12
4.81531e-18
3.66896e-22
3.37775
1.90394e-20
24.3232
158.834
3.31359e-15
44.7514
20.4526
3.36683e-20
72.9401
4.44026e-23
26.5513
34.2813
24.2051
1.48636e-21
23.8204
1.34757e-11
9.09102e-25
50.1695
36.8247
29.3039
14.5055
2.28867e-25
1.89465e-22
1.00561e-09
50.6502
3.62777e-12
42.7491
30.4876
1.6682e-10
61.7299
1.97041e-20
1.81948e-24
39.4112
5.85522e-11
31.2415
99.7171
12.0325
1.9082e-11
83.6428
25.9675
8.96914e-24
1.79009e-14
55.1244
1.08926e-17
8.25755e-18
5.44281
6.35513e-25
4.11101e-12
2.36887e-12
39.1772
24.0167
44.8052
2.43374e-19
23.5876
1.41074e-12
83.0506
34.6033
43.9269
31.0287
8.89075e-23
30.1486
29.1518
7.52911e-11
3.27629e-13
2.21239e-22
1.3538e-12
23.0801
18.704
39.2507
40.1362
1.33003e-15
2.92686e-19
23.9578
6.39408e-24
13.5851
1.90798e-20
25.7039
23.027
4.5297e-06
99.8942
13.7145
3.2649e-16
75.3311
3.56436e-22
57.0804
50.1419
5.00918
9.67223e-13
1.85556e-18
8.6196e-22
4.73157e-05
3.48693e-10
9.27109e-11
31.2082
1.66821e-10
13.0644
38.6413
9.0366e-21
2.71283e-09
73.9406
20.5429
15.593
53.3383
0.000110306
3.39774e-24
6.50048e-26
0.490099
1.6022e-05
1.09338e-09
71.243
13.7306
20.0963
21.1202
25.2495
1.26114
54.1488
9.18659
1.71739e-18
30.6703
2.9783e-11
95.1147
13.7259
4.91122e-11
2.57782e-17
9.76897e-19
2.37511e-24
2.41864e-25
5.64179e-11
3.91617e-25
7.89582
3.84432e-20
39.4009
37.4735
1.29854e-06
28.681
9.31945
1.57405e-11
45.632
27.9315
34.8234
2.60845e-22
6.01766e-13
59.2853
1.98931e-07
8.95286e-15
39.961
14.4108
17.1951
38.5893
18.0875
3.50212
9.50702
37.1342
7.11292
0.00272703
53.7854
17.0222
21.3705
43.2618
29.9173
2.19285e-08
9.69908e-23
1.27805e-11
7.89875e-11
28.2064
29.7577
1.62712e-09
11.483
1.64289e-15
3.60717e-19
29.8462
24.9001
22.1479
23.5745
106.119
22.1404
25.6508
10.1603
51.0425
28.5685
17.2009
38.6085
18.1039
1.34936e-14
7.23341
9.82849e-24
4.04105
11.4848
5.49027e-13
44.4296
12.6112
2.55531e-22
28.0051
20.5976
5.18978e-15
2.13331e-06
1.21891e-24
53.3755
2.97351e-21
2.40576e-06
8.87986
63.3453
4.09419e-19
30.1671
13.2789
5.55264e-14
1.9032e-16
2.35713e-23
38.4484
25.7831
2.6493e-21
19.03
21.1191
17.1951
38.5896
18.0871
36.4415
105.145
37.6622
2.5355e-07
17.8476
35.7266
4.96593e-11
80.4866
2.816e-09
46.472
27.9318
8.4468e-22
8.60328e-13
19.6836
7.7837
23.4944
2.0025e-19
45.6437
1.15335e-07
9.01451e-11
5.11646e-26
24.402
1.57892e-23
8.63526e-19
74.1667
2.84368e-13
33.3337
8.56071
21.5648
127.371
4.16555e-24
42.6912
33.1375
1.16787e-16
2.58513e-25
6.76434e-23
3.18284e-20
54.7253
4.32754
14.1918
91.1995
1.98126e-22
2.01493e-24
8.24056e-25
4.81579e-21
3.27382e-25
19.8327
5.24837e-09
2.9602e-25
3.75106e-15
2.53755e-21
8.66502e-12
105.669
30.6208
22.7709
13.3223
39.5709
73.1318
82.939
58.7033
37.4561
21.8593
3.08301e-20
1.71185e-21
64.614
4.47557e-08
71.3203
8.92697e-06
116.033
49.3103
4.45607e-05
1.78966e-11
55.9863
98.5849
3.44736e-16
4.07364
23.7866
37.576
1.0804e-17
28.6146
2.89404e-25
1.09268e-11
4.63713e-13
6.27946e-18
36.4016
45.4086
29.8939
17.4694
38.0443
9.45846e-16
1.35346e-18
7.35801e-18
23.5897
87.2646
51.0145
19.8208
57.3804
1.31721e-07
7.58686e-19
54.7889
19.3086
22.6824
3.85445e-20
31.864
65.7962
9.4128e-08
1.54777e-24
64.1352
186.756
1.51586e-22
95.2122
2.51314e-16
5.83324e-25
5.14024e-23
60.6452
14.9638
69.4053
13.516
1.04379e-23
30.7718
26.7546
52.5986
1.60322e-13
30.6793
53.3798
62.3673
1.42745e-05
25.3718
1.36145e-15
55.516
1.56917e-16
50.0014
39.4576
37.3211
16.7612
2.04797e-21
5.29533
20.1026
73.7354
1.37209e-18
22.8795
1.61121e-24
1.38017e-16
9.38432e-15
21.455
8.11816
3.39332e-22
41.7705
5.59168e-24
2.25575e-18
33.2382
2.83136e-17
8.23386e-16
1.07971e-16
41.9404
38.5963
6.45815e-25
1.56915e-25
8.59322e-22
8.4259e-25
18.1811
5.37853e-21
5.66731e-15
9.06319e-25
50.1842
36.7896
45.3113
16.2796
41.3631
41.2949
48.7314
72.7391
24.0738
2.37141e-07
30.4878
2.56466e-10
6.15633e-12
1.11078e-05
2.63885e-17
4.88877e-06
38.9345
49.5718
3.87364e-13
1.79202e-10
2.35664e-24
83.6259
26.1947
3.77349e-20
0.00101563
8.511e-16
2.93429
0.000497984
58.0112
4.4982e-08
41.8473
3.98159e-22
46.1737
24.0137
1.17509e-20
24.0641
97.4834
2.53991e-23
3.73805e-23
27.2068
1.35489
1.69482e-10
49.7691
30.1477
1.66917e-10
5.57925e-19
53.7395
6.15786e-24
25.3176
21.2335
43.5873
7.47074e-24
18.5181
1.81805e-10
7.79329e-19
23.9548
66.2671
25.4193
11.5183
1.78109e-13
4.03774e-19
46.4471
17.1001
15.5362
24.4003
71.6826
28.1558
7.2726e-21
4.24095e-07
87.1021
94.7572
3.56075e-06
1.60644e-22
33.0025
8.13532e-07
58.4361
31.2089
2.5646e-10
43.4622
39.5921
1.17337e-05
5.27752e-24
1.5328e-16
17.4849
1.0971e-14
21.1893
1.46261e-10
2.20456e-24
4.91492e-24
0.0156219
10.7501
8.43757e-18
2.65193e-13
1.81058e-09
2.02744e-23
3.4885e-15
25.466
4.88084e-08
54.8116
25.732
47.2048
38.0971
40.1945
86.6989
50.2781
1.92579e-21
23.6417
71.4681
1.49352e-24
1.04057e-25
1.63204e-06
2.73826e-20
8.00566
4.74446e-25
3.73818e-07
1.49989e-22
50.0056
29.6005
59.4352
4.78451e-13
45.6319
27.9291
1.89554e-21
5.58515e-22
1.37862e-05
62.7628
14.5366
75.6756
64.571
10.0353
17.1944
38.5885
18.0862
7.03879
15.2668
11.871
5.84644
4.4173e-06
2.80134e-20
38.3025
71.8349
43.4681
29.9243
30.3293
10.8942
7.62788
7.92606e-23
17.2614
37.3605
32.4549
19.4113
46.8363
8.93137e-19
29.8532
24.9072
2.48113e-05
2.61172e-21
43.6063
1.12828e-24
16.8439
125.861
4.70477e-22
2.33804e-24
17.2001
38.6076
18.1029
12.4474
11.3721
10.3031
2.95085
9.90598
18.3076
32.5865
34.7988
1.14237e-12
28.0131
20.5951
4.65487
17.0973
0.00103731
5.0272e-20
51.4991
3.72589e-22
1.26612
69.6612
39.2134
30.1719
13.1162
4.74803e-14
1.31971e-05
29.2333
3.20821
21.8764
11.9076
11.6777
22.2217
17.1944
38.5887
18.0863
2.79597e-15
3.5286e-13
2.40405e-19
13.5232
27.7555
66.9623
33.5823
1.11131e-24
25.1605
46.4716
27.9308
8.40483e-22
5.52007e-20
6.72066
2.85531e-14
6.03936e-22
11.9459
317.915
40.3592
1.31439e-16
1.37429e-24
1.56507e-23
4.78506e-23
1.22448e-19
30.5432
3.38475e-23
41.7122
32.9005
8.2817e-18
1.23629e-18
4.25662e-12
47.8881
27.0294
6.50815e-12
8.84503e-23
1.53036e-19
111.922
29.1247
27.0677
3.55132e-23
7.98726e-19
1.27852e-22
2.02283e-24
5.45592e-24
4.18088e-23
32.3226
4.91726e-18
9.52704e-26
43.4696
49.2522
4.18392e-19
8.99879
35.103
41.8039
29.4108
20.3194
1.3797e-11
72.2897
9.6609e-24
62.6314
2.15127e-06
0.190031
6.01649
1.27903e-19
86.2564
78.7406
49.9679
7.03114e-10
0.470771
28.6257
1.29032e-11
1.28561e-20
1.27422e-05
1.66475e-09
1.95213e-18
8.7652e-25
70.0334
4.90346e-23
1.17695e-19
8.97033
17.7826
2.27208e-16
9.1544e-24
38.4234
4.89831e-25
4.52197e-12
36.3227
25.1849
34.2788
40.7036
2.40601e-10
6.36224e-22
7.59404e-19
30.2926
41.7211
86.5088
0.00336195
73.5414
70.7055
47.7406
4.47155e-23
26.9014
52.2531
55.7571
1.25808e-14
9.14994e-15
56.0653
2.18128e-17
76.8274
37.4747
161.847
3.68968e-19
0.000871562
77.771
52.4767
31.7419
5.69332e-17
3.5569e-18
1.72825e-19
41.1574
29.4958
157.901
1.04117e-23
3.7583e-24
2.87786e-12
1.07465e-18
27.012
21.9873
58.3456
1.88993e-16
7.86135e-21
2.95905e-24
28.2604
3.63433e-16
30.6954
39.7385
6.08547e-22
72.8074
3.58911
6.6612e-23
1.13822e-09
1.66888e-18
33.0635
1.52916e-13
2.39423e-05
14.018
1.79215e-11
30.7131
44.6197
8.02463
51.7844
3.54165e-21
1.28808e-14
4.6637e-21
1.98111e-10
2.55446e-16
4.30271e-10
7.10777e-07
1.68193e-17
1.58163e-17
30.1638
27.3486
7.33465e-16
40.275
44.9141
19.1199
3.6087e-06
1.16646e-15
104.185
3.93028e-16
37.8799
49.8076
39.7777
42.8551
31.0459
2.56382e-10
29.9033
3.62307e-14
1.99709e-05
6.78014e-25
23.8833
42.8735
10.7343
83.041
2.15806e-14
237.252
2.05383e-07
1.22635e-25
6.57922e-26
4.23058e-22
23.6923
172.596
2.00805e-11
5.04759e-22
0.923304
36.6815
93.5064
25.6782
1.11681e-05
53.8127
4.7014e-16
87.8951
3.04746e-23
4.74065e-12
21.2315
38.2232
0.0120685
30.6672
2.56444e-10
2.21331e-12
25.3406
5.47772e-10
9.16624e-19
2.50262e-17
3.94328e-21
6.58774e-09
38.3475
20.6083
70.1745
26.4495
4.62276e-18
15.34
26.134
1.00558e-20
62.1234
39.2046
46.0528
142.703
1.86796e-07
47.9991
14.9667
66.2343
36.4643
1.04161e-20
6.13106
1.04235e-21
1.41646e-07
63.1372
2.08768e-17
4.71387e-17
31.7712
2.56369e-10
26.3925
39.5015
65.1953
27.5278
26.3887
6.23341e-21
21.5698
86.1748
1.10141e-10
2.75963e-09
59.435
8.9087e-10
1.58055e-20
4.51475e-14
1.61294e-24
2.36625e-11
1.44679e-21
23.6382
14.0022
84.2499
55.6889
9.78163e-25
1.03373e-15
4.51511e-15
37.0731
56.7026
4.03939e-06
1.906e-15
1.08756e-16
31.6168
2.28811e-25
1.94147e-15
1.0881e-05
9.61197e-08
48.5995
9.86514e-14
14.4147
5.03941e-23
2.35355e-24
3.30583
2.83312e-09
8.76863e-13
45.6127
27.8906
4.31903e-17
2.06242e-23
1.36266e-24
6.38696e-20
2.79555e-18
23.0148
1.10464e-21
4.83709e-17
17.1934
38.4859
17.9965
22.2714
2.50604e-10
28.6541
4.47856e-09
7.016e-12
2.4066e-24
14.5913
3.20616e-20
1.53603e-21
33.4261
2.56148e-10
2.94782e-20
51.6738
12.4247
7.94475
7.3285e-22
32.2335
9.1913
2.22592e-08
7.14408e-21
33.2408
23.6572
11.2979
38.3707
17.1166
4.90075e-15
13.7247
8.55472e-24
1.60041e-11
8.67579e-17
17.1949
38.5084
18.0161
19.5014
5.5645e-16
12.1745
57.5001
33.2245
57.5133
29.321
8.77985
2.79534e-25
27.6943
20.2776
4.91847e-05
25.2515
6.22313e-22
5.69453e-16
36.4689
2.48578e-20
1.71212e-17
2.11402e-15
1.54443e-15
33.5904
13.4477
21.7531
1.5224e-06
32.7875
3.11292e-17
5.62962e-21
4.22344e-23
43.2373
3.28815e-16
17.1937
38.4861
17.9969
14.5815
3.66482e-19
19.7009
1.11008e-18
14.7946
6.41222e-06
19.5022
2.26951e-06
7.69953e-10
46.4736
27.6952
3.5433e-16
14.9597
4.60028e-24
1.58403e-21
0.00118488
31.0771
21.0409
2.6306e-10
9.02337e-23
66.3206
5.92857e-23
48.171
33.5295
8.19506e-19
1.30005e-10
62.3449
53.86
9.02691
1.8971e-15
2.82191e-13
65.1575
33.8429
6.12904e-26
16.5346
6.61649e-18
46.1206
3.01851e-21
1.36677e-20
6.21212e-18
5.8452e-13
7.49091e-20
71.0029
3.24221e-07
1.7462e-23
6.7299e-24
41.3341
41.4746
17.299
59.115
1.18297e-14
41.5797
34.8003
46.4759
28.1348
1.064e-16
17.4881
38.8485
27.4917
23.5935
8.05093
1.26753e-05
28.9033
1.07756e-06
1.44348e-26
60.2685
45.158
8.76496e-16
32.0578
33.6627
57.5676
18.628
6.09563e-14
1.87249e-12
35.4042
1.30606e-23
99.2921
1.5458e-10
1.06023e-13
1.80482e-24
55.0458
19.8025
3.15081e-15
3.15846e-14
1.12615e-19
1.16341e-17
46.4757
28.1401
2.39507e-20
4.43741e-17
7.04323e-25
16.7112
54.9328
16.6248
1.05906e-22
57.5087
24.4604
7.34973e-24
60.8454
44.9147
1.24173e-23
1.22036e-18
31.5118
26.9182
28.2875
68.1742
35.9222
6.00838e-06
2.78595e-12
5.08279e-16
32.878
9.32268e-21
8.46184e-07
2.79365e-19
45.6702
0.00217407
20.1658
50.9308
0.0014856
46.4759
28.1394
1.62508e-16
39.9419
42.3723
1.93955e-18
1.55526e-12
5.32486e-14
4.5519e-19
3.43432e-21
1.06732e-15
3.76958e-24
4.23937e-18
44.3316
7.51099e-21
5.10049e-22
6.23111e-26
30.1281
20.8556
59.727
8.99359
1.01358e-16
5.82433e-12
33.857
30.1879
7.41938e-24
11.7496
9.81924e-12
9.73096e-23
1.59285e-21
6.9148e-19
2.4834e-16
VECTORS velocity float
-8.14003e-24 -4.83919e-25 0
4.85788e-23 -7.42525e-23 0
-25.0103 22.5175 3.68735
1.74289e-08 1.15772e-07 0
-4.30709e-15 -1.161e-15 0
-7.59829 -24.7942 31.819
17.329 16.0293 -1.68986
56.8501 -50.8521 0.150608
4.23364 -37.2452 -6.1483
2.97584 0.735297 12.0355
-2.05223e-14 -4.01211e-14 0
-0.784531 -61.9264 -3.57054
-12.2225 -28.9754 45.8314
-3.33147e-17 -2.66596e-16 0
14.6872 6.81916 -7.92045
-1.1912e-24 -1.25567e-24 0
11.4624 15.2629 -7.09415
-2.54015e-07 9.87389e-07 0
-37.3443 -44.7502 58.3353
26.2216 -14.8952 49.9426
2.52028e-16 -4.35354e-17 0
18.8601 -8.97522 5.14371
2.68843 44.4792 -3.50007
-27.6511 -8.38516e-06 36.28
-28.0839 -0.004051 1.76483
8.58661 15.2847 -3.30676
0.250798 1.66676 0
-29.885 -15.3892 -0.282472
-30.9657 -16.9657 6.62384
-39.2816 33.2456 54.4169
0.332653 27.3164 20.2997
-50.7631 23.064 22.8071
-25.6214 -19.9407 -0.217338
-1.506e-05 1.21886e-05 0
-1.62658e-21 -1.58186e-21 0
0.147889 -1.12183 0
24.2161 4.20271 13.0185
10.1702 13.4413 13.063
17.8438 -1.77807 -5.20203
3.01002e-18 2.57104e-17 0
7.66849 2.48924 -0.96795
-5.77331e-06 4.67656e-06 0
18.3715 41.6748 92.8832
-1.98849e-14 -5.7318e-15 0
-46.5026 -4.2086 8.32274
-7.34176e-27 6.50503e-27 0
2.16723e-14 3.49264e-14 0
-6.59214e-26 -1.75304e-25 0
-7.44834e-24 -1.00697e-23 0
-6.49719e-12 -1.05615e-11 0
-5.99298e-14 -7.42023e-15 0
18.3548 2.84869 11.7022
64.3769 -27.4879 -0.840699
-24.8713 -22.3049 5.92134
-1.83091e-21 -2.15853e-21 0
-6.00669e-14 -1.73142e-14 0
-27.6216 4.30588e-06 36.3022
-28.0847 -0.00203372 1.7704
-2.0243e-08 -3.67866e-08 0
-10.6083 9.23224 3.46136
1.4771e-12 -5.42645e-13 0
0.00129342 -0.000216556 0
7.72145e-09 -1.68424e-08 0
9.686 -18.5013 2.7015
26.0726 -17.113 42.7197
0.889832 0.585348 10.8763
-1.26027e-07 5.29444e-08 0
-9.55732e-27 -1.51608e-25 0
-3.61663e-21 -1.79874e-21 0
-5.99518e-23 9.67151e-23 0
1.33241e-21 1.32953e-20 0
26.9898 30.74 12.7324
-1.01785e-23 3.86175e-24 0
6.59223 33.4153 -6.82919
32.2712 2.41571 -2.95407
-53.6479 -3.33997 6.85189
2.66393 -9.25182 5.95089
3.59602e-12 1.52036e-10 0
-12.9631 86.1248 16.5213
-4.27879e-12 3.23623e-11 0
23.553 4.71848 -6.09994
-4.38299e-09 2.93018e-09 0
1.04182e-22 -3.82705e-22 0
-4.51841e-23 -1.45996e-22 0
-1.72376e-06 4.25382e-05 0
9.82088e-20 -5.52064e-19 0
14.8454 -64.2977 5.09996
-1.06634e-22 2.37444e-22 0
-2.79036e-13 -2.23276e-12 0
-27.6511 1.20705e-05 36.28
-28.0785 -9.40688e-05 1.78898
-21.3865 6.88206 0.117123
-65.335 14.1774 6.46732
-9.44276e-26 1.73377e-25 0
10.2697 -12.9917 6.0179
1.60006e-16 -5.54298e-18 0
7.45948e-13 8.7519e-13 0
-28.3434 -4.03556 14.2443
9.70452 16.3732 3.49952
-3.01874e-12 6.67985e-11 0
-7.8304 41.6456 40.524
-1.94047e-19 -5.64948e-20 0
19.4515 -15.1628 -3.87633
-4.69823e-24 4.50666e-24 0
15.4534 -24.8514 3.50378
1.31418e-16 -1.22026e-16 0
-16.046 46.2825 -4.36784
30.4798 -0.28248 63.2333
19.6381 2.97208 4.92543
15.5884 12.4113 33.5072
-1.00462e-09 -2.8957e-10 0
1.05024e-23 2.19581e-23 0
-24.4128 -23.1648 3.56052
-3.79239e-10 -1.09315e-10 0
-13.3787 31.1334 -5.23108
23.0426 -35.4228 7.40653
13.6629 -11.186 -1.24492
2.95802 -17.6704 -5.58785
13.2655 65.0112 52.7286
1.87972e-23 -1.55297e-22 0
-5.5135e-21 1.99204e-20 0
8.20757e-27 -1.42119e-25 0
-2.91983e-14 -2.33629e-13 0
-4.58408e-13 -4.71258e-12 0
-1.66585e-25 -5.18082e-25 0
26.7744 -11.4103 42.8973
-1.441e-11 -2.18147e-11 0
1.68485 -7.24538 15.5868
2.78648e-08 6.16115e-08 0
-2.3539e-20 -4.60347e-21 0
8.41849 23.4734 3.89982
-6.24678e-18 -9.37259e-18 0
-1.2685e-13 2.80692e-12 0
-0.000263628 -27.6328 36.2902
0.231859 -27.6793 0.920984
-6.0441 -9.65967 13.5628
16.3799 16.7579 14.1632
3.47799e-22 -4.13887e-22 0
-4.38245 15.0293 8.56274
22.4464 -32.4552 13.9703
-20.6183 1.98857 3.82914
4.57506 -57.6257 27.0151
21.7083 -5.78519 12.764
-1.04668e-05 -8.07275e-05 17.1937
-3.94792e-05 -2.08074e-05 38.4859
-0.000170295 -0.000126588 17.9968
24.9667 12.4879 -2.35715
3.23617 0.375663 3.23062
11.7418 11.3436 22.3836
-2.22887e-14 1.32326e-14 0
36.6892 34.2935 50.2094
2.54359e-17 4.18434e-17 0
9.01634 27.4208 60.6611
4.79782e-06 2.82299e-05 0
-28.691 18.5544 6.27773
2.80461 30.385 13.0815
-1.01639e-14 2.56138e-10 0
15.9852 0.863357 -3.28882
-4.56672e-25 -7.23445e-26 0
23.5886 -9.87592 15.8505
-6.9273e-14 -2.10809e-12 0
9.03608e-23 1.09469e-22 0
-16.5214 -37.9778 -1.53855
-27.2869 35.7794 11.621
16.8765 -21.3078 26.6185
20.9571 -27.9984 36.435
3.25662 -24.2872 21.5889
-0.405765 -24.547 -4.39275
3.92508 6.10113 -4.7785
-157.414 -52.3275 61.7493
4.61126e-08 6.60395e-09 0
9.40167 -72.2616 -7.86627
6.06223 -16.9436 -2.39703
2.26685e-20 5.9141e-20 0
-9.34585e-25 -1.50332e-25 0
-0.135288 -27.1673 18.8896
-5.4084e-06 1.19412e-05 17.1949
-3.66558e-05 9.38064e-14 38.5084
-0.000732897 0.000114295 18.0164
-1.32892e-17 -3.04049e-19 0
6.47208 -7.96711 0.189872
6.65796 0.692411 12.8155
5.30298 1.80362 12.3032
9.11781 2.62497 67.9567
-5.01995e-18 -3.1011e-17 0
16.9168 2.80614 21.4574
21.0405 0.496325 27.1781
6.96866 -43.7233 -6.70829
6.18801 13.4506 22.263
-0.000684767 13.7888 15.7379
-2.27161 -10.0019 -3.54482
3.165 3.85456 5.35846
-16.9365 12.3811 4.20917
10.2991 69.3567 -5.4499
-6.03258e-25 4.68968e-25 0
2.14435e-24 8.28492e-24 0
-4.98278e-10 -1.43628e-10 0
-2.21625 -12.8318 3.66308
-2.75854 42.2517 1.19932
3.2323 -24.364 21.7997
1.56059 -3.34262 12.3328
12.7415 32.9206 5.58234
6.7833e-16 -3.81918e-15 0
23.8922 5.0358 41.751
-20.0308 -13.4783 43.0336
15.225 -23.7838 2.64549
-2.37629e-24 5.75584e-23 0
20.8831 48.0403 21.3603
-1.27182e-07 -3.04443e-07 0
-3.49528e-05 4.11698e-05 17.1938
-3.94792e-05 2.08074e-05 38.4859
-0.00116889 0.000121297 17.9971
-8.65824 -21.0282 29.9202
3.31625e-15 3.52787e-15 0
8.95381 -18.8888 16.773
5.5938e-06 2.37532e-05 0
10.3186 -26.8097 2.07022
7.22754 -4.58633 3.4752
18.9593 -19.1694 -4.29048
-1.61994e-25 -8.46859e-25 0
-5.99202e-25 1.2819e-24 0
-0.00018854 32.0814 33.6241
-0.000233829 27.89 -0.141386
12.1995 13.8718 -6.76991
-2.47914 -8.39531 6.34321
11.1454 26.7131 16.5594
-3.90389e-18 -1.60288e-17 0
13.8763 21.1871 23.96
20.5819 30.1655 0.0303485
1.0127e-23 4.99804e-25 0
44.8205 57.9338 24.9654
-1.39695e-13 3.09116e-12 0
-13.5946 -83.1961 84.1901
-1.71605e-23 6.05554e-23 0
17.0387 -31.2057 28.9154
17.4925 -9.9845 38.154
9.3231e-18 1.55143e-15 0
55.1714 -4.48975 48.9296
55.8194 19.4844 26.9146
5.17619e-25 -6.98596e-25 0
1.80571e-18 -3.10438e-17 0
-5.2202e-12 3.84555e-11 0
-9.90523 -19.428 6.34997
5.87609e-25 -2.25613e-23 0
-101.979 60.3784 -1.16777
-1.53415e-15 -2.1065e-15 0
25.7156 17.8938 3.69605
-1.85868e-16 -9.24416e-17 0
-1.02698e-18 -5.81466e-19 0
-49.7257 -1.01996 9.18225
2.17226e-18 -8.28727e-19 0
2.37112e-23 -1.3313e-22 0
2.1239e-09 3.75677e-09 0
-2.38236e-10 3.64587e-10 0
-2.51842e-08 -2.01515e-07 0
2.00673e-24 1.58017e-23 0
-4.22772e-23 3.70064e-23 0
6.41827 23.0357 6.01946
8.02617e-14 1.77449e-14 0
-7.9274e-15 -1.4132e-14 0
2.17231 28.8629 -6.53599
6.67765 -7.46284 10.3339
2.89694e-15 -9.67637e-16 0
-31.3775 1.88092 -1.00995
-21.6189 -2.38778 29.0079
27.6639 3.09349 14.1703
2.56401e-10 -1.01744e-14 0
10.719 -45.386 46.5365
-1.81341e-24 -1.21375e-24 0
7.46566 -20.1961 46.7318
-26.4258 -15.8175 82.752
-43.2818 46.0791 -3.64171
0.0699646 0.0465099 0
44.6931 9.4442 -4.56714
20.8546 32.9053 34.9041
10.9496 -11.4353 -3.8097
-36.6001 -175.362 72.9144
4.0876e-23 -6.22213e-23 0
-2.9325e-24 -1.79666e-24 0
-2.95403e-25 -1.08187e-25 0
-5.93344e-18 -4.55191e-17 0
19.813 33.4092 20.419
-1.00654e-18 -1.5102e-18 0
-1.47987e-23 -1.90399e-23 0
-5.1906 -0.863724 29.8213
-9.7984e-22 2.04212e-21 0
26.8629 -26.4388 11.5054
41.9605 -55.3408 31.1162
13.6671 17.694 12.0939
-2.47604e-14 1.98791e-14 0
1.82985e-19 3.61138e-19 0
15.3033 28.0376 2.8233
37.602 12.4595 5.09925
-2.6085e-10 -7.51898e-11 0
21.8611 30.924 45.3803
7.89612e-21 -1.8811e-19 0
41.8944 9.86671 -5.32052
-42.9053 3.07778 3.7958
26.6948 3.02625 14.3965
2.56455e-10 -2.42688e-15 0
18.8202 21.5882 11.6888
2.44098e-12 3.22241e-13 0
-35.2037 -8.41032 3.24478
-1.54156e-12 -2.04423e-11 0
-4.14086e-05 -0.00179052 0
0.15237 -0.152076 0
-25.6326 16.9273 9.36679
-6.25598 -0.120701 10.6074
7.44036e-20 2.98253e-19 0
73.6355 24.4883 18.8681
-80.1605 -15.2547 34.3969
0.49224 6.85741 17.4186
5.70817e-15 1.14565e-14 0
-9.54875 -16.0349 10.9099
1.11797e-23 6.45587e-23 0
3.24938 -1.7321 -4.43082
6.25391 5.37277 5.09731
-32.2023 -33.9081 7.51267
1.16508e-20 -3.7129e-21 0
7.69828 -1.97309 18.9453
-2.40118 135.255 9.40875
1.70184e-22 -1.59239e-22 0
-9.62461e-07 -4.7868e-07 0
-6.10835e-23 2.1654e-22 0
13.0672 -18.3794 13.4007
41.563 -51.8465 27.2478
-2.25075e-10 -6.48775e-11 0
17.5937 -20.4239 60.9344
-1.29103 -42.7273 -1.06252
-28.1709 12.6906 31.0014
-41.7193 1.56026 1.76969
27.8239 -1.10717 14.5211
2.56383e-10 1.12797e-14 0
87.9469 -179.78 239.337
27.4324 25.9175 86.439
8.58081 22.3269 20.0207
3.09763 -19.1643 5.85838
2.1725e-22 1.26728e-22 0
2.44258e-21 -5.7881e-20 0
-1.08648e-18 -3.49056e-19 0
32.4438 -6.09619 17.6781
1.50686e-14 1.03066e-13 0
-7.95168e-13 -9.29109e-12 0
-6.26729e-25 9.5121e-25 0
63.9262 92.6114 6.07635
31.202 -18.8159 1.66445
3.83568e-06 2.31249e-05 0
-93.6647 9.86906 38.7845
2.78673e-11 2.98449e-11 0
-7.0812e-23 2.58116e-23 0
7.15567 -40.2904 2.49298
4.35399e-08 -1.314e-08 0
-2.10247e-14 -9.09116e-13 0
16.6132 26.3416 -0.941898
-6.43694 -20.6083 21.3153
-2.24579e-09 -5.08299e-10 0
-2.8051e-21 -6.83249e-21 0
-4.51717e-15 2.76328e-15 0
-69.5813 15.5988 -4.04867
12.028 3.59651 -4.85422
6.34989e-15 1.29946e-14 0
-31.4275 82.7969 -4.56817
0.000859061 8.26812e-05 0
-4.00494e-22 4.10484e-21 0
-8.61948e-16 4.5944e-16 0
27.6228 -2.52079 11.1901
8.84592e-16 1.45942e-15 0
-9.19766e-10 -2.65111e-10 0
-8.87147e-26 -9.38424e-26 0
1.48047e-15 2.44286e-15 0
-1.58281e-16 -1.25465e-15 0
5.14221e-10 4.54185e-10 0
-3.45155e-25 -4.53422e-25 0
31.4097 43.1791 40.9144
-2.22617e-13 -1.78131e-12 0
-7.02089e-25 -5.79523e-25 0
25.3836 41.9878 20.0591
0.359883 27.7331 23.7083
-2.42522e-09 4.78074e-10 0
-37.5828 -25.7195 -4.27917
-9.42306e-25 -5.02542e-25 0
19.2059 5.08339 10.8509
9.17712 2.90669 27.5213
13.617 -5.22618 -3.15671
6.28474e-24 4.49758e-24 0
2.09848e-23 -1.01996e-24 0
-2.75872 7.04823 30.2578
-29.2634 -0.984631 -3.73861
5.42443 3.97887 -4.67996
-1.61023e-13 -4.64144e-14 0
-0.00137282 0.000295275 0
-42.6434 23.6878 9.62979
16.8944 16.5818 12.9925
3.7202e-05 -2.43398e-05 0
-1.09964 -8.93454 0
19.9169 12.5986 -6.45703
-2.60527e-12 -2.08482e-11 0
-1.50923e-20 2.05902e-20 0
23.6519 -6.84323 13.9862
-1.02558e-13 -8.21568e-13 0
2.52239e-18 4.0616e-18 0
109.586 -35.207 20.1338
-3.1383e-25 -8.83481e-25 0
-1.26131e-09 -3.63522e-10 0
-2.05829e-23 -8.32127e-24 0
-5.79523e-22 -5.12705e-21 0
-4.32765 6.65823 35.6026
-2.90721e-14 -8.36146e-15 0
8.68444 5.06014 39.637
43.5588 -14.2737 -0.618446
-1.85199e-14 -8.16746e-14 0
5.72489e-26 2.32203e-24 0
-2.17692e-16 -1.70928e-17 0
-8.36791e-19 -2.41922e-19 0
1.5326e-23 5.74339e-24 0
4.14383 -29.359 24.759
16.904 -33.6048 27.5045
6.97613 -2.01028 1.97899
38.318 10.8399 6.31923
-11.8799 5.32112 26.7751
-23.9987 -0.256578 5.38097
7.65897e-10 -9.25659e-10 0
4.96213 -6.34203 1.75876
-3.34858e-18 2.99861e-19 0
-3.8415e-23 3.09664e-24 0
-20.6741 -32.6965 2.17468
-40.5077 26.5557 2.83437
-52.344 15.9503 19.2724
-1.52944e-20 5.53487e-20 0
-5.92379e-07 4.79435e-07 0
-2.00335e-26 4.80131e-26 0
4.40571e-25 -5.04729e-24 0
81.8697 4.55014 173.51
-1.62748e-17 -4.69116e-18 0
84.9414 -52.4532 22.4091
-1.21761e-21 2.26735e-21 0
-56.6051 14.0999 7.71438
11.9435 12.7744 35.3755
-131.982 95.0917 59.7037
-2.36246e-18 -6.80946e-19 0
-2.12983e-19 1.52998e-19 0
6.03214 -69.3041 15.4971
26.2285 2.70396 14.2866
-0.00644905 -0.0191285 0
-4.519e-14 -1.4733e-14 0
-2.10631e-13 2.61302e-13 0
2.16807e-26 -5.90223e-25 0
1.18522e-11 2.18138e-10 0
1.44516e-18 -4.0187e-19 0
14.9233 -2.57042 17.6272
-5.8383e-13 -4.60677e-12 0
-2.96422e-05 2.39915e-05 0
-6.23432 -1.51426 30.3541
-29.3952 0.353867 -0.616012
-8.56134e-09 -6.85088e-08 0
25.488 -12.1528 26.2478
32.9026 -38.2487 2.12817
-21.6077 23.9569 -7.73514
1.77714e-20 6.59518e-21 0
5.98262 -21.843 -4.9761
-1.63217e-23 3.76452e-23 0
-8.07543e-10 -2.32774e-10 0
6.45295e-21 2.41174e-20 0
-1.59036e-24 1.53634e-24 0
-56.8663 88.3282 2.79534
-2.21522e-08 -3.67415e-08 0
-1.10819 -16.1253 3.29526
10.7699 26.0121 -0.708472
1.34034e-21 1.42529e-21 0
-1.48828e-22 -2.60788e-22 0
30.5675 46.7021 47.0218
-18.0709 -5.76915 39.7666
-25.4736 -11.6248 -5.57088
-1.5671e-08 -1.25397e-07 0
-9.48388e-10 8.89472e-10 0
38.7728 -10.2057 7.18474
5.64123e-19 2.11018e-18 0
-2.77804e-12 2.43497e-11 0
6.82997 17.9767 2.83855
10.5857 -17.2589 14.338
-7.98392e-23 -2.25591e-23 0
4.00916 -23.3206 1.41172
-2.82451e-22 1.75079e-22 0
-4.55377 46.3279 6.71347
5.41623e-28 -1.43079e-25 0
6.80408e-23 -3.83847e-22 0
-1.02636e-16 -7.3279e-16 0
2.97784e-25 -7.5377e-24 0
-0.193402 5.79836 -5.89801
18.0342 22.7506 -0.738221
73.8946 8.69719 43.724
4.05922 17.1295 3.77685
1.13128 -3.45989 10.6087
-2.12618e-16 1.56897e-15 0
18.4441 -0.708962 -6.19666
-3.13735e-21 -4.05068e-21 0
-8.20992e-06 -22.8729 39.4854
0.226658 -27.9258 0.513895
8.48308e-20 -2.85943e-20 0
9.16954e-17 1.5887e-17 0
-1.91543e-17 6.93963e-17 0
19.7382 -43.2113 55.7798
-45.6537 -19.9267 34.1154
-3.18427 7.87395 18.8031
-6.90475e-09 -5.52495e-08 0
9.34401e-22 1.35965e-20 0
-1.32506e-05 -0.000104504 17.1945
-3.3417e-06 -1.46797e-05 38.5885
-3.70067e-05 -0.000160241 18.0864
-3.39901e-20 -4.51471e-20 0
-11.9664 -13.8218 0.369621
2.18369 2.76378 -1.96089
4.57199 1.71693 -4.25181
-8.79164 17.1264 31.4648
2.76588e-24 1.86326e-24 0
4.30087 -5.11865 5.58702
7.1447e-22 5.86137e-22 0
3.02762 -43.0276 4.17073
3.08317 25.8891 14.6879
-3.72493e-15 1.66881e-10 0
3.20133e-16 1.24094e-15 0
3.61326 3.72042 -7.92843
-9.23621e-19 4.06299e-18 0
5.52424e-21 -1.31508e-19 0
-0.48251 31.5719 4.05789
19.8684 -1.46902 11.4704
8.13961 6.87574 -1.73271
-1.41477e-08 -1.1321e-07 0
8.4514 20.3102 15.474
3.54959 -19.1874 22.5937
-0.453217 -24.5383 -4.2054
-2.80855e-08 7.08585e-08 0
11.5435 31.281 -5.29937
2.07583e-24 -1.09225e-23 0
-10.1043 11.2712 15.9893
-5.86731e-12 3.36198e-12 0
26.6493 -44.6896 15.825
23.7737 -45.2229 18.8054
-3.07395e-06 2.49325e-06 0
5.81649e-05 1.68079e-05 17.2004
-3.08302e-06 7.71804e-10 38.6076
-8.23909e-05 1.12312e-05 18.1033
13.3564 -14.3093 19.5421
-13.0696 -5.6078 -3.09035
26.7044 11.238 12.017
7.21678 3.65334 0.264425
3.0723 -2.4892 9.31351
5.26529 7.20161 24.1421
22.1039 9.26067 55.2615
6.56154 0.629436 9.38761
1.11004e-09 -4.20957e-09 0
3.35143 21.6947 17.4037
-1.6028 12.3591 16.3533
9.86056 -12.0413 16.0885
-5.57369e-12 1.23334e-10 0
-9.67893e-09 1.19821e-05 0
-1.22415e-13 2.7088e-12 0
9.87336 9.50297 -4.17577
-1.92684e-16 -3.67339e-16 0
1.22947e-06 1.02929e-05 0
4.45819 1.54762 -1.37192
1.47876 43.1911 -5.90409
3.49797 -19.3125 22.9164
1.7839 -3.10158 12.7711
2.56867e-12 -1.15996e-11 0
4.65512 14.2481 8.88728
-3.00082e-16 -1.49246e-16 0
9.99304e-09 -2.52915e-08 0
-1.77027e-22 2.69176e-19 0
9.0619 65.4141 79.9458
3.5521 -29.246 -2.82394
-1.5917e-12 -1.27359e-11 0
2.77736e-05 2.92577e-05 17.1947
-3.32598e-06 1.46843e-05 38.5885
-0.000367247 7.92024e-05 18.0867
-20.4578 0.279637 3.28556
4.6648 -7.35405 -0.551115
-2.35419e-18 -1.88364e-17 0
3.20704 -12.1324 27.3069
0.041496 -0.0569922 0
-6.09952e-14 -2.2046e-13 0
-4.43657 -9.00933 5.94836
-20.2529 -16.0537 15.0418
-6.58431e-25 1.24239e-25 0
-1.234e-05 27.7718 37.2604
-0.22865 27.9232 0.520016
-1.88695e-23 -8.56976e-22 0
-7.64782e-16 2.96887e-16 0
6.79181 -2.14595 9.83322
-25.5872 38.6195 50.279
-8.83217e-24 -1.03318e-22 0
-3.68954e-19 -1.62924e-19 0
0.158613 -6.20929 0.151589
2.67199 32.4363 9.13329
-1.36056e-07 3.01064e-06 0
-3.62941e-24 -1.1895e-24 0
22.5251 -0.394791 11.5006
-19.8267 50.9067 -5.49972
1.98486e-20 2.28691e-20 0
-18.4012 -33.0411 8.40086
-1.38288e-22 4.89546e-22 0
-1.31012 -10.3636 51.6388
-29.6324 -26.706 -3.96484
1.24724e-13 -3.08971e-13 0
-2.77079e-13 -7.9866e-14 0
-0.000446871 0.000112316 0
-5.37118e-27 -1.4493e-26 0
-3.1415e-16 -1.11502e-15 0
-2.42848e-17 -2.37886e-16 0
1.05111e-20 -8.00288e-21 0
-9.31714e-18 -4.0294e-16 0
-1.81254 -0.957758 0
8.49404 -22.603 17.7808
62.9357 69.8506 -1.93557
-4.00395e-18 -1.7665e-16 0
-15.0295 -37.2631 44.4331
3.33155e-25 -4.22551e-25 0
3.75223e-24 -2.85666e-24 0
5.05959e-26 8.00191e-25 0
1.91433e-26 -4.90756e-26 0
2.20102e-11 -4.06371e-11 0
-3.92389e-18 -1.69673e-16 0
3.41725e-16 3.54187e-16 0
20.4445 4.02447 3.01855
7.26647 -2.24083 -0.0803834
14.1525 31.098 7.20521
5.25109e-10 2.70171e-09 0
-43.8721 7.08999 -6.64855
26.7857 3.15602 14.487
2.56505e-10 -2.00698e-14 0
1.11861e-21 -2.0114e-21 0
7.91908e-23 -1.88459e-22 0
35.545 -4.40295 0.0579687
-19.8718 -5.71075 -1.59069
23.8805 -15.1249 -0.0598094
16.1132 -17.2189 2.78035
-2.03588e-22 1.5809e-22 0
-2.36271e-25 -6.92511e-25 0
1.01298 0.137488 0
-5.37861e-24 1.19382e-22 0
-1.18575e-22 -1.39925e-22 0
10.4729 50.6003 64.5489
-2.18142e-17 -2.56985e-17 0
-48.0453 5.73533 9.526
-61.9567 40.0265 45.6515
7.73568e-10 -4.29951e-09 0
-3.14455e-10 -9.05981e-11 0
-1.06375e-11 -5.29054e-12 0
1.08153e-21 2.10495e-21 0
-6.42346e-24 -9.07926e-24 0
79.8221 -3.3155 0.0150964
13.3937 18.2178 12.0072
-1.60834e-24 4.02273e-26 0
-2.39531e-21 -7.82374e-22 0
-35.5326 9.09065 26.866
-5.83954 32.7428 29.5855
21.0974 18.814 -4.16276
-9.07931e-22 -6.12901e-21 0
-2.29895e-08 -1.8431e-07 0
11.5468 -9.38072 17.2727
-1.99686e-13 2.47724e-13 0
25.8372 3.08983 14.7116
1.66924e-10 6.93672e-18 0
1.10278e-20 -7.17416e-21 0
9.31645 27.6102 11.2455
19.3002 78.5521 69.9402
7.65163 -5.55341 11.6544
26.1929 -1.36955 3.73303
8.46824 -5.09871 4.20266
-4.26963 -33.7907 6.1042
0.120439 0.441898 0
-5.02228e-24 1.12048e-24 0
-22.0459 -33.2072 58.3772
-74.2778 13.5153 44.4861
-32.3845 -45.7502 7.18463
-3.40934 -2.0178 -0.824431
15.9478 -27.357 6.01029
-5.29252e-21 1.07583e-20 0
7.2954 -5.85672 -5.97946
-2.57839e-06 2.08694e-06 0
-1.21165e-12 -9.45939e-12 0
16.8238 17.7431 33.9023
-1.32519e-23 -1.42312e-23 0
47.1757 16.8097 59.0237
1.0731e-22 -1.07868e-22 0
5.99284e-26 -7.55102e-25 0
-8.33569e-26 4.95845e-26 0
8.80421e-06 -1.33446e-05 0
26.9911 -30.7936 53.502
-3.94787e-21 -1.83148e-20 0
3.90728 -15.6408 0
-2.15975e-09 -9.33885e-08 0
9.30822e-22 -5.39457e-22 0
-80.7235 28.6177 0.96721
26.9098 -1.10816 14.8733
2.56445e-10 2.06495e-14 0
1.07682e-15 -2.99678e-16 0
-61.769 26.2904 4.86626
37.138 -14.4148 -4.37799
7.81216e-07 -3.65921e-07 0
1.1592e-14 2.21964e-14 0
-21.6402 15.5382 19.8838
8.36097e-05 -2.3046e-05 0
20.4059 0.763612 12.1873
6.65525e-07 4.42345e-06 0
3.78166e-12 3.06166e-12 0
1.6081e-23 5.36969e-24 0
-7.0451 -38.3573 -4.37208
5.8894e-10 5.16116e-10 0
-46.3687 -28.1998 15.7964
3.75557e-10 2.49366e-10 0
9.45741e-18 3.27082e-18 0
-16.8751 -1.43243 14.5175
7.6262 -37.6977 -2.18802
8.57774 -23.4911 6.08185
-7.30843e-21 4.61091e-21 0
-1.3762e-24 1.3729e-24 0
-16.2329 6.8479 6.88975
-5.07145e-13 -1.18225e-13 0
-6.07486e-15 -9.25074e-15 0
-4.34906e-23 4.44456e-23 0
-18.0602 29.832 15.4569
-16.0727 -21.2189 0.885932
0.692994 -12.4412 1.31523
8.50216e-17 1.60966e-16 0
-1.89457e-25 -9.54567e-26 0
-1.94108e-08 -1.55319e-07 0
22.4664 5.96413 17.8709
-27.7197 7.4675 0.957368
-1.39209e-19 -4.05182e-20 0
6.48892e-20 2.00384e-20 0
-79.8598 -51.2834 -2.09782
-9.63657e-24 -1.14595e-23 0
1.3839 0.15893 9.89321
-1.31499e-09 -3.78987e-10 0
20.2529 -15.5901 8.74911
-11.4842 24.1067 0.949949
-0.486375 -0.423691 0
-7.01697e-25 -5.78037e-25 0
7.89104 49.2148 7.67847
0.813836 28.2868 23.5387
23.5198 -17.8448 8.11705
5.25691e-24 -1.30704e-24 0
-15.5731 2.99903 29.173
1.17747e-20 -2.80795e-19 0
1.03969e-18 2.26762e-18 0
5.77202 25.8376 18.2587
39.5325 -29.0257 -2.62105
8.80445e-24 4.13412e-25 0
-20.1986 3.54376 22.5593
-27.0159 -0.947149 -6.43671
9.38836e-07 7.60088e-07 0
6.34613e-19 2.29857e-19 0
3.20872 -2.54729 0.817723
-31.644 11.1586 -4.02249
-4.34963 -7.70859 -3.37005
-4.96417e-21 -2.32166e-23 0
-15.4124 4.4606 -4.21807
16.2117 -66.7776 35.7593
-2.33473e-12 -1.86823e-11 0
2.88251e-16 6.38192e-16 0
-3.40774e-07 -4.36321e-07 0
8.73283e-26 -8.20188e-26 0
-1.6414e-08 -1.31339e-07 0
-2.46558e-12 -1.97288e-11 0
4.84655 2.50212 0.977476
-5.69937e-21 -2.83162e-21 0
-1.46192e-25 -1.0077e-25 0
-4.98489e-24 -7.02215e-25 0
-2.57048e-24 -7.87216e-26 0
-3.58997e-13 -1.03478e-13 0
14.5885 10.8553 37.2068
-4.75267 11.9637 16.9171
1.28798e-24 -4.82217e-25 0
-2.25186e-18 -3.42912e-18 0
44.1898 62.6619 24.1602
-72.6013 -15.6735 13.9466
-30.5636 46.7836 2.53915
21.9662 -0.526182 -2.3904
-5.81417 30.1521 2.61084
-3.48385e-25 2.91208e-25 0
-2.4915e-10 -1.07738e-08 0
-19.2517 3.50315 22.9285
-12.291 -0.278354 11.5814
5.60377 -5.88429 -2.64296
0.418217 -5.78017 -1.37842
-8.19499e-22 -4.39594e-23 0
-14.226 -2.92079 5.67974
-17.159 -10.5524 2.83203
5.80434e-21 5.49503e-21 0
-14.2492 -16.6386 -6.29984
15.7774 -11.2612 -1.52686
1.73076e-12 1.15416e-11 0
6.01968e-21 5.32385e-21 0
10.2783 -15.6511 18.8632
26.707 -44.6754 -7.96069
-1.71011e-08 -1.36837e-07 0
-10.806 -6.10203 24.8235
-1.12624e-19 1.03438e-19 0
-27.9198 22.8896 1.07061
-6.35711e-14 -1.83239e-14 0
69.5151 -64.0068 37.7596
-1.25014e-18 -9.99573e-18 0
4.29062 -14.8172 18.6486
25.6883 -69.8039 8.47241
-2.39863e-22 2.56639e-23 0
-36.7111 55.2126 68.0654
-1.04938e-06 -5.21911e-07 0
-4.24888 -61.0067 28.183
12.0329 -21.1868 10.5777
-1.59609e-12 1.01759e-10 0
1.83227 -19.4659 0.898238
-94.6972 -26.794 9.95261
-1.02865 0.652172 31.9194
1.08952e-08 -2.40414e-09 0
-20.126 -0.881918 23.8345
-25.0411 0.215807 0.915344
9.62373e-09 -1.17923e-08 0
-35.0544 -0.819198 16.1558
-16.0223 -22.8972 4.01586
9.80942 0.844666 13.861
-20.6983 -11.0473 8.81934
1.15356e-11 5.7443e-11 0
1.32154e-06 8.79074e-06 0
-8.39446e-06 6.79671e-06 0
-2.87479e-07 2.37359e-07 0
-2.44642e-24 2.35798e-24 0
-2.8655e-26 -1.74435e-25 0
4.13899e-14 6.69227e-14 0
10.9342 9.32891 0
-2.24849e-22 4.57422e-22 0
-5.09954 9.5174 50.1835
-60.2444 -23.9183 1.64128
20.8324 -49.935 30.9754
-6.77104e-18 -1.95173e-18 0
-6.12011 -3.35748 31.8633
-3.35378e-10 -9.6622e-11 0
-35.8532 -40.3687 1.33777
4.98743e-19 -1.14297e-18 0
-1.37988e-10 9.99932e-10 0
1.57604e-12 -4.2795e-12 0
13.8546 9.70243 -0.526641
-1.02677e-16 -2.97095e-17 0
-4.10202e-25 -8.91528e-26 0
-1.06338e-24 -1.0086e-25 0
-2.21772e-23 -3.42288e-23 0
-4.20641e-12 -1.17741e-12 0
-6.25616e-29 -8.14009e-26 0
5.90338e-23 -3.3304e-22 0
-3.46471e-16 -2.71321e-15 0
4.23099e-25 -7.72707e-24 0
-0.401255 5.63562 -5.61392
-3.60867e-26 -8.0494e-25 0
27.0519 -36.7695 27.3655
-2.31034 17.4992 30.4689
-5.04957e-18 5.04422e-17 0
-11.6236 33.2012 17.1938
3.22176 -5.42811 -5.02043
3.3887e-22 2.56724e-22 0
5.55021e-06 -22.8624 39.4917
0.226872 -27.9259 0.511242
-102.025 58.9988 12.826
60.9511 -167.674 86.2458
-8.97818e-19 1.94248e-17 0
4.18843e-06 2.38497e-05 0
4.6055e-06 3.96513e-06 0
23.7571 6.6946 -2.9287
37.4866 10.8513 -2.22969
1.18671e-06 7.88889e-06 0
-7.93074e-06 -9.67008e-06 17.1949
3.05115e-08 -1.45904e-05 38.5893
-8.70334e-07 -4.35988e-05 18.0869
-21.4566 15.5989 24.2256
8.22322 -17.704 -1.84248
-1.65227e-15 3.35856e-15 0
4.71509 27.0537 24.0499
-48.5862 31.787 57.5931
5.54198 20.7246 13.3456
9.77937 4.44003 -3.2625
17.7088 7.67068 17.872
3.13809 -42.8944 3.92416
3.08426 25.877 14.6966
-4.36399e-15 1.66909e-10 0
0.697366 -15.0393 3.07071
3.12711e-11 6.39941e-11 0
-4.57744e-24 -1.40252e-24 0
0.539233 0.0615848 0
-0.355078 -0.170721 12.8787
30.0277 29.5229 27.8974
74.3625 -92.9823 26.5825
-8.27182e-22 -3.92877e-21 0
8.73193 19.9245 16.638
3.55199 -19.1705 22.5986
-0.452875 -24.5381 -4.20537
8.24551 -42.3158 21.5167
4.87165e-11 2.49779e-10 0
-2.00812e-24 2.43545e-24 0
-37.6855 -18.1748 1.5144
8.27424 -46.9143 8.22875
-2.01782e-17 -1.61459e-16 0
-0.151096 -39.2865 12.7852
21.4298 14.6103 13.7036
6.25864e-05 1.80012e-05 17.2012
8.14173e-08 1.66232e-08 38.6085
5.28533e-05 1.51893e-05 18.1041
-4.05506 -5.55328 14.0376
-4.54404e-14 -6.81782e-14 0
46.8982 -41.4686 26.3762
3.57552 -0.355961 -1.72419
5.38354 -0.117709 9.93901
1.12505e-11 1.205e-11 0
-13.1014 15.4685 32.1465
0.0258259 0.0681798 0
-3.08606e-09 -2.47029e-08 0
3.3542 21.6785 17.4108
-1.55889 12.4532 16.3326
3.29385e-10 -9.16674e-11 0
26.2358 0.625812 19.2138
4.54825e-26 1.07176e-25 0
-9.50814e-24 7.42607e-24 0
-25.1145 -37.7072 6.28497
-9.20625e-24 -2.48028e-23 0
-9.66149 48.7581 51.3664
-9.17317 28.7231 45.9503
3.38447 43.0795 -5.06401
3.49924 -19.2973 22.9238
1.78718 -3.10533 12.7745
-1.24123e-13 9.75514e-14 0
4.61488 15.1206 3.58533
3.66248 25.8971 10.3424
9.90541 15.6234 17.557
-5.9081e-25 1.34728e-25 0
-11.7838 -41.9346 -3.58525
-3.60212 -24.8411 3.79292
5.30386e-08 -3.04377e-08 0
5.50794e-05 1.59396e-05 17.1952
3.12571e-05 2.35832e-05 38.5894
-2.28751e-05 4.92243e-05 18.0871
6.89007 6.38941 -4.29132
-4.90575e-18 -3.67936e-17 0
5.92377 22.9701 -0.181232
-23.4216 -29.6432 14.5955
-9.32408 -20.2311 50.3264
-4.55857 -14.0056 13.4955
-2.82273 15.6015 27.7328
10.6023 10.8484 -6.7017
-1.911e-11 1.5841e-11 0
7.15782e-06 27.7622 37.2676
-0.226616 27.9258 0.511197
-2.26912e-24 -9.55876e-22 0
-8.00064 16.5117 11.3392
-3.25442e-25 2.64805e-25 0
-8.94133e-14 -6.2269e-12 0
4.58324 12.7219 -4.78337
-3.88666e-15 -1.06355e-14 0
2.15084 4.75614 0
8.05808e-22 3.36287e-22 0
-9.17372e-07 2.02995e-05 0
-61.2357 -28.4303 28.1339
-0.492707 -33.9945 -2.72802
31.0669 35.7645 62.2936
-4.68061e-23 -3.82169e-22 0
19.1362 -0.472219 12.4481
7.23869 51.0325 10.8717
-17.7619 -29.3397 39.3937
4.47428e-17 -2.02047e-16 0
6.65e-26 1.16978e-24 0
7.85714e-24 1.968e-24 0
1.81446e-11 1.09254e-10 0
-8.63343e-23 -5.63298e-24 0
9.11447e-23 1.86329e-23 0
2.12019e-22 -2.95414e-22 0
-5.21961e-18 -2.25708e-16 0
1.37319e-24 -8.50915e-25 0
8.91689 31.4151 0.0307882
-2.53981 2.66195 0.574868
-0.000836019 0.000361693 0
11.8712 -8.65231 3.47382
3.26088e-06 2.88017e-06 0
1.4768e-22 -1.34675e-22 0
4.49301e-24 -3.42652e-24 0
2.51968e-23 3.11637e-23 0
8.00839e-26 -2.08457e-25 0
5.77887e-26 -2.34733e-24 0
6.80701 32.2908 8.85743
-9.71425e-24 3.71499e-23 0
12.5742 29.4401 2.91051
7.60244 -3.50364 -1.33648
5.51467e-20 4.1948e-19 0
2.32071e-08 2.49842e-08 0
-4.83845e-14 -1.99846e-14 0
26.7855 3.15748 14.4878
2.5648e-10 -1.29779e-14 0
5.26236e-24 4.58712e-24 0
1.36521e-10 1.46108e-10 0
-6.39349e-19 -2.69622e-17 0
-23.8568 -5.48404 13.7339
-7.9313 -27.1175 0.306527
-22.5353 14.9571 12.4578
42.6076 -28.7446 18.3965
-8.41453e-06 6.81444e-06 0
1.47385e-09 -6.17895e-09 0
2.26065e-21 5.14178e-21 0
-5.54169e-26 -3.93401e-25 0
-17.174 27.767 24.9077
-11.0101 17.4459 32.5897
4.34283e-11 7.28329e-10 0
-1.87338e-17 4.88241e-17 0
0.0509541 -0.0786016 0
-2.8254e-05 2.31056e-05 0
-6.58604e-25 -8.01568e-24 0
2.6042e-21 6.1774e-23 0
4.11609e-06 5.71231e-06 0
82.1141 2.69258 -2.75417
13.3781 18.2247 12.0083
-48.2336 34.3802 1.18723
-5.60095e-26 9.7918e-26 0
43.8771 -30.5917 -6.31946
7.6854 31.4581 19.7664
-9.35631e-17 -1.91783e-15 0
28.4966 -19.0177 -5.27334
27.8661 -25.1497 14.4359
-57.203 15.2734 10.7345
-8.31796e-18 -2.39521e-18 0
25.8399 3.09006 14.7115
1.66898e-10 2.10831e-15 0
-3.08214e-20 -1.06406e-18 0
-23.2859 8.859 19.0564
2.38349e-19 -2.08003e-20 0
6.91214e-15 1.41438e-14 0
12.6234 11.016 -4.58379
-1.68618e-13 -4.86038e-14 0
-5.11404e-16 -6.33196e-17 0
-8.15399e-21 -9.8665e-21 0
26.3345 47.4485 56.3366
-41.4359 -66.4378 38.9545
-74.295 13.7233 44.4034
5.3928 -49.8291 15.9771
-5.50701 -8.3947 -1.90412
18.7251 4.10446 -6.09193
-10.6673 2.99363 10.3389
1.47325e-14 1.71791e-13 0
23.5951 -12.959 -6.13671
-2.8742e-05 2.32628e-05 0
1.48744e-12 9.94065e-12 0
1.1363e-16 2.16046e-16 0
47.7443 13.6024 57.112
3.39814e-21 -3.64684e-21 0
-3.28118e-23 -4.32516e-23 0
6.93257e-12 5.96863e-12 0
25.6836 -39.9039 28.0304
-0.917481 1.18874 0
17.3206 38.1977 -1.99196
-1.66138e-16 6.44934e-17 0
1.59153e-22 1.99987e-22 0
-5.21221 15.2805 6.85986
-6.15185e-13 -1.45989e-13 0
26.9092 -1.1091 14.8742
1.66819e-10 1.2558e-14 0
36.6625 19.8617 8.008
-0.577171 -16.7036 7.75302
18.4704 -7.80022 25.7201
3.59882e-25 -4.17036e-26 0
45.8879 -13.2039 12.6596
2.96689e-21 -2.5554e-22 0
-8.98572 -38.0006 11.2668
-9.15232e-25 -1.4558e-26 0
1.30872e-06 8.69843e-06 0
5.90526e-12 4.78094e-12 0
1.60727e-23 5.29382e-24 0
-6.98845 -38.417 -4.17346
2.30171e-19 -3.54835e-19 0
15.9659 -2.15134 0.61417
9.17e-18 1.37263e-17 0
12.9558 -1.5341 -4.8952
-3.87853e-23 -7.69925e-25 0
-3.05716e-05 2.47436e-05 0
-9.64723e-10 8.25218e-10 0
16.8745 92.1931 61.8228
-1.09971e-23 5.69446e-24 0
-16.7223 -29.638 41.5732
7.44038e-14 7.96915e-14 0
-6.52212 -16.7807 0.186374
54.0881 -26.8765 26.5068
5.40704 -9.63819 9.72947
15.9846 -2.24985 4.52883
-15.023 21.3763 1.45047
-2.47866e-24 -2.25043e-25 0
8.47258 -37.7183 8.36562
-1.29129e-17 -5.5836e-16 0
-2.67675 -29.1711 11.2281
-35.9343 52.0324 37.3626
-3.85845e-22 -1.2397e-20 0
-4.53444 -5.92627 25.5542
-4.41033e-24 -1.95703e-22 0
9.68794e-17 1.83298e-16 0
-2.32526e-05 1.88193e-05 0
2.35843e-18 -1.79471e-18 0
12.29 -6.15404 3.96599
0.597652 3.32354 -0.214284
-7.59535e-13 -6.92395e-13 0
-7.01691e-25 -5.7803e-25 0
6.98189 49.1963 6.91095
0.836762 27.5757 23.3369
-1.63333 0.944257 0
26.9003 27.6152 8.88385
59.0102 -13.3487 26.6618
-18.2449 -15.8152 -2.01421
-19.401 9.53815 20.2136
4.33167 13.2347 27.1318
1.43267e-20 5.50343e-21 0
2.1116e-25 -1.61876e-25 0
-20.1974 3.54336 22.5592
-1.6678e-10 -5.89876e-15 0
35.6716 43.631 -0.61821
-4.65515e-09 -2.01477e-07 0
21.6898 5.66749 -0.161261
12.0753 -31.0381 10.3134
25.7625 -3.8483 0.921975
-9.12491e-25 -3.44635e-25 0
0.58771 32.25 22.063
15.0201 -20.2189 1.59306
3.61563e-18 3.16195e-18 0
-31.2566 77.3568 -5.25355
-1.92757 12.8356 17.7578
7.08642e-26 -7.16775e-26 0
-2.75429e-05 2.22178e-05 0
-34.9068 -17.1314 30.8401
6.85857e-07 4.55832e-06 0
23.9367 83.978 0.236769
0.00256683 0.00783975 0
-27.2392 61.5259 0.202844
-2.8215e-13 -8.13229e-14 0
2.10154e-11 3.84267e-10 0
14.6623 10.9341 37.141
-15.6175 12.2413 13.2104
66.1053 -44.4456 23.2985
-3.04517e-13 -7.44517e-13 0
8.42322 62.4568 16.2291
4.82282 25.0954 2.41031
16.7215 25.9561 -0.3108
1.81804e-09 6.08635e-10 0
-3.09272e-18 -4.70956e-18 0
5.58483e-24 -4.25774e-23 0
1.53839e-12 1.02388e-11 0
-19.2517 3.50315 22.929
-1.66846e-10 1.07054e-15 0
-3.95001e-19 9.73705e-20 0
-11.7854 -1.24648 27.0542
-5.30895e-22 -2.77108e-23 0
-2.07559e-18 -8.36854e-20 0
-22.3053 0.586311 -4.93457
-4.75079e-15 4.3633e-15 0
3.55407e-20 -3.0184e-20 0
-6.19414e-21 3.15139e-22 0
-1.35459e-18 1.53789e-17 0
4.42372e-17 8.35505e-17 0
-5.72702 -16.1628 16.822
9.22948 -29.0793 1.36746
-6.89731 -5.55743 1.19803
-18.3218 20.1856 18.4713
-3.04151e-23 3.76488e-23 0
-4.85066e-08 -1.24205e-07 0
17.8619 -10.747 0.426276
-6.80167e-08 1.50507e-06 0
-1.79655e-15 -2.53965e-15 0
-4.25758e-08 9.42115e-07 0
27.6652 -69.4115 7.82664
-2.50004e-22 -2.53717e-22 0
13.4145 -23.5974 58.7304
0.0657233 -1.27594 0
-44.7159 -20.0887 11.0159
-2.80958e-25 -3.0904e-24 0
3.65549e-07 2.42928e-06 0
3.31675e-11 3.17559e-10 0
-6.75437 17.8183 -5.447
0.0549567 -13.7083 10.9882
3.262e-18 1.17526e-17 0
-20.125 -0.881556 23.8343
-1.66781e-10 8.53161e-15 0
-2.32873 -7.18976 -1.13986
-35.0534 -0.799018 16.1699
-8.84285e-25 -7.05728e-25 0
-3.59399e-24 -2.58523e-23 0
-1.98963e-14 4.40264e-13 0
-4.31669 25.1351 23.657
-2.26811e-17 2.81375e-17 0
-5.55764e-05 -1.7099e-05 0
-21.3801 12.9492 0.371531
-2.44642e-24 2.35796e-24 0
8.38001e-26 6.27227e-25 0
1.67715e-25 3.28406e-24 0
-11.6246 21.9961 -1.50137
-0.063433 1.40364 0
51.4827 13.7177 46.0052
-6.41414e-18 -1.84881e-18 0
5.28124 -2.01075 18.6858
22.1689 10.3457 16.2443
-31.2233 -12.4086 26.3391
-3.53292e-22 2.77511e-22 0
-1.24701e-22 1.81038e-22 0
-18.3254 -6.15552 27.7378
-12.6935 29.3185 -4.38224
-1.77053e-13 2.31751e-13 0
-6.34685 55.1855 -6.1807
43.3576 25.5329 -1.28384
1.66947e-09 5.66725e-10 0
-2.34272e-13 -1.0178e-11 0
-5.62383e-21 6.53125e-21 0
6.75358 17.1268 9.91106
2.64847e-27 -5.05141e-25 0
-4.17581e-26 -6.66756e-25 0
-3.11698e-16 -2.48066e-15 0
3.06431e-25 -3.27904e-24 0
-0.375646 5.60235 -5.53922
-3.37914e-17 1.20568e-17 0
-1.81416e-21 -4.78998e-21 0
-2.14941 22.4414 26.9994
-4.38011 1.44797 5.91809
-11.5282 27.2063 10.5341
-6.49109e-10 3.46378e-09 0
-2.32179e-18 4.63148e-17 0
5.37084e-06 -22.8623 39.4917
0.226519 -27.9261 0.51141
-6.35981e-22 -4.74425e-23 0
6.73803 6.38263 33.6971
-4.13903e-11 2.42359e-10 0
15.9805 -43.1562 32.0217
-1.89103 18.3877 2.71921
-10.0231 -2.97186 -2.8601
-2.07565 26.5964 1.84183
11.1373 24.3161 10.3006
-8.73088e-05 -8.78492e-05 17.195
3.08952e-08 -1.45829e-05 38.5893
5.96394e-06 -0.000261313 18.0873
7.23614 -7.46589 7.27188
-13.3753 -18.4372 9.02977
9.14674 0.203543 5.59358
4.59577 1.64556 -5.59291
-12.0955 -16.3336 9.21088
14.7838 9.50556 9.8466
-7.99884 6.59263 3.22252
4.32311e-14 1.32405e-13 0
3.10445 -42.9175 3.8671
3.08649 25.8779 14.6966
-2.11244e-12 5.569e-10 0
-3.83094e-05 -0.000158084 0
2.16185e-11 4.07606e-11 0
-2.11616e-21 4.67267e-20 0
1.12254e-14 2.29625e-14 0
-8.26755e-21 -3.34112e-20 0
-8.15178 -3.74842 6.53458
7.22696e-23 -4.07649e-22 0
9.72314e-15 -4.4945e-15 0
1.6117e-18 -5.38339e-19 0
3.55222 -19.1703 22.5985
-0.452906 -24.5379 -4.20564
1.51094e-13 2.76825e-14 0
-3.36351 11.4845 -4.88489
50.3689 -0.0577943 93.0269
8.19379e-23 -2.55467e-22 0
45.3594 -7.02753 31.3724
-8.77269e-18 -3.79336e-16 0
-4.50648 -36.9917 55.2407
-0.0156444 -0.00778076 0
5.10694e-08 -1.13482e-07 17.2009
5.81279e-05 1.67347e-05 38.6087
4.04822e-05 -2.32411e-05 18.1039
3.65913 23.4804 30.409
-7.90592 4.54912 7.43038
-3.04419e-17 -2.3122e-16 0
3.7179 -0.327374 -1.83147
5.58999 0.982 9.42052
30.129 39.0553 49.4228
10.6771 24.334 25.3032
0.0396375 0.0424544 0
-1.12202e-13 -2.99737e-12 0
3.35456 21.6781 17.4106
-1.55886 12.4531 16.3326
11.9219 -19.6629 -7.19952
-1.71673 0.781559 18.3326
-5.41065e-23 1.67496e-21 0
-1.0551e-23 1.23277e-23 0
-40.9295 -47.5427 -4.23288
8.09361e-07 5.3794e-06 0
-3.44108e-08 -2.75344e-07 0
15.0169 -6.72214 -0.272148
0.0265592 0.378327 0
3.50142 -19.298 22.925
1.78936 -3.11087 12.7743
4.98044e-22 -8.29233e-21 0
5.58325 17.8802 2.95946
-2.60518 48.9908 9.1681
1.4722e-17 -4.57059e-17 0
-7.45854e-24 5.1114e-24 0
-2.06147e-21 -2.30334e-19 0
7.32693 -14.6788 -4.13472
7.44118 -34.7384 23.2325
5.71888e-08 4.52272e-08 17.1949
0.000150976 5.80567e-05 38.5898
5.42913e-08 3.83974e-05 18.0869
9.33644 -2.59797 1.80656
-2.7984e-18 -2.23125e-17 0
-25.6943 54.9772 15.471
-71.8965 3.14616 16.7661
4.39912e-23 -1.8966e-22 0
3.50407e-18 3.48226e-18 0
-6.16208e-06 -1.77621e-06 0
-7.22604e-09 -5.30928e-08 0
-4.4353e-23 -4.98174e-21 0
0.000121563 27.7624 37.268
-0.226486 27.9263 0.511448
3.35537e-24 -9.51977e-22 0
-1.13801e-13 -8.91325e-13 0
13.4529 -13.6407 -5.93484
-34.2151 11.0544 -0.399041
1.00142e-17 8.19006e-18 0
-2.76563e-13 1.08329e-13 0
9.79215e-25 -3.73253e-24 0
-11.4922 14.4732 16.557
-5.13537e-07 1.13635e-05 0
7.17804e-26 -8.81675e-27 0
1.92182e-24 1.57698e-23 0
-31.6017 31.8876 -0.778663
-5.33078e-19 -7.2379e-19 0
-9.38138e-23 7.45695e-23 0
7.83125 59.8267 13.5348
-8.95451 -19.2534 17.4014
5.25041 20.4612 52.8291
2.92588e-12 -3.79947e-12 0
-6.55125 -18.0142 65.8156
-7.33093e-17 -8.63628e-17 0
-52.5572 -6.7297 2.74812
5.78919 -0.480131 7.57116
-59.2169 19.1053 16.1704
32.3443 -73.9607 7.82994
38.3083 25.7641 41.0006
-84.4149 9.87926 37.1075
29.0794 20.4942 -2.08745
-3.76061 15.9052 -1.23341
-5.60032e-07 8.34077e-08 0
-3.72906e-07 -3.46776e-07 0
1.47325e-22 -1.34442e-22 0
3.80042e-24 -2.89517e-24 0
8.43383e-27 7.88686e-25 0
-0.000925228 -0.00204174 0
1.33431e-23 -1.00012e-22 0
-5.22768e-16 -2.96134e-16 0
9.05935e-14 -2.08546e-14 0
-13.8047 -3.37652 26.6139
9.3575 -3.04484 -2.13977
-1.15979e-06 1.05899e-06 0
-33.986 29.7147 8.05786
15.9817 -46.5329 2.2752
26.7846 3.15967 14.4864
1.66832e-10 -4.54086e-15 0
-12.1096 -12.0849 -2.36188
3.74905e-21 3.81181e-21 0
-15.8396 -7.94663 1.89531
17.2505 21.8131 3.50773
33.8946 -42.0277 -6.18848
-12.134 -13.0585 -1.65421
2.85477e-19 4.85333e-19 0
1.03046e-16 -1.27483e-16 0
3.33484e-24 3.08012e-24 0
1.17899e-19 2.6831e-19 0
-2.96969e-27 -2.08346e-26 0
8.05216 21.5274 46.858
22.4053 40.011 -5.06649
-2.23798e-24 6.61418e-23 0
-9.30611 -111.799 28.2986
1.78368e-09 4.53437e-11 0
5.40814e-15 4.58997e-15 0
-9.05366 -26.1453 57.8887
6.81428e-21 -4.38909e-21 0
14.6045 34.667 8.84396
81.9417 4.78999 -2.42279
12.6407 17.8672 12.0506
-48.906 34.7634 0.981611
-1.74876e-08 -1.39935e-07 0
11.7582 -55.4252 -0.255114
-34.541 -8.21914 24.4303
-36.2415 3.23073 8.43326
-9.30079e-24 -2.91128e-24 0
-18.3557 -67.9298 -6.22642
4.48824 -7.76084 8.30922
11.3682 42.4542 10.5702
25.8364 3.08956 14.7073
1.6686e-10 4.28738e-15 0
-14.253 13.2477 35.0788
-39.7622 -3.90947 -2.3698
47.6712 34.5351 -2.76481
24.4822 -10.054 -0.210893
-5.05706 -25.827 3.00155
-4.16161e-21 -1.93564e-21 0
6.91926e-25 7.11108e-24 0
-37.6838 35.7391 75.5591
-1.19315e-06 2.40217e-05 0
-4.10721e-09 -1.77597e-07 0
-3.06747e-12 -2.45455e-11 0
-8.69156 -46.5003 20.0735
13.1696 63.0561 37.7896
-14.111 -8.43885 -1.73953
-22.3176 9.30177 -2.50578
-57.3354 -8.89963 52.3513
10.6954 -3.79363 -0.719389
-2.96115e-25 1.061e-25 0
16.6406 -95.5728 30.4742
31.0837 -19.4269 63.494
42.5097 16.1087 68.1874
-37.7654 23.8729 -8.2243
-1.43766e-07 -7.15021e-08 0
-1.25256e-24 6.04836e-23 0
27.8457 -7.79202 8.98644
-8.02481 18.7178 2.11971
43.277 -3.26224 33.1098
21.754 73.1895 32.0779
30.3398 10.4949 41.9927
-36.8169 22.4739 33.28
-2.82462e-08 -2.26117e-07 0
26.9084 -1.11082 14.8729
1.66779e-10 1.10604e-14 0
1.92366e-06 2.05889e-06 0
-37.3773 -7.05237 7.96082
-4.43289 -4.06842 -2.84932
2.77662e-11 2.45245e-11 0
38.4612 76.37 24.1432
17.7295 -30.4992 17.616
-0.0597402 16.9986 45.6543
-35.2399 -48.961 92.2301
-3.87935e-18 4.81259e-18 0
8.88098e-13 7.1901e-13 0
2.44674e-23 9.92847e-24 0
-6.92585 -38.4153 -4.17366
5.84264 -4.86155 -1.3373
8.01752 -60.3138 -0.726882
-14.8417 -38.3623 9.97936
-2.43808e-24 2.2047e-24 0
34.1357 20.4011 31.8882
11.0884 6.58501 -1.89515
37.2764 6.68138 12.647
7.00643e-23 -2.64119e-22 0
-5.34374e-24 1.79811e-24 0
16.8253 -40.0007 6.93456
1.01428e-06 6.74168e-06 0
-1.73331e-13 3.83546e-12 0
1.61901e-18 4.53497e-18 0
4.77854e-23 3.63771e-22 0
2.04818 -2.20909 1.52778
-1.1657e-20 -1.50537e-20 0
22.9402 7.30287 -3.46843
156.906 18.3484 16.4971
1.47799e-15 2.9657e-15 0
13.6207 -36.8422 21.4432
17.6221 -10.2192 -1.82617
-1.62131e-20 -2.95074e-20 0
-24.8736 -46.6131 50.2869
-2.52862e-23 -3.64994e-23 0
-1.8703 21.729 15.1436
-2.10378 34.2027 0.97892
-20.8345 11.6835 -3.91213
-8.244e-22 -1.23678e-21 0
-4.63918 20.116 11.8843
-9.93788e-12 -9.10127e-12 0
-7.01681e-25 -5.78023e-25 0
6.98453 49.1967 6.9192
0.853099 28.2889 23.56
-27.6269 -4.21355 8.8158
-8.04542 -1.93359 11.9139
2.28477e-25 -1.33587e-26 0
-1.17769e-22 -1.48416e-22 0
-6.31099e-10 7.82921e-10 0
-49.3766 10.8557 3.0901
-8.34836e-14 -3.6268e-12 0
-32.7297 27.0599 -4.90018
-20.1975 3.54144 22.5614
-1.6682e-10 -4.31992e-15 0
48.6209 20.5428 32.0091
8.19964e-21 1.7917e-20 0
-1.79147e-24 -3.1804e-25 0
-35.6535 16.5984 -2.56222
1.2059e-11 5.72969e-11 0
-18.9823 -24.4608 -4.16807
10.5867 47.2834 87.1533
-9.61074 -3.11556 6.53521
-4.41183e-13 -1.90769e-11 0
-31.6463 77.2543 -5.13783
-1.62555 -22.1339 13.4817
7.13501e-24 -5.43481e-24 0
-1.72006e-14 -4.95805e-15 0
50.6494 -20.897 6.0542
-7.04903e-18 -8.3042e-18 0
-1.9091e-19 -8.25535e-18 0
0.0999894 1.54709 -5.21735
-5.80664e-25 2.58274e-25 0
-9.47685e-14 -4.10992e-12 0
-5.46992e-14 -2.36824e-12 0
14.8356 9.92782 34.874
-16.0424 12.1224 13.1336
44.7509 -1.51317 -1.60383
-2.37135e-19 -5.47498e-20 0
0.299012 -23.5857 0
1.06909e-12 9.20443e-13 0
-70.4204 -5.99577 43.6168
-23.9707 -23.0273 9.61976
-35.1226 -24.4993 9.78571
25.006 -3.04242 18.1168
-8.84724e-23 8.78492e-24 0
-19.2524 3.50371 22.9348
-28.8615 -2.42046 -3.3137
-6.76054e-11 3.314e-11 0
-3.14812e-13 -9.07428e-14 0
-2.20906e-22 -1.21365e-23 0
-1.21216e-12 -6.02868e-13 0
-22.5077 0.591557 -5.07365
6.5516 10.9849 13.6473
-25.7605 -21.5722 20.2893
29.6651 -19.4733 18.7534
6.88406e-16 1.13801e-15 0
1.39029e-19 2.57558e-19 0
-6.28619 -15.7409 16.9318
1.19853e-24 -6.28075e-24 0
1.13704 -11.8852 -6.48108
-8.41696e-21 1.71229e-20 0
-21.9327 -3.58926 12.9138
-8.27986 2.61672 21.3269
3.09125e-06 3.31094e-06 0
-37.5591 10.1878 92.002
11.4678 4.88832 5.71679
2.27298e-16 2.34374e-16 0
27.1503 -69.8611 7.55374
-2.49854e-22 -2.54205e-22 0
-26.3328 1.70732 50.6147
46.3901 -18.9229 2.02168
3.15584 3.89005 0
-4.36659e-14 9.66237e-13 0
1.75997e-18 -5.87885e-19 0
-4.97333e-22 -7.04014e-22 0
-2.43116e-05 -4.05921e-05 0
-1.61646e-10 3.08962e-10 0
1.06419e-11 9.20981e-11 0
-20.1253 -0.88032 23.8358
-1.66821e-10 1.16844e-14 0
-2.8942 10.3516 7.42617
-35.0666 -0.759508 16.2145
-9.24403e-22 -8.9892e-21 0
1.42695e-09 2.30722e-09 0
8.92255 -65.2962 33.5262
11.9385 -8.21789 14.5584
-11.9193 8.2078 -5.80556
-33.9 -41.1796 -0.0024425
7.29727e-05 8.27183e-05 0
-2.44639e-24 2.35793e-24 0
-1.63782e-26 6.29077e-26 0
0.421657 0.249804 0
-1.50675e-05 -5.44739e-06 0
-1.05062e-09 -3.02769e-10 0
-62.2045 34.2059 6.00954
-12.6751 5.27485 -0.212823
-18.022 -8.84881 0.875284
-17.6626 10.1965 5.48881
-14.5481 16.0504 12.972
1.26099 0.0199201 0
-35.5405 -40.7908 2.25234
9.12835 0.601117 0.839813
-2.13119e-19 1.70412e-18 0
26.391 -14.2919 -6.31849
2.95359e-11 3.82883e-12 0
2.67614 72.5391 61.4632
-1.72161 -4.13249 12.9753
3.35162e-11 3.58981e-11 0
-8.05763e-18 -2.44865e-17 0
-7.68074e-19 6.03647e-19 0
4.1243e-26 -2.37475e-24 0
5.6765e-26 -2.35108e-25 0
-6.50147e-12 -5.6042e-11 0
4.8558e-26 -3.88595e-25 0
-0.296864 5.60753 -5.55081
3.64699e-20 -1.21582e-20 0
-17.4144 -28.9331 20.2988
0.853365 31.497 20.2848
1.21701e-06 4.5287e-07 0
11.5531 24.819 8.55226
-1.79168 9.0712 -1.16415
-7.47693e-13 -1.57228e-11 0
5.20784e-06 -22.8624 39.4917
0.22653 -27.9259 0.511429
9.83247 14.7333 29.982
2.60566e-22 1.2062e-23 0
-1.10722e-13 5.91492e-13 0
20.1686 -43.2511 35.1755
1.35758e-07 1.45406e-07 0
-8.29032e-15 -3.37998e-15 0
18.9983 -25.5788 24.1179
11.5644 7.47596 4.24792
0.000113646 -0.000113741 17.1951
-1.04964e-08 -1.45875e-05 38.5893
0.000151615 -0.000369168 18.0875
3.44521 -0.624908 -0.0695172
-4.30852 8.46334 -0.438039
23.905 7.07622 27.5213
4.47912 1.68786 -5.26139
-0.00270497 0.000346198 0
26.3023 -45.9532 9.45321
7.88487 3.23773 14.7343
11.5695 17.9269 1.21163
3.06499 -42.9987 3.64666
3.08884 25.8757 14.6953
-1.18033e-10 2.19281e-08 0
9.69892e-23 5.43521e-25 0
5.70068e-12 1.14387e-11 0
3.53786e-11 7.06214e-11 0
16.9504 -11.1367 19.6025
1.48564 -29.7094 -0.812755
-9.32794e-10 1.33319e-09 0
8.02041 7.13896 -4.07033
-1.58685e-15 -4.2544e-16 0
3.50355e-19 -8.58363e-20 0
3.55231 -19.1704 22.598
-0.453054 -24.5383 -4.20479
-11.9593 -18.5793 1.52083
-22.739 -0.48588 -6.20154
-43.3576 -66.7681 70.1671
-3.60684 14.108 16.6779
15.3436 19.0076 7.82612
6.63496 6.08234 -4.71328
20.2264 -33.9539 32.3012
16.0304 23.302 4.02544
1.73703e-07 -1.79702e-07 17.2009
2.01287e-05 5.80038e-06 38.6085
5.95843e-05 -5.13348e-05 18.1039
1.07359e-14 -8.17415e-15 0
-1.56904 5.49374 4.43611
-9.46307e-24 2.6551e-24 0
3.48948 -0.396148 -1.99917
5.27355 0.896548 10.163
2.56422e-13 4.85467e-13 0
17.0099 26.1228 31.6584
5.23082 11.402 -1.29391
2.98725e-24 -2.55513e-22 0
3.35477 21.6777 17.41
-1.55846 12.4529 16.3327
-4.9866e-15 -1.43791e-15 0
-2.08898e-06 -4.32606e-07 0
4.52672e-25 -1.13174e-24 0
4.01852 53.1021 -3.60165
9.59123e-22 -2.81458e-21 0
-1.86713e-06 1.51707e-06 0
-1.20557 -0.141476 8.79651
24.8384 58.2633 1.03162
2.24985e-20 4.088e-19 0
3.50317 -19.2965 22.9222
1.76944 -3.12451 12.7842
-5.41031e-14 -1.24913e-14 0
1.24351e-16 1.44078e-16 0
7.39809e-24 2.23802e-23 0
-22.3451 0.855731 31.2768
0.069544 -25.7355 -1.56448
2.35539e-21 -1.2128e-21 0
-1.64833 -18.6731 -3.27716
-14.2053 -14.9487 -4.55672
2.07253e-05 -4.06683e-06 17.1951
9.27709e-05 4.12991e-05 38.5896
3.99747e-05 4.7546e-05 18.0871
-7.40694 34.6885 8.35619
-93.9377 -46.089 10.3396
-28.0807 -9.13463 23.3767
-2.8376e-08 -2.51957e-07 0
-7.80915 -16.0069 1.15555
17.6252 14.8992 27.2719
4.16847e-11 2.69895e-11 0
-25.8855 -3.14994 76.1454
1.8764e-09 2.09975e-09 0
0.000108976 27.7624 37.2679
-0.226498 27.9262 0.511234
-1.50799e-23 -8.44545e-22 0
-1.27542e-13 -8.50821e-13 0
-1.43712 -19.3231 -3.46354
3.42463 -2.4976 -6.52839
0.764159 23.3251 2.70972
1.5158e-19 1.30858e-19 0
33.9019 12.2723 27.9893
-2.6666e-09 -1.15305e-07 0
-4.06966e-12 9.00532e-11 0
4.79087e-26 -1.79602e-26 0
-22.9776 -6.25 -5.33162
6.37199e-24 1.44464e-23 0
-5.04334e-19 -7.00945e-19 0
5.08451 -1.01087 73.9853
-6.57469e-15 -2.84292e-13 0
2.31476 -25.6024 21.2202
-2.24308 -8.26081 -0.115657
-9.2233 18.0735 7.30194
67.4333 100.616 39.401
3.31177e-24 -2.52665e-24 0
-27.1094 -28.418 16.7343
23.6307 22.0307 -7.37072
-2.70015e-18 -1.16756e-16 0
-2.13643e-25 -1.45552e-25 0
5.91862e-23 -3.27508e-23 0
2.53237e-20 -1.9281e-20 0
-8.77125 53.4316 7.9364
-2.57622 -1.0984 3.29912
-12.9677 4.0926 -4.0615
80.5477 -39.6085 16.1429
1.45351e-22 -1.34637e-22 0
1.60847e-24 -1.21358e-24 0
-2.65193e-26 8.2363e-25 0
-1.11329e-22 -4.8145e-21 0
1.36175e-25 -2.97717e-25 0
-6.28953 -18.2362 4.60636
2.76723e-09 4.45958e-09 0
-2.17367e-25 2.00946e-25 0
3.58851e-15 -1.09226e-15 0
2.16434e-21 -1.32469e-21 0
5.93037e-12 6.3177e-12 0
-36.002 99.1746 5.83878
26.7888 3.1603 14.4916
22.5343 1.315 2.99797
-9.4104 -9.33754 1.31899
-28.5875 -26.957 4.68252
16.6126 69.903 13.6328
-22.9674 -45.2662 65.5923
-57.0607 -1.45436 13.7127
-34.2868 -6.93586 13.3889
10.1122 19.006 3.78729
2.15934e-20 2.2005e-20 0
1.15283e-21 1.26547e-21 0
-19.5439 -51.2636 34.1328
-5.55012e-09 -4.44102e-08 0
15.7688 55.3681 42.0988
3.76688e-06 8.0933e-06 0
54.1305 64.1523 80.112
-38.6577 -27.7486 12.9269
-3.46759e-05 2.79863e-05 0
1.22134e-11 1.30814e-11 0
4.41237 -54.8657 10.2349
29.6039 -11.2376 93.3612
-7.9703e-18 -3.44644e-16 0
3.82291 1.40709 0
-0.360847 19.7368 13.2715
12.6435 8.57584 34.3301
-2.46319e-19 -1.08012e-17 0
-28.2746 4.3937 -0.205376
-1.8282e-25 -2.24347e-25 0
7.47585e-12 7.96912e-12 0
-1.06734e-14 4.6359e-13 0
-7.71667e-19 -6.23187e-18 0
6.95363 22.6355 27.647
-9.19308 20.8201 39.2931
25.8395 3.08955 14.7113
14.0236 0.0646361 10.417
-36.2903 -11.4146 0.297064
6.45552e-16 6.91294e-16 0
1.34827e-18 -1.18436e-19 0
1.30346e-18 -7.24163e-18 0
22.9967 -4.8848 1.94123
-61.4126 57.5985 22.9351
-45.0281 -23.4803 -4.86059
-19.1558 -4.75551 -1.81734
28.9422 49.109 6.57025
-3.04544e-09 -1.31686e-07 0
3.54343e-19 6.70855e-19 0
23.9291 -40.6506 27.8703
-13.2283 -13.52 3.87878
-19.0843 -9.34549 7.93342
3.31068e-20 1.97388e-20 0
6.69212 31.1214 -1.4122
45.4108 -47.5975 -1.21657
-2.17627e-09 -9.41028e-08 0
1.50438e-24 3.63926e-25 0
53.0412 35.8728 3.61909
-112.53 92.8929 116.557
1.0727e-22 -1.07105e-22 0
77.0563 -41.0742 37.9552
1.30484e-16 2.14786e-16 0
-4.66141e-26 5.81458e-25 0
2.60366e-23 -4.43205e-23 0
-42.7202 39.2947 17.5712
2.41625 -14.0996 -4.39078
48.5511 35.7897 34.3363
0.555355 -12.0656 6.06598
4.58919e-24 9.37489e-24 0
26.913 -1.1121 14.8782
26.1066 1.12519 -5.74327
-26.3132 41.7086 18.2927
-1.03751e-13 -1.22225e-13 0
-15.7041 15.239 21.5029
-36.3583 -38.9238 3.52365
-21.4687 -58.415 4.05732
1.01034e-05 -1.00839e-05 0
22.0499 10.1805 7.34078
-1.36076e-15 -4.34316e-17 0
-2.7683 -12.8232 53.9437
1.21958e-16 9.8738e-17 0
25.1631 43.1271 -2.64653
-7.63019 -38.4107 -4.82686
-36.8585 2.38578 -5.34999
15.7903 -3.64999 -4.27595
-1.21044e-21 -1.65197e-21 0
-4.94245 -1.90073 0
17.2798 7.51442 7.00397
28.1099 68.0412 4.13872
1.05469e-18 8.77642e-19 0
-7.13408 -3.13602 21.5115
-1.2191e-24 1.05347e-24 0
-1.24117e-16 6.03621e-17 0
4.61847e-15 8.16917e-15 0
10.3767 7.50481 17.214
1.7234 1.48377 -7.79313
6.88329e-23 3.32278e-22 0
-9.15796 12.9333 38.6476
3.91953e-24 -3.988e-24 0
1.73483e-18 1.4418e-18 0
-2.57068 31.8001 9.3233
-6.54344e-19 -2.8306e-17 0
5.24897e-16 -6.34387e-16 0
-8.48908e-17 6.67178e-17 0
15.7891 -38.493 -5.29081
17.6393 -34.2867 1.71881
6.06336e-25 2.22335e-25 0
1.42976e-25 -6.46547e-26 0
-1.074e-22 -8.52584e-22 0
3.63063e-25 -7.60357e-25 0
13.2141 -12.4876 -0.035076
-8.38181e-22 5.31282e-21 0
-4.17641e-15 -3.83093e-15 0
-7.00935e-25 -5.74547e-25 0
7.01467 49.2126 6.88252
0.818373 28.4071 23.3633
22.9987 -38.9868 -2.05116
-9.17362 8.29471 10.5862
31.6847 25.7933 6.45685
3.8469 36.306 19.2963
38.2894 29.8822 3.966
44.1411 56.3302 13.0171
1.50412 24.0093 0.914505
1.61835e-07 1.73336e-07 0
-20.1985 3.54091 22.5608
-2.56466e-10 -6.39125e-15 0
-1.05596e-12 6.06509e-12 0
-8.63435e-06 6.9879e-06 0
-1.46351e-17 -2.19583e-17 0
-3.47121e-06 -3.4425e-06 0
-38.6232 4.16919 2.60124
-17.8187 -46.198 2.36645
-2.43101e-13 3.01583e-13 0
-1.19734e-10 1.33331e-10 0
1.84774e-24 -1.46274e-24 0
-30.2209 77.8574 -4.26811
-12.6661 -18.0756 14.1069
3.71833e-20 -6.42836e-21 0
0.000827309 -0.000589122 0
7.07413e-16 -4.73221e-16 0
-0.969324 0.681631 2.68437
0.00049003 -8.86483e-05 0
22.4238 50.7678 16.885
-1.04e-09 -4.497e-08 0
26.9916 2.76482 31.8591
3.17952e-22 2.39661e-22 0
12.7267 13.0865 42.4121
-16.0409 12.1142 13.1375
-1.09428e-20 -4.28262e-21 0
10.379 21.3079 -4.16291
52.5212 81.8961 -6.12891
-2.08124e-23 1.45589e-23 0
-2.96665e-23 -2.27421e-23 0
-23.8433 -12.9226 2.17081
-0.979094 -0.936534 0
1.15701e-10 1.23845e-10 0
27.4708 41.1438 -5.43135
-19.2517 3.50336 22.9343
-1.66917e-10 8.22461e-15 0
-5.5674e-19 -3.63475e-20 0
43.9559 28.4901 12.0053
4.80203e-24 -3.85483e-24 0
17.8754 17.7472 2.5465
-19.7726 4.54651 -6.26384
8.11955 40.1033 15.0216
8.59173e-25 7.42117e-24 0
-17.6333 -1.44705 -5.46747
-1.20003e-11 1.81408e-10 0
5.31119e-19 5.70321e-19 0
-6.29034 -15.7309 16.9353
54.2095 36.8022 9.91236
-16.5154 -13.2208 14.0924
7.66564 -3.92158 -7.65045
1.71588e-13 -4.77527e-14 0
6.56161e-20 3.98407e-19 0
14.3628 -19.7074 39.5304
12.2957 -8.47258 8.33323
-10.7357 -6.45508 9.18965
-14.2602 -13.8515 14.1477
7.34957 -70.6659 9.52369
13.4238 -24.7411 0.656256
6.96519e-21 -2.09208e-21 0
5.18069e-08 -4.20919e-07 0
63.7935 50.329 31.3714
-48.2989 -73.3441 35.5919
-2.76584e-06 2.24256e-06 0
1.32306e-23 -1.60099e-22 0
-3.16292 29.4805 14.4937
5.55188e-07 5.94643e-07 0
-40.2348 26.397 33.1532
-20.1271 -0.879723 23.8353
-2.5646e-10 2.33272e-14 0
5.20245 27.8019 32.9992
-36.7146 -0.467599 14.8107
-1.13603e-06 -1.16786e-05 0
1.8447e-25 -5.2743e-24 0
3.95106e-17 1.481e-16 0
-7.17438 -13.6082 8.31061
-9.65771e-15 -5.20486e-15 0
-16.2348 -2.39555 13.4045
2.81169e-11 1.43533e-10 0
-1.59318e-24 1.52377e-24 0
3.36853e-25 4.90336e-24 0
0.0134561 0.00793593 0
-7.14454 1.923 7.79882
6.89722e-19 8.40933e-18 0
-3.28862e-14 -2.63146e-13 0
1.80751e-09 1.05478e-10 0
3.39947e-24 1.99874e-23 0
8.84012e-16 3.37463e-15 0
-17.6686 -10.607 14.9609
-2.178e-09 -4.87597e-08 0
-36.8727 -40.553 0.41104
-19.0473 -13.0236 11.3896
-8.18596 -29.4485 35.9731
31.7953 20.3791 5.01386
27.8719 -6.09386 28.3129
3.45066 84.8798 17.3269
48.9313 7.20882 9.03594
1.07438e-21 1.59824e-21 0
0.230635 22.1397 8.28918
12.9026 37.5506 59.4236
8.18888e-26 -1.49127e-24 0
1.03279e-25 -1.26957e-26 0
-1.88072e-07 -1.62117e-06 0
7.39262e-21 -2.63658e-20 0
-1.88497 4.87321 -6.06542
3.08747e-25 -3.60242e-25 0
-1.62898e-07 -3.36458e-07 0
8.59092e-23 1.22948e-22 0
12.6907 38.9372 28.695
-0.67778 28.7494 -7.01419
8.39586 43.0342 40.1261
-5.93323e-14 -4.74758e-13 0
2.08552e-05 -22.8729 39.4854
0.228754 -27.9233 0.519955
-1.58716e-21 1.03635e-21 0
2.67486e-23 -5.57874e-22 0
-6.22389e-07 1.37722e-05 0
-8.90376 -52.6025 33.0585
-0.0105381 13.0457 -6.41268
-1.2588 -9.81099 75.0264
-21.2753 -21.384 57.092
-8.1187 -3.2112 -4.9479
0.000210962 -0.000120513 17.1944
3.34343e-06 -1.46792e-05 38.5885
0.000178682 -0.000149403 18.0862
-5.92399 -2.28558 3.0376
10.2754 -10.4551 -4.26393
-4.92869 10.7122 -1.37062
3.00422 2.56091 -4.31246
3.69024e-06 2.4279e-06 0
-2.20253e-20 1.731e-20 0
-2.53916 30.3332 23.2493
32.7911 -12.8693 62.6049
2.81034 -43.2517 3.29743
3.0877 25.8888 14.6868
-1.33655 30.2772 -1.17042
-9.78494 0.0651623 -4.78905
0.464866 1.7412 -7.41193
2.01352e-23 7.66604e-23 0
-9.6977 -13.0919 -5.70193
-1.22148 37.1088 -4.15344
16.2473 6.06353 27.4332
6.97982 14.783 10.4662
-17.0011 -2.83603 43.5494
8.4713e-19 -2.82959e-19 0
3.55206 -19.1873 22.593
-0.452376 -24.5438 -4.21504
-1.92859e-05 1.56094e-05 0
2.55112e-21 5.59346e-22 0
17.7145 1.04819 39.8322
-9.43965e-25 6.18018e-25 0
-7.74748 -14.5133 -3.61343
114.44 -14.1798 50.4309
4.70118e-22 1.83593e-23 0
-1.36469e-25 -2.33405e-24 0
3.34885e-07 -1.13417e-07 17.2001
3.12214e-06 1.52787e-09 38.6076
2.00646e-05 -6.24949e-07 18.1029
8.16582 -9.31108 1.24971
10.2059 -4.98725 0.539904
6.49698 -1.92019 7.76245
1.4309 1.11835 2.32579
6.12608 6.04066 4.91019
-12.0283 -13.7743 0.870439
-3.8699 -32.0125 -4.70179
-17.5441 3.10574 29.8918
-5.1573e-14 1.1412e-12 0
3.35459 21.694 17.4025
-1.55754 12.4479 16.3335
-3.66556 2.54512 1.32432
5.23805 15.878 -3.57324
-5.62668e-06 0.0010373 0
2.56904e-20 4.3212e-20 0
47.54 -19.7464 1.47875
4.76408e-23 3.69531e-22 0
-0.145904 -1.25769 0
56.458 -32.6182 24.5201
20.0097 26.9289 20.3012
3.50167 -19.3123 22.9155
1.94974 -2.91213 12.6394
-4.24939e-16 -4.74784e-14 0
-5.95792e-07 1.31837e-05 0
10.8581 26.0312 7.68542
-3.10754 0.164015 0.780327
-4.63032 -19.114 9.58082
-0.181739 3.70739 11.3143
-4.64623 -10.6907 -0.699619
-15.8775 15.4096 2.06259
7.31208e-05 -3.01515e-06 17.1944
3.90561e-05 7.60261e-06 38.5887
0.000189124 3.91913e-05 18.0863
1.12478e-15 2.55975e-15 0
-4.37579e-14 -3.50136e-13 0
2.38048e-19 -3.3581e-20 0
-9.61285 -8.79971 3.61027
20.9024 0.627581 18.25
36.5216 -51.1918 23.0112
-1.71016 -29.8613 15.2692
1.08132e-24 2.56423e-25 0
-6.73687 21.6424 10.9213
1.89224e-05 27.7718 37.2604
-0.226542 27.9252 0.513315
-1.44486e-23 -8.40359e-22 0
-2.87373e-20 -4.71305e-20 0
-5.81313 -3.37266 0
2.64382e-15 -2.84304e-14 0
-5.80612e-22 -1.66218e-22 0
11.4156 -0.289549 3.50773
-267.199 -113.798 129.325
-32.3373 -12.8951 20.4177
-5.93389e-18 1.31305e-16 0
-6.90867e-25 1.18802e-24 0
2.06536e-24 1.55138e-23 0
4.23183e-23 2.23348e-23 0
-6.93119e-20 -1.00942e-19 0
-30.0097 -5.33288 -1.96697
3.14053e-23 1.26237e-23 0
-10.7971 -27.5135 29.4336
-29.9487 -13.1928 -3.38685
6.57083e-18 -5.04091e-18 0
-2.5798e-20 -1.23602e-18 0
2.91448e-12 3.10236e-12 0
-36.9229 -30.4262 2.0516
-2.70764 23.2033 13.5964
-1.50471e-13 -6.50641e-12 0
3.5883e-23 -8.08447e-23 0
1.12727e-19 -1.03501e-19 0
-0.00828731 18.2027 110.432
-7.43897 -18.5728 21.165
-1.35005 24.085 12.278
1.33905e-23 -3.2892e-23 0
6.13296e-19 5.11695e-19 0
9.09535e-23 -8.98529e-23 0
1.6119e-24 -1.22214e-24 0
-1.89674e-24 5.11561e-24 0
-2.988e-23 -2.92432e-23 0
0.942154 -31.9262 -4.95781
4.91072e-18 -2.53528e-19 0
1.83755e-26 -9.34815e-26 0
35.909 -10.5615 22.1044
47.7815 -0.771789 11.9209
2.85528e-19 3.0582e-19 0
5.77423 4.70113 5.0533
7.84632 -31.0916 14.2817
-32.2248 21.1172 16.2233
29.4026 -0.356876 -0.595594
-15.1168 10.288 8.86099
-1.37662e-11 9.22205e-13 0
-45.9201 46.1458 31.4279
9.34493e-24 -2.45057e-24 0
53.6186 14.6518 28.8629
-1.13658e-06 1.82651e-06 0
0.18695 -0.0340786 0
4.89205 -3.38885 -0.884097
8.59838e-20 9.46887e-20 0
25.1741 82.5011 0.0435111
18.5186 -76.5288 -0.697829
-24.4142 12.255 41.8396
-5.05083e-10 4.89143e-10 0
-0.457831 -0.109617 0
-19.9856 20.3005 -2.80992
7.82743e-12 1.02579e-11 0
-2.96918e-22 -1.28526e-20 0
-5.75257e-07 1.27292e-05 0
-1.59728e-09 -4.69134e-10 0
1.50019e-18 1.24911e-18 0
7.61524e-25 -4.34014e-25 0
-47.1695 36.4516 36.7559
-4.61434e-23 1.65885e-23 0
1.17658e-19 -2.97393e-21 0
-8.8558 1.1286 -0.876312
-5.45759 16.2119 -4.85904
-5.25312e-18 -2.27148e-16 0
-5.0499e-24 7.63555e-24 0
-34.4391 10.1073 13.7165
2.73633e-25 -4.06275e-25 0
-2.04148e-13 4.51736e-12 0
-19.0573 19.0581 24.3506
24.9541 0.241459 3.39258
1.02438 -30.8155 14.9798
4.42083 -40.4628 0.00164678
1.64269e-10 1.75796e-10 0
3.26911e-23 -6.35384e-22 0
7.27263e-19 -2.18595e-19 0
18.0919 1.36833 24.2581
27.0278 24.5036 20.2417
-64.6098 49.2847 29.671
0.00297571 0.00156457 0
42.614 43.1021 41.6486
-58.7447 -11.713 37.5649
-32.9336 26.1766 22.5683
-3.41921e-24 -4.45845e-23 0
-11.7137 -13.0268 20.4151
-51.2159 10.0321 2.58299
26.4331 48.7179 -6.05852
1.23591e-14 2.35169e-15 0
1.169e-15 9.07496e-15 0
-44.6456 -33.1847 6.99053
2.14557e-17 3.93095e-18 0
-49.2 40.0057 43.3746
-28.7085 21.0041 11.79
146.259 -39.2766 57.0967
1.46619e-19 3.38586e-19 0
-0.000865976 -9.8519e-05 0
7.11012 -70.1439 32.8269
-0.280735 -40.7883 33.0157
1.37186 -31.7082 -0.502937
-7.62005e-18 -5.6421e-17 0
1.11021e-18 3.3792e-18 0
1.41259e-19 9.95697e-20 0
-34.0399 -1.61204 23.0785
29.2796 0.987207 -3.42553
35.0858 42.6189 147.937
7.86007e-24 6.82802e-24 0
1.00082e-24 3.62259e-24 0
-5.24147e-13 -2.82973e-12 0
1.02397e-18 -3.26122e-19 0
-0.13497 -13.1224 23.61
-1.07741 -14.2382 16.7199
-1.0785 50.4622 29.2678
9.79381e-17 1.61637e-16 0
6.10995e-21 4.94665e-21 0
2.89894e-24 5.93414e-25 0
-21.8597 -11.4895 13.7403
1.52424e-17 -3.63113e-16 0
18.3089 20.9875 12.9043
37.4522 11.2133 7.12333
5.76462e-23 6.05811e-22 0
-9.70679 25.2767 67.5854
-3.44493 0.380251 0.932533
2.85077e-23 -6.02036e-23 0
1.08785e-09 3.3486e-10 0
-1.22914e-18 1.12889e-18 0
-19.1939 16.9528 20.914
1.16477e-13 9.90784e-14 0
-1.86086e-05 1.50649e-05 0
-6.61172 12.3048 -1.17505
1.35814e-11 1.1693e-11 0
-19.8049 -22.8907 -5.20364
10.3021 39.5908 17.8142
-5.01289 -6.06116 1.58995
31.7575 32.8695 24.3449
2.65452e-21 2.34453e-21 0
8.14413e-15 -9.97932e-15 0
-6.212e-22 -4.62215e-21 0
1.35261e-10 1.44749e-10 0
-5.90577e-18 -2.55378e-16 0
2.89892e-10 3.17956e-10 0
4.85063e-07 5.19536e-07 0
6.33232e-18 -1.55818e-17 0
1.11968e-17 1.11709e-17 0
-20.7537 -19.2748 10.3742
-21.0549 16.6265 -5.31034
-9.20815e-17 -7.27662e-16 0
-3.5276 15.4619 37.0211
-12.6373 40.5517 14.5992
-6.856 15.5317 8.79381
2.39902e-06 -2.69582e-06 0
-2.5474e-16 1.1383e-15 0
86.9492 -49.4777 29.0924
2.72572e-16 2.83153e-16 0
31.1449 21.5371 1.01764
-3.47672 -45.8094 19.241
-11.2763 17.5284 33.8801
42.8388 -0.0932848 -1.17566
-21.2112 3.4849 22.4007
-2.56382e-10 -5.60302e-15 0
-15.386 -25.4492 3.13332
-3.59077e-14 4.82704e-15 0
-1.55239e-05 1.25636e-05 0
5.95765e-25 3.23677e-25 0
-23.7284 0.499365 -2.66933
-39.8002 2.76922 15.6975
5.02884 9.05046 -2.83304
40.6463 65.7003 30.4493
-2.75487e-15 2.1404e-14 0
202.653 -121.301 22.498
-2.54694e-08 -2.03798e-07 0
-1.27732e-26 -1.21968e-25 0
1.68322e-26 -6.36026e-26 0
3.97141e-22 1.458e-22 0
-13.9442 -18.8145 -3.5914
-100.203 70.6553 121.476
1.3725e-11 1.46578e-11 0
4.8861e-22 -1.26655e-22 0
-0.717716 0.58084 0
-12.2878 8.3545 33.5373
-36.2572 49.5604 70.5169
-15.2909 17.8105 10.4088
-8.67795e-06 7.02988e-06 0
47.938 -24.0299 -4.5072
-1.08698e-17 -4.70014e-16 0
29.5255 82.6031 -5.52543
1.4304e-23 2.6909e-23 0
-3.25266e-13 -4.72948e-12 0
13.1955 15.2767 6.57846
1.48295 4.88566 37.8807
0.0120617 0.000404185 0
-20.2408 3.44753 22.7794
-2.56444e-10 1.00065e-14 0
-2.21256e-12 -5.73517e-14 0
-23.8442 6.4464 -5.66076
4.9773e-11 5.45506e-10 0
5.93753e-19 6.98325e-19 0
2.50197e-17 -5.70235e-19 0
3.67429e-21 1.43146e-21 0
-5.34695e-09 -3.84816e-09 0
-15.1942 -21.8514 27.6077
-4.18251 5.90109 19.2973
11.5042 -62.8023 29.1202
-5.52514 -22.0846 13.4655
-3.40468e-18 3.12699e-18 0
-7.98078 -9.96476 8.50454
-9.93289 -22.1991 9.56681
7.16777e-21 7.05283e-21 0
61.1256 10.4674 -3.66209
38.0724 7.51148 -5.57394
-25.1564 -20.9734 32.3749
-123.331 -5.78891 71.556
-4.3188e-09 -1.86746e-07 0
-14.8607 -14.8851 43.1452
12.6703 -4.61284 6.49522
19.7536 52.7183 34.8937
31.3701 -18.189 -3.83727
3.23284e-21 9.90168e-21 0
5.32154 -2.8579 -1.05049
1.04059e-21 6.05231e-23 0
1.39702e-07 -2.33901e-08 0
14.6821 -61.1283 5.83779
-2.59034e-18 -2.07155e-17 0
4.70119e-17 3.45589e-18 0
-21.1871 -0.872744 23.6591
-2.56369e-10 2.08996e-14 0
-10.749 -23.978 2.46491
-39.0362 5.9719 -0.938692
-36.3797 -53.0289 10.7178
-20.4302 -13.973 12.0474
-3.49482 3.88229 25.8665
6.04699e-21 -1.51305e-21 0
-19.3321 -8.45949 -4.46795
47.2735 48.7788 53.0278
-3.19717e-12 1.10094e-10 0
1.61006e-09 2.24126e-09 0
-52.7707 20.4801 18.12
3.70145e-10 8.10334e-10 0
2.67198e-21 1.5578e-20 0
3.4214e-14 2.94567e-14 0
-1.59894e-24 -2.1205e-25 0
1.61596e-11 1.72853e-11 0
1.3666e-21 4.74981e-22 0
-23.3362 3.46833 1.469
-5.44509 -11.7072 -5.41775
-71.4617 42.8583 12.4276
-38.7883 -39.881 -2.49492
-6.88702e-25 -6.94617e-25 0
7.11046e-16 7.50336e-16 0
-8.47399e-17 4.51431e-15 0
11.9002 35.0759 -1.57466
-10.6378 25.0645 49.7373
2.75665e-06 2.95255e-06 0
1.05444e-15 1.58777e-15 0
2.51809e-17 1.05801e-16 0
-29.7189 -3.9811 10.028
4.49215e-26 -2.24358e-25 0
1.45395e-15 1.2866e-15 0
-1.2539e-06 -1.08085e-05 0
-1.19196e-08 -9.53778e-08 0
-37.4189 -13.6572 27.8428
-2.34714e-15 -9.86235e-14 0
1.97405 -12.7947 6.3389
4.48539e-23 2.29716e-23 0
-4.748e-25 -2.30516e-24 0
-0.122601 -3.02893 1.31876
3.45278e-10 2.81201e-09 0
-2.0297e-14 -8.76628e-13 0
0.00019132 -27.6326 36.2899
0.000324837 -27.8902 -0.141284
2.94744e-17 3.157e-17 0
1.20877e-23 -1.67106e-23 0
1.01003e-24 -9.14706e-25 0
-4.8636e-20 -4.13988e-20 0
2.22423e-18 -1.69349e-18 0
-2.98066 -22.5033 3.79404
1.98562e-22 -1.08665e-21 0
4.66e-17 -1.29687e-17 0
4.88396e-05 -2.7847e-05 17.1934
3.94792e-05 -2.08074e-05 38.4859
0.000111874 -4.43245e-05 17.9965
-21.7174 -2.33916 4.34713
-2.48705e-10 -3.07935e-11 0
-18.8011 8.51469 19.8765
4.45796e-09 4.29061e-10 0
-3.09207e-12 6.29789e-12 0
2.21519e-24 9.40553e-25 0
-3.37015 10.2532 9.81933
4.0403e-21 3.1806e-20 0
-1.96326e-22 1.52343e-21 0
-1.03405 30.6478 13.3021
1.38407e-14 2.56148e-10 0
1.728e-20 2.38823e-20 0
51.4652 1.54874 4.37256
-6.54964 -5.55013 8.98179
-4.36292 6.15465 -2.49082
-7.23458e-22 -1.16954e-22 0
-14.0952 27.9059 7.84776
-2.99682 -8.39445 -2.24331
-1.73782e-09 -2.21913e-08 0
3.96531e-21 5.94257e-21 0
-0.787056 -24.3537 22.6104
-0.394024 -23.5068 -2.63414
-8.63455 5.06381 -5.23871
-1.85681 -36.0361 13.0483
-7.35824 15.3448 -1.83583
3.12416e-15 -3.77584e-15 0
-11.3226 6.74881 3.82359
6.45951e-24 -5.60874e-24 0
-3.70021e-13 -1.59998e-11 0
-2.00587e-18 -8.67347e-17 0
2.53188e-05 -2.60196e-07 17.1949
3.6675e-05 -3.81394e-09 38.5084
0.00015607 -4.02466e-07 18.0161
2.94913 -9.89681 16.5427
-7.029e-17 -5.51993e-16 0
-10.4505 -4.89693 3.8764
-47.5887 12.4054 29.794
-13.1961 -2.23319 30.4096
43.7979 -33.5079 16.3323
8.64458 -7.90751 26.8787
2.0467 -2.35803 8.20588
8.81729e-26 -2.65263e-25 0
-1.49598 15.9854 22.5656
-1.51201 12.6693 15.7601
-3.82733e-05 3.08916e-05 0
-20.0966 1.14293 15.2466
-8.68066e-23 -6.16229e-22 0
-4.04087e-16 4.01236e-16 0
-16.1769 30.0756 12.7963
-5.26879e-21 -2.4293e-20 0
1.77548e-18 1.70289e-17 0
1.09467e-15 1.80852e-15 0
8.3796e-17 1.54215e-15 0
-0.793751 -24.4755 22.992
0.265068 -3.56612 12.9635
-17.1958 -12.9548 3.10995
1.15372e-06 9.93298e-07 0
-31.1929 10.1004 0.0339388
3.06196e-17 5.60992e-18 0
-1.68502e-22 -5.6271e-21 0
-2.51275e-23 -3.39464e-23 0
5.31311 -42.8905 1.28054
-3.44526e-17 3.27005e-16 0
0.000238716 -2.17476e-06 17.1937
7.52278e-05 1.36999e-05 38.4861
0.000380473 4.17364e-05 17.9969
-3.29394 4.34659 13.5232
3.25422e-20 -3.65034e-19 0
-12.1448 -10.8536 11.0827
5.66657e-19 9.54551e-19 0
-12.1913 7.77747 3.12454
-4.30027e-06 4.7565e-06 0
-2.63995 -15.055 12.1126
1.5488e-06 1.65887e-06 0
1.52991e-10 7.546e-10 0
0.000190978 32.0814 33.6241
-0.231958 27.679 0.920586
-2.56684e-16 -2.4426e-16 0
-5.70749 -13.5103 -2.94776
-4.36267e-24 -1.45932e-24 0
-8.69517e-22 -1.32404e-21 0
0.00102628 0.000592176 0
-7.01173 -29.5916 6.40021
-16.7283 9.16013 8.88695
4.87395e-11 2.58506e-10 0
-4.03764e-24 9.01433e-23 0
12.2233 53.9169 36.6332
-2.94485e-24 5.92125e-23 0
-23.0815 42.0395 -4.51386
-24.6782 1.3026 22.6609
4.18457e-19 7.04617e-19 0
-1.24919e-10 -3.60078e-11 0
60.0845 -16.1915 -3.81748
4.22492 -51.7095 14.463
-1.50419 -0.883788 8.85671
1.82765e-15 -5.08631e-16 0
4.097e-14 2.79201e-13 0
-63.2717 15.1562 3.53365
24.4167 23.162 3.56216
1.99046e-26 -5.79683e-26 0
-12.3831 6.51833 8.80708
-1.47035e-19 -6.61486e-18 0
4.618 -45.8602 -1.62006
-1.06782e-21 -2.82332e-21 0
-2.84734e-21 -1.33678e-20 0
-7.04284e-19 -6.17207e-18 0
-1.35834e-14 -5.84362e-13 0
7.31553e-20 -1.61147e-20 0
36.7336 -31.8429 51.7502
-4.36071e-08 3.21275e-07 0
5.10574e-24 1.66989e-23 0
4.30726e-24 -5.17098e-24 0
24.7308 -30.6568 12.5324
-6.00566 -8.35135 40.1787
5.64033 -15.8455 4.04518
53.6566 24.3329 4.84422
5.19996e-15 1.06255e-14 0
-18.1425 -37.4126 -0.145778
33.7848 7.28746 4.0674
32.0978 -1.05192e-05 33.6117
28.0779 0.000269593 1.78849
-1.05718e-16 1.20238e-17 0
0.284638 -0.622555 17.4747
33.9539 16.5989 8.98975
23.6376 14.0376 0
-4.48788 -8.82596 21.4153
7.26948 2.87899 1.91927
1.88496e-06 1.25344e-05 0
-23.2672 17.1472 0.120772
7.35373e-07 7.87634e-07 0
7.24622e-27 1.24843e-26 0
-38.3497 46.4764 1.23884
-35.9434 27.3094 1.23337
8.57504e-16 -1.81471e-16 0
-31.845 -3.46605 -1.25999
-27.5167 16.0164 10.931
10.8043 -56.5149 1.8337
-10.9746 -10.4676 10.8162
5.87246e-14 -1.63429e-14 0
-1.51984e-12 -1.09376e-12 0
15.2417 -27.3202 16.5758
8.79225e-24 -9.65797e-24 0
-52.8838 81.6305 19.9669
-3.18511e-11 1.51263e-10 0
-9.98576e-14 3.56292e-14 0
1.75912e-24 -4.03552e-25 0
39.0991 -38.5925 3.45168
-18.1436 7.91557 -0.539542
-1.21967e-15 2.90516e-15 0
1.38669e-14 2.83777e-14 0
9.80396e-20 5.54111e-20 0
-1.44274e-18 -1.15443e-17 0
32.0716 2.10666e-06 33.6363
28.0844 0.00216179 1.77007
-2.39369e-20 -8.13479e-22 0
-5.77993e-18 -4.39961e-17 0
3.44345e-25 -6.14408e-25 0
-10.4792 -1.33117 12.9491
35.1866 -14.3615 39.6643
-12.7451 -10.352 2.60395
5.5999e-23 8.989e-23 0
-26.8065 34.125 37.7379
-20.0621 -2.24913 13.8117
4.43726e-24 5.85912e-24 0
-28.2307 53.3802 -7.46617
-37.3343 -24.6744 -3.82761
1.0562e-23 6.52937e-24 0
9.37881e-19 7.80802e-19 0
-27.9795 -13.4734 5.34837
-14.1679 -11.019 20.061
1.36134 27.6452 -5.83724
-45.3939 7.29984 50.3371
-29.8651 9.80135 17.39
4.10028e-06 4.39185e-06 0
-6.44121e-14 -2.7852e-12 0
-1.1618e-16 -4.94823e-16 0
-31.9654 6.52445 4.07515
-9.32184e-21 1.24993e-22 0
5.77471e-07 6.1851e-07 0
-6.60151e-20 -2.71453e-19 0
-20.8835 -40.452 3.64523
0.00127449 0.00176131 0
-10.7067 -16.8033 -3.11048
41.037 29.327 7.05948
-0.000184228 -0.00147413 0
32.0978 1.23144e-05 33.6117
28.084 0.00407657 1.76494
-1.6032e-16 -2.65726e-17 0
5.89463 -36.7487 14.4963
21.2 -36.1441 -6.29082
-8.57123e-19 1.73989e-18 0
-1.92867e-13 -1.54326e-12 0
1.33048e-14 5.15597e-14 0
-2.39934e-19 3.8682e-19 0
-2.65496e-21 2.17847e-21 0
5.53048e-16 9.12856e-16 0
-2.14809e-24 3.09765e-24 0
3.21271e-18 2.766e-18 0
28.3573 32.8506 9.0548
5.43874e-21 5.18026e-21 0
5.04146e-22 -7.73719e-23 0
6.06086e-26 -1.44661e-26 0
9.2493 7.68964 27.6229
2.93778 20.4759 2.65771
59.2014 7.64139 2.02944
-7.2481 4.84409 2.21007
7.11408e-17 7.21965e-17 0
-4.3579e-12 3.86413e-12 0
25.0136 -22.5173 3.68673
-11.3451 -26.2571 9.65207
-8.07722e-26 7.41894e-24 0
-4.76867 -10.0047 -3.90104
6.70105e-12 7.17727e-12 0
-5.53441e-23 -8.00387e-23 0
1.58546e-21 -1.53322e-22 0
3.52995e-19 5.94591e-19 0
-5.74167e-18 -2.48273e-16 0
