# vtk DataFile Version 3.0
water particles
ASCII
DATASET POLYDATA
POINTS 2541 float
-2.03058 -1.07991 0
2.04732 -2.80668 0
-76.7224 67.7227 7.7929
0.504888 1.49034 0
-17.5786 -4.40805 0
-23.0349 -74.3418 90.5357
41.7235 38.5579 0
152.923 -138.208 0
5.15466 -58.5385 0
7.89852 1.59075 31.6503
-12.7866 -23.5428 0
-3.04084 -121.236 0
-38.4051 -88.4855 136.129
-0.248751 -2.30689 0
19.5803 8.83124 0
-6.49168 -6.22638 0
16.8203 23.3791 0
-5.33225 18.0735 0
-113.256 -134.918 172.605
77.5847 -45.0408 146.631
3.21839 -1.12818 0
53.4878 -26.0175 9.90192
3.71343 88.8093 0
-85.3177 -0.300026 108.631
-86.6791 -0.312284 3.8666
17.1531 28.1192 0
0.212703 1.22659 0
-86.4603 -43.8998 0
-88.0612 -48.5308 12.7963
-119.079 99.6348 160.827
0.379069 81.9081 56.9801
-152.223 68.4059 64.2026
-65.5991 -51.088 0
-0.195664 1.49647 0
-2.58826 -4.2261 0
8.22046 -70.2883 0
72.0909 12.6801 37.1322
29.555 40.5065 36.7985
31.3583 -2.4673 0
1.86033 25.5184 0
18.8088 6.48051 0
-0.468553 1.58001 0
54.6344 122.504 269.775
-2.56312 0.909979 0
-139.37 -12.9517 19.9836
-4.37057 1.80064 0
4.42663 4.68923 0
-3.58855 -7.01801 0
-5.23337 -6.57562 0
-18.4025 -28.3886 0
-7.04204 -1.11562 0
52.8772 8.29578 31.6577
168.355 -73.1682 0
-74.0264 -64.9399 13.3227
-2.48184 -3.84299 0
-2.3849 0.92505 0
-85.228 1.30589e-05 108.699
-86.6815 -0.00617483 3.88346
-14.7739 -28.039 0
-31.3873 26.5474 4.76172
12.5427 -5.06107 0
7.05538 -1.87128 0
14.7617 -34.9008 0
27.1273 -53.78 2.775
77.0632 -51.0093 123.54
1.64944 1.74378 28.762
-48.392 20.2465 0
-1.3927 -5.96343 0
-2.54232 -1.53324 0
-3.13393 6.97838 0
0.801377 19.6293 0
79.2192 91.1521 34.3678
-10.3038 3.87986 0
8.86139 50.6358 0
69.3068 5.62239 0
-156.509 -10.5318 15.2758
6.95436 -26.8053 13.5594
0.393883 1.7884 0
-39.8885 257.964 47.0833
0.502913 1.90864 0
40.4203 8.37878 0
-33.8097 21.9824 0
2.25956 -5.1136 0
-3.70548 -8.58064 0
0.111063 1.2987 0
-0.205605 -3.3131 0
42.1404 -185.729 8.74564
-2.56101 2.37464 0
-0.689761 -1.98985 0
-85.3177 0.300037 108.631
-86.6624 0.299702 3.93982
-52.86 17.3409 0
-198.513 42.8633 17.3543
-1.70981 2.65476 0
29.595 -37.7156 13.2639
30.9445 -1.01344 0
22.3577 26.0072 0
-81.7441 -12.2838 36.6115
27.766 48.7706 6.47993
-0.561205 3.65332 0
-25.1134 126.813 120.084
-2.65862 -0.58079 0
40.7656 -32.0601 0
-8.02697 7.14273 0
45.4969 -73.6726 7.57975
6.3673 -6.61419 0
-33.7454 94.2118 0
90.3466 -0.446341 186.462
57.3786 9.43739 11.4085
45.084 36.0298 90.8768
-2.32708 0.395731 0
3.24127 4.73973 0
-74.925 -69.6703 7.41199
-2.3459 0.576754 0
-26.329 59.1773 0
67.6798 -104.99 18.4976
33.5681 -28.6532 0
4.05899 -30.7457 0
38.7562 195.336 154.98
0.0818673 -3.11213 0
-1.42641 3.61873 0
-0.711523 -4.35616 0
-1.01902 -1.81484 0
-0.988673 -17.7738 0
-2.1592 -4.58467 0
80.0646 -34.8439 127.506
-0.983685 -1.27308 0
4.56967 -20.429 41.6814
5.29206 12.6779 0
-2.9711 -0.0855074 0
22.6582 66.8852 5.16495
-2.30247 -2.83817 0
0.25536 2.75369 0
-0.900779 -84.6618 108.662
-0.196786 -84.8535 1.31771
-16.9742 -27.2562 31.8764
46.2669 48.0812 34.7123
9.03373 -12.4124 0
-11.9052 43.4134 19.082
66.5727 -97.9595 39.2455
-60.0844 5.19584 6.30351
12.7273 -172.066 76.7384
63.5722 -17.5828 33.8731
-0.90003 -0.300235 51.5474
-0.90012 -0.300063 116.057
-0.900513 -0.300373 53.6455
46.3681 23.6325 0
8.48959 1.06447 2.3026
34.6071 34.0028 65.5323
-18.318 11.028 0
109.385 102.784 148.178
1.6541 1.74894 0
25.9561 81.3835 176.969
0.275179 1.34701 0
-85.8884 54.1399 13.59
7.63176 92.4324 38.0606
-0.900965 24.6826 0
31.4581 2.30837 0
-3.73194 0.411237 0
67.9429 -29.1983 41.0292
0.510997 -1.65549 0
3.27793 5.15332 0
-39.2782 -88.5414 0
-81.337 106.623 30.3786
48.4473 -62.299 72.385
60.113 -81.9209 100.313
9.00657 -74.1828 63.9399
-1.76864 -53.1532 0
6.97175 11.9859 0
-447.026 -147.956 168.997
10.8773 1.40794 0
12.0337 -99.5167 0
14.3168 -35.0923 0
2.25904 4.61966 0
-4.8217 -1.43727 0
-1.30596 -80.4709 49.8805
-0.900016 3.5478e-05 51.551
-0.900112 4.1707e-13 116.126
-0.902187 0.000341701 53.7052
-2.87098 0.0650593 0
13.683 -17.5619 0
18.1828 1.53733 26.523
15.0886 5.43789 34.6414
26.5066 7.89082 201.526
-4.22124 -19.1408 0
49.643 8.38493 60.774
61.7763 1.47866 77.3268
8.87552 -61.375 0
17.8959 41.3388 65.9325
-0.901991 42.5525 45.9887
-4.8499 -16.3063 0
8.71916 12.0943 11.7036
-49.3094 35.796 6.56278
17.7179 125.482 0
-2.00942 2.2764 0
-1.74759 1.68249 0
-2.24822 0.608149 0
-7.42516 -37.2448 6.13718
-8.8946 123.075 0
8.9326 -74.1166 64.581
3.80523 -10.8851 35.4676
36.1334 94.5782 10.0931
2.50887 -18.9785 0
70.9365 15.1631 122.699
-59.674 -40.5526 123.263
44.0159 -68.426 1.55026
0.960325 3.46219 0
60.8425 140.853 58.3262
-0.467011 0.160318 0
-0.900095 0.300117 51.5476
-0.90012 0.300063 116.057
-0.903475 0.300358 53.6463
-24.7995 -57.8275 75.6135
7.15668 8.53426 0
26.1762 -56.8192 48.566
0.171358 0.4501 0
30.117 -80.2888 3.47395
20.5849 -13.5998 6.42544
36.2742 -37.2861 0
-1.21109 -3.06564 0
-1.72938 1.9301 0
-0.900574 98.1943 100.552
-0.900675 82.6942 0
17.7864 20.3824 0
-6.38127 -24.5977 10.4524
32.7691 81.1916 47.9124
-4.17509 -13.9382 0
40.8116 64.0878 69.2739
54.298 77.6606 0
6.69964 1.18642 0
130.125 167.578 66.26
-0.90373 3.41546 0
-39.8148 -244.19 241.547
-2.00433 3.04032 0
50.0276 -92.6389 82.4514
51.9969 -29.8519 113.162
0.828487 2.07942 0
162.136 -13.3024 140.921
164.013 57.085 75.8811
2.05109 -3.12952 0
1.4124 -24.8661 0
0.135999 2.14556 0
-30.4808 -58.261 14.4346
-0.991791 -10.0404 0
-249.787 149.08 0
-1.24292 -1.22018 0
75.2435 52.302 6.55657
-2.72419 -1.15633 0
-28.828 -16.3282 0
-148.703 -3.97459 23.2955
23.2918 -9.35754 0
-0.551507 -3.38503 0
3.52589 7.19752 0
-30.6873 47.0575 0
-0.578661 -1.35875 0
0.949687 10.0985 0
-7.72822 7.12443 0
18.7178 68.9492 15.5389
13.379 2.99065 0
-17.573 -29.7173 0
2.96879 42.9488 0
19.3892 -22.7633 26.5392
2.99428 -1.59677 0
-75.6694 4.9681 0
-65.4523 -7.39275 81.166
83.5542 9.11043 41.3716
24.1091 -0.300963 0
31.4645 -131.03 128.973
-10.4683 -6.93945 0
22.3516 -59.1016 131.464
-77.3615 -45.3935 234.813
-77.6886 83.4912 0
14.5691 9.91515 0
82.8072 17.364 0
59.7054 95.5954 97.8331
19.8915 -21.7445 0
-111.02 -530.047 218.153
6.68438 -13.2648 0
-5.62037 -3.20831 0
-2.26085 -0.95335 0
-1.39759 -1.62224 0
57.1261 98.2781 54.9898
-1.87911 -2.11661 0
-2.26996 -1.59168 0
-16.1769 -2.9925 83.5809
-2.15169 3.02499 0
78.1933 -77.3522 28.999
127.261 -167.32 91.0788
41.0056 52.9377 34.5315
-23.8246 18.3672 0
1.75164 1.95343 0
44.9693 84.258 5.50752
112.084 36.6565 11.8366
-2.47278 0.455094 0
63.4527 92.013 130.403
1.27909 -5.85696 0
65.5333 16.4461 0
-129.14 9.19628 7.09739
80.606 9.20578 42.0595
24.1185 -0.00021782 0
54.9704 63.0203 28.4791
5.90766 0.860993 0
-102.107 -24.8559 5.12793
0.190896 -1.63822 0
1.16217 -1.55767 0
5.05473 -6.064 0
-74.0326 49.6533 22.4101
-19.329 -0.356912 26.9858
1.23632 1.75239 0
222.498 73.9867 54.603
-242.604 -46.2725 100.726
0.2477 19.9664 49.8097
1.15575 2.8202 0
-29.3749 -47.9782 29.9233
1.2538 4.84741 0
5.05081 -3.1621 0
17.6909 16.2123 11.0388
-95.0237 -97.4248 17.0172
2.64461 -1.14865 0
21.6845 -5.31773 50.996
-7.6045 408.815 26.123
7.11887 -7.28538 0
-3.17576 -1.63094 0
-2.13625 3.71269 0
37.9171 -53.9512 35.548
120.72 -151.123 75.4699
-2.2999 0.646195 0
48.9165 -58.145 166.782
-2.97765 -101.835 0
-81.1741 36.3694 81.957
-125.199 4.93652 0.25881
84.0409 -3.0682 42.4387
24.1084 0.301078 0
254.904 -520.454 687.699
79.6581 75.1587 244.654
23.4303 64.5223 51.3464
8.23505 -57.2587 13.3832
2.38343 -0.845737 0
1.4151 -5.49137 0
-8.08386 -2.43346 0
94.4971 -17.559 46.8514
0.871905 1.68401 0
0.151578 -1.80301 0
-3.6218 7.88917 0
192.056 277.416 15.6573
93.4929 -56.2192 2.40724
0.297979 1.373 0
-281.355 30.0262 112.995
2.3983 0.467917 0
-12.9759 4.85882 0
20.027 -118.79 3.4176
8.41343 -2.65447 0
1.48272 -2.20511 0
42.2949 70.2361 0
-17.7978 -58.8551 56.9139
-2.13984 0.0648037 0
-3.73082 -8.93364 0
-21.5065 13.0019 0
-141.521 32.1116 0
20.8925 6.88243 0
0.739581 2.74607 0
-57.7649 148.747 0
28.616 3.38726 0
-0.883178 2.56254 0
-26.2777 15.7083 0
82.1958 -7.42215 31.8138
1.62563 1.49756 0
-2.3554 0.37246 0
-2.9517 -2.88338 0
1.71789 1.42584 0
-1.06309 -1.75321 0
4.57531 4.17976 0
-6.1816 -6.36921 0
92.5853 127.739 117.479
-0.504214 -2.08803 0
-11.4594 -9.27546 0
75.5797 126.096 58.6694
0.194607 83.0427 68.8064
-28.5424 4.90579 0
-78.112 -53.3764 0
-8.85484 -4.87627 0
56.0862 14.5769 29.3293
25.3385 8.87604 74.8698
25.8936 -9.83314 0
3.66259 2.46711 0
7.67305 -0.493519 0
-9.45016 21.109 90.2378
-67.2744 -2.52306 0
10.1249 7.7509 0
-2.33074 0.817958 0
-50.2938 10.3671 0
-128.885 70.9038 26.0959
48.5118 47.5904 30.5248
23.5322 -16.4509 0
-13.0145 -96.4638 0
26.2184 17.3055 0
-0.15607 -1.87982 0
-18.8402 24.5574 0
70.3547 -20.4179 40.2528
0.0574523 -1.99114 0
1.31452 1.2683 0
328.596 -105.876 57.6675
-2.89926 -7.76886 0
-2.24809 0.162787 0
-3.27907 -0.148738 0
-3.85682 -21.5041 0
-12.2342 19.0747 96.0028
-2.21195 -0.381172 0
25.9426 15.5817 117.335
118.147 -38.9973 0
-11.9039 -49.7442 0
-0.753828 2.8663 0
-66.5513 -5.22903 0
-2.59437 -0.406196 0
6.60555 1.43456 0
11.2938 -87.8523 70.324
49.1413 -100.229 78.0707
19.2504 -5.97092 0.0894954
113.826 32.4845 15.0084
-37.1054 16.1707 79.6771
-74.0324 -0.776903 14.6896
3.99876 -6.41804 0
13.6584 -18.98 1.9982
-19.6141 1.69377 0
-5.46865 0.418206 0
-62.8852 -97.6926 3.24441
-121.738 79.3483 5.02804
-156.635 47.5162 53.6833
-1.81708 3.49118 0
-0.209259 1.68138 0
-3.49241 6.28328 0
1.45077 -4.46206 0
243.931 12.8728 513.212
-2.42776 1.12667 0
254.476 -157.382 64.5256
-8.00294 15.5356 0
-169.111 41.6856 18.7528
33.7446 36.4298 95.402
-390.328 280.718 171.394
-2.73742 1.09259 0
-18.347 13.2689 0
17.8626 -208.378 44.6104
78.1517 7.9079 41.1617
-19.5526 -54.389 0
-11.074 -4.36854 0
-2.80608 3.50492 0
-1.10935 -4.48713 0
2.64523 16.351 0
3.18489 0.296327 0
43.4233 -7.6323 48.45
-1.03033 -1.47298 0
-0.311759 1.36204 0
-19.9904 -4.30057 90.54
-84.7666 1.30593 0
-0.14283 -1.63033 0
75.2703 -36.2553 76.9574
98.0458 -114.701 3.56144
-31.2955 33.8557 0
6.61889 3.10087 0
9.72293 -38.4366 0
-3.8527 5.7982 0
-2.27171 0.522314 0
-1.57471 1.70351 0
-12.2178 11.5259 0
-169.531 261.374 3.36349
-29.5901 -49.7764 0
-4.29907 -48.1724 7.46378
26.5094 68.4513 0
5.80512 7.56096 0
-2.2165 -5.73524 0
89.3589 137.545 134.225
-54.7495 -16.6058 114.561
-34.1832 -15.7561 0
-0.209173 -1.58381 0
-0.0542084 1.71891 0
115.655 -31.3144 19.2301
-0.764841 2.33769 0
-3.87852 27.2268 0
19.612 54.5288 5.35896
30.7738 -51.2919 39.2872
-2.04384 1.51115 0
11.1077 -68.9369 0.489598
-7.42364 3.58346 0
-11.8484 135.693 15.2108
-0.633324 -4.34431 0
-0.20207 -3.13092 0
-3.28076 -18.3561 0
0.209302 -4.10105 0
-0.947773 10.0922 0
48.0695 60.7856 0
213.258 25.1568 120.349
11.5652 50.8341 8.17343
2.9885 -10.1783 22.5136
-0.124888 2.40961 0
26.4839 -1.67687 0
-7.09944 -9.15355 0
-0.600025 -70.1804 118.38
0.0874224 -85.6024 0.0818713
15.9914 -4.92624 0
4.20573 -0.114665 0
-1.73111 3.52044 0
58.7322 -130.293 164.822
-130.912 -57.2246 91.7044
-10.1156 23.1199 52.7415
-0.598951 -1.73841 0
-0.734491 4.25853 0
-0.600038 -0.300304 51.5498
-0.60001 -0.300045 116.37
-0.600111 -0.300472 53.9184
-2.00184 -1.67007 0
-26.9235 -30.0707 0
3.55892 6.18948 0
8.85899 3.25329 0
-25.3293 49.4338 84.5835
4.7933 2.49829 0
12.2105 -15.5556 12.9131
2.13498 -0.802993 0
8.4464 -128.905 8.21753
8.77895 78.7541 42.9455
-0.600493 24.4859 0
3.18258 16.9976 0
4.53314 5.24301 0
-3.7275 14.7128 0
0.873653 -5.58812 0
-2.01838 94.014 8.62486
58.6014 -4.65696 30.3719
19.0211 16.3723 0
-0.160348 -1.54057 0
24.7462 60.6224 42.3541
10.1978 -58.6677 66.9946
-1.58657 -54.0189 0
-6.91188 16.8671 0
19.606 54.1947 0
0.778441 -7.20476 0
-28.4025 33.302 41.4993
-31.2894 18.0898 0
79.0256 -133.631 43.8434
70.2191 -134.818 52.2955
-0.70466 1.36061 0
-0.599828 4.96378e-05 51.5678
-0.600009 2.58638e-09 116.428
-0.600248 3.42382e-05 53.9701
35.9683 -39.3684 46.3263
-17.2114 -7.55194 0
76.8291 32.3159 29.4278
20.5639 10.7132 0
8.63517 -7.48194 25.2471
14.2003 20.7982 63.2089
65.2446 27.5888 160.896
18.5457 1.83293 21.5802
-0.461608 -0.153551 0
9.59502 66.2945 51.2067
-5.44679 38.2308 47.8478
28.7015 -35.1863 43.899
-0.0476083 3.72567 0
0.899133 15.498 0
-0.370889 3.9512 0
19.4191 19.7386 0
-1.38607 -1.42112 0
3.8879 37.6875 0
9.97046 3.42763 0
1.55694 63.6254 0
10.0407 -58.7483 67.9764
4.77841 -10.1606 36.7869
1.35096 -8.8564 0
13.6004 41.5353 23.9648
-2.78406 -1.35442 0
8.4102 -22.6033 0
-1.2031 2.25642 0
26.3762 194.887 234.374
7.2868 -63.5579 0
-0.864138 -1.70093 0
-0.59991 0.300082 51.5505
-0.60001 0.300045 116.37
-0.601089 0.300233 53.9192
-57.1989 0.895696 1.94399
10.3701 -18.46 0
-1.02118 -2.26029 0
9.04017 -36.1689 79.2334
29.1899 -41.3576 0
-11.2158 -36.2807 0
-13.8568 -26.6155 14.4341
-60.0446 -48.1654 39.9802
-3.55562 0.42146 0
-0.600038 85.0828 111.612
-1.29348 85.5946 0.100449
-0.677343 -2.9746 0
-10.8458 3.35297 0
18.2178 -7.18989 22.9184
-77.5142 116.489 148.287
-1.70617 -5.80916 0
-22.6825 -8.7665 0
-0.185572 -16.8357 0
7.37606 96.7374 23.0701
-0.598573 3.41467 0
-7.32857 -2.56467 0
66.3125 -0.168824 30.7919
-35.7093 89.8934 0
6.47178 6.93705 0
-55.6372 -98.6059 21.3807
-1.42983 3.04653 0
-4.52647 -30.5583 151.614
-58.7789 -51.8043 0
8.32178 -20.6992 0
-2.54355 0.589026 0
-55.1229 12.859 0
-1.62151 -2.58578 0
-1.16983 -1.65484 0
0.237639 -2.21412 0
3.33461 -2.76923 0
0.935843 -2.27271 0
-43.0958 -23.3698 0
24.7491 -68.1865 49.2707
148.242 164.512 0
1.6355 -2.2855 0
-44.9826 -107.828 124.657
2.21882 -2.85057 0
11.1294 -9.15593 0
0.507974 6.90019 0
1.41138 -4.38943 0
16.1068 -31.399 0
1.83138 -2.06106 0
2.38192 -0.170209 0
60.6191 11.6231 5.50561
19.6332 -6.61621 0
40.5396 89.889 15.0115
-0.780043 1.64128 0
-62.5783 9.70942 0
81.1822 9.30076 42.3348
24.4212 -0.301887 0
4.12326 -4.74305 0
2.42847 -2.86379 0
98.1421 -11.7969 0
-45.18 -12.9696 0
59.6175 -38.7381 0
46.2025 -50.1755 2.30496
-2.75887 1.46022 0
-1.64338 -2.83761 0
61.1819 9.09622 0
0.790033 3.59429 0
-1.65535 -4.14712 0
30.9719 152.267 192.021
-2.24819 -3.57701 0
-143.255 16.7523 24.5083
-184.902 118.225 131.607
-0.432106 -0.168821 0
-2.28405 -0.0522338 0
-2.95667 -1.31426 0
3.31003 8.28374 0
-4.50731 -7.5056 0
232.031 -10.0731 0
40.4783 54.5216 34.2682
-6.90196 0.552807 0
-4.98003 -3.08351 0
-107.145 26.8327 76.9949
-17.7449 97.5329 84.8376
36.6711 34.6395 0
-0.284392 -9.78363 0
-0.228544 -1.3453 0
32.8361 -27.6759 44.7192
-2.64321 3.44217 0
78.2961 9.39923 43.0177
24.1795 7.08297e-06 0
20.8266 -13.4595 0
28.0041 80.4002 27.777
57.3362 227.985 199.848
22.7638 -16.6761 31.8681
77.7247 -3.8365 7.29574
25.5154 -14.7239 7.96606
-10.7983 -98.6733 12.8047
9.32962 38.9509 0
-5.64146 1.71868 0
-65.0677 -100.098 172.651
-224.562 40.4749 131.141
-98.3329 -138.15 19.4067
-9.44408 -5.13315 0
47.6388 -81.1979 14.5792
-2.07773 4.49394 0
10.2201 -8.60754 0
-0.0797235 1.58945 0
-0.985779 -1.43194 0
48.1523 51.3149 93.6817
-8.81084 -8.27633 0
142.648 50.5587 176.236
6.97759 -7.31267 0
-0.376181 -6.27569 0
-4.14701 2.57802 0
12.7843 -20.5642 0
79.0308 -91.2165 155.781
0.400851 -2.47723 0
11.1544 -48.2298 0
1.17202 -1.87197 0
7.26924 -3.36273 0
-227.428 79.4759 0
81.5593 -3.07126 43.5101
24.4203 0.301965 0
2.85059 -0.575318 0
-174.432 74.7973 7.51776
74.994 -29.0031 0
36.3357 -16.9527 0
1.44066 2.3321 0
-61.9944 44.9972 53.7748
23.9287 -6.4294 0
60.093 2.52744 31.6758
0.408012 1.47953 0
9.83706 8.5747 0
10.7703 4.40478 0
-14.9124 -78.8095 0
2.05572 0.211401 0
-138.84 -83.6151 44.7209
33.9291 22.8844 0
6.17828 2.70977 0
-50.0143 -3.48999 39.693
14.5471 -74.6281 0
25.5615 -68.5569 13.1037
-11.1153 6.94073 0
-4.73887 4.74437 0
-47.5486 19.2261 16.6514
-2.0315 -0.204739 0
-4.00525 -4.88281 0
-6.01741 6.40263 0
-54.088 90.1228 43.0957
-47.9368 -62.1927 0
1.69184 -36.5178 0.233705
5.05869 8.07984 0
-2.00342 -0.941844 0
-0.282198 -1.59562 0
67.6601 17.7813 48.9901
-84.4049 22.95 0.225821
-2.91649 -0.381113 0
7.34093 2.85466 0
-176.446 -113.601 0
-4.39864 -2.63036 0
3.37561 -0.211036 21.3448
-2.20714 0.142479 0
59.3717 -46.5066 21.5541
-33.8991 69.1865 0
-45.8493 -39.9876 0
-11.1535 -9.25267 0
22.9828 147.955 21.2194
1.8636 84.7133 68.2933
67.7207 -51.6364 17.9331
3.88141 -2.10451 0
-45.9966 9.15602 77.6675
1.03308 -5.72626 0
6.17663 16.149 0
15.4409 75.9654 49.5448
82.9335 -62.581 0
7.13281 0.168929 0
-62.0436 10.4801 66.8905
-48.78 -1.96961 0
10.5929 9.24598 0
5.97282 2.39863 0
8.63055 -7.57112 0
-65.8645 22.7835 0
-7.92611 -13.9879 0
-11.7661 -0.117378 0
-30.2048 8.31846 0
45.9382 -193.282 98.9769
-0.304845 -1.92241 0
25.7505 59.203 0
-25.8468 -30.0955 0
2.90755 -3.08245 0
-0.656962 -1.51546 0
-0.804266 -1.70315 0
13.656 7.29342 0
-2.49244 -1.25806 0
-2.99724 -2.53994 0
-2.19832 -0.91281 0
-3.70329 -0.430962 0
-2.47724 0.583631 0
44.0994 33.1092 109.991
-15.2411 35.6087 49.128
5.16421 -2.09065 0
-4.06372 -4.62274 0
131.862 187.493 69.1683
-198.239 -42.8826 30.7457
-89.6943 136.29 1.76982
47.8729 -1.75133 0
-17.37 86.6188 1.71966
-4.09421 2.54563 0
0.730264 -1.59657 0
-59.1629 10.6566 68.0134
-38.4664 -0.839219 33.2003
11.2683 -13.1646 0
0.189553 -14.6412 0
-10.9172 -0.563943 0
-43.2913 -8.27029 12.8158
-52.2239 -31.2514 5.4242
2.14691 3.77064 0
-18.0868 -22.0719 0
34.8503 -25.2223 0
0.745255 1.65574 0
2.18779 3.69089 0
30.2128 -46.7526 55.0006
36.5317 -61.4823 0
-0.656809 -1.49471 0
-33.0597 -18.061 71.7967
-4.06555 3.67518 0
-82.4398 66.5641 0
-2.70306 0.590064 0
201.927 -186.137 104.269
0.148996 -2.363 0
12.4476 -43.4253 49.9971
77.4411 -209.871 23.4318
-11.0575 0.0453969 0
-108.865 164.375 199.769
-3.35375 -1.54558 0
-12.8589 -178.469 76.9215
34.6263 -61.3653 25.697
0.428553 1.81115 0
4.91049 -55.4589 0
-275.854 -77.3474 23.4212
-3.44743 2.13581 90.0944
1.01187 -0.449618 0
-61.823 -2.38288 70.7697
-76.8805 0.952595 1.16451
7.65086 -10.1348 0
-106.403 -2.17753 46.599
-48.8656 -67.6721 8.65471
27.7837 2.36466 34.3407
-62.2474 -32.7021 22.8054
0.79059 1.4008 0
0.126201 1.49006 0
-0.381059 1.57287 0
-0.613388 1.61382 0
-12.5285 12.0892 0
-1.49526 -4.65788 0
2.68167 3.09398 0
77.1564 67.2113 0
-1.61402 4.1761 0
-15.5571 28.9417 147.185
-178.514 -71.653 1.20633
58.7118 -145.207 85.0809
-2.27439 1.20916 0
-18.0671 -9.60388 85.7662
-2.12207 -0.0872784 0
-108.391 -121.107 1.26273
4.46244 -14.4799 0
-0.418441 1.80033 0
2.58881 -10.2213 0
34.5532 25.3181 0
-20.9076 -5.36518 0
-3.18424 -0.874321 0
-3.79737 -0.584467 0
-2.38583 -4.4999 0
-2.00129 -0.144311 0
-0.299989 -3.86608 0
-0.0200558 -3.2119 0
-2.90023 -19.5783 0
0.419042 -4.12005 0
-1.03951 10.0529 0
-1.56801 -5.84768 0
78.8507 -106.195 73.8536
-7.22426 51.9412 88.1685
-1.29327 9.43056 0
-34.9265 98.4001 47.4832
4.62077 -8.70715 0
2.29225 -0.843386 0
-0.299983 -70.1486 118.399
0.388066 -85.6029 0.073866
-290.497 167.483 29.9501
169.552 -469.925 235.868
-0.523485 4.19318 0
0.433582 1.25885 0
2.80617 2.41572 0
48.2101 14.4471 0
85.58 24.0645 0
0.228662 1.50288 0
-0.300023 -0.300028 51.5511
-0.3 -0.300044 116.372
-0.300003 -0.300132 53.9199
-59.483 42.5593 59.5443
14.4871 -31.7688 0
-2.53835 5.42532 0
13.873 81.0213 69.4418
-139.434 91.555 160.094
17.5115 60.9847 34.8432
20.3708 9.07742 0
52.294 23.3129 47.4233
9.07658 -128.507 7.48077
9.08229 78.7174 42.972
-0.300561 24.4873 0
1.73521 -43.7874 4.61342
0.958321 2.53498 0
-3.1265 -0.595768 0
9.79405 1.36523 0
-1.37248 -0.767697 34.4159
87.3769 87.5048 78.0709
217.174 -272.101 71.9782
0.243306 -2.63429 0
25.8867 59.4636 45.8397
10.5051 -58.6162 67.0095
-1.28581 -54.0186 0
22.7606 -121.1 55.2184
0.658573 1.44254 0
-5.13733 5.4056 0
-112.64 -55.0447 0.791995
24.4953 -140.701 21.5117
-0.729592 -2.17014 0
-1.14344 -116.882 34.4585
61.6988 42.9245 34.5882
-0.299815 5.31557e-05 51.5704
-0.3 5.60738e-08 116.43
-0.299844 4.494e-05 53.9724
-11.5193 -15.4534 31.572
-2.17749 -2.49048 0
133.427 -118.489 69.1831
8.80229 -0.906238 0
15.8812 -0.353228 27.1272
2.58456 0.615508 0
-39.3314 46.0813 92.0409
6.96382 20.8066 0
-0.018773 -1.5215 0
9.90341 66.2454 51.2286
-5.01405 38.5152 47.7853
3.33002 -0.42268 0
76.5287 1.80744 50.7239
2.67563 8.02173 0
-3.04923 1.84515 0
-74.2352 -109.629 13.3533
0.316432 -2.8314 0
-28.6519 140.311 143.523
-27.139 84.3572 128.747
5.18487 70.44 0
10.3446 -58.7022 67.999
5.08832 -10.1719 36.7974
-3.90185 1.90715 0
13.7791 44.1568 8.16141
10.6601 77.6892 27.8553
27.1945 45.4141 44.6091
-3.72904 0.380768 0
-23.1858 -78.2851 0
-11.003 -73.5697 7.14501
0.763469 0.128424 0
-0.299837 0.300047 51.552
-0.299909 0.30007 116.372
-0.30007 0.300149 53.9205
9.63524 9.52127 0
-1.4382 -1.52485 0
14.045 55.5907 0
-70.4948 -88.5367 40.4924
-28.162 -60.142 146.826
-13.8833 -41.4113 36.3654
-8.68701 46.6461 78.2383
14.0601 15.4092 0
-0.340839 1.98118 0
-0.299979 85.0536 111.634
-0.987316 85.6024 0.073743
-0.386217 -2.97282 0
-23.4207 46.5846 24.8002
-3.28881 3.01246 0
-1.65905 -21.6065 0
6.7152 22.637 0
-12.2643 -30.9937 0
5.84821 13.8839 0
3.77897 2.12839 0
-0.291625 3.41831 0
-184.461 -84.6596 80.4754
-1.19211 -75.4447 0
91.4378 106.915 182.417
-1.41887 -4.14598 0
56.8616 -0.605864 33.9198
21.3444 152.554 29.0046
-53.5321 -87.4286 114.916
1.78851 -8.85603 0
0.0401416 5.33019 0
5.72198 1.74312 0
0.582678 1.66162 0
-4.49309 -0.701481 0
8.59731 2.23628 0
2.48284 -3.10371 0
1.89689 -1.93517 0
5.52809 -4.28372 0
25.934 86.653 0
-6.61091 6.85301 0
-11.6568 5.24462 0
35.1636 -26.2804 6.61196
4.81223 4.33379 0
7.8139 -7.70607 0
11.445 -9.17923 0
7.16146 9.32964 0
1.55619 -4.13733 0
0.0507732 -3.92779 0
21.1649 95.9434 23.6347
-0.519639 6.20653 0
35.8016 83.8818 2.65822
18.9477 -9.23389 0
0.452241 4.55974 0
1.04929 -0.489607 0
-28.9062 -11.4229 0
81.4813 9.30513 42.3375
24.7224 -0.301207 0
5.53982 3.28635 0
2.14784 0.283046 0
0.423779 -2.25089 0
-69.0558 -16.322 36.9105
-22.6134 -76.51 0
-67.0001 44.1207 32.825
122.553 -82.5591 48.2243
-0.644409 1.2534 0
-0.446458 -0.118021 0
2.11216 4.15516 0
-1.29515 -4.15955 0
-52.083 83.4256 72.5029
-32.6596 50.7671 90.5587
0.351128 1.59233 0
-11.141 31.141 0
38.2791 -55.9003 0
-0.19302 1.35729 0
-1.02849 -5.29876 0
4.25933 -0.604235 0
0.440981 0.184784 0
196.089 5.88155 0
40.7312 54.5425 34.2716
-145.488 103.398 0.881293
-2.19302 2.54738 0
64.1555 -44.4255 0
22.9671 93.7163 55.4857
0.42032 -1.93127 0
42.8158 -28.6533 0
82.8102 -75.0213 39.2839
-163.706 43.403 24.8118
-2.89891 0.249828 0
78.6042 9.39994 43.0176
24.4824 0.000305361 0
0.427622 -2.33661 0
-66.459 25.1743 49.9264
15.5857 -1.37671 0
1.04623 2.80904 0
24.2109 21.3033 0
-2.30784 0.813175 0
-6.42186 -1.52114 0
-4.41562 -2.65934 0
76.8067 140.381 161.621
-122.928 -199.928 114.416
-224.313 41.1021 130.891
15.5227 -150.412 45.8403
-13.6046 -20.426 0
31.8431 7.26842 0
-31.2631 9.56878 27.2528
0.626576 1.86888 0
36.2512 -19.5917 0
-0.424455 1.17818 0
0.708214 1.71909 0
1.29555 1.97912 0
144.668 40.8593 170.457
9.26 -9.81742 0
-6.81599 -8.36911 0
2.49201 2.21339 0
76.4602 -118.687 80.349
-35.8221 47.2409 0
37.9503 84.1924 0
-19.4901 7.61826 0
1.85585 3.26523 0
-16.0634 45.0074 15.1807
-2.13131 -0.200868 0
81.8575 -3.07408 43.5127
24.4699 0.301804 0
105.717 56.3121 16.9001
-0.715678 -48.7881 17.6307
54.0503 -22.6872 69.0762
5.328 -1.22101 0
136.909 -39.1442 34.2782
9.35824 -0.490824 0
-25.0761 -110.141 28.3504
-3.55244 -0.299314 0
0.329993 1.47321 0
10.1482 8.59579 0
11.0651 4.35631 0
-14.7468 -80.3157 0
1.92433 -2.4659 0
47.4542 -6.02263 0
2.60298 1.36126 0
24.0371 -2.46633 0
-6.74859 0.49137 0
-0.410414 1.19713 0
-0.163642 1.75674 0
49.3655 271.73 176.761
-7.59822 4.38165 0
-48.2016 -88.6776 120.197
2.77224 0.968631 0
-18.7035 -47.533 0
161.058 -79.4193 75.8653
16.1268 -28.2359 26.334
47.7051 -6.24085 10.4271
-41.0216 60.7569 0
-3.13909 -0.733482 0
24.7824 -110.507 19.547
1.0705 -2.34904 0
-7.51333 -88.1128 30.5034
-108.053 155.26 107.381
-0.720251 -2.75996 0
-13.2537 -18.5728 72.3679
1.72378 -2.8905 0
1.09568 2.02175 0
-0.221186 1.41897 0
4.14276 -3.49872 0
36.5112 -18.8387 8.07841
1.50194 8.40673 0
-23.9468 -22.137 0
-10.8534 -9.25257 0
20.5333 147.899 18.8986
2.23229 82.5693 67.6844
-29.2612 15.899 0
80.1279 82.0944 23.8842
175.29 -40.4734 76.3523
-44.2489 -38.6752 0
-55.0169 27.4723 51.7363
13.4513 35.7304 69.1904
5.6584 2.77621 0
3.52009 -1.93463 0
-61.7402 10.4789 66.8902
-24.7712 -0.300852 0
84.8603 104.968 0
0.974911 -1.62399 0
58.0162 15.49 0
34.3662 -92.105 27.5462
70.4412 -9.77629 0
-3.47056 -0.730453 0
1.52977 94.5675 59.8175
41.7345 -57.4575 0
2.25937 -0.410646 0
-60.1178 147.881 0
-6.48416 39.1059 50.6345
3.06503 -3.24897 0
-0.203361 1.3688 0
-102.171 -51.6496 88.9382
0.474577 1.42546 0
66.0126 227.874 0
3.95521 13.7317 0
-73.046 169.194 0
-2.57276 0.327488 0
-0.514275 1.87071 0
44.6228 33.3474 109.792
-47.7957 36.4482 37.9192
197.353 -132.388 65.0468
-10.5519 -24.5287 0
24.9721 186.878 45.3956
14.2063 74.9383 4.05033
44.3696 69.0716 0
-0.726093 -0.464549 0
-3.88985 -4.71856 0
-0.614568 -4.68929 0
0.791676 1.58935 0
-58.8626 10.6566 68.0148
-24.7827 0.000146137 0
-5.33124 0.934797 0
-35.4919 -3.19177 73.4542
-10.2646 -0.530412 0
-7.28263 -0.254095 0
-42.6325 1.11859 0
-4.42462 3.97189 0
13.1364 -11.954 0
-3.0231 -0.0495501 0
-1.30551 1.62103 0
1.2438 1.94788 0
-17.8868 -48.3001 48.828
27.5706 -87.4372 1.42422
-20.8201 -16.6183 0.490482
-52.4631 59.2123 49.3295
-3.41457 3.48409 0
0.765482 -0.460702 0
49.7527 -29.8485 0
0.02051 2.98001 0
-1.21722 -1.2904 0
-0.117635 2.90041 0
83.7028 -208.687 21.4848
-7.92612 -7.7416 0
39.7299 -71.3033 173.649
0.70865 -33.9308 0
-133.483 -59.5083 29.5059
-0.018819 -8.37648 0
0.543059 1.38534 0
0.367731 1.70901 0
-10.1689 25.6316 0
-0.344988 -39.9182 27.6361
1.20376 1.51691 0
-61.5197 -2.38182 70.769
-24.7714 0.301215 0
-6.53111 -18.1357 0
-106.1 -2.11657 46.6416
-2.76128 -3.37126 0
-1.44211 -5.92295 0
-1.01912 3.32809 0
-13.1113 74.9811 66.0589
-2.81734 3.81579 0
-10.4333 -2.94765 0
-58.5579 35.8503 0
-12.2284 12.0891 0
2.38342 6.54019 0
-0.0419047 9.47919 0
-30.3032 56.9379 0
-0.234178 3.36928 0
154.099 41.5248 134.658
-2.93584 0.646507 0
16.4465 -5.49606 50.5892
65.5161 29.8504 41.3635
-92.5456 -36.0983 72.9913
-3.78669 1.25985 0
-4.32833 6.92898 0
-56.1205 -19.2429 79.4244
-25.3209 59.2358 0
-10.3441 14.7751 0
-10.0225 88.9595 0
96.9651 58.1548 0
-0.733809 -0.165246 0
0.704817 -1.70721 0
-8.27022 8.07706 0
19.6119 50.2785 23.5441
-0.00133234 -3.86626 0
0.347499 -3.49899 0
-2.59667 -19.2543 0
0.717499 -4.11989 0
-0.699258 10.0926 0
-9.82747 3.33286 0
-2.08156 -5.23198 0
-6.44183 66.7516 77.7705
-12.2688 4.74212 9.84351
-34.3423 80.5403 27.6451
-2.02883 10.2398 0
0.992686 1.80829 0
1.62896e-05 -70.1484 118.399
0.687025 -85.6034 0.0743764
-4.52405 -0.326025 0
19.3503 18.303 91.3932
-2.50944 14.1041 0
48.0366 -130.128 93.4054
-5.62746 52.9847 1.72225
-22.3595 -7.04038 0
-6.72034 77.4118 0.0609792
32.9766 71.5916 26.0771
-0.000257324 -0.300259 51.5515
1.04277e-07 -0.300044 116.372
1.85482e-05 -0.300776 53.921
19.959 -20.8801 12.7842
-35.9306 -49.166 16.4876
25.2311 1.60833 8.05497
8.39112 2.70532 0
-34.2655 -46.5469 20.5595
44.0405 28.004 25.5023
-23.5741 19.6434 4.30543
2.43236 5.70914 0
9.27602 -128.576 7.31038
9.38903 78.72 42.9722
0.000404921 24.4881 0
-3.08451 -12.1581 0
1.32326 2.4549 0
-1.22899 3.11406 0
0.869187 2.34965 0
0.0630195 -4.76385 0
-24.2994 -11.5014 15.7011
-0.33506 -3.21765 0
16.4382 -8.86196 0
2.81126 -1.58823 0
10.8058 -58.6156 67.0091
-0.985871 -54.0181 0
4.35106 -0.0484513 0
-4.27007 15.8126 0
144.808 -1.29874 261.12
3.1456 -10.4862 0
134.891 -22.0832 90.2124
1.8025 -1.96809 0
-13.4251 -110.296 160.842
-3.41362 -1.79729 0
1.37379e-07 -3.33494e-07 51.5693
0.000168654 4.85546e-05 116.431
0.000120025 -6.89484e-05 53.9717
9.90371 63.6542 75.4903
-20.8834 10.8616 9.95552
-1.32866 -1.56402 0
9.398 -0.827425 0
16.8025 2.95274 25.569
86.6729 111.711 135.789
31.8068 72.4909 71.6589
1.92536 0.836474 0
0.52175 -1.57911 0
10.2045 66.2443 51.228
-4.71395 38.515 47.7853
17.1449 -27.6465 0
-5.09405 2.93072 50.5582
-0.624621 13.8238 0
-6.0148 8.06772 0
-70.6611 -84.3544 0
0.406458 1.46665 0
-0.357191 -1.4216 0
39.6183 -17.5023 0
3.77152 54.3502 0
10.6512 -58.7041 68.0025
5.39494 -10.1887 36.7966
0.249653 -4.25569 0
16.9677 52.3783 6.29745
-7.84211 147.351 24.6998
3.33696 -13.2702 0
-2.98088 1.67412 0
0.361329 -7.63803 0
13.5751 -28.2696 0
22.0277 -102.708 64.3943
1.84176e-07 0.3 51.5511
0.000437714 0.30017 116.374
1.71704e-07 0.300117 53.9198
24.2653 -6.57943 0
-1.24833 -1.95695 0
-74.614 158.473 38.8202
-211.202 8.83427 45.6067
0.159632 -3.71519 0
5.34484 6.56499 0
-2.12333 0.287884 0
-0.718607 -1.17461 0
0.353309 -7.26175 0
0.000358461 85.0542 111.635
-0.686935 85.6041 0.0744481
-0.0668159 -2.95864 0
-1.08565 -1.43187 0
20.2184 -20.3668 0
-94.4923 30.9303 0
2.38458 3.77333 0
-30.865 12.2519 0
0.918444 -3.42322 0
-34.9035 43.1763 44.6705
0.0063887 3.41786 0
6.97623 -0.453393 0
0.864499 6.31242 0
-83.929 85.2656 0
-3.29971 -4.68612 0
-5.13596 4.98107 0
23.5449 178.903 36.7639
-26.8365 -57.1992 49.0057
14.803 59.4468 145.515
10.8006 -14.8775 0
-18.586 -52.5615 186.529
-1.87823 -3.67492 0
-157.845 -20.916 5.41223
17.2369 -1.56721 16.943
-174.485 55.659 43.5254
95.2335 -219.27 18.375
113.541 76.0538 116.055
-250.519 28.7681 106.052
70.2033 48.9021 0
-9.36844 37.9201 0
-22.6102 2.37037 0
-0.449428 0.407893 0
8.09505 -7.69374 0
11.7453 -9.17931 0
0.666981 6.98483 0
-6.38697 -12.291 0
1.28441 -6.68694 0
-7.30705 -4.87973 0
22.6587 -5.66796 0
-41.1472 -10.5001 75.9754
22.2382 -7.61395 0
-0.150681 0.178553 0
-97.2014 85.0917 17.644
45.6369 -137.705 2.03786
81.7784 9.31176 42.333
24.7715 -0.30065 0
-24.4548 -25.9968 0
3.07746 0.498427 0
-46.0549 -23.5808 1.11118
49.485 62.0489 4.32708
49.0827 -61.8828 0
-26.6465 -29.6458 0
1.55807 1.77111 0
6.43713 -8.88502 0
3.18322 1.37803 0
2.92068 4.93807 0
-0.949294 -4.16196 0
24.2732 64.6136 138.684
36.2385 63.415 0
0.540057 10.9104 0
-28.0993 -332.99 79.9061
-0.121301 -0.434348 0
2.01222 -0.255326 0
-26.4096 -77.2984 166.256
16.523 -11.0219 0
43.9926 100.885 20.7339
201.139 11.183 0
38.8005 53.4613 34.3994
-147.215 104.554 0.261395
-0.163555 -1.42996 0
27.9985 -134.353 0
-102.987 -24.6303 69.5035
-108.013 9.39359 21.1358
-2.91906 -0.73885 0
-25.8948 -99.0939 0
13.9538 -22.8418 19.4962
33.803 126.382 26.9688
78.8936 9.39841 43.0048
24.7821 0.000604801 0
-40.6441 37.5731 92.6463
-86.8368 -8.7327 0
108.302 77.1962 0
68.5094 -27.9829 0
-14.6164 -74.7088 2.07951
-18.0946 -9.42374 0
2.1344 3.03209 0
-108.005 103.744 212.97
-0.60273 1.4613 0
1.20387 -1.76553 0
-0.348031 -1.8826 0
-26.5149 -140.406 58.1543
37.2911 182.612 104.488
-32.827 -19.9383 0
-49.0284 21.759 0
-170.588 -26.3226 151.964
28.1353 -9.69107 0
-5.32291 2.04743 0
49.8012 -277.929 83.1587
89.8145 -56.9503 178.383
129.139 48.4382 203.948
-50.8927 32.2652 0
-3.81629 -1.82574 0
-1.53011 2.09276 0
82.4405 -22.6565 22.4331
-23.0725 54.9265 2.64675
121.873 -9.38618 88.4226
64.8395 217.38 90.9517
90.0983 31.1543 119.759
-108.782 66.3323 93.1849
-0.537007 -1.34516 0
82.1551 -3.07928 43.5087
24.7712 0.301578 0
1.93213 0.505208 0
-108.15 -20.6804 18.5377
-8.6224 -8.4493 0
4.60655 3.87004 0
109.446 217.448 61.7985
53.0768 -90.8218 49.197
0.432937 47.2703 122.8
-104.249 -143.412 267.02
-3.11299 3.79157 0
10.4484 8.59586 0
11.7168 5.27774 0
-14.3155 -80.3122 0
14.1815 -11.1126 0
22.2658 -162.514 0
-43.5363 -114.042 27.0238
-2.16964 2.72707 0
102.097 61.3651 91.8389
26.9319 16.3389 0
110.81 20.2479 33.5301
1.05567 -3.24868 0
-7.48751 2.91 0
49.4219 -118.813 16.5845
0.322443 1.49293 0
-0.736364 3.6472 0
2.4369 5.2568 0
0.35159 4.52127 0
6.32746 -6.02913 1.22257
-11.2644 -14.3369 0
46.4791 15.7283 0
460.927 54.7555 44.3517
1.74835 2.25457 0
41.2259 -109.684 59.4433
41.8037 -24.2716 0
-1.64729 -1.47583 0
-71.7488 -137.825 142.642
-4.88619 -7.39758 0
-5.55536 64.6075 42.237
-6.69175 94.4217 0
-41.8319 22.8292 0
-2.1205 -3.06839 0
-13.6309 57.5597 29.1672
-25.1709 -23.6333 0
-10.5532 -9.25249 0
20.8413 147.9 18.9235
2.5816 84.7193 68.3574
-82.0186 -13.1502 21.0738
-24.2992 -6.45313 32.977
5.11806 -1.06137 0
-2.68085 -3.47641 0
-2.8076 3.32243 0
-146.728 31.6688 5.61824
0.572316 -1.68645 0
-53.9259 46.0721 0
-61.4405 10.4731 66.8967
-24.4699 -0.300652 0
137.991 58.3912 85.1355
2.27444 4.38525 0
-5.20699 -0.617604 0
-83.5056 38.6672 0
0.805389 1.25471 0
-36.1918 -46.1844 0
29.0839 137.43 248.204
-29.0412 -8.92038 14.4538
1.57637 -1.77379 0
-61.131 149.076 0
-5.62182 -65.7821 38.1038
3.07944 -2.87162 0
-2.48539 0.969192 0
152.336 -62.8624 15.3446
-2.07236 -4.04589 0
2.05736 -1.61432 0
0.349763 1.98142 0
-4.12357 1.39823 0
0.651423 -1.8678 0
0.67537 -1.94361 0
45.4463 30.3044 102.937
-48.7812 36.0883 37.6866
111.32 -3.48924 0
-4.59595 -1.93849 0
2.61295 -111.128 0
3.47212 2.19267 0
-208.903 -17.9235 124.456
-71.4212 -68.9041 25.3088
-104.426 -73.0822 25.4319
71.1907 -8.80326 46.614
-2.09341 1.56423 0
-58.565 10.6583 68.0323
-66.7282 -5.4648 0
-6.6852 2.57879 0
-2.32395 0.713422 0
-9.18275 -0.514959 0
-4.15991 -1.71679 0
-42.3128 1.11791 0
18.4455 32.0218 34.212
-76.9686 -62.1598 56.1311
84.9409 -55.7855 48.3093
1.5424 1.32228 0
1.58744 1.88632 0
-19.2779 -47.0239 49.1602
1.52883 -7.73334 0
1.983 -18.868 0
-2.10649 4.60937 0
-65.8581 -10.1383 35.2584
-23.583 6.93151 58.2346
2.0523 0.856938 0
-111.336 30.6683 264.634
31.1158 14.6353 11.0458
2.39386 -0.192949 0
82.4503 -210.043 20.662
-7.62188 -7.75568 0
-79.449 4.76244 149.252
135.786 -56.4619 2.96989
15.2629 19.0213 0
-0.171223 2.53711 0
3.03532 -1.73447 0
-5.40391 -7.73126 0
-24.6087 -39.3801 0
0.0839005 1.78759 0
0.55519 1.6992 0
-61.2208 -2.37806 70.7737
-24.4701 0.301639 0
-9.0222 30.5226 16.7014
-105.84 -1.99749 46.7757
-2.48746 -8.52639 0
3.00656 3.3929 0
24.4646 -189.965 91.8954
35.8512 -24.2139 39.5602
-19.3078 13.7424 0
-85.7972 -104.473 0
31.6712 36.1755 0
-11.9283 12.089 0
-2.10871 8.44982 0
40.6473 24.6423 0
-15.9988 -5.28204 0
-2.10455 0.0591553 0
-176.925 97.9836 10.6499
-33.6211 12.664 0
-50.8757 -24.8389 0
-50.0205 29.1691 10.0615
-42.8754 47.9296 33.9818
50.104 1.72628 0
-106.849 -122.38 4.02065
24.1952 2.29044 0
-1.48904 14.9623 0
42.4203 -21.5899 0
16.1291 2.64065 0
6.13496 202.641 165.116
-5.52103 -11.2881 34.0329
2.39667 0.51327 0
-4.97384 -15.0201 0
-3.66149 1.40977 0
0.297738 -3.8636 0
0.861937 -3.31497 0
-2.28188 -19.2515 0
1.01264 -4.12283 0
-0.253403 10.1022 0
2.55885 -1.33373 0
-49.6563 -83.3635 53.5433
2.8578 93.8916 57.6475
10.7274 3.37435 0
34.7172 73.43 21.7405
-4.13281 21.9567 0
0.284299 -1.37957 0
0.300016 -70.1486 118.399
0.987054 -85.6027 0.074422
29.0745 42.9618 84.6094
12.7208 0.24883 0
-1.72922 10.3553 0
60.9261 -130.414 102.886
2.26886 0.576104 0
-1.86696 -0.381431 0
56.8908 -76.6075 68.1151
34.5437 21.7304 8.15281
0.300335 -0.300335 51.5517
0.3 -0.300044 116.372
0.300447 -0.301094 53.9216
8.09699 -1.82538 0
-8.35399 17.3578 0
66.3452 20.6004 68.6331
8.71955 2.87361 0
-15.8488 2.44136 0
79.2615 -135.481 24.2743
23.7919 9.33719 40.1658
34.114 52.0844 0
9.45807 -128.819 6.65171
9.69613 78.7135 42.9683
0.301061 24.4881 0
5.29559 -0.630698 0
1.52891 2.42758 0
11.8415 22.9815 0
51.1211 -33.4493 55.6308
4.65392 -76.8529 0
-10.0367 13.4011 0
16.0298 13.794 0
-30.5324 -8.68404 0
2.68909 -0.364135 0
11.106 -58.6158 67.0079
-0.686186 -54.0191 0
-34.218 -53.9364 0
-34.8252 -0.691654 0
-125.297 -192.299 196.095
-10.1594 41.1233 45.9983
46.1005 56.8496 19.9505
11.867 9.90411 0
60.5569 -101.247 92.5026
47.0442 66.9596 7.14386
0.300001 -5.32807e-07 51.5693
0.300058 1.68147e-05 116.431
0.300176 -0.0001519 53.9719
4.32275 -3.21619 0
-4.43029 13.3196 2.22049
-4.48369 0.377165 0
8.99466 -0.987232 0
16.1518 2.69574 27.8007
4.8426 7.95453 0
50.9741 77.8199 90.5875
13.1942 28.1038 0
2.00666 -1.11183 0
10.5051 66.2432 51.226
-4.41276 38.5143 47.7858
-2.59644 -0.306774 0
-0.15799 -0.139571 0
1.55507 -4.67575 0
8.93909 114.258 0
2.2248 -8.34026 0
-0.697916 1.44313 0
-2.57177 0.2699 21.4838
67.8853 157.925 0
1.18885 16.7783 0
10.9565 -58.6996 67.9943
5.63492 -10.2298 36.8264
-5.28102 -2.15415 0
10.6358 11.4891 0
3.5115 9.78228 0
-66.668 2.88663 90.5376
0.514914 -58.7408 0
2.2447 -1.29591 0
-3.10838 -38.4234 0
-25.1236 -26.5509 0
0.30006 0.299988 51.5517
0.300269 0.300122 116.373
0.300117 0.300144 53.9205
-20.1349 95.4284 15.5884
-257.519 -126.751 20.6883
-80.8885 -26.693 61.1993
-1.71498 -17.7083 0
-23.1029 -47.6669 0.314781
51.8092 42.6658 72.2516
8.88877 5.8915 0
-76.3452 -9.0214 221.041
30.7855 34.5791 0
0.300321 85.0543 111.635
-0.386971 85.6036 0.0738449
0.237044 -2.96295 0
-1.11004 -1.22909 0
-3.41589 -35.0124 0
5.81286 -3.61977 0
2.38076 70.3042 4.97858
2.48261 1.76556 0
100.568 36.9789 78.3906
1.27342 -1.82348 0
0.304747 3.41822 0
9.06774 -2.96032 0
-39.988 -10.0141 0
2.83746 4.54807 0
-2.95806 -4.6845 0
15.1618 -2.36934 216.675
1.82797 -1.53673 0
7.23738 -76.2274 60.4507
-5.8947 -22.3111 0
-26.2437 52.2146 16.3714
197.919 294.693 110.792
3.19242 -3.15049 0
-81.4621 -85.6424 47.2392
36.8116 33.6593 0
1.92645 -1.97248 0
-4.91236 -4.18762 0
8.32684 -4.88693 0
3.466 -2.84834 0
-26.1665 158.247 19.7495
-7.07144 -3.68991 5.72974
-24.2671 7.30465 0
238.107 -116.962 42.9124
8.28587 -7.70311 0
12.0455 -9.17947 0
0.630154 7.11077 0
1.16945 -2.80977 0
1.81555 -3.28358 0
-17.6633 -53.2219 10.4121
4.64852 5.22999 0
-2.63047 1.56945 0
37.4611 -11.8614 0
2.22398 -1.16955 0
2.1913 0.0330651 0
-107.016 290.78 11.6507
82.0912 9.31365 42.3488
69.2999 3.67652 7.4623
-26.4576 -24.4745 0
-82.2081 -78.969 8.75298
49.4114 201.23 34.0701
-66.8118 -134.058 190.156
-166.231 -4.84555 36.0486
-101.27 -20.9056 35.5618
30.8151 55.2709 6.92592
8.13805 6.19984 0
9.11823 9.3722 0
-58.3001 -153.788 101.04
-0.339865 -1.79517 0
47.8398 166.651 124.321
0.183261 0.148392 0
162.866 191.968 236.63
-114.619 -82.732 34.5134
-0.369684 1.20248 0
2.61174 0.699934 0
13.106 -158.787 23.5865
87.1828 -33.2946 268.471
1.56087 -2.23323 0
104.728 37.6607 0
-0.215365 59.1148 38.0915
36.929 26.1958 99.8861
1.98861 -1.46025 0
-72.1576 11.7973 0
-2.96272 -2.67707 0
2.00554 0.0048405 0
-0.927748 12.9546 0
0.297204 -2.30034 0
21.1197 66.345 76.402
-26.0705 61.9826 110.684
79.2027 9.39836 43.0169
43.6901 0.194892 29.6893
-101.751 -32.5098 0
2.75959 0.418042 0
17.7458 -1.52333 0
0.89262 -8.15502 0
69.4364 -14.3613 2.52337
-181.829 171.108 63.8981
-75.4877 -39.7217 0
-40.7877 -10.0983 0
86.2951 145.412 14.2484
1.26371 -1.80608 0
4.243 6.69914 0
71.7986 -122.814 81.5485
-39.1944 -40.3759 8.7383
-55.4978 -27.2336 20.6865
11.3376 6.65657 0
14.003 71.0922 0
112.906 -116.535 0
1.25088 -1.85909 0
4.52703 0.778045 0
157.714 106.026 5.61803
-339.395 280.631 350.216
7.87887 -7.26752 0
231.448 -122.584 110.067
1.95246 1.76877 0
-0.0614434 6.79556 0
3.60503 -3.69543 0
-126.753 117.109 48.5849
5.0389 -26.3387 0
144.064 105.222 97.4365
2.48789 -35.2955 13.5227
1.52034 4.04804 0
82.4691 -3.08312 43.5249
50.2316 2.41508 0
-76.2782 122.859 49.3002
-1.93133 -3.66259 0
-45.5297 45.0166 59.049
-107.23 -115.598 7.04348
-62.3662 -169.381 6.24029
4.96941 -5.87798 0
65.8868 30.545 17.6754
-46.1009 -1.14538 0
-7.70949 -37.0984 154.179
10.7487 8.59602 0
60.0815 101.53 0
-14.6044 -75.8087 0
-62.5758 4.60068 0
28.2329 -6.34155 0
-3.84371 -4.04603 0
-35.5372 -13.3208 0
50.1738 21.7848 14.6671
83.6319 201.876 7.72654
2.16816 -0.545288 0
-20.8842 -8.53829 58.7887
-4.3183 3.30824 0
-6.07339 3.2126 0
3.60345 6.59818 0
28.6513 21.6656 44.6955
3.13192 2.71206 0
2.4432 9.17518 0
-26.4043 35.6606 102.957
5.04715 -3.89777 0
2.09101 -0.483343 0
-7.04713 94.6114 22.7129
1.59632 -2.54488 0
3.39523 -5.69048 0
-3.83745 1.93084 0
29.1401 -70.2473 0
53.4667 -103.366 1.89446
7.5261 1.39347 0
3.69839 -1.92203 0
-1.36454 -2.2301 0
1.90245 -5.06919 0
32.8052 -31.2313 0
0.043054 8.26425 0
-18.95 -18.2393 0
-10.2418 -9.19908 0
21.2325 147.948 18.8127
2.77669 85.0758 67.765
50.6037 -86.5725 0
-27.2659 24.375 29.0265
95.3398 76.8324 16.1593
11.7642 107.638 53.7115
112.345 87.8568 8.62027
130.066 165.423 34.3202
4.72326 68.6866 0
2.34147 0.868301 0
-61.1437 10.4715 66.8949
-24.4205 -0.300663 0
-0.177392 2.08554 0
-0.1686 1.55566 0
-2.03663 -2.23798 0
-30.0757 -28.4828 0
-115.253 12.1902 4.64898
-51.8978 -132.976 1.4212
-2.67384 3.23058 0
-0.138098 1.90439 0
2.55418 -2.11554 0
-62.9845 162.847 0
-38.5093 -53.5826 39.9831
3.58541 -1.21571 0
43.2796 -29.1743 0
27.9438 -18.4951 0
-2.56667 1.70253 4.52781
-0.157523 0.417313 0
66.9468 150.162 46.248
0.848098 -1.77559 0
80.0661 8.10664 89.3946
2.26715 -0.852095 0
39.369 39.8575 125.732
-48.4765 36.0636 37.6985
-23.9132 -9.1413 0
19.967 41.4751 0
86.3005 133.779 0
-3.26891 2.01023 0
-6.41381 -6.11026 0
-70.7422 -38.7139 3.04943
-38.9641 -37.1631 0
2.24686 0.357674 0
42.5444 65.3103 0
-58.263 10.6572 68.0309
-24.1784 0.00112212 0
-4.48733 -0.314602 0
127.01 81.9922 29.7201
2.52239 -3.45865 0
50.2618 51.5112 2.83738
-32.577 7.60516 0
22.0673 113.74 36.9683
-0.894553 6.64406 0
-28.3927 -2.35587 0
0.240647 1.83238 0
2.84221 1.20192 0
-18.9905 -46.9937 49.1708
159.737 106.881 23.4353
-49.2228 -39.2897 38.6218
11.2132 -5.31789 0
3.30224 -0.475761 0
1.20975 1.5901 0
43.0234 -58.3183 113.246
36.3085 -24.2687 19.4624
-31.3724 -18.7989 22.4088
-41.4166 -40.5054 36.7642
23.0447 -212.473 26.6015
39.7272 -74.7415 0
2.60281 -1.12987 0
2.3917 -29.3601 0
191.514 151.03 90.3889
-142.72 -217.78 100.319
-0.146959 1.62169 0
2.15317 -1.07892 0
-8.35698 87.2423 37.8301
1.99054 0.402892 0
-117.655 78.4847 93.8265
-60.9264 -2.37627 70.7721
-24.42 0.302157 0
14.5437 81.1275 90.9322
-110.524 -1.11488 42.5304
-1.46898 -18.4075 0
0.26805 -3.98073 0
1.08428 1.57823 0
-21.0784 -39.8742 19.1373
-12.4392 -6.66489 0
-47.5722 -6.87344 34.8409
0.709685 1.43448 0
-11.0384 11.4348 0
0.185513 13.6658 0
38.7508 23.2379 0
-21.4191 6.49825 20.5965
0.589619 17.2628 0
-0.128469 -2.15411 0
-0.148645 -0.428073 0
1.93773 10.8901 0
-1.20597 1.50866 0
-52.0918 -30.9427 39.5738
0.134352 -1.45057 0
-107.527 -118.32 0
-57.6025 -39.7094 30.2555
-23.4789 -87.3754 103.39
96.0662 61.5071 11.4942
83.8911 -17.7161 81.6525
10.525 253.687 48.4
145.675 21.8869 21.4252
2.6436 1.75594 0
0.763623 64.6482 19.5444
37.325 109.127 167.639
0.600784 -3.85387 0
6.14966 -1.32296 0
-1.99465 -19.2381 0
3.2878 -12.9621 0
-2.72368 8.25274 0
3.39331 -4.88001 0
-0.459216 0.185513 0
4.89596 7.07631 0
38.163 114.534 82.2489
-0.393243 41.6392 0
24.5851 125.21 110.909
-0.539012 -2.16232 0
0.600063 -70.1804 118.38
1.29379 -85.5948 0.100311
-1.67698 2.2231 0
0.0151363 -3.36851 0
-0.264279 3.52689 0
-26.164 -158.522 96.5226
0.728162 16.423 0
-3.15978 -29.7204 220.734
-62.7772 -64.1067 166.339
-13.6383 -6.03399 0
0.60062 -0.300354 51.5496
0.60001 -0.300045 116.37
0.600528 -0.300444 53.9178
-15.847 -6.71107 1.39279
13.4745 -12.8851 0
-9.56628 22.5817 0
6.78775 4.97546 0
7.50726 5.69447 0
-3.26099 1.8925 0
-6.96228 90.0561 65.5263
95.3879 -37.7201 176.222
8.99721 -129.576 5.60837
9.99264 78.7532 42.9425
-2.99493 82.4988 0
-14.8945 0.205795 0
1.29634 2.57207 0
2.44445 6.9515 0
-15.6651 -21.0815 0
-1.85935 74.5669 0
47.7385 16.9315 74.2191
21.3375 43.6517 26.9862
-47.977 -8.76837 123.247
3.06412 -1.88901 0
11.4053 -58.6674 66.9925
-0.380656 -53.81 0
-0.249795 1.46504 0
2.35609 -0.875101 0
53.078 2.78924 114.861
-5.25049 4.52724 0
-15.5768 -31.4672 0
334.109 -42.4826 142.722
16.7041 -0.400705 0
0.278254 -3.01065 0
0.600001 -3.56426e-07 51.5668
0.60001 5.32106e-09 116.428
0.600061 -1.88274e-06 53.9688
21.3702 -23.8818 0
20.4408 -10.7679 0
17.3097 -5.66768 12.5986
4.91398 3.37178 4.55845
19.0146 18.1583 12.0101
-32.4492 -38.6216 0
-5.35418 -49.5112 0
-51.5052 9.22256 84.7572
-0.218983 2.56307 0
10.8046 66.2927 51.2035
-4.11 38.4992 47.7883
-10.3608 8.19635 0.67952
9.98412 28.653 0
0.431149 25.0098 0
2.09536 1.8097 0
140.772 -59.4617 1.29946
0.403592 4.6467 0
-1.9529 -20.3712 0
166.668 -96.153 67.915
60.0539 80.6337 55.2974
11.2519 -58.7477 67.9737
6.47847 -9.58946 36.3898
0.520018 -8.38832 0
-0.0164017 3.40606 0
32.6832 78.5533 19.8089
-9.16709 -0.633032 0
-13.1906 -56.739 24.5928
-1.22233 10.7791 27.3012
-10.8544 -27.1979 0
-45.917 45.1495 0.671707
0.600214 0.299991 51.5495
0.600111 0.300025 116.37
0.600558 0.300119 53.918
2.65046 5.23374 0
-0.683773 -2.14499 0
2.63869 -0.223274 0
-28.2959 -26.1501 8.0007
58.9494 1.98971 45.8729
105.199 -148.178 61.306
-4.49381 -88.6479 41.7552
4.75025 0.707356 0
-19.5655 64.2282 27.8862
0.600058 85.0828 111.612
-0.0871027 85.6006 0.0801527
0.53973 -2.94375 0
-1.6165 -1.53592 0
-26.5972 -15.0255 0
2.64706 -35.588 0
-2.34048 1.43984 0
32.086 -0.327742 6.47276
-762.67 -324.109 362.465
-95.4408 -37.8942 56.6079
0.606631 3.4166 0
-2.08106 6.03919 0
1.52969 6.20126 0
8.38679 4.9432 0
-2.49079 -4.17751 0
-67.2679 -11.424 0
11.5572 5.26121 0
-31.7585 -81.9549 85.0659
-62.3451 -26.4062 0
14.0737 -11.2821 0
2.07959 -1.20187 0
2.36465 0.145456 0
-110.472 -91.8745 3.20767
-6.98023 70.1736 39.0879
1.37415 -2.18096 0
4.2261 -7.8401 0
11.6868 -10.5824 0
0.541745 53.4294 320.82
-22.6581 -55.6388 57.7253
-2.8249 71.0197 32.6133
3.32798 -7.17131 0
2.33191 -0.477695 0
7.97409 -7.5876 0
12.3764 -9.24621 0
-2.86028 10.405 0
-4.90078 -6.08294 0
2.88438 -58.9391 0
18.5354 -0.99866 0
1.43026 -3.33324 0
108.319 -32.0553 63.0992
143.471 -2.71001 32.177
3.071 1.12735 0
17.85 13.5603 10.974
22.6069 -92.1749 37.8393
-96.6305 63.7786 47.6247
84.7876 -1.31449 0
-43.0471 29.7444 21.349
-33.218 2.55011 0
-133.894 135.885 89.1059
9.39502 -2.17382 0
161.396 43.6076 83.3535
-5.28337 9.98188 0
60.9119 -11.8758 0
13.0517 -8.69778 0
12.3934 12.6793 0
74.2996 240.055 0
50.5268 -207.57 0
-73.0215 36.647 123.547
-0.0848816 1.79298 0
-41.9239 -9.34645 0
-43.2698 44.3041 0
1.86302 1.35682 0
2.196 -2.07679 0
0.0126551 3.34134 0
-2.13798 0.168877 0
2.18384 -0.471221 0
7.3942 -3.50048 0
-140.453 109.318 108.474
-8.67394 3.16214 0
2.56416 -0.31819 0
-22.4112 2.66185 0
-9.4116 30.2757 0
1.88983 -1.94693 0
-3.61041 3.90357 0
-100.597 29.3883 36.6341
2.53812 -2.13987 0
-0.825164 3.48856 0
-56.7034 57.8327 72.2764
76.9218 0.731224 8.67883
4.51584 -91.3812 41.4331
11.9237 -105.819 0
2.01669 0.256908 0
1.41242 -5.0646 0
3.16323 -1.29151 0
54.9361 4.06878 68.3446
81.3716 72.8746 56.4703
-190.219 145.977 83.7816
29.6 15.3184 0
130.038 130.915 123.743
-175.23 -34.6783 109.833
-98.9689 78.126 65.2957
-0.817543 -2.86493 0
-34.303 -38.8488 58.5787
-149.191 30.1931 3.72892
43.1823 77.9291 0
23.0209 3.79349 0
4.24795 27.6027 0
-130.531 -96.9969 16.0523
4.59442 -0.322687 0
-147.625 120.716 128.88
-85.644 63.2467 33.6004
432.163 -116.708 164.22
1.24566 1.57882 0
-19.3844 -2.02322 0
20.9392 -206.359 92.4858
-0.172918 -120.598 93.9285
4.76356 -81.2063 0
-1.42849 -1.48989 0
2.86579 5.67618 0
2.4396 -0.425562 0
-102.136 -4.59995 68.4227
68.892 2.58217 0
103.691 124.765 427.044
3.75157 2.32785 0
1.32248 6.25706 0
0.673123 -1.20646 0
3.19794 -1.39414 0
0.299005 -38.9019 67.1051
-2.51746 -42.2385 46.6207
-3.08889 149.552 81.9522
1.4644 1.52088 0
11.0821 8.65 0
10.1858 2.73594 0
-64.9099 -34.9322 38.7424
1.12002 -5.73188 0
56.0084 63.7508 36.1559
113.225 34.2139 18.5425
2.21137 6.40197 0
-28.302 75.9312 198.5
-9.51604 1.53114 0
5.61539 -9.28326 0
-0.771444 -0.457677 0
-4.58813 4.23829 0
-56.7014 50.8715 61.1377
2.25456 0.0175604 0
-0.497877 1.35213 0
-15.0204 30.7109 0
3.00603 2.15691 0
-32.8229 -38.5753 0
31.483 118.799 49.7861
-13.8741 -17.2522 1.33021
95.0187 98.1224 68.2676
2.28974 -0.697412 0
6.84169 -9.68372 0
-2.6961 -9.36293 0
2.10722 0.255396 0
1.87893 -1.94306 0
27.0935 27.8413 0
2.29419 0.908558 0
6.50552 -15.4553 0
2.14025 -0.41388 0
-58.8955 -55.7035 23.9075
-33.1183 26.6694 0
-1.16693 -1.74843 0
-10.0869 46.1741 107.19
-37.9028 121.768 42.1586
-19.3251 46.7416 21.9719
32.8768 -36.6055 0
-3.11686 18.9079 0
261.286 -148.72 83.9583
2.1214 -0.323745 0
90.6531 60.7588 0
-9.91616 -132.794 51.2269
-32.306 51.0941 95.3754
104.571 -0.525064 0
-63.9258 10.301 66.408
-24.1082 -0.300555 0
-44.7125 -73.9025 3.29899
-21.6216 2.71634 0
-0.138715 1.46879 0
7.71535 3.514 0
-52.7704 0.824267 0
-115.424 7.56352 41.9072
9.0421 18.2193 0
117.468 190.003 82.2748
0.677296 1.95072 0
613.202 -366.55 65.6964
-0.4646 -1.56567 0
-0.591607 -3.62413 0
2.30896 -3.81121 0
8.87064 2.49487 0
-25.0218 -35.0476 0
-290.011 203.864 346.695
2.02148 0.0339261 0
2.11607 -0.916237 0
-0.372996 1.29656 0
-35.6216 24.9023 94.6832
-108.351 148.585 208.207
-45.9087 53.2956 29.4361
-0.572582 1.44436 0
83.4183 -42.5996 0
1.17197 -2.42673 0
52.4593 144.675 0
3.08802 4.59644 0
0.187406 -1.82511 0
39.4884 44.6594 15.2848
5.02862 14.0556 106.531
51.8652 1.69691 0
-60.9735 10.4873 67.5599
-24.1165 0.000906573 0
-8.44237 -0.237996 0
-42.9489 11.8274 0
3.3638 20.488 0
17.2187 19.5682 0
12.033 0.395527 0
4.48737 1.34832 0
-25.0804 -17.0928 0
-43.9493 -63.3695 74.1917
-11.303 17.2933 52.2585
35.1283 -189.367 85.7742
-16.3774 -66.2127 38.6682
-4.36662 4.03374 0
-23.061 -29.6206 22.0917
-29.3021 -65.647 24.7663
2.30568 3.92936 0
123.962 21.1889 0
64.1688 12.9205 0
-74.2237 -61.0192 91.4141
-356.739 -17.1879 200.543
1.38637 -1.57313 0
-43.7696 -44.4431 127.929
37.9616 -14.5931 17.0828
60.5348 159.096 102.097
64.7249 -38.8453 0
1.83387 5.04441 0
13.046 -6.71901 0
12.2279 1.42356 0
7.20383 -1.72151 0
40.3409 -172.896 10.6346
-1.1987 -2.07651 0
21.7263 1.8069 0
-63.8525 -2.35502 70.2362
-24.1071 0.301943 0
-30.7181 -69.9755 1.76566
-105.25 16.5221 0
-105.397 -150.833 24.3342
-60.3309 -41.6216 32.888
-9.50236 11.8719 73.0762
15.0811 -3.26354 0
-35.7113 -15.6734 0
139.131 141.697 150.564
0.396101 1.82811 0
-0.737516 0.471989 0
-158.068 60.6055 51.1941
9.81619 18.8509 0
2.71016 12.3692 0
2.87454 1.90398 0
-8.15182 -0.767195 0
2.34689 0.224988 0
16.7408 5.9436 0
-68.5064 10.7343 0.943185
-7.82788 -18.6071 0
-209.871 124.134 30.5782
-91.2087 -94.1041 0
-2.90743 -3.21253 0
2.5352 0.0423092 0
0.822503 31.825 0
29.5331 84.2683 0
-30.5035 75.563 144.127
1.9588 0.594173 0
12.2991 17.6557 0
1.02918 1.69405 0
-86.4191 -11.0503 25.2432
0.904078 -3.43088 0
2.08481 -0.292322 0
-1.86531 -19.5397 0
-0.226184 -1.65903 0
-112.254 -41.6398 81.9813
0.413597 -1.87211 0
5.66271 -36.5804 14.1486
7.49346 4.51395 0
0.653854 -2.80126 0
0.540726 -9.38914 0.239636
5.13992 28.5493 0
0.515152 -1.90577 0
0.900582 -84.6614 108.661
0.900934 -82.6948 0
2.78681 1.06479 0
0.857501 -2.80477 0
5.29514 -4.72708 0
-15.0642 -14.1342 0
4.5895 -3.42155 0
-8.05098 -65.811 5.2316
2.00999 -2.46282 0
2.85666 -0.674994 0
0.900143 -0.300082 51.5468
0.90012 -0.300063 116.057
0.90034 -0.300135 53.6445
-59.1869 -6.85088 4.90986
-7.23033 -1.3321 0
-55.9542 25.4483 57.9508
27.3632 3.37631 0
-4.48313 10.6645 0
3.87515 1.11847 0
-9.13775 30.2426 25.5129
-0.193951 5.92577 0
-0.537372 5.36637 0
-2.24576 93.2318 38.7318
0.901304 24.6825 0
10.6 13.3781 0
149.997 4.74931 7.75376
-18.8117 -15.7976 22.5897
-8.67006 12.6146 0
-3.72787 0.761472 0
-41.8194 81.6514 18.5661
-6.02458 -19.6074 0
-4.56187 -41.7726 0
2.55585 1.61378 0
-1.49421 -74.3852 67.0473
-0.0712158 -58.542 0
-15.7241 9.49618 0
-4.71508 -109.072 37.2028
-17.2576 37.27 0
3.42605 -5.99668 0
-32.6381 19.4293 8.65742
6.07675 -5.09555 0
1.16079 -2.11812 0
1.99088 -1.81675 0
0.900074 -7.74418e-07 51.5511
0.900112 -1.25676e-08 116.126
0.90047 -1.17638e-06 53.7044
9.00485 -27.5322 38.9677
-1.21166 -1.70947 0
-30.1378 -14.6893 5.62794
-142.149 37.29 86.7095
-38.7649 -6.71325 88.6605
130.013 -99.2697 43.056
26.7341 -23.6282 76.9731
7.0175 -7.04613 21.2794
2.4373 -2.0571 0
-3.64712 49.0284 66.8551
-3.67229 39.1672 46.056
-0.3334 1.25397 0
-58.1132 4.06874 41.0875
-1.61103 -13.4075 0
-22.9236 23.7568 0
-47.725 90.5064 35.7155
0.383408 -2.43342 0
2.72941 17.6013 0
1.62202 1.32215 0
2.60332 15.2438 0
-1.51462 -74.4559 68.2082
1.69885 -11.5591 37.3695
-49.2493 -37.8877 3.97844
3.15046 2.25449 0
-88.0814 28.8322 0
4.56072 0.207902 0
0.660656 -2.46529 0
-1.88255 -1.43225 0
16.1106 -126.434 0
0.923018 1.99492 0
0.9007 0.299994 51.5476
0.900221 0.300043 116.058
0.901129 0.300127 53.6457
-7.89267 12.6972 28.4301
0.70373 -4.95918 0
-35.8261 -32.5213 31.3577
1.37505 1.53486 0
-34.9556 21.9147 3.4622
-3.67926 5.28979 0
-6.96106 -44.5457 32.3458
2.11104 1.01955 0
-0.724467 1.82894 0
0.900581 98.1943 100.552
0.196484 84.8524 1.31654
-3.15867 -4.60359 0
-11.2133 -26.1476 0
-5.90187 -0.638537 0
-3.42053 -3.99255 0
18.4074 12.6051 0
-19.9367 -87.1317 14.8799
-48.8085 27.8435 22.6922
0.604719 1.54431 0
0.909739 3.41765 0
37.4589 162.005 106.19
0.594585 7.448 0
-44.17 82.4003 0
-73.7261 4.27829 66.3113
1.30638 1.33868 0
-2.38785 0.613695 0
123.372 -32.1213 0
13.4426 -152.954 38.733
-3.57791 -2.25398 22.6882
2.99453 -0.075046 0
0.833907 1.70773 0
-188.82 44.1856 7.86109
74.9365 69.6618 7.41688
1.9943 -3.15327 0
-36.2105 18.9549 23.9915
2.0752 -1.39819 0
12.6731 -116.422 0
-2.87844 -10.7547 0
0.497198 -2.44761 0
0.308598 -2.29929 0
0.446798 -1.79409 0
2.45067 -0.632678 0
112.553 -97.158 154.023
0.167867 1.83397 0
0.551753 6.51382 0
7.46455 -8.16097 0
75.3251 -92.6322 34.9494
-16.4497 -25.9004 117.706
18.281 -47.9862 8.79455
150.018 68.2854 6.79261
0.931822 2.19408 0
-45.8309 -97.5589 0
101.095 21.409 7.63028
98.8442 -0.300032 100.514
86.6609 -0.299179 3.93835
-8.82391 0.826182 0
-0.0572336 -1.51959 44.3247
103.626 49.8153 25.0941
50.4075 29.3871 0
-13.1585 -25.8909 56.1032
22.1527 7.94441 1.04138
0.144601 1.46215 0
-59.2573 43.9396 0
2.27305 0.758585 0
1.90582 2.79132 0
-114.164 140.47 1.08944
-107.486 82.1253 1.11339
33.8626 -6.27186 0
-80.0814 -8.57142 0
-81.0854 47.5957 29.0614
33.0059 -167.534 1.14046
-31.4846 -30.0852 27.8671
3.22882 -0.117185 0
-25.2798 -17.0714 0
45.1891 -79.9663 44.062
14.778 -15.237 0
-155.967 243.342 54.5834
-6.47899 29.5413 0
-10.0911 3.25769 0
5.5601 -1.76479 0
116.356 -113.236 5.70948
-47.7778 20.9924 0
-4.77688 13.3297 0
0.81969 2.5421 0
4.0299 4.12876 0
-0.598341 -2.51107 0
98.7647 6.389e-06 100.589
86.6805 0.00655671 3.88248
-4.47713 -0.185909 0
-1.42152 -1.55362 0
2.56506 -3.18571 0
-29.742 -4.18629 34.0344
106.771 -43.1704 116.481
-37.6943 -31.1628 3.55562
1.74585 3.23193 0
-77.4447 98.0385 103.128
-58.6417 -7.12156 35.9535
11.2235 13.6071 0
-40.1701 79.3856 0
-79.793 -53.2335 0
10.5422 6.2585 0
2.22116 -0.530912 0
-81.6993 -40.3148 11.2221
-41.3301 -32.7985 57.5127
3.00043 42.5003 0
-133.673 21.6648 145.643
-85.7931 28.9895 46.2812
1.82097 0.840583 0
1.23398 -2.24998 0
-1.24841 -1.62743 0
-95.5456 19.7712 10.0756
-14.1339 0.69275 0
2.05992 0.437552 0
-3.35924 -15.5044 0
-61.1486 -120.306 7.09241
29.909 39.1251 0
-21.7529 -36.1215 0
122.137 86.686 16.0709
-0.419923 -1.43562 0
98.8442 0.300037 100.514
86.6794 0.312359 3.86692
-8.83517 -1.34624 0
17.3617 -106.189 36.1873
37.4925 -61.4941 0
-2.72498 5.44346 0
-0.900596 -1.87853 0
-0.693496 2.12185 0
-2.80614 6.86533 0
-5.80844 5.61733 0
1.53133 1.44654 0
-5.14249 10.4541 0
2.43479 1.81145 0
86.9973 99.9527 24.94
15.3571 14.0748 0
10.3118 -0.789286 0
6.23495 -0.364068 0
28.8034 23.515 80.2852
7.55143 59.0194 3.50847
176.738 23.0673 2.40944
-20.1648 13.6874 0.304871
2.52119 -0.1882 0
-1.08782 1.46378 0
76.7323 -67.7219 7.79103
-33.0857 -78.1669 25.4642
1.36292 7.54718 0
-9.02584 -20.3509 0
2.57555 0.527467 0
-3.87705 -5.77427 0
17.678 -1.48495 0
1.28412 1.36031 0
1.32405 -2.49692 0
VERTICES 2541 5082
1 0
1 1
1 2
1 3
1 4
1 5
1 6
1 7
1 8
1 9
1 10
1 11
1 12
1 13
1 14
1 15
1 16
1 17
1 18
1 19
1 20
1 21
1 22
1 23
1 24
1 25
1 26
1 27
1 28
1 29
1 30
1 31
1 32
1 33
1 34
1 35
1 36
1 37
1 38
1 39
1 40
1 41
1 42
1 43
1 44
1 45
1 46
1 47
1 48
1 49
1 50
1 51
1 52
1 53
1 54
1 55
1 56
1 57
1 58
1 59
1 60
1 61
1 62
1 63
1 64
1 65
1 66
1 67
1 68
1 69
1 70
1 71
1 72
1 73
1 74
1 75
1 76
1 77
1 78
1 79
1 80
1 81
1 82
1 83
1 84
1 85
1 86
1 87
1 88
1 89
1 90
1 91
1 92
1 93
1 94
1 95
1 96
1 97
1 98
1 99
1 100
1 101
1 102
1 103
1 104
1 105
1 106
1 107
1 108
1 109
1 110
1 111
1 112
1 113
1 114
1 115
1 116
1 117
1 118
1 119
1 120
1 121
1 122
1 123
1 124
1 125
1 126
1 127
1 128
1 129
1 130
1 131
1 132
1 133
1 134
1 135
1 136
1 137
1 138
1 139
1 140
1 141
1 142
1 143
1 144
1 145
1 146
1 147
1 148
1 149
1 150
1 151
1 152
1 153
1 154
1 155
1 156
1 157
1 158
1 159
1 160
1 161
1 162
1 163
1 164
1 165
1 166
1 167
1 168
1 169
1 170
1 171
1 172
1 173
1 174
1 175
1 176
1 177
1 178
1 179
1 180
1 181
1 182
1 183
1 184
1 185
1 186
1 187
1 188
1 189
1 190
1 191
1 192
1 193
1 194
1 195
1 196
1 197
1 198
1 199
1 200
1 201
1 202
1 203
1 204
1 205
1 206
1 207
1 208
1 209
1 210
1 211
1 212
1 213
1 214
1 215
1 216
1 217
1 218
1 219
1 220
1 221
1 222
1 223
1 224
1 225
1 226
1 227
1 228
1 229
1 230
1 231
1 232
1 233
1 234
1 235
1 236
1 237
1 238
1 239
1 240
1 241
1 242
1 243
1 244
1 245
1 246
1 247
1 248
1 249
1 250
1 251
1 252
1 253
1 254
1 255
1 256
1 257
1 258
1 259
1 260
1 261
1 262
1 263
1 264
1 265
1 266
1 267
1 268
1 269
1 270
1 271
1 272
1 273
1 274
1 275
1 276
1 277
1 278
1 279
1 280
1 281
1 282
1 283
1 284
1 285
1 286
1 287
1 288
1 289
1 290
1 291
1 292
1 293
1 294
1 295
1 296
1 297
1 298
1 299
1 300
1 301
1 302
1 303
1 304
1 305
1 306
1 307
1 308
1 309
1 310
1 311
1 312
1 313
1 314
1 315
1 316
1 317
1 318
1 319
1 320
1 321
1 322
1 323
1 324
1 325
1 326
1 327
1 328
1 329
1 330
1 331
1 332
1 333
1 334
1 335
1 336
1 337
1 338
1 339
1 340
1 341
1 342
1 343
1 344
1 345
1 346
1 347
1 348
1 349
1 350
1 351
1 352
1 353
1 354
1 355
1 356
1 357
1 358
1 359
1 360
1 361
1 362
1 363
1 364
1 365
1 366
1 367
1 368
1 369
1 370
1 371
1 372
1 373
1 374
1 375
1 376
1 377
1 378
1 379
1 380
1 381
1 382
1 383
1 384
1 385
1 386
1 387
1 388
1 389
1 390
1 391
1 392
1 393
1 394
1 395
1 396
1 397
1 398
1 399
1 400
1 401
1 402
1 403
1 404
1 405
1 406
1 407
1 408
1 409
1 410
1 411
1 412
1 413
1 414
1 415
1 416
1 417
1 418
1 419
1 420
1 421
1 422
1 423
1 424
1 425
1 426
1 427
1 428
1 429
1 430
1 431
1 432
1 433
1 434
1 435
1 436
1 437
1 438
1 439
1 440
1 441
1 442
1 443
1 444
1 445
1 446
1 447
1 448
1 449
1 450
1 451
1 452
1 453
1 454
1 455
1 456
1 457
1 458
1 459
1 460
1 461
1 462
1 463
1 464
1 465
1 466
1 467
1 468
1 469
1 470
1 471
1 472
1 473
1 474
1 475
1 476
1 477
1 478
1 479
1 480
1 481
1 482
1 483
1 484
1 485
1 486
1 487
1 488
1 489
1 490
1 491
1 492
1 493
1 494
1 495
1 496
1 497
1 498
1 499
1 500
1 501
1 502
1 503
1 504
1 505
1 506
1 507
1 508
1 509
1 510
1 511
1 512
1 513
1 514
1 515
1 516
1 517
1 518
1 519
1 520
1 521
1 522
1 523
1 524
1 525
1 526
1 527
1 528
1 529
1 530
1 531
1 532
1 533
1 534
1 535
1 536
1 537
1 538
1 539
1 540
1 541
1 542
1 543
1 544
1 545
1 546
1 547
1 548
1 549
1 550
1 551
1 552
1 553
1 554
1 555
1 556
1 557
1 558
1 559
1 560
1 561
1 562
1 563
1 564
1 565
1 566
1 567
1 568
1 569
1 570
1 571
1 572
1 573
1 574
1 575
1 576
1 577
1 578
1 579
1 580
1 581
1 582
1 583
1 584
1 585
1 586
1 587
1 588
1 589
1 590
1 591
1 592
1 593
1 594
1 595
1 596
1 597
1 598
1 599
1 600
1 601
1 602
1 603
1 604
1 605
1 606
1 607
1 608
1 609
1 610
1 611
1 612
1 613
1 614
1 615
1 616
1 617
1 618
1 619
1 620
1 621
1 622
1 623
1 624
1 625
1 626
1 627
1 628
1 629
1 630
1 631
1 632
1 633
1 634
1 635
1 636
1 637
1 638
1 639
1 640
1 641
1 642
1 643
1 644
1 645
1 646
1 647
1 648
1 649
1 650
1 651
1 652
1 653
1 654
1 655
1 656
1 657
1 658
1 659
1 660
1 661
1 662
1 663
1 664
1 665
1 666
1 667
1 668
1 669
1 670
1 671
1 672
1 673
1 674
1 675
1 676
1 677
1 678
1 679
1 680
1 681
1 682
1 683
1 684
1 685
1 686
1 687
1 688
1 689
1 690
1 691
1 692
1 693
1 694
1 695
1 696
1 697
1 698
1 699
1 700
1 701
1 702
1 703
1 704
1 705
1 706
1 707
1 708
1 709
1 710
1 711
1 712
1 713
1 714
1 715
1 716
1 717
1 718
1 719
1 720
1 721
1 722
1 723
1 724
1 725
1 726
1 727
1 728
1 729
1 730
1 731
1 732
1 733
1 734
1 735
1 736
1 737
1 738
1 739
1 740
1 741
1 742
1 743
1 744
1 745
1 746
1 747
1 748
1 749
1 750
1 751
1 752
1 753
1 754
1 755
1 756
1 757
1 758
1 759
1 760
1 761
1 762
1 763
1 764
1 765
1 766
1 767
1 768
1 769
1 770
1 771
1 772
1 773
1 774
1 775
1 776
1 777
1 778
1 779
1 780
1 781
1 782
1 783
1 784
1 785
1 786
1 787
1 788
1 789
1 790
1 791
1 792
1 793
1 794
1 795
1 796
1 797
1 798
1 799
1 800
1 801
1 802
1 803
1 804
1 805
1 806
1 807
1 808
1 809
1 810
1 811
1 812
1 813
1 814
1 815
1 816
1 817
1 818
1 819
1 820
1 821
1 822
1 823
1 824
1 825
1 826
1 827
1 828
1 829
1 830
1 831
1 832
1 833
1 834
1 835
1 836
1 837
1 838
1 839
1 840
1 841
1 842
1 843
1 844
1 845
1 846
1 847
1 848
1 849
1 850
1 851
1 852
1 853
1 854
1 855
1 856
1 857
1 858
1 859
1 860
1 861
1 862
1 863
1 864
1 865
1 866
1 867
1 868
1 869
1 870
1 871
1 872
1 873
1 874
1 875
1 876
1 877
1 878
1 879
1 880
1 881
1 882
1 883
1 884
1 885
1 886
1 887
1 888
1 889
1 890
1 891
1 892
1 893
1 894
1 895
1 896
1 897
1 898
1 899
1 900
1 901
1 902
1 903
1 904
1 905
1 906
1 907
1 908
1 909
1 910
1 911
1 912
1 913
1 914
1 915
1 916
1 917
1 918
1 919
1 920
1 921
1 922
1 923
1 924
1 925
1 926
1 927
1 928
1 929
1 930
1 931
1 932
1 933
1 934
1 935
1 936
1 937
1 938
1 939
1 940
1 941
1 942
1 943
1 944
1 945
1 946
1 947
1 948
1 949
1 950
1 951
1 952
1 953
1 954
1 955
1 956
1 957
1 958
1 959
1 960
1 961
1 962
1 963
1 964
1 965
1 966
1 967
1 968
1 969
1 970
1 971
1 972
1 973
1 974
1 975
1 976
1 977
1 978
1 979
1 980
1 981
1 982
1 983
1 984
1 985
1 986
1 987
1 988
1 989
1 990
1 991
1 992
1 993
1 994
1 995
1 996
1 997
1 998
1 999
1 1000
1 1001
1 1002
1 1003
1 1004
1 1005
1 1006
1 1007
1 1008
1 1009
1 1010
1 1011
1 1012
1 1013
1 1014
1 1015
1 1016
1 1017
1 1018
1 1019
1 1020
1 1021
1 1022
1 1023
1 1024
1 1025
1 1026
1 1027
1 1028
1 1029
1 1030
1 1031
1 1032
1 1033
1 1034
1 1035
1 1036
1 1037
1 1038
1 1039
1 1040
1 1041
1 1042
1 1043
1 1044
1 1045
1 1046
1 1047
1 1048
1 1049
1 1050
1 1051
1 1052
1 1053
1 1054
1 1055
1 1056
1 1057
1 1058
1 1059
1 1060
1 1061
1 1062
1 1063
1 1064
1 1065
1 1066
1 1067
1 1068
1 1069
1 1070
1 1071
1 1072
1 1073
1 1074
1 1075
1 1076
1 1077
1 1078
1 1079
1 1080
1 1081
1 1082
1 1083
1 1084
1 1085
1 1086
1 1087
1 1088
1 1089
1 1090
1 1091
1 1092
1 1093
1 1094
1 1095
1 1096
1 1097
1 1098
1 1099
1 1100
1 1101
1 1102
1 1103
1 1104
1 1105
1 1106
1 1107
1 1108
1 1109
1 1110
1 1111
1 1112
1 1113
1 1114
1 1115
1 1116
1 1117
1 1118
1 1119
1 1120
1 1121
1 1122
1 1123
1 1124
1 1125
1 1126
1 1127
1 1128
1 1129
1 1130
1 1131
1 1132
1 1133
1 1134
1 1135
1 1136
1 1137
1 1138
1 1139
1 1140
1 1141
1 1142
1 1143
1 1144
1 1145
1 1146
1 1147
1 1148
1 1149
1 1150
1 1151
1 1152
1 1153
1 1154
1 1155
1 1156
1 1157
1 1158
1 1159
1 1160
1 1161
1 1162
1 1163
1 1164
1 1165
1 1166
1 1167
1 1168
1 1169
1 1170
1 1171
1 1172
1 1173
1 1174
1 1175
1 1176
1 1177
1 1178
1 1179
1 1180
1 1181
1 1182
1 1183
1 1184
1 1185
1 1186
1 1187
1 1188
1 1189
1 1190
1 1191
1 1192
1 1193
1 1194
1 1195
1 1196
1 1197
1 1198
1 1199
1 1200
1 1201
1 1202
1 1203
1 1204
1 1205
1 1206
1 1207
1 1208
1 1209
1 1210
1 1211
1 1212
1 1213
1 1214
1 1215
1 1216
1 1217
1 1218
1 1219
1 1220
1 1221
1 1222
1 1223
1 1224
1 1225
1 1226
1 1227
1 1228
1 1229
1 1230
1 1231
1 1232
1 1233
1 1234
1 1235
1 1236
1 1237
1 1238
1 1239
1 1240
1 1241
1 1242
1 1243
1 1244
1 1245
1 1246
1 1247
1 1248
1 1249
1 1250
1 1251
1 1252
1 1253
1 1254
1 1255
1 1256
1 1257
1 1258
1 1259
1 1260
1 1261
1 1262
1 1263
1 1264
1 1265
1 1266
1 1267
1 1268
1 1269
1 1270
1 1271
1 1272
1 1273
1 1274
1 1275
1 1276
1 1277
1 1278
1 1279
1 1280
1 1281
1 1282
1 1283
1 1284
1 1285
1 1286
1 1287
1 1288
1 1289
1 1290
1 1291
1 1292
1 1293
1 1294
1 1295
1 1296
1 1297
1 1298
1 1299
1 1300
1 1301
1 1302
1 1303
1 1304
1 1305
1 1306
1 1307
1 1308
1 1309
1 1310
1 1311
1 1312
1 1313
1 1314
1 1315
1 1316
1 1317
1 1318
1 1319
1 1320
1 1321
1 1322
1 1323
1 1324
1 1325
1 1326
1 1327
1 1328
1 1329
1 1330
1 1331
1 1332
1 1333
1 1334
1 1335
1 1336
1 1337
1 1338
1 1339
1 1340
1 1341
1 1342
1 1343
1 1344
1 1345
1 1346
1 1347
1 1348
1 1349
1 1350
1 1351
1 1352
1 1353
1 1354
1 1355
1 1356
1 1357
1 1358
1 1359
1 1360
1 1361
1 1362
1 1363
1 1364
1 1365
1 1366
1 1367
1 1368
1 1369
1 1370
1 1371
1 1372
1 1373
1 1374
1 1375
1 1376
1 1377
1 1378
1 1379
1 1380
1 1381
1 1382
1 1383
1 1384
1 1385
1 1386
1 1387
1 1388
1 1389
1 1390
1 1391
1 1392
1 1393
1 1394
1 1395
1 1396
1 1397
1 1398
1 1399
1 1400
1 1401
1 1402
1 1403
1 1404
1 1405
1 1406
1 1407
1 1408
1 1409
1 1410
1 1411
1 1412
1 1413
1 1414
1 1415
1 1416
1 1417
1 1418
1 1419
1 1420
1 1421
1 1422
1 1423
1 1424
1 1425
1 1426
1 1427
1 1428
1 1429
1 1430
1 1431
1 1432
1 1433
1 1434
1 1435
1 1436
1 1437
1 1438
1 1439
1 1440
1 1441
1 1442
1 1443
1 1444
1 1445
1 1446
1 1447
1 1448
1 1449
1 1450
1 1451
1 1452
1 1453
1 1454
1 1455
1 1456
1 1457
1 1458
1 1459
1 1460
1 1461
1 1462
1 1463
1 1464
1 1465
1 1466
1 1467
1 1468
1 1469
1 1470
1 1471
1 1472
1 1473
1 1474
1 1475
1 1476
1 1477
1 1478
1 1479
1 1480
1 1481
1 1482
1 1483
1 1484
1 1485
1 1486
1 1487
1 1488
1 1489
1 1490
1 1491
1 1492
1 1493
1 1494
1 1495
1 1496
1 1497
1 1498
1 1499
1 1500
1 1501
1 1502
1 1503
1 1504
1 1505
1 1506
1 1507
1 1508
1 1509
1 1510
1 1511
1 1512
1 1513
1 1514
1 1515
1 1516
1 1517
1 1518
1 1519
1 1520
1 1521
1 1522
1 1523
1 1524
1 1525
1 1526
1 1527
1 1528
1 1529
1 1530
1 1531
1 1532
1 1533
1 1534
1 1535
1 1536
1 1537
1 1538
1 1539
1 1540
1 1541
1 1542
1 1543
1 1544
1 1545
1 1546
1 1547
1 1548
1 1549
1 1550
1 1551
1 1552
1 1553
1 1554
1 1555
1 1556
1 1557
1 1558
1 1559
1 1560
1 1561
1 1562
1 1563
1 1564
1 1565
1 1566
1 1567
1 1568
1 1569
1 1570
1 1571
1 1572
1 1573
1 1574
1 1575
1 1576
1 1577
1 1578
1 1579
1 1580
1 1581
1 1582
1 1583
1 1584
1 1585
1 1586
1 1587
1 1588
1 1589
1 1590
1 1591
1 1592
1 1593
1 1594
1 1595
1 1596
1 1597
1 1598
1 1599
1 1600
1 1601
1 1602
1 1603
1 1604
1 1605
1 1606
1 1607
1 1608
1 1609
1 1610
1 1611
1 1612
1 1613
1 1614
1 1615
1 1616
1 1617
1 1618
1 1619
1 1620
1 1621
1 1622
1 1623
1 1624
1 1625
1 1626
1 1627
1 1628
1 1629
1 1630
1 1631
1 1632
1 1633
1 1634
1 1635
1 1636
1 1637
1 1638
1 1639
1 1640
1 1641
1 1642
1 1643
1 1644
1 1645
1 1646
1 1647
1 1648
1 1649
1 1650
1 1651
1 1652
1 1653
1 1654
1 1655
1 1656
1 1657
1 1658
1 1659
1 1660
1 1661
1 1662
1 1663
1 1664
1 1665
1 1666
1 1667
1 1668
1 1669
1 1670
1 1671
1 1672
1 1673
1 1674
1 1675
1 1676
1 1677
1 1678
1 1679
1 1680
1 1681
1 1682
1 1683
1 1684
1 1685
1 1686
1 1687
1 1688
1 1689
1 1690
1 1691
1 1692
1 1693
1 1694
1 1695
1 1696
1 1697
1 1698
1 1699
1 1700
1 1701
1 1702
1 1703
1 1704
1 1705
1 1706
1 1707
1 1708
1 1709
1 1710
1 1711
1 1712
1 1713
1 1714
1 1715
1 1716
1 1717
1 1718
1 1719
1 1720
1 1721
1 1722
1 1723
1 1724
1 1725
1 1726
1 1727
1 1728
1 1729
1 1730
1 1731
1 1732
1 1733
1 1734
1 1735
1 1736
1 1737
1 1738
1 1739
1 1740
1 1741
1 1742
1 1743
1 1744
1 1745
1 1746
1 1747
1 1748
1 1749
1 1750
1 1751
1 1752
1 1753
1 1754
1 1755
1 1756
1 1757
1 1758
1 1759
1 1760
1 1761
1 1762
1 1763
1 1764
1 1765
1 1766
1 1767
1 1768
1 1769
1 1770
1 1771
1 1772
1 1773
1 1774
1 1775
1 1776
1 1777
1 1778
1 1779
1 1780
1 1781
1 1782
1 1783
1 1784
1 1785
1 1786
1 1787
1 1788
1 1789
1 1790
1 1791
1 1792
1 1793
1 1794
1 1795
1 1796
1 1797
1 1798
1 1799
1 1800
1 1801
1 1802
1 1803
1 1804
1 1805
1 1806
1 1807
1 1808
1 1809
1 1810
1 1811
1 1812
1 1813
1 1814
1 1815
1 1816
1 1817
1 1818
1 1819
1 1820
1 1821
1 1822
1 1823
1 1824
1 1825
1 1826
1 1827
1 1828
1 1829
1 1830
1 1831
1 1832
1 1833
1 1834
1 1835
1 1836
1 1837
1 1838
1 1839
1 1840
1 1841
1 1842
1 1843
1 1844
1 1845
1 1846
1 1847
1 1848
1 1849
1 1850
1 1851
1 1852
1 1853
1 1854
1 1855
1 1856
1 1857
1 1858
1 1859
1 1860
1 1861
1 1862
1 1863
1 1864
1 1865
1 1866
1 1867
1 1868
1 1869
1 1870
1 1871
1 1872
1 1873
1 1874
1 1875
1 1876
1 1877
1 1878
1 1879
1 1880
1 1881
1 1882
1 1883
1 1884
1 1885
1 1886
1 1887
1 1888
1 1889
1 1890
1 1891
1 1892
1 1893
1 1894
1 1895
1 1896
1 1897
1 1898
1 1899
1 1900
1 1901
1 1902
1 1903
1 1904
1 1905
1 1906
1 1907
1 1908
1 1909
1 1910
1 1911
1 1912
1 1913
1 1914
1 1915
1 1916
1 1917
1 1918
1 1919
1 1920
1 1921
1 1922
1 1923
1 1924
1 1925
1 1926
1 1927
1 1928
1 1929
1 1930
1 1931
1 1932
1 1933
1 1934
1 1935
1 1936
1 1937
1 1938
1 1939
1 1940
1 1941
1 1942
1 1943
1 1944
1 1945
1 1946
1 1947
1 1948
1 1949
1 1950
1 1951
1 1952
1 1953
1 1954
1 1955
1 1956
1 1957
1 1958
1 1959
1 1960
1 1961
1 1962
1 1963
1 1964
1 1965
1 1966
1 1967
1 1968
1 1969
1 1970
1 1971
1 1972
1 1973
1 1974
1 1975
1 1976
1 1977
1 1978
1 1979
1 1980
1 1981
1 1982
1 1983
1 1984
1 1985
1 1986
1 1987
1 1988
1 1989
1 1990
1 1991
1 1992
1 1993
1 1994
1 1995
1 1996
1 1997
1 1998
1 1999
1 2000
1 2001
1 2002
1 2003
1 2004
1 2005
1 2006
1 2007
1 2008
1 2009
1 2010
1 2011
1 2012
1 2013
1 2014
1 2015
1 2016
1 2017
1 2018
1 2019
1 2020
1 2021
1 2022
1 2023
1 2024
1 2025
1 2026
1 2027
1 2028
1 2029
1 2030
1 2031
1 2032
1 2033
1 2034
1 2035
1 2036
1 2037
1 2038
1 2039
1 2040
1 2041
1 2042
1 2043
1 2044
1 2045
1 2046
1 2047
1 2048
1 2049
1 2050
1 2051
1 2052
1 2053
1 2054
1 2055
1 2056
1 2057
1 2058
1 2059
1 2060
1 2061
1 2062
1 2063
1 2064
1 2065
1 2066
1 2067
1 2068
1 2069
1 2070
1 2071
1 2072
1 2073
1 2074
1 2075
1 2076
1 2077
1 2078
1 2079
1 2080
1 2081
1 2082
1 2083
1 2084
1 2085
1 2086
1 2087
1 2088
1 2089
1 2090
1 2091
1 2092
1 2093
1 2094
1 2095
1 2096
1 2097
1 2098
1 2099
1 2100
1 2101
1 2102
1 2103
1 2104
1 2105
1 2106
1 2107
1 2108
1 2109
1 2110
1 2111
1 2112
1 2113
1 2114
1 2115
1 2116
1 2117
1 2118
1 2119
1 2120
1 2121
1 2122
1 2123
1 2124
1 2125
1 2126
1 2127
1 2128
1 2129
1 2130
1 2131
1 2132
1 2133
1 2134
1 2135
1 2136
1 2137
1 2138
1 2139
1 2140
1 2141
1 2142
1 2143
1 2144
1 2145
1 2146
1 2147
1 2148
1 2149
1 2150
1 2151
1 2152
1 2153
1 2154
1 2155
1 2156
1 2157
1 2158
1 2159
1 2160
1 2161
1 2162
1 2163
1 2164
1 2165
1 2166
1 2167
1 2168
1 2169
1 2170
1 2171
1 2172
1 2173
1 2174
1 2175
1 2176
1 2177
1 2178
1 2179
1 2180
1 2181
1 2182
1 2183
1 2184
1 2185
1 2186
1 2187
1 2188
1 2189
1 2190
1 2191
1 2192
1 2193
1 2194
1 2195
1 2196
1 2197
1 2198
1 2199
1 2200
1 2201
1 2202
1 2203
1 2204
1 2205
1 2206
1 2207
1 2208
1 2209
1 2210
1 2211
1 2212
1 2213
1 2214
1 2215
1 2216
1 2217
1 2218
1 2219
1 2220
1 2221
1 2222
1 2223
1 2224
1 2225
1 2226
1 2227
1 2228
1 2229
1 2230
1 2231
1 2232
1 2233
1 2234
1 2235
1 2236
1 2237
1 2238
1 2239
1 2240
1 2241
1 2242
1 2243
1 2244
1 2245
1 2246
1 2247
1 2248
1 2249
1 2250
1 2251
1 2252
1 2253
1 2254
1 2255
1 2256
1 2257
1 2258
1 2259
1 2260
1 2261
1 2262
1 2263
1 2264
1 2265
1 2266
1 2267
1 2268
1 2269
1 2270
1 2271
1 2272
1 2273
1 2274
1 2275
1 2276
1 2277
1 2278
1 2279
1 2280
1 2281
1 2282
1 2283
1 2284
1 2285
1 2286
1 2287
1 2288
1 2289
1 2290
1 2291
1 2292
1 2293
1 2294
1 2295
1 2296
1 2297
1 2298
1 2299
1 2300
1 2301
1 2302
1 2303
1 2304
1 2305
1 2306
1 2307
1 2308
1 2309
1 2310
1 2311
1 2312
1 2313
1 2314
1 2315
1 2316
1 2317
1 2318
1 2319
1 2320
1 2321
1 2322
1 2323
1 2324
1 2325
1 2326
1 2327
1 2328
1 2329
1 2330
1 2331
1 2332
1 2333
1 2334
1 2335
1 2336
1 2337
1 2338
1 2339
1 2340
1 2341
1 2342
1 2343
1 2344
1 2345
1 2346
1 2347
1 2348
1 2349
1 2350
1 2351
1 2352
1 2353
1 2354
1 2355
1 2356
1 2357
1 2358
1 2359
1 2360
1 2361
1 2362
1 2363
1 2364
1 2365
1 2366
1 2367
1 2368
1 2369
1 2370
1 2371
1 2372
1 2373
1 2374
1 2375
1 2376
1 2377
1 2378
1 2379
1 2380
1 2381
1 2382
1 2383
1 2384
1 2385
1 2386
1 2387
1 2388
1 2389
1 2390
1 2391
1 2392
1 2393
1 2394
1 2395
1 2396
1 2397
1 2398
1 2399
1 2400
1 2401
1 2402
1 2403
1 2404
1 2405
1 2406
1 2407
1 2408
1 2409
1 2410
1 2411
1 2412
1 2413
1 2414
1 2415
1 2416
1 2417
1 2418
1 2419
1 2420
1 2421
1 2422
1 2423
1 2424
1 2425
1 2426
1 2427
1 2428
1 2429
1 2430
1 2431
1 2432
1 2433
1 2434
1 2435
1 2436
1 2437
1 2438
1 2439
1 2440
1 2441
1 2442
1 2443
1 2444
1 2445
1 2446
1 2447
1 2448
1 2449
1 2450
1 2451
1 2452
1 2453
1 2454
1 2455
1 2456
1 2457
1 2458
1 2459
1 2460
1 2461
1 2462
1 2463
1 2464
1 2465
1 2466
1 2467
1 2468
1 2469
1 2470
1 2471
1 2472
1 2473
1 2474
1 2475
1 2476
1 2477
1 2478
1 2479
1 2480
1 2481
1 2482
1 2483
1 2484
1 2485
1 2486
1 2487
1 2488
1 2489
1 2490
1 2491
1 2492
1 2493
1 2494
1 2495
1 2496
1 2497
1 2498
1 2499
1 2500
1 2501
1 2502
1 2503
1 2504
1 2505
1 2506
1 2507
1 2508
1 2509
1 2510
1 2511
1 2512
1 2513
1 2514
1 2515
1 2516
1 2517
1 2518
1 2519
1 2520
1 2521
1 2522
1 2523
1 2524
1 2525
1 2526
1 2527
1 2528
1 2529
1 2530
1 2531
1 2532
1 2533
1 2534
1 2535
1 2536
1 2537
1 2538
1 2539
1 2540
POINT_DATA 2541
SCALARS density float 1
LOOKUP_TABLE default
500
500
500
500
500
500
500
500
500
500
500
500
500
500
500
500
500
500
500
500
500
500
500
500
500
500
500
500
500
500
500
500
500
500
500
500
500
500
500
500
500
500
500
500
500
500
500
500
500
500
500
500
500
500
500
500
500
500
500
500
500
500
500
500
500
500
500
500
500
500
500
500
500
500
500
500
500
500
500
500
500
500
500
500
500
500
500
500
500
500
500
500
500
500
500
500
500
500
500
500
500
500
500
500
500
500
500
500
500
500
500
500
500
500
500
500
500
500
500
500
500
500
500
500
500
500
500
500
500
500
500
500
500
500
500
500
500
500
500
500
500
500
500
500
500
500
500
500
500
500
500
500
500
500
500
500
500
500
500
500
500
500
500
500
500
500
500
500
500
500
500
500
500
500
500
500
500
500
500
500
500
500
500
500
500
500
500
500
500
500
500
500
500
500
500
500
500
500
500
500
500
500
500
500
500
500
500
500
500
500
500
500
500
500
500
500
500
500
500
500
500
500
500
500
500
500
500
500
500
500
500
500
500
500
500
500
500
500
500
500
500
500
500
500
500
500
500
500
500
500
500
500
500
500
500
500
500
500
500
500
500
500
500
500
500
500
500
500
500
500
500
500
500
500
500
500
500
500
500
500
500
500
500
500
500
500
500
500
500
500
500
500
500
500
500
500
500
500
500
500
500
500
500
500
500
500
500
500
500
500
500
500
500
500
500
500
500
500
500
500
500
500
500
500
500
500
500
500
500
500
500
500
500
500
500
500
500
500
500
500
500
500
500
500
500
500
500
500
500
500
500
500
500
500
500
500
500
500
500
500
500
500
500
500
500
500
500
500
500
500
500
500
500
500
500
500
500
500
500
500
500
500
500
500
500
500
500
500
500
500
500
500
500
500
500
500
500
500
500
500
500
500
500
500
500
500
500
500
500
500
500
500
500
500
500
500
500
500
500
500
500
500
500
500
500
500
500
500
500
500
500
500
500
500
500
500
500
500
500
500
500
500
500
500
500
500
500
500
500
500
500
500
500
500
500
500
500
500
500
500
500
500
500
500
500
500
500
500
500
500
500
500
500
500
500
500
500
500
500
500
500
500
500
500
500
500
500
500
500
500
500
500
500
500
500
500
500
500
500
500
500
500
500
500
500
500
500
500
500
500
500
500
500
500
500
500
500
500
500
500
500
500
500
500
500
500
500
500
500
500
500
500
500
500
500
500
500
500
500
500
500
500
500
500
500
500
500
500
500
500
500
500
500
500
500
500
500
500
500
500
500
500
500
500
500
500
500
500
500
500
500
500
500
500
500
500
500
500
500
500
500
500
500
500
500
500
500
500
500
500
500
500
500
500
500
500
500
500
500
500
500
500
500
500
500
500
500
500
500
500
500
500
500
500
500
500
500
500
500
500
500
500
500
500
500
500
500
500
500
500
500
500
500
500
500
500
500
500
500
500
500
500
500
500
500
500
500
500
500
500
500
500
500
500
500
500
500
500
500
500
500
500
500
500
500
500
500
500
500
500
500
500
500
500
500
500
500
500
500
500
500
500
500
500
500
500
500
500
500
500
500
500
500
500
500
500
500
500
500
500
500
500
500
500
500
500
500
500
500
500
500
500
500
500
500
500
500
500
500
500
500
500
500
500
500
500
500
500
500
500
500
500
500
500
500
500
500
500
500
500
500
500
500
500
500
500
500
500
500
500
500
500
500
500
500
500
500
500
500
500
500
500
500
500
500
500
500
500
500
500
500
500
500
500
500
500
500
500
500
500
500
500
500
500
500
500
500
500
500
500
500
500
500
500
500
500
500
500
500
500
500
500
500
500
500
500
500
500
500
500
500
500
500
500
500
500
500
500
500
500
500
500
500
500
500
500
500
500
500
500
500
500
500
500
500
500
500
500
500
500
500
500
500
500
500
500
500
500
500
500
500
500
500
500
500
500
500
500
500
500
500
500
500
500
500
500
500
500
500
500
500
500
500
500
500
500
500
500
500
500
500
500
500
500
500
500
500
500
500
500
500
500
500
500
500
500
500
500
500
500
500
500
500
500
500
500
500
500
500
500
500
500
500
500
500
500
500
500
500
500
500
500
500
500
500
500
500
500
500
500
500
500
500
500
500
500
500
500
500
500
500
500
500
500
500
500
500
500
500
500
500
500
500
500
500
500
500
500
500
500
500
500
500
500
500
500
500
500
500
500
500
500
500
500
500
500
500
500
500
500
500
500
500
500
500
500
500
500
500
500
500
500
500
500
500
500
500
500
500
500
500
500
500
500
500
500
500
500
500
500
500
500
500
500
500
500
500
500
500
500
500
500
500
500
500
500
500
500
500
500
500
500
500
500
500
500
500
500
500
500
500
500
500
500
500
500
500
500
500
500
500
500
500
500
500
500
500
500
500
500
500
500
500
500
500
500
500
500
500
500
500
500
500
500
500
500
500
500
500
500
500
500
500
500
500
500
500
500
500
500
500
500
500
500
500
500
500
500
500
500
500
500
500
500
500
500
500
500
500
500
500
500
500
500
500
500
500
500
500
500
500
500
500
500
500
500
500
500
500
500
500
500
500
500
500
500
500
500
500
500
500
500
500
500
500
500
500
500
500
500
500
500
500
500
500
500
500
500
500
500
500
500
500
500
500
500
500
500
500
500
500
500
500
500
500
500
500
500
500
500
500
500
500
500
500
500
500
500
500
500
500
500
500
500
500
500
500
500
500
500
500
500
500
500
500
500
500
500
500
500
500
500
500
500
500
500
500
500
500
500
500
500
500
500
500
500
500
500
500
500
500
500
500
500
500
500
500
500
500
500
500
500
500
500
500
500
500
500
500
500
500
500
500
500
500
500
500
500
500
500
500
500
500
500
500
500
500
500
500
500
500
500
500
500
500
500
500
500
500
500
500
500
500
500
500
500
500
500
500
500
500
500
500
500
500
500
500
500
500
500
500
500
500
500
500
500
500
500
500
500
500
500
500
500
500
500
500
500
500
500
500
500
500
500
500
500
500
500
500
500
500
500
500
500
500
500
500
500
500
500
500
500
500
500
500
500
500
500
500
500
500
500
500
500
500
500
500
500
500
500
500
500
500
500
500
500
500
500
500
500
500
500
500
500
500
500
500
500
500
500
500
500
500
500
500
500
500
500
500
500
500
500
500
500
500
500
500
500
500
500
500
500
500
500
500
500
500
500
500
500
500
500
500
500
500
500
500
500
500
500
500
500
500
500
500
500
500
500
500
500
500
500
500
500
500
500
500
500
500
500
500
500
500
500
500
500
500
500
500
500
500
500
500
500
500
500
500
500
500
500
500
500
500
500
500
500
500
500
500
500
500
500
500
500
500
500
500
500
500
500
500
500
500
500
500
500
500
500
500
500
500
500
500
500
500
500
500
500
500
500
500
500
500
500
500
500
500
500
500
500
500
500
500
500
500
500
500
500
500
500
500
500
500
500
500
500
500
500
500
500
500
500
500
500
500
500
500
500
500
500
500
500
500
500
500
500
500
500
500
500
500
500
500
500
500
500
500
500
500
500
500
500
500
500
500
500
500
500
500
500
500
500
500
500
500
500
500
500
500
500
500
500
500
500
500
500
500
500
500
500
500
500
500
500
500
500
500
500
500
500
500
500
500
500
500
500
500
500
500
500
500
500
500
500
500
500
500
500
500
500
500
500
500
500
500
500
500
500
500
500
500
500
500
500
500
500
500
500
500
500
500
500
500
500
500
500
500
500
500
500
500
500
500
500
500
500
500
500
500
500
500
500
500
500
500
500
500
500
500
500
500
500
500
500
500
500
500
500
500
500
500
500
500
500
500
500
500
500
500
500
500
500
500
500
500
500
500
500
500
500
500
500
500
500
500
500
500
500
500
500
500
500
500
500
500
500
500
500
500
500
500
500
500
500
500
500
500
500
500
500
500
500
500
500
500
500
500
500
500
500
500
500
500
500
500
500
500
500
500
500
500
500
500
500
500
500
500
500
500
500
500
500
500
500
500
500
500
500
500
500
500
500
500
500
500
500
500
500
500
500
500
500
500
500
500
500
500
500
500
500
500
500
500
500
500
500
500
500
500
500
500
500
500
500
500
500
500
500
500
500
500
500
500
500
500
500
500
500
500
500
500
500
500
500
500
500
500
500
500
500
500
500
500
500
500
500
500
500
500
500
500
500
500
500
500
500
500
500
500
500
500
500
500
500
500
500
500
500
500
500
500
500
500
500
500
500
500
500
500
500
500
500
500
500
500
500
500
500
500
500
500
500
500
500
500
500
500
500
500
500
500
500
500
500
500
500
500
500
500
500
500
500
500
500
500
500
500
500
500
500
500
500
500
500
500
500
500
500
500
500
500
500
500
500
500
500
500
500
500
500
500
500
500
500
500
500
500
500
500
500
500
500
500
500
500
500
500
500
500
500
500
500
500
500
500
500
500
500
500
500
500
500
500
500
500
500
500
500
500
500
500
500
500
500
500
500
500
500
500
500
500
500
500
500
500
500
500
500
500
500
500
500
500
500
500
500
500
500
500
500
500
500
500
500
500
500
500
500
500
500
500
500
500
500
500
500
500
500
500
500
500
500
500
500
500
500
500
500
500
500
500
500
500
500
500
500
500
500
500
500
500
500
500
500
500
500
500
500
500
500
500
500
500
500
500
500
500
500
500
500
500
500
500
500
500
500
500
500
500
500
500
500
500
500
500
500
500
500
500
500
500
500
500
500
500
500
500
500
500
500
500
500
500
500
500
500
500
500
500
500
500
500
500
500
500
500
500
500
500
500
500
500
500
500
500
500
500
500
500
500
500
500
500
500
500
500
500
500
500
500
500
500
500
500
500
500
500
500
500
500
500
500
500
500
500
500
500
500
500
500
500
500
500
500
500
500
500
500
500
500
500
500
500
500
500
500
500
500
500
500
500
500
500
500
500
500
500
500
500
500
500
500
500
500
500
500
500
500
500
500
500
500
500
500
500
500
500
500
500
500
500
500
500
500
500
500
500
500
500
500
500
500
500
500
500
500
500
500
500
500
500
500
500
500
500
500
500
500
500
500
500
500
500
500
500
500
500
500
500
500
500
500
500
500
500
500
500
500
500
500
500
500
500
500
500
500
500
500
500
500
500
500
500
500
500
500
500
500
500
500
500
500
500
500
500
500
500
500
500
500
500
500
500
500
500
500
500
500
500
500
500
500
500
500
500
500
500
500
500
500
500
500
500
500
500
500
500
500
500
500
500
500
500
500
500
500
500
500
500
500
500
500
500
500
500
500
500
500
500
500
500
500
500
500
500
500
500
500
500
500
500
500
500
500
500
500
500
500
500
500
500
500
500
500
500
500
500
500
500
500
500
500
500
500
500
500
500
500
500
500
500
500
500
500
500
500
500
500
500
500
500
500
500
500
500
500
500
500
500
500
500
500
500
500
500
500
500
500
500
500
500
500
500
500
500
500
500
500
500
500
500
500
500
500
500
500
500
500
500
500
500
500
500
500
500
500
500
500
500
500
500
500
500
500
500
500
500
500
500
500
500
500
500
500
500
500
500
500
500
500
500
500
500
500
500
500
500
500
500
500
500
500
500
500
500
500
500
500
500
500
500
500
500
500
500
500
500
500
500
500
500
500
500
500
500
500
500
500
500
500
500
500
500
500
500
500
500
500
500
500
500
500
500
500
500
500
500
500
500
500
500
500
500
500
500
500
500
500
500
500
500
500
500
500
500
500
500
500
500
500
500
500
500
500
500
500
500
500
500
500
500
SCALARS pressure float 1
LOOKUP_TABLE default
0
0
0
0
0
0
0
0
0
0
0
0
0
0
0
0
0
0
0
0
0
0
0
0
0
0
0
0
0
0
0
0
0
0
0
0
0
0
0
0
0
0
0
0
0
0
0
0
0
0
0
0
0
0
0
0
0
0
0
0
0
0
0
0
0
0
0
0
0
0
0
0
0
0
0
0
0
0
0
0
0
0
0
0
0
0
0
0
0
0
0
0
0
0
0
0
0
0
0
0
0
0
0
0
0
0
0
0
0
0
0
0
0
0
0
0
0
0
0
0
0
0
0
0
0
0
0
0
0
0
0
0
0
0
0
0
0
0
0
0
0
0
0
0
0
0
0
0
0
0
0
0
0
0
0
0
0
0
0
0
0
0
0
0
0
0
0
0
0
0
0
0
0
0
0
0
0
0
0
0
0
0
0
0
0
0
0
0
0
0
0
0
0
0
0
0
0
0
0
0
0
0
0
0
0
0
0
0
0
0
0
0
0
0
0
0
0
0
0
0
0
0
0
0
0
0
0
0
0
0
0
0
0
0
0
0
0
0
0
0
0
0
0
0
0
0
0
0
0
0
0
0
0
0
0
0
0
0
0
0
0
0
0
0
0
0
0
0
0
0
0
0
0
0
0
0
0
0
0
0
0
0
0
0
0
0
0
0
0
0
0
0
0
0
0
0
0
0
0
0
0
0
0
0
0
0
0
0
0
0
0
0
0
0
0
0
0
0
0
0
0
0
0
0
0
0
0
0
0
0
0
0
0
0
0
0
0
0
0
0
0
0
0
0
0
0
0
0
0
0
0
0
0
0
0
0
0
0
0
0
0
0
0
0
0
0
0
0
0
0
0
0
0
0
0
0
0
0
0
0
0
0
0
0
0
0
0
0
0
0
0
0
0
0
0
0
0
0
0
0
0
0
0
0
0
0
0
0
0
0
0
0
0
0
0
0
0
0
0
0
0
0
0
0
0
0
0
0
0
0
0
0
0
0
0
0
0
0
0
0
0
0
0
0
0
0
0
0
0
0
0
0
0
0
0
0
0
0
0
0
0
0
0
0
0
0
0
0
0
0
0
0
0
0
0
0
0
0
0
0
0
0
0
0
0
0
0
0
0
0
0
0
0
0
0
0
0
0
0
0
0
0
0
0
0
0
0
0
0
0
0
0
0
0
0
0
0
0
0
0
0
0
0
0
0
0
0
0
0
0
0
0
0
0
0
0
0
0
0
0
0
0
0
0
0
0
0
0
0
0
0
0
0
0
0
0
0
0
0
0
0
0
0
0
0
0
0
0
0
0
0
0
0
0
0
0
0
0
0
0
0
0
0
0
0
0
0
0
0
0
0
0
0
0
0
0
0
0
0
0
0
0
0
0
0
0
0
0
0
0
0
0
0
0
0
0
0
0
0
0
0
0
0
0
0
0
0
0
0
0
0
0
0
0
0
0
0
0
0
0
0
0
0
0
0
0
0
0
0
0
0
0
0
0
0
0
0
0
0
0
0
0
0
0
0
0
0
0
0
0
0
0
0
0
0
0
0
0
0
0
0
0
0
0
0
0
0
0
0
0
0
0
0
0
0
0
0
0
0
0
0
0
0
0
0
0
0
0
0
0
0
0
0
0
0
0
0
0
0
0
0
0
0
0
0
0
0
0
0
0
0
0
0
0
0
0
0
0
0
0
0
0
0
0
0
0
0
0
0
0
0
0
0
0
0
0
0
0
0
0
0
0
0
0
0
0
0
0
0
0
0
0
0
0
0
0
0
0
0
0
0
0
0
0
0
0
0
0
0
0
0
0
0
0
0
0
0
0
0
0
0
0
0
0
0
0
0
0
0
0
0
0
0
0
0
0
0
0
0
0
0
0
0
0
0
0
0
0
0
0
0
0
0
0
0
0
0
0
0
0
0
0
0
0
0
0
0
0
0
0
0
0
0
0
0
0
0
0
0
0
0
0
0
0
0
0
0
0
0
0
0
0
0
0
0
0
0
0
0
0
0
0
0
0
0
0
0
0
0
0
0
0
0
0
0
0
0
0
0
0
0
0
0
0
0
0
0
0
0
0
0
0
0
0
0
0
0
0
0
0
0
0
0
0
0
0
0
0
0
0
0
0
0
0
0
0
0
0
0
0
0
0
0
0
0
0
0
0
0
0
0
0
0
0
0
0
0
0
0
0
0
0
0
0
0
0
0
0
0
0
0
0
0
0
0
0
0
0
0
0
0
0
0
0
0
0
0
0
0
0
0
0
0
0
0
0
0
0
0
0
0
0
0
0
0
0
0
0
0
0
0
0
0
0
0
0
0
0
0
0
0
0
0
0
0
0
0
0
0
0
0
0
0
0
0
0
0
0
0
0
0
0
0
0
0
0
0
0
0
0
0
0
0
0
0
0
0
0
0
0
0
0
0
0
0
0
0
0
0
0
0
0
0
0
0
0
0
0
0
0
0
0
0
0
0
0
0
0
0
0
0
0
0
0
0
0
0
0
0
0
0
0
0
0
0
0
0
0
0
0
0
0
0
0
0
0
0
0
0
0
0
0
0
0
0
0
0
0
0
0
0
0
0
0
0
0
0
0
0
0
0
0
0
0
0
0
0
0
0
0
0
0
0
0
0
0
0
0
0
0
0
0
0
0
0
0
0
0
0
0
0
0
0
0
0
0
0
0
0
0
0
0
0
0
0
0
0
0
0
0
0
0
0
0
0
0
0
0
0
0
0
0
0
0
0
0
0
0
0
0
0
0
0
0
0
0
0
0
0
0
0
0
0
0
0
0
0
0
0
0
0
0
0
0
0
0
0
0
0
0
0
0
0
0
0
0
0
0
0
0
0
0
0
0
0
0
0
0
0
0
0
0
0
0
0
0
0
0
0
0
0
0
0
0
0
0
0
0
0
0
0
0
0
0
0
0
0
0
0
0
0
0
0
0
0
0
0
0
0
0
0
0
0
0
0
0
0
0
0
0
0
0
0
0
0
0
0
0
0
0
0
0
0
0
0
0
0
0
0
0
0
0
0
0
0
0
0
0
0
0
0
0
0
0
0
0
0
0
0
0
0
0
0
0
0
0
0
0
0
0
0
0
0
0
0
0
0
0
0
0
0
0
0
0
0
0
0
0
0
0
0
0
0
0
0
0
0
0
0
0
0
0
0
0
0
0
0
0
0
0
0
0
0
0
0
0
0
0
0
0
0
0
0
0
0
0
0
0
0
0
0
0
0
0
0
0
0
0
0
0
0
0
0
0
0
0
0
0
0
0
0
0
0
0
0
0
0
0
0
0
0
0
0
0
0
0
0
0
0
0
0
0
0
0
0
0
0
0
0
0
0
0
0
0
0
0
0
0
0
0
0
0
0
0
0
0
0
0
0
0
0
0
0
0
0
0
0
0
0
0
0
0
0
0
0
0
0
0
0
0
0
0
0
0
0
0
0
0
0
0
0
0
0
0
0
0
0
0
0
0
0
0
0
0
0
0
0
0
0
0
0
0
0
0
0
0
0
0
0
0
0
0
0
0
0
0
0
0
0
0
0
0
0
0
0
0
0
0
0
0
0
0
0
0
0
0
0
0
0
0
0
0
0
0
0
0
0
0
0
0
0
0
0
0
0
0
0
0
0
0
0
0
0
0
0
0
0
0
0
0
0
0
0
0
0
0
0
0
0
0
0
0
0
0
0
0
0
0
0
0
0
0
0
0
0
0
0
0
0
0
0
0
0
0
0
0
0
0
0
0
0
0
0
0
0
0
0
0
0
0
0
0
0
0
0
0
0
0
0
0
0
0
0
0
0
0
0
0
0
0
0
0
0
0
0
0
0
0
0
0
0
0
0
0
0
0
0
0
0
0
0
0
0
0
0
0
0
0
0
0
0
0
0
0
0
0
0
0
0
0
0
0
0
0
0
0
0
0
0
0
0
0
0
0
0
0
0
0
0
0
0
0
0
0
0
0
0
0
0
0
0
0
0
0
0
0
0
0
0
0
0
0
0
0
0
0
0
0
0
0
0
0
0
0
0
0
0
0
0
0
0
0
0
0
0
0
0
0
0
0
0
0
0
0
0
0
0
0
0
0
0
0
0
0
0
0
0
0
0
0
0
0
0
0
0
0
0
0
0
0
0
0
0
0
0
0
0
0
0
0
0
0
0
0
0
0
0
0
0
0
0
0
0
0
0
0
0
0
0
0
0
0
0
0
0
0
0
0
0
0
0
0
0
0
0
0
0
0
0
0
0
0
0
0
0
0
0
0
0
0
0
0
0
0
0
0
0
0
0
0
0
0
0
0
0
0
0
0
0
0
0
0
0
0
0
0
0
0
0
0
0
0
0
0
0
0
0
0
0
0
0
0
0
0
0
0
0
0
0
0
0
0
0
0
0
0
0
0
0
0
0
0
0
0
0
0
0
0
0
0
0
0
0
0
0
0
0
0
0
0
0
0
0
0
0
0
0
0
0
0
0
0
0
0
0
0
0
0
0
0
0
0
0
0
0
0
0
0
0
0
0
0
0
0
0
0
0
0
0
0
0
0
0
0
0
0
0
0
0
0
0
0
0
0
0
0
0
0
0
0
0
0
0
0
0
0
0
0
0
0
0
0
0
0
0
0
0
0
0
0
0
0
0
0
0
0
0
0
0
0
0
0
0
0
0
0
0
0
0
0
0
0
0
0
0
0
0
0
0
0
0
0
0
0
0
0
0
0
0
0
0
0
0
0
0
0
0
0
0
0
0
0
0
0
0
0
0
0
0
0
0
0
0
0
0
0
0
0
0
0
0
0
0
0
0
0
0
0
0
0
0
0
0
0
0
0
0
0
0
0
0
0
0
0
0
0
0
0
0
0
0
0
0
0
0
0
0
0
0
0
0
0
0
0
0
0
0
0
0
0
0
0
0
0
0
0
0
0
0
0
0
0
0
0
0
0
0
0
0
0
0
0
0
0
0
0
0
0
0
0
0
0
0
0
0
0
0
0
0
0
0
0
0
0
0
0
0
0
0
0
0
0
0
0
0
0
0
0
0
0
0
0
0
0
0
0
0
0
0
0
0
0
0
0
0
0
0
0
0
0
0
0
0
0
0
0
0
0
0
0
0
0
0
0
0
0
0
0
0
0
0
0
0
0
0
0
0
0
0
0
0
0
0
0
0
0
0
0
0
0
0
0
0
0
0
0
0
0
0
0
0
0
0
0
0
0
0
0
0
0
0
0
0
0
0
0
0
0
0
0
0
0
0
0
0
0
0
0
0
0
0
0
0
0
0
0
0
0
0
0
0
0
0
0
0
0
0
0
0
0
0
0
0
0
0
0
0
0
0
0
0
0
0
0
0
0
0
0
0
0
0
0
0
0
0
0
0
0
0
0
0
0
0
0
0
0
0
0
0
0
0
0
0
0
0
0
0
0
0
0
0
0
0
0
0
0
0
0
0
0
0
0
0
0
0
0
0
0
0
0
0
0
0
0
0
0
0
0
0
0
0
0
0
0
0
0
0
0
0
0
0
0
0
0
0
0
0
0
0
0
0
0
0
0
0
0
0
0
0
0
0
0
0
0
0
0
0
0
0
0
0
0
0
0
0
0
0
0
0
0
0
0
0
0
0
0
0
0
0
0
0
0
0
0
0
0
0
0
0
0
0
0
0
0
0
0
0
0
0
0
0
0
0
0
0
0
0
0
0
0
0
0
0
0
0
0
0
0
0
0
0
0
0
0
0
0
0
0
0
0
0
0
0
0
0
0
0
0
0
0
0
SCALARS speed float 1
LOOKUP_TABLE default
4.83161e-58
3.97591e-55
35.9158
3.42973e-33
1.68041e-49
30.2448
5.93731e-11
0.00104249
2.83694e-29
5.20778
1.69762e-48
2.91055e-20
43.1711
1.89626e-47
3.41724e-33
6.70247e-59
3.96725e-30
3.84064e-41
71.8838
45.2142
9.61164e-51
23.6512
2.77673e-19
34.1412
31.5937
5.35545e-21
1.29841e-34
0.00395959
36.5916
64.0641
27.6138
56.1342
5.22768e-08
9.68717e-35
9.23853e-56
4.26252e-35
24.7859
17.151
9.92841e-25
9.75137e-52
3.07261e-08
5.12785e-37
89.1369
4.3083e-47
47.354
3.6951e-61
7.73482e-40
7.05523e-60
4.71822e-58
4.6711e-46
9.1914e-48
19.1198
5.44185e-06
34.9625
1.36521e-54
1.22632e-46
34.1303
31.5918
1.58172e-42
19.0035
5.9279e-47
4.93486e-38
6.97959e-43
24.8881
40.9027
5.47402
5.1494e-42
9.20255e-60
7.19237e-51
1.22425e-56
5.03346e-55
41.0524
4.10095e-58
1.26364e-30
1.9861e-16
54.5593
14.0939
2.41622e-30
87.0838
2.68248e-30
4.23782e-26
1.98607e-43
1.49353e-56
5.87432e-57
7.96893e-35
2.09955e-53
66.9151
9.80328e-57
1.45394e-44
34.1412
31.5778
7.37925e-07
67.558
1.26195e-59
19.4621
6.0311e-51
4.33193e-47
28.6954
22.9043
3.95398e-39
48.8307
3.26077e-51
1.75625e-17
2.4651e-58
31.914
6.75562e-51
8.38281e-20
56.0002
22.8586
26.3588
2.75302e-43
8.35983e-57
35.9609
1.06804e-43
2.48765e-23
43.1669
3.29895e-09
4.86281e-26
75.7091
1.54129e-56
2.35977e-54
6.10662e-60
1.56211e-45
1.78362e-46
2.29215e-59
39.4578
2.75416e-44
7.46691
2.54726e-42
3.23114e-52
27.8227
1.54034e-51
5.76851e-44
34.1323
31.6355
11.705
23.5228
2.03652e-56
17.4368
39.5215
24.1476
58.7937
22.7313
0.94709
22.2365
1.75019
1.73953e-19
13.4156
17.4394
9.76445e-49
60.6189
1.586e-41
52.9633
4.50189e-34
35.5876
30.6738
9.64744e-45
3.63242e-19
2.97915e-59
25.5722
8.09594e-45
8.62232e-57
1.4024e-12
45.2282
29.0894
40.3765
25.0769
2.02849e-18
1.44049e-21
171.988
1.7548e-42
2.74507e-33
6.187e-16
2.38432e-54
3.56587e-59
27.2923
0.9483
22.259
1.76973
5.24122e-50
1.44631e-10
7.52091
6.84919
52.5665
1.1834e-51
17.9199
23.7129
1.43745e-32
15.9794
13.7964
7.52957e-24
11.9744
24.1842
2.52338e-24
2.22364e-58
4.54097e-51
1.3387e-43
18.1058
0.370473
25.1937
5.37751
36.871
1.46121e-49
35.3037
36.057
31.34
1.12847e-48
52.625
1.21613e-41
0.947212
22.2365
1.75051
26.5318
1.82394e-49
20.9074
9.18634e-40
32.0301
15.3725
3.47976e-21
3.77034e-58
4.63823e-53
36.4807
0.0670159
9.08739e-30
13.2157
28.9428
6.21462e-52
26.4718
1.19946e-06
3.82122e-58
73.7549
6.7089e-42
108.257
2.48078e-57
37.7391
29.7554
1.30397e-33
64.2739
60.0692
9.87591e-57
1.17141e-51
1.71991e-30
23.9447
8.50182e-58
2.56902e-09
2.33352e-47
33.7445
2.19761e-47
4.44573e-53
50.2286
8.75827e-53
1.42589e-56
1.6257e-43
1.64063e-44
7.58913e-41
6.00039e-58
2.11527e-57
26.0048
3.0965e-48
6.10396e-49
2.54178e-30
11.6279
1.14547e-49
5.13903e-11
25.2144
27.9099
9.65658e-45
55.6008
8.22014e-59
37.3177
73.2808
2.5999e-22
3.16481e-36
1.2211e-22
43.189
5.61162e-22
187.865
2.80444e-57
1.29553e-58
7.25052e-55
2.57147e-48
39.0607
7.06638e-53
1.70915e-54
14.5571
8.5154e-56
37.9832
71.0145
22.7371
1.19615e-48
1.78294e-42
34.6433
41.1456
7.80722e-44
47.7743
2.22962e-53
1.57272e-27
44.7753
26.9258
9.65358e-45
28.9965
9.27505e-47
38.4537
4.12053e-44
6.70404e-38
8.10056e-36
31.4743
8.42208
3.79588e-37
77.6347
83.5823
6.97333
1.25988e-35
19.4082
2.46815e-57
1.51433e-23
13.8647
47.565
4.64505e-55
8.39177
135.431
8.7755e-57
5.12653e-40
2.8715e-56
22.7269
67.3452
6.35558e-44
52.1821
6.98855e-11
34.2352
44.1814
27.8956
9.6546e-45
299.668
79.6842
24.2118
22.0147
7.23495e-54
6.44332e-54
4.29886e-53
33.0382
1.10005e-33
2.55524e-44
4.2911e-59
112.976
39.2407
7.65952e-34
96.8295
5.6272e-43
2.8392e-57
43.1646
1.71323e-42
5.58078e-45
1.82595e-07
22.1743
3.29949e-43
2.78112e-55
1.99477e-49
1.2203e-19
1.64516e-24
6.16454e-39
2.74684e-23
3.25107e-38
2.51914e-48
3.67945e-50
28.1909
2.71127e-41
2.54463e-43
4.89198e-60
8.15393e-43
7.42174e-47
1.4906e-43
2.21021e-59
58.8099
1.18764e-44
3.4294e-59
49.2057
28.7179
9.31171e-44
1.84459e-19
4.02296e-59
20.5841
14.8234
9.08876e-20
2.26643e-47
7.91438e-58
15.9229
6.54338e-16
3.16157e-21
3.24247e-46
5.28972e-38
49.2211
23.8917
1.67471e-39
3.39107e-34
1.81097e-32
1.08937e-43
9.61691e-55
24.7222
4.59517e-45
6.23355e-40
115.153
3.53184e-59
3.4393e-43
1.2097e-55
1.94368e-55
20.919
6.31216e-47
25.4553
1.99628e-05
3.15482e-48
1.45968e-52
1.79234e-18
1.39804e-50
6.16335e-58
30.8437
39.2602
16.0062
41.0351
16.7399
26.3416
4.52585e-44
16.573
1.26647e-52
1.4518e-57
41.1588
50.2523
54.7966
6.53002e-54
4.40738e-34
1.9598e-60
1.90318e-58
177.332
2.47834e-49
100.009
9.69488e-56
58.9476
25.9148
168.353
3.80115e-50
2.60026e-34
69.5609
26.4367
7.60429e-37
1.79051e-48
5.80609e-47
2.22385e-59
8.22948e-45
4.82457e-51
15.2039
2.13287e-44
5.34694e-37
15.4959
0.00095098
3.04708e-41
29.952
52.3846
6.80825e-33
7.14069e-55
5.29775e-25
1.54566e-57
2.17033e-43
2.96276e-49
8.32982e-59
105.894
1.61617e-42
20.7092
6.01066e-07
7.37027e-56
1.13112e-56
63.7299
30.2125
6.75256e-31
5.27208e-41
2.03678e-33
41.0993
2.26324e-44
9.23215e-46
23.4401
20.3337
9.58544e-54
27.9247
1.25183e-56
47.511
6.13976e-60
4.00236e-56
2.78739e-50
6.91744e-58
5.85196e-26
3.4722e-06
79.3058
21.57
6.70995
2.36022e-34
5.90196e-30
1.93007e-55
32.6027
32.049
3.37227e-54
1.10411e-50
2.70597e-51
61.7956
52.914
8.86872
2.66625e-41
2.54095e-49
0.947913
22.3391
1.8397
2.76894e-54
3.96296e-10
6.88766e-19
3.04286e-20
24.5367
1.25629e-58
12.5809
6.76829e-53
44.7865
26.1151
6.28784e-45
4.82772e-50
1.09285e-33
1.56959e-52
1.50874e-53
33.8419
20.4844
4.78385e-12
4.6732e-41
22.0091
20.5166
1.13597e-17
2.87129e-42
3.29537e-25
4.36357e-58
15.1374
2.54737e-46
52.0269
51.1484
1.7642e-38
0.953795
22.3581
1.8566
19.8471
1.8923e-27
29.2759
0.0460031
7.98021
11.9118
45.7817
9.51155
1.83112e-43
21.9796
12.4614
15.5623
1.12655e-38
3.38833e-39
4.16533e-42
3.60784e-20
8.97651e-48
3.90492e-40
1.03868e-13
4.40327e-31
20.7264
4.98735
4.47521e-46
16.6962
3.54637e-47
1.02441e-42
5.48937e-50
91.7415
1.80808e-16
6.3667e-44
0.948176
22.3391
1.83999
24.2163
3.85094e-09
1.6266e-48
16.7254
2.6557e-36
8.61681e-48
14.3822
25.8684
3.33813e-59
34.8215
32.0438
9.34654e-56
3.09043e-50
9.58325
57.4762
3.897e-57
1.51934e-53
0.000475576
33.31
1.97265e-38
1.43877e-58
23.02
2.28122e-25
1.14071e-54
38.6196
7.17224e-50
36.8969
1.21858e-20
1.25516e-47
5.64288e-46
1.73574e-38
1.09805e-56
5.06855e-47
3.97318e-48
4.98109e-55
3.20529e-47
7.72254e-35
24.1919
7.53536e-12
1.44517e-47
49.0742
7.90014e-57
1.77671e-58
3.03717e-59
2.3158e-60
1.74093e-45
1.15042e-47
3.37334e-47
24.6777
6.75543e-05
35.3382
2.47229e-40
2.21976e-32
27.0248
9.65802e-45
8.66994e-56
7.71332e-57
0.000134436
3.92211e-12
2.54978e-07
27.1527
3.99768e-54
2.92239e-59
3.85091e-35
2.35052e-48
9.80744e-56
70.7239
4.57229e-51
48.8444
79.3961
1.8907e-43
9.26899e-44
8.07781e-44
8.91486e-56
4.19277e-58
0.0811061
23.0024
6.23956e-59
9.49235e-56
38.1784
35.8299
6.51253e-22
2.33402e-55
6.64656e-41
14.9104
5.38897e-47
26.0631
6.30017e-45
4.95593e-55
29.5618
97.0745
10.5093
29.0569
15.5787
35.5327
1.72537e-35
1.93843e-58
57.99
80.5954
56.7724
1.30124e-07
33.275
4.52052e-55
5.33994e-31
9.99433e-34
4.09431e-44
30.1554
8.47183e-22
65.8548
5.73589e-57
2.85344e-59
3.6767e-60
6.02247e-40
55.3528
1.81089e-51
6.073e-34
4.45164e-41
4.04795e-56
0.0869488
26.964
9.64972e-45
4.19796e-50
68.0799
4.43128e-20
3.2497e-41
1.31361e-35
26.8844
1.57571e-07
20.8169
3.51651e-33
1.83355e-46
6.38657e-58
1.57961e-19
1.00186e-42
54.2651
1.6982e-44
3.76847e-52
17.0216
7.52146e-18
26.9914
3.25525e-55
7.32277e-59
19.946
5.47013e-46
4.16091e-49
2.34249e-57
34.8772
2.00732
19.4449
2.54544e-50
1.19083e-58
6.53775e-41
23.2982
32.5211
2.34132e-51
2.5583e-54
6.65623e-14
1.46417e-57
6.50329
3.55471e-43
26.6318
0.233637
2.42989e-35
3.42471e-59
50.5677
29.2192
30.618
2.03844e-58
20.4573
3.28318e-53
9.39728e-53
26.5473
1.09602e-15
3.32032e-58
21.4539
4.76912e-26
4.5504e-41
2.55478e-53
0.200809
3.21672e-19
5.60009e-23
1.87004e-55
8.74921e-22
71.4245
1.00065e-43
2.63794e-50
2.08553e-41
6.79459e-60
5.48545e-41
9.66939e-44
0.173776
1.12814e-50
6.69301e-60
3.99676e-58
9.67243e-59
7.2712e-46
27.7452
12.8889
5.18077e-59
4.97959e-52
77.0734
74.2996
57.5313
2.75079e-15
33.5944
1.70813e-59
5.37712e-42
20.6746
13.1477
8.76743e-15
4.57444e-10
3.09152e-56
17.9577
24.1987
7.64744e-55
4.62289e-33
2.77315e-13
3.3314e-33
8.19783e-55
18.9038
1.96073e-33
5.65492e-41
15.0835
5.76034e-54
4.18848
1.36577e-46
96.8997
8.05551e-49
15.6097
74.7758
9.08729e-57
84.1395
6.09432e-40
62.3003
25.0128
2.51434e-30
0.0469806
98.6028
15.7181
4.19624e-43
21.5242
29.3585
5.73376e-43
35.0594
30.5014
10.1292
24.6061
2.47375e-34
1.99807e-33
1.2498e-36
2.90075e-38
1.27996e-58
6.66101e-60
6.87784e-48
5.41441e-34
1.92005e-56
35.6086
66.435
56.0678
1.0315e-49
17.1038
9.44696e-44
56.0047
4.69767e-53
1.26469e-36
1.71795e-46
9.91698e-08
4.02653e-51
2.5903e-58
4.03068e-59
3.88218e-57
1.84688e-45
3.13865e-60
3.53276e-56
1.03176e-49
6.17464e-58
4.80991e-25
3.6943e-59
46.9771
22.665
1.90968e-51
35.1852
2.30651e-28
1.14587e-53
32.5998
32.0505
117.89
191.624
1.00737e-45
1.388e-34
4.28406e-39
1.51481e-16
3.62905e-13
3.58905e-33
0.948311
22.3399
1.8402
27.6979
1.61286e-18
1.40833e-49
28.5449
71.2688
21.6452
3.23127e-18
19.3645
44.7335
26.1028
6.29756e-45
20.004
8.49625e-36
4.48363e-55
2.04452e-35
3.39026
43.6864
119.493
5.1345e-52
21.7545
20.5028
1.13597e-17
43.4268
9.93134e-34
1.19401e-58
44.3512
48.3019
1.46778e-47
39.4338
26.0573
0.954633
22.359
1.85739
7.22133
3.08312e-48
63.4084
1.84302e-10
8.29227
4.40943e-43
25.7596
2.74644e-36
1.10318e-41
21.9644
12.549
1.28497e-44
26.407
4.38585e-60
1.55765e-57
46.3814
4.10441e-55
60.8533
42.3203
1.02634e-27
20.7149
4.98845
5.93683e-48
20.2516
26.8093
18.5428
3.09527e-59
8.64903e-21
28.0168
2.32195e-42
0.948598
22.34
1.84042
1.25026e-27
2.01678e-48
4.43182e-09
37.8106
40.7092
14.9815
19.5757
7.57663e-33
1.28546e-36
34.8182
32.0503
5.37964e-56
18.9903
1.58052e-59
2.34594e-46
4.19415e-24
4.26559e-49
1.96634e-34
2.66772e-47
8.93287e-38
68.5431
1.54986e-14
66.0563
1.45038e-56
19.5126
51.8159
41.3721
3.28349e-50
4.41372e-59
3.05125e-58
5.29545e-31
9.22098e-57
6.80573e-32
1.36588e-56
1.50898e-47
6.0855e-59
0.00250035
0.000183107
3.43142e-38
19.4635
1.6377e-40
9.0747e-16
2.12813e-58
1.50966e-57
8.49303e-60
1.88809e-58
33.8131
1.54768e-57
34.6751
4.29488e-10
1.58885e-53
1.27824e-42
1.97202e-48
27.0246
9.6525e-45
2.62976e-58
1.25332e-42
2.42241e-48
24.6043
0.0033281
27.3078
51.4352
2.76271e-38
2.56035e-43
2.12346e-55
5.16856e-59
33.7737
26.3155
5.94582e-31
1.96997e-51
3.52868e-36
1.27093e-36
3.02971e-58
2.02788e-55
2.65328e-40
1.17539e-12
22.9986
61.1087
6.36081e-60
7.22619e-30
32.5697
5.0107e-47
1.68535e-29
37.5757
59.4551
1.2667e-49
26.0658
6.2937e-45
1.04085e-49
25.0688
9.01281e-54
8.05475e-36
3.85995e-22
3.38848e-46
1.94119e-50
4.81274e-55
67.4602
81.5157
80.6174
50.1142
1.64138e-11
3.92403e-27
12.5543
1.44783e-30
1.32427e-29
5.99763e-38
6.42927e-32
1.56241e-37
64.2919
1.87774e-55
2.04509e-57
8.29347e-43
48.8897
5.65668e-35
3.41297e-15
6.7135e-51
9.61587e-57
18.6729
7.03388e-46
26.9634
6.29155e-45
42.4973
18.7454
22.1725
1.36434e-59
47.878
1.26989e-14
39.3595
5.13071e-59
3.39563e-33
2.85992e-46
6.3746e-58
8.86008e-19
3.33895e-51
1.21485
2.09122e-49
1.47347e-23
1.45955e-57
7.23047e-38
9.80987e-34
104.205
4.6651e-58
42.4148
5.98918e-45
0.00772223
61.2548
12.828
19.9441
0.541075
9.98161e-56
39.4481
4.45915e-47
29.7165
66.6586
2.24822e-52
11.9281
2.28874e-52
5.25601e-35
1.61601e-36
3.74272e-52
18.4292
9.55921e-07
3.87164e-47
3.42467e-59
50.5519
28.4812
7.10703e-35
39.2431
61.383
7.04645e-12
21.9769
17.6728
5.78143e-55
1.00582e-59
21.4528
6.28418e-45
1.22167e-09
8.33855e-41
0.000129454
33.8241
0.0264445
8.55498e-59
32.7713
1.23458
1.39174e-49
1.44969e-22
13.0655
4.428e-60
1.29527e-36
41.527
1.9654e-33
0.000327761
3.10753e-37
0.00217665
5.70151e-46
3.30258e-37
27.7654
20.0716
79.9585
3.03015e-47
63.0139
29.0561
3.69282e-06
7.21213e-44
6.78457e-52
1.61614e-57
1.29597e-33
20.6747
6.28515e-45
1.53253e-53
16.0371
2.00262e-56
7.8252e-53
9.17417e-23
2.42443e-49
1.75651e-54
3.90731e-53
1.09909e-45
2.68654e-37
17.1549
33.9392
17.4594
27.3477
1.83411e-55
5.01375e-42
0.00159608
9.67236e-41
3.18392e-47
5.0592e-41
75.1845
1.3418e-56
50.4083
4.81287e-35
49.2928
1.16897e-58
9.56504e-34
1.7011e-30
2.21872e-29
14.6804
2.89555e-37
21.5231
6.2842e-45
3.34186e-09
35.058
9.58893e-59
9.82373e-58
9.20724e-43
26.5544
2.89478e-50
2.19043e-39
6.09831e-05
1.27996e-58
4.78679e-59
1.23873e-58
4.64803e-09
5.25871e-35
61.0183
1.01705e-49
6.15428
24.4609
35.0771
5.89872e-56
8.28107e-57
22.4862
9.75949e-21
1.09863e-47
5.57431e-28
1.10747e-12
6.51689e-44
5.4242e-44
3.24676e-55
19.4673
2.71629e-59
4.34512e-59
1.49651e-47
1.24161e-58
1.13108e-24
4.50619e-51
1.92949e-55
24.9739
11.3103
30.0911
1.32676e-43
4.42513e-34
32.5998
32.0505
6.39424e-56
19.7626
9.26192e-45
48.6422
22.9027
5.52972e-16
30.3138
27.3946
0.948446
22.3399
1.84059
13.733
23.8906
14.0405
2.71567e-25
21.505
18.7025
16.6431
5.24653e-48
44.769
26.1039
2.15091e-44
6.12747e-39
2.54126e-35
2.71318e-46
1.52211e-35
1.29657e-54
13.2203
4.29345e-56
4.03513e-49
2.01514e-52
20.5026
1.13596e-17
5.77373e-48
4.43984e-31
91.8152
1.01064e-56
48.3222
2.54615e-47
53.9303
6.57021e-37
0.954288
22.3592
1.85716
27.6603
12.6838
1.19112e-47
8.08897e-11
8.87607
59.4374
28.0706
2.17385e-36
7.29646e-45
21.9641
12.5489
6.43421e-32
2.8121
6.31291e-56
6.11254e-58
8.22092e-24
3.11592e-33
1.06377e-40
8.31386e-07
1.42868e-35
20.7162
4.99285
3.11789e-55
22.9625
49.5615
1.80775e-51
1.23554e-57
8.6743e-54
2.4568e-22
36.202
0.948294
22.3404
1.84018
0.00270175
1.91073e-48
60.6821
71.9576
7.30748e-57
1.86096e-52
2.38974e-40
1.5422e-41
1.90464e-55
34.8186
32.0507
4.28824e-56
4.22449e-45
2.2307e-29
8.77246e-05
4.85752e-52
1.11889e-47
1.55278e-58
18.4811
4.89121e-38
2.72432e-60
5.98467e-58
6.23007e-07
5.0813e-53
4.51392e-57
60.39
21.2624
42.238
1.80648e-46
53.1393
1.49745e-50
54.6714
10.4392
62.2145
81.1507
52.377
87.5022
6.74843e-12
2.30286e-10
7.56584e-12
1.54198e-41
7.17248e-11
1.79925e-58
2.97151e-59
8.44418e-38
3.80087e-57
2.2633e-50
3.50195e-48
17.589
3.3321e-13
4.50759e-41
45.8749
51.1393
27.0241
6.29222e-45
1.04996e-16
6.84863e-50
22.8004
30.5846
1.12219e-29
6.1327e-13
1.15932e-40
6.17501e-51
3.43506e-52
3.44187e-53
8.19846e-61
38.2746
7.07955e-28
2.49301e-57
112.816
1.62136e-44
3.59622e-47
49.9896
3.05336e-55
38.334
2.39543e-11
22.2823
61.9055
5.36298e-41
1.05853e-08
36.4316
37.2097
8.82333e-55
1.69693e-30
11.9723
44.309
26.0625
6.28783e-45
27.076
7.69527e-15
7.36958e-15
0.000235123
29.4585
1.72897e-55
2.72246e-58
78.8269
3.13504e-38
7.84838e-41
1.30317e-43
47.4539
67.9146
1.13569e-11
2.6088e-14
68.3291
6.65363e-08
1.18492e-59
98.0355
59.7912
69.0157
6.12853e-33
1.42991e-40
1.65382e-53
29.8089
24.7821
46.5547
77.9677
41.1469
46.3695
8.38875e-41
26.9628
6.28415e-45
1.2673e-39
38.9236
1.80938e-18
1.44901e-45
85.8606
35.2999
33.9628
97.0054
5.00186e-51
4.31794e-47
9.95055e-58
8.85718e-19
1.91101e-11
1.72239e-05
41.6024
1.79552e-58
42.7274
5.79016e-12
38.0361
1.0259e-56
2.12391e-58
44.3772
3.92992e-33
1.03387e-41
2.92298e-52
3.82727e-56
15.0218
7.17222e-55
5.46266e-19
157.954
8.49606e-39
39.6165
3.33038e-11
6.95578e-51
62.8426
1.67235e-57
21.8343
0.00955381
6.28884e-20
7.45244e-55
21.097
5.07635e-46
3.42462e-59
50.5512
29.2275
28.9135
9.33892
8.62569e-60
8.30218e-56
3.77455e-44
52.2328
2.08159e-44
4.8699e-26
21.4531
6.29157e-45
55.0786
7.43444e-55
6.85406e-59
2.37715e-13
1.93442e-36
3.01382e-22
85.8699
14.0117
1.01263e-43
3.43336e-22
22.3621
1.06607e-57
3.69465e-47
55.7235
1.53873e-51
4.46505e-49
2.71046e-27
3.82557e-59
2.38766e-44
1.4971e-44
25.7967
20.3443
2.6656e-10
9.16798e-54
8.88552e-34
8.78961e-44
75.7799
33.8889
43.3019
25.2564
7.0613e-54
20.6773
5.57655e-15
2.83625e-45
6.32112e-46
4.15012e-07
2.99022e-44
3.9144e-23
13.05
33.8379
35.5693
3.45148e-41
6.81202e-41
16.9613
2.40868e-58
2.1387e-29
7.18347e-55
22.4699
10.0592
3.31423e-39
85.1555
16.3159
2.22962e-47
75.4438
1.34271e-56
43.3245
52.0745
1.88698e-34
8.54863e-38
2.27694e-52
3.24704e-56
1.7824e-39
1.16288e-30
9.73004e-31
21.5239
6.29157e-45
13.9024
35.0702
3.40412e-55
1.02189e-43
68.1217
14.5895
5.28809e-28
1.75193e-06
4.15525e-39
1.27994e-58
2.44876e-60
1.84622e-35
6.03554e-40
2.78915e-43
71.7139
1.0673e-06
0.270258
23.0548
21.9057
4.75078e-35
55.8751
0.00107759
6.46949e-53
5.3761e-29
1.12194e-45
85.5085
5.5438
7.91437e-43
9.71075e-52
3.6758e-53
1.7515e-58
2.0624e-59
4.7058e-44
1.48284e-59
1.1321e-24
1.51294e-54
34.0074
31.7621
4.89165e-41
28.4331
8.46848e-11
6.05519e-45
32.5998
32.0503
22.4116
9.82613e-57
9.95692e-47
51.3327
1.95205e-40
1.60497e-47
32.8159
18.262
0.948518
22.3399
1.84079
7.59012e-11
5.74038e-14
27.3578
7.38219e-24
1.02728e-37
53.3751
8.65568
1.04581
44.9055
26.1021
8.25513e-43
3.65368e-57
1.35721e-35
2.97549e-45
20.5546
7.36874e-08
6.12941e-44
2.13202e-21
6.18883e-50
1.03561e-50
20.5025
1.1359e-17
1.08303
1.11886e-29
96.1397
14.5662
25.8349
1.3686e-25
42.6526
30.8068
0.954285
22.3591
1.8572
5.07786e-49
13.118
3.70243e-58
1.36461e-11
8.09973
2.06635e-47
34.7699
1.14892e-10
1.6451e-52
21.9637
12.5487
1.12486e-47
8.00305e-41
4.97077e-59
2.46492e-17
1.12013e-55
1.47335e-38
7.54717
0.00315215
1.5423e-53
20.7143
4.98742
2.0917e-48
7.16941e-51
8.8794e-58
26.9399
8.71443e-13
2.74916e-52
1.00675e-18
2.70236e-24
0.948521
22.3402
1.84043
36.3326
104.788
30.3738
9.55132e-42
23.3408
25.5739
1.87068e-45
65.3202
1.0608e-43
34.8186
32.0507
9.19061e-56
2.20403e-45
6.86784e-22
1.1681e-29
26.9758
3.10967e-48
37.9139
5.32481e-41
4.87882e-41
1.92739e-60
5.80889e-20
5.81685e-57
4.63292e-53
57.9634
1.29462e-45
26.1801
4.94295e-05
22.172
123.3
4.81339e-58
39.2725
7.79114e-31
7.83674e-48
9.73828e-60
2.54815e-57
1.19749e-54
54.7735
13.245
3.13285e-22
89.7476
3.37825e-06
7.59734e-59
3.2136e-59
5.50529e-51
1.01791e-56
22.5272
1.60197e-36
1.03879e-56
1.41304e-49
1.53608e-52
3.29207e-44
106.005
27.028
26.1699
0.00874805
40.9537
71.8878
70.7829
57.1279
35.0932
24.8707
1.16138e-54
1.04594e-32
57.6971
2.21371e-41
63.0997
3.36742e-40
105.458
47.695
8.73389e-38
4.99207e-43
55.3628
83.3518
2.80051e-47
1.53455e-34
19.9603
23.6701
5.753e-49
2.22447e-06
1.08891e-59
3.31431e-44
1.74683e-47
4.48996e-49
26.2776
32.3862
26.0653
15.1851
0.0251041
4.8501e-46
5.09003e-53
3.59567e-52
27.5163
84.4508
1.82756e-24
5.84833e-15
57.8108
5.98162e-41
2.858e-53
48.5753
22.5965
22.8149
1.45199e-54
6.03844e-12
9.26924e-10
4.46149e-41
5.82891e-59
65.2576
177.048
1.6926e-16
89.9661
1.00246e-44
2.1974e-59
1.93635e-57
58.0513
5.88307e-23
62.9628
15.7944
3.93199e-58
26.9671
1.2469e-23
49.3511
6.02426e-48
22.502
54.7546
63.4092
9.47713e-39
25.8645
5.12863e-50
39.9094
3.4924e-50
1.27514e-13
3.2853e-21
1.54231e-25
3.73381e-22
7.71459e-56
1.99477e-34
20.9849
74.5982
1.96327e-50
9.40355
1.75483e-58
5.19915e-51
6.25757e-23
12.841
8.56632e-35
1.27828e-56
27.4363
2.10641e-58
2.81643e-50
32.642
2.33015e-48
3.11154e-50
1.42421e-50
1.4973e-24
41.1986
2.43281e-59
6.08338e-60
1.02486e-51
3.76998e-59
3.88159e-07
2.02611e-55
2.1349e-49
3.41415e-59
50.5776
29.2925
7.51379e-14
13.5995
42.0069
36.6315
50.0916
71.6282
0.136815
3.31482e-40
21.4538
9.65263e-45
5.85453e-34
2.69482e-34
3.22177e-51
1.84162e-40
41.1689
51.417
6.34597e-47
1.44318e-33
9.83678e-55
8.00656e-19
22.1721
4.5798e-54
3.82592e-38
3.20613e-50
13.6119
1.87069e-38
55.4958
2.21636e-41
31.3
8.95526e-54
31.8998
20.3376
4.42663e-55
4.05599e-20
1.502e-27
2.52581e-57
1.40563e-57
30.5511
5.10391e-35
1.19848e-42
1.36336e-28
20.6764
6.29988e-45
2.09436e-53
52.5458
2.37183e-58
28.6699
1.14054e-27
40.9299
2.81426e-58
9.94606e-28
2.54336e-30
1.88461e-48
16.9537
65.8183
21.2619
1.81709e-33
2.92402e-47
3.86839e-37
33.7123
16.8971
14.3759
19.9879
71.355
5.02396
2.83581e-55
1.59758e-41
82.6412
89.9124
6.34482e-34
1.01021e-52
29.6975
1.45682e-40
50.9979
21.5254
9.65244e-45
32.8692
36.7408
4.42013e-40
4.48148e-58
7.08916e-36
17.3076
4.1328e-49
16.6526
5.63884e-34
8.30467e-59
1.85147e-58
5.88485e-37
11.2281
3.17847e-52
1.87298e-45
1.36036e-44
7.63745e-58
2.67388e-45
20.6453
1.90445e-42
0.311719
23.5765
36.3733
39.3956
30.9729
84.9455
49.9757
1.21263e-48
23.5243
58.6505
5.66991e-59
3.91985e-60
6.16254e-41
2.15258e-54
9.21815e-27
1.78726e-59
1.36608e-41
5.65014e-57
42.7977
1.90454e-31
49.9201
3.20198e-45
32.6027
32.0439
7.92602e-56
4.1933e-56
6.89823e-38
55.9296
2.75304e-33
59.5985
50.77
1.3275e-25
0.947818
22.3391
1.8395
14.6538
1.70683e-29
6.23704e-16
1.59894e-20
1.66401e-40
1.05215e-54
31.2304
58.2158
45.2299
26.1154
2.35607e-06
8.46279e-28
1.82806e-32
2.98532e-57
5.13088e-27
4.13001e-20
20.6342
17.3375
32.284
1.10908e-52
20.5168
7.38629e-18
1.73999e-36
4.00849e-54
29.512
4.25027e-59
7.61487e-18
120.26
1.7723e-56
3.60707e-56
0.95347
22.3581
1.85617
0.000110023
1.20711e-11
10.8556
14.0368
14.2294
0.0185647
2.78879e-27
22.4388
7.34356e-38
21.9793
12.5436
15.573
3.85201e-22
3.9076e-38
1.92746e-46
53.5471
3.9064e-56
4.76953e-35
65.7173
33.7889
20.7265
5.02856
1.78852e-48
5.47856e-38
29.4717
0.00315877
20.763
6.17202
3.35043e-09
26.2783
0.947797
22.3393
1.83955
1.05191e-49
2.26518e-45
3.71501e-50
18.1501
21.0048
63.2387
29.9222
4.18793e-59
23.2807
34.8215
32.0488
4.25315e-56
9.85213e-51
2.5317e-34
1.07561e-48
6.786e-53
17.1055
311.619
35.0579
1.08156e-44
5.17702e-59
5.89092e-58
1.80255e-57
4.65045e-54
1.84234e-13
1.27468e-57
32.3604
4.15988e-18
7.14209e-15
6.59418e-50
2.77148e-44
49.8988
23.5075
3.91489e-44
3.33196e-57
5.76492e-54
95.9153
20.6002
24.4438
1.3378e-57
2.37551e-50
3.25496e-11
7.62007e-59
2.05527e-58
1.57496e-57
4.18557e-24
1.85235e-52
7.11812e-60
37.8806
47.9768
1.02012e-48
13.4418
32.1222
38.5224
0.000951219
19.7181
5.19739e-46
66.8385
3.6393e-58
56.9907
8.10391e-41
7.15852e-36
1.11183e-09
4.81815e-54
0.0875684
9.41713e-06
37.4283
1.92391e-33
1.77341e-35
4.13807e-16
1.62518e-43
1.13549e-50
4.8293e-38
4.17967e-43
3.09448e-50
8.10376e-59
63.0338
1.84715e-57
2.95831e-50
8.05197e-08
2.97224e-23
1.51924e-47
3.4485e-58
35.976
1.11926e-54
1.05794e-41
28.14
28.0674
30.8544
4.86821e-06
1.48589e-42
2.44098e-56
9.26366e-53
19.8311
36.6951
82.3518
1.26646e-37
65.7105
63.5732
42.5361
4.38776e-53
18.0056
53.941
3.61532e-28
4.73925e-49
3.44682e-49
56.3851
2.98772e-51
68.9621
35.8451
156.833
1.92959e-37
3.28321e-38
72.4171
44.096
1.20954e-07
2.91905e-48
4.95377e-52
2.09121e-50
34.7516
8.68086e-15
142.774
2.72783e-47
1.42045e-58
8.28785e-46
1.32167e-52
15.0458
14.2849
52.1194
7.2075e-40
1.05532e-53
1.11469e-58
24.8188
1.36388e-50
28.0473
40.1399
2.29006e-56
58.0339
0.402086
2.5093e-57
4.29386e-44
2.12931e-52
26.0271
1.56758e-45
9.36292e-38
2.60971e-09
1.53371e-42
3.36271e-07
40.9339
16.6315
46.4108
1.15977e-51
4.85223e-49
1.75684e-55
1.21426e-42
1.70749e-47
1.62085e-44
7.55273e-40
6.33591e-52
6.29093e-49
28.9222
3.56963e-27
4.27795e-47
26.1328
42.5015
18.5389
1.35941e-40
4.3941e-50
100.849
1.98417e-47
0.331315
46.0325
27.2974
2.95903e-11
22.3562
9.65453e-45
32.4971
1.36482e-48
1.27346e-34
2.5541e-59
4.57119e-15
39.8949
8.55465e-19
78.5413
1.15659e-30
236.234
8.54954e-41
1.35024e-59
2.51033e-60
6.88829e-28
8.30052e-22
161.552
6.86581e-44
1.08964e-53
3.41409e-35
22.7952
81.941
24.1858
5.38097e-38
7.02708e-24
3.77388e-47
3.66295e-25
8.23635e-57
8.48417e-45
22.3794
22.2256
4.54624e-37
21.5437
9.65448e-45
8.33761e-47
1.36756e-24
2.06348e-44
4.41191e-35
9.42746e-52
1.48545e-55
2.47885e-43
28.9345
7.84906
65.1236
22.9314
5.71989e-52
14.9287
25.2173
9.78413e-55
1.63272e-19
7.94368e-27
36.5035
135.271
7.50593e-41
34.1415
16.6382
59.2976
2.99609e-18
3.92377e-55
5.53218e-11
3.92656e-56
5.83952e-41
63.7141
1.74457e-48
1.77573e-51
22.4604
9.65408e-45
29.6679
4.72311e-06
64.5369
25.1019
10.9453
2.34815e-55
1.33513e-22
77.2363
2.77699e-30
8.80643e-44
56.629
3.35594e-44
5.954e-55
3.24965e-45
6.07602e-59
1.3656e-43
5.45012e-56
27.8348
1.11667e-27
83.4047
7.95909e-13
5.41104e-59
1.05305e-46
1.70086e-49
7.02615e-12
43.1571
2.16048e-39
7.17998e-50
7.64024e-35
30.6183
1.8708e-59
2.79434e-47
4.09702e-40
4.2136e-41
41.4815
7.13814e-46
16.3
1.89836e-57
8.39794e-55
15.2304
1.06725e-43
5.95434e-45
34.132
0.0670164
3.80337e-47
1.06994e-54
5.13319e-59
2.40599e-54
3.64171e-52
25.8876
8.45324e-52
1.88475e-51
0.94688
22.2365
1.74985
24.8706
9.43344e-45
20.9533
1.68709e-43
2.64295e-46
9.06575e-59
12.5599
1.20767e-54
5.7863e-56
30.8022
9.64918e-45
1.11045e-54
52.8329
11.2447
7.12313e-17
2.75773e-56
32.3678
3.50196e-14
8.38514e-43
1.46771e-49
25.1804
1.05555e-11
4.11662e-23
36.2206
1.17548e-11
1.84515e-49
18.1105
3.2226e-58
9.42772e-44
5.75502e-48
0.948314
22.259
1.76946
10.3297
3.18497e-47
16.9155
51.0042
19.4838
55.1383
15.8188
8.62439
2.27736e-54
17.2518
12.7668
1.85244e-37
20.1512
2.34428e-56
2.14515e-50
34.3195
2.24105e-51
6.44962e-52
1.55879e-42
5.81792e-50
25.3971
4.85372
25.2175
1.60964e-40
0.0059418
4.25991e-51
6.15914e-51
3.01403e-54
11.8672
8.40018e-34
0.947182
22.2368
1.75025
6.09499
1.38055e-53
17.0846
7.66889e-39
19.5243
2.41551e-40
15.8318
1.93997e-39
3.44685e-40
36.4807
31.6353
1.33167e-50
5.94047e-20
1.73294e-58
5.96727e-56
4.46347e-38
31.961
20.44
3.82872e-33
1.77419e-48
58.9164
2.23222e-57
1.69987e-21
25.5281
1.16509e-39
3.80639e-44
3.87766e-19
51.9056
7.59187
7.70561e-50
1.75819e-33
66.2832
35.9611
1.60142e-56
15.8464
3.52135e-49
1.53715e-09
1.13708e-55
1.54626e-51
4.59931e-49
4.00317e-45
2.94753e-52
60.1904
2.06993e-30
6.57604e-58
2.53518e-58
39.5579
26.0459
20.7762
60.0015
2.08359e-34
3.23243e-06
36.64
36.4893
31.5775
4.00813e-51
1.40593
38.4793
1.03562e-33
11.1679
16.3197
1.59311e-33
9.49338e-07
9.58277e-40
6.76902e-61
62.0884
47.566
3.30179e-50
9.20708e-09
32.2749
59.3082
16.1068
9.70587e-48
3.48554e-46
31.2818
4.91999e-58
97.322
5.82309e-45
3.99079e-48
6.79882e-59
56.4002
8.62094e-06
1.18692e-49
3.21253e-38
4.24225e-54
1.08326e-48
36.478
31.5917
9.29987e-55
2.45251e-48
5.04809e-59
11.0647
44.6343
21.3448
3.99769e-57
48.4187
20.3314
2.76867e-58
1.68966e-31
2.07137e-17
4.67764e-58
2.10534e-50
32.907
18.3469
4.95805e-29
57.2294
31.4489
3.61047e-39
1.71939e-44
2.32447e-47
34.8163
3.51189e-55
3.16979e-40
1.05238e-53
47.2301
8.18979e-38
7.94823e-17
51.2622
5.51512e-38
36.4893
31.5937
6.12173e-51
37.2546
8.57752e-27
2.39212e-52
9.38197e-45
1.48003e-40
1.71392e-53
1.29372e-55
9.52044e-41
1.42002e-58
6.04507e-47
43.983
2.82942e-55
1.92137e-56
2.34728e-60
16.5539
24.7464
61.354
16.5211
7.11465e-48
4.07512e-42
35.9181
29.3497
2.79491e-58
3.86895e-19
2.46884e-43
3.66569e-57
1.45075e-55
4.10177e-39
2.01968e-47
VECTORS velocity float
-4.24545e-58 -2.30664e-58 0
-3.76943e-57 -3.97574e-55 0
-25.0069 22.5145 -12.5574
2.21205e-34 3.42259e-33 0
-1.6225e-49 -4.37354e-50 0
-7.59729 -24.7909 15.5705
4.35858e-11 4.03168e-11 0
0.000777 -0.000695022 0
3.20411e-30 -2.81879e-29 0
2.97544 0.7352 -4.21037
-7.73083e-49 -1.51138e-48 0
-3.68702e-22 -2.91032e-20 0
-12.2209 -28.9716 29.581
-2.35152e-48 -1.88162e-47 0
3.09946e-33 1.43906e-33 0
-4.63509e-59 -4.84139e-59 0
2.38237e-30 3.17228e-30 0
-9.56883e-42 3.71953e-41 0
-37.3393 -44.7442 42.0833
26.2182 -14.8932 33.6917
9.47136e-51 -1.63611e-51 0
18.8576 -8.97404 -11.1013
1.67527e-20 2.77167e-19 0
-27.6474 -8.37614e-06 20.0309
-28.0802 -0.00404915 -14.4797
2.62301e-21 4.66912e-21 0
1.36703e-35 1.2912e-34 0
-0.00352027 -0.00181276 0
-30.9616 -16.9634 -9.62132
-39.2764 33.2412 38.1654
0.332609 27.3127 4.05277
-50.7564 23.061 6.55978
-4.12547e-08 -3.21078e-08 0
6.22426e-36 9.66715e-35 0
-6.52446e-56 -6.54079e-56 0
5.57105e-36 -4.22596e-35 0
24.2129 4.20216 -3.22752
10.1688 13.4395 -3.18304
9.87948e-25 -9.84454e-26 0
1.13389e-52 9.68522e-52 0
2.92249e-08 9.48658e-09 0
1.38411e-38 5.12598e-37 0
18.369 41.6693 76.6266
-4.13975e-47 -1.19328e-47 0
-46.4965 -4.20804 -7.92265
-2.76567e-61 2.45047e-61 0
5.38885e-40 5.54868e-40 0
-2.48328e-60 -6.60375e-60 0
-2.80582e-58 -3.79328e-58 0
-2.44752e-46 -3.97855e-46 0
-9.12174e-48 -1.12941e-48 0
18.3524 2.84831 -4.54364
5.00472e-06 -2.13694e-06 0
-24.868 -22.3019 -10.3237
-8.8327e-55 -1.04098e-54 0
-1.17834e-46 -3.39655e-47 0
-27.618 4.30224e-06 20.0531
-28.081 -0.00203353 -14.4741
-7.62561e-43 -1.38577e-42 0
-10.6069 9.23102 -12.7834
5.5643e-47 -2.04417e-47 0
4.86711e-38 -8.14898e-39 0
2.9087e-43 -6.34461e-43 0
9.68472 -18.4988 -13.5431
26.0692 -17.1108 26.4698
0.889715 0.585271 -5.36943
-4.74748e-42 1.99444e-42 0
-7.45254e-61 -9.17232e-60 0
-6.43986e-51 -3.20287e-51 0
-6.45211e-57 1.04043e-56 0
5.01923e-56 5.00837e-55 0
26.9862 30.7359 -3.51359
-3.83426e-58 1.45474e-58 0
2.44579e-31 1.23974e-30 0
1.98055e-16 1.48257e-17 0
-53.6408 -3.33952 -9.39331
2.66358 -9.2506 -10.2942
1.55837e-31 2.41119e-30 0
-12.9613 86.1134 0.274795
1.7301e-31 2.6769e-30 0
4.15526e-26 8.32444e-27 0
-1.65109e-43 1.10381e-43 0
3.92301e-57 -1.44108e-56 0
-1.74701e-57 -5.60853e-57 0
5.1472e-36 7.95229e-35 0
3.67723e-54 -2.06709e-53 0
14.8435 -64.2892 -11.145
-4.01616e-57 8.94286e-57 0
-1.80302e-45 -1.44272e-44 0
-27.6474 1.20641e-05 20.0309
-28.0747 -9.52992e-05 -14.4556
-7.0245e-07 2.26045e-07 0
-65.3263 14.1756 -9.77783
-8.21119e-60 9.5827e-60 0
10.2683 -12.9899 -10.2272
6.02749e-51 -2.08806e-52 0
2.81002e-47 3.29688e-47 0
-28.3396 -4.03503 -2.0019
9.70324 16.3711 -12.7452
-1.78505e-40 3.94995e-39 0
-7.82936 41.6401 24.2743
-3.13327e-51 -9.0291e-52 0
1.38513e-17 -1.07974e-17 0
-1.77943e-58 1.70597e-58 0
15.4513 -24.8481 -12.741
4.95058e-51 -4.59675e-51 0
-2.74595e-20 7.9203e-20 0
30.4757 -0.282443 46.9806
19.6355 2.97169 -11.3195
15.5863 12.4097 17.2585
-2.64532e-43 -7.62492e-44 0
3.39023e-57 7.64154e-57 0
-24.4096 -23.1618 -12.6842
-1.02625e-43 -2.95816e-44 0
-9.82157e-24 2.28556e-23 0
23.0395 -35.4181 -8.83874
2.55258e-09 -2.08983e-09 0
8.02861e-27 -4.79607e-26 0
13.2638 65.0026 36.4773
2.35153e-57 -1.52325e-56 0
-6.28381e-55 2.27456e-54 0
4.05743e-61 -6.09312e-60 0
-1.93719e-46 -1.55005e-45 0
-1.72684e-47 -1.77525e-46 0
-7.67091e-60 -2.15998e-59 0
26.7708 -11.4088 26.6474
-3.86107e-45 -2.72696e-44 0
1.68462 -7.24442 -0.659588
1.04968e-42 2.32093e-42 0
-3.10544e-52 -8.92475e-53 0
8.41738 23.4703 -12.345
-8.54272e-52 -1.28174e-51 0
-2.55937e-45 5.76283e-44 0
-0.000263593 -27.6291 20.0411
0.231828 -27.6757 -15.3234
-6.0433 -9.65839 -2.68332
16.3777 16.7557 -2.083
1.31017e-56 -1.55913e-56 0
-4.38187 15.0273 -7.68269
22.4434 -32.4509 -2.2758
-20.6156 1.98831 -12.4157
4.57446 -57.618 10.7673
21.7055 -5.78442 -3.48195
-1.04561e-05 -8.06594e-05 0.94709
-3.94605e-05 -2.07891e-05 22.2365
-0.00017059 -0.000126426 1.75019
1.55577e-19 7.78171e-20 0
3.23574 0.375614 -13.0141
11.7403 11.3421 6.13633
-8.39623e-49 4.98477e-49 0
36.6843 34.2889 33.9585
1.03524e-42 1.58262e-41 0
9.01514 27.4172 44.4088
2.90431e-35 4.49252e-34 0
-28.6872 18.5519 -9.96739
2.80424 30.381 -3.16455
-3.82779e-49 9.64744e-45 0
3.62713e-19 1.959e-20 0
-2.94226e-59 -4.67388e-60 0
23.5855 -9.87461 -0.395892
-1.93229e-46 -8.09364e-45 0
4.75265e-57 7.19421e-57 0
-5.59438e-13 -1.28598e-12 0
-27.2832 35.7746 -4.62483
16.8743 -21.305 10.3707
20.9543 -27.9947 20.1859
3.25618 -24.284 5.3418
-3.35271e-20 -2.02821e-18 0
7.79364e-22 1.21144e-21 0
-157.393 -52.3206 45.4968
1.73708e-42 2.48774e-43 0
3.54164e-34 -2.72212e-33 0
2.08425e-16 -5.82536e-16 0
8.53406e-55 2.22636e-54 0
-3.52062e-59 -5.66307e-60 0
-0.13527 -27.1637 2.64281
-5.38536e-06 1.18888e-05 0.9483
-3.66426e-05 5.32662e-13 22.259
-0.000732438 0.00011408 1.76973
-5.03969e-50 -1.4394e-50 0
9.11928e-11 -1.12258e-10 0
6.65707 0.692319 -3.43047
5.30228 1.80339 -3.94272
9.1166 2.62463 51.7034
-1.89103e-52 -1.1682e-51 0
16.9146 2.80576 5.21025
21.0377 0.496259 10.9302
2.26247e-33 -1.41954e-32 0
6.18719 13.4488 6.01575
-0.000684676 13.787 -0.508441
-1.66763e-24 -7.34257e-24 0
3.16458 3.85405 -10.8865
-16.9342 12.3795 -12.0357
3.70647e-25 2.49602e-24 0
-1.7432e-58 1.38052e-58 0
-3.52544e-51 2.86211e-51 0
-1.28633e-43 -3.70782e-44 0
-2.21595 -12.8301 -12.5817
-0.0241362 0.369686 0
3.23187 -24.3608 5.55245
1.56039 -3.34218 -3.91314
12.7398 32.9162 -10.6627
2.55529e-50 -1.4387e-49 0
23.889 5.03514 25.5012
-20.0282 -13.4766 26.7836
15.223 -23.7807 -13.5991
-5.09453e-50 1.12732e-48 0
20.8803 48.034 5.11318
-8.59262e-43 -1.21309e-41 0
-3.48755e-05 4.11338e-05 0.947212
-3.94605e-05 2.07891e-05 22.2365
-0.00116813 0.00012126 1.75051
-8.6571 -21.0254 13.672
1.24924e-49 1.32896e-49 0
8.95263 -18.8863 0.526468
2.20409e-40 8.91801e-40 0
10.3172 -26.8061 -14.1743
7.22659 -4.58572 -12.7696
2.44697e-21 -2.47408e-21 0
-4.88338e-59 -3.73858e-58 0
-3.55197e-53 2.98273e-53 0
-0.000188515 32.0771 17.3753
-5.61859e-07 0.0670159 0
6.00128e-30 6.82389e-30 0
-2.47882 -8.3942 -9.90192
11.1439 26.7096 0.312928
-1.47061e-52 -6.03811e-52 0
13.8745 21.1843 7.71252
6.76023e-07 9.90801e-07 0
3.8165e-58 1.89916e-59 0
44.8146 57.9261 8.71779
-3.02878e-43 6.70206e-42 0
-13.5928 -83.185 67.9347
-6.95339e-58 2.38134e-57 0
17.0365 -31.2016 12.6673
17.4902 -9.98318 21.9046
8.41009e-35 1.30125e-33 0
55.1641 -4.48916 32.6788
55.812 19.4818 10.6668
-2.05569e-58 -9.87377e-57 0
6.80217e-53 -1.16943e-51 0
1.10928e-31 1.71633e-30 0
-9.90392 -19.4254 -9.89516
2.21355e-59 -8.49893e-58 0
-2.21061e-09 1.30884e-09 0
-3.3148e-48 -2.30986e-47 0
25.7122 17.8914 -12.5487
-1.96768e-47 -9.78628e-48 0
-3.86868e-53 -2.1904e-53 0
-49.7191 -1.01983 -7.06326
8.183e-53 -3.12185e-53 0
2.49731e-57 -1.40385e-56 0
8.00083e-44 1.41519e-43 0
-8.97444e-45 1.37341e-44 0
-9.41125e-42 -7.53055e-41 0
7.55942e-59 5.95258e-58 0
-1.59164e-57 1.39322e-57 0
6.41742 23.0326 -10.2256
3.02349e-48 6.68458e-49 0
-2.98628e-49 -5.32357e-49 0
1.90761e-31 2.53461e-30 0
6.67677 -7.46185 -5.91173
1.08646e-49 -3.62901e-50 0
-5.12982e-11 3.07506e-12 0
-21.6161 -2.38746 12.7598
27.6602 3.09308 -2.07589
9.65658e-45 -3.83065e-49 0
10.7176 -45.38 30.286
-6.83119e-59 -4.57226e-59 0
7.46467 -20.1934 30.4814
-26.4223 -15.8154 66.4967
-1.77999e-22 1.89503e-22 0
2.63559e-36 1.75205e-36 0
1.19472e-22 2.52459e-23 0
20.8519 32.9009 18.6552
3.88099e-22 -4.05317e-22 0
-36.5953 -175.339 56.6605
1.53982e-57 -2.3439e-57 0
-1.10469e-58 -6.76808e-59 0
-6.49193e-55 -3.22875e-55 0
-3.196e-49 -2.55154e-48 0
19.8103 33.4048 4.17203
-3.91902e-53 -5.88005e-53 0
-1.52977e-54 -7.62245e-55 0
-5.18991 -0.863609 13.5731
-3.68368e-56 7.6774e-56 0
26.8593 -26.4353 -4.74045
41.9549 -55.3335 14.8678
13.6653 17.6917 -4.152
-9.32733e-49 7.48854e-49 0
4.54322e-43 1.72408e-42 0
15.3013 28.0339 -13.4214
37.597 12.4579 -11.1457
-7.50179e-44 -2.16238e-44 0
21.8582 30.9199 29.13
9.351e-55 -2.22766e-53 0
1.53084e-27 3.60533e-28 0
-42.8996 3.07737 -12.449
26.6913 3.02585 -1.84967
9.65358e-45 -9.10249e-50 0
18.8177 21.5853 -4.55703
9.19528e-47 1.21389e-47 0
-35.1991 -8.4092 -12.9999
-4.90707e-45 -4.0912e-44 0
-1.55e-39 -6.70225e-38 0
5.73349e-36 -5.72243e-36 0
-25.6292 16.9251 -6.87874
-6.25515 -0.120685 -5.63826
2.44821e-38 3.78798e-37 0
73.6258 24.4851 2.62136
-80.1499 -15.2527 18.1481
0.492175 6.8565 1.172
3.2498e-36 1.21724e-35 0
-9.54748 -16.0328 -5.33588
4.21145e-58 2.43195e-57 0
1.33633e-23 -7.12336e-24 0
6.25308 5.37206 -11.1477
-32.1981 -33.9036 -8.73261
4.39479e-55 -1.5041e-55 0
7.69726 -1.97283 2.69852
-2.40086 135.237 -6.83678
6.40765e-57 -5.99595e-57 0
-4.59017e-40 -2.28292e-40 0
-7.68623e-57 2.76672e-56 0
13.0654 -18.3769 -2.84536
41.5575 -51.8396 10.9999
-6.10694e-44 -1.76031e-44 0
17.5913 -20.4212 44.6821
-2.11067e-12 -6.98536e-11 0
-28.1672 12.6889 14.753
-41.7138 1.56006 -14.4748
27.8202 -1.10702 -1.72514
9.6546e-45 4.24536e-49 0
87.9353 -179.756 223.061
27.4288 25.914 70.1833
8.57967 22.3239 3.77375
3.09722 -19.1617 -10.3867
4.97621e-54 5.25185e-54 0
2.70718e-55 -6.43763e-54 0
-4.09282e-53 -1.31491e-53 0
32.4395 -6.09538 1.43148
7.09486e-35 1.09776e-33 0
-3.09172e-45 -2.53647e-44 0
-2.36091e-59 3.58324e-59 0
63.9177 92.5992 -10.1687
31.1979 -18.8134 -14.5801
4.94077e-35 7.64357e-34 0
-93.6523 9.86775 22.5351
3.84024e-43 4.11315e-43 0
-2.66752e-57 9.72333e-58 0
7.15473 -40.2851 -13.7516
1.64017e-42 -4.9499e-43 0
-1.2903e-46 -5.57929e-45 0
9.74057e-08 1.54444e-07 0
-6.43609 -20.6056 5.06821
-3.1838e-43 -8.66027e-44 0
-1.05624e-55 -2.57274e-55 0
-1.70164e-49 1.04094e-49 0
-1.19074e-19 2.66941e-20 0
1.5762e-24 4.71303e-25 0
1.4798e-39 5.98429e-39 0
-9.74771e-24 2.56807e-23 0
3.23612e-38 3.11463e-39 0
1.6204e-49 2.51393e-48 0
-3.24699e-50 1.73073e-50 0
27.6191 -2.52045 -5.05565
1.74872e-42 2.70563e-41 0
-2.44509e-43 -7.04774e-44 0
-3.3607e-60 -3.55488e-60 0
5.26371e-44 8.13692e-43 0
-9.20791e-48 -7.3644e-47 0
1.11721e-43 9.86774e-44 0
-1.35249e-59 -1.74809e-59 0
31.4056 43.1734 24.6647
-1.47279e-45 -1.17847e-44 0
-2.6448e-59 -2.18308e-59 0
25.3802 41.9823 3.81217
0.359835 27.7295 7.46088
-9.1359e-44 1.80092e-44 0
-1.52226e-19 -1.04175e-19 0
-3.5497e-59 -1.8931e-59 0
19.2033 5.08272 -5.39483
9.1759 2.9063 11.2734
8.48527e-20 -3.25663e-20 0
1.71756e-47 1.47875e-47 0
7.90505e-58 -3.84223e-59 0
-2.75835 7.04729 14.0095
-6.53968e-16 -2.20042e-17 0
2.54929e-21 1.86993e-21 0
-3.11562e-46 -8.98071e-47 0
-5.17145e-38 1.11231e-38 0
-42.6378 23.6847 -6.61578
16.8922 16.5796 -3.25352
1.40141e-39 -9.1689e-40 0
-4.14237e-35 -3.36568e-34 0
1.53048e-32 9.68119e-33 0
-1.3509e-44 -1.08096e-43 0
-5.68533e-55 7.75641e-55 0
23.6487 -6.84232 -2.25994
-5.69689e-46 -4.55972e-45 0
4.02039e-41 6.22057e-40 0
109.571 -35.2023 3.88687
-1.18221e-59 -3.32811e-59 0
-3.30477e-43 -9.52511e-44 0
-1.16274e-55 -3.33766e-56 0
-2.18308e-56 -1.93138e-55 0
-4.32708 6.65735 19.3536
-6.06561e-47 -1.74693e-47 0
8.68329 5.05947 23.3874
1.89702e-05 -6.21632e-06 0
-6.97652e-49 -3.07672e-48 0
9.37598e-54 1.45666e-52 0
-1.78607e-18 -1.49788e-19 0
-1.34341e-50 -3.86996e-51 0
5.77174e-58 2.16192e-58 0
4.14328 -29.3551 8.51147
16.9017 -33.6003 11.2565
6.9752 -2.01001 -14.2656
38.3129 10.8384 -9.9259
-11.8783 5.32042 10.5273
-23.9956 -0.256544 -10.864
2.88517e-44 -3.48699e-44 0
4.96147 -6.34119 -14.4858
-1.26142e-52 1.12959e-53 0
-1.44711e-57 1.16652e-58 0
-20.6714 -32.6921 -14.0699
-40.5023 26.5522 -13.4103
-52.3371 15.9482 3.02555
-1.73801e-54 6.29448e-54 0
2.84218e-35 4.39821e-34 0
-7.5467e-61 1.80867e-60 0
1.65642e-59 -1.89595e-58 0
81.8588 4.54954 157.242
-2.38138e-49 -6.86428e-50 0
84.9302 -52.4463 6.16186
-4.58677e-56 8.54121e-56 0
-56.5976 14.0981 -8.53093
11.9419 12.7727 19.1266
-131.965 95.0791 43.4515
-3.65244e-50 -1.05281e-50 0
-2.1416e-34 1.47474e-34 0
6.03134 -69.2949 -0.749276
26.225 2.7036 -1.95953
-2.42938e-37 -7.20578e-37 0
-1.70233e-48 -5.54996e-49 0
-3.64377e-47 4.52035e-47 0
8.13467e-61 -2.22236e-59 0
4.46478e-46 8.21736e-45 0
3.87719e-51 2.87121e-51 0
14.9214 -2.57008 1.3806
-2.64755e-45 -2.11637e-44 0
-1.20023e-38 5.34559e-37 0
-6.23349 -1.51406 14.1058
-0.000950911 1.14473e-05 0
-3.77857e-42 -3.02356e-41 0
25.4847 -12.1512 9.99999
32.8983 -38.2436 -14.1164
-4.5599e-33 5.05566e-33 0
6.69456e-55 2.48443e-55 0
1.39947e-25 -5.10957e-25 0
-6.14845e-58 1.41811e-57 0
-2.08542e-43 -6.0112e-44 0
-2.24388e-49 1.93468e-49 0
-5.99093e-59 5.78745e-59 0
-56.8587 88.3165 -13.4493
-8.34483e-43 -1.38406e-42 0
-1.10804 -16.1232 -12.9495
2.29933e-07 5.55348e-07 0
5.0491e-56 5.36912e-56 0
-5.60642e-57 -9.824e-57 0
30.5634 46.6959 30.7713
-18.0685 -5.76839 23.517
-6.14313e-31 -2.8034e-31 0
-6.5378e-42 -5.23138e-41 0
1.31364e-34 2.03254e-33 0
38.7677 -10.2044 -9.0605
1.4572e-45 2.25855e-44 0
-1.0465e-46 9.17264e-46 0
6.82907 17.9743 -13.4061
10.5843 -17.2566 -1.90815
-9.30216e-54 -2.31309e-54 0
4.00863 -23.3176 -14.8328
-1.064e-56 6.59529e-57 0
-4.55317 46.3218 -9.53171
1.19608e-61 -6.13859e-60 0
6.98657e-57 -3.94091e-56 0
-3.86634e-51 -2.76045e-50 0
3.6013e-59 -6.90806e-58 0
-1.99623e-27 5.84855e-26 0
2.15692e-06 2.72101e-06 0
73.8849 8.69603 27.474
4.05868 17.1272 -12.4679
1.13113 -3.45943 -5.63704
1.52225e-35 2.3553e-34 0
5.89761e-30 -2.26695e-31 0
-1.18185e-55 -1.52591e-55 0
-8.19964e-06 -22.8698 23.2359
0.226628 -27.9221 -15.7305
3.19561e-54 -1.07716e-54 0
1.08664e-50 1.95653e-51 0
-7.19961e-52 2.60843e-51 0
19.7356 -43.2056 39.5281
-45.6477 -19.924 17.8666
-3.18385 7.87291 2.55628
-3.3064e-42 -2.64567e-41 0
-1.14712e-50 2.53836e-49 0
-1.3186e-05 -0.000104302 0.947913
-3.35033e-06 -1.46683e-05 22.3391
-3.70608e-05 -0.000159992 1.8397
-1.37085e-54 -2.40578e-54 0
-2.59392e-10 -2.9961e-10 0
4.27002e-19 5.40433e-19 0
2.84862e-20 1.06975e-20 0
-8.79047 17.1242 15.2164
1.04192e-58 7.01898e-59 0
4.3003 -5.11797 -10.658
4.81114e-53 4.76053e-53 0
3.02721 -43.0219 -12.0741
3.08276 25.8857 -1.55836
-1.40453e-49 6.28784e-45 0
1.20595e-50 4.67467e-50 0
7.6139e-34 7.83972e-34 0
-3.47932e-53 1.53054e-52 0
6.32913e-55 -1.50741e-53 0
-0.482446 31.5677 -12.1869
19.8658 -1.46883 -4.77541
3.6545e-12 3.08705e-12 0
-5.79508e-42 -4.63712e-41 0
8.45028 20.3075 -0.772359
3.54912 -19.1849 6.3464
-2.09773e-19 -1.13578e-17 0
-1.05799e-42 2.66927e-42 0
1.14087e-25 3.09158e-25 0
7.80304e-59 -4.29323e-58 0
-10.103 11.2697 -0.257129
-2.21024e-46 1.26647e-46 0
26.6458 -44.6837 -0.421424
23.7705 -45.2169 2.55864
-1.36079e-38 1.12279e-38 0
5.80228e-05 1.67188e-05 0.953795
-3.08829e-06 1.74691e-09 22.3581
-8.26973e-05 1.12042e-05 1.8566
13.3547 -14.3074 3.29519
-1.73898e-27 -7.46148e-28 0
26.7008 11.2365 -4.2289
0.0410437 0.0207775 0
3.07189 -2.48887 -6.93201
5.26459 7.20065 7.89466
22.101 9.25944 39.0099
6.56067 0.629353 -6.85793
-1.31238e-44 -1.82641e-43 0
3.35099 21.6918 1.15708
-1.60258 12.3575 0.106796
9.85926 -12.0397 -0.157947
-5.08589e-40 1.1254e-38 0
-2.73703e-42 3.38833e-39 0
-1.88047e-43 4.16108e-42 0
2.59942e-20 2.50191e-20 0
-1.16471e-48 -8.90063e-48 0
4.63146e-41 3.87736e-40 0
9.81242e-14 3.4063e-14 0
1.50669e-32 4.40069e-31 0
3.49751 -19.3099 6.66904
1.78366 -3.10117 -3.47491
9.67574e-47 -4.36936e-46 0
4.6545 14.2462 -7.35819
-3.17533e-47 -1.57925e-47 0
3.76442e-43 -9.52739e-43 0
3.53029e-51 5.47801e-50 0
9.06069 65.4055 63.6909
2.18e-17 -1.79489e-16 0
-7.89532e-45 -6.31755e-44 0
2.77666e-05 2.92412e-05 0.948176
-3.3136e-06 1.46789e-05 22.3391
-0.000367054 7.91371e-05 1.83999
-20.455 0.2796 -12.9592
2.06274e-09 -3.2519e-09 0
-2.01714e-49 -1.61404e-48 0
3.20662 -12.1308 11.059
1.56317e-36 -2.14692e-36 0
-2.29771e-48 -8.30481e-48 0
-4.43598 -9.00814 -10.2967
-20.2502 -16.0516 -1.20452
-3.32171e-59 3.30667e-60 0
-1.23253e-05 27.7681 21.0112
-0.228619 27.9195 -15.7243
-8.27109e-57 -9.30987e-56 0
-2.88096e-50 1.11839e-50 0
6.79091 -2.14567 -6.41237
-25.5838 38.6144 34.0281
-3.31961e-58 -3.88284e-57 0
-1.38986e-53 -6.13739e-54 0
1.21444e-05 -0.000475421 0
2.67164 32.432 -7.11221
-8.90567e-40 1.97064e-38 0
-1.36721e-58 -4.48089e-59 0
22.5221 -0.394739 -4.74525
-8.27895e-26 2.12569e-25 0
7.47704e-55 8.6149e-55 0
-18.3988 -33.0367 -7.84454
-3.23796e-51 7.16493e-50 0
-1.30995 -10.3622 35.3877
-9.05201e-21 -8.15807e-21 0
4.69842e-48 -1.16391e-47 0
-5.42212e-46 -1.5629e-46 0
-1.68338e-38 4.23099e-39 0
-1.36195e-57 -1.08957e-56 0
-6.34747e-48 -5.02865e-47 0
-4.36428e-49 -3.94914e-48 0
3.96313e-55 -3.01742e-55 0
-7.41074e-49 -3.20443e-47 0
-6.82792e-35 -3.60791e-35 0
8.49291 -22.6001 1.53418
5.044e-12 5.59819e-12 0
-3.34125e-49 -1.44478e-47 0
-15.0275 -37.2582 28.1829
-1.58117e-58 -7.89856e-57 0
1.41365e-58 -1.07625e-58 0
1.95362e-60 3.03088e-59 0
7.58501e-61 -2.18806e-60 0
8.29132e-46 -1.53081e-45 0
-2.65983e-49 -1.15012e-47 0
2.30255e-47 2.4653e-47 0
20.4418 4.02394 -13.2261
6.45545e-05 -1.99073e-05 0
14.1506 31.0938 -9.04003
-3.2974e-41 2.4502e-40 0
-2.19133e-32 3.54132e-33 0
26.7822 3.1556 -1.75922
9.65802e-45 -7.54551e-49 0
4.21384e-56 -7.57703e-56 0
2.98285e-57 -7.11322e-57 0
0.000133416 -1.65262e-05 0
-3.76954e-12 -1.08329e-12 0
2.15408e-07 -1.3643e-07 0
16.1111 -17.2166 -13.4643
-3.84344e-54 -1.09972e-54 0
-9.10577e-60 -2.7769e-59 0
3.81592e-35 5.17922e-36 0
-1.06116e-49 2.34812e-48 0
-6.34576e-56 -7.47777e-56 0
10.4715 50.5936 48.296
-2.95892e-51 -3.48578e-51 0
-48.0389 5.73457 -6.71955
-61.9484 40.0212 29.4011
-3.56359e-44 -1.85681e-43 0
-8.90657e-44 -2.56655e-44 0
-7.23267e-44 -3.59717e-44 0
4.07417e-56 7.92944e-56 0
-2.42153e-58 -3.42279e-58 0
0.0810362 -0.00336593 0
13.3919 18.2154 -4.23869
-6.23782e-59 1.47635e-60 0
-9.02322e-56 -2.94723e-56 0
-35.5279 9.08945 10.6181
-5.83876 32.7384 13.3373
4.86056e-22 4.3345e-22 0
-3.42021e-56 -2.30882e-55 0
-8.24068e-42 -6.59528e-41 0
11.5452 -9.37948 1.02611
-3.382e-47 4.1956e-47 0
25.8338 3.08942 -1.53468
6.30017e-45 2.53064e-52 0
4.15422e-55 -2.70253e-55 0
9.31521 27.6065 -5.0003
19.2976 78.5417 53.6866
7.65062 -5.55268 -4.59143
26.1894 -1.36937 -12.5118
8.46712 -5.09803 -12.0422
-4.26906 -33.7862 -10.1409
4.537e-36 1.66465e-35 0
-1.89191e-58 4.2209e-59 0
-22.0429 -33.2028 42.1251
-74.2679 13.5135 28.236
-32.3803 -45.7442 -9.06062
-1.11982e-07 -6.62759e-08 0
15.9457 -27.3534 -10.2348
-1.99546e-55 4.05626e-55 0
4.16411e-31 -3.34293e-31 0
6.44548e-35 9.97352e-34 0
-5.08672e-45 -4.06259e-44 0
16.8216 17.7408 17.6535
-6.24158e-22 -5.7284e-22 0
47.1694 16.8074 42.7716
4.04567e-57 -4.06608e-57 0
2.25753e-60 -2.8445e-59 0
-3.15748e-60 1.88372e-60 0
3.31658e-40 -5.02697e-40 0
26.9876 -30.7896 37.2506
-1.4321e-52 -1.80522e-51 0
1.47189e-34 -5.89194e-34 0
-1.02924e-42 -4.45045e-41 0
3.50229e-56 -2.02975e-56 0
-0.0819513 0.0290529 0
26.9062 -1.10802 -1.37294
9.64972e-45 7.76192e-49 0
4.04439e-50 -1.12505e-50 0
-61.7608 26.2869 -11.3787
4.13102e-20 -1.60342e-20 0
2.94287e-41 -1.37844e-41 0
3.3884e-36 1.26916e-35 0
-21.6373 15.5361 3.63685
1.51803e-07 -4.2241e-08 0
20.4032 0.763511 -4.0586
2.26804e-34 3.50919e-33 0
1.42506e-46 1.15374e-46 0
6.05778e-58 2.02276e-58 0
-2.85355e-20 -1.55363e-19 0
6.85848e-43 7.30299e-43 0
-46.3625 -28.196 -0.449976
1.41474e-44 9.39371e-45 0
3.56149e-52 1.23173e-52 0
-16.8729 -1.43224 -1.72876
1.49137e-18 -7.37212e-18 0
8.5766 -23.488 -10.1632
-2.75311e-55 1.73695e-55 0
-5.1842e-59 5.17175e-59 0
-16.2308 6.84699 -9.35545
-5.26846e-46 -1.47163e-46 0
-2.28398e-49 -3.47802e-49 0
-1.63831e-57 1.67428e-57 0
-18.0578 29.8281 -0.78946
-1.21203 -1.6001 0
0.692902 -12.4396 -14.9292
1.18884e-50 2.25076e-50 0
-1.06697e-58 -5.28815e-59 0
-8.10741e-42 -6.48729e-41 0
22.4634 5.96334 1.62424
-27.716 7.46651 -15.287
-2.24977e-51 -6.48312e-52 0
2.4444e-54 7.54855e-55 0
-5.60083e-14 -3.59667e-14 0
-9.3644e-58 -1.12555e-57 0
1.38372 0.158908 -6.35239
-3.41567e-43 -9.84466e-44 0
20.2502 -15.588 -7.49634
-0.100483 0.210925 0
-1.83219e-35 -1.59606e-35 0
-2.64332e-59 -2.17749e-59 0
7.88999 49.2082 -8.56683
0.813728 28.2831 7.29134
23.5167 -17.8425 -8.12832
1.97821e-58 -4.91866e-59 0
-15.5711 2.99863 12.9249
1.37651e-54 -3.2803e-53 0
3.91656e-53 8.54221e-53 0
5.77126 25.8342 2.01201
8.83457e-16 -6.48656e-16 0
3.31667e-58 1.55734e-59 0
-20.1959 3.54328 6.31203
-4.7662e-26 -1.67098e-27 0
3.53663e-41 2.86328e-41 0
2.40214e-53 8.69852e-54 0
0.157275 -0.124855 0
-3.03363e-19 1.06975e-19 0
-2.75202e-23 -4.87724e-23 0
-1.87002e-55 -8.74578e-58 0
-8.40431e-22 2.43235e-22 0
16.2095 -66.7688 19.5102
-1.24089e-44 -9.92923e-44 0
1.08585e-50 2.40409e-50 0
-1.28371e-41 -1.64364e-41 0
4.8013e-60 -4.80769e-60 0
-6.80248e-42 -5.44311e-41 0
-1.1991e-44 -9.59475e-44 0
0.154412 0.0797183 0
-1.0101e-50 -5.02375e-51 0
-5.50802e-60 -3.80238e-60 0
-3.80464e-58 -1.22427e-58 0
-9.66787e-59 -2.96882e-60 0
-6.98675e-46 -2.0139e-46 0
14.5865 10.8539 20.9576
-4.75204 11.9622 0.670591
4.85187e-59 -1.81653e-59 0
-2.73336e-52 -4.16234e-52 0
44.1839 62.6536 7.91273
-72.5917 -15.6714 -2.29953
-30.5595 46.7774 -13.7055
2.75e-15 -6.58739e-17 0
-5.8134 30.1481 -13.6338
-1.31064e-59 1.09541e-59 0
-1.24321e-43 -5.37569e-42 0
-19.2492 3.50269 6.6812
-12.2893 -0.278317 -4.66438
6.04632e-15 -6.349e-15 0
3.30115e-11 -4.56252e-10 0
-3.08708e-56 -1.65597e-57 0
-14.2241 -2.9204 -10.5653
-17.1567 -10.551 -13.4126
5.77929e-55 5.00831e-55 0
-3.00702e-33 -3.51126e-33 0
2.25717e-13 -1.61107e-13 0
2.14862e-34 3.32447e-33 0
6.27105e-55 5.28e-55 0
10.277 -15.649 2.61645
1.00606e-33 -1.68294e-33 0
-7.01264e-42 -5.61127e-41 0
-10.8046 -6.10123 8.57597
-4.24252e-54 3.89649e-54 0
-3.23908 2.6555 0
-1.31234e-46 -3.78277e-47 0
69.5059 -63.9983 21.5104
-9.98079e-50 -7.99344e-49 0
4.29005 -14.8152 2.40179
25.6849 -69.7946 -7.773
-9.03572e-57 9.66771e-58 0
-36.7063 55.2053 51.8121
-5.45669e-40 -2.71389e-40 0
-4.24831 -60.9987 11.935
12.0313 -21.184 -5.66803
1.62165e-31 2.50911e-30 0
0.00440269 -0.0467739 0
-94.6846 -26.7905 -6.293
-1.02852 0.652085 15.6709
4.09206e-43 -9.29257e-44 0
-20.1234 -0.881801 7.58707
-25.0378 0.215779 -15.3291
3.6253e-43 -4.44222e-43 0
-35.0497 -0.819077 -0.0906707
-16.0202 -22.8942 -12.229
9.80812 0.844554 -2.38516
-20.6955 -11.0458 -7.42612
1.59547e-35 2.4686e-34 0
1.28872e-34 1.99391e-33 0
5.84433e-38 1.24843e-36 0
-4.74974e-39 2.8616e-38 0
-9.21577e-59 8.88259e-59 0
-1.07921e-60 -6.57301e-60 0
3.61775e-48 5.84949e-48 0
4.11897e-34 3.51424e-34 0
-8.47016e-57 1.72313e-56 0
-5.09887 9.51614 33.9326
-60.2364 -23.9152 -14.6032
20.8296 -49.9283 14.727
-9.91147e-50 -2.85696e-50 0
-6.1193 -3.35704 15.6148
-9.0776e-44 -2.61575e-44 0
-35.8485 -40.3634 -14.9067
1.87879e-53 -4.3056e-53 0
8.1518e-38 1.26206e-36 0
5.93699e-47 -1.61211e-46 0
8.12315e-08 5.68867e-08 0
-3.86787e-51 -1.11917e-51 0
-2.49191e-58 -7.07156e-59 0
-4.0127e-59 -3.80249e-60 0
-2.1712e-57 -3.21827e-57 0
-1.77617e-45 -5.06157e-46 0
7.83013e-64 -3.13865e-60 0
6.16579e-57 -3.47853e-56 0
-1.30676e-50 -1.02345e-49 0
3.5477e-59 -6.16444e-58 0
-3.41557e-26 4.79777e-25 0
-1.99622e-60 -3.68891e-59 0
27.0483 -36.7646 11.1176
-2.31003 17.4969 14.2206
-1.90219e-52 1.90018e-51 0
-11.6221 33.1968 0.947265
1.17724e-28 -1.98345e-28 0
9.07539e-54 6.99563e-54 0
5.54016e-06 -22.8594 23.2421
0.226841 -27.9222 -15.7331
-102.012 58.991 -3.41994
60.943 -167.652 69.9901
-4.54786e-47 1.00635e-45 0
8.9576e-36 1.38511e-34 0
3.24657e-39 2.79516e-39 0
1.45802e-16 4.10862e-17 0
3.48594e-13 1.00908e-13 0
2.31484e-34 3.58158e-33 0
-7.93085e-06 -9.7626e-06 0.948311
3.40619e-08 -1.4574e-05 22.3399
-8.58787e-07 -4.37711e-05 1.8402
-21.4537 15.5968 7.97806
6.79433e-19 -1.46277e-18 0
-6.21682e-50 1.26369e-49 0
4.71447 27.0501 7.80238
-48.5798 31.7828 41.3412
5.54124 20.7219 -2.90047
2.94222e-18 1.33583e-18 0
17.7064 7.66966 1.62533
3.13765 -42.8887 -12.3207
3.08385 25.8736 -1.54965
-2.1852e-49 6.29756e-45 0
0.697274 -15.0373 -13.174
2.18586e-36 8.21026e-36 0
-4.30829e-55 -1.24163e-55 0
2.03131e-35 2.31992e-36 0
-0.35503 -0.170698 -3.36729
30.0237 29.5189 11.6494
74.3527 -92.97 10.3346
-5.15264e-53 -5.10858e-52 0
8.73077 19.9218 0.391491
3.55152 -19.168 6.3513
-2.09619e-19 -1.13578e-17 0
8.24442 -42.3102 5.26958
6.40532e-35 9.91066e-34 0
-7.60427e-59 9.20554e-59 0
-37.6805 -18.1724 -14.7301
8.27314 -46.908 -8.01663
-1.82018e-48 -1.45645e-47 0
-0.151076 -39.2813 -3.4608
21.427 14.6084 -2.54253
6.24436e-05 1.7939e-05 0.954633
1.53918e-07 3.82984e-08 22.359
5.25975e-05 1.51036e-05 1.85739
-4.05453 -5.55254 -2.20853
-1.7099e-48 -2.56551e-48 0
46.892 -41.4631 10.1284
1.83395e-10 -1.8258e-11 0
5.38283 -0.117693 -6.30659
3.00918e-43 3.22303e-43 0
-13.0996 15.4665 15.8979
9.7287e-37 2.56836e-36 0
-1.36782e-42 -1.09467e-41 0
3.35375 21.6756 1.16425
-1.55869 12.4515 0.0861133
1.23792e-44 -3.44512e-45 0
26.2323 0.625729 2.96699
1.71334e-60 4.03734e-60 0
-1.22564e-57 9.61285e-58 0
-25.1112 -37.7022 -9.96015
-3.50886e-56 -4.08938e-55 0
-9.66021 48.7516 35.1153
-9.17195 28.7193 29.7
8.03853e-29 1.02319e-27 0
3.49878 -19.2948 6.67649
1.78695 -3.10492 -3.47145
-4.66776e-48 3.66851e-48 0
4.61426 15.1186 -12.6594
3.66199 25.8936 -5.90331
9.9041 15.6213 1.31042
-3.07325e-59 3.68607e-60 0
-2.33979e-21 -8.32653e-21 0
-3.60165 -24.8378 -12.4519
2.08234e-42 -1.0273e-42 0
5.50157e-05 1.59354e-05 0.948598
3.12888e-05 2.35785e-05 22.34
-2.3037e-05 4.91961e-05 1.84042
9.16748e-28 8.50134e-28 0
-2.50993e-49 -2.0011e-48 0
1.10671e-09 4.29142e-09 0
-23.4185 -29.6393 -1.65069
-9.32284 -20.2284 34.0754
-4.55797 -14.0037 -2.75054
-2.82236 15.5994 11.4848
5.29567e-33 5.4186e-33 0
8.29018e-38 1.28278e-36 0
7.2208e-06 27.7585 21.0184
-0.226587 27.9221 -15.7332
-4.67452e-58 -5.37944e-56 0
-7.99958 16.5095 -4.90654
-1.22595e-59 9.97533e-60 0
-3.36823e-48 -2.3457e-46 0
1.42156e-24 3.94589e-24 0
-1.46412e-49 -4.00645e-49 0
8.1023e-35 1.79166e-34 0
2.02167e-47 1.74057e-47 0
-4.03281e-39 8.92377e-38 0
-61.2276 -28.4266 11.8859
-2.24609e-16 -1.5497e-14 0
31.0628 35.7597 46.0411
-1.7859e-57 -1.43934e-56 0
19.1336 -0.472156 -3.79784
7.23773 51.0257 -5.37406
-17.7595 -29.3359 23.1442
7.09918e-51 -3.20583e-50 0
2.50508e-60 4.40661e-59 0
2.95982e-58 7.41355e-59 0
3.41536e-32 5.28443e-31 0
-9.20139e-57 -6.00656e-58 0
6.36917e-32 2.39826e-32 0
7.96252e-57 -1.10978e-56 0
-3.48883e-49 -1.50858e-47 0
5.17287e-59 -3.20543e-59 0
0.000682731 0.00240533 0
-0.000126401 0.00013248 0
-3.14931e-38 1.36251e-38 0
11.8696 -8.65116 -12.7709
1.22746e-40 1.08416e-40 0
7.10737e-16 -5.64229e-16 0
1.69219e-58 -1.29052e-58 0
9.49172e-58 1.17395e-57 0
3.02178e-60 -7.93728e-60 0
9.35764e-60 -1.88577e-58 0
6.80611 32.2866 -7.38803
-3.5222e-58 1.50707e-57 0
12.5726 29.4362 -13.3342
3.90059e-10 -1.79761e-10 0
2.07095e-54 1.57529e-53 0
8.71397e-43 9.35175e-43 0
-1.82266e-48 -7.52826e-49 0
26.7819 3.15706 -1.75837
9.6525e-45 -4.8791e-49 0
1.98235e-58 1.72798e-58 0
8.55341e-43 9.16082e-43 0
-5.73267e-50 -2.42173e-48 0
-23.8536 -5.48331 -2.51223
-0.000934259 -0.00319428 0
-22.5324 14.9552 -3.78813
42.602 -28.7408 2.14981
-2.13724e-38 1.75066e-38 0
-1.05393e-44 -2.55818e-43 0
8.57041e-56 1.94282e-55 0
-1.59786e-59 -4.91537e-59 0
-17.1717 27.7633 8.66007
-11.0087 17.4436 16.3411
3.83482e-32 5.93344e-31 0
-7.05709e-52 1.83922e-51 0
1.91946e-36 -2.96095e-36 0
4.86863e-38 1.27e-36 0
-2.48099e-59 -3.01954e-58 0
2.01666e-55 2.13022e-56 0
1.54979e-40 2.15361e-40 0
1.17476e-12 3.85212e-14 0
13.3764 18.2223 -4.23759
-48.2272 34.3757 -15.0572
-3.04664e-60 5.58372e-60 0
5.92768e-30 -4.13285e-30 0
7.68438 31.4539 3.51946
-2.60749e-48 -5.00391e-47 0
1.40184e-29 -9.35544e-30 0
27.8624 -25.1463 -1.81035
-57.1954 15.2714 -5.51123
-1.21714e-49 -3.50826e-50 0
25.8365 3.08965 -1.53471
6.2937e-45 7.93819e-50 0
-2.63755e-51 -1.04051e-49 0
-23.2828 8.85782 2.80963
8.97868e-54 -7.83556e-55 0
2.07768e-36 7.78218e-36 0
2.90826e-22 2.53795e-22 0
-3.25592e-46 -9.38512e-47 0
-1.92648e-50 -2.38527e-51 0
-3.0659e-55 -3.70981e-55 0
26.3311 47.4422 40.0848
-41.4304 -66.429 22.7051
-74.2851 13.7215 28.1532
5.39209 -49.8225 -0.269258
-9.00326e-12 -1.37243e-11 0
3.83303e-27 8.40186e-28 0
-10.6659 2.99323 -5.90678
9.33795e-32 1.44482e-30 0
1.16072e-29 -6.37496e-30 0
-3.87406e-38 4.57857e-38 0
4.14663e-33 6.41588e-32 0
1.04431e-38 1.55892e-37 0
47.738 13.6006 40.8602
1.28009e-55 -1.37378e-55 0
-1.23603e-57 -1.6293e-57 0
6.28502e-43 5.41112e-43 0
25.6802 -39.8986 11.7824
-3.45619e-35 4.47803e-35 0
1.40947e-15 3.10834e-15 0
-6.25849e-51 2.42949e-51 0
5.9872e-57 7.52451e-57 0
-5.21152 15.2784 -9.38533
-6.77282e-46 -1.89851e-46 0
26.9056 -1.10895 -1.37209
6.29155e-45 4.73204e-49 0
36.6576 19.8591 -8.23735
-0.577094 -16.7014 -8.4923
18.4679 -7.79919 9.47242
1.35528e-59 -1.5701e-60 0
45.8818 -13.2022 -3.58634
1.26499e-14 -1.11395e-15 0
-8.98453 -37.9955 -4.97894
-5.10318e-59 -5.30775e-60 0
2.19009e-34 3.38856e-33 0
2.22277e-46 1.79957e-46 0
6.05464e-58 1.99422e-58 0
-1.58572e-19 -8.71703e-19 0
-6.82504e-53 -3.33826e-51 0
1.20397 -0.16223 0
1.42659e-49 1.52906e-49 0
1.46325e-23 -1.73263e-24 0
-1.45927e-57 -2.89643e-59 0
-4.07688e-38 5.9715e-38 0
6.32697e-35 9.78944e-34 0
16.8723 92.1809 45.5704
-4.14265e-58 2.14513e-58 0
-16.7201 -29.6341 25.3234
4.08726e-45 4.37773e-45 0
-0.00279751 -0.00719769 0
54.0809 -26.8729 10.259
5.40632 -9.63692 -6.51611
15.9825 -2.24955 -11.7161
-0.311113 0.442686 0
-9.59175e-56 -2.76239e-56 0
8.47146 -37.7133 -7.87978
-1.03097e-48 -4.45796e-47 0
-2.6764 -29.1673 -5.01766
-35.9296 52.0255 21.1134
-2.7837e-53 -2.23092e-52 0
-4.53384 -5.92549 9.30654
-5.29164e-54 -2.28813e-52 0
3.38992e-36 5.24507e-35 0
7.12559e-38 1.61444e-36 0
2.978e-52 -2.26704e-52 0
12.2884 -6.15322 -12.2788
1.69184e-07 9.4083e-07 0
-2.8612e-47 -2.60828e-47 0
-2.6433e-59 -2.17746e-59 0
6.98096 49.1898 -9.33425
0.836651 27.5721 7.08948
-6.15282e-35 3.55705e-35 0
26.8967 27.6115 -7.36162
59.0024 -13.347 10.414
-5.32451e-12 -4.61542e-12 0
-19.3984 9.53688 3.96667
4.3311 13.233 10.8839
5.39694e-55 2.07316e-55 0
7.99477e-60 -6.10332e-60 0
-20.1948 3.54289 6.31193
-6.28418e-45 -2.22001e-49 0
7.73262e-10 9.45798e-10 0
-1.92774e-42 -8.33632e-41 0
0.000125249 3.27271e-05 0
12.0737 -31.034 -5.93229
0.0261543 -0.00390684 0
-8.13444e-59 -2.64926e-59 0
0.587632 32.2458 5.81581
0.736223 -0.991045 0
9.51566e-50 1.01561e-49 0
-5.43102e-23 1.34412e-22 0
-1.92731 12.8339 1.51112
3.17617e-60 -3.0853e-60 0
4.92764e-38 1.29433e-36 0
-34.9022 -17.1291 14.5917
1.26764e-34 1.96131e-33 0
8.9845e-05 0.000315206 0
9.66934e-38 2.95326e-37 0
-0.000881166 0.00199031 0
-5.47847e-46 -1.57911e-46 0
2.12812e-38 3.29572e-37 0
14.6604 10.9326 20.8918
-15.6155 12.2397 -3.03562
66.0965 -44.4397 7.05117
-1.14713e-47 -2.80463e-47 0
8.4221 62.4486 -0.0173758
4.82218 25.0921 -13.8343
1.99992e-06 3.10439e-06 0
6.84106e-44 2.28359e-44 0
-3.72414e-52 -5.67108e-52 0
2.10187e-58 -1.60242e-57 0
8.35848e-35 1.29327e-33 0
-19.2491 3.50269 6.68168
-6.28515e-45 4.03535e-50 0
-1.48798e-53 3.66799e-54 0
-11.7839 -1.24632 10.8064
-1.9999e-56 -1.04388e-57 0
-7.81884e-53 -3.15246e-54 0
-9.171e-23 2.41066e-24 0
-1.7856e-49 1.63997e-49 0
1.33883e-54 -1.13704e-54 0
-3.76061e-53 -1.0606e-53 0
-8.52512e-46 6.93701e-46 0
1.74252e-38 2.68088e-37 0
-5.72627 -16.1607 0.575442
9.22826 -29.0755 -14.877
-6.8964 -5.5567 -15.0464
-18.3194 20.1829 2.22455
-1.15106e-55 1.42794e-55 0
-1.82322e-42 -4.6705e-42 0
0.00136761 -0.000822858 0
-4.36639e-42 9.6625e-41 0
-4.43821e-48 -3.15283e-47 0
-9.45573e-43 5.05831e-41 0
27.6615 -69.4023 -8.41869
-9.41774e-57 -9.55762e-57 0
13.4127 -23.5943 42.4783
2.47582e-36 -4.8065e-35 0
-44.71 -20.086 -5.22982
-1.05838e-59 -1.16417e-58 0
6.16928e-35 9.54512e-34 0
1.09714e-31 1.69755e-30 0
-7.86438e-30 2.07466e-29 0
0.0549495 -13.7065 -5.25755
1.86752e-38 2.88952e-37 0
-20.1223 -0.881439 7.58684
-6.2842e-45 3.21528e-49 0
-1.02975e-09 -3.17925e-09 0
-35.0488 -0.798899 -0.0765057
-6.78215e-59 -6.77864e-59 0
-1.35115e-58 -9.73037e-58 0
-4.15667e-44 9.19786e-43 0
-4.31611 25.1318 7.40955
-1.8167e-50 2.25374e-50 0
-2.09358e-39 -6.44127e-40 0
-5.21617e-05 3.15927e-05 0
-9.21574e-59 8.88253e-59 0
5.50635e-60 4.75502e-59 0
6.3179e-60 1.23712e-58 0
-2.17178e-09 4.10945e-09 0
-2.37408e-36 5.25335e-35 0
51.4758 13.7159 29.7548
-9.77259e-50 -2.81691e-50 0
5.28054 -2.01049 2.43906
22.166 10.3443 -0.00218369
-31.2191 -12.407 10.0914
-4.63808e-56 3.64461e-56 0
-4.69753e-57 6.81977e-57 0
-18.323 -6.1547 11.4899
-3.87757e-21 8.95612e-21 0
-6.66964e-48 8.73015e-48 0
-6.36899e-29 5.53781e-28 0
9.54296e-13 5.61976e-13 0
6.23193e-44 1.90603e-44 0
-1.25394e-45 -5.42275e-44 0
-2.11852e-55 2.46035e-55 0
6.75268 17.1246 -6.33455
1.83651e-60 -2.71007e-59 0
8.34231e-61 -4.34432e-59 0
-1.72543e-48 -1.48653e-47 0
1.15402e-59 -1.23623e-58 0
-7.56702e-26 1.12855e-24 0
-4.24413e-51 1.51431e-51 0
-6.83402e-56 -1.80441e-55 0
-2.14912 22.4384 10.7515
-4.37953 1.44778 -10.327
-11.5266 27.2027 -5.71155
-2.4438e-44 1.30406e-43 0
2.85403e-35 4.41592e-34 0
5.37014e-06 -22.8593 23.2422
0.22649 -27.9224 -15.7329
-6.37943e-56 -4.3489e-57 0
6.73714 6.38179 17.4483
-1.55919e-45 9.12974e-45 0
15.9783 -43.1505 15.7732
-1.89078 18.3853 -13.5254
-5.30158e-16 -1.57193e-16 0
-2.07538 26.5929 -14.4027
11.1358 24.3129 -5.94505
-8.70229e-05 -8.77212e-05 0.948446
7.12772e-08 -1.45566e-05 22.3399
6.08989e-06 -0.000260995 1.84059
7.23518 -7.4649 -8.97337
-13.3736 -18.4348 -7.21572
9.14553 0.203516 -10.6515
2.55664e-25 9.15662e-26 0
-12.0939 -16.3315 -7.03463
14.7818 9.5043 -6.39899
-7.99778 6.59176 -13.0222
1.62842e-48 4.98742e-48 0
3.10406 -42.9118 -12.3777
3.08608 25.8744 -1.54959
-8.24531e-47 2.15089e-44 0
-1.44313e-39 -5.9551e-39 0
6.55506e-36 2.45526e-35 0
-1.22488e-47 2.71042e-46 0
9.82545e-37 1.51894e-35 0
-3.11442e-55 -1.25861e-54 0
-8.1507 -3.74792 -9.71058
7.50025e-57 -4.22743e-56 0
3.66274e-49 -1.69309e-49 0
1.91134e-52 -6.38426e-53 0
3.55175 -19.1678 6.35118
-2.09633e-19 -1.13576e-17 0
5.6792e-48 1.0405e-48 0
-1.2479e-31 4.26086e-31 0
50.3623 -0.0577867 76.7702
3.08663e-57 -9.62353e-57 0
45.3534 -7.0266 15.1239
-5.8868e-49 -2.54547e-47 0
-4.50588 -36.9868 38.9891
-5.8828e-37 -2.92581e-37 0
5.53735e-08 -1.72651e-07 0.954288
5.80671e-05 1.67172e-05 22.3592
4.04488e-05 -2.33707e-05 1.85716
3.65864 23.4773 14.1606
-7.90487 4.54851 -8.81489
-1.48154e-48 -1.18187e-47 0
8.05778e-11 -7.09564e-12 0
5.58924 0.981869 -6.82502
30.125 39.0501 33.172
10.6757 24.3308 9.05552
1.48352e-36 1.58896e-36 0
-1.7917e-46 -7.29426e-45 0
3.35412 21.6752 1.16404
-1.55866 12.4515 0.0861248
3.33588e-32 -5.50191e-32 0
-1.71651 0.781456 2.08586
-2.03821e-57 6.30962e-56 0
-3.97459e-58 4.6439e-58 0
-5.36359e-24 -6.23021e-24 0
2.00968e-34 3.10943e-33 0
-1.31918e-41 -1.05556e-40 0
7.58828e-07 -3.39681e-07 0
1.0005e-36 1.42517e-35 0
3.50096 -19.2954 6.67764
1.78911 -3.11047 -3.47169
1.86926e-56 -3.11228e-55 0
5.58251 17.8778 -13.2852
-2.60483 48.9843 -7.0774
5.5424e-52 -1.72069e-51 0
-1.1951e-57 3.13514e-58 0
-7.76313e-56 -8.67395e-54 0
1.09722e-22 -2.19818e-22 0
7.4402 -34.7338 6.98511
1.15381e-07 5.50735e-08 0.948294
0.000150745 5.79756e-05 22.3404
1.0447e-07 3.83528e-05 1.84018
0.00260286 -0.000724276 0
-2.36981e-49 -1.89598e-48 0
-25.6909 54.9699 -0.775388
-71.887 3.14575 0.519556
1.6496e-57 -7.11886e-57 0
1.32e-52 1.31178e-52 0
-2.29625e-40 -6.61891e-41 0
-1.93428e-42 -1.53002e-41 0
-1.69578e-57 -1.90456e-55 0
0.000121461 27.7587 21.0188
-0.226456 27.9226 -15.7329
1.22018e-57 -4.2865e-56 0
-5.24666e-46 -4.19178e-45 0
1.56638e-29 -1.58824e-29 0
-8.34759e-05 2.69699e-05 0
3.76012e-52 3.07521e-52 0
-1.04182e-47 4.0808e-48 0
3.94299e-59 -1.50189e-58 0
-11.4907 14.4713 0.310553
-2.20817e-39 4.88622e-38 0
2.70399e-60 -3.3213e-61 0
7.24378e-59 5.94067e-58 0
-4.38544e-07 4.42512e-07 0
-3.24931e-53 -3.90661e-53 0
-3.53361e-57 2.80875e-57 0
7.83021 59.8188 -2.7113
-8.95332 -19.2508 1.15477
5.24971 20.4585 36.5778
1.10219e-46 -1.43128e-46 0
-6.55039 -18.0119 49.5626
-9.6906e-51 -1.14161e-50 0
-52.5502 -6.72881 -13.4965
5.78843 -0.480068 -8.67414
-59.2091 19.1028 -0.0760057
32.3401 -73.9509 -8.41539
38.3032 25.7607 24.7509
-84.4037 9.87795 20.8583
5.51615e-12 3.8876e-12 0
-5.29877e-11 2.24107e-10 0
-7.50514e-12 9.56465e-13 0
-9.44723e-43 -1.53908e-41 0
5.61754e-11 -4.45956e-11 0
1.43125e-58 -1.09033e-58 0
3.17739e-61 2.97134e-59 0
-3.48537e-38 -7.69132e-38 0
5.02638e-58 -3.76748e-57 0
-1.96929e-50 -1.11555e-50 0
3.41269e-48 -7.856e-49 0
-13.8028 -3.37607 10.3661
3.16857e-13 -1.03102e-13 0
-2.60025e-41 3.68199e-41 0
-33.9815 29.7108 -8.1875
15.9796 -46.5267 -13.9694
26.781 3.15925 -1.75983
6.29222e-45 -1.7163e-49 0
-7.43194e-17 -7.41677e-17 0
4.67381e-50 5.00591e-50 0
-15.8375 -7.94558 -14.3492
17.2482 21.8102 -12.737
7.04472e-30 -8.73511e-30 0
-4.17202e-13 -4.49491e-13 0
7.54795e-42 1.15686e-40 0
3.88179e-51 -4.80234e-51 0
2.34422e-52 2.51082e-52 0
1.38462e-53 3.15108e-53 0
-1.14367e-61 -8.11829e-61 0
8.05109 21.5246 30.6075
3.45899e-28 6.17701e-28 0
-8.43057e-59 2.49159e-57 0
-9.30488 -111.784 12.0506
1.31395e-44 -9.49916e-45 0
2.45689e-47 2.62612e-47 0
-9.05247 -26.1418 41.6368
2.56697e-55 -1.65339e-55 0
14.6026 34.6624 -7.4015
2.39134e-11 1.39789e-12 0
12.6391 17.8648 -4.19532
-48.8995 34.7588 -15.2628
-6.65047e-42 -5.32159e-41 0
2.19674e-09 -1.03549e-08 0
-34.5365 -8.21805 8.18278
-36.2367 3.23031 -7.81215
-8.47826e-55 -2.44343e-55 0
-4.42659e-31 -1.63817e-30 0
4.48764 -7.75981 -7.93617
11.3667 42.4485 -5.67552
25.833 3.08915 -1.53892
6.28783e-45 1.61007e-49 0
-14.2511 13.246 18.8298
-7.65835e-15 -7.52978e-16 0
5.96807e-15 4.32353e-15 0
0.000217497 -8.93183e-05 0
-5.05639 -25.8235 -13.2431
-1.56769e-55 -7.29162e-56 0
2.85001e-59 2.7075e-58 0
-37.6788 35.7343 59.3048
-1.96669e-38 2.44144e-38 0
-1.81458e-42 -7.84628e-41 0
-1.61604e-44 -1.29311e-43 0
-8.69041 -46.4942 3.82658
13.1678 63.0477 21.5403
-9.74693e-12 -5.829e-12 0
-2.40801e-14 1.00364e-14 0
-57.3278 -8.89845 36.1001
6.27085e-08 -2.22426e-08 0
-1.11548e-59 3.99681e-60 0
16.6384 -95.5601 14.2259
31.0796 -19.4244 47.2413
42.5041 16.1066 51.934
-5.1803e-33 3.27466e-33 0
-1.2803e-40 -6.36759e-41 0
-1.14242e-53 1.19583e-53 0
27.842 -7.79099 -7.25904
-8.02374 18.7153 -14.1249
43.2713 -3.26181 16.8611
21.7511 73.1798 15.8293
30.3358 10.4936 25.7429
-36.812 22.4709 17.0313
-1.04024e-41 -8.324e-41 0
26.9048 -1.11067 -1.37339
6.28415e-45 4.16629e-49 0
8.64883e-40 9.26293e-40 0
-37.3723 -7.05143 -8.28453
-1.33305e-18 -1.22345e-18 0
1.08604e-45 9.59245e-46 0
38.4561 76.3598 7.89574
17.7271 -30.4952 1.3694
-0.0597323 16.9963 29.4039
-35.2352 -48.9545 75.9736
-3.13906e-51 3.89422e-51 0
3.35596e-47 2.71701e-47 0
9.22037e-58 3.74141e-58 0
-1.57151e-19 -8.71665e-19 0
1.46898e-11 -1.22231e-11 0
2.2696e-06 -1.70737e-05 0
-14.8397 -38.3572 -6.26625
-1.17022e-58 1.36179e-58 0
34.1312 20.3984 15.6397
4.97845e-12 2.95652e-12 0
37.2715 6.6805 -3.59896
2.63048e-57 -9.91604e-57 0
-2.01301e-58 6.77354e-59 0
16.8231 -39.9954 -9.31064
2.53468e-34 3.92174e-33 0
-4.66748e-43 1.03282e-41 0
1.05686e-52 2.72523e-52 0
4.98714e-57 3.79464e-56 0
2.04791 -2.20879 -14.7167
-4.39124e-55 -5.67078e-55 0
5.20526e-19 1.65706e-19 0
156.885 18.3459 0.250666
2.19152e-39 8.20855e-39 0
13.6189 -36.8373 5.19608
2.88099e-11 -1.67071e-11 0
-8.89374e-52 -6.89868e-51 0
-24.8703 -46.6069 34.036
-9.5236e-58 -1.37469e-57 0
-1.87005 21.7261 -1.10274
-0.000586538 0.00953579 0
-5.48524e-20 3.07599e-20 0
-4.13315e-55 -6.20128e-55 0
-4.63857 20.1133 -4.36155
-3.74364e-46 -3.42849e-46 0
-2.64326e-59 -2.17743e-59 0
6.98362 49.1902 -9.32602
0.852986 28.2851 7.31258
-27.6232 -4.213 -7.42966
-8.04435 -1.93333 -4.33197
8.61095e-60 -5.04121e-61 0
-5.35471e-56 -6.34455e-56 0
-2.36883e-44 2.93869e-44 0
-49.3701 10.8542 -13.1546
-4.81793e-46 -2.08103e-44 0
-3.75325e-26 3.10308e-26 0
-20.1948 3.54097 6.31411
-6.29157e-45 -1.62853e-49 0
48.6144 20.5401 15.7606
3.09241e-55 6.76076e-55 0
-6.74854e-59 -1.19807e-59 0
-2.15506e-13 1.00328e-13 0
1.24765e-37 1.9304e-36 0
-1.84771e-22 -2.38098e-22 0
10.5853 47.2772 70.8975
-9.60947 -3.11515 -9.70994
-2.34123e-45 -1.01236e-43 0
-1.30147e-22 3.17713e-22 0
-1.62533 -22.131 -2.76435
8.48162e-58 -6.45862e-58 0
-3.55011e-47 -1.02331e-47 0
50.6427 -20.8942 -10.1909
-9.95772e-52 -1.17308e-51 0
-1.03234e-50 -4.46385e-49 0
1.74814e-28 2.70481e-27 0
-3.33473e-59 1.87472e-59 0
-5.52001e-46 -2.38702e-44 0
-3.46128e-46 -1.4967e-44 0
14.8336 9.92651 18.6251
-16.0403 12.1208 -3.11247
2.66407e-10 -9.00804e-12 0
-8.93298e-54 -2.06245e-54 0
1.12639e-35 -8.88481e-34 0
6.66101e-44 5.73483e-44 0
-70.411 -5.99498 27.3667
-23.9675 -23.0242 -6.6258
-35.1179 -24.4961 -6.45987
25.0027 -3.04202 1.87015
-6.85697e-54 -1.6864e-54 0
-19.2499 3.50324 6.68745
-5.55704e-15 -4.66039e-16 0
-2.54672e-45 1.2484e-45 0
-6.07383e-46 -1.75076e-46 0
-4.14435e-07 2.18738e-08 0
-2.67736e-44 -1.33159e-44 0
-3.91305e-23 1.02844e-24 0
6.55073 10.9835 -2.59883
-25.7571 -21.5694 4.04234
29.6612 -19.4707 2.50663
2.22609e-42 3.4443e-41 0
4.59079e-42 6.79653e-41 0
-6.28536 -15.7388 0.685287
4.51492e-59 -2.36598e-58 0
2.03677e-30 -2.12898e-29 0
-3.16895e-55 6.4467e-55 0
-21.9298 -3.58878 -3.3322
-8.27876 2.61638 5.07983
2.26177e-39 2.42251e-39 0
-37.5541 10.1864 75.7455
11.4663 4.88767 -10.5283
1.52193e-47 1.6294e-47 0
27.1467 -69.8518 -8.69155
-9.41209e-57 -9.57598e-57 0
-26.3293 1.7071 34.3637
46.384 -18.9204 -14.2229
1.18882e-34 1.4654e-34 0
5.51353e-39 8.53084e-38 0
2.15964e-52 -7.21369e-53 0
-1.87347e-56 -2.65205e-56 0
-9.15829e-40 -1.52912e-39 0
7.50013e-32 1.16046e-30 0
6.2755e-32 9.70978e-31 0
-20.1226 -0.880204 7.58838
-6.29157e-45 4.40952e-49 0
-2.89381 10.3502 -8.8191
-35.0619 -0.759433 -0.0319696
-3.48226e-56 -3.38627e-55 0
5.37517e-44 8.69104e-44 0
8.92137 -65.2876 17.2775
11.9369 -8.2168 -1.68779
-4.35534e-28 2.99915e-28 0
-1.11347e-06 -1.35257e-06 0
2.74891e-39 3.11603e-39 0
-9.21565e-59 8.88242e-59 0
-6.16975e-61 2.36976e-60 0
1.5884e-35 9.41022e-36 0
-5.67598e-40 -2.05205e-40 0
-2.68006e-43 -7.72405e-44 0
-62.1963 34.2014 -10.2355
-9.85378e-07 4.10072e-07 0
-0.242593 -0.119113 0
-17.6603 10.1951 -10.7562
-14.5462 16.0483 -3.27405
4.75018e-35 7.50396e-37 0
-35.5358 -40.7854 -13.9923
0.00107526 7.08079e-05 0
-8.02828e-54 6.41948e-53 0
4.7274e-29 -2.56009e-29 0
1.11263e-45 1.44234e-46 0
2.67579 72.5295 45.2107
-1.72139 -4.13195 -3.27072
5.40109e-43 5.78493e-43 0
-3.03534e-52 -9.22417e-52 0
-2.89006e-53 2.27136e-53 0
8.05696e-60 -1.74964e-58 0
5.09016e-60 -1.9986e-59 0
-5.42283e-45 -4.67445e-44 0
1.83596e-60 -1.47143e-59 0
-5.98505e-26 1.13052e-24 0
1.42038e-54 -5.2105e-55 0
-17.4121 -28.9293 4.05186
0.853252 31.4928 4.03786
4.58452e-41 1.70598e-41 0
11.5516 24.8157 -7.69316
-1.64093e-11 8.30798e-11 0
-5.20324e-46 -6.0328e-45 0
5.21771e-06 -22.8594 23.2421
0.226501 -27.9222 -15.7329
9.83117 14.7313 13.7338
9.81562e-57 4.54379e-58 0
-1.83354e-47 9.78664e-47 0
20.1659 -43.2454 18.9265
1.33216e-40 1.42683e-40 0
-1.54143e-47 -4.47148e-48 0
18.9958 -25.5754 7.87045
11.5629 7.47497 -11.9969
0.000113459 -0.000113611 0.948518
1.1586e-08 -1.45673e-05 22.3399
0.000151429 -0.000368613 1.84079
7.46826e-11 -1.35463e-11 0
-2.60427e-14 5.11563e-14 0
23.9018 7.07529 11.2734
6.90954e-24 2.59902e-24 0
-1.01897e-37 1.30414e-38 0
26.2988 -45.9471 -6.79233
7.88383 3.2373 -1.51192
0.56709 0.878703 0
3.06458 -42.993 -12.5981
3.08843 25.8723 -1.55091
-4.44342e-45 8.25501e-43 0
3.65362e-57 2.04747e-59 0
3.50085e-36 1.31128e-35 0
1.33273e-45 2.66034e-45 0
16.9481 -11.1352 3.3556
3.68019e-09 -7.35955e-08 0
-3.51387e-44 5.02219e-44 0
1.59253e-21 1.41751e-21 0
-5.97772e-50 -1.60265e-50 0
7.10748e-51 7.53216e-51 0
3.55184 -19.1678 6.35075
-2.09687e-19 -1.13571e-17 0
-0.586193 -0.910679 0
-1.11861e-29 -2.3902e-31 0
-43.3518 -66.7592 53.9135
-3.60636 14.1062 0.431376
15.3416 19.0051 -8.41921
1.00884e-25 9.24818e-26 0
20.2237 -33.9494 16.0526
16.0283 23.2989 -12.2194
2.8571e-07 -2.82138e-07 0.954285
2.01869e-05 5.8145e-06 22.3591
5.95989e-05 -5.14327e-05 1.8572
4.04011e-49 -3.07607e-49 0
-1.56883 5.49301 -11.8088
-3.56478e-58 1.00018e-58 0
1.35591e-11 -1.53834e-12 0
5.27285 0.896429 -6.08269
9.65083e-48 1.82713e-47 0
17.0076 26.1193 15.4099
4.79072e-11 1.04427e-10 0
-3.79591e-54 -1.64466e-52 0
3.35432 21.6749 1.16336
-1.55825 12.4512 0.0862736
-1.08088e-47 -3.11467e-48 0
-7.83735e-41 -1.62009e-41 0
1.7239e-59 -4.66226e-59 0
1.86002e-18 2.45789e-17 0
3.61305e-56 -1.06026e-55 0
-1.13124e-38 9.43966e-39 0
-1.20541 -0.141457 -7.44895
0.00123615 0.00289964 0
8.47528e-55 1.53997e-53 0
3.5027 -19.294 6.67492
1.76922 -3.12408 -3.46183
-2.03808e-48 -4.70553e-49 0
4.68434e-51 5.42747e-51 0
2.78689e-58 8.43072e-58 0
-22.3421 0.855617 15.0284
2.35485e-15 -8.7144e-13 0
-6.26539e-54 -2.74845e-52 0
-8.85242e-20 -1.00285e-18 0
-1.86153e-24 -1.95894e-24 0
2.07254e-05 -4.05933e-06 0.948521
9.27004e-05 4.12517e-05 22.3402
4.00537e-05 4.74496e-05 1.84043
-7.40595 34.6839 -7.88921
-93.9252 -46.0829 -5.90605
-28.077 -9.13342 7.12931
-1.06894e-42 -9.49131e-42 0
-7.80812 -16.0047 -15.0889
17.6229 14.8972 11.024
1.57028e-45 1.0167e-45 0
-25.8821 -3.14952 59.891
7.06846e-44 7.90985e-44 0
0.00010891 27.7587 21.0187
-0.226468 27.9225 -15.7331
-6.6057e-57 -9.16684e-56 0
-2.80093e-46 -2.18616e-45 0
-5.09376e-23 -6.84892e-22 0
9.43771e-30 -6.88297e-30 0
0.764058 23.322 -13.5349
2.35319e-48 2.03287e-48 0
33.8974 12.2707 11.7413
-1.23112e-42 -5.32339e-41 0
-2.20258e-42 4.87385e-41 0
1.80474e-60 -6.76569e-61 0
-5.63776e-20 -1.3996e-20 0
2.34087e-57 5.32504e-57 0
-2.91234e-53 -3.60309e-53 0
5.08383 -1.01073 57.7312
-2.99322e-47 -1.29428e-45 0
2.31445 -25.599 4.97312
-1.29527e-05 -4.77022e-05 0
-9.22208 18.0711 -8.94332
67.4243 100.603 23.1515
3.82875e-58 -2.91708e-58 0
-27.1058 -28.4142 0.487756
5.69871e-31 5.31286e-31 0
-1.81189e-49 -7.83465e-48 0
-8.04803e-60 -5.48301e-60 0
2.22957e-57 -1.23374e-57 0
9.52758e-55 -7.25414e-55 0
-8.77009 53.4246 -8.30894
-2.57587 -1.09825 -12.9456
-2.98759e-22 9.42883e-23 0
80.537 -39.6032 -0.103538
2.64587e-06 -2.10046e-06 0
6.06472e-59 -4.5759e-59 0
-1.04912e-60 3.21188e-59 0
-1.27285e-52 -5.50382e-51 0
-2.29951e-58 -1.01765e-56 0
-6.28869 -18.2338 -11.6385
1.11609e-36 1.14919e-36 0
-9.9869e-57 -2.85828e-57 0
1.35181e-49 -4.11458e-50 0
-3.46238e-54 -1.53569e-52 0
2.24693e-44 2.40604e-44 0
-35.9973 99.1615 -10.4063
26.7852 3.15988 -1.75462
22.5313 1.31483 -13.2467
-0.0062098 -0.00616172 0
-28.5837 -26.9535 -11.5624
16.6104 69.8937 -2.61326
-22.9644 -45.2602 49.3393
-57.0531 -1.45417 -2.53342
-34.2823 -6.93494 -2.85716
10.1108 19.0035 -12.4575
8.13432e-55 8.28937e-55 0
7.66929e-33 7.11202e-33 0
-19.5413 -51.2568 17.884
-2.74521e-42 -2.19662e-41 0
15.7667 55.3607 25.8489
1.43171e-40 3.04791e-40 0
54.1233 64.1438 63.8571
-38.6526 -27.7449 -3.31905
-4.135e-38 7.69303e-38 0
3.40679e-43 3.6489e-43 0
4.41178 -54.8584 -6.01072
29.5999 -11.2361 77.1046
-6.47489e-49 -2.79976e-47 0
1.4401e-34 5.30054e-35 0
-0.3608 19.7342 -2.97456
12.6419 8.5747 18.0812
-1.3301e-50 -5.75146e-49 0
-2.19809e-06 3.4157e-07 0
-6.88111e-60 -8.43942e-60 0
2.26213e-44 2.42228e-44 0
-4.02071e-49 1.74636e-47 0
-5.45847e-50 -4.45666e-49 0
6.95271 22.6325 11.3991
-9.19186 20.8174 23.0437
25.836 3.08914 -1.53494
14.0217 0.0646276 -5.82871
-0.0239475 -0.00753237 0
3.30991e-46 3.54514e-46 0
5.0705e-53 -4.45408e-54 0
4.83522e-53 -3.56301e-52 0
22.9936 -4.88415 -14.3033
-61.4044 57.5908 6.68779
-1.62048e-24 -8.45011e-25 0
-5.67604e-15 -1.4091e-15 0
28.9384 49.1025 -9.67491
-1.38297e-42 -5.98002e-41 0
1.33482e-53 2.52714e-53 0
23.9259 -40.6452 11.6224
-13.2265 -13.5182 -12.366
-19.0818 -9.34425 -8.31193
1.24715e-54 7.43568e-55 0
1.26945e-12 5.9035e-12 0
6.39847e-10 -6.70659e-10 0
-1.03151e-42 -4.4603e-41 0
5.6655e-59 1.37053e-59 0
53.0342 35.8681 -12.6257
-112.515 92.8806 100.297
1.32565e-16 -1.05239e-16 0
77.0461 -41.0688 21.7059
7.3269e-46 9.99783e-45 0
-1.75597e-60 2.19038e-59 0
9.8081e-58 -1.66957e-57 0
-42.7146 39.2895 1.3246
9.93697e-24 -5.79854e-23 0
48.5447 35.785 18.0875
0.555281 -12.064 -10.1791
1.72877e-58 3.53156e-58 0
26.9094 -1.11195 -1.36805
1.24575e-23 5.36912e-25 0
-26.3098 41.703 2.04596
-3.89854e-48 -4.59272e-48 0
-15.702 15.237 5.25575
-36.3535 -38.9187 -12.7211
-21.4659 -58.4073 -12.1875
6.70781e-39 -6.69487e-39 0
22.047 10.1791 -8.90448
-5.12602e-50 -1.63609e-51 0
-2.76793 -12.8216 37.6923
2.71434e-50 2.19755e-50 0
6.42612e-14 1.10137e-13 0
-6.40109e-22 -3.22234e-21 0
-1.53909e-25 9.96224e-27 0
3.63788e-22 -8.40912e-23 0
-4.55965e-56 -6.2229e-56 0
-1.86184e-34 -7.16012e-35 0
17.2775 7.51342 -9.24125
28.1062 68.0322 -12.1061
1.34232e-50 1.4327e-50 0
-7.13313 -3.13561 5.26432
-1.30479e-58 1.17343e-58 0
-4.67555e-51 2.27386e-51 0
3.87939e-23 4.90993e-23 0
10.3753 7.50382 0.967391
6.49179e-35 5.58915e-35 0
2.59296e-57 1.2517e-56 0
-9.15675 12.9316 22.3982
1.4765e-58 -1.5023e-58 0
1.92606e-50 2.05489e-50 0
-2.57034 31.7959 -6.92222
-5.3874e-50 -2.32953e-48 0
1.98357e-50 -2.39733e-50 0
-1.11976e-50 8.80051e-51 0
5.68221e-25 -1.38529e-24 0
17.637 -34.2821 -14.5257
2.28409e-59 8.37546e-60 0
5.55479e-60 -2.48028e-60 0
-1.27102e-52 -1.01695e-51 0
1.52614e-59 -3.44727e-59 0
2.82116e-07 -2.66605e-07 0
-3.15746e-56 2.00136e-55 0
-1.57327e-49 -1.44312e-49 0
-2.64045e-59 -2.16435e-59 0
7.01373 49.2061 -9.36267
0.818266 28.4033 7.11593
3.81769e-14 -6.47165e-14 0
-9.17241 8.29361 -5.65951
31.6805 25.7898 -9.7883
3.84639 36.3012 3.04942
38.2843 29.8782 -12.2788
44.1353 56.3228 -3.2289
0.00855432 0.136547 0
2.26217e-40 2.42293e-40 0
-20.1958 3.54044 6.31352
-9.65263e-45 -2.40377e-49 0
3.77594e-35 5.84234e-34 0
1.73651e-35 2.68922e-34 0
-1.7868e-51 -2.68089e-51 0
-1.30762e-40 -1.2968e-40 0
-38.6181 4.16864 -13.6434
-17.8164 -46.1918 -13.8782
-3.98259e-47 4.94068e-47 0
9.30795e-35 1.44018e-33 0
-2.26724e-56 -9.83416e-55 0
-2.8972e-19 7.464e-19 0
-12.6644 -18.0732 -2.13924
4.5126e-54 -7.81682e-55 0
3.11651e-38 -2.21925e-38 0
2.66485e-50 -1.78264e-50 0
-0.969196 0.681541 -13.5603
1.84082e-38 -3.32957e-39 0
22.4208 50.7611 0.638519
-5.12431e-43 -2.21577e-41 0
26.9881 2.76446 15.6106
7.9134e-54 4.19223e-54 0
12.725 13.0848 26.1621
-16.0386 12.1126 -3.10855
-4.12218e-55 -1.61328e-55 0
1.77615e-20 3.64641e-20 0
8.10838e-28 1.26434e-27 0
-2.01829e-57 1.51863e-57 0
-1.11555e-57 -8.5519e-58 0
-23.8401 -12.9209 -14.0738
-3.68828e-35 -3.52796e-35 0
8.17912e-43 8.76006e-43 0
7.57049e-29 1.13386e-28 0
-19.2491 3.50289 6.68699
-6.29988e-45 3.09876e-49 0
-2.08991e-53 -1.36439e-54 0
43.95 28.4863 -4.24056
1.8399e-58 -1.49678e-58 0
17.8731 17.7449 -13.6981
-1.11153e-27 2.55586e-28 0
8.11848 40.098 -1.22466
3.23654e-59 2.79558e-58 0
-9.91274e-28 -8.13474e-29 0
1.64037e-31 2.53807e-30 0
1.28614e-48 1.37754e-48 0
-6.2895 -15.7288 0.688784
54.2023 36.7973 -6.33324
-16.5132 -13.2191 -2.15377
1.61769e-33 -8.27576e-34 0
2.81696e-47 -7.83957e-48 0
2.49497e-38 3.86034e-37 0
14.3609 -19.7048 23.2809
12.2941 -8.47146 -7.91216
-10.7343 -6.45423 -7.05585
-14.2583 -13.8497 -2.09847
7.3486 -70.6566 -6.72186
2.39592 -4.41585 0
2.63998e-55 -1.03552e-55 0
1.95159e-42 -1.58562e-41 0
63.785 50.3224 15.1229
-48.2925 -73.3344 19.3429
4.09146e-35 6.33161e-34 0
-2.28802e-54 -1.00995e-52 0
-3.1625 29.4765 -1.75252
9.94197e-41 1.06485e-40 0
-40.2295 26.3935 16.9046
-20.1244 -0.879607 7.58788
-9.65244e-45 8.77442e-49 0
5.20176 27.7982 16.7506
-36.7097 -0.467537 -1.43556
-4.27946e-41 -4.39936e-40 0
2.28133e-59 -4.47567e-58 0
4.57223e-37 7.0744e-36 0
-7.17343 -13.6064 -7.93478
-3.6381e-49 -1.96069e-49 0
-16.2326 -2.39523 -2.84157
3.63683e-35 5.6271e-34 0
-6.00158e-59 5.74009e-59 0
1.26894e-59 1.84711e-58 0
5.06896e-37 2.98949e-37 0
-7.14359 1.92274 -8.44651
2.59821e-53 3.16783e-52 0
-2.32267e-46 -1.85853e-45 0
1.1063e-44 -7.91631e-45 0
1.2806e-58 7.52933e-58 0
-1.75396e-45 2.01823e-45 0
-17.6663 -10.6055 -1.28541
-9.13227e-44 -1.90226e-42 0
-0.209704 -0.230635 0
-19.0448 -13.0218 -4.85623
-8.18487 -29.4446 19.7241
31.7911 20.3764 -11.2311
27.8682 -6.09306 12.0649
3.45021 84.8685 1.0803
48.9248 7.20786 -7.20955
9.18964e-49 7.91193e-49 0
0.230604 22.1368 -7.95621
12.9009 37.5456 43.1714
3.10965e-60 -5.66137e-59 0
3.89057e-60 -4.78253e-61 0
-7.10154e-42 -6.12149e-41 0
6.22337e-55 -2.06066e-54 0
-3.3255e-27 8.5974e-27 0
1.16306e-59 -1.35705e-59 0
-3.9086e-43 -1.36552e-41 0
3.23623e-57 4.63152e-57 0
12.6891 38.932 12.4469
-4.48878e-33 1.90401e-31 0
8.39475 43.0285 23.8765
-3.97075e-46 -3.17726e-45 0
2.0842e-05 -22.8698 23.2359
0.228722 -27.9196 -15.7244
-6.57485e-56 4.42642e-56 0
4.69419e-57 -4.16694e-56 0
-3.11425e-39 6.8912e-38 0
-8.90258 -52.5955 16.8099
-2.22385e-36 2.75304e-33 0
-1.25863 -9.80969 58.7722
-21.2725 -21.3811 40.8402
-1.23445e-25 -4.88262e-26 0
0.000210572 -0.000120321 0.947818
3.35425e-06 -1.46672e-05 22.3391
0.000178495 -0.000149378 1.8395
-5.9232 -2.28528 -13.2071
1.19641e-29 -1.21733e-29 0
-2.60697e-16 5.66607e-16 0
1.21683e-20 1.03727e-20 0
1.39013e-40 9.14601e-41 0
-8.27245e-55 6.50146e-55 0
-2.53882 30.3292 7.00196
32.7868 -12.8676 46.3523
2.80997 -43.2459 -12.9473
3.08729 25.8853 -1.55938
-1.03905e-07 2.35378e-06 0
-8.4626e-28 5.63562e-30 0
4.71539e-33 1.7662e-32 0
7.58384e-58 2.88739e-57 0
-3.05404e-27 -4.12295e-27 0
-1.3587e-21 4.12777e-20 0
16.2451 6.06273 11.1853
6.97889 14.7811 -5.77946
-16.9989 -2.83565 27.2994
1.05195e-52 -3.51373e-53 0
3.55159 -19.1848 6.3457
-1.36116e-19 -7.38503e-18 0
8.1143e-38 1.7381e-36 0
3.5289e-54 1.90129e-54 0
17.7121 1.04806 23.5827
-3.55595e-59 2.3281e-59 0
-3.58601e-18 -6.71764e-18 0
114.425 -14.178 34.1799
1.77095e-56 6.91602e-58 0
-3.59728e-57 -3.58909e-56 0
5.89528e-07 -2.13162e-07 0.95347
3.17783e-06 3.65053e-09 22.3581
2.03777e-05 -7.6536e-07 1.85617
7.25442e-05 -8.27186e-05 0
1.08455e-11 -5.29979e-12 0
6.49612 -1.91994 -8.48287
1.43071 1.11821 -13.9188
6.12527 6.03986 -11.3348
-0.0122111 -0.0139835 0
-3.34692e-28 -2.76863e-27 0
-17.5417 3.10533 13.6435
4.73631e-39 7.32827e-38 0
3.35414 21.6911 1.15595
-1.55734 12.4462 0.0870718
-3.66508 2.54478 -14.9201
1.20678e-22 3.65809e-22 0
-2.11959e-40 3.90754e-38 0
3.97442e-47 1.88603e-46 0
47.5337 -19.7438 -14.7657
5.05703e-57 3.87353e-56 0
-5.49628e-36 -4.73776e-35 0
56.4505 -32.6139 8.27259
20.007 26.9253 4.05418
3.5012 -19.3097 6.66815
1.94948 -2.91174 -3.60661
-1.60069e-50 -1.78845e-48 0
-2.47333e-39 5.47298e-38 0
10.8567 26.0278 -8.55989
-0.00315438 0.000166488 0
-4.62971 -19.1115 -6.66474
-0.181715 3.7069 -4.93151
-1.33544e-09 -3.07278e-09 0
-15.8754 15.4076 -14.182
7.31243e-05 -3.01234e-06 0.947797
3.90731e-05 7.62101e-06 22.3393
0.000188949 3.9156e-05 1.83955
4.23167e-50 9.63038e-50 0
-2.80903e-46 -2.24769e-45 0
2.53821e-50 2.71271e-50 0
-9.61157 -8.79854 -12.6345
20.8996 0.627498 2.00327
36.5168 -51.1851 6.76385
-1.70994 -29.8573 -0.977138
4.07492e-59 9.66347e-60 0
-6.73598 21.6395 -5.32441
1.89802e-05 27.7681 21.0112
-0.226512 27.9215 -15.731
-1.62662e-57 -4.25004e-56 0
-1.25312e-51 -9.77211e-51 0
-2.18983e-34 -1.27049e-34 0
9.95937e-50 -1.07099e-48 0
-6.52052e-53 -1.87952e-53 0
11.4141 -0.289511 -12.737
-267.164 -113.783 113.064
-32.333 -12.8934 4.17071
-4.88276e-46 1.08045e-44 0
-2.60252e-59 4.47531e-59 0
7.77604e-59 5.83937e-58 0
1.59415e-57 8.4136e-58 0
-2.63661e-54 -3.83079e-54 0
-1.81392e-13 -3.22344e-14 0
1.18271e-57 4.75406e-58 0
-10.7957 -27.5099 13.1854
-3.80688e-18 -1.67698e-18 0
5.49009e-15 -4.5682e-15 0
-1.52449e-51 -6.59242e-50 0
1.89154e-44 2.02563e-44 0
-36.918 -30.4222 -14.193
-2.70728 23.2002 -2.64968
-9.05138e-46 -3.91385e-44 0
1.35173e-57 -3.04545e-57 0
4.24648e-54 -3.89893e-54 0
-0.00828621 18.2003 94.1727
-7.43798 -18.5704 4.91789
-1.34987 24.0818 -3.96792
5.04426e-58 -1.23906e-57 0
1.62286e-50 1.73475e-50 0
2.54931e-11 -2.02381e-11 0
6.07208e-59 -4.60384e-59 0
-7.14509e-59 1.92707e-58 0
-1.12559e-57 -1.1016e-57 0
1.23464e-25 -4.18375e-24 0
1.84989e-52 -9.55051e-54 0
1.46335e-60 -6.96608e-60 0
35.9043 -10.5601 5.85718
47.7752 -0.771686 -4.32497
6.96174e-49 7.45649e-49 0
5.77346 4.7005 -11.1917
7.84528 -31.0875 -1.96448
-32.2205 21.1144 -0.0231751
0.000951149 -1.15446e-05 0
-15.1148 10.2866 -7.38447
-5.18577e-46 3.47398e-47 0
-45.914 46.1397 15.1795
3.52027e-58 -9.23138e-59 0
53.6115 14.6499 12.6148
-4.28153e-41 6.88055e-41 0
7.04247e-36 -1.28375e-36 0
9.13962e-10 -6.33124e-10 0
3.23904e-54 3.56696e-54 0
0.025557 0.083756 0
2.21486e-06 -9.15296e-06 0
-24.411 12.2534 25.5898
1.24085e-34 1.91991e-33 0
-1.72467e-35 -4.12931e-36 0
-2.9031e-16 2.94884e-16 0
9.88162e-44 1.29025e-43 0
-2.6253e-52 -1.13519e-50 0
-2.18022e-39 4.82437e-38 0
-4.01531e-43 -1.16057e-43 0
2.1154e-50 2.25852e-50 0
7.02331e-59 -4.04279e-59 0
-47.1633 36.4467 20.5067
-1.73824e-57 6.24896e-58 0
2.02043e-50 2.1609e-50 0
-7.98737e-08 1.01792e-08 0
-9.48287e-24 2.81691e-23 0
-3.51255e-49 -1.51884e-47 0
-1.90232e-58 2.87634e-58 0
-34.4346 10.106 -2.52958
-2.58668e-56 -1.11896e-54 0
-4.77616e-43 1.05687e-41 0
-19.0547 19.0556 8.10305
24.9508 0.241427 -12.8522
1.02424 -30.8114 -1.26643
5.28738e-07 -4.83941e-06 0
1.01406e-42 1.08607e-42 0
1.25006e-57 -2.43778e-56 0
8.86757e-53 -2.67983e-53 0
18.0895 1.36814 8.01056
27.0242 24.5003 3.99475
-64.6012 49.2781 13.4228
1.12096e-37 5.89379e-38 0
42.6083 43.0964 25.3987
-58.737 -11.7114 21.3157
-32.9292 26.1732 6.32102
-5.44108e-54 -4.35389e-53 0
-11.7121 -13.0251 4.16812
-51.2091 10.0307 -13.6616
1.72415e-28 3.17771e-28 0
4.65572e-49 8.8589e-50 0
4.40369e-50 3.41857e-49 0
-44.6397 -33.1803 -9.25469
2.93881e-51 5.38427e-52 0
-49.1935 40.0004 27.1245
-28.7047 21.0014 -4.45589
146.24 -39.2714 40.8449
1.24451e-38 1.92557e-37 0
-3.26216e-38 -3.71125e-39 0
7.10918 -70.1346 16.5783
-0.280698 -40.7829 16.767
5.22821e-09 -1.20841e-07 0
-3.63673e-49 -2.89631e-48 0
1.5399e-52 4.70835e-52 0
1.42802e-50 1.52771e-50 0
-34.0354 -1.61183 6.83118
8.67593e-15 2.92522e-16 0
35.0811 42.6133 131.673
2.06722e-47 1.77979e-47 0
3.77438e-59 1.36938e-58 0
-3.64358e-47 -8.27984e-46 0
1.25906e-52 -4.01973e-53 0
-0.134952 -13.1207 7.36254
-1.07727 -14.2363 0.473388
-1.07836 50.4556 13.0196
4.64856e-41 7.19249e-40 0
8.20212e-54 6.64049e-54 0
1.09204e-58 2.23542e-59 0
-21.8568 -11.488 -2.50581
5.72012e-52 -1.36268e-50 0
18.3065 20.9847 -3.3417
37.4473 11.2118 -9.1219
2.16932e-57 2.27976e-56 0
-9.70551 25.2733 51.3322
-0.399659 0.0441143 0
1.0739e-57 -2.26789e-57 0
4.10417e-44 1.26215e-44 0
-1.56824e-52 1.44033e-52 0
-19.1914 16.9505 4.6669
1.07195e-45 1.14378e-45 0
-3.45917e-38 8.70049e-38 0
-1.23524e-09 2.29886e-09 0
1.16229e-42 1.00068e-42 0
-2.21184e-07 -2.53289e-07 0
10.3008 39.5856 1.56755
-5.01223 -6.06036 -14.6545
31.7533 32.8652 8.09742
7.91905e-52 8.47328e-52 0
3.06793e-49 -3.75925e-49 0
-2.34009e-56 -1.74118e-55 0
8.28685e-43 8.87529e-43 0
-3.94777e-49 -1.70703e-47 0
1.09203e-44 1.19775e-44 0
5.15429e-40 5.5206e-40 0
2.38541e-52 -5.86971e-52 0
4.29482e-49 4.59678e-49 0
-20.7509 -19.2722 -5.87147
-2.80147e-27 2.21224e-27 0
-5.30835e-48 -4.24489e-47 0
-3.52713 15.4599 20.7719
-12.6356 40.5463 -1.64706
-6.85509 15.5297 -7.45165
9.0372e-41 -1.01553e-40 0
-9.59614e-51 4.28804e-50 0
86.9377 -49.4712 12.8442
1.35438e-47 1.45003e-47 0
0.272506 0.188441 0
-3.47626 -45.8033 2.99416
-11.2748 17.5261 17.6313
2.95902e-11 -6.4435e-14 0
-21.2083 3.48444 6.15342
-9.65453e-45 -2.10347e-49 0
-15.3839 -25.4458 -13.1114
-1.35266e-48 1.81836e-49 0
8.19322e-36 1.27083e-34 0
2.24427e-59 1.2193e-59 0
-4.57018e-15 9.61796e-17 0
-39.7949 2.76886 -0.548911
4.15502e-19 7.47783e-19 0
40.6409 65.6916 14.201
7.45954e-32 1.15418e-30 0
202.626 -121.285 6.25075
-1.06022e-41 -8.48354e-41 0
1.09757e-60 -1.34578e-59 0
6.65037e-61 -2.42063e-60 0
6.44673e-28 2.42658e-28 0
-4.94243e-22 -6.66866e-22 0
-100.19 70.6459 105.216
4.68585e-44 5.01818e-44 0
1.96765e-54 -1.07173e-53 0
-2.64461e-35 2.15917e-35 0
-12.2862 8.35339 17.2885
-36.2524 49.5538 54.2633
-15.2889 17.8082 -5.83689
-2.26458e-38 4.88124e-38 0
6.28202e-24 -3.14899e-24 0
-8.72535e-49 -3.77287e-47 0
1.23289e-25 3.44923e-25 0
3.39135e-57 7.50575e-57 0
-9.95053e-46 -8.42562e-45 0
13.1937 15.2747 -9.66671
1.48275 4.88501 21.6314
4.54369e-37 1.52258e-38 0
-20.2381 3.44708 6.53214
-9.65448e-45 3.76706e-49 0
-8.33481e-47 -2.16046e-48 0
-1.32017e-24 3.56914e-25 0
1.87497e-45 2.05494e-44 0
2.91361e-35 3.31298e-35 0
9.42502e-52 -2.1481e-53 0
1.38412e-55 5.39237e-56 0
-2.01196e-43 -1.44799e-43 0
-15.1922 -21.8485 11.3598
-4.18196 5.90031 3.05046
11.5027 -62.794 12.872
-5.5244 -22.0816 -2.78055
-4.21272e-52 3.86912e-52 0
-7.97972 -9.96344 -7.74088
-9.93158 -22.1962 -6.67875
7.34937e-55 6.45878e-55 0
1.60929e-19 2.75582e-20 0
7.79345e-27 1.53761e-27 0
-25.1531 -20.9706 16.1263
-123.314 -5.78814 55.3022
-1.7354e-42 -7.50392e-41 0
-14.8588 -14.8831 26.8952
12.6686 -4.61223 -9.74993
19.751 52.7113 18.6447
2.59192e-18 -1.50284e-18 0
1.21782e-55 3.73e-55 0
4.8738e-11 -2.61745e-11 0
3.91994e-56 2.27993e-57 0
5.75935e-41 -9.64284e-42 0
14.6801 -61.1202 -10.4073
-2.1635e-49 -1.7311e-48 0
1.77096e-51 1.30185e-52 0
-21.1843 -0.872628 7.41168
-9.65408e-45 7.8664e-49 0
-10.7476 -23.9748 -13.7797
-4.66879e-06 7.14249e-07 0
-36.3749 -53.0219 -5.52792
-20.4275 -13.9712 -4.19847
-3.49436 3.88178 9.61879
2.27793e-55 -5.69973e-56 0
-1.22315e-22 -5.35233e-23 0
47.2672 48.7723 36.7765
1.79105e-31 2.77121e-30 0
5.41273e-44 6.94662e-44 0
-52.7637 20.4774 1.87334
1.39435e-44 3.05256e-44 0
1.00654e-55 5.8683e-55 0
2.46267e-45 2.12025e-45 0
-6.02328e-59 -7.98799e-60 0
9.3196e-44 9.98152e-44 0
5.14804e-56 1.78927e-56 0
-23.3331 3.46787 -14.7755
-4.70924e-28 -1.01251e-27 0
-71.4522 42.8526 -3.81833
-5.54921e-13 -5.70555e-13 0
-3.70609e-59 -3.94262e-59 0
7.18695e-47 7.69668e-47 0
-3.19219e-51 1.70056e-49 0
2.25737e-12 6.65364e-12 0
-10.6364 25.0611 33.4864
1.4744e-39 1.57918e-39 0
3.9721e-50 5.98118e-50 0
4.92765e-36 7.62433e-35 0
-29.7149 -3.98057 -6.21765
4.28249e-60 -1.82113e-59 0
1.90785e-47 2.04167e-47 0
-4.72129e-41 -4.06972e-40 0
-5.22523e-42 -4.18108e-41 0
-37.4139 -13.6554 11.5948
-1.84112e-47 -7.13577e-46 0
1.97379 -12.793 -9.90623
1.68966e-57 8.6535e-58 0
-2.86413e-56 -8.39305e-55 0
-0.122585 -3.02852 -14.9257
1.30068e-44 1.05929e-43 0
-1.38309e-46 -5.95274e-45 0
0.000191294 -27.629 20.0408
7.8054e-07 -0.0670164 0
2.59557e-47 2.78004e-47 0
-2.45963e-56 -1.06966e-54 0
3.80481e-59 -3.44573e-59 0
-1.83214e-54 -1.55951e-54 0
2.89746e-52 -2.20608e-52 0
-2.98027 -22.5004 -12.4508
-1.95207e-53 -8.45098e-52 0
1.81598e-51 -5.04474e-52 0
4.89212e-05 -2.78842e-05 0.94688
3.94605e-05 -2.07891e-05 22.2365
0.000111915 -4.43315e-05 1.74985
-21.7145 -2.33885 -11.8977
-9.36195e-45 -1.15915e-45 0
-18.7986 8.51356 3.62957
1.67933e-43 1.61629e-44 0
-1.16479e-46 2.37244e-46 0
8.34471e-59 3.5431e-59 0
-3.36971 10.2518 -6.42626
1.52186e-55 1.19804e-54 0
-7.39568e-57 5.73884e-56 0
-1.03391 30.6438 -2.94395
5.21384e-49 9.64918e-45 0
6.50944e-55 8.99655e-55 0
51.4584 1.54853 -11.8723
-6.54877 -5.54939 -7.26369
-4.11941e-17 5.81114e-17 0
-2.72238e-56 -4.40097e-57 0
-14.0933 27.9022 -8.39757
-1.17742e-14 -3.29809e-14 0
-6.54644e-44 -8.35954e-43 0
1.11222e-49 9.57673e-50 0
-0.786951 -24.3505 6.36315
-1.76908e-13 -1.0554e-11 0
-3.55101e-23 2.08252e-23 0
-1.85656 -36.0313 -3.19773
-5.08258e-12 1.05992e-11 0
1.17626e-49 -1.42162e-49 0
-11.3211 6.74792 -12.4212
2.43332e-58 -2.11283e-58 0
-2.17973e-45 -9.4252e-44 0
-1.33058e-49 -5.75348e-48 0
2.54854e-05 -2.94235e-07 0.948314
3.66855e-05 -8.50551e-09 22.259
0.000156113 -4.05414e-07 1.76946
2.94874 -9.8955 0.296216
-3.95326e-48 -3.16034e-47 0
-10.4491 -4.89628 -12.3684
-47.5824 12.4038 13.5458
-13.1943 -2.2329 14.1613
43.7921 -33.5034 0.0858873
8.64343 -7.90646 10.6309
2.04643 -2.35771 -8.03949
-5.26499e-56 -2.27676e-54 0
-1.49578 15.9833 6.31829
-1.51181 12.6677 -0.486272
-3.92537e-38 1.81037e-37 0
-20.0939 1.14278 -0.999728
-3.27004e-57 -2.32136e-56 0
-1.52221e-50 1.51147e-50 0
-16.1747 30.0717 -3.4497
-1.80467e-52 -2.23377e-51 0
6.68831e-53 6.41485e-52 0
1.00565e-43 1.55554e-42 0
3.15663e-51 5.80935e-50 0
-0.793646 -24.4723 6.74468
0.265033 -3.56564 -3.28246
-17.1936 -12.9531 -13.1348
1.21983e-40 1.05022e-40 0
-0.00565283 0.00183042 0
4.19016e-51 7.67694e-52 0
-1.48307e-52 -6.15735e-51 0
-3.93152e-55 -2.98828e-54 0
1.45892 -11.7772 0
5.41779e-35 8.38269e-34 0
0.000238402 -2.17353e-06 0.947182
7.51809e-05 1.36872e-05 22.2368
0.000380198 4.1702e-05 1.75025
-3.29351 4.34601 -2.72285
1.22588e-54 -1.3751e-53 0
-12.1432 -10.8522 -5.16308
4.94615e-40 7.65292e-39 0
-12.1897 7.77644 -13.1202
-1.61993e-40 1.79179e-40 0
-2.6396 -15.053 -4.13331
1.32392e-39 1.41801e-39 0
7.22075e-42 3.4461e-40 0
0.000190953 32.0771 17.3753
-0.231927 27.6753 -15.3238
-9.64685e-51 -9.17994e-51 0
-2.31176e-20 -5.4722e-20 0
-1.64344e-58 -5.49733e-59 0
-3.27564e-56 -4.98783e-56 0
3.86605e-38 2.23075e-38 0
-7.0108 -29.5877 -9.84492
-16.7261 9.15892 -7.35852
2.46937e-34 3.82074e-33 0
-8.00971e-50 1.77238e-48 0
12.2217 53.9097 20.384
-1.10879e-58 2.22946e-57 0
-8.18107e-22 1.49006e-21 0
-24.6749 1.30243 6.41361
7.51439e-41 1.16267e-39 0
-3.65748e-44 -1.05426e-44 0
3.7441e-19 -1.00896e-19 0
4.22436 -51.7027 -1.78321
-1.50399 -0.883671 -7.38875
7.42356e-50 -2.06571e-50 0
1.13397e-34 1.75453e-33 0
-63.2633 15.1542 -12.7111
24.4134 23.1589 -12.6826
-3.67778e-58 -1.601e-56 0
-12.3814 6.51747 -7.43838
-8.14127e-51 -3.52041e-49 0
1.54008e-10 -1.52942e-09 0
-4.02253e-56 -1.06356e-55 0
-1.08379e-52 -1.54246e-51 0
-5.01769e-50 -4.57185e-49 0
-9.44354e-47 -4.00206e-45 0
2.08794e-52 2.08049e-52 0
36.7287 -31.8387 35.499
1.33502e-31 2.06562e-30 0
1.92241e-58 6.28877e-58 0
1.62256e-58 -1.94793e-58 0
24.7275 -30.6527 -3.71357
-6.00487 -8.35025 23.9291
5.63959 -15.8434 -12.1996
53.6495 24.3297 -11.4007
1.34387e-35 2.07925e-34 0
-1.41042e-06 -2.90849e-06 0
33.7803 7.2865 -12.1774
32.0935 -1.051e-05 17.363
28.0742 0.000270771 -14.456
-3.98245e-51 4.5294e-52 0
0.2846 -0.622472 1.22808
33.9494 16.5967 -7.25573
8.90439e-34 5.28801e-34 0
-4.48729 -8.82479 5.16816
7.26851 2.87861 -14.3253
1.02754e-34 1.58979e-33 0
-7.64223e-07 5.6321e-07 0
6.53968e-40 7.00443e-40 0
2.87294e-61 6.1291e-61 0
-38.3446 46.4703 -15.0056
-35.9386 27.3058 -15.0111
3.23025e-50 -6.83606e-51 0
-9.15302e-09 -9.96227e-10 0
-27.513 16.0143 -5.31471
10.8029 -56.5074 -14.4108
-10.9731 -10.4662 -5.42948
9.35053e-48 -2.60224e-48 0
-2.82906e-46 -2.03603e-46 0
15.2397 -27.3165 0.329304
3.31207e-58 -3.63819e-58 0
-52.8768 81.6197 3.71993
-1.19984e-45 5.69814e-45 0
-3.7587e-48 1.3411e-48 0
6.62669e-59 -1.52019e-59 0
39.094 -38.5874 -12.7931
-7.9017e-06 3.4473e-06 0
-4.59456e-50 1.09439e-49 0
3.53829e-39 3.19299e-38 0
3.69319e-54 2.08736e-54 0
-1.34334e-49 -1.0749e-48 0
32.0674 2.10487e-06 17.3875
28.0807 0.00216155 -14.4744
-9.29418e-55 -3.25321e-56 0
-3.04955e-49 -2.43348e-48 0
2.63726e-59 -4.30442e-59 0
-10.4778 -1.33099 -3.29693
35.182 -14.3596 23.4148
-12.7434 -10.3507 -13.6407
2.11523e-57 3.39224e-57 0
-26.8029 34.1205 21.4886
-20.0595 -2.24883 -2.43442
1.67153e-58 2.20715e-58 0
-7.8993e-32 1.49364e-31 0
-1.72806e-17 -1.14208e-17 0
3.97875e-58 2.45964e-58 0
1.43907e-50 1.53673e-50 0
-27.9758 -13.4716 -10.8966
-14.166 -11.0175 3.81404
2.43855e-30 4.95205e-29 0
-45.3879 7.29887 34.0862
-29.8611 9.80005 1.14345
2.46393e-39 2.63904e-39 0
-3.9753e-46 -1.71893e-44 0
-2.90478e-48 -2.30625e-47 0
-31.9612 6.52359 -12.1697
-3.51158e-55 4.70855e-57 0
2.1632e-40 2.31693e-40 0
-2.48682e-54 -1.02257e-53 0
-20.8807 -40.4466 -12.5995
4.80107e-38 6.63494e-38 0
-4.27109e-17 -6.70315e-17 0
41.0316 29.3231 -9.18574
-6.83926e-39 -5.47255e-38 0
32.0935 1.23064e-05 17.363
28.0803 0.00407478 -14.4796
-6.03933e-51 -1.001e-51 0
5.89384 -36.7438 -1.7499
4.33966e-27 -7.39873e-27 0
-1.05631e-52 2.14627e-52 0
-1.16345e-45 -9.30956e-45 0
9.53555e-42 1.47696e-40 0
-9.03422e-54 1.45649e-53 0
-1.00013e-55 8.20639e-56 0
6.14035e-42 9.50062e-41 0
-8.09193e-59 1.1669e-58 0
4.58049e-47 3.94487e-47 0
28.3536 32.8463 -7.19069
2.04879e-55 1.95142e-55 0
1.89914e-56 -2.91463e-57 0
2.28315e-60 -5.44945e-61 0
9.24808 7.68862 11.3749
2.9374 20.4732 -13.5869
59.1935 7.64038 -14.2151
-7.24714 4.84345 -14.0345
4.85687e-48 5.19895e-48 0
-3.15093e-42 2.58422e-42 0
25.0103 -22.5143 -12.558
-11.3436 -26.2536 -6.59349
-3.04272e-60 2.79474e-58 0
-1.66467e-19 -3.49251e-19 0
1.68484e-43 1.80458e-43 0
-2.08483e-57 -3.01509e-57 0
1.44472e-55 -1.32192e-56 0
2.64548e-40 4.09323e-39 0
-4.66957e-49 -2.01914e-47 0
