# vtk DataFile Version 3.0
water particles
ASCII
DATASET POLYDATA
POINTS 2541 float
-2.03058 -1.07991 0
2.04732 -2.80668 0
-90.1937 79.8513 0
0.504888 1.49034 0
-17.5786 -4.40805 0
-38.76 -125.655 101.656
41.7235 38.5579 0
152.923 -138.208 0
5.15466 -58.5385 0
14.0572 3.11249 1.82795
-12.7866 -23.5428 0
-3.04084 -121.236 0
-63.7003 -148.452 176.249
-0.248751 -2.30689 0
19.5803 8.83124 0
-6.49168 -6.22638 0
16.8203 23.3791 0
-5.33225 18.0735 0
-190.542 -227.53 238.603
131.852 -75.8673 195.259
3.21839 -1.12818 0
66.7012 -32.3055 0
3.71343 88.8093 0
-142.543 -0.300043 128.984
-94.2245 -0.313372 0
17.1531 28.1192 0
0.212703 1.22659 0
-86.4604 -43.8999 0
-116.722 -64.2335 0
-200.375 168.438 218.715
1.06751 138.441 44.261
-257.28 116.138 56.6726
-65.5991 -51.088 0
-0.195664 1.49647 0
-2.58826 -4.2261 0
8.22046 -70.2883 0
122.207 21.3778 9.34419
50.6028 68.3239 9.10247
31.3583 -2.4673 0
1.86033 25.5184 0
18.8088 6.48051 0
-0.468553 1.58001 0
92.6551 208.753 407.271
-2.56312 0.909979 0
-203.751 -18.7784 0
-4.37057 1.80064 0
4.42663 4.68923 0
-3.58855 -7.01801 0
-5.23337 -6.57562 0
-18.4025 -28.3886 0
-7.04204 -1.11562 0
90.8634 14.1913 1.14549
168.355 -73.1682 0
-97.0462 -85.5844 0
-2.48184 -3.84299 0
-2.3849 0.92505 0
-142.393 2.19603e-05 129.098
-94.2271 -0.00672127 0
-14.7739 -28.039 0
-35.0967 29.7755 0
12.5427 -5.06107 0
7.05538 -1.87128 0
14.7617 -34.9008 0
29.2067 -57.7519 0
131.022 -86.4257 157.22
3.38575 2.88596 0
-48.392 20.2465 0
-1.3927 -5.96343 0
-2.54232 -1.53324 0
-3.13393 6.97838 0
0.801377 19.6293 0
135.076 154.77 5.98763
-10.3038 3.87986 0
8.86139 50.6358 0
69.3068 5.62239 0
-213.887 -14.1039 0
9.44396 -35.4516 0
0.393883 1.7884 0
-66.7162 436.204 26.5444
0.502913 1.90864 0
40.4203 8.37878 0
-33.8097 21.9824 0
2.25956 -5.1136 0
-3.70548 -8.58064 0
0.111063 1.2987 0
-0.205605 -3.3131 0
51.606 -226.726 0
-2.56101 2.37464 0
-0.689761 -1.98985 0
-142.543 0.300062 128.984
-94.2064 0.299676 0
-52.86 17.3409 0
-273.681 59.1746 0
-1.70981 2.65476 0
39.1002 -49.7401 0
30.9445 -1.01344 0
22.3577 26.0072 0
-140.402 -20.6357 11.3603
32.2072 56.2637 0
-0.561205 3.65332 0
-41.3188 213.001 149.22
-2.65862 -0.58079 0
40.7656 -32.0601 0
-8.02697 7.14273 0
53.5424 -86.6111 0
6.3673 -6.61419 0
-33.7454 94.2118 0
153.426 -1.03095 262.596
72.7274 11.7603 0
77.345 61.7157 105.491
-2.32708 0.395731 0
3.24127 4.73973 0
-87.4155 -81.5223 0
-2.3459 0.576754 0
-26.329 59.1773 0
96.6785 -149.569 0
33.5681 -28.6532 0
4.05899 -30.7457 0
66.2099 329.88 209.374
0.0818673 -3.11213 0
-1.42641 3.61873 0
-0.711523 -4.35616 0
-1.01902 -1.81484 0
-0.988673 -17.7738 0
-2.1592 -4.58467 0
135.476 -58.4581 161.554
-0.983685 -1.27308 0
8.05655 -35.4237 19.2085
5.29206 12.6779 0
-2.9711 -0.0855074 0
25.9049 75.9379 0
-2.30247 -2.83817 0
0.25536 2.75369 0
-0.901325 -141.849 129.036
-0.172047 -87.8069 0
-29.4828 -47.2474 5.2147
80.1659 82.7625 9.29316
9.03373 -12.4124 0
-17.8542 63.815 0
113.027 -165.127 13.4273
-69.5203 6.1059 0
22.1956 -291.326 77.9171
108.499 -29.5555 5.55845
-0.900052 -0.300401 32.4
-0.900202 -0.300106 140.975
-0.900867 -0.300635 36.1604
46.3681 23.6325 0
9.09698 1.13498 0
58.9074 57.4791 57.1258
-18.318 11.028 0
185.316 173.756 197.359
1.6541 1.74894 0
44.6159 138.132 247.78
0.275179 1.34701 0
-113.218 71.8139 0
13.4361 155.316 10.4029
-0.900965 24.6826 0
31.4581 2.30837 0
-3.73194 0.411237 0
116.761 -49.6371 19.1022
0.510997 -1.65549 0
3.27793 5.15332 0
-39.2782 -88.5414 0
-137.723 180.558 0
83.3741 -106.397 72.7429
103.485 -139.865 120.986
15.7463 -124.446 53.8889
-1.76864 -53.1532 0
6.97175 11.9859 0
-772.803 -256.25 242.06
10.8773 1.40794 0
12.0337 -99.5167 0
14.3168 -35.0923 0
2.25904 4.61966 0
-4.8217 -1.43727 0
-1.58594 -136.695 34.243
-0.900027 6.00201e-05 32.4062
-0.900187 1.56158e-12 141.09
-0.903703 0.000577627 36.2606
-2.87098 0.0650593 0
13.683 -17.5619 0
31.6483 2.9377 0
26.0634 9.17059 5.37295
45.3764 13.3233 287.435
-4.22124 -19.1408 0
84.6532 14.1924 50.4506
105.321 2.50583 78.8428
8.87552 -61.375 0
30.7023 69.1755 57.2764
-0.903408 71.0892 23.8287
-4.8499 -16.3063 0
11.2783 15.211 0
-57.3651 41.685 0
17.7179 125.482 0
-2.00942 2.2764 0
-1.74759 1.68249 0
-2.24822 0.608149 0
-8.39953 -42.8863 0
-8.89523 123.084 0
15.622 -124.539 54.966
7.03496 -17.8028 6.26041
45.5187 118.827 0
2.50887 -18.9785 0
120.383 25.585 154.374
-101.129 -68.4467 157.593
46.0514 -71.6058 0
0.960325 3.46219 0
104.061 240.275 47.802
-0.467011 0.160318 0
-0.900167 0.300202 32.4005
-0.900202 0.300106 140.975
-0.905892 0.300609 36.1619
-42.7183 -101.347 82.8045
7.15668 8.53426 0
44.7066 -95.9105 28.5481
0.171358 0.4501 0
32.7037 -87.0095 0
23.8275 -15.6574 0
36.2742 -37.2861 0
-1.21109 -3.06564 0
-1.72938 1.9301 0
-0.900964 164.588 115.408
-0.900675 82.696 0
17.7864 20.3824 0
-8.31894 -31.1594 0
55.8351 136.476 27.4525
-4.17509 -13.9382 0
69.5294 107.936 64.1299
54.298 77.6606 0
6.69964 1.18642 0
222.883 287.476 63.1967
-0.90373 3.41546 0
-67.9495 -416.369 361.052
-2.00433 3.04032 0
85.2901 -157.221 87.5628
88.1987 -50.5154 137.393
0.828487 2.07942 0
276.316 -22.5942 187.453
279.535 97.409 76.8518
2.05109 -3.12952 0
1.4124 -24.8661 0
0.135999 2.14556 0
-40.3617 -77.6413 0
-0.991791 -10.0404 0
-249.787 149.08 0
-1.24292 -1.22018 0
87.2435 60.6521 0
-2.72419 -1.15633 0
-28.828 -16.3282 0
-227.837 -5.59776 0
23.2918 -9.35754 0
-0.551507 -3.38503 0
3.52589 7.19752 0
-30.6873 47.0575 0
-0.578661 -1.35875 0
0.949687 10.0985 0
-7.72822 7.12443 0
25.409 92.9646 0
13.379 2.99065 0
-17.573 -29.7173 0
2.96879 42.9488 0
31.5181 -36.3183 0
2.99428 -1.59677 0
-75.6694 4.9681 0
-110.194 -12.3344 86.469
140.806 15.5126 15.9672
24.1091 -0.300963 0
53.6482 -224.959 170.552
-10.4683 -6.93945 0
37.8022 -100.898 173.448
-132.051 -78.1287 351.342
-77.6886 83.4912 0
14.5691 9.91515 0
82.8072 17.364 0
102.865 163.695 115.338
19.8915 -21.7445 0
-186.766 -892.968 314.323
6.68438 -13.2648 0
-5.62037 -3.20831 0
-2.26085 -0.95335 0
-1.39759 -1.62224 0
98.1301 167.42 42.5175
-1.87911 -2.11661 0
-2.26996 -1.59168 0
-26.9191 -4.78002 90.5672
-2.15169 3.02499 0
132.288 -130.593 0
214.101 -281.851 100.745
69.2905 89.5564 4.82994
-23.8246 18.3672 0
1.75164 1.95343 0
50.8712 95.0709 0
142.488 46.731 0
-2.47278 0.455094 0
108.695 156.012 169.589
1.27909 -5.85696 0
65.5333 16.4461 0
-150.706 10.7433 0
135.852 15.4688 17.1233
24.1185 -0.00021782 0
92.7038 106.303 0
5.90766 0.860993 0
-115.05 -27.948 0
0.190896 -1.63822 0
1.16217 -1.55767 0
5.05473 -6.064 0
-114.133 76.1346 0
-30.9734 -0.581576 0
1.23632 1.75239 0
374.891 124.667 38.9211
-408.501 -77.8429 117.182
1.26642 34.1581 31.1279
1.15575 2.8202 0
-48.5196 -80.1272 0
1.2538 4.84741 0
5.05081 -3.1621 0
22.4663 20.3149 0
-133.522 -137.962 0
2.64461 -1.14865 0
37.6165 -9.40115 35.4738
-11.7714 643.531 0
7.11887 -7.28538 0
-3.17576 -1.63094 0
-2.13625 3.71269 0
64.9603 -91.9883 8.5509
206.737 -258.422 77.1302
-2.2999 0.646195 0
85.3276 -100.413 238.159
-2.97765 -101.835 0
-139.475 62.6332 91.3856
-126.647 4.99067 0
141.624 -5.35955 17.7603
24.1084 0.301078 0
436.915 -892.518 1128.29
136.431 128.796 368.813
41.1887 110.729 38.0498
11.1021 -74.9963 0
2.38343 -0.845737 0
1.4151 -5.49137 0
-8.08386 -2.43346 0
161.641 -30.1754 28.7066
0.871905 1.68401 0
0.151578 -1.80301 0
-3.6218 7.88917 0
259.276 374.799 0
99.0684 -59.5814 0
0.297979 1.373 0
-475.2 50.4507 138.531
2.3983 0.467917 0
-12.9759 4.85882 0
21.8208 -128.889 0
8.41343 -2.65447 0
1.48272 -2.20511 0
42.2949 70.2361 0
-31.1194 -101.505 46.2966
-2.13984 0.0648037 0
-3.73082 -8.93364 0
-21.5065 13.0019 0
-141.521 32.1116 0
20.8925 6.88243 0
0.739581 2.74607 0
-57.7649 148.747 0
28.616 3.38726 0
-0.883178 2.56254 0
-26.2777 15.7083 0
139.363 -12.6391 0.241844
1.62563 1.49756 0
-2.3554 0.37246 0
-2.9517 -2.88338 0
1.71789 1.42584 0
-1.06309 -1.75321 0
4.57531 4.17976 0
-6.1816 -6.36921 0
157.589 217.1 147.423
-0.504214 -2.08803 0
-11.4594 -9.27546 0
128.112 212.992 45.4523
0.939404 140.438 63.1415
-28.5424 4.90579 0
-78.112 -53.3764 0
-8.85484 -4.87627 0
94.0792 24.6329 0
44.3311 14.8916 77.0962
25.8936 -9.83314 0
3.66259 2.46711 0
7.67305 -0.493519 0
-15.1595 35.6957 98.1273
-67.2744 -2.52306 0
10.1249 7.7509 0
-2.33074 0.817958 0
-50.2938 10.3671 0
-203.271 112.224 0
83.4757 81.9074 2.68291
23.5322 -16.4509 0
-13.0145 -96.4638 0
26.2184 17.3055 0
-0.15607 -1.87982 0
-18.8402 24.5574 0
119.303 -34.5804 14.4675
0.0574523 -1.99114 0
1.31452 1.2683 0
555.39 -178.738 44.605
-2.89926 -7.76886 0
-2.24809 0.162787 0
-3.27907 -0.148738 0
-3.85682 -21.5041 0
-21.1906 32.8543 114.954
-2.21195 -0.381172 0
43.9155 26.0539 144.635
118.147 -38.9973 0
-11.9039 -49.7442 0
-0.753828 2.8663 0
-66.5513 -5.22903 0
-2.59437 -0.406196 0
6.60555 1.43456 0
19.8697 -148.612 66.8336
84.125 -169.776 80.2621
19.4298 -6.02261 0
153.084 43.5903 0
-61.6915 27.1831 80.3591
-97.3243 -1.02592 0
3.99876 -6.41804 0
14.4111 -19.942 0
-19.6141 1.69377 0
-5.46865 0.418206 0
-67.6957 -105.3 0
-136.267 88.8728 0
-264.964 80.5262 38.8381
-1.81708 3.49118 0
-0.209259 1.68138 0
-3.49241 6.28328 0
1.45077 -4.46206 0
413.364 22.2895 817.569
-2.42776 1.12667 0
430.267 -265.936 56.172
-8.00294 15.5356 0
-241.875 59.8107 0
58.4622 62.8672 113.883
-663.473 477.515 240.223
-2.73742 1.09259 0
-18.347 13.2689 0
30.3464 -351.807 21.9519
132.433 13.5039 15.9982
-19.5526 -54.389 0
-11.074 -4.36854 0
-2.80608 3.50492 0
-1.10935 -4.48713 0
2.64523 16.351 0
3.18489 0.296327 0
74.3079 -12.9519 30.1999
-1.03033 -1.47298 0
-0.311759 1.36204 0
-32.8927 -7.43442 98.6289
-84.7666 1.30593 0
-0.14283 -1.63033 0
128.019 -61.4062 76.548
106.294 -124.29 0
-31.2955 33.8557 0
6.61889 3.10087 0
9.72293 -38.4366 0
-3.8527 5.7982 0
-2.27171 0.522314 0
-1.57471 1.70351 0
-12.2178 11.5259 0
-183.786 283.516 0
-29.5901 -49.7764 0
-4.85608 -56.2776 0
26.5094 68.4513 0
5.80512 7.56096 0
-2.2165 -5.73524 0
152.62 234.198 176.809
-92.1481 -28.5453 142.129
-34.1832 -15.7561 0
-0.209173 -1.58381 0
-0.0542084 1.71891 0
165.148 -44.3418 0
-0.764841 2.33769 0
-3.87852 27.2268 0
22.1846 61.2999 0
52.6816 -87.01 14.23
-2.04384 1.51115 0
11.319 -70.1661 0
-7.42364 3.58346 0
-16.6778 184.825 0
-0.633324 -4.34431 0
-0.20207 -3.13092 0
-3.28076 -18.3561 0
0.209302 -4.10105 0
-0.947773 10.0922 0
48.0695 60.7856 0
366.187 43.1561 156.108
13.8247 60.3689 0
4.87026 -15.9335 0
-0.124888 2.40961 0
26.4839 -1.67687 0
-7.09944 -9.15355 0
-0.600042 -117.517 145.367
0.0932499 -86.3204 0
15.9914 -4.92624 0
4.20573 -0.114665 0
-1.73111 3.52044 0
99.5815 -219.721 225.531
-225.395 -98.464 107.578
-16.7056 39.4154 36.9249
-0.598951 -1.73841 0
-0.734491 4.25853 0
-0.600066 -0.300519 32.4042
-0.600017 -0.300075 141.5
-0.600187 -0.300803 36.6186
-2.00184 -1.67007 0
-26.9235 -30.0707 0
3.55892 6.18948 0
8.85899 3.25329 0
-43.524 84.8779 94.9711
4.7933 2.49829 0
16.0364 -20.109 0
2.13498 -0.802993 0
10.1861 -153.63 0
15.1597 132.333 18.6123
-0.600493 24.4859 0
3.18258 16.9976 0
4.53314 5.24301 0
-3.7275 14.7128 0
0.873653 -5.58812 0
-2.30432 112.724 0
99.5542 -7.68492 0
19.0211 16.3723 0
-0.160348 -1.54057 0
42.2368 102.655 19.6478
17.5438 -98.3771 59.0229
-1.58657 -54.0189 0
-6.91188 16.8671 0
19.606 54.1947 0
0.778441 -7.20476 0
-49.3139 56.6283 19.8595
-31.2894 18.0898 0
134.178 -226.119 21.8634
119.42 -228.409 36.4838
-0.70466 1.36061 0
-0.599708 8.41311e-05 32.4343
-0.600016 7.30468e-09 141.597
-0.600419 5.73544e-05 36.7052
63.6102 -68.9823 32.0392
-17.2114 -7.55194 0
132.011 55.5382 0
20.5649 10.7137 0
13.8285 -11.6896 0
25.0971 35.7023 58.4418
110.99 46.7542 220.532
28.5744 2.79498 0
-0.461608 -0.153551 0
16.531 111.193 32.4941
-8.76386 63.8087 26.9612
49.1084 -60.1064 22.4644
-0.0476083 3.72567 0
0.899133 15.498 0
-0.370889 3.9512 0
19.4191 19.7386 0
-1.38607 -1.42112 0
3.8879 37.6875 0
9.97046 3.42763 0
1.55694 63.6254 0
17.28 -98.7165 60.6725
8.47029 -16.5795 8.48682
1.35096 -8.8564 0
21.0505 64.3379 0
-2.78406 -1.35442 0
8.4102 -22.6033 0
-1.2031 2.25642 0
45.1303 330.265 345.096
7.2868 -63.5579 0
-0.864138 -1.70093 0
-0.599853 0.300142 32.4054
-0.600017 0.300075 141.5
-0.601848 0.300396 36.62
-60.4863 0.940632 0
10.3701 -18.46 0
-1.02118 -2.26029 0
15.6773 -61.2775 81.0159
29.1899 -41.3576 0
-11.2158 -36.2807 0
-18.2026 -35.4405 0
-101.959 -81.3893 16.3794
-3.55562 0.42146 0
-0.600063 142.558 133.994
-1.29936 86.3125 0
-0.677343 -2.9746 0
-10.8458 3.35297 0
29.2096 -10.6629 0
-130.468 196.415 197.612
-1.70617 -5.80916 0
-22.6825 -8.7665 0
-0.185572 -16.8357 0
11.6042 148.065 0
-0.598573 3.41467 0
-7.32857 -2.56467 0
112.929 -0.985865 0
-35.7093 89.8934 0
6.47178 6.93705 0
-82.4373 -146.728 0
-1.42983 3.04653 0
-7.23784 -52.0063 203.753
-58.7789 -51.8043 0
8.32178 -20.6992 0
-2.54355 0.589026 0
-55.1229 12.859 0
-1.62151 -2.58578 0
-1.16983 -1.65484 0
0.237639 -2.21412 0
3.33461 -2.76923 0
0.935843 -2.27271 0
-43.0958 -23.3698 0
42.328 -114.965 31.3385
148.242 164.512 0
1.6355 -2.2855 0
-76.0869 -184.946 161.883
2.21882 -2.85057 0
11.1294 -9.15593 0
0.507974 6.90019 0
1.41138 -4.38943 0
16.1068 -31.399 0
1.83138 -2.06106 0
2.38192 -0.170209 0
68.5036 13.1752 0
19.6332 -6.61621 0
55.8035 123.429 0
-0.780043 1.64128 0
-62.5783 9.70942 0
136.617 15.8323 17.5859
24.4212 -0.301887 0
4.12326 -4.74305 0
2.42847 -2.86379 0
98.1421 -11.7969 0
-45.18 -12.9696 0
59.6175 -38.7381 0
49.0818 -53.2524 0
-2.75887 1.46022 0
-1.64338 -2.83761 0
61.1819 9.09622 0
0.790033 3.59429 0
-1.65535 -4.14712 0
52.6462 256.987 270.878
-2.24819 -3.57701 0
-223.605 26.344 0
-313.125 201.062 171.355
-0.432106 -0.168821 0
-2.28405 -0.0522338 0
-2.95667 -1.31426 0
3.31003 8.28374 0
-4.50731 -7.5056 0
232.033 -10.0732 0
68.1973 92.2243 4.3872
-6.90196 0.552807 0
-4.98003 -3.08351 0
-180.681 45.6463 77.8649
-29.8301 165.296 91.3359
36.6711 34.6395 0
-0.284392 -9.78363 0
-0.228544 -1.3453 0
56.7328 -47.0898 25.7354
-2.64321 3.44217 0
131.768 15.7938 18.7335
24.1795 7.08297e-06 0
20.8266 -13.4595 0
46.0993 134.027 0
97.279 390.553 289.862
38.5993 -28.1691 1.257
91.1259 -4.53721 0
30.3052 -17.6079 0
-14.6733 -129.34 0
9.32962 38.9509 0
-5.64146 1.71868 0
-110.693 -168.822 238.735
-378.284 68.4456 168.476
-139.963 -196.961 0
-9.44408 -5.13315 0
63.4039 -108.241 0
-2.07773 4.49394 0
10.2201 -8.60754 0
-0.0797235 1.58945 0
-0.985779 -1.43194 0
82.97 88.0352 109.114
-8.81084 -8.27633 0
240.281 85.3472 243.659
6.97759 -7.31267 0
-0.376181 -6.27569 0
-4.14701 2.57802 0
12.7843 -20.5642 0
134.89 -154.946 211.775
0.400851 -2.47723 0
11.1544 -48.2298 0
1.17202 -1.87197 0
7.26924 -3.36273 0
-227.43 79.4767 0
137.25 -5.36466 19.5607
24.4203 0.301965 0
2.85059 -0.575318 0
-208.814 89.4313 0
74.994 -29.0031 0
36.3357 -16.9527 0
1.44066 2.3321 0
-106.78 77.1544 40.1948
23.9287 -6.4294 0
102.324 4.10777 2.16758
0.408012 1.47953 0
9.83706 8.5747 0
10.7703 4.40478 0
-14.9124 -78.8095 0
2.05572 0.211401 0
-234.802 -141.976 22.6819
33.9291 22.8844 0
6.17828 2.70977 0
-84.9383 -6.45448 15.0071
14.5471 -74.6281 0
33.4235 -90.0879 0
-11.1153 6.94073 0
-4.73887 4.74437 0
-66.0786 27.043 0
-2.0315 -0.204739 0
-4.00525 -4.88281 0
-6.01741 6.40263 0
-91.4644 151.862 20.354
-47.968 -62.2339 0
1.71589 -36.9496 0
5.05869 8.07984 0
-2.00342 -0.941844 0
-0.282198 -1.59562 0
114.155 30.1244 31.2444
-85.367 23.2092 0
-2.91649 -0.381113 0
7.34093 2.85466 0
-176.446 -113.601 0
-4.39864 -2.63036 0
5.52814 0.0361643 0
-2.20714 0.142479 0
89.4154 -69.6334 0
-33.9017 69.1919 0
-45.8493 -39.9876 0
-11.1535 -9.25267 0
34.0496 216.976 0
3.54788 143.254 62.2775
97.7433 -74.415 0
3.88141 -2.10451 0
-78.226 15.3627 83.3121
1.03308 -5.72626 0
6.17663 16.149 0
27.3864 129.438 32.6016
82.9335 -62.581 0
7.13281 0.168929 0
-103.846 17.8141 58.8477
-48.78 -1.96961 0
10.5929 9.24598 0
5.97282 2.39863 0
8.6346 -7.57433 0
-65.8645 22.7835 0
-7.92611 -13.9879 0
-11.7661 -0.117378 0
-30.2048 8.31846 0
79.4891 -331.482 118.252
-0.304845 -1.92241 0
25.7505 59.203 0
-25.8468 -30.0955 0
2.90755 -3.08245 0
-0.656962 -1.51546 0
-0.804266 -1.70315 0
13.66 7.29547 0
-2.49244 -1.25806 0
-2.99724 -2.53994 0
-2.19832 -0.91281 0
-3.70329 -0.430962 0
-2.47724 0.583631 0
74.291 55.5749 132.262
-25.077 60.3683 29.4084
5.16421 -2.09065 0
-4.06372 -4.62274 0
223.315 317.175 64.4387
-348.491 -75.3197 4.8784
-94.0556 142.965 0
47.8729 -1.75133 0
-18.1996 90.9213 0
-4.09421 2.54563 0
0.730264 -1.59657 0
-99.0054 17.9065 60.7346
-63.9032 -1.41529 2.43815
11.2683 -13.1646 0
0.189553 -14.6412 0
-10.9172 -0.563943 0
-55.8182 -10.8422 0
-58.6869 -35.2261 0
2.14691 3.77064 0
-18.0868 -22.0719 0
34.8503 -25.2223 0
0.745255 1.65574 0
2.18779 3.69089 0
51.4843 -79.1434 39.3086
36.5317 -61.4823 0
-0.656809 -1.49471 0
-55.4234 -30.6895 68.4398
-4.06555 3.67518 0
-82.5231 66.6324 0
-2.70306 0.590064 0
345.793 -318.602 127.684
0.148996 -2.363 0
21.3273 -74.0902 33.8607
117.166 -317.817 0
-11.0575 0.0453969 0
-184.841 278.64 285.903
-3.35375 -1.54558 0
-21.6521 -304.725 80.5172
56.2656 -99.4665 0
0.428553 1.81115 0
4.9106 -55.4601 0
-432.519 -121.675 0
-5.57629 3.48552 101.423
1.01187 -0.449618 0
-103.475 -4.20806 65.366
-79.327 0.97368 0
7.65086 -10.1348 0
-178.95 -3.87287 25.3037
-58.3608 -81.2415 0
48.0848 4.11274 8.29617
-94.2555 -49.7858 0
0.79059 1.4008 0
0.126201 1.49006 0
-0.381059 1.57287 0
-0.613388 1.61382 0
-12.5285 12.0892 0
-1.49526 -4.65788 0
2.68167 3.09398 0
77.1564 67.2113 0
-1.61402 4.1761 0
-26.1109 48.6385 196.312
-184.4 -73.9898 0
101.826 -248.55 94.4555
-2.27439 1.20916 0
-30.733 -16.5524 96.9785
-2.12207 -0.0872784 0
-112.217 -125.415 0
4.46244 -14.4799 0
-0.418441 1.80033 0
2.58881 -10.2213 0
34.5532 25.3181 0
-20.9076 -5.36518 0
-3.18424 -0.874321 0
-3.79737 -0.584467 0
-2.38583 -4.4999 0
-2.00129 -0.144311 0
-0.299989 -3.86608 0
-0.0200558 -3.2119 0
-2.90023 -19.5783 0
0.419042 -4.12005 0
-1.03951 10.0529 0
-1.56801 -5.84768 0
134.836 -182.292 75.7574
-12.0056 88.1568 96.4951
-1.29327 9.43056 0
-58.9822 167.112 28.3362
4.62077 -8.70715 0
2.29225 -0.843386 0
-0.299972 -117.464 145.399
0.393899 -86.3209 0
-501.644 289.584 1.76374
295.694 -816.936 359.628
-0.523485 4.19318 0
0.433582 1.25885 0
2.80617 2.41572 0
48.2101 14.4471 0
85.58 24.0645 0
0.228662 1.50288 0
-0.30004 -0.300049 32.4063
-0.3 -0.300075 141.504
-0.300004 -0.300223 36.6211
-103.889 74.842 54.9498
14.4871 -31.7688 0
-2.53835 5.42532 0
23.6312 137.01 64.4837
-239.986 157.34 224.556
28.9809 103.875 7.73213
20.3708 9.07742 0
88.9433 39.1878 29.6798
10.7386 -151.225 0
15.4653 132.271 18.6569
-0.300561 24.4873 0
1.9665 -48.7754 0
0.958321 2.53498 0
-3.1265 -0.595768 0
9.79405 1.36523 0
-2.10733 -1.12101 6.33857
149.521 148.604 81.0755
371.071 -464.533 72.2615
0.243306 -2.63429 0
43.9579 100.698 25.5423
17.8561 -98.2906 59.0479
-1.28581 -54.0186 0
39.8251 -208.675 45.0179
0.658573 1.44254 0
-5.13733 5.4056 0
-115.304 -56.3298 0
36.4717 -208.606 0
-0.729592 -2.17014 0
-1.45614 -198.188 6.18762
106.049 73.1613 8.21796
-0.299686 9.02096e-05 32.4386
-0.299999 1.62156e-07 141.602
-0.299735 7.61009e-05 36.7092
-19.9114 -26.9462 5.8931
-2.17749 -2.49048 0
230.486 -204.31 69.0396
8.80229 -0.906238 0
25.6595 -0.567027 0
2.58456 0.615508 0
-66.4453 78.0943 103.839
6.96382 20.8066 0
-0.018773 -1.5215 0
16.8451 111.11 32.5307
-8.24027 64.2876 26.8559
3.33002 -0.42268 0
130.825 3.10259 35.7574
2.67563 8.02173 0
-3.04923 1.84515 0
-97.9321 -145.208 0
0.316432 -2.8314 0
-48.6469 241.218 195.098
-46.1234 143.801 169.113
5.18487 70.44 0
17.5865 -98.6391 60.7105
8.78699 -16.5986 8.50442
-3.90185 1.90715 0
16.3479 52.5734 0
17.5101 126.125 0
47.6943 77.7476 26.2138
-3.72904 0.380768 0
-23.1858 -78.2851 0
-12.8136 -86.0558 0
0.763469 0.128424 0
-0.299724 0.30008 32.4077
-0.299844 0.300119 141.505
-0.300118 0.300251 36.6223
9.63524 9.52127 0
-1.4382 -1.52485 0
14.045 55.5907 0
-118.967 -149.885 15.9681
-47.4586 -102.011 196.249
-23.3175 -70.3966 9.56459
-14.5288 78.9342 80.9022
14.0601 15.4092 0
-0.340839 1.98118 0
-0.299964 142.509 134.031
-0.993142 86.3204 0
-0.386217 -2.97282 0
-37.9526 76.5755 0
-3.28881 3.01246 0
-1.65905 -21.6065 0
6.7152 22.637 0
-12.2643 -30.9937 0
5.84821 13.8839 0
3.77897 2.12839 0
-0.291625 3.41831 0
-311.192 -143.498 83.9694
-1.19211 -75.4447 0
155.732 180.932 256.606
-1.41887 -4.14598 0
96.4649 -1.58315 4.95125
35.5341 252.591 0
-90.2913 -148.149 141.713
1.78851 -8.85603 0
0.0401416 5.33019 0
5.72198 1.74312 0
0.582678 1.66162 0
-4.49309 -0.701481 0
8.59731 2.23628 0
2.48284 -3.10371 0
1.89689 -1.93517 0
5.52809 -4.28372 0
25.934 86.6531 0
-6.61091 6.85301 0
-11.6568 5.24462 0
40.7032 -30.3179 0
4.81223 4.33379 0
7.8139 -7.70607 0
11.445 -9.17923 0
7.16146 9.32964 0
1.55619 -4.13733 0
0.0507732 -3.92779 0
31.9364 147.041 0
-0.519639 6.20653 0
38.3879 89.9372 0
18.9477 -9.23389 0
0.452241 4.55974 0
1.04929 -0.489607 0
-28.9062 -11.4229 0
136.915 15.8397 17.5903
24.7224 -0.301207 0
5.53982 3.28635 0
2.14784 0.283046 0
0.423779 -2.25089 0
-118.429 -27.6715 10.603
-22.6134 -76.5101 0
-113.638 75.0753 3.87658
210.731 -142.048 31.5663
-0.644409 1.2534 0
-0.446458 -0.118021 0
2.11216 4.15516 0
-1.29515 -4.15955 0
-87.6255 140.891 69.3201
-55.4457 86.8723 103.274
0.351128 1.59233 0
-11.141 31.141 0
38.2791 -55.9003 0
-0.19302 1.35729 0
-1.02849 -5.29876 0
4.25933 -0.604235 0
0.440981 0.184784 0
196.089 5.88155 0
68.418 92.2594 4.39285
-149.332 106.139 0
-2.19302 2.54738 0
64.1555 -44.4255 0
38.8724 158.82 41.6627
0.42032 -1.93127 0
42.8158 -28.6533 0
140.481 -127.07 14.4291
-265.032 70.4575 0
-2.89891 0.249828 0
132.081 15.795 18.7334
24.4824 0.000305361 0
0.427622 -2.33661 0
-114.65 43.5084 34.6342
15.5857 -1.37671 0
1.04623 2.80904 0
24.2109 21.3033 0
-2.30784 0.813175 0
-6.42186 -1.52114 0
-4.41562 -2.65934 0
131.307 238.578 223.482
-208.681 -337.425 140.304
-378.071 69.5032 168.056
26.6834 -253.536 24.1754
-13.6046 -20.426 0
31.8431 7.26842 0
-51.0224 15.114 0
0.626576 1.86888 0
36.2512 -19.5917 0
-0.424455 1.17818 0
0.708214 1.71909 0
1.29555 1.97912 0
243.478 69.0102 233.922
9.26 -9.81742 0
-6.81599 -8.36911 0
2.49201 2.21339 0
129.614 -201.27 83.6289
-35.8221 47.2409 0
37.9503 84.1924 0
-19.4901 7.61826 0
1.85585 3.26523 0
-21.5911 61.2128 0
-2.13131 -0.200868 0
137.548 -5.36943 19.5651
24.4699 0.301804 0
150.206 80.4142 0
-1.43165 -69.5087 0
92.2757 -38.8302 67.5749
5.328 -1.22101 0
231.877 -66.4704 5.74743
9.35824 -0.490824 0
-42.7711 -184.974 0
-3.55244 -0.299314 0
0.329993 1.47321 0
10.1482 8.59579 0
11.0651 4.35631 0
-14.7468 -80.3157 0
1.92433 -2.4659 0
47.4851 -6.0268 0
2.60298 1.36126 0
24.0371 -2.46633 0
-6.74859 0.49137 0
-0.410414 1.19713 0
-0.163642 1.75674 0
84.2881 462.529 249.976
-7.59822 4.38165 0
-82.8094 -150.015 151.504
2.77224 0.968631 0
-18.7036 -47.5332 0
272.996 -135.042 75.992
25.656 -45.2218 0
59.0477 -7.83734 0
-41.0296 60.7683 0
-3.13909 -0.733482 0
36.3599 -162.047 0
1.0705 -2.34904 0
-12.9934 -147.835 0
-182.421 262.944 129.975
-0.720251 -2.75996 0
-22.638 -30.8376 70.5232
1.72378 -2.8905 0
1.09568 2.02175 0
-0.221186 1.41897 0
4.14276 -3.49872 0
43.3522 -22.2642 0
1.50194 8.40673 0
-23.9468 -22.137 0
-10.8534 -9.25257 0
29.2571 209.369 0
3.96401 139.639 61.2507
-29.2612 15.899 0
123.179 126.29 0
297.415 -68.0993 76.7998
-44.2489 -38.6752 0
-95.1683 47.212 38.839
22.416 63.1204 70.6106
5.6584 2.77621 0
3.52009 -1.93463 0
-103.54 17.8121 58.8471
-24.7712 -0.300852 0
84.8603 104.968 0
0.974911 -1.62399 0
58.0162 15.49 0
56.8423 -149.877 0
70.4418 -9.77639 0
-3.47056 -0.730453 0
2.74607 161.311 50.7476
41.7534 -57.483 0
2.25937 -0.410646 0
-60.1178 147.881 0
-10.4734 65.6699 32.6546
3.06503 -3.24897 0
-0.203361 1.3688 0
-174.412 -87.1039 98.0328
0.474577 1.42546 0
66.0126 227.874 0
3.95521 13.7317 0
-73.046 169.194 0
-2.57276 0.327488 0
-0.514275 1.87071 0
74.9672 55.976 131.927
-80.1172 61.7823 10.5284
334.161 -224.37 58.5338
-10.5519 -24.5287 0
42.4044 316.136 24.252
15.5889 82.1325 0
44.3696 69.0716 0
-0.726093 -0.464549 0
-3.88985 -4.71856 0
-0.614568 -4.68929 0
0.791676 1.58935 0
-98.705 17.9065 60.7371
-24.7827 0.000146137 0
-5.33124 0.934797 0
-59.8825 -5.77144 74.7138
-10.2646 -0.530412 0
-7.28263 -0.254095 0
-42.6325 1.11859 0
-4.42462 3.97189 0
13.1364 -11.954 0
-3.0231 -0.0495501 0
-1.30551 1.62103 0
1.2438 1.94788 0
-29.7391 -81.7499 28.9114
28.6384 -90.8016 0
-21.1836 -16.9112 0
-90.3811 100.987 32.8263
-3.41457 3.48409 0
0.765482 -0.460702 0
49.7527 -29.8485 0
0.02051 2.98001 0
-1.21722 -1.2904 0
-0.117635 2.90041 0
123 -307.282 0
-7.92612 -7.7416 0
67.492 -120.139 240.464
0.70865 -33.9308 0
-222.739 -99.6067 0
-0.018819 -8.37648 0
0.543059 1.38534 0
0.367731 1.70901 0
-10.1689 25.6316 0
-0.239729 -66.1738 0
1.20376 1.51691 0
-103.169 -4.20624 65.3648
-24.7714 0.301215 0
-6.53111 -18.1357 0
-178.645 -3.77014 25.3756
-2.76128 -3.37126 0
-1.44211 -5.92295 0
-1.01912 3.32809 0
-22.0449 126.999 60.2878
-2.81734 3.81579 0
-10.4333 -2.94765 0
-58.5579 35.8503 0
-12.2284 12.0891 0
2.38342 6.54019 0
-0.0419047 9.47919 0
-30.3032 56.9379 0
-0.234178 3.36928 0
260.645 69.9144 175.137
-2.93584 0.646507 0
27.3763 -9.65743 34.53
111.396 51.2613 20.2514
-157.164 -61.7786 72.771
-3.78669 1.25985 0
-4.32833 6.92898 0
-94.046 -31.9821 82.0988
-25.3209 59.2358 0
-10.3441 14.7751 0
-10.0225 88.9595 0
96.9651 58.1548 0
-0.733809 -0.165246 0
0.704817 -1.70721 0
-8.27022 8.07706 0
30.785 78.6129 0
-0.00133234 -3.86626 0
0.347499 -3.49899 0
-2.59667 -19.2543 0
0.717499 -4.11989 0
-0.699258 10.0926 0
-9.82747 3.33286 0
-2.08156 -5.23198 0
-10.8902 113.195 78.9166
-15.4558 5.79566 0
-56.0075 131.67 0
-2.02883 10.2398 0
0.992686 1.80829 0
2.74049e-05 -117.463 145.399
0.692849 -86.3214 0
-4.52405 -0.326025 0
33.295 31.5122 106.401
-2.50944 14.1041 0
81.109 -219.442 104.946
-5.8973 55.6085 0
-22.3595 -7.04038 0
-6.7737 78.0956 0
53.0053 115.32 0
-0.000437092 -0.30044 32.407
3.01828e-07 -0.300074 141.504
3.13144e-05 -0.301316 36.6231
26.9169 -28.0589 0
-52.7633 -72.3689 0
30.8163 1.73262 0
8.39112 2.70532 0
-52.0994 -70.6297 0
69.6958 44.4996 0
-26.0831 21.7113 0
2.43236 5.70914 0
10.8644 -150.534 0
15.7767 132.276 18.6572
0.000404921 24.4881 0
-3.08451 -12.1581 0
1.32326 2.4549 0
-1.22899 3.11406 0
0.869187 2.34965 0
0.0630195 -4.76385 0
-33.018 -15.5104 0
-0.33506 -3.21765 0
16.4382 -8.86196 0
2.81126 -1.58823 0
18.1573 -98.2896 59.0473
-0.985871 -54.0181 0
4.35106 -0.0484513 0
-4.27007 15.8126 0
249.049 -1.41835 398.913
3.1456 -10.4862 0
228.765 -36.627 100.409
1.8025 -1.96809 0
-22.7515 -186.853 220.435
-3.41362 -1.79729 0
2.57636e-07 -7.66812e-07 32.4369
0.000288775 8.31371e-05 141.603
0.000203712 -0.000117484 36.7081
17.4765 112.248 83.6927
-27.276 14.54 0
-1.32866 -1.56402 0
9.398 -0.827425 0
26.3522 4.63036 0
149.026 192.538 183.341
53.9036 122.851 69.2946
1.92536 0.836474 0
0.52175 -1.57911 0
17.1469 111.108 32.5297
-7.9401 64.2873 26.856
17.1449 -27.6465 0
-8.64692 4.5482 33.768
-0.624621 13.8238 0
-6.0148 8.06772 0
-70.6611 -84.3544 0
0.406458 1.46665 0
-0.357191 -1.4216 0
39.6183 -17.5023 0
3.77152 54.3502 0
17.8976 -98.6423 60.7164
9.09806 -16.6268 8.50319
0.249653 -4.25569 0
19.3721 60.0784 0
-12.1521 228.401 0
3.33696 -13.2702 0
-2.98088 1.67412 0
0.361329 -7.63803 0
13.5751 -28.2696 0
37.4276 -174.601 57.7447
4.98311e-07 0.3 32.4062
0.000749465 0.30029 141.507
4.49781e-07 0.300196 36.6211
24.2654 -6.57945 0
-1.24833 -1.95695 0
-127.79 272.251 16.1076
-359.996 15.3454 25.5744
0.159632 -3.71519 0
5.34484 6.56499 0
-2.12333 0.287884 0
-0.718607 -1.17461 0
0.353309 -7.26175 0
0.000609754 142.51 134.032
-0.692758 86.3221 0
-0.0668159 -2.95864 0
-1.08565 -1.43187 0
20.2184 -20.3668 0
-94.4923 30.9303 0
2.38458 3.77333 0
-30.865 12.2519 0
0.918444 -3.42322 0
-58.6873 73.1293 24.2057
0.0063887 3.41786 0
6.97623 -0.453393 0
0.864499 6.31242 0
-83.929 85.2656 0
-3.29971 -4.68612 0
-5.13596 4.98107 0
39.7521 302.718 10.0443
-45.3683 -97.0451 30.2882
25.669 101.792 200.117
10.8006 -14.8775 0
-32.1442 -89.8429 268.007
-1.87823 -3.67492 0
-177.641 -23.4508 0
24.1579 -2.14121 0
-297.037 95.1984 22.2604
136.52 -313.68 0
192.822 129.374 146.177
-425.22 49.2137 128.118
70.2033 48.9021 0
-9.36844 37.9201 0
-22.6102 2.37037 0
-0.449428 0.407893 0
8.09505 -7.69374 0
11.7453 -9.17931 0
0.666981 6.98483 0
-6.38697 -12.291 0
1.28441 -6.68694 0
-7.30705 -4.87973 0
22.6587 -5.66796 0
-69.7167 -17.488 76.3238
22.2382 -7.61395 0
-0.150681 0.178553 0
-139.972 122.487 0
48.205 -145.182 0
137.21 15.8509 17.5828
24.7715 -0.30065 0
-24.4548 -25.9968 0
3.07746 0.498427 0
-47.6024 -24.3572 0
55.0512 69.0873 0
49.0827 -61.8828 0
-26.6465 -29.6458 0
1.55807 1.77111 0
6.43713 -8.88502 0
3.18322 1.37803 0
2.92068 4.93807 0
-0.949294 -4.16196 0
40.9375 109.166 180.929
36.2385 63.415 0
0.540057 10.9104 0
-47.3588 -564.363 83.7411
-0.121301 -0.434348 0
2.01222 -0.255326 0
-45.1466 -131.408 231.329
16.523 -11.0219 0
65.2632 151.376 0
201.139 11.183 0
64.9612 90.4384 4.60813
-148.912 105.76 0
-0.163555 -1.42996 0
27.9985 -134.353 0
-174.471 -41.6402 65.3327
-160.471 14.0699 0
-2.91906 -0.73885 0
-25.8948 -99.0939 0
20.0464 -33.3768 0
54.8607 205.021 0
132.363 15.7924 18.7119
24.7821 0.000604801 0
-70.1414 64.99 110.513
-86.8368 -8.7327 0
108.302 77.1962 0
68.5094 -27.9829 0
-15.4745 -79.0914 0
-18.0946 -9.42374 0
2.1344 3.03209 0
-185.993 177.708 314.613
-0.60273 1.4613 0
1.20387 -1.76553 0
-0.348031 -1.8826 0
-44.5025 -236.641 44.967
64.5463 313.11 127.965
-32.827 -19.9383 0
-49.0284 21.759 0
-289.247 -44.7408 205.577
28.1353 -9.69107 0
-5.32291 2.04743 0
84.2398 -475.722 91.4961
154.144 -97.1554 255.057
217.115 81.776 290.335
-50.8927 32.2652 0
-3.81629 -1.82574 0
-1.53011 2.09276 0
125.251 -34.636 0
-24.6509 58.608 0
211.437 -16.1376 102.215
109.86 368.85 102.608
152.888 52.8742 151.935
-184.977 112.843 107.329
-0.537007 -1.34516 0
137.843 -5.37818 19.5584
24.7712 0.301578 0
1.93213 0.505208 0
-156.534 -29.8095 0
-8.6224 -8.4493 0
4.60655 3.87004 0
189.044 375.5 57.0336
89.7689 -153.942 30.9238
0.309301 82.4497 162.554
-177.18 -244.739 403.165
-3.11299 3.79157 0
10.4484 8.59586 0
11.7168 5.27774 0
-14.3155 -80.3122 0
14.1815 -11.1126 0
22.2658 -162.514 0
-70.3604 -183.376 0
-2.16964 2.72707 0
172.742 103.586 103.103
26.9319 16.3389 0
187.956 34.0754 4.97324
1.05567 -3.24868 0
-7.48751 2.91 0
68.6282 -164.474 0
0.322443 1.49293 0
-0.736364 3.6472 0
2.4369 5.2568 0
0.35159 4.52127 0
6.52757 -6.24496 0
-11.2644 -14.3369 0
46.4791 15.7283 0
785.651 92.7284 23.7629
1.74835 2.25457 0
69.4147 -185.931 49.0906
41.8037 -24.2716 0
-1.64729 -1.47583 0
-123.226 -234.294 191.983
-4.88619 -7.39758 0
-9.42605 109.577 18.8469
-6.69176 94.4219 0
-41.8319 22.8292 0
-2.1205 -3.06839 0
-23.1286 98.743 0
-25.1709 -23.6333 0
-10.5532 -9.25249 0
29.5684 209.371 0
4.34714 143.265 62.3855
-122.504 -19.3249 0
-40.9496 -10.4548 2.90291
5.11806 -1.06137 0
-2.68085 -3.47641 0
-2.8076 3.32243 0
-166.214 35.953 0
0.572316 -1.68645 0
-53.9259 46.0721 0
-103.24 17.8023 58.8582
-24.4699 -0.300652 0
238.615 100.906 96.6495
2.27444 4.38525 0
-5.20699 -0.617604 0
-83.5056 38.6672 0
0.805389 1.25471 0
-36.1918 -46.1844 0
50.9937 235.286 373.842
-38.7148 -12.0563 0
1.57637 -1.77379 0
-61.131 149.076 0
-8.98597 -111.589 11.2744
3.07944 -2.87162 0
-2.48539 0.969192 0
204.684 -84.4601 0
-2.07236 -4.04589 0
2.05736 -1.61432 0
0.349763 1.98142 0
-4.12357 1.39823 0
0.651423 -1.8678 0
0.67537 -1.94361 0
76.1493 50.8506 120.38
-81.9818 61.1762 10.1366
111.32 -3.48924 0
-4.59595 -1.93849 0
2.61295 -111.128 0
3.47212 2.19267 0
-354.641 -30.3321 159.993
-112.372 -108.243 0
-165.061 -115.377 0
122.942 -15.0997 29.3772
-2.09341 1.56423 0
-98.4089 17.9094 60.7665
-66.7282 -5.4648 0
-6.6852 2.57879 0
-2.32395 0.713422 0
-9.18275 -0.514959 0
-4.15991 -1.71679 0
-42.3128 1.11791 0
32.0044 54.7556 7.7252
-130.281 -106.805 43.3904
146.334 -96.0865 32.39
1.5424 1.32228 0
1.58744 1.88632 0
-32.2876 -79.6004 29.4709
1.52883 -7.73334 0
1.983 -18.868 0
-2.10649 4.60937 0
-111.249 -17.5665 7.25363
-40.7186 12.347 47.6414
2.0523 0.856938 0
-189.066 51.7525 400.307
40.1821 18.4999 0
2.39386 -0.192949 0
119.55 -305.505 0
-7.62188 -7.75568 0
-133.946 8.29584 199.272
145.745 -60.5244 0
15.2629 19.0213 0
-0.171223 2.53711 0
3.03532 -1.73447 0
-5.40391 -7.73126 0
-24.6087 -39.3801 0
0.0839005 1.78759 0
0.55519 1.6992 0
-102.871 -4.19993 65.3727
-24.4701 0.301639 0
-12.4041 42.6184 0
-178.412 -3.56941 25.6019
-2.48746 -8.52639 0
3.00656 3.3929 0
42.9302 -325.099 106.549
60.5585 -41.2212 14.9591
-19.3078 13.7424 0
-85.7972 -104.473 0
31.6712 36.1755 0
-11.9283 12.089 0
-2.10871 8.44982 0
40.6473 24.6423 0
-15.9988 -5.28204 0
-2.10455 0.0591553 0
-225.544 124.719 0
-33.6211 12.664 0
-50.8819 -24.8419 0
-62.8717 36.588 0
-72.9835 81.1468 6.09739
50.104 1.72628 0
-117.038 -134.074 0
24.1953 2.29044 0
-1.48904 14.9623 0
42.4203 -21.5899 0
16.1291 2.64065 0
11.6734 352.765 237.586
-9.08401 -19.8405 6.15539
2.39667 0.51327 0
-4.97384 -15.0201 0
-3.66149 1.40977 0
0.297738 -3.8636 0
0.861937 -3.31497 0
-2.28188 -19.2515 0
1.01264 -4.12283 0
-0.253403 10.1022 0
2.55885 -1.33373 0
-85.6963 -143.242 40.8223
4.62389 159.076 44.8975
10.7274 3.37435 0
51.8554 110.247 0
-4.13281 21.9567 0
0.284299 -1.37957 0
0.300027 -117.464 145.399
0.992878 -86.3207 0
49.4233 73.4531 91.9282
12.7208 0.24883 0
-1.72922 10.3553 0
102.666 -219.924 120.952
2.26886 0.576104 0
-1.86696 -0.381431 0
96.2089 -129.544 63.2979
41.1889 26.0263 0
0.300569 -0.30057 32.4073
0.3 -0.300074 141.504
0.30076 -0.301857 36.6241
8.09699 -1.82538 0
-8.35399 17.3578 0
115.818 35.245 70.8594
8.71955 2.87361 0
-15.8488 2.44136 0
122.776 -211.506 0
40.1101 16.0378 15.9287
34.1286 52.107 0
10.8883 -148.884 0
16.0886 132.265 18.6505
0.301061 24.4881 0
5.29559 -0.630698 0
1.52891 2.42758 0
11.8415 22.9815 0
86.2009 -56.4974 41.4686
4.65392 -76.8529 0
-10.0367 13.4011 0
16.0298 13.794 0
-30.5324 -8.68404 0
2.68909 -0.364135 0
18.4577 -98.2899 59.0452
-0.686186 -54.0191 0
-34.2331 -53.9598 0
-34.8252 -0.691654 0
-215.027 -330.479 286.579
-17.6239 70.3206 25.7835
66.7908 82.4806 0
11.867 9.90411 0
102.416 -171.517 104.621
55.246 78.8817 0
0.300001 -1.24821e-06 32.4369
0.3001 2.88683e-05 141.602
0.3003 -0.000258484 36.7083
4.32275 -3.21619 0
-4.7389 14.4002 0
-4.48369 0.377165 0
8.99466 -0.987232 0
25.9676 4.36451 0
4.8426 7.95453 0
86.177 131.882 101.376
13.1942 28.1038 0
2.00666 -1.11183 0
17.448 111.106 32.5263
-7.63807 64.2862 26.8567
-2.59644 -0.306774 0
-0.15799 -0.139571 0
1.55507 -4.67575 0
8.93909 114.258 0
2.2248 -8.34026 0
-0.697916 1.44313 0
-4.36014 0.0600311 0
67.8854 157.925 0
1.18885 16.7783 0
18.2065 -98.6348 60.7026
9.29693 -16.6961 8.55337
-5.28102 -2.15415 0
10.6358 11.4891 0
3.5115 9.78228 0
-112.912 4.65761 100.536
0.514914 -58.7408 0
2.2447 -1.29591 0
-3.10838 -38.4234 0
-25.1236 -26.5509 0
0.300103 0.29998 32.4073
0.300461 0.300207 141.506
0.3002 0.300242 36.6223
-28.79 135.962 0
-403.631 -198.439 0
-139.003 -45.5977 54.8481
-1.71498 -17.7083 0
-23.4442 -48.3665 0
88.2856 73.5004 73.9617
8.88877 5.8915 0
-129.917 -15.5404 323.897
30.7855 34.5791 0
0.300546 142.51 134.032
-0.392794 86.3216 0
0.237044 -2.96295 0
-1.11004 -1.22909 0
-3.41589 -35.0124 0
5.81286 -3.61977 0
2.64796 78.4601 0
2.48261 1.76556 0
170.729 62.3772 81.5855
1.27342 -1.82348 0
0.304747 3.41822 0
9.06774 -2.96032 0
-39.988 -10.0141 0
2.83746 4.54807 0
-2.95806 -4.6845 0
25.6845 -4.46138 315.061
1.82797 -1.53673 0
12.0279 -129.213 49.6366
-5.8947 -22.3111 0
-36.8552 73.0084 0
337.476 502.924 137.604
3.19242 -3.15049 0
-137.566 -144.455 27.1411
36.8116 33.6593 0
1.92645 -1.97248 0
-4.91236 -4.18762 0
8.32684 -4.88693 0
3.466 -2.84834 0
-37.9942 230.297 0
-8.11134 -4.13328 0
-24.2671 7.30465 0
404.805 -198.934 21.5905
8.28587 -7.70311 0
12.0455 -9.17947 0
0.630154 7.11077 0
1.16945 -2.80977 0
1.81555 -3.28358 0
-22.1263 -66.1623 0
4.64852 5.22999 0
-2.63047 1.56945 0
37.4611 -11.8614 0
2.22398 -1.16955 0
2.1913 0.0330651 0
-136.775 372.756 0
137.532 15.8541 17.6094
80.6265 4.33749 0
-26.4577 -24.4746 0
-99.9214 -95.672 0
83.792 345.898 7.55347
-114.344 -227.739 271.173
-284.321 -7.85543 9.69721
-172.228 -35.2597 8.5403
35.8069 64.653 0
8.13805 6.19984 0
9.11823 9.3722 0
-98.7473 -259.881 116.949
-0.339865 -1.79517 0
80.4743 281.238 156.716
0.183261 0.148392 0
274.892 324.735 347.696
-194.623 -140.159 6.53586
-0.369684 1.20248 0
2.61174 0.699934 0
20.5249 -251.037 0
148.45 -56.5515 406.956
1.56087 -2.23323 0
104.728 37.6607 0
-0.962158 99.9611 10.827
63.0955 43.944 116.204
1.98861 -1.46025 0
-72.1576 11.7973 0
-2.96272 -2.67707 0
2.00554 0.0048405 0
-0.927748 12.9546 0
0.297204 -2.30034 0
35.5106 113.19 78.8884
-45.0961 105.071 137.273
132.679 15.7924 18.7322
71.054 0.321015 0
-101.752 -32.51 0
2.75959 0.418042 0
17.7458 -1.52333 0
0.89262 -8.15502 0
73.7526 -15.2781 0
-308.925 290.311 56.633
-75.4877 -39.7217 0
-40.7877 -10.0983 0
115.166 194.401 0
1.26371 -1.80608 0
4.243 6.69914 0
121.321 -206.943 84.4971
-47.0338 -48.3882 0
-82.0909 -40.2561 0
11.3376 6.65657 0
14.003 71.0922 0
112.906 -116.535 0
1.25088 -1.85909 0
4.52703 0.778045 0
179.125 120.506 0
-572.282 472.878 536.707
7.87887 -7.26752 0
390.92 -207.589 133.887
1.95246 1.76877 0
-0.0614434 6.79556 0
3.60503 -3.69543 0
-215.164 198.432 30.2189
5.0389 -26.3387 0
244.543 179.291 113.767
3.0119 -46.68 0
1.52034 4.04804 0
138.167 -5.38466 19.5856
50.2316 2.41508 0
-130.735 209.177 32.4273
-1.93133 -3.66259 0
-78.0301 76.5545 48.8199
-124.851 -134.462 0
-72.1912 -196.115 0
4.96941 -5.87798 0
92.6442 42.8989 0
-46.1009 -1.14538 0
-13.4386 -63.6368 211.088
10.7487 8.59602 0
60.0815 101.53 0
-14.6044 -75.8087 0
-62.5758 4.60068 0
28.2329 -6.34155 0
-3.84371 -4.04603 0
-35.5372 -13.3208 0
68.1885 29.6188 0
99.0257 239.137 0
2.16816 -0.545288 0
-35.6486 -15.0285 48.5773
-4.3183 3.30824 0
-6.07339 3.2126 0
3.60345 6.59818 0
50.1264 37.1972 25.5902
3.13192 2.71206 0
2.4432 9.17518 0
-45.3572 62.4268 128.209
5.04715 -3.89777 0
2.09101 -0.483343 0
-11.0918 144.646 0
1.59632 -2.54488 0
3.39523 -5.69048 0
-3.83745 1.93084 0
29.1401 -70.2473 0
55.9837 -108.259 0
7.5261 1.39347 0
3.69839 -1.92203 0
-1.36454 -2.2301 0
1.90245 -5.06919 0
32.8052 -31.2313 0
0.043054 8.26425 0
-18.95 -18.2393 0
-10.2418 -9.19908 0
29.9341 208.996 0
4.47036 143.866 61.3861
50.6037 -86.5725 0
-45.0837 40.4857 0
130.083 105.115 0
19.7256 182.775 38.9156
135.036 105.566 0
221.418 282.001 6.52922
4.72348 68.6901 0
2.34147 0.868301 0
-102.946 17.7996 58.8551
-24.4205 -0.300663 0
-0.177392 2.08554 0
-0.1686 1.55566 0
-2.03663 -2.23798 0
-30.0757 -28.4828 0
-128.063 13.573 0
-53.9594 -138.321 0
-2.67384 3.23058 0
-0.138098 1.90439 0
2.55418 -2.11554 0
-62.9845 162.847 0
-64.7225 -90.991 14.4476
3.58541 -1.21571 0
43.2796 -29.1743 0
27.9438 -18.4951 0
-2.87943 1.92247 0
-0.157523 0.417313 0
113.354 255.229 26.462
0.848098 -1.77559 0
135.927 13.8286 100.598
2.26715 -0.852095 0
65.7076 66.9408 158.776
-81.6738 61.1346 10.1567
-23.9132 -9.1413 0
19.967 41.4751 0
86.3005 133.779 0
-3.26891 2.01023 0
-6.41381 -6.11026 0
-76.0755 -41.6045 0
-38.9641 -37.1631 0
2.24686 0.357674 0
42.5444 65.3103 0
-98.1054 17.9076 60.7642
-24.1784 0.00112212 0
-4.48733 -0.314602 0
217.979 140.954 0
2.52239 -3.45865 0
54.0993 55.3213 0
-32.577 7.60516 0
38.8711 196.736 13.3258
-0.894553 6.64406 0
-28.3927 -2.35587 0
0.240647 1.83238 0
2.84221 1.20192 0
-32.0086 -79.5496 29.4888
249.42 167.766 0
-83.4023 -66.6509 13.0562
11.2132 -5.31789 0
3.30224 -0.475761 0
1.20975 1.5901 0
72.748 -99.1038 140.326
52.9994 -35.7699 0
-48.0708 -28.8392 0
-70.9289 -69.1719 11.3131
35.9973 -337.011 0
39.7888 -74.855 0
2.60281 -1.12987 0
2.3917 -29.3601 0
323.538 255.188 100.583
-242.678 -369.57 119.248
-0.146959 1.62169 0
2.15317 -1.07892 0
-14.9028 148.254 13.095
1.99054 0.402892 0
-200.923 133.115 107.708
-102.58 -4.19691 65.3701
-24.42 0.302157 0
25.3104 138.665 104.495
-186.507 -2.0826 18.4514
-1.46898 -18.4075 0
0.26805 -3.98073 0
1.08428 1.57823 0
-30.6883 -58.1019 0
-12.4392 -6.66489 0
-81.1709 -11.8312 7.85173
0.709685 1.43448 0
-11.0384 11.4348 0
0.185513 13.6658 0
38.7508 23.2379 0
-31.2461 9.14324 0
0.589619 17.2628 0
-0.128469 -2.15411 0
-0.148645 -0.428073 0
1.93773 10.8901 0
-1.20597 1.50866 0
-88.6579 -52.8944 15.8056
0.134352 -1.45057 0
-107.532 -118.326 0
-96.5978 -66.3724 0
-40.4202 -148.321 123.107
120.917 77.4352 0
141.573 -30.3277 85.5171
17.6663 429.35 29.5284
219.142 32.7104 0
2.6436 1.75594 0
1.0767 94.7019 0
64.0277 186.84 235.889
0.600784 -3.85387 0
6.14966 -1.32296 0
-1.99465 -19.2381 0
3.2878 -12.9621 0
-2.72368 8.25274 0
3.39331 -4.88001 0
-0.459216 0.185513 0
4.89596 7.07631 0
64.4271 195.117 86.9042
-0.393243 41.6392 0
41.9608 214.271 139.222
-0.539012 -2.16232 0
0.600107 -117.517 145.367
1.29967 -86.3128 0
-1.67698 2.2231 0
0.0151363 -3.36851 0
-0.264279 3.52689 0
-44.5908 -267.386 110.209
0.728162 16.423 0
-5.76494 -50.0247 321.275
-106.808 -108.362 229.763
-13.6383 -6.03399 0
0.601056 -0.300603 32.4037
0.600017 -0.300075 141.5
0.600898 -0.300754 36.6177
-16.5857 -6.99608 0
13.4745 -12.8851 0
-9.56628 22.5817 0
6.78775 4.97546 0
7.50726 5.69447 0
-3.26099 1.8925 0
-12.2172 152.832 58.9115
163.251 -64.3539 251.055
10.1063 -146.645 0
16.3828 132.331 18.6072
-2.99493 82.4988 0
-14.8945 0.205795 0
1.29634 2.57207 0
2.44445 6.9515 0
-15.6651 -21.0815 0
-1.85935 74.5669 0
81.363 29.4803 76.263
34.2036 70.9018 0
-83.1617 -14.6377 158.644
3.06412 -1.88901 0
18.7565 -98.3766 59.0194
-0.380656 -53.81 0
-0.249795 1.46504 0
2.35609 -0.875101 0
89.739 4.95853 142.566
-5.25049 4.52724 0
-15.5768 -31.4672 0
570.949 -71.8285 192.361
16.7041 -0.400705 0
0.278254 -3.01065 0
0.600003 -9.26081e-07 32.4327
0.600016 1.53885e-08 141.597
0.600104 -3.64125e-06 36.7031
21.3702 -23.8818 0
20.4408 -10.7679 0
23.6738 -7.5486 0
5.36281 3.72258 0
23.968 23.0426 0
-32.4495 -38.622 0
-5.35418 -49.5112 0
-87.8135 15.6501 91.8893
-0.218983 2.56307 0
17.7471 111.19 32.4884
-7.33342 64.2608 26.8608
-10.587 8.3534 0
9.98412 28.653 0
0.431149 25.0098 0
2.09536 1.8097 0
145.845 -61.5687 0
0.403592 4.6467 0
-1.9529 -20.3712 0
283.51 -163.658 63.9302
101.465 136.364 42.5812
18.4988 -98.7155 60.668
10.5136 -15.6163 7.81711
0.520018 -8.38832 0
-0.0164017 3.40606 0
47.2272 113.421 0
-9.16717 -0.633028 0
-20.976 -88.8769 0
-1.57205 17.9133 0
-10.8544 -27.1979 0
-47.0396 46.239 0
0.600366 0.299985 32.4036
0.600192 0.30004 141.501
0.600949 0.3002 36.6179
2.65046 5.23374 0
-0.683773 -2.14499 0
2.63869 -0.223274 0
-33.5602 -30.9691 0
102.208 3.28852 28.9116
180.782 -254.123 54.1984
-8.03309 -150.447 18.625
4.75025 0.707356 0
-32.5293 105.875 0
0.600097 142.558 133.994
-0.0929272 86.3186 0
0.53973 -2.94375 0
-1.6165 -1.53592 0
-26.5972 -15.0255 0
2.64706 -35.588 0
-2.34048 1.43984 0
37.3103 -0.460253 0
-1315.65 -559.62 575.38
-162.365 -64.5813 44.1329
0.606631 3.4166 0
-2.08106 6.03919 0
1.52969 6.20126 0
8.38679 4.9432 0
-2.49079 -4.17751 0
-67.2679 -11.424 0
11.5572 5.26121 0
-54.1037 -138.896 91.2497
-62.3451 -26.4062 0
14.0737 -11.2821 0
2.07959 -1.20187 0
2.36465 0.145456 0
-119.063 -98.9541 0
-12.5838 118.194 12.4958
1.37415 -2.18096 0
4.2261 -7.8401 0
11.6868 -10.5824 0
0.524594 91.1009 494.633
-38.0535 -94.0763 46.7968
-5.61889 120.865 3.29271
3.32798 -7.17131 0
2.33191 -0.477695 0
7.97409 -7.5876 0
12.3764 -9.24621 0
-2.86028 10.405 0
-4.90078 -6.08294 0
2.88438 -58.9391 0
18.5354 -0.99866 0
1.43026 -3.33324 0
182.635 -53.9129 54.115
242.358 -4.30727 2.11744
3.071 1.12735 0
22.2592 17.1501 0
38.8453 -156.521 12.6655
-163.321 107.482 26.4691
84.7876 -1.31449 0
-65.4718 45.006 0
-33.218 2.55011 0
-228.928 231.386 99.4172
9.39502 -2.17382 0
272.362 73.9303 88.3563
-5.28337 9.98188 0
60.9119 -11.8758 0
13.0517 -8.69778 0
12.3934 12.6793 0
74.3002 240.057 0
50.5268 -207.57 0
-123.548 62.0094 155.406
-0.0848816 1.79298 0
-41.9239 -9.34645 0
-43.2698 44.3041 0
1.86302 1.35682 0
2.196 -2.07679 0
0.0126551 3.34134 0
-2.13798 0.168877 0
2.18384 -0.471221 0
7.3942 -3.50048 0
-238.073 184.757 129.812
-8.67394 3.16214 0
2.56416 -0.31819 0
-22.4112 2.66185 0
-9.4116 30.2757 0
1.88983 -1.94693 0
-3.61041 3.90357 0
-171.871 50.306 10.2907
2.53812 -2.13987 0
-0.825164 3.48856 0
-96.1434 97.2746 67.9407
91.2611 0.869973 0
6.63584 -155.155 17.7042
11.9237 -105.819 0
2.01669 0.256908 0
1.41242 -5.0646 0
3.16323 -1.29151 0
92.3782 6.90061 63.8174
137.307 123.586 43.6311
-323.932 247.975 90.4568
29.6 15.3184 0
218.23 220.117 155.206
-296.805 -58.9189 132.845
-167.127 132.3 57.2714
-0.817543 -2.86493 0
-58.5451 -65.8085 46.0984
-162.951 32.8885 0
43.1823 77.9291 0
23.0209 3.79349 0
4.24795 27.6027 0
-180.289 -133.982 0
4.59442 -0.322687 0
-249.447 203.51 163.916
-145.058 106.716 3.26979
734.855 -197.993 227.654
1.24566 1.57882 0
-19.3844 -2.02322 0
35.654 -351.526 105.692
-0.753914 -205.012 107.526
4.76356 -81.2063 0
-1.42849 -1.48989 0
2.86579 5.67618 0
2.4396 -0.425562 0
-172.584 -7.93616 61.4544
68.892 2.58217 0
176.303 212.967 678.478
3.75157 2.32785 0
1.32248 6.25706 0
0.673123 -1.20646 0
3.19794 -1.39414 0
0.0196768 -66.0594 61.2366
-4.74722 -71.7052 26.4929
-5.3209 253.986 87.7929
1.4644 1.52088 0
11.0821 8.65 0
10.1858 2.73594 0
-110.15 -58.7103 12.4481
1.12002 -5.73188 0
93.8996 107.185 8.13152
159.684 48.1238 0
2.21137 6.40197 0
-48.3907 128.243 283.642
-9.52632 1.53227 0
5.61539 -9.28326 0
-0.771444 -0.457677 0
-4.58813 4.23829 0
-96.4242 85.9562 49.6897
2.25456 0.0175604 0
-0.497877 1.35213 0
-15.0204 30.7109 0
3.00603 2.15691 0
-32.8229 -38.5753 0
52.8039 200.734 31.923
-14.409 -17.8989 0
160.743 166.148 63.9202
2.28974 -0.697412 0
6.84169 -9.68372 0
-2.6961 -9.36293 0
2.10722 0.255396 0
1.87893 -1.94306 0
27.0935 27.8413 0
2.29419 0.908558 0
6.50552 -15.4553 0
2.14025 -0.41388 0
-94.3505 -88.6319 0
-33.1183 26.6694 0
-1.16693 -1.74843 0
-17.3875 78.1734 129.076
-64.0564 205.691 17.6418
-29.6805 70.2011 0
32.8768 -36.6055 0
-3.11686 18.9079 0
441.232 -251.117 89.436
2.1214 -0.323745 0
90.6601 60.7637 0
-17.1114 -227.599 36.3167
-55.6429 87.3701 110.762
104.571 -0.525064 0
-107.823 17.5132 58.0369
-24.1082 -0.300555 0
-48.5695 -80.282 0
-21.6216 2.71634 0
-0.138715 1.46879 0
7.71535 3.514 0
-52.7704 0.824267 0
-197.793 13.2946 19.6634
9.0421 18.2193 0
201.588 325.973 90.5608
0.677296 1.95072 0
1032.6 -617.589 57.5267
-0.4646 -1.56567 0
-0.591607 -3.62413 0
2.30896 -3.81121 0
8.87064 2.49487 0
-25.0218 -35.0476 0
-497.387 350.089 543.366
2.02148 0.0339261 0
2.11607 -0.916237 0
-0.372996 1.29656 0
-61.0518 42.1924 109.36
-183.387 251.153 299.415
-75.6081 87.8887 0
-0.572582 1.44436 0
83.4183 -42.5996 0
1.17197 -2.42673 0
52.4593 144.675 0
3.08802 4.59644 0
0.187406 -1.82511 0
53.3639 60.7233 0
8.09765 24.1667 130.197
51.8652 1.69691 0
-102.863 17.6221 59.9727
-24.1165 0.000906573 0
-8.44237 -0.237996 0
-42.9489 11.8274 0
3.3638 20.488 0
17.2187 19.5682 0
12.033 0.395527 0
4.48737 1.34832 0
-25.0804 -17.0928 0
-75.3944 -108.592 76.5968
-19.9589 29.5059 37.4648
58.9368 -319.34 91.3094
-27.812 -111.918 11.8053
-4.36662 4.03374 0
-34.9717 -44.4923 0
-46.0031 -102.972 0
2.30568 3.92936 0
123.962 21.1889 0
64.1688 12.9205 0
-126.286 -104.425 103.685
-611.978 -29.1683 293.901
1.38637 -1.57313 0
-74.5247 -75.2486 162.49
52.4249 -19.8587 0
101.416 268.199 119.581
64.7249 -38.8453 0
1.83387 5.04441 0
13.046 -6.71901 0
12.2279 1.42356 0
7.20383 -1.72151 0
51.6841 -220.123 0
-1.1987 -2.07651 0
21.7263 1.8069 0
-107.7 -4.16121 64.4694
-24.1071 0.301943 0
-32.2519 -73.3971 0
-105.25 16.5221 0
-169.184 -243.812 0
-102.612 -70.5396 3.09027
-16.7351 19.9066 71.8778
15.0811 -3.26354 0
-35.7113 -15.6734 0
236.966 242.648 205.577
0.396101 1.82811 0
-0.737516 0.471989 0
-267.28 102.99 33.964
9.81619 18.8509 0
2.71016 12.3692 0
2.87454 1.90398 0
-8.15182 -0.767195 0
2.34689 0.224988 0
16.7408 5.9436 0
-70.3664 11.0108 0
-7.82788 -18.6071 0
-357.764 212.831 1.56727
-91.2087 -94.1041 0
-2.90743 -3.21253 0
2.5352 0.0423092 0
0.822503 31.825 0
29.5331 84.2683 0
-52.519 127.435 192.33
1.9588 0.594173 0
12.2991 17.6557 0
1.02918 1.69405 0
-137.992 -17.959 0
0.904078 -3.43088 0
2.08481 -0.292322 0
-1.86531 -19.5397 0
-0.226184 -1.65903 0
-189.694 -69.9041 84.873
0.413597 -1.87211 0
7.61415 -49.2285 0
7.49346 4.51395 0
0.653854 -2.80126 0
0.53647 -9.49427 0
5.13992 28.5493 0
0.515152 -1.90577 0
0.900978 -141.849 129.035
0.900934 -82.6965 0
2.78681 1.06479 0
0.857501 -2.80477 0
5.29514 -4.72708 0
-15.0642 -14.1342 0
4.5895 -3.42155 0
-9.20049 -74.4895 0
2.00999 -2.46282 0
2.85666 -0.674994 0
0.900245 -0.30014 32.399
0.900202 -0.300106 140.975
0.900572 -0.300227 36.1588
-67.3669 -7.73195 0
-7.23033 -1.3321 0
-94.8641 43.0699 44.3558
27.3632 3.37631 0
-4.48313 10.6645 0
3.87515 1.11847 0
-14.9862 48.0357 0
-0.193951 5.92577 0
-0.537372 5.36637 0
-4.38578 156.659 11.5306
0.901304 24.6825 0
10.6 13.3781 0
178.644 5.61138 0
-28.9401 -24.3804 0
-8.67006 12.6146 0
-3.72787 0.761472 0
-59.9384 117.524 0
-6.02458 -19.6074 0
-4.56187 -41.7726 0
2.55585 1.61378 0
-3.12306 -124.786 59.1102
-0.0712158 -58.542 0
-15.7241 9.49618 0
-8.55785 -183.651 9.47636
-17.2576 37.27 0
3.42605 -5.99668 0
-39.3481 23.4288 0
6.07675 -5.09555 0
1.16079 -2.11812 0
1.99088 -1.81675 0
0.900127 -1.42773e-06 32.4063
0.900188 -3.58668e-08 141.09
0.900794 -2.01697e-06 36.2592
15.1082 -48.0142 18.4732
-1.21166 -1.70947 0
-34.4503 -16.7101 0
-240.636 62.9637 93.6393
-66.0749 -11.335 96.8642
220.655 -168.616 22.1261
44.6245 -39.9932 77.8695
9.96155 -10.438 0
2.4373 -2.0571 0
-6.74314 82.111 58.8253
-6.80148 65.3871 23.9418
-0.3334 1.25397 0
-99.7041 6.4341 17.9106
-1.61103 -13.4075 0
-22.9236 23.7568 0
-81.2039 152.75 7.46755
0.383408 -2.43342 0
2.72941 17.6013 0
1.62202 1.32215 0
2.60332 15.2438 0
-3.15733 -125.109 61.0609
2.24743 -18.9394 9.46767
-54.3336 -41.7181 0
3.15046 2.25449 0
-88.0815 28.8323 0
4.56072 0.207902 0
0.660656 -2.46529 0
-1.88255 -1.43225 0
16.1482 -126.736 0
0.923018 1.99492 0
0.901193 0.299989 32.4005
0.900377 0.300071 140.976
0.901915 0.300214 36.1607
-14.7097 21.6927 1.68663
0.70373 -4.95918 0
-60.9223 -54.9492 0
1.37505 1.53486 0
-38.1214 23.9343 0
-3.67926 5.28979 0
-12.4246 -75.7029 2.68295
2.11104 1.01955 0
-0.724467 1.82894 0
0.900976 164.588 115.408
0.171734 87.8058 0
-3.15867 -4.60359 0
-11.2133 -26.1476 0
-5.90187 -0.638537 0
-3.42053 -3.99255 0
18.4074 12.6051 0
-27.1204 -117.449 0
-74.6773 42.0089 0
0.604719 1.54431 0
0.909739 3.41765 0
62.7557 273.589 127.273
0.594585 7.448 0
-44.17 82.4003 0
-124.799 6.9741 58.4787
1.30638 1.33868 0
-2.38785 0.613695 0
123.372 -32.1213 0
22.1863 -259.969 13.9345
-5.90401 -3.62069 0
2.99453 -0.075046 0
0.833907 1.70773 0
-222.901 52.3493 0
87.4289 81.5123 0
1.9943 -3.15327 0
-56.0284 29.3868 0
2.0752 -1.39819 0
12.6731 -116.422 0
-2.87844 -10.7547 0
0.497198 -2.44761 0
0.308598 -2.29929 0
0.446798 -1.79409 0
2.45067 -0.632678 0
188.576 -163.059 206.392
0.167867 1.83397 0
0.551753 6.51382 0
7.46455 -8.16097 0
126.507 -156.078 6.15526
-28.8788 -43.184 146.127
21.6743 -57.5192 0
177.471 80.735 0
0.931822 2.19408 0
-45.8309 -97.5589 0
119.293 25.3343 0
165.272 -0.300054 115.345
94.2047 -0.299106 0
-8.82391 0.826182 0
0.531839 -2.808 25.7589
159.799 77.2763 0
50.4075 29.3871 0
-22.4465 -44.1567 45.6927
22.7975 8.19978 0
0.144601 1.46215 0
-59.2573 43.9396 0
2.27305 0.758585 0
1.90582 2.79132 0
-117.566 144.593 0
-110.998 84.7934 0
33.8626 -6.27186 0
-80.0814 -8.57142 0
-135.272 79.1357 0
34.0615 -173.055 0
-52.5043 -50.1339 0
3.22882 -0.117185 0
-25.2798 -17.0714 0
76.7326 -136.507 23.6359
14.778 -15.237 0
-265.412 412.281 41.1754
-6.47899 29.5413 0
-10.0911 3.25769 0
5.5601 -1.76479 0
132.491 -129.161 0
-47.7778 20.9924 0
-4.77688 13.3297 0
0.81969 2.5421 0
4.0299 4.12876 0
-0.598341 -2.51107 0
165.139 1.0744e-05 115.471
94.2261 0.00713755 0
-4.47713 -0.185909 0
-1.42152 -1.55362 0
2.56506 -3.18571 0
-51.4294 -6.94121 6.10269
179.592 -72.8923 143.838
-41.0039 -33.851 0
1.74585 3.23193 0
-132.922 168.662 126.499
-100.161 -11.7762 9.80705
11.2235 13.6071 0
-40.1701 79.3856 0
-79.793 -53.2335 0
10.5422 6.2585 0
2.22116 -0.530912 0
-103.568 -50.8454 0
-70.6513 -55.6029 44.2994
3.00043 42.5003 0
-227.618 36.7722 195.088
-147.6 49.2739 27.5403
1.82097 0.840583 0
1.23398 -2.24998 0
-1.24841 -1.62743 0
-117.078 24.1661 0
-14.1339 0.69275 0
2.05992 0.437552 0
-3.35924 -15.5044 0
-71.4575 -140.274 0
29.909 39.1251 0
-21.7529 -36.1215 0
168.242 119.635 0
-0.419923 -1.43562 0
165.272 0.300063 115.345
94.2249 0.313454 0
-8.83517 -1.34624 0
29.561 -182.242 11.4577
37.4925 -61.4941 0
-2.72498 5.44346 0
-0.900596 -1.87853 0
-0.693496 2.12185 0
-2.80614 6.86533 0
-5.80844 5.61733 0
1.53133 1.44654 0
-5.14249 10.4541 0
2.43479 1.81145 0
133.911 154.3 0
15.3571 14.0748 0
10.3118 -0.789286 0
6.23495 -0.364068 0
47.9453 39.4291 82.7217
8.31431 64.3365 0
187.317 24.4327 0
-20.4816 13.8991 0
2.52119 -0.1882 0
-1.08782 1.46378 0
90.2054 -79.8504 0
-52.5694 -123.26 0
1.36292 7.54718 0
-9.02584 -20.3509 0
2.57555 0.527467 0
-3.87705 -5.77427 0
17.678 -1.48495 0
1.28412 1.36031 0
1.32405 -2.49692 0
VERTICES 2541 5082
1 0
1 1
1 2
1 3
1 4
1 5
1 6
1 7
1 8
1 9
1 10
1 11
1 12
1 13
1 14
1 15
1 16
1 17
1 18
1 19
1 20
1 21
1 22
1 23
1 24
1 25
1 26
1 27
1 28
1 29
1 30
1 31
1 32
1 33
1 34
1 35
1 36
1 37
1 38
1 39
1 40
1 41
1 42
1 43
1 44
1 45
1 46
1 47
1 48
1 49
1 50
1 51
1 52
1 53
1 54
1 55
1 56
1 57
1 58
1 59
1 60
1 61
1 62
1 63
1 64
1 65
1 66
1 67
1 68
1 69
1 70
1 71
1 72
1 73
1 74
1 75
1 76
1 77
1 78
1 79
1 80
1 81
1 82
1 83
1 84
1 85
1 86
1 87
1 88
1 89
1 90
1 91
1 92
1 93
1 94
1 95
1 96
1 97
1 98
1 99
1 100
1 101
1 102
1 103
1 104
1 105
1 106
1 107
1 108
1 109
1 110
1 111
1 112
1 113
1 114
1 115
1 116
1 117
1 118
1 119
1 120
1 121
1 122
1 123
1 124
1 125
1 126
1 127
1 128
1 129
1 130
1 131
1 132
1 133
1 134
1 135
1 136
1 137
1 138
1 139
1 140
1 141
1 142
1 143
1 144
1 145
1 146
1 147
1 148
1 149
1 150
1 151
1 152
1 153
1 154
1 155
1 156
1 157
1 158
1 159
1 160
1 161
1 162
1 163
1 164
1 165
1 166
1 167
1 168
1 169
1 170
1 171
1 172
1 173
1 174
1 175
1 176
1 177
1 178
1 179
1 180
1 181
1 182
1 183
1 184
1 185
1 186
1 187
1 188
1 189
1 190
1 191
1 192
1 193
1 194
1 195
1 196
1 197
1 198
1 199
1 200
1 201
1 202
1 203
1 204
1 205
1 206
1 207
1 208
1 209
1 210
1 211
1 212
1 213
1 214
1 215
1 216
1 217
1 218
1 219
1 220
1 221
1 222
1 223
1 224
1 225
1 226
1 227
1 228
1 229
1 230
1 231
1 232
1 233
1 234
1 235
1 236
1 237
1 238
1 239
1 240
1 241
1 242
1 243
1 244
1 245
1 246
1 247
1 248
1 249
1 250
1 251
1 252
1 253
1 254
1 255
1 256
1 257
1 258
1 259
1 260
1 261
1 262
1 263
1 264
1 265
1 266
1 267
1 268
1 269
1 270
1 271
1 272
1 273
1 274
1 275
1 276
1 277
1 278
1 279
1 280
1 281
1 282
1 283
1 284
1 285
1 286
1 287
1 288
1 289
1 290
1 291
1 292
1 293
1 294
1 295
1 296
1 297
1 298
1 299
1 300
1 301
1 302
1 303
1 304
1 305
1 306
1 307
1 308
1 309
1 310
1 311
1 312
1 313
1 314
1 315
1 316
1 317
1 318
1 319
1 320
1 321
1 322
1 323
1 324
1 325
1 326
1 327
1 328
1 329
1 330
1 331
1 332
1 333
1 334
1 335
1 336
1 337
1 338
1 339
1 340
1 341
1 342
1 343
1 344
1 345
1 346
1 347
1 348
1 349
1 350
1 351
1 352
1 353
1 354
1 355
1 356
1 357
1 358
1 359
1 360
1 361
1 362
1 363
1 364
1 365
1 366
1 367
1 368
1 369
1 370
1 371
1 372
1 373
1 374
1 375
1 376
1 377
1 378
1 379
1 380
1 381
1 382
1 383
1 384
1 385
1 386
1 387
1 388
1 389
1 390
1 391
1 392
1 393
1 394
1 395
1 396
1 397
1 398
1 399
1 400
1 401
1 402
1 403
1 404
1 405
1 406
1 407
1 408
1 409
1 410
1 411
1 412
1 413
1 414
1 415
1 416
1 417
1 418
1 419
1 420
1 421
1 422
1 423
1 424
1 425
1 426
1 427
1 428
1 429
1 430
1 431
1 432
1 433
1 434
1 435
1 436
1 437
1 438
1 439
1 440
1 441
1 442
1 443
1 444
1 445
1 446
1 447
1 448
1 449
1 450
1 451
1 452
1 453
1 454
1 455
1 456
1 457
1 458
1 459
1 460
1 461
1 462
1 463
1 464
1 465
1 466
1 467
1 468
1 469
1 470
1 471
1 472
1 473
1 474
1 475
1 476
1 477
1 478
1 479
1 480
1 481
1 482
1 483
1 484
1 485
1 486
1 487
1 488
1 489
1 490
1 491
1 492
1 493
1 494
1 495
1 496
1 497
1 498
1 499
1 500
1 501
1 502
1 503
1 504
1 505
1 506
1 507
1 508
1 509
1 510
1 511
1 512
1 513
1 514
1 515
1 516
1 517
1 518
1 519
1 520
1 521
1 522
1 523
1 524
1 525
1 526
1 527
1 528
1 529
1 530
1 531
1 532
1 533
1 534
1 535
1 536
1 537
1 538
1 539
1 540
1 541
1 542
1 543
1 544
1 545
1 546
1 547
1 548
1 549
1 550
1 551
1 552
1 553
1 554
1 555
1 556
1 557
1 558
1 559
1 560
1 561
1 562
1 563
1 564
1 565
1 566
1 567
1 568
1 569
1 570
1 571
1 572
1 573
1 574
1 575
1 576
1 577
1 578
1 579
1 580
1 581
1 582
1 583
1 584
1 585
1 586
1 587
1 588
1 589
1 590
1 591
1 592
1 593
1 594
1 595
1 596
1 597
1 598
1 599
1 600
1 601
1 602
1 603
1 604
1 605
1 606
1 607
1 608
1 609
1 610
1 611
1 612
1 613
1 614
1 615
1 616
1 617
1 618
1 619
1 620
1 621
1 622
1 623
1 624
1 625
1 626
1 627
1 628
1 629
1 630
1 631
1 632
1 633
1 634
1 635
1 636
1 637
1 638
1 639
1 640
1 641
1 642
1 643
1 644
1 645
1 646
1 647
1 648
1 649
1 650
1 651
1 652
1 653
1 654
1 655
1 656
1 657
1 658
1 659
1 660
1 661
1 662
1 663
1 664
1 665
1 666
1 667
1 668
1 669
1 670
1 671
1 672
1 673
1 674
1 675
1 676
1 677
1 678
1 679
1 680
1 681
1 682
1 683
1 684
1 685
1 686
1 687
1 688
1 689
1 690
1 691
1 692
1 693
1 694
1 695
1 696
1 697
1 698
1 699
1 700
1 701
1 702
1 703
1 704
1 705
1 706
1 707
1 708
1 709
1 710
1 711
1 712
1 713
1 714
1 715
1 716
1 717
1 718
1 719
1 720
1 721
1 722
1 723
1 724
1 725
1 726
1 727
1 728
1 729
1 730
1 731
1 732
1 733
1 734
1 735
1 736
1 737
1 738
1 739
1 740
1 741
1 742
1 743
1 744
1 745
1 746
1 747
1 748
1 749
1 750
1 751
1 752
1 753
1 754
1 755
1 756
1 757
1 758
1 759
1 760
1 761
1 762
1 763
1 764
1 765
1 766
1 767
1 768
1 769
1 770
1 771
1 772
1 773
1 774
1 775
1 776
1 777
1 778
1 779
1 780
1 781
1 782
1 783
1 784
1 785
1 786
1 787
1 788
1 789
1 790
1 791
1 792
1 793
1 794
1 795
1 796
1 797
1 798
1 799
1 800
1 801
1 802
1 803
1 804
1 805
1 806
1 807
1 808
1 809
1 810
1 811
1 812
1 813
1 814
1 815
1 816
1 817
1 818
1 819
1 820
1 821
1 822
1 823
1 824
1 825
1 826
1 827
1 828
1 829
1 830
1 831
1 832
1 833
1 834
1 835
1 836
1 837
1 838
1 839
1 840
1 841
1 842
1 843
1 844
1 845
1 846
1 847
1 848
1 849
1 850
1 851
1 852
1 853
1 854
1 855
1 856
1 857
1 858
1 859
1 860
1 861
1 862
1 863
1 864
1 865
1 866
1 867
1 868
1 869
1 870
1 871
1 872
1 873
1 874
1 875
1 876
1 877
1 878
1 879
1 880
1 881
1 882
1 883
1 884
1 885
1 886
1 887
1 888
1 889
1 890
1 891
1 892
1 893
1 894
1 895
1 896
1 897
1 898
1 899
1 900
1 901
1 902
1 903
1 904
1 905
1 906
1 907
1 908
1 909
1 910
1 911
1 912
1 913
1 914
1 915
1 916
1 917
1 918
1 919
1 920
1 921
1 922
1 923
1 924
1 925
1 926
1 927
1 928
1 929
1 930
1 931
1 932
1 933
1 934
1 935
1 936
1 937
1 938
1 939
1 940
1 941
1 942
1 943
1 944
1 945
1 946
1 947
1 948
1 949
1 950
1 951
1 952
1 953
1 954
1 955
1 956
1 957
1 958
1 959
1 960
1 961
1 962
1 963
1 964
1 965
1 966
1 967
1 968
1 969
1 970
1 971
1 972
1 973
1 974
1 975
1 976
1 977
1 978
1 979
1 980
1 981
1 982
1 983
1 984
1 985
1 986
1 987
1 988
1 989
1 990
1 991
1 992
1 993
1 994
1 995
1 996
1 997
1 998
1 999
1 1000
1 1001
1 1002
1 1003
1 1004
1 1005
1 1006
1 1007
1 1008
1 1009
1 1010
1 1011
1 1012
1 1013
1 1014
1 1015
1 1016
1 1017
1 1018
1 1019
1 1020
1 1021
1 1022
1 1023
1 1024
1 1025
1 1026
1 1027
1 1028
1 1029
1 1030
1 1031
1 1032
1 1033
1 1034
1 1035
1 1036
1 1037
1 1038
1 1039
1 1040
1 1041
1 1042
1 1043
1 1044
1 1045
1 1046
1 1047
1 1048
1 1049
1 1050
1 1051
1 1052
1 1053
1 1054
1 1055
1 1056
1 1057
1 1058
1 1059
1 1060
1 1061
1 1062
1 1063
1 1064
1 1065
1 1066
1 1067
1 1068
1 1069
1 1070
1 1071
1 1072
1 1073
1 1074
1 1075
1 1076
1 1077
1 1078
1 1079
1 1080
1 1081
1 1082
1 1083
1 1084
1 1085
1 1086
1 1087
1 1088
1 1089
1 1090
1 1091
1 1092
1 1093
1 1094
1 1095
1 1096
1 1097
1 1098
1 1099
1 1100
1 1101
1 1102
1 1103
1 1104
1 1105
1 1106
1 1107
1 1108
1 1109
1 1110
1 1111
1 1112
1 1113
1 1114
1 1115
1 1116
1 1117
1 1118
1 1119
1 1120
1 1121
1 1122
1 1123
1 1124
1 1125
1 1126
1 1127
1 1128
1 1129
1 1130
1 1131
1 1132
1 1133
1 1134
1 1135
1 1136
1 1137
1 1138
1 1139
1 1140
1 1141
1 1142
1 1143
1 1144
1 1145
1 1146
1 1147
1 1148
1 1149
1 1150
1 1151
1 1152
1 1153
1 1154
1 1155
1 1156
1 1157
1 1158
1 1159
1 1160
1 1161
1 1162
1 1163
1 1164
1 1165
1 1166
1 1167
1 1168
1 1169
1 1170
1 1171
1 1172
1 1173
1 1174
1 1175
1 1176
1 1177
1 1178
1 1179
1 1180
1 1181
1 1182
1 1183
1 1184
1 1185
1 1186
1 1187
1 1188
1 1189
1 1190
1 1191
1 1192
1 1193
1 1194
1 1195
1 1196
1 1197
1 1198
1 1199
1 1200
1 1201
1 1202
1 1203
1 1204
1 1205
1 1206
1 1207
1 1208
1 1209
1 1210
1 1211
1 1212
1 1213
1 1214
1 1215
1 1216
1 1217
1 1218
1 1219
1 1220
1 1221
1 1222
1 1223
1 1224
1 1225
1 1226
1 1227
1 1228
1 1229
1 1230
1 1231
1 1232
1 1233
1 1234
1 1235
1 1236
1 1237
1 1238
1 1239
1 1240
1 1241
1 1242
1 1243
1 1244
1 1245
1 1246
1 1247
1 1248
1 1249
1 1250
1 1251
1 1252
1 1253
1 1254
1 1255
1 1256
1 1257
1 1258
1 1259
1 1260
1 1261
1 1262
1 1263
1 1264
1 1265
1 1266
1 1267
1 1268
1 1269
1 1270
1 1271
1 1272
1 1273
1 1274
1 1275
1 1276
1 1277
1 1278
1 1279
1 1280
1 1281
1 1282
1 1283
1 1284
1 1285
1 1286
1 1287
1 1288
1 1289
1 1290
1 1291
1 1292
1 1293
1 1294
1 1295
1 1296
1 1297
1 1298
1 1299
1 1300
1 1301
1 1302
1 1303
1 1304
1 1305
1 1306
1 1307
1 1308
1 1309
1 1310
1 1311
1 1312
1 1313
1 1314
1 1315
1 1316
1 1317
1 1318
1 1319
1 1320
1 1321
1 1322
1 1323
1 1324
1 1325
1 1326
1 1327
1 1328
1 1329
1 1330
1 1331
1 1332
1 1333
1 1334
1 1335
1 1336
1 1337
1 1338
1 1339
1 1340
1 1341
1 1342
1 1343
1 1344
1 1345
1 1346
1 1347
1 1348
1 1349
1 1350
1 1351
1 1352
1 1353
1 1354
1 1355
1 1356
1 1357
1 1358
1 1359
1 1360
1 1361
1 1362
1 1363
1 1364
1 1365
1 1366
1 1367
1 1368
1 1369
1 1370
1 1371
1 1372
1 1373
1 1374
1 1375
1 1376
1 1377
1 1378
1 1379
1 1380
1 1381
1 1382
1 1383
1 1384
1 1385
1 1386
1 1387
1 1388
1 1389
1 1390
1 1391
1 1392
1 1393
1 1394
1 1395
1 1396
1 1397
1 1398
1 1399
1 1400
1 1401
1 1402
1 1403
1 1404
1 1405
1 1406
1 1407
1 1408
1 1409
1 1410
1 1411
1 1412
1 1413
1 1414
1 1415
1 1416
1 1417
1 1418
1 1419
1 1420
1 1421
1 1422
1 1423
1 1424
1 1425
1 1426
1 1427
1 1428
1 1429
1 1430
1 1431
1 1432
1 1433
1 1434
1 1435
1 1436
1 1437
1 1438
1 1439
1 1440
1 1441
1 1442
1 1443
1 1444
1 1445
1 1446
1 1447
1 1448
1 1449
1 1450
1 1451
1 1452
1 1453
1 1454
1 1455
1 1456
1 1457
1 1458
1 1459
1 1460
1 1461
1 1462
1 1463
1 1464
1 1465
1 1466
1 1467
1 1468
1 1469
1 1470
1 1471
1 1472
1 1473
1 1474
1 1475
1 1476
1 1477
1 1478
1 1479
1 1480
1 1481
1 1482
1 1483
1 1484
1 1485
1 1486
1 1487
1 1488
1 1489
1 1490
1 1491
1 1492
1 1493
1 1494
1 1495
1 1496
1 1497
1 1498
1 1499
1 1500
1 1501
1 1502
1 1503
1 1504
1 1505
1 1506
1 1507
1 1508
1 1509
1 1510
1 1511
1 1512
1 1513
1 1514
1 1515
1 1516
1 1517
1 1518
1 1519
1 1520
1 1521
1 1522
1 1523
1 1524
1 1525
1 1526
1 1527
1 1528
1 1529
1 1530
1 1531
1 1532
1 1533
1 1534
1 1535
1 1536
1 1537
1 1538
1 1539
1 1540
1 1541
1 1542
1 1543
1 1544
1 1545
1 1546
1 1547
1 1548
1 1549
1 1550
1 1551
1 1552
1 1553
1 1554
1 1555
1 1556
1 1557
1 1558
1 1559
1 1560
1 1561
1 1562
1 1563
1 1564
1 1565
1 1566
1 1567
1 1568
1 1569
1 1570
1 1571
1 1572
1 1573
1 1574
1 1575
1 1576
1 1577
1 1578
1 1579
1 1580
1 1581
1 1582
1 1583
1 1584
1 1585
1 1586
1 1587
1 1588
1 1589
1 1590
1 1591
1 1592
1 1593
1 1594
1 1595
1 1596
1 1597
1 1598
1 1599
1 1600
1 1601
1 1602
1 1603
1 1604
1 1605
1 1606
1 1607
1 1608
1 1609
1 1610
1 1611
1 1612
1 1613
1 1614
1 1615
1 1616
1 1617
1 1618
1 1619
1 1620
1 1621
1 1622
1 1623
1 1624
1 1625
1 1626
1 1627
1 1628
1 1629
1 1630
1 1631
1 1632
1 1633
1 1634
1 1635
1 1636
1 1637
1 1638
1 1639
1 1640
1 1641
1 1642
1 1643
1 1644
1 1645
1 1646
1 1647
1 1648
1 1649
1 1650
1 1651
1 1652
1 1653
1 1654
1 1655
1 1656
1 1657
1 1658
1 1659
1 1660
1 1661
1 1662
1 1663
1 1664
1 1665
1 1666
1 1667
1 1668
1 1669
1 1670
1 1671
1 1672
1 1673
1 1674
1 1675
1 1676
1 1677
1 1678
1 1679
1 1680
1 1681
1 1682
1 1683
1 1684
1 1685
1 1686
1 1687
1 1688
1 1689
1 1690
1 1691
1 1692
1 1693
1 1694
1 1695
1 1696
1 1697
1 1698
1 1699
1 1700
1 1701
1 1702
1 1703
1 1704
1 1705
1 1706
1 1707
1 1708
1 1709
1 1710
1 1711
1 1712
1 1713
1 1714
1 1715
1 1716
1 1717
1 1718
1 1719
1 1720
1 1721
1 1722
1 1723
1 1724
1 1725
1 1726
1 1727
1 1728
1 1729
1 1730
1 1731
1 1732
1 1733
1 1734
1 1735
1 1736
1 1737
1 1738
1 1739
1 1740
1 1741
1 1742
1 1743
1 1744
1 1745
1 1746
1 1747
1 1748
1 1749
1 1750
1 1751
1 1752
1 1753
1 1754
1 1755
1 1756
1 1757
1 1758
1 1759
1 1760
1 1761
1 1762
1 1763
1 1764
1 1765
1 1766
1 1767
1 1768
1 1769
1 1770
1 1771
1 1772
1 1773
1 1774
1 1775
1 1776
1 1777
1 1778
1 1779
1 1780
1 1781
1 1782
1 1783
1 1784
1 1785
1 1786
1 1787
1 1788
1 1789
1 1790
1 1791
1 1792
1 1793
1 1794
1 1795
1 1796
1 1797
1 1798
1 1799
1 1800
1 1801
1 1802
1 1803
1 1804
1 1805
1 1806
1 1807
1 1808
1 1809
1 1810
1 1811
1 1812
1 1813
1 1814
1 1815
1 1816
1 1817
1 1818
1 1819
1 1820
1 1821
1 1822
1 1823
1 1824
1 1825
1 1826
1 1827
1 1828
1 1829
1 1830
1 1831
1 1832
1 1833
1 1834
1 1835
1 1836
1 1837
1 1838
1 1839
1 1840
1 1841
1 1842
1 1843
1 1844
1 1845
1 1846
1 1847
1 1848
1 1849
1 1850
1 1851
1 1852
1 1853
1 1854
1 1855
1 1856
1 1857
1 1858
1 1859
1 1860
1 1861
1 1862
1 1863
1 1864
1 1865
1 1866
1 1867
1 1868
1 1869
1 1870
1 1871
1 1872
1 1873
1 1874
1 1875
1 1876
1 1877
1 1878
1 1879
1 1880
1 1881
1 1882
1 1883
1 1884
1 1885
1 1886
1 1887
1 1888
1 1889
1 1890
1 1891
1 1892
1 1893
1 1894
1 1895
1 1896
1 1897
1 1898
1 1899
1 1900
1 1901
1 1902
1 1903
1 1904
1 1905
1 1906
1 1907
1 1908
1 1909
1 1910
1 1911
1 1912
1 1913
1 1914
1 1915
1 1916
1 1917
1 1918
1 1919
1 1920
1 1921
1 1922
1 1923
1 1924
1 1925
1 1926
1 1927
1 1928
1 1929
1 1930
1 1931
1 1932
1 1933
1 1934
1 1935
1 1936
1 1937
1 1938
1 1939
1 1940
1 1941
1 1942
1 1943
1 1944
1 1945
1 1946
1 1947
1 1948
1 1949
1 1950
1 1951
1 1952
1 1953
1 1954
1 1955
1 1956
1 1957
1 1958
1 1959
1 1960
1 1961
1 1962
1 1963
1 1964
1 1965
1 1966
1 1967
1 1968
1 1969
1 1970
1 1971
1 1972
1 1973
1 1974
1 1975
1 1976
1 1977
1 1978
1 1979
1 1980
1 1981
1 1982
1 1983
1 1984
1 1985
1 1986
1 1987
1 1988
1 1989
1 1990
1 1991
1 1992
1 1993
1 1994
1 1995
1 1996
1 1997
1 1998
1 1999
1 2000
1 2001
1 2002
1 2003
1 2004
1 2005
1 2006
1 2007
1 2008
1 2009
1 2010
1 2011
1 2012
1 2013
1 2014
1 2015
1 2016
1 2017
1 2018
1 2019
1 2020
1 2021
1 2022
1 2023
1 2024
1 2025
1 2026
1 2027
1 2028
1 2029
1 2030
1 2031
1 2032
1 2033
1 2034
1 2035
1 2036
1 2037
1 2038
1 2039
1 2040
1 2041
1 2042
1 2043
1 2044
1 2045
1 2046
1 2047
1 2048
1 2049
1 2050
1 2051
1 2052
1 2053
1 2054
1 2055
1 2056
1 2057
1 2058
1 2059
1 2060
1 2061
1 2062
1 2063
1 2064
1 2065
1 2066
1 2067
1 2068
1 2069
1 2070
1 2071
1 2072
1 2073
1 2074
1 2075
1 2076
1 2077
1 2078
1 2079
1 2080
1 2081
1 2082
1 2083
1 2084
1 2085
1 2086
1 2087
1 2088
1 2089
1 2090
1 2091
1 2092
1 2093
1 2094
1 2095
1 2096
1 2097
1 2098
1 2099
1 2100
1 2101
1 2102
1 2103
1 2104
1 2105
1 2106
1 2107
1 2108
1 2109
1 2110
1 2111
1 2112
1 2113
1 2114
1 2115
1 2116
1 2117
1 2118
1 2119
1 2120
1 2121
1 2122
1 2123
1 2124
1 2125
1 2126
1 2127
1 2128
1 2129
1 2130
1 2131
1 2132
1 2133
1 2134
1 2135
1 2136
1 2137
1 2138
1 2139
1 2140
1 2141
1 2142
1 2143
1 2144
1 2145
1 2146
1 2147
1 2148
1 2149
1 2150
1 2151
1 2152
1 2153
1 2154
1 2155
1 2156
1 2157
1 2158
1 2159
1 2160
1 2161
1 2162
1 2163
1 2164
1 2165
1 2166
1 2167
1 2168
1 2169
1 2170
1 2171
1 2172
1 2173
1 2174
1 2175
1 2176
1 2177
1 2178
1 2179
1 2180
1 2181
1 2182
1 2183
1 2184
1 2185
1 2186
1 2187
1 2188
1 2189
1 2190
1 2191
1 2192
1 2193
1 2194
1 2195
1 2196
1 2197
1 2198
1 2199
1 2200
1 2201
1 2202
1 2203
1 2204
1 2205
1 2206
1 2207
1 2208
1 2209
1 2210
1 2211
1 2212
1 2213
1 2214
1 2215
1 2216
1 2217
1 2218
1 2219
1 2220
1 2221
1 2222
1 2223
1 2224
1 2225
1 2226
1 2227
1 2228
1 2229
1 2230
1 2231
1 2232
1 2233
1 2234
1 2235
1 2236
1 2237
1 2238
1 2239
1 2240
1 2241
1 2242
1 2243
1 2244
1 2245
1 2246
1 2247
1 2248
1 2249
1 2250
1 2251
1 2252
1 2253
1 2254
1 2255
1 2256
1 2257
1 2258
1 2259
1 2260
1 2261
1 2262
1 2263
1 2264
1 2265
1 2266
1 2267
1 2268
1 2269
1 2270
1 2271
1 2272
1 2273
1 2274
1 2275
1 2276
1 2277
1 2278
1 2279
1 2280
1 2281
1 2282
1 2283
1 2284
1 2285
1 2286
1 2287
1 2288
1 2289
1 2290
1 2291
1 2292
1 2293
1 2294
1 2295
1 2296
1 2297
1 2298
1 2299
1 2300
1 2301
1 2302
1 2303
1 2304
1 2305
1 2306
1 2307
1 2308
1 2309
1 2310
1 2311
1 2312
1 2313
1 2314
1 2315
1 2316
1 2317
1 2318
1 2319
1 2320
1 2321
1 2322
1 2323
1 2324
1 2325
1 2326
1 2327
1 2328
1 2329
1 2330
1 2331
1 2332
1 2333
1 2334
1 2335
1 2336
1 2337
1 2338
1 2339
1 2340
1 2341
1 2342
1 2343
1 2344
1 2345
1 2346
1 2347
1 2348
1 2349
1 2350
1 2351
1 2352
1 2353
1 2354
1 2355
1 2356
1 2357
1 2358
1 2359
1 2360
1 2361
1 2362
1 2363
1 2364
1 2365
1 2366
1 2367
1 2368
1 2369
1 2370
1 2371
1 2372
1 2373
1 2374
1 2375
1 2376
1 2377
1 2378
1 2379
1 2380
1 2381
1 2382
1 2383
1 2384
1 2385
1 2386
1 2387
1 2388
1 2389
1 2390
1 2391
1 2392
1 2393
1 2394
1 2395
1 2396
1 2397
1 2398
1 2399
1 2400
1 2401
1 2402
1 2403
1 2404
1 2405
1 2406
1 2407
1 2408
1 2409
1 2410
1 2411
1 2412
1 2413
1 2414
1 2415
1 2416
1 2417
1 2418
1 2419
1 2420
1 2421
1 2422
1 2423
1 2424
1 2425
1 2426
1 2427
1 2428
1 2429
1 2430
1 2431
1 2432
1 2433
1 2434
1 2435
1 2436
1 2437
1 2438
1 2439
1 2440
1 2441
1 2442
1 2443
1 2444
1 2445
1 2446
1 2447
1 2448
1 2449
1 2450
1 2451
1 2452
1 2453
1 2454
1 2455
1 2456
1 2457
1 2458
1 2459
1 2460
1 2461
1 2462
1 2463
1 2464
1 2465
1 2466
1 2467
1 2468
1 2469
1 2470
1 2471
1 2472
1 2473
1 2474
1 2475
1 2476
1 2477
1 2478
1 2479
1 2480
1 2481
1 2482
1 2483
1 2484
1 2485
1 2486
1 2487
1 2488
1 2489
1 2490
1 2491
1 2492
1 2493
1 2494
1 2495
1 2496
1 2497
1 2498
1 2499
1 2500
1 2501
1 2502
1 2503
1 2504
1 2505
1 2506
1 2507
1 2508
1 2509
1 2510
1 2511
1 2512
1 2513
1 2514
1 2515
1 2516
1 2517
1 2518
1 2519
1 2520
1 2521
1 2522
1 2523
1 2524
1 2525
1 2526
1 2527
1 2528
1 2529
1 2530
1 2531
1 2532
1 2533
1 2534
1 2535
1 2536
1 2537
1 2538
1 2539
1 2540
POINT_DATA 2541
SCALARS density float 1
LOOKUP_TABLE default
500
500
500
500
500
500
500
500
500
500
500
500
500
500
500
500
500
500
500
500
500
500
500
500
500
500
500
500
500
500
500
500
500
500
500
500
500
500
500
500
500
500
500
500
500
500
500
500
500
500
500
500
500
500
500
500
500
500
500
500
500
500
500
500
500
500
500
500
500
500
500
500
500
500
500
500
500
500
500
500
500
500
500
500
500
500
500
500
500
500
500
500
500
500
500
500
500
500
500
500
500
500
500
500
500
500
500
500
500
500
500
500
500
500
500
500
500
500
500
500
500
500
500
500
500
500
500
500
500
500
500
500
500
500
500
500
500
500
500
500
500
500
500
500
500
500
500
500
500
500
500
500
500
500
500
500
500
500
500
500
500
500
500
500
500
500
500
500
500
500
500
500
500
500
500
500
500
500
500
500
500
500
500
500
500
500
500
500
500
500
500
500
500
500
500
500
500
500
500
500
500
500
500
500
500
500
500
500
500
500
500
500
500
500
500
500
500
500
500
500
500
500
500
500
500
500
500
500
500
500
500
500
500
500
500
500
500
500
500
500
500
500
500
500
500
500
500
500
500
500
500
500
500
500
500
500
500
500
500
500
500
500
500
500
500
500
500
500
500
500
500
500
500
500
500
500
500
500
500
500
500
500
500
500
500
500
500
500
500
500
500
500
500
500
500
500
500
500
500
500
500
500
500
500
500
500
500
500
500
500
500
500
500
500
500
500
500
500
500
500
500
500
500
500
500
500
500
500
500
500
500
500
500
500
500
500
500
500
500
500
500
500
500
500
500
500
500
500
500
500
500
500
500
500
500
500
500
500
500
500
500
500
500
500
500
500
500
500
500
500
500
500
500
500
500
500
500
500
500
500
500
500
500
500
500
500
500
500
500
500
500
500
500
500
500
500
500
500
500
500
500
500
500
500
500
500
500
500
500
500
500
500
500
500
500
500
500
500
500
500
500
500
500
500
500
500
500
500
500
500
500
500
500
500
500
500
500
500
500
500
500
500
500
500
500
500
500
500
500
500
500
500
500
500
500
500
500
500
500
500
500
500
500
500
500
500
500
500
500
500
500
500
500
500
500
500
500
500
500
500
500
500
500
500
500
500
500
500
500
500
500
500
500
500
500
500
500
500
500
500
500
500
500
500
500
500
500
500
500
500
500
500
500
500
500
500
500
500
500
500
500
500
500
500
500
500
500
500
500
500
500
500
500
500
500
500
500
500
500
500
500
500
500
500
500
500
500
500
500
500
500
500
500
500
500
500
500
500
500
500
500
500
500
500
500
500
500
500
500
500
500
500
500
500
500
500
500
500
500
500
500
500
500
500
500
500
500
500
500
500
500
500
500
500
500
500
500
500
500
500
500
500
500
500
500
500
500
500
500
500
500
500
500
500
500
500
500
500
500
500
500
500
500
500
500
500
500
500
500
500
500
500
500
500
500
500
500
500
500
500
500
500
500
500
500
500
500
500
500
500
500
500
500
500
500
500
500
500
500
500
500
500
500
500
500
500
500
500
500
500
500
500
500
500
500
500
500
500
500
500
500
500
500
500
500
500
500
500
500
500
500
500
500
500
500
500
500
500
500
500
500
500
500
500
500
500
500
500
500
500
500
500
500
500
500
500
500
500
500
500
500
500
500
500
500
500
500
500
500
500
500
500
500
500
500
500
500
500
500
500
500
500
500
500
500
500
500
500
500
500
500
500
500
500
500
500
500
500
500
500
500
500
500
500
500
500
500
500
500
500
500
500
500
500
500
500
500
500
500
500
500
500
500
500
500
500
500
500
500
500
500
500
500
500
500
500
500
500
500
500
500
500
500
500
500
500
500
500
500
500
500
500
500
500
500
500
500
500
500
500
500
500
500
500
500
500
500
500
500
500
500
500
500
500
500
500
500
500
500
500
500
500
500
500
500
500
500
500
500
500
500
500
500
500
500
500
500
500
500
500
500
500
500
500
500
500
500
500
500
500
500
500
500
500
500
500
500
500
500
500
500
500
500
500
500
500
500
500
500
500
500
500
500
500
500
500
500
500
500
500
500
500
500
500
500
500
500
500
500
500
500
500
500
500
500
500
500
500
500
500
500
500
500
500
500
500
500
500
500
500
500
500
500
500
500
500
500
500
500
500
500
500
500
500
500
500
500
500
500
500
500
500
500
500
500
500
500
500
500
500
500
500
500
500
500
500
500
500
500
500
500
500
500
500
500
500
500
500
500
500
500
500
500
500
500
500
500
500
500
500
500
500
500
500
500
500
500
500
500
500
500
500
500
500
500
500
500
500
500
500
500
500
500
500
500
500
500
500
500
500
500
500
500
500
500
500
500
500
500
500
500
500
500
500
500
500
500
500
500
500
500
500
500
500
500
500
500
500
500
500
500
500
500
500
500
500
500
500
500
500
500
500
500
500
500
500
500
500
500
500
500
500
500
500
500
500
500
500
500
500
500
500
500
500
500
500
500
500
500
500
500
500
500
500
500
500
500
500
500
500
500
500
500
500
500
500
500
500
500
500
500
500
500
500
500
500
500
500
500
500
500
500
500
500
500
500
500
500
500
500
500
500
500
500
500
500
500
500
500
500
500
500
500
500
500
500
500
500
500
500
500
500
500
500
500
500
500
500
500
500
500
500
500
500
500
500
500
500
500
500
500
500
500
500
500
500
500
500
500
500
500
500
500
500
500
500
500
500
500
500
500
500
500
500
500
500
500
500
500
500
500
500
500
500
500
500
500
500
500
500
500
500
500
500
500
500
500
500
500
500
500
500
500
500
500
500
500
500
500
500
500
500
500
500
500
500
500
500
500
500
500
500
500
500
500
500
500
500
500
500
500
500
500
500
500
500
500
500
500
500
500
500
500
500
500
500
500
500
500
500
500
500
500
500
500
500
500
500
500
500
500
500
500
500
500
500
500
500
500
500
500
500
500
500
500
500
500
500
500
500
500
500
500
500
500
500
500
500
500
500
500
500
500
500
500
500
500
500
500
500
500
500
500
500
500
500
500
500
500
500
500
500
500
500
500
500
500
500
500
500
500
500
500
500
500
500
500
500
500
500
500
500
500
500
500
500
500
500
500
500
500
500
500
500
500
500
500
500
500
500
500
500
500
500
500
500
500
500
500
500
500
500
500
500
500
500
500
500
500
500
500
500
500
500
500
500
500
500
500
500
500
500
500
500
500
500
500
500
500
500
500
500
500
500
500
500
500
500
500
500
500
500
500
500
500
500
500
500
500
500
500
500
500
500
500
500
500
500
500
500
500
500
500
500
500
500
500
500
500
500
500
500
500
500
500
500
500
500
500
500
500
500
500
500
500
500
500
500
500
500
500
500
500
500
500
500
500
500
500
500
500
500
500
500
500
500
500
500
500
500
500
500
500
500
500
500
500
500
500
500
500
500
500
500
500
500
500
500
500
500
500
500
500
500
500
500
500
500
500
500
500
500
500
500
500
500
500
500
500
500
500
500
500
500
500
500
500
500
500
500
500
500
500
500
500
500
500
500
500
500
500
500
500
500
500
500
500
500
500
500
500
500
500
500
500
500
500
500
500
500
500
500
500
500
500
500
500
500
500
500
500
500
500
500
500
500
500
500
500
500
500
500
500
500
500
500
500
500
500
500
500
500
500
500
500
500
500
500
500
500
500
500
500
500
500
500
500
500
500
500
500
500
500
500
500
500
500
500
500
500
500
500
500
500
500
500
500
500
500
500
500
500
500
500
500
500
500
500
500
500
500
500
500
500
500
500
500
500
500
500
500
500
500
500
500
500
500
500
500
500
500
500
500
500
500
500
500
500
500
500
500
500
500
500
500
500
500
500
500
500
500
500
500
500
500
500
500
500
500
500
500
500
500
500
500
500
500
500
500
500
500
500
500
500
500
500
500
500
500
500
500
500
500
500
500
500
500
500
500
500
500
500
500
500
500
500
500
500
500
500
500
500
500
500
500
500
500
500
500
500
500
500
500
500
500
500
500
500
500
500
500
500
500
500
500
500
500
500
500
500
500
500
500
500
500
500
500
500
500
500
500
500
500
500
500
500
500
500
500
500
500
500
500
500
500
500
500
500
500
500
500
500
500
500
500
500
500
500
500
500
500
500
500
500
500
500
500
500
500
500
500
500
500
500
500
500
500
500
500
500
500
500
500
500
500
500
500
500
500
500
500
500
500
500
500
500
500
500
500
500
500
500
500
500
500
500
500
500
500
500
500
500
500
500
500
500
500
500
500
500
500
500
500
500
500
500
500
500
500
500
500
500
500
500
500
500
500
500
500
500
500
500
500
500
500
500
500
500
500
500
500
500
500
500
500
500
500
500
500
500
500
500
500
500
500
500
500
500
500
500
500
500
500
500
500
500
500
500
500
500
500
500
500
500
500
500
500
500
500
500
500
500
500
500
500
500
500
500
500
500
500
500
500
500
500
500
500
500
500
500
500
500
500
500
500
500
500
500
500
500
500
500
500
500
500
500
500
500
500
500
500
500
500
500
500
500
500
500
500
500
500
500
500
500
500
500
500
500
500
500
500
500
500
500
500
500
500
500
500
500
500
500
500
500
500
500
500
500
500
500
500
500
500
500
500
500
500
500
500
500
500
500
500
500
500
500
500
500
500
500
500
500
500
500
500
500
500
500
500
500
500
500
500
500
500
500
500
500
500
500
500
500
500
500
500
500
500
500
500
500
500
500
500
500
500
500
500
500
500
500
500
500
500
500
500
500
500
500
500
500
500
500
500
500
500
500
500
500
500
500
500
500
500
500
500
500
500
500
500
500
500
500
500
500
500
500
500
500
500
500
500
500
500
500
500
500
500
500
500
500
500
500
500
500
500
500
500
500
500
500
500
500
500
500
500
500
500
500
500
500
500
500
500
500
500
500
500
500
500
500
500
500
500
500
500
500
500
500
500
500
500
500
500
500
500
500
500
500
500
500
500
500
500
500
500
500
500
500
500
500
500
500
500
500
500
500
500
500
500
500
500
500
500
500
500
500
500
500
500
500
500
500
500
500
500
500
500
500
500
500
500
500
500
500
500
500
500
500
500
500
500
500
500
500
500
500
500
500
500
500
500
500
500
500
500
500
500
500
500
500
500
500
500
500
500
500
500
500
500
500
500
500
500
500
500
500
500
500
500
500
500
500
500
500
500
500
500
500
500
500
500
500
500
500
500
500
500
500
500
500
500
500
500
500
500
500
500
500
500
500
500
500
500
500
500
500
500
500
500
500
500
500
500
500
500
500
500
500
500
500
500
500
500
500
500
500
500
500
500
500
500
500
500
500
500
500
500
500
500
500
500
500
500
500
500
500
500
500
500
500
500
500
500
500
500
500
500
500
500
500
500
500
500
500
500
500
500
500
500
500
500
500
500
500
500
500
500
500
500
500
500
500
500
500
500
500
500
500
500
500
500
500
500
500
500
500
500
500
500
500
500
500
500
500
500
500
500
500
500
500
500
500
500
500
500
500
500
500
500
500
500
500
500
500
500
500
500
500
500
500
500
500
500
500
500
500
500
500
500
500
500
500
500
500
500
500
500
500
500
500
500
500
500
500
500
500
500
500
500
500
500
500
500
500
500
500
500
500
500
500
500
500
500
500
500
500
500
500
500
500
500
500
500
500
500
500
500
500
500
500
500
500
500
500
500
500
500
500
500
500
500
500
500
500
500
500
500
500
500
500
500
500
500
500
500
500
500
500
500
500
500
500
500
500
500
500
500
500
500
500
500
500
500
500
500
500
500
500
500
500
500
SCALARS pressure float 1
LOOKUP_TABLE default
0
0
0
0
0
0
0
0
0
0
0
0
0
0
0
0
0
0
0
0
0
0
0
0
0
0
0
0
0
0
0
0
0
0
0
0
0
0
0
0
0
0
0
0
0
0
0
0
0
0
0
0
0
0
0
0
0
0
0
0
0
0
0
0
0
0
0
0
0
0
0
0
0
0
0
0
0
0
0
0
0
0
0
0
0
0
0
0
0
0
0
0
0
0
0
0
0
0
0
0
0
0
0
0
0
0
0
0
0
0
0
0
0
0
0
0
0
0
0
0
0
0
0
0
0
0
0
0
0
0
0
0
0
0
0
0
0
0
0
0
0
0
0
0
0
0
0
0
0
0
0
0
0
0
0
0
0
0
0
0
0
0
0
0
0
0
0
0
0
0
0
0
0
0
0
0
0
0
0
0
0
0
0
0
0
0
0
0
0
0
0
0
0
0
0
0
0
0
0
0
0
0
0
0
0
0
0
0
0
0
0
0
0
0
0
0
0
0
0
0
0
0
0
0
0
0
0
0
0
0
0
0
0
0
0
0
0
0
0
0
0
0
0
0
0
0
0
0
0
0
0
0
0
0
0
0
0
0
0
0
0
0
0
0
0
0
0
0
0
0
0
0
0
0
0
0
0
0
0
0
0
0
0
0
0
0
0
0
0
0
0
0
0
0
0
0
0
0
0
0
0
0
0
0
0
0
0
0
0
0
0
0
0
0
0
0
0
0
0
0
0
0
0
0
0
0
0
0
0
0
0
0
0
0
0
0
0
0
0
0
0
0
0
0
0
0
0
0
0
0
0
0
0
0
0
0
0
0
0
0
0
0
0
0
0
0
0
0
0
0
0
0
0
0
0
0
0
0
0
0
0
0
0
0
0
0
0
0
0
0
0
0
0
0
0
0
0
0
0
0
0
0
0
0
0
0
0
0
0
0
0
0
0
0
0
0
0
0
0
0
0
0
0
0
0
0
0
0
0
0
0
0
0
0
0
0
0
0
0
0
0
0
0
0
0
0
0
0
0
0
0
0
0
0
0
0
0
0
0
0
0
0
0
0
0
0
0
0
0
0
0
0
0
0
0
0
0
0
0
0
0
0
0
0
0
0
0
0
0
0
0
0
0
0
0
0
0
0
0
0
0
0
0
0
0
0
0
0
0
0
0
0
0
0
0
0
0
0
0
0
0
0
0
0
0
0
0
0
0
0
0
0
0
0
0
0
0
0
0
0
0
0
0
0
0
0
0
0
0
0
0
0
0
0
0
0
0
0
0
0
0
0
0
0
0
0
0
0
0
0
0
0
0
0
0
0
0
0
0
0
0
0
0
0
0
0
0
0
0
0
0
0
0
0
0
0
0
0
0
0
0
0
0
0
0
0
0
0
0
0
0
0
0
0
0
0
0
0
0
0
0
0
0
0
0
0
0
0
0
0
0
0
0
0
0
0
0
0
0
0
0
0
0
0
0
0
0
0
0
0
0
0
0
0
0
0
0
0
0
0
0
0
0
0
0
0
0
0
0
0
0
0
0
0
0
0
0
0
0
0
0
0
0
0
0
0
0
0
0
0
0
0
0
0
0
0
0
0
0
0
0
0
0
0
0
0
0
0
0
0
0
0
0
0
0
0
0
0
0
0
0
0
0
0
0
0
0
0
0
0
0
0
0
0
0
0
0
0
0
0
0
0
0
0
0
0
0
0
0
0
0
0
0
0
0
0
0
0
0
0
0
0
0
0
0
0
0
0
0
0
0
0
0
0
0
0
0
0
0
0
0
0
0
0
0
0
0
0
0
0
0
0
0
0
0
0
0
0
0
0
0
0
0
0
0
0
0
0
0
0
0
0
0
0
0
0
0
0
0
0
0
0
0
0
0
0
0
0
0
0
0
0
0
0
0
0
0
0
0
0
0
0
0
0
0
0
0
0
0
0
0
0
0
0
0
0
0
0
0
0
0
0
0
0
0
0
0
0
0
0
0
0
0
0
0
0
0
0
0
0
0
0
0
0
0
0
0
0
0
0
0
0
0
0
0
0
0
0
0
0
0
0
0
0
0
0
0
0
0
0
0
0
0
0
0
0
0
0
0
0
0
0
0
0
0
0
0
0
0
0
0
0
0
0
0
0
0
0
0
0
0
0
0
0
0
0
0
0
0
0
0
0
0
0
0
0
0
0
0
0
0
0
0
0
0
0
0
0
0
0
0
0
0
0
0
0
0
0
0
0
0
0
0
0
0
0
0
0
0
0
0
0
0
0
0
0
0
0
0
0
0
0
0
0
0
0
0
0
0
0
0
0
0
0
0
0
0
0
0
0
0
0
0
0
0
0
0
0
0
0
0
0
0
0
0
0
0
0
0
0
0
0
0
0
0
0
0
0
0
0
0
0
0
0
0
0
0
0
0
0
0
0
0
0
0
0
0
0
0
0
0
0
0
0
0
0
0
0
0
0
0
0
0
0
0
0
0
0
0
0
0
0
0
0
0
0
0
0
0
0
0
0
0
0
0
0
0
0
0
0
0
0
0
0
0
0
0
0
0
0
0
0
0
0
0
0
0
0
0
0
0
0
0
0
0
0
0
0
0
0
0
0
0
0
0
0
0
0
0
0
0
0
0
0
0
0
0
0
0
0
0
0
0
0
0
0
0
0
0
0
0
0
0
0
0
0
0
0
0
0
0
0
0
0
0
0
0
0
0
0
0
0
0
0
0
0
0
0
0
0
0
0
0
0
0
0
0
0
0
0
0
0
0
0
0
0
0
0
0
0
0
0
0
0
0
0
0
0
0
0
0
0
0
0
0
0
0
0
0
0
0
0
0
0
0
0
0
0
0
0
0
0
0
0
0
0
0
0
0
0
0
0
0
0
0
0
0
0
0
0
0
0
0
0
0
0
0
0
0
0
0
0
0
0
0
0
0
0
0
0
0
0
0
0
0
0
0
0
0
0
0
0
0
0
0
0
0
0
0
0
0
0
0
0
0
0
0
0
0
0
0
0
0
0
0
0
0
0
0
0
0
0
0
0
0
0
0
0
0
0
0
0
0
0
0
0
0
0
0
0
0
0
0
0
0
0
0
0
0
0
0
0
0
0
0
0
0
0
0
0
0
0
0
0
0
0
0
0
0
0
0
0
0
0
0
0
0
0
0
0
0
0
0
0
0
0
0
0
0
0
0
0
0
0
0
0
0
0
0
0
0
0
0
0
0
0
0
0
0
0
0
0
0
0
0
0
0
0
0
0
0
0
0
0
0
0
0
0
0
0
0
0
0
0
0
0
0
0
0
0
0
0
0
0
0
0
0
0
0
0
0
0
0
0
0
0
0
0
0
0
0
0
0
0
0
0
0
0
0
0
0
0
0
0
0
0
0
0
0
0
0
0
0
0
0
0
0
0
0
0
0
0
0
0
0
0
0
0
0
0
0
0
0
0
0
0
0
0
0
0
0
0
0
0
0
0
0
0
0
0
0
0
0
0
0
0
0
0
0
0
0
0
0
0
0
0
0
0
0
0
0
0
0
0
0
0
0
0
0
0
0
0
0
0
0
0
0
0
0
0
0
0
0
0
0
0
0
0
0
0
0
0
0
0
0
0
0
0
0
0
0
0
0
0
0
0
0
0
0
0
0
0
0
0
0
0
0
0
0
0
0
0
0
0
0
0
0
0
0
0
0
0
0
0
0
0
0
0
0
0
0
0
0
0
0
0
0
0
0
0
0
0
0
0
0
0
0
0
0
0
0
0
0
0
0
0
0
0
0
0
0
0
0
0
0
0
0
0
0
0
0
0
0
0
0
0
0
0
0
0
0
0
0
0
0
0
0
0
0
0
0
0
0
0
0
0
0
0
0
0
0
0
0
0
0
0
0
0
0
0
0
0
0
0
0
0
0
0
0
0
0
0
0
0
0
0
0
0
0
0
0
0
0
0
0
0
0
0
0
0
0
0
0
0
0
0
0
0
0
0
0
0
0
0
0
0
0
0
0
0
0
0
0
0
0
0
0
0
0
0
0
0
0
0
0
0
0
0
0
0
0
0
0
0
0
0
0
0
0
0
0
0
0
0
0
0
0
0
0
0
0
0
0
0
0
0
0
0
0
0
0
0
0
0
0
0
0
0
0
0
0
0
0
0
0
0
0
0
0
0
0
0
0
0
0
0
0
0
0
0
0
0
0
0
0
0
0
0
0
0
0
0
0
0
0
0
0
0
0
0
0
0
0
0
0
0
0
0
0
0
0
0
0
0
0
0
0
0
0
0
0
0
0
0
0
0
0
0
0
0
0
0
0
0
0
0
0
0
0
0
0
0
0
0
0
0
0
0
0
0
0
0
0
0
0
0
0
0
0
0
0
0
0
0
0
0
0
0
0
0
0
0
0
0
0
0
0
0
0
0
0
0
0
0
0
0
0
0
0
0
0
0
0
0
0
0
0
0
0
0
0
0
0
0
0
0
0
0
0
0
0
0
0
0
0
0
0
0
0
0
0
0
0
0
0
0
0
0
0
0
0
0
0
0
0
0
0
0
0
0
0
0
0
0
0
0
0
0
0
0
0
0
0
0
0
0
0
0
0
0
0
0
0
0
0
0
0
0
0
0
0
0
0
0
0
0
0
0
0
0
0
0
0
0
0
0
0
0
0
0
0
0
0
0
0
0
0
0
0
0
0
0
0
0
0
0
0
0
0
0
0
0
0
0
0
0
0
0
0
0
0
0
0
0
0
0
0
0
0
0
0
0
0
0
0
0
0
0
0
0
0
0
0
0
0
0
0
0
0
0
0
0
0
0
0
0
0
0
0
0
0
0
0
0
0
0
0
0
0
0
0
0
0
0
0
0
0
0
0
0
0
0
0
0
0
0
0
0
0
0
0
0
0
0
0
0
0
0
0
0
0
0
0
0
0
0
0
0
0
0
0
0
0
0
0
0
0
0
0
0
0
0
0
0
0
0
0
0
0
0
0
0
0
0
0
0
0
0
0
0
0
0
0
0
0
0
0
0
0
0
0
0
0
0
0
0
0
0
0
0
0
0
0
0
0
0
0
0
0
0
0
0
0
0
0
0
0
0
0
0
0
0
0
0
0
0
0
0
0
0
0
0
0
0
0
0
0
0
0
0
0
0
0
0
0
0
0
0
0
0
0
0
0
0
0
0
0
0
0
0
0
0
0
0
0
0
0
0
0
0
0
0
0
0
0
0
0
0
0
0
0
0
0
0
0
0
0
0
0
0
0
0
0
0
0
0
0
0
0
0
0
0
0
0
0
0
0
0
0
0
0
0
0
0
0
0
0
0
0
0
0
0
0
0
0
0
0
0
0
0
0
0
0
0
0
0
0
0
0
0
0
0
0
0
0
0
0
0
0
0
0
0
0
0
0
0
0
0
0
0
0
0
0
0
0
0
0
0
0
0
0
0
0
0
0
0
0
0
0
0
0
0
0
0
0
0
0
0
0
0
0
0
0
0
0
0
0
0
0
0
0
0
0
0
0
0
0
0
0
0
0
0
0
0
0
0
0
0
0
0
0
0
0
0
0
0
0
0
0
0
0
0
0
0
0
0
0
0
0
0
0
0
0
0
0
0
0
0
0
0
0
0
0
0
0
0
0
0
0
0
0
0
0
0
0
0
0
0
0
0
0
0
0
0
0
0
0
0
0
0
0
0
0
0
0
0
0
0
0
0
0
0
0
0
0
0
0
0
0
0
0
0
0
0
0
0
0
0
0
0
0
0
0
0
0
0
0
0
0
0
0
SCALARS speed float 1
LOOKUP_TABLE default
2.26012e-99
1.70645e-96
1.44847e-31
1.82249e-53
1.56825e-92
26.3539
5.54102e-54
9.72908e-47
2.64759e-72
24.7055
1.58431e-91
2.71629e-63
32.777
1.7513e-89
3.18916e-76
6.4673e-102
3.70245e-73
3.5843e-84
62.2024
32.9841
8.94363e-94
2.09562e-28
2.5914e-62
27.6442
2.94944e-37
4.998e-64
2.31718e-59
3.69531e-46
1.68457e-23
54.4564
31.7806
57.4104
4.87875e-51
2.14208e-64
9.50759e-99
3.97802e-78
34.0218
28.9067
9.26573e-68
9.10051e-95
2.86752e-51
5.63741e-69
72.4138
2.11233e-51
7.74952e-14
3.44847e-104
7.21856e-83
6.58432e-103
4.4033e-101
4.35932e-89
1.66333e-90
31.0198
5.07863e-49
1.59388e-23
4.60599e-97
1.11664e-51
27.6147
2.94952e-37
1.47615e-85
7.13088e-36
5.53224e-90
4.59931e-81
6.51373e-86
1.6541e-38
31.7806
0.00108106
4.8057e-85
1.26368e-102
1.46037e-92
2.0697e-99
4.6975e-98
47.3254
3.82723e-101
1.1793e-73
1.85353e-59
2.52572e-20
7.0667e-24
3.99553e-55
89.3433
2.15667e-53
3.95497e-69
1.85351e-86
1.39314e-99
5.61886e-100
4.4031e-60
1.94466e-96
3.24569e-29
4.33336e-70
6.28401e-87
27.6442
2.94887e-37
6.88672e-50
1.51674e-18
7.70723e-65
7.90095e-24
5.62855e-94
4.04279e-90
36.2868
1.69673e-33
8.46444e-82
42.5479
3.19991e-70
1.63903e-60
2.3153e-101
5.32164e-32
2.24854e-45
7.82329e-63
40.4934
9.62137e-27
20.1519
1.82302e-56
2.65376e-99
3.97794e-32
3.86568e-55
2.32161e-66
1.68547e-16
3.07876e-52
4.53824e-69
68.2727
2.94815e-99
4.04164e-97
6.56538e-103
7.0587e-88
1.66458e-89
2.70628e-102
29.7779
1.13105e-86
22.2444
2.37724e-85
7.63371e-64
7.08367e-35
2.73631e-94
5.62177e-84
27.6258
1.24708e-40
25.6555
32.4038
1.90059e-99
7.13549e-15
45.4547
1.84657e-33
58.5718
32.7141
19.3581
1.92786
18.5551
1.62343e-62
7.08664e-40
21.6141
9.11272e-92
52.0278
4.56113e-36
37.5944
2.56296e-58
5.93586e-23
38.4884
9.00192e-88
3.38997e-62
4.2198e-102
32.8951
3.47604e-87
1.64339e-99
1.30879e-55
19.0056
28.9331
34.9628
28.7061
1.89309e-61
1.34434e-64
167.735
1.63768e-85
2.56185e-76
5.77405e-59
2.22333e-97
3.32787e-102
32.3977
19.3569
1.95029
18.5356
1.30588e-62
1.34977e-53
0.213233
24.8853
32.7916
1.10442e-94
22.842
23.0349
1.34151e-75
20.574
24.9643
7.027e-67
8.79753e-27
4.42658e-33
2.87495e-09
2.02534e-61
2.81697e-52
2.93907e-55
4.90455e-34
3.45746e-44
28.6593
24.4967
1.98411e-27
1.36369e-92
24.9559
24.9893
4.63277e-40
2.68549e-90
54.5267
1.26717e-84
19.358
1.92786
18.5548
23.6827
1.7022e-92
28.7731
8.56722e-83
1.27467e-37
4.96002e-34
3.2475e-64
1.53986e-99
5.46651e-56
32.2056
6.25429e-45
8.48085e-73
4.24046e-27
35.171
5.79982e-95
28.2784
1.1194e-49
3.56816e-101
74.137
3.15864e-84
96.7971
1.33941e-73
36.3556
20.1986
2.61596e-51
56.7027
59.8857
4.35821e-98
1.09322e-94
5.37367e-60
3.26515e-22
7.93436e-101
2.39755e-52
2.0553e-89
4.29664e-33
2.05645e-89
4.149e-96
1.6584e-09
8.1737e-96
2.40247e-99
1.51719e-86
1.53113e-87
1.48883e-83
5.59989e-101
1.97261e-100
3.08581e-21
2.88982e-91
5.69654e-92
2.37224e-73
1.58782e-05
8.74153e-92
4.79602e-54
23.0165
35.7112
9.00957e-88
47.6761
7.67148e-102
23.8075
55.5032
2.42637e-65
2.95357e-79
1.1396e-65
38.9808
5.23707e-65
182.738
2.61726e-100
1.20906e-101
3.20317e-96
2.40338e-90
42.0491
7.19165e-96
7.54509e-96
8.54523
2.11827e-73
0.780424
69.642
33.1313
1.11631e-91
7.71319e-35
9.07344e-35
6.98736e-26
3.22263e-56
38.8734
3.84499e-96
1.46775e-70
3.30491e-32
34.8161
9.00092e-88
0.385458
8.65599e-90
4.34387e-35
1.68992e-86
6.20714e-81
7.54949e-79
2.81284e-10
8.55055e-05
5.11372e-42
79.5676
81.6034
20.3302
4.99331e-56
0.251165
2.30341e-100
1.41325e-66
1.68745e-27
9.14335e-18
1.59184e-75
19.3164
4.44249e-06
8.1849e-100
1.02763e-82
5.19276e-99
32.3136
67.0785
6.2378e-55
36.3334
6.5221e-54
31.3836
5.99336e-42
35.5
9.00616e-88
284.827
62.5306
29.0703
9.26189e-24
2.68606e-69
1.09645e-96
4.01193e-96
38.0175
1.31056e-47
1.06684e-86
4.00469e-102
2.23406e-20
5.15169e-39
5.59967e-58
94.1814
1.41723e-47
2.6497e-100
1.81574e-37
1.59888e-85
2.42197e-87
1.70408e-50
26.4205
1.3783e-60
2.59412e-98
1.86163e-92
1.13885e-62
1.53535e-67
9.25202e-59
2.5635e-66
3.03408e-81
2.89581e-69
3.43387e-93
37.5771
2.95306e-40
5.91962e-57
4.62963e-103
3.7945e-40
6.75542e-89
2.82505e-86
2.13692e-102
53.5563
5.15447e-87
3.2005e-102
51.7485
30.5582
8.6902e-87
1.72147e-62
3.75444e-102
0.0734313
13.1991
8.48213e-63
5.80187e-29
7.38613e-101
9.84466
6.10664e-59
2.95055e-64
2.54633e-52
4.93665e-81
2.46457e-06
33.392
1.56293e-82
3.16473e-77
1.6901e-75
4.63093e-86
8.97502e-98
33.3922
1.99749e-87
9.85054e-46
116.234
3.29611e-102
2.27182e-59
1.52613e-67
1.81395e-98
7.9959
9.36679e-66
10.5091
1.86303e-48
2.94425e-91
1.81201e-73
6.20841e-61
1.00955e-69
5.74953e-101
31.9017
38.6794
6.77453e-43
2.1711e-21
16.2784
9.86855e-23
4.22377e-87
3.12673e-40
1.18194e-95
1.3549e-100
7.25221e-38
3.7785e-35
57.3683
1.11644e-96
1.17704e-64
1.82899e-103
1.76995e-101
159.575
9.61357e-49
100.799
9.04779e-99
8.47227e-16
17.5227
164.26
7.73478e-48
2.4267e-77
72.6625
34.504
7.09674e-80
1.671e-91
1.06835e-89
2.07668e-102
7.6802e-88
2.22033e-54
24.2347
9.01467e-87
1.31279e-66
8.92159
8.87506e-47
6.05248e-84
30.0514
2.23872e-37
6.35383e-76
6.66409e-98
4.94415e-68
1.4425e-100
1.13129e-55
7.47464e-56
7.77384e-102
4.66131e-37
1.5083e-85
1.24184e-32
5.60948e-50
6.87834e-99
1.05562e-99
56.7718
19.2332
6.30186e-74
1.04018e-83
4.90785e-63
3.78495e-16
1.7136e-69
8.61594e-89
3.55068e-35
30.0515
1.11519e-48
8.04022e-42
1.16828e-99
1.4218e-20
6.6045e-103
6.67884e-99
2.60135e-93
1.11678e-100
5.6518e-69
3.24045e-49
74.7268
1.79334e-31
3.80917e-09
5.59477e-66
5.50803e-73
1.80124e-98
23.0526
2.60592e-42
3.14718e-97
1.90599e-93
2.51842e-94
51.2323
49.858
19.6756
5.31098e-84
6.24621e-91
19.3573
2.03035
18.4656
3.1785e-96
3.69845e-53
6.42654e-62
2.83903e-63
19.9075
1.17243e-101
5.69383e-25
2.1206e-67
1.04003e-30
34.0197
5.86976e-88
4.50549e-93
1.018e-76
1.46483e-95
2.58536e-96
1.80199e-30
5.46962
4.46455e-55
9.22159e-84
30.4613
23.9875
1.06015e-60
2.67965e-85
3.07541e-68
4.28063e-101
25.5304
2.37734e-89
55.9939
54.0712
5.23637e-66
19.3514
2.04934
18.4488
25.9283
1.766e-70
12.2373
4.29326e-45
1.50669e-08
15.2836
30.3913
1.07747e-11
2.11116e-86
29.1248
23.7317
25.7063
2.38417e-81
3.16218e-82
1.98316e-84
3.36704e-63
8.08011e-90
3.64429e-83
9.69356e-57
4.10937e-74
23.8945
24.0469
4.17622e-89
7.68929e-10
3.31667e-89
9.56037e-86
6.79663e-64
78.9934
1.6874e-59
2.69871e-86
19.357
2.03035
18.4653
1.2222e-39
3.59391e-52
1.52411e-90
15.5856
2.47845e-79
8.04168e-91
6.35283e-23
33.6177
4.08333e-102
27.7724
2.60569e-42
2.74084e-97
2.88415e-93
8.64822e-10
48.3018
3.62617e-100
1.41793e-96
4.43834e-47
7.05394e-10
4.11465e-81
1.34274e-101
14.6392
2.12896e-68
1.06458e-97
1.96986e-12
1.73224e-91
18.3403
1.13724e-63
1.17139e-90
5.41918e-55
1.61988e-81
4.89436e-98
4.59655e-89
3.59842e-90
4.6538e-98
2.97637e-89
7.20709e-78
30.5786
7.0324e-55
1.34535e-89
40.9323
3.48977e-98
1.65837e-101
2.85413e-102
2.55174e-103
1.62473e-88
1.03323e-89
3.66025e-58
5.9189e-35
6.30453e-48
2.46993e-20
1.51561e-65
2.0716e-75
34.8399
9.00802e-88
8.09126e-99
9.08564e-100
1.25463e-47
3.66032e-55
2.37959e-50
3.33428e-39
5.9226e-44
1.91718e-101
3.59388e-78
5.58895e-90
3.36484e-98
58.7497
8.10741e-94
7.78972e-08
74.2978
2.26135e-86
1.02234e-61
3.49235e-86
8.31984e-99
3.9166e-101
7.56926e-45
33.3667
6.0313e-102
8.85878e-99
37.9246
33.9722
6.07784e-65
2.17823e-98
1.30103e-83
24.3491
9.89235e-90
33.9657
5.89364e-88
4.62514e-98
0.0192257
87.4801
26.6295
3.10025e-32
1.5492e-31
6.86547e-24
1.61021e-78
1.80904e-101
45.4269
75.8899
8.14076e-16
1.21439e-50
3.08182e-22
4.22341e-98
4.98352e-74
3.23655e-63
1.7218e-86
24.5876
2.63121e-64
54.8729
5.35791e-100
2.66299e-102
3.45809e-103
5.6205e-83
44.3025
3.61573e-93
5.66766e-77
8.90367e-84
3.77218e-99
8.11454e-45
34.5667
8.99327e-88
1.56756e-65
6.83878e-31
4.13552e-63
3.0328e-84
1.4557e-45
31.4191
1.30054e-49
31.785
7.60712e-57
1.71191e-89
5.96029e-101
1.47418e-62
1.36169e-53
58.0887
1.58486e-87
3.51552e-95
27.7872
7.01944e-61
7.75538e-24
3.03797e-98
6.83401e-102
2.59806e-19
1.44942e-63
3.87378e-92
2.18614e-100
40.7476
1.87334e-43
1.78881e-42
4.5406e-93
1.06755e-99
1.28828e-83
29.8156
4.12127e-42
1.31828e-67
2.38755e-97
6.21195e-57
2.41212e-100
8.29129e-12
1.01308e-59
4.84743e-12
2.18042e-44
2.2677e-78
3.19613e-102
1.95797e-13
31.1403
2.78708e-16
1.89988e-101
17.489
5.64082e-96
8.77005e-96
32.1734
1.02286e-58
3.09871e-101
24.8218
4.45081e-69
4.24668e-84
2.39847e-96
1.87323e-44
3.00202e-62
5.22631e-66
1.74523e-98
8.16524e-65
68.7014
4.26009e-86
2.46187e-93
1.94633e-84
1.00588e-102
1.08266e-83
4.09212e-86
1.62177e-44
2.2903e-92
6.25134e-103
2.0968e-99
1.2572e-75
5.46181e-55
18.1903
23.4763
4.83498e-102
8.64281e-95
77.6489
77.6162
1.4104e-39
2.56719e-58
7.75023e-40
1.59138e-102
1.08354e-84
23.8393
27.8296
8.18224e-58
4.26912e-53
2.88518e-99
8.03936e-25
3.71937e-35
1.25258e-97
4.31434e-76
2.58806e-56
9.06859e-52
1.36543e-97
25.7545
1.82986e-76
1.11538e-83
17.0739
5.37573e-97
3.90892e-43
2.33475e-55
94.474
7.65522e-91
23.6296
2.87769e-10
8.48076e-100
73.3871
1.22608e-82
61.7069
1.63224e-05
4.7332e-54
4.38449e-45
6.694e-08
4.79397
3.9085e-86
23.8196
7.33341e-41
5.35106e-86
40.5553
1.59487e-30
24.7327
9.07713e-11
9.79542e-52
2.4562e-59
1.57863e-68
3.92472e-69
1.19453e-101
6.21865e-103
1.09839e-90
5.05302e-77
1.7919e-99
17.3803
1.89818e-40
54.3773
1.61521e-48
8.40961
1.14349e-62
2.43247e-40
4.38412e-96
1.04221e-68
1.60329e-89
9.25507e-51
3.75778e-94
1.54264e-75
3.73112e-76
6.40557e-100
2.63654e-63
3.08193e-103
5.96879e-99
9.75424e-93
9.53658e-101
4.48479e-68
4.21217e-102
46.5511
18.6661
1.78221e-94
40.1425
2.15256e-71
6.46178e-68
23.043
2.60594e-42
120.186
185.143
1.08807e-87
2.2319e-57
1.09355e-13
1.4137e-59
3.38683e-56
3.39518e-58
19.3569
2.03123
18.4651
29.2451
1.50521e-61
1.3124e-92
30.1668
61.7354
31.5978
3.0156e-61
26.8544
1.20324e-31
34.0051
5.88936e-88
3.22539e-36
6.72666e-54
1.02014e-71
1.90805e-78
23.675
42.9785
119.442
1.03424e-93
29.4873
23.9715
1.06015e-60
45.6464
6.96288e-53
1.12006e-101
3.3648e-41
1.61283e-12
1.37429e-89
45.9056
34.5585
19.3506
2.05027
18.448
23.5393
2.87344e-91
63.4062
1.71785e-53
8.53801e-06
4.56078e-43
20.7394
2.56313e-79
2.22172e-84
29.1084
23.7954
2.18096e-66
31.4471
4.09311e-103
2.08913e-40
5.11599e-23
1.76088e-96
51.8497
31.572
9.5784e-71
23.8783
24.0442
5.52875e-91
1.61051e-31
0.000549861
26.5105
3.86063e-102
8.07175e-64
1.92852e-32
2.19998e-85
19.3566
2.03133
18.4649
1.16681e-70
1.87951e-90
4.13602e-52
43.6862
26.1803
27.3559
18.1398
7.07093e-76
7.66884e-69
27.763
2.60592e-42
5.70233e-98
2.90919e-05
1.47502e-102
2.18936e-89
3.91421e-67
3.98088e-92
1.8351e-77
6.83013e-29
1.85575e-80
68.0169
1.44641e-57
53.8968
1.36967e-99
30.7752
0.0804903
34.4041
5.98498e-93
4.11913e-102
2.84759e-101
9.12893e-53
1.70217e-21
7.84484e-74
1.27523e-99
2.62065e-86
5.67932e-102
2.33346e-46
1.70885e-47
3.20238e-81
2.01466e-33
1.52695e-83
3.50335e-54
1.98559e-101
1.4089e-100
8.02043e-103
2.93042e-101
7.15241e-10
1.56359e-100
1.64817e-38
4.00822e-53
1.47706e-96
1.18559e-85
1.84039e-91
34.8393
8.99756e-88
2.45424e-101
1.11987e-52
2.27736e-90
33.4585
3.10596e-46
36.2156
54.495
2.2334e-69
2.77625e-86
1.99695e-98
1.69236e-101
34.6548
21.0015
3.66846e-57
1.83848e-94
3.29316e-79
1.05902e-64
2.82749e-101
4.69105e-98
2.47735e-83
1.09694e-55
33.3634
7.32847e-41
1.68686e-65
6.74387e-73
36.4668
4.55293e-89
1.57286e-72
43.5576
1.08924e-05
1.05932e-59
33.9678
5.88125e-88
1.03325e-91
30.4376
8.41124e-97
2.23888e-56
3.60231e-65
2.36378e-52
1.81162e-93
4.48105e-98
57.7416
78.3135
75.9354
54.1648
1.53183e-54
3.66212e-70
9.84116e-05
2.01312e-52
1.23588e-72
8.27808e-70
6.65118e-52
3.80206e-42
53.7151
1.75241e-98
1.90859e-100
9.5716e-19
48.2006
5.27912e-78
3.18517e-58
6.2654e-94
8.95988e-100
4.9311e-21
2.54935e-63
34.5658
5.8802e-88
1.92967e-17
2.8165e-17
22.7846
1.27279e-102
53.3803
5.89389e-57
0.0938128
1.08779e-71
1.12083e-57
2.66638e-89
5.94914e-101
8.26871e-62
6.70091e-93
1.13376e-43
2.61507e-31
2.88639e-22
1.36005e-100
1.09334e-69
4.80274e-64
97.0414
4.35372e-101
34.3875
2.62033e-37
7.2068e-46
61.2099
1.32153e-06
2.49166e-28
5.04961e-44
2.26505e-72
2.71078e-14
4.13944e-89
3.39791
63.2211
4.59473e-94
13.2909
4.64328e-94
4.59939e-47
6.976e-65
6.55136e-95
1.4002e-31
8.92117e-50
3.61322e-90
3.19609e-102
1.28822e-16
30.5835
6.63267e-78
1.97764e-09
61.2868
6.57613e-55
27.0935
16.8106
5.39555e-98
9.42817e-103
24.8209
5.86649e-88
1.14013e-52
1.65133e-83
1.20813e-47
0.000455111
2.46795e-45
5.60675e-76
35.3519
1.15218e-43
2.91644e-61
1.35293e-65
22.8383
5.72978e-103
7.91045e-65
39.2904
1.22606e-56
3.05884e-47
2.90011e-80
2.03137e-46
3.14625e-58
1.22484e-69
18.2942
30.6315
80.7294
2.8279e-90
66.2
6.35222e-37
3.44634e-49
6.71609e-87
1.17499e-94
1.50652e-100
3.39098e-51
23.8389
5.86565e-88
1.43024e-96
15.1863
1.86896e-99
7.3029e-96
8.55824e-66
2.25625e-92
1.63927e-97
8.9775e-64
1.00285e-57
6.91032e-45
26.1366
2.11463e-40
3.00968e-42
32.7051
1.33274e-97
4.66835e-85
1.48955e-46
4.21937e-83
2.81336e-89
2.20176e-77
6.94734e-13
1.25224e-99
35.0384
4.49164e-78
0.428845
1.09094e-101
4.0052e-54
4.71756e-57
2.07063e-72
0.00248385
1.00419e-45
23.8188
5.86651e-88
3.1188e-52
40.5469
3.87354e-101
9.15816e-101
4.3626e-85
28.5717
1.05549e-92
2.04423e-82
5.69128e-48
1.19453e-101
7.26423e-102
1.15605e-101
4.3378e-52
4.86804e-78
54.0939
6.16612e-59
18.7383
31.7887
35.1077
1.03973e-98
7.72834e-100
21.2422
9.10809e-64
1.0253e-90
5.20225e-71
1.03355e-55
6.0043e-87
2.31351e-86
3.03005e-98
1.25224e-08
3.56666e-102
7.33858e-102
6.71612e-90
1.1628e-101
1.05409e-67
7.87901e-94
1.8007e-98
24.4793
1.68541e-28
0.000955694
1.23731e-86
4.2179e-47
23.043
2.60596e-42
1.13791e-17
9.70902
8.64373e-88
46.2291
4.66532e-40
5.16063e-59
2.48934e-42
1.79168e-05
19.3567
2.03124
18.4647
2.77887e-23
9.08502e-17
1.2358e-30
2.58104e-68
2.50561e-12
5.77199e-07
9.38224e-37
4.89593e-91
5.08622e-32
34.0059
2.06907e-87
5.71849e-82
1.85477e-50
2.89485e-88
9.91356e-53
1.21003e-97
4.21597e-21
7.19335e-99
3.7658e-92
9.54632e-86
23.9715
1.06014e-60
5.37349e-91
4.1435e-74
75.6466
9.43186e-100
46.1787
5.82029e-87
41.6739
6.11802e-80
19.3509
2.05046
18.4482
24.5391
1.60893e-26
1.08258e-89
7.54379e-54
5.11865e-08
50.9611
28.8498
6.36678e-50
3.07985e-87
29.1083
23.7954
6.00476e-75
18.3168
5.89156e-99
5.70456e-101
7.67221e-67
7.04743e-57
2.08415e-83
7.75895e-50
1.33332e-78
23.8784
24.0453
2.89645e-98
4.58582e-34
3.33697e-08
1.68578e-94
1.44434e-40
8.09205e-97
2.29282e-65
37.9319
19.3569
2.03172
18.4651
2.52027e-46
1.84484e-90
64.2252
74.6149
6.79852e-100
1.73675e-95
1.1243e-58
2.99439e-84
1.81006e-98
27.7632
2.60598e-42
7.59403e-99
1.81221e-87
2.08182e-72
8.18694e-48
4.51493e-95
1.04421e-90
1.56424e-101
27.2236
1.01757e-80
2.54248e-103
5.58542e-101
5.81424e-50
6.72215e-96
4.21205e-100
64.561
28.5893
26.6565
1.68591e-89
34.9677
2.64007e-93
9.78329e-35
1.13554e-18
65.4579
7.62058e-16
46.3656
84.9675
6.298e-55
2.14916e-53
4.80241e-54
2.22704e-84
6.43038e-51
1.6786e-101
2.77379e-102
7.88057e-81
3.54718e-100
2.11224e-93
3.26821e-91
17.3397
3.10969e-56
3.10328e-84
1.8006e-16
2.93911e-39
34.8397
5.88104e-88
9.79882e-60
3.55625e-53
5.18954e-41
3.87259e-36
1.04729e-72
5.72337e-56
1.12974e-39
5.76286e-94
4.36437e-42
5.9317e-96
8.35932e-104
25.1791
6.60702e-71
2.32662e-100
112.455
5.49883e-87
4.12443e-60
34.9262
2.84956e-98
1.95935e-12
2.23554e-54
32.8477
8.61533e-42
1.05408e-83
9.87879e-52
37.5082
1.23185e-12
6.31152e-72
1.58367e-73
4.08626e-15
0.000390381
33.9678
5.87066e-88
19.5092
7.18165e-58
6.8777e-58
2.19429e-47
2.41864e-39
1.61357e-98
2.57709e-101
64.9304
3.8405e-69
1.55989e-83
5.5404e-86
50.0804
64.4093
1.05989e-54
2.43467e-57
60.1152
6.20953e-51
1.10583e-102
97.1722
45.4747
55.3641
5.71948e-76
2.92791e-83
1.18662e-59
7.27156e-11
6.81528e-39
43.5235
76.4626
32.5509
43.2457
1.64377e-83
34.566
5.86648e-88
2.83272e-53
8.4989e-16
1.68677e-61
1.51534e-88
86.3788
40.0295
19.2739
82.0637
1.8292e-93
4.0454e-90
9.29064e-101
8.266e-62
1.78097e-54
1.60742e-48
4.23927e-05
2.6778e-69
40.0287
5.4037e-55
44.7737
9.53413e-100
1.98215e-101
6.39924e-19
1.10389e-57
4.89756e-84
4.01943e-95
6.40948e-99
8.81965e-42
6.69351e-98
5.09805e-62
159.196
3.99192e-40
42.0745
3.10809e-54
1.36034e-92
54.5729
1.56036e-100
30.5556
8.91614e-46
5.86909e-63
2.52824e-97
2.39459
4.73753e-89
3.19603e-102
1.28824e-16
31.1343
2.23939e-12
25.9879
8.05484e-103
2.78784e-98
3.50681e-87
2.20936e-34
8.93411e-87
4.54486e-69
24.8194
5.88023e-88
52.9624
6.95198e-98
6.39658e-102
2.21849e-56
7.85199e-53
2.81266e-65
70.0344
2.32725e-22
3.63008e-86
3.2042e-65
32.0068
1.84188e-100
2.14255e-51
4.59574e-21
2.74995e-94
3.97642e-80
1.46432e-57
7.37626e-102
1.02474e-86
6.4631e-87
17.9248
30.8614
2.48768e-53
8.55606e-97
8.29245e-77
8.53631e-24
71.0057
2.99776e-07
9.14104e-07
31.2096
1.33409e-48
23.8364
5.1998e-58
2.64694e-88
2.87117e-53
5.85971e-49
1.34953e-86
3.65672e-66
26.2309
37.3201
39.6897
1.42612e-42
1.47244e-39
25.9241
2.24791e-101
1.99595e-72
6.69939e-98
32.4395
17.5268
3.09239e-49
67.7188
9.29057e-27
2.58709e-58
5.25572e-14
1.25309e-99
29.8898
3.96835e-38
1.76103e-77
1.77378e-71
5.50337e-92
3.03031e-99
1.66343e-82
1.44456e-59
6.31485e-53
23.8182
5.88019e-88
5.7716e-19
40.5352
3.17691e-98
9.53641e-87
65.953
26.3364
4.93513e-71
1.63499e-49
3.87791e-82
1.19451e-101
2.28531e-103
1.72299e-78
5.63269e-83
9.22466e-61
3.43884e-26
9.96063e-50
2.5222e-44
7.45099e-28
32.0145
4.43368e-78
1.34483e-36
1.00567e-46
6.03768e-96
5.01727e-72
1.04705e-88
76.7194
23.9962
1.71428e-47
9.0626e-95
3.42556e-96
2.63678e-101
3.26069e-102
9.63948e-87
1.39276e-102
1.05654e-67
2.05776e-79
37.4686
35.452
4.56515e-84
5.19221e-12
7.90325e-54
1.924e-87
23.043
2.60593e-42
18.8884
9.17028e-100
1.82516e-89
47.7282
9.18231e-48
1.05614e-66
34.1944
3.32029e-31
19.3567
2.03123
18.4645
7.08351e-54
5.35723e-57
26.5095
1.41457e-66
9.58717e-81
3.60144e-08
23.4218
9.76003e-44
5.91213e-33
34.0053
7.69784e-86
3.40981e-100
1.86192e-45
2.77689e-88
26.4272
6.87691e-51
5.7203e-87
1.98972e-64
5.77575e-93
1.2156e-60
23.9718
1.05992e-60
1.01074e-43
1.04418e-72
86.3887
24.635
7.23708e-15
1.27725e-68
39.7385
3.34314e-32
19.3509
2.05033
18.4482
4.73287e-92
1.91198e-39
4.16579e-17
1.29566e-54
7.30984e-05
1.92626e-90
31.5459
1.07223e-53
3.12739e-73
29.1085
23.7951
3.18644e-66
7.42901e-84
5.09834e-102
2.3004e-60
1.04537e-98
5.86183e-66
2.30078e-13
2.94175e-46
1.43936e-96
23.8791
24.0359
1.95209e-91
6.69089e-94
8.28674e-101
22.9697
8.13278e-56
2.30638e-75
9.39549e-62
2.52199e-67
19.3567
2.03153
18.4649
1.90464e-18
6.228e-10
32.3277
8.91381e-85
3.93354e-42
24.8694
1.74582e-88
47.3903
9.89993e-87
27.7632
2.60596e-42
2.64518e-97
9.12045e-88
6.40944e-65
1.09013e-72
1.18336e-35
1.57696e-25
37.0479
1.06237e-83
2.27887e-83
1.79875e-103
5.42118e-63
1.85778e-99
5.93734e-96
37.7738
3.24147e-80
29.9256
4.61303e-48
4.60336e-19
121.121
8.26752e-101
43.9808
7.27111e-74
1.45435e-86
9.0883e-103
2.37807e-100
1.11581e-97
1.60418e-14
1.88292e-35
2.92374e-65
92.0243
8.54942e-48
7.09843e-102
3.1262e-102
1.10918e-92
4.47947e-98
2.9776e-28
3.40284e-79
1.4639e-41
1.31873e-92
2.78835e-73
8.17442e-55
4.4049e-25
34.8397
1.73427e-32
8.16416e-46
8.16534e-30
75.396
58.4595
61.4628
41.9456
1.07514e-32
1.08386e-97
9.76127e-76
54.8999
4.42369e-84
57.8186
3.1481e-83
94.5372
53.1142
1.50374e-69
3.10646e-42
1.36328e-07
65.0139
2.60289e-89
1.43213e-77
30.5181
15.4345
9.91112e-79
2.076e-49
1.01475e-102
1.53193e-55
1.63023e-90
4.25687e-91
25.293
22.9164
33.9675
0.0142347
2.34286e-45
1.34993e-47
4.7404e-96
4.32196e-95
5.11387e-39
85.2662
1.70558e-67
5.45798e-58
8.53489e-22
1.19182e-83
2.66724e-96
47.9496
1.07946e-30
5.42582e-14
1.35507e-97
5.6354e-55
8.65056e-53
8.92028e-84
5.438e-102
4.30512e-34
166.36
6.53997e-55
87.3051
3.00159e-34
2.05074e-102
1.80711e-100
61.052
5.4904e-66
60.3397
1.36391e-23
3.66955e-101
34.5662
1.16368e-66
52.5733
5.60458e-91
26.5531
1.72898e-32
5.54801e-33
1.92437e-81
1.12395e-17
4.78632e-93
21.7737
6.65123e-93
1.19003e-56
3.06602e-64
1.43937e-68
3.48459e-65
7.19946e-99
1.86163e-77
2.43155e-21
4.87482e-31
2.2264e-64
16.9394
2.9769e-101
4.85213e-94
1.9886e-65
23.1916
6.13131e-08
1.19296e-99
15.9798
1.96581e-101
2.50638e-64
4.49457e-10
2.18432e-90
2.9153e-93
2.51153e-93
1.39736e-67
9.73159e-40
2.27043e-102
5.87789e-103
2.10792e-93
4.21575e-102
3.62252e-50
1.89088e-98
1.9924e-92
3.18627e-102
8.3769e-17
31.323
7.01228e-57
0.00815987
6.99052e-20
40.3721
2.77183e-30
75.3147
1.27683e-44
7.00916e-44
24.8205
8.99847e-88
4.96123e-65
3.61115e-64
5.59692e-94
1.7187e-83
8.32247e-36
3.432e-40
1.15905e-89
6.72709e-64
4.21531e-96
7.47216e-62
31.4737
7.96824e-97
3.57056e-81
2.99213e-93
1.64551e-37
1.73974e-81
58.8654
4.43581e-84
27.5285
3.52937e-68
19.1646
30.8544
4.13117e-98
3.78527e-63
1.40175e-70
4.00086e-41
1.30889e-100
3.30475e-38
4.76325e-78
3.13424e-49
1.27236e-71
23.836
5.89336e-88
2.04572e-17
34.0377
2.27446e-101
1.99515e-38
1.06442e-70
46.2247
2.62642e-101
9.28221e-71
5.27399e-58
1.89779e-36
25.9164
4.45666e-08
30.849
1.6958e-76
1.429e-66
2.32165e-45
24.5592
6.80594e-15
7.45616e-11
29.948
8.49593e-06
4.68863e-43
2.55505e-74
1.49095e-84
81.3975
87.7979
5.34804e-64
1.62155e-72
36.9473
4.76142e-53
48.227
23.8199
8.99829e-88
28.4989
42.6617
4.12511e-83
7.06985e-101
1.50225e-46
2.96245e-15
3.85696e-92
28.3706
2.85877e-52
7.75037e-102
1.72789e-101
5.49206e-80
7.9818e-15
2.96632e-95
8.48099e-88
5.97081e-87
7.12769e-101
2.2013e-60
29.8425
2.02543e-85
2.90913e-44
2.67646
30.5616
1.82944e-26
29.6888
87.0734
2.22025e-11
2.60035e-28
1.00916e-14
45.8054
5.38819e-102
3.65822e-103
5.76819e-84
3.31521e-97
8.60288e-70
1.66797e-102
1.52526e-84
5.27302e-100
41.6886
1.77742e-74
43.9775
1.40612e-87
23.0526
2.60569e-42
6.63908e-60
6.33741e-99
1.43558e-80
53.4494
2.56928e-76
39.7083
36.48
1.2389e-68
19.3574
2.03035
18.4658
6.77084e-41
1.59291e-72
5.82074e-59
1.49222e-63
1.55295e-83
5.31665e-41
33.2115
43.7972
1.89414e-34
34.0205
2.19881e-49
7.89794e-71
1.24214e-50
2.78554e-100
4.78841e-70
3.85435e-63
19.5899
9.43862e-05
18.5947
1.72149e-92
23.9882
6.89495e-61
4.93978e-65
1.51448e-69
18.0397
3.96659e-102
7.10661e-61
116.113
1.65401e-99
1.55917e-97
19.3517
2.04934
18.4492
1.02679e-47
1.12654e-54
4.28572e-23
1.64382e-37
1.51758e-26
1.73185e-45
2.60265e-70
19.0173
1.52354e-71
29.1254
23.7918
2.33275e-42
3.5949e-65
3.64678e-81
2.22867e-29
2.31922e-40
6.54993e-99
4.45119e-78
66.2852
37.2692
23.8954
24.1664
1.66905e-91
1.13892e-80
5.43148e-15
2.94247e-46
4.87102e-08
0.0010347
3.1268e-52
1.77941e-41
19.3574
2.0306
18.4658
9.80134e-93
9.84372e-88
1.30111e-59
8.62959e-32
27.7851
64.3076
36.7017
3.91026e-102
0.00631847
27.7724
2.60587e-42
5.23515e-98
1.92652e-92
2.36272e-77
1.00381e-91
4.74236e-45
1.01798e-33
304.788
38.3615
1.13803e-86
4.83148e-102
5.4922e-101
1.68224e-100
4.46054e-97
1.71937e-56
1.18918e-100
30.3936
3.88223e-61
3.15978e-57
1.41214e-73
7.96677e-53
8.96941e-38
32.746
1.68322e-86
3.10956e-100
5.38014e-97
76.061
25.2357
34.2156
1.24851e-100
1.44219e-63
2.92065e-51
7.11145e-102
1.91809e-101
1.46983e-100
3.9062e-67
1.72872e-95
5.71522e-102
40.1115
53.7486
2.13437e-41
1.52394e-27
39.0327
43.5514
8.8773e-47
3.46806e-12
4.85049e-89
65.2829
3.39639e-101
56.0978
7.56301e-84
6.68073e-79
1.03762e-52
4.49656e-97
8.17236e-45
8.78858e-49
27.8151
1.3106e-63
1.65505e-78
3.86187e-59
2.979e-40
3.39749e-91
1.0035e-80
9.68699e-60
8.36403e-64
1.31497e-101
59.5953
1.72386e-100
6.96876e-60
7.51044e-51
2.77386e-66
2.16708e-86
3.21833e-101
42.5305
4.79553e-96
4.98916e-84
29.5784
6.01715e-31
37.6217
4.54328e-49
1.41667e-53
2.388e-99
1.60808e-95
21.913
39.9522
81.5283
1.18193e-80
60.8067
59.8917
44.3211
9.00116e-95
23.8149
5.48104e-37
3.37402e-71
4.42293e-92
3.21676e-92
2.25278e-19
5.30791e-94
63.7585
43.332
152.782
1.19942e-42
3.06407e-81
70.5809
40.9306
1.12881e-50
2.68928e-90
8.83831e-95
2.05935e-63
36.636
8.10145e-58
124.272
6.98451e-29
1.33108e-101
3.2567e-88
5.24294e-93
18.4297
24.4349
50.9823
2.43304e-41
4.10345e-96
1.04028e-101
33.6126
1.26683e-93
36.529
6.58808e-17
2.13447e-99
41.1686
3.75249e-44
2.34182e-100
4.0136e-87
3.73429e-95
29.9998
7.43871e-55
1.96569e-69
2.43552e-52
1.5428e-18
7.48936e-49
44.9853
3.54365e-41
47.2944
2.36357e-66
4.52837e-92
1.63957e-98
7.03117e-53
2.22267e-86
1.51266e-87
7.15853e-48
5.91302e-95
7.5706e-62
2.55443e-07
3.33137e-70
3.8972e-89
15.8613
47.8011
1.17251e-11
1.26868e-83
4.10081e-93
100.289
3.02066e-60
3.09202e-44
49.0817
21.0072
2.76153e-54
25.7309
9.00612e-88
1.1034e-05
1.27373e-91
6.02948e-64
2.38363e-102
4.26609e-58
45.0073
7.98367e-62
77.475
2.74656e-52
236.53
1.68338e-83
3.4262e-102
2.38143e-103
3.13487e-70
7.7465e-65
149.1
3.76522e-55
4.93871e-70
3.88784e-69
15.1583
70.1507
0.0154876
3.31374e-69
6.55806e-67
3.50528e-89
3.41846e-68
2.55375e-99
3.48775e-87
4.00759e-21
5.27285
4.2428e-80
24.7193
9.00328e-88
7.78111e-90
1.27628e-67
1.92575e-87
4.11744e-78
8.79822e-95
1.3863e-98
2.31016e-86
28.0709
18.7089
64.2599
32.4171
9.95677e-95
3.72516e-12
6.02349e-08
1.60914e-97
1.52374e-62
7.41348e-70
33.0087
128.293
1.48606e-83
22.0344
1.98839e-19
56.3054
2.79612e-61
3.66188e-98
5.16293e-54
3.66448e-99
1.16245e-83
1.9795e-26
1.65877e-90
1.65721e-94
24.8124
9.0057e-88
6.63203e-40
4.40786e-49
4.99856e-06
34.8233
11.8954
2.19142e-98
1.24601e-65
69.875
4.55214e-57
7.28537e-87
59.5148
3.13195e-87
5.5566e-98
2.05254e-23
5.67047e-102
1.82188e-52
5.08635e-99
2.91902e-41
1.04214e-70
86.7258
7.42785e-56
1.46586e-101
4.64621e-54
1.58733e-92
6.55718e-55
30.2415
5.38696e-53
6.70075e-93
7.53116e-47
9.84689e-07
2.91821e-102
3.83444e-60
3.82134e-83
8.3443e-84
40.7633
3.3662e-88
1.25995e-22
1.77166e-100
3.66009e-96
4.35184e-43
9.96015e-87
2.5937e-87
27.6257
6.25434e-45
1.18101e-36
4.67888e-96
4.79057e-102
2.2454e-97
6.41323e-95
6.4481e-35
1.70613e-93
1.55565e-66
19.3583
1.92786
18.5554
4.03306e-35
8.79574e-88
26.5296
1.57449e-86
2.46655e-89
8.46065e-102
3.54439e-07
1.12693e-97
5.40009e-99
38.4745
9.00514e-88
1.03634e-97
5.24523e-31
3.32142e-11
6.64769e-60
2.57023e-99
4.54058e-16
3.26822e-57
7.82547e-86
6.83291e-29
28.0673
9.85097e-55
3.84185e-66
43.0538
1.09702e-54
1.72085e-92
7.52248e-31
3.0075e-101
4.04471e-86
8.36286e-85
19.3569
1.95029
18.5359
22.5152
2.90125e-89
1.19374e-34
49.6272
14.7238
58.72
15.1921
6.87118e-14
9.75088e-96
21.2902
24.3921
1.94677e-67
29.3057
2.18781e-99
2.00197e-93
41.5909
4.46408e-93
6.01914e-95
3.49615e-42
5.4296e-93
27.9864
23.8563
8.23338e-37
8.75854e-19
5.54521e-46
7.56596e-94
1.23954e-92
1.26507e-95
1.10752e-42
1.55539e-47
19.358
1.92811
18.555
23.6641
1.28841e-96
6.87961
1.55943e-41
9.87165e-38
2.25428e-83
28.8216
2.55756e-46
2.49394e-69
32.2056
1.24706e-40
1.23917e-93
5.54397e-63
1.61728e-101
5.56919e-99
4.16556e-81
1.65802e-21
7.37875e-11
6.71638e-53
4.21938e-90
55.2687
2.08195e-100
1.58641e-64
28.3434
1.44042e-45
6.45992e-55
3.61885e-62
56.3737
6.74968e-12
1.23161e-60
6.91912e-48
2.80031e-31
3.97804e-32
7.06563e-98
7.17867e-10
2.44768e-78
1.43455e-52
1.06119e-98
3.10088e-93
4.3684e-91
1.75915e-87
3.54168e-65
50.9176
9.97447e-59
6.13483e-101
2.36597e-101
46.1236
10.9021
1.47672e-30
6.96396e-32
2.86656e-48
3.01668e-49
1.48757e-31
32.223
2.94881e-37
3.7406e-94
19.0894
2.57068e-08
9.66498e-77
18.0868
1.4883e-41
3.07717e-59
8.85974e-50
1.09732e-47
7.9379e-104
1.14696e-40
1.32193e-40
3.08141e-93
8.59255e-52
0.0764911
1.68498e-40
0.00274798
1.28741e-60
6.48797e-89
37.1099
4.5916e-101
98.6392
5.43443e-88
3.72075e-91
6.34503e-102
5.68246e-34
8.04554e-49
1.1077e-92
5.21424e-54
3.9591e-97
1.02408e-90
32.1949
2.94949e-37
6.7495e-17
2.28252e-90
7.51874e-102
25.8563
38.1201
1.12088e-37
3.74035e-100
43.3979
30.4034
2.58388e-101
1.57688e-74
1.93311e-60
4.36542e-101
5.36616e-64
1.50434e-26
24.3706
4.62711e-72
47.9833
36.8045
6.04534e-52
7.42541e-87
2.11061e-89
8.98926e-29
3.27749e-98
1.29165e-52
9.82137e-97
2.27349e-32
7.64316e-81
7.41772e-60
3.14254e-19
5.05396e-81
32.223
2.94945e-37
5.71313e-94
43.2527
8.00501e-70
4.16556e-95
4.05139e-87
4.71034e-73
1.5986e-96
1.20737e-98
1.9613e-41
1.32524e-101
3.35237e-24
2.95179e-08
2.64057e-98
1.79313e-99
2.19061e-103
14.9791
1.41209e-37
8.43986e-39
1.92541e-42
1.34379e-58
1.45272e-61
1.44857e-31
3.96869e-07
2.60836e-101
3.61071e-62
2.78168e-47
3.42102e-100
2.34263e-98
1.15971e-45
1.87951e-89
VECTORS velocity float
-1.14649e-99 -1.94775e-99 0
-3.85383e-98 -1.70601e-96 0
-1.07646e-31 9.69175e-32 0
1.52259e-53 1.00159e-53 0
-1.5142e-92 -4.08163e-93 0
-7.59603 -24.7868 -4.73715
4.06767e-54 3.76258e-54 0
7.25139e-47 -6.48633e-47 0
2.99025e-73 -2.63065e-72 0
2.97495 0.735078 -24.5147
-7.21483e-92 -1.4105e-91 0
-3.44093e-65 -2.71607e-63 0
-12.2189 -28.9668 9.27112
-2.17176e-90 -1.73778e-89 0
2.89259e-76 1.34301e-76 0
-4.49744e-102 -4.64748e-102 0
2.22336e-73 2.96054e-73 0
-8.93015e-85 3.47127e-84 0
-37.3331 -44.7368 21.7713
26.2138 -14.8908 13.381
8.81309e-94 -1.52244e-94 0
1.89227e-28 -9.00505e-29 0
1.56345e-63 2.58668e-62 0
-27.6428 -8.36664e-06 -0.277399
-2.94944e-37 -4.25137e-41 0
2.44794e-64 4.35748e-64 0
1.93588e-59 1.27346e-59 0
-3.28531e-46 -1.69176e-46 0
-1.47736e-23 -8.09427e-24 0
-39.2699 33.2357 17.854
0.332554 27.3082 -16.2529
-50.748 23.0571 -13.7463
-3.85011e-51 -2.99648e-51 0
1.78959e-64 1.17723e-64 0
-6.60232e-99 -6.84132e-99 0
5.1992e-79 -3.9439e-78 0
24.2089 4.20146 -23.532
10.1672 13.4373 -23.4875
9.22007e-68 -9.18746e-69 0
1.0582e-95 9.03877e-95 0
2.72743e-51 8.85339e-52 0
3.25491e-69 4.60282e-69 0
18.366 41.6624 56.3089
-1.72788e-51 1.21505e-51 0
-7.71797e-14 -6.98495e-15 0
-2.58107e-104 2.28691e-104 0
5.02917e-83 5.17833e-83 0
-2.31754e-103 -6.16298e-103 0
-2.61854e-101 -3.5401e-101 0
-2.28416e-89 -3.713e-89 0
-1.65072e-90 -2.04385e-91 0
18.3493 2.84784 -24.8479
4.67068e-49 -1.99431e-49 0
-1.1866e-23 -1.06416e-23 0
-2.98031e-97 -3.51183e-97 0
-9.1341e-52 6.42312e-52 0
-27.6135 4.29838e-06 -0.255296
-2.94952e-37 -2.13602e-41 0
-7.11664e-86 -1.29327e-85 0
-5.37909e-36 4.68132e-36 0
5.19291e-90 -1.90773e-90 0
4.53617e-81 -7.59487e-82 0
2.71456e-86 -5.92114e-86 0
7.67197e-39 -1.46543e-38 0
26.0648 -17.1079 6.16036
0.000903167 0.000594119 0
-4.43061e-85 1.86132e-85 0
-1.14309e-103 -1.2585e-102 0
-1.30758e-92 -6.50324e-93 0
-1.09086e-99 1.75889e-99 0
4.68421e-99 4.67409e-98 0
26.9818 30.7308 -23.818
-3.57834e-101 1.35764e-101 0
2.28254e-74 1.157e-73 0
1.84836e-59 1.38362e-60 0
-2.52084e-20 -1.56941e-21 0
1.95532e-24 -6.7908e-24 0
3.33805e-55 2.19583e-55 0
-12.9592 86.0992 -20.0303
1.80178e-53 1.18525e-53 0
3.87791e-69 7.76882e-70 0
-1.54089e-86 1.03014e-86 0
3.65932e-100 -1.34422e-99 0
-1.68273e-100 -5.36097e-100 0
3.67856e-60 2.41982e-60 0
3.40593e-97 -1.9146e-96 0
7.30175e-30 -3.16249e-29 0
-3.54468e-70 2.49263e-70 0
-7.79276e-88 -6.23551e-87 0
-27.6428 1.20571e-05 -0.277399
-2.94887e-37 -1.01726e-42 0
-6.55565e-50 2.10958e-50 0
-1.48224e-18 3.21641e-19 0
-6.30451e-65 4.43334e-65 0
4.89963e-24 -6.19828e-24 0
5.62518e-94 -1.94869e-95 0
2.62246e-90 3.07682e-90 0
-28.3349 -4.03436 -22.3066
8.65119e-34 1.45961e-33 0
-3.82133e-83 8.45581e-82 0
-7.82807 41.6332 3.9653
-2.61752e-70 1.84065e-70 0
1.29268e-60 -1.00767e-60 0
-1.67183e-101 1.60176e-101 0
2.81016e-32 -4.51917e-32 0
1.52878e-45 -1.64888e-45 0
-2.56267e-63 7.39166e-63 0
30.4707 -0.282396 26.6678
9.51304e-27 1.43973e-27 0
15.5837 12.4076 -3.04941
-1.49123e-56 1.04864e-56 0
1.07014e-99 2.42842e-99 0
-2.88562e-32 -2.73811e-32 0
-3.16212e-55 2.22361e-55 0
-9.16603e-67 2.13301e-66 0
9.19059e-17 -1.41285e-16 0
2.3822e-52 -1.95035e-52 0
7.49274e-70 -4.47596e-69 0
13.2616 64.9919 16.1662
3.72224e-100 -2.92456e-99 0
-1.07583e-97 3.89582e-97 0
4.91024e-104 -6.54699e-103 0
-8.75354e-89 -7.00421e-88 0
-1.61158e-90 -1.65676e-89 0
-1.04384e-102 -2.49687e-102 0
26.7664 -11.4069 6.33793
-1.4457e-87 -1.12177e-86 0
1.68434 -7.24322 -20.9645
9.79616e-86 2.16602e-85 0
-6.24437e-64 4.39105e-64 0
2.39135e-35 6.66782e-35 0
-1.51756e-94 -2.27693e-94 0
4.68789e-84 3.10291e-84 0
-0.00026355 -27.6245 -0.267243
1.04459e-42 -1.24703e-40 0
-6.0423 -9.65679 -22.9879
16.375 16.7529 -22.3877
1.22272e-99 -1.45506e-99 0
-1.99748e-15 6.85021e-15 0
22.4397 -32.4455 -22.5805
-1.83804e-33 1.77273e-34 0
4.5737 -57.6085 -9.53955
21.7019 -5.78346 -23.7864
-1.0443e-05 -8.05748e-05 -19.3581
-3.94516e-05 -2.07697e-05 1.92786
-0.000170992 -0.00012622 -18.5551
1.45193e-62 7.26232e-63 0
7.03937e-40 8.17149e-41 0
11.7383 11.3402 -14.1697
-7.83582e-92 4.65206e-92 0
36.6782 34.2832 13.6478
3.81058e-36 2.50667e-36 0
9.01365 27.4126 24.0964
2.14121e-58 1.40853e-58 0
-4.9844e-23 3.22339e-23 0
2.80378 30.376 -23.4691
-3.57115e-92 9.00192e-88 0
3.38504e-62 1.82825e-63 0
-4.1674e-102 -6.62891e-103 0
23.5816 -9.87297 -20.7009
-8.26082e-89 -3.47506e-87 0
7.83286e-100 1.44471e-99 0
-5.22098e-56 -1.20015e-55 0
-11.5253 15.1123 0
16.8715 -21.3015 -9.93604
20.9509 -27.9901 -0.122448
3.25564 -24.28 -14.9641
-3.12893e-63 -1.89284e-61 0
7.27345e-65 1.13058e-64 0
-157.367 -52.3119 25.1842
1.62114e-85 2.32169e-86 0
3.30526e-77 -2.54043e-76 0
1.94514e-59 -5.43655e-59 0
7.95832e-98 2.07602e-97 0
-3.28563e-102 -5.28508e-103 0
-0.135248 -27.1592 -17.6627
-5.35692e-06 1.18237e-05 -19.3569
-3.66404e-05 5.54654e-13 1.95029
-0.000732187 0.000113874 -18.5356
-1.06821e-62 7.51169e-63 0
8.51061e-54 -1.04766e-53 0
0.212089 0.0220567 0
5.3014 1.80309 -24.2471
9.11509 2.62419 31.3898
-1.76481e-95 -1.09022e-94 0
16.9118 2.8053 -15.0956
21.0342 0.496177 -9.37664
2.11146e-76 -1.32479e-75 0
6.18616 13.4466 -14.2903
-0.000684563 13.7847 -20.8134
-1.55632e-67 -6.85249e-67 0
5.58282e-27 6.79916e-27 0
-3.57353e-33 2.61238e-33 0
4.02582e-10 2.84662e-09 0
-1.65673e-61 1.16501e-61 0
-2.30428e-52 1.62037e-52 0
-2.40416e-55 1.69061e-55 0
-8.34731e-35 -4.83299e-34 0
-2.25252e-45 3.45011e-44 0
3.23134 -24.3567 -14.7535
1.56013 -3.34162 -24.2175
7.16154e-28 1.85035e-27 0
2.38474e-93 -1.34267e-92 0
23.8851 5.0343 5.19196
-20.0248 -13.4743 6.47415
2.4977e-40 -3.90179e-40 0
-1.21238e-91 2.68275e-90 0
20.8768 48.026 -15.1927
3.7833e-85 -1.20937e-84 0
-3.47794e-05 4.1089e-05 -19.358
-3.94516e-05 2.07697e-05 1.92786
-0.00116756 0.000121232 -18.5548
-8.65566 -21.022 -6.63533
1.16586e-92 1.24026e-92 0
8.95114 -18.8831 -19.7786
2.16947e-83 8.28799e-83 0
4.57855e-38 -1.1896e-37 0
4.18799e-34 -2.65754e-34 0
2.28364e-64 -2.30895e-64 0
-1.9115e-100 -1.52795e-99 0
-4.4716e-56 3.14444e-56 0
-0.000188484 32.0718 -2.93259
-5.24358e-50 6.25429e-45 0
5.60072e-73 6.36842e-73 0
-1.20094e-27 -4.06684e-27 0
11.1421 26.7051 -19.9922
-1.37246e-95 -5.63509e-95 0
13.8722 21.1808 -12.5938
6.30902e-50 9.2467e-50 0
3.56366e-101 1.79148e-102 0
44.8071 57.9165 -11.5887
-1.42599e-85 3.15542e-84 0
-13.5905 -83.1713 47.6184
-1.09563e-73 7.70452e-74 0
17.0336 -31.1964 -7.63983
17.4873 -9.98152 1.59597
2.18549e-51 1.43766e-51 0
55.155 -4.48841 12.3684
55.8028 19.4786 -9.64001
-1.00493e-99 -4.35705e-98 0
6.34816e-96 -1.09138e-94 0
4.48941e-60 2.95322e-60 0
-1.48308e-22 -2.9089e-22 0
2.0658e-102 -7.93167e-101 0
-2.06306e-52 1.22148e-52 0
-2.63471e-90 -2.03834e-89 0
3.52683e-33 2.45409e-33 0
-1.84129e-89 -9.15768e-90 0
-3.61046e-96 -2.0442e-96 0
-1.65806e-09 -3.40096e-11 0
7.63682e-96 -2.91348e-96 0
4.17731e-100 -2.36588e-99 0
7.46681e-87 1.32073e-86 0
-8.37543e-88 1.28174e-87 0
-1.84629e-84 -1.47734e-83 0
7.05486e-102 5.55527e-101 0
-1.48429e-100 1.29926e-100 0
8.28231e-22 2.97259e-21 0
2.82169e-91 6.23841e-92 0
-2.78696e-92 -4.96824e-92 0
1.78034e-74 2.36555e-73 0
1.05879e-05 -1.18328e-05 0
7.72884e-92 4.08405e-92 0
-4.78743e-54 2.86981e-55 0
-21.6125 -2.38707 -7.54733
27.6556 3.09257 -22.3806
9.00957e-88 -3.57254e-92 0
10.7159 -45.3724 9.976
-6.37524e-102 -4.26708e-102 0
7.46344 -20.19 10.1713
-26.4179 -15.8128 46.1807
-1.66118e-65 1.76854e-65 0
2.45968e-79 1.63511e-79 0
1.11498e-65 2.35608e-66 0
20.8484 32.8955 -1.65294
3.62195e-65 -3.78264e-65 0
-36.5892 -175.31 36.3461
1.43704e-100 -2.18746e-100 0
-1.03095e-101 -6.31634e-102 0
-2.86804e-96 -1.42642e-96 0
-2.98345e-91 -2.38479e-90 0
19.8071 33.3993 -16.1337
-3.9885e-96 -5.98429e-96 0
-6.75501e-96 -3.36129e-96 0
-5.18905 -0.863466 -6.73418
-1.73274e-73 1.21847e-73 0
0.556215 -0.547435 0
41.948 -55.3243 -5.43969
13.6631 17.6888 -24.4563
-8.70477e-92 6.98871e-92 0
6.44395e-35 4.23895e-35 0
4.34705e-35 7.96433e-35 0
6.63272e-26 2.19777e-26 0
-2.63611e-56 1.85372e-56 0
21.8546 30.9148 8.82014
1.61259e-97 -3.84161e-96 0
1.42866e-70 3.36469e-71 0
-3.29644e-32 2.36468e-33 0
26.6869 3.02535 -22.1544
9.00092e-88 -8.44889e-93 0
0.253296 0.29055 0
8.58153e-90 1.13287e-90 0
-4.22497e-35 -1.00936e-35 0
-2.05731e-87 -1.67735e-86 0
-1.43511e-82 -6.20548e-81 0
5.34345e-79 -5.33314e-79 0
-2.34721e-10 1.55006e-10 0
-8.54896e-05 -1.64941e-06 0
4.27224e-42 2.81035e-42 0
73.6136 24.481 -17.6841
-80.1367 -15.2501 -2.15998
0.492093 6.85536 -19.1332
4.17165e-56 2.74418e-56 0
-0.128508 -0.2158 0
3.93036e-101 2.26963e-100 0
1.24713e-66 -6.64791e-67 0
1.27997e-27 1.09963e-27 0
-6.29642e-18 -6.62993e-18 0
1.3299e-75 8.74831e-76 0
7.69598 -1.9725 -17.607
-7.88551e-08 4.44179e-06 0
5.97618e-100 -5.59265e-100 0
-9.20111e-83 -4.57618e-83 0
-1.38594e-99 5.00439e-99 0
13.0633 -18.3739 -23.1499
41.5506 -51.831 -9.30693
-5.10251e-55 3.5881e-55 0
17.5884 -20.4178 24.3697
-1.96979e-55 -6.51912e-54 0
-28.1625 12.6868 -5.55446
-5.98917e-42 2.23989e-43 0
27.8156 -1.10684 -22.0299
9.00616e-88 3.95763e-92 0
87.9207 -179.726 202.719
27.4242 25.9098 49.8666
8.57825 22.3202 -16.5319
1.47787e-24 -9.14322e-24 0
2.24406e-69 1.47619e-69 0
4.60305e-98 -1.09549e-96 0
-3.81965e-96 -1.22714e-96 0
32.4341 -6.09437 -18.8738
1.09491e-47 7.20249e-48 0
-1.30823e-87 -1.05879e-86 0
-2.20333e-102 3.34408e-102 0
1.26911e-20 1.83859e-20 0
4.41163e-39 -2.66036e-39 0
4.67822e-58 3.07742e-58 0
-93.6368 9.86612 2.22635
1.18402e-47 7.78869e-48 0
-2.48947e-100 9.07435e-101 0
3.17511e-38 -1.78777e-37 0
1.53069e-85 -4.61951e-86 0
-5.59956e-89 -2.42132e-87 0
9.09043e-51 1.44136e-50 0
-6.43502 -20.6022 -15.2377
-1.12745e-60 7.92827e-61 0
-9.85219e-99 -2.39975e-98 0
-1.58806e-92 9.7146e-93 0
-1.11127e-62 2.49124e-63 0
1.471e-67 4.39846e-68 0
7.72957e-59 5.08465e-59 0
-9.09709e-67 2.39666e-66 0
3.02012e-81 2.90674e-82 0
-2.36877e-69 1.66573e-69 0
-3.03027e-93 1.61521e-93 0
27.6145 -2.52004 -25.3598
2.46712e-40 1.62292e-40 0
-4.84225e-57 3.40508e-57 0
-3.1792e-103 -3.36544e-103 0
3.1701e-40 2.08535e-40 0
-8.37911e-90 -6.70325e-89 0
2.11739e-86 1.87018e-86 0
-1.32311e-102 -1.67804e-102 0
31.4004 43.1662 4.35562
-6.39202e-88 -5.11468e-87 0
-2.46827e-102 -2.03737e-102 0
25.376 41.9753 -16.4935
0.359776 27.7249 -12.8454
-8.52612e-87 1.68072e-87 0
-1.42065e-62 -9.72214e-63 0
-3.31278e-102 -1.76674e-102 0
0.0709869 0.0187887 0
9.17439 2.90582 -9.03348
7.91892e-63 -3.03927e-63 0
4.84715e-29 3.18854e-29 0
7.37742e-101 -3.58578e-102 0
-2.7579 7.04613 -6.29789
-6.10319e-59 -2.05355e-60 0
2.37914e-64 1.74512e-64 0
-2.0829e-52 1.4647e-52 0
-4.82628e-81 1.03807e-81 0
-2.15449e-06 1.19679e-06 0
16.8894 16.5769 -23.558
1.30788e-82 -8.55691e-83 0
-3.86589e-78 -3.14103e-77 0
1.42833e-75 9.03502e-76 0
-5.7427e-87 -4.59519e-86 0
-5.30586e-98 7.23871e-98 0
23.6448 -6.84119 -22.5646
-2.47638e-88 -1.98208e-87 0
8.22959e-46 5.41358e-46 0
109.553 -35.1965 -16.4188
-1.1033e-102 -3.10597e-102 0
-1.85835e-59 1.3068e-59 0
-1.24837e-67 8.77859e-68 0
-2.03737e-99 -1.80247e-98 0
-4.32636 6.65625 -0.954654
-7.66203e-66 5.38796e-66 0
8.68185 5.05863 3.07853
1.7704e-48 -5.80141e-49 0
-6.51087e-92 -2.87136e-91 0
-1.48223e-73 1.04231e-73 0
-6.18669e-61 -5.18844e-62 0
-8.25814e-70 5.80714e-70 0
5.38461e-101 2.01571e-101 0
4.1426 -29.3502 -11.795
16.8989 -33.5948 -9.05037
6.50964e-43 -1.87586e-43 0
2.08912e-21 5.90996e-22 0
-11.8764 5.31954 -9.77952
-9.86798e-23 -1.05502e-24 0
2.69259e-87 -3.25425e-87 0
1.92674e-40 -2.46254e-40 0
-1.17723e-95 1.05419e-96 0
-1.35052e-100 1.08866e-101 0
-3.8758e-38 -6.12966e-38 0
-3.15999e-35 2.0716e-35 0
-52.3284 15.9455 -17.28
-2.971e-97 1.07618e-96 0
9.83353e-65 6.46867e-65 0
-7.04299e-104 1.68795e-103 0
1.54215e-102 -1.76321e-101 0
81.8453 4.54879 136.911
-7.86389e-49 5.52991e-49 0
84.9161 -52.4376 -14.1442
-4.28062e-99 7.97112e-99 0
-8.22106e-16 2.04781e-16 0
11.9399 12.7706 -1.18164
-131.943 95.0633 23.1393
-6.32705e-48 4.44919e-48 0
-1.99866e-77 1.37631e-77 0
6.03034 -69.2834 -21.0542
26.2206 2.70315 -22.2642
-2.26723e-80 -6.72483e-80 0
-1.5887e-91 -5.17953e-92 0
-6.70472e-90 8.31766e-90 0
7.40643e-104 -2.07536e-102 0
4.16678e-89 7.66889e-88 0
1.85496e-54 1.22023e-54 0
14.9189 -2.56966 -18.9247
-1.11841e-87 -8.94502e-87 0
1.09658e-66 7.21758e-67 0
-6.23246 -1.51381 -6.20157
-8.87442e-47 1.06832e-48 0
-7.50546e-85 -6.00577e-84 0
25.4805 -12.1492 -10.3067
1.45995e-37 -1.69717e-37 0
-4.25554e-76 4.71821e-76 0
6.24773e-98 2.3186e-98 0
1.30606e-68 -4.76853e-68 0
-5.73807e-101 1.32346e-100 0
-9.2539e-56 6.50737e-56 0
-6.11425e-56 4.29956e-56 0
-5.59107e-102 5.40116e-102 0
-2.52327e-37 3.9193e-37 0
-7.78785e-86 -1.29168e-85 0
-8.51427e-34 -1.23892e-32 0
2.14586e-50 5.18281e-50 0
4.7121e-99 5.01076e-99 0
-5.23222e-100 -9.16829e-100 0
30.5583 46.6882 10.4611
-18.0655 -5.76743 3.20811
-5.7331e-74 -2.61629e-74 0
-1.2899e-84 -1.03215e-83 0
4.10024e-63 2.69721e-63 0
3.66027e-16 -9.63453e-17 0
-1.40173e-69 9.85698e-70 0
-9.76649e-90 8.56041e-89 0
1.26107e-35 3.31919e-35 0
10.5826 -17.2537 -22.2129
-9.12228e-49 6.41481e-49 0
1.36225e-42 -7.92397e-42 0
-9.92985e-100 6.15509e-100 0
-1.39084e-21 1.41498e-20 0
2.27112e-104 -6.6006e-103 0
1.16023e-99 -6.57729e-99 0
-3.60828e-94 -2.5762e-93 0
6.2278e-102 -1.11504e-100 0
-1.99964e-70 5.64826e-69 0
2.01295e-49 2.53939e-49 0
73.8726 8.69459 7.16439
4.1352e-32 1.74502e-31 0
1.18381e-09 -3.62055e-09 0
4.67413e-66 3.07473e-66 0
5.50397e-73 -2.11564e-74 0
-1.10297e-98 -1.42406e-98 0
-8.18703e-06 -22.866 2.92703
2.11501e-44 -2.60584e-42 0
2.98232e-97 -1.00526e-97 0
1.87535e-93 3.40389e-94 0
-6.70062e-95 2.42765e-94 0
19.7323 -43.1984 19.2166
-45.6401 -19.9207 -2.44137
-3.18332 7.87161 -17.7492
-6.58611e-85 -5.26999e-84 0
-2.81989e-92 6.23984e-91 0
-1.31064e-05 -0.000104051 -19.3573
-3.34656e-06 -1.46529e-05 2.03035
-3.70568e-05 -0.000159712 -18.4656
-4.9756e-97 -3.13932e-96 0
-2.42079e-53 -2.79613e-53 0
3.98415e-62 5.04251e-62 0
2.6578e-63 9.98093e-64 0
-8.78902 17.1213 -5.09117
9.72374e-102 6.55049e-102 0
3.66283e-25 -4.35929e-25 0
1.77165e-67 1.16542e-67 0
7.3001e-32 -1.03747e-30 0
3.08225 25.8814 -21.8631
-1.31282e-92 5.86976e-88 0
1.12546e-93 4.36266e-93 0
7.09242e-77 7.30277e-77 0
-3.24709e-96 1.42839e-95 0
1.08444e-97 -2.58308e-96 0
-2.75364e-32 1.80178e-30 0
5.45473 -0.403309 0
3.41058e-55 2.881e-55 0
-1.14354e-84 -9.15041e-84 0
8.44888 20.3041 -21.0773
3.54853 -19.1817 -13.9597
-1.95771e-62 -1.05997e-60 0
-9.87375e-86 2.4911e-85 0
1.06472e-68 2.88523e-68 0
7.26245e-102 -4.21857e-101 0
-10.1013 11.2678 -20.5621
-2.06271e-89 1.18194e-89 0
26.6413 -44.6763 -20.7264
23.7666 -45.2095 -17.7468
-4.28334e-66 3.01206e-66 0
5.78474e-05 1.66088e-05 -19.3514
-3.08175e-06 2.75721e-09 2.04934
-8.2779e-05 1.11275e-05 -18.4488
13.3525 -14.3051 -17.0104
-1.62291e-70 -6.96346e-71 0
11.2792 4.74665 0
3.83042e-45 1.93907e-45 0
1.17067e-08 -9.48488e-09 0
5.26372 7.19946 -12.4117
22.0973 9.25791 18.6984
1.07255e-11 1.02888e-12 0
-6.90024e-87 -1.99521e-86 0
3.35043 21.6882 -19.1481
-1.60232 12.3555 -20.1982
9.85762 -12.0377 -20.4629
-1.07635e-82 2.38174e-81 0
-2.55435e-85 3.16218e-82 0
-8.95311e-86 1.98114e-84 0
2.42592e-63 2.33492e-63 0
-1.01321e-90 -8.01633e-90 0
4.32233e-84 3.61856e-83 0
9.15748e-57 3.17894e-57 0
1.40612e-75 4.10696e-74 0
3.49693 -19.3067 -13.6371
1.78337 -3.10066 -23.7794
9.0293e-90 -4.07744e-89 0
2.38801e-10 7.30907e-10 0
-2.96966e-89 -1.47696e-89 0
3.51316e-86 -8.89148e-86 0
-5.55964e-64 3.90955e-64 0
9.05919 65.3946 43.3754
2.03449e-60 -1.67509e-59 0
-3.34666e-87 -2.67788e-86 0
2.77576e-05 2.92206e-05 -19.357
-3.28358e-06 1.4671e-05 2.03035
-0.000366468 7.90399e-05 -18.4653
-1.22208e-39 1.67046e-41 0
1.92506e-52 -3.03485e-52 0
-1.89004e-91 -1.51234e-90 0
3.20609 -12.1288 -9.24789
1.45884e-79 -2.00362e-79 0
-2.14435e-91 -7.7505e-91 0
-2.80656e-23 -5.69927e-23 0
-20.2468 -16.0489 -21.5093
-4.08063e-102 1.48524e-103 0
-1.23072e-05 27.7635 0.702653
-2.13358e-44 2.6056e-42 0
-3.36749e-98 -2.72008e-97 0
-2.68867e-93 1.04374e-93 0
8.24639e-10 -2.60554e-10 0
-25.5796 38.608 13.7174
-3.08933e-101 -3.61299e-100 0
-1.2971e-96 -5.72775e-97 0
1.13338e-48 -4.43689e-47 0
5.79118e-11 7.03013e-10 0
-1.85759e-82 4.11046e-81 0
-1.27596e-101 -4.18181e-102 0
14.637 -0.256538 0
-7.72637e-69 1.98381e-68 0
6.97798e-98 8.03989e-98 0
-9.5844e-13 -1.72097e-12 0
-7.8203e-93 1.73047e-91 0
-1.30973 -10.3605 15.0768
-8.44783e-64 -7.61356e-64 0
4.38482e-91 -1.08622e-90 0
-4.43289e-55 3.11722e-55 0
-1.57102e-81 3.94859e-82 0
-6.06978e-99 -4.85658e-98 0
-5.71374e-90 -4.5609e-89 0
-4.00609e-91 -3.57605e-90 0
3.70273e-98 -2.81916e-98 0
-6.88149e-91 -2.97558e-89 0
-6.37219e-78 -3.3671e-78 0
8.49151 -22.5963 -18.7711
4.70733e-55 5.22453e-55 0
-3.04641e-91 -1.34501e-89 0
-15.025 -37.252 7.87323
-8.02558e-100 -3.48885e-98 0
1.31949e-101 -1.00456e-101 0
1.87857e-103 2.84794e-102 0
7.51398e-104 -2.4386e-103 0
7.73792e-89 -1.42864e-88 0
1.88845e-91 -1.03306e-89 0
3.05794e-58 2.01157e-58 0
5.80745e-35 1.14319e-35 0
6.02458e-48 -1.85786e-48 0
1.02309e-20 2.24808e-20 0
-1.23977e-65 8.71809e-66 0
-2.04507e-75 3.30496e-76 0
26.7778 3.15508 -22.064
9.00802e-88 -7.0246e-92 0
3.93258e-99 -7.0713e-99 0
2.7383e-100 -8.66317e-100 0
1.24511e-47 -1.54232e-48 0
-3.51794e-55 -1.01098e-55 0
2.0103e-50 -1.27324e-50 0
2.27823e-39 -2.43456e-39 0
-4.84468e-44 3.40679e-44 0
-2.894e-102 -1.89521e-101 0
3.56123e-78 4.83354e-79 0
-2.52317e-91 5.58326e-90 0
-2.17736e-98 -2.56539e-98 0
10.4698 50.5852 27.983
-5.24663e-94 -6.18085e-94 0
-7.7348e-08 9.2333e-09 0
-61.9382 40.0146 9.09125
-1.01979e-86 -2.01835e-86 0
-8.36271e-62 5.88067e-62 0
-3.12696e-86 -1.5552e-86 0
3.80224e-99 7.40018e-99 0
-2.26199e-101 -3.19737e-101 0
7.56274e-45 -3.14127e-46 0
13.3897 18.2124 -24.543
-6.02982e-102 1.3324e-103 0
-8.42096e-99 -2.75052e-99 0
-35.522 9.08794 -9.68867
-5.83779 32.733 -6.96989
4.53614e-65 4.0452e-65 0
-3.19193e-99 -2.15472e-98 0
-1.61324e-84 -1.29099e-83 0
11.5433 -9.37793 -19.2791
-6.20822e-90 7.70173e-90 0
25.8295 3.0889 -21.8395
5.89364e-88 2.27285e-95 0
3.87694e-98 -2.52215e-98 0
0.00614678 0.0182166 0
19.2944 78.5287 33.3727
7.64935 -5.55176 -24.8957
3.09602e-32 -1.61882e-33 0
1.32719e-31 -7.991e-32 0
-8.60645e-25 -6.81131e-24 0
4.23418e-79 1.55354e-78 0
-1.76564e-101 3.93917e-102 0
-22.0393 -33.1973 21.8131
-74.2556 13.5113 7.92625
-4.70338e-16 -6.64456e-16 0
-1.04507e-50 -6.18523e-51 0
1.55208e-22 -2.66245e-22 0
-1.86431e-98 3.78967e-98 0
3.88617e-74 -3.11981e-74 0
2.70396e-63 1.77872e-63 0
-2.13702e-87 -1.70848e-86 0
16.8188 17.7378 -2.65442
-1.93853e-64 -1.77915e-64 0
47.1616 16.8047 22.4595
3.77943e-100 -3.79778e-100 0
2.10685e-103 -2.65464e-102 0
-2.96694e-103 1.77642e-103 0
3.09521e-83 -4.69144e-83 0
26.9831 -30.7845 16.9394
-2.86193e-94 -3.60439e-93 0
1.37365e-77 -5.49868e-77 0
-2.05856e-85 -8.90129e-84 0
3.26369e-99 -1.89147e-99 0
-7.64814e-45 2.71138e-45 0
26.9018 -1.10783 -21.6777
8.99327e-88 7.22429e-92 0
1.30961e-65 8.61488e-66 0
-6.29253e-31 2.67825e-31 0
3.85529e-63 -1.4964e-63 0
2.74645e-84 -1.28643e-84 0
1.21616e-45 8.00009e-46 0
-21.6338 15.5336 -16.6688
1.25294e-49 -3.48645e-50 0
20.3998 0.763384 -24.363
6.35534e-57 4.18066e-57 0
1.33052e-89 1.0772e-89 0
5.65345e-101 1.88773e-101 0
-2.66309e-63 -1.44993e-62 0
1.13762e-53 7.48349e-54 0
-46.3548 -28.1914 -20.7549
1.32031e-87 8.76673e-88 0
3.32243e-95 1.14906e-95 0
-16.8701 -1.432 -22.0335
1.39183e-61 -6.88007e-61 0
2.66007e-24 -7.28491e-24 0
-2.56936e-98 1.62101e-98 0
-4.83818e-102 4.82656e-102 0
-2.39378e-19 1.00982e-19 0
-1.18562e-63 8.33732e-64 0
-2.12637e-92 -3.23801e-92 0
-1.52896e-100 1.56253e-100 0
-18.0548 29.8231 -21.0944
-1.13113e-43 -1.4933e-43 0
9.94853e-44 -1.78604e-42 0
2.12068e-93 4.01495e-93 0
-9.55617e-100 -4.75867e-100 0
-1.59759e-84 -1.27834e-83 0
22.4597 5.96235 -18.6811
-3.9794e-42 1.07202e-42 0
-1.07835e-67 7.58299e-68 0
2.28125e-97 7.04472e-98 0
-5.227e-57 -3.35661e-57 0
-1.54007e-100 -1.85647e-100 0
8.23715e-12 9.45968e-13 0
-8.28696e-60 5.82741e-60 0
3.84119e-12 -2.95683e-12 0
-9.3776e-45 1.96847e-44 0
-1.7099e-78 -1.48953e-78 0
-2.46689e-102 -2.03216e-102 0
3.0998e-14 1.93328e-13 0
0.813594 28.2784 -13.0149
2.22034e-16 -1.68461e-16 0
1.84374e-101 -4.58453e-102 0
-15.5685 2.99813 -7.38229
2.36534e-97 -5.63586e-96 0
3.65515e-96 7.97206e-96 0
5.7703 25.8299 -18.2934
8.24491e-59 -6.05361e-59 0
3.0953e-101 1.45339e-102 0
-20.1926 3.5427 -13.994
-4.44807e-69 -1.55945e-70 0
3.30058e-84 2.67217e-84 0
2.25524e-96 8.16424e-97 0
1.46713e-44 -1.1647e-44 0
-2.83115e-62 9.98345e-63 0
-2.56833e-66 -4.5517e-66 0
-1.74521e-98 -8.16204e-101 0
-7.84336e-65 2.27e-65 0
16.2068 -66.7577 -0.79802
-5.28287e-87 -4.2272e-86 0
1.01338e-93 2.24363e-93 0
-1.19803e-84 -1.53393e-84 0
7.08812e-103 -7.13706e-103 0
-1.3426e-84 -1.07431e-83 0
-5.07461e-87 -4.06053e-86 0
1.44106e-44 7.43974e-45 0
-2.05068e-92 -1.01991e-92 0
-5.14145e-103 -3.55595e-103 0
-1.87972e-99 -9.29099e-100 0
-1.02839e-75 7.23164e-76 0
-4.46776e-55 3.14174e-55 0
14.5841 10.8521 0.649104
-4.75125 11.9602 -19.6345
4.52803e-102 -1.69528e-102 0
-4.74415e-95 -7.22435e-95 0
44.1766 62.6433 -12.3936
-72.5797 -15.6688 -22.6042
-7.71388e-40 1.18076e-39 0
2.56645e-58 -6.14771e-60 0
-1.46743e-40 7.61004e-40 0
-1.22114e-102 1.02045e-102 0
-2.50517e-86 -1.08325e-84 0
-19.246 3.50211 -13.6249
-12.2873 -0.278271 -24.9686
5.64275e-58 -5.92523e-58 0
3.08082e-54 -4.25799e-53 0
-2.88104e-99 -1.54544e-100 0
-7.87509e-25 -1.61687e-25 0
-3.1682e-35 -1.94839e-35 0
9.56589e-98 8.08633e-98 0
-2.80632e-76 -3.2769e-76 0
2.10652e-56 -1.50354e-56 0
7.57632e-52 4.98384e-52 0
1.04999e-97 8.72883e-98 0
10.2753 -15.6464 -17.689
9.38914e-77 -1.57061e-76 0
-1.38317e-84 -1.10677e-83 0
-10.8028 -6.10022 -11.7305
-3.95925e-97 3.63632e-97 0
-3.02289e-43 2.47826e-43 0
-1.90982e-55 1.34299e-55 0
69.4944 -63.9877 1.20177
-9.47812e-92 -7.59631e-91 0
4.28934 -14.8128 -17.9036
9.93849e-11 -2.70063e-10 0
-8.43263e-100 9.02243e-101 0
-36.7002 55.1961 31.4985
-1.0978e-82 -5.45991e-83 0
-4.24761 -60.9886 -8.37204
8.06086e-06 -1.41931e-05 0
3.95433e-54 2.60123e-54 0
4.10883e-46 -4.36519e-45 0
-6.44113e-08 -1.82248e-08 0
-1.02835 0.651977 -4.63676
3.80471e-86 -8.94727e-87 0
-20.12 -0.881654 -12.7192
-7.33314e-41 6.31978e-43 0
3.38332e-86 -4.14572e-86 0
-35.0439 -0.818926 -20.3957
-9.14378e-31 -1.30672e-30 0
9.8065 0.844415 -22.6898
-8.00791e-11 -4.27407e-11 0
8.18355e-52 5.38329e-52 0
2.05202e-59 1.34986e-59 0
1.26705e-68 9.41615e-69 0
-3.14184e-69 2.35208e-69 0
-8.60066e-102 8.28971e-102 0
-1.0069e-103 -6.13659e-103 0
5.77755e-91 9.34163e-91 0
3.84405e-77 3.27968e-77 0
-7.90481e-100 1.60812e-99 0
-5.09802 9.51457 13.6219
-1.76422e-40 -7.00433e-41 0
20.8262 -49.9201 -5.5805
-1.32124e-48 9.29097e-49 0
-6.11829 -3.35648 -4.69277
-9.35376e-63 6.57759e-63 0
-1.61529e-40 -1.81873e-40 0
1.75339e-96 -4.01823e-96 0
8.44693e-69 6.10487e-69 0
5.54073e-90 -1.5045e-89 0
7.58097e-51 5.30898e-51 0
-3.60971e-94 -1.04447e-94 0
-1.26188e-75 8.87355e-76 0
-3.05205e-76 2.14621e-76 0
-3.61498e-100 -5.28803e-100 0
-2.15669e-63 1.51659e-63 0
1.09423e-105 -3.08191e-103 0
1.02379e-99 -5.88033e-99 0
-1.23398e-93 -9.67588e-93 0
5.57358e-102 -9.52028e-101 0
-3.18405e-69 4.47348e-68 0
-2.6014e-103 -4.20413e-102 0
27.0438 -36.7585 -9.1893
-2.30965 17.494 -6.08678
-1.77523e-95 1.77335e-94 0
-11.6201 33.1913 -19.3579
1.09867e-71 -1.85106e-71 0
5.39847e-68 3.55121e-68 0
5.52786e-06 -22.8556 2.93326
2.117e-44 -2.60585e-42 0
-101.995 58.9812 -23.7244
60.9329 -167.624 49.6735
-4.91216e-89 1.08696e-87 0
1.86463e-57 1.22659e-57 0
9.13603e-14 6.00984e-14 0
1.36071e-59 3.83439e-60 0
3.25327e-56 9.4173e-57 0
2.83649e-58 1.8659e-58 0
-7.93137e-06 -9.87798e-06 -19.3569
3.69456e-08 -1.45555e-05 2.03123
-8.45431e-07 -4.3989e-05 -18.4651
-21.4502 15.5942 -12.3283
6.34084e-62 -1.36514e-61 0
-5.79334e-93 1.17761e-92 0
4.71369 27.0456 -12.5039
-48.5717 31.7776 21.0293
5.54033 20.7184 -23.205
2.74584e-61 1.24667e-61 0
17.7035 7.66839 -18.68
8.77915e-33 -1.20003e-31 0
3.08334 25.8693 -21.8544
-2.69506e-92 5.88936e-88 0
1.494e-37 -3.22193e-36 0
5.61976e-54 3.69678e-54 0
-8.34471e-72 5.86802e-72 0
1.89573e-78 2.16508e-79 0
-0.354972 -0.17067 -23.6718
30.0187 29.5141 -8.65755
74.3404 -92.9546 -9.9721
-1.04022e-94 -1.029e-93 0
8.72932 19.9185 -19.9136
3.55093 -19.1648 -13.9548
-1.95628e-62 -1.05997e-60 0
8.24305 -42.3032 -15.0363
5.81711e-53 3.8266e-53 0
-7.14291e-102 8.6274e-102 0
-3.03075e-41 -1.46166e-41 0
2.8013e-13 -1.58832e-12 0
-1.70425e-90 -1.36369e-89 0
-0.151051 -39.2748 -23.7653
21.4234 14.6059 -22.8471
6.2267e-05 1.78624e-05 -19.3506
2.38866e-07 6.36999e-08 2.05027
5.22989e-05 1.50062e-05 -18.448
-4.05386 -5.55162 -22.5132
-1.59361e-91 -2.39103e-91 0
46.8842 -41.4562 -10.1783
1.7094e-53 -1.70182e-54 0
8.53597e-06 -1.86635e-07 0
3.81029e-43 2.50648e-43 0
-13.0975 15.4639 -4.40973
9.07935e-80 2.39693e-79 0
-2.75472e-85 -2.20458e-84 0
3.35319 21.6721 -19.141
-1.55843 12.4494 -20.2189
1.82207e-66 1.19859e-66 0
26.2279 0.625626 -17.3385
1.59898e-103 3.76787e-103 0
-1.70891e-40 1.20171e-40 0
-2.83599e-23 -4.25799e-23 0
-1.49505e-97 -1.75453e-96 0
-9.65861 48.7435 14.8045
-9.17043 28.7145 9.39002
7.50199e-72 9.54898e-71 0
3.4982 -19.2916 -13.6296
1.78665 -3.10441 -23.7759
-4.34691e-91 3.41635e-91 0
4.70126e-32 1.54037e-31 0
7.69976e-05 0.000544444 0
9.90246 15.6187 -18.9948
-3.85633e-102 1.82061e-103 0
-2.18362e-64 -7.77077e-64 0
-2.76754e-33 -1.90856e-32 0
2.04164e-85 -8.19514e-86 0
5.49362e-05 1.593e-05 -19.3566
3.13293e-05 2.35742e-05 2.03133
-2.32401e-05 4.91642e-05 -18.4649
8.55559e-71 7.93391e-71 0
-2.33455e-91 -1.86496e-90 0
1.03285e-52 4.00498e-52 0
-23.4147 -29.6344 -21.9554
-9.3213 -20.2251 13.7647
-4.55721 -14.0014 -23.0551
-2.82189 15.5968 -8.8221
4.94221e-76 5.05694e-76 0
6.40676e-69 4.2148e-69 0
7.29949e-06 27.7539 0.709896
-2.11465e-44 2.60584e-42 0
-6.28474e-99 -5.66759e-98 0
-1.26855e-05 2.61804e-05 0
-1.14413e-102 9.30952e-103 0
-3.14342e-91 -2.18913e-89 0
1.32668e-67 3.68252e-67 0
-1.36639e-92 -3.73904e-92 0
7.56151e-78 1.67207e-77 0
5.70621e-29 3.75365e-29 0
-8.37791e-82 1.85386e-80 0
-61.2175 -28.4219 -8.42113
-2.09617e-59 -1.44626e-57 0
31.0576 35.7538 25.7284
-1.81738e-100 -1.35756e-99 0
19.1305 -0.472078 -24.1022
0.011304 0.0796925 0
-17.7566 -29.331 2.83536
1.294e-93 -5.84342e-93 0
2.33788e-103 4.11249e-102 0
2.76226e-101 6.91873e-102 0
7.62673e-53 5.017e-53 0
-1.69057e-21 -1.98391e-22 0
7.34252e-74 2.76207e-74 0
7.40138e-100 -1.03847e-99 0
2.19004e-86 1.43928e-86 0
4.8276e-102 -2.99148e-102 0
6.37162e-47 2.24479e-46 0
-1.17965e-47 1.23637e-47 0
-2.93911e-81 1.27157e-81 0
1.62811e-33 -1.18664e-33 0
1.14446e-83 1.01084e-83 0
2.74385e-54 -2.17824e-54 0
1.57885e-101 -1.20408e-101 0
8.85819e-101 1.09559e-100 0
2.82592e-103 -7.50609e-103 0
1.70824e-102 -2.92544e-101 0
1.47533e-10 6.9986e-10 0
-3.12709e-101 1.532e-100 0
6.47377e-39 1.5157e-38 0
3.64024e-53 -1.67763e-53 0
1.92524e-97 1.46445e-96 0
8.09955e-86 8.65793e-86 0
-1.70101e-91 -7.02579e-92 0
26.7775 3.15654 -22.0631
8.99756e-88 -4.54213e-92 0
1.85004e-101 1.61265e-101 0
9.35593e-53 6.1545e-53 0
-5.45226e-92 -2.2767e-90 0
-23.8497 -5.48241 -22.8168
-8.71901e-47 -2.98107e-46 0
-22.5286 14.9527 -24.0925
42.5949 -28.736 -18.1556
-1.82546e-69 1.28676e-69 0
-7.41798e-87 -2.67532e-86 0
8.11703e-99 1.82454e-98 0
-8.33166e-102 -1.47307e-101 0
-17.1688 27.7587 -11.6464
-11.0069 17.4407 -3.96661
3.0648e-57 2.01608e-57 0
-6.58607e-95 1.71646e-94 0
1.79135e-79 -2.76332e-79 0
8.84758e-65 5.8201e-65 0
-2.31539e-102 -2.818e-101 0
4.63796e-98 7.03732e-99 0
1.44553e-83 2.0119e-83 0
1.09635e-55 3.59501e-57 0
13.3742 18.2193 -24.5419
-5.96766e-41 4.25365e-41 0
-1.37985e-65 9.70313e-66 0
5.53203e-73 -3.857e-73 0
7.68311 31.4487 -16.7862
-2.36564e-90 -4.54678e-89 0
1.30828e-72 -8.73101e-73 0
27.8578 -25.1422 -22.1151
-1.05237e-05 2.80987e-06 0
-8.66519e-60 6.09339e-60 0
25.8322 3.08914 -21.8395
5.88125e-88 7.40382e-93 0
-2.84447e-93 -1.03286e-91 0
-23.2789 8.85636 -17.4959
8.3794e-97 -7.31257e-98 0
1.87047e-56 1.23043e-56 0
2.71415e-65 2.36855e-65 0
-1.93357e-52 1.35969e-52 0
-1.79789e-93 -2.22607e-94 0
-2.85461e-98 -3.45413e-98 0
26.3267 47.4343 19.7731
-41.4235 -66.418 2.39628
-74.2728 13.7192 7.84353
5.39119 -49.8143 -20.5742
-8.40233e-55 -1.28082e-54 0
3.57719e-70 7.84107e-71 0
-9.47512e-05 2.65907e-05 0
1.68185e-52 1.10635e-52 0
1.08325e-72 -5.94946e-73 0
2.07169e-70 8.01466e-70 0
5.55671e-52 3.6553e-52 0
3.17641e-42 2.0895e-42 0
47.7301 13.5984 20.5484
1.19465e-98 -1.28209e-98 0
-1.15353e-100 -1.52056e-100 0
7.99656e-19 5.26028e-19 0
25.676 -39.892 -8.52455
-3.2255e-78 4.17914e-78 0
1.31539e-58 2.90087e-58 0
-5.84076e-94 2.26733e-94 0
5.57808e-100 7.01174e-100 0
-1.59195e-21 4.66706e-21 0
-2.08536e-63 1.46643e-63 0
26.9012 -1.10877 -21.6769
5.8802e-88 4.41777e-92 0
1.69669e-17 9.19171e-18 0
-9.72621e-19 -2.81482e-17 0
18.4649 -7.79789 -10.8342
1.26434e-102 -1.46426e-103 0
45.8742 -13.2 -23.8908
5.87117e-57 -5.17013e-58 0
-0.0215879 -0.0912952 0
-8.89811e-72 6.25717e-72 0
9.36395e-58 6.15978e-58 0
2.07235e-89 1.67779e-89 0
5.65052e-101 1.86114e-101 0
-1.47987e-62 -8.13521e-62 0
-1.54072e-94 -6.69914e-93 0
1.12361e-43 -1.51402e-44 0
2.18475e-31 1.43717e-31 0
2.87652e-22 -2.38566e-23 0
-1.35978e-100 -2.69857e-102 0
4.80026e-70 9.82327e-70 0
4.01244e-64 2.63945e-64 0
16.8695 92.1657 25.2578
-3.86615e-101 2.00195e-101 0
-16.7173 -29.6292 5.01414
2.18914e-37 1.44006e-37 0
-2.61079e-46 -6.71728e-46 0
54.0719 -26.8685 -10.0477
6.46583e-07 -1.15255e-06 0
2.46734e-28 -3.47281e-29 0
-2.90348e-44 4.13139e-44 0
-1.85281e-72 1.3029e-72 0
5.94112e-15 -2.64487e-14 0
-9.57055e-91 -4.13833e-89 0
-0.310488 -3.38369 0
-35.9236 52.0169 0.804868
-5.69749e-95 -4.55927e-94 0
-4.53309 -5.92451 -11
-1.07354e-95 -4.64204e-94 0
3.84254e-47 2.52769e-47 0
5.82807e-65 3.83381e-65 0
5.21263e-95 -3.96847e-95 0
1.25201e-31 -6.26924e-32 0
1.57891e-50 8.78034e-50 0
-2.67023e-90 -2.43419e-90 0
-2.46687e-102 -2.03213e-102 0
1.81009e-17 1.27544e-16 0
0.836512 27.5675 -13.2167
-5.74215e-78 3.31963e-78 0
1.37995e-09 1.41662e-09 0
58.9926 -13.3448 -9.89276
-4.96912e-55 -4.30736e-55 0
-19.3952 9.5353 -16.339
4.33038 13.2308 -9.4229
5.03672e-98 1.93479e-98 0
7.50828e-103 -5.70228e-103 0
-20.1914 3.5423 -13.9941
-5.86649e-88 -2.06943e-92 0
7.2165e-53 8.8267e-53 0
-3.81778e-85 -1.65088e-83 0
1.16889e-47 3.05427e-48 0
0.000165012 -0.000424143 0
2.44086e-45 -3.64608e-46 0
-4.58632e-76 3.22511e-76 0
0.587535 32.2404 -14.4902
6.87084e-44 -9.24897e-44 0
2.43653e-61 1.60279e-61 0
-5.06852e-66 1.2544e-65 0
-1.92699 12.8318 -18.7942
4.24168e-103 -3.85207e-103 0
6.60876e-65 4.34736e-65 0
-34.8964 -17.1263 -5.71574
1.0243e-56 6.73806e-57 0
8.38483e-48 2.94168e-47 0
9.02395e-81 2.75615e-80 0
-8.22352e-47 1.85747e-46 0
-2.57363e-58 1.80978e-58 0
3.04905e-70 1.18628e-69 0
14.6579 10.9308 0.583313
-15.613 12.2377 -23.3401
66.0856 -44.4324 -13.255
-1.07056e-90 -2.61743e-90 0
8.42071 62.4382 -20.3224
1.19883e-37 6.23806e-37 0
1.86643e-49 2.89718e-49 0
6.37299e-87 2.11917e-87 0
-6.44965e-95 -9.82147e-95 0
1.95929e-101 -1.49373e-100 0
2.83299e-51 1.86359e-51 0
-19.2459 3.50211 -13.6244
-5.86565e-88 3.76907e-93 0
-1.38867e-96 3.42316e-97 0
-11.7819 -1.24611 -9.50046
-1.86642e-99 -9.74203e-101 0
-7.29697e-96 -2.94205e-97 0
-8.55528e-66 2.24882e-67 0
-1.66173e-92 1.5262e-92 0
1.24947e-97 -1.06115e-97 0
-7.34359e-64 5.16403e-64 0
-8.20329e-58 5.76857e-58 0
5.7732e-45 3.79772e-45 0
-5.72532 -16.158 -19.7297
6.39714e-41 -2.01555e-40 0
-2.34359e-42 -1.88833e-42 0
-18.3164 20.1796 -18.0808
-8.36401e-98 1.03761e-97 0
-1.69683e-85 -4.34905e-85 0
1.27633e-46 -7.67936e-47 0
2.70573e-83 3.23761e-83 0
-3.58876e-90 -2.79037e-89 0
1.83945e-77 1.21003e-77 0
2.57221e-13 -6.45362e-13 0
-8.78915e-100 -8.91971e-100 0
13.4105 -23.5904 22.1662
2.31057e-79 -4.48569e-78 0
-0.391183 -0.17574 0
-9.87737e-103 -1.08646e-101 0
3.34613e-54 2.20114e-54 0
3.94127e-57 2.59264e-57 0
-7.33947e-73 1.93619e-72 0
9.95769e-06 -0.00248383 0
8.38951e-46 5.51877e-46 0
-20.119 -0.881292 -12.7194
-5.86651e-88 3.00228e-92 0
-9.61014e-53 -2.96705e-52 0
-35.043 -0.798758 -20.3815
-2.55896e-101 -2.90793e-101 0
-1.25782e-101 -9.07137e-101 0
-1.96952e-86 4.35815e-85 0
-4.3154 25.1276 -12.8967
-6.624e-93 8.21753e-93 0
-1.95385e-82 -6.01134e-83 0
-4.86802e-48 2.9484e-48 0
-8.60063e-102 8.28966e-102 0
7.87306e-103 7.22144e-102 0
5.89621e-103 1.15455e-101 0
-2.02683e-52 3.83516e-52 0
-2.19771e-79 4.86308e-78 0
51.4673 13.7137 9.44486
-5.04388e-59 3.54687e-59 0
5.27966 -2.01016 -17.8664
22.1623 10.3426 -20.3072
-31.214 -12.4049 -10.2153
-8.17499e-99 6.4244e-99 0
-4.38399e-100 6.36458e-100 0
-18.32 -6.15368 -8.81706
-3.61876e-64 8.35834e-64 0
-6.22447e-91 8.14745e-91 0
-5.94389e-72 5.16819e-71 0
8.90601e-56 5.24466e-56 0
5.81595e-87 1.49208e-87 0
-5.3487e-88 -2.31289e-86 0
-1.97712e-98 2.29613e-98 0
4.59366e-09 1.16494e-08 0
3.7741e-103 -3.54664e-102 0
5.58885e-103 -7.31727e-102 0
-7.7403e-91 -6.67136e-90 0
1.07837e-102 -1.15779e-101 0
-7.05181e-69 1.05173e-67 0
-7.4208e-94 2.64774e-94 0
-6.37788e-99 -1.68397e-98 0
-2.14877 22.4347 -9.55531
-1.60024e-28 5.29007e-29 0
-0.000372865 0.000879956 0
-2.27904e-87 1.21614e-86 0
3.52383e-47 2.31804e-47 0
5.36927e-06 -22.8555 2.93331
2.11373e-44 -2.60587e-42 0
-1.13015e-17 -1.32625e-18 0
6.73602 6.38073 -2.85961
-1.45512e-88 8.52037e-88 0
15.9757 -43.1433 -4.53444
-4.77273e-41 4.64085e-40 0
-4.94773e-59 -1.46701e-59 0
-1.93686e-43 2.4818e-42 0
7.46088e-06 1.62894e-05 0
-8.66683e-05 -8.75626e-05 -19.3567
1.18673e-07 -1.45261e-05 2.03124
6.243e-06 -0.000260617 -18.4647
1.93402e-23 -1.99542e-23 0
-5.33479e-17 -7.35374e-17 0
1.23549e-30 2.74936e-32 0
2.42964e-68 8.70973e-69 0
-1.49113e-12 -2.01361e-12 0
4.85502e-07 3.12164e-07 0
-7.24006e-37 5.96724e-37 0
1.5196e-91 4.65413e-91 0
3.66959e-33 -5.07297e-32 0
3.08557 25.8702 -21.8544
-8.02977e-90 2.06905e-87 0
-1.34681e-82 -5.55762e-82 0
1.54956e-50 1.01933e-50 0
-1.3069e-89 2.8919e-88 0
8.28225e-53 5.44822e-53 0
-2.90655e-98 -1.17461e-97 0
-3.83041e-21 -1.76133e-21 0
1.24756e-99 -7.08434e-99 0
3.41827e-92 -1.58009e-92 0
7.97544e-86 5.24639e-86 0
3.55116 -19.1646 -13.9549
-1.95641e-62 -1.05996e-60 0
5.28551e-91 9.68377e-92 0
-1.16461e-74 3.97647e-74 0
50.3539 -0.0577771 56.4525
2.88061e-100 -8.98121e-100 0
45.3459 -7.02544 -5.18361
4.8731e-87 3.18255e-87 0
-4.50513 -36.9806 18.6776
-5.47792e-80 -2.72444e-80 0
6.07932e-08 -2.45451e-07 -19.3509
5.79932e-05 1.6696e-05 2.05046
4.04093e-05 -2.35207e-05 -18.4482
3.65804 23.4734 -6.14673
-1.39455e-26 8.02431e-27 0
-1.34433e-90 -1.0742e-89 0
7.51471e-54 -6.61744e-55 0
5.04145e-08 8.85638e-09 0
30.12 39.0437 12.8614
10.6739 24.3268 -11.251
5.3191e-50 3.499e-50 0
-7.42394e-89 -3.07896e-87 0
3.35356 21.6717 -19.1412
-1.5584 12.4494 -20.2189
3.11323e-75 -5.13468e-75 0
-1.71622 0.781326 -18.2195
-1.90217e-100 5.88848e-99 0
-3.7093e-101 4.33394e-101 0
-5.00559e-67 -5.81437e-67 0
5.88775e-57 3.87307e-57 0
-2.58454e-84 -2.06806e-83 0
7.0818e-50 -3.17009e-50 0
9.33717e-80 1.33005e-78 0
3.50038 -19.2922 -13.6285
1.78879 -3.10997 -23.7761
1.7365e-99 -2.89124e-98 0
1.36687e-34 4.37737e-34 0
-1.772e-09 3.33227e-08 0
5.16846e-95 -1.6046e-94 0
-1.18147e-40 8.3081e-41 0
-7.24204e-99 -8.09173e-97 0
1.02399e-65 -2.05146e-65 0
7.43897 -34.728 -13.3211
1.87734e-07 6.72361e-08 -19.3569
0.000150468 5.78791e-05 2.03172
1.6298e-07 3.83016e-05 -18.4651
2.42802e-46 -6.75625e-47 0
-2.28794e-91 -1.8306e-90 0
-25.6866 54.9608 -21.0803
-71.8751 3.14523 -19.7856
1.53237e-100 -6.62357e-100 0
1.23189e-95 1.22423e-95 0
-9.19677e-59 6.46719e-59 0
-3.73355e-85 -2.97102e-84 0
-1.61172e-100 -1.80999e-98 0
0.000121335 27.7541 0.710244
-2.11341e-44 2.60589e-42 0
-3.74209e-101 -7.59394e-99 0
-2.2489e-88 -1.7982e-87 0
1.46183e-72 -1.48223e-72 0
-7.79043e-48 2.51698e-48 0
3.49493e-95 2.85833e-95 0
-9.72286e-91 3.80843e-91 0
3.97498e-102 -1.51289e-101 0
-11.4888 14.4689 -19.9945
-4.59391e-82 1.01654e-80 0
2.52351e-103 -3.09962e-104 0
6.76519e-102 5.5443e-101 0
-4.09273e-50 4.12976e-50 0
-4.47432e-96 -5.01675e-96 0
-3.29729e-100 2.62092e-100 0
7.82892 59.8089 -23.0159
-8.95184 -19.2476 -19.1504
5.24884 20.4551 16.2667
1.02862e-89 -1.33575e-89 0
-6.5493 -18.0089 29.2493
-1.7085e-93 -2.01271e-93 0
-9.70406e-35 -1.24256e-35 0
1.13165e-18 -9.38547e-20 0
-59.1993 19.0996 -20.381
3.0534e-16 -6.98211e-16 0
38.2968 25.7564 4.4418
-84.3898 9.87631 0.549825
5.14797e-55 3.62812e-55 0
-4.9451e-54 2.09149e-53 0
-4.76388e-54 6.07116e-55 0
1.43129e-84 -1.7062e-84 0
5.03632e-51 -3.99815e-51 0
1.33528e-101 -1.01722e-101 0
2.96551e-104 2.77363e-102 0
-3.25274e-81 -7.17796e-81 0
4.69089e-101 -3.51602e-100 0
-1.83785e-93 -1.04109e-93 0
3.18491e-91 -7.33165e-92 0
-13.8005 -3.37551 -9.94065
2.95709e-56 -9.62208e-57 0
-3.77163e-85 3.08027e-84 0
-1.35554e-16 1.18518e-16 0
9.54697e-40 -2.77973e-39 0
26.7766 3.15872 -22.0646
5.88104e-88 -1.6084e-92 0
-6.93589e-60 -6.92173e-60 0
2.97105e-53 1.95441e-53 0
-4.63852e-41 -2.32712e-41 0
2.40217e-36 3.03752e-36 0
6.57452e-73 -8.15208e-73 0
-3.89356e-56 -4.19489e-56 0
9.4384e-40 6.20875e-40 0
3.6227e-94 -4.4818e-94 0
3.6462e-42 2.39854e-42 0
2.38623e-96 5.43055e-96 0
-1.30431e-104 -8.25694e-104 0
8.04976 21.521 10.2974
3.22812e-71 5.76472e-71 0
-7.86787e-102 2.32529e-100 0
-9.30334 -111.765 -8.25643
-5.0461e-87 -2.18496e-87 0
3.44574e-60 2.26667e-60 0
-9.05097 -26.1375 21.3249
2.39563e-98 -1.54303e-98 0
7.60687e-13 1.80566e-12 0
2.23173e-54 1.30458e-55 0
12.637 17.8619 -24.4996
-7.02207e-42 4.99144e-42 0
-1.30714e-84 -1.04595e-83 0
2.05011e-52 -9.66372e-52 0
-34.5307 -8.21669 -12.1236
-1.22698e-12 1.09379e-13 0
-5.16282e-72 3.63051e-72 0
-4.13114e-74 -1.52883e-73 0
2.0457e-15 -3.53732e-15 0
0.000100977 0.000377096 0
25.8287 3.08864 -21.8437
5.87066e-88 1.4968e-92 0
-14.2487 13.2438 -1.4783
-7.14719e-58 -7.0272e-59 0
5.56973e-58 4.03495e-58 0
2.0298e-47 -8.33568e-48 0
-4.64758e-40 -2.37357e-39 0
-1.46306e-98 -6.80493e-99 0
2.94315e-102 2.56022e-101 0
-37.6725 35.7284 38.9899
-2.99129e-69 2.40866e-69 0
-3.60652e-85 -1.55947e-83 0
-6.87058e-87 -5.49764e-86 0
-8.68897 -46.4865 -16.4791
13.1657 63.0373 1.23172
-9.09637e-55 -5.43994e-55 0
-2.24729e-57 9.36649e-58 0
-57.3183 -8.89698 15.7891
5.8523e-51 -2.0758e-51 0
-1.04102e-102 3.73005e-103 0
16.6356 -95.5443 -6.0815
31.0744 -19.4211 26.9285
42.4971 16.1039 31.6204
-4.83454e-76 3.05609e-76 0
-2.62158e-83 -1.30384e-83 0
-9.70653e-60 6.82565e-60 0
7.00256e-11 -1.95952e-11 0
-2.68549e-39 6.26388e-39 0
43.2641 -3.26127 -3.44668
21.7475 73.1677 -4.4783
30.3308 10.4918 5.43356
-36.8059 22.4672 -3.27651
-2.03839e-84 -1.63109e-83 0
26.9004 -1.11049 -21.6782
5.86648e-88 3.88794e-92 0
2.36658e-53 1.55678e-53 0
-8.35154e-16 -1.57577e-16 0
-1.24272e-61 -1.14055e-61 0
1.13575e-88 1.00315e-88 0
38.4498 76.3472 -12.4106
17.7242 -30.4901 -18.9359
-0.0597224 16.9935 9.09404
-35.2294 -48.9464 55.656
-1.14797e-93 1.42413e-93 0
3.14414e-90 2.54552e-90 0
8.60891e-101 3.49323e-101 0
-1.46662e-62 -8.13485e-62 0
1.36902e-54 -1.13914e-54 0
2.11812e-49 -1.59341e-48 0
-1.52961e-05 -3.95369e-05 0
-2.19044e-69 1.54032e-69 0
34.1255 20.395 -4.66795
4.64616e-55 2.75918e-55 0
37.2653 6.67939 -23.9034
2.44462e-100 -9.2154e-100 0
-1.87865e-101 6.32144e-102 0
2.48113e-19 -5.89867e-19 0
9.2224e-58 6.06666e-58 0
-2.21104e-85 4.89257e-84 0
1.50638e-95 3.72648e-95 0
8.35291e-100 6.35482e-99 0
5.99644e-42 -6.46752e-42 0
-4.09814e-98 -5.29229e-98 0
4.85784e-62 1.54646e-62 0
156.859 18.3429 -20.0544
3.33504e-40 2.19385e-40 0
13.6166 -36.8312 -15.1098
2.6887e-54 -1.5592e-54 0
-1.69988e-93 -1.34967e-92 0
-24.8662 -46.5992 13.7253
-8.88586e-101 -1.28263e-100 0
-1.86974 21.7225 -21.4076
-5.47389e-47 8.89932e-46 0
-5.11912e-63 2.87068e-63 0
-1.40216e-97 -2.10379e-97 0
-0.538119 2.33334 0
-3.49377e-89 -3.19965e-89 0
-2.46683e-102 -2.03208e-102 0
1.81077e-17 1.27545e-16 0
0.852845 28.2804 -12.9937
-2.21379e-12 -3.3764e-13 0
-8.04302 -1.93301 -24.6363
8.04103e-103 -4.71514e-104 0
-1.80245e-98 -2.12679e-98 0
-2.2008e-87 2.73024e-87 0
-2.15782e-34 4.74407e-35 0
-2.07059e-88 -8.93171e-87 0
-3.50274e-69 2.89596e-69 0
-20.1915 3.54039 -13.992
-5.88023e-88 -1.5212e-92 0
48.6064 20.5367 -4.54707
2.89017e-98 6.32273e-98 0
-6.29811e-102 -1.1181e-102 0
-2.01122e-56 9.36318e-57 0
6.55992e-53 4.31523e-53 0
-1.72439e-65 -2.22206e-65 0
10.5835 47.2693 50.5807
-2.21383e-22 -7.17667e-23 0
1.35108e-86 -3.36928e-86 0
-1.21461e-65 2.96507e-65 0
-1.62506 -22.1273 -23.0689
1.46542e-100 -1.11582e-100 0
-1.7526e-51 1.23244e-51 0
4.24836e-21 -1.75279e-21 0
-1.7796e-94 -2.09648e-94 0
3.32208e-80 2.18533e-80 0
1.22336e-57 8.04751e-58 0
-6.12176e-102 4.115e-102 0
-2.36922e-88 -1.02446e-86 0
-1.49432e-88 -6.46137e-87 0
14.8312 9.92487 -1.68299
-16.0376 12.1187 -23.417
2.48626e-53 -8.40679e-55 0
-8.33675e-97 -1.92479e-97 0
1.05121e-78 -8.29179e-77 0
7.13163e-24 4.69132e-24 0
-70.3994 -5.99399 7.05719
-2.16185e-07 -2.07677e-07 0
-7.4973e-07 -5.22965e-07 0
24.9986 -3.04151 -18.4352
-1.09128e-48 7.67393e-49 0
-19.2467 3.50266 -13.6187
-5.18161e-58 -4.34554e-59 0
-2.37674e-88 1.16507e-88 0
-2.34862e-53 1.65155e-53 0
-5.85157e-49 3.08845e-50 0
-1.20834e-86 -6.00966e-87 0
-3.65546e-66 9.60744e-68 0
6.54965 10.9816 -22.9034
-25.7528 -21.5658 -16.2634
29.6562 -19.4675 -17.7988
1.19144e-42 7.83754e-43 0
1.23014e-39 8.0921e-40 0
-6.28432 -15.7362 -19.6198
4.21357e-102 -2.20806e-101 0
1.90082e-73 -1.98688e-72 0
-2.9554e-98 6.01227e-98 0
-21.9262 -3.58819 -23.6367
-8.27739 2.61594 -15.226
2.58353e-49 1.69949e-49 0
-37.5479 10.1848 55.428
8.54651e-27 3.64307e-27 0
2.16138e-58 1.42179e-58 0
1.90382e-14 -4.89878e-14 0
-8.78388e-100 -8.93681e-100 0
-26.3249 1.70682 14.0529
3.67441e-38 -1.49882e-38 0
1.10947e-77 1.36759e-77 0
1.48189e-71 9.74817e-72 0
4.59948e-92 3.0219e-92 0
-1.74843e-99 -2.47504e-99 0
-8.54701e-83 -1.42706e-82 0
1.20685e-59 7.93888e-60 0
5.27572e-53 3.47046e-53 0
-20.1193 -0.880058 -12.7179
-5.88019e-88 4.12443e-92 0
-1.55408e-19 5.55843e-19 0
-35.0561 -0.759331 -20.337
-3.24984e-99 -3.16025e-98 0
5.01616e-87 8.11056e-87 0
8.91989 -65.2768 -3.03041
11.9349 -8.21544 -21.9925
-4.06464e-71 2.79897e-71 0
-1.03915e-49 -1.26229e-49 0
2.56543e-82 2.90805e-82 0
-8.60054e-102 8.28956e-102 0
-5.75795e-104 2.21159e-103 0
1.48238e-78 8.78213e-79 0
-5.29714e-83 -1.91509e-83 0
-7.54577e-61 5.3062e-61 0
-3.0133e-26 1.657e-26 0
-9.19609e-50 3.82701e-50 0
-2.26401e-44 -1.11163e-44 0
-6.45292e-28 3.7252e-28 0
-14.5437 16.0457 -23.5785
4.43313e-78 7.00311e-80 0
-8.83444e-37 -1.01395e-36 0
1.0035e-46 6.60818e-48 0
-7.49243e-97 5.99101e-96 0
4.41187e-72 -2.38922e-72 0
1.03836e-88 1.34607e-89 0
2.67534 72.5175 24.8982
-1.7211 -4.13126 -23.5752
1.43219e-47 9.42119e-48 0
-2.83274e-95 -8.6085e-95 0
-2.69331e-96 2.11673e-96 0
1.51032e-102 -2.63245e-101 0
8.17535e-103 -3.15653e-102 0
-1.11083e-87 -9.57526e-87 0
1.7213e-103 -1.38208e-102 0
-5.58561e-69 1.05506e-67 0
1.71915e-79 1.13089e-79 0
-17.4092 -28.9245 -16.2538
0.853111 31.4876 -16.2678
4.27853e-84 1.59211e-84 0
2.19117e-12 4.7072e-12 0
-1.53141e-54 7.75346e-54 0
-1.95466e-88 -1.91404e-87 0
5.22976e-06 -22.8556 2.93326
2.11385e-44 -2.60585e-42 0
9.82954 14.7289 -6.57354
9.16047e-100 4.24052e-101 0
-3.3614e-90 1.79394e-89 0
20.1626 -43.2383 -1.38166
7.67133e-48 5.04634e-48 0
-8.63921e-67 6.07511e-67 0
18.9927 -25.5711 -12.4359
2.78838e-31 1.80258e-31 0
0.000113228 -0.00011345 -19.3567
3.66537e-08 -1.45442e-05 2.03123
0.000151205 -0.000367947 -18.4645
6.96979e-54 -1.26421e-54 0
-2.43044e-57 4.77419e-57 0
23.8979 7.07411 -9.0335
1.32414e-66 4.97654e-67 0
-9.5096e-81 1.2171e-81 0
1.78903e-08 -3.12565e-08 0
7.88252 3.23676 -21.8167
5.2924e-44 8.20054e-44 0
4.20356e-34 -5.89717e-33 0
3.08791 25.868 -21.8557
-4.14343e-88 7.69773e-86 0
3.40976e-100 1.91081e-102 0
1.55553e-45 1.02326e-45 0
1.24377e-88 2.48277e-88 0
16.9453 -11.1334 -16.95
3.43456e-52 -6.86833e-51 0
-3.27934e-87 4.68698e-87 0
1.48624e-64 1.3229e-64 0
-5.57873e-93 -1.49568e-93 0
1.01557e-60 6.68058e-61 0
3.55125 -19.1647 -13.9553
-1.9566e-62 -1.05974e-60 0
-5.47068e-44 -8.49895e-44 0
-1.04394e-72 -2.23067e-74 0
-43.3446 -66.7482 33.5996
-3.60577 14.1038 -19.8737
4.54577e-15 5.63128e-15 0
9.41508e-69 8.63091e-69 0
20.2204 -33.9438 -4.25508
1.89481e-32 2.75432e-32 0
4.23511e-07 -4.08078e-07 -19.3509
2.02543e-05 5.83126e-06 2.05033
5.96112e-05 -5.15443e-05 -18.4482
3.76562e-92 -2.86708e-92 0
-5.25077e-40 1.83847e-39 0
-4.1374e-17 -4.85531e-18 0
1.28744e-54 -1.45727e-55 0
7.20644e-05 1.22516e-05 0
8.99657e-91 1.70326e-90 0
17.0048 26.115 -4.89769
4.47096e-54 9.74568e-54 0
2.61277e-73 1.71873e-73 0
3.35376 21.6713 -19.1419
-1.55799 12.4492 -20.2188
-2.60651e-66 1.8329e-66 0
-7.27577e-84 -1.50112e-84 0
1.63118e-102 -4.83036e-102 0
1.73587e-61 2.29384e-60 0
3.3719e-99 -9.89496e-99 0
-4.79497e-66 3.37184e-66 0
-2.2851e-13 -2.6816e-14 0
1.15365e-46 2.70611e-46 0
7.9096e-98 1.43718e-96 0
3.50212 -19.2908 -13.6312
1.76895 -3.12355 -23.7663
-1.90205e-91 -4.39146e-92 0
4.37168e-94 5.06521e-94 0
2.60088e-101 7.868e-101 0
-22.3384 0.855476 -5.2791
2.19768e-58 -8.13275e-56 0
1.92686e-75 1.26752e-75 0
-8.26156e-63 -9.3591e-62 0
-1.73728e-67 -1.82819e-67 0
2.0726e-05 -4.05012e-06 -19.3567
9.26184e-05 4.11958e-05 2.03153
4.01515e-05 4.73349e-05 -18.4649
-3.97727e-19 1.86265e-18 0
-5.59129e-10 -2.74328e-10 0
-28.0724 -9.13191 -13.1769
-9.97589e-86 -8.85781e-85 0
-1.72472e-42 -3.53526e-42 0
17.62 14.8947 -9.28285
1.46547e-88 9.48844e-89 0
-25.8778 -3.149 39.576
6.59668e-87 7.3819e-87 0
0.000108828 27.7541 0.710162
-2.11352e-44 2.60588e-42 0
-2.63366e-98 -2.63204e-97 0
-1.14427e-88 -9.04839e-88 0
-4.75377e-66 -6.39179e-65 0
8.80779e-73 -6.42356e-73 0
3.87477e-37 1.18273e-35 0
1.31746e-25 8.6665e-26 0
33.8918 12.2687 -8.56565
-2.45624e-85 -1.06209e-83 0
-1.02881e-84 2.27654e-83 0
1.68428e-103 -6.31411e-104 0
-5.26147e-63 -1.30618e-63 0
7.47442e-100 1.70078e-99 0
-3.89474e-96 -4.48141e-96 0
5.08299 -1.01057 37.4166
2.70807e-80 1.78142e-80 0
2.31407 -25.5948 -15.3327
-1.20882e-48 -4.45183e-48 0
-2.09247e-19 4.1003e-19 0
67.4132 100.586 2.84259
6.57703e-101 -5.00945e-101 0
-27.1013 -28.4095 -19.8174
5.31835e-74 4.95825e-74 0
1.21536e-86 7.98775e-87 0
-7.51086e-103 -5.11704e-103 0
2.08076e-100 -1.15139e-100 0
8.87777e-98 -6.75938e-98 0
-2.59861e-15 1.58299e-14 0
-1.73206e-35 -7.38484e-36 0
-2.78818e-65 8.7995e-66 0
80.5237 -39.5967 -20.4085
6.69597e-48 -5.31569e-48 0
5.6664e-102 -4.27546e-102 0
-1.0373e-103 3.12448e-102 0
-2.56447e-94 -1.10888e-92 0
-1.03516e-99 -4.47827e-98 0
-9.70835e-29 -2.81489e-28 0
2.37076e-79 2.44108e-79 0
-1.19747e-41 8.42063e-42 0
1.26158e-92 -3.83995e-93 0
2.32951e-73 1.5324e-73 0
6.82929e-55 4.49243e-55 0
-1.50308e-25 4.14051e-25 0
26.7808 3.15936 -22.0594
1.73133e-32 1.01033e-33 0
-5.79532e-46 -5.75045e-46 0
-5.94069e-30 -5.60187e-30 0
16.6076 69.8821 -22.9178
-22.9606 -45.2527 29.0261
-57.0437 -1.45393 -22.838
-34.2766 -6.93379 -23.1617
5.05001e-33 9.4916e-33 0
7.59139e-98 7.73609e-98 0
7.1574e-76 6.63732e-76 0
-19.5381 -51.2483 -2.42403
-5.48578e-85 -4.38954e-84 0
15.7641 55.3516 5.53961
1.3511e-83 2.84342e-83 0
54.1143 64.1332 43.5415
-38.6462 -27.7403 -23.6235
1.01597e-69 1.10862e-69 0
2.59528e-42 1.70722e-42 0
1.09284e-08 -1.3589e-07 0
29.595 -11.2343 56.7868
-5.98378e-91 -2.6022e-89 0
1.34398e-77 4.94676e-78 0
-0.36074 19.7309 -23.2791
12.6398 8.57328 -2.22679
8.28021e-79 5.44687e-79 0
-2.05138e-49 3.18772e-50 0
-6.41515e-103 -7.86244e-103 0
1.27984e-55 8.41904e-56 0
-3.75234e-92 1.6298e-90 0
-5.13381e-92 -4.2258e-91 0
6.95156 22.6288 -8.90784
-9.19034 20.8139 2.73481
25.8317 3.08863 -21.8397
0.0142345 6.56084e-05 0
-2.23491e-45 -7.02961e-46 0
1.12779e-47 7.41882e-48 0
4.72222e-96 -4.14814e-97 0
4.42503e-96 -4.29925e-95 0
5.00227e-39 -1.06255e-39 0
-61.3943 57.5813 -13.6183
-1.51232e-67 -7.8861e-68 0
-5.29719e-58 -1.31505e-58 0
4.33343e-22 7.35294e-22 0
-2.75553e-85 -1.1915e-83 0
1.24573e-96 2.35846e-96 0
23.922 -40.6385 -8.6846
-7.54925e-31 -7.71577e-31 0
-4.87292e-14 -2.38624e-14 0
1.16391e-97 6.93938e-98 0
1.18472e-55 5.50946e-55 0
5.9714e-53 -6.25895e-53 0
-2.0624e-85 -8.9179e-84 0
5.28555e-102 1.2786e-102 0
3.56611e-34 2.41183e-34 0
-112.496 92.8652 79.9758
5.12215e-55 -4.06629e-55 0
77.0333 -41.062 1.39728
2.50767e-34 1.64959e-34 0
-1.63877e-103 2.04418e-102 0
9.15346e-101 -1.55813e-100 0
-42.7075 39.283 -18.9806
9.27372e-67 -5.41151e-66 0
48.5367 35.779 -2.22051
6.2712e-25 -1.36247e-23 0
1.61338e-101 3.29584e-101 0
26.905 -1.11177 -21.6729
1.1626e-66 5.01075e-68 0
-26.3054 41.6961 -18.2594
-3.62695e-91 -4.27277e-91 0
-15.6994 15.2345 -15.0501
-1.18023e-32 -1.2635e-32 0
-1.91385e-33 -5.20746e-33 0
1.36205e-81 -1.35942e-81 0
1.02044e-17 4.71137e-18 0
-4.78388e-93 -1.52688e-94 0
-2.76747 -12.8194 17.381
5.16943e-93 4.1852e-93 0
5.9972e-57 1.02786e-56 0
-5.97385e-65 -3.00726e-64 0
-1.43636e-68 9.29731e-70 0
3.39507e-65 -7.84785e-66 0
-4.25515e-99 -5.8074e-99 0
-1.73757e-77 -6.68221e-78 0
2.22984e-21 9.69681e-22 0
1.86135e-31 4.50547e-31 0
1.86004e-64 1.22357e-64 0
-7.13195 -3.13509 -15.0416
-2.20406e-101 2.00101e-101 0
-4.36348e-94 2.12209e-94 0
1.23283e-65 1.56033e-65 0
10.3736 7.50258 -19.3378
5.12238e-08 3.3696e-08 0
2.41989e-100 1.16816e-99 0
-9.15523 12.9295 2.08948
1.37795e-101 -1.40203e-101 0
2.09394e-64 1.37743e-64 0
-3.62154e-11 4.47995e-10 0
-5.05022e-92 -2.18373e-90 0
1.85846e-93 -2.24613e-93 0
-1.97466e-93 1.55194e-93 0
5.30295e-68 -1.29283e-67 0
4.45195e-40 -8.65355e-40 0
2.13164e-102 7.81644e-103 0
5.38035e-103 -2.36673e-103 0
-2.61413e-94 -2.09165e-93 0
1.60896e-102 -3.89664e-102 0
2.63286e-50 -2.4881e-50 0
-2.94671e-99 1.86778e-98 0
-1.46826e-92 -1.3468e-92 0
-2.46422e-102 -2.0199e-102 0
1.18208e-17 8.29308e-17 0
0.81813 28.3986 -13.1903
3.56288e-57 -6.03969e-57 0
-0.00605255 0.00547266 0
5.4213e-20 4.41326e-20 0
3.84576 36.2952 -17.2561
2.18514e-30 1.70535e-30 0
44.1279 56.3134 -23.5334
7.98336e-46 1.27433e-44 0
5.85578e-44 3.85204e-44 0
-20.1925 3.53985 -13.9926
-8.99847e-88 -2.23887e-92 0
4.14484e-65 2.72655e-65 0
3.01692e-64 1.98459e-64 0
-3.10406e-94 -4.65729e-94 0
-1.22034e-83 -1.21025e-83 0
-8.2744e-36 8.93183e-37 0
-1.23505e-40 -3.20208e-40 0
-7.27397e-90 9.02385e-90 0
5.62013e-64 3.69702e-64 0
-5.84493e-98 -4.21491e-96 0
-2.70382e-62 6.96581e-62 0
-12.6623 -18.0702 -22.4439
7.85097e-97 -1.36202e-97 0
2.90849e-81 -2.07112e-81 0
2.48699e-93 -1.66366e-93 0
-1.34603e-37 9.4653e-38 0
1.71197e-81 -3.0959e-82 0
22.4171 50.7527 -19.6666
-1.02558e-85 -4.43463e-84 0
26.9836 2.764 -4.69705
2.9486e-68 1.93964e-68 0
12.7229 13.0826 5.85279
-16.036 12.1106 -23.4131
-3.84704e-98 -1.5056e-98 0
1.6576e-63 3.40303e-63 0
7.56718e-71 1.17995e-70 0
-3.2727e-41 2.30137e-41 0
-1.03876e-100 -7.96351e-101 0
-2.90546e-38 -1.57471e-38 0
-3.44211e-78 -3.29248e-78 0
2.61849e-49 1.72249e-49 0
7.0652e-72 1.05818e-71 0
-19.2459 3.50231 -13.6191
-5.89336e-88 2.89252e-92 0
-2.03178e-17 -2.38433e-18 0
28.5628 18.513 0
1.75316e-101 -1.44901e-101 0
1.41585e-38 1.4057e-38 0
-1.03734e-70 2.38527e-71 0
8.11713 40.0913 -21.5295
3.02051e-102 2.60899e-101 0
-9.25111e-71 -7.59179e-72 0
4.40614e-58 2.89844e-58 0
1.5855e-36 1.04297e-36 0
-6.28846 -15.7262 -19.6164
3.68723e-08 2.50322e-08 0
-16.5104 -13.2169 -22.4584
1.50972e-76 -7.72339e-77 0
1.19385e-66 7.85339e-67 0
1.93961e-45 1.27591e-45 0
14.3585 -19.7016 2.97204
5.60428e-15 -3.86173e-15 0
-6.39001e-11 -3.84215e-11 0
-14.256 -13.8474 -22.4031
8.78874e-07 -8.45035e-06 0
2.236e-43 -4.12111e-43 0
2.1346e-74 1.40418e-74 0
1.82133e-85 -1.47979e-84 0
63.7744 50.314 -5.18461
-48.2846 -73.3222 -0.965305
4.468e-64 2.93913e-64 0
1.35472e-72 8.91157e-73 0
-3.16197 29.4717 -22.0573
3.97791e-53 2.61674e-53 0
-40.2228 26.3891 -3.40326
-20.1211 -0.879462 -12.7184
-8.99829e-88 8.17362e-92 0
5.2009 27.7936 -3.55723
-36.7037 -0.467459 -21.7403
-3.99382e-84 -4.10573e-83 0
3.96591e-102 -7.05871e-101 0
1.25505e-46 8.25595e-47 0
-1.38158e-15 -2.62056e-15 0
-3.39527e-92 -1.82982e-92 0
-16.2299 -2.39484 -23.1461
2.38835e-52 1.5711e-52 0
-5.601e-102 5.35696e-102 0
1.18424e-102 1.72383e-101 0
4.73063e-80 2.78996e-80 0
-7.70749e-15 2.07452e-15 0
2.42479e-96 2.95639e-95 0
-1.05172e-88 -8.41552e-88 0
-5.58313e-87 -2.11641e-87 0
1.19512e-101 7.02678e-101 0
-1.80066e-60 1.26623e-60 0
-17.6633 -10.6038 -21.5902
-1.17329e-86 -2.02203e-85 0
-1.95707e-44 -2.15241e-44 0
-2.20938 -1.51066 0
-8.18352 -29.4398 -0.584205
1.54023e-26 9.87203e-27 0
27.8636 -6.09205 -8.24214
3.44964 84.8545 -19.2249
2.19654e-11 3.23606e-12 0
2.17246e-28 1.42908e-28 0
1.05121e-16 1.00911e-14 0
12.8988 37.5394 22.8592
2.96033e-103 -5.38005e-102 0
3.63089e-103 -4.46331e-104 0
-6.64711e-85 -5.72977e-84 0
9.81368e-98 -3.16663e-97 0
-3.10354e-70 8.02356e-70 0
1.08543e-102 -1.26647e-102 0
6.31551e-85 -1.38837e-84 0
3.02023e-100 4.32238e-100 0
12.687 38.9256 -7.86017
-4.18918e-76 1.77692e-74 0
8.39336 43.0214 3.5675
-1.74371e-88 -1.39526e-87 0
2.08257e-05 -22.866 2.92703
2.13454e-44 -2.60561e-42 0
-5.43076e-60 3.81893e-60 0
8.64062e-100 -6.27823e-99 0
-6.48102e-82 1.43412e-80 0
-8.9011 -52.5868 -3.49793
-2.07542e-79 2.56928e-76 0
-1.25843 -9.80806 38.4574
-21.269 -21.3776 20.5284
-1.15205e-68 -4.55672e-69 0
0.000210089 -0.000120084 -19.3574
3.35264e-06 -1.46512e-05 2.03035
0.000178302 -0.000149405 -18.4658
-6.31698e-41 -2.4372e-41 0
1.11655e-72 -1.13607e-72 0
-2.43297e-59 5.28788e-59 0
1.13561e-63 9.68038e-64 0
1.29734e-83 8.53555e-84 0
-4.34901e-41 3.05824e-41 0
-2.5384 30.3242 -13.3042
32.7814 -12.8655 26.0396
1.22816e-35 -1.89016e-34 0
3.08678 25.881 -21.8641
-9.69699e-51 2.19667e-49 0
-7.89776e-71 5.25947e-73 0
1.03774e-50 6.82647e-51 0
7.0763e-101 2.69416e-100 0
-2.8502e-70 -3.84776e-70 0
-1.26801e-64 3.85226e-63 0
16.2424 6.06172 -9.12162
4.02985e-05 8.5351e-05 0
-16.996 -2.83518 6.98983
1.43905e-92 9.44812e-93 0
3.551 -19.1816 -13.9604
-1.27062e-62 -6.89377e-61 0
4.12692e-65 2.71477e-65 0
1.26527e-69 8.32316e-70 0
17.7092 1.04788 3.27375
-3.31861e-102 2.17271e-102 0
-3.34666e-61 -6.26927e-61 0
114.406 -14.1756 13.8692
1.65275e-99 6.45441e-101 0
-1.56514e-98 -1.5513e-97 0
9.03562e-07 -3.36386e-07 -19.3517
3.22986e-06 5.98828e-09 2.04934
2.06922e-05 -9.30611e-07 -18.4492
6.77022e-48 -7.71975e-48 0
1.01216e-54 -4.94605e-55 0
4.10997e-23 -1.21471e-23 0
1.29517e-37 1.01227e-37 0
1.0806e-26 1.06553e-26 0
-1.13913e-45 -1.30448e-45 0
-3.12353e-71 -2.58384e-70 0
-17.5388 3.10481 -6.66377
1.27283e-71 8.37294e-72 0
3.35359 21.6875 -19.1493
-1.55708 12.4442 -20.218
-1.91615e-42 1.33045e-42 0
1.12623e-65 3.41393e-65 0
-1.97812e-83 3.64673e-81 0
1.86193e-29 1.22481e-29 0
2.14181e-40 -8.89634e-41 0
8.50512e-100 6.49448e-99 0
-5.12942e-79 -4.42153e-78 0
56.4412 -32.6085 -12.0338
20.0037 26.9209 -16.2515
3.50062 -19.3065 -13.638
1.94916 -2.91126 -23.911
-1.49376e-93 -1.66898e-91 0
-5.14173e-82 1.13776e-80 0
2.09096e-15 5.01287e-15 0
-2.93838e-46 1.55087e-47 0
-1.14682e-08 -4.7341e-08 0
-5.0661e-05 0.00103346 0
-1.24631e-52 -2.86769e-52 0
-1.2769e-41 1.23927e-41 0
7.3129e-05 -3.00896e-06 -19.3574
3.90819e-05 7.64195e-06 2.0306
0.000188653 3.9115e-05 -18.4658
3.94293e-93 8.97327e-93 0
-1.22071e-88 -9.76774e-88 0
1.08701e-59 7.15056e-60 0
-6.36531e-32 -5.82688e-32 0
20.8962 0.627394 -18.3021
36.5107 -51.1766 -13.5423
-1.70965 -29.8524 -21.282
3.80473e-102 9.02305e-103 0
-0.00187794 0.00603294 0
1.90509e-05 27.7635 0.702656
-2.11393e-44 2.60578e-42 0
-4.83383e-99 -5.21278e-98 0
-2.40429e-93 -1.91146e-92 0
-2.04367e-77 -1.18569e-77 0
9.29462e-93 -9.99502e-92 0
-3.87924e-45 2.72789e-45 0
1.01766e-33 -2.58121e-35 0
-267.119 -113.764 92.74
-32.3277 -12.8913 -16.135
-5.13772e-88 1.13687e-86 0
-2.42882e-102 4.1766e-102 0
7.25209e-102 5.44411e-101 0
1.48774e-100 7.85203e-101 0
-2.54017e-97 -3.66659e-97 0
-1.69285e-56 -3.00829e-57 0
1.10338e-100 4.43521e-101 0
-10.7939 -27.5053 -7.12181
-3.55279e-61 -1.56505e-61 0
2.42891e-57 -2.02105e-57 0
1.17977e-73 7.76073e-74 0
6.65581e-53 4.37831e-53 0
-6.922e-38 -5.70405e-38 0
-2.70683 23.1964 -22.9543
-3.89166e-88 -1.68277e-86 0
1.2615e-100 -2.84218e-100 0
3.96305e-97 -3.6387e-97 0
-0.00828484 18.1973 73.8521
-7.43675 -18.5673 -15.388
-1.34964 24.0778 -24.2723
4.70758e-101 -1.15635e-100 0
1.20487e-63 7.92587e-64 0
2.28748e-51 -1.81595e-51 0
5.66679e-102 -4.29654e-102 0
-6.66819e-102 1.79845e-101 0
-1.05046e-100 -1.02808e-100 0
1.15223e-68 -3.9045e-67 0
1.72642e-95 -8.91305e-97 0
1.18271e-103 -5.714e-102 0
35.8983 -10.5584 -14.4488
47.7673 -0.771559 -24.6293
1.78315e-41 1.17299e-41 0
1.18179e-27 9.62165e-28 0
7.84398 -31.0823 -22.2692
-32.2152 21.1109 -20.3282
8.87664e-47 -1.07741e-48 0
-2.86707e-12 1.95124e-12 0
-4.83964e-89 3.24211e-90 0
-45.9064 46.132 -5.12807
3.28531e-101 -8.61522e-102 0
53.6026 14.6475 -7.69231
-3.99576e-84 6.4213e-84 0
6.57242e-79 -1.19807e-79 0
8.52959e-53 -5.90866e-53 0
3.02285e-97 3.32888e-97 0
2.38512e-45 7.81657e-45 0
2.06702e-49 -8.54205e-49 0
-24.407 12.2514 5.28055
1.09494e-63 7.20271e-64 0
-1.60956e-78 -3.85369e-79 0
-2.70933e-59 2.75202e-59 0
2.48879e-40 1.63717e-40 0
2.93628e-91 1.70914e-91 0
-4.53035e-82 1.00247e-80 0
-7.92395e-60 5.57214e-60 0
6.9877e-64 4.59664e-64 0
1.13882e-101 -6.57436e-102 0
-47.1554 36.4407 0.198302
-1.62222e-100 5.83187e-101 0
5.82202e-60 3.82983e-60 0
-7.45019e-51 9.49462e-52 0
-8.84993e-67 2.6289e-66 0
1.81111e-86 1.19001e-86 0
-1.77534e-101 2.68436e-101 0
-34.4289 10.1043 -22.8342
-6.64846e-98 -4.79507e-96 0
-2.25239e-85 4.98407e-84 0
-19.0516 19.0525 -12.2033
6.01687e-31 5.822e-33 0
1.02407 -30.8063 -21.5712
4.93447e-50 -4.5164e-49 0
1.18355e-53 7.78564e-54 0
1.21273e-100 -2.38492e-99 0
1.53951e-95 -4.64577e-96 0
18.0865 1.36792 -12.2958
27.0197 24.4962 -16.3109
-64.5905 49.27 -6.88449
1.04614e-80 5.50041e-81 0
42.6013 43.0893 5.08951
-58.7272 -11.7095 1.00712
-32.9238 26.1688 -13.985
-1.11623e-95 -8.93168e-95 0
-11.7102 -13.0229 -16.1376
-5.37882e-37 1.05359e-37 0
1.60907e-71 2.96562e-71 0
4.34497e-92 8.26761e-93 0
4.10976e-93 3.1904e-92 0
-1.80803e-19 -1.34389e-19 0
5.22101e-94 9.56555e-95 0
-49.1854 39.9938 6.81503
-28.7 20.9979 -24.7602
146.216 -39.2649 20.5331
1.00205e-42 6.59165e-43 0
-3.04443e-81 -3.46354e-82 0
7.108 -70.123 -3.72947
-0.280651 -40.7762 -3.54079
4.87925e-52 -1.12776e-50 0
-3.342e-91 -2.66844e-90 0
2.74542e-95 8.4011e-95 0
1.72048e-63 1.13176e-63 0
-34.0298 -1.61156 -13.475
8.09685e-58 2.72998e-59 0
35.0753 42.6062 111.347
5.83519e-29 3.83849e-29 0
3.52739e-102 1.28349e-101 0
-9.15314e-90 -3.25541e-88 0
4.38998e-93 2.86644e-93 0
-0.13493 -13.1185 -12.9437
-1.07709 -14.234 -19.8317
-1.07818 50.4472 -7.28755
2.03268e-41 1.33713e-41 0
3.18925e-96 2.58204e-96 0
1.01915e-101 2.08621e-102 0
-21.8532 -11.4861 -22.8104
5.31311e-95 -1.26572e-93 0
18.3034 20.9812 -23.6462
6.31128e-17 1.88961e-17 0
2.02193e-100 2.12487e-99 0
-9.7039 25.2691 31.0187
-3.72983e-44 4.11699e-45 0
1.00222e-100 -2.11652e-100 0
3.83677e-87 1.17822e-87 0
-2.75032e-95 2.526e-95 0
-19.1882 16.9477 -15.6389
6.21464e-55 4.0881e-55 0
-3.81577e-70 1.9283e-69 0
-1.15279e-52 2.14542e-52 0
1.28893e-18 8.47882e-19 0
-4.92617e-49 -5.64122e-49 0
10.2991 39.579 -18.7377
-2.25845e-41 -2.73073e-41 0
31.748 32.8597 -12.2089
1.97463e-66 1.29895e-66 0
2.86316e-92 -3.50834e-92 0
-2.1839e-99 -1.62497e-98 0
5.87417e-53 3.86414e-53 0
1.85763e-86 1.22044e-86 0
1.01915e-87 1.11781e-87 0
5.98057e-48 3.93413e-48 0
2.2262e-95 -5.47794e-95 0
6.32483e-62 4.16059e-62 0
-1.87172e-07 -1.73834e-07 0
-2.61448e-70 2.06459e-70 0
-4.83425e-90 -3.8671e-89 0
-3.52655 15.4573 0.463467
-12.6336 40.5396 -21.9518
-4.73489e-12 1.07265e-11 0
8.43401e-84 -9.47744e-84 0
-8.95564e-94 4.00183e-93 0
86.9233 -49.463 -7.46294
2.5236e-60 1.66007e-60 0
2.54318e-44 1.75864e-44 0
-3.47568 -45.7957 -17.3114
-11.2729 17.5232 -2.6766
2.76152e-54 -6.01342e-57 0
-21.2048 3.48386 -14.1526
-9.00612e-88 -1.95468e-92 0
-5.64551e-06 -9.48032e-06 0
-1.26237e-91 1.697e-92 0
5.03731e-64 3.31363e-64 0
2.09447e-102 1.13792e-102 0
-4.26514e-58 8.976e-60 0
-39.7883 2.7684 -20.8538
3.87769e-62 6.97872e-62 0
40.6342 65.6807 -6.10636
2.2946e-52 1.50943e-52 0
202.593 -121.265 -14.0553
-2.08754e-84 -1.67038e-83 0
4.81657e-103 -3.39218e-102 0
6.57451e-104 -2.28887e-103 0
2.93427e-70 1.10338e-70 0
-4.61254e-65 -6.22356e-65 0
-100.173 70.6342 84.8931
3.14564e-55 2.06926e-55 0
4.12602e-70 2.71417e-70 0
2.86306e-69 2.63024e-69 0
-12.2841 8.35201 -3.01936
-36.2464 49.5456 33.9492
-0.0100886 0.011751 0
-2.32856e-69 2.35769e-69 0
5.86272e-67 -2.93881e-67 0
-8.10434e-91 -3.50434e-89 0
1.1506e-68 3.21901e-68 0
1.03461e-99 2.33479e-99 0
-4.21344e-88 -3.46221e-87 0
2.61966e-21 3.03284e-21 0
1.4825 4.8842 1.32277
4.24042e-80 1.42096e-81 0
-20.2347 3.44651 -13.774
-9.00328e-88 3.51278e-92 0
-7.7785e-90 -2.01626e-91 0
-1.23205e-67 3.33091e-68 0
1.74982e-88 1.91778e-87 0
2.71914e-78 3.09186e-78 0
8.79594e-95 -2.00472e-96 0
1.29173e-98 5.03245e-99 0
-1.87505e-86 -1.34946e-86 0
-15.1896 -21.8449 -8.94711
-4.18127 5.89934 -17.2551
11.5008 -62.7836 -7.43513
-5.52349 -22.078 -23.0851
-7.3332e-95 6.73509e-95 0
-2.32868e-12 -2.90758e-12 0
-2.46015e-08 -5.4982e-08 0
1.22489e-97 1.04354e-97 0
1.50188e-62 2.57188e-63 0
7.27327e-70 1.43498e-70 0
-25.1489 -20.9671 -4.18137
-123.294 -5.78718 34.988
-3.42638e-85 -1.48566e-83 0
-14.8563 -14.8806 6.5857
1.86842e-19 -6.80228e-20 0
19.7477 52.7025 -1.66337
2.41892e-61 -1.40253e-61 0
1.13654e-98 3.48104e-98 0
4.5485e-54 -2.44275e-54 0
3.6583e-99 2.12776e-100 0
1.14649e-83 -1.91957e-84 0
4.62298e-27 -1.92476e-26 0
-2.05707e-91 -1.64597e-90 0
1.65275e-94 1.21495e-95 0
-21.1808 -0.872484 -12.8946
-9.0057e-88 7.33371e-92 0
-2.71292e-40 -6.05177e-40 0
-4.35717e-49 6.66576e-50 0
-2.82773e-06 -4.12184e-06 0
-20.4241 -13.9689 -24.5028
-3.49378 3.88114 -10.6878
2.12588e-98 -5.3193e-99 0
-1.14151e-65 -4.99508e-66 0
47.2594 48.7642 16.4654
3.80307e-57 2.50173e-57 0
5.74206e-87 4.48389e-87 0
-52.7549 20.474 -18.432
1.30128e-87 2.84882e-87 0
9.39361e-99 5.47662e-98 0
1.71478e-23 1.12802e-23 0
-5.62125e-102 -7.45483e-103 0
1.52208e-52 1.00126e-52 0
4.80443e-99 1.66985e-99 0
-2.8873e-41 4.29124e-42 0
-4.39492e-71 -9.44933e-71 0
-71.4404 42.8455 -24.1227
-5.17883e-56 -5.32473e-56 0
-9.67041e-102 -1.10162e-101 0
3.88166e-54 2.55342e-54 0
-2.97912e-94 1.58705e-92 0
2.1067e-55 6.20954e-55 0
-10.6346 25.057 13.1759
4.50052e-53 2.96052e-53 0
3.70698e-93 5.58197e-93 0
6.29188e-47 4.13892e-47 0
-9.75971e-07 -1.3074e-07 0
7.00459e-103 -2.8329e-102 0
3.20347e-60 2.1073e-60 0
-4.40361e-84 -3.79588e-83 0
-1.03476e-84 -8.27989e-84 0
-37.4077 -13.6531 -8.71212
-9.50792e-90 -3.36486e-88 0
1.9212e-23 -1.24522e-22 0
1.57688e-100 8.07592e-101 0
-1.24243e-97 -3.65798e-96 0
-1.76005e-44 -4.34828e-43 0
1.21386e-87 9.8859e-87 0
-6.05493e-89 -2.59299e-87 0
0.000191263 -27.6244 -0.267566
7.28442e-50 -6.25434e-45 0
9.86673e-37 6.49052e-37 0
-1.09614e-97 -4.67759e-96 0
3.55085e-102 -3.21575e-102 0
-1.70985e-97 -1.45542e-97 0
5.10257e-95 -3.88501e-95 0
-8.46684e-36 -6.39227e-35 0
-3.94262e-95 -1.70568e-93 0
1.29966e-66 8.5494e-67 0
4.90233e-05 -2.79306e-05 -19.3583
3.94517e-05 -2.07697e-05 1.92786
0.000111934 -4.42943e-05 -18.5554
-4.00987e-35 -4.31899e-36 0
-8.72909e-88 -1.0808e-88 0
-18.7955 8.51215 -16.6761
1.56724e-86 1.50841e-87 0
-1.08705e-89 2.21409e-89 0
7.78774e-102 3.30661e-102 0
-1.10676e-07 3.36717e-07 0
1.42012e-98 1.11795e-97 0
-6.90206e-100 5.3558e-99 0
-1.03374 30.6387 -23.2485
4.86584e-92 9.00514e-88 0
6.07497e-98 8.39607e-98 0
5.24286e-31 1.57773e-32 0
-2.53398e-11 -2.14728e-11 0
-3.84446e-60 5.42327e-60 0
-2.53729e-99 -4.10174e-100 0
-2.04712e-16 4.05292e-16 0
-1.09883e-57 -3.07796e-57 0
-6.1095e-87 -7.80158e-86 0
5.70853e-29 3.75518e-29 0
-0.786821 -24.3464 -13.9429
-1.651e-56 -9.84959e-55 0
-3.314e-66 1.94352e-66 0
-1.85625 -36.0254 -23.5022
-4.74334e-55 9.89172e-55 0
1.09702e-92 -1.32585e-92 0
-6.46172e-31 3.85149e-31 0
2.27091e-101 -1.97181e-101 0
-9.35154e-88 -4.04363e-86 0
6.98675e-85 4.59596e-85 0
2.5693e-05 -3.36807e-07 -19.3569
3.67106e-05 -1.38861e-08 1.95029
0.00015622 -4.06694e-07 -18.5359
2.94825 -9.89386 -20.0089
-3.59931e-90 -2.87883e-89 0
-1.08095e-34 -5.06515e-35 0
-47.5745 12.4017 -6.7615
-13.1921 -2.23253 -6.14611
43.7848 -33.4979 -20.2192
8.642 -7.90515 -9.67593
4.50401e-14 -5.18912e-14 0
-1.35072e-97 -9.74994e-96 0
-1.49553 15.9806 -13.9878
-1.51156 12.6656 -20.7912
1.62471e-67 1.07248e-67 0
-20.0906 1.14259 -21.3046
-3.05178e-100 -2.16642e-99 0
-1.42061e-93 1.41059e-93 0
-16.172 30.0667 -23.7542
-3.60022e-94 -4.44954e-93 0
6.24189e-96 5.98669e-95 0
2.92085e-42 1.92139e-42 0
2.94594e-94 5.4216e-93 0
-0.793514 -24.4682 -13.5615
0.264989 -3.56505 -23.5869
-6.57605e-37 -4.9542e-37 0
7.31729e-19 4.81345e-19 0
-5.27553e-46 1.70825e-46 0
7.44209e-94 1.36349e-94 0
-2.98926e-94 -1.23918e-92 0
-1.58668e-96 -1.25508e-95 0
1.36154e-43 -1.09912e-42 0
1.29944e-47 8.54797e-48 0
0.000238013 -2.17204e-06 -19.358
7.51388e-05 1.36744e-05 1.92811
0.000379951 4.1662e-05 -18.555
-3.29296 4.3453 -23.0274
1.14406e-97 -1.28332e-96 0
-5.12967 -4.58428 0
1.30282e-41 8.5702e-42 0
-8.32233e-38 5.30925e-38 0
-1.5118e-83 1.6722e-83 0
-2.63916 -15.0505 -24.4376
2.1367e-46 1.40556e-46 0
-2.04003e-69 1.43458e-69 0
0.000190921 32.0718 -2.9326
-1.04504e-42 1.24702e-40 0
-8.97678e-94 -8.54233e-94 0
-2.15747e-63 -5.10695e-63 0
-1.53374e-101 -5.13041e-102 0
-3.05716e-99 -4.65507e-99 0
3.60801e-81 2.08186e-81 0
-3.82283e-22 -1.61335e-21 0
-6.47197e-11 3.54395e-11 0
5.61118e-53 3.69114e-53 0
-1.90487e-91 4.21507e-90 0
12.2197 53.9008 0.0756108
-1.03414e-101 2.07938e-100 0
-7.63502e-65 1.3906e-64 0
-24.6708 1.30222 -13.8925
1.2034e-45 7.91617e-46 0
-5.28421e-55 3.71587e-55 0
3.4942e-62 -9.41614e-63 0
4.22366 -51.6941 -22.0879
-5.81952e-12 -3.41927e-12 0
1.02894e-60 6.76858e-61 0
5.78055e-48 3.80255e-48 0
-2.72327e-31 6.52337e-32 0
2.88607e-32 2.73777e-32 0
-1.63297e-99 -7.06374e-98 0
-6.35235e-10 3.34381e-10 0
2.04491e-78 1.34518e-78 0
1.43729e-53 -1.42734e-52 0
-3.75405e-99 -9.92568e-99 0
-2.17055e-94 -3.09327e-93 0
-4.72739e-92 -4.34275e-91 0
-4.23687e-89 -1.75864e-87 0
2.95889e-65 1.94641e-65 0
36.7226 -31.8334 15.1881
8.33314e-59 5.48169e-59 0
1.793e-101 5.86696e-101 0
1.51426e-101 -1.81791e-101 0
24.7234 -30.6477 -24.018
-6.00387 -8.34886 3.62014
4.95214e-31 -1.39121e-30 0
6.34227e-32 2.87618e-32 0
2.39486e-48 1.57538e-48 0
-1.31628e-49 -2.71436e-49 0
1.45413e-31 3.13659e-32 0
32.0882 -1.05e-05 -2.94493
2.94881e-37 2.85997e-42 0
-3.71664e-94 4.22708e-95 0
0.284553 -0.622369 -19.0772
2.30948e-08 1.12903e-08 0
8.31006e-77 4.93506e-77 0
-4.48654 -8.82333 -15.1377
1.38373e-41 5.4801e-42 0
2.57081e-59 1.69113e-59 0
-7.13214e-50 5.25618e-50 0
9.16753e-48 6.03057e-48 0
2.86514e-104 7.40279e-104 0
-7.2998e-41 8.84671e-41 0
-1.05258e-40 7.99738e-41 0
3.01465e-93 -6.37979e-94 0
-8.5421e-52 -9.29733e-53 0
-0.0661079 0.0384789 0
3.16398e-41 -1.655e-40 0
-0.0019885 -0.00189664 0
1.07556e-60 7.07522e-61 0
-5.26599e-89 -3.78987e-89 0
15.2371 -27.312 -19.9758
3.09101e-101 -3.39536e-101 0
-52.8681 81.6062 -16.5857
-1.11976e-88 5.31781e-88 0
-3.50437e-91 1.25036e-91 0
6.18438e-102 -1.41873e-102 0
4.04423e-34 -3.99182e-34 0
-7.3743e-49 3.2172e-49 0
-4.28789e-93 1.02134e-92 0
4.35621e-54 2.8656e-54 0
3.44669e-97 1.94804e-97 0
-1.26995e-91 -1.01617e-90 0
32.0621 2.10295e-06 -2.92042
2.94949e-37 2.27044e-41 0
-6.7035e-17 -7.86668e-18 0
-2.83401e-91 -2.26485e-90 0
4.01396e-102 -6.35764e-102 0
-10.4761 -1.33077 -23.6014
35.1762 -14.3572 3.10585
-8.7004e-38 -7.06678e-38 0
1.98069e-100 3.17286e-100 0
-26.7985 34.1148 1.18005
-20.0562 -2.24846 -22.739
1.55997e-101 2.05984e-101 0
-7.37206e-75 1.39395e-74 0
-1.61272e-60 -1.06585e-60 0
3.71318e-101 2.29547e-101 0
4.48314e-64 2.94909e-64 0
-1.35538e-26 -6.52677e-27 0
-14.1636 -11.0157 -16.4916
2.27579e-73 4.62151e-72 0
-45.3804 7.29766 13.7755
-29.8562 9.79843 -19.1618
5.05055e-52 3.32235e-52 0
-1.71678e-88 -7.42342e-87 0
-2.62287e-90 -2.09425e-89 0
-8.80767e-29 1.79773e-29 0
-3.27719e-98 4.39428e-100 0
1.07911e-52 7.09855e-53 0
-2.32083e-97 -9.54322e-97 0
-1.04292e-32 -2.02017e-32 0
4.48062e-81 6.19209e-81 0
-3.98602e-60 -6.25574e-60 0
2.55675e-19 1.82718e-19 0
-6.26739e-82 -5.01495e-81 0
32.0882 1.22978e-05 -2.94493
2.94945e-37 4.27837e-41 0
-5.63624e-94 -9.34188e-95 0
5.89287 -36.7377 -22.0546
4.05001e-70 -6.9049e-70 0
-1.83914e-95 3.73757e-95 0
-5.0241e-88 -4.02011e-87 0
-3.81287e-73 2.76574e-73 0
-8.42634e-97 1.35849e-96 0
-9.33379e-99 7.65865e-99 0
1.63856e-41 1.07788e-41 0
-7.55183e-102 1.08901e-101 0
2.80073e-24 1.84237e-24 0
1.92881e-08 2.23444e-08 0
1.91205e-98 1.82117e-98 0
1.77238e-99 -2.72009e-100 0
2.13076e-103 -5.08572e-104 0
9.24655 7.68735 -8.93196
2.00547e-38 1.39778e-37 0
8.37042e-39 1.08041e-39 0
-1.60081e-42 1.06986e-42 0
1.12267e-58 7.38511e-59 0
-1.18832e-61 8.35633e-62 0
1.07661e-31 -9.69164e-32 0
-1.57412e-07 -3.64316e-07 0
-2.83963e-103 2.60821e-101 0
-1.55356e-62 -3.2594e-62 0
2.32394e-47 1.52873e-47 0
-1.94568e-100 -2.81385e-100 0
2.33321e-98 -2.09877e-99 0
9.68872e-46 6.37342e-46 0
-4.3455e-91 -1.87901e-89 0
