# vtk DataFile Version 3.0
water particles
ASCII
DATASET POLYDATA
POINTS 2541 float
-2.03058 -1.07991 0
2.04732 -2.80668 0
-90.1937 79.8513 0
0.504888 1.49034 0
-17.5786 -4.40805 0
-34.5213 -111.823 102.797
41.7235 38.5579 0
152.923 -138.208 0
5.15466 -58.5385 0
12.3971 2.70231 14.0048
-12.7866 -23.5428 0
-3.04084 -121.236 0
-56.882 -132.288 169.573
-0.248751 -2.30689 0
19.5803 8.83124 0
-6.49168 -6.22638 0
16.8203 23.3791 0
-5.33225 18.0735 0
-169.709 -202.567 224.952
117.224 -67.558 186.29
3.21839 -1.12818 0
66.7012 -32.3055 0
3.71343 88.8093 0
-127.118 -0.300038 127.636
-94.2245 -0.313372 0
17.1531 28.1192 0
0.212703 1.22659 0
-86.4604 -43.8999 0
-116.722 -64.2335 0
-178.462 149.892 207.25
0.881943 123.202 51.8277
-228.962 103.272 62.8406
-65.5991 -51.088 0
-0.195664 1.49647 0
-2.58826 -4.2261 0
8.22046 -70.2883 0
108.699 19.0334 20.9727
44.9294 60.8258 20.7062
31.3583 -2.4673 0
1.86033 25.5184 0
18.8088 6.48051 0
-0.468553 1.58001 0
82.4067 185.505 374.348
-2.56312 0.909979 0
-203.75 -18.7783 0
-4.37057 1.80064 0
4.42663 4.68923 0
-3.58855 -7.01801 0
-5.23337 -6.57562 0
-18.4025 -28.3886 0
-7.04204 -1.11562 0
80.6243 12.6022 13.5083
168.355 -73.1682 0
-97.0462 -85.5844 0
-2.48184 -3.84299 0
-2.3849 0.92505 0
-126.984 1.95616e-05 127.737
-94.2271 -0.00672127 0
-14.7739 -28.039 0
-35.0967 29.7755 0
12.5427 -5.06107 0
7.05538 -1.87128 0
14.7617 -34.9008 0
29.2067 -57.7519 0
116.477 -76.8792 152.28
2.99461 2.62866 9.36404
-48.392 20.2465 0
-1.3927 -5.96343 0
-2.54232 -1.53324 0
-3.13393 6.97838 0
0.801377 19.6293 0
120.02 137.622 17.7758
-10.3038 3.87986 0
8.86139 50.6358 0
69.3068 5.62239 0
-213.887 -14.1039 0
9.44396 -35.4516 0
0.393883 1.7884 0
-59.4849 388.16 36.2189
0.502913 1.90864 0
40.4203 8.37878 0
-33.8097 21.9824 0
2.25956 -5.1136 0
-3.70548 -8.58064 0
0.111063 1.2987 0
-0.205605 -3.3131 0
51.606 -226.726 0
-2.56101 2.37464 0
-0.689761 -1.98985 0
-127.118 0.300055 127.636
-94.2064 0.299676 0
-52.86 17.3409 0
-273.681 59.1746 0
-1.70981 2.65476 0
39.1002 -49.7401 0
30.9445 -1.01344 0
22.3577 26.0072 0
-124.591 -18.3844 22.305
32.2072 56.2637 0
-0.561205 3.65332 0
-36.9507 189.769 145.505
-2.65862 -0.58079 0
40.7656 -32.0601 0
-8.02697 7.14273 0
53.5424 -86.6111 0
6.3673 -6.61419 0
-33.7454 94.2118 0
136.423 -0.873368 246.213
72.7274 11.7603 0
68.6491 54.7921 105.69
-2.32708 0.395731 0
3.24127 4.73973 0
-87.4155 -81.5223 0
-2.3459 0.576754 0
-26.329 59.1773 0
96.6785 -149.569 0
33.5681 -28.6532 0
4.05899 -30.7457 0
58.8098 293.614 198.851
0.0818673 -3.11213 0
-1.42641 3.61873 0
-0.711523 -4.35616 0
-1.01902 -1.81484 0
-0.988673 -17.7738 0
-2.1592 -4.58467 0
120.54 -52.0929 156.515
-0.983685 -1.27308 0
7.11667 -31.3819 29.4043
5.29206 12.6779 0
-2.9711 -0.0855074 0
25.9049 75.9379 0
-2.30247 -2.83817 0
0.25536 2.75369 0
-0.901178 -126.435 127.683
-0.172047 -87.8069 0
-26.1112 -41.8588 16.5396
71.0285 73.4142 20.2831
9.03373 -12.4124 0
-17.8542 63.8149 0
100.505 -147.022 24.5249
-69.5203 6.1059 0
19.6435 -259.179 81.7377
96.3889 -26.3283 17.3289
-0.900046 -0.300356 41.6995
-0.90018 -0.300095 138.397
-0.900772 -0.300564 45.0118
46.3681 23.6325 0
9.09698 1.13498 0
52.3573 51.1511 63.53
-18.318 11.028 0
164.849 154.626 188.241
1.6541 1.74894 0
39.5861 122.836 232.832
0.275179 1.34701 0
-113.218 71.8139 0
11.8715 138.366 21.9963
-0.900965 24.6826 0
31.4581 2.30837 0
-3.73194 0.411237 0
103.602 -44.1278 29.1508
0.510997 -1.65549 0
3.27793 5.15332 0
-39.2782 -88.5414 0
-122.587 160.711 12.1064
73.9596 -94.5102 76.7847
91.7941 -124.246 119.552
13.9296 -110.898 60.7364
-1.76864 -53.1532 0
6.97175 11.9859 0
-684.99 -227.06 226.504
10.8773 1.40794 0
12.0337 -99.5167 0
14.3168 -35.0923 0
2.25904 4.61966 0
-4.8217 -1.43727 0
-1.51047 -121.54 42.5963
-0.900024 5.34177e-05 41.7049
-0.900167 1.25217e-12 138.499
-0.903294 0.00051407 45.101
-2.87098 0.0650593 0
13.683 -17.5619 0
28.2477 2.58405 10.0566
23.1052 8.16445 17.4005
40.2901 11.859 268.417
-4.22124 -19.1408 0
75.2163 12.627 57.3715
93.5834 2.22896 82.5725
8.87552 -61.375 0
27.2503 61.6722 63.7479
-0.903026 63.3972 33.9402
-4.8499 -16.3063 0
11.2783 15.211 0
-57.3651 41.685 0
17.7179 125.482 0
-2.00942 2.2764 0
-1.74759 1.68249 0
-2.24822 0.608149 0
-8.39953 -42.8863 0
-8.89523 123.084 0
13.8189 -110.948 61.696
6.16439 -15.9381 18.2715
45.5187 118.827 0
2.50887 -18.9785 0
107.054 22.7758 149.974
-89.9548 -60.9279 152.477
46.0514 -71.6058 0
0.960325 3.46219 0
92.4116 213.476 54.777
-0.467011 0.160318 0
-0.900148 0.300179 41.6999
-0.90018 0.300095 138.397
-0.905241 0.300541 45.0131
-37.8883 -89.616 85.0045
7.15668 8.53426 0
39.7118 -85.3735 38.0822
0.171358 0.4501 0
32.7037 -87.0095 0
23.8275 -15.6574 0
36.2742 -37.2861 0
-1.21109 -3.06564 0
-1.72938 1.9301 0
-0.900859 146.692 115.542
-0.900675 82.696 0
17.7864 20.3824 0
-8.31894 -31.1594 0
49.6177 121.574 37.1057
-4.17509 -13.9382 0
61.7885 96.1166 69.6547
54.298 77.6606 0
6.69964 1.18642 0
197.88 255.157 68.1607
-0.90373 3.41546 0
-60.3658 -369.959 332.978
-2.00433 3.04032 0
75.7851 -139.813 90.3233
78.4405 -44.9456 135
0.828487 2.07942 0
245.539 -20.0896 179.048
248.396 86.5397 80.7284
2.05109 -3.12952 0
1.4124 -24.8661 0
0.135999 2.14556 0
-40.3617 -77.6413 0
-0.991791 -10.0404 0
-249.787 149.08 0
-1.24292 -1.22018 0
87.2435 60.6521 0
-2.72419 -1.15633 0
-28.828 -16.3282 0
-223.874 -5.51648 1.33663
23.2918 -9.35754 0
-0.551507 -3.38503 0
3.52589 7.19752 0
-30.6873 47.0575 0
-0.578661 -1.35875 0
0.949687 10.0985 0
-7.72822 7.12443 0
25.409 92.9646 0
13.379 2.99065 0
-17.573 -29.7173 0
2.96879 42.9488 0
29.4838 -34.0449 6.32136
2.99428 -1.59677 0
-75.6694 4.9681 0
-98.1338 -11.0024 89.1779
125.374 13.7869 26.9532
24.1091 -0.300963 0
47.6686 -199.64 163.483
-10.4683 -6.93945 0
33.6375 -89.6322 166.269
-117.31 -69.305 324.07
-77.6886 83.4912 0
14.5691 9.91515 0
82.8072 17.364 0
91.2315 145.339 114.758
19.8915 -21.7445 0
-166.348 -795.144 292.539
6.68438 -13.2648 0
-5.62037 -3.20831 0
-2.26085 -0.95335 0
-1.39759 -1.62224 0
87.0775 148.783 50.0177
-1.87911 -2.11661 0
-2.26996 -1.59168 0
-24.0236 -4.2982 92.8223
-2.15169 3.02499 0
118.802 -117.32 10.5521
190.693 -250.979 102.278
61.6664 79.6859 16.9742
-23.8246 18.3672 0
1.75164 1.95343 0
50.8712 95.0709 0
142.488 46.731 0
-2.47278 0.455094 0
96.5003 138.761 163.165
1.27909 -5.85696 0
65.5333 16.4461 0
-150.706 10.7433 0
120.961 13.7806 27.9831
24.1185 -0.00021782 0
83.421 95.6554 10.3094
5.90766 0.860993 0
-115.05 -27.948 0
0.190896 -1.63822 0
1.16217 -1.55767 0
5.05473 -6.064 0
-112.782 75.2425 0.730296
-28.7862 -0.539377 7.18148
1.23632 1.75239 0
333.813 111.006 47.2864
-363.784 -69.3331 116.885
0.991823 30.3327 40.3018
1.15575 2.8202 0
-43.8098 -72.2183 10.5761
1.2538 4.84741 0
5.05081 -3.1621 0
22.4663 20.3149 0
-133.522 -137.962 0
2.64461 -1.14865 0
33.322 -8.30047 43.796
-11.2344 613.281 4.50657
7.11887 -7.28538 0
-3.17576 -1.63094 0
-2.13625 3.71269 0
57.6708 -81.7355 19.9662
183.552 -229.499 80.821
-2.2999 0.646195 0
75.513 -89.0199 223.058
-2.97765 -101.835 0
-123.76 55.5538 92.9824
-126.647 4.99067 0
126.102 -4.74192 28.5506
24.1084 0.301078 0
387.854 -792.228 1013.67
121.128 114.338 339.484
36.402 98.274 45.7721
11.1021 -74.9963 0
2.38343 -0.845737 0
1.4151 -5.49137 0
-8.08386 -2.43346 0
143.543 -26.7747 37.7358
0.871905 1.68401 0
0.151578 -1.80301 0
-3.6218 7.88917 0
259.276 374.799 0
99.0684 -59.5814 0
0.297979 1.373 0
-422.949 44.9453 135.786
2.3983 0.467917 0
-12.9759 4.85882 0
21.8208 -128.889 0
8.41343 -2.65447 0
1.48272 -2.20511 0
42.2949 70.2361 0
-27.5286 -90.0088 53.2967
-2.13984 0.0648037 0
-3.73082 -8.93364 0
-21.5065 13.0019 0
-141.521 32.1116 0
20.8925 6.88243 0
0.739581 2.74607 0
-57.7649 148.747 0
28.616 3.38726 0
-0.883178 2.56254 0
-26.2777 15.7083 0
123.953 -11.2328 12.8903
1.62563 1.49756 0
-2.3554 0.37246 0
-2.9517 -2.88338 0
1.71789 1.42584 0
-1.06309 -1.75321 0
4.57531 4.17976 0
-6.1816 -6.36921 0
140.068 193.013 143.49
-0.504214 -2.08803 0
-11.4594 -9.27546 0
113.952 189.569 53.1532
0.738645 124.967 68.8067
-28.5424 4.90579 0
-78.112 -53.3764 0
-8.85484 -4.87627 0
85.1198 22.2615 9.89299
39.2116 13.2701 80.6343
25.8936 -9.83314 0
3.66259 2.46711 0
7.67305 -0.493519 0
-13.6205 31.7639 100.139
-67.2744 -2.52306 0
10.1249 7.7509 0
-2.33074 0.817958 0
-50.2938 10.3671 0
-193.35 106.713 4.81363
74.0512 72.6573 14.3259
23.5322 -16.4509 0
-13.0145 -96.4638 0
26.2184 17.3055 0
-0.15607 -1.87982 0
-18.8402 24.5574 0
106.109 -30.7629 25.5562
0.0574523 -1.99114 0
1.31452 1.2683 0
494.258 -159.098 52.2643
-2.89926 -7.76886 0
-2.24809 0.162787 0
-3.27907 -0.148738 0
-3.85682 -21.5041 0
-18.7764 29.14 113.984
-2.21195 -0.381172 0
39.0709 23.2311 141.415
118.147 -38.9973 0
-11.9039 -49.7442 0
-0.753828 2.8663 0
-66.5513 -5.22903 0
-2.59437 -0.406196 0
6.60555 1.43456 0
17.5581 -132.234 71.9127
74.6952 -151.029 83.8097
19.4298 -6.02261 0
153.084 43.5903 0
-55.0644 24.2147 84.3135
-97.3243 -1.02592 0
3.99876 -6.41804 0
14.4111 -19.942 0
-19.6141 1.69377 0
-5.46865 0.418206 0
-67.6957 -105.3 0
-136.267 88.8728 0
-235.764 71.6284 46.9779
-1.81708 3.49118 0
-0.209259 1.68138 0
-3.49241 6.28328 0
1.45077 -4.46206 0
367.694 19.7513 739.668
-2.42776 1.12667 0
382.883 -236.676 62.562
-8.00294 15.5356 0
-241.875 59.8107 0
51.7996 55.741 113.04
-589.847 424.468 225.809
-2.73742 1.09259 0
-18.347 13.2689 0
26.9814 -313.146 32.1977
117.801 11.9955 26.9193
-19.5526 -54.389 0
-11.074 -4.36854 0
-2.80608 3.50492 0
-1.10935 -4.48713 0
2.64523 16.351 0
3.18489 0.296327 0
65.983 -11.518 39.2575
-1.03033 -1.47298 0
-0.311759 1.36204 0
-29.4149 -6.58969 100.587
-84.7666 1.30593 0
-0.14283 -1.63033 0
113.801 -54.6268 80.7967
106.294 -124.29 0
-31.2955 33.8557 0
6.61889 3.10087 0
9.72293 -38.4366 0
-3.8527 5.7982 0
-2.27171 0.522314 0
-1.57471 1.70351 0
-12.2178 11.5259 0
-183.786 283.516 0
-29.5901 -49.7764 0
-4.85608 -56.2776 0
26.5094 68.4513 0
5.80512 7.56096 0
-2.2165 -5.73524 0
135.568 208.145 169.469
-82.0674 -25.327 138.836
-34.1832 -15.7561 0
-0.209173 -1.58381 0
-0.0542084 1.71891 0
165.148 -44.3418 0
-0.764841 2.33769 0
-3.87852 27.2268 0
22.1846 61.2999 0
46.7764 -77.3822 25.1225
-2.04384 1.51115 0
11.319 -70.1661 0
-7.42364 3.58346 0
-16.6778 184.825 0
-0.633324 -4.34431 0
-0.20207 -3.13092 0
-3.28076 -18.3561 0
0.209302 -4.10105 0
-0.947773 10.0922 0
48.0695 60.7856 0
324.965 38.3044 150.607
13.8247 60.3689 0
4.69867 -15.4087 2.7111
-0.124888 2.40961 0
26.4839 -1.67687 0
-7.09944 -9.15355 0
-0.600037 -104.758 142.231
0.0932499 -86.3204 0
15.9914 -4.92624 0
4.20573 -0.114665 0
-1.73111 3.52044 0
88.5706 -195.616 213.305
-199.927 -87.3479 107.437
-14.9293 35.023 45.3265
-0.598951 -1.73841 0
-0.734491 4.25853 0
-0.600058 -0.300461 41.7032
-0.600015 -0.300067 138.864
-0.600167 -0.300714 45.4201
-2.00184 -1.67007 0
-26.9235 -30.0707 0
3.55892 6.18948 0
8.85899 3.25329 0
-38.6197 75.3239 96.3094
4.7933 2.49829 0
16.0364 -20.109 0
2.13498 -0.802993 0
10.1861 -153.63 0
13.4398 117.891 29.3096
-0.600493 24.4859 0
3.18258 16.9976 0
4.53314 5.24301 0
-3.7275 14.7128 0
0.873653 -5.58812 0
-2.30432 112.724 0
88.6365 -6.87769 11.8721
19.0211 16.3723 0
-0.160348 -1.54057 0
37.5222 91.3255 29.9065
15.5637 -87.6734 65.3099
-1.58657 -54.0189 0
-6.91188 16.8671 0
19.606 54.1947 0
0.778441 -7.20476 0
-43.6773 50.3408 29.8308
-31.2894 18.0898 0
119.312 -201.189 31.9264
106.158 -203.182 44.8841
-0.70466 1.36061 0
-0.59974 7.48553e-05 41.73
-0.600014 5.83123e-09 138.951
-0.600373 5.11393e-05 45.4972
56.1594 -60.9999 40.0285
-17.2114 -7.55194 0
117.198 49.3045 11.7543
20.5649 10.7137 0
13.2796 -11.2449 3.4867
22.1599 31.6849 63.865
98.6593 41.5882 208.596
28.4648 2.78446 0
-0.461608 -0.153551 0
14.6614 99.0905 41.6763
-7.86975 56.9142 36.7294
43.6077 -53.3892 32.3804
-0.0476083 3.72567 0
0.899133 15.498 0
-0.370889 3.9512 0
19.4191 19.7386 0
-1.38607 -1.42112 0
3.8879 37.6875 0
9.97046 3.42763 0
1.55694 63.6254 0
15.3286 -87.9431 66.7795
7.47515 -14.8493 20.2534
1.35096 -8.8564 0
20.6376 63.0742 1.56003
-2.78406 -1.35442 0
8.4102 -22.6033 0
-1.2031 2.25642 0
40.0751 293.774 319.389
7.2868 -63.5579 0
-0.864138 -1.70093 0
-0.599868 0.300126 41.7043
-0.600015 0.300067 138.864
-0.601644 0.300352 45.4212
-60.4863 0.940632 0
10.3701 -18.46 0
-1.02118 -2.26029 0
13.8883 -54.5095 84.6737
29.1899 -41.3576 0
-11.2158 -36.2807 0
-18.2026 -35.4405 0
-90.661 -72.4339 26.8792
-3.55562 0.42146 0
-0.600056 127.066 132.099
-1.29936 86.3125 0
-0.677343 -2.9746 0
-10.8458 3.35297 0
28.4851 -10.4339 1.94368
-116.195 174.871 188.455
-1.70617 -5.80916 0
-22.6825 -8.7665 0
-0.185572 -16.8357 0
11.4153 145.772 1.03731
-0.598573 3.41467 0
-7.32857 -2.56467 0
100.364 -0.765632 12.3377
-35.7093 89.8934 0
6.47178 6.93705 0
-82.4275 -146.71 0
-1.42983 3.04653 0
-6.507 -46.225 193.837
-58.7789 -51.8043 0
8.32178 -20.6992 0
-2.54355 0.589026 0
-55.1229 12.859 0
-1.62151 -2.58578 0
-1.16983 -1.65484 0
0.237639 -2.21412 0
3.33461 -2.76923 0
0.935843 -2.27271 0
-43.0958 -23.3698 0
37.5896 -102.356 40.3104
148.242 164.512 0
1.6355 -2.2855 0
-67.7028 -164.158 155.987
2.21882 -2.85057 0
11.1294 -9.15593 0
0.507974 6.90019 0
1.41138 -4.38943 0
16.1068 -31.399 0
1.83138 -2.06106 0
2.38192 -0.170209 0
68.5036 13.1752 0
19.6332 -6.61621 0
55.8035 123.429 0
-0.780043 1.64128 0
-62.5783 9.70942 0
121.674 14.0717 28.3952
24.4212 -0.301887 0
4.12326 -4.74305 0
2.42847 -2.86379 0
98.1421 -11.7969 0
-45.18 -12.9696 0
59.6175 -38.7381 0
49.0818 -53.2524 0
-2.75887 1.46022 0
-1.64338 -2.83761 0
61.1819 9.09622 0
0.790033 3.59429 0
-1.65535 -4.14712 0
46.8039 228.76 253.761
-2.24819 -3.57701 0
-215.885 25.4225 3.06916
-278.562 178.734 164.779
-0.432106 -0.168821 0
-2.28405 -0.0522338 0
-2.95667 -1.31426 0
3.31003 8.28374 0
-4.50731 -7.5056 0
232.033 -10.0732 0
60.7257 82.0616 16.5799
-6.90196 0.552807 0
-4.98003 -3.08351 0
-160.86 40.5751 81.7687
-26.5726 147.03 93.7226
36.6711 34.6395 0
-0.284392 -9.78363 0
-0.228544 -1.3453 0
50.2915 -41.8568 34.9907
-2.64321 3.44217 0
117.354 14.0701 29.4176
24.1795 7.08297e-06 0
20.8266 -13.4595 0
42.0878 122.139 8.93714
86.5125 346.733 269.737
34.3309 -25.0712 13.6465
91.1259 -4.53721 0
30.3052 -17.6079 0
-14.6733 -129.34 0
9.32962 38.9509 0
-5.64146 1.71868 0
-98.3946 -150.298 225.06
-336.848 60.9061 162.551
-139.963 -196.961 0
-9.44408 -5.13315 0
63.4039 -108.241 0
-2.07773 4.49394 0
10.2201 -8.60754 0
-0.0797235 1.58945 0
-0.985779 -1.43194 0
73.5849 78.1373 109.092
-8.81084 -8.27633 0
213.964 75.97 229.623
6.97759 -7.31267 0
-0.376181 -6.27569 0
-4.14701 2.57802 0
12.7843 -20.5642 0
119.834 -137.768 200.82
0.400851 -2.47723 0
11.1544 -48.2298 0
1.17202 -1.87197 0
7.26924 -3.36273 0
-227.43 79.4767 0
122.239 -4.74648 30.1545
24.4203 0.301965 0
2.85059 -0.575318 0
-208.814 89.4313 0
74.994 -29.0031 0
36.3357 -16.9527 0
1.44066 2.3321 0
-94.7081 68.4864 47.9936
23.9287 -6.4294 0
90.9407 3.6818 14.2598
0.408012 1.47953 0
9.83706 8.5747 0
10.7703 4.40478 0
-14.9124 -78.8095 0
2.05572 0.211401 0
-208.936 -126.245 32.7607
33.9291 22.8844 0
6.17828 2.70977 0
-75.5246 -5.6554 25.7995
14.5471 -74.6281 0
33.4235 -90.0879 0
-11.1153 6.94073 0
-4.73887 4.74437 0
-66.0786 27.043 0
-2.0315 -0.204739 0
-4.00525 -4.88281 0
-6.01741 6.40263 0
-81.3896 135.22 30.6223
-47.968 -62.2339 0
1.71589 -36.9496 0
5.05869 8.07984 0
-2.00342 -0.941844 0
-0.282198 -1.59562 0
101.623 26.7973 40.166
-85.367 23.2092 0
-2.91649 -0.381113 0
7.34093 2.85466 0
-176.446 -113.601 0
-4.39864 -2.63036 0
5.46766 0.0292186 0.460744
-2.20714 0.142479 0
89.3762 -69.6031 0
-33.9017 69.1919 0
-45.8493 -39.9876 0
-11.1535 -9.25267 0
34.0493 216.974 0
3.09388 127.475 68.0373
97.7433 -74.415 0
3.88141 -2.10451 0
-69.5386 13.6897 85.9289
1.03308 -5.72626 0
6.17663 16.149 0
24.1665 115.024 41.3069
82.9335 -62.581 0
7.13281 0.168929 0
-92.578 15.8372 65.1539
-48.78 -1.96961 0
10.5929 9.24598 0
5.97282 2.39863 0
8.6346 -7.57433 0
-65.8645 22.7835 0
-7.92611 -13.9879 0
-11.7661 -0.117378 0
-30.2048 8.31846 0
70.4455 -294.23 117.195
-0.304845 -1.92241 0
25.7505 59.203 0
-25.8468 -30.0955 0
2.90755 -3.08245 0
-0.656962 -1.51546 0
-0.804266 -1.70315 0
13.66 7.29547 0
-2.49244 -1.25806 0
-2.99724 -2.53994 0
-2.19832 -0.91281 0
-3.70329 -0.430962 0
-2.47724 0.583631 0
66.1529 49.5193 130.397
-22.4258 53.6944 38.8621
5.16421 -2.09065 0
-4.06372 -4.62274 0
198.664 282.219 69.8518
-307.991 -66.5763 15.9892
-94.0556 142.965 0
47.8729 -1.75133 0
-18.1996 90.9213 0
-4.09421 2.54563 0
0.730264 -1.59657 0
-88.2659 15.9523 66.8349
-57.0467 -1.26001 14.8683
11.2683 -13.1646 0
0.189553 -14.6412 0
-10.9172 -0.563943 0
-55.8182 -10.8422 0
-58.6869 -35.2261 0
2.14691 3.77064 0
-18.0868 -22.0719 0
34.8503 -25.2223 0
0.745255 1.65574 0
2.18779 3.69089 0
45.7506 -70.4125 47.6766
36.5317 -61.4823 0
-0.656809 -1.49471 0
-49.3953 -27.2855 73.4829
-4.06555 3.67518 0
-82.5231 66.6324 0
-2.70306 0.590064 0
307.014 -282.896 125.51
0.148996 -2.363 0
18.9338 -65.8245 42.3485
116.274 -315.394 0.399891
-11.0575 0.0453969 0
-164.362 247.84 266.824
-3.35375 -1.54558 0
-19.2819 -270.693 83.6862
52.8165 -93.3936 5.84758
0.428553 1.81115 0
4.9106 -55.4601 0
-419.008 -117.852 2.62697
-5.00245 3.12171 102.507
1.01187 -0.449618 0
-92.2476 -3.71608 70.9608
-79.327 0.97368 0
7.65086 -10.1348 0
-159.395 -3.41589 35.1821
-58.3608 -81.2415 0
42.6126 3.64155 19.4547
-93.5372 -49.4024 0.297987
0.79059 1.4008 0
0.126201 1.49006 0
-0.381059 1.57287 0
-0.613388 1.61382 0
-12.5285 12.0892 0
-1.49526 -4.65788 0
2.68167 3.09398 0
77.1564 67.2113 0
-1.61402 4.1761 0
-23.2661 43.3292 187.208
-184.4 -73.9898 0
90.2043 -220.694 96.0669
-2.27439 1.20916 0
-27.3189 -14.6794 98.0945
-2.12207 -0.0872784 0
-112.217 -125.415 0
4.46244 -14.4799 0
-0.418441 1.80033 0
2.58881 -10.2213 0
34.5532 25.3181 0
-20.9076 -5.36518 0
-3.18424 -0.874321 0
-3.79737 -0.584467 0
-2.38583 -4.4999 0
-2.00129 -0.144311 0
-0.299989 -3.86608 0
-0.0200558 -3.2119 0
-2.90023 -19.5783 0
0.419042 -4.12005 0
-1.03951 10.0529 0
-1.56801 -5.84768 0
119.745 -161.78 79.3826
-10.7168 78.3949 98.3889
-1.29327 9.43056 0
-52.498 148.591 37.6355
4.62077 -8.70715 0
2.29225 -0.843386 0
-0.299975 -104.71 142.259
0.393899 -86.3209 0
-444.73 256.672 13.4996
261.693 -723.399 330.407
-0.523485 4.19318 0
0.433582 1.25885 0
2.80617 2.41572 0
48.2101 14.4471 0
85.58 24.0645 0
0.228662 1.50288 0
-0.300035 -0.300043 41.705
-0.3 -0.300066 138.868
-0.300004 -0.300198 45.4222
-91.9191 66.1402 60.3265
14.4871 -31.7688 0
-2.53835 5.42532 0
21.0009 121.919 69.9584
-212.882 139.608 211.319
25.8893 92.3142 19.1782
20.3708 9.07742 0
79.0645 34.9088 38.6008
10.7386 -151.225 0
13.7448 117.836 29.3493
-0.300561 24.4873 0
1.9665 -48.7754 0
0.958321 2.53498 0
-3.1265 -0.595768 0
9.79405 1.36523 0
-1.90925 -1.02578 18.0451
132.77 132.135 84.4039
329.588 -412.663 76.3234
0.243306 -2.63429 0
39.0868 89.5836 35.1517
15.8747 -87.5964 65.3322
-1.28581 -54.0186 0
35.2254 -185.069 51.9057
0.658573 1.44254 0
-5.13733 5.4056 0
-115.304 -56.3298 0
36.4689 -208.59 0
-0.729592 -2.17014 0
-1.37185 -176.272 17.9463
94.0944 65.011 19.4643
-0.299721 8.02367e-05 41.7338
-0.299999 1.28417e-07 138.955
-0.299764 6.77206e-05 45.5008
-17.6493 -23.8483 16.9531
-2.17749 -2.49048 0
204.324 -181.177 73.2166
8.80229 -0.906238 0
24.0195 -0.531169 6.31238
2.58456 0.615508 0
-59.1368 69.4652 104.797
6.96382 20.8066 0
-0.018773 -1.5215 0
14.974 99.0169 41.709
-7.37064 57.3407 36.6357
3.33002 -0.42268 0
116.19 2.75348 43.9299
2.67563 8.02173 0
-3.04923 1.84515 0
-97.9321 -145.208 0
0.316432 -2.8314 0
-43.2573 214.019 185.334
-41.0061 127.778 162.371
5.18487 70.44 0
15.6344 -87.8742 66.8134
7.79001 -14.8663 20.269
-3.90185 1.90715 0
16.3479 52.5734 0
16.1967 116.838 7.65024
42.1686 69.0321 35.3105
-3.72904 0.380768 0
-23.1858 -78.2851 0
-12.8136 -86.0558 0
0.763469 0.128424 0
-0.299754 0.300071 41.7063
-0.299862 0.300106 138.869
-0.300105 0.300223 45.4233
9.63524 9.52127 0
-1.4382 -1.52485 0
14.045 55.5907 0
-105.901 -133.349 26.7168
-42.2572 -90.7255 187.065
-20.7745 -62.5837 20.927
-12.9542 70.231 84.3224
14.0601 15.4092 0
-0.340839 1.98118 0
-0.299968 127.022 132.132
-0.993142 86.3204 0
-0.386217 -2.97282 0
-35.5154 71.5455 6.10208
-3.28881 3.01246 0
-1.65905 -21.6065 0
6.7152 22.637 0
-12.2643 -30.9937 0
5.84821 13.8839 0
3.77897 2.12839 0
-0.291625 3.41831 0
-277.032 -127.638 87.1659
-1.19211 -75.4447 0
138.402 160.981 240.747
-1.41887 -4.14598 0
85.7898 -1.31972 16.898
32.2872 229.7 9.59968
-80.3829 -131.782 138.628
1.78851 -8.85603 0
0.0401416 5.33019 0
5.72198 1.74312 0
0.582678 1.66162 0
-4.49309 -0.701481 0
8.59731 2.23628 0
2.48284 -3.10371 0
1.89689 -1.93517 0
5.52809 -4.28372 0
25.934 86.6531 0
-6.61091 6.85301 0
-11.6568 5.24462 0
40.7032 -30.3179 0
4.81223 4.33379 0
7.8139 -7.70607 0
11.445 -9.17923 0
7.16146 9.32964 0
1.55619 -4.13733 0
0.0507732 -3.92779 0
31.4552 144.758 1.18483
-0.519639 6.20653 0
38.3879 89.9372 0
18.9477 -9.23389 0
0.452241 4.55974 0
1.04929 -0.489607 0
-28.9062 -11.4229 0
121.973 14.0783 28.3991
24.7224 -0.301207 0
5.53982 3.28635 0
2.14784 0.283046 0
0.423779 -2.25089 0
-105.12 -24.6122 21.8324
-22.6134 -76.5101 0
-101.067 66.7315 15.8179
186.963 -126.012 40.1947
-0.644409 1.2534 0
-0.446458 -0.118021 0
2.11216 4.15516 0
-1.29515 -4.15955 0
-78.045 125.401 74.3163
-49.3037 77.1402 103.985
0.351128 1.59233 0
-11.141 31.141 0
38.2791 -55.9003 0
-0.19302 1.35729 0
-1.02849 -5.29876 0
4.25933 -0.604235 0
0.440981 0.184784 0
196.089 5.88155 0
60.955 82.0929 16.5849
-149.332 106.139 0
-2.19302 2.54738 0
64.1555 -44.4255 0
34.5851 141.272 49.527
0.42032 -1.93127 0
42.8158 -28.6533 0
124.936 -113.04 25.267
-250.18 66.4919 5.19953
-2.89891 0.249828 0
117.667 14.0712 29.4174
24.4824 0.000305361 0
0.427622 -2.33661 0
-101.66 38.5665 42.8944
15.5857 -1.37671 0
1.04623 2.80904 0
24.2109 21.3033 0
-2.30784 0.813175 0
-6.42186 -1.52114 0
-4.41562 -2.65934 0
116.617 212.109 210.946
-185.567 -300.363 137.464
-336.626 61.8477 162.176
23.6751 -225.739 34.1534
-13.6046 -20.426 0
31.8431 7.26842 0
-47.3889 14.0943 7.04242
0.626576 1.86888 0
36.2512 -19.5917 0
-0.424455 1.17818 0
0.708214 1.71909 0
1.29555 1.97912 0
216.844 61.4222 220.954
9.26 -9.81742 0
-6.81599 -8.36911 0
2.49201 2.21339 0
115.286 -179.01 86.8831
-35.8221 47.2409 0
37.9503 84.1924 0
-19.4901 7.61826 0
1.85585 3.26523 0
-21.5911 61.2128 0
-2.13131 -0.200868 0
122.536 -4.75072 30.1584
24.4699 0.301804 0
150.206 80.4142 0
-1.43165 -69.5087 0
81.9721 -34.4788 72.1178
5.328 -1.22101 0
206.278 -59.1046 17.5761
9.35824 -0.490824 0
-38.6599 -167.587 9.54284
-3.55244 -0.299314 0
0.329993 1.47321 0
10.1482 8.59579 0
11.0651 4.35631 0
-14.7468 -80.3157 0
1.92433 -2.4659 0
47.4851 -6.0268 0
2.60298 1.36126 0
24.0371 -2.46633 0
-6.74859 0.49137 0
-0.410414 1.19713 0
-0.163642 1.75674 0
74.8748 411.099 234.379
-7.59822 4.38165 0
-73.4809 -133.482 147.204
2.77224 0.968631 0
-18.7036 -47.5332 0
242.823 -120.049 80.0962
24.3007 -42.806 5.20237
59.0477 -7.83734 0
-41.0296 60.7683 0
-3.13909 -0.733482 0
36.3598 -162.047 0
1.0705 -2.34904 0
-11.5598 -132.211 11.6373
-162.375 233.918 128.023
-0.720251 -2.75996 0
-20.1085 -27.5316 75.1587
1.72378 -2.8905 0
1.09568 2.02175 0
-0.221186 1.41897 0
4.14276 -3.49872 0
43.3522 -22.2642 0
1.50194 8.40673 0
-23.9468 -22.137 0
-10.8534 -9.25257 0
29.2571 209.369 0
3.49722 124.256 67.1232
-29.2612 15.899 0
120.793 123.84 1.47433
264.496 -60.6528 80.8174
-44.2489 -38.6752 0
-84.3455 41.8912 46.4537
19.9996 55.7375 74.3661
5.6584 2.77621 0
3.52009 -1.93463 0
-92.2728 15.8354 65.1534
-24.7712 -0.300852 0
84.8603 104.968 0
0.974911 -1.62399 0
58.0162 15.49 0
52.6205 -139.025 7.29732
70.4418 -9.77639 0
-3.47056 -0.730453 0
2.41822 143.32 57.3307
41.7534 -57.483 0
2.25937 -0.410646 0
-60.1178 147.881 0
-9.39807 58.5096 41.6393
3.06503 -3.24897 0
-0.203361 1.3688 0
-154.94 -77.5472 99.7197
0.474577 1.42546 0
66.0126 227.874 0
3.95521 13.7317 0
-73.046 169.194 0
-2.57276 0.327488 0
-0.514275 1.87071 0
66.7879 49.8765 130.099
-71.405 54.9535 22.0498
297.285 -199.577 64.4277
-10.5519 -24.5287 0
37.7056 281.295 34.0895
15.5889 82.1325 0
44.3696 69.0716 0
-0.726093 -0.464549 0
-3.88985 -4.71856 0
-0.614568 -4.68929 0
0.791676 1.58935 0
-87.9655 15.9523 66.8371
-24.7827 0.000146137 0
-5.33124 0.934797 0
-53.3081 -5.07609 78.5125
-10.2646 -0.530412 0
-7.28263 -0.254095 0
-42.6325 1.11859 0
-4.42462 3.97189 0
13.1364 -11.954 0
-3.0231 -0.0495501 0
-1.30551 1.62103 0
1.2438 1.94788 0
-26.5443 -72.7336 38.4181
28.6384 -90.8016 0
-21.1836 -16.9112 0
-80.1603 89.727 41.413
-3.41457 3.48409 0
0.765482 -0.460702 0
49.7527 -29.8485 0
0.02051 2.98001 0
-1.21722 -1.2904 0
-0.117635 2.90041 0
122.997 -307.275 0
-7.92612 -7.7416 0
60.0087 -106.976 226.592
0.70865 -33.9308 0
-201.081 -89.8766 10.319
-0.018819 -8.37648 0
0.543059 1.38534 0
0.367731 1.70901 0
-10.1689 25.6316 0
-0.26191 -60.6411 8.40733
1.20376 1.51691 0
-91.9428 -3.71447 70.9597
-24.7714 0.301215 0
-6.53111 -18.1357 0
-159.091 -3.32442 35.2461
-2.76128 -3.37126 0
-1.44211 -5.92295 0
-1.01912 3.32809 0
-19.6369 112.978 65.9817
-2.81734 3.81579 0
-10.4333 -2.94765 0
-58.5579 35.8503 0
-12.2284 12.0891 0
2.38342 6.54019 0
-0.0419047 9.47919 0
-30.3032 56.9379 0
-0.234178 3.36928 0
231.926 62.262 168.364
-2.93584 0.646507 0
24.4301 -8.53574 42.997
99.029 45.49 30.0804
-139.746 -54.8565 76.9686
-3.78669 1.25985 0
-4.32833 6.92898 0
-83.8232 -28.5482 85.5162
-25.3209 59.2358 0
-10.3441 14.7751 0
-10.0225 88.9595 0
96.9651 58.1548 0
-0.733809 -0.165246 0
0.704817 -1.70721 0
-8.27022 8.07706 0
29.8214 76.1693 2.68698
-0.00133234 -3.86626 0
0.347499 -3.49899 0
-2.59667 -19.2543 0
0.717499 -4.11989 0
-0.699258 10.0926 0
-9.82747 3.33286 0
-2.08156 -5.23198 0
-9.69111 100.676 82.7459
-15.4558 5.79566 0
-51.7695 121.668 7.72993
-2.02883 10.2398 0
0.992686 1.80829 0
2.44087e-05 -104.71 142.26
0.692849 -86.3214 0
-4.52405 -0.326025 0
29.5362 27.9517 106.494
-2.50944 14.1041 0
72.1943 -195.368 105.973
-5.8973 55.6085 0
-22.3595 -7.04038 0
-6.7737 78.0956 0
49.8129 108.35 5.80888
-0.000388705 -0.300391 41.7056
2.38978e-07 -0.300066 138.868
2.78419e-05 -0.30117 45.424
26.9169 -28.0589 0
-52.7633 -72.3689 0
30.8163 1.73262 0
8.39112 2.70532 0
-52.0842 -70.6091 0
66.3893 42.3736 4.54774
-26.0831 21.7113 0
2.43236 5.70914 0
10.8644 -150.534 0
14.0549 117.84 29.3496
0.000404921 24.4881 0
-3.08451 -12.1581 0
1.32326 2.4549 0
-1.22899 3.11406 0
0.869187 2.34965 0
0.0630195 -4.76385 0
-33.018 -15.5104 0
-0.33506 -3.21765 0
16.4382 -8.86196 0
2.81126 -1.58823 0
16.1757 -87.5955 65.3317
-0.985871 -54.0181 0
4.35106 -0.0484513 0
-4.27007 15.8126 0
220.951 -1.38611 365.91
3.1456 -10.4862 0
203.461 -32.7067 101.799
1.8025 -1.96809 0
-20.2376 -166.217 208.51
-3.41362 -1.79729 0
2.24114e-07 -6.35191e-07 41.7323
0.00025641 7.38192e-05 138.956
0.000181161 -0.00010437 45.4997
15.4352 99.1497 85.6201
-27.276 14.54 0
-1.32866 -1.56402 0
9.398 -0.827425 0
25.2529 4.43723 3.97039
132.219 170.752 174.662
47.9474 109.277 74.0702
1.92536 0.836474 0
0.52175 -1.57911 0
15.2756 99.0152 41.7081
-7.0705 57.3404 36.6357
17.1449 -27.6465 0
-7.68925 4.11221 42.432
-0.624621 13.8238 0
-6.0148 8.06772 0
-70.6611 -84.3544 0
0.406458 1.46665 0
-0.357191 -1.4216 0
39.6183 -17.5023 0
3.77152 54.3502 0
15.9443 -87.877 66.8187
8.0999 -14.8914 20.2679
0.249653 -4.25569 0
19.3721 60.0784 0
-11.7804 221.411 2.71963
3.33696 -13.2702 0
-2.98088 1.67412 0
0.361329 -7.63803 0
13.5751 -28.2696 0
33.2766 -155.222 63.6753
3.98894e-07 0.3 41.705
0.000665484 0.300258 138.87
3.62982e-07 0.300175 45.4222
24.2654 -6.57945 0
-1.24833 -1.95695 0
-113.456 241.582 26.368
-319.889 13.5904 35.1124
0.159632 -3.71519 0
5.34484 6.56499 0
-2.12333 0.287884 0
-0.718607 -1.17461 0
0.353309 -7.26175 0
0.00054204 127.023 132.133
-0.692758 86.3221 0
-0.0668159 -2.95864 0
-1.08565 -1.43187 0
20.2184 -20.3668 0
-94.4923 30.9303 0
2.38458 3.77333 0
-30.865 12.2519 0
0.918444 -3.42322 0
-52.2764 65.0555 33.8602
0.0063887 3.41786 0
6.97623 -0.453393 0
0.864499 6.31242 0
-83.929 85.2656 0
-3.29971 -4.68612 0
-5.13596 4.98107 0
35.3834 269.344 21.3848
-40.3731 -86.3047 39.4718
22.7401 90.3781 189.537
10.8006 -14.8775 0
-28.4896 -79.7937 250.183
-1.87823 -3.67492 0
-177.641 -23.4508 0
24.1579 -2.14121 0
-264.003 84.5406 32.1306
136.52 -313.68 0
171.452 115.002 142.196
-378.129 43.7026 126.308
70.2033 48.9021 0
-9.36844 37.9201 0
-22.6102 2.37037 0
-0.449428 0.407893 0
8.09505 -7.69374 0
11.7453 -9.17931 0
0.666981 6.98483 0
-6.38697 -12.291 0
1.28441 -6.68694 0
-7.30705 -4.87973 0
22.6587 -5.66796 0
-62.0158 -15.6044 80.3682
22.2382 -7.61395 0
-0.150681 0.178553 0
-139.972 122.487 0
48.205 -145.182 0
122.269 14.0882 28.3925
24.7715 -0.30065 0
-24.4548 -25.9968 0
3.07746 0.498427 0
-47.6024 -24.3572 0
55.0512 69.0873 0
49.0827 -61.8828 0
-26.6465 -29.6458 0
1.55807 1.77111 0
6.43713 -8.88502 0
3.18322 1.37803 0
2.92068 4.93807 0
-0.949294 -4.16196 0
36.4457 97.1567 173.68
36.2385 63.415 0
0.540057 10.9104 0
-42.1675 -501.997 86.8456
-0.121301 -0.434348 0
2.01222 -0.255326 0
-40.0961 -116.822 217.927
16.523 -11.0219 0
65.2554 151.357 0
201.139 11.183 0
57.9096 80.4713 16.7766
-148.912 105.76 0
-0.163555 -1.42996 0
27.9985 -134.353 0
-155.203 -37.0552 70.5952
-160.458 14.0688 0
-2.91906 -0.73885 0
-25.8948 -99.0939 0
20.0464 -33.3767 0
50.9884 190.56 7.10814
117.951 14.0689 29.3983
24.7821 0.000604801 0
-62.1904 57.5998 109.835
-86.8368 -8.7327 0
108.302 77.1962 0
68.5094 -27.9829 0
-15.4745 -79.0914 0
-18.0946 -9.42374 0
2.1344 3.03209 0
-164.972 157.771 291.353
-0.60273 1.4613 0
1.20387 -1.76553 0
-0.348031 -1.8826 0
-39.654 -210.7 52.6599
57.1997 277.935 125.775
-32.827 -19.9383 0
-49.0284 21.759 0
-257.262 -39.7762 195.264
28.1353 -9.69107 0
-5.32291 2.04743 0
74.9569 -422.407 93.387
136.804 -86.3181 238.528
193.401 72.7898 271.187
-50.8927 32.2652 0
-3.81629 -1.82574 0
-1.53011 2.09276 0
124.535 -34.4357 0.178304
-24.6509 58.608 0
187.295 -14.3177 102.635
97.7251 328.021 103.604
135.963 47.0196 147.4
-164.439 100.306 107.655
-0.537007 -1.34516 0
122.833 -4.75852 30.1525
24.7712 0.301578 0
1.93213 0.505208 0
-156.534 -29.8095 0
-8.6224 -8.4493 0
4.60655 3.87004 0
167.589 332.897 62.4563
79.8786 -136.928 39.9876
0.342627 72.9672 155.976
-157.521 -217.427 370.605
-3.11299 3.79157 0
10.4484 8.59586 0
11.7168 5.27774 0
-14.3155 -80.3122 0
14.1815 -11.1126 0
22.2658 -162.514 0
-65.9726 -172.035 6.26993
-2.16964 2.72707 0
153.7 92.2056 104.205
26.9319 16.3389 0
167.161 30.3482 16.809
1.05567 -3.24868 0
-7.48751 2.91 0
68.6282 -164.474 0
0.322443 1.49293 0
-0.736364 3.6472 0
2.4369 5.2568 0
0.35159 4.52127 0
6.52757 -6.24496 0
-11.2644 -14.3369 0
46.4791 15.7283 0
698.122 82.4929 33.4509
1.74835 2.25457 0
61.8164 -165.379 56.0194
41.8037 -24.2716 0
-1.64729 -1.47583 0
-109.35 -208.291 182.821
-4.88619 -7.39758 0
-8.38271 97.4554 29.2899
-6.69176 94.4219 0
-41.8319 22.8292 0
-2.1205 -3.06839 0
-20.644 87.9692 11.2931
-25.1709 -23.6333 0
-10.5532 -9.25249 0
29.5684 209.371 0
3.87124 127.484 68.1335
-122.481 -19.3214 0
-36.4615 -9.37614 15.1476
5.11806 -1.06137 0
-2.68085 -3.47641 0
-2.8076 3.32243 0
-166.214 35.953 0
0.572316 -1.68645 0
-53.9259 46.0721 0
-91.9731 15.8267 65.1633
-24.4699 -0.300652 0
211.492 89.446 97.6842
2.27444 4.38525 0
-5.20699 -0.617604 0
-83.5056 38.6672 0
0.805389 1.25471 0
-36.1918 -46.1844 0
45.0879 208.909 344.115
-38.7148 -12.0563 0
1.57637 -1.77379 0
-61.131 149.076 0
-8.07917 -99.2421 22.6445
3.07944 -2.87162 0
-2.48539 0.969192 0
204.684 -84.4601 0
-2.07236 -4.04589 0
2.05736 -1.61432 0
0.349763 1.98142 0
-4.12357 1.39823 0
0.651423 -1.8678 0
0.67537 -1.94361 0
67.8734 45.3124 119.817
-73.0326 54.4138 21.7009
111.32 -3.48924 0
-4.59595 -1.93849 0
2.61295 -111.128 0
3.47212 2.19267 0
-315.358 -26.9873 154.553
-107.658 -103.715 4.0114
-157.521 -110.118 4.38529
108.993 -13.4025 38.1616
-2.09341 1.56423 0
-87.6691 15.9548 66.8633
-66.7282 -5.4648 0
-6.6852 2.57879 0
-2.32395 0.713422 0
-9.18275 -0.514959 0
-4.15991 -1.71679 0
-42.3128 1.11791 0
28.3496 48.6277 19.003
-115.911 -94.7707 50.9629
129.786 -85.2234 40.8193
1.5424 1.32228 0
1.58744 1.88632 0
-28.7808 -70.8195 38.9164
1.52883 -7.73334 0
1.983 -18.868 0
-2.10649 4.60937 0
-99.0139 -15.5642 18.9406
-36.0998 10.8872 54.635
2.0523 0.856938 0
-168.114 46.0693 367.874
40.1821 18.4999 0
2.39386 -0.192949 0
119.55 -305.504 0
-7.62188 -7.75568 0
-119.256 7.34342 189.927
145.745 -60.5244 0
15.2629 19.0213 0
-0.171223 2.53711 0
3.03532 -1.73447 0
-5.40391 -7.73126 0
-24.6087 -39.3801 0
0.0839005 1.78759 0
0.55519 1.6992 0
-91.6444 -3.70885 70.9668
-24.4701 0.301639 0
-12.4041 42.6184 0
-158.85 -3.1457 35.4475
-2.48746 -8.52639 0
3.00656 3.3929 0
37.9528 -288.674 106.738
53.8987 -36.6369 25.7286
-19.3078 13.7424 0
-85.7972 -104.473 0
31.6712 36.1755 0
-11.9283 12.089 0
-2.10871 8.44982 0
40.6473 24.6423 0
-15.9988 -5.28204 0
-2.10455 0.0591553 0
-225.544 124.719 0
-33.6211 12.664 0
-50.8819 -24.8419 0
-62.8717 36.588 0
-64.8679 72.1931 17.7519
50.104 1.72628 0
-117.038 -134.074 0
24.1953 2.29044 0
-1.48904 14.9623 0
42.4203 -21.5899 0
16.1291 2.64065 0
10.1805 312.299 222.19
-8.12361 -17.5352 17.808
2.39667 0.51327 0
-4.97384 -15.0201 0
-3.66149 1.40977 0
0.297738 -3.8636 0
0.861937 -3.31497 0
-2.28188 -19.2515 0
1.01264 -4.12283 0
-0.253403 10.1022 0
2.55885 -1.33373 0
-75.9818 -127.102 48.3895
4.14784 141.506 52.4725
10.7274 3.37435 0
51.833 110.199 0
-4.13281 21.9567 0
0.284299 -1.37957 0
0.300024 -104.71 142.259
0.992878 -86.3207 0
43.9383 65.2342 94.0937
12.7208 0.24883 0
-1.72922 10.3553 0
91.4151 -195.797 120.221
2.26886 0.576104 0
-1.86696 -0.381431 0
85.6107 -115.275 68.7347
41.1889 26.0263 0
0.300506 -0.300507 41.706
0.3 -0.300066 138.868
0.300676 -0.301651 45.4249
8.09699 -1.82538 0
-8.35399 17.3578 0
102.483 31.2976 74.3976
8.71955 2.87361 0
-15.8488 2.44136 0
119.023 -204.949 2.72513
35.7116 14.2317 26.6001
34.1286 52.107 0
10.8883 -148.884 0
14.3655 117.83 29.3436
0.301061 24.4881 0
5.29559 -0.630698 0
1.52891 2.42758 0
11.8415 22.9815 0
76.7452 -50.2848 49.4243
4.65392 -76.8529 0
-10.0367 13.4011 0
16.0298 13.794 0
-30.5324 -8.68404 0
2.68909 -0.364135 0
16.4761 -87.5958 65.3298
-0.686186 -54.0191 0
-34.2331 -53.9598 0
-34.8252 -0.691654 0
-190.841 -293.233 266.328
-15.6119 62.4505 35.3707
66.7907 82.4806 0
11.867 9.90411 0
91.1333 -152.576 105.493
55.246 78.8817 0
0.300001 -1.02973e-06 41.7323
0.300089 2.56157e-05 138.956
0.300266 -0.00022973 45.4999
4.32275 -3.21619 0
-4.7389 14.4002 0
-4.48369 0.377165 0
8.99466 -0.987232 0
24.1239 4.05106 7.32444
4.8426 7.95453 0
76.6881 117.31 102.606
13.1942 28.1038 0
2.00666 -1.11183 0
15.5765 99.0136 41.7051
-6.76869 57.3394 36.6364
-2.59644 -0.306774 0
-0.15799 -0.139571 0
1.55507 -4.67575 0
8.93909 114.258 0
2.2248 -8.34026 0
-0.697916 1.44313 0
-4.3578 0.0603054 0
67.8854 157.925 0
1.18885 16.7783 0
16.2523 -87.8703 66.8063
8.30984 -14.9531 20.3126
-5.28102 -2.15415 0
10.6358 11.4891 0
3.5115 9.78228 0
-100.447 4.18025 101.979
0.514914 -58.7408 0
2.2447 -1.29591 0
-3.10838 -38.4234 0
-25.1236 -26.5509 0
0.300092 0.299982 41.706
0.300409 0.300184 138.87
0.300178 0.300216 45.4233
-28.79 135.962 0
-399.526 -196.424 0.479021
-123.338 -40.5019 60.6984
-1.71498 -17.7083 0
-23.4442 -48.3665 0
78.4535 65.1889 77.639
8.88877 5.8915 0
-115.476 -13.7832 300.31
30.7855 34.5791 0
0.300486 127.023 132.133
-0.392794 86.3216 0
0.237044 -2.96295 0
-1.11004 -1.22909 0
-3.41589 -35.0124 0
5.81286 -3.61977 0
2.64796 78.4601 0
2.48261 1.76556 0
151.817 55.5311 84.8626
1.27342 -1.82348 0
0.304747 3.41822 0
9.06774 -2.96032 0
-39.988 -10.0141 0
2.83746 4.54807 0
-2.95806 -4.6845 0
22.8481 -3.89747 292.679
1.82797 -1.53673 0
10.7366 -114.931 56.6898
-5.8947 -22.3111 0
-36.8552 73.0084 0
299.858 446.795 134.515
3.19242 -3.15049 0
-122.444 -128.602 36.6968
36.8116 33.6593 0
1.92645 -1.97248 0
-4.91236 -4.18762 0
8.32684 -4.88693 0
3.466 -2.84834 0
-37.9942 230.297 0
-8.11134 -4.13328 0
-24.2671 7.30465 0
359.872 -176.838 31.476
8.28587 -7.70311 0
12.0455 -9.17947 0
0.630154 7.11077 0
1.16945 -2.80977 0
1.81555 -3.28358 0
-22.1263 -66.1623 0
4.64852 5.22999 0
-2.63047 1.56945 0
37.4611 -11.8614 0
2.22398 -1.16955 0
2.1913 0.0330651 0
-136.775 372.756 0
122.588 14.0911 28.4161
80.6265 4.33749 0
-26.4577 -24.4746 0
-99.9214 -95.672 0
74.5248 306.903 18.8393
-101.532 -202.487 253.473
-252.49 -7.04412 20.9385
-153.101 -31.3906 19.9622
35.8069 64.653 0
8.13805 6.19984 0
9.11823 9.3722 0
-87.8448 -231.284 116.799
-0.339865 -1.79517 0
71.6777 250.351 152.123
0.183261 0.148392 0
244.695 288.948 321.896
-173.058 -124.68 18.2155
-0.369684 1.20248 0
2.61174 0.699934 0
19.7762 -241.728 3.21899
131.935 -50.2826 373.766
1.56087 -2.23323 0
104.728 37.6607 0
-0.760861 88.9511 22.3144
56.0423 39.16 115.943
1.98861 -1.46025 0
-72.1576 11.7973 0
-2.96272 -2.67707 0
2.00554 0.0048405 0
-0.927748 12.9546 0
0.297204 -2.30034 0
31.6315 100.563 82.3565
-39.9677 93.4565 134.244
118.264 14.0689 29.4164
64.8897 0.292603 9.59703
-101.752 -32.51 0
2.75959 0.418042 0
17.7458 -1.52333 0
0.89262 -8.15502 0
73.7526 -15.2781 0
-274.667 258.18 62.7295
-75.4877 -39.7217 0
-40.7877 -10.0983 0
115.166 194.401 0
1.26371 -1.80608 0
4.243 6.69914 0
107.972 -184.266 87.8406
-47.0338 -48.3882 0
-82.0904 -40.2558 0
11.3376 6.65657 0
14.003 71.0922 0
112.906 -116.535 0
1.25088 -1.85909 0
4.52703 0.778045 0
179.125 120.506 0
-509.507 421.058 490.577
7.87887 -7.26752 0
347.935 -184.676 131.604
1.95246 1.76877 0
-0.0614434 6.79556 0
3.60503 -3.69543 0
-191.333 176.511 39.3077
5.0389 -26.3387 0
217.459 159.326 113.503
3.0119 -46.68 0
1.52034 4.04804 0
123.154 -4.76428 30.1767
50.2316 2.41508 0
-116.056 185.91 41.1137
-1.93133 -3.66259 0
-69.2697 68.0535 55.7154
-124.851 -134.462 0
-72.1912 -196.115 0
4.96941 -5.87798 0
92.6442 42.8989 0
-46.1009 -1.14538 0
-11.8944 -56.4834 199.886
10.7487 8.59602 0
60.0815 101.53 0
-14.6044 -75.8087 0
-62.5758 4.60068 0
28.2329 -6.34155 0
-3.84371 -4.04603 0
-35.5372 -13.3208 0
68.1885 29.6188 0
99.0257 239.137 0
2.16816 -0.545288 0
-31.6689 -13.279 55.4681
-4.3183 3.30824 0
-6.07339 3.2126 0
3.60345 6.59818 0
44.3378 33.0107 34.8783
3.13192 2.71206 0
2.4432 9.17518 0
-40.2485 55.212 125.541
5.04715 -3.89777 0
2.09101 -0.483343 0
-10.9332 142.684 0.967279
1.59632 -2.54488 0
3.39523 -5.69048 0
-3.83745 1.93084 0
29.1401 -70.2473 0
55.9837 -108.259 0
7.5261 1.39347 0
3.69839 -1.92203 0
-1.36454 -2.2301 0
1.90245 -5.06919 0
32.8052 -31.2313 0
0.043054 8.26425 0
-18.95 -18.2393 0
-10.2418 -9.19908 0
29.9341 208.996 0
4.01383 128.019 67.2438
50.6037 -86.5725 0
-41.1338 36.9142 9.19003
130.083 105.115 0
17.5796 162.522 47.0421
135.036 105.566 0
196.794 250.578 18.1585
4.72348 68.6901 0
2.34147 0.868301 0
-91.6779 15.8243 65.1605
-24.4205 -0.300663 0
-0.177392 2.08554 0
-0.1686 1.55566 0
-2.03663 -2.23798 0
-30.0757 -28.4828 0
-128.063 13.573 0
-53.9594 -138.321 0
-2.67384 3.23058 0
-0.138098 1.90439 0
2.55418 -2.11554 0
-62.9845 162.847 0
-57.6567 -80.9076 25.469
3.58541 -1.21571 0
43.2796 -29.1743 0
27.9438 -18.4951 0
-2.87943 1.92247 0
-0.157523 0.417313 0
100.845 226.908 35.9336
0.848098 -1.77559 0
120.87 12.2862 101.717
2.26715 -0.852095 0
58.608 59.6405 154.007
-72.7255 54.3768 21.7188
-23.9132 -9.1413 0
19.967 41.4751 0
86.3005 133.779 0
-3.26891 2.01023 0
-6.41381 -6.11026 0
-76.0755 -41.6045 0
-38.9641 -37.1631 0
2.24686 0.357674 0
42.5444 65.3103 0
-87.3659 15.9532 66.8612
-24.1784 0.00112212 0
-4.48733 -0.314602 0
193.458 125.061 12.029
2.52239 -3.45865 0
54.0993 55.3213 0
-32.577 7.60516 0
34.3417 174.365 23.8369
-0.894553 6.64406 0
-28.3927 -2.35587 0
0.240647 1.83238 0
2.84221 1.20192 0
-28.4996 -70.7742 38.9323
241.686 162.515 2.58015
-74.1892 -59.2757 24.0857
11.2132 -5.31789 0
3.30224 -0.475761 0
1.20975 1.5901 0
64.7358 -88.1101 137.165
52.9994 -35.7699 0
-47.6016 -28.5571 0.461199
-62.9739 -61.4449 22.3117
34.1551 -319.299 5.15883
39.7888 -74.855 0
2.60281 -1.12987 0
2.3917 -29.3601 0
287.951 227.112 101.974
-215.734 -328.655 118.284
-0.146959 1.62169 0
2.15317 -1.07892 0
-13.1384 131.808 23.9006
1.99054 0.402892 0
-178.478 118.389 108.105
-91.3526 -3.70616 70.9645
-24.42 0.302157 0
22.4083 123.156 104.978
-166.026 -1.82175 29.0802
-1.46898 -18.4075 0
0.26805 -3.98073 0
1.08428 1.57823 0
-30.6883 -58.1019 0
-12.4392 -6.66489 0
-72.1144 -10.4948 19.2649
0.709685 1.43448 0
-11.0384 11.4348 0
0.185513 13.6658 0
38.7508 23.2379 0
-31.246 9.14322 0
0.589619 17.2628 0
-0.128469 -2.15411 0
-0.148645 -0.428073 0
1.93773 10.8901 0
-1.20597 1.50866 0
-78.8015 -46.9774 26.3506
0.134352 -1.45057 0
-107.532 -118.326 0
-86.3964 -59.3972 11.6335
-35.8537 -131.893 121.931
120.917 77.4352 0
126.025 -26.9283 88.6137
15.7414 382 38.7535
218.917 32.6773 0
2.6436 1.75594 0
1.0767 94.7018 0
56.8301 165.893 221.631
0.600784 -3.85387 0
6.14966 -1.32296 0
-1.99465 -19.2381 0
3.2878 -12.9621 0
-2.72368 8.25274 0
3.39331 -4.88001 0
-0.459216 0.185513 0
4.89596 7.07631 0
57.3477 173.396 89.7876
-0.393243 41.6392 0
37.2772 190.265 135.729
-0.539012 -2.16232 0
0.600095 -104.758 142.231
1.29967 -86.3128 0
-1.67698 2.2231 0
0.0151363 -3.36851 0
-0.264279 3.52689 0
-39.6238 -238.042 110.658
0.728162 16.423 0
-5.06272 -44.5517 298.313
-94.9393 -96.433 216.805
-13.6383 -6.03399 0
0.600939 -0.300536 41.7028
0.600015 -0.300067 138.864
0.600798 -0.30067 45.4192
-16.5857 -6.99608 0
13.4745 -12.8851 0
-9.56628 22.5817 0
6.78775 4.97546 0
7.50726 5.69447 0
-3.26099 1.8925 0
-10.8007 135.911 64.8328
144.959 -57.1748 235.022
10.1063 -146.645 0
14.6603 117.889 29.305
-2.99493 82.4988 0
-14.8945 0.205795 0
1.29634 2.57207 0
2.44445 6.9515 0
-15.6651 -21.0815 0
-1.85935 74.5669 0
72.2996 26.0978 79.8504
31.8889 65.9994 6.96837
-73.6777 -13.0556 153.241
3.06412 -1.88901 0
16.775 -87.673 65.3068
-0.380656 -53.81 0
-0.249795 1.46504 0
2.35609 -0.875101 0
79.8571 4.3738 139.236
-5.25049 4.52724 0
-15.5768 -31.4672 0
507.109 -63.9184 183.119
16.7041 -0.400705 0
0.278254 -3.01065 0
0.600002 -7.47438e-07 41.7285
0.600014 1.22049e-08 138.951
0.600092 -3.13375e-06 45.4953
21.3702 -23.8818 0
20.4408 -10.7679 0
23.6738 -7.5486 0
5.36281 3.72258 0
23.968 23.0426 0
-32.4495 -38.622 0
-5.35418 -49.5112 0
-78.0267 13.9175 94.1051
-0.218983 2.56307 0
15.8757 99.0877 41.6713
-6.46455 57.3168 36.6401
-10.587 8.3534 0
9.98412 28.653 0
0.431149 25.0098 0
2.09536 1.8097 0
145.845 -61.5687 0
0.403592 4.6467 0
-1.9529 -20.3712 0
252.016 -145.462 69.1425
90.3027 121.342 50.1472
16.5454 -87.9423 66.7755
9.4259 -13.9918 19.6571
0.520018 -8.38832 0
-0.0164017 3.40606 0
47.2272 113.421 0
-9.16717 -0.633028 0
-20.1903 -85.6338 3.23648
-1.49706 16.3836 8.5654
-10.8544 -27.1979 0
-47.0396 46.239 0
0.600325 0.299987 41.7027
0.60017 0.300036 138.865
0.600843 0.300179 45.4194
2.65046 5.23374 0
-0.683773 -2.14499 0
2.63869 -0.223274 0
-33.5602 -30.9691 0
90.5477 2.93843 37.6218
160.409 -225.566 60.2525
-7.07908 -133.789 28.998
4.75025 0.707356 0
-29.7497 96.9451 8.55635
0.600086 127.066 132.099
-0.0929272 86.3186 0
0.53973 -2.94375 0
-1.6165 -1.53592 0
-26.5972 -15.0255 0
2.64706 -35.588 0
-2.34048 1.43984 0
37.3103 -0.460253 0
-1166.6 -496.138 522.127
-144.325 -57.3878 51.6338
0.606631 3.4166 0
-2.08106 6.03919 0
1.52969 6.20126 0
8.38679 4.9432 0
-2.49079 -4.17751 0
-67.2679 -11.424 0
11.5572 5.26121 0
-48.0806 -123.547 93.7212
-62.3451 -26.4062 0
14.0737 -11.2821 0
2.07959 -1.20187 0
2.36465 0.145456 0
-119.063 -98.9541 0
-11.0734 105.25 23.802
1.37415 -2.18096 0
4.2261 -7.8401 0
11.6868 -10.5824 0
0.529217 80.9466 451.92
-33.9037 -83.7156 53.8809
-4.86577 107.429 15.3343
3.32798 -7.17131 0
2.33191 -0.477695 0
7.97409 -7.5876 0
12.3764 -9.24621 0
-2.86028 10.405 0
-4.90078 -6.08294 0
2.88438 -58.9391 0
18.5354 -0.99866 0
1.43026 -3.33324 0
162.603 -48.0212 60.6749
215.703 -3.87673 14.3582
3.071 1.12735 0
22.2592 17.1501 0
34.4683 -139.176 23.5893
-145.345 95.7016 36.3098
84.7876 -1.31449 0
-65.4425 44.986 0
-33.218 2.55011 0
-203.312 205.644 100.776
9.39502 -2.17382 0
242.451 65.7568 91.1461
-5.28337 9.98188 0
60.9119 -11.8758 0
13.0517 -8.69778 0
12.3934 12.6793 0
74.3002 240.057 0
50.5268 -207.57 0
-109.929 55.173 150.957
-0.0848816 1.79298 0
-41.9239 -9.34645 0
-43.2698 44.3041 0
1.86302 1.35682 0
2.196 -2.07679 0
0.0126551 3.34134 0
-2.13798 0.168877 0
2.18384 -0.471221 0
7.3942 -3.50048 0
-211.76 164.423 128.199
-8.67394 3.16214 0
2.56416 -0.31819 0
-22.4112 2.66185 0
-9.4116 30.2757 0
1.88983 -1.94693 0
-3.61041 3.90357 0
-152.659 44.6677 21.5298
2.53812 -2.13987 0
-0.825164 3.48856 0
-85.5124 86.643 73.2476
91.2611 0.869973 0
6.0644 -137.965 28.2386
11.9237 -105.819 0
2.01669 0.256908 0
1.41242 -5.0646 0
3.16323 -1.29151 0
82.2857 6.13729 69.176
122.23 109.917 51.2301
-287.89 220.481 92.7958
29.6 15.3184 0
194.458 196.072 150.863
-264.035 -52.3849 130.781
-148.755 117.697 63.5726
-0.817543 -2.86493 0
-52.0107 -58.5415 53.6007
-162.951 32.8885 0
43.1823 77.9291 0
23.0209 3.79349 0
4.24795 27.6027 0
-180.289 -133.982 0
4.59442 -0.322687 0
-222.001 181.193 158.61
-129.043 94.9988 15.5836
653.265 -176.082 214.694
1.24566 1.57882 0
-19.3844 -2.02322 0
31.6876 -312.397 106.271
-0.597307 -182.258 107.999
4.76356 -81.2063 0
-1.42849 -1.48989 0
2.86579 5.67618 0
2.4396 -0.425562 0
-153.595 -7.03689 67.471
68.892 2.58217 0
156.731 189.192 614.843
3.75157 2.32785 0
1.32248 6.25706 0
0.673123 -1.20646 0
3.19794 -1.39414 0
0.0949694 -58.7392 66.9568
-4.14619 -63.7625 36.0566
-4.71927 225.836 90.3569
1.4644 1.52088 0
11.0821 8.65 0
10.1858 2.73594 0
-97.9554 -52.301 23.674
1.12002 -5.73188 0
83.6861 95.4777 19.8237
159.684 48.1238 0
2.21137 6.40197 0
-42.9758 114.142 264.83
-9.52632 1.53227 0
5.61539 -9.28326 0
-0.771444 -0.457677 0
-4.58813 4.23829 0
-85.7169 76.4991 56.9138
2.25456 0.0175604 0
-0.497877 1.35213 0
-15.0204 30.7109 0
3.00603 2.15691 0
-32.8229 -38.5753 0
47.0569 178.649 40.8762
-14.409 -17.8989 0
143.027 147.811 69.2304
2.28974 -0.697412 0
6.84169 -9.68372 0
-2.6961 -9.36293 0
2.10722 0.255396 0
1.87893 -1.94306 0
27.0935 27.8413 0
2.29419 0.908558 0
6.50552 -15.4553 0
2.14025 -0.41388 0
-90.269 -84.8412 3.75055
-33.1183 26.6694 0
-1.16693 -1.74843 0
-15.4196 69.548 127.315
-57.0068 183.07 28.3885
-29.6321 70.0915 0
32.8768 -36.6055 0
-3.11686 18.9079 0
392.728 -223.516 92.0978
2.1214 -0.323745 0
90.6601 60.7637 0
-15.1719 -202.044 44.474
-49.3524 77.5919 110.753
104.571 -0.525064 0
-95.9908 15.5692 64.4316
-24.1082 -0.300555 0
-48.5695 -80.282 0
-21.6216 2.71634 0
-0.138715 1.46879 0
7.71535 3.514 0
-52.7704 0.824267 0
-175.59 11.7498 29.7974
9.0421 18.2193 0
178.913 289.322 92.4656
0.677296 1.95072 0
919.555 -549.922 63.8671
-0.4646 -1.56567 0
-0.591607 -3.62413 0
2.30896 -3.81121 0
8.87064 2.49487 0
-25.0218 -35.0476 0
-441.489 310.674 494.492
2.02148 0.0339261 0
2.11607 -0.916237 0
-0.372996 1.29656 0
-54.1971 37.5319 109.542
-163.161 223.506 278.968
-69.0241 80.2198 9.3314
-0.572582 1.44436 0
83.4183 -42.5996 0
1.17197 -2.42673 0
52.4593 144.675 0
3.08802 4.59644 0
0.187406 -1.82511 0
53.3639 60.7233 0
7.2704 21.4412 127.956
51.8652 1.69691 0
-91.5716 15.6989 66.1561
-24.1165 0.000906573 0
-8.44237 -0.237996 0
-42.9489 11.8274 0
3.3638 20.488 0
17.2187 19.5682 0
12.033 0.395527 0
4.48737 1.34832 0
-25.0804 -17.0928 0
-66.9184 -96.4024 80.0868
-17.6258 26.214 45.5907
52.5193 -284.306 93.9557
-24.7298 -99.5981 23.1844
-4.36662 4.03374 0
-34.9479 -44.4625 0
-44.3178 -99.2055 3.38882
2.30568 3.92936 0
123.962 21.1889 0
64.1688 12.9205 0
-112.253 -92.7247 104.516
-543.179 -25.939 272.875
1.38637 -1.57313 0
-66.2347 -66.945 157.313
52.4249 -19.8587 0
90.3965 238.791 119.007
64.7249 -38.8453 0
1.83387 5.04441 0
13.046 -6.71901 0
12.2279 1.42356 0
7.20383 -1.72151 0
51.6841 -220.123 0
-1.1987 -2.07651 0
21.7263 1.8069 0
-95.8812 -3.67435 70.1621
-24.1071 0.301943 0
-32.2519 -73.3971 0
-105.25 16.5221 0
-160.393 -230.998 4.69668
-91.2154 -62.7448 15.2605
-14.7855 17.7408 76.3391
15.0811 -3.26354 0
-35.7113 -15.6734 0
210.595 215.437 194.886
0.396101 1.82811 0
-0.737516 0.471989 0
-237.842 91.5655 42.7466
9.81619 18.8509 0
2.71016 12.3692 0
2.87454 1.90398 0
-8.15182 -0.767195 0
2.34689 0.224988 0
16.7408 5.9436 0
-70.3664 11.0108 0
-7.82788 -18.6071 0
-317.9 188.923 13.5254
-91.2087 -94.1041 0
-2.90743 -3.21253 0
2.5352 0.0423092 0
0.822503 31.825 0
29.5331 84.2683 0
-46.5847 113.453 183.475
1.9588 0.594173 0
12.2991 17.6557 0
1.02918 1.69405 0
-131.345 -17.0686 4.5629
0.904078 -3.43088 0
2.08481 -0.292322 0
-1.86531 -19.5397 0
-0.226184 -1.65903 0
-168.82 -62.2855 88.2318
0.413597 -1.87211 0
7.61415 -49.2285 0
7.49346 4.51395 0
0.653854 -2.80126 0
0.53647 -9.49427 0
5.13992 28.5493 0
0.515152 -1.90577 0
0.900871 -126.434 127.681
0.900934 -82.6965 0
2.78681 1.06479 0
0.857501 -2.80477 0
5.29514 -4.72708 0
-15.0642 -14.1342 0
4.5895 -3.42155 0
-9.20049 -74.4895 0
2.00999 -2.46282 0
2.85666 -0.674994 0
0.900217 -0.300124 41.6985
0.90018 -0.300095 138.397
0.90051 -0.300202 45.0103
-67.3669 -7.73195 0
-7.23033 -1.3321 0
-84.376 38.32 52.1586
27.3632 3.37631 0
-4.48313 10.6645 0
3.87515 1.11847 0
-14.2324 45.7425 4.51716
-0.193951 5.92577 0
-0.537372 5.36637 0
-3.80894 139.562 23.001
0.901304 24.6825 0
10.6 13.3781 0
178.644 5.61138 0
-28.7128 -24.1878 0.327872
-8.67006 12.6146 0
-3.72787 0.761472 0
-59.9384 117.524 0
-6.02458 -19.6074 0
-4.56187 -41.7726 0
2.55585 1.61378 0
-2.68401 -111.201 65.3879
-0.0712158 -58.542 0
-15.7241 9.49618 0
-7.52203 -163.548 21.0883
-17.2576 37.27 0
3.42605 -5.99668 0
-39.3481 23.4288 0
6.07675 -5.09555 0
1.16079 -2.11812 0
1.99088 -1.81675 0
0.900113 -1.24295e-06 41.705
0.900167 -2.84981e-08 138.499
0.900706 -1.79012e-06 45.0998
13.4631 -42.4933 28.1358
-1.21166 -1.70947 0
-34.4503 -16.7101 0
-214.089 56.0434 95.9096
-58.7135 -10.0892 98.7912
196.222 -149.924 31.906
39.8022 -35.5821 81.7662
9.96109 -10.4375 0
2.4373 -2.0571 0
-5.90861 73.1936 65.128
-5.95801 58.3196 34.0409
-0.3334 1.25397 0
-88.4933 5.79652 28.2962
-1.61103 -13.4075 0
-22.9236 23.7568 0
-72.1797 135.972 19.22
0.383408 -2.43342 0
2.72941 17.6013 0
1.62202 1.32215 0
2.60332 15.2438 0
-2.71454 -111.456 67.1257
2.09956 -16.95 21.1268
-54.3336 -41.7181 0
3.15046 2.25449 0
-88.0815 28.8323 0
4.56072 0.207902 0
0.660656 -2.46529 0
-1.88255 -1.43225 0
16.1482 -126.736 0
0.923018 1.99492 0
0.90106 0.29999 41.6999
0.900335 0.300064 138.398
0.901703 0.30019 45.0121
-12.8722 19.268 13.0336
0.70373 -4.95918 0
-54.1856 -48.9288 12.2717
1.37505 1.53486 0
-38.1214 23.9343 0
-3.67926 5.28979 0
-10.9519 -67.3045 14.8168
2.11104 1.01955 0
-0.724467 1.82894 0
0.90087 146.692 115.542
0.171734 87.8058 0
-3.15867 -4.60359 0
-11.2133 -26.1476 0
-5.90187 -0.638537 0
-3.42053 -3.99255 0
18.4074 12.6051 0
-27.1204 -117.449 0
-74.0968 41.691 0.28699
0.604719 1.54431 0
0.909739 3.41765 0
55.9369 243.511 125.729
0.594585 7.448 0
-44.17 82.4003 0
-111.032 6.24744 64.7283
1.30638 1.33868 0
-2.38785 0.613695 0
123.372 -32.1213 0
19.8294 -231.124 24.7572
-5.8518 -3.59001 0.237253
2.99453 -0.075046 0
0.833907 1.70773 0
-222.901 52.3493 0
87.4289 81.5123 0
1.9943 -3.15327 0
-54.9301 28.8087 1.46552
2.0752 -1.39819 0
12.6731 -116.422 0
-2.87844 -10.7547 0
0.497198 -2.44761 0
0.308598 -2.29929 0
0.446798 -1.79409 0
2.45067 -0.632678 0
168.084 -145.295 196.414
0.167867 1.83397 0
0.551753 6.51382 0
7.46455 -8.16097 0
112.711 -138.976 18.055
-25.5285 -38.5252 142.605
21.6743 -57.5192 0
177.471 80.735 0
0.931822 2.19408 0
-45.8309 -97.5589 0
119.293 25.3343 0
147.367 -0.300048 115.486
94.2047 -0.299106 0
-8.82391 0.826182 0
0.373055 -2.46071 34.9016
154.955 74.908 2.84426
50.4075 29.3871 0
-19.9429 -39.2332 52.6371
22.7975 8.19978 0
0.144601 1.46215 0
-59.2573 43.9396 0
2.27305 0.758585 0
1.90582 2.79132 0
-117.566 144.593 0
-110.998 84.7934 0
33.8626 -6.27186 0
-80.0814 -8.57142 0
-122.683 71.8078 9.74618
34.0615 -173.055 0
-48.0749 -45.9092 8.37844
3.22882 -0.117185 0
-25.2798 -17.0714 0
68.2301 -121.266 33.28
14.778 -15.237 0
-235.911 366.743 48.9278
-6.47899 29.5413 0
-10.0911 3.25769 0
5.5601 -1.76479 0
132.491 -129.161 0
-47.7778 20.9924 0
-4.77688 13.3297 0
0.81969 2.5421 0
4.0299 4.12876 0
-0.598341 -2.51107 0
147.248 9.57043e-06 115.598
94.2261 0.00713755 0
-4.47713 -0.185909 0
-1.42152 -1.55362 0
2.56506 -3.18571 0
-45.5836 -6.19862 17.7699
159.963 -64.8808 140.602
-41.0039 -33.851 0
1.74585 3.23193 0
-117.968 149.626 124.338
-88.9698 -10.5216 20.9931
11.2235 13.6071 0
-40.1701 79.3856 0
-79.793 -53.2335 0
10.5422 6.2585 0
2.22116 -0.530912 0
-103.568 -50.8454 0
-62.7478 -49.456 51.9993
3.00043 42.5003 0
-202.295 32.7 185.899
-130.94 43.8063 36.7301
1.82097 0.840583 0
1.23398 -2.24998 0
-1.24841 -1.62743 0
-117.078 24.1661 0
-14.1339 0.69275 0
2.05992 0.437552 0
-3.35924 -15.5044 0
-71.4575 -140.274 0
29.909 39.1251 0
-21.7529 -36.1215 0
168.242 119.635 0
-0.419923 -1.43562 0
147.367 0.300056 115.486
94.2249 0.313454 0
-8.83517 -1.34624 0
26.2727 -161.742 22.2618
37.4925 -61.4941 0
-2.72498 5.44346 0
-0.900596 -1.87853 0
-0.693496 2.12185 0
-2.80614 6.86533 0
-5.80844 5.61733 0
1.53133 1.44654 0
-5.14249 10.4541 0
2.43479 1.81145 0
129.865 149.613 2.78853
15.3571 14.0748 0
10.3118 -0.789286 0
6.23495 -0.364068 0
42.7856 35.1395 86.2032
8.31431 64.3365 0
187.317 24.4327 0
-20.4816 13.8991 0
2.52119 -0.1882 0
-1.08782 1.46378 0
90.2054 -79.8504 0
-50.2361 -117.86 4.21557
1.36292 7.54718 0
-9.02584 -20.3509 0
2.57555 0.527467 0
-3.87705 -5.77427 0
17.678 -1.48495 0
1.28412 1.36031 0
1.32405 -2.49692 0
VERTICES 2541 5082
1 0
1 1
1 2
1 3
1 4
1 5
1 6
1 7
1 8
1 9
1 10
1 11
1 12
1 13
1 14
1 15
1 16
1 17
1 18
1 19
1 20
1 21
1 22
1 23
1 24
1 25
1 26
1 27
1 28
1 29
1 30
1 31
1 32
1 33
1 34
1 35
1 36
1 37
1 38
1 39
1 40
1 41
1 42
1 43
1 44
1 45
1 46
1 47
1 48
1 49
1 50
1 51
1 52
1 53
1 54
1 55
1 56
1 57
1 58
1 59
1 60
1 61
1 62
1 63
1 64
1 65
1 66
1 67
1 68
1 69
1 70
1 71
1 72
1 73
1 74
1 75
1 76
1 77
1 78
1 79
1 80
1 81
1 82
1 83
1 84
1 85
1 86
1 87
1 88
1 89
1 90
1 91
1 92
1 93
1 94
1 95
1 96
1 97
1 98
1 99
1 100
1 101
1 102
1 103
1 104
1 105
1 106
1 107
1 108
1 109
1 110
1 111
1 112
1 113
1 114
1 115
1 116
1 117
1 118
1 119
1 120
1 121
1 122
1 123
1 124
1 125
1 126
1 127
1 128
1 129
1 130
1 131
1 132
1 133
1 134
1 135
1 136
1 137
1 138
1 139
1 140
1 141
1 142
1 143
1 144
1 145
1 146
1 147
1 148
1 149
1 150
1 151
1 152
1 153
1 154
1 155
1 156
1 157
1 158
1 159
1 160
1 161
1 162
1 163
1 164
1 165
1 166
1 167
1 168
1 169
1 170
1 171
1 172
1 173
1 174
1 175
1 176
1 177
1 178
1 179
1 180
1 181
1 182
1 183
1 184
1 185
1 186
1 187
1 188
1 189
1 190
1 191
1 192
1 193
1 194
1 195
1 196
1 197
1 198
1 199
1 200
1 201
1 202
1 203
1 204
1 205
1 206
1 207
1 208
1 209
1 210
1 211
1 212
1 213
1 214
1 215
1 216
1 217
1 218
1 219
1 220
1 221
1 222
1 223
1 224
1 225
1 226
1 227
1 228
1 229
1 230
1 231
1 232
1 233
1 234
1 235
1 236
1 237
1 238
1 239
1 240
1 241
1 242
1 243
1 244
1 245
1 246
1 247
1 248
1 249
1 250
1 251
1 252
1 253
1 254
1 255
1 256
1 257
1 258
1 259
1 260
1 261
1 262
1 263
1 264
1 265
1 266
1 267
1 268
1 269
1 270
1 271
1 272
1 273
1 274
1 275
1 276
1 277
1 278
1 279
1 280
1 281
1 282
1 283
1 284
1 285
1 286
1 287
1 288
1 289
1 290
1 291
1 292
1 293
1 294
1 295
1 296
1 297
1 298
1 299
1 300
1 301
1 302
1 303
1 304
1 305
1 306
1 307
1 308
1 309
1 310
1 311
1 312
1 313
1 314
1 315
1 316
1 317
1 318
1 319
1 320
1 321
1 322
1 323
1 324
1 325
1 326
1 327
1 328
1 329
1 330
1 331
1 332
1 333
1 334
1 335
1 336
1 337
1 338
1 339
1 340
1 341
1 342
1 343
1 344
1 345
1 346
1 347
1 348
1 349
1 350
1 351
1 352
1 353
1 354
1 355
1 356
1 357
1 358
1 359
1 360
1 361
1 362
1 363
1 364
1 365
1 366
1 367
1 368
1 369
1 370
1 371
1 372
1 373
1 374
1 375
1 376
1 377
1 378
1 379
1 380
1 381
1 382
1 383
1 384
1 385
1 386
1 387
1 388
1 389
1 390
1 391
1 392
1 393
1 394
1 395
1 396
1 397
1 398
1 399
1 400
1 401
1 402
1 403
1 404
1 405
1 406
1 407
1 408
1 409
1 410
1 411
1 412
1 413
1 414
1 415
1 416
1 417
1 418
1 419
1 420
1 421
1 422
1 423
1 424
1 425
1 426
1 427
1 428
1 429
1 430
1 431
1 432
1 433
1 434
1 435
1 436
1 437
1 438
1 439
1 440
1 441
1 442
1 443
1 444
1 445
1 446
1 447
1 448
1 449
1 450
1 451
1 452
1 453
1 454
1 455
1 456
1 457
1 458
1 459
1 460
1 461
1 462
1 463
1 464
1 465
1 466
1 467
1 468
1 469
1 470
1 471
1 472
1 473
1 474
1 475
1 476
1 477
1 478
1 479
1 480
1 481
1 482
1 483
1 484
1 485
1 486
1 487
1 488
1 489
1 490
1 491
1 492
1 493
1 494
1 495
1 496
1 497
1 498
1 499
1 500
1 501
1 502
1 503
1 504
1 505
1 506
1 507
1 508
1 509
1 510
1 511
1 512
1 513
1 514
1 515
1 516
1 517
1 518
1 519
1 520
1 521
1 522
1 523
1 524
1 525
1 526
1 527
1 528
1 529
1 530
1 531
1 532
1 533
1 534
1 535
1 536
1 537
1 538
1 539
1 540
1 541
1 542
1 543
1 544
1 545
1 546
1 547
1 548
1 549
1 550
1 551
1 552
1 553
1 554
1 555
1 556
1 557
1 558
1 559
1 560
1 561
1 562
1 563
1 564
1 565
1 566
1 567
1 568
1 569
1 570
1 571
1 572
1 573
1 574
1 575
1 576
1 577
1 578
1 579
1 580
1 581
1 582
1 583
1 584
1 585
1 586
1 587
1 588
1 589
1 590
1 591
1 592
1 593
1 594
1 595
1 596
1 597
1 598
1 599
1 600
1 601
1 602
1 603
1 604
1 605
1 606
1 607
1 608
1 609
1 610
1 611
1 612
1 613
1 614
1 615
1 616
1 617
1 618
1 619
1 620
1 621
1 622
1 623
1 624
1 625
1 626
1 627
1 628
1 629
1 630
1 631
1 632
1 633
1 634
1 635
1 636
1 637
1 638
1 639
1 640
1 641
1 642
1 643
1 644
1 645
1 646
1 647
1 648
1 649
1 650
1 651
1 652
1 653
1 654
1 655
1 656
1 657
1 658
1 659
1 660
1 661
1 662
1 663
1 664
1 665
1 666
1 667
1 668
1 669
1 670
1 671
1 672
1 673
1 674
1 675
1 676
1 677
1 678
1 679
1 680
1 681
1 682
1 683
1 684
1 685
1 686
1 687
1 688
1 689
1 690
1 691
1 692
1 693
1 694
1 695
1 696
1 697
1 698
1 699
1 700
1 701
1 702
1 703
1 704
1 705
1 706
1 707
1 708
1 709
1 710
1 711
1 712
1 713
1 714
1 715
1 716
1 717
1 718
1 719
1 720
1 721
1 722
1 723
1 724
1 725
1 726
1 727
1 728
1 729
1 730
1 731
1 732
1 733
1 734
1 735
1 736
1 737
1 738
1 739
1 740
1 741
1 742
1 743
1 744
1 745
1 746
1 747
1 748
1 749
1 750
1 751
1 752
1 753
1 754
1 755
1 756
1 757
1 758
1 759
1 760
1 761
1 762
1 763
1 764
1 765
1 766
1 767
1 768
1 769
1 770
1 771
1 772
1 773
1 774
1 775
1 776
1 777
1 778
1 779
1 780
1 781
1 782
1 783
1 784
1 785
1 786
1 787
1 788
1 789
1 790
1 791
1 792
1 793
1 794
1 795
1 796
1 797
1 798
1 799
1 800
1 801
1 802
1 803
1 804
1 805
1 806
1 807
1 808
1 809
1 810
1 811
1 812
1 813
1 814
1 815
1 816
1 817
1 818
1 819
1 820
1 821
1 822
1 823
1 824
1 825
1 826
1 827
1 828
1 829
1 830
1 831
1 832
1 833
1 834
1 835
1 836
1 837
1 838
1 839
1 840
1 841
1 842
1 843
1 844
1 845
1 846
1 847
1 848
1 849
1 850
1 851
1 852
1 853
1 854
1 855
1 856
1 857
1 858
1 859
1 860
1 861
1 862
1 863
1 864
1 865
1 866
1 867
1 868
1 869
1 870
1 871
1 872
1 873
1 874
1 875
1 876
1 877
1 878
1 879
1 880
1 881
1 882
1 883
1 884
1 885
1 886
1 887
1 888
1 889
1 890
1 891
1 892
1 893
1 894
1 895
1 896
1 897
1 898
1 899
1 900
1 901
1 902
1 903
1 904
1 905
1 906
1 907
1 908
1 909
1 910
1 911
1 912
1 913
1 914
1 915
1 916
1 917
1 918
1 919
1 920
1 921
1 922
1 923
1 924
1 925
1 926
1 927
1 928
1 929
1 930
1 931
1 932
1 933
1 934
1 935
1 936
1 937
1 938
1 939
1 940
1 941
1 942
1 943
1 944
1 945
1 946
1 947
1 948
1 949
1 950
1 951
1 952
1 953
1 954
1 955
1 956
1 957
1 958
1 959
1 960
1 961
1 962
1 963
1 964
1 965
1 966
1 967
1 968
1 969
1 970
1 971
1 972
1 973
1 974
1 975
1 976
1 977
1 978
1 979
1 980
1 981
1 982
1 983
1 984
1 985
1 986
1 987
1 988
1 989
1 990
1 991
1 992
1 993
1 994
1 995
1 996
1 997
1 998
1 999
1 1000
1 1001
1 1002
1 1003
1 1004
1 1005
1 1006
1 1007
1 1008
1 1009
1 1010
1 1011
1 1012
1 1013
1 1014
1 1015
1 1016
1 1017
1 1018
1 1019
1 1020
1 1021
1 1022
1 1023
1 1024
1 1025
1 1026
1 1027
1 1028
1 1029
1 1030
1 1031
1 1032
1 1033
1 1034
1 1035
1 1036
1 1037
1 1038
1 1039
1 1040
1 1041
1 1042
1 1043
1 1044
1 1045
1 1046
1 1047
1 1048
1 1049
1 1050
1 1051
1 1052
1 1053
1 1054
1 1055
1 1056
1 1057
1 1058
1 1059
1 1060
1 1061
1 1062
1 1063
1 1064
1 1065
1 1066
1 1067
1 1068
1 1069
1 1070
1 1071
1 1072
1 1073
1 1074
1 1075
1 1076
1 1077
1 1078
1 1079
1 1080
1 1081
1 1082
1 1083
1 1084
1 1085
1 1086
1 1087
1 1088
1 1089
1 1090
1 1091
1 1092
1 1093
1 1094
1 1095
1 1096
1 1097
1 1098
1 1099
1 1100
1 1101
1 1102
1 1103
1 1104
1 1105
1 1106
1 1107
1 1108
1 1109
1 1110
1 1111
1 1112
1 1113
1 1114
1 1115
1 1116
1 1117
1 1118
1 1119
1 1120
1 1121
1 1122
1 1123
1 1124
1 1125
1 1126
1 1127
1 1128
1 1129
1 1130
1 1131
1 1132
1 1133
1 1134
1 1135
1 1136
1 1137
1 1138
1 1139
1 1140
1 1141
1 1142
1 1143
1 1144
1 1145
1 1146
1 1147
1 1148
1 1149
1 1150
1 1151
1 1152
1 1153
1 1154
1 1155
1 1156
1 1157
1 1158
1 1159
1 1160
1 1161
1 1162
1 1163
1 1164
1 1165
1 1166
1 1167
1 1168
1 1169
1 1170
1 1171
1 1172
1 1173
1 1174
1 1175
1 1176
1 1177
1 1178
1 1179
1 1180
1 1181
1 1182
1 1183
1 1184
1 1185
1 1186
1 1187
1 1188
1 1189
1 1190
1 1191
1 1192
1 1193
1 1194
1 1195
1 1196
1 1197
1 1198
1 1199
1 1200
1 1201
1 1202
1 1203
1 1204
1 1205
1 1206
1 1207
1 1208
1 1209
1 1210
1 1211
1 1212
1 1213
1 1214
1 1215
1 1216
1 1217
1 1218
1 1219
1 1220
1 1221
1 1222
1 1223
1 1224
1 1225
1 1226
1 1227
1 1228
1 1229
1 1230
1 1231
1 1232
1 1233
1 1234
1 1235
1 1236
1 1237
1 1238
1 1239
1 1240
1 1241
1 1242
1 1243
1 1244
1 1245
1 1246
1 1247
1 1248
1 1249
1 1250
1 1251
1 1252
1 1253
1 1254
1 1255
1 1256
1 1257
1 1258
1 1259
1 1260
1 1261
1 1262
1 1263
1 1264
1 1265
1 1266
1 1267
1 1268
1 1269
1 1270
1 1271
1 1272
1 1273
1 1274
1 1275
1 1276
1 1277
1 1278
1 1279
1 1280
1 1281
1 1282
1 1283
1 1284
1 1285
1 1286
1 1287
1 1288
1 1289
1 1290
1 1291
1 1292
1 1293
1 1294
1 1295
1 1296
1 1297
1 1298
1 1299
1 1300
1 1301
1 1302
1 1303
1 1304
1 1305
1 1306
1 1307
1 1308
1 1309
1 1310
1 1311
1 1312
1 1313
1 1314
1 1315
1 1316
1 1317
1 1318
1 1319
1 1320
1 1321
1 1322
1 1323
1 1324
1 1325
1 1326
1 1327
1 1328
1 1329
1 1330
1 1331
1 1332
1 1333
1 1334
1 1335
1 1336
1 1337
1 1338
1 1339
1 1340
1 1341
1 1342
1 1343
1 1344
1 1345
1 1346
1 1347
1 1348
1 1349
1 1350
1 1351
1 1352
1 1353
1 1354
1 1355
1 1356
1 1357
1 1358
1 1359
1 1360
1 1361
1 1362
1 1363
1 1364
1 1365
1 1366
1 1367
1 1368
1 1369
1 1370
1 1371
1 1372
1 1373
1 1374
1 1375
1 1376
1 1377
1 1378
1 1379
1 1380
1 1381
1 1382
1 1383
1 1384
1 1385
1 1386
1 1387
1 1388
1 1389
1 1390
1 1391
1 1392
1 1393
1 1394
1 1395
1 1396
1 1397
1 1398
1 1399
1 1400
1 1401
1 1402
1 1403
1 1404
1 1405
1 1406
1 1407
1 1408
1 1409
1 1410
1 1411
1 1412
1 1413
1 1414
1 1415
1 1416
1 1417
1 1418
1 1419
1 1420
1 1421
1 1422
1 1423
1 1424
1 1425
1 1426
1 1427
1 1428
1 1429
1 1430
1 1431
1 1432
1 1433
1 1434
1 1435
1 1436
1 1437
1 1438
1 1439
1 1440
1 1441
1 1442
1 1443
1 1444
1 1445
1 1446
1 1447
1 1448
1 1449
1 1450
1 1451
1 1452
1 1453
1 1454
1 1455
1 1456
1 1457
1 1458
1 1459
1 1460
1 1461
1 1462
1 1463
1 1464
1 1465
1 1466
1 1467
1 1468
1 1469
1 1470
1 1471
1 1472
1 1473
1 1474
1 1475
1 1476
1 1477
1 1478
1 1479
1 1480
1 1481
1 1482
1 1483
1 1484
1 1485
1 1486
1 1487
1 1488
1 1489
1 1490
1 1491
1 1492
1 1493
1 1494
1 1495
1 1496
1 1497
1 1498
1 1499
1 1500
1 1501
1 1502
1 1503
1 1504
1 1505
1 1506
1 1507
1 1508
1 1509
1 1510
1 1511
1 1512
1 1513
1 1514
1 1515
1 1516
1 1517
1 1518
1 1519
1 1520
1 1521
1 1522
1 1523
1 1524
1 1525
1 1526
1 1527
1 1528
1 1529
1 1530
1 1531
1 1532
1 1533
1 1534
1 1535
1 1536
1 1537
1 1538
1 1539
1 1540
1 1541
1 1542
1 1543
1 1544
1 1545
1 1546
1 1547
1 1548
1 1549
1 1550
1 1551
1 1552
1 1553
1 1554
1 1555
1 1556
1 1557
1 1558
1 1559
1 1560
1 1561
1 1562
1 1563
1 1564
1 1565
1 1566
1 1567
1 1568
1 1569
1 1570
1 1571
1 1572
1 1573
1 1574
1 1575
1 1576
1 1577
1 1578
1 1579
1 1580
1 1581
1 1582
1 1583
1 1584
1 1585
1 1586
1 1587
1 1588
1 1589
1 1590
1 1591
1 1592
1 1593
1 1594
1 1595
1 1596
1 1597
1 1598
1 1599
1 1600
1 1601
1 1602
1 1603
1 1604
1 1605
1 1606
1 1607
1 1608
1 1609
1 1610
1 1611
1 1612
1 1613
1 1614
1 1615
1 1616
1 1617
1 1618
1 1619
1 1620
1 1621
1 1622
1 1623
1 1624
1 1625
1 1626
1 1627
1 1628
1 1629
1 1630
1 1631
1 1632
1 1633
1 1634
1 1635
1 1636
1 1637
1 1638
1 1639
1 1640
1 1641
1 1642
1 1643
1 1644
1 1645
1 1646
1 1647
1 1648
1 1649
1 1650
1 1651
1 1652
1 1653
1 1654
1 1655
1 1656
1 1657
1 1658
1 1659
1 1660
1 1661
1 1662
1 1663
1 1664
1 1665
1 1666
1 1667
1 1668
1 1669
1 1670
1 1671
1 1672
1 1673
1 1674
1 1675
1 1676
1 1677
1 1678
1 1679
1 1680
1 1681
1 1682
1 1683
1 1684
1 1685
1 1686
1 1687
1 1688
1 1689
1 1690
1 1691
1 1692
1 1693
1 1694
1 1695
1 1696
1 1697
1 1698
1 1699
1 1700
1 1701
1 1702
1 1703
1 1704
1 1705
1 1706
1 1707
1 1708
1 1709
1 1710
1 1711
1 1712
1 1713
1 1714
1 1715
1 1716
1 1717
1 1718
1 1719
1 1720
1 1721
1 1722
1 1723
1 1724
1 1725
1 1726
1 1727
1 1728
1 1729
1 1730
1 1731
1 1732
1 1733
1 1734
1 1735
1 1736
1 1737
1 1738
1 1739
1 1740
1 1741
1 1742
1 1743
1 1744
1 1745
1 1746
1 1747
1 1748
1 1749
1 1750
1 1751
1 1752
1 1753
1 1754
1 1755
1 1756
1 1757
1 1758
1 1759
1 1760
1 1761
1 1762
1 1763
1 1764
1 1765
1 1766
1 1767
1 1768
1 1769
1 1770
1 1771
1 1772
1 1773
1 1774
1 1775
1 1776
1 1777
1 1778
1 1779
1 1780
1 1781
1 1782
1 1783
1 1784
1 1785
1 1786
1 1787
1 1788
1 1789
1 1790
1 1791
1 1792
1 1793
1 1794
1 1795
1 1796
1 1797
1 1798
1 1799
1 1800
1 1801
1 1802
1 1803
1 1804
1 1805
1 1806
1 1807
1 1808
1 1809
1 1810
1 1811
1 1812
1 1813
1 1814
1 1815
1 1816
1 1817
1 1818
1 1819
1 1820
1 1821
1 1822
1 1823
1 1824
1 1825
1 1826
1 1827
1 1828
1 1829
1 1830
1 1831
1 1832
1 1833
1 1834
1 1835
1 1836
1 1837
1 1838
1 1839
1 1840
1 1841
1 1842
1 1843
1 1844
1 1845
1 1846
1 1847
1 1848
1 1849
1 1850
1 1851
1 1852
1 1853
1 1854
1 1855
1 1856
1 1857
1 1858
1 1859
1 1860
1 1861
1 1862
1 1863
1 1864
1 1865
1 1866
1 1867
1 1868
1 1869
1 1870
1 1871
1 1872
1 1873
1 1874
1 1875
1 1876
1 1877
1 1878
1 1879
1 1880
1 1881
1 1882
1 1883
1 1884
1 1885
1 1886
1 1887
1 1888
1 1889
1 1890
1 1891
1 1892
1 1893
1 1894
1 1895
1 1896
1 1897
1 1898
1 1899
1 1900
1 1901
1 1902
1 1903
1 1904
1 1905
1 1906
1 1907
1 1908
1 1909
1 1910
1 1911
1 1912
1 1913
1 1914
1 1915
1 1916
1 1917
1 1918
1 1919
1 1920
1 1921
1 1922
1 1923
1 1924
1 1925
1 1926
1 1927
1 1928
1 1929
1 1930
1 1931
1 1932
1 1933
1 1934
1 1935
1 1936
1 1937
1 1938
1 1939
1 1940
1 1941
1 1942
1 1943
1 1944
1 1945
1 1946
1 1947
1 1948
1 1949
1 1950
1 1951
1 1952
1 1953
1 1954
1 1955
1 1956
1 1957
1 1958
1 1959
1 1960
1 1961
1 1962
1 1963
1 1964
1 1965
1 1966
1 1967
1 1968
1 1969
1 1970
1 1971
1 1972
1 1973
1 1974
1 1975
1 1976
1 1977
1 1978
1 1979
1 1980
1 1981
1 1982
1 1983
1 1984
1 1985
1 1986
1 1987
1 1988
1 1989
1 1990
1 1991
1 1992
1 1993
1 1994
1 1995
1 1996
1 1997
1 1998
1 1999
1 2000
1 2001
1 2002
1 2003
1 2004
1 2005
1 2006
1 2007
1 2008
1 2009
1 2010
1 2011
1 2012
1 2013
1 2014
1 2015
1 2016
1 2017
1 2018
1 2019
1 2020
1 2021
1 2022
1 2023
1 2024
1 2025
1 2026
1 2027
1 2028
1 2029
1 2030
1 2031
1 2032
1 2033
1 2034
1 2035
1 2036
1 2037
1 2038
1 2039
1 2040
1 2041
1 2042
1 2043
1 2044
1 2045
1 2046
1 2047
1 2048
1 2049
1 2050
1 2051
1 2052
1 2053
1 2054
1 2055
1 2056
1 2057
1 2058
1 2059
1 2060
1 2061
1 2062
1 2063
1 2064
1 2065
1 2066
1 2067
1 2068
1 2069
1 2070
1 2071
1 2072
1 2073
1 2074
1 2075
1 2076
1 2077
1 2078
1 2079
1 2080
1 2081
1 2082
1 2083
1 2084
1 2085
1 2086
1 2087
1 2088
1 2089
1 2090
1 2091
1 2092
1 2093
1 2094
1 2095
1 2096
1 2097
1 2098
1 2099
1 2100
1 2101
1 2102
1 2103
1 2104
1 2105
1 2106
1 2107
1 2108
1 2109
1 2110
1 2111
1 2112
1 2113
1 2114
1 2115
1 2116
1 2117
1 2118
1 2119
1 2120
1 2121
1 2122
1 2123
1 2124
1 2125
1 2126
1 2127
1 2128
1 2129
1 2130
1 2131
1 2132
1 2133
1 2134
1 2135
1 2136
1 2137
1 2138
1 2139
1 2140
1 2141
1 2142
1 2143
1 2144
1 2145
1 2146
1 2147
1 2148
1 2149
1 2150
1 2151
1 2152
1 2153
1 2154
1 2155
1 2156
1 2157
1 2158
1 2159
1 2160
1 2161
1 2162
1 2163
1 2164
1 2165
1 2166
1 2167
1 2168
1 2169
1 2170
1 2171
1 2172
1 2173
1 2174
1 2175
1 2176
1 2177
1 2178
1 2179
1 2180
1 2181
1 2182
1 2183
1 2184
1 2185
1 2186
1 2187
1 2188
1 2189
1 2190
1 2191
1 2192
1 2193
1 2194
1 2195
1 2196
1 2197
1 2198
1 2199
1 2200
1 2201
1 2202
1 2203
1 2204
1 2205
1 2206
1 2207
1 2208
1 2209
1 2210
1 2211
1 2212
1 2213
1 2214
1 2215
1 2216
1 2217
1 2218
1 2219
1 2220
1 2221
1 2222
1 2223
1 2224
1 2225
1 2226
1 2227
1 2228
1 2229
1 2230
1 2231
1 2232
1 2233
1 2234
1 2235
1 2236
1 2237
1 2238
1 2239
1 2240
1 2241
1 2242
1 2243
1 2244
1 2245
1 2246
1 2247
1 2248
1 2249
1 2250
1 2251
1 2252
1 2253
1 2254
1 2255
1 2256
1 2257
1 2258
1 2259
1 2260
1 2261
1 2262
1 2263
1 2264
1 2265
1 2266
1 2267
1 2268
1 2269
1 2270
1 2271
1 2272
1 2273
1 2274
1 2275
1 2276
1 2277
1 2278
1 2279
1 2280
1 2281
1 2282
1 2283
1 2284
1 2285
1 2286
1 2287
1 2288
1 2289
1 2290
1 2291
1 2292
1 2293
1 2294
1 2295
1 2296
1 2297
1 2298
1 2299
1 2300
1 2301
1 2302
1 2303
1 2304
1 2305
1 2306
1 2307
1 2308
1 2309
1 2310
1 2311
1 2312
1 2313
1 2314
1 2315
1 2316
1 2317
1 2318
1 2319
1 2320
1 2321
1 2322
1 2323
1 2324
1 2325
1 2326
1 2327
1 2328
1 2329
1 2330
1 2331
1 2332
1 2333
1 2334
1 2335
1 2336
1 2337
1 2338
1 2339
1 2340
1 2341
1 2342
1 2343
1 2344
1 2345
1 2346
1 2347
1 2348
1 2349
1 2350
1 2351
1 2352
1 2353
1 2354
1 2355
1 2356
1 2357
1 2358
1 2359
1 2360
1 2361
1 2362
1 2363
1 2364
1 2365
1 2366
1 2367
1 2368
1 2369
1 2370
1 2371
1 2372
1 2373
1 2374
1 2375
1 2376
1 2377
1 2378
1 2379
1 2380
1 2381
1 2382
1 2383
1 2384
1 2385
1 2386
1 2387
1 2388
1 2389
1 2390
1 2391
1 2392
1 2393
1 2394
1 2395
1 2396
1 2397
1 2398
1 2399
1 2400
1 2401
1 2402
1 2403
1 2404
1 2405
1 2406
1 2407
1 2408
1 2409
1 2410
1 2411
1 2412
1 2413
1 2414
1 2415
1 2416
1 2417
1 2418
1 2419
1 2420
1 2421
1 2422
1 2423
1 2424
1 2425
1 2426
1 2427
1 2428
1 2429
1 2430
1 2431
1 2432
1 2433
1 2434
1 2435
1 2436
1 2437
1 2438
1 2439
1 2440
1 2441
1 2442
1 2443
1 2444
1 2445
1 2446
1 2447
1 2448
1 2449
1 2450
1 2451
1 2452
1 2453
1 2454
1 2455
1 2456
1 2457
1 2458
1 2459
1 2460
1 2461
1 2462
1 2463
1 2464
1 2465
1 2466
1 2467
1 2468
1 2469
1 2470
1 2471
1 2472
1 2473
1 2474
1 2475
1 2476
1 2477
1 2478
1 2479
1 2480
1 2481
1 2482
1 2483
1 2484
1 2485
1 2486
1 2487
1 2488
1 2489
1 2490
1 2491
1 2492
1 2493
1 2494
1 2495
1 2496
1 2497
1 2498
1 2499
1 2500
1 2501
1 2502
1 2503
1 2504
1 2505
1 2506
1 2507
1 2508
1 2509
1 2510
1 2511
1 2512
1 2513
1 2514
1 2515
1 2516
1 2517
1 2518
1 2519
1 2520
1 2521
1 2522
1 2523
1 2524
1 2525
1 2526
1 2527
1 2528
1 2529
1 2530
1 2531
1 2532
1 2533
1 2534
1 2535
1 2536
1 2537
1 2538
1 2539
1 2540
POINT_DATA 2541
SCALARS density float 1
LOOKUP_TABLE default
500
500
500
500
500
500
500
500
500
500
500
500
500
500
500
500
500
500
500
500
500
500
500
500
500
500
500
500
500
500
500
500
500
500
500
500
500
500
500
500
500
500
500
500
500
500
500
500
500
500
500
500
500
500
500
500
500
500
500
500
500
500
500
500
500
500
500
500
500
500
500
500
500
500
500
500
500
500
500
500
500
500
500
500
500
500
500
500
500
500
500
500
500
500
500
500
500
500
500
500
500
500
500
500
500
500
500
500
500
500
500
500
500
500
500
500
500
500
500
500
500
500
500
500
500
500
500
500
500
500
500
500
500
500
500
500
500
500
500
500
500
500
500
500
500
500
500
500
500
500
500
500
500
500
500
500
500
500
500
500
500
500
500
500
500
500
500
500
500
500
500
500
500
500
500
500
500
500
500
500
500
500
500
500
500
500
500
500
500
500
500
500
500
500
500
500
500
500
500
500
500
500
500
500
500
500
500
500
500
500
500
500
500
500
500
500
500
500
500
500
500
500
500
500
500
500
500
500
500
500
500
500
500
500
500
500
500
500
500
500
500
500
500
500
500
500
500
500
500
500
500
500
500
500
500
500
500
500
500
500
500
500
500
500
500
500
500
500
500
500
500
500
500
500
500
500
500
500
500
500
500
500
500
500
500
500
500
500
500
500
500
500
500
500
500
500
500
500
500
500
500
500
500
500
500
500
500
500
500
500
500
500
500
500
500
500
500
500
500
500
500
500
500
500
500
500
500
500
500
500
500
500
500
500
500
500
500
500
500
500
500
500
500
500
500
500
500
500
500
500
500
500
500
500
500
500
500
500
500
500
500
500
500
500
500
500
500
500
500
500
500
500
500
500
500
500
500
500
500
500
500
500
500
500
500
500
500
500
500
500
500
500
500
500
500
500
500
500
500
500
500
500
500
500
500
500
500
500
500
500
500
500
500
500
500
500
500
500
500
500
500
500
500
500
500
500
500
500
500
500
500
500
500
500
500
500
500
500
500
500
500
500
500
500
500
500
500
500
500
500
500
500
500
500
500
500
500
500
500
500
500
500
500
500
500
500
500
500
500
500
500
500
500
500
500
500
500
500
500
500
500
500
500
500
500
500
500
500
500
500
500
500
500
500
500
500
500
500
500
500
500
500
500
500
500
500
500
500
500
500
500
500
500
500
500
500
500
500
500
500
500
500
500
500
500
500
500
500
500
500
500
500
500
500
500
500
500
500
500
500
500
500
500
500
500
500
500
500
500
500
500
500
500
500
500
500
500
500
500
500
500
500
500
500
500
500
500
500
500
500
500
500
500
500
500
500
500
500
500
500
500
500
500
500
500
500
500
500
500
500
500
500
500
500
500
500
500
500
500
500
500
500
500
500
500
500
500
500
500
500
500
500
500
500
500
500
500
500
500
500
500
500
500
500
500
500
500
500
500
500
500
500
500
500
500
500
500
500
500
500
500
500
500
500
500
500
500
500
500
500
500
500
500
500
500
500
500
500
500
500
500
500
500
500
500
500
500
500
500
500
500
500
500
500
500
500
500
500
500
500
500
500
500
500
500
500
500
500
500
500
500
500
500
500
500
500
500
500
500
500
500
500
500
500
500
500
500
500
500
500
500
500
500
500
500
500
500
500
500
500
500
500
500
500
500
500
500
500
500
500
500
500
500
500
500
500
500
500
500
500
500
500
500
500
500
500
500
500
500
500
500
500
500
500
500
500
500
500
500
500
500
500
500
500
500
500
500
500
500
500
500
500
500
500
500
500
500
500
500
500
500
500
500
500
500
500
500
500
500
500
500
500
500
500
500
500
500
500
500
500
500
500
500
500
500
500
500
500
500
500
500
500
500
500
500
500
500
500
500
500
500
500
500
500
500
500
500
500
500
500
500
500
500
500
500
500
500
500
500
500
500
500
500
500
500
500
500
500
500
500
500
500
500
500
500
500
500
500
500
500
500
500
500
500
500
500
500
500
500
500
500
500
500
500
500
500
500
500
500
500
500
500
500
500
500
500
500
500
500
500
500
500
500
500
500
500
500
500
500
500
500
500
500
500
500
500
500
500
500
500
500
500
500
500
500
500
500
500
500
500
500
500
500
500
500
500
500
500
500
500
500
500
500
500
500
500
500
500
500
500
500
500
500
500
500
500
500
500
500
500
500
500
500
500
500
500
500
500
500
500
500
500
500
500
500
500
500
500
500
500
500
500
500
500
500
500
500
500
500
500
500
500
500
500
500
500
500
500
500
500
500
500
500
500
500
500
500
500
500
500
500
500
500
500
500
500
500
500
500
500
500
500
500
500
500
500
500
500
500
500
500
500
500
500
500
500
500
500
500
500
500
500
500
500
500
500
500
500
500
500
500
500
500
500
500
500
500
500
500
500
500
500
500
500
500
500
500
500
500
500
500
500
500
500
500
500
500
500
500
500
500
500
500
500
500
500
500
500
500
500
500
500
500
500
500
500
500
500
500
500
500
500
500
500
500
500
500
500
500
500
500
500
500
500
500
500
500
500
500
500
500
500
500
500
500
500
500
500
500
500
500
500
500
500
500
500
500
500
500
500
500
500
500
500
500
500
500
500
500
500
500
500
500
500
500
500
500
500
500
500
500
500
500
500
500
500
500
500
500
500
500
500
500
500
500
500
500
500
500
500
500
500
500
500
500
500
500
500
500
500
500
500
500
500
500
500
500
500
500
500
500
500
500
500
500
500
500
500
500
500
500
500
500
500
500
500
500
500
500
500
500
500
500
500
500
500
500
500
500
500
500
500
500
500
500
500
500
500
500
500
500
500
500
500
500
500
500
500
500
500
500
500
500
500
500
500
500
500
500
500
500
500
500
500
500
500
500
500
500
500
500
500
500
500
500
500
500
500
500
500
500
500
500
500
500
500
500
500
500
500
500
500
500
500
500
500
500
500
500
500
500
500
500
500
500
500
500
500
500
500
500
500
500
500
500
500
500
500
500
500
500
500
500
500
500
500
500
500
500
500
500
500
500
500
500
500
500
500
500
500
500
500
500
500
500
500
500
500
500
500
500
500
500
500
500
500
500
500
500
500
500
500
500
500
500
500
500
500
500
500
500
500
500
500
500
500
500
500
500
500
500
500
500
500
500
500
500
500
500
500
500
500
500
500
500
500
500
500
500
500
500
500
500
500
500
500
500
500
500
500
500
500
500
500
500
500
500
500
500
500
500
500
500
500
500
500
500
500
500
500
500
500
500
500
500
500
500
500
500
500
500
500
500
500
500
500
500
500
500
500
500
500
500
500
500
500
500
500
500
500
500
500
500
500
500
500
500
500
500
500
500
500
500
500
500
500
500
500
500
500
500
500
500
500
500
500
500
500
500
500
500
500
500
500
500
500
500
500
500
500
500
500
500
500
500
500
500
500
500
500
500
500
500
500
500
500
500
500
500
500
500
500
500
500
500
500
500
500
500
500
500
500
500
500
500
500
500
500
500
500
500
500
500
500
500
500
500
500
500
500
500
500
500
500
500
500
500
500
500
500
500
500
500
500
500
500
500
500
500
500
500
500
500
500
500
500
500
500
500
500
500
500
500
500
500
500
500
500
500
500
500
500
500
500
500
500
500
500
500
500
500
500
500
500
500
500
500
500
500
500
500
500
500
500
500
500
500
500
500
500
500
500
500
500
500
500
500
500
500
500
500
500
500
500
500
500
500
500
500
500
500
500
500
500
500
500
500
500
500
500
500
500
500
500
500
500
500
500
500
500
500
500
500
500
500
500
500
500
500
500
500
500
500
500
500
500
500
500
500
500
500
500
500
500
500
500
500
500
500
500
500
500
500
500
500
500
500
500
500
500
500
500
500
500
500
500
500
500
500
500
500
500
500
500
500
500
500
500
500
500
500
500
500
500
500
500
500
500
500
500
500
500
500
500
500
500
500
500
500
500
500
500
500
500
500
500
500
500
500
500
500
500
500
500
500
500
500
500
500
500
500
500
500
500
500
500
500
500
500
500
500
500
500
500
500
500
500
500
500
500
500
500
500
500
500
500
500
500
500
500
500
500
500
500
500
500
500
500
500
500
500
500
500
500
500
500
500
500
500
500
500
500
500
500
500
500
500
500
500
500
500
500
500
500
500
500
500
500
500
500
500
500
500
500
500
500
500
500
500
500
500
500
500
500
500
500
500
500
500
500
500
500
500
500
500
500
500
500
500
500
500
500
500
500
500
500
500
500
500
500
500
500
500
500
500
500
500
500
500
500
500
500
500
500
500
500
500
500
500
500
500
500
500
500
500
500
500
500
500
500
500
500
500
500
500
500
500
500
500
500
500
500
500
500
500
500
500
500
500
500
500
500
500
500
500
500
500
500
500
500
500
500
500
500
500
500
500
500
500
500
500
500
500
500
500
500
500
500
500
500
500
500
500
500
500
500
500
500
500
500
500
500
500
500
500
500
500
500
500
500
500
500
500
500
500
500
500
500
500
500
500
500
500
500
500
500
500
500
500
500
500
500
500
500
500
500
500
500
500
500
500
500
500
500
500
500
500
500
500
500
500
500
500
500
500
500
500
500
500
500
500
500
500
500
500
500
500
500
500
500
500
500
500
500
500
500
500
500
500
500
500
500
500
500
500
500
500
500
500
500
500
500
500
500
500
500
500
500
500
500
500
500
500
500
500
500
500
500
500
500
500
500
500
500
500
500
500
500
500
500
500
500
500
500
500
500
500
500
500
500
500
500
500
500
500
500
500
500
500
500
500
500
500
500
500
500
500
500
500
500
500
500
500
500
500
500
500
500
500
500
500
500
500
500
500
500
500
500
500
500
500
500
500
500
500
500
500
500
500
500
500
500
500
500
500
500
500
500
500
500
500
500
500
500
500
500
500
500
500
500
500
500
500
500
500
500
500
500
500
500
500
500
500
500
500
500
500
500
500
500
500
500
500
500
500
500
500
500
500
500
500
500
500
500
500
500
500
500
500
500
500
500
500
500
500
500
500
500
500
500
500
500
500
500
500
500
500
500
500
500
500
500
500
500
500
500
500
500
500
500
500
500
500
500
500
500
500
500
500
500
500
500
500
500
500
500
500
500
500
500
500
500
500
500
500
500
500
500
500
500
500
500
500
500
500
500
500
500
500
500
500
500
500
500
500
500
500
500
500
500
500
500
500
500
500
500
500
500
500
500
500
500
500
500
500
500
500
500
500
500
500
500
500
500
500
500
500
500
500
500
500
500
500
500
500
500
500
500
500
500
500
500
500
500
500
500
500
500
500
500
500
500
500
500
500
500
500
500
500
500
500
500
500
500
500
500
500
500
500
500
500
500
500
500
500
500
500
500
500
500
500
500
500
500
500
500
500
500
500
500
500
500
500
500
500
500
500
500
500
500
500
500
500
500
500
500
500
500
500
500
500
500
500
500
500
500
500
500
500
500
500
500
500
500
500
500
500
500
500
500
500
500
500
500
500
500
500
500
500
500
500
500
500
500
500
500
500
500
500
500
500
500
500
500
500
500
500
500
500
500
500
500
500
500
500
500
500
500
500
500
500
500
500
500
500
500
500
500
500
500
500
500
500
500
500
500
500
500
500
500
500
500
500
500
500
500
500
500
500
500
500
500
500
500
500
500
500
500
500
500
500
500
500
500
500
500
500
500
500
500
500
500
500
500
500
500
500
500
500
500
500
500
500
500
500
500
500
500
500
500
500
500
500
500
500
500
500
500
500
500
500
500
500
500
500
500
500
500
500
500
500
500
500
500
500
500
500
500
500
500
500
SCALARS pressure float 1
LOOKUP_TABLE default
0
0
0
0
0
0
0
0
0
0
0
0
0
0
0
0
0
0
0
0
0
0
0
0
0
0
0
0
0
0
0
0
0
0
0
0
0
0
0
0
0
0
0
0
0
0
0
0
0
0
0
0
0
0
0
0
0
0
0
0
0
0
0
0
0
0
0
0
0
0
0
0
0
0
0
0
0
0
0
0
0
0
0
0
0
0
0
0
0
0
0
0
0
0
0
0
0
0
0
0
0
0
0
0
0
0
0
0
0
0
0
0
0
0
0
0
0
0
0
0
0
0
0
0
0
0
0
0
0
0
0
0
0
0
0
0
0
0
0
0
0
0
0
0
0
0
0
0
0
0
0
0
0
0
0
0
0
0
0
0
0
0
0
0
0
0
0
0
0
0
0
0
0
0
0
0
0
0
0
0
0
0
0
0
0
0
0
0
0
0
0
0
0
0
0
0
0
0
0
0
0
0
0
0
0
0
0
0
0
0
0
0
0
0
0
0
0
0
0
0
0
0
0
0
0
0
0
0
0
0
0
0
0
0
0
0
0
0
0
0
0
0
0
0
0
0
0
0
0
0
0
0
0
0
0
0
0
0
0
0
0
0
0
0
0
0
0
0
0
0
0
0
0
0
0
0
0
0
0
0
0
0
0
0
0
0
0
0
0
0
0
0
0
0
0
0
0
0
0
0
0
0
0
0
0
0
0
0
0
0
0
0
0
0
0
0
0
0
0
0
0
0
0
0
0
0
0
0
0
0
0
0
0
0
0
0
0
0
0
0
0
0
0
0
0
0
0
0
0
0
0
0
0
0
0
0
0
0
0
0
0
0
0
0
0
0
0
0
0
0
0
0
0
0
0
0
0
0
0
0
0
0
0
0
0
0
0
0
0
0
0
0
0
0
0
0
0
0
0
0
0
0
0
0
0
0
0
0
0
0
0
0
0
0
0
0
0
0
0
0
0
0
0
0
0
0
0
0
0
0
0
0
0
0
0
0
0
0
0
0
0
0
0
0
0
0
0
0
0
0
0
0
0
0
0
0
0
0
0
0
0
0
0
0
0
0
0
0
0
0
0
0
0
0
0
0
0
0
0
0
0
0
0
0
0
0
0
0
0
0
0
0
0
0
0
0
0
0
0
0
0
0
0
0
0
0
0
0
0
0
0
0
0
0
0
0
0
0
0
0
0
0
0
0
0
0
0
0
0
0
0
0
0
0
0
0
0
0
0
0
0
0
0
0
0
0
0
0
0
0
0
0
0
0
0
0
0
0
0
0
0
0
0
0
0
0
0
0
0
0
0
0
0
0
0
0
0
0
0
0
0
0
0
0
0
0
0
0
0
0
0
0
0
0
0
0
0
0
0
0
0
0
0
0
0
0
0
0
0
0
0
0
0
0
0
0
0
0
0
0
0
0
0
0
0
0
0
0
0
0
0
0
0
0
0
0
0
0
0
0
0
0
0
0
0
0
0
0
0
0
0
0
0
0
0
0
0
0
0
0
0
0
0
0
0
0
0
0
0
0
0
0
0
0
0
0
0
0
0
0
0
0
0
0
0
0
0
0
0
0
0
0
0
0
0
0
0
0
0
0
0
0
0
0
0
0
0
0
0
0
0
0
0
0
0
0
0
0
0
0
0
0
0
0
0
0
0
0
0
0
0
0
0
0
0
0
0
0
0
0
0
0
0
0
0
0
0
0
0
0
0
0
0
0
0
0
0
0
0
0
0
0
0
0
0
0
0
0
0
0
0
0
0
0
0
0
0
0
0
0
0
0
0
0
0
0
0
0
0
0
0
0
0
0
0
0
0
0
0
0
0
0
0
0
0
0
0
0
0
0
0
0
0
0
0
0
0
0
0
0
0
0
0
0
0
0
0
0
0
0
0
0
0
0
0
0
0
0
0
0
0
0
0
0
0
0
0
0
0
0
0
0
0
0
0
0
0
0
0
0
0
0
0
0
0
0
0
0
0
0
0
0
0
0
0
0
0
0
0
0
0
0
0
0
0
0
0
0
0
0
0
0
0
0
0
0
0
0
0
0
0
0
0
0
0
0
0
0
0
0
0
0
0
0
0
0
0
0
0
0
0
0
0
0
0
0
0
0
0
0
0
0
0
0
0
0
0
0
0
0
0
0
0
0
0
0
0
0
0
0
0
0
0
0
0
0
0
0
0
0
0
0
0
0
0
0
0
0
0
0
0
0
0
0
0
0
0
0
0
0
0
0
0
0
0
0
0
0
0
0
0
0
0
0
0
0
0
0
0
0
0
0
0
0
0
0
0
0
0
0
0
0
0
0
0
0
0
0
0
0
0
0
0
0
0
0
0
0
0
0
0
0
0
0
0
0
0
0
0
0
0
0
0
0
0
0
0
0
0
0
0
0
0
0
0
0
0
0
0
0
0
0
0
0
0
0
0
0
0
0
0
0
0
0
0
0
0
0
0
0
0
0
0
0
0
0
0
0
0
0
0
0
0
0
0
0
0
0
0
0
0
0
0
0
0
0
0
0
0
0
0
0
0
0
0
0
0
0
0
0
0
0
0
0
0
0
0
0
0
0
0
0
0
0
0
0
0
0
0
0
0
0
0
0
0
0
0
0
0
0
0
0
0
0
0
0
0
0
0
0
0
0
0
0
0
0
0
0
0
0
0
0
0
0
0
0
0
0
0
0
0
0
0
0
0
0
0
0
0
0
0
0
0
0
0
0
0
0
0
0
0
0
0
0
0
0
0
0
0
0
0
0
0
0
0
0
0
0
0
0
0
0
0
0
0
0
0
0
0
0
0
0
0
0
0
0
0
0
0
0
0
0
0
0
0
0
0
0
0
0
0
0
0
0
0
0
0
0
0
0
0
0
0
0
0
0
0
0
0
0
0
0
0
0
0
0
0
0
0
0
0
0
0
0
0
0
0
0
0
0
0
0
0
0
0
0
0
0
0
0
0
0
0
0
0
0
0
0
0
0
0
0
0
0
0
0
0
0
0
0
0
0
0
0
0
0
0
0
0
0
0
0
0
0
0
0
0
0
0
0
0
0
0
0
0
0
0
0
0
0
0
0
0
0
0
0
0
0
0
0
0
0
0
0
0
0
0
0
0
0
0
0
0
0
0
0
0
0
0
0
0
0
0
0
0
0
0
0
0
0
0
0
0
0
0
0
0
0
0
0
0
0
0
0
0
0
0
0
0
0
0
0
0
0
0
0
0
0
0
0
0
0
0
0
0
0
0
0
0
0
0
0
0
0
0
0
0
0
0
0
0
0
0
0
0
0
0
0
0
0
0
0
0
0
0
0
0
0
0
0
0
0
0
0
0
0
0
0
0
0
0
0
0
0
0
0
0
0
0
0
0
0
0
0
0
0
0
0
0
0
0
0
0
0
0
0
0
0
0
0
0
0
0
0
0
0
0
0
0
0
0
0
0
0
0
0
0
0
0
0
0
0
0
0
0
0
0
0
0
0
0
0
0
0
0
0
0
0
0
0
0
0
0
0
0
0
0
0
0
0
0
0
0
0
0
0
0
0
0
0
0
0
0
0
0
0
0
0
0
0
0
0
0
0
0
0
0
0
0
0
0
0
0
0
0
0
0
0
0
0
0
0
0
0
0
0
0
0
0
0
0
0
0
0
0
0
0
0
0
0
0
0
0
0
0
0
0
0
0
0
0
0
0
0
0
0
0
0
0
0
0
0
0
0
0
0
0
0
0
0
0
0
0
0
0
0
0
0
0
0
0
0
0
0
0
0
0
0
0
0
0
0
0
0
0
0
0
0
0
0
0
0
0
0
0
0
0
0
0
0
0
0
0
0
0
0
0
0
0
0
0
0
0
0
0
0
0
0
0
0
0
0
0
0
0
0
0
0
0
0
0
0
0
0
0
0
0
0
0
0
0
0
0
0
0
0
0
0
0
0
0
0
0
0
0
0
0
0
0
0
0
0
0
0
0
0
0
0
0
0
0
0
0
0
0
0
0
0
0
0
0
0
0
0
0
0
0
0
0
0
0
0
0
0
0
0
0
0
0
0
0
0
0
0
0
0
0
0
0
0
0
0
0
0
0
0
0
0
0
0
0
0
0
0
0
0
0
0
0
0
0
0
0
0
0
0
0
0
0
0
0
0
0
0
0
0
0
0
0
0
0
0
0
0
0
0
0
0
0
0
0
0
0
0
0
0
0
0
0
0
0
0
0
0
0
0
0
0
0
0
0
0
0
0
0
0
0
0
0
0
0
0
0
0
0
0
0
0
0
0
0
0
0
0
0
0
0
0
0
0
0
0
0
0
0
0
0
0
0
0
0
0
0
0
0
0
0
0
0
0
0
0
0
0
0
0
0
0
0
0
0
0
0
0
0
0
0
0
0
0
0
0
0
0
0
0
0
0
0
0
0
0
0
0
0
0
0
0
0
0
0
0
0
0
0
0
0
0
0
0
0
0
0
0
0
0
0
0
0
0
0
0
0
0
0
0
0
0
0
0
0
0
0
0
0
0
0
0
0
0
0
0
0
0
0
0
0
0
0
0
0
0
0
0
0
0
0
0
0
0
0
0
0
0
0
0
0
0
0
0
0
0
0
0
0
0
0
0
0
0
0
0
0
0
0
0
0
0
0
0
0
0
0
0
0
0
0
0
0
0
0
0
0
0
0
0
0
0
0
0
0
0
0
0
0
0
0
0
0
0
0
0
0
0
0
0
0
0
0
0
0
0
0
0
0
0
0
0
0
0
0
0
0
0
0
0
0
0
0
0
0
0
0
0
0
0
0
0
0
0
0
0
0
0
0
0
0
0
0
0
0
0
0
0
0
0
0
0
0
0
0
0
0
0
0
0
0
0
0
0
0
0
0
0
0
0
0
0
0
0
0
0
0
0
0
0
0
0
0
0
0
0
0
0
0
0
0
0
0
0
0
0
0
0
0
0
0
0
0
0
0
0
0
0
0
0
0
0
0
0
0
0
0
0
0
0
0
0
0
0
0
0
0
0
0
0
0
0
0
0
0
0
0
0
0
0
0
0
0
0
0
0
0
0
0
0
0
0
0
0
0
0
0
0
0
0
0
0
0
0
0
0
0
0
0
0
0
0
0
0
0
0
0
0
0
0
0
0
0
0
0
0
0
0
0
0
0
0
0
0
0
0
0
0
0
0
0
0
0
0
0
0
0
0
0
0
0
0
0
0
0
0
0
0
0
0
0
0
0
0
0
0
0
0
0
0
0
0
0
0
0
0
0
0
0
0
0
0
0
0
0
0
0
0
0
0
0
0
0
0
0
0
0
0
0
0
0
0
0
0
0
0
0
0
0
0
0
0
0
0
0
0
0
0
0
0
0
0
0
0
0
0
0
0
0
0
0
0
0
0
0
0
0
0
0
0
0
0
0
0
0
0
0
0
0
0
0
0
0
0
0
0
0
0
0
0
0
0
0
0
0
0
0
0
0
0
0
0
0
0
0
0
0
0
0
0
0
0
0
0
0
0
0
0
0
0
0
0
0
0
0
0
0
0
0
0
0
0
0
0
0
0
0
0
0
0
0
0
0
0
0
0
0
0
0
0
0
0
0
0
0
0
0
0
0
0
0
0
0
0
0
0
0
0
0
0
0
0
0
0
0
0
0
0
0
0
0
0
0
0
0
0
0
0
0
0
0
0
0
0
0
0
0
0
0
0
0
0
0
0
0
0
0
0
0
0
0
0
0
0
0
0
0
0
0
0
0
0
0
0
0
0
0
0
0
0
0
0
0
0
0
SCALARS speed float 1
LOOKUP_TABLE default
3.56671e-88
3.10828e-85
5.7584e-20
5.89381e-64
6.23457e-81
25.9362
2.20283e-42
3.86779e-35
1.05255e-60
19.2867
6.29842e-80
1.07986e-51
34.726
4.36952e-78
1.26785e-64
2.54836e-90
1.47191e-61
1.42494e-72
64.3259
35.5601
3.55836e-82
8.33111e-17
1.03021e-50
28.1283
1.17255e-25
1.98695e-52
1.4887e-65
1.46907e-34
6.697e-12
56.4908
29.3618
56.3534
1.93955e-39
1.17929e-62
3.67986e-87
1.58146e-66
30.4943
24.6674
3.68359e-56
3.6179e-83
1.13998e-39
4.24155e-59
76.7509
1.85344e-40
0.0308082
1.37094e-92
2.86974e-71
2.6176e-91
1.75053e-89
1.73305e-77
5.74987e-79
26.837
2.01901e-37
6.33648e-12
1.39321e-85
9.88964e-41
28.1035
1.17258e-25
5.86843e-74
2.83488e-24
2.19934e-78
1.82911e-69
2.58953e-74
6.57589e-27
33.2793
20.2287
1.9105e-73
4.59042e-91
3.10723e-81
7.23491e-88
1.86749e-86
44.8228
1.52152e-89
4.68829e-62
7.36871e-48
1.0041e-08
2.80936e-12
1.91794e-61
88.2813
2.13618e-61
1.5723e-57
7.36863e-75
5.53916e-88
2.21914e-88
7.6218e-65
7.74674e-85
1.29032e-17
8.32146e-60
1.82999e-75
28.1283
1.17232e-25
2.73781e-38
6.02978e-07
2.18642e-54
3.14102e-12
2.23763e-82
1.60721e-78
33.2052
6.74533e-22
2.85056e-70
43.4035
5.77558e-60
6.51596e-49
9.18869e-90
2.11562e-20
6.41679e-34
3.11015e-51
44.2922
3.82497e-15
20.0678
1.1044e-45
8.10585e-88
1.58143e-20
2.33434e-44
9.22956e-55
6.70058e-05
1.22396e-40
1.80417e-57
69.7749
9.54176e-88
1.40986e-85
2.51729e-91
2.03147e-76
6.61751e-78
1.00243e-90
31.4032
3.31799e-75
17.1839
9.45072e-74
2.09649e-53
2.81611e-23
9.48771e-83
5.29546e-75
28.1122
4.95775e-29
20.8936
28.8955
7.55581e-88
0.00283671
43.0006
7.34102e-22
57.9352
28.9801
13.8849
7.40204
13.0818
6.45393e-51
2.81729e-28
18.4943
3.62276e-80
53.7264
1.31953e-71
41.3189
7.88038e-65
2.3598e-11
35.4189
3.57888e-76
1.34768e-50
1.52349e-90
29.7575
1.0124e-75
5.43579e-88
5.2031e-44
49.0128
27.5387
35.3714
26.2725
7.52599e-50
5.34442e-53
168.652
6.51059e-74
1.01846e-64
2.29547e-47
8.84082e-86
1.32299e-90
29.7706
13.8836
7.42449
13.0623
3.6207e-52
5.36602e-42
19.4495
19.5914
38.0661
4.3906e-83
19.6594
21.3999
5.33316e-64
17.2289
20.6242
2.79358e-55
3.49745e-15
1.75978e-21
9.36213e-56
8.45121e-51
2.52549e-41
1.78135e-44
1.9498e-22
1.37451e-32
26.2653
19.1039
7.88781e-16
5.42132e-81
26.6395
26.9327
1.84175e-28
5.58533e-79
53.264
4.83239e-73
13.8847
7.40204
13.0815
22.7649
6.76709e-81
25.3255
3.40647e-71
5.06743e-26
1.97185e-22
1.29104e-52
2.79892e-88
3.35014e-45
32.1738
2.48639e-33
3.37156e-61
1.68579e-15
32.3757
2.30572e-83
26.3024
4.45016e-38
1.41831e-89
73.4839
9.08536e-73
99.6084
1.737e-63
35.6113
21.3415
2.26335e-64
58.1452
59.254
7.91128e-87
4.3461e-83
1.37776e-61
1.29806e-10
3.1543e-89
9.53144e-41
5.16056e-78
1.70813e-21
5.11917e-78
1.64943e-84
54.3303
3.24945e-84
8.39214e-88
6.03158e-75
6.08699e-76
5.08901e-72
2.22623e-89
7.84368e-89
1.22676e-09
1.14885e-79
2.26466e-80
9.4307e-62
23.0326
4.23271e-81
1.90666e-42
21.8435
32.5627
3.58201e-76
49.1162
3.04979e-90
26.6115
60.1371
9.64602e-54
1.17419e-67
4.53047e-54
39.1345
2.08199e-53
183.914
1.04049e-88
4.80661e-90
5.82316e-85
5.96792e-79
40.2692
2.7808e-84
1.37152e-84
5.40951
2.7472e-63
42.4612
69.4323
29.3255
4.43789e-80
5.5727e-73
3.60714e-23
2.77782e-14
1.95892e-45
40.4699
1.33992e-84
5.83502e-59
1.31387e-20
31.6176
3.5792e-76
34.5795
3.44118e-78
1.7269e-23
4.96085e-75
2.47292e-69
3.00241e-67
37.6085
21.4039
1.43588e-67
78.5361
81.6457
15.2917
9.24487e-67
27.4742
9.1572e-89
5.61839e-55
6.70846e-16
3.63494e-06
2.11287e-86
14.5034
136.967
3.25442e-88
3.49748e-71
1.7885e-87
28.649
66.5432
3.76424e-44
40.2122
2.59286e-42
30.8897
2.38266e-30
32.3902
3.58083e-76
288.762
66.9804
26.3462
3.68206e-12
5.21344e-84
3.82918e-85
1.59494e-84
35.62
1.9046e-64
3.12317e-75
1.59206e-90
8.88151e-09
2.04805e-27
1.33003e-64
94.4737
7.26804e-74
1.05339e-88
7.21847e-26
6.35634e-74
7.04308e-76
6.77455e-39
23.6905
5.63997e-50
1.03144e-86
7.4009e-81
4.52748e-51
6.10377e-56
1.04198e-69
1.01912e-54
1.2062e-69
5.56446e-59
1.36513e-81
34.1243
2.25405e-71
3.50932e-46
1.83096e-91
7.71376e-73
1.69018e-77
9.69577e-75
8.41575e-91
54.2788
1.49955e-75
1.27236e-90
50.2745
28.6916
3.45478e-75
6.84369e-51
1.49258e-90
28.3478
10.2613
3.37207e-51
3.1028e-78
2.93635e-89
7.61171
2.42769e-47
1.17299e-52
2.28072e-41
1.96256e-69
53.276
29.7852
6.21342e-71
1.25814e-65
6.71899e-64
1.35293e-74
3.56802e-86
29.9675
5.80268e-76
3.10402e-70
115.593
1.31037e-90
9.37632e-49
2.83232e-57
7.21133e-87
9.1353
2.37129e-55
13.1956
7.40648e-37
1.17049e-79
2.35115e-63
1.98239e-49
1.80097e-59
2.28598e-89
30.309
37.777
2.69321e-31
8.63121e-10
13.7077
3.92324e-11
1.67916e-75
1.24303e-28
4.6988e-84
5.3864e-89
2.88311e-26
1.50214e-23
55.966
3.89608e-85
7.53402e-63
7.27116e-92
7.04302e-90
164.302
1.25662e-37
100.182
3.59695e-87
0.000336815
18.0028
165.128
9.91147e-37
9.64734e-66
71.2724
31.2543
2.82131e-68
6.64307e-80
3.68444e-78
8.25278e-91
3.05326e-76
2.04523e-81
20.2518
2.63565e-75
7.0679e-60
6.45511
3.52828e-35
2.06413e-72
28.6406
8.90001e-26
2.52596e-64
2.6493e-86
1.96555e-56
5.73464e-89
6.8878e-45
4.58093e-45
3.09049e-90
1.8531e-25
5.99622e-74
4.93693e-21
2.23005e-38
2.73448e-87
4.19662e-88
58.0329
20.8576
2.5053e-62
3.55265e-72
1.30425e-63
0.00015047
3.29272e-59
3.42526e-77
1.41157e-23
26.2667
1.45784e-37
3.19638e-30
4.64448e-88
5.65235e-09
2.53192e-91
2.33844e-87
1.03416e-81
3.93663e-89
2.2265e-57
1.28824e-37
75.4519
7.12943e-20
20.7892
4.12884e-65
2.18972e-61
7.16084e-87
24.3615
1.03598e-30
1.25116e-85
6.64045e-82
1.00194e-82
53.5289
49.8926
14.9264
1.81074e-72
1.29286e-79
13.884
7.50454
12.9923
6.1938e-85
1.47032e-41
2.55502e-50
1.12873e-51
19.2501
4.66101e-90
2.26358e-13
3.34234e-83
4.13465e-19
30.7902
2.33335e-76
1.79116e-81
4.04911e-65
5.82342e-84
9.01826e-85
7.1638e-19
27.9487
1.77488e-43
3.14905e-72
26.9661
21.2739
4.21462e-49
1.06529e-73
1.22263e-56
1.67928e-89
21.3704
9.45112e-78
54.2091
52.5321
1.48126e-55
13.8782
7.52354
12.9755
22.717
7.02072e-59
34.6739
1.70678e-33
22.1191
11.2997
34.0353
4.28349
7.91833e-75
25.8582
19.289
21.6054
8.04778e-70
1.25712e-70
5.69386e-73
1.33856e-51
2.0228e-78
1.44879e-71
3.85367e-45
1.63368e-62
21.2522
18.6525
1.66029e-77
26.7754
8.25754e-78
3.80072e-74
1.92827e-53
82.1303
6.70825e-48
7.88828e-75
13.8838
7.50454
12.9921
4.85883e-28
1.42876e-40
3.79188e-79
13.1013
9.85305e-68
3.19696e-79
2.52556e-11
30.4092
1.51911e-90
28.4435
1.03589e-30
5.03889e-86
1.14659e-81
22.4052
50.134
1.44273e-88
5.63699e-85
1.76446e-35
39.2456
1.39287e-69
5.33805e-90
29.8416
8.46368e-57
4.23222e-86
0.783116
3.59342e-80
23.0528
4.5211e-52
4.65684e-79
3.25719e-44
6.43984e-70
8.86856e-87
1.15058e-77
8.99066e-79
1.84956e-86
7.41997e-78
2.86518e-66
27.5605
2.79573e-43
3.35292e-78
42.3293
6.32948e-87
6.59258e-90
1.13255e-90
9.72456e-92
6.45912e-77
2.64912e-78
7.74436e-78
2.35305e-23
2.50636e-36
9.81921e-09
4.29228e-55
8.23565e-64
31.6595
3.58171e-76
3.21668e-87
3.14649e-88
4.98777e-36
1.45516e-43
9.46005e-39
1.32554e-27
1.10982e-32
3.58402e-90
1.42875e-66
1.16267e-78
1.01503e-86
61.5482
2.81208e-82
52.9574
75.1675
8.40917e-75
3.99385e-51
1.01682e-74
3.30755e-87
1.55665e-89
3.00916e-33
29.5751
2.37545e-90
3.5218e-87
36.9092
33.2846
2.41624e-53
8.65955e-87
4.44832e-72
20.2932
3.41264e-78
30.7347
2.34152e-76
1.83872e-86
35.2417
89.7151
21.6006
1.2325e-20
6.15882e-20
2.72936e-12
6.40137e-67
7.19185e-90
48.2968
76.6586
0.000323636
4.82781e-39
1.22518e-10
1.67852e-86
1.9812e-62
2.69947e-63
5.03863e-75
24.607
8.48949e-53
57.3339
2.12951e-88
1.05867e-90
1.3719e-91
2.23443e-71
46.6725
7.70141e-82
2.25318e-65
3.03216e-72
1.50023e-87
3.22593e-33
31.4259
3.57659e-76
1.55501e-81
2.71875e-19
1.64407e-51
1.20569e-72
9.59349e-67
28.8914
3.93459e-38
27.8137
6.04196e-64
6.80491e-78
2.36951e-89
5.8606e-51
1.22141e-73
56.3677
6.30059e-76
1.39775e-83
23.6838
2.79057e-49
3.08315e-12
1.20775e-86
2.71686e-90
1.03286e-07
4.0615e-53
1.54103e-80
8.691e-89
38.2037
7.44744e-32
7.11141e-31
1.57329e-81
1.65901e-88
4.40159e-72
26.7298
1.63841e-30
2.44878e-57
9.49168e-86
2.46956e-45
8.47067e-89
21.2292
4.18863e-49
1.92709
8.66827e-33
9.01524e-67
1.27062e-90
0.0778391
29.2792
0.0001108
7.55564e-90
15.9697
1.96715e-84
3.48653e-84
29.4091
4.06638e-47
1.23189e-89
22.202
1.76942e-57
1.68827e-72
9.51989e-85
7.44792e-33
1.19345e-50
2.07772e-54
6.93814e-87
3.24609e-53
68.8588
1.24429e-74
9.78717e-82
7.73764e-73
3.55461e-91
3.69724e-72
1.19649e-74
6.44735e-33
4.87326e-81
2.48468e-91
3.29569e-88
1.05661e-65
3.28691e-44
19.183
19.1358
1.92214e-90
3.00822e-83
76.9686
76.2056
5.60706e-28
1.02058e-46
3.0811e-28
6.32946e-91
3.68344e-73
21.1932
23.0467
3.25285e-46
1.69719e-41
1.147e-87
3.19604e-13
1.47863e-23
4.40314e-86
1.71516e-64
1.02888e-44
5.73824e-64
4.78616e-86
22.3528
7.27459e-65
3.80937e-72
13.8952
2.13713e-85
1.55399e-31
1.39577e-44
94.7062
1.89662e-79
19.8079
77.7213
3.37152e-88
75.9011
4.17076e-71
61.2077
31.8369
1.99683e-61
1.74305e-33
100.632
1.47767
1.55463e-74
21.404
2.91539e-29
2.12731e-74
38.0991
6.3404e-19
19.8319
32.3351
4.3416e-65
3.47275e-64
1.8623e-59
7.61389e-59
4.74886e-90
2.47198e-91
3.87744e-79
2.00883e-65
7.12368e-88
21.9365
7.54619e-29
54.0927
2.11199e-37
7.02239
3.20209e-52
9.67029e-29
1.7429e-84
9.44481e-60
6.37386e-78
3.67935e-39
1.4939e-82
1.29779e-65
3.13533e-66
2.24529e-88
7.39301e-53
1.20576e-91
2.0788e-87
3.85693e-81
3.38804e-89
1.78336e-56
1.59282e-90
45.7881
17.6573
7.08518e-83
37.8098
8.55749e-60
8.34248e-84
24.3539
1.03599e-30
119.231
186.695
2.65312e-76
2.51666e-65
2.84319e-70
5.62016e-48
1.34643e-44
6.17407e-64
13.8836
7.50542
12.9918
27.3924
5.98396e-50
5.21951e-81
28.3404
63.8107
27.8282
1.19885e-49
23.3809
4.78346e-20
30.7756
2.33999e-76
1.28225e-24
6.29632e-67
1.27706e-61
7.58546e-67
18.203
42.2196
119.116
2.19864e-82
26.1059
21.2571
4.21462e-49
44.1488
1.71796e-64
4.44664e-90
1.33768e-29
0.64118
3.42077e-78
43.3276
31.2124
13.8773
7.52447
12.9747
18.3745
1.14275e-79
62.7633
6.83161e-42
21.8124
5.77742e-74
20.294
1.01897e-67
7.54867e-73
25.8413
19.3615
4.75731e-76
28.7948
1.62722e-91
5.70006e-29
2.03386e-11
3.20834e-85
53.672
33.6103
3.80789e-59
21.2358
18.6501
2.19922e-79
6.40259e-20
33.3713
22.91
1.43003e-90
3.20892e-52
7.66683e-21
8.70569e-74
13.8833
7.50552
12.9916
4.63866e-59
4.66976e-79
1.64427e-40
41.2097
29.4303
22.9337
16.2006
2.81104e-64
3.62705e-63
28.4357
1.03598e-30
1.12631e-86
26.9454
5.86395e-91
8.70379e-78
1.55609e-55
1.5826e-80
7.29542e-66
3.65166e-78
6.28749e-69
67.5609
5.75021e-46
56.7167
5.41772e-88
26.7073
55.35
35.2811
2.06635e-81
1.63756e-90
1.13206e-89
4.21758e-62
2.91303e-12
1.92117e-62
5.06207e-88
3.46826e-78
2.25781e-90
9.27667e-35
6.79354e-36
1.27311e-69
8.00927e-22
6.07193e-72
5.62958e-43
7.89423e-90
5.60108e-89
3.17842e-91
1.0399e-89
39.7764
6.08785e-89
6.55229e-27
1.59346e-41
5.87817e-85
4.72115e-74
7.31647e-80
31.659
3.57812e-76
9.75681e-90
1.5587e-73
5.66239e-79
29.9954
1.23477e-34
32.831
52.926
4.28364e-59
1.05754e-74
7.91979e-87
4.92862e-90
33.2192
20.6795
4.71629e-62
7.30887e-83
1.30919e-67
1.11436e-62
1.12407e-89
1.49657e-86
9.84745e-72
4.36087e-44
29.5716
2.91343e-29
4.7825e-55
2.68102e-61
34.2947
1.13853e-77
6.2529e-61
41.052
62.5899
4.29798e-49
30.737
2.33727e-76
2.53323e-80
27.6576
3.34389e-85
5.91612e-67
1.4321e-53
2.11717e-41
7.20209e-82
1.78256e-86
59.8401
78.675
76.6978
52.3335
6.08978e-43
1.45588e-58
23.5107
1.15415e-61
4.91322e-61
1.14478e-59
5.37498e-63
5.90097e-68
56.0403
6.96669e-87
7.58761e-89
1.00072e-73
47.5409
2.09871e-66
1.26626e-46
2.49081e-82
3.56351e-88
1.96036e-09
7.14773e-53
31.425
2.33675e-76
7.67139e-06
1.1197e-05
20.7492
5.06048e-91
51.1674
1.83874e-45
43.7774
1.36041e-61
5.83713e-64
1.0603e-77
2.36508e-89
3.28722e-50
1.42765e-81
4.50727e-32
5.43719e-80
4.41959e-11
5.4091e-89
1.14714e-59
3.83423e-63
98.6123
1.73082e-89
35.6015
8.11158e-76
2.86506e-34
60.5552
24.0368
9.90559e-17
2.00747e-32
2.83475e-62
0.0107767
1.03205e-77
35.3789
63.5299
9.75621e-83
9.28412
9.87437e-83
9.31401e-66
1.47097e-62
2.27696e-83
5.56649e-20
3.54661e-38
1.43643e-78
1.2706e-90
5.12129e-05
28.6477
2.63681e-66
44.4745
60.6471
2.61434e-43
24.1909
14.4713
2.145e-86
3.74373e-91
22.2009
2.33203e-76
4.53256e-41
5.63393e-72
4.80293e-36
39.2394
9.81131e-34
4.71596e-66
33.4841
4.58049e-32
4.5551e-80
5.37858e-54
18.5965
2.06921e-91
1.22973e-62
38.875
3.38541e-64
1.21604e-35
1.15294e-68
8.07568e-35
1.28836e-47
1.69841e-59
19.2629
26.6982
80.0166
1.12423e-78
64.7325
2.52532e-25
1.37009e-37
2.67167e-75
4.09141e-83
5.99105e-89
2.24086e-64
21.193
2.33189e-76
5.6859e-85
12.5137
7.43003e-88
2.90326e-84
3.40271e-54
8.97651e-81
6.51693e-86
2.46597e-53
6.12661e-47
1.01972e-67
22.2965
8.40672e-29
1.1965e-30
30.0287
3.44657e-86
1.85705e-73
5.92168e-35
4.92664e-72
7.06263e-78
1.17131e-71
0.276191
4.97827e-88
38.7357
1.78565e-66
52.9556
4.33704e-90
1.65598e-64
1.34896e-61
8.23177e-61
24.3184
1.09349e-67
21.403
2.33204e-76
1.23988e-40
38.0922
1.07372e-89
3.64187e-89
1.2525e-73
26.5552
3.15378e-81
8.12683e-71
2.26257e-36
4.74884e-90
2.58845e-90
4.59587e-90
1.72449e-40
1.93952e-66
55.3154
2.5092e-48
13.6201
28.6049
33.9231
3.60979e-87
3.0724e-88
19.6138
3.62092e-52
4.07609e-79
2.06815e-59
4.10889e-44
2.39222e-75
6.75406e-75
1.20459e-86
28.0491
1.30391e-90
2.51585e-90
1.94399e-78
4.61711e-90
4.19214e-56
2.7389e-82
7.15868e-87
22.905
6.70036e-17
35.9811
4.91989e-75
7.70589e-65
24.3538
1.036e-30
2.84002e-07
9.64004
3.43631e-76
46.0178
1.8547e-28
2.05161e-47
9.89637e-31
33.8615
13.8835
7.50543
12.9914
1.10474e-11
3.61174e-05
4.91292e-19
1.0198e-56
0.996105
27.5586
3.72991e-25
1.94642e-79
2.02203e-20
30.7765
8.15948e-76
2.27338e-70
1.85546e-66
7.06842e-77
2.73709e-66
4.81048e-86
1.67606e-09
2.51542e-87
1.49709e-80
1.21075e-83
21.257
4.21457e-49
2.13782e-79
1.64725e-62
79.8183
3.74963e-88
45.8898
5.84884e-78
44.3997
2.43368e-68
13.8777
7.52467
12.9749
23.7673
6.39629e-15
2.70696e-78
2.99959e-42
22.387
52.6123
27.1876
8.01783e-68
8.99021e-76
25.8411
19.3615
2.38719e-63
12.885
2.34219e-87
2.26784e-89
3.05008e-55
5.35599e-64
7.12782e-72
3.08457e-38
5.30061e-67
21.2363
18.6514
1.15291e-86
1.82309e-22
53.7182
6.70323e-83
3.9423e-29
3.21734e-85
9.11511e-54
36.3741
13.8836
7.50591
12.9919
1.00205e-34
4.55283e-79
62.6451
73.3568
2.70459e-88
6.90443e-84
4.62889e-48
1.02413e-72
7.16101e-87
28.436
1.03601e-30
2.30554e-87
5.2778e-76
8.27625e-61
3.25471e-36
1.79687e-83
4.15126e-79
6.09552e-90
23.4998
3.44613e-69
1.01076e-91
2.22046e-89
2.31145e-38
2.46032e-84
1.67456e-88
62.821
25.253
30.31
6.70232e-78
39.6617
9.1668e-82
3.88934e-23
4.51504e-07
63.9683
0.000302956
47.2076
85.1828
2.50377e-43
8.54397e-42
1.47039e-42
7.66216e-73
1.40015e-39
6.67387e-90
1.10264e-90
3.13292e-69
1.41018e-88
8.39719e-82
1.29928e-79
14.8937
1.23626e-44
1.31541e-72
7.15826e-05
1.16844e-27
31.6592
2.33706e-76
3.89552e-48
3.17533e-80
2.0631e-29
1.53955e-24
4.16348e-61
2.27532e-44
9.58224e-71
2.29102e-82
1.67326e-82
2.06704e-84
3.22006e-92
27.8703
2.62662e-59
9.24945e-89
112.191
1.52181e-75
7.81162e-78
38.5148
1.13284e-86
0.778937
8.88739e-43
28.9965
3.42502e-30
3.6016e-72
3.92731e-40
36.114
0.489721
7.90012e-62
6.29586e-62
0.00162449
48.4885
30.7363
2.33361e-76
19.8601
2.85506e-46
2.73423e-46
8.7234e-36
9.61531e-28
6.41474e-87
1.02062e-89
68.3607
7.54022e-59
5.31895e-72
1.61877e-74
48.5573
64.7486
4.21359e-43
9.67902e-46
61.7818
2.4686e-39
4.39623e-91
96.988
48.9176
58.6654
2.27378e-64
9.93416e-72
4.95571e-49
36.3819
2.70941e-27
43.4361
76.3412
33.8985
43.1792
5.6198e-72
31.425
2.33203e-76
8.59581e-71
0.000337873
6.70774e-50
5.80579e-77
85.7674
37.7511
22.3842
85.8742
5.46198e-82
1.60657e-78
3.69303e-89
3.28615e-50
7.08289e-43
6.39031e-37
46.2188
5.14267e-59
39.7655
2.14824e-43
42.1085
3.79458e-88
7.88003e-90
2.54401e-07
6.75218e-64
1.40733e-72
1.45964e-83
2.24463e-87
3.5065e-30
2.661e-86
2.02673e-50
158.606
1.23021e-69
40.4345
1.23562e-42
2.90843e-81
56.2024
6.2036e-89
27.0058
3.54461e-34
2.33325e-51
7.64041e-86
28.1837
1.8834e-77
1.27058e-90
5.12137e-05
29.2768
0.89027
20.8726
3.20168e-91
8.43611e-87
1.39582e-75
8.7833e-23
2.60498e-75
1.80681e-57
22.1998
2.33676e-76
52.7773
2.76228e-86
2.54296e-90
8.81959e-45
7.25883e-67
1.11817e-53
74.0879
9.25196e-11
1.26211e-74
1.27383e-53
28.3181
6.41583e-89
1.8864e-40
1.82703e-09
9.52538e-83
1.03745e-79
9.95206e-59
2.43163e-90
2.98812e-75
1.88251e-75
18.2446
26.946
9.88976e-42
3.40146e-85
3.29666e-65
6.26509e-75
71.7599
39.5561
47.8141
28.324
1.7441e-37
21.1915
2.06767e-46
1.05229e-76
2.54704e-42
1.74387e-37
3.90436e-75
1.45334e-54
21.6177
35.2819
37.5567
2.86647e-71
5.60425e-71
22.0742
8.93655e-90
7.93491e-61
2.66383e-86
28.6983
13.0567
2.28302e-70
72.2708
3.69346e-15
5.15955e-78
0.0208941
4.98165e-88
32.8224
1.57761e-26
7.00096e-66
3.27411e-68
1.37588e-83
1.2047e-87
6.61298e-71
9.24967e-62
7.7316e-62
21.4028
2.33675e-76
2.2945e-07
38.0861
1.26298e-86
3.79124e-75
65.9316
21.9737
1.96196e-59
6.49991e-38
1.54166e-70
4.74878e-90
9.08525e-92
6.84976e-67
2.23927e-71
3.7646e-50
1.36711e-14
3.95984e-38
1.0027e-32
2.96214e-16
28.2282
1.76261e-66
5.34637e-25
3.99803e-35
2.40028e-84
1.99461e-60
4.16255e-77
78.67
18.6472
1.02531e-73
3.60283e-83
1.36235e-84
9.40748e-90
1.15343e-90
3.26953e-75
5.52737e-91
4.20026e-56
7.81622e-86
35.4405
33.2988
1.81487e-72
2.06416
3.14193e-42
5.8688e-76
24.3539
1.03599e-30
17.7425
3.64564e-88
6.2963e-78
47.8856
1.36541e-71
2.00474e-56
32.6063
1.31998e-19
13.8834
7.50542
12.9912
2.81605e-42
2.12976e-45
25.177
4.84633e-55
3.81137e-69
57.1809
18.4318
3.8801e-32
2.35037e-21
30.7756
3.06095e-74
1.35557e-88
9.92707e-67
1.10395e-76
23.2991
2.73391e-39
2.2741e-75
7.91011e-53
2.29615e-81
4.37905e-81
21.2573
4.21388e-49
4.01821e-32
4.15114e-61
88.6651
20.4771
0.0028771
5.07769e-57
39.5306
1.32906e-20
13.8777
7.52454
12.9749
1.8822e-80
7.60108e-28
1.36528e-06
5.1272e-43
21.5867
7.66016e-79
31.1701
4.26265e-42
6.92704e-83
25.8412
19.3612
8.51253e-56
2.95772e-72
1.97664e-90
9.14522e-49
4.15586e-87
1.65821e-55
0.0915189
1.16949e-34
5.72215e-85
21.2363
18.6422
7.76052e-80
2.65996e-82
3.29439e-89
22.3567
3.23318e-44
1.1592e-82
3.73517e-50
1.00261e-55
13.8834
7.50572
12.9916
7.57189e-07
106.644
30.5102
3.54368e-73
1.56378e-30
23.3853
6.94052e-77
52.0511
3.93571e-75
28.436
1.036e-30
4.87383e-86
2.66764e-76
2.54807e-53
4.33382e-61
4.70445e-24
6.90505e-79
36.178
3.6197e-72
6.56353e-72
7.15091e-92
2.15519e-51
5.67002e-88
2.18749e-84
43.2043
1.61982e-76
27.5266
1.83391e-36
1.83006e-07
121.378
2.88255e-89
41.8028
2.89063e-62
1.80541e-78
3.61305e-91
9.45403e-89
4.43778e-86
0.00637739
7.48555e-24
1.16233e-53
90.9711
2.51774e-36
2.8211e-90
1.22922e-90
2.36296e-81
8.1411e-87
1.18375e-16
1.14863e-67
4.03062e-30
5.24259e-81
6.46548e-83
4.12227e-75
1.75116e-13
31.6601
6.89459e-21
3.24566e-34
3.24613e-18
73.9196
61.3643
59.6484
39.1913
4.27422e-21
4.3089e-86
3.88059e-64
54.9336
1.50718e-72
58.5996
1.25094e-71
97.1842
50.9185
7.57474e-60
6.54349e-74
58.8435
69.8491
6.48846e-78
5.69343e-66
26.5806
15.6151
1.31905e-79
8.25313e-38
4.03572e-91
4.02383e-75
6.48098e-79
1.05462e-79
23.9213
24.1892
30.7367
24.9679
9.31401e-34
1.19124e-76
1.8856e-84
1.6145e-83
2.03302e-27
84.5685
6.78054e-56
2.16982e-46
3.39304e-10
4.06182e-72
1.06036e-84
47.2679
4.2914e-19
0.0215703
5.38709e-86
2.24035e-43
3.43903e-41
3.03801e-72
2.16207e-90
1.7115e-22
169.067
1.05068e-43
87.5678
1.77497e-74
8.15269e-91
7.18414e-89
59.5805
2.18271e-54
60.3892
5.42224e-12
1.45883e-89
31.4262
4.6262e-55
50.9337
2.22998e-79
23.8813
6.87356e-21
2.20561e-21
6.53703e-70
4.46825e-06
1.9028e-81
26.3515
2.28038e-81
4.73095e-45
1.2189e-52
5.7222e-57
1.3853e-53
2.86216e-87
7.4009e-66
9.66663e-10
1.93798e-19
7.73238e-81
12.3389
1.03995e-89
1.92896e-82
6.40064e-54
18.8717
3.17811e-66
4.7426e-88
17.5562
7.81509e-90
1.10532e-80
38.6075
5.43236e-79
1.15775e-81
8.71945e-82
5.5552e-56
3.86879e-28
9.02609e-91
2.31528e-91
4.46698e-82
1.60117e-90
1.44013e-38
7.51718e-87
7.92079e-81
1.2667e-90
3.33023e-05
29.441
2.78773e-45
23.9321
2.77908e-08
38.3547
1.10194e-18
73.791
5.07603e-33
2.32945e-71
22.2009
3.57839e-76
6.16723e-64
7.39346e-63
1.94785e-82
6.83268e-72
3.30859e-24
1.36439e-28
4.0018e-78
1.33953e-63
7.73884e-85
2.97055e-50
27.8374
2.77114e-85
1.41947e-69
1.18952e-81
6.54748e-26
6.92284e-70
57.272
1.51064e-72
27.1371
6.88875e-84
21.4793
26.9388
1.64234e-86
1.50483e-51
5.57264e-59
1.08553e-29
5.20662e-89
1.3138e-26
1.89363e-66
1.5017e-73
5.05827e-60
21.191
2.34141e-76
5.99553e-07
55.7328
8.9767e-90
7.93172e-27
4.23158e-59
43.945
1.04413e-89
3.69014e-59
2.02181e-61
4.84453e-79
22.0661
68.8391
27.126
6.74166e-65
1.84493e-78
1.45999e-67
25.8014
0.0027057
25.2166
26.1083
74.2271
1.86396e-31
2.38217e-86
5.92727e-73
81.2364
87.9122
4.56798e-63
4.25314e-83
33.966
9.3787e-72
48.1534
21.4046
3.57832e-76
28.3422
40.1512
1.63993e-71
2.50211e-89
1.5099e-66
0.00117772
1.53333e-80
24.1145
9.80451e-65
3.08116e-90
6.86922e-90
2.18337e-68
0.00317316
1.17926e-83
2.44023e-76
1.66395e-75
2.83361e-89
9.19115e-50
26.1578
7.7126e-74
1.15652e-32
30.3272
30.9461
7.27294e-15
28.6571
86.0345
8.82659
1.94841e-79
0.00401192
48.7705
2.12973e-90
1.45432e-91
2.29133e-72
1.17805e-85
3.42007e-58
6.63099e-91
5.68837e-73
2.09629e-88
41.0123
7.06612e-63
44.7573
4.07792e-76
24.3615
1.03589e-30
2.77246e-49
2.26027e-87
4.86224e-69
53.3738
1.02142e-64
45.0324
39.82
4.92522e-57
13.8841
7.50454
12.9925
2.69174e-29
6.3326e-61
2.31403e-47
5.9323e-52
6.17374e-72
1.4447e-29
31.423
47.2592
7.53016e-23
30.791
8.74137e-38
3.13982e-59
6.75306e-64
1.10745e-88
1.90363e-58
1.5323e-51
17.7171
26.3043
21.2671
6.72334e-84
21.2745
2.7409e-49
1.07413e-61
3.11015e-84
19.7805
1.57691e-90
2.82523e-49
116.898
6.57551e-88
2.83463e-86
13.8785
7.52354
12.9759
4.08201e-36
4.47857e-43
1.70378e-11
6.53499e-26
6.03312e-15
6.88571e-34
1.03468e-58
17.852
2.813e-68
25.8587
19.3573
9.27384e-31
1.42915e-53
1.44978e-69
1.8249e-76
9.22007e-29
2.29336e-87
1.76957e-66
65.5159
35.2299
21.253
18.7679
6.63539e-80
3.85774e-69
0.00215928
1.17036e-34
29.1317
20.1081
1.24306e-40
7.07402e-30
13.8841
7.50479
12.9925
3.89819e-81
2.86223e-76
1.57843e-80
3.43069e-20
24.5288
63.384
33.8244
1.55432e-90
30.3276
28.4435
1.03596e-30
1.00709e-86
4.12007e-81
9.39298e-66
3.99066e-80
9.01262e-34
4.04699e-22
306.511
36.4011
2.78628e-75
1.92075e-90
2.18401e-89
6.68773e-89
1.75703e-85
6.83536e-45
4.72803e-89
29.5947
1.54338e-49
9.89254e-46
1.51385e-80
3.64186e-75
3.56578e-26
29.1726
4.90673e-75
1.23621e-88
2.13887e-85
81.39
22.3245
30.5782
4.96343e-89
9.62467e-81
6.35798e-40
2.82716e-90
7.62535e-90
5.84332e-89
1.55291e-55
6.8725e-84
1.08161e-90
38.4818
51.4731
2.62333e-79
6.05842e-16
36.1917
41.2831
3.52916e-35
1.37873
1.92831e-77
65.085
1.35023e-89
55.6146
3.00667e-72
2.65592e-67
4.12507e-41
1.78761e-85
3.24892e-33
3.4939e-37
29.3518
1.37539e-63
6.57963e-67
1.53529e-47
5.27698e-74
4.82179e-81
3.39906e-69
4.00646e-49
1.22807e-80
4.62959e-90
59.867
6.85321e-89
1.25253e-80
2.98621e-39
1.10275e-54
3.49196e-78
1.27944e-89
39.8618
8.80453e-85
1.43479e-72
27.7725
2.39211e-19
34.7752
1.80618e-37
1.84581e-73
9.35039e-88
5.59525e-84
19.3795
38.0487
81.253
4.69876e-69
61.51
60.2356
42.9114
1.91016e-83
20.5056
2.17898e-25
1.34134e-59
1.75833e-80
1.27882e-80
8.95591e-08
1.84046e-82
64.5763
40.4562
153.621
7.30901e-68
1.21812e-69
70.507
40.8247
4.48759e-39
6.69999e-79
3.06197e-83
8.65413e-81
34.9964
3.22073e-46
129.206
3.7337e-78
5.28588e-90
9.56973e-77
7.99136e-84
15.0974
20.2472
50.4936
3.853e-70
1.21346e-84
4.13565e-90
30.1683
5.04272e-82
33.2499
2.61909e-05
8.4885e-88
45.4377
1.4918e-32
9.30988e-89
1.59496e-75
1.29749e-83
27.5465
3.54554e-76
3.75355e-59
9.6824e-41
1.75191e-73
2.20862e-37
42.9961
1.40878e-29
46.1871
4.73622e-82
1.80025e-80
6.51812e-87
1.50814e-73
3.92354e-78
6.01358e-76
5.26159e-71
2.35072e-83
1.43782e-79
35.0774
1.32438e-58
9.74796e-78
16.9305
45.5497
4.6613
5.04362e-72
1.63028e-81
100.035
4.35759e-78
1.22923e-32
47.4305
21.0239
1.09784e-42
23.1765
3.58081e-76
5.24592e-26
5.0637e-80
6.5366e-63
9.47611e-91
1.69598e-46
42.7491
3.1739e-50
77.2401
9.24394e-62
236.279
5.75261e-72
1.08098e-90
9.42531e-92
9.11863e-59
3.07962e-53
152.29
8.30369e-75
4.11955e-84
1.28548e-59
15.0566
72.9604
31.2716
6.7012e-59
2.60715e-55
8.73833e-78
1.35901e-56
7.82365e-88
1.02214e-75
1.59322e-09
8.50023
1.68672e-68
22.1418
3.57998e-76
3.09338e-78
5.07386e-56
7.65581e-76
1.63689e-66
3.49773e-83
5.51124e-87
9.18749e-75
26.8338
13.8239
63.8612
28.7781
3.46432e-83
1.48094
32.4628
5.65301e-86
6.05763e-51
2.94723e-58
32.7697
129.898
5.06957e-72
24.241
7.90484e-08
56.4122
1.11159e-49
1.45578e-86
2.05252e-42
1.45681e-87
3.96025e-72
7.86948e-15
4.11008e-79
6.58824e-83
22.461
3.58064e-76
2.63656e-28
1.75234e-37
67.4385
31.2164
7.3797
8.71199e-87
4.95352e-54
71.3666
2.20578e-61
2.93868e-75
58.0559
1.2451e-75
2.20902e-86
2.91425e-76
2.25429e-90
1.71613e-74
2.02207e-87
1.16045e-29
4.14301e-59
85.3691
2.95294e-44
4.32341e-90
2.44482e-77
6.31044e-81
2.6068e-43
32.9978
1.47414e-70
2.66388e-81
1.36439e-65
36.6286
1.03473e-90
6.11252e-78
1.51941e-71
2.84796e-72
39.9547
9.58451e-77
5.00893e-11
7.04322e-89
6.66493e-85
1.73007e-31
3.95965e-75
7.53909e-76
28.112
2.48641e-33
9.4348e-78
8.51781e-85
1.90449e-90
8.92659e-86
2.22674e-83
2.56344e-23
3.63238e-82
7.23625e-83
13.8851
7.40204
13.0822
1.60334e-23
3.49761e-76
23.4791
6.25936e-75
9.80576e-78
3.36353e-90
23.8391
4.48025e-86
2.1468e-87
35.4379
3.57999e-76
4.11995e-86
2.08524e-19
23.7031
2.64279e-48
1.02216e-87
0.000180511
1.29928e-45
3.11101e-74
2.74836e-80
25.7906
3.91625e-43
1.52733e-54
40.3292
4.3612e-43
6.84246e-81
2.99056e-19
1.19563e-89
1.17962e-74
1.3258e-78
13.8836
7.42449
13.0626
17.8291
7.25604e-78
4.7457e-23
49.1835
13.3972
57.0696
12.4437
0.0273163
1.79059e-84
18.1696
19.9339
6.39358e-60
25.6048
8.69762e-88
7.95883e-82
38.7278
9.51233e-82
2.39291e-83
1.44451e-72
2.15853e-81
25.7836
18.4633
3.27318e-25
6.02395e-72
2.20449e-34
2.62356e-82
2.64134e-81
2.31522e-84
4.40293e-31
1.45949e-64
13.8848
7.40229
13.0818
18.3816
5.12205e-85
25.7863
3.11986e-69
3.92447e-26
8.9619e-72
24.3549
1.34337e-70
4.78457e-59
32.1738
4.95768e-29
4.93018e-82
2.204e-51
6.42947e-90
2.21401e-87
1.65602e-69
6.59146e-10
29.2563
6.58137e-64
8.77711e-79
55.549
8.27814e-89
6.30678e-53
26.1014
5.67548e-70
3.89281e-44
1.43867e-50
54.4648
22.288
3.27726e-81
3.03905e-64
1.11326e-19
1.58147e-20
1.28348e-86
26.2993
8.07117e-80
5.70307e-41
4.21875e-87
6.60053e-82
1.08197e-79
5.1014e-76
1.3367e-82
52.8118
1.64648e-61
2.43914e-89
9.40589e-90
43.5268
13.7284
5.87069e-19
2.76852e-20
3.63975e-65
1.19928e-37
5.91383e-20
32.1891
1.1723e-25
1.48708e-82
13.6211
43.7663
3.84231e-65
13.8343
5.91672e-30
2.77236e-64
3.52218e-38
6.63872e-71
2.97974e-92
4.55973e-29
5.25533e-29
1.22501e-81
3.41596e-40
37.6701
6.69861e-29
25.3059
6.10329e-79
2.23296e-77
34.475
1.82539e-89
97.872
2.16045e-76
1.47958e-79
2.52246e-90
2.25906e-22
3.1985e-37
4.40365e-81
1.05365e-68
1.57394e-85
2.54278e-79
32.1651
1.17257e-25
2.22644e-06
5.67371e-79
2.68446e-90
20.9802
38.9518
4.45604e-26
1.48596e-88
43.8911
26.5604
1.02722e-89
6.26889e-63
7.68507e-49
1.73547e-89
8.36266e-81
5.9805e-15
21.0567
1.83951e-60
49.8337
34.2763
2.47613e-70
2.16227e-75
5.28019e-78
3.57368e-17
1.30296e-86
2.13956e-71
3.90448e-85
9.03826e-21
3.03853e-69
2.94891e-48
1.24932e-07
2.0191e-69
32.1891
1.17255e-25
2.27125e-82
40.7364
3.18239e-58
1.44908e-83
1.17965e-75
6.14172e-63
6.35621e-85
4.7999e-87
7.86955e-71
5.26847e-90
1.343e-77
48.6549
1.04976e-86
7.12859e-88
8.70878e-92
12.5127
5.61376e-26
3.35526e-27
7.65446e-31
1.69855e-78
6.04454e-51
5.75879e-20
35.7315
1.03695e-89
1.43544e-50
3.23792e-74
1.36003e-88
8.25517e-87
1.71686e-69
4.68334e-78
VECTORS velocity float
-1.853e-88 -3.0476e-88 0
-6.86633e-87 -3.10752e-85 0
-4.27948e-20 3.85295e-20 0
3.80124e-65 5.88154e-64 0
-6.01971e-81 -1.62265e-81 0
-7.59637 -24.7879 0.736744
1.6171e-42 1.49581e-42 0
2.88279e-35 -2.57864e-35 0
1.18877e-61 -1.04581e-60 0
2.97508 0.735111 -19.0417
-2.86825e-80 -5.60743e-80 0
-1.36794e-53 -1.07977e-51 0
-12.2194 -28.9681 14.7456
-5.41858e-79 -4.3358e-78 0
1.14995e-64 5.33911e-65 0
-1.76958e-90 -1.83378e-90 0
8.83896e-62 1.17696e-61 0
-3.55018e-73 1.38e-72 0
-37.3348 -44.7388 27.2464
26.215 -14.8914 18.8557
3.50642e-82 -6.05722e-83 0
7.52272e-17 -3.57995e-17 0
6.21549e-52 1.02833e-50 0
-27.6441 -8.36895e-06 5.19669
-1.17255e-25 -1.69031e-29 0
9.73177e-53 1.73231e-52 0
1.00318e-66 1.48531e-65 0
-1.30607e-34 -6.72559e-35 0
-5.87325e-12 -3.21788e-12 0
-39.2716 33.2372 23.3289
0.332569 27.3094 -10.7796
-50.7503 23.0582 -8.27284
-1.53061e-39 -1.19125e-39 0
-9.63815e-63 6.79545e-63 0
-2.56656e-87 -2.63706e-87 0
2.06694e-67 -1.56789e-66 0
24.21 4.20165 -18.059
10.1676 13.4379 -18.0145
3.66544e-56 -3.65247e-57 0
4.20689e-84 3.59336e-83 0
1.08429e-39 3.51966e-40 0
-3.46958e-59 2.43982e-59 0
18.3668 41.6643 61.7855
-1.51611e-40 1.06613e-40 0
-0.0306828 -0.00277686 0
-1.0261e-92 9.09161e-93 0
1.99934e-71 2.05864e-71 0
-9.21335e-92 -2.45009e-91 0
-1.041e-89 -1.40736e-89 0
-9.08065e-78 -1.4761e-77 0
-5.7063e-79 -7.06527e-80 0
18.3501 2.84797 -19.3749
1.85683e-37 -7.92835e-38 0
-4.71734e-12 -4.23057e-12 0
-9.01462e-86 -1.06227e-85 0
-8.08972e-41 5.68871e-41 0
-27.6147 4.29933e-06 5.2188
-1.17258e-25 -8.49167e-30 0
-2.82922e-74 -5.1414e-74 0
-2.13846e-24 1.86106e-24 0
2.06444e-78 -7.58416e-79 0
1.804e-69 -3.02043e-70 0
1.07917e-74 -2.35395e-74 0
3.04999e-27 -5.82579e-27 0
26.066 -17.1087 11.6347
0.889607 0.5852 -20.2006
-1.76139e-73 7.39966e-74 0
-4.06549e-92 -4.57238e-91 0
-2.78213e-81 -1.38369e-81 0
-3.81319e-88 6.14845e-88 0
1.86221e-87 1.85818e-86 0
26.983 30.7322 -18.345
-1.42257e-89 5.39729e-90 0
9.07424e-63 4.59963e-62 0
7.34815e-48 5.50057e-49 0
-1.00216e-08 -6.23916e-10 0
7.77335e-13 -2.69968e-12 0
1.237e-62 1.91395e-61 0
-12.9598 86.103 -14.5571
1.37775e-62 2.13173e-61 0
1.54166e-57 3.08849e-58 0
-6.12579e-75 4.0953e-75 0
1.45496e-88 -5.34466e-88 0
-6.63364e-89 -2.11767e-88 0
-5.43367e-65 5.34482e-65 0
1.35679e-85 -7.627e-85 0
2.90281e-18 -1.25725e-17 0
-6.80695e-60 4.78666e-60 0
-2.26935e-76 -1.81586e-75 0
-27.6441 1.20589e-05 5.19669
-1.17232e-25 -4.02661e-31 0
-2.6062e-38 8.38661e-39 0
-5.89264e-07 1.27868e-07 0
-1.78849e-54 1.25767e-54 0
1.94785e-12 -2.46412e-12 0
2.23629e-82 -7.74702e-84 0
1.04256e-78 1.22319e-78 0
-28.3362 -4.03454 -16.8335
3.43928e-22 5.80266e-22 0
-1.2869e-71 2.84765e-70 0
-7.82842 41.635 9.43958
-4.72442e-60 3.32222e-60 0
5.13905e-49 -4.00598e-49 0
-6.63438e-90 6.35744e-90 0
1.11718e-20 -1.79659e-20 0
4.36275e-34 -4.70549e-34 0
-1.01879e-51 2.93855e-51 0
30.4721 -0.282409 32.1431
3.7819e-15 5.72364e-16 0
15.5844 12.4082 2.42455
-9.03399e-46 6.35272e-46 0
3.27105e-88 7.41654e-88 0
-1.14718e-20 -1.08853e-20 0
-1.90949e-44 1.34276e-44 0
-3.64395e-55 8.47977e-55 0
3.65372e-05 -5.61677e-05 0
9.47044e-41 -7.75359e-41 0
2.97874e-58 -1.77941e-57 0
13.2622 64.9948 21.6411
1.36916e-88 -9.44301e-88 0
-3.7531e-86 1.35898e-85 0
1.83178e-92 -2.51062e-91 0
-2.51924e-77 -2.01579e-76 0
-6.40683e-79 -6.58643e-78 0
-3.72564e-91 -9.30627e-91 0
26.7676 -11.4074 11.8123
-4.28435e-76 -3.29022e-75 0
1.68442 -7.24355 -15.4913
3.89446e-74 8.611e-74 0
-1.71493e-53 1.20594e-53 0
9.50679e-24 2.65079e-23 0
-5.26189e-83 -7.89488e-83 0
-1.557e-76 5.29317e-75 0
-0.000263562 -27.6258 5.20685
4.15276e-31 -4.95757e-29 0
-6.04257 -9.65722 -17.5148
16.3757 16.7536 -16.9146
4.86093e-88 -5.7846e-88 0
-0.000794099 0.0027233 0
22.4407 -32.4469 -17.1074
-7.30711e-22 7.04748e-23 0
4.57391 -57.6111 -4.06587
21.7028 -5.78372 -18.3134
-1.04465e-05 -8.05975e-05 -13.8849
-3.94539e-05 -2.07748e-05 7.40204
-0.000170886 -0.000126274 -13.0818
5.77214e-51 2.88713e-51 0
2.7985e-28 3.24857e-29 0
11.7389 11.3407 -8.69625
-3.11513e-80 1.84942e-80 0
36.6799 34.2848 19.1225
8.54622e-73 1.31676e-71 0
9.01405 27.4139 29.5716
5.03085e-66 7.86431e-65 0
-1.98155e-11 1.28146e-11 0
2.8039 30.3773 -17.996
-1.41983e-80 3.57888e-76 0
1.34572e-50 7.2682e-52 0
-1.50458e-90 -2.39265e-91 0
23.5826 -9.87341 -15.2277
-2.40474e-77 -1.01211e-75 0
2.67067e-88 4.73448e-88 0
-2.0756e-44 -4.77118e-44 0
-27.2799 35.7703 -19.4561
16.8722 -21.3024 -4.46238
20.9518 -27.9913 5.35165
3.25579 -24.281 -9.49067
-1.2439e-51 -7.52496e-50 0
2.89156e-53 4.49463e-53 0
-157.374 -52.3143 30.6595
6.44483e-74 9.22987e-75 0
1.314e-65 -1.00995e-64 0
7.73288e-48 -2.1613e-47 0
3.16448e-86 8.25507e-86 0
-1.3062e-90 -2.10108e-91 0
-0.135254 -27.1605 -12.1893
-5.36454e-06 1.18412e-05 -13.8836
-3.6641e-05 5.54317e-13 7.42449
-0.000732244 0.000113927 -13.0623
-2.96173e-52 2.08269e-52 0
3.38339e-42 -4.16495e-42 0
6.65627 0.692235 -18.2619
5.30164 1.80317 -18.7741
9.1155 2.62431 36.8653
-7.01601e-84 -4.33418e-83 0
16.9125 2.80542 -9.62221
21.0352 0.496199 -3.90295
8.3941e-65 -5.26669e-64 0
6.18644 13.4472 -8.8168
-0.000684594 13.7853 -15.3402
-6.18714e-56 -2.7242e-55 0
2.21945e-15 2.703e-15 0
-1.42065e-21 1.03855e-21 0
1.37515e-56 9.26059e-56 0
-6.91309e-51 4.8613e-51 0
-2.06585e-41 1.45271e-41 0
-1.45715e-44 1.02467e-44 0
-3.31847e-23 -1.92135e-22 0
-8.9549e-34 1.37159e-32 0
3.23148 -24.3578 -9.28004
1.5602 -3.34177 -18.7445
2.84707e-16 7.35607e-16 0
9.48052e-82 -5.33779e-81 0
23.8862 5.03453 10.6663
-20.0257 -13.4749 11.9485
9.92961e-29 -1.55116e-28 0
-2.52153e-80 5.57964e-79 0
20.8778 48.0282 -9.71927
1.01274e-73 -4.72508e-73 0
-3.48052e-05 4.11011e-05 -13.8847
-3.94539e-05 2.07748e-05 7.40204
-0.0011677 0.000121239 -13.0815
-8.65605 -21.0229 -1.16152
4.63489e-81 4.93065e-81 0
8.95154 -18.884 -14.3054
8.5044e-72 3.29861e-71 0
1.8202e-26 -4.72924e-26 0
1.66493e-22 -1.0565e-22 0
9.07862e-53 -9.17922e-53 0
-3.47862e-89 -2.77722e-88 0
-2.74041e-45 1.92706e-45 0
-0.000188492 32.0732 2.54138
-2.08458e-38 2.48639e-33 0
2.22656e-61 2.53176e-61 0
-4.77434e-16 -1.61677e-15 0
11.1426 26.7063 -14.5189
-5.45619e-84 -2.24023e-83 0
13.8728 21.1817 -7.12024
2.50815e-38 3.67602e-38 0
1.41653e-89 7.1016e-91 0
44.8091 57.9191 -6.11509
-4.10165e-74 9.07609e-73 0
-13.5911 -83.175 53.0947
-1.42086e-63 9.99154e-64 0
17.0344 -31.1978 -2.16606
17.4881 -9.98197 7.07015
1.45977e-65 2.25863e-64 0
55.1574 -4.48862 17.843
55.8053 19.4795 -4.16633
-1.81912e-88 -7.90919e-87 0
2.52371e-84 -4.33877e-83 0
8.88596e-63 1.37489e-61 0
-5.89598e-11 -1.15643e-10 0
8.21259e-91 -3.15323e-89 0
-8.2017e-41 4.85598e-41 0
-6.69001e-79 -5.11701e-78 0
1.40209e-21 9.75624e-22 0
-4.58357e-78 -2.27964e-78 0
-1.43534e-84 -8.12672e-85 0
-49.7131 -1.0197 -21.8942
3.03601e-84 -1.15825e-84 0
1.46505e-88 -8.26327e-88 0
2.96843e-75 5.25057e-75 0
-3.32965e-76 5.09557e-76 0
-6.31087e-73 -5.04973e-72 0
2.80466e-90 2.2085e-89 0
-5.90198e-89 5.16624e-89 0
3.29263e-10 1.18175e-09 0
1.12176e-79 2.48008e-80 0
-1.10796e-80 -1.97512e-80 0
7.07767e-63 9.40411e-62 0
6.67596 -7.46095 -20.7428
4.01468e-81 -1.34099e-81 0
-1.90324e-42 1.14089e-43 0
-21.6134 -2.38717 -2.07356
27.6568 3.09271 -16.9075
3.58201e-76 -1.42052e-80 0
10.7163 -45.3745 15.4505
-2.53447e-90 -1.69638e-90 0
7.46377 -20.1909 15.6458
-26.4191 -15.8135 51.6569
-6.60402e-54 7.03084e-54 0
9.77845e-68 6.50036e-68 0
4.43258e-54 9.3666e-55 0
20.8493 32.897 3.82109
1.4399e-53 -1.50379e-53 0
-36.5908 -175.318 41.8218
5.71294e-89 -8.69622e-89 0
-4.09855e-90 -2.51106e-90 0
-5.21391e-85 -2.59314e-85 0
-7.4096e-80 -5.92175e-79 0
19.808 33.4008 -10.6603
-1.54223e-84 -2.31395e-84 0
-1.22791e-84 -6.11003e-85 0
-5.18928 -0.863505 -1.26037
-2.24721e-63 1.58024e-63 0
26.8561 -26.4321 -19.5717
41.9498 -55.3268 0.0341735
13.6637 17.6896 -18.9833
-3.46058e-80 2.77836e-80 0
1.33565e-73 5.41027e-73 0
1.72817e-23 3.16621e-23 0
2.63684e-14 8.73721e-15 0
-1.6024e-45 1.12681e-45 0
21.8556 30.9162 14.2946
5.61963e-86 -1.33875e-84 0
5.67963e-59 1.33763e-59 0
-1.3105e-20 9.40076e-22 0
26.688 3.02548 -16.6813
3.5792e-76 -3.36378e-81 0
18.8154 21.5827 -19.3883
3.41158e-78 4.50372e-79 0
-1.67963e-23 -4.01272e-24 0
-6.02045e-76 -4.92418e-75 0
-5.7175e-71 -2.47226e-69 0
2.12507e-67 -2.12097e-67 0
-25.6261 16.9231 -21.7097
-6.2544 -0.120671 -20.4694
9.26094e-69 1.4329e-67 0
73.6169 24.4821 -12.2108
-80.1402 -15.2508 3.31403
0.492115 6.85567 -13.66
2.38466e-67 8.93202e-67 0
-9.54633 -16.0309 -20.1671
1.56251e-89 9.02291e-89 0
4.95797e-55 -2.64287e-55 0
5.0885e-16 4.37156e-16 0
-2.50314e-06 -2.63573e-06 0
1.65952e-86 -1.30776e-86 0
7.69633 -1.97259 -12.1336
-2.40057 135.221 -21.6678
2.37623e-88 -2.22369e-88 0
-3.13155e-71 -1.55748e-71 0
-4.77574e-88 1.72356e-87 0
13.0639 -18.3747 -17.6768
41.5525 -51.8334 -3.83324
-3.07915e-44 2.16526e-44 0
17.5892 -20.4187 29.8448
-7.8309e-44 -2.59167e-42 0
-28.1638 12.6873 -0.080608
-2.38099e-30 8.90467e-32 0
27.8168 -1.10689 -16.5568
3.58083e-76 1.57382e-80 0
87.9246 -179.734 208.203
27.4255 25.9109 55.3429
8.57864 22.3212 -11.0585
5.87527e-13 -3.63488e-12 0
3.57261e-84 3.7969e-84 0
1.60776e-86 -3.8258e-85 0
-1.5185e-84 -4.87851e-85 0
32.4356 -6.09464 -13.4005
1.22839e-65 1.90064e-64 0
-3.82262e-76 -3.09969e-75 0
-8.75933e-91 1.32944e-90 0
5.04533e-09 7.3093e-09 0
1.75384e-27 -1.05763e-27 0
8.55809e-66 1.32727e-64 0
-93.641 9.86656 7.70055
4.96001e-74 5.31251e-74 0
-9.89688e-89 3.6075e-89 0
1.26226e-26 -7.10725e-26 0
6.08526e-74 -1.83649e-74 0
-1.62839e-77 -7.0412e-76 0
3.6139e-39 5.73012e-39 0
-6.43531 -20.6031 -9.76423
-4.6135e-50 3.24422e-50 0
-3.91729e-87 -9.54156e-87 0
-6.31333e-81 3.86203e-81 0
-4.41783e-51 9.90392e-52 0
5.84794e-56 1.74861e-56 0
2.24851e-70 1.01743e-69 0
-3.61654e-55 9.52791e-55 0
1.20065e-69 1.15557e-70 0
-4.55173e-59 3.20079e-59 0
-1.20468e-81 6.42126e-82 0
27.6158 -2.52015 -19.8869
1.4538e-72 2.24936e-71 0
-2.87062e-46 2.01863e-46 0
-1.25757e-91 -1.33076e-91 0
4.97645e-74 7.69769e-73 0
-2.0965e-78 -1.67713e-77 0
7.26702e-75 6.4186e-75 0
-5.19479e-91 -6.6211e-91 0
31.4018 43.1682 9.82992
-1.85958e-76 -1.48797e-75 0
-9.81259e-91 -8.09955e-91 0
25.3771 41.9772 -11.0201
0.359792 27.7261 -7.37185
-3.38955e-75 6.6817e-76 0
-5.6478e-51 -3.86503e-51 0
-1.31699e-90 -7.02367e-91 0
19.201 5.0821 -20.226
9.17479 2.90595 -3.55978
3.14816e-51 -1.20826e-51 0
2.35139e-78 2.02444e-78 0
2.93289e-89 -1.42553e-90 0
-2.75802 7.04644 -0.824069
-2.42632e-47 -8.16387e-49 0
9.45824e-53 6.93771e-53 0
-1.86562e-41 1.31191e-41 0
-1.91868e-69 4.12685e-70 0
-42.6326 23.6818 -21.4468
16.8901 16.5776 -18.085
5.19946e-71 -3.4018e-71 0
-1.53688e-66 -1.24872e-65 0
5.67831e-64 3.59187e-64 0
-1.67773e-75 -1.34249e-74 0
-2.10934e-86 2.87775e-86 0
23.6459 -6.84149 -17.0915
-7.19388e-77 -5.75792e-76 0
2.00197e-71 3.09756e-70 0
109.558 -35.198 -10.9454
-4.38617e-91 -1.23478e-90 0
-7.66982e-49 5.39344e-49 0
-2.31684e-57 1.62921e-57 0
-8.09957e-88 -7.1657e-87 0
-4.32655 6.65655 4.51941
-1.93971e-55 1.36401e-55 0
8.68224 5.05886 8.55278
7.03823e-37 -2.30635e-37 0
-2.58839e-80 -1.14151e-79 0
-1.92324e-63 1.35243e-63 0
-1.97545e-49 -1.65671e-50 0
-1.47319e-59 1.03595e-59 0
2.14085e-89 8.0155e-90 0
4.14278 -29.3515 -6.32139
16.8997 -33.5963 -3.57667
2.5879e-31 -7.45746e-32 0
8.30528e-10 2.3495e-10 0
-11.8769 5.31977 -4.30585
-3.92301e-11 -4.19422e-13 0
1.07044e-75 -1.29373e-75 0
7.65975e-29 -9.78983e-29 0
-4.68007e-84 4.19095e-85 0
-5.36898e-89 4.32794e-90 0
-1.54082e-26 -2.43684e-26 0
-1.25625e-23 8.23565e-24 0
-52.3308 15.9462 -11.8066
-1.03683e-85 3.75559e-85 0
-6.12509e-63 4.38689e-63 0
-2.79994e-92 6.71045e-92 0
6.13477e-91 -7.01625e-90 0
81.8489 4.54899 142.392
-1.02792e-37 7.22833e-38 0
84.9199 -52.4399 -8.67071
-1.70176e-87 3.16892e-87 0
-0.000326828 8.14105e-05 0
11.9404 12.7712 4.29241
-131.949 95.0676 28.6145
-8.10758e-37 5.70127e-37 0
-7.94567e-66 5.47151e-66 0
6.03061 -69.2865 -15.581
26.2218 2.70327 -16.7911
-9.01338e-69 -2.67345e-68 0
-6.31588e-80 -2.05912e-80 0
-2.31227e-78 2.86853e-78 0
2.97614e-92 -8.24741e-91 0
1.6565e-77 3.04876e-76 0
1.4623e-81 1.42991e-81 0
14.9196 -2.56977 -13.4514
-3.27019e-76 -2.61528e-75 0
-5.78153e-60 4.06559e-60 0
-6.23274 -1.51388 -0.727747
-3.52802e-35 4.24712e-37 0
-2.55965e-73 -2.04819e-72 0
25.4816 -12.1497 -4.83304
5.80404e-26 -6.74709e-26 0
-1.69179e-64 1.87572e-64 0
2.48378e-86 9.2176e-87 0
5.19224e-57 -1.89573e-56 0
-2.28117e-89 5.2614e-89 0
-5.63422e-45 3.962e-45 0
-3.7472e-45 2.63504e-45 0
-2.22273e-90 2.14723e-90 0
-1.00312e-25 1.55811e-25 0
-3.09606e-74 -5.13509e-74 0
-3.38484e-22 -4.92531e-21 0
8.53084e-39 2.06043e-38 0
1.87329e-87 1.99202e-87 0
-2.08007e-88 -3.64485e-88 0
30.5597 46.6902 15.9357
-18.0663 -5.76769 8.68235
-2.27919e-62 -1.0401e-62 0
-4.40558e-73 -3.52523e-72 0
-8.66017e-64 9.75233e-64 0
0.000145514 -3.8302e-05 0
-2.69345e-59 1.89404e-59 0
-3.88266e-78 3.40319e-77 0
5.01339e-24 1.31954e-23 0
10.5831 -17.2545 -16.7397
-1.19251e-37 8.38579e-38 0
5.41561e-31 -3.15017e-30 0
-3.94761e-88 2.44695e-88 0
-5.52929e-10 5.62524e-09 0
7.79228e-93 -2.53072e-91 0
4.07356e-88 -2.30269e-87 0
-1.43447e-82 -1.02417e-81 0
2.16974e-90 -3.93065e-89 0
-7.80335e-59 2.22513e-57 0
8.00248e-38 1.00953e-37 0
73.8759 8.69498 12.6388
1.64395e-20 6.9373e-20 0
1.13099 -3.45901 -20.4682
2.64478e-66 4.12036e-65 0
2.1881e-61 -8.41073e-63 0
-4.38485e-87 -5.66134e-87 0
-8.1904e-06 -22.8671 8.40126
8.40823e-33 -1.03595e-30 0
1.18562e-85 -3.99641e-86 0
6.53398e-82 1.18439e-82 0
-2.6658e-83 9.65825e-83 0
19.7332 -43.2004 24.6915
-45.6421 -19.9216 3.03263
-3.18346 7.87196 -12.2759
-2.24548e-73 -1.79676e-72 0
-5.8367e-81 1.29154e-79 0
-1.31277e-05 -0.000104118 -13.884
-3.34761e-06 -1.46569e-05 7.50454
-3.70593e-05 -0.000159786 -12.9923
-1.16786e-85 -6.0827e-85 0
-9.62383e-42 -1.1116e-41 0
1.58399e-50 2.00477e-50 0
1.05668e-51 3.96819e-52 0
-8.78941 17.1221 0.382705
3.86567e-90 2.60414e-90 0
1.45616e-13 -1.73303e-13 0
2.3606e-83 2.36618e-83 0
2.90215e-20 -4.12445e-19 0
3.08239 25.8825 -16.39
-5.21672e-81 2.33335e-76 0
4.47427e-82 1.73437e-81 0
2.82101e-65 2.90468e-65 0
-1.29088e-84 5.67854e-84 0
3.78281e-86 -9.01033e-85 0
-1.09471e-20 7.16297e-19 0
19.8633 -1.46865 -19.6067
1.35587e-43 1.14534e-43 0
-3.90504e-73 -3.12475e-72 0
8.44925 20.305 -15.6041
3.54869 -19.1825 -8.4862
-7.78287e-51 -4.2139e-49 0
-3.92531e-74 9.90338e-74 0
4.23281e-57 1.14702e-56 0
2.88931e-90 -1.65423e-89 0
-10.1017 11.2683 -15.0889
-8.20031e-78 4.69879e-78 0
26.6425 -44.6782 -15.2532
23.7677 -45.2115 -12.2735
-1.21167e-55 8.52048e-56 0
5.78944e-05 1.66383e-05 -13.8782
-3.08349e-06 2.51574e-09 7.52354
-8.27669e-05 1.11491e-05 -12.9755
13.3531 -14.3057 -11.537
-6.45189e-59 -2.76832e-59 0
26.6976 11.2352 -19.0602
1.52278e-33 7.70874e-34 0
3.07152 -2.48857 -21.763
5.26395 7.19978 -6.93813
22.0983 9.25832 24.1733
4.26392 0.40903 0
-2.16683e-75 -7.61609e-75 0
3.35058 21.6891 -13.6749
-1.60239 12.356 -14.725
9.85807 -12.0383 -14.9898
-3.63323e-71 8.03958e-70 0
-1.01548e-73 1.25712e-70 0
-2.57053e-74 5.68805e-73 0
9.64424e-52 9.28245e-52 0
-2.54569e-79 -2.00671e-78 0
1.71834e-72 1.43856e-71 0
3.64055e-45 1.26379e-45 0
5.59003e-64 1.63272e-62 0
3.49708 -19.3076 -8.1636
1.78345 -3.10079 -18.3063
3.58966e-78 -1.62102e-77 0
4.65394 14.2445 -22.1891
-7.39359e-78 -3.6772e-78 0
1.39665e-74 -3.5348e-74 0
-1.57733e-53 1.10918e-53 0
9.0596 65.3976 48.8514
8.08812e-49 -6.65931e-48 0
-9.78222e-76 -7.82739e-75 0
2.77601e-05 2.92261e-05 -13.8838
-3.2917e-06 1.4673e-05 7.50454
-0.000366632 7.9066e-05 -12.9921
-4.85838e-28 6.64093e-30 0
7.65306e-41 -1.2065e-40 0
-4.70228e-80 -3.76261e-79 0
3.20623 -12.1293 -3.7742
5.7996e-68 -7.96538e-68 0
-8.52486e-80 -3.08121e-79 0
-1.11575e-11 -2.26574e-11 0
-20.2477 -16.0496 -16.0362
-1.5172e-90 7.61933e-92 0
-1.2312e-05 27.7647 6.17679
-8.48204e-33 1.03586e-30 0
-6.12437e-87 -5.00153e-86 0
-1.06888e-81 4.14938e-82 0
6.79009 -2.14541 -21.2434
-25.5807 38.6097 19.1921
-1.22909e-89 -1.43749e-88 0
-5.15661e-85 -2.27706e-85 0
4.50574e-37 -1.76388e-35 0
2.67132 32.4281 -21.9432
-6.28822e-71 1.39145e-69 0
-5.07256e-90 -1.66248e-90 0
22.5194 -0.394691 -19.5765
-3.07161e-57 7.88663e-57 0
2.77409e-86 3.19626e-86 0
-0.381028 -0.68417 0
-1.62227e-81 3.58975e-80 0
-1.30979 -10.361 20.5516
-3.35843e-52 -3.02677e-52 0
1.74318e-79 -4.31827e-79 0
-2.66438e-44 1.8736e-44 0
-6.24559e-70 1.56976e-70 0
-1.09985e-87 -8.80009e-87 0
-1.43134e-78 -1.14164e-77 0
-9.99297e-80 -8.93495e-79 0
1.47158e-86 -1.12042e-86 0
-1.71552e-79 -7.41798e-78 0
-2.53326e-66 -1.33859e-66 0
8.49189 -22.5973 -13.2978
1.8714e-43 2.07701e-43 0
-7.75206e-80 -3.35202e-78 0
-15.0257 -37.2537 13.3477
-1.44877e-88 -6.32782e-87 0
5.24541e-90 -3.99347e-90 0
7.40903e-92 1.13012e-90 0
2.94056e-92 -9.26932e-92 0
3.0762e-77 -5.67955e-77 0
-6.12486e-80 -2.64841e-78 0
5.28555e-78 5.66022e-78 0
2.30875e-23 4.54473e-24 0
2.39507e-36 -7.3859e-37 0
4.06728e-09 8.93723e-09 0
-3.51108e-55 2.469e-55 0
-8.13017e-64 1.31388e-64 0
26.779 3.15522 -16.5908
3.58171e-76 -2.79448e-80 0
1.5634e-87 -2.81119e-87 0
1.09988e-88 -2.94799e-88 0
4.94994e-36 -6.13147e-37 0
-1.39855e-43 -4.01916e-44 0
7.99194e-39 -5.06176e-39 0
9.05711e-28 -9.67859e-28 0
-9.07829e-33 6.38388e-33 0
-6.4943e-91 -3.52469e-90 0
1.41576e-66 1.92157e-67 0
-5.24894e-80 1.16148e-78 0
-6.56806e-87 -7.73875e-87 0
10.4703 50.5875 33.4584
-1.81981e-82 -2.14385e-82 0
-48.0331 5.73388 -21.5506
-61.941 40.0164 14.5658
-3.34743e-75 -7.7142e-75 0
-3.26696e-51 2.29734e-51 0
-9.10432e-75 -4.52803e-75 0
1.51158e-87 2.94194e-87 0
-8.9903e-90 -1.27079e-89 0
3.00657e-33 -1.24881e-34 0
13.3903 18.2132 -19.07
-2.37485e-90 5.34556e-92 0
-3.34775e-87 -1.09347e-87 0
-35.5236 9.08835 -4.215
-5.83806 32.7345 -1.4961
1.80334e-53 1.60817e-53 0
-1.26895e-87 -8.56607e-87 0
-5.5157e-73 -4.414e-72 0
11.5439 -9.37835 -13.8058
-2.1417e-78 2.65692e-78 0
25.8307 3.08904 -16.3663
2.34152e-76 9.1278e-84 0
1.54128e-86 -1.00268e-86 0
9.31409 27.6032 -19.8315
19.2953 78.5322 38.8483
7.64969 -5.55201 -19.4227
1.23082e-20 -6.43563e-22 0
5.27625e-20 -3.17682e-20 0
-3.42149e-13 -2.70783e-12 0
1.6833e-67 6.17609e-67 0
-7.01928e-90 1.56602e-90 0
-22.0403 -33.1988 27.2882
-74.259 13.5119 13.4007
-0.000186983 -0.000264154 0
-4.15469e-39 -2.45893e-39 0
6.17031e-11 -1.05846e-10 0
-7.40938e-87 1.50614e-86 0
1.54495e-62 -1.24028e-62 0
-2.12016e-63 1.67094e-63 0
-6.25463e-76 -4.99966e-75 0
16.8195 17.7386 2.81957
-6.25459e-53 -5.74034e-53 0
47.1637 16.8054 27.9346
1.5021e-88 -1.50947e-88 0
8.37576e-92 -1.05535e-90 0
-1.17734e-91 7.04243e-92 0
1.2305e-71 -1.86508e-71 0
26.9843 -30.7858 22.4143
-6.09453e-83 -7.67726e-82 0
5.46092e-66 -2.186e-65 0
-7.01046e-74 -3.03135e-72 0
1.298e-87 -7.52253e-88 0
-3.04052e-33 1.07791e-33 0
26.903 -1.10788 -16.2046
3.57659e-76 2.8741e-80 0
1.49907e-81 -4.13323e-82 0
-2.50159e-19 1.06474e-19 0
1.53267e-51 -5.94893e-52 0
1.09185e-72 -5.11421e-73 0
2.47457e-67 9.26885e-67 0
-21.6347 15.5343 -11.1954
3.79057e-38 -1.05477e-38 0
20.4007 0.763418 -18.8899
3.89661e-65 6.02938e-64 0
5.28887e-78 4.28191e-78 0
2.24753e-89 7.50469e-90 0
-1.05871e-51 -5.76418e-51 0
8.34327e-74 8.92038e-74 0
-46.3569 -28.1926 -15.2817
5.24888e-76 3.48521e-76 0
1.32098e-83 4.56857e-84 0
-16.8709 -1.43207 -16.5604
5.53322e-50 -2.73517e-49 0
1.05751e-12 -2.89611e-12 0
-1.02145e-86 6.44434e-87 0
-1.92342e-90 1.9188e-90 0
-9.51645e-08 4.01453e-08 0
-3.3223e-53 2.33625e-53 0
-8.45889e-81 -1.28811e-80 0
-6.07836e-89 6.21184e-89 0
-18.0556 29.8245 -15.6212
-4.4968e-32 -5.9366e-32 0
3.95503e-32 -7.10041e-31 0
7.348e-82 1.39115e-81 0
-1.48516e-88 -7.39335e-89 0
-5.45837e-73 -4.36762e-72 0
22.4607 5.96262 -13.2078
-1.58201e-30 4.26182e-31 0
-2.0031e-57 1.40858e-57 0
9.06909e-86 2.80063e-86 0
-2.07799e-45 -1.33442e-45 0
-5.40988e-89 -6.51808e-89 0
1.38355 0.158889 -21.1835
-3.42629e-49 2.40938e-49 0
1.52706 -1.17549 0
-3.72806e-33 7.82563e-33 0
-6.79772e-67 -5.92162e-67 0
-9.80712e-91 -8.07883e-91 0
0.0123232 0.0768574 0
0.81363 28.2797 -7.54137
8.82697e-05 -6.69715e-05 0
7.33237e-90 -1.8232e-90 0
-15.5692 2.99827 -1.90851
8.24855e-86 -1.96542e-84 0
1.4531e-84 3.16929e-84 0
5.77056 25.831 -12.8201
3.27776e-47 -2.40661e-47 0
1.23053e-89 5.77796e-91 0
-20.1935 3.54286 -8.52056
-1.76833e-57 -6.19958e-59 0
1.31214e-72 1.06232e-72 0
8.95131e-85 3.24073e-85 0
5.83327e-33 -4.63082e-33 0
-1.12552e-50 3.96891e-51 0
-1.02104e-54 -1.80953e-54 0
-6.93806e-87 -3.24482e-89 0
-3.11812e-53 9.02437e-54 0
16.2076 -66.7607 4.67605
-1.54303e-75 -1.23469e-74 0
4.02868e-82 8.91955e-82 0
-4.76274e-73 -6.09815e-73 0
2.50189e-91 -2.52503e-91 0
-4.58493e-73 -3.6687e-72 0
-1.48376e-75 -1.18725e-74 0
5.72892e-33 2.95767e-33 0
-4.36339e-81 -2.17013e-81 0
-2.04387e-91 -1.41288e-91 0
-2.96045e-88 -1.44822e-88 0
-8.64305e-66 6.07781e-66 0
-2.68869e-44 1.8907e-44 0
14.5848 10.8526 6.12324
-4.75147 11.9607 -14.1613
1.80012e-90 -6.73959e-91 0
-1.65125e-83 -2.51451e-83 0
44.1786 62.6461 -6.92005
-72.5829 -15.6695 -17.1311
-3.06665e-28 4.69412e-28 0
1.02029e-46 -2.44402e-48 0
-5.83375e-29 3.02537e-28 0
-4.8568e-91 4.05877e-91 0
-8.51623e-75 -3.68245e-73 0
-19.2469 3.50226 -8.15144
-12.2879 -0.278283 -19.4956
2.24327e-46 -2.35557e-46 0
1.22478e-42 -1.69276e-41 0
-1.14535e-87 -6.14388e-89 0
-3.13074e-13 -6.42785e-14 0
-1.25952e-23 -7.7458e-24 0
3.3566e-86 2.8497e-86 0
-1.11565e-64 -1.30273e-64 0
8.37446e-45 -5.9773e-45 0
3.70094e-65 5.72629e-64 0
3.67719e-86 3.06359e-86 0
10.2757 -15.6471 -12.2157
3.73265e-65 -6.24396e-65 0
-4.72398e-73 -3.77996e-72 0
-10.8033 -6.10049 -6.2569
-1.57401e-85 1.44563e-85 0
-1.20175e-31 9.85231e-32 0
-1.14174e-44 8.02873e-45 0
69.4975 -63.9905 6.67593
-2.34871e-80 -1.88202e-79 0
4.28953 -14.8134 -12.4303
25.6818 -69.7862 -22.6039
-3.35239e-88 3.58686e-89 0
-36.7018 55.1986 36.974
-3.73439e-71 -1.8573e-71 0
-4.2478 -60.9913 -2.8983
12.0298 -21.1814 -20.4992
1.28788e-62 1.99268e-61 0
1.63346e-34 -1.73538e-33 0
-94.6732 -26.7872 -21.1241
-1.02839 0.652006 0.837133
1.51408e-74 -3.52754e-75 0
-20.1209 -0.881694 -7.24567
-2.91529e-29 2.51243e-31 0
1.34504e-74 -1.64813e-74 0
-35.0455 -0.818966 -14.9225
-3.63511e-19 -5.19488e-19 0
9.80694 0.844452 -17.2167
-20.693 -11.0445 -22.257
2.80016e-66 4.33256e-65 0
1.74651e-65 3.46836e-64 0
-1.52336e-59 1.07123e-59 0
-6.22816e-59 4.37965e-59 0
-3.41919e-90 3.29557e-90 0
-4.00321e-92 -2.43935e-91 0
2.03954e-79 3.2977e-79 0
1.5282e-65 1.30383e-65 0
-3.14255e-88 6.39306e-88 0
-5.09825 9.51499 19.0967
-7.01364e-29 -2.78457e-29 0
20.8271 -49.9223 -0.106643
-1.7276e-37 1.21485e-37 0
-6.11856 -3.35663 0.78112
-2.61931e-52 1.8419e-52 0
-6.42158e-29 -7.23034e-29 0
6.97058e-85 -1.59744e-84 0
-7.72585e-60 5.43284e-60 0
2.20271e-78 -5.98115e-78 0
3.01381e-39 2.11058e-39 0
-1.43504e-82 -4.15228e-83 0
-1.06159e-65 7.46513e-66 0
-2.5647e-66 1.8035e-66 0
-1.26486e-88 -1.85511e-88 0
-6.04748e-53 4.2526e-53 0
2.95368e-94 -1.20576e-91 0
3.60101e-88 -2.04738e-87 0
-4.88164e-82 -3.82591e-81 0
1.97401e-90 -3.38228e-89 0
-1.2662e-57 1.77886e-56 0
-9.55248e-92 -1.58995e-90 0
27.045 -36.7602 -3.71561
-2.30975 17.4948 -0.612945
-7.05742e-84 7.04994e-83 0
-11.6206 33.1928 -13.8847
4.36774e-60 -7.3589e-60 0
6.2376e-84 5.53979e-84 0
5.53114e-06 -22.8566 8.4075
8.41613e-33 -1.03596e-30 0
-102 58.9839 -18.2514
60.9356 -167.632 55.1498
-1.19777e-77 2.65042e-76 0
1.62103e-66 2.51143e-65 0
2.15465e-70 1.85506e-70 0
5.40949e-48 1.52436e-48 0
1.29334e-44 3.74385e-45 0
3.92927e-65 6.16155e-64 0
-7.93117e-06 -9.8469e-06 -13.8836
3.63941e-08 -1.45602e-05 7.50542
-8.48889e-07 -4.39299e-05 -12.9918
-21.4512 15.5949 -6.85473
2.5208e-50 -5.4271e-50 0
-2.30405e-81 4.68345e-81 0
4.7139 27.0468 -7.03039
-48.5739 31.779 26.5044
5.54057 20.7193 -17.7319
1.09161e-49 4.95612e-50 0
17.7043 7.66873 -13.2067
3.49015e-21 -4.77071e-20 0
3.08348 25.8705 -16.3813
-1.0001e-80 2.33999e-76 0
5.93937e-26 -1.28088e-24 0
1.60226e-67 6.08904e-67 0
-1.04464e-61 7.3459e-62 0
7.53647e-67 8.60726e-68 0
-0.354988 -0.170678 -18.1987
30.0201 29.5154 -3.18383
74.3437 -92.9588 -4.49844
-2.21103e-83 -2.1875e-82 0
8.72971 19.9194 -14.4404
3.55109 -19.1657 -8.4813
-7.77717e-51 -4.2139e-49 0
8.24342 -42.3051 -9.56289
1.10801e-65 1.71438e-64 0
-2.83471e-90 3.42593e-90 0
-1.20487e-29 -5.81081e-30 0
0.111366 -0.631435 0
-4.24207e-79 -3.39437e-78 0
-0.151057 -39.2766 -18.2922
21.4244 14.6066 -17.3741
6.23143e-05 1.78829e-05 -13.8773
2.16759e-07 5.70881e-08 7.52447
5.23764e-05 1.50311e-05 -12.9747
-4.05404 -5.55187 -17.0401
-6.33771e-80 -9.50902e-80 0
46.8863 -41.4581 -4.7046
6.798e-42 -6.76784e-43 0
5.38218 -0.117679 -21.1377
3.94275e-74 4.22295e-74 0
-13.0981 15.4646 1.06418
3.60949e-68 9.529e-68 0
-9.3596e-74 -7.49042e-73 0
3.35334 21.673 -13.6677
-1.5585 12.45 -14.7457
4.58314e-76 -1.27548e-76 0
26.2291 0.625653 -11.8652
6.35675e-92 1.49791e-91 0
-4.66264e-29 3.27878e-29 0
-1.12745e-11 -1.69276e-11 0
-2.72376e-86 -3.19676e-85 0
-9.65904 48.7457 20.2793
-9.17084 28.7158 14.8645
2.98241e-60 3.79619e-59 0
3.49835 -19.2925 -8.15615
1.78673 -3.10455 -18.3029
-1.72911e-79 1.35895e-79 0
1.86899e-20 6.12372e-20 0
3.66155 25.8905 -20.7344
9.9029 15.6194 -13.5216
-1.42721e-90 8.9728e-92 0
-8.68097e-53 -3.08927e-52 0
-1.10023e-21 -7.58747e-21 0
8.01125e-74 -3.40718e-74 0
5.49576e-05 1.59314e-05 -13.8833
3.13182e-05 2.35751e-05 7.50552
-2.31852e-05 4.91724e-05 -12.9916
3.40127e-59 3.15412e-59 0
-5.80195e-80 -4.63358e-79 0
4.10607e-41 1.59218e-40 0
-23.4157 -29.6357 -16.4823
-9.32171 -20.226 19.2394
-4.55742 -14.002 -17.582
-2.82202 15.5975 -3.34839
1.96477e-64 2.01038e-64 0
-2.96669e-63 2.08669e-63 0
7.27827e-06 27.7552 6.18403
-8.40676e-33 1.03595e-30 0
-1.10641e-87 -1.12087e-86 0
-7.99861 16.5075 -19.7378
-4.54847e-91 3.70099e-91 0
-1.24967e-79 -8.70289e-78 0
5.27419e-56 1.46399e-55 0
-5.4321e-81 -1.48645e-80 0
3.00608e-66 6.64731e-66 0
2.76733e-78 2.38255e-78 0
-2.83853e-70 6.28108e-69 0
-61.2202 -28.4231 -2.9474
-8.33332e-48 -5.74961e-46 0
31.059 35.7554 31.2037
-6.98571e-89 -5.3725e-88 0
19.1313 -0.472099 -18.6292
7.23685 51.0196 -20.2052
-17.7574 -29.3323 8.30959
4.46761e-82 -2.01748e-81 0
9.29422e-92 1.63492e-90 0
1.09814e-89 2.75054e-90 0
2.72017e-63 4.2088e-62 0
-2.89317e-12 -3.39519e-13 0
1.79811e-62 6.76529e-63 0
2.94579e-88 -4.11665e-88 0
-8.01874e-80 -3.46733e-78 0
1.91921e-90 -1.18926e-90 0
2.53303e-35 8.92414e-35 0
-4.68968e-36 4.9152e-36 0
-1.16844e-69 5.05512e-70 0
6.47253e-22 -4.71749e-22 0
4.55094e-72 4.01962e-72 0
4.40913e-43 -3.50025e-43 0
6.27713e-90 -4.78713e-90 0
3.52157e-89 4.35553e-89 0
1.12282e-91 -2.97349e-91 0
5.89749e-91 -1.03822e-89 0
6.80529 32.2827 -22.219
-1.26032e-89 5.95597e-89 0
2.57365e-27 6.02568e-27 0
1.44718e-41 -6.66941e-42 0
7.66177e-86 5.82802e-85 0
3.22348e-74 3.44941e-74 0
-6.76235e-80 -2.7931e-80 0
26.7787 3.15668 -16.59
3.57812e-76 -1.80693e-80 0
7.35482e-90 6.41108e-90 0
1.06374e-73 1.1393e-73 0
-1.35142e-80 -5.66077e-79 0
-23.8507 -5.48265 -17.3438
-3.46624e-35 -1.18512e-34 0
-22.5296 14.9533 -18.6195
42.5968 -28.7373 -12.6823
-3.50402e-59 2.46403e-59 0
-2.31455e-75 -1.0319e-74 0
3.21182e-87 7.23929e-87 0
-2.2519e-90 -4.38409e-90 0
-17.1696 27.76 -6.1728
-11.0074 17.4415 1.50732
3.0418e-63 4.70647e-62 0
-2.61829e-83 6.8238e-83 0
7.12149e-68 -1.09856e-67 0
-9.11521e-63 6.41033e-63 0
-9.20483e-91 -1.12029e-89 0
1.48128e-86 2.13346e-87 0
5.74755e-72 7.99612e-72 0
4.35853e-44 1.42919e-45 0
13.3748 18.2201 -19.0689
-2.37244e-29 1.69104e-29 0
-3.91208e-55 2.75099e-55 0
2.19926e-61 -1.53335e-61 0
7.68345 31.4501 -11.3128
-5.91692e-79 -1.13699e-77 0
5.20104e-61 -3.47101e-61 0
27.8591 -25.1433 -16.642
-57.1885 15.2695 -20.3424
-3.51575e-49 2.47228e-49 0
25.8334 3.08928 -16.3664
2.33727e-76 2.94387e-81 0
-6.82959e-82 -2.53231e-80 0
-23.28 8.85675 -12.0225
3.33122e-85 -2.90711e-86 0
1.52602e-67 5.71592e-67 0
1.07901e-53 9.41618e-54 0
-1.73185e-41 1.21784e-41 0
-7.14752e-82 -8.84972e-83 0
-1.13556e-86 -1.37405e-86 0
26.3279 47.4364 25.2481
-41.4254 -66.421 7.87049
-74.2761 13.7198 13.318
5.39143 -49.8165 -15.1011
-3.34034e-43 -5.09191e-43 0
1.42211e-58 3.11721e-59 0
-10.6646 2.99287 -20.7379
7.44384e-63 1.15175e-61 0
4.30646e-61 -2.3652e-61 0
-9.36425e-60 6.58497e-60 0
3.46665e-64 5.36379e-63 0
3.85876e-69 5.88834e-68 0
47.7322 13.599 26.0234
4.74933e-87 -5.09692e-87 0
-4.58587e-89 -6.04496e-89 0
7.58371e-74 6.52924e-74 0
25.6771 -39.8938 -3.05083
-1.2823e-66 1.66142e-66 0
5.22934e-47 1.15324e-46 0
-2.32199e-82 9.01377e-83 0
2.21858e-88 2.78864e-88 0
-6.32878e-10 1.85539e-09 0
-5.84684e-53 4.11151e-53 0
26.9024 -1.10882 -16.2038
2.33675e-76 1.75612e-80 0
6.74517e-06 3.65416e-06 0
-3.86665e-07 -1.11903e-05 0
18.4657 -7.79824 -5.36055
5.02688e-91 -5.82228e-92 0
45.8763 -13.2006 -18.4177
1.83165e-45 -1.61295e-46 0
-8.98344 -37.991 -19.8102
-1.11281e-61 7.82531e-62 0
3.76269e-65 5.82499e-64 0
8.24082e-78 6.67182e-78 0
2.24636e-89 7.39892e-90 0
-5.88324e-51 -3.23415e-50 0
-3.26768e-83 -1.42728e-81 0
4.4669e-32 -6.01898e-33 0
3.71093e-80 3.97391e-80 0
4.40446e-11 -3.65288e-12 0
-5.40804e-89 -1.0733e-90 0
-9.38362e-60 6.59858e-60 0
-3.05099e-63 2.32224e-63 0
16.8702 92.1698 30.733
-1.53699e-89 7.95874e-90 0
-16.7181 -29.6305 10.4885
5.53568e-76 5.92908e-76 0
-1.03792e-34 -2.67045e-34 0
54.0743 -26.8697 -4.57406
5.40567 -9.63575 -21.3472
9.8089e-17 -1.38061e-17 0
-1.15428e-32 1.64243e-32 0
-2.31883e-62 1.6306e-62 0
0.00236189 -0.0105147 0
-2.38614e-79 -1.03178e-77 0
-2.67607 -29.1638 -19.8489
-35.9252 52.0192 6.27901
-1.2097e-83 -9.68093e-83 0
-4.53329 -5.92477 -5.52641
-2.28299e-84 -9.87173e-83 0
6.00717e-67 9.29462e-66 0
-1.20323e-62 8.46174e-63 0
1.81169e-83 -1.37925e-83 0
4.97736e-20 -2.49233e-20 0
6.27696e-39 3.49062e-38 0
-1.06155e-78 -9.6771e-79 0
-9.80703e-91 -8.07871e-91 0
7.19599e-06 5.07049e-05 0
0.83655 27.5687 -7.7432
-2.28279e-66 1.31972e-66 0
26.8935 27.6082 -22.1926
58.9952 -13.3454 -4.41909
-1.97547e-43 -1.71239e-43 0
-19.3961 9.53573 -10.8656
4.33058 13.2314 -3.94922
2.00235e-86 7.69174e-87 0
2.97986e-91 -2.26626e-91 0
-20.1923 3.54246 -8.52066
-2.33203e-76 -8.22958e-81 0
2.86892e-41 3.50905e-41 0
-1.30253e-73 -5.63242e-72 0
4.64691e-36 1.21422e-36 0
12.0722 -31.0302 -20.7634
9.70364e-34 -1.4495e-34 0
-3.85765e-66 2.71271e-66 0
0.587561 32.2419 -9.01672
2.7315e-32 -3.67692e-32 0
3.11046e-80 3.32775e-80 0
-2.01499e-54 4.98688e-54 0
-1.92708 12.8323 -13.3209
1.5196e-91 -1.40444e-91 0
-1.0059e-62 7.07398e-63 0
-34.898 -17.127 -0.24189
2.18333e-65 3.37837e-64 0
3.33339e-36 1.16946e-35 0
3.58747e-69 1.0957e-68 0
-3.26926e-35 7.38435e-35 0
-1.05388e-47 7.4109e-48 0
-1.3893e-59 9.7696e-60 0
14.6586 10.9313 6.05744
-15.6137 12.2382 -17.8671
66.0885 -44.4344 -7.78151
-4.25601e-79 -1.04056e-78 0
8.42108 62.441 -14.8492
4.76593e-26 2.47994e-25 0
7.42e-38 1.15177e-37 0
2.53491e-75 8.4382e-76 0
-2.24583e-83 -3.41992e-83 0
7.79161e-90 -5.94016e-89 0
1.44527e-65 2.2362e-64 0
-19.2468 3.50227 -8.15095
-2.33189e-76 1.49806e-81 0
-5.52064e-85 1.36088e-85 0
-11.7824 -1.24617 -4.02678
-7.41993e-88 -3.87294e-89 0
-2.90091e-84 -1.16961e-85 0
-3.40153e-54 8.94117e-56 0
-6.61124e-81 6.07201e-81 0
4.96727e-86 -4.21859e-86 0
-2.01717e-53 1.41848e-53 0
-5.01156e-47 3.52414e-47 0
6.59099e-69 1.01759e-67 0
-5.72557 -16.1587 -14.2565
2.54318e-29 -8.01281e-29 0
-9.31694e-31 -7.50703e-31 0
-18.3172 20.1805 -12.6076
-2.163e-86 2.68333e-86 0
-6.75076e-74 -1.73e-73 0
5.07405e-35 -3.05293e-35 0
-2.21925e-73 4.92164e-72 0
-9.09605e-79 -7.00381e-78 0
5.99375e-73 1.16978e-71 0
0.102258 -0.256563 0
-3.49412e-88 -3.54602e-88 0
13.4111 -23.5914 27.6413
9.18568e-68 -1.78328e-66 0
-44.7046 -20.0836 -20.061
-3.92674e-91 -4.31923e-90 0
1.06803e-65 1.65253e-64 0
8.70026e-63 1.34615e-61 0
-2.9178e-61 7.6973e-61 0
0.0549428 -13.7048 -20.0887
7.05261e-69 1.09122e-67 0
-20.1199 -0.881332 -7.24591
-2.33204e-76 1.19338e-80 0
-3.82051e-41 -1.17955e-40 0
-35.0445 -0.798795 -14.9083
-7.15873e-90 -8.0025e-90 0
-5.00382e-90 -3.60734e-89 0
-5.65449e-75 1.25122e-73 0
-4.31559 25.1287 -7.42318
-1.97924e-81 2.45539e-81 0
-7.76751e-71 -2.38981e-71 0
-1.93528e-36 1.17214e-36 0
-3.41918e-90 3.29555e-90 0
2.83721e-91 2.57285e-90 0
2.34403e-91 4.58989e-90 0
-8.05764e-41 1.52467e-40 0
-8.75612e-68 1.93755e-66 0
51.4696 13.7143 14.9194
-2.05252e-48 1.44334e-48 0
5.2799 -2.01025 -12.3931
22.1633 10.3431 -14.834
-31.2154 -12.4055 -4.74169
-2.83826e-87 2.23045e-87 0
-1.74285e-88 2.53024e-88 0
-18.3208 -6.15396 -3.34335
-1.43864e-52 3.32285e-52 0
-2.47454e-79 3.23901e-79 0
-2.36299e-60 2.05461e-59 0
3.54058e-44 2.08501e-44 0
2.3092e-75 6.24769e-76 0
-1.56148e-76 -6.75226e-75 0
-7.86002e-87 9.12825e-87 0
6.75187 17.1225 -21.1656
1.27809e-91 -1.29763e-90 0
1.61982e-91 -2.51063e-90 0
-2.24054e-79 -1.93104e-78 0
4.28481e-91 -4.59718e-90 0
-2.80453e-57 4.18275e-56 0
-2.57962e-82 9.20407e-83 0
-2.53552e-87 -6.69461e-87 0
-2.14886 22.4357 -4.08164
-6.36176e-17 2.10306e-17 0
-11.5253 27.1994 -20.5427
-9.06209e-76 4.83571e-75 0
4.97e-66 7.68985e-65 0
5.3695e-06 -22.8565 8.40754
8.40311e-33 -1.03596e-30 0
-2.82067e-07 -3.3101e-08 0
6.73632 6.38102 2.61437
-5.78482e-77 3.38727e-76 0
15.9764 -43.1453 0.939458
-1.8974e-29 1.84497e-28 0
-1.96697e-47 -5.83208e-48 0
-7.69997e-32 9.86637e-31 0
11.1344 24.31 -20.7762
-8.67636e-05 -8.76052e-05 -13.8835
1.06333e-07 -1.4534e-05 7.50543
6.20231e-06 -0.000260716 -12.9914
7.68868e-12 -7.93279e-12 0
-2.12085e-05 -2.92348e-05 0
4.9117e-19 1.09301e-20 0
9.60017e-57 3.4404e-57 0
-0.592799 -0.80051 0
14.7801 9.50315 -21.23
-2.87828e-25 2.37228e-25 0
6.0413e-80 1.85029e-79 0
1.45884e-21 -2.01676e-20 0
3.08571 25.8713 -16.3812
-3.15639e-78 8.15942e-76 0
-5.35422e-71 -2.20943e-70 0
4.78607e-67 1.79267e-66 0
-3.19109e-78 7.06122e-77 0
1.76653e-67 2.73138e-66 0
-1.1555e-86 -4.66964e-86 0
-1.52278e-09 -7.00217e-10 0
4.38086e-88 -2.47698e-87 0
1.35893e-80 -6.28163e-81 0
1.14838e-83 -3.83583e-84 0
3.55132 -19.1654 -8.48142
-7.77769e-51 -4.21385e-49 0
2.10282e-79 3.85264e-80 0
-4.62989e-63 1.58084e-62 0
50.3562 -0.0577797 61.9291
1.14519e-88 -3.57048e-88 0
45.3479 -7.02575 0.290264
-1.35227e-79 -5.84727e-78 0
-4.50534 -36.9823 24.1526
-2.17905e-68 -1.08375e-68 0
5.93332e-08 -2.25975e-07 -13.8777
5.80128e-05 1.67016e-05 7.52467
4.04197e-05 -2.34819e-05 -12.9749
3.6582 23.4745 -0.672896
-5.54401e-15 3.19006e-15 0
-3.36226e-79 -2.686e-78 0
2.98803e-42 -2.63125e-43 0
5.58857 0.981751 -21.656
30.1213 39.0454 18.3361
10.6744 24.3279 -5.7774
5.4717e-68 5.86056e-68 0
-2.17026e-77 -8.98759e-76 0
3.35371 21.6726 -13.6679
-1.55847 12.45 -14.7457
1.23766e-63 -2.04129e-63 0
-1.7163 0.781361 -12.7462
-7.56208e-89 2.34096e-87 0
-1.47463e-89 1.72296e-89 0
-1.98997e-55 -2.3115e-55 0
3.45417e-65 5.34484e-64 0
-8.83916e-73 -7.0728e-72 0
2.81537e-38 -1.26027e-38 0
3.71199e-68 5.2876e-67 0
3.50053 -19.2931 -8.155
1.78887 -3.1101 -18.3031
6.912e-88 -1.15084e-86 0
5.434e-23 1.74022e-22 0
-2.60452 48.9784 -21.9084
2.05515e-83 -6.38041e-83 0
-3.2248e-29 2.26769e-29 0
-2.87939e-87 -3.21721e-85 0
4.07085e-54 -8.15558e-54 0
7.4393 -34.7296 -7.84756
1.68279e-07 6.39751e-08 -13.8836
0.000150541 5.79044e-05 7.50591
1.478e-07 3.83148e-05 -12.9919
9.65377e-35 -2.68627e-35 0
-5.6464e-80 -4.51768e-79 0
-25.6878 54.9633 -15.6071
-71.8783 3.14537 -14.3123
6.09884e-89 -2.63493e-88 0
4.89738e-84 4.8669e-84 0
-3.78643e-48 2.66263e-48 0
-1.27807e-73 -1.01612e-72 0
-6.37617e-89 -7.16073e-87 0
0.000121369 27.7554 6.18438
-8.40186e-33 1.03597e-30 0
3.43006e-89 -2.30528e-87 0
-6.55037e-77 -5.23699e-76 0
5.8115e-61 -5.8926e-61 0
-3.09708e-36 1.00062e-36 0
1.39093e-83 1.13757e-83 0
-3.86532e-79 1.51404e-79 0
1.54868e-90 -5.8955e-90 0
-11.4893 14.4695 -14.5213
-1.55578e-70 3.44262e-69 0
1.00322e-91 -1.23225e-92 0
2.68897e-90 2.20412e-89 0
-1.62706e-38 1.64178e-38 0
-1.6245e-84 -1.84774e-84 0
-1.31089e-88 1.04198e-88 0
7.82927 59.8116 -17.5428
-8.95224 -19.2485 -13.6772
5.24908 20.456 21.7416
4.08929e-78 -5.31025e-78 0
-6.54959 -18.0097 34.7247
-5.93221e-82 -6.9885e-82 0
-3.85785e-23 -4.93979e-24 0
4.49959e-07 -3.73177e-08 0
-59.2019 19.1005 -14.9078
0.000121388 -0.000277574 0
38.2985 25.7575 9.9161
-84.3935 9.87675 6.02395
2.04657e-43 1.44236e-43 0
-1.96592e-42 8.31472e-42 0
-1.45859e-42 1.85885e-43 0
4.06568e-73 -6.49453e-73 0
1.09661e-39 -8.70557e-40 0
5.30887e-90 -4.0443e-90 0
1.17892e-92 1.10258e-90 0
-1.29312e-69 -2.85359e-69 0
1.86486e-89 -1.39779e-88 0
-7.30635e-82 -4.13885e-82 0
1.26616e-79 -2.91469e-80 0
-13.8012 -3.37566 -4.46699
1.17559e-44 -3.82525e-45 0
-3.68982e-73 1.2626e-72 0
-5.38895e-05 4.71168e-05 0
3.79539e-28 -1.10508e-27 0
26.7778 3.15886 -16.5914
2.33706e-76 -6.38706e-81 0
-2.75736e-48 -2.75173e-48 0
2.16698e-80 2.32097e-80 0
-1.84404e-29 -9.25145e-30 0
9.54982e-25 1.20756e-24 0
2.6137e-61 -3.24086e-61 0
-1.54788e-44 -1.66768e-44 0
6.20048e-72 9.56216e-71 0
1.4402e-82 -1.78174e-82 0
1.1419e-82 1.22305e-82 0
8.31538e-85 1.8924e-84 0
-4.76366e-93 -3.18463e-92 0
8.05012 21.522 15.772
1.28334e-59 2.29176e-59 0
-3.12787e-90 9.24416e-89 0
-9.30376 -111.77 -2.7827
-1.33537e-75 -7.29865e-76 0
5.33229e-78 5.70859e-78 0
-9.05137 -26.1387 26.7999
9.52383e-87 -6.13431e-87 0
0.302411 0.717838 0
8.87224e-43 5.18637e-44 0
12.6375 17.8627 -19.0266
-2.79162e-30 1.98434e-30 0
-4.46624e-73 -3.5738e-72 0
8.15022e-41 -3.84181e-40 0
-34.5323 -8.21705 -6.65004
-0.487787 0.0434835 0
-6.46229e-62 4.5443e-62 0
-1.64233e-62 -6.07787e-62 0
0.000813266 -0.00140626 0
11.3653 42.4434 -20.5067
25.8299 3.08878 -16.3706
2.33361e-76 5.95673e-81 0
-14.2493 13.2444 3.99574
-2.84136e-46 -2.79366e-47 0
2.21424e-46 1.60409e-46 0
8.06946e-36 -3.31384e-36 0
-1.84764e-28 -9.43612e-28 0
-5.81638e-87 -2.7053e-87 0
1.13971e-90 1.01424e-89 0
-37.6742 35.73 44.4658
-6.1679e-59 4.33728e-59 0
-1.22976e-73 -5.31753e-72 0
-2.00741e-75 -1.60627e-74 0
-8.68936 -46.4885 -11.0057
13.1662 63.0401 6.70588
-3.61626e-43 -2.16265e-43 0
-8.93409e-46 3.72364e-46 0
-57.3208 -8.89737 21.2639
2.32658e-39 -8.25233e-40 0
-4.13858e-91 1.48288e-91 0
16.6363 -95.5486 -0.60767
31.0758 -19.422 32.4038
42.499 16.1046 37.0959
-1.92197e-64 1.21495e-64 0
-8.89479e-72 -4.42382e-72 0
-4.05377e-49 2.85062e-49 0
27.8386 -7.79005 -22.09
-1.06761e-27 2.4902e-27 0
43.266 -3.26141 2.02727
21.7484 73.171 0.995602
30.3322 10.4923 10.9079
-36.8076 22.4682 2.19745
-6.96892e-73 -5.57642e-72 0
26.9016 -1.11054 -16.205
2.33203e-76 1.54568e-80 0
5.86624e-71 6.28293e-71 0
-0.000332015 -6.26449e-05 0
-4.94189e-50 -4.53557e-50 0
4.35147e-77 3.84343e-77 0
38.4515 76.3506 -6.93704
17.725 -30.4915 -13.4626
-0.0597251 16.9943 14.5685
-35.231 -48.9486 61.1326
-3.42782e-82 4.25245e-82 0
1.24865e-78 1.01091e-78 0
3.42204e-89 1.38857e-89 0
-5.83056e-51 -3.23401e-50 0
5.44458e-43 -4.53034e-43 0
8.42057e-38 -6.33459e-37 0
-14.838 -38.3526 -21.0973
-4.2067e-59 2.95816e-59 0
34.127 20.3959 0.80595
1.84708e-43 1.09691e-43 0
37.267 6.67969 -18.4304
9.72958e-89 -3.66773e-88 0
-7.46856e-90 2.51308e-90 0
9.86372e-08 -2.34501e-07 0
4.35169e-65 6.73814e-64 0
-6.35351e-74 1.4059e-72 0
5.43188e-84 1.3548e-83 0
2.92517e-88 2.22549e-87 0
2.38406e-30 -2.57134e-30 0
-1.62921e-86 -2.10395e-86 0
1.93123e-50 6.14794e-51 0
156.866 18.3437 -14.5812
3.17326e-70 1.18858e-69 0
13.6172 -36.8329 -9.63638
1.06889e-42 -6.19859e-43 0
-3.64315e-82 -2.88553e-81 0
-24.8673 -46.6013 19.2
-3.53279e-89 -5.09941e-89 0
-1.86983 21.7235 -15.9344
-2.17614e-35 3.53792e-34 0
-2.0351e-51 1.14124e-51 0
-4.23738e-86 -6.3577e-86 0
-4.638 20.1109 -19.1928
-1.38895e-77 -1.27202e-77 0
-9.80687e-91 -8.07855e-91 0
7.19872e-06 5.07053e-05 0
0.852883 28.2817 -7.52013
-0.880093 -0.134229 0
-8.04338 -1.9331 -19.1633
3.19619e-91 -1.87339e-92 0
-5.45269e-87 -6.43708e-87 0
-8.75987e-76 1.08672e-75 0
-8.57842e-23 1.886e-23 0
-6.03525e-77 -2.60428e-75 0
-1.39251e-57 1.15129e-57 0
-20.1924 3.54054 -8.51849
-2.33676e-76 -6.04607e-81 0
48.6086 20.5376 0.926834
1.14854e-86 2.51218e-86 0
-2.50381e-90 -4.44501e-91 0
-7.99559e-45 3.72233e-45 0
4.68168e-68 7.24371e-67 0
-6.85529e-54 -8.83379e-54 0
10.584 47.2715 56.0571
-8.80106e-11 -2.85308e-11 0
-2.91804e-76 -1.26177e-74 0
-4.82866e-54 1.17876e-53 0
-1.62514 -22.1283 -17.5958
5.10449e-89 -3.88678e-89 0
-1.54308e-40 1.0851e-40 0
1.68893e-09 -6.96821e-10 0
-6.16426e-83 -7.26187e-83 0
-2.39863e-81 -1.03718e-79 0
6.41869e-60 9.93134e-59 0
-2.03864e-90 1.32542e-90 0
-6.90854e-77 -2.98732e-75 0
-4.35248e-77 -1.88201e-75 0
14.8318 9.92531 3.79104
-16.0383 12.1193 -17.9439
9.88411e-42 -3.34212e-43 0
-3.31427e-85 -7.65199e-86 0
4.17907e-67 -3.2964e-65 0
4.74786e-75 4.0877e-75 0
-70.4025 -5.99425 12.5316
-23.9646 -23.0214 -21.4568
-35.1137 -24.4931 -21.2909
24.9997 -3.04165 -12.9619
-1.42667e-37 1.00324e-37 0
-19.2475 3.50282 -8.14519
-2.06043e-46 -1.72797e-47 0
-9.44872e-77 4.63174e-77 0
-2.08347e-42 1.4651e-42 0
-1.74145e-37 9.19133e-39 0
-3.49587e-75 -1.73867e-75 0
-1.45284e-54 3.81842e-56 0
6.54994 10.9821 -17.4303
-25.7539 -21.5668 -10.79
29.6576 -19.4684 -12.3255
1.84877e-72 2.8605e-71 0
3.67118e-72 5.59221e-71 0
-6.2846 -15.7369 -14.1466
1.6751e-90 -8.77815e-90 0
7.55672e-62 -7.89884e-61 0
-1.17514e-86 2.39062e-86 0
-21.9271 -3.58835 -18.1636
-8.27776 2.61606 -9.75261
1.55803e-70 1.66875e-70 0
-37.5496 10.1852 60.9045
3.39766e-15 1.4483e-15 0
3.52146e-78 3.77098e-78 0
0.00756865 -0.0194751 0
-3.49203e-88 -3.55283e-88 0
-26.3261 1.70689 19.5277
1.46076e-26 -5.95857e-27 0
4.41069e-66 5.43685e-66 0
2.11005e-69 3.2673e-68 0
1.305e-83 -4.35896e-84 0
-6.95086e-88 -9.8395e-88 0
-3.39786e-71 -5.67327e-71 0
5.96415e-63 9.23042e-62 0
4.98658e-63 7.7155e-62 0
-20.1202 -0.880097 -7.24436
-2.33675e-76 1.63868e-80 0
-6.17825e-08 2.20975e-07 0
-35.0577 -0.75936 -14.8638
-1.29197e-87 -1.25635e-86 0
1.9942e-75 3.22439e-75 0
8.92029 -65.2797 2.44356
11.9354 -8.21581 -16.5194
-1.6159e-59 1.11273e-59 0
-4.13113e-38 -5.01823e-38 0
1.01989e-70 1.15609e-70 0
-3.41914e-90 3.29551e-90 0
-2.28907e-92 8.79215e-92 0
5.8932e-67 3.49133e-67 0
-2.10587e-71 -7.61342e-72 0
-3.07944e-50 2.16547e-50 0
-1.19794e-14 6.58739e-15 0
-3.6559e-38 1.52143e-38 0
-9.00057e-33 -4.41929e-33 0
-2.56535e-16 1.48095e-16 0
-14.5444 16.0464 -18.1055
1.76239e-66 2.78408e-68 0
-3.51213e-25 -4.03096e-25 0
3.98939e-35 2.62708e-36 0
-2.97861e-85 2.38172e-84 0
1.75394e-60 -9.49833e-61 0
4.12801e-77 5.35128e-78 0
2.67546 72.5208 30.3734
-1.72118 -4.13145 -18.1022
6.99715e-74 7.49441e-74 0
-1.12616e-83 -3.42231e-83 0
-1.07114e-84 8.41831e-85 0
5.19157e-91 -9.39315e-90 0
2.88388e-91 -1.1168e-90 0
-3.76771e-76 -3.24775e-75 0
6.83457e-92 -5.48495e-91 0
-2.22055e-57 4.19438e-56 0
5.52339e-86 -5.53041e-86 0
-17.41 -28.9258 -10.7805
0.853149 31.489 -10.7945
1.70093e-72 6.32944e-73 0
0.871101 1.87135 0
-6.0881e-43 3.08238e-42 0
-5.79567e-77 -5.84012e-76 0
5.22655e-06 -22.8566 8.4075
8.40359e-33 -1.03595e-30 0
9.82998 14.7295 -1.09973
3.64174e-88 1.68582e-89 0
-1.15957e-78 6.18861e-78 0
20.1635 -43.2402 4.09238
9.31811e-72 9.98032e-72 0
-1.63987e-56 1.15316e-56 0
18.9935 -25.5723 -6.96233
1.10852e-19 7.16616e-20 0
0.00011329 -0.000113493 -13.8834
3.02632e-08 -1.45501e-05 7.50542
0.000151264 -0.000368122 -12.9912
2.77084e-42 -5.02587e-43 0
-9.66222e-46 1.89798e-45 0
23.8989 7.07443 -3.5598
4.53645e-55 1.70516e-55 0
-3.78054e-69 4.83856e-70 0
26.2956 -45.9415 -21.6233
7.88287 3.23691 -16.3436
2.10399e-32 3.26012e-32 0
1.67112e-22 -2.34442e-21 0
3.08805 25.8692 -16.3826
-1.64758e-76 3.0609e-74 0
1.35555e-88 7.59641e-91 0
2.56064e-67 9.59114e-67 0
4.94461e-77 9.87024e-77 0
16.9461 -11.1339 -11.4766
1.36541e-40 -2.7305e-39 0
-1.3037e-75 1.86331e-75 0
5.90853e-53 5.25918e-53 0
-2.21782e-81 -5.94607e-82 0
2.99127e-81 3.19819e-81 0
3.55141 -19.1655 -8.48185
-7.77879e-51 -4.21316e-49 0
-2.17486e-32 -3.37875e-32 0
-4.1502e-61 -8.86801e-63 0
-43.3466 -66.7511 39.0752
-3.60593 14.1044 -14.4005
0.00180717 0.00223871 0
3.74296e-57 3.43121e-57 0
20.2213 -33.9453 1.21883
7.53281e-21 1.09498e-20 0
3.86647e-07 -3.74396e-07 -13.8777
2.02368e-05 5.82686e-06 7.52454
5.96087e-05 -5.15157e-05 -12.9749
1.49754e-80 -1.1402e-80 0
-2.08744e-28 7.30883e-28 0
-1.35597e-06 -1.59126e-07 0
5.09462e-43 -5.77023e-44 0
5.27221 0.89632 -20.9138
3.57766e-79 6.77336e-79 0
17.0056 26.1162 0.5762
1.77743e-42 3.87439e-42 0
-1.59514e-84 -6.9252e-83 0
3.35391 21.6723 -13.6686
-1.55806 12.4497 -14.7456
-6.96324e-56 4.89657e-56 0
-2.89666e-72 -5.97916e-73 0
6.46046e-91 -1.86808e-90 0
6.90094e-50 9.11914e-49 0
1.3405e-87 -3.93374e-87 0
-1.35642e-55 9.53836e-56 0
-0.0908952 -0.0106667 0
4.58632e-35 1.07581e-34 0
3.14446e-86 5.71351e-85 0
3.50228 -19.2916 -8.15772
1.76903 -3.12369 -18.2932
-7.5616e-80 -1.74582e-80 0
1.73796e-82 2.01367e-82 0
1.03398e-89 3.12792e-89 0
-22.3394 0.855514 0.194765
8.73685e-47 -3.23317e-44 0
-2.6765e-84 -1.15889e-82 0
-3.28438e-51 -3.72071e-50 0
-6.90655e-56 -7.26796e-56 0
2.07258e-05 -4.05259e-06 -13.8834
9.26396e-05 4.12104e-05 7.50572
4.01252e-05 4.7365e-05 -12.9916
-1.58116e-07 7.40496e-07 0
-93.9139 -46.0773 -20.7372
-28.0736 -9.13232 -7.70338
-3.96591e-74 -3.52142e-73 0
-6.85663e-31 -1.40544e-30 0
17.6208 14.8954 -3.80916
5.82596e-77 3.77212e-77 0
-25.8789 -3.14914 45.0519
2.62251e-75 2.93467e-75 0
0.00010885 27.7554 6.1843
-8.4023e-33 1.03596e-30 0
-4.79946e-87 -4.85014e-86 0
-3.35338e-77 -2.64648e-76 0
-1.88986e-54 -2.54105e-53 0
3.50153e-61 -2.55368e-61 0
1.54041e-25 4.70193e-24 0
5.16744e-79 4.58009e-79 0
33.8933 12.2692 -3.09193
-8.36888e-74 -3.61873e-72 0
-2.96315e-73 6.55683e-72 0
6.69586e-92 -2.51017e-92 0
-2.09169e-51 -5.19272e-52 0
2.2813e-88 5.19084e-88 0
-1.42243e-84 -1.66186e-84 0
5.08322 -1.01061 42.8924
-3.74508e-78 -1.61938e-76 0
2.31417 -25.5959 -9.85931
-4.80565e-37 -1.76982e-36 0
-8.31861e-08 1.63007e-07 0
67.4162 100.591 8.31682
2.2931e-89 -1.74665e-89 0
-27.1025 -28.4108 -14.3441
2.11431e-62 1.97115e-62 0
-4.17418e-80 -1.80493e-78 0
-2.98594e-91 -2.03428e-91 0
8.27203e-89 -4.57734e-89 0
3.53084e-86 -2.68832e-86 0
-0.00103308 0.00629316 0
-6.88581e-24 -2.93584e-24 0
-1.10844e-53 3.49824e-54 0
80.5273 -39.5984 -14.9354
1.97191e-36 -1.56543e-36 0
2.25198e-90 -1.69917e-90 0
-4.06152e-92 1.22855e-90 0
-5.46326e-83 -2.36233e-81 0
-1.88025e-88 -8.13893e-87 0
-3.85955e-17 -1.11906e-16 0
8.00249e-68 8.23984e-68 0
-3.29704e-30 2.31849e-30 0
5.01541e-81 -1.52657e-81 0
-1.48539e-84 -6.46377e-83 0
2.81339e-75 3.01296e-75 0
-5.97547e-14 1.64606e-13 0
26.782 3.1595 -16.5862
6.88288e-21 4.01654e-22 0
-2.30393e-34 -2.28609e-34 0
-2.36172e-18 -2.22702e-18 0
16.6084 69.8852 -17.4448
-22.9616 -45.2547 34.5015
-57.0462 -1.45399 -17.3649
-34.2782 -6.9341 -17.6886
2.00763e-21 3.77338e-21 0
3.01795e-86 3.07548e-86 0
2.84542e-64 2.63866e-64 0
-19.5389 -51.2506 3.04997
-1.86904e-73 -1.49555e-72 0
15.7648 55.354 11.014
5.35522e-72 1.13052e-71 0
54.1168 64.136 49.0175
-38.6479 -27.7415 -18.1505
-6.19613e-60 4.35713e-60 0
4.46555e-74 4.7829e-74 0
4.41125 -54.8518 -20.8418
29.5964 -11.2348 62.2634
-1.50016e-79 -6.48672e-78 0
5.343e-66 1.96658e-66 0
-0.360756 19.7318 -17.806
12.6403 8.57367 3.24721
-3.04968e-81 -1.31869e-79 0
-8.15525e-38 1.26728e-38 0
-2.55105e-91 -3.12717e-91 0
2.74622e-75 2.941e-75 0
-1.49174e-80 6.47927e-79 0
-1.27457e-80 -1.04689e-79 0
6.95187 22.6298 -3.43414
-9.19075 20.8148 8.20904
25.8329 3.08877 -16.3666
14.02 0.0646197 -20.6598
-8.88487e-34 -2.79462e-34 0
8.12951e-77 8.70726e-77 0
1.87837e-84 -1.65001e-85 0
1.76854e-84 -1.60478e-83 0
1.98865e-27 -4.22415e-28 0
-61.397 57.5839 -8.14484
-6.01221e-56 -3.13512e-56 0
-2.1059e-46 -5.22797e-47 0
1.72275e-10 2.92316e-10 0
-9.39109e-74 -4.06074e-72 0
4.95239e-85 9.37605e-85 0
23.923 -40.6403 -3.21088
-3.0012e-19 -3.0674e-19 0
-0.0193723 -0.00948649 0
4.6271e-86 2.75875e-86 0
4.70984e-44 2.19028e-43 0
2.37393e-41 -2.48824e-41 0
-7.02399e-74 -3.03719e-72 0
2.10146e-90 5.08355e-91 0
1.41771e-22 9.58823e-23 0
-112.501 92.8693 85.4535
8.22897e-44 -6.53268e-44 0
77.0368 -41.0638 6.87145
1.19281e-75 1.77096e-74 0
-6.51491e-92 8.12662e-91 0
3.63895e-89 -6.19435e-89 0
-42.7094 39.2848 -13.5074
3.68676e-55 -2.15134e-54 0
48.5388 35.7806 3.25349
2.49311e-13 -5.4165e-12 0
6.41398e-90 1.31026e-89 0
26.9062 -1.11182 -16.1997
4.62191e-55 1.99202e-56 0
-26.3066 41.698 -12.7861
-1.44311e-79 -1.70007e-79 0
-15.7001 15.2352 -9.57672
-4.69198e-21 -5.02306e-21 0
-7.60851e-22 -2.07022e-21 0
4.62684e-70 -4.61791e-70 0
4.05674e-06 1.873e-06 0
-1.90183e-81 -6.07012e-83 0
-2.7676 -12.82 22.8559
1.77234e-81 1.4349e-81 0
2.38419e-45 4.08626e-45 0
-2.3749e-53 -1.19554e-52 0
-5.71025e-57 3.69614e-58 0
1.34971e-53 -3.11991e-54 0
-1.69165e-87 -2.30874e-87 0
-6.9077e-66 -2.65651e-66 0
8.8647e-10 3.85496e-10 0
7.39978e-20 1.79115e-19 0
5.27898e-81 5.64995e-81 0
-7.13227 -3.13523 -9.56814
-7.70521e-90 6.98423e-90 0
-1.7347e-82 8.43637e-83 0
3.96809e-54 5.02219e-54 0
10.374 7.50291 -13.8646
2.40846e-66 2.07358e-66 0
9.62028e-89 4.64401e-88 0
-9.15564 12.9301 7.56368
5.47804e-90 -5.57374e-90 0
7.54644e-81 8.07622e-81 0
-2.57003 31.792 -21.7532
-1.25598e-80 -5.43091e-79 0
7.3805e-82 -8.92003e-82 0
-6.85556e-82 5.38796e-82 0
2.10819e-56 -5.13963e-56 0
1.76987e-28 -3.44021e-28 0
8.47433e-91 3.10742e-91 0
2.11794e-91 -9.35328e-92 0
-5.53974e-83 -4.4325e-82 0
6.19858e-91 -1.47632e-90 0
1.04669e-38 -9.89143e-39 0
-1.17146e-87 7.42534e-87 0
-5.83706e-81 -5.35421e-81 0
-9.79648e-91 -8.03008e-91 0
4.69935e-06 3.29691e-05 0
0.818167 28.3999 -7.71676
1.41642e-45 -2.40108e-45 0
-9.1713 8.29261 -20.4907
2.15524e-08 1.75449e-08 0
3.84593 36.2968 -11.7828
8.68702e-19 6.77961e-19 0
44.1299 56.316 -18.0603
3.17378e-34 5.0661e-33 0
1.58971e-71 1.70269e-71 0
-20.1934 3.54001 -8.51907
-3.57839e-76 -8.90539e-81 0
-4.49292e-64 4.22475e-64 0
-6.02472e-63 4.28556e-63 0
-1.08028e-82 -1.62084e-82 0
-4.85145e-72 -4.81134e-72 0
-3.28948e-24 3.55084e-25 0
-4.90995e-29 -1.27298e-28 0
-2.51144e-78 3.11561e-78 0
-9.59173e-64 9.35055e-64 0
-1.78899e-86 -7.73677e-85 0
-1.0749e-50 2.76926e-50 0
-12.6629 -18.071 -16.9708
2.73033e-85 -4.73798e-86 0
1.15627e-69 -8.23373e-70 0
9.887e-82 -6.61387e-82 0
-5.35584e-26 3.76624e-26 0
6.81234e-70 -1.232e-70 0
22.4181 50.7549 -14.1934
-3.49266e-74 -1.51024e-72 0
26.9848 2.76412 0.776842
5.52461e-84 4.11504e-84 0
12.7235 13.0832 11.3272
-16.0367 12.1111 -17.94
-1.52939e-86 -5.9855e-87 0
6.58979e-52 1.35287e-51 0
3.00833e-59 4.69088e-59 0
-8.8796e-30 6.24415e-30 0
-4.13209e-89 -3.16777e-89 0
-1.15506e-26 -6.26024e-27 0
-1.36841e-66 -1.30893e-66 0
1.02483e-73 1.09764e-73 0
2.80877e-60 4.20677e-60 0
-19.2468 3.50247 -8.14564
-2.34141e-76 1.14986e-80 0
-5.95467e-07 -6.9879e-08 0
43.9447 28.4828 -19.0719
6.93105e-90 -5.70453e-90 0
5.62872e-27 5.58836e-27 0
-4.12396e-59 9.48262e-60 0
8.11749 40.0931 -16.0563
1.2008e-90 1.0372e-89 0
-3.67778e-59 -3.01811e-60 0
1.30397e-62 2.01761e-61 0
3.30611e-79 3.54106e-79 0
-6.28874 -15.7269 -14.1431
54.1958 36.7929 -21.1643
-16.5112 -13.2175 -16.9853
6.00187e-65 -3.07043e-65 0
1.77738e-78 -4.94642e-79 0
9.41635e-69 1.45695e-67 0
14.3592 -19.7024 8.44628
0.00222798 -0.00153523 0
-10.733 -6.45345 -21.8868
-14.2566 -13.848 -16.93
7.34771 -70.648 -21.5529
8.88921e-32 -1.63835e-31 0
1.06064e-86 -2.13302e-86 0
7.24068e-74 -5.88288e-73 0
63.7773 50.3163 0.28926
-48.2867 -73.3255 4.50876
-3.68194e-63 2.70366e-63 0
-9.46001e-85 -4.25209e-83 0
-3.16211 29.473 -16.5841
6.40042e-72 6.85527e-72 0
-40.2246 26.3903 2.07069
-20.122 -0.879501 -7.24487
-3.57832e-76 3.25104e-80 0
5.20113 27.7949 1.91672
-36.7053 -0.46748 -16.2672
-1.58774e-72 -1.63223e-71 0
1.38039e-90 -2.4983e-89 0
9.73828e-68 1.50676e-66 0
-0.000549247 -0.0010418 0
-1.34979e-80 -7.27445e-81 0
-16.2307 -2.39494 -17.6731
6.32353e-66 9.7841e-65 0
-2.22668e-90 2.12966e-90 0
4.70795e-91 6.85307e-90 0
1.88066e-68 1.10915e-68 0
-0.00306411 0.000824725 0
9.63975e-85 1.17531e-83 0
-3.0261e-77 -2.42139e-76 0
-1.51225e-75 -6.94146e-76 0
4.7512e-90 2.79349e-89 0
-7.51835e-50 5.28692e-50 0
-17.6641 -10.6043 -16.1171
-4.22903e-75 -7.701e-74 0
-7.78034e-33 -8.55691e-33 0
-19.0425 -13.0203 -19.6875
-8.18388 -29.4411 4.88987
6.12316e-15 3.92462e-15 0
27.8648 -6.09232 -2.76841
3.44979 84.8583 -13.7517
8.73233 1.28649 0
1.4765e-79 1.27132e-79 0
4.17909e-05 0.0040117 0
12.8994 37.5411 28.3344
1.16937e-91 -2.12652e-90 0
1.44346e-91 -1.77439e-92 0
-2.64046e-73 -2.27606e-72 0
3.4724e-86 -1.12571e-85 0
-1.23381e-58 3.18976e-58 0
4.31513e-91 -5.03485e-91 0
1.7958e-73 -5.39747e-73 0
1.20069e-88 1.71836e-88 0
12.6875 38.9273 -2.38642
-1.66541e-64 7.06415e-63 0
8.39373 43.0233 9.04177
-5.057e-77 -4.04644e-76 0
2.08301e-05 -22.8671 8.40127
8.48588e-33 -1.03586e-30 0
-2.26787e-49 1.59477e-49 0
2.98053e-88 -2.24053e-87 0
-2.19509e-70 4.85728e-69 0
-8.9015 -52.5892 1.97602
-8.25082e-68 1.02142e-64 0
-1.25848 -9.8085 43.9332
-21.2699 -21.3786 26.0034
-4.57998e-57 -1.81152e-57 0
0.000210219 -0.000120148 -13.8841
3.35319e-06 -1.46553e-05 7.50454
0.000178352 -0.000149395 -12.9925
-2.51131e-29 -9.68909e-30 0
4.43885e-61 -4.51646e-61 0
-9.67225e-48 2.1022e-47 0
4.51462e-52 3.84843e-52 0
5.15757e-72 3.39331e-72 0
-1.18176e-29 8.31018e-30 0
-2.53852 30.3256 -7.83071
32.7828 -12.8661 31.5148
4.88253e-24 -7.51431e-23 0
3.08692 25.8822 -16.391
-3.85503e-39 8.73287e-38 0
-3.13975e-59 2.0909e-61 0
1.74192e-64 6.52453e-64 0
2.81333e-89 1.07112e-88 0
-1.13309e-58 -1.52968e-58 0
-5.04098e-53 1.53147e-51 0
16.2431 6.062 -3.64793
6.97805 14.7793 -20.6106
-16.9968 -2.83531 12.4642
6.377e-84 -2.13005e-84 0
3.55116 -19.1824 -8.48689
-5.05102e-51 -2.74044e-49 0
-8.78635e-62 6.17865e-62 0
2.47485e-84 1.88366e-84 0
17.71 1.04793 8.748
-1.31931e-90 8.63759e-91 0
-1.33046e-49 -2.49235e-49 0
114.411 -14.1763 19.344
6.57051e-88 2.56595e-89 0
-2.84452e-87 -2.82032e-86 0
8.19454e-07 -3.03355e-07 -13.8785
3.21645e-06 5.40621e-09 7.52354
2.06115e-05 -8.87508e-07 -12.9759
2.6915e-36 -3.06898e-36 0
4.02383e-43 -1.9663e-43 0
1.63392e-11 -4.82906e-12 0
5.14893e-26 4.02426e-26 0
4.2959e-15 4.236e-15 0
-4.52912e-34 -5.18653e-34 0
-1.24176e-59 -1.0272e-58 0
-17.5396 3.10495 -1.18997
1.81289e-69 2.80715e-68 0
3.35374 21.6885 -13.676
-1.55715 12.4447 -14.7448
-7.61765e-31 5.28918e-31 0
4.47734e-54 1.35721e-53 0
-7.86401e-72 1.44976e-69 0
2.74582e-77 1.80412e-76 0
8.51476e-29 -3.53673e-29 0
2.97639e-88 2.27396e-87 0
-2.0392e-67 -1.75778e-66 0
56.4437 -32.6099 -6.56024
20.0046 26.9221 -10.7781
3.50078 -19.3074 -8.16448
1.94924 -2.91139 -18.438
-5.93854e-82 -6.63512e-80 0
-1.7416e-70 3.85381e-69 0
0.000831262 0.00199287 0
-1.16874e-34 6.16857e-36 0
-4.62915 -19.1092 -21.4958
-0.181693 3.70645 -19.7627
-4.95468e-41 -1.14005e-40 0
-5.07633e-30 4.92673e-30 0
7.31277e-05 -3.00985e-06 -13.8841
3.90793e-05 7.63627e-06 7.50479
0.000188733 3.91256e-05 -12.9925
1.56818e-81 3.56885e-81 0
-3.54944e-77 -2.84014e-76 0
1.07744e-80 1.1535e-80 0
-2.53053e-20 -2.31647e-20 0
20.8971 0.627422 -12.8288
36.5124 -51.1789 -8.0688
-1.70973 -29.8537 -15.8088
1.51238e-90 3.58662e-91 0
-6.73516 21.6369 -20.1556
1.90321e-05 27.7647 6.17679
-8.40392e-33 1.03593e-30 0
-8.86377e-88 -1.00318e-86 0
-5.15204e-82 -4.08773e-81 0
-8.12459e-66 -4.71372e-66 0
3.69507e-81 -3.97352e-80 0
-7.37232e-34 5.18423e-34 0
4.04569e-22 -1.02616e-23 0
-267.131 -113.769 98.2183
-32.3291 -12.8918 -10.6616
-1.25789e-76 2.78344e-75 0
-9.65575e-91 1.66041e-90 0
2.88359e-90 2.16489e-89 0
5.91452e-89 3.12157e-89 0
-9.99147e-86 -1.44529e-85 0
-6.72992e-45 -1.19594e-45 0
4.38689e-89 1.76338e-89 0
-10.7944 -27.5066 -1.64803
-1.41241e-49 -6.22185e-50 0
7.60434e-46 -6.32743e-46 0
-3.5e-82 -1.51344e-80 0
2.48547e-75 2.66188e-75 0
-2.75184e-26 -2.26764e-26 0
-2.70695 23.1974 -17.4812
-1.13445e-76 -4.90541e-75 0
5.01511e-89 -1.12991e-88 0
1.57551e-85 -1.44656e-85 0
-0.00828521 18.1981 79.3295
-7.43708 -18.5681 -9.91453
-1.3497 24.0789 -18.7993
1.8715e-89 -4.59708e-89 0
6.57001e-81 7.03344e-81 0
4.97961e-40 -3.95314e-40 0
2.25283e-90 -1.70809e-90 0
-2.65093e-90 7.14972e-90 0
-4.17611e-89 -4.08711e-89 0
4.5807e-57 -1.55223e-55 0
6.86336e-84 -3.54338e-85 0
6.40122e-92 -1.07972e-90 0
35.8999 -10.5588 -8.97535
47.7694 -0.771593 -19.1563
1.79027e-79 1.9175e-79 0
4.69821e-16 3.82508e-16 0
7.84433 -31.0837 -16.7961
-32.2166 21.1118 -14.855
3.5289e-35 -4.28323e-37 0
-1.1398 0.775713 0
-1.924e-77 1.2889e-78 0
-45.9085 46.1341 0.345809
1.30607e-89 -3.42498e-90 0
53.605 14.6481 -2.21855
-1.58851e-72 2.55279e-72 0
2.61286e-67 -4.76291e-68 0
3.39094e-41 -2.34899e-41 0
1.20173e-85 1.32339e-85 0
9.48202e-34 3.10747e-33 0
8.21744e-38 -3.39589e-37 0
-24.4081 12.2519 10.7549
-9.37921e-64 1.00598e-63 0
-6.39878e-67 -1.53203e-67 0
-1.07709e-47 1.09406e-47 0
1.50206e-74 5.05869e-74 0
-1.11482e-82 -4.8205e-81 0
-1.53453e-70 3.39559e-69 0
-3.27728e-49 2.30459e-49 0
8.38395e-81 8.9736e-81 0
4.00995e-90 -2.31375e-90 0
-47.1575 36.4423 5.67241
-6.44913e-89 2.31846e-89 0
8.54942e-81 9.15374e-81 0
-2.96225e-39 3.77514e-40 0
-3.51829e-55 1.04512e-54 0
-8.07355e-80 -3.49103e-78 0
-7.05787e-90 1.06717e-89 0
-34.4304 10.1048 -17.3611
-2.0356e-86 -8.80218e-85 0
-6.47744e-74 1.43332e-72 0
-19.0524 19.0533 -6.72976
2.392e-19 2.31453e-21 0
1.02412 -30.8077 -16.0981
1.9617e-38 -1.79549e-37 0
1.25968e-73 1.34916e-73 0
4.7612e-89 -9.33826e-88 0
5.3556e-84 -1.61997e-84 0
18.0873 1.36798 -6.82224
27.0209 24.4973 -10.8376
-64.5934 49.2722 -1.41069
4.15893e-69 2.18668e-69 0
42.6032 43.0912 10.5638
-58.7299 -11.71 6.48127
-32.9252 26.17 -8.51157
-2.36877e-84 -1.89541e-83 0
-11.7107 -13.0235 -10.6642
-2.13835e-25 4.18855e-26 0
6.39685e-60 1.17898e-59 0
1.72734e-80 3.28679e-81 0
1.63383e-81 1.26834e-80 0
-7.1878e-08 -5.34264e-08 0
1.81032e-82 3.31674e-83 0
-49.1876 39.9956 12.2894
-28.7013 20.9988 -19.2872
146.222 -39.2666 26.0081
4.71403e-69 7.29379e-68 0
-1.21031e-69 -1.37693e-70 0
7.10832 -70.1261 1.74447
-0.280664 -40.778 1.93316
1.93974e-40 -4.48339e-39 0
-8.32917e-80 -6.64802e-79 0
9.51246e-84 2.91047e-83 0
5.9071e-81 6.32456e-81 0
-34.0313 -1.61163 -8.00147
3.2189e-46 1.0853e-47 0
35.0769 42.6081 116.826
2.82949e-78 2.43607e-78 0
1.40179e-90 5.09662e-90 0
-2.85611e-78 -9.56547e-77 0
7.61252e-84 -2.43131e-84 0
-0.134936 -13.1191 -7.47018
-1.07714 -14.2346 -14.3585
-1.07823 50.4495 -1.81377
2.48504e-71 3.84498e-70 0
9.43119e-85 7.63555e-85 0
4.05163e-90 8.29372e-91 0
-21.8541 -11.4866 -17.3373
2.11492e-83 -5.03829e-82 0
18.3043 20.9821 -18.1731
2.50905e-05 7.51214e-06 0
8.04096e-89 8.45033e-88 0
-9.70433 25.2703 36.4942
-1.48279e-32 1.63671e-33 0
3.98432e-89 -8.41422e-89 0
1.52463e-75 4.68393e-76 0
-9.55604e-84 8.77663e-84 0
-19.1891 16.9485 -10.1655
2.42101e-76 2.59029e-76 0
-3.0704e-59 2.15911e-59 0
-4.58292e-41 8.52911e-41 0
1.32764e-73 1.14304e-73 0
-1.45273e-37 -1.6636e-37 0
10.2995 39.5808 -13.2645
-8.97846e-30 -1.0856e-29 0
31.7494 32.8612 -6.73539
3.23294e-82 3.4612e-82 0
1.13825e-80 -1.39474e-80 0
-8.68207e-88 -6.46004e-87 0
1.02923e-73 1.10235e-73 0
-9.07138e-80 -3.92249e-78 0
4.05161e-76 4.44383e-76 0
3.59072e-71 3.84591e-71 0
8.85023e-84 -2.17775e-83 0
9.81392e-80 1.05081e-79 0
-20.7484 -19.2699 -20.7026
-1.03939e-58 8.20775e-59 0
-1.20924e-78 -9.67266e-78 0
-3.5267 15.458 5.93759
-12.6341 40.5414 -16.4787
-1.88235 4.26432 0
3.35294e-72 -3.76775e-72 0
-3.56031e-82 1.59093e-81 0
86.9271 -49.4652 -1.98917
2.97412e-78 3.18484e-78 0
1.01104e-32 6.99146e-33 0
-3.47584 -45.7978 -11.838
-11.2734 17.5239 2.79739
1.09784e-42 -2.39063e-45 0
-21.2057 3.48402 -8.67915
-3.58081e-76 -7.77982e-81 0
-2.7141e-26 -4.48925e-26 0
-5.01856e-80 6.7464e-81 0
-5.33589e-63 3.77563e-63 0
8.32657e-91 4.5238e-91 0
-1.69561e-46 3.56841e-48 0
-39.7901 2.76852 -15.3807
1.54157e-50 2.77439e-50 0
40.636 65.6837 -0.632524
5.96198e-63 9.22469e-62 0
202.602 -121.27 -8.58184
-7.13377e-73 -5.70821e-72 0
1.42443e-91 -1.07155e-90 0
2.57396e-92 -9.06704e-92 0
8.53495e-59 3.20998e-59 0
-1.83371e-53 -2.47417e-53 0
-100.178 70.6374 90.371
5.667e-75 6.0693e-75 0
1.46823e-84 -3.84903e-84 0
-1.05152e-59 7.3943e-60 0
-12.2847 8.35238 2.45461
-36.248 49.5479 39.4249
-15.2871 17.806 -20.668
-5.48157e-59 3.85466e-59 0
2.33072e-55 -1.16832e-55 0
-2.02034e-79 -8.736e-78 0
4.57419e-57 1.27972e-56 0
3.17626e-88 7.14989e-88 0
-1.22964e-76 -1.01471e-75 0
1.04145e-09 1.2057e-09 0
1.48257 4.88442 6.79693
1.68578e-68 5.649e-70 0
-20.2356 3.44666 -8.30048
-3.57998e-76 1.39681e-80 0
-3.09234e-78 -8.01564e-80 0
-4.89801e-56 1.3242e-56 0
6.95641e-77 7.62414e-76 0
1.08099e-66 1.22917e-66 0
3.49682e-83 -7.96976e-85 0
5.13528e-87 2.00065e-87 0
-7.45705e-75 -5.36678e-75 0
-15.1903 -21.8458 -3.4734
-4.18145 5.8996 -11.7817
11.5013 -62.7864 -1.96136
-5.52374 -22.079 -17.612
-2.55149e-83 2.34338e-83 0
-0.925767 -1.15591 0
-9.93038 -22.1935 -21.5098
4.29337e-86 3.67743e-86 0
5.97072e-51 1.02245e-51 0
2.89149e-58 5.70475e-59 0
-25.1501 -20.968 1.29255
-123.299 -5.78744 40.4637
-1.1721e-73 -5.06822e-72 0
-14.857 -14.8813 12.0601
7.42789e-08 -2.70424e-08 0
19.7486 52.7049 3.81066
9.6164e-50 -5.57576e-50 0
4.5183e-87 1.38389e-86 0
1.80825e-42 -9.71112e-43 0
1.45436e-87 8.45888e-89 0
3.90589e-72 -6.5396e-73 0
1.83786e-15 -7.65186e-15 0
-5.09699e-80 -4.07835e-79 0
6.57051e-83 4.83004e-84 0
-21.1817 -0.872522 -7.42104
-3.58064e-76 2.91633e-80 0
-1.07852e-28 -2.40588e-28 0
-1.73219e-37 2.64997e-38 0
-36.3705 -53.0155 -20.3591
-20.4251 -13.9695 -19.0298
-3.49394 3.88131 -5.2142
8.45144e-87 -2.11468e-87 0
-4.53806e-54 -1.98579e-54 0
47.2615 48.7664 21.9402
1.42264e-62 2.20119e-61 0
2.14585e-75 2.00778e-75 0
-52.7573 20.4749 -12.9587
5.17325e-76 1.13255e-75 0
3.73443e-87 2.17723e-86 0
2.2085e-76 1.90142e-76 0
-2.23473e-90 -2.96366e-91 0
1.17117e-74 1.25438e-74 0
1.91e-87 6.63846e-88 0
-1.14785e-29 1.70598e-30 0
-1.7472e-59 -3.75658e-59 0
-71.4436 42.8474 -18.6497
-2.05884e-44 -2.11684e-44 0
-2.87191e-90 -3.23172e-90 0
1.6685e-77 1.78696e-77 0
-1.18435e-82 6.30933e-81 0
8.37519e-44 2.4686e-43 0
-10.6351 25.0581 18.6506
1.00602e-70 1.07751e-70 0
1.47371e-81 2.21911e-81 0
8.79977e-67 1.36155e-65 0
-29.7113 -3.98009 -21.0487
2.46292e-91 -1.00499e-90 0
4.17204e-78 4.46733e-78 0
-1.75093e-72 -1.50929e-71 0
-3.53171e-73 -2.82597e-72 0
-37.4094 -13.6537 -3.23841
-2.64771e-78 -9.58085e-77 0
7.63771e-12 -4.95035e-11 0
6.2689e-89 3.21058e-89 0
-2.26229e-86 -6.66109e-85 0
-6.99707e-33 -1.72866e-31 0
4.8257e-76 3.93014e-75 0
-1.75762e-77 -7.53704e-76 0
0.000191271 -27.6256 5.20653
2.89592e-38 -2.48641e-33 0
6.43869e-78 6.89628e-78 0
-1.99429e-86 -8.51547e-85 0
1.41164e-90 -1.27842e-90 0
-6.7975e-86 -5.78602e-86 0
1.77167e-83 -1.34892e-83 0
-3.36599e-24 -2.54125e-23 0
-8.39681e-84 -3.6314e-82 0
6.98928e-83 -1.87437e-83 0
4.89958e-05 -2.79181e-05 -13.8851
3.9454e-05 -2.07748e-05 7.40204
0.00011193 -4.43053e-05 -13.0822
-1.59412e-23 -1.71701e-24 0
-3.4711e-76 -4.29776e-77 0
-18.7964 8.51253 -11.2027
6.23057e-75 5.99667e-76 0
-4.32156e-78 8.8021e-78 0
3.09601e-90 1.31454e-90 0
-3.3693 10.2506 -21.2573
5.64586e-87 4.44453e-86 0
-2.74391e-88 2.12919e-87 0
-1.03379 30.64 -17.7754
1.93441e-80 3.57999e-76 0
2.4151e-86 3.33785e-86 0
2.0843e-19 6.27224e-21 0
-6.54798 -5.54872 -22.0946
-1.52836e-48 2.15602e-48 0
-1.00906e-87 -1.63123e-88 0
-8.13832e-05 0.000161124 0
-4.3684e-46 -1.22364e-45 0
-2.42883e-75 -3.10152e-74 0
2.08209e-80 1.79398e-80 0
-0.786856 -24.3475 -8.46945
-6.56353e-45 -3.9157e-43 0
-1.31748e-54 7.72646e-55 0
-1.85634 -36.027 -18.0292
-1.88571e-43 3.93245e-43 0
4.36197e-81 -5.27186e-81 0
-2.56885e-19 1.53116e-19 0
9.02799e-90 -7.83893e-90 0
-2.72734e-76 -1.17931e-74 0
-3.06531e-80 -1.32545e-78 0
2.56371e-05 -3.25329e-07 -13.8836
3.6704e-05 -1.24945e-08 7.42449
0.00015619 -4.06376e-07 -13.0626
2.94838 -9.8943 -14.5356
-9.00253e-79 -7.19998e-78 0
-4.29731e-23 -2.01365e-23 0
-47.5767 12.4023 -1.28769
-13.1927 -2.23263 -0.672278
43.7868 -33.4994 -14.746
8.64238 -7.9055 -4.20226
0.0179057 -0.0206293 0
-4.13991e-86 -1.79011e-84 0
-1.4956 15.9813 -8.5143
-1.51163 12.6661 -15.318
-5.22994e-60 3.67771e-60 0
-20.0915 1.14264 -15.8314
-1.21323e-88 -8.61259e-88 0
-5.64763e-82 5.60779e-82 0
-16.1728 30.068 -18.2811
-7.66934e-83 -9.48136e-82 0
2.48146e-84 2.38001e-83 0
9.3173e-74 1.44151e-72 0
1.17116e-82 2.15536e-81 0
-0.79355 -24.4693 -8.08796
0.265001 -3.56521 -18.1139
-2.61431e-25 -1.96954e-25 0
4.56511e-72 3.93036e-72 0
-2.09728e-34 6.79112e-35 0
2.58061e-82 4.72802e-83 0
-6.36691e-83 -2.64057e-81 0
-2.91463e-85 -2.2968e-84 0
5.41281e-32 -4.36953e-31 0
9.41314e-66 1.45645e-64 0
0.000238118 -2.17244e-06 -13.8848
7.51498e-05 1.36777e-05 7.40229
0.000380014 4.16725e-05 -13.0818
-3.29311 4.34549 -17.5543
4.54819e-86 -5.10182e-85 0
-12.1418 -10.8509 -19.9943
2.01219e-70 3.11336e-69 0
-3.30854e-26 2.11069e-26 0
-6.01017e-72 6.64782e-72 0
-2.63928 -15.0512 -18.9646
9.16768e-71 9.8192e-71 0
-3.91377e-59 2.75218e-59 0
0.00019093 32.0732 2.54138
-4.15454e-31 4.95751e-29 0
-3.57152e-82 -3.39866e-82 0
-8.57699e-52 -2.03027e-51 0
-6.09739e-90 -2.03959e-90 0
-1.21536e-87 -1.85061e-87 0
1.43436e-69 8.27641e-70 0
-1.51976e-10 -6.41386e-10 0
-16.724 9.15781 -22.1895
4.24472e-65 6.56767e-64 0
-3.96248e-80 8.76816e-79 0
12.2202 53.9032 5.54972
-4.11192e-90 8.26793e-89 0
-3.0353e-53 5.52833e-53 0
-24.6719 1.30227 -8.419
3.66047e-71 5.66367e-70 0
-3.18431e-44 2.23922e-44 0
1.38912e-50 -3.74338e-51 0
4.22385 -51.6964 -16.6148
-1.50381 -0.883565 -22.2197
3.15779e-81 -8.76819e-82 0
1.96007e-65 3.03272e-64 0
-1.08263e-19 2.59336e-20 0
1.14736e-20 1.0884e-20 0
-2.96546e-88 -1.28314e-86 0
-12.38 6.51668 -22.2693
-1.86608e-81 -8.06902e-80 0
5.71394e-42 -5.67437e-41 0
-1.49242e-87 -3.94595e-87 0
-4.6202e-83 -6.58434e-82 0
-1.17319e-80 -1.07559e-79 0
-1.22194e-77 -5.09994e-76 0
9.17277e-83 9.72295e-83 0
36.7243 -31.8348 20.6629
1.06186e-62 1.64305e-61 0
7.12922e-90 2.33263e-89 0
6.01995e-90 -7.2271e-90 0
24.7245 -30.649 -18.5449
-6.00414 -8.34924 9.09441
1.96872e-19 -5.53075e-19 0
2.52136e-20 1.14342e-20 0
2.34755e-66 3.63218e-65 0
-5.23285e-38 -1.07909e-37 0
5.78087e-20 1.24695e-20 0
32.0896 -1.05025e-05 2.52904
1.1723e-25 1.13527e-30 0
-1.47755e-82 1.68047e-83 0
0.284565 -0.622397 -13.6039
33.9453 16.5947 -22.0867
3.30366e-65 1.96193e-65 0
-4.48674 -8.82372 -9.66429
5.50102e-30 2.17861e-30 0
1.39216e-65 2.76887e-64 0
-2.83538e-38 2.08959e-38 0
4.53054e-71 4.85251e-71 0
1.11859e-92 2.76182e-92 0
-2.90203e-29 3.51701e-29 0
-4.18452e-29 3.17935e-29 0
1.19847e-81 -2.53628e-82 0
-3.39591e-40 -3.69615e-41 0
-27.5097 16.0124 -20.1459
1.25784e-29 -6.57946e-29 0
-10.9718 -10.465 -20.2606
5.87984e-79 -1.63635e-79 0
-1.81239e-77 -1.30436e-77 0
15.2378 -27.3132 -14.5026
1.22883e-89 -1.34982e-89 0
-52.8704 81.6098 -11.1123
-4.4516e-77 2.11409e-76 0
-1.39353e-79 4.97211e-80 0
2.4586e-90 -5.64015e-91 0
1.60778e-22 -1.58695e-22 0
-2.93165e-37 1.279e-37 0
-1.70465e-81 4.06034e-81 0
8.92502e-70 1.04986e-68 0
1.37023e-85 7.74441e-86 0
-3.15328e-80 -2.52315e-79 0
32.0636 2.10342e-06 2.55357
1.17257e-25 9.0261e-30 0
-2.21126e-06 -2.59495e-07 0
-7.04607e-80 -5.62979e-79 0
1.4299e-90 -2.27195e-90 0
-10.4766 -1.33083 -18.1284
35.1777 -14.3579 8.58009
-3.45884e-26 -2.80939e-26 0
7.86712e-89 1.26062e-88 0
-26.7997 34.1164 6.65421
-20.057 -2.24856 -17.2659
6.20164e-90 8.18887e-90 0
-2.93076e-63 5.54163e-63 0
-6.41137e-49 -4.23729e-49 0
1.47618e-89 9.12563e-90 0
5.70903e-81 6.11073e-81 0
-5.38831e-15 -2.59472e-15 0
-14.1643 -11.0162 -11.0182
9.04738e-62 1.83728e-60 0
-45.3824 7.29799 19.2502
-29.8575 9.79887 -13.6885
1.68981e-70 1.8099e-70 0
-4.99925e-77 -2.16169e-75 0
-6.56571e-79 -5.23921e-78 0
-3.50148e-17 7.14688e-18 0
-1.30285e-86 1.74694e-88 0
1.46012e-71 1.56389e-71 0
-9.22646e-86 -3.7939e-85 0
-4.14612e-21 -8.03117e-21 0
1.78127e-69 2.46166e-69 0
-1.58464e-48 -2.48697e-48 0
1.01644e-07 7.26393e-08 0
-2.50387e-70 -2.00352e-69 0
32.0896 1.22999e-05 2.52904
1.17255e-25 1.70104e-29 0
-2.24068e-82 -3.71386e-83 0
5.89313 -36.7394 -16.5815
1.61008e-58 -2.74504e-58 0
-6.39799e-84 1.30019e-83 0
-1.46288e-76 -1.17055e-75 0
-5.02392e-63 3.53283e-63 0
-3.35041e-85 5.4015e-85 0
-3.71064e-87 3.04469e-87 0
5.07557e-72 7.85317e-71 0
-3.00223e-90 4.32937e-90 0
1.01657e-77 8.77631e-78 0
28.3501 32.8423 -22.0216
7.60133e-87 7.24007e-87 0
7.04609e-88 -1.08137e-88 0
8.47083e-92 -2.02183e-92 0
9.24696 7.68769 -3.45826
7.97272e-27 5.55686e-26 0
3.32766e-27 4.29516e-28 0
-6.36402e-31 4.25324e-31 0
1.15933e-78 1.24138e-78 0
-4.94443e-51 3.47693e-51 0
4.28004e-20 -3.85291e-20 0
-11.3422 -26.2504 -21.4245
-1.12889e-91 1.03689e-89 0
-6.17619e-51 -1.29577e-50 0
2.20969e-74 2.36673e-74 0
-7.73504e-89 -1.11864e-88 0
8.22178e-87 -7.418e-88 0
1.10731e-70 1.71329e-69 0
-1.08281e-79 -4.68209e-78 0
