# vtk DataFile Version 3.0
water particles
ASCII
DATASET POLYDATA
POINTS 2541 float
-2.03058 -1.07991 0
2.04732 -2.80668 0
-47.4629 41.3794 15.8228
0.504888 1.49034 0
-17.5786 -4.40805 0
-14.1457 -45.3351 65.6544
30.6732 28.3364 5.83985
98.2535 -89.3066 8.73248
5.15466 -58.5385 0
4.41709 0.730531 29.9137
-12.7866 -23.5428 0
-2.9077 -110.727 1.37488
-24.106 -54.5872 94.855
-0.248751 -2.30689 0
19.5803 8.83124 0
-6.49168 -6.22638 0
16.8203 23.3791 0
-5.33225 18.0735 0
-69.5667 -82.5643 116.703
46.9081 -27.6149 100.547
3.21839 -1.12818 0
31.4235 -15.5174 16.228
3.11202 78.8591 1.86207
-52.9686 -0.300016 78.531
-53.8237 -0.307546 14.1456
15.7731 25.6628 1.18983
0.212703 1.22659 0
-56.3772 -28.4086 9.7817
-51.8345 -28.6827 17.3907
-73.1239 60.7408 109.508
-0.0101012 49.9507 45.5751
-92.8353 41.4234 49.8643
-45.8025 -35.6806 6.50385
-0.195664 1.49647 0
-2.58826 -4.2261 0
8.22046 -70.2883 0
43.7604 7.76333 34.2456
17.6569 24.7815 33.8598
31.3051 -2.462 0
1.86033 25.5184 0
12.7457 4.51238 7.30074
-0.468553 1.58001 0
33.1417 73.7491 173.455
-2.56312 0.909979 0
-84.9668 -8.02812 22.5905
-4.37057 1.80064 0
4.42663 4.68923 0
-3.58855 -7.01801 0
-5.23337 -6.57562 0
-18.4025 -28.3886 0
-7.04204 -1.11562 0
31.4039 4.9631 30.311
113.4 -49.7031 8.13716
-44.9295 -38.8455 18.739
-2.48184 -3.84299 0
-2.3849 0.92505 0
-52.9134 8.02379e-06 78.5726
-53.8252 -0.00379553 14.1559
-14.7739 -28.039 0
-18.9767 15.7466 13.056
12.5427 -5.06107 0
7.05538 -1.87128 0
14.7617 -34.9008 0
15.7956 -32.1354 11.9582
46.5609 -30.9888 85.9054
0.608429 1.05898 28.3815
-48.392 20.2465 0
-1.3927 -5.96343 0
-2.54232 -1.53324 0
-3.13393 6.97838 0
0.801377 19.6293 0
47.6438 55.1894 31.8159
-10.3038 3.87986 0
8.86139 50.6358 0
57.4408 4.73415 3.3142
-93.7463 -6.62434 19.6035
3.83783 -15.9816 18.9412
0.393883 1.7884 0
-24.723 157.207 40.0987
0.502913 1.90864 0
40.418 8.37833 0
-33.8097 21.9824 0
2.25956 -5.1136 0
-3.70548 -8.58064 0
0.111063 1.2987 0
-0.205605 -3.3131 0
24.7727 -110.508 15.1229
-2.56101 2.37464 0
-0.689761 -1.98985 0
-52.9686 0.300023 78.5311
-53.8135 0.299813 14.1906
-34.9883 11.5899 7.10887
-122.077 26.2771 22.1319
-1.70981 2.65476 0
17.5805 -22.5167 18.5672
30.9445 -1.01344 0
22.3577 26.0072 0
-48.5852 -7.56264 32.2909
16.4127 29.6156 14.7295
-0.561205 3.65332 0
-15.9526 78.0921 85.0185
-2.65862 -0.58079 0
34.4886 -27.1671 3.06516
-8.02697 7.14273 0
27.418 -44.599 15.8244
6.3673 -6.61419 0
-30.5891 85.1078 1.72193
54.6883 -0.115867 124.83
34.404 5.96035 17.99
26.8472 21.5097 64.0205
-2.32708 0.395731 0
3.24127 4.73973 0
-46.3645 -42.5698 15.5902
-2.3459 0.576754 0
-25.8645 58.0966 0.125587
40.7223 -63.549 22.1764
23.6261 -20.5135 6.69357
4.05855 -30.7431 0
23.2369 119.28 105.637
0.0818673 -3.11213 0
-1.42641 3.61873 0
-0.711523 -4.35616 0
-1.01902 -1.81484 0
-0.988673 -17.7738 0
-2.1592 -4.58467 0
48.7413 -21.495 89.6642
-0.983685 -1.27308 0
2.59857 -11.9527 35.7901
5.29206 12.6779 0
-2.9711 -0.0855074 0
12.8094 39.4237 12.9462
-2.30247 -2.83817 0
0.25536 2.75369 0
-0.900471 -52.3343 78.55
-0.468038 -52.4715 12.5839
-9.90325 -15.9553 28.353
27.1041 28.4762 30.4865
9.03373 -12.4124 0
-6.7782 25.8306 21.4081
40.3126 -59.9902 35.2453
-35.9631 2.86941 14.1675
7.37494 -104.65 57.4771
38.1756 -10.8147 31.2842
-0.900018 -0.30014 43.7762
-0.900074 -0.300039 83.3761
-0.900314 -0.300225 44.9347
40.7829 20.8389 1.63377
4.7036 0.624983 10.8668
20.8703 20.732 51.6894
-18.318 11.028 0
66.4628 62.6644 101.782
1.6541 1.74894 0
15.4079 49.3039 118.346
0.275179 1.34701 0
-52.3228 32.4331 18.5894
4.35064 56.885 35.1003
-0.900965 24.6826 0
27.4506 2.09193 2.15762
-3.73194 0.411237 0
40.3466 -17.6445 34.8294
0.510997 -1.65549 0
3.27793 5.15332 0
-30.2298 -67.7416 4.67208
-49.4141 64.7649 29.1269
28.7035 -37.371 53.5877
35.5953 -49.1655 70.031
5.19666 -45.7692 51.0267
-1.65596 -46.3365 2.67072
6.37629 11.0603 1.33246
-262.868 -86.7377 109.101
10.8773 1.40794 0
12.0337 -99.5167 0
11.8695 -28.2523 3.46408
2.25904 4.61966 0
-4.8217 -1.43727 0
-1.14768 -48.6879 40.1252
-0.900009 2.15466e-05 43.7784
-0.900069 -6.93464e-14 83.4184
-0.90133 0.000208146 44.9715
-2.87098 0.0650593 0
9.32297 -12.1946 5.11908
10.3937 0.727277 23.8738
8.88464 3.32783 32.5915
15.8397 4.81986 134.367
-4.22124 -19.1408 0
29.8521 5.10203 48.0147
37.1611 0.898012 57.8749
8.87552 -61.375 0
10.6565 25.603 52.2307
-0.90119 26.4209 39.9206
-4.77105 -15.9591 0.0926872
5.01643 7.58487 17.7784
-29.4954 21.3113 13.9822
17.6979 125.347 0
-2.00942 2.2764 0
-1.74759 1.68249 0
-2.24822 0.608149 0
-4.83237 -22.2329 14.1954
-5.87014 76.7501 9.50411
5.15113 -45.6132 51.4213
1.97949 -6.97455 33.3832
21.2272 56.0645 15.906
2.50887 -18.9785 0
42.985 9.27172 86.198
-36.24 -24.7843 85.2617
26.2041 -40.6013 10.799
0.960325 3.46219 0
36.4115 84.6511 45.6805
-0.467011 0.160318 0
-0.900054 0.300069 43.7763
-0.900074 0.300039 83.3761
-0.902108 0.300216 44.9351
-14.6703 -33.2266 52.9536
7.15668 8.53426 0
15.7011 -34.7212 41.287
0.171358 0.4501 0
18.0453 -48.9242 13.3957
12.1294 -8.23423 14.7035
33.5685 -34.5505 1.2013
-1.21109 -3.06564 0
-1.72938 1.9301 0
-0.900353 60.6624 73.5589
-0.900425 52.8641 10.6052
17.7864 20.3824 0
-3.48092 -14.7761 15.3751
19.7301 49.9399 40.8833
-4.17509 -13.9382 0
24.5777 39.3011 53.5869
37.0987 52.4527 7.1998
6.69964 1.18642 0
77.6894 99.8018 49.3967
-0.90373 3.41546 0
-23.9106 -146.859 155.397
-2.00433 3.04032 0
30.094 -56.1313 60.9669
31.5324 -18.1711 80.8694
0.828487 2.07942 0
97.5906 -8.04986 96.0217
98.7103 34.2902 56.7373
2.05109 -3.12952 0
1.4124 -24.8661 0
0.135999 2.14556 0
-18.8927 -35.5322 19.3495
-0.991791 -10.0404 0
-180.17 107.862 6.05554
-1.24292 -1.22018 0
45.1589 31.3681 14.5762
-2.72419 -1.15633 0
-28.828 -16.3282 0
-90.529 -2.78134 24.8968
23.2918 -9.35754 0
-0.551507 -3.38503 0
3.52589 7.19752 0
-30.6873 47.0575 0
-0.578661 -1.35875 0
0.949687 10.0985 0
-7.72822 7.12443 0
11.2091 41.9997 20.8404
13.379 2.99065 0
-17.573 -29.7173 0
2.96879 42.9488 0
11.577 -14.0325 26.7932
2.99428 -1.59677 0
-55.9432 3.78561 5.30187
-40.1604 -4.59929 59.5734
51.1903 5.49136 37.1374
24.1091 -0.300963 0
18.9243 -77.9331 86.8737
-10.4683 -6.93945 0
13.6175 -35.4743 89.1364
-46.4459 -26.8886 150.345
-74.628 80.2329 0.469489
14.5691 9.91515 0
80.0491 16.7812 0.345977
35.3076 57.0995 69.3426
18.6245 -20.4213 0.865523
-68.2012 -324.892 145.194
6.68438 -13.2648 0
-5.62037 -3.20831 0
-2.26085 -0.95335 0
-1.39759 -1.62224 0
33.9469 59.1927 43.4452
-1.87911 -2.11661 0
-2.26996 -1.59168 0
-10.1044 -1.98203 61.0366
-2.15169 3.02499 0
46.7665 -46.4214 27.8826
78.1718 -102.577 67.0197
25.0164 32.2374 32.7266
-23.8246 18.3672 0
1.75164 1.95343 0
27.066 51.4569 14.5482
68.0932 22.0801 18.2146
-2.47278 0.455094 0
37.8774 55.835 89.6564
1.27909 -5.85696 0
65.5332 16.4461 0
-78.9453 5.59559 15.0004
49.3757 5.66537 37.5607
24.1185 -0.00021782 0
32.9526 37.7643 27.148
5.90766 0.860993 0
-60.9223 -15.0167 13.6756
0.190896 -1.63822 0
1.16217 -1.55767 0
5.05473 -6.064 0
-44.045 29.85 23.7956
-12.0101 -0.215703 26.9199
1.23632 1.75239 0
136.352 45.3378 44.8729
-148.824 -28.4261 72.8289
-0.328171 11.9439 41.7754
1.15575 2.8202 0
-18.2039 -29.2189 29.5035
1.2538 4.84741 0
4.82104 -3.03962 0.471737
10.3745 9.92671 17.4192
-57.3502 -57.7558 20.5718
2.64461 -1.14865 0
12.6783 -3.00941 41.1755
-4.79536 250.58 27.4594
7.11887 -7.28538 0
-3.17576 -1.63094 0
-2.13625 3.71269 0
22.6298 -32.4492 32.2142
72.0959 -90.4675 55.9364
-2.2999 0.646195 0
28.3337 -34.2511 107.839
-2.16601 -74.9738 5.37074
-48.217 21.5227 58.0322
-76.3914 3.11117 10.5321
51.4898 -1.77293 37.7942
24.1084 0.301078 0
152.015 -310.13 420.042
47.565 44.8379 155.872
13.3916 38.4021 40.2679
4.61113 -34.8384 18.8732
2.38343 -0.845737 0
1.4151 -5.49137 0
-8.08386 -2.43346 0
56.5412 -10.4271 38.5135
0.871905 1.68401 0
0.151578 -1.80301 0
-3.6218 7.88917 0
117.269 169.07 20.8922
56.9896 -34.2065 12.8037
0.297979 1.373 0
-171.777 18.4804 79.9644
2.3983 0.467917 0
-12.9759 4.85882 0
11.6556 -71.6538 12.8448
8.41343 -2.65447 0
1.48272 -2.20511 0
29.01 49.1718 7.40737
-10.2673 -34.7455 44.3208
-2.13984 0.0648037 0
-3.73082 -8.93364 0
-21.5065 13.0019 0
-127.834 29.0432 1.70801
20.8076 6.85703 0
0.739581 2.74607 0
-57.2396 147.363 0
28.616 3.38726 0
-0.883178 2.56254 0
-26.2777 15.7083 0
49.8799 -4.47308 31.0662
1.62563 1.49756 0
-2.3554 0.37246 0
-2.9517 -2.88338 0
1.71789 1.42584 0
-1.06309 -1.75321 0
4.57531 4.17976 0
-6.1816 -6.36921 0
55.8391 77.2234 81.957
-0.504214 -2.08803 0
-11.4594 -9.27546 0
45.8834 76.9746 47.5459
-0.22642 50.5977 53.4137
-28.5424 4.90579 0
-70.0428 -47.8543 1.89634
-8.85484 -4.87627 0
33.6172 8.62983 28.9785
14.6022 5.47551 55.0163
22.8474 -8.66403 1.77901
3.66259 2.46711 0
7.67305 -0.493519 0
-6.22273 12.8633 67.1829
-55.7244 -2.13443 3.8884
9.20433 7.07566 1.51625
-2.33074 0.817958 0
-50.2938 10.3671 0
-78.9968 43.1914 27.1737
28.7471 28.1914 27.6686
23.5322 -16.4509 0
-13.0145 -96.4638 0
26.2184 17.3055 0
-0.15607 -1.87982 0
-18.8402 24.5574 0
42.6844 -12.412 36.2341
0.0574523 -1.99114 0
1.31452 1.2683 0
200.391 -64.687 46.4567
-2.89926 -7.76886 0
-2.24809 0.162787 0
-3.27907 -0.148738 0
-3.85682 -21.5041 0
-7.17133 11.2853 66.695
-2.21195 -0.381172 0
15.7827 9.6618 83.3076
79.3951 -26.2987 8.41033
-11.9039 -49.7442 0
-0.753828 2.8663 0
-66.5513 -5.22903 0
-2.59437 -0.406196 0
6.60555 1.43456 0
6.44593 -53.5053 53.7021
29.3654 -60.9146 58.2369
11.089 -3.6191 10.118
68.9979 19.8029 19.9592
-23.2071 9.94555 60.6967
-45.9563 -0.476733 20.738
3.99876 -6.41804 0
7.85317 -11.5604 12.2843
-19.6141 1.69377 0
-5.46865 0.418206 0
-38.6986 -59.441 13.0439
-74.3483 48.2808 14.0558
-95.3979 28.856 43.4803
-1.81708 3.49118 0
-0.209259 1.68138 0
-3.49241 6.28328 0
1.45077 -4.46206 0
148.151 7.54956 322.566
-2.42776 1.12667 0
155.103 -96.0168 50.6529
-8.00294 15.5356 0
-102.889 25.1901 22.0715
19.7719 21.4851 66.3599
-235.922 169.47 113.89
-2.73742 1.09259 0
-18.347 13.2689 0
10.8056 -127.299 38.8241
47.467 4.74454 36.7915
-19.5526 -54.389 0
-11.074 -4.36854 0
-2.80608 3.50492 0
-1.10935 -4.48713 0
2.64523 16.351 0
3.18489 0.296327 0
25.9645 -4.62516 40.1716
-1.03033 -1.47298 0
-0.311759 1.36204 0
-12.6969 -2.52903 67.3724
-55.97 0.959274 9.70605
-0.14283 -1.63033 0
45.4518 -22.0377 58.5939
59.5531 -69.9543 13.4154
-31.2955 33.8557 0
6.61889 3.10087 0
9.71539 -38.4091 0
-3.8527 5.7982 0
-2.27171 0.522314 0
-1.57471 1.70351 0
-12.2178 11.5259 0
-103.004 158.038 12.4369
-29.5901 -49.7764 0
-3.0026 -29.3075 15.9523
17.6065 46.9483 7.67361
5.80512 7.56096 0
-2.2165 -5.73524 0
53.5981 82.9085 91.5584
-33.6084 -9.85644 80.3814
-34.1832 -15.7561 0
-0.209173 -1.58381 0
-0.0542084 1.71891 0
70.295 -19.3747 23.1684
-0.764841 2.33769 0
-3.87852 27.2268 0
11.6216 33.4978 14.3818
18.3896 -31.1007 34.8569
-2.04384 1.51115 0
6.4174 -41.6541 11.1817
-7.42364 3.58346 0
-6.52092 81.4941 19.7004
-0.633324 -4.34431 0
-0.20207 -3.13092 0
-3.28076 -18.3561 0
0.209302 -4.10105 0
-0.94767 10.0891 0
32.5123 41.1598 8.10058
126.808 14.982 81.54
6.8163 30.7944 16.0986
1.66502 -6.13061 22.4463
-0.124888 2.40961 0
26.4839 -1.67687 0
-7.09944 -9.15355 0
-0.600015 -43.4215 84.53
-0.177744 -52.932 11.8244
15.9914 -4.92624 0
4.20573 -0.114665 0
-1.73111 3.52044 0
35.6405 -79.7399 111.909
-77.5021 -33.9124 64.1364
-6.39032 13.9081 43.0875
-0.598951 -1.73841 0
-0.734491 4.25853 0
-0.600023 -0.300182 43.7777
-0.600006 -0.300027 83.5687
-0.600067 -0.300284 45.1029
-2.00184 -1.67007 0
-18.7544 -20.635 5.09752
2.91321 5.37224 2.23067
7.83622 2.86921 2.0436
-15.0439 29.3975 60.1165
4.7933 2.49829 0
7.17896 -9.56734 18.7205
2.13498 -0.802993 0
4.90439 -78.5674 15.6819
5.17196 48.4665 38.1059
-0.600493 24.4859 0
3.18258 16.9976 0
4.53314 5.24301 0
-3.7275 14.7128 0
0.873653 -5.58812 0
-1.45389 57.0781 16.2212
35.3574 -2.93835 29.2964
14.1236 12.2353 5.48294
-0.160348 -1.54057 0
14.8589 36.8615 36.5948
6.04512 -36.2203 52.906
-1.4444 -46.3213 3.01852
-6.91188 16.8671 0
19.5999 54.178 0
0.778441 -7.20476 0
-16.5815 20.1159 35.1372
-31.2894 18.0898 0
47.8486 -81.3489 37.6734
42.4063 -81.9114 42.6387
-0.70466 1.36061 0
-0.599896 3.00404e-05 43.7888
-0.600006 9.31245e-10 83.6045
-0.600151 2.11145e-05 45.1347
20.3426 -22.6279 35.8078
-17.2113 -7.5519 0
45.5876 19.1686 27.7128
12.7158 6.74024 10.3759
5.04089 -4.56983 26.6949
8.04046 12.3731 47.3087
39.3852 16.7547 108.59
10.8693 1.09656 22.9413
-0.461608 -0.153551 0
5.67419 40.914 43.1899
-3.57169 23.7718 41.0598
17.1656 -21.0991 37.4208
-0.0476083 3.72567 0
0.899133 15.498 0
-0.370889 3.9512 0
17.3881 17.7838 1.85976
-1.38607 -1.42112 0
3.8879 37.6875 0
7.56892 2.59396 4.52388
1.55694 63.6254 0
5.94846 -36.1546 53.5102
2.69143 -6.53207 34.1898
1.35096 -8.8564 0
8.1544 24.8664 25.9112
-2.78406 -1.35442 0
8.4102 -22.6033 0
-1.2031 2.25642 0
15.7747 118.359 153.189
5.98072 -52.8043 3.27004
-0.864138 -1.70093 0
-0.599943 0.300047 43.7781
-0.600006 0.300027 83.5687
-0.600659 0.30014 45.1033
-33.2653 0.568549 10.4439
6.89175 -12.9764 6.43766
-1.02118 -2.26029 0
5.28825 -21.9752 59.6308
29.1899 -41.3576 0
-11.2158 -36.2807 0
-8.66642 -16.0755 19.8188
-36.3508 -29.3842 34.7265
-3.55562 0.42146 0
-0.600023 52.5926 80.3645
-1.02598 52.9272 11.8358
-0.677343 -2.9746 0
-10.8458 3.35297 0
10.2721 -4.67935 23.7582
-47.5798 71.3084 101.81
-1.70617 -5.80916 0
-22.6825 -8.7665 0
-0.34381 -10.6411 9.22674
4.2501 58.7902 24.7288
-0.598573 3.41467 0
-7.32857 -2.56467 0
39.9604 0.293042 29.6811
-35.7048 89.8819 0
6.47178 6.93705 0
-34.1096 -59.9512 23.8962
-1.42983 3.04653 0
-2.99376 -18.434 103.546
-54.0167 -47.5125 1.31796
8.32178 -20.6992 0
-2.54355 0.589026 0
-55.1229 12.859 0
-1.62151 -2.58578 0
-1.16983 -1.65484 0
0.237639 -2.21412 0
3.33461 -2.76923 0
0.935843 -2.27271 0
-43.0958 -23.3698 0
14.8119 -41.7432 40.8126
112.64 124.999 5.08538
1.6355 -2.2855 0
-27.3997 -64.2334 85.0182
2.21882 -2.85057 0
11.1294 -9.15593 0
0.507974 6.90019 0
1.41138 -4.38943 0
16.1068 -31.399 0
1.83138 -2.06106 0
2.38192 -0.170209 0
36.701 6.91489 14.3179
12.7108 -4.4815 8.75612
23.9826 53.5075 18.9258
-0.780043 1.64128 0
-62.5783 9.70942 0
49.8456 5.60853 37.7302
24.4212 -0.301887 0
4.12326 -4.74305 0
2.42847 -2.86379 0
64.9202 -7.68174 8.40257
-33.5813 -9.63641 5.16335
40.3063 -26.5073 6.91163
27.3516 -30.0312 11.3959
-2.75887 1.46022 0
-1.64338 -2.83761 0
61.1819 9.09622 0
0.790033 3.59429 0
-1.65535 -4.14712 0
18.7197 93.0699 128.849
-2.24819 -3.57701 0
-87.0465 10.0425 25.7076
-112.419 71.3981 90.5432
-0.432106 -0.168821 0
-2.28405 -0.0522338 0
-2.95667 -1.31426 0
3.31003 8.28374 0
-4.50731 -7.5056 0
148.09 -6.58655 10.189
24.809 33.2086 32.5647
-6.90196 0.552807 0
-4.98003 -3.08351 0
-65.5752 16.1976 57.9081
-10.9132 59.2271 62.5691
34.4198 32.6319 0.80243
-0.284392 -9.78363 0
-0.228544 -1.3453 0
19.3276 -16.7014 36.8555
-2.64321 3.44217 0
48.0692 5.78445 38.1503
24.1795 7.08297e-06 0
20.8266 -13.4595 0
17.1048 48.099 26.9646
34.757 136.087 130.369
13.8122 -10.1791 30.5773
47.0817 -2.23426 15.2722
15.6084 -8.75895 15.3931
-5.80327 -59.1416 18.0071
9.32962 38.9509 0
-5.64146 1.71868 0
-39.2763 -61.249 116.699
-137.664 24.6633 91.44
-60.4462 -84.6268 23.3451
-6.59506 -3.44696 7.90439
28.9814 -49.1929 19.8914
-2.07773 4.49394 0
10.2201 -8.60754 0
-0.0797235 1.58945 0
-0.985779 -1.43194 0
28.4701 30.5572 66.3631
-8.81084 -8.27633 0
87.4574 30.8931 119.528
6.97759 -7.31267 0
-0.376181 -6.27569 0
-4.14701 2.57802 0
12.7843 -20.5642 0
47.4539 -55.1911 105.532
0.400851 -2.47723 0
11.1544 -48.2298 0
1.17202 -1.87197 0
7.26924 -3.36273 0
-142.539 49.3815 9.16967
50.0775 -1.77482 38.4535
24.4203 0.301965 0
2.85059 -0.575318 0
-102.168 44.0402 14.1684
68.023 -26.2974 1.7114
36.3357 -16.9527 0
1.44066 2.3321 0
-36.6775 26.8191 42.8565
23.9287 -6.4294 0
36.2201 1.63409 29.7616
0.408012 1.47953 0
9.83706 8.5747 0
10.7703 4.40478 0
-13.3998 -70.574 1.96233
2.05572 0.211401 0
-84.5932 -50.6242 38.5844
33.9291 22.8844 0
6.17828 2.70977 0
-30.2721 -1.81419 35.0528
12.292 -63.4809 2.30701
15.5264 -41.0747 18.3322
-11.1153 6.94073 0
-4.73887 4.74437 0
-28.5576 11.2147 20.9348
-2.0315 -0.204739 0
-4.00525 -4.88281 0
-6.01741 6.40263 0
-32.9594 55.2224 37.3564
-29.6191 -38.01 10.5569
0.881107 -21.9628 11.0387
5.05869 8.07984 0
-2.00342 -0.941844 0
-0.282198 -1.59562 0
41.3767 10.8039 40.4267
-51.9757 14.2138 11.4495
-2.91649 -0.381113 0
7.34093 2.85466 0
-139.176 -89.6678 4.08772
-4.39864 -2.63036 0
1.75658 -0.396968 22.1144
-2.20714 0.142479 0
35.6778 -28.2678 23.6622
-21.3078 42.7559 9.84953
-45.8493 -39.9876 0
-11.1535 -9.25267 0
13.7511 90.3786 24.5801
0.911492 51.6205 53.099
40.2049 -30.7597 20.7807
3.88141 -2.10451 0
-27.7776 5.64746 55.8817
1.03308 -5.72626 0
6.17663 16.149 0
8.68819 45.7381 40.5276
67.3303 -51.1248 3.44678
7.13281 0.168929 0
-38.4133 6.33427 52.8421
-48.7774 -1.96952 0
10.5929 9.24598 0
5.97282 2.39863 0
5.00035 -4.68923 10.541
-58.5009 20.1868 2.10717
-7.5794 -13.3734 0.475494
-11.7661 -0.117378 0
-28.2828 7.76218 0.984328
26.9721 -115.159 69.4859
-0.304845 -1.92241 0
25.7505 59.203 0
-25.8468 -30.0955 0
2.90755 -3.08245 0
-0.656962 -1.51546 0
-0.804266 -1.70315 0
8.21428 4.48403 10.128
-2.49244 -1.25806 0
-2.99724 -2.53994 0
-2.19832 -0.91281 0
-3.70329 -0.430962 0
-2.47724 0.583631 0
27.0323 20.4096 78.8067
-9.68098 21.6123 41.6804
5.16421 -2.09065 0
-4.06372 -4.62274 0
80.1647 114.185 53.247
-113.303 -24.5462 26.7733
-53.938 81.5574 11.143
38.4123 -1.52471 3.76729
-10.568 51.3438 11.0089
-4.09421 2.54563 0
0.730264 -1.59657 0
-36.6403 6.55822 53.533
-24.0872 -0.513573 31.9948
8.60267 -10.3655 4.45268
-0.107242 -10.5392 6.5735
-10.9172 -0.563943 0
-26.6484 -4.85326 18.5147
-32.1496 -18.9061 14.4547
2.14691 3.77064 0
-18.0868 -22.0719 0
26.4933 -19.2575 4.50101
0.745255 1.65574 0
2.18779 3.69089 0
18.1882 -28.4423 45.2762
36.5317 -61.4823 0
-0.656809 -1.49471 0
-20.4178 -10.9223 55.0993
-4.06555 3.67518 0
-50.3981 40.2953 10.4211
-2.70306 0.590064 0
120.602 -111.255 72.4373
0.148996 -2.363 0
7.42805 -26.0907 40.5238
47.3884 -128.208 25.8636
-11.0575 0.0453969 0
-65.9167 99.782 132.483
-3.35375 -1.54558 0
-7.8881 -107.097 56.2939
20.549 -36.5789 25.6658
0.428553 1.81115 0
2.95076 -34.6389 9.49382
-165.068 -46.0011 24.1214
-2.24401 1.37284 65.0956
1.01187 -0.449618 0
-38.2775 -1.35113 55.2294
-47.5849 0.700122 12.4373
7.65086 -10.1348 0
-65.3932 -1.21917 40.0421
-30.1212 -40.8846 16.3002
16.3076 1.37649 30.4685
-38.0326 -19.7778 24.8314
0.79059 1.4008 0
0.126201 1.49006 0
-0.381059 1.57287 0
-0.613388 1.61382 0
-12.5285 12.0892 0
-1.49526 -4.65788 0
2.68167 3.09398 0
77.1564 67.2113 0
-1.61402 4.1761 0
-9.59112 17.8073 100.819
-108.034 -43.6709 11.6299
34.34 -86.7877 61.1865
-2.27439 1.20916 0
-10.9072 -5.67596 60.833
-2.12207 -0.0872784 0
-66.4467 -73.8801 12.0414
4.46244 -14.4799 0
-0.418441 1.80033 0
2.58881 -10.2213 0
23.4743 17.5595 7.16397
-20.9076 -5.36518 0
-3.18424 -0.874321 0
-3.79737 -0.584467 0
-2.38583 -4.4999 0
-2.00129 -0.144311 0
-0.299989 -3.86608 0
-0.0200558 -3.2119 0
-2.90023 -19.5783 0
0.419042 -4.12005 0
-1.03767 10.027 0
-1.56801 -5.84768 0
47.2027 -63.1788 54.1825
-4.52139 31.4689 64.8666
-1.29327 9.43056 0
-21.3281 59.5581 39.7118
4.62076 -8.70714 0
2.29225 -0.843386 0
-0.29999 -43.4019 84.5417
0.122649 -52.9324 11.8195
-171.138 98.4602 27.2886
98.2458 -273.763 147.313
-0.523485 4.19318 0
0.433582 1.25885 0
2.80617 2.41572 0
39.4748 11.9855 3.26657
66.0614 18.4144 4.76712
0.228662 1.50288 0
-0.300014 -0.300017 43.7785
-0.3 -0.300027 83.5702
-0.300002 -0.300081 45.1037
-34.381 24.3101 43.5465
12.2035 -26.8524 2.04925
-2.53835 5.42532 0
8.35684 49.3712 53.6496
-82.5934 54.3674 105.06
11.0279 36.739 31.5739
17.391 7.72455 2.71403
31.5766 14.339 38.8586
5.40534 -78.3251 15.2336
5.47401 48.4439 38.1222
-0.300561 24.4873 0
0.919357 -26.1929 13.3647
0.958321 2.53498 0
-3.1265 -0.595768 0
9.79405 1.36523 0
-0.957071 -0.56797 31.6928
52.2475 52.966 57.7775
130.177 -163.321 53.2231
0.243306 -2.63429 0
15.6712 36.154 38.7186
6.34962 -36.1886 52.9151
-1.14374 -46.321 3.01859
13.1142 -71.5951 42.3897
0.658573 1.44254 0
-5.13733 5.4056 0
-68.5516 -33.782 11.364
14.8153 -85.816 24.2286
-0.729592 -2.17014 0
-0.966674 -70.9207 31.8448
36.6281 25.8319 30.9001
-0.299888 3.21416e-05 43.7904
-0.3 2.00553e-08 83.6062
-0.299905 2.72343e-05 45.1361
-6.77525 -8.95658 27.4931
-2.17749 -2.49048 0
78.5611 -69.975 50.6693
6.29703 -0.656828 6.70628
9.58299 -0.21552 27.8432
2.58456 0.615508 0
-24.0041 27.9847 66.7765
6.96382 20.8066 0
-0.018773 -1.5215 0
5.97934 40.8837 43.2033
-3.19029 23.9462 41.0215
3.33002 -0.42268 0
45.8355 1.0753 40.5894
2.67563 8.02173 0
-3.04923 1.84515 0
-44.8537 -65.5151 18.3442
0.316432 -2.8314 0
-17.349 83.2689 95.7729
-16.4073 50.7541 87.3336
5.18486 70.44 0
6.25084 -36.1262 53.5241
2.99749 -6.53902 34.1961
-3.90185 1.90715 0
8.38021 26.4672 16.3106
6.37537 47.3922 28.0995
15.6062 27.1363 36.4128
-3.72904 0.380768 0
-21.3981 -71.9233 1.17404
-6.78892 -44.5081 15.0514
0.763469 0.128424 0
-0.299902 0.300028 43.779
-0.299946 0.300043 83.5704
-0.300043 0.300091 45.1041
9.63519 9.52122 0
-1.4382 -1.52485 0
9.73451 38.8761 6.01904
-43.0938 -53.8572 35.7607
-17.2537 -36.4736 100.293
-8.55024 -25.0262 32.9207
-5.3847 28.3939 58.1374
14.0601 15.4092 0
-0.340839 1.98118 0
-0.299987 52.5746 80.3781
-0.722197 52.9321 11.8194
-0.386217 -2.97282 0
-14.0608 27.2676 23.8781
-3.28881 3.01246 0
-1.65905 -21.6065 0
6.6386 22.4244 0
-12.2643 -30.9937 0
5.84821 13.8839 0
3.77897 2.12839 0
-0.291625 3.41831 0
-112.822 -51.399 59.9053
-0.966606 -59.8858 4.19755
55.0927 65.0746 121.883
-1.41887 -4.14598 0
34.4742 -0.053415 31.7004
12.8759 92.8508 28.6295
-32.7524 -53.104 81.173
1.78851 -8.85603 0
0.0401416 5.33019 0
5.72198 1.74312 0
0.582678 1.66162 0
-4.49309 -0.701481 0
8.59731 2.23628 0
2.48284 -3.10371 0
1.89689 -1.93517 0
5.52809 -4.28372 0
17.0382 55.3122 9.31387
-4.09996 4.22131 8.6444
-11.6568 5.24462 0
21.2755 -16.158 14.8916
4.81223 4.33379 0
7.8139 -7.70607 0
11.445 -9.17923 0
7.16146 9.32964 0
1.55619 -4.13733 0
0.0507732 -3.92779 0
13.2014 58.1663 25.6161
-0.519639 6.20653 0
21.0909 49.4399 11.5969
13.621 -6.779 6.47314
0.452241 4.55974 0
1.04929 -0.489607 0
-28.9062 -11.4229 0
50.1449 5.6112 37.7318
24.7224 -0.301207 0
5.53982 3.28635 0
2.14784 0.283046 0
0.423779 -2.25089 0
-41.1458 -9.90621 33.187
-14.6295 -49.2127 9.15961
-40.636 26.6224 30.5943
72.7061 -48.9308 39.0459
-0.644409 1.2534 0
-0.446458 -0.118021 0
2.11216 4.15516 0
-1.29515 -4.15955 0
-31.9912 50.941 55.7072
-19.7788 30.3571 64.7756
0.351128 1.59233 0
-11.141 31.141 0
38.2791 -55.9003 0
-0.19302 1.35729 0
-1.02849 -5.29876 0
4.25933 -0.604235 0
0.440981 0.184784 0
152.594 4.45534 5.11793
25.0801 33.2214 32.5668
-89.0592 63.1771 11.836
-2.19302 2.54738 0
64.1555 -44.4255 0
13.9759 56.9135 44.7047
0.42032 -1.93127 0
42.8158 -28.6533 0
50.2097 -45.5988 34.7391
-96.7838 25.5347 24.5973
-2.89891 0.249828 0
48.3741 5.78488 38.1503
24.4824 0.000305361 0
0.427622 -2.33661 0
-39.2169 14.8101 39.9759
15.5857 -1.37671 0
1.04623 2.80904 0
22.8639 20.1278 0.818608
-2.30784 0.813175 0
-6.42186 -1.52114 0
-4.41562 -2.65934 0
45.9979 84.8713 108.057
-74.4519 -122.203 81.1866
-137.396 25.0473 91.2874
9.21371 -92.117 39.4924
-10.1425 -15.1485 5.92591
31.8429 7.26837 0
-18.7835 6.06653 27.501
0.626576 1.86888 0
36.2512 -19.5917 0
-0.424455 1.17818 0
0.708214 1.71909 0
1.29555 1.97912 0
88.8121 24.9458 115.985
9.26 -9.81742 0
-6.81599 -8.36911 0
2.49201 2.21339 0
46.413 -72.003 59.8999
-35.8221 47.2409 0
30.6464 68.0848 3.46953
-19.4901 7.61826 0
1.85585 3.26523 0
-9.96565 27.1308 19.4991
-2.13131 -0.200868 0
50.3764 -1.77654 38.4551
24.4699 0.301804 0
62.8252 33.0759 19.8752
-0.0404461 -29.2465 20.9041
32.4418 -13.5617 51.33
5.328 -1.22101 0
83.225 -23.6969 31.8114
9.35824 -0.490824 0
-14.5637 -65.6846 27.513
-3.55244 -0.299314 0
0.329993 1.47321 0
10.1482 8.59579 0
11.0651 4.35631 0
-12.9948 -70.6844 2.33149
1.92433 -2.4659 0
29.2582 -3.5708 10.9239
2.60298 1.36126 0
23.4707 -2.39927 0.252247
-6.74859 0.49137 0
-0.410414 1.19713 0
-0.163642 1.75674 0
29.624 163.874 116.778
-7.59822 4.38165 0
-28.6382 -54.0041 83.9041
2.77224 0.968631 0
-11.9621 -30.1882 9.76338
97.78 -47.9765 57.1987
9.80113 -16.9602 27.2952
29.0047 -3.60875 17.4725
-24.2846 36.9418 9.5409
-3.13909 -0.733482 0
14.8704 -66.3802 22.1038
1.0705 -2.34904 0
-4.3818 -53.9855 29.7113
-66.0131 94.3871 76.0145
-0.720251 -2.75996 0
-7.94889 -11.6397 54.8157
1.72378 -2.8905 0
1.09568 2.02175 0
-0.221186 1.41897 0
4.14276 -3.49872 0
22.1331 -11.6391 15.7823
0.975618 5.47985 7.92439
-23.9468 -22.137 0
-10.8534 -9.25257 0
12.3652 90.3443 23.1572
1.25336 50.3084 52.7263
-29.2612 15.899 0
48.6573 49.7874 25.8347
106.254 -24.8567 57.5043
-33.4355 -29.3019 5.51594
-32.3197 16.3136 40.4321
8.38372 20.2472 49.7926
5.6584 2.77621 0
3.52009 -1.93463 0
-38.1112 6.33355 52.8419
-24.7712 -0.300852 0
60.5085 75.183 5.70435
0.974911 -1.62399 0
37.5487 10.1419 8.77539
20.2393 -55.7936 27.8243
43.3493 -5.72941 9.23066
-3.47056 -0.730453 0
0.842213 56.8382 46.3497
24.7413 -34.5827 9.61967
2.25937 -0.410646 0
-58.4702 143.803 0.329845
-4.2291 24.0896 42.2034
3.06503 -3.24897 0
-0.203361 1.3688 0
-61.3335 -31.6076 65.2021
0.474577 1.42546 0
43.6403 149.384 8.32265
3.95521 13.7317 0
-46.3614 108.921 8.93375
-2.57276 0.327488 0
-0.514275 1.87071 0
27.4694 20.5557 78.6847
-29.5247 22.1271 34.8081
120.016 -80.3909 50.1335
-10.5519 -24.5287 0
15.1178 113.81 38.7529
8.56407 45.5792 13.5742
29.9447 46.6806 7.79335
-0.726093 -0.464549 0
-3.88985 -4.71856 0
-0.614568 -4.68929 0
0.791676 1.58935 0
-36.3401 6.55823 53.5339
-24.7827 0.000146137 0
-5.33124 0.934797 0
-21.7042 -1.73352 54.1471
-10.2646 -0.530412 0
-7.28263 -0.254095 0
-41.0552 1.07713 0.534311
-4.42462 3.97189 0
13.1364 -11.954 0
-3.0231 -0.0495501 0
-1.30551 1.62103 0
1.2438 1.94788 0
-11.1867 -29.3912 41.4916
16.773 -53.4173 12.1681
-12.7509 -10.1166 11.4326
-31.0284 35.5972 40.0637
-3.41457 3.48409 0
0.765482 -0.460702 0
31.9331 -19.1269 8.9884
0.02051 2.98001 0
-1.21722 -1.2904 0
-0.117635 2.90041 0
51.3373 -127.482 24.6721
-7.92612 -7.7416 0
24.0363 -43.6968 117.284
0.70865 -33.9308 0
-81.1703 -36.0066 28.962
-0.018819 -8.37648 0
0.543059 1.38534 0
0.367731 1.70901 0
-10.1689 25.6316 0
-0.409282 -23.8808 27.1247
1.20376 1.51691 0
-37.9755 -1.35049 55.2289
-24.7714 0.301215 0
-4.79466 -12.7746 6.93594
-65.0913 -1.18181 40.0681
-2.76128 -3.37126 0
-1.44211 -5.92295 0
-1.01912 3.32809 0
-8.06122 45.5756 50.7264
-2.81734 3.81579 0
-10.4333 -2.94765 0
-38.7676 23.864 8.0269
-12.2284 12.0891 0
2.38342 6.54019 0
-0.0419047 9.47919 0
-21.8443 40.9321 6.85533
-0.234178 3.36928 0
93.8693 25.4764 93.1798
-2.93584 0.646507 0
10.2679 -3.14368 41.0723
39.5807 17.747 34.7031
-56.0176 -21.5814 54.5208
-3.78669 1.25985 0
-4.32833 6.92898 0
-34.6816 -12.0416 59.3177
-23.281 54.5241 1.34161
-10.3441 14.7751 0
-10.0224 88.9594 0
73.6091 44.4007 4.49198
-0.733809 -0.165246 0
0.704817 -1.70721 0
-8.27022 8.07706 0
11.7109 30.2418 24.2928
-0.00133234 -3.86626 0
0.347499 -3.49899 0
-2.59667 -19.2543 0
0.717499 -4.11989 0
-0.695177 10.0317 0
-9.82747 3.33286 0
-2.08156 -5.23198 0
-3.92724 40.4975 58.5277
-7.14456 3.04814 15.2636
-20.8555 48.7116 27.6649
-2.02883 10.2398 0
0.992686 1.80829 0
1.00062e-05 -43.4018 84.5417
0.42202 -52.9327 11.8198
-4.52405 -0.326025 0
11.4675 10.836 64.3148
-2.50944 14.1041 0
29.341 -79.6398 68.2869
-3.41515 31.4729 10.8847
-18.2231 -5.81392 3.70394
-4.29203 46.2966 10.2499
19.9471 43.1442 26.3701
-0.00015539 -0.300156 43.7788
3.72687e-08 -0.300027 83.5702
1.14744e-05 -0.30047 45.1044
11.4934 -12.1457 16.6205
-20.2828 -27.5963 18.2674
14.5303 1.3702 13.8547
8.37741 2.70041 0
-20.1149 -27.4382 22.1274
26.745 16.8835 26.3264
-14.2163 11.9307 12.8791
2.43236 5.70914 0
5.6441 -78.3672 15.1299
5.77815 48.4455 38.1223
0.000404921 24.4881 0
-3.08451 -12.1581 0
1.32326 2.4549 0
-1.22899 3.11406 0
0.869187 2.34965 0
0.0630195 -4.76385 0
-14.7627 -7.11611 20.3999
-0.33506 -3.21765 0
16.4382 -8.86196 0
2.81126 -1.58823 0
6.65003 -36.1883 52.9149
-0.843795 -46.3206 3.01811
4.35106 -0.0484513 0
-4.27007 15.8126 0
85.881 -1.23113 164.632
3.1456 -10.4862 0
81.8251 -13.8617 65.8536
1.8025 -1.96809 0
-8.15302 -67.02 108.56
-3.41362 -1.79729 0
7.43631e-08 -1.55683e-07 43.7897
0.00010069 2.89883e-05 83.6065
7.26863e-05 -4.16572e-05 45.1357
5.6229 36.1845 52.2586
-11.6343 5.53962 13.6064
-1.32866 -1.56402 0
6.85994 -0.603926 6.50813
10.2627 1.8039 26.8916
51.4251 66.0205 90.3129
19.3157 44.0225 54.4004
1.92536 0.836474 0
0.52175 -1.57911 0
6.27997 40.883 43.203
-2.89024 23.9461 41.0216
17.1449 -27.6465 0
-3.08564 2.01637 41.4547
-0.624621 13.8238 0
-6.0148 8.06772 0
-70.3721 -84.0187 0
0.406458 1.46665 0
-0.357191 -1.4216 0
26.9343 -11.8244 7.53881
3.77152 54.3502 0
6.55489 -36.1274 53.5263
3.30158 -6.54926 34.1957
0.249653 -4.25569 0
10.4359 31.4603 15.1789
-4.79431 90.0368 26.3178
3.33696 -13.2702 0
-2.98088 1.67412 0
0.361329 -7.63803 0
12.8592 -26.8354 0.690776
13.3223 -62.0672 49.5584
7.30215e-08 0.3 43.7785
0.000261248 0.300103 83.5711
6.98098e-08 0.300072 45.1037
14.699 -3.91749 8.00733
-1.24833 -1.95695 0
-44.5542 94.1551 33.0644
-127.091 5.15358 38.3357
0.159632 -3.71519 0
5.34484 6.56499 0
-2.12333 0.287884 0
-0.718607 -1.17461 0
0.353309 -7.26175 0
0.000216309 52.575 80.3787
-0.421969 52.9331 11.8198
-0.0668159 -2.95864 0
-1.08565 -1.43187 0
20.2184 -20.3668 0
-62.8213 20.6979 8.76106
2.38458 3.77333 0
-30.865 12.2519 0
0.918444 -3.42322 0
-21.4587 26.2441 37.6441
0.0063887 3.41786 0
6.97623 -0.453393 0
0.864499 6.31242 0
-58.0897 59.1925 7.60456
-3.29971 -4.68612 0
-5.13596 4.98107 0
14.3831 108.912 33.2732
-16.3606 -34.6748 40.9916
8.66053 35.5092 96.0536
10.8006 -14.8775 0
-10.9217 -31.4866 121.875
-1.87823 -3.67492 0
-96.3582 -13.0429 14.5409
10.4641 -1.00551 20.4292
-105.207 33.3077 36.9513
57.3939 -132.744 21.5584
68.7241 45.9124 80.4318
-151.762 17.2103 74.984
53.2304 36.9401 5.38414
-6.83504 27.2052 6.04143
-22.6102 2.37037 0
-0.449428 0.407893 0
8.09505 -7.69374 0
11.7453 -9.17931 0
0.666981 6.98483 0
-6.38697 -12.291 0
1.28441 -6.68694 0
-7.30705 -4.87973 0
22.6587 -5.66796 0
-24.9972 -6.54994 57.1835
17.1132 -5.94635 5.01334
-0.150681 0.178553 0
-57.4412 50.3285 20.5608
26.9399 -83.2657 11.7198
50.4431 5.61527 37.7291
24.7715 -0.30065 0
-20.0021 -21.5532 3.09808
3.07746 0.498427 0
-27.5242 -14.2841 11.2375
29.3037 36.5298 12.5671
49.0827 -61.8828 0
-20.001 -22.4939 4.71566
1.55807 1.77111 0
6.43713 -8.88502 0
3.18322 1.37803 0
2.92068 4.93807 0
-0.949294 -4.16196 0
14.8529 39.4287 96.2088
36.2385 63.415 0
0.540057 10.9104 0
-17.2121 -202.196 59.1432
-0.121301 -0.434348 0
2.01222 -0.255326 0
-15.8177 -46.711 110.876
16.523 -11.0219 0
26.9068 60.3285 22.731
152.574 8.34408 5.73227
24.0121 32.5584 32.6451
-89.9997 63.884 11.4567
-0.163555 -1.42996 0
19.4424 -94.022 5.9951
-62.5773 -15.0147 53.2662
-65.6143 5.61396 23.6135
-2.91906 -0.73885 0
-25.8948 -99.0939 0
8.70305 -13.7623 22.1189
20.5034 76.7147 26.9465
48.6675 5.78393 38.1424
24.7821 0.000604801 0
-23.9696 22.0746 63.9514
-69.3537 -7.01375 3.84621
87.7706 62.3223 3.94543
45.1867 -18.4051 8.91215
-8.70014 -44.4939 10.9117
-18.0946 -9.42374 0
2.1344 3.03209 0
-63.9186 61.9326 136.917
-0.60273 1.4613 0
1.20387 -1.76553 0
-0.348031 -1.8826 0
-16.3466 -86.0049 47.014
21.8841 108.843 72.6219
-24.2098 -14.7849 5.56041
-38.4122 17.3342 4.37754
-103.511 -15.9109 103.062
19.5827 -6.65747 7.30277
-5.32291 2.04743 0
30.3335 -166.118 59.8506
53.4497 -34.2227 116.445
79.4068 29.5926 136.519
-50.8927 32.2652 0
-3.81629 -1.82574 0
-1.53011 2.09276 0
49.8638 -13.5406 24.2636
-13.6843 33.0286 12.5106
71.2429 -5.56968 62.0311
39.3896 131.756 65.7675
54.6038 18.8763 82.9757
-65.7102 40.0401 66.5943
-0.537007 -1.34516 0
50.675 -1.77974 38.4527
24.7712 0.301578 0
1.93213 0.505208 0
-64.4224 -12.4298 21.568
-7.27171 -7.20966 2.57906
4.60655 3.87004 0
64.4506 128.103 45.897
32.3351 -55.1408 40.9318
0.502827 27.3837 81.7329
-63.0215 -86.1324 171.464
-3.11299 3.79157 0
10.4484 8.59586 0
11.7168 5.27774 0
-12.5792 -70.6814 2.33128
10.4558 -8.01253 5.61899
15.2052 -109.399 8.34393
-26.173 -69.1621 27.6926
-2.16964 2.72707 0
62.1615 37.4979 66.8767
20.2602 12.3768 5.55874
67.2007 12.4314 31.0781
1.05567 -3.24868 0
-7.48751 2.91 0
29.738 -72.0159 20.8154
0.322443 1.49293 0
-0.736364 3.6472 0
2.4369 5.2568 0
0.35159 4.52127 0
3.93129 -3.44472 11.7789
-11.2644 -14.3369 0
40.728 13.8975 2.18195
277.363 33.2898 37.3954
1.74835 2.25457 0
25.2911 -66.5824 46.7006
30.7251 -17.847 5.83853
-1.64729 -1.47583 0
-42.6492 -83.2927 96.1551
-4.88619 -7.39758 0
-3.3673 39.1868 36.8642
-4.53617 59.3767 8.83725
-37.5462 20.4258 1.80644
-2.1205 -3.06839 0
-8.20351 34.0261 27.6074
-25.1709 -23.6333 0
-10.5532 -9.25249 0
12.6701 90.345 23.1724
1.58356 51.6241 53.1382
-49.6979 -8.22077 23.1039
-14.8868 -4.19102 31.3826
5.11806 -1.06137 0
-2.68085 -3.47641 0
-2.8076 3.32243 0
-88.962 18.9688 14.3468
0.572316 -1.68645 0
-53.9239 46.0704 0
-37.8114 6.32997 52.8459
-24.4699 -0.300652 0
81.1096 34.3582 60.0318
2.27444 4.38525 0
-5.20699 -0.617604 0
-65.2623 30.1741 4.78729
0.805389 1.25471 0
-34.5079 -44.0145 0.622373
16.6986 82.1135 158.587
-17.7976 -5.27549 19.1519
1.57637 -1.77379 0
-58.8933 143.613 0.544542
-3.72009 -39.8877 34.6752
3.07944 -2.87162 0
-2.48539 0.969192 0
93.0815 -38.4151 20.6054
-2.07236 -4.04589 0
2.05736 -1.61432 0
0.349753 1.98127 0
-4.12357 1.39823 0
0.651423 -1.8678 0
0.67537 -1.94361 0
28.0901 18.6899 74.4817
-30.0133 21.9063 34.6653
81.9776 -2.4971 6.06336
-4.59595 -1.93849 0
2.61295 -111.128 0
3.47212 2.19267 0
-126.518 -10.909 85.7727
-43.3779 -41.9645 26.3984
-63.3364 -44.4204 26.3272
41.9361 -5.24393 37.7628
-2.09341 1.56423 0
-36.0417 6.55927 53.5446
-54.0381 -4.40055 4.26094
-6.6852 2.57879 0
-2.32395 0.713422 0
-9.18275 -0.51496 0
-4.15991 -1.71679 0
-41.1264 1.08673 0.278525
10.7808 19.1705 30.5897
-46.8314 -36.9225 44.7384
50.2357 -33.0037 38.7134
1.5424 1.32228 0
1.58744 1.88632 0
-11.9237 -28.6087 41.6953
1.52883 -7.73334 0
1.983 -18.868 0
-2.10649 4.60937 0
-40.1991 -5.93925 32.4942
-13.8964 3.87021 45.6279
2.0523 0.856938 0
-67.3954 18.7496 169.345
17.6996 8.91643 16.7014
2.39386 -0.192949 0
50.6872 -128.312 24.1685
-7.62188 -7.75568 0
-48.6422 2.76505 102.382
81.5142 -34.324 12.9484
15.2629 19.0213 0
-0.171223 2.53711 0
3.03532 -1.73447 0
-5.40391 -7.73126 0
-24.6087 -39.3801 0
0.0839005 1.78759 0
0.55519 1.6992 0
-37.6762 -1.34817 55.2318
-24.4701 0.301639 0
-5.63628 18.4123 20.3572
-64.8158 -1.10892 40.1501
-2.48746 -8.52639 0
3.00656 3.3929 0
14.0261 -113.575 65.0168
21.8844 -14.5998 34.872
-19.3078 13.7424 0
-57.4685 -70.061 7.18006
31.6712 36.1755 0
-11.9283 12.089 0
-2.10871 8.44982 0
40.6473 24.6423 0
-15.9988 -5.28204 0
-2.10455 0.0591553 0
-104.152 57.9661 15.963
-22.801 8.1611 7.59962
-30.9564 -15.0585 10.0288
-29.357 17.2403 15.9838
-25.8557 29.1522 31.1495
50.104 1.72628 0
-65.2704 -74.6589 13.7293
15.0063 1.68533 8.66709
-1.48904 14.9623 0
42.4202 -21.5899 0
16.1291 2.64065 0
3.00414 117.777 105.554
-3.50692 -6.4535 31.1968
2.39667 0.51327 0
-4.97384 -15.0201 0
-3.66149 1.40977 0
0.297738 -3.8636 0
0.861937 -3.31497 0
-2.28188 -19.2515 0
1.01264 -4.12283 0
-0.250178 10.0413 0
2.55885 -1.33373 0
-29.2832 -49.5147 42.1394
1.85945 57.0433 46.2599
10.7274 3.37435 0
21.2012 44.3942 24.0789
-2.94193 15.9274 5.85959
0.284299 -1.37957 0
0.30001 -43.4019 84.5417
0.722036 -52.9323 11.8198
17.5715 25.7253 61.8771
12.7208 0.24883 0
-1.72922 10.3553 0
37.3309 -79.814 74.0775
2.26886 0.576104 0
-1.86696 -0.381431 0
34.6647 -46.683 52.2432
21.0145 12.9843 15.5269
0.300202 -0.300202 43.7789
0.3 -0.300027 83.5702
0.30027 -0.300663 45.1048
5.74505 -1.39877 5.42324
-6.14939 13.0272 3.78389
38.3787 12.3219 48.7796
8.56407 2.81502 0.182018
-15.8488 2.44136 0
48.4905 -81.7208 25.5587
14.5674 5.54938 35.2718
21.0247 31.8026 10.0953
5.87235 -78.5151 14.7292
6.0825 48.4415 38.1199
0.301061 24.4881 0
5.29559 -0.630698 0
1.52891 2.42758 0
11.8415 22.9815 0
31.2909 -20.4205 45.0415
3.49266 -53.6303 7.06873
-10.0367 13.4011 0
14.8131 12.711 1.25719
-30.5324 -8.68404 0
2.68909 -0.364135 0
6.9502 -36.1884 52.9141
-0.544064 -46.3214 3.01963
-20.6878 -32.9166 9.69862
-34.8252 -0.691654 0
-74.5727 -114.187 126.35
-5.93975 24.6184 38.8305
28.15 34.6125 23.1384
11.8616 9.89912 0
36.894 -61.5248 67.0571
28.2903 39.6985 14.7782
0.3 -2.44578e-07 43.7897
0.300035 1.00174e-05 83.6063
0.300106 -9.17631e-05 45.1358
4.32275 -3.21619 0
-2.59467 6.8925 9.37437
-4.48369 0.377165 0
6.73807 -0.731065 6.19971
9.9823 1.64687 28.2548
4.8426 7.95453 0
31.0742 47.2589 65.8941
9.71747 20.5252 5.99622
2.00666 -1.11183 0
6.58036 40.8824 43.2018
-2.58952 23.9457 41.0219
-2.59644 -0.306774 0
-0.15799 -0.139571 0
1.55507 -4.67575 0
7.67849 97.5997 2.87842
2.2248 -8.34026 0
-0.697916 1.44313 0
-1.16137 0.435412 23.5365
43.3292 100.324 8.30238
1.18885 16.7783 0
6.85815 -36.1247 53.5213
3.56484 -6.57445 34.2139
-5.28102 -2.15415 0
10.6358 11.4891 0
3.5115 9.78228 0
-40.5265 1.88551 66.2906
0.476826 -44.6459 4.69327
2.2447 -1.29591 0
-2.66548 -33.4059 2.32562
-25.0233 -26.4453 0
0.300036 0.299993 43.7789
0.30016 0.300073 83.5707
0.30007 0.300088 45.1041
-11.4695 54.8464 18.1562
-147.622 -72.8317 20.9356
-48.0369 -16.0064 46.1946
-1.71498 -17.7083 0
-13.967 -28.9405 11.3066
31.1895 25.2352 52.6899
8.88877 5.8915 0
-46.0617 -5.33628 144.302
30.7855 34.5791 0
0.300194 52.575 80.3786
-0.121991 52.9328 11.8194
0.237044 -2.96295 0
-1.11004 -1.22909 0
-3.24961 -32.7766 0.833624
5.81286 -3.61977 0
1.48677 43.0162 14.1522
2.48261 1.76556 0
60.9058 22.6216 57.9896
1.27342 -1.82348 0
0.304747 3.41822 0
9.06774 -2.96032 0
-39.9435 -10.002 0
2.83746 4.54807 0
-2.95806 -4.6845 0
9.21346 -1.18673 142.463
1.82797 -1.53673 0
4.52935 -46.2752 47.9689
-3.77804 -14.5159 8.69181
-15.4533 31.0704 20.1726
119.029 176.982 77.0403
3.19242 -3.15049 0
-49.7468 -52.3962 40.0055
36.8116 33.6593 0
1.92645 -1.97248 0
-4.91236 -4.18762 0
8.32684 -4.88693 0
3.466 -2.84834 0
-15.9051 95.7372 22.8084
-4.05753 -2.4049 14.2138
-22.8833 6.86793 0.763747
143.874 -70.6241 36.3705
8.28587 -7.70311 0
12.0455 -9.17947 0
0.630154 7.11077 0
1.16945 -2.80977 0
1.81555 -3.28358 0
-10.3052 -31.8874 17.3668
4.64852 5.22999 0
-2.63047 1.56945 0
37.4611 -11.8614 0
2.22398 -1.16955 0
2.1913 0.0330651 0
-64.8974 174.756 17.1636
50.751 5.61642 37.7388
42.9371 2.1381 16.2987
-16.6462 -14.739 8.62589
-48.7636 -47.432 15.6186
29.9764 119.451 30.4647
-39.9422 -81.1009 125.764
-99.4754 -3.14409 32.3499
-61.1576 -12.7914 32.2418
18.9849 33.0358 14.8389
8.13805 6.19984 0
9.11823 9.3722 0
-35.4358 -93.8149 73.4515
-0.339865 -1.79517 0
29.3919 101.876 87.4136
0.183261 0.148392 0
99.5384 116.917 155.251
-69.3936 -50.269 31.7338
-0.369684 1.20248 0
2.61174 0.699934 0
7.94398 -94.5998 23.9563
52.5492 -20.1477 171.591
1.56087 -2.23323 0
104.728 37.6607 0
0.20679 36.0248 34.9089
22.1374 16.163 72.0671
1.98861 -1.46025 0
-48.021 8.04663 7.56991
-2.96272 -2.67707 0
2.00554 0.0048405 0
-0.927748 12.9546 0
0.297204 -2.30034 0
12.9846 39.8637 56.4014
-15.3155 37.6252 77.0586
48.9732 5.7839 38.1498
27.2839 0.119274 29.8462
-63.9146 -20.6088 9.78941
2.75959 0.418042 0
17.7458 -1.52333 0
0.89262 -8.15502 0
42.5326 -8.64659 12.596
-109.982 103.723 49.41
-75.4004 -39.6762 0
-32.1927 -7.96453 3.69704
52.4356 87.9597 18.9056
1.26371 -1.80608 0
4.243 6.69914 0
43.804 -75.2571 61.2867
-23.7187 -24.5588 16.5442
-33.171 -16.3003 23.7489
11.3376 6.65657 0
10.0969 52.9274 5.04224
82.3144 -84.4701 5.99477
1.25088 -1.85909 0
4.52703 0.778045 0
95.6616 64.0584 13.7277
-207.747 171.955 226.2
7.87887 -7.26752 0
141.3 -74.5309 78.0067
1.95246 1.76877 0
-0.0614434 6.79556 0
3.60503 -3.69543 0
-76.7742 71.1385 40.372
4.86804 -25.3417 0.464614
87.2642 63.352 69.6101
1.83818 -21.18 18.7698
1.52034 4.04804 0
50.9836 -1.78207 38.4626
49.5604 2.38615 0.0918226
-45.4943 74.0641 40.2433
-1.93133 -3.66259 0
-27.1575 27.1884 46.2365
-64.6948 -70.0614 15.2648
-37.2499 -101.042 13.8373
4.96941 -5.87798 0
40.0906 18.6348 21.4311
-46.1009 -1.14538 0
-4.47086 -22.0965 103.414
10.7487 8.59602 0
47.6589 80.2384 4.62851
-13.5842 -70.6729 1.12088
-62.5675 4.60015 0
26.5479 -5.95207 0.775958
-3.84371 -4.04603 0
-35.5372 -13.3208 0
29.9581 12.9937 18.8168
50.7461 122.275 15.2283
2.16816 -0.545288 0
-12.5381 -4.86946 45.9662
-4.3183 3.30824 0
-6.07339 3.2126 0
3.60345 6.59818 0
16.5116 12.8858 36.9006
3.13192 2.71206 0
2.4432 9.17518 0
-15.6904 20.5299 70.0864
5.04715 -3.89777 0
2.09101 -0.483343 0
-4.03969 57.4085 24.1492
1.59632 -2.54488 0
3.39523 -5.69048 0
-3.83745 1.93084 0
29.1095 -70.1727 0
32.8305 -63.2545 12.2273
7.5261 1.39347 0
3.69839 -1.92203 0
-1.36454 -2.2301 0
1.90245 -5.06919 0
21.8817 -20.9084 7.05325
0.043054 8.26425 0
-18.95 -18.2393 0
-10.2418 -9.19908 0
13.026 90.3746 23.1046
1.81927 51.8424 52.7759
39.4565 -67.6762 4.22507
-16.5337 14.6711 28.9854
58.2718 46.6569 20.9491
7.2637 65.1636 43.4805
67.5506 52.8977 16.3241
78.4251 99.5222 31.4351
3.08756 42.577 9.6852
2.34147 0.868301 0
-37.5135 6.329 52.8447
-24.4205 -0.300663 0
-0.177392 2.08554 0
-0.1686 1.55566 0
-2.03663 -2.23798 0
-30.0757 -28.4828 0
-70.0676 7.31271 13.9495
-31.0517 -78.9287 10.9964
-2.67384 3.23058 0
-0.138098 1.90439 0
2.55418 -2.11554 0
-55.9521 144.73 2.15526
-23.6913 -32.436 35.8232
3.58541 -1.21571 0
43.2796 -29.1743 0
27.9438 -18.4951 0
-1.43265 0.905091 13.7311
-0.157523 0.417313 0
40.7132 90.7692 38.8379
0.848098 -1.77559 0
48.4886 4.87208 64.4664
2.26715 -0.852095 0
24.48 24.5475 88.458
-29.7104 21.8912 34.6726
-23.9132 -9.1413 0
17.9254 37.2838 1.72458
86.3005 133.779 0
-3.26891 2.01023 0
-6.41381 -6.11026 0
-42.848 -23.5957 12.8535
-38.9641 -37.1631 0
2.24686 0.357674 0
42.5444 65.3103 0
-35.7405 6.55861 53.5437
-24.1784 0.00112212 0
-4.48733 -0.314602 0
75.5858 48.6618 28.0188
2.52239 -3.45865 0
29.3493 30.7487 12.2019
-32.5769 7.60514 0
12.5682 66.8234 31.7382
-0.894553 6.64406 0
-28.3927 -2.35586 0
0.240647 1.83238 0
2.84221 1.20192 0
-11.6314 -28.5902 41.7019
96.3169 63.8261 24.1825
-29.9015 -23.8227 34.4788
11.2132 -5.31789 0
3.30224 -0.475761 0
1.20975 1.5901 0
26.2204 -35.2625 79.3431
21.9237 -14.3566 22.0571
-18.8128 -11.2471 24.0015
-24.7336 -24.3005 32.5565
14.4464 -129.801 27.8034
24.2224 -46.1649 11.1281
2.60281 -1.12987 0
2.3917 -29.3601 0
116.882 92.1498 66.0312
-86.2156 -131.975 71.0235
-0.146959 1.62169 0
2.15317 -1.07892 0
-4.65669 52.7531 33.2176
1.99054 0.402892 0
-70.5844 47.6029 67.3842
-37.3797 -1.34709 55.2309
-24.42 0.302157 0
8.45735 48.602 64.6702
-67.5716 -0.567835 37.5471
-1.46898 -18.4075 0
0.26805 -3.98073 0
1.08428 1.57823 0
-12.6851 -23.9539 21.7584
-12.4392 -6.66489 0
-28.5791 -4.07088 31.5027
0.709685 1.43448 0
-11.0384 11.4348 0
0.185513 13.6658 0
38.7508 23.2379 0
-13.0607 4.24853 23.8164
0.589619 17.2628 0
-0.128469 -2.15411 0
-0.148645 -0.428073 0
1.93773 10.8901 0
-1.20597 1.50866 0
-31.4213 -18.5337 34.4148
0.134352 -1.45057 0
-67.4287 -74.22 10.3307
-35.3191 -24.4731 29.2746
-13.9021 -52.9236 73.6482
58.8689 37.6656 17.9721
51.2838 -10.5869 60.8729
6.48805 154.386 40.473
88.4303 13.4533 23.1978
2.6436 1.75594 0
0.493804 38.747 22.1905
22.2302 65.197 110.464
0.600784 -3.85387 0
6.14966 -1.32296 0
-1.99465 -19.2381 0
3.2878 -12.9621 0
-2.7235 8.25228 0
3.39331 -4.88001 0
-0.459216 0.185513 0
4.89596 7.07631 0
23.3161 68.9817 61.0223
-0.393243 41.6392 0
14.7628 74.8641 76.3097
-0.539012 -2.16232 0
0.600039 -43.4215 84.53
1.02617 -52.9274 11.8357
-1.67698 2.2231 0
0.0151363 -3.36851 0
-0.264279 3.52689 0
-15.7475 -96.9829 70.1912
0.728162 16.423 0
-1.68711 -18.2425 145.305
-37.8872 -39.0896 111.89
-13.6317 -6.03136 0
0.600374 -0.300214 43.7776
0.600006 -0.300027 83.5687
0.60032 -0.30027 45.1025
-8.9165 -4.03718 10.1828
13.4745 -12.8851 0
-7.53225 18.1609 3.17335
6.14274 4.42562 1.93382
7.50726 5.69447 0
-3.26099 1.8925 0
-3.99172 54.5692 50.6706
57.0256 -22.6643 115.324
5.70939 -78.9756 14.0944
6.38034 48.4659 38.104
-1.85398 56.6526 8.36382
-14.8945 0.205795 0
1.29634 2.57207 0
2.44445 6.9515 0
-15.665 -21.0813 0
-1.63007 67.6013 1.60695
28.7308 9.8378 54.4688
13.1718 26.357 27.0855
-28.0874 -5.4505 84.6421
3.06412 -1.88901 0
7.24974 -36.2202 52.9047
-0.242818 -46.3315 3.00049
-0.249795 1.46504 0
2.35609 -0.875101 0
32.3538 1.56296 80.6051
-5.25049 4.52724 0
-13.1464 -26.9145 2.8757
200.225 -25.8936 96.0665
16.7041 -0.400705 0
0.278254 -3.01065 0
0.6 -1.47839e-07 43.7882
0.600006 1.90421e-09 83.6045
0.600037 -1.04425e-06 45.134
13.5912 -15.0117 7.58151
14.1164 -7.67741 4.35318
9.70892 -3.42125 15.861
3.23997 2.06342 14.1812
11.8477 11.0913 18.6093
-19.8002 -24.1366 9.28223
-5.35416 -49.5111 0
-30.9804 5.58916 62.1306
-0.218983 2.56307 0
6.88004 40.9129 43.1879
-2.28783 23.9364 41.0234
-6.0725 5.21882 11.4739
9.42517 26.9587 0.750822
0.431149 25.0098 0
2.09536 1.8097 0
85.1552 -36.3604 11.9132
0.403592 4.6467 0
-1.9529 -20.3712 0
100.617 -57.993 51.5726
36.6446 49.1296 43.8908
7.15535 -36.1543 53.5086
4.19747 -6.18256 33.9467
0.520018 -8.38832 0
-0.0164017 3.40606 0
19.9803 48.0994 23.1614
-5.8992 -0.805511 9.34847
-7.77363 -34.3775 25.7279
-1.00971 6.44185 26.4083
-7.4317 -19.3224 6.49639
-27.3419 27.1218 10.6024
0.600129 0.299995 43.7775
0.600066 0.300016 83.5691
0.600337 0.300074 45.1026
2.65046 5.23374 0
-0.683773 -2.14499 0
2.63869 -0.223274 0
-17.0499 -15.8554 16.1207
34.4956 1.2555 36.8659
62.472 -88.2892 46.729
-2.49309 -53.7132 36.2355
4.75025 0.707356 0
-11.6841 38.9088 27.453
0.600035 52.5926 80.3645
0.177928 52.931 11.8233
0.53973 -2.94375 0
-1.6165 -1.53592 0
-26.5972 -15.0255 0
2.64706 -35.588 0
-2.34048 1.43984 0
18.7308 0.0110015 14.7128
-450.074 -190.977 223.511
-57.6094 -22.8082 45.0649
0.606631 3.4166 0
-2.08106 6.03919 0
1.52969 6.20126 0
8.38679 4.9432 0
-2.49079 -4.17751 0
-51.9124 -8.69526 4.47614
11.5572 5.26121 0
-19.1269 -49.7668 62.9753
-53.7588 -22.6238 2.47741
14.0737 -11.2821 0
2.07959 -1.20187 0
2.36465 0.145456 0
-67.2754 -56.2789 13.1512
-3.81257 43.0281 35.5251
1.37415 -2.18096 0
4.2261 -7.8401 0
11.6868 -10.5824 0
0.55144 32.134 203.969
-13.9553 -33.9105 45.3081
-1.24548 42.8427 30.5929
3.32798 -7.17131 0
2.33191 -0.477695 0
7.97409 -7.5876 0
12.3764 -9.24621 0
-2.86028 10.405 0
-4.90078 -6.08294 0
2.87773 -58.7137 0
18.5354 -0.99866 0
1.43026 -3.33324 0
66.3094 -19.6994 49.583
87.5717 -1.80709 30.5745
3.071 1.12735 0
11.0948 8.0605 17.4058
13.4275 -55.8009 33.4748
-58.9308 39.0737 40.9888
55.9837 -0.964885 9.74411
-25.362 17.7085 23.3263
-33.218 2.55011 0
-80.1722 81.899 64.6821
9.39502 -2.17382 0
98.6675 26.4664 61.9305
-5.28337 9.98188 0
60.9119 -11.8758 0
9.49192 -6.23183 6.4911
12.3934 12.6793 0
47.8265 153.297 10.147
34.5517 -141.553 8.10415
-44.4593 22.3099 86.9425
-0.0848816 1.79298 0
-41.9239 -9.34645 0
-35.5614 36.4743 3.46865
1.86302 1.35682 0
2.196 -2.07679 0
0.0126551 3.34134 0
-2.13798 0.168877 0
2.18384 -0.471221 0
7.3942 -3.50048 0
-85.2697 66.6738 77.8173
-8.67394 3.16214 0
2.56416 -0.31819 0
-15.2499 1.7492 7.48898
-9.12392 29.4212 0.279276
1.88983 -1.94693 0
-3.61041 3.90357 0
-60.3069 17.5638 32.9309
2.53812 -2.13987 0
-0.825164 3.48856 0
-34.4083 35.5366 56.1324
47.728 0.448741 17.0535
3.31743 -55.3301 36.2519
8.11009 -70.914 7.56799
2.01669 0.256908 0
1.41242 -5.0646 0
3.16323 -1.29151 0
33.7704 2.46798 52.3088
49.7519 44.2079 45.1332
-114.632 88.3194 61.4132
29.6 15.3184 0
80.1836 80.4894 87.3617
-106.505 -20.9753 78.2296
-60.4399 47.502 51.2367
-0.817543 -2.86493 0
-20.5992 -23.6087 47.0388
-89.2734 18.4566 13.0508
43.1823 77.9291 0
23.0209 3.79349 0
4.24795 27.6027 0
-78.3001 -58.1741 20.2178
4.59442 -0.322687 0
-90.0659 73.913 90.48
-52.0579 38.674 32.151
261.055 -70.758 109.766
1.24566 1.57882 0
-19.3844 -2.02322 0
12.6211 -124.298 66.4252
0.155514 -72.8798 67.6472
3.67889 -56.1359 6.99883
-1.42849 -1.48989 0
2.86579 5.67618 0
2.4396 -0.425562 0
-62.313 -2.71402 53.7668
55.7545 2.13922 4.47175
62.6445 74.9052 266.316
3.75157 2.32785 0
1.32248 6.25706 0
0.673123 -1.20646 0
3.19794 -1.39414 0
0.456906 -23.55 51.8275
-1.25699 -25.5812 39.4038
-1.82715 90.516 60.0555
1.4644 1.52088 0
11.0821 8.65 0
10.1858 2.73594 0
-39.3363 -21.4906 35.0113
1.12002 -5.73188 0
34.5888 39.1976 33.4029
69.4095 21.0954 22.5526
2.21137 6.40197 0
-16.946 46.3601 131.776
-5.56253 1.09475 10.6986
5.61539 -9.28326 0
-0.771444 -0.457677 0
-4.58813 4.23829 0
-34.2464 31.0385 49.0142
2.25456 0.0175604 0
-0.497877 1.35213 0
-10.2093 21.7571 6.641
3.00603 2.15691 0
-32.8216 -38.5739 0
19.4306 72.4814 41.289
-8.00951 -10.1612 11.8138
57.8656 59.6684 52.1302
2.28974 -0.697412 0
6.84169 -9.68372 0
-2.6961 -9.36293 0
2.10722 0.255396 0
1.87893 -1.94306 0
27.0935 27.8413 0
2.29419 0.908558 0
6.50552 -15.4553 0
2.14025 -0.41388 0
-34.6158 -33.1539 24.1144
-33.1182 26.6693 0
-1.16693 -1.74843 0
-5.95998 28.0852 76.2223
-23.1184 74.3262 37.4227
-11.3042 28.5711 24.0277
32.8768 -36.6055 0
-3.11686 18.9079 0
159.565 -90.8361 62.2669
2.1214 -0.323745 0
56.5058 37.1456 9.73164
-5.84875 -79.2017 41.0606
-19.1139 30.5877 68.0827
78.4105 -0.468097 5.22805
-39.1109 6.22402 52.5452
-24.1082 -0.300555 0
-26.7125 -44.1295 11.977
-21.6216 2.71634 0
-0.138715 1.46879 0
7.71535 3.514 0
-42.3372 0.604701 3.94626
-68.8618 4.3238 35.8864
7.64559 15.706 2.29214
69.916 113.14 58.9958
0.677296 1.95072 0
376.119 -224.64 51.7197
-0.4646 -1.56567 0
-0.591607 -3.62413 0
2.30896 -3.81121 0
8.87064 2.49487 0
-23.4083 -32.8706 0.876966
-172.784 121.205 216.924
2.02148 0.0339261 0
2.11607 -0.916237 0
-0.372996 1.29656 0
-21.2461 15.1284 67.7917
-65.9337 90.6048 138.053
-28.0198 32.459 29.6025
-0.572582 1.44436 0
83.0798 -42.4299 0
1.17197 -2.42673 0
52.4527 144.656 0
3.08802 4.59644 0
0.187406 -1.82511 0
24.051 26.7872 19.9324
3.29372 8.33982 74.5582
51.8652 1.69691 0
-37.2939 6.454 53.254
-24.1165 0.000906573 0
-8.44237 -0.237996 0
-42.8778 11.8082 0
3.3638 20.488 0
17.2187 19.5682 0
12.033 0.395527 0
4.48737 1.34832 0
-25.0804 -17.0928 0
-26.1736 -37.8056 54.2371
-6.40989 10.3896 42.0263
21.6696 -115.894 64.0502
-9.91357 -40.376 35.2586
-4.36662 4.03374 0
-13.7243 -17.9628 24.4859
-17.6817 -39.6763 25.9178
2.30568 3.92936 0
111.388 19.0357 1.76972
64.1684 12.9205 0
-44.7932 -36.4824 65.8824
-212.455 -10.4155 129.173
1.38637 -1.57313 0
-26.384 -27.0291 89.7975
23.1386 -9.19652 21.8277
37.4251 97.421 73.619
56.0134 -33.7942 2.56071
1.83387 5.04441 0
9.50889 -4.81945 5.78439
12.2279 1.42356 0
7.20383 -1.72151 0
23.1644 -101.382 16.1487
-1.1987 -2.07651 0
21.7263 1.8069 0
-39.0658 -1.33399 54.9011
-24.1071 0.301943 0
-18.1429 -41.9237 11.2256
-71.5758 11.3704 8.34755
-62.8366 -88.7947 24.1392
-36.4296 -25.2746 31.1375
-5.41377 7.33006 55.1586
15.0811 -3.26354 0
-34.1703 -14.9991 0.52591
83.8259 84.631 100.87
0.396101 1.82811 0
-0.737516 0.471989 0
-96.3318 36.6458 42.3392
9.81619 18.8509 0
2.71016 12.3692 0
2.87454 1.90398 0
-8.15182 -0.767195 0
2.34689 0.224988 0
16.7408 5.9436 0
-41.2054 6.67672 11.5683
-7.82786 -18.607 0
-126.268 73.9942 28.3828
-70.6632 -72.9799 4.96852
-2.90743 -3.21253 0
2.5352 0.0423092 0
0.822503 31.825 0
22.5873 63.7953 5.14614
-18.0584 46.2401 98.2826
1.9588 0.594173 0
12.2991 17.6557 0
1.02918 1.69405 0
-51.651 -6.39283 25.8552
0.904078 -3.43088 0
2.08481 -0.292322 0
-1.86531 -19.5397 0
-0.226184 -1.65903 0
-68.4772 -25.6623 61.7517
0.413597 -1.87211 0
3.35327 -21.6118 19.0764
7.49346 4.51395 0
0.653854 -2.80126 0
0.684157 -5.8456 11.0405
5.13992 28.5493 0
0.515152 -1.90577 0
0.900358 -52.334 78.5495
0.900586 -52.8644 10.6054
2.78681 1.06479 0
0.857501 -2.80477 0
5.29514 -4.72708 0
-15.0642 -14.1342 0
4.5895 -3.42155 0
-4.5639 -39.4843 13.1366
2.00999 -2.46282 0
2.85666 -0.674994 0
0.900086 -0.300049 43.7758
0.900074 -0.300039 83.3761
0.900209 -0.300083 44.9341
-33.7797 -4.1143 12.1678
-7.23033 -1.3321 0
-33.9588 15.4869 47.041
27.3632 3.37631 0
-4.48313 10.6645 0
3.87515 1.11847 0
-5.19501 18.2474 26.369
-0.193951 5.92577 0
-0.537372 5.36637 0
-1.03603 57.377 35.5133
0.901304 24.6825 0
10.6 13.3781 0
89.7883 2.93745 14.982
-11.1492 -9.30451 24.4256
-7.02658 10.2962 3.18062
-3.72787 0.761472 0
-25.3294 49.0043 21.7287
-4.51813 -15.3876 4.54767
-4.56187 -41.7726 0
2.55585 1.61378 0
-0.573434 -45.8938 52.939
0.165859 -44.3985 5.94713
-15.1136 9.13811 0.477387
-2.54281 -66.9133 34.2813
-12.7641 27.8993 5.60958
3.42605 -5.99668 0
-19.3917 11.5339 16.5279
6.07675 -5.09555 0
1.16079 -2.11812 0
1.99088 -1.81675 0
0.900045 -4.44126e-07 43.7785
0.900069 -4.49368e-09 83.4184
0.900288 -7.02555e-07 44.971
5.55467 -15.9539 31.9581
-1.21166 -1.70947 0
-17.9118 -8.96042 13.4366
-86.4747 22.7769 64.1972
-23.3269 -4.10064 65.428
78.7735 -60.0689 36.2925
16.6208 -14.3772 57.8714
4.62307 -4.28747 24.0231
2.4373 -2.0571 0
-1.89698 30.3271 52.7994
-1.90338 24.3454 39.9619
-0.3334 1.25397 0
-34.6022 2.73162 35.5942
-1.61103 -13.4075 0
-22.9236 23.7568 0
-28.7997 55.3209 33.0888
0.383408 -2.43342 0
2.72941 17.6013 0
1.62202 1.32215 0
2.60332 15.2438 0
-0.586008 -45.822 53.6535
1.38875 -7.3871 34.5471
-29.1319 -22.7318 12.6838
3.15046 2.25449 0
-56.4009 18.5739 9.57196
4.56072 0.207902 0
0.660656 -2.46529 0
-1.88255 -1.43225 0
9.93918 -76.614 10.5499
0.923018 1.99492 0
0.900421 0.299996 43.7764
0.900133 0.300027 83.3765
0.900684 0.300078 44.9348
-4.03909 7.61211 24.953
0.70373 -4.95918 0
-21.6179 -19.8237 30.7357
1.37505 1.53486 0
-20.6931 12.8158 12.1505
-3.67926 5.28979 0
-3.87259 -26.9329 30.519
2.11104 1.01955 0
-0.724467 1.82894 0
0.900358 60.6624 73.5589
0.467851 52.4708 12.5832
-3.15867 -4.60359 0
-9.98784 -23.2469 1.6854
-5.90187 -0.638537 0
-3.42053 -3.99255 0
18.4074 12.6051 0
-11.7337 -52.5126 19.7359
-29.2381 17.1271 24.6391
0.604719 1.54431 0
0.909739 3.41765 0
23.1588 98.9274 75.6762
0.594585 7.448 0
-41.4993 77.5359 0.935369
-44.855 2.75437 52.144
1.30638 1.33868 0
-2.38785 0.613695 0
109.931 -28.4992 1.93906
8.49986 -92.4589 34.1565
-1.81816 -1.22004 24.6704
2.99453 -0.075046 0
0.833907 1.70773 0
-114.799 26.4544 16.0708
46.3714 42.5646 15.5932
1.9943 -3.15327 0
-21.7235 11.3291 26.0318
2.0752 -1.39819 0
9.47899 -84.7023 6.5209
-2.87844 -10.7547 0
0.497198 -2.44761 0
0.308598 -2.29929 0
0.446798 -1.79409 0
2.45067 -0.632678 0
69.5789 -59.905 105.824
0.167867 1.83397 0
0.551753 6.51382 0
7.46455 -8.16097 0
46.3926 -56.7668 32.6314
-9.42372 -16.1302 83.0444
11.6823 -29.4486 16.4058
87.2454 39.8183 13.469
0.931822 2.19408 0
-30.3435 -65.6216 7.56127
61.5705 12.8834 15.2155
61.2931 -0.30002 73.5358
53.8125 -0.299495 14.1897
-8.82391 0.826182 0
-0.390231 -0.79126 36.2247
63.9038 30.3963 26.9207
50.4075 29.3871 0
-7.90818 -15.5654 43.3931
13.6481 4.57629 11.1397
0.144601 1.46215 0
-39.8141 29.6105 7.10132
2.27305 0.758585 0
1.90582 2.79132 0
-69.299 86.0976 11.9838
-65.4363 50.1761 12.0142
33.8626 -6.27186 0
-56.6224 -6.01811 6.85544
-48.8937 28.8581 28.6168
20.3659 -101.417 11.3389
-18.6454 -17.8392 27.5569
3.22882 -0.117185 0
-25.2798 -17.0714 0
27.3578 -48.0044 37.0137
14.778 -15.237 0
-94.0978 147.842 43.5679
-6.47899 29.5413 0
-10.0911 3.25769 0
5.5601 -1.76479 0
70.6144 -68.0862 14.0151
-31.6364 13.9503 8.36608
-4.77688 13.3297 0
0.81969 2.5421 0
4.0299 4.12876 0
-0.598341 -2.51107 0
61.2441 3.92559e-06 73.5819
53.8246 0.00402761 14.1554
-4.47713 -0.185909 0
-1.42152 -1.55362 0
2.56506 -3.18571 0
-17.4824 -2.62895 31.229
65.6061 -26.3688 82.4215
-22.7838 -19.052 12.8529
1.74585 3.23193 0
-46.0839 58.1157 71.3226
-35.171 -4.4903 32.1389
11.2235 13.6071 0
-40.1701 79.3856 0
-68.0813 -45.4932 2.97222
10.5422 6.2585 0
2.22116 -0.530912 0
-48.966 -24.5522 17.3087
-24.7552 -19.9075 46.387
3.00043 42.5003 0
-80.5664 13.1248 99.0977
-50.854 17.5229 38.2803
1.82097 0.840583 0
1.23398 -2.24998 0
-1.24841 -1.62743 0
-58.1493 12.1382 17.6518
-14.1339 0.69275 0
2.05992 0.437552 0
-3.35924 -15.5044 0
-36.7171 -72.9808 15.1716
29.909 39.1251 0
-17.9125 -30.0943 3.27223
74.1274 52.3764 20.1557
-0.419923 -1.43562 0
61.2931 0.300023 73.5358
53.8239 0.307591 14.1458
-8.83517 -1.34624 0
10.4656 -63.1965 31.5718
37.4922 -61.4937 0
-2.72498 5.44346 0
-0.900596 -1.87853 0
-0.693496 2.12185 0
-2.80614 6.86533 0
-5.80844 5.61733 0
1.53133 1.44654 0
-5.14249 10.4541 0
2.43479 1.81145 0
53.8221 61.5208 26.6905
15.3571 14.0748 0
10.3118 -0.789286 0
6.23495 -0.364068 0
17.9826 14.5189 60.3128
4.11452 35.0647 12.7429
107.479 14.1276 12.3789
-11.6853 8.02031 10.063
2.52119 -0.1882 0
-1.08782 1.46378 0
47.4689 -41.3789 15.8216
-19.8131 -47.4487 26.5159
1.36292 7.54718 0
-7.78741 -17.7527 2.32138
2.57555 0.527467 0
-3.87705 -5.77427 0
17.678 -1.48495 0
1.28412 1.36031 0
1.32405 -2.49692 0
VERTICES 2541 5082
1 0
1 1
1 2
1 3
1 4
1 5
1 6
1 7
1 8
1 9
1 10
1 11
1 12
1 13
1 14
1 15
1 16
1 17
1 18
1 19
1 20
1 21
1 22
1 23
1 24
1 25
1 26
1 27
1 28
1 29
1 30
1 31
1 32
1 33
1 34
1 35
1 36
1 37
1 38
1 39
1 40
1 41
1 42
1 43
1 44
1 45
1 46
1 47
1 48
1 49
1 50
1 51
1 52
1 53
1 54
1 55
1 56
1 57
1 58
1 59
1 60
1 61
1 62
1 63
1 64
1 65
1 66
1 67
1 68
1 69
1 70
1 71
1 72
1 73
1 74
1 75
1 76
1 77
1 78
1 79
1 80
1 81
1 82
1 83
1 84
1 85
1 86
1 87
1 88
1 89
1 90
1 91
1 92
1 93
1 94
1 95
1 96
1 97
1 98
1 99
1 100
1 101
1 102
1 103
1 104
1 105
1 106
1 107
1 108
1 109
1 110
1 111
1 112
1 113
1 114
1 115
1 116
1 117
1 118
1 119
1 120
1 121
1 122
1 123
1 124
1 125
1 126
1 127
1 128
1 129
1 130
1 131
1 132
1 133
1 134
1 135
1 136
1 137
1 138
1 139
1 140
1 141
1 142
1 143
1 144
1 145
1 146
1 147
1 148
1 149
1 150
1 151
1 152
1 153
1 154
1 155
1 156
1 157
1 158
1 159
1 160
1 161
1 162
1 163
1 164
1 165
1 166
1 167
1 168
1 169
1 170
1 171
1 172
1 173
1 174
1 175
1 176
1 177
1 178
1 179
1 180
1 181
1 182
1 183
1 184
1 185
1 186
1 187
1 188
1 189
1 190
1 191
1 192
1 193
1 194
1 195
1 196
1 197
1 198
1 199
1 200
1 201
1 202
1 203
1 204
1 205
1 206
1 207
1 208
1 209
1 210
1 211
1 212
1 213
1 214
1 215
1 216
1 217
1 218
1 219
1 220
1 221
1 222
1 223
1 224
1 225
1 226
1 227
1 228
1 229
1 230
1 231
1 232
1 233
1 234
1 235
1 236
1 237
1 238
1 239
1 240
1 241
1 242
1 243
1 244
1 245
1 246
1 247
1 248
1 249
1 250
1 251
1 252
1 253
1 254
1 255
1 256
1 257
1 258
1 259
1 260
1 261
1 262
1 263
1 264
1 265
1 266
1 267
1 268
1 269
1 270
1 271
1 272
1 273
1 274
1 275
1 276
1 277
1 278
1 279
1 280
1 281
1 282
1 283
1 284
1 285
1 286
1 287
1 288
1 289
1 290
1 291
1 292
1 293
1 294
1 295
1 296
1 297
1 298
1 299
1 300
1 301
1 302
1 303
1 304
1 305
1 306
1 307
1 308
1 309
1 310
1 311
1 312
1 313
1 314
1 315
1 316
1 317
1 318
1 319
1 320
1 321
1 322
1 323
1 324
1 325
1 326
1 327
1 328
1 329
1 330
1 331
1 332
1 333
1 334
1 335
1 336
1 337
1 338
1 339
1 340
1 341
1 342
1 343
1 344
1 345
1 346
1 347
1 348
1 349
1 350
1 351
1 352
1 353
1 354
1 355
1 356
1 357
1 358
1 359
1 360
1 361
1 362
1 363
1 364
1 365
1 366
1 367
1 368
1 369
1 370
1 371
1 372
1 373
1 374
1 375
1 376
1 377
1 378
1 379
1 380
1 381
1 382
1 383
1 384
1 385
1 386
1 387
1 388
1 389
1 390
1 391
1 392
1 393
1 394
1 395
1 396
1 397
1 398
1 399
1 400
1 401
1 402
1 403
1 404
1 405
1 406
1 407
1 408
1 409
1 410
1 411
1 412
1 413
1 414
1 415
1 416
1 417
1 418
1 419
1 420
1 421
1 422
1 423
1 424
1 425
1 426
1 427
1 428
1 429
1 430
1 431
1 432
1 433
1 434
1 435
1 436
1 437
1 438
1 439
1 440
1 441
1 442
1 443
1 444
1 445
1 446
1 447
1 448
1 449
1 450
1 451
1 452
1 453
1 454
1 455
1 456
1 457
1 458
1 459
1 460
1 461
1 462
1 463
1 464
1 465
1 466
1 467
1 468
1 469
1 470
1 471
1 472
1 473
1 474
1 475
1 476
1 477
1 478
1 479
1 480
1 481
1 482
1 483
1 484
1 485
1 486
1 487
1 488
1 489
1 490
1 491
1 492
1 493
1 494
1 495
1 496
1 497
1 498
1 499
1 500
1 501
1 502
1 503
1 504
1 505
1 506
1 507
1 508
1 509
1 510
1 511
1 512
1 513
1 514
1 515
1 516
1 517
1 518
1 519
1 520
1 521
1 522
1 523
1 524
1 525
1 526
1 527
1 528
1 529
1 530
1 531
1 532
1 533
1 534
1 535
1 536
1 537
1 538
1 539
1 540
1 541
1 542
1 543
1 544
1 545
1 546
1 547
1 548
1 549
1 550
1 551
1 552
1 553
1 554
1 555
1 556
1 557
1 558
1 559
1 560
1 561
1 562
1 563
1 564
1 565
1 566
1 567
1 568
1 569
1 570
1 571
1 572
1 573
1 574
1 575
1 576
1 577
1 578
1 579
1 580
1 581
1 582
1 583
1 584
1 585
1 586
1 587
1 588
1 589
1 590
1 591
1 592
1 593
1 594
1 595
1 596
1 597
1 598
1 599
1 600
1 601
1 602
1 603
1 604
1 605
1 606
1 607
1 608
1 609
1 610
1 611
1 612
1 613
1 614
1 615
1 616
1 617
1 618
1 619
1 620
1 621
1 622
1 623
1 624
1 625
1 626
1 627
1 628
1 629
1 630
1 631
1 632
1 633
1 634
1 635
1 636
1 637
1 638
1 639
1 640
1 641
1 642
1 643
1 644
1 645
1 646
1 647
1 648
1 649
1 650
1 651
1 652
1 653
1 654
1 655
1 656
1 657
1 658
1 659
1 660
1 661
1 662
1 663
1 664
1 665
1 666
1 667
1 668
1 669
1 670
1 671
1 672
1 673
1 674
1 675
1 676
1 677
1 678
1 679
1 680
1 681
1 682
1 683
1 684
1 685
1 686
1 687
1 688
1 689
1 690
1 691
1 692
1 693
1 694
1 695
1 696
1 697
1 698
1 699
1 700
1 701
1 702
1 703
1 704
1 705
1 706
1 707
1 708
1 709
1 710
1 711
1 712
1 713
1 714
1 715
1 716
1 717
1 718
1 719
1 720
1 721
1 722
1 723
1 724
1 725
1 726
1 727
1 728
1 729
1 730
1 731
1 732
1 733
1 734
1 735
1 736
1 737
1 738
1 739
1 740
1 741
1 742
1 743
1 744
1 745
1 746
1 747
1 748
1 749
1 750
1 751
1 752
1 753
1 754
1 755
1 756
1 757
1 758
1 759
1 760
1 761
1 762
1 763
1 764
1 765
1 766
1 767
1 768
1 769
1 770
1 771
1 772
1 773
1 774
1 775
1 776
1 777
1 778
1 779
1 780
1 781
1 782
1 783
1 784
1 785
1 786
1 787
1 788
1 789
1 790
1 791
1 792
1 793
1 794
1 795
1 796
1 797
1 798
1 799
1 800
1 801
1 802
1 803
1 804
1 805
1 806
1 807
1 808
1 809
1 810
1 811
1 812
1 813
1 814
1 815
1 816
1 817
1 818
1 819
1 820
1 821
1 822
1 823
1 824
1 825
1 826
1 827
1 828
1 829
1 830
1 831
1 832
1 833
1 834
1 835
1 836
1 837
1 838
1 839
1 840
1 841
1 842
1 843
1 844
1 845
1 846
1 847
1 848
1 849
1 850
1 851
1 852
1 853
1 854
1 855
1 856
1 857
1 858
1 859
1 860
1 861
1 862
1 863
1 864
1 865
1 866
1 867
1 868
1 869
1 870
1 871
1 872
1 873
1 874
1 875
1 876
1 877
1 878
1 879
1 880
1 881
1 882
1 883
1 884
1 885
1 886
1 887
1 888
1 889
1 890
1 891
1 892
1 893
1 894
1 895
1 896
1 897
1 898
1 899
1 900
1 901
1 902
1 903
1 904
1 905
1 906
1 907
1 908
1 909
1 910
1 911
1 912
1 913
1 914
1 915
1 916
1 917
1 918
1 919
1 920
1 921
1 922
1 923
1 924
1 925
1 926
1 927
1 928
1 929
1 930
1 931
1 932
1 933
1 934
1 935
1 936
1 937
1 938
1 939
1 940
1 941
1 942
1 943
1 944
1 945
1 946
1 947
1 948
1 949
1 950
1 951
1 952
1 953
1 954
1 955
1 956
1 957
1 958
1 959
1 960
1 961
1 962
1 963
1 964
1 965
1 966
1 967
1 968
1 969
1 970
1 971
1 972
1 973
1 974
1 975
1 976
1 977
1 978
1 979
1 980
1 981
1 982
1 983
1 984
1 985
1 986
1 987
1 988
1 989
1 990
1 991
1 992
1 993
1 994
1 995
1 996
1 997
1 998
1 999
1 1000
1 1001
1 1002
1 1003
1 1004
1 1005
1 1006
1 1007
1 1008
1 1009
1 1010
1 1011
1 1012
1 1013
1 1014
1 1015
1 1016
1 1017
1 1018
1 1019
1 1020
1 1021
1 1022
1 1023
1 1024
1 1025
1 1026
1 1027
1 1028
1 1029
1 1030
1 1031
1 1032
1 1033
1 1034
1 1035
1 1036
1 1037
1 1038
1 1039
1 1040
1 1041
1 1042
1 1043
1 1044
1 1045
1 1046
1 1047
1 1048
1 1049
1 1050
1 1051
1 1052
1 1053
1 1054
1 1055
1 1056
1 1057
1 1058
1 1059
1 1060
1 1061
1 1062
1 1063
1 1064
1 1065
1 1066
1 1067
1 1068
1 1069
1 1070
1 1071
1 1072
1 1073
1 1074
1 1075
1 1076
1 1077
1 1078
1 1079
1 1080
1 1081
1 1082
1 1083
1 1084
1 1085
1 1086
1 1087
1 1088
1 1089
1 1090
1 1091
1 1092
1 1093
1 1094
1 1095
1 1096
1 1097
1 1098
1 1099
1 1100
1 1101
1 1102
1 1103
1 1104
1 1105
1 1106
1 1107
1 1108
1 1109
1 1110
1 1111
1 1112
1 1113
1 1114
1 1115
1 1116
1 1117
1 1118
1 1119
1 1120
1 1121
1 1122
1 1123
1 1124
1 1125
1 1126
1 1127
1 1128
1 1129
1 1130
1 1131
1 1132
1 1133
1 1134
1 1135
1 1136
1 1137
1 1138
1 1139
1 1140
1 1141
1 1142
1 1143
1 1144
1 1145
1 1146
1 1147
1 1148
1 1149
1 1150
1 1151
1 1152
1 1153
1 1154
1 1155
1 1156
1 1157
1 1158
1 1159
1 1160
1 1161
1 1162
1 1163
1 1164
1 1165
1 1166
1 1167
1 1168
1 1169
1 1170
1 1171
1 1172
1 1173
1 1174
1 1175
1 1176
1 1177
1 1178
1 1179
1 1180
1 1181
1 1182
1 1183
1 1184
1 1185
1 1186
1 1187
1 1188
1 1189
1 1190
1 1191
1 1192
1 1193
1 1194
1 1195
1 1196
1 1197
1 1198
1 1199
1 1200
1 1201
1 1202
1 1203
1 1204
1 1205
1 1206
1 1207
1 1208
1 1209
1 1210
1 1211
1 1212
1 1213
1 1214
1 1215
1 1216
1 1217
1 1218
1 1219
1 1220
1 1221
1 1222
1 1223
1 1224
1 1225
1 1226
1 1227
1 1228
1 1229
1 1230
1 1231
1 1232
1 1233
1 1234
1 1235
1 1236
1 1237
1 1238
1 1239
1 1240
1 1241
1 1242
1 1243
1 1244
1 1245
1 1246
1 1247
1 1248
1 1249
1 1250
1 1251
1 1252
1 1253
1 1254
1 1255
1 1256
1 1257
1 1258
1 1259
1 1260
1 1261
1 1262
1 1263
1 1264
1 1265
1 1266
1 1267
1 1268
1 1269
1 1270
1 1271
1 1272
1 1273
1 1274
1 1275
1 1276
1 1277
1 1278
1 1279
1 1280
1 1281
1 1282
1 1283
1 1284
1 1285
1 1286
1 1287
1 1288
1 1289
1 1290
1 1291
1 1292
1 1293
1 1294
1 1295
1 1296
1 1297
1 1298
1 1299
1 1300
1 1301
1 1302
1 1303
1 1304
1 1305
1 1306
1 1307
1 1308
1 1309
1 1310
1 1311
1 1312
1 1313
1 1314
1 1315
1 1316
1 1317
1 1318
1 1319
1 1320
1 1321
1 1322
1 1323
1 1324
1 1325
1 1326
1 1327
1 1328
1 1329
1 1330
1 1331
1 1332
1 1333
1 1334
1 1335
1 1336
1 1337
1 1338
1 1339
1 1340
1 1341
1 1342
1 1343
1 1344
1 1345
1 1346
1 1347
1 1348
1 1349
1 1350
1 1351
1 1352
1 1353
1 1354
1 1355
1 1356
1 1357
1 1358
1 1359
1 1360
1 1361
1 1362
1 1363
1 1364
1 1365
1 1366
1 1367
1 1368
1 1369
1 1370
1 1371
1 1372
1 1373
1 1374
1 1375
1 1376
1 1377
1 1378
1 1379
1 1380
1 1381
1 1382
1 1383
1 1384
1 1385
1 1386
1 1387
1 1388
1 1389
1 1390
1 1391
1 1392
1 1393
1 1394
1 1395
1 1396
1 1397
1 1398
1 1399
1 1400
1 1401
1 1402
1 1403
1 1404
1 1405
1 1406
1 1407
1 1408
1 1409
1 1410
1 1411
1 1412
1 1413
1 1414
1 1415
1 1416
1 1417
1 1418
1 1419
1 1420
1 1421
1 1422
1 1423
1 1424
1 1425
1 1426
1 1427
1 1428
1 1429
1 1430
1 1431
1 1432
1 1433
1 1434
1 1435
1 1436
1 1437
1 1438
1 1439
1 1440
1 1441
1 1442
1 1443
1 1444
1 1445
1 1446
1 1447
1 1448
1 1449
1 1450
1 1451
1 1452
1 1453
1 1454
1 1455
1 1456
1 1457
1 1458
1 1459
1 1460
1 1461
1 1462
1 1463
1 1464
1 1465
1 1466
1 1467
1 1468
1 1469
1 1470
1 1471
1 1472
1 1473
1 1474
1 1475
1 1476
1 1477
1 1478
1 1479
1 1480
1 1481
1 1482
1 1483
1 1484
1 1485
1 1486
1 1487
1 1488
1 1489
1 1490
1 1491
1 1492
1 1493
1 1494
1 1495
1 1496
1 1497
1 1498
1 1499
1 1500
1 1501
1 1502
1 1503
1 1504
1 1505
1 1506
1 1507
1 1508
1 1509
1 1510
1 1511
1 1512
1 1513
1 1514
1 1515
1 1516
1 1517
1 1518
1 1519
1 1520
1 1521
1 1522
1 1523
1 1524
1 1525
1 1526
1 1527
1 1528
1 1529
1 1530
1 1531
1 1532
1 1533
1 1534
1 1535
1 1536
1 1537
1 1538
1 1539
1 1540
1 1541
1 1542
1 1543
1 1544
1 1545
1 1546
1 1547
1 1548
1 1549
1 1550
1 1551
1 1552
1 1553
1 1554
1 1555
1 1556
1 1557
1 1558
1 1559
1 1560
1 1561
1 1562
1 1563
1 1564
1 1565
1 1566
1 1567
1 1568
1 1569
1 1570
1 1571
1 1572
1 1573
1 1574
1 1575
1 1576
1 1577
1 1578
1 1579
1 1580
1 1581
1 1582
1 1583
1 1584
1 1585
1 1586
1 1587
1 1588
1 1589
1 1590
1 1591
1 1592
1 1593
1 1594
1 1595
1 1596
1 1597
1 1598
1 1599
1 1600
1 1601
1 1602
1 1603
1 1604
1 1605
1 1606
1 1607
1 1608
1 1609
1 1610
1 1611
1 1612
1 1613
1 1614
1 1615
1 1616
1 1617
1 1618
1 1619
1 1620
1 1621
1 1622
1 1623
1 1624
1 1625
1 1626
1 1627
1 1628
1 1629
1 1630
1 1631
1 1632
1 1633
1 1634
1 1635
1 1636
1 1637
1 1638
1 1639
1 1640
1 1641
1 1642
1 1643
1 1644
1 1645
1 1646
1 1647
1 1648
1 1649
1 1650
1 1651
1 1652
1 1653
1 1654
1 1655
1 1656
1 1657
1 1658
1 1659
1 1660
1 1661
1 1662
1 1663
1 1664
1 1665
1 1666
1 1667
1 1668
1 1669
1 1670
1 1671
1 1672
1 1673
1 1674
1 1675
1 1676
1 1677
1 1678
1 1679
1 1680
1 1681
1 1682
1 1683
1 1684
1 1685
1 1686
1 1687
1 1688
1 1689
1 1690
1 1691
1 1692
1 1693
1 1694
1 1695
1 1696
1 1697
1 1698
1 1699
1 1700
1 1701
1 1702
1 1703
1 1704
1 1705
1 1706
1 1707
1 1708
1 1709
1 1710
1 1711
1 1712
1 1713
1 1714
1 1715
1 1716
1 1717
1 1718
1 1719
1 1720
1 1721
1 1722
1 1723
1 1724
1 1725
1 1726
1 1727
1 1728
1 1729
1 1730
1 1731
1 1732
1 1733
1 1734
1 1735
1 1736
1 1737
1 1738
1 1739
1 1740
1 1741
1 1742
1 1743
1 1744
1 1745
1 1746
1 1747
1 1748
1 1749
1 1750
1 1751
1 1752
1 1753
1 1754
1 1755
1 1756
1 1757
1 1758
1 1759
1 1760
1 1761
1 1762
1 1763
1 1764
1 1765
1 1766
1 1767
1 1768
1 1769
1 1770
1 1771
1 1772
1 1773
1 1774
1 1775
1 1776
1 1777
1 1778
1 1779
1 1780
1 1781
1 1782
1 1783
1 1784
1 1785
1 1786
1 1787
1 1788
1 1789
1 1790
1 1791
1 1792
1 1793
1 1794
1 1795
1 1796
1 1797
1 1798
1 1799
1 1800
1 1801
1 1802
1 1803
1 1804
1 1805
1 1806
1 1807
1 1808
1 1809
1 1810
1 1811
1 1812
1 1813
1 1814
1 1815
1 1816
1 1817
1 1818
1 1819
1 1820
1 1821
1 1822
1 1823
1 1824
1 1825
1 1826
1 1827
1 1828
1 1829
1 1830
1 1831
1 1832
1 1833
1 1834
1 1835
1 1836
1 1837
1 1838
1 1839
1 1840
1 1841
1 1842
1 1843
1 1844
1 1845
1 1846
1 1847
1 1848
1 1849
1 1850
1 1851
1 1852
1 1853
1 1854
1 1855
1 1856
1 1857
1 1858
1 1859
1 1860
1 1861
1 1862
1 1863
1 1864
1 1865
1 1866
1 1867
1 1868
1 1869
1 1870
1 1871
1 1872
1 1873
1 1874
1 1875
1 1876
1 1877
1 1878
1 1879
1 1880
1 1881
1 1882
1 1883
1 1884
1 1885
1 1886
1 1887
1 1888
1 1889
1 1890
1 1891
1 1892
1 1893
1 1894
1 1895
1 1896
1 1897
1 1898
1 1899
1 1900
1 1901
1 1902
1 1903
1 1904
1 1905
1 1906
1 1907
1 1908
1 1909
1 1910
1 1911
1 1912
1 1913
1 1914
1 1915
1 1916
1 1917
1 1918
1 1919
1 1920
1 1921
1 1922
1 1923
1 1924
1 1925
1 1926
1 1927
1 1928
1 1929
1 1930
1 1931
1 1932
1 1933
1 1934
1 1935
1 1936
1 1937
1 1938
1 1939
1 1940
1 1941
1 1942
1 1943
1 1944
1 1945
1 1946
1 1947
1 1948
1 1949
1 1950
1 1951
1 1952
1 1953
1 1954
1 1955
1 1956
1 1957
1 1958
1 1959
1 1960
1 1961
1 1962
1 1963
1 1964
1 1965
1 1966
1 1967
1 1968
1 1969
1 1970
1 1971
1 1972
1 1973
1 1974
1 1975
1 1976
1 1977
1 1978
1 1979
1 1980
1 1981
1 1982
1 1983
1 1984
1 1985
1 1986
1 1987
1 1988
1 1989
1 1990
1 1991
1 1992
1 1993
1 1994
1 1995
1 1996
1 1997
1 1998
1 1999
1 2000
1 2001
1 2002
1 2003
1 2004
1 2005
1 2006
1 2007
1 2008
1 2009
1 2010
1 2011
1 2012
1 2013
1 2014
1 2015
1 2016
1 2017
1 2018
1 2019
1 2020
1 2021
1 2022
1 2023
1 2024
1 2025
1 2026
1 2027
1 2028
1 2029
1 2030
1 2031
1 2032
1 2033
1 2034
1 2035
1 2036
1 2037
1 2038
1 2039
1 2040
1 2041
1 2042
1 2043
1 2044
1 2045
1 2046
1 2047
1 2048
1 2049
1 2050
1 2051
1 2052
1 2053
1 2054
1 2055
1 2056
1 2057
1 2058
1 2059
1 2060
1 2061
1 2062
1 2063
1 2064
1 2065
1 2066
1 2067
1 2068
1 2069
1 2070
1 2071
1 2072
1 2073
1 2074
1 2075
1 2076
1 2077
1 2078
1 2079
1 2080
1 2081
1 2082
1 2083
1 2084
1 2085
1 2086
1 2087
1 2088
1 2089
1 2090
1 2091
1 2092
1 2093
1 2094
1 2095
1 2096
1 2097
1 2098
1 2099
1 2100
1 2101
1 2102
1 2103
1 2104
1 2105
1 2106
1 2107
1 2108
1 2109
1 2110
1 2111
1 2112
1 2113
1 2114
1 2115
1 2116
1 2117
1 2118
1 2119
1 2120
1 2121
1 2122
1 2123
1 2124
1 2125
1 2126
1 2127
1 2128
1 2129
1 2130
1 2131
1 2132
1 2133
1 2134
1 2135
1 2136
1 2137
1 2138
1 2139
1 2140
1 2141
1 2142
1 2143
1 2144
1 2145
1 2146
1 2147
1 2148
1 2149
1 2150
1 2151
1 2152
1 2153
1 2154
1 2155
1 2156
1 2157
1 2158
1 2159
1 2160
1 2161
1 2162
1 2163
1 2164
1 2165
1 2166
1 2167
1 2168
1 2169
1 2170
1 2171
1 2172
1 2173
1 2174
1 2175
1 2176
1 2177
1 2178
1 2179
1 2180
1 2181
1 2182
1 2183
1 2184
1 2185
1 2186
1 2187
1 2188
1 2189
1 2190
1 2191
1 2192
1 2193
1 2194
1 2195
1 2196
1 2197
1 2198
1 2199
1 2200
1 2201
1 2202
1 2203
1 2204
1 2205
1 2206
1 2207
1 2208
1 2209
1 2210
1 2211
1 2212
1 2213
1 2214
1 2215
1 2216
1 2217
1 2218
1 2219
1 2220
1 2221
1 2222
1 2223
1 2224
1 2225
1 2226
1 2227
1 2228
1 2229
1 2230
1 2231
1 2232
1 2233
1 2234
1 2235
1 2236
1 2237
1 2238
1 2239
1 2240
1 2241
1 2242
1 2243
1 2244
1 2245
1 2246
1 2247
1 2248
1 2249
1 2250
1 2251
1 2252
1 2253
1 2254
1 2255
1 2256
1 2257
1 2258
1 2259
1 2260
1 2261
1 2262
1 2263
1 2264
1 2265
1 2266
1 2267
1 2268
1 2269
1 2270
1 2271
1 2272
1 2273
1 2274
1 2275
1 2276
1 2277
1 2278
1 2279
1 2280
1 2281
1 2282
1 2283
1 2284
1 2285
1 2286
1 2287
1 2288
1 2289
1 2290
1 2291
1 2292
1 2293
1 2294
1 2295
1 2296
1 2297
1 2298
1 2299
1 2300
1 2301
1 2302
1 2303
1 2304
1 2305
1 2306
1 2307
1 2308
1 2309
1 2310
1 2311
1 2312
1 2313
1 2314
1 2315
1 2316
1 2317
1 2318
1 2319
1 2320
1 2321
1 2322
1 2323
1 2324
1 2325
1 2326
1 2327
1 2328
1 2329
1 2330
1 2331
1 2332
1 2333
1 2334
1 2335
1 2336
1 2337
1 2338
1 2339
1 2340
1 2341
1 2342
1 2343
1 2344
1 2345
1 2346
1 2347
1 2348
1 2349
1 2350
1 2351
1 2352
1 2353
1 2354
1 2355
1 2356
1 2357
1 2358
1 2359
1 2360
1 2361
1 2362
1 2363
1 2364
1 2365
1 2366
1 2367
1 2368
1 2369
1 2370
1 2371
1 2372
1 2373
1 2374
1 2375
1 2376
1 2377
1 2378
1 2379
1 2380
1 2381
1 2382
1 2383
1 2384
1 2385
1 2386
1 2387
1 2388
1 2389
1 2390
1 2391
1 2392
1 2393
1 2394
1 2395
1 2396
1 2397
1 2398
1 2399
1 2400
1 2401
1 2402
1 2403
1 2404
1 2405
1 2406
1 2407
1 2408
1 2409
1 2410
1 2411
1 2412
1 2413
1 2414
1 2415
1 2416
1 2417
1 2418
1 2419
1 2420
1 2421
1 2422
1 2423
1 2424
1 2425
1 2426
1 2427
1 2428
1 2429
1 2430
1 2431
1 2432
1 2433
1 2434
1 2435
1 2436
1 2437
1 2438
1 2439
1 2440
1 2441
1 2442
1 2443
1 2444
1 2445
1 2446
1 2447
1 2448
1 2449
1 2450
1 2451
1 2452
1 2453
1 2454
1 2455
1 2456
1 2457
1 2458
1 2459
1 2460
1 2461
1 2462
1 2463
1 2464
1 2465
1 2466
1 2467
1 2468
1 2469
1 2470
1 2471
1 2472
1 2473
1 2474
1 2475
1 2476
1 2477
1 2478
1 2479
1 2480
1 2481
1 2482
1 2483
1 2484
1 2485
1 2486
1 2487
1 2488
1 2489
1 2490
1 2491
1 2492
1 2493
1 2494
1 2495
1 2496
1 2497
1 2498
1 2499
1 2500
1 2501
1 2502
1 2503
1 2504
1 2505
1 2506
1 2507
1 2508
1 2509
1 2510
1 2511
1 2512
1 2513
1 2514
1 2515
1 2516
1 2517
1 2518
1 2519
1 2520
1 2521
1 2522
1 2523
1 2524
1 2525
1 2526
1 2527
1 2528
1 2529
1 2530
1 2531
1 2532
1 2533
1 2534
1 2535
1 2536
1 2537
1 2538
1 2539
1 2540
POINT_DATA 2541
SCALARS density float 1
LOOKUP_TABLE default
500
500
500
500
500
500
500
500
500
500
500
500
500
500
500
500
500
500
500
500
500
500
500
500
500
500
500
500
500
500
500
500
500
500
500
500
500
500
500
500
500
500
500
500
500
500
500
500
500
500
500
500
500
500
500
500
500
500
500
500
500
500
500
500
500
500
500
500
500
500
500
500
500
500
500
500
500
500
500
500
500
500
500
500
500
500
500
500
500
500
500
500
500
500
500
500
500
500
500
500
500
500
500
500
500
500
500
500
500
500
500
500
500
500
500
500
500
500
500
500
500
500
500
500
500
500
500
500
500
500
500
500
500
500
500
500
500
500
500
500
500
500
500
500
500
500
500
500
500
500
500
500
500
500
500
500
500
500
500
500
500
500
500
500
500
500
500
500
500
500
500
500
500
500
500
500
500
500
500
500
500
500
500
500
500
500
500
500
500
500
500
500
500
500
500
500
500
500
500
500
500
500
500
500
500
500
500
500
500
500
500
500
500
500
500
500
500
500
500
500
500
500
500
500
500
500
500
500
500
500
500
500
500
500
500
500
500
500
500
500
500
500
500
500
500
500
500
500
500
500
500
500
500
500
500
500
500
500
500
500
500
500
500
500
500
500
500
500
500
500
500
500
500
500
500
500
500
500
500
500
500
500
500
500
500
500
500
500
500
500
500
500
500
500
500
500
500
500
500
500
500
500
500
500
500
500
500
500
500
500
500
500
500
500
500
500
500
500
500
500
500
500
500
500
500
500
500
500
500
500
500
500
500
500
500
500
500
500
500
500
500
500
500
500
500
500
500
500
500
500
500
500
500
500
500
500
500
500
500
500
500
500
500
500
500
500
500
500
500
500
500
500
500
500
500
500
500
500
500
500
500
500
500
500
500
500
500
500
500
500
500
500
500
500
500
500
500
500
500
500
500
500
500
500
500
500
500
500
500
500
500
500
500
500
500
500
500
500
500
500
500
500
500
500
500
500
500
500
500
500
500
500
500
500
500
500
500
500
500
500
500
500
500
500
500
500
500
500
500
500
500
500
500
500
500
500
500
500
500
500
500
500
500
500
500
500
500
500
500
500
500
500
500
500
500
500
500
500
500
500
500
500
500
500
500
500
500
500
500
500
500
500
500
500
500
500
500
500
500
500
500
500
500
500
500
500
500
500
500
500
500
500
500
500
500
500
500
500
500
500
500
500
500
500
500
500
500
500
500
500
500
500
500
500
500
500
500
500
500
500
500
500
500
500
500
500
500
500
500
500
500
500
500
500
500
500
500
500
500
500
500
500
500
500
500
500
500
500
500
500
500
500
500
500
500
500
500
500
500
500
500
500
500
500
500
500
500
500
500
500
500
500
500
500
500
500
500
500
500
500
500
500
500
500
500
500
500
500
500
500
500
500
500
500
500
500
500
500
500
500
500
500
500
500
500
500
500
500
500
500
500
500
500
500
500
500
500
500
500
500
500
500
500
500
500
500
500
500
500
500
500
500
500
500
500
500
500
500
500
500
500
500
500
500
500
500
500
500
500
500
500
500
500
500
500
500
500
500
500
500
500
500
500
500
500
500
500
500
500
500
500
500
500
500
500
500
500
500
500
500
500
500
500
500
500
500
500
500
500
500
500
500
500
500
500
500
500
500
500
500
500
500
500
500
500
500
500
500
500
500
500
500
500
500
500
500
500
500
500
500
500
500
500
500
500
500
500
500
500
500
500
500
500
500
500
500
500
500
500
500
500
500
500
500
500
500
500
500
500
500
500
500
500
500
500
500
500
500
500
500
500
500
500
500
500
500
500
500
500
500
500
500
500
500
500
500
500
500
500
500
500
500
500
500
500
500
500
500
500
500
500
500
500
500
500
500
500
500
500
500
500
500
500
500
500
500
500
500
500
500
500
500
500
500
500
500
500
500
500
500
500
500
500
500
500
500
500
500
500
500
500
500
500
500
500
500
500
500
500
500
500
500
500
500
500
500
500
500
500
500
500
500
500
500
500
500
500
500
500
500
500
500
500
500
500
500
500
500
500
500
500
500
500
500
500
500
500
500
500
500
500
500
500
500
500
500
500
500
500
500
500
500
500
500
500
500
500
500
500
500
500
500
500
500
500
500
500
500
500
500
500
500
500
500
500
500
500
500
500
500
500
500
500
500
500
500
500
500
500
500
500
500
500
500
500
500
500
500
500
500
500
500
500
500
500
500
500
500
500
500
500
500
500
500
500
500
500
500
500
500
500
500
500
500
500
500
500
500
500
500
500
500
500
500
500
500
500
500
500
500
500
500
500
500
500
500
500
500
500
500
500
500
500
500
500
500
500
500
500
500
500
500
500
500
500
500
500
500
500
500
500
500
500
500
500
500
500
500
500
500
500
500
500
500
500
500
500
500
500
500
500
500
500
500
500
500
500
500
500
500
500
500
500
500
500
500
500
500
500
500
500
500
500
500
500
500
500
500
500
500
500
500
500
500
500
500
500
500
500
500
500
500
500
500
500
500
500
500
500
500
500
500
500
500
500
500
500
500
500
500
500
500
500
500
500
500
500
500
500
500
500
500
500
500
500
500
500
500
500
500
500
500
500
500
500
500
500
500
500
500
500
500
500
500
500
500
500
500
500
500
500
500
500
500
500
500
500
500
500
500
500
500
500
500
500
500
500
500
500
500
500
500
500
500
500
500
500
500
500
500
500
500
500
500
500
500
500
500
500
500
500
500
500
500
500
500
500
500
500
500
500
500
500
500
500
500
500
500
500
500
500
500
500
500
500
500
500
500
500
500
500
500
500
500
500
500
500
500
500
500
500
500
500
500
500
500
500
500
500
500
500
500
500
500
500
500
500
500
500
500
500
500
500
500
500
500
500
500
500
500
500
500
500
500
500
500
500
500
500
500
500
500
500
500
500
500
500
500
500
500
500
500
500
500
500
500
500
500
500
500
500
500
500
500
500
500
500
500
500
500
500
500
500
500
500
500
500
500
500
500
500
500
500
500
500
500
500
500
500
500
500
500
500
500
500
500
500
500
500
500
500
500
500
500
500
500
500
500
500
500
500
500
500
500
500
500
500
500
500
500
500
500
500
500
500
500
500
500
500
500
500
500
500
500
500
500
500
500
500
500
500
500
500
500
500
500
500
500
500
500
500
500
500
500
500
500
500
500
500
500
500
500
500
500
500
500
500
500
500
500
500
500
500
500
500
500
500
500
500
500
500
500
500
500
500
500
500
500
500
500
500
500
500
500
500
500
500
500
500
500
500
500
500
500
500
500
500
500
500
500
500
500
500
500
500
500
500
500
500
500
500
500
500
500
500
500
500
500
500
500
500
500
500
500
500
500
500
500
500
500
500
500
500
500
500
500
500
500
500
500
500
500
500
500
500
500
500
500
500
500
500
500
500
500
500
500
500
500
500
500
500
500
500
500
500
500
500
500
500
500
500
500
500
500
500
500
500
500
500
500
500
500
500
500
500
500
500
500
500
500
500
500
500
500
500
500
500
500
500
500
500
500
500
500
500
500
500
500
500
500
500
500
500
500
500
500
500
500
500
500
500
500
500
500
500
500
500
500
500
500
500
500
500
500
500
500
500
500
500
500
500
500
500
500
500
500
500
500
500
500
500
500
500
500
500
500
500
500
500
500
500
500
500
500
500
500
500
500
500
500
500
500
500
500
500
500
500
500
500
500
500
500
500
500
500
500
500
500
500
500
500
500
500
500
500
500
500
500
500
500
500
500
500
500
500
500
500
500
500
500
500
500
500
500
500
500
500
500
500
500
500
500
500
500
500
500
500
500
500
500
500
500
500
500
500
500
500
500
500
500
500
500
500
500
500
500
500
500
500
500
500
500
500
500
500
500
500
500
500
500
500
500
500
500
500
500
500
500
500
500
500
500
500
500
500
500
500
500
500
500
500
500
500
500
500
500
500
500
500
500
500
500
500
500
500
500
500
500
500
500
500
500
500
500
500
500
500
500
500
500
500
500
500
500
500
500
500
500
500
500
500
500
500
500
500
500
500
500
500
500
500
500
500
500
500
500
500
500
500
500
500
500
500
500
500
500
500
500
500
500
500
500
500
500
500
500
500
500
500
500
500
500
500
500
500
500
500
500
500
500
500
500
500
500
500
500
500
500
500
500
500
500
500
500
500
500
500
500
500
500
500
500
500
500
500
500
500
500
500
500
500
500
500
500
500
500
500
500
500
500
500
500
500
500
500
500
500
500
500
500
500
500
500
500
500
500
500
500
500
500
500
500
500
500
500
500
500
500
500
500
500
500
500
500
500
500
500
500
500
500
500
500
500
500
500
500
500
500
500
500
500
500
500
500
500
500
500
500
500
500
500
500
500
500
500
500
500
500
500
500
500
500
500
500
500
500
500
500
500
500
500
500
500
500
500
500
500
500
500
500
500
500
500
500
500
500
500
500
500
500
500
500
500
500
500
500
500
500
500
500
500
500
500
500
500
500
500
500
500
500
500
500
500
500
500
500
500
500
500
500
500
500
500
500
500
500
500
500
500
500
500
500
500
500
500
500
500
500
500
500
500
500
500
500
500
500
500
500
500
500
500
500
500
500
500
500
500
500
500
500
500
500
500
500
500
500
500
500
500
500
500
500
500
500
500
500
500
500
500
500
500
500
500
500
500
500
500
500
500
500
500
500
500
500
500
500
500
500
500
500
500
500
500
500
500
500
500
500
500
500
500
500
500
500
500
500
500
500
500
500
500
500
500
500
500
500
500
500
500
500
500
500
500
500
500
500
500
500
500
500
500
500
500
500
500
500
500
500
500
500
500
500
500
500
500
500
500
500
500
500
500
500
500
500
500
500
500
500
500
500
500
500
500
500
500
500
500
500
500
500
500
500
500
500
500
500
500
500
500
500
500
500
500
500
500
500
500
500
500
500
500
500
500
500
500
500
500
500
500
500
500
500
500
500
500
500
500
500
500
500
500
500
500
500
500
500
500
500
500
500
500
500
500
500
500
500
500
500
500
500
500
500
500
500
500
500
500
500
500
500
500
500
500
500
500
500
500
500
500
500
500
500
500
500
500
500
500
500
500
500
500
500
500
500
500
500
500
500
500
500
500
500
500
500
500
500
500
500
500
500
500
500
500
500
500
500
500
500
500
500
500
500
500
500
500
500
500
500
500
500
500
500
500
500
500
500
500
500
500
500
500
500
500
500
500
500
500
500
500
500
500
500
500
500
500
500
500
500
500
500
500
500
500
500
500
500
500
500
500
500
500
500
500
500
500
500
500
500
500
500
500
500
500
500
500
500
500
500
500
500
500
500
500
500
500
500
500
500
500
500
500
500
500
500
500
500
500
500
500
500
500
500
500
500
500
500
500
500
500
500
500
500
500
500
500
500
500
500
500
500
500
500
500
500
500
500
500
500
500
500
500
500
500
500
500
500
500
500
500
500
500
500
500
500
500
500
500
500
500
500
500
500
500
500
500
500
500
500
500
500
500
500
500
500
500
500
500
500
500
500
500
500
500
500
500
500
500
500
500
500
500
500
500
500
500
500
500
500
500
500
500
500
500
500
500
500
500
500
500
500
500
500
500
500
500
500
500
500
500
500
500
500
500
500
500
500
500
500
500
500
500
500
500
500
500
500
500
500
500
500
500
500
500
500
500
500
500
500
500
500
500
500
500
500
500
500
500
500
500
500
500
500
500
500
500
500
500
500
500
500
500
500
500
500
500
500
500
500
500
500
500
500
500
500
500
500
500
500
500
500
500
500
500
500
500
500
500
500
500
500
500
SCALARS pressure float 1
LOOKUP_TABLE default
0
0
0
0
0
0
0
0
0
0
0
0
0
0
0
0
0
0
0
0
0
0
0
0
0
0
0
0
0
0
0
0
0
0
0
0
0
0
0
0
0
0
0
0
0
0
0
0
0
0
0
0
0
0
0
0
0
0
0
0
0
0
0
0
0
0
0
0
0
0
0
0
0
0
0
0
0
0
0
0
0
0
0
0
0
0
0
0
0
0
0
0
0
0
0
0
0
0
0
0
0
0
0
0
0
0
0
0
0
0
0
0
0
0
0
0
0
0
0
0
0
0
0
0
0
0
0
0
0
0
0
0
0
0
0
0
0
0
0
0
0
0
0
0
0
0
0
0
0
0
0
0
0
0
0
0
0
0
0
0
0
0
0
0
0
0
0
0
0
0
0
0
0
0
0
0
0
0
0
0
0
0
0
0
0
0
0
0
0
0
0
0
0
0
0
0
0
0
0
0
0
0
0
0
0
0
0
0
0
0
0
0
0
0
0
0
0
0
0
0
0
0
0
0
0
0
0
0
0
0
0
0
0
0
0
0
0
0
0
0
0
0
0
0
0
0
0
0
0
0
0
0
0
0
0
0
0
0
0
0
0
0
0
0
0
0
0
0
0
0
0
0
0
0
0
0
0
0
0
0
0
0
0
0
0
0
0
0
0
0
0
0
0
0
0
0
0
0
0
0
0
0
0
0
0
0
0
0
0
0
0
0
0
0
0
0
0
0
0
0
0
0
0
0
0
0
0
0
0
0
0
0
0
0
0
0
0
0
0
0
0
0
0
0
0
0
0
0
0
0
0
0
0
0
0
0
0
0
0
0
0
0
0
0
0
0
0
0
0
0
0
0
0
0
0
0
0
0
0
0
0
0
0
0
0
0
0
0
0
0
0
0
0
0
0
0
0
0
0
0
0
0
0
0
0
0
0
0
0
0
0
0
0
0
0
0
0
0
0
0
0
0
0
0
0
0
0
0
0
0
0
0
0
0
0
0
0
0
0
0
0
0
0
0
0
0
0
0
0
0
0
0
0
0
0
0
0
0
0
0
0
0
0
0
0
0
0
0
0
0
0
0
0
0
0
0
0
0
0
0
0
0
0
0
0
0
0
0
0
0
0
0
0
0
0
0
0
0
0
0
0
0
0
0
0
0
0
0
0
0
0
0
0
0
0
0
0
0
0
0
0
0
0
0
0
0
0
0
0
0
0
0
0
0
0
0
0
0
0
0
0
0
0
0
0
0
0
0
0
0
0
0
0
0
0
0
0
0
0
0
0
0
0
0
0
0
0
0
0
0
0
0
0
0
0
0
0
0
0
0
0
0
0
0
0
0
0
0
0
0
0
0
0
0
0
0
0
0
0
0
0
0
0
0
0
0
0
0
0
0
0
0
0
0
0
0
0
0
0
0
0
0
0
0
0
0
0
0
0
0
0
0
0
0
0
0
0
0
0
0
0
0
0
0
0
0
0
0
0
0
0
0
0
0
0
0
0
0
0
0
0
0
0
0
0
0
0
0
0
0
0
0
0
0
0
0
0
0
0
0
0
0
0
0
0
0
0
0
0
0
0
0
0
0
0
0
0
0
0
0
0
0
0
0
0
0
0
0
0
0
0
0
0
0
0
0
0
0
0
0
0
0
0
0
0
0
0
0
0
0
0
0
0
0
0
0
0
0
0
0
0
0
0
0
0
0
0
0
0
0
0
0
0
0
0
0
0
0
0
0
0
0
0
0
0
0
0
0
0
0
0
0
0
0
0
0
0
0
0
0
0
0
0
0
0
0
0
0
0
0
0
0
0
0
0
0
0
0
0
0
0
0
0
0
0
0
0
0
0
0
0
0
0
0
0
0
0
0
0
0
0
0
0
0
0
0
0
0
0
0
0
0
0
0
0
0
0
0
0
0
0
0
0
0
0
0
0
0
0
0
0
0
0
0
0
0
0
0
0
0
0
0
0
0
0
0
0
0
0
0
0
0
0
0
0
0
0
0
0
0
0
0
0
0
0
0
0
0
0
0
0
0
0
0
0
0
0
0
0
0
0
0
0
0
0
0
0
0
0
0
0
0
0
0
0
0
0
0
0
0
0
0
0
0
0
0
0
0
0
0
0
0
0
0
0
0
0
0
0
0
0
0
0
0
0
0
0
0
0
0
0
0
0
0
0
0
0
0
0
0
0
0
0
0
0
0
0
0
0
0
0
0
0
0
0
0
0
0
0
0
0
0
0
0
0
0
0
0
0
0
0
0
0
0
0
0
0
0
0
0
0
0
0
0
0
0
0
0
0
0
0
0
0
0
0
0
0
0
0
0
0
0
0
0
0
0
0
0
0
0
0
0
0
0
0
0
0
0
0
0
0
0
0
0
0
0
0
0
0
0
0
0
0
0
0
0
0
0
0
0
0
0
0
0
0
0
0
0
0
0
0
0
0
0
0
0
0
0
0
0
0
0
0
0
0
0
0
0
0
0
0
0
0
0
0
0
0
0
0
0
0
0
0
0
0
0
0
0
0
0
0
0
0
0
0
0
0
0
0
0
0
0
0
0
0
0
0
0
0
0
0
0
0
0
0
0
0
0
0
0
0
0
0
0
0
0
0
0
0
0
0
0
0
0
0
0
0
0
0
0
0
0
0
0
0
0
0
0
0
0
0
0
0
0
0
0
0
0
0
0
0
0
0
0
0
0
0
0
0
0
0
0
0
0
0
0
0
0
0
0
0
0
0
0
0
0
0
0
0
0
0
0
0
0
0
0
0
0
0
0
0
0
0
0
0
0
0
0
0
0
0
0
0
0
0
0
0
0
0
0
0
0
0
0
0
0
0
0
0
0
0
0
0
0
0
0
0
0
0
0
0
0
0
0
0
0
0
0
0
0
0
0
0
0
0
0
0
0
0
0
0
0
0
0
0
0
0
0
0
0
0
0
0
0
0
0
0
0
0
0
0
0
0
0
0
0
0
0
0
0
0
0
0
0
0
0
0
0
0
0
0
0
0
0
0
0
0
0
0
0
0
0
0
0
0
0
0
0
0
0
0
0
0
0
0
0
0
0
0
0
0
0
0
0
0
0
0
0
0
0
0
0
0
0
0
0
0
0
0
0
0
0
0
0
0
0
0
0
0
0
0
0
0
0
0
0
0
0
0
0
0
0
0
0
0
0
0
0
0
0
0
0
0
0
0
0
0
0
0
0
0
0
0
0
0
0
0
0
0
0
0
0
0
0
0
0
0
0
0
0
0
0
0
0
0
0
0
0
0
0
0
0
0
0
0
0
0
0
0
0
0
0
0
0
0
0
0
0
0
0
0
0
0
0
0
0
0
0
0
0
0
0
0
0
0
0
0
0
0
0
0
0
0
0
0
0
0
0
0
0
0
0
0
0
0
0
0
0
0
0
0
0
0
0
0
0
0
0
0
0
0
0
0
0
0
0
0
0
0
0
0
0
0
0
0
0
0
0
0
0
0
0
0
0
0
0
0
0
0
0
0
0
0
0
0
0
0
0
0
0
0
0
0
0
0
0
0
0
0
0
0
0
0
0
0
0
0
0
0
0
0
0
0
0
0
0
0
0
0
0
0
0
0
0
0
0
0
0
0
0
0
0
0
0
0
0
0
0
0
0
0
0
0
0
0
0
0
0
0
0
0
0
0
0
0
0
0
0
0
0
0
0
0
0
0
0
0
0
0
0
0
0
0
0
0
0
0
0
0
0
0
0
0
0
0
0
0
0
0
0
0
0
0
0
0
0
0
0
0
0
0
0
0
0
0
0
0
0
0
0
0
0
0
0
0
0
0
0
0
0
0
0
0
0
0
0
0
0
0
0
0
0
0
0
0
0
0
0
0
0
0
0
0
0
0
0
0
0
0
0
0
0
0
0
0
0
0
0
0
0
0
0
0
0
0
0
0
0
0
0
0
0
0
0
0
0
0
0
0
0
0
0
0
0
0
0
0
0
0
0
0
0
0
0
0
0
0
0
0
0
0
0
0
0
0
0
0
0
0
0
0
0
0
0
0
0
0
0
0
0
0
0
0
0
0
0
0
0
0
0
0
0
0
0
0
0
0
0
0
0
0
0
0
0
0
0
0
0
0
0
0
0
0
0
0
0
0
0
0
0
0
0
0
0
0
0
0
0
0
0
0
0
0
0
0
0
0
0
0
0
0
0
0
0
0
0
0
0
0
0
0
0
0
0
0
0
0
0
0
0
0
0
0
0
0
0
0
0
0
0
0
0
0
0
0
0
0
0
0
0
0
0
0
0
0
0
0
0
0
0
0
0
0
0
0
0
0
0
0
0
0
0
0
0
0
0
0
0
0
0
0
0
0
0
0
0
0
0
0
0
0
0
0
0
0
0
0
0
0
0
0
0
0
0
0
0
0
0
0
0
0
0
0
0
0
0
0
0
0
0
0
0
0
0
0
0
0
0
0
0
0
0
0
0
0
0
0
0
0
0
0
0
0
0
0
0
0
0
0
0
0
0
0
0
0
0
0
0
0
0
0
0
0
0
0
0
0
0
0
0
0
0
0
0
0
0
0
0
0
0
0
0
0
0
0
0
0
0
0
0
0
0
0
0
0
0
0
0
0
0
0
0
0
0
0
0
0
0
0
0
0
0
0
0
0
0
0
0
0
0
0
0
0
0
0
0
0
0
0
0
0
0
0
0
0
0
0
0
0
0
0
0
0
0
0
0
0
0
0
0
0
0
0
0
0
0
0
0
0
0
0
0
0
0
0
0
0
0
0
0
0
0
0
0
0
0
0
0
0
0
0
0
0
0
0
0
0
0
0
0
0
0
0
0
0
0
0
0
0
0
0
0
0
0
0
0
0
0
0
0
0
0
0
0
0
0
0
0
0
0
0
0
0
0
0
0
0
0
0
0
0
0
0
0
0
0
0
0
0
0
0
0
0
0
0
0
0
0
0
0
0
0
0
0
0
0
0
0
0
0
0
0
0
0
0
0
0
0
0
0
0
0
0
0
0
0
0
0
0
0
0
0
0
0
0
0
0
0
0
0
0
0
0
0
0
0
0
0
0
0
0
0
0
0
0
0
0
0
0
0
0
0
0
0
0
0
0
0
0
0
0
0
0
0
0
0
0
0
0
0
0
0
0
0
0
0
0
0
0
0
0
0
0
0
0
0
0
0
0
0
0
0
0
0
0
0
0
0
0
0
0
0
0
0
0
0
0
0
0
0
0
0
0
0
0
0
0
0
0
0
0
0
0
0
0
0
0
0
0
0
0
0
0
0
0
0
0
0
0
0
0
0
0
0
0
0
0
0
0
0
0
0
0
0
0
0
0
0
0
0
0
0
0
0
0
0
0
0
0
0
0
0
0
0
0
0
0
0
0
0
0
0
0
0
0
0
0
0
0
0
0
0
0
0
0
0
0
0
0
0
0
0
0
0
0
0
0
0
0
0
0
0
0
0
0
0
0
0
0
0
0
0
0
0
0
0
0
0
0
0
0
0
0
0
0
0
0
0
0
0
0
0
0
0
0
0
0
0
0
0
0
0
0
0
0
0
0
0
0
0
0
0
0
0
0
0
0
0
0
0
0
0
0
0
0
0
0
0
0
0
0
0
0
0
0
0
0
0
0
0
0
0
0
0
0
0
0
0
0
0
0
0
0
0
0
0
0
0
0
0
0
0
0
0
0
0
0
0
0
0
0
0
0
0
0
0
0
0
0
0
0
0
0
0
0
0
0
0
0
0
0
0
0
0
0
0
0
0
0
0
0
SCALARS speed float 1
LOOKUP_TABLE default
6.43919e-34
1.43011e-32
33.6694
7.13799e-11
3.52143e-25
37.4719
24.4722
76.4116
5.94504e-05
7.88744
3.5575e-24
62.4877
51.7202
1.70648e-24
7.16111e-09
1.37755e-34
8.31368e-06
8.04838e-17
79.1591
54.3137
2.01759e-26
20.8893
45.3192
41.9222
28.2429
19.3008
1.34069e-10
33.9905
35.3561
71.5049
31.4239
58.6003
32.8459
1.93355e-12
1.83293e-31
8.93246e-11
25.925
18.7852
2.08058
2.04348e-27
9.89407
1.54769e-14
99.186
1.35594e-23
46.826
7.74337e-37
1.62089e-15
1.47848e-35
9.88741e-34
9.78866e-22
9.02301e-24
19.826
70.2213
33.4265
6.88127e-31
3.93694e-23
41.9194
28.2431
3.31463e-18
14.1231
1.24224e-22
1.03493e-13
1.46263e-18
20.9845
49.1203
6.20047
1.0791e-17
1.41337e-35
2.09217e-28
1.38773e-32
1.0548e-30
41.6737
8.59388e-34
2.64805e-06
33.2687
53.7901
9.69976
5.18139e-07
87.881
5.56694e-07
0.088807
4.16198e-19
3.1307e-32
1.21366e-32
1.83687e-12
4.41863e-29
65.9875
2.05464e-32
3.67366e-21
41.9222
28.2349
22.9419
66.8745
1.86242e-35
16.6069
1.26387e-26
9.0779e-23
30.1557
19.0746
2.29884e-15
55.4431
3.90738e-28
26.1331
5.14707e-34
29.2904
1.41569e-26
49.8278
65.9316
19.8615
34.97
2.28588e-19
4.83118e-33
33.6744
8.80033e-20
35.3293
42.3386
18.6528
0.101904
81.8667
1.81842e-32
2.60493e-30
1.16956e-35
3.85022e-22
3.73773e-22
4.39883e-35
47.9661
8.85021e-21
13.129
5.33799e-18
3.68123e-29
24.9515
1.57605e-27
3.38279e-20
41.9178
27.9452
14.3936
25.2458
4.2677e-32
16.108
40.5184
20.7344
61.9378
23.8457
12.4254
33.7168
13.2286
28.8094
3.60218
24.0171
2.04622e-24
67.7254
3.99735e-21
62.9043
9.88959e-12
34.1998
31.6252
2.0219e-20
17.9208
4.41166e-35
27.8697
2.154e-21
1.24715e-32
41.8916
45.5142
34.8741
47.1779
29.7213
26.2027
11.9896
175.391
3.67733e-18
5.75251e-09
19.3685
4.9989e-30
7.47257e-35
30.6176
12.4266
33.7394
13.2481
7.23652e-27
11.2388
10.4674
9.38886
63.8948
2.47992e-27
23.928
30.7425
3.0123e-08
22.9184
17.6197
13.2017
5.02213
20.986
5.28796
8.28021e-35
6.77667e-29
1.11673e-19
13.0681
42.4901
29.901
8.41622
35.3083
3.06209e-25
44.3149
45.244
28.3181
1.77623e-26
54.9459
2.56014e-17
12.4255
33.7168
13.2289
33.9073
3.82221e-25
24.1047
1.92599e-15
28.8521
8.6566
28.4414
7.14379e-35
1.97966e-31
43.1481
28.3176
1.90434e-05
8.894
31.2534
1.30232e-27
31.7759
36.8226
8.00516e-34
75.9783
1.21741e-18
115.816
5.03615e-33
42.9777
38.9897
2.45626e-11
70.8091
63.1318
1.61129e-34
2.45478e-27
3.36479e-07
21.8638
1.78162e-33
118.656
2.70861e-24
31.3457
1.89546e-24
9.31639e-29
49.9297
1.83537e-28
1.63222e-32
3.40678e-19
3.43807e-20
5.82597e-17
1.25743e-33
4.4346e-33
23.9449
6.48897e-24
1.27913e-24
5.32637e-06
11.4567
2.40795e-25
31.9592
32.5666
29.3802
2.02393e-20
62.6028
1.7226e-34
47.1638
83.8422
63.773
6.63211e-12
46.6222
49.2512
18.0058
191.657
5.87693e-33
2.71489e-34
7.05583e-33
2.3866e-25
41.8755
1.44136e-28
1.92017e-32
25.5992
1.78699e-31
38.2871
74.2772
23.5266
2.50663e-24
5.15509e-20
32
39.6124
6.32555e-20
55.5279
2.42289e-29
0.00329576
43.0248
28.5381
2.02405e-20
29.4633
1.94366e-22
36.225
1.25256e-20
1.4112e-13
1.69886e-11
31.0587
8.55851
6.48775e-16
78.8683
86.8085
14.3977
6.32566e-12
19.6467
5.1722e-33
9.90782
8.25114
46.8413
9.65635e-31
16.2524
135.351
1.8396e-32
3.75532e-16
2.99563e-32
24.1461
70.1464
5.22434e-20
62.2982
43.1408
40.5306
41.8544
29.5034
2.02371e-20
308.336
89.9656
28.3674
19.4429
1.63404e-31
7.19703e-30
9.00861e-29
35.4449
2.22047e-11
7.30747e-21
8.99234e-35
112.535
36.5668
1.65691e-11
100.134
1.27975e-19
5.94978e-33
40.9825
3.59021e-18
1.41753e-21
31.6607
27.2011
3.32051e-19
5.8298e-31
4.18021e-25
71.8485
3.44756
6.73509e-16
57.5623
6.81288e-14
4.52397e-30
7.71059e-26
28.4703
3.848e-21
2.10716e-19
1.02095e-35
1.31062e-22
6.91515e-24
1.29995e-19
4.53752e-35
64.4769
2.98549e-21
7.18659e-35
51.3899
33.5844
1.95134e-19
46.4289
8.43043e-35
20.7769
24.7052
16.5985
3.9355e-24
1.65852e-33
26.589
30.4894
11.5976
1.04676e-22
1.1085e-13
49.0207
25.0594
3.50949e-15
7.10626e-10
3.79504e-08
2.86164e-20
2.0153e-30
26.29
1.18317e-21
1.39972e-18
116.119
7.40126e-35
2.85724e-19
7.05372e-33
4.07313e-31
31.8397
1.98811e-23
36.2875
46.1514
6.61118e-24
3.05339e-34
1.72378e-26
1.68694e-27
1.29189e-33
35.7585
43.9526
7.77689
39.8504
25.5679
24.007
9.48428e-20
8.59606
2.65399e-28
3.04237e-33
38.7696
48.473
56.6078
7.2227e-30
8.83776e-12
4.10692e-36
3.99622e-34
187.602
3.0874e-26
101.375
2.03164e-31
58.4068
35.2501
171.69
4.65161e-27
5.44904e-10
70.3859
28.032
1.59354e-12
3.75216e-24
5.44824e-23
4.66157e-35
1.72455e-20
4.92433e-28
19.8658
5.72485e-21
3.80214e-14
26.3774
29.8851
2.26611e-17
35.4771
50.5204
1.42672e-08
1.49639e-30
1.11019
3.23906e-33
1.81138e-19
4.40722e-27
1.74558e-34
105.065
3.38681e-18
16.2296
28.68
1.5445e-31
2.37035e-32
70.0034
39.8075
1.41505e-06
3.96615e-17
4.09783e-11
40.1647
2.71454e-25
1.93467e-21
19.3262
22.3937
4.47505e-31
23.8986
2.62331e-32
46.59
1.17561e-35
4.64076e-32
5.8412e-26
8.46859e-34
0.120209
29.5478
83.9828
17.6311
6.88208
4.06048e-12
1.2368e-05
4.04461e-31
41.5734
28.2477
7.06686e-30
1.19865e-26
5.6794e-27
69.7041
57.8131
16.4045
1.95747e-17
3.52176e-27
12.4262
33.8194
13.3181
4.46646e-30
18.803
7.59455
10.2565
32.9129
2.63265e-34
6.73541
2.41686e-30
43.1365
27.8944
1.31746e-20
1.01169e-25
2.29259e-09
3.2892e-28
1.66272e-29
31.5823
21.0191
12.4809
3.5254e-17
24.4644
26.4285
26.1304
6.01703e-18
0.69057
8.88395e-34
18.8423
5.33822e-22
53.192
52.9824
1.09787e-14
12.4321
33.8385
13.3351
24.5232
0.00396547
29.8647
9.25754
6.02463
21.3288
55.8902
8.0491
3.50912e-19
25.328
17.0152
19.2446
6.7478e-15
7.10053e-15
7.25849e-19
16.3632
9.13152e-25
8.18308e-16
7.74348
9.2274e-07
26.7306
8.76637
9.37854e-22
15.5445
3.05977e-24
2.14674e-18
2.13309e-29
100.06
30.4222
1.68584e-20
12.4265
33.8194
13.3184
20.5125
10.2042
1.41599e-25
25.7961
5.56524e-12
1.80572e-23
10.1112
27.81
5.78519e-35
42.7423
28.2443
6.85092e-32
6.47624e-26
8.73995
64.9393
8.18014e-33
3.1839e-29
7.73853
32.8364
1.229e-14
3.01505e-34
23.5122
0.478049
2.39046e-30
37.9921
1.07562e-27
48.0191
40.834
2.63029e-23
1.81765e-22
3.63737e-14
1.11075e-34
4.81826e-24
4.10292e-25
1.04317e-30
2.83193e-24
1.61832e-10
27.4286
94.2563
1.27035e-24
56.4581
1.27183e-34
3.72293e-34
6.33975e-35
4.36144e-36
3.64827e-21
1.04249e-24
3.31415e-24
20.9093
9.01781
34.2524
1.14648e-17
4.65169e-08
28.6677
2.0246e-20
1.81686e-31
1.61327e-32
36.1236
21.6309
28.6755
23.665
1.97368e-31
5.77528e-35
8.06989e-11
3.70155e-26
4.75542e-32
79.015
4.69409e-27
48.6179
84.3308
3.54419e-19
7.52726e-20
2.04264e-20
1.86818e-31
8.78161e-34
80.0291
23.7412
1.28106e-34
1.9892e-31
42.8181
41.4967
29.6437
4.89112e-31
5.14537e-17
19.4337
5.09308e-23
27.8555
1.31847e-20
1.03855e-30
29.8498
103.873
11.6963
26.248
9.90049
34.0843
3.61564e-11
4.06213e-34
66.8009
85.3044
56.102
6.85303
31.6892
9.46724e-31
1.11903e-06
2.00988e-11
1.1135e-20
38.0338
1.53508e-33
73.8335
1.20138e-32
5.97962e-35
7.67069e-36
1.26206e-15
63.6512
6.15396e-29
1.27265e-09
3.26432e-17
8.48991e-32
85.727
28.7649
2.02376e-20
8.8157e-26
67.1286
40.8722
6.81001e-17
6.81152e-12
30.6293
6.8464e-15
21.7255
7.32408e-11
3.84141e-22
1.33836e-33
40.0541
3.08411e-19
55.3775
3.55872e-20
7.89894e-28
19.541
39.0837
25.0417
6.82163e-31
1.53455e-34
17.7449
2.04322e-22
8.73151e-25
4.90888e-33
36.4729
26.8996
12.9295
2.5815e-26
1.74566e-35
4.92015e-17
26.6823
28.9585
2.80647e-28
5.36112e-30
95.1525
1.73629e-33
5.31117
2.96001e-19
25.8656
26.973
5.09202e-11
7.17675e-35
49.9263
33.9569
29.7115
4.27489e-34
29.1044
3.58969e-29
1.96928e-28
29.7125
49.5955
6.958e-34
27.1482
0.0999408
9.53573e-17
5.33571e-29
5.69076
34.6847
12.0231
3.91882e-31
18.3891
75.3797
2.61663e-20
5.52802e-26
4.3704e-17
1.06843e-35
4.13023e-17
2.56992e-20
6.64172
3.28188e-28
1.40193e-35
3.97809e-34
2.02914e-34
2.34668e-22
37.1867
17.7003
1.08567e-34
5.35231e-28
79.0875
74.836
55.9246
23.1082
30.782
3.58299e-35
3.90494e-18
26.6957
14.0555
10.9971
8.4472
6.47853e-32
14.5508
20.2361
9.16298e-31
9.68765e-09
20.3796
6.75167e-11
9.52799e-31
23.4359
4.10886e-09
4.2661e-17
23.5838
1.20714e-29
36.2907
4.32724e-23
100.084
7.02897e-26
20.7509
74.4699
1.90431e-32
91.6628
4.4054e-16
65.4814
25.0475
5.35906e-07
19.9304
98.5475
27.1779
8.80354e-19
27.7366
25.3357
1.20156e-18
36.8655
27.9553
13.4019
23.8082
5.45591e-12
4.11642e-11
1.87457e-14
4.93215e-15
2.68227e-34
1.39559e-35
8.6187e-24
1.13463e-09
4.02362e-32
46.6799
64.8916
60.1169
1.28409e-26
27.9793
7.76282e-20
54.0983
9.84434e-29
2.19566e-15
3.60011e-22
17.7227
8.43792e-27
3.74328e-35
8.43607e-35
4.65871e-33
1.16611e-21
6.4594e-36
4.06322e-32
2.15933e-25
8.11828e-34
1.00848
6.76669e-35
50.9338
31.1775
4.00188e-27
37.3059
0.000483347
2.77937e-31
41.5729
28.2483
118.127
196.126
4.97895e-23
3.14673e-12
3.49215e-15
25.8535
39.6464
7.39749e-11
12.4266
33.8203
13.3186
32.8973
20.6086
2.95374e-25
33.5536
78.4925
23.1033
13.4097
23.3263
43.0156
27.8865
1.31821e-20
15.1502
4.36286e-12
2.06095e-32
4.28445e-11
8.1202
48.0423
121.038
1.69713e-29
24.7808
26.4199
26.1302
46.2491
2.13792e-11
2.49487e-34
41.9639
47.762
1.26972e-24
40.095
27.4315
12.433
33.8394
13.3358
11.5413
6.46588e-24
66.2244
7.41972
7.46552
9.39486e-20
34.065
5.75539e-12
8.14811e-18
25.3181
17.0656
2.69718e-20
29.9554
9.1909e-36
1.63185e-33
45.329
7.25917e-33
68.1305
51.0388
0.00215079
26.7249
8.77153
1.24562e-23
15.8527
26.7412
22.4885
5.27678e-35
44.3507
25.1189
4.83673e-18
12.4269
33.8204
13.3188
0.00262002
1.88324e-25
24.2315
39.0354
50.7112
17.1198
27.9053
1.58774e-08
2.18812e-15
42.7415
28.2481
7.93276e-32
19.4885
3.3121e-35
4.9161e-22
8.78918
8.93889e-25
4.12063e-10
4.63281e-24
5.61277e-14
71.44
34.8133
74.5188
3.03796e-32
20.6245
51.9015
48.7348
3.17362e-26
9.24931e-35
6.39414e-34
1.21588e-07
1.04989e-32
7.34639e-33
2.86805e-32
1.37184e-24
1.27527e-34
32.9966
5.57804
7.19081e-14
14.746
3.43375e-16
1.57758e-32
4.46032e-34
3.16362e-33
1.76781e-35
2.47106e-34
33.2517
3.09327e-33
32.0656
10.3598
3.33687e-29
2.68798e-18
4.13252e-24
28.6679
2.02412e-20
5.51088e-34
3.27689e-19
2.09116e-25
26.0683
28.6025
28.1182
53.1713
1.75787e-14
5.07009e-19
4.43759e-31
4.73267e-35
38.3595
34.6346
1.412e-07
4.12822e-27
7.39463e-12
3.16533e-14
6.34901e-34
2.43894e-31
5.55869e-16
82.4987
23.7381
59.3383
1.01778e-35
1.51431e-05
35.6866
4.89643e-24
3.53179e-05
38.7606
59.5045
1.57814e-26
27.858
1.31792e-20
8.6346e-27
28.7196
1.88871e-29
4.02765e-12
19.1866
1.09456e-22
4.06791e-26
1.00988e-30
74.8583
85.4347
85.3141
51.3563
12.0541
0.00822313
12.4007
3.00739e-07
2.77511e-05
3.37138e-14
2.02337e-08
4.83938e-16
72.1392
3.93495e-31
4.28566e-33
2.31581e-19
52.848
1.1854e-10
42.4809
1.40687e-26
2.01689e-32
16.2793
2.58823e-22
28.7648
1.31735e-20
41.8209
16.9775
28.9989
2.85971e-35
48.3957
2.35077e-31
39.5841
7.28579e-35
7.05072e-11
5.99655e-22
1.33585e-33
40.0565
1.29094e-28
16.6363
1.38166e-26
16.2345
3.06126e-33
3.60969e-14
1.96544e-11
109.721
9.77609e-34
50.1247
1.19131e-21
18.5767
64.1882
12.1135
16.1433
26.3361
4.68656e-33
38.8237
3.93828e-24
29.9964
71.1385
7.49402e-30
22.0844
6.84414e-30
9.39987e-13
2.8537e-14
3.95562e-28
13.7676
6.01839
8.11332e-23
7.17667e-35
49.7335
33.2543
1.48933e-10
38.7692
64.3383
25.0787
26.5687
26.3442
1.21155e-30
2.10255e-35
27.1472
1.31668e-20
56.6117
6.27069e-17
22.9527
33.7615
26.3296
7.78552e-35
36.5983
25.3858
9.88123e-27
84.0294
18.3625
8.20257e-36
3.06491e-14
46.8142
4.15357e-11
87.4368
6.51207e-13
67.4381
1.83947e-22
5.65059e-16
37.1814
21.5639
81.7814
6.34993e-23
64.0535
25.6622
31.2897
1.5129e-19
7.31841e-28
3.38898e-33
2.66726e-11
26.696
1.3171e-20
3.21153e-29
25.2406
4.19666e-32
1.63983e-28
24.3303
5.0887e-25
3.68091e-30
2.5416e-30
5.79189e-23
4.97521e-16
20.9596
30.6966
9.54954
30.51
3.38529e-32
1.05204e-17
21.2922
1.76665e-16
3.59579e-24
8.04683e-17
74.7813
2.81184e-32
60.4025
1.00858e-10
49.4158
2.44966e-34
2.06693e-11
3.71817e-07
4.6495e-05
15.0532
5.10475e-16
27.7356
1.31668e-20
9.5921
36.8685
1.00521e-34
2.05991e-33
1.67187e-19
31.7353
1.21116e-26
4.59022e-15
25.3784
2.68225e-34
6.47418e-35
2.59586e-34
25.6557
1.10708e-10
67.3707
1.25345e-26
15.021
27.0212
39.9258
6.13585e-32
1.73536e-32
30.0211
33.2315
2.30227e-23
0.00116814
50.6778
1.38305e-19
1.41655e-20
6.80384e-31
19.1145
4.47335e-35
6.20696e-35
3.41037e-24
2.59993e-34
2.37218
4.77347e-27
4.04339e-31
31.6607
4.75431
30.1042
2.78148e-19
8.54876e-12
41.5729
28.2484
7.49459e-32
30.3805
1.94091e-20
53.4826
18.5972
12.9408
26.8362
27.3106
12.4268
33.8203
13.319
10.6941
23.1723
9.18584
0.566383
20.8038
18.2944
10.4797
1.09951e-23
43.0373
27.8875
4.42891e-20
1.28406e-14
1.31176e-11
1.4252e-23
2.6945e-13
2.71707e-30
9.14425
4.95491e-32
8.45593e-25
2.18886e-28
26.4197
26.1301
1.21182e-23
9.30404e-07
101.616
2.11788e-32
53.0513
2.31418e-24
62.7368
1.37858e-12
12.4326
33.8396
13.3356
34.9585
9.50161
1.13615e-24
7.58125
7.33869
66.5342
33.5821
4.57636e-12
2.08703e-21
25.3177
17.0655
1.34834e-07
13.6948
1.32292e-31
1.28093e-33
17.2276
6.50937e-11
8.13627e-17
17.2067
2.99391e-11
26.7264
8.7737
6.55079e-31
18.818
49.2551
3.78994e-27
9.99694e-34
1.81819e-29
18.6649
40.0368
12.4266
33.8208
13.3186
10.1331
1.64122e-25
61.6194
72.9558
1.53514e-32
3.89978e-28
5.04639e-16
1.24872e-17
3.94998e-31
42.7419
28.2486
7.90773e-32
1.12228e-21
4.67462e-05
36.3245
1.02027e-27
2.34473e-23
3.10729e-34
21.9202
3.07568e-14
5.70902e-36
1.25411e-33
45.2337
8.13663e-29
9.46002e-33
60.9683
24.707
52.4967
3.78563e-22
63.984
1.55383e-26
53.0227
6.44989
63.2564
80.7787
58.6844
90.9324
36.2286
17.41
4.46973e-17
3.58665e-17
1.57425e-32
3.77118e-34
6.22651e-35
1.76955e-13
7.96502e-33
4.74293e-26
7.33862e-24
26.0609
12.0223
1.14808e-16
45.2624
49.2621
28.6668
1.31746e-20
18.5336
1.48503e-27
17.9518
27.8374
2.35163e-05
18.9466
2.63674e-20
1.29402e-26
6.3365e-30
3.75262e-29
1.67446e-36
47.9549
0.00148358
5.22431e-33
114.622
1.07561e-19
4.48028e-24
59.8924
6.39856e-31
37.8364
82.3927
23.0656
60.1194
4.10165e-17
56.8787
40.5848
36.568
4.05844e-32
3.55605e-06
9.63897
44.3295
27.8532
1.31734e-20
36.0182
40.5849
59.3438
26.9293
26.3756
3.6232e-31
5.65916e-34
87.7961
1.72548e-14
5.83435e-17
3.41426e-20
49.7182
72.3847
17.682
25.2479
75.0353
12.6047
2.48309e-35
100.355
69.2243
78.0265
1.28428e-08
9.69389e-17
6.93727e-32
29.2204
20.5361
51.8325
81.0881
49.1544
51.704
6.45949e-17
28.7636
1.31667e-20
9.39417e-16
38.1691
9.70644
2.94066e-21
87.6724
37.5434
44.2776
106.244
2.08435e-27
9.02867e-23
2.08468e-33
40.0441
9.74861
61.0896
41.4605
2.93256e-34
48.133
14.5153
38.6799
2.15497e-32
4.45083e-34
43.4476
8.14054e-11
1.83399e-18
4.4835e-28
4.40257e-32
4.42392
1.503e-30
25.4435
158.403
1.05572e-15
42.6709
21.4107
2.41257e-28
69.7359
3.50501e-33
24.1507
34.4748
25.414
3.70621e-31
21.8353
1.06379e-21
7.17657e-35
49.7347
33.9713
28.2369
10.9328
1.80696e-35
4.2924e-32
7.93003e-20
50.5817
5.36116e-21
0.102053
27.1484
1.31735e-20
59.3954
1.5562e-30
1.43632e-34
40.0035
3.60222e-15
32.2246
95.5745
10.2562
2.6452e-20
84.0672
23.842
1.15631e-33
1.16502e-23
54.8039
1.55425e-27
4.17228e-26
0.00572596
5.54673e-35
6.13983e-21
3.79528e-21
34.9993
21.7775
45.2258
1.92122e-29
1.86203e-09
5.33655e-20
80.6456
33.5902
43.1144
28.5078
3.30614e-31
26.7005
30.068
5.94358e-21
2.0445e-22
1.74649e-32
6.48771e-21
24.5713
15.5698
37.0105
38.1407
4.91507e-21
3.86823e-20
20.862
5.04757e-34
4.48182e-05
1.50594e-30
23.6694
18.6971
2.29845e-15
95.5175
12.5018
2.17239e-24
75.0002
2.81376e-32
52.8966
50.1744
3.95431e-10
1.21544e-16
2.43756e-28
6.80443e-32
3.73516e-15
2.50033e-07
2.13941e-07
27.7369
1.31736e-20
11.072
36.8939
7.13361e-31
2.14152e-19
71.9017
17.4898
0.00110816
53.5491
8.70767e-15
2.68222e-34
5.13156e-36
3.8689e-11
1.26479e-15
2.33272e-19
70.9972
14.6039
20.4502
20.4065
23.1631
9.95563e-11
54.1583
9.95536
1.35573e-28
0.00011266
2.35111e-21
92.1021
9.34871
1.76736e-19
2.03497e-27
7.70916e-29
2.40129e-34
2.61851e-35
3.20776e-20
3.09616e-35
2.3724
3.05353e-30
37.1684
35.1209
1.02508e-16
27.6355
10.9852
3.44673e-21
41.5729
28.2482
30.8129
2.05914e-32
9.48179e-23
56.5846
1.30757e-16
5.09919e-24
37.2764
13.7797
12.4268
33.8203
13.3192
5.9713
10.8297
33.7514
11.1124
2.15275e-13
53.153
13.1139
21.6296
43.1207
27.8853
1.73073e-18
7.65658e-33
6.96777e-12
6.23538e-21
25.1269
30.2643
1.28447e-19
13.9064
1.29692e-25
3.70298e-28
26.4194
26.1302
22.332
2.34466e-05
103.025
18.8114
24.6175
0.2868
48.1652
28.2922
12.4326
33.8395
13.3356
1.06488e-24
5.72281
7.75874e-34
7.62364
7.59722
4.33295e-23
41.1669
13.9318
5.44849e-30
25.3171
17.0654
3.51844e-24
1.68204e-16
9.85343e-35
53.9054
2.34733e-31
9.0576e-15
4.20748
63.4445
3.23201e-29
26.7237
8.78352
4.38332e-24
1.50241e-26
1.86075e-33
34.6796
26.5022
9.1535e-30
20.3983
5.66301
12.4268
33.8206
13.3188
35.6501
104.779
34.9023
2.00156e-17
18.1721
32.2334
3.92017e-21
75.9888
2.22298e-19
42.7419
28.2485
6.73233e-32
6.70172e-22
21.0515
2.44785e-05
23.4272
2.92769e-25
42.8841
3.92646e-17
9.10173e-18
4.039e-36
1.79584
3.28789e-33
7.66366e-29
69.4087
3.45551e-22
30.5197
9.85457
20.4478
125.973
5.28508e-34
41.0557
1.63269e-06
7.11017e-25
2.04073e-35
5.33986e-33
2.51165e-30
54.2373
3.16219
16.2125
90.4739
1.56395e-32
1.59105e-34
6.57253e-35
1.65642e-28
1.26567e-34
19.2903
9.28603e-13
2.05659e-34
2.96114e-25
5.17131e-30
9.65502e-21
105.508
28.6725
22.641
13.6976
39.2914
72.3919
79.2191
57.7736
36.0266
21.5502
2.43377e-30
2.19185e-08
62.2248
1.61572e-17
68.6114
7.04988e-16
112.789
48.2783
3.7724e-14
1.05975e-19
55.3115
94.0786
2.46616e-24
3.21578e-10
21.493
33.2753
5.43286e-26
29.0417
2.2838e-35
1.0555e-20
3.66061e-23
3.98565e-26
32.9256
41.3505
27.8574
15.1182
38.3034
3.34526e-23
1.06791e-28
6.31387e-28
23.6781
86.1311
3.82981
20.806
57.0293
4.42392e-17
5.98917e-29
52.5222
18.9352
21.4834
3.04276e-30
32.4258
66.054
3.27452e-17
1.22173e-34
64.0408
183.81
1.19662e-32
93.4104
3.40525e-24
4.60483e-35
4.05778e-33
59.4369
16.9851
67.1719
12.1474
8.2398e-34
28.7698
28.1646
51.1343
1.26467e-23
27.5473
53.2758
62.2368
6.63328e-15
24.4216
1.07475e-25
50.8937
3.02181e-26
50.4768
40.3179
0.323203
18.5585
1.61668e-31
4.18021e-10
18.9745
73.6189
9.58614e-28
18.4677
1.97778e-34
1.08952e-26
7.40811e-25
17.8572
1.7952e-10
2.67874e-32
37.4016
4.41415e-34
1.42197e-27
32.2262
2.04048e-25
6.50596e-26
1.47885e-26
3.13771
38.6769
5.09815e-35
1.24931e-35
3.0309e-29
7.01747e-35
18.804
4.24588e-31
4.47385e-25
7.15461e-35
49.753
33.9608
45.7738
13.6674
40.8893
39.2923
48.5745
72.036
24.3621
2.16407e-16
27.1487
2.02405e-20
1.0615e-11
5.40666e-12
3.45462e-27
3.85926e-16
38.9064
49.5715
6.06871e-23
2.81739e-11
1.06553e-32
84.001
23.9652
4.91983e-30
8.01752e-14
6.7187e-26
2.39672
3.92793e-14
56.8047
1.61735e-17
38.3408
2.16424e-31
41.8352
21.7733
9.27635e-31
25.327
0.00314756
2.97116e-33
2.94932e-33
27.243
1.06957e-10
3.05027e-19
0.000285703
26.6996
1.31841e-20
4.3998e-29
52.8769
4.89315e-34
25.286
0.0023901
42.1806
5.8975e-34
0.00208428
5.40533e-07
1.14603e-25
20.8577
65.7207
23.1183
3.80785e-09
2.7938e-23
6.77179e-16
42.4615
15.3513
13.2839
21.981
71.2033
28.4457
5.74977e-31
3.34786e-17
85.4974
93.0677
1.27211e-11
3.34623e-30
31.2029
1.34625e-16
55.8671
27.7378
2.02401e-20
39.9613
38.0648
9.26274e-16
5.70304e-34
1.9782e-13
15.7857
8.66062e-25
18.5438
1.23689e-11
1.74031e-34
3.8799e-34
1.23322e-12
7.99529
6.66073e-28
4.57376e-22
1.0756e-19
1.60049e-33
1.234e-22
22.9901
3.86476e-18
54.9808
24.0045
43.679
37.7651
36.9898
85.8699
49.6414
1.9425e-25
22.4183
67.5532
1.18094e-34
8.21436e-36
1.28925e-16
2.85124e-30
0.0193174
3.74534e-35
2.87193e-17
1.18403e-32
47.4289
3.99111e-07
56.3241
7.99273e-22
41.5734
28.2444
1.49541e-31
5.69471e-32
4.31377e-14
60.3853
5.76921e-09
70.9487
60.3942
0.278188
12.4261
33.8194
13.3179
6.58085
3.5768e-05
13.2932
9.90082
3.48708e-16
2.20949e-30
35.6093
67.7175
43.3661
27.8943
30.8817
0.00177345
3.84371e-08
6.25666e-33
0.0107522
38.1842
28.5377
17.312
42.4377
1.18082e-28
26.4283
26.1388
2.69339e-14
2.81101e-31
39.2976
8.90679e-35
18.4628
124.023
3.71401e-32
6.89676e-34
12.4318
33.8385
13.3346
12.874
12.1201
7.40688
3.04313
8.60424
18.6969
0.00584413
30.7991
1.04401e-16
25.3273
17.0622
5.63637
18.684
8.18868e-14
9.6064e-25
51.5808
4.4831e-32
9.99493e-11
68.1267
36.9693
26.7303
8.61616
3.74811e-24
3.4495e-14
28.3544
5.05779
20.2465
7.52531
12.8747
22.2897
12.4261
33.8196
13.318
2.20635e-25
5.71437e-22
1.1986e-27
13.0831
24.8802
65.4746
31.699
8.77378e-35
23.4862
42.7423
28.2472
6.64129e-32
3.39326e-28
5.30538e-10
2.25402e-24
3.2502e-30
11.4882
315.994
38.168
5.90031e-22
1.08489e-34
1.23519e-33
3.77739e-33
9.67687e-30
31.2138
2.67174e-33
38.4949
33.7251
6.53768e-28
6.22106e-27
6.9716e-21
47.9193
24.9724
1.00141e-20
6.98238e-33
1.20808e-29
107.216
25.8671
25.2639
2.80346e-33
9.84685e-28
1.0098e-32
1.59685e-34
4.30698e-34
3.30045e-33
8.7712
3.88175e-28
9.39734e-36
41.2484
48.3183
6.2014e-26
7.45114
33.4467
40.193
29.8887
18.7373
1.08916e-21
70.3454
7.62644e-34
60.5799
1.69824e-16
1.50013e-11
8.20699
1.00968e-29
86.3823
78.924
46.0478
3.82482e-11
3.71633e-11
29.4769
3.16296e-20
3.56147e-28
3.05134e-14
3.51214e-19
1.45989e-27
9.87501e-35
67.6503
3.87086e-33
9.69249e-28
10.5615
19.628
1.38106e-24
7.22661e-34
36.989
1.20288e-32
1.90419e-18
33.3135
24.9922
32.4784
40.9801
3.89825e-19
5.04001e-32
9.93991e-29
26.6272
39.6263
84.9883
2.65397e-13
70.9475
68.2893
45.6786
1.27756e-30
23.4884
52.2329
0.00075762
9.93149e-25
7.22309e-25
55.67
3.05525e-27
74.2372
36.2569
160.221
3.36688e-16
6.88022e-14
75.8788
49.6137
32.1713
2.76445e-25
5.03053e-28
7.57037e-28
38.6844
30.4192
153.438
4.73744e-24
2.96973e-34
3.98781e-22
1.41343e-28
22.9609
18.6203
56.1036
1.44735e-18
3.75001e-30
2.33591e-34
26.2737
2.86579e-26
29.0143
39.1642
4.8025e-32
68.402
5.16904
5.25844e-33
8.98917e-20
2.24092e-28
30.2726
1.61966e-22
3.18434e-14
15.1797
4.93339e-19
0.0727394
42.9376
8.4829
49.7194
4.45347e-29
1.01682e-24
3.68159e-31
3.19101e-19
1.55252e-24
3.39661e-20
5.04472e-16
1.32774e-27
6.99341e-26
28.8721
0.00748044
3.98827e-24
35.9402
43.5964
17.4478
2.84876e-16
9.20819e-26
102.952
2.19828e-24
38.05
48.1651
35.8026
43.2476
27.8014
2.0237e-20
29.7824
2.8601e-24
2.54826e-12
5.35233e-35
24.8707
41.3648
12.8436
81.4106
2.3346e-07
236.838
6.43974e-17
1.3256e-35
5.21311e-36
3.33942e-32
24.8648
169.267
2.11468e-20
3.98388e-31
7.24258e-11
32.3789
89.9619
24.1413
2.0124e-14
14.7258
3.32974e-24
0.7676
5.17435e-33
2.63909e-21
20.2669
33.503
9.52702e-13
27.3118
2.02404e-20
1.74721e-22
2.86583
4.32418e-20
9.24552e-11
1.9756e-27
3.11288e-31
5.19874e-19
35.0701
16.2297
68.3312
24.3692
6.0998e-28
13.3018
24.788
1.16284e-30
62.5833
0.0166466
42.8339
140.368
5.67118e-17
43.7617
13.5936
63.8488
37.2674
8.22258e-31
8.38647
8.22843e-32
4.38383e-17
62.8734
1.51307e-25
3.72119e-27
28.3985
2.0236e-20
26.3768
39.899
64.5804
25.7989
21.7349
4.92074e-31
23.0337
83.3225
5.90693e-07
2.06969e-19
58.1567
7.03264e-20
1.24771e-30
1.75221e-21
1.27328e-34
3.6137e-20
1.14212e-31
23.8211
0.00234007
83.6763
56.1028
8.0878e-35
9.41399e-24
3.56429e-25
37.5772
52.5684
1.55941e-15
1.50462e-25
1.63456e-12
30.441
2.42727e-35
3.20583e-24
8.58846e-16
3.14104e-17
46.0324
1.70152e-22
13.0406
3.97818e-33
9.16161e-33
4.59166
2.23651e-19
1.48937e-21
41.9174
28.3178
2.51354e-24
1.22356e-32
1.0757e-34
5.04195e-30
3.79973e-28
22.7199
2.55435e-29
3.85675e-27
12.4252
33.7168
13.2282
21.8462
1.97788e-20
25.5774
3.53544e-19
5.53852e-22
1.8998e-34
11.9161
2.53092e-30
1.21256e-31
31.8295
2.02206e-20
2.32704e-30
51.488
9.56309
10.4687
5.7834e-32
31.4137
11.3399
1.75717e-18
2.14324e-26
30.1995
24.6468
14.1531
37.0204
18.2534
3.86811e-25
13.2146
6.75321e-34
2.42097e-20
5.23034e-25
12.4266
33.7394
13.2479
15.6612
2.97826e-24
11.5749
55.1784
28.9234
56.3429
25.022
4.64417
2.44413e-32
23.9685
16.8407
4.16673e-14
22.6924
4.91262e-32
4.49534e-26
35.0799
7.69083e-29
1.35157e-27
2.56839e-22
1.21919e-25
30.5243
8.9416
21.5925
3.36437e-16
33.1262
4.35791e-27
1.85671e-28
4.14993e-32
43.3571
1.58358e-11
12.4255
33.7171
13.2286
10.3147
2.89306e-29
17.4686
1.49712e-17
14.5534
5.06189e-16
16.9572
1.32249e-15
3.51796e-18
43.1481
27.9449
2.79521e-26
16.5714
3.63152e-34
1.25046e-31
9.35357e-14
30.4536
19.5111
7.89888e-11
2.79367e-26
63.8085
4.67942e-33
48.8471
30.5091
2.69562e-18
3.06125e-20
62.8149
52.7779
4.44541
1.51665e-25
3.51887e-11
65.0708
33.6752
1.67266e-34
14.5647
3.32624e-26
46.5308
2.38285e-31
5.13924e-29
4.05746e-26
9.96055e-22
1.81196e-29
67.6041
4.39036e-07
1.37835e-33
5.31267e-34
40.1449
36.8734
16.8343
58.914
3.77804e-12
41.8671
34.5675
43.152
28.2345
8.39935e-27
12.7249
38.0277
2.17023e-09
19.3688
8.3212
3.30158e-11
29.2731
6.51007e-16
1.21992e-36
60.3567
45.2776
6.91917e-26
32.594
32.4283
57.6109
16.3271
9.37416e-24
3.18935e-22
33.4371
1.03102e-33
98.4403
1.22028e-20
8.36769e-24
1.42475e-34
54.9511
20.4935
2.48729e-25
9.58008e-16
8.88998e-30
9.29119e-26
43.149
28.2428
1.9078e-30
2.28572e-25
7.03436e-35
13.3606
51.5937
16.5609
8.36539e-33
54.4968
22.1202
5.80198e-34
3.54082e-07
45.5675
9.80236e-34
9.78043e-28
31.0588
23.5793
0.0001039
64.7313
33.8707
2.56236e-15
4.37355e-21
2.21499e-24
32.6305
7.35945e-31
2.42426e-16
2.20534e-29
45.5366
1.71624e-13
21.4246
50.4893
1.16773e-13
43.152
28.243
1.28286e-26
38.4674
0.0179749
2.55379e-28
2.39344e-21
2.08757e-20
3.59284e-29
2.7111e-31
1.34274e-20
2.97576e-34
5.40631e-24
43.6065
5.92927e-31
4.02639e-32
4.91892e-36
25.8261
20.7921
59.7529
9.08491
6.6583e-25
7.39955e-19
33.6717
29.0161
5.85696e-34
14.0701
5.28475e-20
7.68175e-33
1.78123e-31
8.37975e-18
1.77729e-24
VECTORS velocity float
-6.42716e-34 -3.93415e-35 0
5.84364e-33 -1.30527e-32 0
-25.0093 22.5167 -1.08036
4.60454e-12 7.12313e-11 0
-3.40007e-25 -9.16511e-26 0
-7.598 -24.7932 27.0502
17.3284 16.0287 -6.45736
56.8479 -50.8501 -4.61697
6.71447e-06 -5.90701e-05 0
2.97572 0.735269 7.26748
-1.62006e-24 -3.16721e-24 0
-0.784501 -61.924 -8.33797
-12.222 -28.9743 41.0621
-2.11616e-25 -1.69331e-24 0
6.49518e-09 3.01566e-09 0
-9.49448e-35 -9.98094e-35 0
4.99245e-06 6.64776e-06 0
-2.00523e-17 7.79458e-17 0
-37.3428 -44.7484 53.5655
26.2206 -14.8946 45.173
1.98814e-26 -3.43434e-27 0
18.8593 -8.97488 0.375939
2.68833 44.4775 -8.2675
-27.65 -8.38242e-06 31.511
-28.0828 -0.00405046 -3.00281
8.58628 15.2841 -8.0742
1.98247e-11 1.32595e-10 0
-29.8838 -15.3886 -5.05003
-30.9645 -16.965 1.85602
-39.28 33.2443 49.6472
0.33264 27.3153 15.5314
-50.7612 23.0631 18.0386
-25.6204 -19.9399 -4.9849
1.09187e-13 1.93046e-12 0
-1.30802e-31 -1.28402e-31 0
1.16746e-11 -8.85584e-11 0
24.2152 4.20255 8.25042
10.1698 13.4408 8.2949
2.07032 -0.2063 0
2.37615e-28 2.02961e-27 0
7.66819 2.48914 -5.73548
-1.15683e-14 1.02815e-14 0
18.3707 41.6732 88.112
-1.3029e-23 -3.75558e-24 0
-46.5008 -4.20843 3.55485
-5.79568e-37 5.13516e-37 0
1.12928e-15 1.16277e-15 0
-5.20392e-36 -1.38387e-35 0
-5.87982e-34 -7.94913e-34 0
-5.12897e-22 -8.33736e-22 0
-8.95463e-24 -1.10872e-24 0
18.3541 2.84858 6.93417
64.3743 -27.4868 -5.60824
-24.8703 -22.304 1.15354
-4.45139e-31 -5.24758e-31 0
-3.78292e-23 -1.09042e-23 0
-27.6206 4.30477e-06 31.5332
-28.0836 -0.00203366 -2.99723
-1.59801e-18 -2.90399e-18 0
-10.6079 9.23188 -1.30635
1.16604e-22 -4.28371e-23 0
1.02072e-13 -1.70898e-14 0
6.09542e-19 -1.32956e-18 0
9.68563 -18.5006 -2.06617
26.0716 -17.1124 37.9505
0.889798 0.585325 6.10831
-9.94872e-18 4.1795e-18 0
-9.91685e-37 -1.40989e-35 0
-1.87327e-28 -9.31673e-29 0
-7.31267e-33 1.17943e-32 0
1.05182e-31 1.04954e-30 0
26.9888 30.7388 7.96433
-8.035e-34 3.04852e-34 0
5.12534e-07 2.59798e-06 0
32.27 2.41562 -7.72152
-53.6458 -3.33984 2.08405
2.66383 -9.25146 1.18309
3.34179e-08 5.1706e-07 0
-12.9626 86.1215 11.7531
3.59046e-08 5.55535e-07 0
0.0870768 0.0174445 0
-3.45999e-19 2.31312e-19 0
8.22332e-33 -3.02077e-32 0
-3.59452e-33 -1.15921e-32 0
1.22908e-13 1.83275e-12 0
7.73896e-30 -4.35033e-29 0
14.8448 -64.2952 0.332188
-8.41734e-33 1.87431e-32 0
-4.55568e-22 -3.6453e-21 0
-27.65 1.20686e-05 31.511
-28.0774 -9.44368e-05 -2.97866
-21.3856 6.88179 -4.65045
-65.3324 14.1769 1.6995
-1.02789e-35 1.55308e-35 0
10.2693 -12.9911 1.2501
1.26311e-26 -4.3757e-28 0
5.88861e-23 6.90887e-23 0
-28.3423 -4.03541 9.47615
9.70415 16.3726 -1.26818
-1.03783e-16 2.2965e-15 0
-7.8301 41.644 35.7549
-3.75446e-28 -1.08244e-28 0
19.4508 -15.1622 -8.64375
-3.71475e-34 3.56272e-34 0
15.4528 -24.8504 -1.26392
1.03743e-26 -9.63287e-27 0
-16.0454 46.2807 -9.13524
30.4786 -0.282469 58.4632
19.6373 2.97197 0.15767
15.5878 12.4109 28.7383
-2.19646e-19 -6.33109e-20 0
2.00001e-33 4.39776e-33 0
-24.4119 -23.1639 -1.20718
-8.45604e-20 -2.43744e-20 0
-13.3782 31.1322 -9.99845
23.0417 -35.4214 2.63868
13.6623 -11.1856 -6.01244
0.0168246 -0.100506 0
13.265 65.0087 47.959
2.49889e-33 -1.80117e-32 0
-6.94194e-31 2.51073e-30 0
7.07347e-37 -1.16742e-35 0
-4.7747e-23 -3.8205e-22 0
-3.61873e-23 -3.72017e-22 0
-1.37378e-35 -4.17881e-35 0
26.7733 -11.4098 38.1281
-2.00754e-21 -8.61952e-21 0
1.68478 -7.2451 10.8186
2.19968e-18 4.8637e-18 0
-3.54438e-29 -9.94381e-30 0
8.41816 23.4725 -0.867898
-8.74079e-28 -1.31146e-27 0
-1.52719e-21 3.37935e-20 0
-0.000263618 -27.6317 31.5212
0.23185 -27.6782 -3.84662
-6.04387 -9.65929 8.79467
16.3792 16.7572 9.39505
2.74557e-32 -3.26728e-32 0
-4.38228 15.0287 3.79483
22.4455 -32.4539 9.20223
-20.6175 1.98849 -0.938581
4.57489 -57.6234 22.2465
21.7075 -5.78496 7.99597
-1.04636e-05 -8.07075e-05 12.4254
-3.9472e-05 -2.08017e-05 33.7168
-0.000170378 -0.000126541 13.2286
24.9657 12.4874 -7.12462
3.23604 0.375649 -1.53708
11.7414 11.3432 17.6151
-1.7595e-24 1.0446e-24 0
36.6878 34.2921 45.4399
6.21516e-22 3.94874e-21 0
9.01599 27.4198 55.8912
6.42691e-13 9.86869e-12 0
-28.6899 18.5537 1.50992
2.80451 30.3838 8.31339
-8.02291e-25 2.0219e-20 0
15.9846 0.863323 -8.05626
-4.3572e-35 -6.91042e-36 0
23.5877 -9.87553 11.0823
-5.38776e-23 -2.15333e-21 0
7.66023e-33 9.84166e-33 0
-16.5208 -37.9764 -6.30606
-27.2858 35.778 6.85298
16.8758 -21.307 21.8499
20.9563 -27.9973 31.6661
3.25649 -24.2862 16.8205
-0.405753 -24.5461 -9.16013
3.92493 6.1009 -9.54588
-157.408 -52.3255 56.9793
3.64019e-18 5.21325e-19 0
7.4218e-10 -5.70443e-09 0
6.06199 -16.9429 -7.16451
1.78916e-30 4.66775e-30 0
-7.37774e-35 -1.18674e-35 0
-0.135283 -27.1663 14.1213
-5.40162e-06 1.19258e-05 12.4266
-3.66501e-05 2.64859e-13 33.7394
-0.00073273 0.000114225 13.2481
-7.0227e-27 -1.74612e-27 0
6.47182 -7.96681 -4.5777
6.6577 0.692384 8.04746
5.30277 1.80355 7.53515
9.11746 2.62487 63.1864
-3.96281e-28 -2.44805e-27 0
16.9161 2.80603 16.689
21.0397 0.496306 22.4095
4.74119e-09 -2.97475e-08 0
6.18777 13.4501 17.4946
-0.000684741 13.7883 10.9698
-2.27152 -10.0015 -8.31225
3.16487 3.85441 0.59068
-16.9358 12.3807 -0.558559
0.77672 5.2306 0
-6.64783e-35 4.93642e-35 0
-5.26499e-29 4.26651e-29 0
-1.07304e-19 -3.09303e-20 0
-2.21616 -12.8313 -1.10464
-2.75844 42.25 -3.56829
3.23218 -24.3631 17.0312
1.56053 -3.34249 7.56473
12.741 32.9193 0.814553
5.35482e-26 -3.01491e-25 0
23.8913 5.03561 36.9818
-20.03 -13.4778 38.2644
15.2245 -23.7829 -2.12218
-8.01892e-28 1.77442e-26 0
20.8823 48.0385 16.5919
-7.62162e-18 -2.44406e-17 0
-3.49301e-05 4.11592e-05 12.4255
-3.9472e-05 2.08017e-05 33.7168
-0.00116863 0.000121285 13.2289
-8.65791 -21.0274 25.1515
2.61789e-25 2.78495e-25 0
8.95346 -18.888 12.0048
4.47549e-16 1.87327e-15 0
10.3182 -26.8086 -2.69743
7.22726 -4.58615 -1.2925
18.9586 -19.1687 -9.05789
-1.32052e-35 -7.02068e-35 0
-1.51255e-31 1.2772e-31 0
-0.000188533 32.0801 28.8552
-0.00023382 27.8889 -4.90895
1.25762e-05 1.43e-05 0
-2.47905 -8.39498 1.5754
11.145 26.7121 11.7912
-3.08179e-28 -1.26533e-27 0
13.8758 21.1863 19.1915
20.5811 30.1643 -4.73722
7.99538e-34 3.9556e-35 0
44.8187 57.9315 20.1969
-5.49607e-20 1.21617e-18 0
-13.594 -83.1928 79.4193
-1.38478e-33 4.84202e-33 0
17.0381 -31.2045 24.1467
17.4918 -9.98411 33.3849
1.58419e-12 2.45114e-11 0
55.1693 -4.48958 44.1601
55.8173 19.4837 22.146
3.97293e-35 -1.56154e-34 0
1.42545e-28 -2.45064e-27 0
2.17016e-08 3.35779e-07 0
-9.90484 -19.4273 1.58215
4.63866e-35 -1.78102e-33 0
-101.975 60.3761 -5.93529
-6.57488e-25 -2.6276e-24 0
25.7146 17.8931 -1.07166
-1.69714e-24 -8.44074e-25 0
-8.10713e-29 -4.59017e-29 0
-49.7237 -1.01992 4.41432
1.71481e-28 -6.54208e-29 0
2.86043e-33 -1.60696e-32 0
1.67664e-19 2.96565e-19 0
-1.88067e-20 2.8781e-20 0
-7.22477e-18 -5.781e-17 0
1.58414e-34 1.24741e-33 0
-3.33683e-33 2.92082e-33 0
6.41802 23.0348 1.25166
6.33597e-24 1.40081e-24 0
-6.258e-25 -1.1156e-24 0
3.99748e-07 5.31135e-06 0
6.67739 -7.46255 5.56595
2.28391e-25 -7.62872e-26 0
-31.3763 1.88084 -5.77748
-21.6181 -2.38769 24.2392
27.6628 3.09337 9.40215
2.02393e-20 -8.03052e-25 0
10.7186 -45.3842 41.7671
-1.43153e-34 -9.58153e-35 0
7.46537 -20.1953 41.9625
-26.4248 -15.8169 77.9812
-43.2801 46.0773 -8.40913
5.5231e-12 3.67156e-12 0
44.6913 9.44383 -9.33453
20.8538 32.904 30.1352
10.9491 -11.4349 -8.57712
-36.5987 -175.355 68.144
3.22681e-33 -4.91183e-33 0
-2.31496e-34 -1.4183e-34 0
-6.31889e-33 -3.13949e-33 0
-2.98018e-26 -2.36792e-25 0
19.8122 33.4079 15.6507
-7.99379e-29 -1.19938e-28 0
-1.6587e-32 -9.67362e-33 0
-5.19039 -0.86369 25.0526
-7.73042e-32 1.61113e-31 0
26.8618 -26.4378 6.73735
41.9588 -55.3387 26.3474
13.6666 17.6934 7.32585
-1.95462e-24 1.56928e-24 0
1.32972e-20 4.98064e-20 0
15.3027 28.0365 -1.94438
37.6006 12.459 0.331478
-6.07808e-20 -1.752e-20 0
21.8602 30.9228 40.611
1.01615e-30 -2.42075e-29 0
0.00320799 0.000755526 0
-42.9036 3.07766 -0.971912
26.6938 3.02613 9.6284
2.02405e-20 -1.91337e-25 0
18.8195 21.5874 6.92079
1.92694e-22 2.54381e-23 0
-35.2024 -8.40999 -1.52292
-1.37266e-21 -1.24502e-20 0
-3.26276e-15 -1.41083e-13 0
1.20244e-11 -1.20012e-11 0
-25.6316 16.9267 4.59886
-6.25574 -0.120697 5.83946
4.18477e-17 6.47424e-16 0
73.6327 24.4874 14.0998
-80.1574 -15.2541 29.628
0.492221 6.85714 12.6504
1.63167e-12 6.1116e-12 0
-9.54838 -16.0343 6.14186
8.82543e-34 5.09635e-33 0
3.24926 -1.73203 -9.19822
6.25367 5.37256 0.329539
-32.2011 -33.9067 2.74481
9.2001e-31 -2.93313e-31 0
7.69798 -1.97301 14.177
-2.40109 135.25 4.64082
1.34326e-32 -1.25689e-32 0
-3.36242e-16 -1.6723e-16 0
-8.06687e-33 2.88498e-32 0
13.0667 -18.3787 8.63261
41.5614 -51.8445 22.4792
-5.01995e-20 -1.44699e-20 0
17.593 -20.4231 56.1645
-1.29098 -42.7256 -5.83005
-28.1698 12.6901 26.2326
-41.7177 1.5602 -2.99795
27.8228 -1.10713 9.75294
2.02371e-20 8.90204e-25 0
87.9435 -179.773 234.561
27.4313 25.9165 81.6681
8.58048 22.326 15.2523
3.09751 -19.1635 1.09058
1.22227e-31 1.0845e-31 0
3.02861e-31 -7.19065e-30 0
-8.57684e-29 -2.7555e-29 0
32.4425 -6.09595 12.9099
1.43212e-12 2.21585e-11 0
-8.38739e-22 -7.25918e-21 0
-4.94748e-35 7.50897e-35 0
63.9237 92.6078 1.30855
31.2008 -18.8152 -3.10318
1.07294e-12 1.65343e-11 0
-93.6611 9.86868 34.0155
8.73354e-20 9.35416e-20 0
-5.58999e-33 2.0376e-33 0
7.1554 -40.2889 -2.27468
3.4371e-18 -1.03729e-18 0
-3.27739e-23 -1.41715e-21 0
16.6126 26.3406 -5.70943
-6.43669 -20.6075 16.5469
-3.21811e-19 -8.1827e-20 0
-2.2141e-31 -5.39299e-31 0
-3.56592e-25 2.18137e-25 0
-69.5786 15.5982 -8.81608
3.30306 0.987654 0
1.73566e-16 6.5076e-16 0
-20.4271 53.8159 0
6.78154e-14 6.52696e-15 0
-1.67825e-30 4.20116e-30 0
-6.80433e-26 3.62688e-26 0
27.6217 -2.52069 6.42212
2.50194e-22 3.83986e-21 0
-2.02473e-19 -5.83607e-20 0
-7.01377e-36 -7.41898e-36 0
1.14927e-23 1.30557e-22 0
-8.58791e-25 -6.86161e-24 0
9.74319e-20 8.60567e-20 0
-2.75686e-35 -3.604e-35 0
31.4085 43.1774 36.1453
-3.70229e-22 -2.96245e-21 0
-5.54238e-35 -4.57483e-35 0
25.3826 41.9862 15.2908
0.359869 27.7321 18.9398
-1.9145e-19 3.77398e-20 0
-37.5814 -25.7185 -9.04657
-7.43869e-35 -3.96713e-35 0
19.2051 5.0832 6.08291
9.17676 2.90658 22.7527
13.6165 -5.22597 -7.92415
2.98242e-24 2.56774e-24 0
1.65657e-33 -8.05171e-35 0
-2.75861 7.04795 25.489
-29.2623 -0.984593 -8.50604
5.42422 3.97871 -9.44735
-1.00581e-22 -2.89921e-23 0
-1.08372e-13 2.33094e-14 0
-42.6418 23.6869 4.86184
16.8937 16.5812 8.22441
2.93678e-15 -1.92142e-15 0
-8.68068e-11 -7.05304e-10 0
3.20725e-08 2.02877e-08 0
-3.54861e-21 -2.83955e-20 0
-1.19141e-30 1.62542e-30 0
23.6509 -6.84296 9.21809
-1.46672e-22 -1.17404e-21 0
9.02765e-20 1.3968e-18 0
109.582 -35.2056 15.3655
-2.47741e-35 -6.97431e-35 0
-2.74548e-19 -7.91302e-20 0
-6.75043e-33 -2.04615e-33 0
-4.57483e-32 -4.04736e-31 0
-4.32748 6.65797 30.8336
-1.91049e-23 -5.50078e-24 0
8.68411 5.05994 34.8679
43.5571 -14.2732 -5.38599
-1.46199e-24 -6.4475e-24 0
-4.16256e-35 3.02488e-34 0
-1.71849e-26 -1.34933e-27 0
-1.62102e-27 -4.6696e-28 0
1.20975e-33 4.5329e-34 0
4.14367 -29.3578 19.9905
16.9033 -33.6035 22.7358
6.97585 -2.0102 -2.78866
38.3165 10.8395 1.55142
-11.8795 5.32092 22.0065
-23.9978 -0.256568 0.613191
6.04609e-20 -7.30728e-20 0
4.96193 -6.34178 -3.00888
-2.64341e-28 2.36715e-29 0
-3.03253e-33 2.44453e-34 0
-20.6733 -32.6952 -2.59297
-40.5061 26.5547 -1.93331
-52.342 15.9497 14.5041
-1.92298e-30 6.96201e-30 0
5.67478e-13 8.81952e-12 0
-1.58147e-36 3.79022e-36 0
3.47594e-35 -3.98107e-34 0
81.8665 4.54997 168.735
-2.96661e-26 -8.5512e-27 0
84.9381 -52.4512 17.6407
-9.61194e-32 1.78988e-31 0
-56.6029 14.0994 2.94651
11.943 12.7739 30.6066
-131.977 95.088 54.9339
-4.46963e-27 -1.28836e-27 0
-4.4879e-10 3.09044e-10 0
6.0319 -69.3014 10.7289
26.2274 2.70385 9.51853
-5.09097e-13 -1.51003e-12 0
-3.56736e-24 -1.16304e-24 0
-3.41919e-23 4.24174e-23 0
1.71034e-36 -4.65843e-35 0
9.35631e-22 1.72201e-20 0
4.89801e-28 -5.085e-29 0
14.9228 -2.57032 12.859
-7.11978e-22 -5.6804e-21 0
-2.90982e-14 2.4473e-14 0
-6.23408 -1.5142 25.5853
-29.3941 0.353853 -5.38356
-2.8101e-18 -2.24861e-17 0
25.4871 -12.1523 21.4792
32.9013 -38.2472 -2.63948
-9.55563e-09 1.05945e-08 0
1.4029e-30 5.20632e-31 0
0.29327 -1.07075 0
-1.28846e-33 2.97176e-33 0
-1.74051e-19 -5.01702e-20 0
-3.39487e-27 2.81042e-27 0
-1.25545e-34 1.21281e-34 0
-56.864 88.3248 -1.97234
-1.74873e-18 -2.90042e-18 0
-1.10814 -16.1247 -1.47243
10.7695 26.0111 -5.47601
1.05808e-31 1.12514e-31 0
-1.17487e-32 -2.0587e-32 0
30.5663 46.7003 42.2524
-18.0702 -5.76893 34.9975
-1.28734e-06 -5.87475e-07 0
-4.91834e-18 -3.93554e-17 0
2.64293e-12 4.0893e-11 0
38.7713 -10.2053 2.4169
-2.14763e-26 2.70603e-25 0
-2.19302e-22 1.9222e-21 0
6.82971 17.976 -1.92912
10.5853 -17.2582 9.56991
-4.3042e-31 -1.22474e-31 0
4.009 -23.3197 -3.3559
-2.2297e-32 1.3821e-32 0
-4.55359 46.3261 1.94564
1.03808e-37 -1.17556e-35 0
8.10087e-33 -4.56951e-32 0
-8.10223e-27 -5.78474e-26 0
3.87995e-35 -8.4597e-34 0
-0.00400935 0.120142 0
18.0335 22.7497 -5.50576
73.8918 8.69685 38.9548
4.05906 17.1288 -0.990865
1.13124 -3.45976 5.84067
2.61885e-13 4.05203e-12 0
1.23589e-05 -4.75058e-07 0
-2.47667e-31 -3.19766e-31 0
-8.20689e-06 -22.872 34.7163
0.226649 -27.9247 -4.2537
6.69666e-30 -2.25727e-30 0
1.18028e-26 2.09041e-27 0
-1.51109e-27 5.47469e-27 0
19.7375 -43.2096 51.0101
-45.6519 -19.9259 29.3465
-3.18415 7.87365 14.0348
-2.42744e-18 -1.94236e-17 0
-1.58871e-28 3.51817e-27 0
-1.32316e-05 -0.000104444 12.4262
-3.34607e-06 -1.46765e-05 33.8194
-3.70333e-05 -0.000160164 13.3181
-2.68324e-30 -3.57064e-30 0
-11.966 -13.8213 -4.39796
2.18361 2.76367 -6.72838
4.57181 1.71686 -9.01921
-8.7913 17.1258 26.696
2.18342e-34 1.47088e-34 0
4.30071 -5.11845 0.819238
1.7385e-30 1.67893e-30 0
3.0275 -43.0259 -0.596998
3.08305 25.8881 9.91974
-2.94125e-25 1.31746e-20 0
2.52717e-26 9.79614e-26 0
1.59725e-09 1.64462e-09 0
-7.29119e-29 3.20737e-28 0
6.97654e-31 -1.66125e-29 0
-0.482491 31.5707 -0.709832
19.8676 -1.46896 6.70238
8.13929 6.87547 -6.50021
-4.37173e-18 -3.49819e-17 0
8.45107 20.3094 10.7058
3.54945 -19.1867 17.8252
-0.453194 -24.5373 -8.97282
-2.21711e-18 5.59366e-18 0
0.239079 0.647865 0
1.63766e-34 -8.7317e-34 0
-10.1039 11.2707 11.2211
-4.63173e-22 2.65399e-22 0
26.6482 -44.6878 11.0568
23.7728 -45.2212 14.0371
-8.53352e-15 6.90729e-15 0
5.8123e-05 1.67816e-05 12.4321
-3.08598e-06 1.0678e-09 33.8385
-8.25039e-05 1.12267e-05 13.3351
13.3559 -14.3088 14.7737
-0.00364418 -0.00156361 0
26.7033 11.2376 7.24895
7.2165 3.65319 -4.50315
3.07218 -2.48911 4.54558
5.26508 7.20133 19.3736
22.1031 9.26031 50.4918
6.56128 0.629412 4.61967
5.26238e-20 -3.46944e-19 0
3.3513 21.6938 12.6354
-1.60273 12.3587 11.585
9.86018 -12.0408 11.3203
-3.04634e-16 6.74092e-15 0
-5.73567e-18 7.10052e-15 0
-3.27689e-20 7.25109e-19 0
9.87298 9.5026 -8.94317
-1.51228e-25 -9.00543e-25 0
9.70559e-17 8.12532e-16 0
4.45802 1.54756 -6.13944
3.15738e-08 9.222e-07 0
3.49783 -19.3117 18.1479
1.78383 -3.10146 8.00301
2.02771e-22 -9.15671e-22 0
4.65494 14.2476 4.11936
-2.73964e-24 -1.36256e-24 0
7.88863e-19 -1.99654e-18 0
-4.98436e-32 2.13309e-29 0
9.06154 65.4116 75.1751
3.55196 -29.2449 -7.5914
-2.09062e-21 -1.67283e-20 0
2.77716e-05 2.92529e-05 12.4265
-3.32418e-06 1.46828e-05 33.8194
-0.000367222 7.91849e-05 13.3184
-20.457 0.279626 -1.48213
4.66462 -7.35377 -5.31866
-1.75596e-26 -1.40506e-25 0
3.20692 -12.1319 22.5382
3.27575e-12 -4.49904e-12 0
-4.81504e-24 -1.74034e-23 0
-4.43639 -9.00898 1.18056
-20.2521 -16.0531 10.2736
-5.71534e-35 8.96265e-36 0
-1.23356e-05 27.7707 32.4914
-0.228641 27.9221 -4.24757
-1.57045e-33 -6.84912e-32 0
-6.03729e-26 2.34367e-26 0
6.79154 -2.14587 5.06527
-25.5862 38.618 45.5095
-6.96761e-34 -8.15041e-33 0
-2.91257e-29 -1.28614e-29 0
0.158607 -6.20905 -4.61599
2.67189 32.435 4.36537
-5.54842e-16 1.22775e-14 0
-2.8651e-34 -9.39006e-35 0
22.5242 -0.394775 6.73255
-0.173492 0.445456 0
1.56687e-30 1.80532e-30 0
-18.4005 -33.0398 3.63297
-4.85687e-29 1.07452e-27 0
-1.31007 -10.3632 46.8692
-29.6312 -26.705 -8.73226
9.84591e-24 -2.43906e-23 0
-1.74654e-22 -5.03432e-23 0
-3.52766e-14 8.86638e-15 0
-1.40593e-35 -1.10181e-34 0
-6.42981e-25 -4.77516e-24 0
-4.24504e-26 -4.0809e-25 0
8.2998e-31 -6.31925e-31 0
-6.54748e-26 -2.83117e-24 0
-1.43085e-10 -7.56067e-11 0
8.49371 -22.6022 13.0126
62.9333 69.8478 -6.70306
-2.93646e-26 -1.27001e-24 0
-15.0289 -37.2617 39.6638
3.02942e-35 -1.23523e-34 0
2.96216e-34 -2.25517e-34 0
4.02345e-36 6.32697e-35 0
1.53419e-36 -4.08269e-36 0
1.73751e-21 -3.20794e-21 0
-2.41028e-26 -1.04221e-24 0
2.2636e-24 2.42069e-24 0
20.4437 4.02431 -1.74914
7.26618 -2.24074 -4.84795
14.152 31.0967 2.43736
-8.53343e-18 7.65652e-18 0
-4.59211e-08 7.42113e-09 0
26.7847 3.1559 9.71886
2.0246e-20 -1.58342e-24 0
8.83043e-32 -1.58783e-31 0
6.25133e-33 -1.48723e-32 0
35.5436 -4.40278 -4.7096
-19.871 -5.71053 -6.3582
23.8796 -15.1243 -4.82738
16.1126 -17.2182 -1.98733
-1.9354e-31 -3.86868e-32 0
-1.86475e-35 -5.46595e-35 0
7.99657e-11 1.08535e-11 0
-1.67109e-27 3.69777e-26 0
-3.07614e-32 -3.62648e-32 0
10.4725 50.5983 59.7788
-3.03773e-27 -3.57864e-27 0
-48.0434 5.73511 4.75806
-61.9542 40.025 40.8821
2.00941e-20 -3.53849e-19 0
-7.23296e-20 -2.08419e-20 0
-1.82893e-20 -9.09619e-21 0
8.53774e-32 1.66168e-31 0
-5.07186e-34 -7.16889e-34 0
79.819 -3.31537 -4.75247
13.3932 18.2171 7.23915
-1.28067e-34 3.15157e-36 0
-1.89089e-31 -6.17616e-32 0
-35.5312 9.0903 22.0973
-5.83931 32.7415 24.8168
21.0965 18.8133 -8.93017
-7.16733e-32 -4.83832e-31 0
-6.37727e-18 -5.1057e-17 0
11.5463 -9.38036 12.5045
-3.19631e-23 3.96524e-23 0
25.8362 3.08971 9.94342
1.31847e-20 5.42402e-28 0
8.70549e-31 -5.66338e-31 0
9.31608 27.6091 6.47747
19.2994 78.5491 65.1699
7.65133 -5.5532 6.88638
26.1919 -1.3695 -1.03468
8.46791 -5.09851 -0.565074
-4.26946 -33.7894 1.33639
9.50765e-12 3.4884e-11 0
-3.96465e-34 8.84524e-35 0
-22.045 -33.2059 53.6073
-74.2749 13.5148 39.7168
-32.3833 -45.7485 2.41678
-3.40921 -2.01772 -5.59197
15.9472 -27.3559 1.24248
-4.17906e-31 8.49495e-31 0
8.72622e-07 -7.00538e-07 0
1.29328e-12 2.00572e-11 0
-1.38826e-21 -1.10481e-20 0
16.8231 17.7424 29.1334
-1.04612e-33 -1.12343e-33 0
47.1738 16.809 54.2538
8.47321e-33 -8.51686e-33 0
4.73083e-36 -5.96087e-35 0
-6.59102e-36 3.92403e-36 0
6.95016e-16 -1.05344e-15 0
26.9901 -30.7924 48.7323
-5.06692e-30 -6.13306e-29 0
3.08446e-10 -1.2347e-09 0
-7.54723e-19 -3.26344e-17 0
7.34547e-32 -4.25706e-32 0
-80.7203 28.6165 -3.8004
26.9087 -1.10812 10.1052
2.02376e-20 1.62906e-24 0
8.49294e-26 -2.36357e-26 0
-61.7666 26.2894 0.0985038
37.1366 -14.4143 -9.14539
6.16702e-17 -2.88862e-17 0
1.757e-12 6.58102e-12 0
-21.6394 15.5376 15.1154
6.60026e-15 -1.81928e-15 0
20.4051 0.763582 7.41926
4.72567e-12 7.30882e-11 0
2.9856e-22 2.41716e-22 0
1.26946e-33 4.23889e-34 0
-7.04483 -38.3558 -9.13948
2.14937e-19 2.21177e-19 0
-46.3668 -28.1987 11.0282
2.96469e-20 1.96853e-20 0
7.46509e-28 2.58179e-28 0
-16.8745 -1.43237 9.74932
7.6259 -37.6962 -6.9555
8.5774 -23.4902 1.31405
-5.76937e-31 3.63991e-31 0
-1.08639e-34 1.08378e-34 0
-16.2323 6.84763 2.12192
-1.97472e-22 -5.24625e-23 0
-4.79284e-25 -7.29849e-25 0
-3.4332e-33 3.50859e-33 0
-18.0595 29.8309 10.6887
-16.0721 -21.2181 -3.88167
0.692967 -12.4407 -3.45239
1.20568e-26 2.28264e-26 0
-1.56561e-35 -7.72136e-36 0
-6.10143e-18 -4.88217e-17 0
22.4655 5.9639 13.1026
-27.7186 7.46721 -3.81024
-2.69663e-28 -7.77447e-29 0
5.12244e-30 1.58186e-30 0
-79.8567 -51.2814 -6.8653
-1.11385e-33 -1.33193e-33 0
1.38385 0.158923 5.12526
-2.84423e-19 -8.19755e-20 0
20.2521 -15.5895 3.9812
-11.4838 24.1058 -3.81766
-3.83951e-11 -3.34467e-11 0
-5.53929e-35 -4.5631e-35 0
7.89073 49.2129 2.91061
0.813805 28.2857 18.7703
23.5189 -17.8442 3.34916
4.14858e-34 -1.03149e-34 0
-15.5725 2.99891 24.4043
1.50455e-30 -3.58654e-29 0
8.20747e-29 1.79009e-28 0
5.7718 25.8366 13.4904
39.531 -29.0246 -7.38851
6.95035e-34 3.26353e-35 0
-20.1978 3.54362 17.7909
-0.0998795 -0.00350167 0
7.4113e-17 6.00024e-17 0
5.01681e-29 1.81696e-29 0
3.20859 -2.54719 -3.94988
-31.6427 11.1581 -8.7899
-4.34946 -7.70829 -8.13748
-3.91878e-31 -1.83275e-33 0
-15.4118 4.46043 -8.98548
16.211 -66.775 30.9903
-3.24484e-21 -2.59644e-20 0
2.27549e-26 5.03797e-26 0
-2.69011e-17 -3.44438e-17 0
7.68332e-36 -7.42436e-36 0
-5.12188e-18 -4.09835e-17 0
-3.18693e-21 -2.55008e-20 0
4.84636 2.50203 -3.79013
-2.93851e-28 -1.46147e-28 0
-1.15412e-35 -7.95883e-36 0
-3.9389e-34 -5.56963e-35 0
-2.02819e-34 -6.21533e-36 0
-2.25488e-22 -6.49958e-23 0
14.5879 10.8549 32.4378
-4.75249 11.9633 12.1489
1.01675e-34 -3.80668e-35 0
-2.93796e-28 -4.47389e-28 0
44.188 62.6595 19.3917
-72.5985 -15.6729 9.17849
-30.5624 46.7818 -2.22852
21.9654 -0.526161 -7.15787
-5.81395 30.1509 -2.15683
-2.74912e-35 2.29786e-35 0
-9.02829e-20 -3.9039e-18 0
-19.251 3.50301 18.1601
-12.2905 -0.278343 6.81343
5.60355 -5.88406 -7.41042
0.418201 -5.77995 -6.14593
-6.46923e-32 -3.47021e-33 0
-14.2254 -2.92068 0.911947
-17.1583 -10.552 -1.93565
6.79474e-31 6.14749e-31 0
-6.30145e-09 -7.35814e-09 0
15.7767 -11.2607 -6.29437
4.35457e-12 6.73762e-11 0
7.21793e-31 6.21964e-31 0
10.2779 -15.6505 14.0949
2.10829e-09 -3.52673e-09 0
-5.29037e-18 -4.23317e-17 0
-10.8056 -6.1018 20.055
-8.89066e-30 8.16551e-30 0
-27.9187 22.8887 -3.697
-4.15795e-23 -1.19851e-23 0
69.5124 -64.0043 32.9906
-8.71158e-27 -6.97478e-26 0
4.29045 -14.8166 13.8803
25.6873 -69.8011 3.70452
-1.89351e-32 2.02595e-33 0
-36.7097 55.2104 63.2952
-3.94448e-16 -1.96179e-16 0
-4.24871 -61.0044 23.4143
12.0324 -21.186 5.80968
3.45638e-08 5.3479e-07 0
1.83219 -19.4651 -3.86937
-94.6935 -26.793 5.18466
-1.02861 0.652146 27.1506
8.59331e-19 -1.91239e-19 0
-20.1253 -0.881883 19.066
-25.0402 0.215799 -3.85226
7.5971e-19 -9.30902e-19 0
-35.053 -0.819162 11.3876
-16.0217 -22.8963 -0.751868
9.80904 0.844633 9.09285
-20.6974 -11.0469 4.05143
3.51885e-13 5.44455e-12 0
2.6575e-12 4.10784e-11 0
-1.33957e-14 1.31132e-14 0
-3.81268e-15 3.12883e-15 0
-1.93124e-34 1.86142e-34 0
-2.26191e-36 -1.37713e-35 0
4.53345e-24 7.33006e-24 0
8.63163e-10 7.36437e-10 0
-1.77499e-32 3.61095e-32 0
-5.09935 9.51703 45.414
-60.242 -23.9174 -3.12635
20.8316 -49.933 26.2066
-1.23386e-26 -3.55657e-27 0
-6.11988 -3.35735 27.0945
-7.45934e-20 -2.14934e-20 0
-35.8518 -40.3671 -3.42985
3.93715e-29 -9.02274e-29 0
1.32086e-16 2.19169e-15 0
1.24414e-22 -3.3783e-22 0
13.8541 9.70206 -5.29419
-8.10543e-27 -2.34531e-27 0
-3.65179e-35 -8.22516e-36 0
-8.39841e-35 -7.96305e-36 0
-2.56986e-33 -3.8858e-33 0
-1.12196e-21 -3.17853e-22 0
-4.02414e-39 -6.4594e-36 0
7.09292e-33 -4.00083e-32 0
-2.73519e-26 -2.14194e-25 0
4.54441e-35 -8.10555e-34 0
-0.0716215 1.00593 0
-3.24112e-36 -6.75892e-35 0
27.0508 -36.7681 22.5968
-2.31025 17.4986 25.7002
-3.9862e-28 3.98198e-27 0
-11.6231 33.1999 12.4256
0.0002467 -0.000415648 0
2.40217e-31 1.39803e-31 0
5.54725e-06 -22.8615 34.7226
0.226863 -27.9248 -4.25635
-102.021 58.9965 8.05798
60.9487 -167.668 81.4749
-2.24778e-24 4.97387e-23 0
2.06505e-13 3.13995e-12 0
2.64644e-15 2.27847e-15 0
23.7562 6.69434 -7.69615
37.4851 10.8509 -6.99717
4.77367e-12 7.38207e-11 0
-7.93075e-06 -9.69726e-06 12.4266
3.16293e-08 -1.45855e-05 33.8203
-8.66882e-07 -4.36492e-05 13.3186
-21.4558 15.5983 19.457
8.2229 -17.7033 -6.60998
-1.30387e-25 2.65037e-25 0
4.71491 27.0526 19.2814
-48.5843 31.7858 52.8233
5.54176 20.7238 8.5775
9.77899 4.43985 -8.02994
17.7081 7.67038 13.1037
3.13796 -42.8927 -0.843574
3.08414 25.876 9.92845
-3.77384e-25 1.31821e-20 0
0.697339 -15.0387 -1.69698
1.12537e-12 4.21522e-12 0
-1.98001e-32 -5.71925e-33 0
4.25678e-11 4.86158e-12 0
-0.355064 -0.170714 8.11063
30.0265 29.5217 23.1287
74.3596 -92.9787 21.8138
-1.71117e-30 -1.68848e-29 0
8.73159 19.9237 11.8698
3.55185 -19.1697 17.8301
-0.452858 -24.5372 -8.97277
8.24519 -42.3141 16.7483
1.37888e-12 2.13347e-11 0
-1.58767e-34 1.92449e-34 0
-37.684 -18.1741 -3.25322
8.27392 -46.9124 3.46086
-1.57457e-25 -1.25992e-24 0
-0.15109 -39.285 8.01712
21.429 14.6097 8.93547
6.25443e-05 1.79829e-05 12.433
1.02993e-07 2.30735e-08 33.8394
5.27771e-05 1.51636e-05 13.3358
-4.05491 -5.55306 9.2695
-3.58598e-24 -5.38036e-24 0
46.8963 -41.467 21.6076
3.57539 -0.355947 -6.4917
5.38333 -0.117704 5.17106
6.41144e-20 6.86708e-20 0
-13.1009 15.4679 27.3777
2.03873e-12 5.3822e-12 0
-1.01024e-18 -8.08524e-18 0
3.35406 21.6777 12.6426
-1.55884 12.4527 11.5644
2.59844e-20 -7.2314e-21 0
26.2347 0.625788 14.4455
3.59045e-36 8.46058e-36 0
-1.28483e-33 1.00605e-33 0
-25.1136 -37.7058 1.51716
-1.21764e-33 -7.15632e-33 0
-9.66112 48.7562 46.5969
-9.17281 28.7219 41.181
0.000168454 0.00214418 0
3.4991 -19.2966 18.1554
1.78711 -3.10521 8.00647
-9.7935e-24 7.69696e-24 0
4.6147 15.12 -1.18238
3.66234 25.8961 5.57438
9.90502 15.6228 12.7888
-5.18534e-35 9.78104e-36 0
-11.7833 -41.9329 -8.35268
-3.60198 -24.8402 -0.974792
4.23883e-18 -2.32943e-18 0
5.50607e-05 1.59384e-05 12.4269
3.12664e-05 2.35817e-05 33.8204
-2.29226e-05 4.92159e-05 13.3188
0.00192112 0.00178152 0
-2.36127e-26 -1.86838e-25 0
5.92354 22.9692 -4.94879
-23.4207 -29.642 9.8274
-9.32371 -20.2303 45.5568
-4.5584 -14.005 8.72744
-2.82262 15.6009 22.9641
1.10975e-08 1.13551e-08 0
1.40173e-16 2.18362e-15 0
7.17631e-06 27.7611 32.4986
-0.226607 27.9247 -4.25639
4.70041e-34 -7.93262e-32 0
-8.00033 16.5111 6.57124
-2.56908e-35 2.09041e-35 0
-7.05841e-24 -4.9156e-22 0
2.97899 8.26894 0
-3.06818e-25 -8.39584e-25 0
1.6979e-10 3.75456e-10 0
3.51086e-24 3.0227e-24 0
-2.53392e-15 5.60705e-14 0
-61.2333 -28.4292 23.3652
-0.492688 -33.9932 -7.49549
31.0657 35.7631 57.5236
-3.69762e-33 -3.01537e-32 0
19.1354 -0.472201 7.68005
7.23841 51.0305 6.10368
-17.7612 -29.3386 34.6246
6.86165e-27 -3.09856e-26 0
5.2496e-36 9.2344e-35 0
6.20253e-34 1.55357e-34 0
7.84195e-09 1.21335e-07 0
-1.04766e-32 -6.83747e-34 0
7.19743e-33 1.47189e-33 0
1.67221e-32 -2.33011e-32 0
-3.17175e-26 -1.37148e-24 0
1.08402e-34 -6.71723e-35 0
8.91654 31.4139 -4.73678
-2.53971 2.66185 -4.19272
-6.59964e-14 2.85525e-14 0
11.8707 -8.65197 -1.29389
2.57361e-16 2.27314e-16 0
1.16565e-32 -1.06302e-32 0
3.54663e-34 -2.70478e-34 0
1.98907e-33 2.46011e-33 0
6.325e-36 -1.65079e-35 0
8.98283e-36 -2.46943e-34 0
6.80675 32.2896 4.08952
-7.58417e-34 2.99885e-33 0
12.5738 29.4389 -1.85717
7.60214 -3.5035 -6.104
4.34938e-30 3.30841e-29 0
1.83026e-18 1.9686e-18 0
-3.81954e-24 -1.57761e-24 0
26.7844 3.15735 9.71971
2.02412e-20 -1.0239e-24 0
4.15418e-34 3.62113e-34 0
2.23646e-19 2.39505e-19 0
-4.91882e-27 -2.09058e-25 0
-23.8558 -5.48383 8.96577
-7.93099 -27.1164 -4.46105
-22.5345 14.9566 7.68976
42.606 -28.7435 13.6282
-1.36641e-14 1.10591e-14 0
7.36056e-20 -5.01638e-19 0
1.78702e-31 4.06186e-31 0
-8.18421e-36 -4.66137e-35 0
-17.1733 27.7659 20.1391
-11.0097 17.4452 27.8209
9.10685e-09 1.40906e-07 0
-1.47887e-27 3.85424e-27 0
4.02238e-12 -6.20492e-12 0
-2.08912e-14 2.378e-14 0
-5.19911e-35 -6.32769e-34 0
2.43606e-31 1.18441e-32 0
3.24882e-16 4.51046e-16 0
82.1109 2.69248 -7.52163
13.3776 18.224 7.24026
-48.2318 34.3789 -3.58038
-4.98203e-36 8.87512e-36 0
1.24219e-05 -8.66071e-06 0
7.6851 31.4568 14.998
-2.55152e-25 -4.88978e-24 0
2.93767e-05 -1.96051e-05 0
27.865 -25.1487 9.66772
-57.2008 15.2728 5.96649
-1.51641e-26 -4.37056e-27 0
25.8389 3.08994 9.94339
1.31792e-20 1.66409e-25 0
-2.08047e-28 -8.6321e-27 0
-23.285 8.85865 14.2881
1.88155e-29 -1.642e-30 0
1.03891e-12 3.89135e-12 0
12.6229 11.0156 -9.35118
-1.05174e-22 -3.03161e-23 0
-4.03709e-26 -4.99853e-27 0
-6.43334e-31 -7.78447e-31 0
26.3335 47.4466 51.5668
-41.4343 -66.4353 34.1854
-74.2921 13.7227 39.6341
5.39259 -49.8272 11.209
-5.5068 -8.39437 -6.67162
0.00803243 0.00176068 0
-10.6669 2.99351 5.57091
1.93965e-08 3.00113e-07 0
2.43239e-05 -1.33592e-05 0
-2.61948e-14 2.12239e-14 0
1.30499e-09 2.01916e-08 0
7.71126e-17 4.77755e-16 0
47.7425 13.6019 52.3423
2.68254e-31 -2.87886e-31 0
-2.59021e-33 -3.41434e-33 0
1.75498e-19 1.51096e-19 0
25.6826 -39.9024 23.2618
-7.24272e-11 9.38407e-11 0
17.32 38.1963 -6.75945
-1.31152e-26 5.09119e-27 0
1.25588e-32 1.57816e-32 0
-5.21201 15.2799 2.09203
-2.50002e-22 -6.69982e-23 0
26.9082 -1.10906 10.106
1.31735e-20 9.91432e-25 0
36.6611 19.8609 3.24012
-0.577148 -16.703 2.98515
18.4696 -7.79992 20.9516
2.8407e-35 -3.29159e-36 0
45.8861 -13.2034 7.89156
2.3421e-31 -2.01726e-32 0
-8.98537 -37.9991 6.49884
-7.28456e-35 -1.34162e-36 0
4.55008e-12 7.03602e-11 0
4.6606e-22 3.77326e-22 0
1.2688e-33 4.17902e-34 0
-6.98818 -38.4155 -8.94087
1.58378e-29 -1.28118e-28 0
15.9652 -2.15126 -4.15342
9.27501e-27 1.02407e-26 0
12.9553 -1.53404 -9.66258
-3.06066e-33 -6.07549e-35 0
-2.80367e-14 2.2736e-14 0
1.26762e-12 1.96135e-11 0
16.8738 92.1895 57.0529
-8.68126e-34 4.49529e-34 0
-16.7217 -29.6369 36.804
8.13002e-22 8.7078e-22 0
-6.52187 -16.7801 -4.5812
54.086 -26.8755 21.7382
5.40683 -9.63782 4.96152
15.984 -2.24976 -0.238916
-15.0224 21.3755 -3.31716
-4.51303e-33 -1.26349e-33 0
8.47225 -37.7168 3.59773
-9.10544e-26 -3.93722e-24 0
-2.67665 -29.17 6.46011
-35.9329 52.0304 32.5936
-8.38915e-31 -7.44691e-30 0
-4.53426 -5.92604 20.7857
-1.58227e-31 -6.84231e-30 0
6.06255e-14 9.3803e-13 0
-2.06526e-14 1.96933e-14 0
3.14758e-28 -2.39576e-28 0
12.2896 -6.1538 -0.801734
0.597628 3.32341 -4.98184
-5.99587e-23 -5.46585e-23 0
-5.53924e-35 -4.56305e-35 0
6.98161 49.1944 2.14312
0.836729 27.5747 18.5684
-1.28937e-10 7.45409e-11 0
26.8992 27.6141 4.11593
59.0079 -13.3482 21.8932
-18.2442 -15.8146 -6.7817
-19.4002 9.53778 15.4453
4.3315 13.2342 22.3632
1.13097e-30 4.34448e-31 0
1.6694e-35 -1.2782e-35 0
-20.1966 3.54322 17.7908
-1.31668e-20 -4.65528e-25 0
35.6702 43.6293 -5.38575
-1.44947e-18 -6.26902e-17 0
21.689 5.66727 -4.92882
12.0748 -31.0369 5.54539
25.7615 -3.84815 -3.84563
-7.28636e-35 -2.74286e-35 0
0.587687 32.2488 17.2946
15.0195 -20.2181 -3.17457
6.83144e-27 7.13933e-27 0
-31.2554 77.3538 -10.0209
-1.92749 12.8351 12.9895
5.79182e-36 -5.80835e-36 0
-2.15895e-14 2.17546e-14 0
-34.9055 -17.1307 26.0713
2.68069e-12 4.14491e-11 0
23.9358 83.9747 -4.53081
2.02629e-13 6.1888e-13 0
-27.2382 61.5235 -4.56473
-1.76752e-22 -5.09462e-23 0
3.28801e-17 5.64101e-16 0
14.6617 10.9336 32.372
-15.617 12.2408 8.44234
66.1027 -44.4439 18.5301
-2.4039e-23 -5.87732e-23 0
8.42289 62.4544 11.4609
4.82263 25.0945 -2.35735
16.7209 25.9551 -5.07836
1.43477e-19 4.79922e-20 0
-4.01717e-28 -6.11731e-28 0
4.40753e-34 -3.3602e-33 0
1.72028e-12 2.66171e-11 0
-19.2509 3.50302 18.1605
-1.3171e-20 8.45255e-26 0
-3.11819e-29 7.68656e-30 0
-11.785 -1.24643 22.2856
-4.19095e-32 -2.18753e-33 0
-1.6385e-28 -6.60623e-30 0
-22.3045 0.58629 -9.70199
-3.74785e-25 3.44216e-25 0
2.80563e-30 -2.38276e-30 0
-2.49972e-30 -4.59539e-31 0
-4.50095e-23 3.6452e-23 0
4.43959e-17 4.95537e-16 0
-5.7268 -16.1622 12.0537
9.22912 -29.0782 -3.40016
-6.89704 -5.55722 -3.56959
-18.3211 20.1848 13.703
-2.12485e-32 2.63537e-32 0
-3.82669e-18 -9.79977e-18 0
17.8612 -10.7466 -4.34131
-7.97565e-18 1.76485e-16 0
-8.20512e-25 -3.50093e-24 0
-3.63265e-18 8.03863e-17 0
27.6641 -69.4088 3.05876
-1.97356e-32 -2.00287e-32 0
13.414 -23.5965 53.9605
5.18829e-12 -1.00724e-10 0
-44.7142 -20.0879 6.24793
-2.21792e-35 -2.4396e-34 0
1.33432e-12 2.06262e-11 0
2.39807e-08 3.71043e-07 0
-1.64804e-05 4.34762e-05 0
0.0549546 -13.7078 6.2202
3.29237e-17 5.09412e-16 0
-20.1242 -0.881522 19.0658
-1.31668e-20 6.73582e-25 0
-2.32864 -7.18949 -5.90739
-35.0521 -0.798983 11.4017
-7.70402e-35 -6.45692e-35 0
-2.83547e-34 -2.0403e-33 0
-7.54778e-21 1.67017e-19 0
-4.31652 25.1341 18.8885
-7.60097e-27 9.42952e-27 0
-4.38727e-15 -1.34982e-15 0
-21.3792 12.9487 -4.39605
-1.93123e-34 1.86141e-34 0
8.0614e-36 6.42379e-35 0
1.32397e-35 2.59248e-34 0
-11.6242 21.9953 -6.26888
-4.99798e-12 1.10595e-10 0
51.4807 13.7172 41.2358
-1.20442e-26 -3.47166e-27 0
5.28103 -2.01068 13.9175
22.168 10.3453 11.4761
-31.2221 -12.4082 21.5705
-4.82481e-32 3.79075e-32 0
-9.84405e-33 1.42914e-32 0
-18.3247 -6.15528 22.9692
-12.693 29.3173 -9.14964
-1.39768e-23 1.82947e-23 0
-0.000133467 0.00116049 0
43.356 25.5319 -6.05136
1.31331e-19 4.33631e-20 0
-3.27352e-22 -1.41617e-20 0
-4.43953e-31 5.15585e-31 0
6.75332 17.1262 5.1431
1.27167e-36 -4.47155e-35 0
-2.14939e-36 -6.20324e-35 0
-3.94865e-25 -3.38744e-24 0
2.41852e-35 -2.58866e-34 0
-0.158702 2.36687 0
-4.49587e-27 1.60413e-27 0
-1.43212e-31 -3.78128e-31 0
-2.14933 22.4405 22.2307
-4.37994 1.44792 1.15029
-11.5277 27.2053 5.76616
-5.12328e-20 2.73389e-19 0
5.51362e-13 8.53096e-12 0
5.37063e-06 -22.8614 34.7226
0.226511 -27.925 -4.25618
-7.47566e-32 -5.32398e-33 0
6.73777 6.38239 28.9282
-3.2674e-21 1.91321e-20 0
15.9798 -43.1545 27.2529
-1.89095 18.387 -2.04846
-10.0227 -2.97174 -7.62756
-2.07557 26.5954 -2.92581
11.1368 24.3152 5.53263
-8.72247e-05 -8.78115e-05 12.4268
4.29032e-08 -1.4575e-05 33.8203
6.00115e-06 -0.000261218 13.319
7.23586 -7.4656 2.50403
-13.3748 -18.4365 4.26184
9.14638 0.203535 0.825791
0.533232 0.190928 0
-12.095 -16.333 4.44295
14.7832 9.50519 5.07865
-7.99853 6.59237 -1.54518
3.41265e-24 1.0452e-23 0
3.10434 -42.9158 -0.900614
3.08637 25.8769 9.9285
-1.68529e-22 4.42888e-20 0
-3.02419e-15 -1.24794e-14 0
3.38361e-12 1.26737e-11 0
-6.43418e-25 1.42375e-23 0
1.7483e-14 2.68882e-13 0
-6.52651e-31 -2.63753e-30 0
-8.15147 -3.74827 1.76676
8.65341e-33 -4.87876e-32 0
7.67557e-25 -3.54801e-25 0
2.07611e-28 -6.93464e-29 0
3.55208 -19.1696 17.83
-0.452888 -24.5369 -8.97304
1.19198e-23 2.18387e-24 0
-2.61507e-07 8.92897e-07 0
50.367 -0.0577921 88.2557
6.46828e-33 -2.01669e-32 0
45.3576 -7.02726 26.6036
-5.35046e-26 -2.31356e-24 0
-4.5063 -36.9902 50.471
-1.23434e-12 -6.13901e-13 0
5.2326e-08 -1.30917e-07 12.4326
5.81099e-05 1.67296e-05 33.8396
4.04723e-05 -2.32798e-05 13.3356
3.65898 23.4795 25.6402
-7.90561 4.54894 2.66252
-1.42195e-25 -1.12722e-24 0
3.71771 -0.327375 -6.599
5.58977 0.981961 4.65259
30.1278 39.0538 44.6533
10.6767 24.3331 20.5346
3.12309e-12 3.34504e-12 0
-5.63327e-23 -2.08627e-21 0
3.35443 21.6773 12.6424
-1.5588 12.4526 11.5644
6.99061e-08 -1.15297e-07 0
-1.71667 0.781529 13.5643
-4.27124e-33 1.32223e-31 0
-8.32907e-34 9.73166e-34 0
-11.2398 -13.0559 0
4.20039e-12 6.49581e-11 0
-1.00897e-17 -8.07347e-17 0
15.0163 -6.72188 -5.03971
2.09662e-12 2.98656e-11 0
3.50128 -19.2972 18.1565
1.78929 -3.11075 8.00622
3.92738e-32 -6.53901e-31 0
5.58303 17.8795 -1.80822
-2.60508 48.9889 4.40018
1.16196e-27 -3.60743e-27 0
-8.1852e-34 5.73945e-34 0
-1.6272e-31 -1.81811e-29 0
7.32664 -14.6783 -8.90213
7.4409 -34.737 18.464
7.42908e-08 4.81263e-08 12.4266
0.000150907 5.80326e-05 33.8208
6.92361e-08 3.83841e-05 13.3186
9.33608 -2.59787 -2.96108
-2.03608e-26 -1.62855e-25 0
-25.6933 54.9751 10.7028
-71.8937 3.14604 11.9978
3.46779e-33 -1.49546e-32 0
2.76616e-28 2.74894e-28 0
-4.84897e-16 -1.39771e-16 0
-1.59438e-18 -1.2385e-17 0
-3.51665e-33 -3.94983e-31 0
0.000121533 27.7613 32.499
-0.226477 27.9253 -4.25614
9.7664e-34 -7.90712e-32 0
-1.39785e-22 -1.11354e-21 0
3.28247e-05 -3.32828e-05 0
-34.2138 11.054 -5.16659
7.89777e-28 6.45918e-28 0
-2.18322e-23 8.55165e-24 0
7.88666e-35 -3.00554e-34 0
-11.4918 14.4726 11.7888
-1.38853e-15 3.07254e-14 0
5.66644e-36 -6.96006e-37 0
1.51737e-34 1.2449e-33 0
-31.6004 31.8863 -5.5462
-4.97253e-29 -6.44039e-29 0
-7.40554e-33 5.88642e-33 0
7.83095 59.8244 8.76669
-8.95416 -19.2526 12.6331
5.2502 20.4604 48.0595
2.30973e-22 -2.99935e-22 0
-6.551 -18.0135 61.0455
-1.00555e-26 -1.1846e-26 0
-52.5551 -6.72944 -2.01956
5.78897 -0.480113 2.80329
-59.2146 19.1046 11.4022
32.3431 -73.9578 3.06207
38.3068 25.7631 36.2315
-84.4116 9.87887 32.3385
29.0782 20.4934 -6.85494
-3.76046 15.9046 -6.00093
-4.42097e-17 6.58431e-18 0
-2.13643e-17 -2.88093e-17 0
1.16283e-32 -1.06117e-32 0
2.99987e-34 -2.28531e-34 0
6.65801e-37 6.22615e-35 0
-7.30387e-14 -1.61178e-13 0
1.05332e-33 -7.89507e-33 0
-4.1268e-26 -2.33772e-26 0
7.15157e-24 -1.64629e-24 0
-13.8041 -3.37638 21.8453
9.35713 -3.04472 -6.90726
-8.06546e-17 8.17045e-17 0
-33.9847 29.7136 3.28998
15.9811 -46.5311 -2.49246
26.7835 3.15954 9.71825
1.31746e-20 -3.58815e-25 0
-12.1092 -12.0844 -7.12936
1.01351e-27 1.08542e-27 0
-15.839 -7.94632 -2.87233
17.2498 21.8122 -1.25998
1.47628e-05 -1.83051e-05 0
-12.1335 -13.058 -6.42171
3.80841e-21 2.60909e-20 0
8.13461e-27 -1.00637e-26 0
4.3243e-30 4.6316e-30 0
1.50963e-29 3.43558e-29 0
-2.34797e-37 -1.65791e-36 0
8.05185 21.5266 42.0886
0.000724859 0.00129444 0
-1.76669e-34 5.22132e-33 0
-9.30575 -111.794 23.53
1.0751e-19 -3.32815e-21 0
3.10593e-24 3.22895e-24 0
-9.05331 -26.1443 53.1189
5.37928e-31 -3.4648e-31 0
14.6039 34.6656 4.07605
81.9385 4.7898 -7.19026
12.6403 17.8665 7.28253
-48.9041 34.7621 -3.786
-5.08632e-18 -4.06999e-17 0
11.7577 -55.423 -5.02267
-34.5397 -8.21882 19.6618
-36.2401 3.23061 3.66536
-3.89889e-32 -1.12676e-32 0
-9.27628e-07 -3.43293e-06 0
4.48806 -7.76054 3.54133
11.3678 42.4525 5.80219
25.8354 3.08944 9.93917
1.31734e-20 3.38143e-25 0
-14.2524 13.2472 30.3099
-39.7607 -3.90932 -7.13728
47.6694 34.5337 -7.53227
24.4812 -10.0536 -4.97845
-5.05686 -25.826 -1.76614
-3.28523e-31 -1.52802e-31 0
5.61202e-35 5.63126e-34 0
-37.6823 35.7377 70.7885
-1.24759e-14 1.19197e-14 0
-1.34892e-18 -5.83279e-17 0
-4.23396e-21 -3.3879e-20 0
-8.69122 -46.4985 15.3052
13.1691 63.0536 33.0206
-14.1104 -8.43852 -6.50704
-22.3168 9.30141 -7.27325
-57.3331 -8.89928 47.5817
10.695 -3.79348 -5.48693
-2.33757e-35 8.37565e-36 0
16.6399 -95.5691 25.7055
31.0825 -19.4262 58.724
42.5081 16.1081 63.4171
-1.08557e-08 6.86231e-09 0
-8.67966e-17 -4.31683e-17 0
-4.93674e-32 4.87385e-32 0
27.8446 -7.79172 4.21852
-8.02449 18.7171 -2.64794
43.2753 -3.26211 28.341
21.7531 73.1867 27.3091
30.3387 10.4945 37.2235
-36.8155 22.473 28.5112
-8.00941e-18 -6.40964e-17 0
26.9074 -1.11077 10.1047
1.31667e-20 8.73111e-25 0
6.41155e-16 6.86603e-16 0
-37.3758 -7.05209 3.19294
-4.43272 -4.06826 -7.61678
2.20404e-21 1.94671e-21 0
38.4597 76.367 19.3747
17.7288 -30.498 12.8478
-0.0597379 16.9979 40.8849
-35.2385 -48.9591 87.4589
-1.30809e-27 1.62278e-27 0
7.0172e-23 5.68118e-23 0
1.9317e-33 7.83848e-34 0
-6.92558 -38.4138 -8.94107
5.84241 -4.86136 -6.10481
8.01721 -60.3115 -5.49442
-14.8411 -38.3608 5.2114
-2.07969e-34 2.06755e-34 0
34.1343 20.4003 27.1194
11.088 6.58476 -6.66264
37.2749 6.68112 7.87894
5.52551e-33 -2.08293e-32 0
-4.21842e-34 1.41945e-34 0
16.8247 -39.9991 2.16673
5.25274e-12 8.12357e-11 0
-8.27966e-20 1.83212e-18 0
1.55319e-28 4.20588e-28 0
5.7355e-33 4.36505e-32 0
2.0481 -2.209 -3.23985
-9.20219e-31 -1.18836e-30 0
22.9393 7.30259 -8.23586
156.899 18.3476 11.7289
2.72317e-16 1.01999e-15 0
13.6202 -36.8408 16.6748
17.6215 -10.2188 -6.59366
-3.72984e-29 -2.38357e-28 0
-24.8727 -46.6113 45.5174
-1.99601e-33 -2.88115e-33 0
-1.87023 21.7281 10.3754
-2.1037 34.2014 -3.78869
-20.8337 11.6831 -8.67955
-2.05552e-31 -3.08397e-31 0
-4.639 20.1152 7.11629
-7.84509e-22 -7.18467e-22 0
-5.53916e-35 -4.56298e-35 0
6.98427 49.1948 2.15136
0.853066 28.2878 18.7915
-27.6258 -4.21339 4.04789
-8.0451 -1.93351 7.14586
1.80388e-35 -1.0551e-36 0
-2.73993e-32 -3.30415e-32 0
-4.97671e-20 6.17395e-20 0
-49.3747 10.8552 -1.67759
-1.2396e-22 -5.35973e-21 0
-0.0786523 0.0650275 0
-20.1967 3.5413 17.7929
-1.31735e-20 -3.41094e-25 0
48.619 20.542 27.2403
6.4751e-31 1.41509e-30 0
-1.41421e-34 -2.51065e-35 0
-35.6521 16.5977 -7.32969
2.32772e-16 3.59469e-15 0
-18.9816 -24.4598 -8.93547
10.5863 47.2816 82.3824
-9.61037 -3.11544 1.76739
-6.1158e-22 -2.64449e-20 0
-31.6451 77.2513 -9.9052
-1.62548 -22.133 8.71363
9.19907e-34 -7.00584e-34 0
-1.11944e-23 -3.22678e-24 0
50.6474 -20.8961 1.2864
-1.00582e-27 -1.18492e-27 0
-9.64646e-28 -4.17116e-26 0
0.000369302 0.00571404 0
-5.01226e-35 2.3756e-35 0
-1.41915e-22 -6.13819e-21 0
-8.77382e-23 -3.79427e-21 0
14.835 9.92744 30.1051
-16.0418 12.1219 8.36548
44.7492 -1.51311 -6.37133
-1.87198e-29 -4.32202e-30 0
2.36044e-11 -1.86188e-09 0
4.04418e-20 3.48186e-20 0
-70.4176 -5.99554 38.8476
-23.9698 -23.0264 4.85182
-35.1212 -24.4984 5.01776
25.0051 -3.0423 13.3486
-3.18703e-31 -8.79405e-32 0
-19.2517 3.50357 18.1663
-28.8604 -2.42036 -8.08114
-5.33686e-21 2.61612e-21 0
-1.96452e-22 -5.66264e-23 0
-1.74386e-32 -9.58068e-34 0
-5.80893e-21 -2.88907e-21 0
-22.5068 0.591532 -9.84098
6.55135 10.9845 8.87917
-25.7595 -21.5714 15.521
29.6639 -19.4725 13.9851
3.18352e-22 4.90475e-21 0
8.30702e-21 3.77798e-20 0
-6.28595 -15.7402 12.1636
9.46138e-35 -4.95811e-34 0
4.26821e-06 -4.46145e-05 0
-6.64338e-31 1.35148e-30 0
-21.9318 -3.58912 8.14573
-8.27954 2.61662 16.5585
1.56856e-15 1.68003e-15 0
-37.5576 10.1874 87.2309
11.4674 4.88813 0.949
1.48398e-24 1.58653e-24 0
27.1492 -69.8584 2.78588
-1.97238e-32 -2.00672e-32 0
-26.3318 1.70726 45.8451
46.3883 -18.9222 -2.74597
2.49126e-10 3.07086e-10 0
7.83813e-18 1.21291e-16 0
2.31199e-28 -7.72265e-29 0
-3.92601e-32 -5.55758e-32 0
-1.91919e-15 -3.2044e-15 0
1.61261e-08 2.49512e-07 0
1.37984e-08 2.13495e-07 0
-20.1245 -0.880286 19.0673
-1.31736e-20 9.22872e-25 0
-2.89409 10.3512 2.65832
-35.0652 -0.759486 11.4463
-7.29736e-32 -7.09619e-31 0
1.12644e-19 1.82133e-19 0
8.9222 -65.2937 28.7573
11.938 -8.21757 9.79029
-0.000912696 0.000628496 0
-33.8987 -41.178 -4.77001
5.76056e-15 6.52989e-15 0
-1.93121e-34 1.86138e-34 0
-1.29292e-36 4.96602e-36 0
3.32862e-11 1.97199e-11 0
-1.18945e-15 -4.30024e-16 0
-2.24149e-19 -6.45995e-20 0
-62.2021 34.2046 1.24174
-12.6747 5.27464 -4.98038
-18.0213 -8.84846 -3.89232
-17.6619 10.1961 0.721032
-14.5475 16.0498 8.20389
9.95439e-11 1.57252e-12 0
-35.5391 -40.7892 -2.51532
9.128 0.601094 -3.92779
-1.68239e-29 1.34525e-28 0
9.90666e-05 -5.36488e-05 0
2.3316e-21 3.02253e-22 0
2.67604 72.5363 56.6932
-1.72155 -4.13233 8.20722
1.20612e-19 1.29184e-19 0
-6.3608e-28 -1.933e-27 0
-6.06124e-29 4.76367e-29 0
7.25603e-36 -2.40019e-34 0
6.29956e-36 -2.5416e-35 0
-3.69653e-21 -3.18639e-20 0
3.83739e-36 -3.07228e-35 0
-0.125421 2.36909 0
2.89663e-30 -9.66221e-31 0
-17.4137 -28.932 15.5305
0.853332 31.4958 15.5165
9.60723e-17 3.57502e-17 0
11.5526 24.818 3.78436
-1.79161 9.07085 -5.93167
-2.18113e-22 -3.43982e-21 0
5.21075e-06 -22.8615 34.7226
0.226522 -27.9248 -4.25616
9.83209 14.7327 25.2133
2.05694e-32 9.52188e-34 0
-1.74554e-23 9.31974e-23 0
20.1678 -43.2495 30.4065
8.92342e-17 9.55758e-17 0
-4.87922e-24 -1.48153e-24 0
18.9976 -25.5778 19.3494
11.564 7.47567 -0.519818
0.000113591 -0.000113703 12.4268
-3.89219e-09 -1.45815e-05 33.8203
0.00015156 -0.000369004 13.3192
3.44508 -0.624884 -4.83708
-4.30835 8.46301 -5.20559
23.9041 7.07595 22.7527
4.47893 1.68779 -10.0287
-2.13534e-13 2.73293e-14 0
26.3013 -45.9514 4.68528
7.88456 3.2376 9.96618
11.5691 17.9262 -3.55598
3.06487 -42.997 -1.12104
3.08872 25.8747 9.92719
-9.31588e-21 1.7307e-18 0
7.65646e-33 4.29063e-35 0
1.7973e-12 6.73197e-12 0
2.79283e-21 5.57495e-21 0
16.9497 -11.1363 14.8342
1.48558 -29.7083 -5.58029
-7.3636e-20 1.05244e-19 0
8.0201 7.13869 -8.83774
-1.25268e-25 -3.35848e-26 0
2.86887e-28 2.34129e-28 0
3.55217 -19.1696 17.8296
-0.453036 -24.5374 -8.9722
-11.9588 -18.5786 -3.2468
-2.34413e-05 -5.00886e-07 0
-43.3559 -66.7655 65.3968
-3.6067 14.1075 11.9097
15.343 19.0069 3.05825
0.211411 0.193803 0
20.2256 -33.9526 27.5323
16.0298 23.3011 -0.742285
2.06709e-07 -2.09894e-07 12.4326
2.01461e-05 5.80457e-06 33.8395
5.95889e-05 -5.13641e-05 13.3356
8.47251e-25 -6.45084e-25 0
-1.56898 5.49353 -0.331628
-7.47028e-34 2.09597e-34 0
3.48939 -0.396119 -6.76663
5.27334 0.896513 5.39499
2.02369e-23 3.83133e-23 0
17.0092 26.1218 26.8896
5.23062 11.4016 -6.06143
-1.24836e-31 -5.44706e-30 0
3.35463 21.6769 12.6417
-1.5584 12.4524 11.5645
-3.38087e-24 -9.7425e-25 0
-1.64713e-16 -3.40912e-17 0
3.58487e-35 -9.17817e-35 0
4.01836 53.1 -8.36908
7.57144e-32 -2.22187e-31 0
-7.04011e-15 5.69885e-15 0
-1.20552 -0.14147 4.0286
24.8374 58.261 -3.73599
1.77606e-30 3.22712e-29 0
3.50303 -19.2958 18.1538
1.76938 -3.12438 8.01609
-4.27097e-24 -9.86081e-25 0
9.81641e-27 1.13737e-26 0
5.84015e-34 1.76672e-33 0
-22.3442 0.855698 26.5081
0.0695413 -25.7345 -6.33199
-2.30112e-32 -9.15347e-30 0
-1.64826 -18.6723 -8.0446
-3.90098 -4.10512 0
2.07253e-05 -4.06462e-06 12.4268
9.27499e-05 4.1285e-05 33.8206
3.99979e-05 4.75174e-05 13.3188
-7.40665 34.6871 3.5883
-93.934 -46.0872 5.57164
-28.0797 -9.13428 18.6082
-2.24004e-18 -1.98898e-17 0
-7.80885 -16.0062 -3.61207
17.6246 14.8986 22.5033
3.29064e-21 2.13058e-21 0
-25.8845 -3.14982 71.3748
1.48125e-19 1.65757e-19 0
0.000108956 27.7613 32.4989
-0.226489 27.9251 -4.25635
-1.26502e-33 -6.73114e-32 0
-8.84462e-23 -6.6431e-22 0
-1.43706 -19.3224 -8.23097
1.97775e-05 -1.44238e-05 0
0.76413 23.3242 -2.05796
2.21864e-25 1.91024e-25 0
33.9006 12.2719 23.2207
-9.07812e-19 -3.92541e-17 0
-4.10904e-19 9.09245e-18 0
3.78198e-36 -1.4178e-36 0
-1.73288 -0.471349 0
1.32431e-33 3.00939e-33 0
-4.60469e-29 -6.12605e-29 0
5.08431 -1.01083 69.2148
-7.98928e-24 -3.45459e-22 0
2.31467 -25.6014 16.4518
-2.24299 -8.26048 -4.88322
-9.22295 18.0728 2.53409
67.4306 100.612 34.6319
4.20303e-34 -3.20416e-34 0
-27.1084 -28.4169 11.966
1.19421e-06 1.11335e-06 0
-1.6439e-26 -7.10827e-25 0
-1.68653e-35 -1.14901e-35 0
4.67224e-33 -2.58539e-33 0
1.99835e-30 -1.52151e-30 0
-8.77091 53.4296 3.16852
-2.57611 -1.09836 -1.46857
-12.9672 4.09244 -8.82891
80.5446 -39.6069 11.3747
1.14736e-32 -1.06279e-32 0
1.27009e-34 -9.58282e-35 0
-2.12435e-36 6.5691e-35 0
-3.8297e-30 -1.65597e-28 0
8.37611e-36 -1.26289e-34 0
-6.28928 -18.2355 -0.16139
6.46957e-13 6.66145e-13 0
-2.03256e-34 -3.13488e-35 0
2.83282e-25 -8.62243e-26 0
5.39733e-32 -5.17102e-30 0
6.59168e-21 7.05473e-21 0
-36.0006 99.1708 1.07099
26.7877 3.16018 9.72346
22.5334 1.31495 -1.76972
-9.41003 -9.33717 -3.44863
-28.5864 -26.956 -0.0852262
16.6119 69.9002 8.86474
-22.9665 -45.2644 60.8221
-57.0585 -1.45431 8.94458
-34.2855 -6.93559 8.62082
10.1118 19.0053 -0.980426
1.70461e-30 1.7371e-30 0
1.60716e-08 1.49038e-08 0
-19.5431 -51.2616 29.3639
-2.00364e-18 -1.60325e-17 0
15.7682 55.3659 37.3296
2.98142e-16 6.38843e-16 0
54.1284 64.1498 75.3413
-38.6562 -27.7475 8.15888
-2.92902e-14 2.37735e-14 0
7.23218e-20 7.74615e-20 0
4.41219 -54.8636 5.46696
29.6027 -11.2372 88.59
-5.70186e-26 -2.4655e-24 0
3.01785e-10 1.11077e-10 0
-0.360833 19.736 8.50341
12.643 8.57551 29.5612
-1.25583e-27 -5.43141e-26 0
-28.2735 4.39353 -4.97294
-1.44285e-35 -1.7703e-35 0
7.20606e-21 7.71233e-21 0
-8.42571e-25 3.65964e-23 0
-4.86912e-27 -3.95579e-26 0
6.95336 22.6346 22.8784
-9.19272 20.8193 34.5241
25.8384 3.08943 9.94316
14.0231 0.0646336 5.64899
-36.2889 -11.4142 -4.47052
2.28294e-23 2.44518e-23 0
1.06382e-28 -9.34489e-30 0
1.02436e-28 -6.23022e-28 0
22.9958 -4.88461 -2.82641
-61.4102 57.5962 18.1667
-3.39584 -1.77079 0
-19.1551 -4.75533 -6.58483
28.9411 49.1071 1.80243
-1.02283e-18 -4.42273e-17 0
2.79723e-29 5.29582e-29 0
23.9282 -40.649 23.1017
-13.2277 -13.5195 -0.888937
-19.0836 -9.34512 3.16554
2.6135e-30 1.55821e-30 0
6.69186 31.1201 -6.17971
45.409 -47.5957 -5.98409
-7.57082e-19 -3.27365e-17 0
1.18748e-34 2.87264e-35 0
53.0391 35.8714 -1.14862
-112.525 92.8893 111.785
8.46786e-33 -8.45484e-33 0
77.0533 -41.0726 33.1862
1.06785e-24 3.23348e-24 0
-3.67978e-36 4.59011e-35 0
2.05537e-33 -3.49871e-33 0
-42.7186 39.2932 12.803
2.41616 -14.099 -9.15817
48.5493 35.7883 29.5674
0.555333 -12.0651 1.29817
3.62277e-34 7.40066e-34 0
26.9119 -1.11206 10.1101
26.1056 1.12514 -10.5106
-26.3122 41.707 13.5244
-8.1842e-24 -9.64149e-24 0
-15.7035 15.2384 16.7345
-36.3569 -38.9223 -1.24405
-21.4679 -58.4127 -0.710409
4.69496e-15 -4.6859e-15 0
22.049 10.1801 2.57293
-1.0742e-25 -3.42855e-27 0
-2.76819 -12.8228 49.174
2.34859e-26 1.90143e-26 0
25.1621 43.1255 -7.41399
-7.6299 -38.4092 -9.59424
-0.322529 0.0208767 0
15.7897 -3.64985 -9.04335
-9.55531e-32 -1.30408e-31 0
-3.90163e-10 -1.50046e-10 0
17.2792 7.51413 2.23613
28.1088 68.0386 -0.629007
6.74488e-28 6.8118e-28 0
-7.1338 -3.1359 16.7431
-1.4824e-34 1.30924e-34 0
-9.79799e-27 4.76506e-27 0
3.64588e-25 6.44885e-25 0
10.3763 7.50452 12.4457
1.36045e-10 1.17129e-10 0
5.43376e-33 2.62305e-32 0
-9.1576 12.9328 33.8786
3.09413e-34 -3.14818e-34 0
1.00365e-27 1.00731e-27 0
-2.57058 31.7988 4.55537
-4.71764e-27 -2.03993e-25 0
4.14746e-26 -5.01259e-26 0
-1.16273e-26 9.13817e-27 0
1.19075 -2.90299 0
17.6386 -34.2853 -3.04882
4.7865e-35 1.75514e-35 0
1.13906e-35 -5.13145e-36 0
-3.75959e-30 -3.0075e-29 0
2.96355e-35 -6.361e-35 0
13.2136 -12.4871 -4.80264
-6.61671e-32 4.19401e-31 0
-3.29691e-25 -3.02418e-25 0
-5.53328e-35 -4.53555e-35 0
7.01439 49.2107 2.11469
0.818342 28.406 18.5948
22.9978 -38.9852 -6.81865
-9.17326 8.29438 5.8182
31.6835 25.7922 1.68903
3.84675 36.3046 14.5279
38.2879 29.881 -0.801719
44.1394 56.328 8.24903
1.50406 24.0084 -3.8531
1.47685e-16 1.5818e-16 0
-20.1977 3.54077 17.7923
-2.02405e-20 -5.04297e-25 0
6.84627e-13 1.05929e-11 0
3.38622e-13 5.39605e-12 0
-1.91594e-27 -2.87465e-27 0
-2.74022e-16 -2.71756e-16 0
-38.6217 4.16903 -2.16643
-17.818 -46.1962 -2.40121
-3.80859e-23 4.72481e-23 0
1.8171e-12 2.81152e-11 0
-9.80213e-35 -1.06549e-32 0
-30.2197 77.8544 -9.03551
-12.6656 -18.0749 9.3388
4.84783e-30 -8.38591e-31 0
6.53089e-14 -4.65061e-14 0
5.58441e-26 -3.73567e-26 0
-0.969286 0.681604 -2.0833
3.8652e-14 -6.99195e-15 0
22.4229 50.7658 12.1168
-3.73937e-19 -1.61691e-17 0
26.9906 2.76472 27.0903
2.08828e-31 5.68333e-32 0
12.7262 13.086 37.6428
-16.0402 12.1137 8.3694
-8.63836e-31 -3.38075e-31 0
10.3786 21.3071 -8.93032
0.00169918 0.00264952 0
-2.40331e-33 1.74697e-33 0
-2.34068e-33 -1.79436e-33 0
-23.8423 -12.9221 -2.59684
-7.7291e-11 -7.39312e-11 0
2.08175e-19 2.22945e-19 0
0.000158646 0.000237608 0
-19.2509 3.50322 18.1659
-1.31841e-20 6.49293e-25 0
-4.39045e-29 -2.86634e-30 0
43.9542 28.4889 7.23728
3.80983e-34 -3.07052e-34 0
17.8747 17.7465 -2.22117
-0.00232931 0.000535601 0
8.11924 40.1017 10.2535
6.78242e-35 5.85837e-34 0
-0.00207729 -0.00017047 0
3.48623e-08 5.39407e-07 0
7.82095e-26 8.37678e-26 0
-6.29009 -15.7302 12.1671
54.2074 36.8008 5.14441
-16.5147 -13.2203 9.32427
3.39e-09 -1.73425e-09 0
2.69151e-23 -7.49043e-24 0
4.36766e-17 6.75769e-16 0
14.3623 -19.7067 34.7613
12.2952 -8.47225 3.56534
-10.7353 -6.45483 4.42173
-14.2597 -13.851 9.37958
7.34929 -70.6632 4.75575
13.4233 -24.7401 -4.11134
5.50589e-31 -1.65684e-31 0
4.08971e-18 -3.32279e-17 0
63.791 50.3271 26.6026
-48.2971 -73.3412 30.823
8.16006e-13 1.26949e-11 0
-7.50332e-32 -3.34539e-30 0
-3.16279 29.4793 9.72556
9.18739e-17 9.84031e-17 0
-40.2332 26.3959 28.3844
-20.1263 -0.879689 19.0668
-2.02401e-20 1.84068e-24 0
5.20224 27.8008 28.2304
-36.7132 -0.467581 10.0425
-8.96794e-17 -9.21922e-16 0
2.43421e-35 -5.69785e-34 0
1.27586e-14 1.97409e-13 0
-7.1741 -13.6077 3.54271
-7.62393e-25 -4.10878e-25 0
-16.2342 -2.39546 8.6364
7.9775e-13 1.23432e-11 0
-1.25768e-34 1.20288e-34 0
2.65916e-35 3.87078e-34 0
1.06224e-12 6.26473e-13 0
-7.14426 1.92292 3.03094
5.44476e-29 6.63844e-28 0
-5.67188e-23 -4.53845e-22 0
1.07556e-19 9.98416e-22 0
2.68359e-34 1.57783e-33 0
-9.45186e-23 7.93338e-23 0
-17.6679 -10.6065 10.1927
-1.7407e-19 -3.86084e-18 0
-36.8712 -40.5514 -4.35655
-19.0465 -13.023 6.62155
-8.18564 -29.4474 31.2042
31.7941 20.3783 0.246092
27.8708 -6.09363 23.5443
3.45053 84.8765 12.5586
48.9294 7.20854 4.26802
1.47208e-25 1.26739e-25 0
0.230626 22.1388 3.52129
12.9021 37.5492 54.6537
6.47486e-36 -1.17916e-34 0
8.15299e-36 -1.00222e-36 0
-1.4857e-17 -1.28066e-16 0
7.95149e-31 -2.73812e-30 0
-0.00696885 0.0180165 0
2.43729e-35 -2.8438e-35 0
-9.32208e-18 -2.71642e-17 0
6.78178e-33 9.70571e-33 0
12.6902 38.9357 23.9263
-9.40661e-09 3.99e-07 0
8.39553 43.0326 35.357
-9.91172e-23 -7.93103e-22 0
2.08513e-05 -22.872 34.7163
0.228745 -27.9222 -4.24764
-1.25211e-31 8.17609e-32 0
4.38533e-33 -5.6778e-32 0
-1.94748e-15 4.30937e-14 0
-8.90341 -52.6004 28.2897
-4.66026e-12 5.76921e-09 0
-1.25875 -9.81061 70.2559
-21.2745 -21.3831 52.3222
-0.258688 -0.102319 0
0.000210847 -0.000120456 12.4261
3.34846e-06 -1.46758e-05 33.8194
0.000178624 -0.00014939 13.3179
-5.92376 -2.28549 -1.73009
2.50717e-05 -2.551e-05 0
-4.9285 10.7118 -6.13814
3.0041 2.56081 -9.07986
2.91312e-16 1.91662e-16 0
-1.73719e-30 1.36529e-30 0
-2.53906 30.3321 18.4809
32.7899 -12.8688 57.8349
2.81023 -43.25 -1.47027
3.08758 25.8878 9.91871
-1.3365 30.276 -5.93794
-0.00177341 1.18099e-05 0
9.91466e-09 3.71364e-08 0
1.58943e-33 6.0514e-33 0
-0.00639999 -0.00863997 0
-1.22143 37.1074 -8.92085
16.2466 6.0633 22.6645
6.97955 14.7825 5.69824
-17.0005 -2.83591 38.7802
1.11999e-28 -3.74101e-29 0
3.55192 -19.1866 17.8245
-0.452358 -24.5428 -8.98244
-1.9283e-14 1.88043e-14 0
2.75408e-31 5.62841e-32 0
17.7138 1.04815 35.0631
-7.45178e-35 4.87871e-35 0
-7.74718 -14.5127 -8.38086
114.436 -14.1793 45.6614
3.71118e-32 1.44931e-33 0
-5.66911e-35 -6.87342e-34 0
4.09878e-07 -1.42779e-07 12.4318
3.14012e-06 2.16508e-09 33.8385
2.0162e-05 -6.667e-07 13.3346
8.1655 -9.31072 -3.51791
10.2055 -4.98706 -4.22769
6.49673 -1.92012 2.99458
1.43085 1.11831 -2.44187
6.12584 6.04043 0.14243
-12.0279 -13.7737 -3.89716
-0.000701375 -0.00580189 0
-17.5434 3.10562 25.123
6.73228e-18 1.04183e-16 0
3.35446 21.6932 12.6343
-1.55748 12.4474 11.5653
-3.66542 2.54502 -3.4433
5.23785 15.8774 -8.34067
-4.44178e-16 8.18856e-14 0
2.4785e-25 9.28116e-25 0
47.5381 -19.7457 -3.28887
5.77057e-33 4.44581e-32 0
-1.15179e-11 -9.92835e-11 0
56.4558 -32.6169 19.7516
20.0089 26.9278 15.5328
3.50153 -19.3116 18.147
1.94966 -2.91202 7.87129
-3.35448e-26 -3.74796e-24 0
-1.5573e-15 3.44598e-14 0
10.8577 26.0302 2.91755
-3.10742 0.164009 -3.98727
-4.63014 -19.1133 4.81287
-0.181732 3.70724 6.54627
-4.64605 -10.6903 -5.46716
-15.8769 15.409 -2.70506
7.31218e-05 -3.01431e-06 12.4261
3.90627e-05 7.60824e-06 33.8196
0.000189079 3.91805e-05 13.318
8.87581e-26 2.01995e-25 0
-7.08635e-23 -5.67026e-22 0
8.41177e-28 8.5385e-28 0
-9.61247 -8.79937 -1.15744
20.9016 0.627557 13.4817
36.5202 -51.1898 18.2427
-1.7101 -29.8601 10.501
8.53702e-35 2.02448e-35 0
-6.73661 21.6415 6.15333
1.89395e-05 27.7707 32.4914
-0.226533 27.9241 -4.25427
-1.15335e-33 -6.64029e-32 0
-5.12068e-29 -3.3544e-28 0
-4.58896e-10 -2.66242e-10 0
2.08707e-25 -2.24434e-24 0
-3.12307e-30 -9.00126e-31 0
11.4152 -0.289538 -1.25998
-267.189 -113.793 124.553
-32.3361 -12.8946 15.6493
-2.66373e-23 5.89429e-22 0
-5.4538e-35 9.37837e-35 0
1.63016e-34 1.22439e-33 0
3.34066e-33 1.76314e-33 0
-5.47914e-30 -7.97626e-30 0
-30.0085 -5.33267 -6.73446
2.47897e-33 9.96447e-34 0
-10.7967 -27.5125 24.6649
-29.9475 -13.1923 -8.15429
5.1871e-28 -3.97936e-28 0
-1.43614e-28 -6.21941e-27 0
4.75927e-21 5.09436e-21 0
-36.9215 -30.4251 -2.71605
-2.70753 23.2024 8.82832
-2.3153e-22 -1.00114e-20 0
2.83265e-33 -6.38199e-33 0
8.89884e-30 -8.17053e-30 0
-0.00828699 18.202 105.66
-7.43868 -18.5721 16.3966
-1.34999 24.084 7.50995
1.05707e-33 -2.59654e-33 0
6.84177e-28 7.0817e-28 0
7.18403e-33 -7.09637e-33 0
1.27245e-34 -9.64774e-35 0
-1.49731e-34 4.03833e-34 0
-2.35877e-33 -2.3085e-33 0
0.258729 -8.76739 0
3.87659e-28 -2.00138e-29 0
1.93254e-36 -9.19648e-36 0
35.9076 -10.5611 17.336
47.7797 -0.771759 7.15287
4.23209e-26 4.53286e-26 0
5.774 4.70094 0.285534
7.84602 -31.0904 9.51358
-32.2235 21.1163 11.4551
29.4014 -0.356862 -5.36314
-15.1162 10.2876 4.09308
-1.08672e-21 7.28001e-23 0
-45.9183 46.144 26.6591
7.37701e-34 -1.93451e-34 0
53.6165 14.6513 24.0942
-8.97229e-17 1.44187e-16 0
1.47581e-11 -2.69021e-12 0
4.89186 -3.38872 -5.65163
6.78768e-30 7.47485e-30 0
25.1731 82.4979 -4.72406
18.5179 -76.5259 -5.46537
-24.4133 12.2545 37.0704
2.46685e-12 3.81686e-11 0
-3.61418e-11 -8.6533e-12 0
-19.9848 20.2997 -7.57738
2.15105e-20 2.31889e-20 0
-8.23422e-30 -3.56052e-28 0
-1.37755e-15 3.04823e-14 0
-3.37292e-19 -9.79046e-20 0
1.02517e-27 1.03938e-27 0
8.56883e-35 -4.90824e-35 0
-47.1677 36.4501 31.9869
-3.64262e-33 1.30952e-33 0
6.72241e-28 6.98238e-28 0
-8.85546 1.12855 -5.64385
-5.45738 16.2113 -9.62642
-3.19306e-26 -1.38069e-24 0
-3.98645e-34 6.0276e-34 0
-34.4378 10.1069 8.94842
-2.55715e-34 -1.20261e-32 0
-8.59658e-20 1.90225e-18 0
-19.0565 19.0574 19.5821
24.9532 0.24145 -1.37512
1.02434 -30.8143 10.2117
4.42066 -40.4612 -4.76592
2.66055e-19 2.84918e-19 0
2.58805e-33 -5.03336e-32 0
9.51674e-29 -2.86941e-29 0
18.0912 1.36827 19.4895
27.0267 24.5026 15.4734
-64.6072 49.2827 24.9023
2.34906e-13 1.23509e-13 0
42.6123 43.1004 36.8794
-58.7425 -11.7125 32.7959
-32.9323 26.1756 17.7999
-1.58223e-31 -1.26773e-30 0
-11.7132 -13.0263 15.6467
-51.2139 10.0317 -2.18468
0.000361309 0.000665915 0
9.75643e-25 1.85645e-25 0
9.22828e-26 7.16389e-25 0
-44.6438 -33.1834 2.22268
3.00523e-27 5.50596e-28 0
-49.1981 40.0042 38.6053
-28.7074 21.0033 7.02193
146.254 -39.2751 52.327
2.17161e-17 3.35987e-16 0
-6.83613e-14 -7.77722e-15 0
7.10984 -70.1411 28.0581
-0.280724 -40.7867 28.2468
1.37181 -31.707 -5.27049
-3.47715e-26 -2.74249e-25 0
1.56629e-28 4.78048e-28 0
5.21419e-28 5.48841e-28 0
-34.0386 -1.61198 18.3101
29.2785 0.987168 -8.19297
35.0844 42.6173 143.164
3.59016e-24 3.09097e-24 0
7.90324e-35 2.86264e-34 0
-4.53699e-23 -3.96192e-22 0
1.3466e-28 -4.29484e-29 0
-0.134965 -13.1219 18.8415
-1.07737 -14.2377 11.9517
-1.07846 50.4603 24.4991
9.33488e-20 1.44433e-18 0
2.91456e-30 2.35964e-30 0
2.28846e-34 4.68449e-35 0
-21.8588 -11.4891 8.9722
1.20191e-27 -2.86327e-26 0
18.3082 20.9866 8.13623
37.4508 11.2129 2.35549
4.54929e-33 4.78091e-32 0
-9.70641 25.2757 62.8152
-3.44479 0.380236 -3.83507
2.25044e-33 -4.75255e-33 0
8.59154e-20 2.64396e-20 0
-1.65044e-28 1.51583e-28 0
-19.1932 16.9521 16.1456
1.12558e-22 1.16463e-22 0
-2.47025e-14 2.00946e-14 0
-6.61146 12.3043 -5.94257
3.73865e-19 3.21882e-19 0
-0.0475929 -0.0550085 0
10.3017 39.5893 13.0459
-5.0127 -6.06093 -3.17768
31.7563 32.8682 19.5764
3.05001e-29 3.24512e-29 0
6.42909e-25 -7.87781e-25 0
-4.90384e-32 -3.64878e-31 0
2.17786e-19 2.33227e-19 0
-3.58948e-26 -1.5521e-24 0
2.28844e-20 2.50998e-20 0
3.44273e-16 3.68739e-16 0
4.99882e-28 -1.23005e-27 0
4.7816e-26 5.10334e-26 0
-20.7529 -19.274 5.60622
-0.0058707 0.00463593 0
-4.95545e-25 -3.95736e-24 0
-3.52746 15.4613 32.2521
-12.6368 40.5501 9.83103
-6.85573 15.5311 4.0259
1.89382e-16 -2.12811e-16 0
-2.01095e-26 8.98593e-26 0
86.9458 -49.4758 24.3237
1.50151e-24 1.60558e-24 0
31.1437 21.5362 -3.74997
-3.47658 -45.8076 14.4727
-11.2758 17.5277 29.1112
42.8372 -0.0932812 -5.94318
-21.2103 3.48477 17.6322
-2.0237e-20 -4.41866e-25 0
-15.3854 -25.4482 -1.63437
-2.8346e-24 3.81053e-25 0
1.50939e-13 2.54379e-12 0
4.70304e-35 2.55515e-35 0
-23.7275 0.499346 -7.43679
-39.7986 2.76912 10.9293
5.02865 9.05011 -7.6005
40.6447 65.6978 25.6806
1.50573e-08 2.32974e-07 0
202.645 -121.296 17.7296
-7.98587e-18 -6.39003e-17 0
-3.62419e-37 -1.32511e-35 0
1.34769e-36 -5.0359e-36 0
3.13485e-32 1.15086e-32 0
-13.9437 -18.8138 -8.35883
-100.199 70.6525 116.704
1.44347e-20 1.5454e-20 0
8.1172e-32 -3.90031e-31 0
-5.62988e-11 4.55624e-11 0
-12.2873 8.35418 28.7684
-36.2558 49.5585 65.7466
-15.2904 17.8098 5.6408
-1.56168e-14 1.26921e-14 0
13.1645 -6.59896 0
-7.69849e-26 -3.32885e-24 0
0.258361 0.722814 0
2.24432e-33 4.66229e-33 0
-2.77736e-22 -2.62443e-21 0
13.195 15.2761 1.81063
1.48289 4.88547 33.1116
9.52167e-13 3.19069e-14 0
-20.2399 3.4474 18.011
-2.02404e-20 7.89779e-25 0
-1.74663e-22 -4.52742e-24 0
-2.76651 0.747941 0
3.92914e-21 4.30629e-20 0
6.1057e-11 6.94262e-11 0
1.97509e-27 -4.50151e-29 0
2.90053e-31 1.13001e-31 0
-4.21957e-19 -3.03679e-19 0
-15.1936 -21.8505 22.8391
-4.18235 5.90087 14.529
11.5037 -62.7999 24.3515
-5.52492 -22.0837 8.69743
-4.49253e-28 4.1261e-28 0
-7.98047 -9.96437 3.73664
-9.93251 -22.1982 4.79886
8.52324e-31 7.91039e-31 0
61.1232 10.467 -8.42952
0.0163318 0.00322218 0
-25.1555 -20.9725 27.6061
-123.326 -5.78868 66.7856
-1.3112e-18 -5.66966e-17 0
-14.8602 -14.8845 38.3759
12.6698 -4.61266 1.7274
19.7528 52.7162 30.1247
31.3689 -18.1883 -8.60469
2.55204e-31 7.81651e-31 0
5.32133 -2.85779 -5.81801
8.21454e-32 4.77778e-33 0
4.32365e-17 -7.23905e-18 0
14.6815 -61.1259 1.06999
-1.87649e-26 -1.50139e-25 0
3.71118e-27 2.72812e-28 0
-21.1863 -0.87271 18.8906
-2.0236e-20 1.64944e-24 0
-10.7486 -23.9771 -2.30275
-39.0347 5.97167 -5.70622
-36.3783 -53.0269 5.9498
-20.4294 -13.9725 7.27937
-3.49469 3.88214 21.0979
4.77358e-31 -1.19442e-31 0
-19.3314 -8.45916 -9.23535
47.2716 48.7769 48.2582
3.80974e-08 5.89463e-07 0
1.20676e-19 1.68147e-19 0
-52.7686 20.4793 13.3518
2.92197e-20 6.39689e-20 0
2.10929e-31 1.22975e-30 0
1.32787e-21 1.14324e-21 0
-1.26223e-34 -1.67395e-35 0
2.46632e-20 2.64123e-20 0
1.07881e-31 3.74956e-32 0
-23.3353 3.4682 -3.29862
-0.000986859 -0.0021218 0
-71.4589 42.8566 7.65955
-38.7868 -39.8795 -7.26239
-5.66963e-35 -5.76782e-35 0
6.4265e-24 6.8792e-24 0
-6.68948e-27 3.56366e-25 0
11.8997 35.0745 -6.34216
-10.6374 25.0635 44.9678
1.06421e-15 1.13984e-15 0
8.32386e-26 1.25341e-25 0
1.05423e-13 1.63116e-12 0
-29.7177 -3.98094 5.26001
5.14149e-36 -2.3722e-35 0
2.19968e-24 2.33212e-24 0
-9.8971e-17 -8.53124e-16 0
-3.89516e-18 -3.1168e-17 0
-37.4174 -13.6567 23.0742
-4.12167e-24 -1.70102e-22 0
1.97397 -12.7942 1.57108
3.54082e-33 1.81341e-33 0
-3.8443e-34 -9.15354e-33 0
-0.122597 -3.02881 -3.44886
2.72567e-20 2.21983e-19 0
-3.44987e-23 -1.48898e-21 0
0.000191312 -27.6315 31.5209
0.000324824 -27.8891 -4.90885
1.71534e-24 1.83725e-24 0
6.97962e-34 -1.22157e-32 0
7.97327e-35 -7.22081e-35 0
-3.83939e-30 -3.26808e-30 0
3.02318e-28 -2.3018e-28 0
-2.98055 -22.5025 -0.973679
-5.63601e-31 -2.55373e-29 0
3.71556e-27 -1.03402e-27 0
4.88635e-05 -2.78579e-05 12.4252
3.9472e-05 -2.08017e-05 33.7168
0.000111888 -4.43303e-05 13.2282
-21.7166 -2.33907 -0.42061
-1.96289e-20 -2.43036e-21 0
-18.8004 8.51436 15.1081
3.51917e-19 3.38706e-20 0
-2.44092e-22 4.97163e-22 0
1.7487e-34 7.42485e-35 0
-3.37002 10.2528 5.05138
3.18938e-31 2.51074e-30 0
-1.54982e-32 1.20262e-31 0
-1.03401 30.6466 8.53401
1.0926e-24 2.02206e-20 0
1.36411e-30 1.8853e-30 0
51.4632 1.54867 -0.395176
-6.54939 -5.54991 4.21387
-4.36275 6.15441 -7.25829
-5.70928e-32 -9.22957e-33 0
-14.0946 27.9048 3.07988
-2.9967 -8.39412 -7.01079
-1.37186e-19 -1.75181e-18 0
1.62418e-26 1.39839e-26 0
-0.787025 -24.3528 17.842
-0.394008 -23.5059 -7.40161
-8.63422 5.06361 -10.0061
-1.85673 -36.0347 8.28021
-7.35795 15.3442 -6.60333
2.46587e-25 -2.98023e-25 0
-11.3222 6.74855 -0.944132
5.09922e-34 -4.42761e-34 0
-5.59737e-22 -2.42032e-20 0
-1.20928e-26 -5.22894e-25 0
2.53677e-05 -2.70184e-07 12.4266
3.66765e-05 -5.25161e-09 33.7394
0.000156079 -4.04331e-07 13.2479
2.94902 -9.89642 11.7745
-3.70391e-25 -2.95514e-24 0
-10.4501 -4.89674 -0.891324
-47.5869 12.4049 25.0253
-13.1955 -2.2331 25.6408
43.7962 -33.5066 11.5641
8.64424 -7.9072 22.1101
2.04662 -2.35793 3.43799
-5.5758e-34 -2.44349e-32 0
-1.49592 15.9848 17.7971
-1.51196 12.6689 10.9919
-3.22644e-14 2.63661e-14 0
-20.0958 1.14289 10.4784
-6.85263e-33 -4.8646e-32 0
-3.18992e-26 3.16741e-26 0
-16.1762 30.0745 8.02822
-6.44125e-30 -7.66381e-29 0
1.40159e-28 1.34428e-27 0
1.87089e-23 2.56157e-22 0
6.61497e-27 1.2174e-25 0
-0.79372 -24.4746 18.2236
0.265058 -3.56598 8.19547
-17.1952 -12.9543 -1.65774
2.54961e-16 2.1951e-16 0
-31.1917 10.1001 -4.73363
4.28656e-27 7.85356e-28 0
-4.47418e-30 -1.85617e-28 0
-9.27421e-33 -4.04498e-32 0
5.3129 -42.8888 -3.48708
1.02134e-12 1.58028e-11 0
0.000238624 -2.17439e-06 12.4255
7.52123e-05 1.36959e-05 33.7171
0.000380385 4.17261e-05 13.2286
-3.29382 4.34642 8.75514
2.56892e-30 -2.88163e-29 0
-12.1444 -10.8532 6.31468
9.65652e-19 1.494e-17 0
-12.1908 7.77716 -1.64315
-3.39469e-16 3.75485e-16 0
-2.63985 -15.0544 7.34455
9.02521e-16 9.66661e-16 0
-2.59824e-18 2.37175e-18 0
0.000190971 32.0801 28.8552
-0.231949 27.6779 -3.84702
-2.02491e-26 -1.9269e-26 0
-5.70727 -13.5097 -7.71521
-3.44395e-34 -1.15201e-34 0
-6.86416e-32 -1.04522e-31 0
8.10162e-14 4.67471e-14 0
-7.01146 -29.5904 1.6324
-16.7276 9.15978 4.11904
5.09447e-12 7.88243e-11 0
-1.26122e-27 2.79082e-26 0
12.2228 53.9148 31.8642
-2.32437e-34 4.67364e-33 0
-23.0806 42.0378 -9.28125
-24.6772 1.30255 17.8924
1.73857e-19 2.69e-18 0
-2.94149e-20 -8.4788e-21 0
60.0822 -16.1909 -8.5849
4.22476 -51.7075 9.69487
-1.50413 -0.883754 4.0888
1.46112e-25 -4.06627e-26 0
2.26953e-12 3.51155e-11 0
-63.2692 15.1556 -1.23406
24.4157 23.1611 -1.20555
-1.50331e-36 -1.67259e-34 0
-12.3826 6.51808 4.03917
-7.68572e-28 -3.32535e-26 0
4.61782 -45.8584 -6.38757
-8.42954e-32 -2.22877e-31 0
-3.80221e-30 -5.12516e-29 0
-4.46673e-27 -4.0328e-26 0
-2.32159e-23 -9.95785e-22 0
1.7638e-29 4.14958e-30 0
36.7321 -31.8417 46.9806
2.83161e-08 4.38122e-07 0
4.02996e-34 1.31812e-33 0
3.40021e-34 -4.08204e-34 0
24.7298 -30.6556 7.76433
-6.00543 -8.35103 35.4096
5.64012 -15.8449 -0.722545
53.6545 24.332 0.0764643
2.43715e-13 3.77017e-12 0
-18.1418 -37.4111 -4.91334
33.7835 7.28718 -0.700328
32.0965 -1.05164e-05 28.8428
28.0768 0.000269946 -2.97915
-8.34555e-27 9.49171e-28 0
0.284627 -0.622531 12.7064
33.9526 16.5983 4.22183
1.86599e-09 1.10814e-09 0
-4.48771 -8.82561 16.6469
7.26919 2.87888 -2.84838
2.13246e-12 3.29469e-11 0
-23.2662 17.1465 -4.6468
4.44274e-16 4.75848e-16 0
5.80558e-37 1.07292e-36 0
-38.3482 46.4746 -3.52878
-35.942 27.3083 -3.53425
6.76925e-26 -1.43255e-26 0
-31.8437 -3.46591 -6.02751
-27.5156 16.0158 6.16304
10.8039 -56.5127 -2.93394
-10.9742 -10.4672 6.04826
9.03096e-24 -2.5133e-24 0
-2.58866e-22 -1.863e-22 0
15.2411 -27.3191 11.8076
6.94072e-34 -7.62413e-34 0
-52.8818 81.6273 15.1985
-2.51437e-21 1.19409e-20 0
-7.88106e-24 2.81196e-24 0
1.38868e-34 -3.18569e-35 0
39.0976 -38.591 -1.31603
-18.1429 7.91526 -5.30709
-9.62826e-26 2.29337e-25 0
2.40039e-16 9.27449e-16 0
7.73938e-30 4.37422e-30 0
-1.15219e-26 -9.21947e-26 0
32.0704 2.10612e-06 28.8674
28.0833 0.00216172 -2.99756
-1.90668e-30 -6.53802e-32 0
-2.85821e-26 -2.26777e-25 0
3.54412e-35 -6.0763e-35 0
-10.4788 -1.33112 8.181
35.1853 -14.361 34.8952
-12.7446 -10.3516 -2.16372
4.42416e-33 7.09976e-33 0
-26.8054 34.1237 32.9689
-20.0614 -2.24904 9.0436
3.50283e-34 4.62527e-34 0
-1.65536e-07 3.13005e-07 0
-37.3329 -24.6734 -8.59504
8.33779e-34 5.15437e-34 0
6.85619e-28 6.97492e-28 0
-27.9785 -13.4729 0.58059
-14.1673 -11.0185 15.2926
5.11019e-06 0.000103774 0
-45.3921 7.29955 45.5676
-29.8639 9.80097 12.6218
1.74865e-15 1.87294e-15 0
-1.01118e-22 -4.37238e-21 0
-2.89498e-25 -2.19599e-24 0
-31.9641 6.5242 -0.69258
-7.35879e-31 9.86714e-33 0
1.65441e-16 1.77199e-16 0
-5.21132e-30 -2.14289e-29 0
-20.8827 -40.4504 -1.12248
1.0061e-13 1.3904e-13 0
-10.7063 -16.8026 -7.87793
41.0354 29.3259 2.29164
-1.44809e-14 -1.15872e-13 0
32.0965 1.2312e-05 28.8428
28.0829 0.00407604 -3.0027
-1.26559e-26 -2.09768e-27 0
5.8944 -36.7473 9.72818
0.00909411 -0.0155046 0
-1.12807e-28 2.29114e-28 0
-2.96809e-22 -2.37497e-21 0
8.00115e-22 2.08603e-20 0
-1.89382e-29 3.05319e-29 0
-2.09586e-31 1.71972e-31 0
8.67295e-22 1.33994e-20 0
-1.69573e-34 2.44533e-34 0
4.09704e-24 3.52738e-24 0
28.3562 32.8493 4.28688
4.29341e-31 4.08936e-31 0
3.9798e-32 -6.10784e-33 0
4.78453e-36 -1.14198e-36 0
9.24894 7.68934 22.8543
2.93767 20.4751 -2.10996
59.1991 7.6411 -2.73821
-7.24782 4.84391 -2.55759
4.5504e-25 4.86074e-25 0
-5.75088e-19 4.65625e-19 0
25.0126 -22.5164 -1.08098
-11.3446 -26.2561 4.88413
-6.37626e-36 5.85661e-34 0
-4.76849 -10.0044 -8.66845
3.60653e-20 3.86284e-20 0
-4.36893e-33 -6.31836e-33 0
1.7734e-31 -1.66867e-32 0
5.40461e-19 8.3623e-18 0
-4.10915e-26 -1.77681e-24 0
